barcode	oclr_score	oclr_score_raw	matched_in_csv	oclr_endpoint_label	is_oclr_success_endpoint	is_oclr_failure_endpoint	is_oclr_ambiguous_endpoint
GSM7230012_hCiPSCs-0618_AAACCCAAGTCCCAGC-1	0.70821506	0.6861769	1	ambiguous	0	0	1
GSM7230012_hCiPSCs-0618_AAACCCAAGTTTGTCG-1	0.4657939	0.4551199	1	ambiguous	0	0	1
GSM7230012_hCiPSCs-0618_AAACCCACAGCTACAT-1	0.64205134	0.62311476	1	ambiguous	0	0	1
GSM7230012_hCiPSCs-0618_AAACCCAGTCCTGTCT-1	0.68068653	0.6599388	1	ambiguous	0	0	1
GSM7230012_hCiPSCs-0618_AAACCCAGTTGTGGAG-1	0.3481498	0.34299073	1	ambiguous	0	0	1
GSM7230012_hCiPSCs-0618_AAACCCATCCAACCGG-1	0.6225693	0.604546	1	ambiguous	0	0	1
GSM7230012_hCiPSCs-0618_AAACCCATCGAACCAT-1	0.18988462	0.19214468	1	ambiguous	0	0	1
GSM7230012_hCiPSCs-0618_AAACCCATCTCTATAC-1	0.72933763	0.70630926	1	ambiguous	0	0	1
GSM7230012_hCiPSCs-0618_AAACCCATCTCTCAAT-1	0.12915124	0.13425836	1	ambiguous	0	0	1
GSM7230012_hCiPSCs-0618_AAACCCATCTTGTGCC-1	0.83641666	0.8083686	1	success	1	0	0
GSM7230012_hCiPSCs-0618_AAACGAAAGTAGTGCG-1	0.7003599	0.6786899	1	ambiguous	0	0	1
GSM7230012_hCiPSCs-0618_AAACGAACACTCCACT-1	0.83083314	0.8030469	1	success	1	0	0
GSM7230012_hCiPSCs-0618_AAACGAACAGCGTGCT-1	0.0742855	0.08196461	1	failure	0	1	0
GSM7230012_hCiPSCs-0618_AAACGAACAGCTGGTC-1	0.26986164	0.26837254	1	ambiguous	0	0	1
GSM7230012_hCiPSCs-0618_AAACGAACATACAGCT-1	0.7964093	0.77023673	1	success	1	0	0
GSM7230012_hCiPSCs-0618_AAACGAATCAACTGGT-1	0.6559148	0.6363283	1	ambiguous	0	0	1
GSM7230012_hCiPSCs-0618_AAACGAATCGAGGCAA-1	0.6162281	0.59850204	1	ambiguous	0	0	1
GSM7230012_hCiPSCs-0618_AAACGCTAGAGTCACG-1	0.7299484	0.7068914	1	ambiguous	0	0	1
GSM7230012_hCiPSCs-0618_AAACGCTAGCAAGCCA-1	0.8922719	0.86160547	1	success	1	0	0
GSM7230012_hCiPSCs-0618_AAACGCTAGGCTTCCG-1	0.7831969	0.7576437	1	success	1	0	0
GSM7230012_hCiPSCs-0618_AAACGCTCAATAGTAG-1	0.07477866	0.082434654	1	failure	0	1	0
GSM7230012_hCiPSCs-0618_AAACGCTCAATCTCTT-1	0.12063638	0.12614265	1	ambiguous	0	0	1
GSM7230012_hCiPSCs-0618_AAACGCTCAATGAACA-1	0.5383142	0.5242406	1	ambiguous	0	0	1
GSM7230012_hCiPSCs-0618_AAACGCTCACCAATTG-1	0.59292036	0.5762869	1	ambiguous	0	0	1
GSM7230012_hCiPSCs-0618_AAACGCTCACGTCGGT-1	0.6120808	0.5945492	1	ambiguous	0	0	1
GSM7230012_hCiPSCs-0618_AAACGCTCACTTTATC-1	0.13430177	0.13916743	1	ambiguous	0	0	1
GSM7230012_hCiPSCs-0618_AAACGCTGTTAAAGTG-1	0.6148864	0.5972233	1	ambiguous	0	0	1
GSM7230012_hCiPSCs-0618_AAACGCTGTTAAGACA-1	0.6845447	0.66361606	1	ambiguous	0	0	1
GSM7230012_hCiPSCs-0618_AAACGCTGTTCTGAGT-1	0.77208334	0.7470511	1	success	1	0	0
GSM7230012_hCiPSCs-0618_AAACGCTTCCATTTCA-1	0.15330987	0.15728447	1	ambiguous	0	0	1
GSM7230012_hCiPSCs-0618_AAACGCTTCTATACTC-1	0.60662305	0.58934724	1	ambiguous	0	0	1
GSM7230012_hCiPSCs-0618_AAACGCTTCTGAATGC-1	0.80269456	0.7762273	1	success	1	0	0
GSM7230012_hCiPSCs-0618_AAACGCTTCTTCACAT-1	0.09090783	0.09780771	1	failure	0	1	0
GSM7230012_hCiPSCs-0618_AAAGAACAGGAAAGGT-1	0.63729745	0.6185837	1	ambiguous	0	0	1
GSM7230012_hCiPSCs-0618_AAAGAACAGTTCATCG-1	0.39763212	0.3901534	1	ambiguous	0	0	1
GSM7230012_hCiPSCs-0618_AAAGAACCACATGACT-1	0.5736412	0.5579115	1	ambiguous	0	0	1
GSM7230012_hCiPSCs-0618_AAAGAACGTATTGGCT-1	0.10403374	0.11031831	1	failure	0	1	0
GSM7230012_hCiPSCs-0618_AAAGAACGTCATGACT-1	0.20172852	0.20343336	1	ambiguous	0	0	1
GSM7230012_hCiPSCs-0618_AAAGAACGTGCAGGAT-1	0.1634289	0.16692916	1	ambiguous	0	0	1
GSM7230012_hCiPSCs-0618_AAAGAACGTTCGGCGT-1	0.5668956	0.5514822	1	ambiguous	0	0	1
GSM7230012_hCiPSCs-0618_AAAGAACTCAAGAGGC-1	0.1790659	0.18183312	1	ambiguous	0	0	1
GSM7230012_hCiPSCs-0618_AAAGAACTCTGCGGAC-1	0.09550486	0.10218925	1	failure	0	1	0
GSM7230012_hCiPSCs-0618_AAAGGATAGAAATCCA-1	0.15883234	0.16254807	1	ambiguous	0	0	1
GSM7230012_hCiPSCs-0618_AAAGGATAGCCAGAGT-1	0.5227445	0.5094007	1	ambiguous	0	0	1
GSM7230012_hCiPSCs-0618_AAAGGATAGCGTGTTT-1	0.16742846	0.17074122	1	ambiguous	0	0	1
GSM7230012_hCiPSCs-0618_AAAGGATAGTCGAAAT-1	0.6745747	0.6541135	1	ambiguous	0	0	1
GSM7230012_hCiPSCs-0618_AAAGGATCACCGTCTT-1	0.12565845	0.1309293	1	ambiguous	0	0	1
GSM7230012_hCiPSCs-0618_AAAGGATCATGTACGT-1	0.7551683	0.7309291	1	success	1	0	0
GSM7230012_hCiPSCs-0618_AAAGGATGTAACCCTA-1	0.19708678	0.19900922	1	ambiguous	0	0	1
GSM7230012_hCiPSCs-0618_AAAGGATGTCAATCTG-1	0.78419966	0.75859946	1	success	1	0	0
GSM7230012_hCiPSCs-0618_AAAGGATGTTGAAGTA-1	0.12450295	0.12982796	1	ambiguous	0	0	1
GSM7230012_hCiPSCs-0618_AAAGGATTCGAGGCAA-1	0.14978863	0.15392831	1	ambiguous	0	0	1
GSM7230012_hCiPSCs-0618_AAAGGGCAGAGTCGAC-1	0.57904434	0.56306136	1	ambiguous	0	0	1
GSM7230012_hCiPSCs-0618_AAAGGGCAGCAATTCC-1	0.14571397	0.15004465	1	ambiguous	0	0	1
GSM7230012_hCiPSCs-0618_AAAGGGCAGTCCCTAA-1	0.6401334	0.6212867	1	ambiguous	0	0	1
GSM7230012_hCiPSCs-0618_AAAGGGCAGTGAGCCA-1	0.11970942	0.12525915	1	ambiguous	0	0	1
GSM7230012_hCiPSCs-0618_AAAGGGCCACGCAGTC-1	0.5697055	0.5541603	1	ambiguous	0	0	1
GSM7230012_hCiPSCs-0618_AAAGGGCCACGTATAC-1	0.6706628	0.65038496	1	ambiguous	0	0	1
GSM7230012_hCiPSCs-0618_AAAGGGCCACTGTGTA-1	0.5493514	0.5347604	1	ambiguous	0	0	1
GSM7230012_hCiPSCs-0618_AAAGGGCCATAGGAGC-1	0.58321464	0.5670362	1	ambiguous	0	0	1
GSM7230012_hCiPSCs-0618_AAAGGGCGTCAGACGA-1	0.62272274	0.6046922	1	ambiguous	0	0	1
GSM7230012_hCiPSCs-0618_AAAGGGCGTTAGGAGC-1	0.63008344	0.6117079	1	ambiguous	0	0	1
GSM7230012_hCiPSCs-0618_AAAGGGCTCTGGGAGA-1	0.18679878	0.1892035	1	ambiguous	0	0	1
GSM7230012_hCiPSCs-0618_AAAGGTAAGGCAGGGA-1	0.14569974	0.15003109	1	ambiguous	0	0	1
GSM7230012_hCiPSCs-0618_AAAGGTACACTATCGA-1	0.14947943	0.15363361	1	ambiguous	0	0	1
GSM7230012_hCiPSCs-0618_AAAGGTACATGAAAGT-1	0.5738966	0.55815494	1	ambiguous	0	0	1
GSM7230012_hCiPSCs-0618_AAAGGTAGTGCTTCAA-1	0.11641608	0.122120194	1	ambiguous	0	0	1
GSM7230012_hCiPSCs-0618_AAAGGTATCAATGCAC-1	0.08468418	0.09187582	1	failure	0	1	0
GSM7230012_hCiPSCs-0618_AAAGGTATCGGACTTA-1	0.09839946	0.104948156	1	failure	0	1	0
GSM7230012_hCiPSCs-0618_AAAGGTATCGTGCTCT-1	0.7802709	0.7548548	1	success	1	0	0
GSM7230012_hCiPSCs-0618_AAAGGTATCTTACCAT-1	0.72443306	0.7016346	1	ambiguous	0	0	1
GSM7230012_hCiPSCs-0618_AAAGTCCAGATGAACT-1	0.6926472	0.6713388	1	ambiguous	0	0	1
GSM7230012_hCiPSCs-0618_AAAGTCCAGTCTTCCC-1	0.4213604	0.41276935	1	ambiguous	0	0	1
GSM7230012_hCiPSCs-0618_AAAGTCCCAGGCCCTA-1	0.88293135	0.8527028	1	success	1	0	0
GSM7230012_hCiPSCs-0618_AAAGTCCCAGGGTTGA-1	0.11653661	0.12223507	1	ambiguous	0	0	1
GSM7230012_hCiPSCs-0618_AAAGTCCGTCGGTGTC-1	0.16809866	0.17138	1	ambiguous	0	0	1
GSM7230012_hCiPSCs-0618_AAAGTCCGTCTACGTA-1	0.08181972	0.089145645	1	failure	0	1	0
GSM7230012_hCiPSCs-0618_AAAGTGAAGCCAGACA-1	0.14770214	0.15193963	1	ambiguous	0	0	1
GSM7230012_hCiPSCs-0618_AAAGTGACAACCAATC-1	0.7264827	0.7035881	1	ambiguous	0	0	1
GSM7230012_hCiPSCs-0618_AAAGTGAGTCTCCCTA-1	0.073700376	0.08140692	1	failure	0	1	0
GSM7230012_hCiPSCs-0618_AAAGTGAGTGTCCCTT-1	0.3942884	0.38696644	1	ambiguous	0	0	1
GSM7230012_hCiPSCs-0618_AAAGTGATCAATCAGC-1	0.70490545	0.6830224	1	ambiguous	0	0	1
GSM7230012_hCiPSCs-0618_AAAGTGATCATCGCTC-1	0.6492004	0.62992865	1	ambiguous	0	0	1
GSM7230012_hCiPSCs-0618_AAAGTGATCATTACCT-1	0.14159888	0.14612247	1	ambiguous	0	0	1
GSM7230012_hCiPSCs-0618_AAAGTGATCGTCAGAT-1	0.47576296	0.46462163	1	ambiguous	0	0	1
GSM7230012_hCiPSCs-0618_AAAGTGATCTTTCGAT-1	0.093210295	0.100002244	1	failure	0	1	0
GSM7230012_hCiPSCs-0618_AAATGGAAGGCCATAG-1	0.13123369	0.13624318	1	ambiguous	0	0	1
GSM7230012_hCiPSCs-0618_AAATGGACACGCGTCA-1	0.33304247	0.3285916	1	ambiguous	0	0	1
GSM7230012_hCiPSCs-0618_AAATGGACACTACTTT-1	0.43846962	0.4290765	1	ambiguous	0	0	1
GSM7230012_hCiPSCs-0618_AAATGGACAGTACTAC-1	0.1235436	0.1289136	1	ambiguous	0	0	1
GSM7230012_hCiPSCs-0618_AAATGGACATGCCATA-1	0.1105555	0.116534345	1	ambiguous	0	0	1
GSM7230012_hCiPSCs-0618_AAATGGACATGGTGGA-1	0.58233666	0.56619936	1	ambiguous	0	0	1
GSM7230012_hCiPSCs-0618_AAATGGAGTGAGGCAT-1	0.42759433	0.41871104	1	ambiguous	0	0	1
GSM7230012_hCiPSCs-0618_AAATGGAGTTAAGAAC-1	0.100154325	0.10662075	1	failure	0	1	0
GSM7230012_hCiPSCs-0618_AAATGGAGTTGGGAAC-1	0.71176934	0.68956447	1	ambiguous	0	0	1
GSM7230012_hCiPSCs-0618_AACAAAGAGCGTGAGT-1	0.60333294	0.5862114	1	ambiguous	0	0	1
GSM7230012_hCiPSCs-0618_AACAAAGAGCTGTTAC-1	0.19895688	0.20079164	1	ambiguous	0	0	1
GSM7230012_hCiPSCs-0618_AACAAAGCAAAGGCGT-1	0.7377265	0.71430486	1	ambiguous	0	0	1
GSM7230012_hCiPSCs-0618_AACAAAGCACTAGGCC-1	0.07013324	0.078007	1	failure	0	1	0
GSM7230012_hCiPSCs-0618_AACAAAGTCATGCCCT-1	0.7078278	0.6858077	1	ambiguous	0	0	1
GSM7230012_hCiPSCs-0618_AACAAAGTCCACACCT-1	0.7317921	0.7086486	1	ambiguous	0	0	1
GSM7230012_hCiPSCs-0618_AACAAAGTCCGTGCGA-1	0.70600796	0.6840732	1	ambiguous	0	0	1
GSM7230012_hCiPSCs-0618_AACAAAGTCCTACGGG-1	0.63730335	0.61858934	1	ambiguous	0	0	1
GSM7230012_hCiPSCs-0618_AACAACCCAAGGTCTT-1	0.94070196	0.9077652	1	success	1	0	0
GSM7230012_hCiPSCs-0618_AACAACCCACTATCGA-1	0.809676	0.7828815	1	success	1	0	0
GSM7230012_hCiPSCs-0618_AACAACCGTACCTAAC-1	0.7253899	0.70254654	1	ambiguous	0	0	1
GSM7230012_hCiPSCs-0618_AACAACCGTATGAAGT-1	0.11866249	0.1242613	1	ambiguous	0	0	1
GSM7230012_hCiPSCs-0618_AACAACCGTCATCCCT-1	0.1869117	0.18931113	1	ambiguous	0	0	1
GSM7230012_hCiPSCs-0618_AACAACCGTGACTATC-1	0.1769327	0.17979993	1	ambiguous	0	0	1
GSM7230012_hCiPSCs-0618_AACAACCTCAGAGCAG-1	0.13936844	0.1439966	1	ambiguous	0	0	1
GSM7230012_hCiPSCs-0618_AACAACCTCAGCACCG-1	0.3695761	0.3634126	1	ambiguous	0	0	1
GSM7230012_hCiPSCs-0618_AACAACCTCCATAGGT-1	0.70632976	0.68437994	1	ambiguous	0	0	1
GSM7230012_hCiPSCs-0618_AACAACCTCGATGCAT-1	0.22105731	0.22185606	1	ambiguous	0	0	1
GSM7230012_hCiPSCs-0618_AACAACCTCGCTAATG-1	0.73604715	0.71270424	1	ambiguous	0	0	1
GSM7230012_hCiPSCs-0618_AACAAGAAGGAGAGTA-1	0.332144	0.32773522	1	ambiguous	0	0	1
GSM7230012_hCiPSCs-0618_AACAAGACAACCGACC-1	0.6059508	0.5887065	1	ambiguous	0	0	1
GSM7230012_hCiPSCs-0618_AACAAGACATGTCGTA-1	0.5457649	0.531342	1	ambiguous	0	0	1
GSM7230012_hCiPSCs-0618_AACAAGAGTAGTCTTG-1	0.4715412	0.46059775	1	ambiguous	0	0	1
GSM7230012_hCiPSCs-0618_AACAAGAGTTTACGTG-1	0.0850206	0.09219647	1	failure	0	1	0
GSM7230012_hCiPSCs-0618_AACAAGAGTTTGACAC-1	0.6190852	0.6012252	1	ambiguous	0	0	1
GSM7230012_hCiPSCs-0618_AACAAGATCAACTGAC-1	0.16558838	0.1689874	1	ambiguous	0	0	1
GSM7230012_hCiPSCs-0618_AACAAGATCATAGAGA-1	0.09880554	0.1053352	1	failure	0	1	0
GSM7230012_hCiPSCs-0618_AACACACAGGTGGCTA-1	0.06581999	0.073895946	1	failure	0	1	0
GSM7230012_hCiPSCs-0618_AACACACCAAGAAACT-1	0.11073128	0.116701886	1	ambiguous	0	0	1
GSM7230012_hCiPSCs-0618_AACACACGTTCTCGTC-1	0.82541096	0.79787886	1	success	1	0	0
GSM7230012_hCiPSCs-0618_AACACACTCTGTGCGG-1	0.7007852	0.67909527	1	ambiguous	0	0	1
GSM7230012_hCiPSCs-0618_AACAGGGAGATGTTCC-1	0.64238375	0.62343156	1	ambiguous	0	0	1
GSM7230012_hCiPSCs-0618_AACAGGGAGCGCTGAA-1	0.53089535	0.51716954	1	ambiguous	0	0	1
GSM7230012_hCiPSCs-0618_AACAGGGCACTGTTCC-1	0.17564104	0.17856881	1	ambiguous	0	0	1
GSM7230012_hCiPSCs-0618_AACAGGGCAGACAAAT-1	0.15356432	0.157527	1	ambiguous	0	0	1
GSM7230012_hCiPSCs-0618_AACAGGGCAGCCGTCA-1	0.09630946	0.10295613	1	failure	0	1	0
GSM7230012_hCiPSCs-0618_AACAGGGGTCATTCCC-1	0.2322427	0.2325171	1	ambiguous	0	0	1
GSM7230012_hCiPSCs-0618_AACAGGGGTCTCACAA-1	0.07634456	0.08392714	1	failure	0	1	0
GSM7230012_hCiPSCs-0618_AACAGGGGTGGTCAAG-1	0.6597235	0.6399585	1	ambiguous	0	0	1
GSM7230012_hCiPSCs-0618_AACCAACAGATCACCT-1	0.77220714	0.7471691	1	success	1	0	0
GSM7230012_hCiPSCs-0618_AACCAACAGATGAACT-1	0.08442102	0.091625	1	failure	0	1	0
GSM7230012_hCiPSCs-0618_AACCAACAGCTAGAAT-1	0.4603225	0.44990498	1	ambiguous	0	0	1
GSM7230012_hCiPSCs-0618_AACCAACAGTTTGCTG-1	0.6375832	0.6188561	1	ambiguous	0	0	1
GSM7230012_hCiPSCs-0618_AACCAACCAAACCGGA-1	0.7089753	0.68690145	1	ambiguous	0	0	1
GSM7230012_hCiPSCs-0618_AACCAACCAAGATTGA-1	0.60417104	0.5870102	1	ambiguous	0	0	1
GSM7230012_hCiPSCs-0618_AACCAACCAATTTCTC-1	0.7860387	0.7603523	1	success	1	0	0
GSM7230012_hCiPSCs-0618_AACCAACCACAAACGG-1	0.785493	0.75983214	1	success	1	0	0
GSM7230012_hCiPSCs-0618_AACCAACCACCCGTAG-1	0.7266086	0.7037081	1	ambiguous	0	0	1
GSM7230012_hCiPSCs-0618_AACCAACCACTGGACC-1	0.82419485	0.79671973	1	success	1	0	0
GSM7230012_hCiPSCs-0618_AACCAACGTACGATTC-1	0.81341696	0.7864471	1	success	1	0	0
GSM7230012_hCiPSCs-0618_AACCAACGTCCAAATC-1	0.57538855	0.559577	1	ambiguous	0	0	1
GSM7230012_hCiPSCs-0618_AACCAACGTCTCTCTG-1	0.15687737	0.16068473	1	ambiguous	0	0	1
GSM7230012_hCiPSCs-0618_AACCAACGTGTATTGC-1	0.75744224	0.73309636	1	success	1	0	0
GSM7230012_hCiPSCs-0618_AACCAACTCAACGAGG-1	0.16643459	0.16979393	1	ambiguous	0	0	1
GSM7230012_hCiPSCs-0618_AACCAACTCGACGTCG-1	0.10243322	0.10879283	1	failure	0	1	0
GSM7230012_hCiPSCs-0618_AACCAACTCTCACCCA-1	0.1000907	0.10656011	1	failure	0	1	0
GSM7230012_hCiPSCs-0618_AACCACACATAGAATG-1	0.14290267	0.14736515	1	ambiguous	0	0	1
GSM7230012_hCiPSCs-0618_AACCACACATCGATGT-1	0.13432384	0.13918847	1	ambiguous	0	0	1
GSM7230012_hCiPSCs-0618_AACCACAGTATCATGC-1	0.11398511	0.119803175	1	ambiguous	0	0	1
GSM7230012_hCiPSCs-0618_AACCACATCATGGTAC-1	0.7732397	0.74815327	1	success	1	0	0
GSM7230012_hCiPSCs-0618_AACCACATCTAGGCCG-1	0.13293183	0.13786171	1	ambiguous	0	0	1
GSM7230012_hCiPSCs-0618_AACCATGAGGACTTCT-1	0.80380476	0.77728546	1	success	1	0	0
GSM7230012_hCiPSCs-0618_AACCATGCACCCTAAA-1	0.15522477	0.1591096	1	ambiguous	0	0	1
GSM7230012_hCiPSCs-0618_AACCATGCACGTATAC-1	0.56399554	0.54871804	1	ambiguous	0	0	1
GSM7230012_hCiPSCs-0618_AACCATGCATTACTCT-1	0.7503725	0.72635806	1	ambiguous	0	0	1
GSM7230012_hCiPSCs-0618_AACCATGGTTTGAAAG-1	0.5344964	0.52060175	1	ambiguous	0	0	1
GSM7230012_hCiPSCs-0618_AACCATGTCCACAGGC-1	0.8195996	0.7923399	1	success	1	0	0
GSM7230012_hCiPSCs-0618_AACCATGTCGCCTAGG-1	0.12074871	0.12624972	1	ambiguous	0	0	1
GSM7230012_hCiPSCs-0618_AACCATGTCTCAGTCC-1	0.7219934	0.6993093	1	ambiguous	0	0	1
GSM7230012_hCiPSCs-0618_AACCATGTCTCCAAGA-1	0.69563985	0.6741912	1	ambiguous	0	0	1
GSM7230012_hCiPSCs-0618_AACCATGTCTGCGAGC-1	0.64736485	0.6281792	1	ambiguous	0	0	1
GSM7230012_hCiPSCs-0618_AACCCAACAAGTGCAG-1	0.78650355	0.76079535	1	success	1	0	0
GSM7230012_hCiPSCs-0618_AACCCAACACAACGAG-1	0.5050568	0.49254224	1	ambiguous	0	0	1
GSM7230012_hCiPSCs-0618_AACCCAACAGCTCCTT-1	0.1840213	0.18655622	1	ambiguous	0	0	1
GSM7230012_hCiPSCs-0618_AACCCAAGTGACTATC-1	0.6605173	0.64071506	1	ambiguous	0	0	1
GSM7230012_hCiPSCs-0618_AACCCAATCAGCGCAC-1	0.715288	0.6929182	1	ambiguous	0	0	1
GSM7230012_hCiPSCs-0618_AACCCAATCGGCTTCT-1	0.1086421	0.11471064	1	ambiguous	0	0	1
GSM7230012_hCiPSCs-0618_AACCCAATCTCAACGA-1	0.1540974	0.15803508	1	ambiguous	0	0	1
GSM7230012_hCiPSCs-0618_AACCCAATCTGTTCAT-1	0.80102473	0.7746358	1	success	1	0	0
GSM7230012_hCiPSCs-0618_AACCTGAAGCTGCCTG-1	0.63147444	0.6130337	1	ambiguous	0	0	1
GSM7230012_hCiPSCs-0618_AACCTGAAGGTTCCGC-1	0.813424	0.7864538	1	success	1	0	0
GSM7230012_hCiPSCs-0618_AACCTGACAAGGATGC-1	0.62355185	0.6054825	1	ambiguous	0	0	1
GSM7230012_hCiPSCs-0618_AACCTGACACACACTA-1	0.78257173	0.7570478	1	success	1	0	0
GSM7230012_hCiPSCs-0618_AACCTGACATTGGCAT-1	0.39621934	0.38880685	1	ambiguous	0	0	1
GSM7230012_hCiPSCs-0618_AACCTGAGTACGGCAA-1	0.054585855	0.06318845	1	failure	0	1	0
GSM7230012_hCiPSCs-0618_AACCTGAGTCAGTCGC-1	0.64611524	0.6269881	1	ambiguous	0	0	1
GSM7230012_hCiPSCs-0618_AACCTGAGTTCTCTAT-1	0.70273876	0.68095726	1	ambiguous	0	0	1
GSM7230012_hCiPSCs-0618_AACCTGATCTGCATAG-1	0.10857694	0.114648536	1	ambiguous	0	0	1
GSM7230012_hCiPSCs-0618_AACCTTTAGCATGATA-1	0.6769636	0.6563904	1	ambiguous	0	0	1
GSM7230012_hCiPSCs-0618_AACCTTTAGTCGAAAT-1	0.82447475	0.7969865	1	success	1	0	0
GSM7230012_hCiPSCs-0618_AACCTTTCACATGAAA-1	0.0922696	0.09910565	1	failure	0	1	0
GSM7230012_hCiPSCs-0618_AACCTTTCAGCTCCTT-1	0.168539	0.17179969	1	ambiguous	0	0	1
GSM7230012_hCiPSCs-0618_AACCTTTCATGACACT-1	0.7891869	0.7633529	1	success	1	0	0
GSM7230012_hCiPSCs-0618_AACCTTTGTGACTCGC-1	0.5867861	0.5704402	1	ambiguous	0	0	1
GSM7230012_hCiPSCs-0618_AACCTTTGTGGTAACG-1	0.76906246	0.74417186	1	success	1	0	0
GSM7230012_hCiPSCs-0618_AACCTTTTCTCGCGTT-1	0.2677644	0.2663736	1	ambiguous	0	0	1
GSM7230012_hCiPSCs-0618_AACGAAAAGACATAAC-1	0.14423926	0.14863908	1	ambiguous	0	0	1
GSM7230012_hCiPSCs-0618_AACGAAAAGACGCAGT-1	0.6615844	0.6417321	1	ambiguous	0	0	1
GSM7230012_hCiPSCs-0618_AACGAAAAGATTGAGT-1	0.6486105	0.6293664	1	ambiguous	0	0	1
GSM7230012_hCiPSCs-0618_AACGAAAAGATTGCGG-1	0.096680194	0.10330948	1	failure	0	1	0
GSM7230012_hCiPSCs-0618_AACGAAACAATTGCCA-1	0.63071066	0.6123057	1	ambiguous	0	0	1
GSM7230012_hCiPSCs-0618_AACGAAACACCTCGTT-1	0.22471246	0.22533986	1	ambiguous	0	0	1
GSM7230012_hCiPSCs-0618_AACGAAACATAAGATG-1	0.1754684	0.17840426	1	ambiguous	0	0	1
GSM7230012_hCiPSCs-0618_AACGAAACATATGCGT-1	0.12534428	0.13062987	1	ambiguous	0	0	1
GSM7230012_hCiPSCs-0618_AACGAAAGTCCTATAG-1	0.47590026	0.4647525	1	ambiguous	0	0	1
GSM7230012_hCiPSCs-0618_AACGAAAGTCTACAAC-1	0.22614239	0.22670275	1	ambiguous	0	0	1
GSM7230012_hCiPSCs-0618_AACGAAAGTGGCTTGC-1	0.20533885	0.20687445	1	ambiguous	0	0	1
GSM7230012_hCiPSCs-0618_AACGAAATCAGCAATC-1	0.19167338	0.19384958	1	ambiguous	0	0	1
GSM7230012_hCiPSCs-0618_AACGAAATCCACAGCG-1	0.71093374	0.6887681	1	ambiguous	0	0	1
GSM7230012_hCiPSCs-0618_AACGAAATCCTACACC-1	0.592794	0.57616645	1	ambiguous	0	0	1
GSM7230012_hCiPSCs-0618_AACGGGAAGACGCATG-1	0.17791925	0.18074022	1	ambiguous	0	0	1
GSM7230012_hCiPSCs-0618_AACGGGAAGCACGTCC-1	0.61908203	0.60122216	1	ambiguous	0	0	1
GSM7230012_hCiPSCs-0618_AACGGGAAGCATAGGC-1	0.110542454	0.11652191	1	ambiguous	0	0	1
GSM7230012_hCiPSCs-0618_AACGGGACACAATGCT-1	0.097011544	0.1036253	1	failure	0	1	0
GSM7230012_hCiPSCs-0618_AACGGGACATAGGAGC-1	0.14477697	0.14915158	1	ambiguous	0	0	1
GSM7230012_hCiPSCs-0618_AACGGGACATCGGCCA-1	0.76439536	0.73972356	1	success	1	0	0
GSM7230012_hCiPSCs-0618_AACGGGAGTAATGCTC-1	0.53154737	0.517791	1	ambiguous	0	0	1
GSM7230012_hCiPSCs-0618_AACGGGAGTAGGAGTC-1	0.5913308	0.5747719	1	ambiguous	0	0	1
GSM7230012_hCiPSCs-0618_AACGGGAGTATGTCTG-1	0.66276824	0.6428605	1	ambiguous	0	0	1
GSM7230012_hCiPSCs-0618_AACGGGAGTTAATCGC-1	0.18247764	0.18508492	1	ambiguous	0	0	1
GSM7230012_hCiPSCs-0618_AACGGGAGTTGCCGAC-1	0.8284819	0.8008058	1	success	1	0	0
GSM7230012_hCiPSCs-0618_AACGGGAGTTTGATCG-1	0.162699	0.16623347	1	ambiguous	0	0	1
GSM7230012_hCiPSCs-0618_AACGGGATCATGCCCT-1	0.72760737	0.7046601	1	ambiguous	0	0	1
GSM7230012_hCiPSCs-0618_AACGGGATCATTGCGA-1	0.70587766	0.683949	1	ambiguous	0	0	1
GSM7230012_hCiPSCs-0618_AACGTCAAGCTACTAC-1	0.73300594	0.7098056	1	ambiguous	0	0	1
GSM7230012_hCiPSCs-0618_AACGTCAAGGAACGTC-1	0.48974538	0.47794858	1	ambiguous	0	0	1
GSM7230012_hCiPSCs-0618_AACGTCAAGTAGAGTT-1	0.1454021	0.14974742	1	ambiguous	0	0	1
GSM7230012_hCiPSCs-0618_AACGTCACACATATCG-1	0.4391691	0.42974323	1	ambiguous	0	0	1
GSM7230012_hCiPSCs-0618_AACGTCACACATTGTG-1	0.83061475	0.8028387	1	success	1	0	0
GSM7230012_hCiPSCs-0618_AACGTCACACGAAAGC-1	0.14620711	0.15051468	1	ambiguous	0	0	1
GSM7230012_hCiPSCs-0618_AACGTCACAGAGGTTG-1	0.14208381	0.14658467	1	ambiguous	0	0	1
GSM7230012_hCiPSCs-0618_AACGTCACAGTCGCAC-1	0.7004089	0.67873657	1	ambiguous	0	0	1
GSM7230012_hCiPSCs-0618_AACGTCACATCCAATG-1	0.7069913	0.6850105	1	ambiguous	0	0	1
GSM7230012_hCiPSCs-0618_AACGTCAGTAATGCGG-1	0.11999133	0.12552784	1	ambiguous	0	0	1
GSM7230012_hCiPSCs-0618_AACGTCAGTAGCTTAC-1	0.5819402	0.56582147	1	ambiguous	0	0	1
GSM7230012_hCiPSCs-0618_AACGTCAGTAGTACGG-1	0.10198842	0.10836887	1	failure	0	1	0
GSM7230012_hCiPSCs-0618_AACGTCAGTTATCTGG-1	0.55157983	0.53688437	1	ambiguous	0	0	1
GSM7230012_hCiPSCs-0618_AACGTCATCTCCTACG-1	0.75451535	0.7303067	1	success	1	0	0
GSM7230012_hCiPSCs-0618_AACTTCTAGCTTCTAG-1	0.18338716	0.18595181	1	ambiguous	0	0	1
GSM7230012_hCiPSCs-0618_AACTTCTAGGGCAAGG-1	0.73047906	0.70739716	1	ambiguous	0	0	1
GSM7230012_hCiPSCs-0618_AACTTCTCAAGGCGTA-1	0.57840747	0.56245434	1	ambiguous	0	0	1
GSM7230012_hCiPSCs-0618_AACTTCTCAGCACACC-1	0.14830786	0.15251696	1	ambiguous	0	0	1
GSM7230012_hCiPSCs-0618_AACTTCTTCCTGCCAT-1	0.1229577	0.12835516	1	ambiguous	0	0	1
GSM7230012_hCiPSCs-0618_AACTTCTTCGGCTTGG-1	0.59707767	0.5802493	1	ambiguous	0	0	1
GSM7230012_hCiPSCs-0618_AAGAACAAGCCTCATA-1	0.35779178	0.3521807	1	ambiguous	0	0	1
GSM7230012_hCiPSCs-0618_AAGAACAAGCGTGAAC-1	0.08768515	0.094736114	1	failure	0	1	0
GSM7230012_hCiPSCs-0618_AAGAACAAGGAGGTTC-1	0.663535	0.6435913	1	ambiguous	0	0	1
GSM7230012_hCiPSCs-0618_AAGAACAAGTAAACAC-1	0.66138947	0.64154637	1	ambiguous	0	0	1
GSM7230012_hCiPSCs-0618_AAGAACACAAGCTGCC-1	0.69191885	0.6706446	1	ambiguous	0	0	1
GSM7230012_hCiPSCs-0618_AAGAACACAGCGAGTA-1	0.0867113	0.09380791	1	failure	0	1	0
GSM7230012_hCiPSCs-0618_AAGAACACAGTCTGGC-1	0.3446904	0.3396935	1	ambiguous	0	0	1
GSM7230012_hCiPSCs-0618_AAGAACACATGCCGAC-1	0.73120683	0.70809084	1	ambiguous	0	0	1
GSM7230012_hCiPSCs-0618_AAGAACAGTGTACAGG-1	0.17206469	0.17516011	1	ambiguous	0	0	1
GSM7230012_hCiPSCs-0618_AAGAACAGTGTCATGT-1	0.6872663	0.6662101	1	ambiguous	0	0	1
GSM7230012_hCiPSCs-0618_AAGAACATCTGTCTCG-1	0.64920884	0.62993675	1	ambiguous	0	0	1
GSM7230012_hCiPSCs-0618_AAGACAAAGCAGCCTC-1	0.7388079	0.71533555	1	ambiguous	0	0	1
GSM7230012_hCiPSCs-0618_AAGACAAAGTTTGGCT-1	0.5730846	0.55738103	1	ambiguous	0	0	1
GSM7230012_hCiPSCs-0618_AAGACAACAGGCAATG-1	0.17029405	0.17347246	1	ambiguous	0	0	1
GSM7230012_hCiPSCs-0618_AAGACAATCCATTTAC-1	0.75455374	0.7303433	1	success	1	0	0
GSM7230012_hCiPSCs-0618_AAGACAATCCTAACAG-1	0.8597078	0.8305679	1	success	1	0	0
GSM7230012_hCiPSCs-0618_AAGACAATCTGATGGT-1	0.5628581	0.54763395	1	ambiguous	0	0	1
GSM7230012_hCiPSCs-0618_AAGACTCAGCCGAACA-1	0.5708548	0.5552558	1	ambiguous	0	0	1
GSM7230012_hCiPSCs-0618_AAGACTCAGCGCACAA-1	0.670556	0.65028316	1	ambiguous	0	0	1
GSM7230012_hCiPSCs-0618_AAGACTCCAGTTGGTT-1	0.14152129	0.14604852	1	ambiguous	0	0	1
GSM7230012_hCiPSCs-0618_AAGACTCCATTGGCAT-1	0.5456449	0.5312276	1	ambiguous	0	0	1
GSM7230012_hCiPSCs-0618_AAGACTCTCAAGCTTG-1	0.7733824	0.74828935	1	success	1	0	0
GSM7230012_hCiPSCs-0618_AAGACTCTCGGCTTGG-1	0.67160654	0.65128446	1	ambiguous	0	0	1
GSM7230012_hCiPSCs-0618_AAGACTCTCTTGCAGA-1	0.115511976	0.121258475	1	ambiguous	0	0	1
GSM7230012_hCiPSCs-0618_AAGATAGAGAGAGGTA-1	0.5368046	0.5228018	1	ambiguous	0	0	1
GSM7230012_hCiPSCs-0618_AAGATAGAGCAGGCAT-1	0.16485377	0.16828722	1	ambiguous	0	0	1
GSM7230012_hCiPSCs-0618_AAGATAGAGTATTCCG-1	0.11177452	0.117696226	1	ambiguous	0	0	1
GSM7230012_hCiPSCs-0618_AAGATAGCAGAGGACT-1	0.7678446	0.7430111	1	success	1	0	0
GSM7230012_hCiPSCs-0618_AAGATAGGTATGGTAA-1	0.20991167	0.2112329	1	ambiguous	0	0	1
GSM7230012_hCiPSCs-0618_AAGATAGTCGTTACCC-1	0.6994301	0.67780375	1	ambiguous	0	0	1
GSM7230012_hCiPSCs-0618_AAGCATCAGCTGACTT-1	0.5103982	0.49763325	1	ambiguous	0	0	1
GSM7230012_hCiPSCs-0618_AAGCATCAGGAGAATG-1	0.5085655	0.49588642	1	ambiguous	0	0	1
GSM7230012_hCiPSCs-0618_AAGCATCAGGGCAATC-1	0.17469311	0.17766532	1	ambiguous	0	0	1
GSM7230012_hCiPSCs-0618_AAGCATCAGTAGGAAG-1	0.6112047	0.5937141	1	ambiguous	0	0	1
GSM7230012_hCiPSCs-0618_AAGCATCAGTGATAGT-1	0.46489382	0.454262	1	ambiguous	0	0	1
GSM7230012_hCiPSCs-0618_AAGCATCAGTTTGGCT-1	0.07650998	0.08408481	1	failure	0	1	0
GSM7230012_hCiPSCs-0618_AAGCATCGTCAAGCCC-1	0.6320211	0.6135547	1	ambiguous	0	0	1
GSM7230012_hCiPSCs-0618_AAGCATCTCAGACCTA-1	0.91220653	0.8806056	1	success	1	0	0
GSM7230012_hCiPSCs-0618_AAGCATCTCCCGAAAT-1	0.83141124	0.8035978	1	success	1	0	0
GSM7230012_hCiPSCs-0618_AAGCCATAGCAGGCTA-1	0.7380978	0.71465874	1	ambiguous	0	0	1
GSM7230012_hCiPSCs-0618_AAGCCATAGCGTCAGA-1	0.41289166	0.4046976	1	ambiguous	0	0	1
GSM7230012_hCiPSCs-0618_AAGCCATAGGGAGAAT-1	0.42406115	0.4153435	1	ambiguous	0	0	1
GSM7230012_hCiPSCs-0618_AAGCCATAGTGCACCC-1	0.67384684	0.65341973	1	ambiguous	0	0	1
GSM7230012_hCiPSCs-0618_AAGCCATCAACGATTC-1	0.7978926	0.7716505	1	success	1	0	0
GSM7230012_hCiPSCs-0618_AAGCCATCAGTAACAA-1	0.67613316	0.6555989	1	ambiguous	0	0	1
GSM7230012_hCiPSCs-0618_AAGCCATCAGTGGGTA-1	0.7391295	0.7156421	1	ambiguous	0	0	1
GSM7230012_hCiPSCs-0618_AAGCCATGTAGCGTAG-1	0.11038129	0.1163683	1	ambiguous	0	0	1
GSM7230012_hCiPSCs-0618_AAGCCATGTATTCTCT-1	0.20481339	0.20637362	1	ambiguous	0	0	1
GSM7230012_hCiPSCs-0618_AAGCCATGTGAGTGAC-1	0.10731707	0.113447726	1	failure	0	1	0
GSM7230012_hCiPSCs-0618_AAGCCATGTTCTTAGG-1	0.56141984	0.5462631	1	ambiguous	0	0	1
GSM7230012_hCiPSCs-0618_AAGCCATTCAAACGAA-1	0.74910444	0.7251494	1	ambiguous	0	0	1
GSM7230012_hCiPSCs-0618_AAGCCATTCCTTCTAA-1	0.7020185	0.6802708	1	ambiguous	0	0	1
GSM7230012_hCiPSCs-0618_AAGCCATTCGTCACCT-1	0.72373354	0.70096785	1	ambiguous	0	0	1
GSM7230012_hCiPSCs-0618_AAGCGAGAGAAACTGT-1	0.5140037	0.5010697	1	ambiguous	0	0	1
GSM7230012_hCiPSCs-0618_AAGCGAGAGGTTGAGC-1	0.69349194	0.67214394	1	ambiguous	0	0	1
GSM7230012_hCiPSCs-0618_AAGCGAGCAGTTTCGA-1	0.6434894	0.6244854	1	ambiguous	0	0	1
GSM7230012_hCiPSCs-0618_AAGCGAGGTCGTTGCG-1	0.7082296	0.68619066	1	ambiguous	0	0	1
GSM7230012_hCiPSCs-0618_AAGCGAGGTCTACAAC-1	0.5272131	0.5136599	1	ambiguous	0	0	1
GSM7230012_hCiPSCs-0618_AAGCGAGGTTACGATC-1	0.5464617	0.53200614	1	ambiguous	0	0	1
GSM7230012_hCiPSCs-0618_AAGCGAGGTTGTTGAC-1	0.5608306	0.54570144	1	ambiguous	0	0	1
GSM7230012_hCiPSCs-0618_AAGCGAGTCCCGTGTT-1	0.52897894	0.51534295	1	ambiguous	0	0	1
GSM7230012_hCiPSCs-0618_AAGCGAGTCGAGTGAG-1	0.11330821	0.11915802	1	ambiguous	0	0	1
GSM7230012_hCiPSCs-0618_AAGCGTTAGCTGCCAC-1	0.3887222	0.38166118	1	ambiguous	0	0	1
GSM7230012_hCiPSCs-0618_AAGCGTTGTCAAACGG-1	0.5930827	0.57644165	1	ambiguous	0	0	1
GSM7230012_hCiPSCs-0618_AAGCGTTGTCCTTGTC-1	0.52881014	0.5151821	1	ambiguous	0	0	1
GSM7230012_hCiPSCs-0618_AAGCGTTTCCACGTAA-1	0.63947326	0.62065756	1	ambiguous	0	0	1
GSM7230012_hCiPSCs-0618_AAGGAATAGATGCAGC-1	0.87684876	0.84690535	1	success	1	0	0
GSM7230012_hCiPSCs-0618_AAGGAATAGGCTTCCG-1	0.10136281	0.10777259	1	failure	0	1	0
GSM7230012_hCiPSCs-0618_AAGGAATCAGTGCGCT-1	0.7264631	0.7035694	1	ambiguous	0	0	1
GSM7230012_hCiPSCs-0618_AAGGAATGTATAGGGC-1	0.14641656	0.15071431	1	ambiguous	0	0	1
GSM7230012_hCiPSCs-0618_AAGGAATGTCTTCATT-1	0.62649393	0.6082866	1	ambiguous	0	0	1
GSM7230012_hCiPSCs-0618_AAGGAATTCACTCTTA-1	0.15282401	0.15682139	1	ambiguous	0	0	1
GSM7230012_hCiPSCs-0618_AAGGTAAAGGATTTGA-1	0.20498501	0.20653719	1	ambiguous	0	0	1
GSM7230012_hCiPSCs-0618_AAGGTAAAGGTAGCAC-1	0.1392484	0.14388219	1	ambiguous	0	0	1
GSM7230012_hCiPSCs-0618_AAGGTAAGTACTTCCC-1	0.14091754	0.14547308	1	ambiguous	0	0	1
GSM7230012_hCiPSCs-0618_AAGGTAATCAAAGCCT-1	0.85463387	0.8257318	1	success	1	0	0
GSM7230012_hCiPSCs-0618_AAGGTAATCGCTATTT-1	0.77830935	0.75298524	1	success	1	0	0
GSM7230012_hCiPSCs-0618_AAGTACCAGAACTTCC-1	0.718709	0.69617885	1	ambiguous	0	0	1
GSM7230012_hCiPSCs-0618_AAGTACCAGCATGTTC-1	0.6716625	0.6513378	1	ambiguous	0	0	1
GSM7230012_hCiPSCs-0618_AAGTACCAGCGGTATG-1	0.15862057	0.16234621	1	ambiguous	0	0	1
GSM7230012_hCiPSCs-0618_AAGTACCAGGGCAGAG-1	0.55879885	0.54376495	1	ambiguous	0	0	1
GSM7230012_hCiPSCs-0618_AAGTACCAGGTCCAGA-1	0.6388114	0.6200267	1	ambiguous	0	0	1
GSM7230012_hCiPSCs-0618_AAGTACCAGTTCTCTT-1	0.13438872	0.13925031	1	ambiguous	0	0	1
GSM7230012_hCiPSCs-0618_AAGTACCCAGAGTGAC-1	0.17488064	0.17784406	1	ambiguous	0	0	1
GSM7230012_hCiPSCs-0618_AAGTACCCAGCTTTCC-1	0.16368903	0.1671771	1	ambiguous	0	0	1
GSM7230012_hCiPSCs-0618_AAGTACCCATCGCTCT-1	0.09613984	0.10279446	1	failure	0	1	0
GSM7230012_hCiPSCs-0618_AAGTACCCATGGGCAA-1	0.6581274	0.6384372	1	ambiguous	0	0	1
GSM7230012_hCiPSCs-0618_AAGTACCGTCAAACGG-1	0.5944721	0.5777659	1	ambiguous	0	0	1
GSM7230012_hCiPSCs-0618_AAGTACCGTTGGTACT-1	0.717992	0.6954955	1	ambiguous	0	0	1
GSM7230012_hCiPSCs-0618_AAGTACCTCTCCAAGA-1	0.39850274	0.39098322	1	ambiguous	0	0	1
GSM7230012_hCiPSCs-0618_AAGTCGTAGGGTAGCT-1	0.4736239	0.46258283	1	ambiguous	0	0	1
GSM7230012_hCiPSCs-0618_AAGTCGTAGGTAAACT-1	0.047501054	0.05643576	1	failure	0	1	0
GSM7230012_hCiPSCs-0618_AAGTCGTAGTATGGCG-1	0.67859	0.65794057	1	ambiguous	0	0	1
GSM7230012_hCiPSCs-0618_AAGTCGTCATAGCTGT-1	0.6494569	0.63017315	1	ambiguous	0	0	1
GSM7230012_hCiPSCs-0618_AAGTCGTGTGCCCACA-1	0.718404	0.69588816	1	ambiguous	0	0	1
GSM7230012_hCiPSCs-0618_AAGTCGTTCCTTACCG-1	0.57757354	0.5616595	1	ambiguous	0	0	1
GSM7230012_hCiPSCs-0618_AAGTCGTTCGGAGATG-1	0.58304596	0.56687546	1	ambiguous	0	0	1
GSM7230012_hCiPSCs-0618_AAGTCGTTCTTCTAAC-1	0.31121722	0.30778947	1	ambiguous	0	0	1
GSM7230012_hCiPSCs-0618_AAGTGAAAGGTTCTAC-1	0.1532913	0.15726677	1	ambiguous	0	0	1
GSM7230012_hCiPSCs-0618_AAGTGAACACCCTTGT-1	0.16320178	0.16671267	1	ambiguous	0	0	1
GSM7230012_hCiPSCs-0618_AAGTGAACACTGGCCA-1	0.6624443	0.6425517	1	ambiguous	0	0	1
GSM7230012_hCiPSCs-0618_AAGTGAACATACGCAT-1	0.6268553	0.60863113	1	ambiguous	0	0	1
GSM7230012_hCiPSCs-0618_AAGTGAAGTATCGAGG-1	0.096109234	0.10276529	1	failure	0	1	0
GSM7230012_hCiPSCs-0618_AAGTGAAGTTCGTGCG-1	0.7668622	0.7420747	1	success	1	0	0
GSM7230012_hCiPSCs-0618_AAGTGAATCATCGTAG-1	0.2544694	0.25370184	1	ambiguous	0	0	1
GSM7230012_hCiPSCs-0618_AAGTGAATCATTCTTG-1	0.81667566	0.78955305	1	success	1	0	0
GSM7230012_hCiPSCs-0618_AAGTTCGAGAAGCTGC-1	0.741695	0.71808726	1	ambiguous	0	0	1
GSM7230012_hCiPSCs-0618_AAGTTCGAGACGCCCT-1	0.7741733	0.7490431	1	success	1	0	0
GSM7230012_hCiPSCs-0618_AAGTTCGAGGGAGGTG-1	0.7425696	0.71892095	1	ambiguous	0	0	1
GSM7230012_hCiPSCs-0618_AAGTTCGCACCTTCGT-1	0.68312746	0.6622653	1	ambiguous	0	0	1
GSM7230012_hCiPSCs-0618_AAGTTCGCAGGGAATC-1	0.65101385	0.6316571	1	ambiguous	0	0	1
GSM7230012_hCiPSCs-0618_AAGTTCGCATAATCGC-1	0.5880877	0.5716808	1	ambiguous	0	0	1
GSM7230012_hCiPSCs-0618_AAGTTCGCATGGCCAC-1	0.7687129	0.74383867	1	success	1	0	0
GSM7230012_hCiPSCs-0618_AAGTTCGGTCGTGTTA-1	0.14497876	0.14934391	1	ambiguous	0	0	1
GSM7230012_hCiPSCs-0618_AAGTTCGGTCTCGCGA-1	0.6224339	0.6044169	1	ambiguous	0	0	1
GSM7230012_hCiPSCs-0618_AAGTTCGGTTAACAGA-1	0.65797657	0.63829345	1	ambiguous	0	0	1
GSM7230012_hCiPSCs-0618_AAGTTCGTCCTAGAGT-1	0.47354266	0.46250543	1	ambiguous	0	0	1
GSM7230012_hCiPSCs-0618_AATAGAGAGGGATGTC-1	0.47556692	0.46443477	1	ambiguous	0	0	1
GSM7230012_hCiPSCs-0618_AATAGAGCACGCGTCA-1	0.67886937	0.6582068	1	ambiguous	0	0	1
GSM7230012_hCiPSCs-0618_AATAGAGCAGCGTACC-1	0.45325017	0.4431642	1	ambiguous	0	0	1
GSM7230012_hCiPSCs-0618_AATAGAGCAGCGTATT-1	0.66479206	0.6447894	1	ambiguous	0	0	1
GSM7230012_hCiPSCs-0618_AATAGAGTCAAGAAAC-1	0.60446995	0.5872951	1	ambiguous	0	0	1
GSM7230012_hCiPSCs-0618_AATAGAGTCAATCGGT-1	0.15151514	0.15557387	1	ambiguous	0	0	1
GSM7230012_hCiPSCs-0618_AATAGAGTCACCGGGT-1	0.15867487	0.16239798	1	ambiguous	0	0	1
GSM7230012_hCiPSCs-0618_AATAGAGTCCGAGATT-1	0.5311421	0.51740474	1	ambiguous	0	0	1
GSM7230012_hCiPSCs-0618_AATAGAGTCGTCCTTG-1	0.68884695	0.6677167	1	ambiguous	0	0	1
GSM7230012_hCiPSCs-0618_AATAGAGTCTTGCAAG-1	0.12713265	0.1323344	1	ambiguous	0	0	1
GSM7230012_hCiPSCs-0618_AATCACGAGTAAGGGA-1	0.123375185	0.12875307	1	ambiguous	0	0	1
GSM7230012_hCiPSCs-0618_AATCACGAGTCATGGG-1	0.073228665	0.080957316	1	failure	0	1	0
GSM7230012_hCiPSCs-0618_AATCACGCAGAGTTGG-1	0.14024492	0.14483199	1	ambiguous	0	0	1
GSM7230012_hCiPSCs-0618_AATCACGGTCTTCGAA-1	0.67135835	0.6510479	1	ambiguous	0	0	1
GSM7230012_hCiPSCs-0618_AATCACGTCATAGGCT-1	0.71781486	0.6953266	1	ambiguous	0	0	1
GSM7230012_hCiPSCs-0618_AATCACGTCTTACGGA-1	0.6569707	0.6373347	1	ambiguous	0	0	1
GSM7230012_hCiPSCs-0618_AATCGACAGACCTCCG-1	0.5426179	0.52834255	1	ambiguous	0	0	1
GSM7230012_hCiPSCs-0618_AATCGACAGCGTGAGT-1	0.1592256	0.16292289	1	ambiguous	0	0	1
GSM7230012_hCiPSCs-0618_AATCGACAGTCTACCA-1	0.7140182	0.69170797	1	ambiguous	0	0	1
GSM7230012_hCiPSCs-0618_AATCGACCAAGTGACG-1	0.15335558	0.15732804	1	ambiguous	0	0	1
GSM7230012_hCiPSCs-0618_AATCGACCACACCGAC-1	0.8550966	0.8261728	1	success	1	0	0
GSM7230012_hCiPSCs-0618_AATCGACGTTACGGAG-1	0.6116916	0.5941782	1	ambiguous	0	0	1
GSM7230012_hCiPSCs-0618_AATCGACTCCCGTAAA-1	0.1841544	0.18668309	1	ambiguous	0	0	1
GSM7230012_hCiPSCs-0618_AATCGACTCGAACTCA-1	0.6947959	0.67338675	1	ambiguous	0	0	1
GSM7230012_hCiPSCs-0618_AATCGACTCGGCATCG-1	0.09321872	0.100010276	1	failure	0	1	0
GSM7230012_hCiPSCs-0618_AATCGTGAGACTAAGT-1	0.8754787	0.8455995	1	success	1	0	0
GSM7230012_hCiPSCs-0618_AATCGTGAGAGCTTTC-1	0.5078425	0.49519736	1	ambiguous	0	0	1
GSM7230012_hCiPSCs-0618_AATCGTGAGATTGAGT-1	0.5940772	0.57738954	1	ambiguous	0	0	1
GSM7230012_hCiPSCs-0618_AATCGTGAGTAAGAGG-1	0.725954	0.70308423	1	ambiguous	0	0	1
GSM7230012_hCiPSCs-0618_AATCGTGAGTCGTCTA-1	0.112564445	0.118449114	1	ambiguous	0	0	1
GSM7230012_hCiPSCs-0618_AATCGTGCAACCAGAG-1	0.7111852	0.6890078	1	ambiguous	0	0	1
GSM7230012_hCiPSCs-0618_AATCGTGCAACCGACC-1	0.5309678	0.51723856	1	ambiguous	0	0	1
GSM7230012_hCiPSCs-0618_AATCGTGCACACCAGC-1	0.17832932	0.18113106	1	ambiguous	0	0	1
GSM7230012_hCiPSCs-0618_AATCGTGGTATACCCA-1	0.8057272	0.77911776	1	success	1	0	0
GSM7230012_hCiPSCs-0618_AATCGTGGTCATCACA-1	0.75309336	0.72895133	1	ambiguous	0	0	1
GSM7230012_hCiPSCs-0618_AATCGTGGTGACTGTT-1	0.6426588	0.62369376	1	ambiguous	0	0	1
GSM7230012_hCiPSCs-0618_AATCGTGGTTCAGCTA-1	0.12819286	0.1333449	1	ambiguous	0	0	1
GSM7230012_hCiPSCs-0618_AATCGTGTCACTCGAA-1	0.12905441	0.13416606	1	ambiguous	0	0	1
GSM7230012_hCiPSCs-0618_AATCGTGTCGTGTGGC-1	0.6512094	0.6318435	1	ambiguous	0	0	1
GSM7230012_hCiPSCs-0618_AATCGTGTCTTACTGT-1	0.65086585	0.63151604	1	ambiguous	0	0	1
GSM7230012_hCiPSCs-0618_AATGAAGAGCACCGAA-1	0.4339927	0.4248095	1	ambiguous	0	0	1
GSM7230012_hCiPSCs-0618_AATGAAGCAAGACTGG-1	0.71278965	0.69053704	1	ambiguous	0	0	1
GSM7230012_hCiPSCs-0618_AATGAAGCAATAGTCC-1	0.5583139	0.5433027	1	ambiguous	0	0	1
GSM7230012_hCiPSCs-0618_AATGAAGCATCGCTAA-1	0.14678206	0.15106267	1	ambiguous	0	0	1
GSM7230012_hCiPSCs-0618_AATGAAGCATGTTACG-1	0.7401541	0.7166186	1	ambiguous	0	0	1
GSM7230012_hCiPSCs-0618_AATGAAGGTCAAACGG-1	0.49339142	0.48142368	1	ambiguous	0	0	1
GSM7230012_hCiPSCs-0618_AATGAAGGTGCATGAG-1	0.8356546	0.8076423	1	success	1	0	0
GSM7230012_hCiPSCs-0618_AATGAAGGTTGCGGAA-1	0.15179531	0.15584092	1	ambiguous	0	0	1
GSM7230012_hCiPSCs-0618_AATGAAGTCAGAACCT-1	0.38483608	0.3779572	1	ambiguous	0	0	1
GSM7230012_hCiPSCs-0618_AATGAAGTCCGTGTGG-1	0.62335545	0.6052953	1	ambiguous	0	0	1
GSM7230012_hCiPSCs-0618_AATGAAGTCGAGTTGT-1	0.555301	0.5404311	1	ambiguous	0	0	1
GSM7230012_hCiPSCs-0618_AATGACCAGCTCCCTT-1	0.13973509	0.14434606	1	ambiguous	0	0	1
GSM7230012_hCiPSCs-0618_AATGACCAGGCATCGA-1	0.15635224	0.16018423	1	ambiguous	0	0	1
GSM7230012_hCiPSCs-0618_AATGACCAGTATTAGG-1	0.51838535	0.505246	1	ambiguous	0	0	1
GSM7230012_hCiPSCs-0618_AATGACCCAAATCAAG-1	0.81934965	0.7921017	1	success	1	0	0
GSM7230012_hCiPSCs-0618_AATGACCCAGAGGCAT-1	0.06769447	0.07568255	1	failure	0	1	0
GSM7230012_hCiPSCs-0618_AATGACCGTAGAATAC-1	0.33635888	0.3317525	1	ambiguous	0	0	1
GSM7230012_hCiPSCs-0618_AATGACCGTAGAATGT-1	0.86118424	0.83197516	1	success	1	0	0
GSM7230012_hCiPSCs-0618_AATGACCGTCGTACTA-1	0.06991622	0.07780015	1	failure	0	1	0
GSM7230012_hCiPSCs-0618_AATGACCGTTGTTTGG-1	0.06657363	0.07461425	1	failure	0	1	0
GSM7230012_hCiPSCs-0618_AATGACCTCCGTGCGA-1	0.1402173	0.14480565	1	ambiguous	0	0	1
GSM7230012_hCiPSCs-0618_AATGACCTCGTCTCAC-1	0.18329127	0.18586041	1	ambiguous	0	0	1
GSM7230012_hCiPSCs-0618_AATGCCAAGAAACTCA-1	0.5208692	0.50761336	1	ambiguous	0	0	1
GSM7230012_hCiPSCs-0618_AATGCCAAGGATTCCT-1	0.13767305	0.14238068	1	ambiguous	0	0	1
GSM7230012_hCiPSCs-0618_AATGCCAAGGCGCTCT-1	0.09977014	0.106254585	1	failure	0	1	0
GSM7230012_hCiPSCs-0618_AATGCCACAACCTATG-1	0.18239295	0.1850042	1	ambiguous	0	0	1
GSM7230012_hCiPSCs-0618_AATGCCACAGGTCCCA-1	0.66472435	0.6447249	1	ambiguous	0	0	1
GSM7230012_hCiPSCs-0618_AATGCCAGTAATGTGA-1	0.27354863	0.2718867	1	ambiguous	0	0	1
GSM7230012_hCiPSCs-0618_AATGCCAGTACCAATC-1	0.82476395	0.79726213	1	success	1	0	0
GSM7230012_hCiPSCs-0618_AATGCCAGTACCACGC-1	0.8005823	0.7742141	1	success	1	0	0
GSM7230012_hCiPSCs-0618_AATGCCAGTACCGCGT-1	0.80650884	0.7798628	1	success	1	0	0
GSM7230012_hCiPSCs-0618_AATGCCAGTCATAACC-1	0.13220493	0.1371689	1	ambiguous	0	0	1
GSM7230012_hCiPSCs-0618_AATGCCAGTGACACGA-1	0.56778276	0.55232775	1	ambiguous	0	0	1
GSM7230012_hCiPSCs-0618_AATGCCAGTTAAGCAA-1	0.73031795	0.70724356	1	ambiguous	0	0	1
GSM7230012_hCiPSCs-0618_AATGCCAGTTGCGGAA-1	0.20291227	0.20456162	1	ambiguous	0	0	1
GSM7230012_hCiPSCs-0618_AATGCCAGTTGTACGT-1	0.714645	0.6923054	1	ambiguous	0	0	1
GSM7230012_hCiPSCs-0618_AATGCCAGTTTAGAGA-1	0.76702744	0.7422322	1	success	1	0	0
GSM7230012_hCiPSCs-0618_AATGCCATCCGTGACG-1	0.8854145	0.8550695	1	success	1	0	0
GSM7230012_hCiPSCs-0618_AATGCCATCGGCATAT-1	0.47291428	0.4619065	1	ambiguous	0	0	1
GSM7230012_hCiPSCs-0618_AATGGAAAGACAGCTG-1	0.229181	0.22959894	1	ambiguous	0	0	1
GSM7230012_hCiPSCs-0618_AATGGAAAGAGGTTTA-1	0.7647239	0.74003667	1	success	1	0	0
GSM7230012_hCiPSCs-0618_AATGGAAAGCTCCGAC-1	0.16882186	0.1720693	1	ambiguous	0	0	1
GSM7230012_hCiPSCs-0618_AATGGAAAGGTATTGA-1	0.08283981	0.09011791	1	failure	0	1	0
GSM7230012_hCiPSCs-0618_AATGGAAAGTGCAAAT-1	0.17603566	0.17894492	1	ambiguous	0	0	1
GSM7230012_hCiPSCs-0618_AATGGAAAGTGCACAG-1	0.5898177	0.57332975	1	ambiguous	0	0	1
GSM7230012_hCiPSCs-0618_AATGGAACAGACCGCT-1	0.6510864	0.63172626	1	ambiguous	0	0	1
GSM7230012_hCiPSCs-0618_AATGGAACATCAACCA-1	0.29994768	0.2970482	1	ambiguous	0	0	1
GSM7230012_hCiPSCs-0618_AATGGAAGTATATGGA-1	0.08940918	0.096379325	1	failure	0	1	0
GSM7230012_hCiPSCs-0618_AATGGAAGTGGAAGTC-1	0.048404347	0.057296712	1	failure	0	1	0
GSM7230012_hCiPSCs-0618_AATGGAAGTGTGTGGA-1	0.691517	0.67026156	1	ambiguous	0	0	1
GSM7230012_hCiPSCs-0618_AATGGAATCATGCAGT-1	0.115686715	0.12142502	1	ambiguous	0	0	1
GSM7230012_hCiPSCs-0618_AATGGAATCCTTGGAA-1	0.07434866	0.082024805	1	failure	0	1	0
GSM7230012_hCiPSCs-0618_AATGGAATCGCTCTCA-1	0.6894095	0.6682528	1	ambiguous	0	0	1
GSM7230012_hCiPSCs-0618_AATGGAATCGCTGCGA-1	0.7072504	0.6852574	1	ambiguous	0	0	1
GSM7230012_hCiPSCs-0618_AATGGAATCTCGTTTA-1	0.10574144	0.11194596	1	failure	0	1	0
GSM7230012_hCiPSCs-0618_AATGGAATCTTCCCGA-1	0.49688604	0.4847545	1	ambiguous	0	0	1
GSM7230012_hCiPSCs-0618_AATGGCTAGCTCTTCC-1	0.7882044	0.7624164	1	success	1	0	0
GSM7230012_hCiPSCs-0618_AATGGCTAGGAAGTAG-1	0.55018824	0.535558	1	ambiguous	0	0	1
GSM7230012_hCiPSCs-0618_AATGGCTAGGACTAAT-1	0.09317002	0.09996386	1	failure	0	1	0
GSM7230012_hCiPSCs-0618_AATGGCTCAGCGTGCT-1	0.08146225	0.08880492	1	failure	0	1	0
GSM7230012_hCiPSCs-0618_AATGGCTGTGGTGATG-1	0.70364743	0.6818233	1	ambiguous	0	0	1
GSM7230012_hCiPSCs-0618_AATGGCTGTTAAGACA-1	0.1533707	0.15734245	1	ambiguous	0	0	1
GSM7230012_hCiPSCs-0618_AATGGCTGTTGGAGGT-1	0.07557417	0.08319287	1	failure	0	1	0
GSM7230012_hCiPSCs-0618_AATGGCTTCCAGCTCT-1	0.14722256	0.15148254	1	ambiguous	0	0	1
GSM7230012_hCiPSCs-0618_AATGGCTTCGTAGTCA-1	0.676931	0.6563593	1	ambiguous	0	0	1
GSM7230012_hCiPSCs-0618_AATTCCTAGATCCCAT-1	0.595164	0.5784254	1	ambiguous	0	0	1
GSM7230012_hCiPSCs-0618_AATTCCTCAAAGGGTC-1	0.6018761	0.58482283	1	ambiguous	0	0	1
GSM7230012_hCiPSCs-0618_AATTCCTCATGGCCCA-1	0.08736331	0.09442936	1	failure	0	1	0
GSM7230012_hCiPSCs-0618_AATTTCCAGAAGTCTA-1	0.647572	0.62837654	1	ambiguous	0	0	1
GSM7230012_hCiPSCs-0618_AATTTCCAGCCACAAG-1	0.47178152	0.46082684	1	ambiguous	0	0	1
GSM7230012_hCiPSCs-0618_AATTTCCAGCCTATCA-1	0.082628354	0.08991636	1	failure	0	1	0
GSM7230012_hCiPSCs-0618_AATTTCCCACGATAGG-1	0.5469586	0.53247976	1	ambiguous	0	0	1
GSM7230012_hCiPSCs-0618_AATTTCCCAGTTGTTG-1	0.524419	0.51099676	1	ambiguous	0	0	1
GSM7230012_hCiPSCs-0618_AATTTCCTCATTGTGG-1	0.76270115	0.73810875	1	success	1	0	0
GSM7230012_hCiPSCs-0618_AATTTCCTCCACGTCT-1	0.31304193	0.30952862	1	ambiguous	0	0	1
GSM7230012_hCiPSCs-0618_AATTTCCTCGCCACTT-1	0.73701906	0.7136306	1	ambiguous	0	0	1
GSM7230012_hCiPSCs-0618_AATTTCCTCGCTAATG-1	0.10631192	0.11248969	1	failure	0	1	0
GSM7230012_hCiPSCs-0618_ACAAAGAAGTCGCGAA-1	0.54208595	0.52783555	1	ambiguous	0	0	1
GSM7230012_hCiPSCs-0618_ACAAAGACAGTTAGGG-1	0.32154012	0.3176284	1	ambiguous	0	0	1
GSM7230012_hCiPSCs-0618_ACAAAGAGTGCTGTCG-1	0.5744983	0.55872846	1	ambiguous	0	0	1
GSM7230012_hCiPSCs-0618_ACAAAGATCTTGGTGA-1	0.5824181	0.56627697	1	ambiguous	0	0	1
GSM7230012_hCiPSCs-0618_ACAACCAAGACCATGG-1	0.65321803	0.633758	1	ambiguous	0	0	1
GSM7230012_hCiPSCs-0618_ACAACCACATGACTAC-1	0.15199453	0.15603079	1	ambiguous	0	0	1
GSM7230012_hCiPSCs-0618_ACAACCAGTACTGCGC-1	0.39656168	0.38913313	1	ambiguous	0	0	1
GSM7230012_hCiPSCs-0618_ACAACCAGTCAAGCCC-1	0.13788573	0.14258339	1	ambiguous	0	0	1
GSM7230012_hCiPSCs-0618_ACAACCATCCGTTGGG-1	0.69477063	0.6733626	1	ambiguous	0	0	1
GSM7230012_hCiPSCs-0618_ACAACCATCGAAGGAC-1	0.6380261	0.6192782	1	ambiguous	0	0	1
GSM7230012_hCiPSCs-0618_ACAAGCTAGAATAACC-1	0.7219251	0.6992442	1	ambiguous	0	0	1
GSM7230012_hCiPSCs-0618_ACAAGCTAGGGATCTG-1	0.74235696	0.71871823	1	ambiguous	0	0	1
GSM7230012_hCiPSCs-0618_ACAAGCTAGGTGGCTA-1	0.6539612	0.6344663	1	ambiguous	0	0	1
GSM7230012_hCiPSCs-0618_ACAAGCTCACATAACC-1	0.76772535	0.74289745	1	success	1	0	0
GSM7230012_hCiPSCs-0618_ACAAGCTGTATGGTAA-1	0.6924482	0.6711491	1	ambiguous	0	0	1
GSM7230012_hCiPSCs-0618_ACAAGCTGTGCTCCGA-1	0.60072184	0.58372265	1	ambiguous	0	0	1
GSM7230012_hCiPSCs-0618_ACAAGCTTCAAAGACA-1	0.10436368	0.110632785	1	failure	0	1	0
GSM7230012_hCiPSCs-0618_ACAAGCTTCACCGACG-1	0.2353744	0.23550199	1	ambiguous	0	0	1
GSM7230012_hCiPSCs-0618_ACAAGCTTCCACGTGG-1	0.72143817	0.69878006	1	ambiguous	0	0	1
GSM7230012_hCiPSCs-0618_ACAAGCTTCCTAGCTC-1	0.735175	0.71187294	1	ambiguous	0	0	1
GSM7230012_hCiPSCs-0618_ACAAGCTTCTAGCCAA-1	0.64487106	0.6258023	1	ambiguous	0	0	1
GSM7230012_hCiPSCs-0618_ACAAGCTTCTCCATAT-1	0.27378693	0.2721138	1	ambiguous	0	0	1
GSM7230012_hCiPSCs-0618_ACAAGCTTCTCCTGAC-1	0.0886733	0.095677935	1	failure	0	1	0
GSM7230012_hCiPSCs-0618_ACACAGTAGGTAGGCT-1	0.25529495	0.2544887	1	ambiguous	0	0	1
GSM7230012_hCiPSCs-0618_ACACAGTAGTTGCCTA-1	0.62877977	0.6104653	1	ambiguous	0	0	1
GSM7230012_hCiPSCs-0618_ACACAGTCACTAGGCC-1	0.8070169	0.7803471	1	success	1	0	0
GSM7230012_hCiPSCs-0618_ACACAGTCATTGAAGA-1	0.6649828	0.6449712	1	ambiguous	0	0	1
GSM7230012_hCiPSCs-0618_ACACAGTGTAAGTAGT-1	0.6059275	0.5886844	1	ambiguous	0	0	1
GSM7230012_hCiPSCs-0618_ACACAGTGTGTAGGAC-1	0.49360937	0.48163143	1	ambiguous	0	0	1
GSM7230012_hCiPSCs-0618_ACACAGTTCCGCACGA-1	0.7551445	0.7309063	1	success	1	0	0
GSM7230012_hCiPSCs-0618_ACACAGTTCTCATGGA-1	0.14996767	0.15409894	1	ambiguous	0	0	1
GSM7230012_hCiPSCs-0618_ACACAGTTCTGGGCCA-1	0.08745306	0.09451491	1	failure	0	1	0
GSM7230012_hCiPSCs-0618_ACACCAAAGACTTCGT-1	0.60633296	0.58907074	1	ambiguous	0	0	1
GSM7230012_hCiPSCs-0618_ACACCAAAGGAAGTAG-1	0.13725929	0.14198631	1	ambiguous	0	0	1
GSM7230012_hCiPSCs-0618_ACACCAAAGGCTGAAC-1	0.5876316	0.5712461	1	ambiguous	0	0	1
GSM7230012_hCiPSCs-0618_ACACCAACACTGATTG-1	0.29530346	0.2926217	1	ambiguous	0	0	1
GSM7230012_hCiPSCs-0618_ACACCAAGTCGTATGT-1	0.70137554	0.67965794	1	ambiguous	0	0	1
GSM7230012_hCiPSCs-0618_ACACCAATCCCATGGG-1	0.17173909	0.17484978	1	ambiguous	0	0	1
GSM7230012_hCiPSCs-0618_ACACCAATCTCATAGG-1	0.10251515	0.108870916	1	failure	0	1	0
GSM7230012_hCiPSCs-0618_ACACGCGAGCAGTCTT-1	0.64201325	0.6230784	1	ambiguous	0	0	1
GSM7230012_hCiPSCs-0618_ACACGCGAGCGCCATC-1	0.18706208	0.18945447	1	ambiguous	0	0	1
GSM7230012_hCiPSCs-0618_ACACGCGAGGAATTAC-1	0.9758324	0.94124883	1	success	1	0	0
GSM7230012_hCiPSCs-0618_ACACGCGCACTCCGAG-1	0.59323674	0.57658845	1	ambiguous	0	0	1
GSM7230012_hCiPSCs-0618_ACACGCGCAGAAATCA-1	0.12655427	0.13178311	1	ambiguous	0	0	1
GSM7230012_hCiPSCs-0618_ACACGCGTCAACGTGT-1	0.6204651	0.60254043	1	ambiguous	0	0	1
GSM7230012_hCiPSCs-0618_ACACGCGTCGACGATT-1	0.6169672	0.59920645	1	ambiguous	0	0	1
GSM7230012_hCiPSCs-0618_ACACGCGTCTGAGATC-1	0.24903686	0.248524	1	ambiguous	0	0	1
GSM7230012_hCiPSCs-0618_ACACTGAAGCCTGAGA-1	0.81464183	0.7876146	1	success	1	0	0
GSM7230012_hCiPSCs-0618_ACACTGAAGCGCTTCG-1	0.61731374	0.59953684	1	ambiguous	0	0	1
GSM7230012_hCiPSCs-0618_ACACTGAAGTATTCCG-1	0.16464227	0.16808565	1	ambiguous	0	0	1
GSM7230012_hCiPSCs-0618_ACACTGACATTGCCGG-1	0.4348118	0.42559016	1	ambiguous	0	0	1
GSM7230012_hCiPSCs-0618_ACACTGAGTACTGGGA-1	0.7089592	0.68688613	1	ambiguous	0	0	1
GSM7230012_hCiPSCs-0618_ACACTGAGTCCCGCAA-1	0.67606914	0.65553784	1	ambiguous	0	0	1
GSM7230012_hCiPSCs-0618_ACACTGATCAGCCCAG-1	0.8513961	0.82264584	1	success	1	0	0
GSM7230012_hCiPSCs-0618_ACACTGATCCCGAATA-1	0.6028058	0.585709	1	ambiguous	0	0	1
GSM7230012_hCiPSCs-0618_ACACTGATCCTCTTTC-1	0.67234296	0.65198636	1	ambiguous	0	0	1
GSM7230012_hCiPSCs-0618_ACACTGATCCTTCTAA-1	0.65719366	0.6375472	1	ambiguous	0	0	1
GSM7230012_hCiPSCs-0618_ACACTGATCGCTCTAC-1	0.16546172	0.16886668	1	ambiguous	0	0	1
GSM7230012_hCiPSCs-0618_ACACTGATCTAACGGT-1	0.70270795	0.6809279	1	ambiguous	0	0	1
GSM7230012_hCiPSCs-0618_ACAGAAAAGGAATTAC-1	0.624795	0.60666734	1	ambiguous	0	0	1
GSM7230012_hCiPSCs-0618_ACAGAAAAGGCACGAT-1	0.11560475	0.1213469	1	ambiguous	0	0	1
GSM7230012_hCiPSCs-0618_ACAGAAACACTCCTTG-1	0.7569684	0.73264474	1	success	1	0	0
GSM7230012_hCiPSCs-0618_ACAGAAACATATCTGG-1	0.093672946	0.10044321	1	failure	0	1	0
GSM7230012_hCiPSCs-0618_ACAGAAAGTATCTCGA-1	0.6119807	0.59445375	1	ambiguous	0	0	1
GSM7230012_hCiPSCs-0618_ACAGAAAGTCACAATC-1	0.7156888	0.69330025	1	ambiguous	0	0	1
GSM7230012_hCiPSCs-0618_ACAGAAAGTCTACATG-1	0.10937325	0.11540751	1	ambiguous	0	0	1
GSM7230012_hCiPSCs-0618_ACAGAAAGTGGCGCTT-1	0.088247225	0.09527183	1	failure	0	1	0
GSM7230012_hCiPSCs-0618_ACAGAAATCCGAGCTG-1	0.6655721	0.6455329	1	ambiguous	0	0	1
GSM7230012_hCiPSCs-0618_ACAGCCGAGACGGAAA-1	0.5779192	0.561989	1	ambiguous	0	0	1
GSM7230012_hCiPSCs-0618_ACAGCCGAGCGTGAAC-1	0.66126674	0.64142936	1	ambiguous	0	0	1
GSM7230012_hCiPSCs-0618_ACAGCCGAGCTTTCCC-1	0.76605415	0.7413046	1	success	1	0	0
GSM7230012_hCiPSCs-0618_ACAGCCGAGGAACTAT-1	0.71968263	0.69710684	1	ambiguous	0	0	1
GSM7230012_hCiPSCs-0618_ACAGCCGAGTTATGGA-1	0.09488326	0.10159679	1	failure	0	1	0
GSM7230012_hCiPSCs-0618_ACAGCCGCATGACAGG-1	0.9055859	0.87429535	1	success	1	0	0
GSM7230012_hCiPSCs-0618_ACAGCCGGTCACTCTC-1	0.18565522	0.18811356	1	ambiguous	0	0	1
GSM7230012_hCiPSCs-0618_ACAGCCGGTCCACGCA-1	0.61033237	0.5928827	1	ambiguous	0	0	1
GSM7230012_hCiPSCs-0618_ACAGCCGGTTACCTGA-1	0.8092078	0.78243524	1	success	1	0	0
GSM7230012_hCiPSCs-0618_ACAGCCGTCCGTATGA-1	0.64458996	0.62553436	1	ambiguous	0	0	1
GSM7230012_hCiPSCs-0618_ACAGCCGTCGACGTCG-1	0.39997336	0.3923849	1	ambiguous	0	0	1
GSM7230012_hCiPSCs-0618_ACAGCCGTCTCTGCCA-1	0.52056605	0.50732446	1	ambiguous	0	0	1
GSM7230012_hCiPSCs-0618_ACAGGGACAAGGCCTC-1	0.1112461	0.11719257	1	ambiguous	0	0	1
GSM7230012_hCiPSCs-0618_ACAGGGACAGACGCTC-1	0.7869337	0.7612053	1	success	1	0	0
GSM7230012_hCiPSCs-0618_ACAGGGAGTCTATGAC-1	0.76173127	0.73718435	1	success	1	0	0
GSM7230012_hCiPSCs-0618_ACAGGGAGTGATTAGA-1	0.5977239	0.5808653	1	ambiguous	0	0	1
GSM7230012_hCiPSCs-0618_ACAGGGAGTGGCTACC-1	0.701725	0.679991	1	ambiguous	0	0	1
GSM7230012_hCiPSCs-0618_ACATCCCAGATTAGAC-1	0.538836	0.5247379	1	ambiguous	0	0	1
GSM7230012_hCiPSCs-0618_ACATCCCAGCCGATAG-1	0.5948854	0.5781598	1	ambiguous	0	0	1
GSM7230012_hCiPSCs-0618_ACATCCCAGCTCGGCT-1	0.7080332	0.6860035	1	ambiguous	0	0	1
GSM7230012_hCiPSCs-0618_ACATCCCAGGGATCAC-1	0.6709345	0.65064394	1	ambiguous	0	0	1
GSM7230012_hCiPSCs-0618_ACATCCCAGGTTATAG-1	0.7339117	0.71066886	1	ambiguous	0	0	1
GSM7230012_hCiPSCs-0618_ACATCCCCAACGATTC-1	0.14631072	0.15061343	1	ambiguous	0	0	1
GSM7230012_hCiPSCs-0618_ACATCCCCACAGAGAC-1	0.8351452	0.80715674	1	success	1	0	0
GSM7230012_hCiPSCs-0618_ACATCCCCACAGTGAG-1	0.6463792	0.6272397	1	ambiguous	0	0	1
GSM7230012_hCiPSCs-0618_ACATCCCCACTTCCTG-1	0.81790715	0.7907268	1	success	1	0	0
GSM7230012_hCiPSCs-0618_ACATCCCGTTATTCTC-1	0.18540391	0.18787402	1	ambiguous	0	0	1
GSM7230012_hCiPSCs-0618_ACATCCCGTTGACTAC-1	0.5705505	0.55496573	1	ambiguous	0	0	1
GSM7230012_hCiPSCs-0618_ACATCCCGTTGGATCT-1	0.5778268	0.5619009	1	ambiguous	0	0	1
GSM7230012_hCiPSCs-0618_ACATCCCTCGTGCTCT-1	0.6653687	0.645339	1	ambiguous	0	0	1
GSM7230012_hCiPSCs-0618_ACATCCCTCTCATTAC-1	0.19114809	0.19334891	1	ambiguous	0	0	1
GSM7230012_hCiPSCs-0618_ACATCGAAGATAACGT-1	0.7008574	0.6791641	1	ambiguous	0	0	1
GSM7230012_hCiPSCs-0618_ACATCGAAGATAGTGT-1	0.13543268	0.14024533	1	ambiguous	0	0	1
GSM7230012_hCiPSCs-0618_ACATCGAAGCCGATCC-1	0.92540073	0.8931813	1	success	1	0	0
GSM7230012_hCiPSCs-0618_ACATCGAAGGATTTGA-1	0.43681985	0.4275041	1	ambiguous	0	0	1
GSM7230012_hCiPSCs-0618_ACATCGACAAGTATCC-1	0.66871643	0.6485298	1	ambiguous	0	0	1
GSM7230012_hCiPSCs-0618_ACATCGACATCGAACT-1	0.4640764	0.4534829	1	ambiguous	0	0	1
GSM7230012_hCiPSCs-0618_ACATCGAGTGCCGTTG-1	0.5591556	0.544105	1	ambiguous	0	0	1
GSM7230012_hCiPSCs-0618_ACATCGAGTGCGTGCT-1	0.6897844	0.6686102	1	ambiguous	0	0	1
GSM7230012_hCiPSCs-0618_ACATGCAAGAGTGTTA-1	0.17792377	0.18074453	1	ambiguous	0	0	1
GSM7230012_hCiPSCs-0618_ACATGCAAGCGCCCAT-1	0.8016212	0.7752043	1	success	1	0	0
GSM7230012_hCiPSCs-0618_ACATGCACAACTGAAA-1	0.7876212	0.7618606	1	success	1	0	0
GSM7230012_hCiPSCs-0618_ACATGCACAAGTATCC-1	0.2542802	0.25352153	1	ambiguous	0	0	1
GSM7230012_hCiPSCs-0618_ACATGCACACCTTCGT-1	0.16367204	0.1671609	1	ambiguous	0	0	1
GSM7230012_hCiPSCs-0618_ACATGCACATTGGATC-1	0.18235068	0.18496391	1	ambiguous	0	0	1
GSM7230012_hCiPSCs-0618_ACATGCAGTACGACTT-1	0.75349236	0.7293316	1	ambiguous	0	0	1
GSM7230012_hCiPSCs-0618_ACATGCAGTTGGTACT-1	0.7820527	0.7565531	1	success	1	0	0
GSM7230012_hCiPSCs-0618_ACATGCATCCAACCAA-1	0.7182178	0.69571066	1	ambiguous	0	0	1
GSM7230012_hCiPSCs-0618_ACATGCATCGACGCGT-1	0.58008	0.56404847	1	ambiguous	0	0	1
GSM7230012_hCiPSCs-0618_ACATGCATCTACCCAC-1	0.16567351	0.16906855	1	ambiguous	0	0	1
GSM7230012_hCiPSCs-0618_ACATTTCAGAGAGTGA-1	0.10051679	0.10696623	1	failure	0	1	0
GSM7230012_hCiPSCs-0618_ACATTTCAGCTCTATG-1	0.7192915	0.6967341	1	ambiguous	0	0	1
GSM7230012_hCiPSCs-0618_ACATTTCAGTTTGCTG-1	0.09228856	0.099123724	1	failure	0	1	0
GSM7230012_hCiPSCs-0618_ACATTTCCACAACCGC-1	0.6629277	0.64301246	1	ambiguous	0	0	1
GSM7230012_hCiPSCs-0618_ACATTTCCACATATGC-1	0.42313442	0.41446018	1	ambiguous	0	0	1
GSM7230012_hCiPSCs-0618_ACATTTCCACGAAGAC-1	0.4831806	0.47169155	1	ambiguous	0	0	1
GSM7230012_hCiPSCs-0618_ACATTTCCACTAGGTT-1	0.7194649	0.6968993	1	ambiguous	0	0	1
GSM7230012_hCiPSCs-0618_ACATTTCCAGAAGCTG-1	0.599996	0.5830308	1	ambiguous	0	0	1
GSM7230012_hCiPSCs-0618_ACATTTCCATTGGATC-1	0.08447328	0.09167481	1	failure	0	1	0
GSM7230012_hCiPSCs-0618_ACATTTCGTTTACTGG-1	0.025617445	0.035578012	1	failure	0	1	0
GSM7230012_hCiPSCs-0618_ACATTTCTCCATCCGT-1	0.758891	0.7344772	1	success	1	0	0
GSM7230012_hCiPSCs-0618_ACATTTCTCCTCAGAA-1	0.7199198	0.69733286	1	ambiguous	0	0	1
GSM7230012_hCiPSCs-0618_ACCAAACCAACCGCCA-1	0.69352216	0.6721727	1	ambiguous	0	0	1
GSM7230012_hCiPSCs-0618_ACCAAACCATAATCGC-1	0.80905426	0.7822889	1	success	1	0	0
GSM7230012_hCiPSCs-0618_ACCAAACGTAGGTAGC-1	0.7657776	0.74104095	1	success	1	0	0
GSM7230012_hCiPSCs-0618_ACCAAACGTCCCTGTT-1	0.6653043	0.6452777	1	ambiguous	0	0	1
GSM7230012_hCiPSCs-0618_ACCAAACGTCGCCACA-1	0.7110938	0.6889206	1	ambiguous	0	0	1
GSM7230012_hCiPSCs-0618_ACCAAACGTGGTCTCG-1	0.6772002	0.65661585	1	ambiguous	0	0	1
GSM7230012_hCiPSCs-0618_ACCAAACGTTCTATCT-1	0.5485001	0.533949	1	ambiguous	0	0	1
GSM7230012_hCiPSCs-0618_ACCAAACGTTGTAAAG-1	0.07922229	0.086669974	1	failure	0	1	0
GSM7230012_hCiPSCs-0618_ACCAAACTCCTAACAG-1	0.59850705	0.58161175	1	ambiguous	0	0	1
GSM7230012_hCiPSCs-0618_ACCAAACTCGGCCAAC-1	0.56517154	0.5498389	1	ambiguous	0	0	1
GSM7230012_hCiPSCs-0618_ACCAACAAGGTATCTC-1	0.40075397	0.3931289	1	ambiguous	0	0	1
GSM7230012_hCiPSCs-0618_ACCAACAAGTAAACAC-1	0.5718574	0.55621135	1	ambiguous	0	0	1
GSM7230012_hCiPSCs-0618_ACCAACACAAGAGCTG-1	0.11966122	0.1252132	1	ambiguous	0	0	1
GSM7230012_hCiPSCs-0618_ACCAACACAATGTTGC-1	0.48571688	0.47410893	1	ambiguous	0	0	1
GSM7230012_hCiPSCs-0618_ACCAACACACACCTTC-1	0.30994952	0.3065812	1	ambiguous	0	0	1
GSM7230012_hCiPSCs-0618_ACCAACACACCGTGCA-1	0.10075481	0.1071931	1	failure	0	1	0
GSM7230012_hCiPSCs-0618_ACCAACACACTGGACC-1	0.0867693	0.09386319	1	failure	0	1	0
GSM7230012_hCiPSCs-0618_ACCAACACAGCCGTCA-1	0.7247879	0.7019728	1	ambiguous	0	0	1
GSM7230012_hCiPSCs-0618_ACCAACACAGCGGTTC-1	0.20743181	0.2088693	1	ambiguous	0	0	1
GSM7230012_hCiPSCs-0618_ACCAACAGTAGAGCTG-1	0.6455765	0.6264747	1	ambiguous	0	0	1
GSM7230012_hCiPSCs-0618_ACCAACAGTCAGACTT-1	0.5668902	0.55147696	1	ambiguous	0	0	1
GSM7230012_hCiPSCs-0618_ACCAACAGTCTCGGAC-1	0.5545369	0.5397028	1	ambiguous	0	0	1
GSM7230012_hCiPSCs-0618_ACCAACAGTGCCGAAA-1	0.7830844	0.7575365	1	success	1	0	0
GSM7230012_hCiPSCs-0618_ACCAACAGTTGAGTCT-1	0.14164813	0.14616942	1	ambiguous	0	0	1
GSM7230012_hCiPSCs-0618_ACCAACAGTTGGCTAT-1	0.7515375	0.72746843	1	ambiguous	0	0	1
GSM7230012_hCiPSCs-0618_ACCAACAGTTTGAACC-1	0.1411246	0.14567043	1	ambiguous	0	0	1
GSM7230012_hCiPSCs-0618_ACCAACATCACTGTCC-1	0.7171623	0.69470465	1	ambiguous	0	0	1
GSM7230012_hCiPSCs-0618_ACCAACATCCATAGGT-1	0.5960035	0.5792255	1	ambiguous	0	0	1
GSM7230012_hCiPSCs-0618_ACCAACATCTTCGACC-1	0.8495707	0.820906	1	success	1	0	0
GSM7230012_hCiPSCs-0618_ACCACAAAGATGCCGA-1	0.40721887	0.39929077	1	ambiguous	0	0	1
GSM7230012_hCiPSCs-0618_ACCACAAAGTGTAGTA-1	0.24950375	0.24896897	1	ambiguous	0	0	1
GSM7230012_hCiPSCs-0618_ACCACAAAGTTGAATG-1	0.70563185	0.6837147	1	ambiguous	0	0	1
GSM7230012_hCiPSCs-0618_ACCACAACACAGTGAG-1	0.7497907	0.7258035	1	ambiguous	0	0	1
GSM7230012_hCiPSCs-0618_ACCACAACAGCTGCCA-1	0.15072767	0.15482333	1	ambiguous	0	0	1
GSM7230012_hCiPSCs-0618_ACCACAAGTCCCGCAA-1	0.20453621	0.20610943	1	ambiguous	0	0	1
GSM7230012_hCiPSCs-0618_ACCACAAGTGATGAAT-1	0.072141446	0.07992106	1	failure	0	1	0
GSM7230012_hCiPSCs-0618_ACCACAATCACCTACC-1	0.83743954	0.8093436	1	success	1	0	0
GSM7230012_hCiPSCs-0618_ACCACAATCCCGTTCA-1	0.10015006	0.1066167	1	failure	0	1	0
GSM7230012_hCiPSCs-0618_ACCACAATCGTTGTAG-1	0.6403866	0.621528	1	ambiguous	0	0	1
GSM7230012_hCiPSCs-0618_ACCACAATCTCCTGAC-1	0.6593075	0.63956195	1	ambiguous	0	0	1
GSM7230012_hCiPSCs-0618_ACCACAATCTTGCAGA-1	0.87746507	0.84749275	1	success	1	0	0
GSM7230012_hCiPSCs-0618_ACCACAATCTTTGCGC-1	0.5981436	0.58126533	1	ambiguous	0	0	1
GSM7230012_hCiPSCs-0618_ACCATTTCAAGAATGT-1	0.092640504	0.09945917	1	failure	0	1	0
GSM7230012_hCiPSCs-0618_ACCATTTCACACAGAG-1	0.65491045	0.635371	1	ambiguous	0	0	1
GSM7230012_hCiPSCs-0618_ACCATTTCAGATTTCG-1	0.67209005	0.6517453	1	ambiguous	0	0	1
GSM7230012_hCiPSCs-0618_ACCATTTGTGGCGCTT-1	0.1511481	0.15522404	1	ambiguous	0	0	1
GSM7230012_hCiPSCs-0618_ACCATTTTCACCACAA-1	0.9261233	0.89387	1	success	1	0	0
GSM7230012_hCiPSCs-0618_ACCATTTTCGCAGTCG-1	0.08258886	0.08987872	1	failure	0	1	0
GSM7230012_hCiPSCs-0618_ACCATTTTCGGTCGAC-1	0.09332582	0.10011236	1	failure	0	1	0
GSM7230012_hCiPSCs-0618_ACCATTTTCTGCGGGT-1	0.6436202	0.62461	1	ambiguous	0	0	1
GSM7230012_hCiPSCs-0618_ACCCAAAAGAGCCTGA-1	0.666195	0.64612657	1	ambiguous	0	0	1
GSM7230012_hCiPSCs-0618_ACCCAAAAGGCCTTCG-1	0.7170423	0.69459033	1	ambiguous	0	0	1
GSM7230012_hCiPSCs-0618_ACCCAAACAAAGACGC-1	0.12308248	0.12847409	1	ambiguous	0	0	1
GSM7230012_hCiPSCs-0618_ACCCAAAGTGAGACCA-1	0.72403634	0.70125645	1	ambiguous	0	0	1
GSM7230012_hCiPSCs-0618_ACCCAAAGTGAGAGGG-1	0.6565522	0.63693583	1	ambiguous	0	0	1
GSM7230012_hCiPSCs-0618_ACCCAAAGTTCTCCCA-1	0.8595792	0.83044535	1	success	1	0	0
GSM7230012_hCiPSCs-0618_ACCCTCAAGAGTCCGA-1	0.73024815	0.7071771	1	ambiguous	0	0	1
GSM7230012_hCiPSCs-0618_ACCCTCAAGCACTAAA-1	0.6410089	0.6221212	1	ambiguous	0	0	1
GSM7230012_hCiPSCs-0618_ACCCTCACATGACGAG-1	0.75305015	0.72891015	1	ambiguous	0	0	1
GSM7230012_hCiPSCs-0618_ACCCTCATCACGACTA-1	0.13102657	0.13604577	1	ambiguous	0	0	1
GSM7230012_hCiPSCs-0618_ACCCTCATCTTTACAC-1	0.5008055	0.48849025	1	ambiguous	0	0	1
GSM7230012_hCiPSCs-0618_ACCCTTGAGAAACCCG-1	0.6582571	0.63856083	1	ambiguous	0	0	1
GSM7230012_hCiPSCs-0618_ACCCTTGAGGACCCAA-1	0.12540743	0.13069004	1	ambiguous	0	0	1
GSM7230012_hCiPSCs-0618_ACCCTTGAGGCTAAAT-1	0.13360277	0.1385012	1	ambiguous	0	0	1
GSM7230012_hCiPSCs-0618_ACCCTTGAGTTGGGAC-1	0.62443554	0.60632473	1	ambiguous	0	0	1
GSM7230012_hCiPSCs-0618_ACCCTTGGTTACGGAG-1	0.6584881	0.638781	1	ambiguous	0	0	1
GSM7230012_hCiPSCs-0618_ACCCTTGGTTCGAAGG-1	0.41612515	0.4077795	1	ambiguous	0	0	1
GSM7230012_hCiPSCs-0618_ACCCTTGGTTGGGACA-1	0.12636915	0.13160668	1	ambiguous	0	0	1
GSM7230012_hCiPSCs-0618_ACCGTTCAGAAGTCCG-1	0.5796057	0.5635964	1	ambiguous	0	0	1
GSM7230012_hCiPSCs-0618_ACCGTTCAGGTAAGGA-1	0.091327205	0.09820744	1	failure	0	1	0
GSM7230012_hCiPSCs-0618_ACCGTTCCACCTGCAG-1	0.14299393	0.14745213	1	ambiguous	0	0	1
GSM7230012_hCiPSCs-0618_ACCGTTCCATCGATAC-1	0.12464544	0.12996379	1	ambiguous	0	0	1
GSM7230012_hCiPSCs-0618_ACCGTTCGTAACATCC-1	0.16617858	0.16954994	1	ambiguous	0	0	1
GSM7230012_hCiPSCs-0618_ACCGTTCGTACCTAGT-1	0.6319211	0.6134594	1	ambiguous	0	0	1
GSM7230012_hCiPSCs-0618_ACCGTTCGTATTCCGA-1	0.08654888	0.09365311	1	failure	0	1	0
GSM7230012_hCiPSCs-0618_ACCGTTCGTCAACCAT-1	0.6213536	0.6033873	1	ambiguous	0	0	1
GSM7230012_hCiPSCs-0618_ACCGTTCGTGAGACGT-1	0.1306737	0.13570945	1	ambiguous	0	0	1
GSM7230012_hCiPSCs-0618_ACCGTTCTCCGGGACT-1	0.88836265	0.8578795	1	success	1	0	0
GSM7230012_hCiPSCs-0618_ACCTACCCAATCCAGT-1	0.0833122	0.09056815	1	failure	0	1	0
GSM7230012_hCiPSCs-0618_ACCTACCCAATTCTCT-1	0.7201862	0.6975868	1	ambiguous	0	0	1
GSM7230012_hCiPSCs-0618_ACCTACCGTAGCGCTC-1	0.1081036	0.11419739	1	ambiguous	0	0	1
GSM7230012_hCiPSCs-0618_ACCTACCGTTTGTGGT-1	0.6825114	0.66167814	1	ambiguous	0	0	1
GSM7230012_hCiPSCs-0618_ACCTACCTCCGAGATT-1	0.88006806	0.84997374	1	success	1	0	0
GSM7230012_hCiPSCs-0618_ACCTACCTCTAAGAAG-1	0.6442843	0.62524307	1	ambiguous	0	0	1
GSM7230012_hCiPSCs-0618_ACCTGAAAGGATCACG-1	0.14636587	0.150666	1	ambiguous	0	0	1
GSM7230012_hCiPSCs-0618_ACCTGAACAAACACGG-1	0.10870869	0.11477411	1	ambiguous	0	0	1
GSM7230012_hCiPSCs-0618_ACCTGAACAAACGTGG-1	0.17784633	0.18067071	1	ambiguous	0	0	1
GSM7230012_hCiPSCs-0618_ACCTGAACAAATGCGG-1	0.19266929	0.19479881	1	ambiguous	0	0	1
GSM7230012_hCiPSCs-0618_ACCTGAACATAACAGA-1	0.8967386	0.8658628	1	success	1	0	0
GSM7230012_hCiPSCs-0618_ACCTGAACATGAGTAA-1	0.4659673	0.45528516	1	ambiguous	0	0	1
GSM7230012_hCiPSCs-0618_ACCTGAAGTCATCCCT-1	0.12466273	0.12998025	1	ambiguous	0	0	1
GSM7230012_hCiPSCs-0618_ACCTGAATCTATACTC-1	0.70474017	0.68286484	1	ambiguous	0	0	1
GSM7230012_hCiPSCs-0618_ACCTGAATCTATGCCC-1	0.7781756	0.7528578	1	success	1	0	0
GSM7230012_hCiPSCs-0618_ACCTGTCAGCAGCAGT-1	0.19671895	0.19865863	1	ambiguous	0	0	1
GSM7230012_hCiPSCs-0618_ACCTGTCAGCCTGAAG-1	0.14186771	0.14637871	1	ambiguous	0	0	1
GSM7230012_hCiPSCs-0618_ACCTGTCAGCTTAGTC-1	0.30814064	0.30485708	1	ambiguous	0	0	1
GSM7230012_hCiPSCs-0618_ACCTGTCAGTGTTGAA-1	0.5982588	0.5813751	1	ambiguous	0	0	1
GSM7230012_hCiPSCs-0618_ACCTGTCCAACTGTGT-1	0.6245182	0.6064035	1	ambiguous	0	0	1
GSM7230012_hCiPSCs-0618_ACCTGTCCACACTTAG-1	0.16375521	0.16724016	1	ambiguous	0	0	1
GSM7230012_hCiPSCs-0618_ACCTGTCCACGAAAGC-1	0.14558901	0.14992556	1	ambiguous	0	0	1
GSM7230012_hCiPSCs-0618_ACCTGTCCATGTGGTT-1	0.68240976	0.6615812	1	ambiguous	0	0	1
GSM7230012_hCiPSCs-0618_ACCTGTCCATTCCTCG-1	0.1646361	0.16807976	1	ambiguous	0	0	1
GSM7230012_hCiPSCs-0618_ACCTGTCGTTCTTCAT-1	0.58915347	0.5726966	1	ambiguous	0	0	1
GSM7230012_hCiPSCs-0618_ACCTGTCTCTGTCCCA-1	0.1354874	0.1402975	1	ambiguous	0	0	1
GSM7230012_hCiPSCs-0618_ACGATCACAACTGCTA-1	0.28483438	0.2826434	1	ambiguous	0	0	1
GSM7230012_hCiPSCs-0618_ACGATCACACAAATGA-1	0.59421873	0.5775245	1	ambiguous	0	0	1
GSM7230012_hCiPSCs-0618_ACGATCACACCTAAAC-1	0.10452253	0.110784195	1	failure	0	1	0
GSM7230012_hCiPSCs-0618_ACGATCACACTACTTT-1	0.28954262	0.28713092	1	ambiguous	0	0	1
GSM7230012_hCiPSCs-0618_ACGATCACACTATCGA-1	0.113936305	0.11975666	1	ambiguous	0	0	1
GSM7230012_hCiPSCs-0618_ACGATCAGTAATTAGG-1	0.44025916	0.43078217	1	ambiguous	0	0	1
GSM7230012_hCiPSCs-0618_ACGATCAGTACGTTCA-1	0.70247763	0.68070835	1	ambiguous	0	0	1
GSM7230012_hCiPSCs-0618_ACGATCAGTCCATACA-1	0.58940345	0.57293487	1	ambiguous	0	0	1
GSM7230012_hCiPSCs-0618_ACGATCAGTCTAGATC-1	0.51242244	0.4995626	1	ambiguous	0	0	1
GSM7230012_hCiPSCs-0618_ACGATCAGTGGCCACT-1	0.7339832	0.71073705	1	ambiguous	0	0	1
GSM7230012_hCiPSCs-0618_ACGATCAGTGTCCAAT-1	0.11234158	0.1182367	1	ambiguous	0	0	1
GSM7230012_hCiPSCs-0618_ACGATCATCAAGCCTA-1	0.7409392	0.71736693	1	ambiguous	0	0	1
GSM7230012_hCiPSCs-0618_ACGATCATCGACGCTG-1	0.1661722	0.16954386	1	ambiguous	0	0	1
GSM7230012_hCiPSCs-0618_ACGATGTCAAGTGACG-1	0.6363814	0.6177106	1	ambiguous	0	0	1
GSM7230012_hCiPSCs-0618_ACGATGTCACACCAGC-1	0.4495852	0.43967104	1	ambiguous	0	0	1
GSM7230012_hCiPSCs-0618_ACGATGTGTAGAAACT-1	0.49879447	0.48657346	1	ambiguous	0	0	1
GSM7230012_hCiPSCs-0618_ACGATGTTCATCGACA-1	0.7297166	0.7066704	1	ambiguous	0	0	1
GSM7230012_hCiPSCs-0618_ACGATGTTCCAACTAG-1	0.5846588	0.5684126	1	ambiguous	0	0	1
GSM7230012_hCiPSCs-0618_ACGATGTTCCTTCGAC-1	0.044214927	0.05330368	1	failure	0	1	0
GSM7230012_hCiPSCs-0618_ACGATGTTCGTAGCTA-1	0.10368396	0.10998493	1	failure	0	1	0
GSM7230012_hCiPSCs-0618_ACGCACGAGAGAGGTA-1	0.21434385	0.2154573	1	ambiguous	0	0	1
GSM7230012_hCiPSCs-0618_ACGCACGAGAGGCCAT-1	0.7517277	0.7276497	1	ambiguous	0	0	1
GSM7230012_hCiPSCs-0618_ACGCACGCAAGGACAC-1	0.7545695	0.73035824	1	success	1	0	0
GSM7230012_hCiPSCs-0618_ACGCACGCACGACGAA-1	0.8344623	0.80650586	1	success	1	0	0
GSM7230012_hCiPSCs-0618_ACGCACGCAGTTGCGC-1	0.356705	0.35114485	1	ambiguous	0	0	1
GSM7230012_hCiPSCs-0618_ACGCACGGTATTCCTT-1	0.81288195	0.7859372	1	success	1	0	0
GSM7230012_hCiPSCs-0618_ACGCACGGTCGAATGG-1	0.6470066	0.62783766	1	ambiguous	0	0	1
GSM7230012_hCiPSCs-0618_ACGCACGTCAACCCGG-1	0.12336513	0.12874348	1	ambiguous	0	0	1
GSM7230012_hCiPSCs-0618_ACGCACGTCAAGATAG-1	0.6900767	0.6688888	1	ambiguous	0	0	1
GSM7230012_hCiPSCs-0618_ACGCACGTCATGCGGC-1	0.59513235	0.57839525	1	ambiguous	0	0	1
GSM7230012_hCiPSCs-0618_ACGGAAGAGAGGCGGA-1	0.5582683	0.54325926	1	ambiguous	0	0	1
GSM7230012_hCiPSCs-0618_ACGGAAGAGGTTGACG-1	0.60096437	0.58395386	1	ambiguous	0	0	1
GSM7230012_hCiPSCs-0618_ACGGAAGGTAATTAGG-1	0.65079004	0.6314438	1	ambiguous	0	0	1
GSM7230012_hCiPSCs-0618_ACGGAAGGTCCGACGT-1	0.574898	0.55910945	1	ambiguous	0	0	1
GSM7230012_hCiPSCs-0618_ACGGAAGTCATAGGCT-1	0.6419449	0.6230133	1	ambiguous	0	0	1
GSM7230012_hCiPSCs-0618_ACGGAAGTCATTGCCC-1	0.61687106	0.59911484	1	ambiguous	0	0	1
GSM7230012_hCiPSCs-0618_ACGGAAGTCGCTAGCG-1	0.48803845	0.47632167	1	ambiguous	0	0	1
GSM7230012_hCiPSCs-0618_ACGGAAGTCTGGAGAG-1	0.6150556	0.5973846	1	ambiguous	0	0	1
GSM7230012_hCiPSCs-0618_ACGGGTCAGCAATAGT-1	0.5745718	0.5587985	1	ambiguous	0	0	1
GSM7230012_hCiPSCs-0618_ACGGGTCAGGTTGGAC-1	0.8035679	0.77705973	1	success	1	0	0
GSM7230012_hCiPSCs-0618_ACGGGTCCAACCGCTG-1	0.14369445	0.1481198	1	ambiguous	0	0	1
GSM7230012_hCiPSCs-0618_ACGGGTCCACAACGAG-1	0.4160827	0.40773904	1	ambiguous	0	0	1
GSM7230012_hCiPSCs-0618_ACGGGTCCACGCTATA-1	0.55527955	0.5404107	1	ambiguous	0	0	1
GSM7230012_hCiPSCs-0618_ACGGGTCCACGGAAGT-1	0.71759725	0.6951192	1	ambiguous	0	0	1
GSM7230012_hCiPSCs-0618_ACGGGTCCAGCGGTCT-1	0.15913321	0.16283484	1	ambiguous	0	0	1
GSM7230012_hCiPSCs-0618_ACGGGTCCAGCGTATT-1	0.1539769	0.15792024	1	ambiguous	0	0	1
GSM7230012_hCiPSCs-0618_ACGGGTCGTATACCCA-1	0.6206776	0.60274297	1	ambiguous	0	0	1
GSM7230012_hCiPSCs-0618_ACGGGTCGTCCAAAGG-1	0.066644534	0.07468183	1	failure	0	1	0
GSM7230012_hCiPSCs-0618_ACGGGTCTCCACTGAA-1	0.21997315	0.22082272	1	ambiguous	0	0	1
GSM7230012_hCiPSCs-0618_ACGGGTCTCCCGAGGT-1	0.4220745	0.41344997	1	ambiguous	0	0	1
GSM7230012_hCiPSCs-0618_ACGGGTCTCTCACGAA-1	0.6769317	0.65636	1	ambiguous	0	0	1
GSM7230012_hCiPSCs-0618_ACGGTCGAGCTGGCTC-1	0.5192578	0.50607747	1	ambiguous	0	0	1
GSM7230012_hCiPSCs-0618_ACGGTCGAGGACAACC-1	0.39138037	0.38419473	1	ambiguous	0	0	1
GSM7230012_hCiPSCs-0618_ACGGTCGAGGTTCACT-1	0.1582926	0.16203363	1	ambiguous	0	0	1
GSM7230012_hCiPSCs-0618_ACGGTCGAGTTCCTGA-1	0.14849025	0.1526908	1	ambiguous	0	0	1
GSM7230012_hCiPSCs-0618_ACGGTCGCACTCTAGA-1	0.57542294	0.5596098	1	ambiguous	0	0	1
GSM7230012_hCiPSCs-0618_ACGGTCGCAGCACCCA-1	0.14943697	0.15359312	1	ambiguous	0	0	1
GSM7230012_hCiPSCs-0618_ACGGTCGGTAATACCC-1	0.4957232	0.48364615	1	ambiguous	0	0	1
GSM7230012_hCiPSCs-0618_ACGGTCGGTATCACGT-1	0.078014046	0.08551837	1	failure	0	1	0
GSM7230012_hCiPSCs-0618_ACGGTCGGTCGCGGTT-1	0.55716926	0.5422118	1	ambiguous	0	0	1
GSM7230012_hCiPSCs-0618_ACGGTCGGTGTAGGAC-1	0.66014177	0.64035714	1	ambiguous	0	0	1
GSM7230012_hCiPSCs-0618_ACGGTCGGTTCGTTCC-1	0.34590933	0.34085527	1	ambiguous	0	0	1
GSM7230012_hCiPSCs-0618_ACGGTCGTCAAGTAAG-1	0.5339649	0.52009517	1	ambiguous	0	0	1
GSM7230012_hCiPSCs-0618_ACGGTCGTCGCGTCGA-1	0.15048687	0.15459383	1	ambiguous	0	0	1
GSM7230012_hCiPSCs-0618_ACGGTCGTCGTTGTGA-1	0.5523285	0.53759795	1	ambiguous	0	0	1
GSM7230012_hCiPSCs-0618_ACGGTCGTCTGACGCG-1	0.3724398	0.36614203	1	ambiguous	0	0	1
GSM7230012_hCiPSCs-0618_ACGGTCGTCTGCGTCT-1	0.7223561	0.69965494	1	ambiguous	0	0	1
GSM7230012_hCiPSCs-0618_ACGGTCGTCTTTCAGT-1	0.09177535	0.09863457	1	failure	0	1	0
GSM7230012_hCiPSCs-0618_ACGGTTAAGACAAGCC-1	0.35744104	0.3518464	1	ambiguous	0	0	1
GSM7230012_hCiPSCs-0618_ACGGTTACATGATGCT-1	0.10313207	0.10945891	1	failure	0	1	0
GSM7230012_hCiPSCs-0618_ACGGTTAGTGAGTTTC-1	0.17258279	0.17565392	1	ambiguous	0	0	1
GSM7230012_hCiPSCs-0618_ACGGTTATCAGAGCAG-1	0.032843765	0.04246558	1	failure	0	1	0
GSM7230012_hCiPSCs-0618_ACGGTTATCAGAGTGG-1	0.6161301	0.59840864	1	ambiguous	0	0	1
GSM7230012_hCiPSCs-0618_ACGTAACAGAATCGAT-1	0.65261865	0.6331867	1	ambiguous	0	0	1
GSM7230012_hCiPSCs-0618_ACGTAACAGACTAAGT-1	0.1097758	0.115791194	1	ambiguous	0	0	1
GSM7230012_hCiPSCs-0618_ACGTAACAGAGCATAT-1	0.7941019	0.7680375	1	success	1	0	0
GSM7230012_hCiPSCs-0618_ACGTAACCACTGTGAT-1	0.6237224	0.605645	1	ambiguous	0	0	1
GSM7230012_hCiPSCs-0618_ACGTAACGTACGAAAT-1	0.1550528	0.1589457	1	ambiguous	0	0	1
GSM7230012_hCiPSCs-0618_ACGTAACGTGGTCCGT-1	0.6715652	0.65124506	1	ambiguous	0	0	1
GSM7230012_hCiPSCs-0618_ACGTAACGTGTGACCC-1	0.6663193	0.64624506	1	ambiguous	0	0	1
GSM7230012_hCiPSCs-0618_ACGTAACTCCCGAAAT-1	0.5735885	0.5578613	1	ambiguous	0	0	1
GSM7230012_hCiPSCs-0618_ACGTAACTCCTGGGTG-1	0.17689943	0.17976822	1	ambiguous	0	0	1
GSM7230012_hCiPSCs-0618_ACGTAACTCTCTTGCG-1	0.511344	0.49853474	1	ambiguous	0	0	1
GSM7230012_hCiPSCs-0618_ACGTACAAGAACAGGA-1	0.6711501	0.6508494	1	ambiguous	0	0	1
GSM7230012_hCiPSCs-0618_ACGTACAAGGTAACTA-1	0.72003335	0.6974411	1	ambiguous	0	0	1
GSM7230012_hCiPSCs-0618_ACGTACAAGGTTGGAC-1	0.14290102	0.14736357	1	ambiguous	0	0	1
GSM7230012_hCiPSCs-0618_ACGTACAAGTCAGCCC-1	0.3273301	0.323147	1	ambiguous	0	0	1
GSM7230012_hCiPSCs-0618_ACGTACACAGAGGTTG-1	0.6726497	0.65227866	1	ambiguous	0	0	1
GSM7230012_hCiPSCs-0618_ACGTACAGTGTTTACG-1	0.12361077	0.12897761	1	ambiguous	0	0	1
GSM7230012_hCiPSCs-0618_ACGTACATCAGAGTGG-1	0.53679585	0.5227934	1	ambiguous	0	0	1
GSM7230012_hCiPSCs-0618_ACGTAGTAGACACACG-1	0.25979024	0.25877327	1	ambiguous	0	0	1
GSM7230012_hCiPSCs-0618_ACGTAGTAGGTCGTGA-1	0.66516787	0.6451476	1	ambiguous	0	0	1
GSM7230012_hCiPSCs-0618_ACGTAGTAGTAGTCTC-1	0.41768548	0.4092667	1	ambiguous	0	0	1
GSM7230012_hCiPSCs-0618_ACGTAGTAGTTCATGC-1	0.13820593	0.14288858	1	ambiguous	0	0	1
GSM7230012_hCiPSCs-0618_ACGTAGTCACTTCAGA-1	0.15492953	0.15882821	1	ambiguous	0	0	1
GSM7230012_hCiPSCs-0618_ACGTAGTCATACACCA-1	0.6622041	0.6423228	1	ambiguous	0	0	1
GSM7230012_hCiPSCs-0618_ACGTAGTGTGAACTAA-1	0.5628058	0.54758406	1	ambiguous	0	0	1
GSM7230012_hCiPSCs-0618_ACGTAGTTCTGCGGAC-1	0.0914757	0.09834897	1	failure	0	1	0
GSM7230012_hCiPSCs-0618_ACGTCCTAGACACACG-1	0.07416958	0.08185413	1	failure	0	1	0
GSM7230012_hCiPSCs-0618_ACGTCCTAGGAAAGTG-1	0.5150975	0.50211227	1	ambiguous	0	0	1
GSM7230012_hCiPSCs-0618_ACGTCCTAGGATCATA-1	0.118699156	0.12429624	1	ambiguous	0	0	1
GSM7230012_hCiPSCs-0618_ACGTCCTAGGGATGTC-1	0.2259521	0.22652139	1	ambiguous	0	0	1
GSM7230012_hCiPSCs-0618_ACGTCCTCAAGGTCAG-1	0.7640708	0.73941416	1	success	1	0	0
GSM7230012_hCiPSCs-0618_ACGTCCTCAGGTGGAT-1	0.7083198	0.6862767	1	ambiguous	0	0	1
GSM7230012_hCiPSCs-0618_ACGTCCTTCTAATTCC-1	0.14994726	0.1540795	1	ambiguous	0	0	1
GSM7230012_hCiPSCs-0618_ACGTCCTTCTTCGACC-1	0.12320287	0.12858884	1	ambiguous	0	0	1
GSM7230012_hCiPSCs-0618_ACGTTCCAGGTTCATC-1	0.7361478	0.71280015	1	ambiguous	0	0	1
GSM7230012_hCiPSCs-0618_ACGTTCCAGTTCCAGT-1	0.15116745	0.1552425	1	ambiguous	0	0	1
GSM7230012_hCiPSCs-0618_ACGTTCCGTTGTTGTG-1	0.631971	0.6135069	1	ambiguous	0	0	1
GSM7230012_hCiPSCs-0618_ACGTTCCTCAACTCTT-1	0.5763084	0.5604537	1	ambiguous	0	0	1
GSM7230012_hCiPSCs-0618_ACGTTCCTCAAGTAAG-1	0.5792069	0.56321627	1	ambiguous	0	0	1
GSM7230012_hCiPSCs-0618_ACGTTCCTCCTCAGGG-1	0.70706373	0.6850795	1	ambiguous	0	0	1
GSM7230012_hCiPSCs-0618_ACGTTCCTCGGCGATC-1	0.65688527	0.6372533	1	ambiguous	0	0	1
GSM7230012_hCiPSCs-0618_ACGTTCCTCGTCTACC-1	0.095926866	0.10259147	1	failure	0	1	0
GSM7230012_hCiPSCs-0618_ACTACGAAGGCACTCC-1	0.83504117	0.8070576	1	success	1	0	0
GSM7230012_hCiPSCs-0618_ACTACGAAGGTAGGCT-1	0.6304898	0.61209524	1	ambiguous	0	0	1
GSM7230012_hCiPSCs-0618_ACTACGAAGTGCACCC-1	0.6489294	0.6296704	1	ambiguous	0	0	1
GSM7230012_hCiPSCs-0618_ACTACGACAAACTCTG-1	0.655254	0.6356985	1	ambiguous	0	0	1
GSM7230012_hCiPSCs-0618_ACTACGACATCCTCAC-1	0.75214326	0.72804576	1	ambiguous	0	0	1
GSM7230012_hCiPSCs-0618_ACTACGACATTGCAAC-1	0.15509611	0.15898699	1	ambiguous	0	0	1
GSM7230012_hCiPSCs-0618_ACTACGAGTGCCGAAA-1	0.5073087	0.4946886	1	ambiguous	0	0	1
GSM7230012_hCiPSCs-0618_ACTACGAGTTAGAAGT-1	0.6597343	0.63996875	1	ambiguous	0	0	1
GSM7230012_hCiPSCs-0618_ACTACGATCGTAGGGA-1	0.097583644	0.10417058	1	failure	0	1	0
GSM7230012_hCiPSCs-0618_ACTATCTAGACTGTTC-1	0.46543136	0.45477435	1	ambiguous	0	0	1
GSM7230012_hCiPSCs-0618_ACTATCTAGTCGAAAT-1	0.5663447	0.5509571	1	ambiguous	0	0	1
GSM7230012_hCiPSCs-0618_ACTATCTCAATACGAA-1	0.7847334	0.7591082	1	success	1	0	0
GSM7230012_hCiPSCs-0618_ACTATCTCACTGCGAC-1	0.59698826	0.58016413	1	ambiguous	0	0	1
GSM7230012_hCiPSCs-0618_ACTATCTGTCATCACA-1	0.59898657	0.58206874	1	ambiguous	0	0	1
GSM7230012_hCiPSCs-0618_ACTATCTGTTAATGAG-1	0.74507785	0.72131157	1	ambiguous	0	0	1
GSM7230012_hCiPSCs-0618_ACTATCTTCACCCTCA-1	0.6511779	0.63181347	1	ambiguous	0	0	1
GSM7230012_hCiPSCs-0618_ACTATGGAGAGGTCGT-1	0.6427779	0.62380725	1	ambiguous	0	0	1
GSM7230012_hCiPSCs-0618_ACTATGGCACCAATTG-1	0.11323318	0.119086504	1	ambiguous	0	0	1
GSM7230012_hCiPSCs-0618_ACTATGGGTGAGATTA-1	0.66914356	0.648937	1	ambiguous	0	0	1
GSM7230012_hCiPSCs-0618_ACTATGGGTGCCTGAC-1	0.11425438	0.120059825	1	ambiguous	0	0	1
GSM7230012_hCiPSCs-0618_ACTATGGGTGCGAACA-1	0.7504392	0.72642165	1	ambiguous	0	0	1
GSM7230012_hCiPSCs-0618_ACTATGGGTTATTCCT-1	0.565503	0.55015486	1	ambiguous	0	0	1
GSM7230012_hCiPSCs-0618_ACTATGGGTTGGATCT-1	0.58140844	0.56531465	1	ambiguous	0	0	1
GSM7230012_hCiPSCs-0618_ACTATGGTCGACGCTG-1	0.13972652	0.14433789	1	ambiguous	0	0	1
GSM7230012_hCiPSCs-0618_ACTATGGTCTTGAGCA-1	0.734891	0.7116023	1	ambiguous	0	0	1
GSM7230012_hCiPSCs-0618_ACTATTCAGACGGATC-1	0.5729268	0.55723065	1	ambiguous	0	0	1
GSM7230012_hCiPSCs-0618_ACTATTCAGAGTTGCG-1	0.49856302	0.4863529	1	ambiguous	0	0	1
GSM7230012_hCiPSCs-0618_ACTATTCAGTCCCGGT-1	0.08645141	0.093560204	1	failure	0	1	0
GSM7230012_hCiPSCs-0618_ACTATTCAGTGGCAGT-1	0.12578814	0.1310529	1	ambiguous	0	0	1
GSM7230012_hCiPSCs-0618_ACTATTCAGTTCAACC-1	0.066469386	0.074514896	1	failure	0	1	0
GSM7230012_hCiPSCs-0618_ACTATTCCAACACTAC-1	0.13932098	0.14395137	1	ambiguous	0	0	1
GSM7230012_hCiPSCs-0618_ACTATTCCAGCACAAG-1	0.73646766	0.713105	1	ambiguous	0	0	1
GSM7230012_hCiPSCs-0618_ACTATTCGTCTCGGGT-1	0.63343215	0.61489964	1	ambiguous	0	0	1
GSM7230012_hCiPSCs-0618_ACTATTCGTTTCACTT-1	0.14854477	0.15274276	1	ambiguous	0	0	1
GSM7230012_hCiPSCs-0618_ACTATTCTCATTTGCT-1	0.7154934	0.693114	1	ambiguous	0	0	1
GSM7230012_hCiPSCs-0618_ACTATTCTCCATAAGC-1	0.45292425	0.44285357	1	ambiguous	0	0	1
GSM7230012_hCiPSCs-0618_ACTATTCTCCTCACCA-1	0.638889	0.6201006	1	ambiguous	0	0	1
GSM7230012_hCiPSCs-0618_ACTCCCAAGAAGGGAT-1	0.5655652	0.5502141	1	ambiguous	0	0	1
GSM7230012_hCiPSCs-0618_ACTCCCAAGATCGCTT-1	0.5251234	0.51166815	1	ambiguous	0	0	1
GSM7230012_hCiPSCs-0618_ACTCCCAAGCTGGAGT-1	0.5989458	0.5820299	1	ambiguous	0	0	1
GSM7230012_hCiPSCs-0618_ACTCCCAAGGTAGTAT-1	0.5446085	0.53023976	1	ambiguous	0	0	1
GSM7230012_hCiPSCs-0618_ACTCCCAAGTAGTCAA-1	0.7605845	0.73609126	1	success	1	0	0
GSM7230012_hCiPSCs-0618_ACTCCCACAAAGTATG-1	0.6387891	0.6200055	1	ambiguous	0	0	1
GSM7230012_hCiPSCs-0618_ACTCCCACACAGTGTT-1	0.41051322	0.40243068	1	ambiguous	0	0	1
GSM7230012_hCiPSCs-0618_ACTCCCAGTACTCAAC-1	0.1693213	0.17254531	1	ambiguous	0	0	1
GSM7230012_hCiPSCs-0618_ACTCCCAGTATTGAGA-1	0.6118714	0.59434956	1	ambiguous	0	0	1
GSM7230012_hCiPSCs-0618_ACTCCCAGTCAAACGG-1	0.16283827	0.1663662	1	ambiguous	0	0	1
GSM7230012_hCiPSCs-0618_ACTCCCAGTCTACAAC-1	0.7528387	0.72870857	1	ambiguous	0	0	1
GSM7230012_hCiPSCs-0618_ACTCCCAGTCTCTCCA-1	0.6366634	0.61797935	1	ambiguous	0	0	1
GSM7230012_hCiPSCs-0618_ACTCCCAGTGTGCCTG-1	0.62208533	0.60408473	1	ambiguous	0	0	1
GSM7230012_hCiPSCs-0618_ACTCCCAGTTCACGAT-1	0.4641212	0.4535256	1	ambiguous	0	0	1
GSM7230012_hCiPSCs-0618_ACTCCCATCAGTCAGT-1	0.11976848	0.12531544	1	ambiguous	0	0	1
GSM7230012_hCiPSCs-0618_ACTCCCATCCCGAATA-1	0.67129695	0.6509894	1	ambiguous	0	0	1
GSM7230012_hCiPSCs-0618_ACTCTCGAGAATAACC-1	0.7742361	0.74910295	1	success	1	0	0
GSM7230012_hCiPSCs-0618_ACTCTCGAGACGATAT-1	0.5502412	0.5356085	1	ambiguous	0	0	1
GSM7230012_hCiPSCs-0618_ACTCTCGAGCAATTCC-1	0.7333794	0.7101615	1	ambiguous	0	0	1
GSM7230012_hCiPSCs-0618_ACTCTCGAGTTGAATG-1	0.534597	0.52069765	1	ambiguous	0	0	1
GSM7230012_hCiPSCs-0618_ACTCTCGGTATAATGG-1	0.38935232	0.38226175	1	ambiguous	0	0	1
GSM7230012_hCiPSCs-0618_ACTCTCGTCTCCGAAA-1	0.5882554	0.57184064	1	ambiguous	0	0	1
GSM7230012_hCiPSCs-0618_ACTCTCGTCTTGCAAG-1	0.5257833	0.5122971	1	ambiguous	0	0	1
GSM7230012_hCiPSCs-0618_ACTCTCGTCTTGTGCC-1	0.6553496	0.63578963	1	ambiguous	0	0	1
GSM7230012_hCiPSCs-0618_ACTGATGCAGCTGTAT-1	0.83809215	0.8099656	1	success	1	0	0
GSM7230012_hCiPSCs-0618_ACTGATGCATGTTACG-1	0.6915889	0.67033005	1	ambiguous	0	0	1
GSM7230012_hCiPSCs-0618_ACTGATGCATTGGCAT-1	0.5370693	0.52305406	1	ambiguous	0	0	1
GSM7230012_hCiPSCs-0618_ACTGATGGTTGACTGT-1	0.19922912	0.20105113	1	ambiguous	0	0	1
GSM7230012_hCiPSCs-0618_ACTGATGTCCTCTTTC-1	0.17413922	0.17713739	1	ambiguous	0	0	1
GSM7230012_hCiPSCs-0618_ACTGCAAAGAAGCCAC-1	0.5952561	0.5785132	1	ambiguous	0	0	1
GSM7230012_hCiPSCs-0618_ACTGCAAAGGTGCTGA-1	0.48363683	0.47212636	1	ambiguous	0	0	1
GSM7230012_hCiPSCs-0618_ACTGCAACAGTTGCGC-1	0.6175438	0.59975606	1	ambiguous	0	0	1
GSM7230012_hCiPSCs-0618_ACTGCAACATAGAATG-1	0.77081263	0.74583995	1	success	1	0	0
GSM7230012_hCiPSCs-0618_ACTGCAAGTCGAAACG-1	0.6767508	0.65618753	1	ambiguous	0	0	1
GSM7230012_hCiPSCs-0618_ACTGCAAGTGAGAGGG-1	0.71072	0.68856436	1	ambiguous	0	0	1
GSM7230012_hCiPSCs-0618_ACTGCAAGTTAAGAAC-1	0.5891203	0.57266504	1	ambiguous	0	0	1
GSM7230012_hCiPSCs-0618_ACTGCAAGTTACAGCT-1	0.1105264	0.11650661	1	ambiguous	0	0	1
GSM7230012_hCiPSCs-0618_ACTGCAATCCAAGCTA-1	0.55999786	0.54490775	1	ambiguous	0	0	1
GSM7230012_hCiPSCs-0618_ACTGCAATCTGAGGTT-1	0.19945747	0.20126878	1	ambiguous	0	0	1
GSM7230012_hCiPSCs-0618_ACTGTCCAGACTCAAA-1	0.5632005	0.5479602	1	ambiguous	0	0	1
GSM7230012_hCiPSCs-0618_ACTGTCCAGGGTGGGA-1	0.82925934	0.8015468	1	success	1	0	0
GSM7230012_hCiPSCs-0618_ACTGTCCCACGTAGAG-1	0.79231685	0.76633614	1	success	1	0	0
GSM7230012_hCiPSCs-0618_ACTGTCCCATTCGGGC-1	0.13793243	0.1426279	1	ambiguous	0	0	1
GSM7230012_hCiPSCs-0618_ACTGTCCGTCGAGATG-1	0.74978256	0.72579575	1	ambiguous	0	0	1
GSM7230012_hCiPSCs-0618_ACTGTCCGTTCCAAAC-1	0.61347044	0.59587365	1	ambiguous	0	0	1
GSM7230012_hCiPSCs-0618_ACTGTCCGTTTACGTG-1	0.61352444	0.59592515	1	ambiguous	0	0	1
GSM7230012_hCiPSCs-0618_ACTGTGACACAGTGAG-1	0.82033527	0.79304105	1	success	1	0	0
GSM7230012_hCiPSCs-0618_ACTGTGAGTAGCTGAG-1	0.3467238	0.34163153	1	ambiguous	0	0	1
GSM7230012_hCiPSCs-0618_ACTGTGAGTAGTGATA-1	0.13200523	0.13697855	1	ambiguous	0	0	1
GSM7230012_hCiPSCs-0618_ACTGTGAGTATTGCCA-1	0.63996845	0.6211295	1	ambiguous	0	0	1
GSM7230012_hCiPSCs-0618_ACTGTGAGTTCGGTCG-1	0.6724942	0.6521305	1	ambiguous	0	0	1
GSM7230012_hCiPSCs-0618_ACTGTGATCCATCGTC-1	0.46418568	0.45358706	1	ambiguous	0	0	1
GSM7230012_hCiPSCs-0618_ACTGTGATCGCTCTAC-1	0.09833063	0.10488255	1	failure	0	1	0
GSM7230012_hCiPSCs-0618_ACTGTGATCTGGGCCA-1	0.70220166	0.6804454	1	ambiguous	0	0	1
GSM7230012_hCiPSCs-0618_ACTTAGGAGCCTCAGC-1	0.7794925	0.7541129	1	success	1	0	0
GSM7230012_hCiPSCs-0618_ACTTAGGAGGAAAGTG-1	0.59200305	0.57541263	1	ambiguous	0	0	1
GSM7230012_hCiPSCs-0618_ACTTAGGAGTCGGCCT-1	0.17710815	0.17996715	1	ambiguous	0	0	1
GSM7230012_hCiPSCs-0618_ACTTAGGCAACCTAAC-1	0.7246881	0.70187765	1	ambiguous	0	0	1
GSM7230012_hCiPSCs-0618_ACTTAGGCATAGGTAA-1	0.07958569	0.08701634	1	failure	0	1	0
GSM7230012_hCiPSCs-0618_ACTTAGGGTAGAGCTG-1	0.1605227	0.16415918	1	ambiguous	0	0	1
GSM7230012_hCiPSCs-0618_ACTTAGGGTGAACTAA-1	0.266507	0.26517516	1	ambiguous	0	0	1
GSM7230012_hCiPSCs-0618_ACTTAGGGTTAAGTCC-1	0.12118821	0.12666862	1	ambiguous	0	0	1
GSM7230012_hCiPSCs-0618_ACTTAGGTCCAGTACA-1	0.17481734	0.17778371	1	ambiguous	0	0	1
GSM7230012_hCiPSCs-0618_ACTTAGGTCCCGTGAG-1	0.17171642	0.17482816	1	ambiguous	0	0	1
GSM7230012_hCiPSCs-0618_ACTTAGGTCGATACGT-1	0.8193348	0.79208755	1	success	1	0	0
GSM7230012_hCiPSCs-0618_ACTTATCAGATTACCC-1	0.665999	0.64593977	1	ambiguous	0	0	1
GSM7230012_hCiPSCs-0618_ACTTATCAGCGACTTT-1	0.63124704	0.61281693	1	ambiguous	0	0	1
GSM7230012_hCiPSCs-0618_ACTTATCAGGATTTCC-1	0.08274037	0.09002313	1	failure	0	1	0
GSM7230012_hCiPSCs-0618_ACTTATCAGGGTTAGC-1	0.7761669	0.75094324	1	success	1	0	0
GSM7230012_hCiPSCs-0618_ACTTATCAGTAAACGT-1	0.14176744	0.14628313	1	ambiguous	0	0	1
GSM7230012_hCiPSCs-0618_ACTTATCAGTTTCAGC-1	0.5034527	0.49101332	1	ambiguous	0	0	1
GSM7230012_hCiPSCs-0618_ACTTATCCAAAGCGTG-1	0.6028933	0.58579236	1	ambiguous	0	0	1
GSM7230012_hCiPSCs-0618_ACTTATCCAATTCTCT-1	0.12971169	0.13479252	1	ambiguous	0	0	1
GSM7230012_hCiPSCs-0618_ACTTATCCACATCCCT-1	0.73153573	0.7084043	1	ambiguous	0	0	1
GSM7230012_hCiPSCs-0618_ACTTATCCACTCGATA-1	0.2154885	0.2165483	1	ambiguous	0	0	1
GSM7230012_hCiPSCs-0618_ACTTATCGTGTGACCC-1	0.65066004	0.6313199	1	ambiguous	0	0	1
GSM7230012_hCiPSCs-0618_ACTTATCTCATGCAGT-1	0.73722327	0.7138252	1	ambiguous	0	0	1
GSM7230012_hCiPSCs-0618_ACTTATCTCGCGGACT-1	0.066938475	0.074962	1	failure	0	1	0
GSM7230012_hCiPSCs-0618_ACTTATCTCGTTATCT-1	0.1052982	0.111523494	1	failure	0	1	0
GSM7230012_hCiPSCs-0618_ACTTCCGAGTGTTCCA-1	0.07775367	0.085270196	1	failure	0	1	0
GSM7230012_hCiPSCs-0618_ACTTCCGCATCCGGCA-1	0.72559786	0.7027448	1	ambiguous	0	0	1
GSM7230012_hCiPSCs-0618_ACTTCCGGTATGAGAT-1	0.5262548	0.51274645	1	ambiguous	0	0	1
GSM7230012_hCiPSCs-0618_ACTTCCGGTCACTCAA-1	0.1535193	0.1574841	1	ambiguous	0	0	1
GSM7230012_hCiPSCs-0618_ACTTCCGGTCGACTGC-1	0.1305215	0.13556439	1	ambiguous	0	0	1
GSM7230012_hCiPSCs-0618_ACTTCCGGTCTACGAT-1	0.09161421	0.098480985	1	failure	0	1	0
GSM7230012_hCiPSCs-0618_ACTTCCGGTGGCATCC-1	0.7199017	0.6973156	1	ambiguous	0	0	1
GSM7230012_hCiPSCs-0618_ACTTCCGGTGTAGTGG-1	0.12853797	0.13367383	1	ambiguous	0	0	1
GSM7230012_hCiPSCs-0618_ACTTCCGGTTTGGCTA-1	0.5905227	0.57400167	1	ambiguous	0	0	1
GSM7230012_hCiPSCs-0618_ACTTCCGTCATTTGCT-1	0.67465013	0.65418535	1	ambiguous	0	0	1
GSM7230012_hCiPSCs-0618_ACTTCCGTCGTGGCTG-1	0.559347	0.5442874	1	ambiguous	0	0	1
GSM7230012_hCiPSCs-0618_ACTTCGCAGCCAGAGT-1	0.089824595	0.09677526	1	failure	0	1	0
GSM7230012_hCiPSCs-0618_ACTTCGCAGTGTACAA-1	0.12831053	0.13345705	1	ambiguous	0	0	1
GSM7230012_hCiPSCs-0618_ACTTCGCCAACCCTAA-1	0.08342432	0.09067502	1	failure	0	1	0
GSM7230012_hCiPSCs-0618_ACTTCGCCACACGGAA-1	0.12657093	0.131799	1	ambiguous	0	0	1
GSM7230012_hCiPSCs-0618_ACTTCGCCACTTGGGC-1	0.14865582	0.1528486	1	ambiguous	0	0	1
GSM7230012_hCiPSCs-0618_ACTTCGCGTACAGTCT-1	0.28341207	0.28128773	1	ambiguous	0	0	1
GSM7230012_hCiPSCs-0618_ACTTCGCGTAGCTGAG-1	0.63016355	0.6117842	1	ambiguous	0	0	1
GSM7230012_hCiPSCs-0618_ACTTCGCGTCGGCACT-1	0.5411325	0.5269268	1	ambiguous	0	0	1
GSM7230012_hCiPSCs-0618_ACTTCGCGTTAAACAG-1	0.20616664	0.20766343	1	ambiguous	0	0	1
GSM7230012_hCiPSCs-0618_ACTTCGCTCCAAATGC-1	0.6402136	0.62136316	1	ambiguous	0	0	1
GSM7230012_hCiPSCs-0618_ACTTCGCTCCAGCACG-1	0.5088457	0.4961535	1	ambiguous	0	0	1
GSM7230012_hCiPSCs-0618_ACTTCGCTCCATTCGC-1	0.6708587	0.65057164	1	ambiguous	0	0	1
GSM7230012_hCiPSCs-0618_ACTTCGCTCTTGGCTC-1	0.1074141	0.1135402	1	failure	0	1	0
GSM7230012_hCiPSCs-0618_ACTTTCAAGTCTGTAC-1	0.71523756	0.69287014	1	ambiguous	0	0	1
GSM7230012_hCiPSCs-0618_ACTTTCACACTGCGTG-1	0.0627256	0.07094662	1	failure	0	1	0
GSM7230012_hCiPSCs-0618_ACTTTCACAGTCTGGC-1	0.5302667	0.5165703	1	ambiguous	0	0	1
GSM7230012_hCiPSCs-0618_ACTTTCACATACAGGG-1	0.59116685	0.5746156	1	ambiguous	0	0	1
GSM7230012_hCiPSCs-0618_ACTTTCATCCCACAGG-1	0.6632057	0.6432774	1	ambiguous	0	0	1
GSM7230012_hCiPSCs-0618_ACTTTCATCCTATTTG-1	0.55509037	0.54023033	1	ambiguous	0	0	1
GSM7230012_hCiPSCs-0618_ACTTTCATCGCTACGG-1	0.17774245	0.18057172	1	ambiguous	0	0	1
GSM7230012_hCiPSCs-0618_ACTTTCATCTTCCCGA-1	0.66832715	0.6481588	1	ambiguous	0	0	1
GSM7230012_hCiPSCs-0618_ACTTTGTAGGCTGTAG-1	0.5506334	0.5359823	1	ambiguous	0	0	1
GSM7230012_hCiPSCs-0618_ACTTTGTAGTAAAGCT-1	0.7698669	0.74493855	1	success	1	0	0
GSM7230012_hCiPSCs-0618_ACTTTGTGTAACTAAG-1	0.586515	0.57018185	1	ambiguous	0	0	1
GSM7230012_hCiPSCs-0618_ACTTTGTGTAGCGTCC-1	0.5203896	0.50715625	1	ambiguous	0	0	1
GSM7230012_hCiPSCs-0618_ACTTTGTGTGAGATAT-1	0.4456308	0.43590197	1	ambiguous	0	0	1
GSM7230012_hCiPSCs-0618_ACTTTGTGTGATCGTT-1	0.14487404	0.1492441	1	ambiguous	0	0	1
GSM7230012_hCiPSCs-0618_ACTTTGTGTTGTGTTG-1	0.12496817	0.13027139	1	ambiguous	0	0	1
GSM7230012_hCiPSCs-0618_ACTTTGTTCGTACACA-1	0.17111304	0.17425306	1	ambiguous	0	0	1
GSM7230012_hCiPSCs-0618_ACTTTGTTCTAGGAAA-1	0.63155967	0.6131149	1	ambiguous	0	0	1
GSM7230012_hCiPSCs-0618_AGAAATGAGCGACTGA-1	0.10678361	0.112939276	1	failure	0	1	0
GSM7230012_hCiPSCs-0618_AGAAATGAGTAAGACT-1	0.43993458	0.4304728	1	ambiguous	0	0	1
GSM7230012_hCiPSCs-0618_AGAAATGCAATGGCCC-1	0.6589669	0.63923734	1	ambiguous	0	0	1
GSM7230012_hCiPSCs-0618_AGAAATGCAATTTCTC-1	0.76249963	0.7379167	1	success	1	0	0
GSM7230012_hCiPSCs-0618_AGAAATGGTAGCTCGC-1	0.6724997	0.6521357	1	ambiguous	0	0	1
GSM7230012_hCiPSCs-0618_AGAAATGGTATGAGAT-1	0.12746003	0.13264643	1	ambiguous	0	0	1
GSM7230012_hCiPSCs-0618_AGAAATGGTCACTCTC-1	0.80532974	0.77873904	1	success	1	0	0
GSM7230012_hCiPSCs-0618_AGAAATGGTGAGAGGG-1	0.5377649	0.52371705	1	ambiguous	0	0	1
GSM7230012_hCiPSCs-0618_AGAAATGGTGGCAACA-1	0.12197131	0.127415	1	ambiguous	0	0	1
GSM7230012_hCiPSCs-0618_AGAAATGGTGTCATTG-1	0.5619834	0.54680026	1	ambiguous	0	0	1
GSM7230012_hCiPSCs-0618_AGAACAAAGCTAGTTC-1	0.64502984	0.6259536	1	ambiguous	0	0	1
GSM7230012_hCiPSCs-0618_AGAACAACAGAAGTGC-1	0.59437203	0.5776705	1	ambiguous	0	0	1
GSM7230012_hCiPSCs-0618_AGAACAACAGTCACGC-1	0.15518005	0.15906699	1	ambiguous	0	0	1
GSM7230012_hCiPSCs-0618_AGAACAAGTACGATTC-1	0.624804	0.6066759	1	ambiguous	0	0	1
GSM7230012_hCiPSCs-0618_AGAACAAGTCACGACC-1	0.6354658	0.6168379	1	ambiguous	0	0	1
GSM7230012_hCiPSCs-0618_AGAACAAGTGAGCTCC-1	0.6245325	0.6064172	1	ambiguous	0	0	1
GSM7230012_hCiPSCs-0618_AGAACAAGTGGTCTGC-1	0.13385686	0.1387434	1	ambiguous	0	0	1
GSM7230012_hCiPSCs-0618_AGAACAATCGACCCAG-1	0.5621267	0.5469368	1	ambiguous	0	0	1
GSM7230012_hCiPSCs-0618_AGAACAATCGTTCCCA-1	0.644865	0.6257965	1	ambiguous	0	0	1
GSM7230012_hCiPSCs-0618_AGAACCTAGGTGATCG-1	0.74812716	0.72421795	1	ambiguous	0	0	1
GSM7230012_hCiPSCs-0618_AGAACCTCAGCATGCC-1	0.15142521	0.15548816	1	ambiguous	0	0	1
GSM7230012_hCiPSCs-0618_AGAACCTCAGGATTCT-1	0.057777215	0.0662302	1	failure	0	1	0
GSM7230012_hCiPSCs-0618_AGAACCTCAGGTTCAT-1	0.6923511	0.67105657	1	ambiguous	0	0	1
GSM7230012_hCiPSCs-0618_AGAACCTGTGTTCCTC-1	0.7015396	0.6798143	1	ambiguous	0	0	1
GSM7230012_hCiPSCs-0618_AGAACCTTCAGACAAA-1	0.6649431	0.6449334	1	ambiguous	0	0	1
GSM7230012_hCiPSCs-0618_AGAACCTTCCATTGGA-1	0.7201879	0.69758844	1	ambiguous	0	0	1
GSM7230012_hCiPSCs-0618_AGAACCTTCGGACGTC-1	0.53164613	0.51788515	1	ambiguous	0	0	1
GSM7230012_hCiPSCs-0618_AGAACCTTCTGAACGT-1	0.25013795	0.24957345	1	ambiguous	0	0	1
GSM7230012_hCiPSCs-0618_AGAAGCGAGCGACTGA-1	0.12070285	0.12620601	1	ambiguous	0	0	1
GSM7230012_hCiPSCs-0618_AGAAGCGCAGGGAGAG-1	0.71560866	0.69322383	1	ambiguous	0	0	1
GSM7230012_hCiPSCs-0618_AGAAGCGCATTGTACG-1	0.5015338	0.48918438	1	ambiguous	0	0	1
GSM7230012_hCiPSCs-0618_AGAAGCGGTCTAGGCC-1	0.13135825	0.1363619	1	ambiguous	0	0	1
GSM7230012_hCiPSCs-0618_AGAAGCGGTGCCTATA-1	0.1141387	0.11994957	1	ambiguous	0	0	1
GSM7230012_hCiPSCs-0618_AGAAGTAAGCCACTCG-1	0.69310826	0.67177826	1	ambiguous	0	0	1
GSM7230012_hCiPSCs-0618_AGAAGTAAGGCCATAG-1	0.5201736	0.5069504	1	ambiguous	0	0	1
GSM7230012_hCiPSCs-0618_AGAAGTAGTTAGTTCG-1	0.12642506	0.13165997	1	ambiguous	0	0	1
GSM7230012_hCiPSCs-0618_AGAAGTAGTTCGGTCG-1	0.1104746	0.11645724	1	ambiguous	0	0	1
GSM7230012_hCiPSCs-0618_AGAAGTATCCCGTGAG-1	0.63200665	0.61354095	1	ambiguous	0	0	1
GSM7230012_hCiPSCs-0618_AGAAGTATCCCTATTA-1	0.115246244	0.1210052	1	ambiguous	0	0	1
GSM7230012_hCiPSCs-0618_AGAAGTATCTAAGCGT-1	0.12334454	0.12872386	1	ambiguous	0	0	1
GSM7230012_hCiPSCs-0618_AGACAAAAGGTGATAT-1	0.186117	0.18855368	1	ambiguous	0	0	1
GSM7230012_hCiPSCs-0618_AGACAAACACCCTAGG-1	0.6520594	0.6326536	1	ambiguous	0	0	1
GSM7230012_hCiPSCs-0618_AGACAAACAGAGGAAA-1	0.23255546	0.2328152	1	ambiguous	0	0	1
GSM7230012_hCiPSCs-0618_AGACAAACAGGTCCCA-1	0.579961	0.5639351	1	ambiguous	0	0	1
GSM7230012_hCiPSCs-0618_AGACAAACAGGTGACA-1	0.1319343	0.13691095	1	ambiguous	0	0	1
GSM7230012_hCiPSCs-0618_AGACAAAGTACCGTCG-1	0.70869327	0.68663263	1	ambiguous	0	0	1
GSM7230012_hCiPSCs-0618_AGACAAAGTCAGGTAG-1	0.7609997	0.73648703	1	success	1	0	0
GSM7230012_hCiPSCs-0618_AGACAAAGTGTCCAAT-1	0.12674686	0.1319667	1	ambiguous	0	0	1
GSM7230012_hCiPSCs-0618_AGACAAAGTTGCCAAT-1	0.667574	0.6474409	1	ambiguous	0	0	1
GSM7230012_hCiPSCs-0618_AGACAAATCCCAAGTA-1	0.6493595	0.63008034	1	ambiguous	0	0	1
GSM7230012_hCiPSCs-0618_AGACAAATCCGTGGTG-1	0.43653843	0.42723584	1	ambiguous	0	0	1
GSM7230012_hCiPSCs-0618_AGACACTCAAGCCCAC-1	0.7622458	0.7376747	1	success	1	0	0
GSM7230012_hCiPSCs-0618_AGACACTCAAGGTCTT-1	0.7018079	0.68007004	1	ambiguous	0	0	1
GSM7230012_hCiPSCs-0618_AGACACTCACGAGAAC-1	0.1726354	0.17570408	1	ambiguous	0	0	1
GSM7230012_hCiPSCs-0618_AGACACTCAGCGGTCT-1	0.15283099	0.15682805	1	ambiguous	0	0	1
GSM7230012_hCiPSCs-0618_AGACACTCAGTCTGGC-1	0.60895544	0.5915703	1	ambiguous	0	0	1
GSM7230012_hCiPSCs-0618_AGACACTCAGTGGCTC-1	0.7576054	0.7332518	1	success	1	0	0
GSM7230012_hCiPSCs-0618_AGACACTCATGCCGGT-1	0.89494413	0.86415243	1	success	1	0	0
GSM7230012_hCiPSCs-0618_AGACACTGTCTACTGA-1	0.115056664	0.1208245	1	ambiguous	0	0	1
GSM7230012_hCiPSCs-0618_AGACACTGTTAGGAGC-1	0.39876056	0.39122894	1	ambiguous	0	0	1
GSM7230012_hCiPSCs-0618_AGACACTTCGTTCATT-1	0.55368435	0.53889024	1	ambiguous	0	0	1
GSM7230012_hCiPSCs-0618_AGACACTTCTGTCAGA-1	0.81750816	0.7903465	1	success	1	0	0
GSM7230012_hCiPSCs-0618_AGACAGGCACACTGGC-1	0.61563015	0.5979321	1	ambiguous	0	0	1
GSM7230012_hCiPSCs-0618_AGACAGGCAGATCATC-1	0.054375723	0.06298816	1	failure	0	1	0
GSM7230012_hCiPSCs-0618_AGACAGGCATAATGAG-1	0.11864438	0.124244034	1	ambiguous	0	0	1
GSM7230012_hCiPSCs-0618_AGACAGGCATGCAGGA-1	0.82780236	0.80015814	1	success	1	0	0
GSM7230012_hCiPSCs-0618_AGACAGGGTAGCTTAC-1	0.5989848	0.5820671	1	ambiguous	0	0	1
GSM7230012_hCiPSCs-0618_AGACAGGGTCGTAATC-1	0.47748408	0.46626204	1	ambiguous	0	0	1
GSM7230012_hCiPSCs-0618_AGACAGGGTTAGGGAC-1	0.7731004	0.74802047	1	success	1	0	0
GSM7230012_hCiPSCs-0618_AGACAGGGTTGCTTGA-1	0.14540032	0.14974572	1	ambiguous	0	0	1
GSM7230012_hCiPSCs-0618_AGACAGGTCCAATGCA-1	0.6893451	0.6681915	1	ambiguous	0	0	1
GSM7230012_hCiPSCs-0618_AGACAGGTCCAGCTCT-1	0.113586724	0.11942347	1	ambiguous	0	0	1
GSM7230012_hCiPSCs-0618_AGACAGGTCCTTCTGG-1	0.6287564	0.61044306	1	ambiguous	0	0	1
GSM7230012_hCiPSCs-0618_AGACCATAGACTGGGT-1	0.15521292	0.15909831	1	ambiguous	0	0	1
GSM7230012_hCiPSCs-0618_AGACCATAGCACTCGC-1	0.14655282	0.15084417	1	ambiguous	0	0	1
GSM7230012_hCiPSCs-0618_AGACCATAGTGGTTGG-1	0.6833504	0.6624778	1	ambiguous	0	0	1
GSM7230012_hCiPSCs-0618_AGACCATCACGAGGTA-1	0.81958574	0.7923267	1	success	1	0	0
GSM7230012_hCiPSCs-0618_AGACCATGTGAGAGGG-1	0.09960041	0.10609281	1	failure	0	1	0
GSM7230012_hCiPSCs-0618_AGACCATGTGCGACAA-1	0.21355215	0.21470271	1	ambiguous	0	0	1
GSM7230012_hCiPSCs-0618_AGACCATGTTTGTTGG-1	0.13198552	0.13695976	1	ambiguous	0	0	1
GSM7230012_hCiPSCs-0618_AGACCATTCCTCACGT-1	0.12941603	0.13451074	1	ambiguous	0	0	1
GSM7230012_hCiPSCs-0618_AGACCCGAGACGCAGT-1	0.6278061	0.6095373	1	ambiguous	0	0	1
GSM7230012_hCiPSCs-0618_AGACCCGAGCGGACAT-1	0.61471885	0.59706354	1	ambiguous	0	0	1
GSM7230012_hCiPSCs-0618_AGACCCGAGCGTTAGG-1	0.7081219	0.686088	1	ambiguous	0	0	1
GSM7230012_hCiPSCs-0618_AGACCCGCACACGGAA-1	0.7535212	0.7293591	1	ambiguous	0	0	1
GSM7230012_hCiPSCs-0618_AGACCCGCATCCGGCA-1	0.09200657	0.09885496	1	failure	0	1	0
GSM7230012_hCiPSCs-0618_AGACCCGCATGCCGAC-1	0.68084526	0.6600901	1	ambiguous	0	0	1
GSM7230012_hCiPSCs-0618_AGACCCGGTAGTGTGG-1	0.5920403	0.5754481	1	ambiguous	0	0	1
GSM7230012_hCiPSCs-0618_AGACCCGGTAGTTACC-1	0.06816213	0.07612829	1	failure	0	1	0
GSM7230012_hCiPSCs-0618_AGACCCGGTGAGCTCC-1	0.6367855	0.61809576	1	ambiguous	0	0	1
GSM7230012_hCiPSCs-0618_AGACCCGGTTGCGGAA-1	0.18100347	0.18367985	1	ambiguous	0	0	1
GSM7230012_hCiPSCs-0618_AGACCCGTCACTCACC-1	0.31706336	0.31336153	1	ambiguous	0	0	1
GSM7230012_hCiPSCs-0618_AGACCCGTCAGGACAG-1	0.6511466	0.6317836	1	ambiguous	0	0	1
GSM7230012_hCiPSCs-0618_AGACCCGTCCATCACC-1	0.14045283	0.14503014	1	ambiguous	0	0	1
GSM7230012_hCiPSCs-0618_AGACCCGTCCGACGGT-1	0.16968915	0.17289594	1	ambiguous	0	0	1
GSM7230012_hCiPSCs-0618_AGACCCGTCTACTGCC-1	0.72498286	0.70215863	1	ambiguous	0	0	1
GSM7230012_hCiPSCs-0618_AGACTCAAGCGCCTCA-1	0.081136316	0.08849427	1	failure	0	1	0
GSM7230012_hCiPSCs-0618_AGACTCACAACCAACT-1	0.25313115	0.25242633	1	ambiguous	0	0	1
GSM7230012_hCiPSCs-0618_AGACTCACATACAGAA-1	0.8727001	0.8429511	1	success	1	0	0
GSM7230012_hCiPSCs-0618_AGACTCACATCGTCCT-1	0.71386594	0.69156283	1	ambiguous	0	0	1
GSM7230012_hCiPSCs-0618_AGACTCAGTAAGTTGA-1	0.12670487	0.13192667	1	ambiguous	0	0	1
GSM7230012_hCiPSCs-0618_AGACTCAGTCAGCTTA-1	0.074540615	0.08220776	1	failure	0	1	0
GSM7230012_hCiPSCs-0618_AGACTCAGTGAGCTCC-1	0.76017195	0.7356981	1	success	1	0	0
GSM7230012_hCiPSCs-0618_AGACTCAGTGCAACGA-1	0.7586966	0.734292	1	success	1	0	0
GSM7230012_hCiPSCs-0618_AGACTCAGTGGTAACG-1	0.15818578	0.16193183	1	ambiguous	0	0	1
GSM7230012_hCiPSCs-0618_AGACTCAGTTCAGCGC-1	0.54411	0.5297647	1	ambiguous	0	0	1
GSM7230012_hCiPSCs-0618_AGACTCATCCACTGGG-1	0.061457735	0.06973819	1	failure	0	1	0
GSM7230012_hCiPSCs-0618_AGACTCATCCTGTAAG-1	0.09063224	0.09754505	1	failure	0	1	0
GSM7230012_hCiPSCs-0618_AGACTCATCGTGGAAG-1	0.6693776	0.64916	1	ambiguous	0	0	1
GSM7230012_hCiPSCs-0618_AGAGAATAGTATAACG-1	0.70739394	0.6853942	1	ambiguous	0	0	1
GSM7230012_hCiPSCs-0618_AGAGAATAGTGCCCGT-1	0.14688486	0.15116067	1	ambiguous	0	0	1
GSM7230012_hCiPSCs-0618_AGAGAATCACATATGC-1	0.14142966	0.1459612	1	ambiguous	0	0	1
GSM7230012_hCiPSCs-0618_AGAGAATGTAATTAGG-1	0.48624706	0.47461426	1	ambiguous	0	0	1
GSM7230012_hCiPSCs-0618_AGAGAATGTACGACTT-1	0.23905313	0.23900826	1	ambiguous	0	0	1
GSM7230012_hCiPSCs-0618_AGAGAATGTGCAACGA-1	0.40550464	0.39765686	1	ambiguous	0	0	1
GSM7230012_hCiPSCs-0618_AGAGAATGTGGCCCAT-1	0.65799403	0.6383101	1	ambiguous	0	0	1
GSM7230012_hCiPSCs-0618_AGAGAATGTTCCTAAG-1	0.085710905	0.09285442	1	failure	0	1	0
GSM7230012_hCiPSCs-0618_AGAGAGCAGCTACTGT-1	0.7030402	0.68124455	1	ambiguous	0	0	1
GSM7230012_hCiPSCs-0618_AGAGAGCAGTATGACA-1	0.6948093	0.6733995	1	ambiguous	0	0	1
GSM7230012_hCiPSCs-0618_AGAGAGCCAAACTCTG-1	0.63402635	0.61546594	1	ambiguous	0	0	1
GSM7230012_hCiPSCs-0618_AGAGAGCCAGCCATTA-1	0.14172556	0.14624321	1	ambiguous	0	0	1
GSM7230012_hCiPSCs-0618_AGAGAGCGTACCTAAC-1	0.64627784	0.62714314	1	ambiguous	0	0	1
GSM7230012_hCiPSCs-0618_AGAGAGCGTGTTAACC-1	0.6797644	0.6590599	1	ambiguous	0	0	1
GSM7230012_hCiPSCs-0618_AGAGAGCGTGTTACAC-1	0.56999254	0.5544339	1	ambiguous	0	0	1
GSM7230012_hCiPSCs-0618_AGAGAGCGTTCGGTAT-1	0.62137413	0.60340685	1	ambiguous	0	0	1
GSM7230012_hCiPSCs-0618_AGAGAGCTCATCACCC-1	0.58439046	0.5681569	1	ambiguous	0	0	1
GSM7230012_hCiPSCs-0618_AGAGAGCTCCACCCTA-1	0.53759927	0.52355915	1	ambiguous	0	0	1
GSM7230012_hCiPSCs-0618_AGAGAGCTCGACCACG-1	0.470583	0.4596845	1	ambiguous	0	0	1
GSM7230012_hCiPSCs-0618_AGAGAGCTCGTACCTC-1	0.48726806	0.4755874	1	ambiguous	0	0	1
GSM7230012_hCiPSCs-0618_AGAGAGCTCTACCACC-1	0.14850415	0.15270405	1	ambiguous	0	0	1
GSM7230012_hCiPSCs-0618_AGAGCAGAGATGCAGC-1	0.7440064	0.72029036	1	ambiguous	0	0	1
GSM7230012_hCiPSCs-0618_AGAGCAGAGCGATGAC-1	0.13871473	0.14337353	1	ambiguous	0	0	1
GSM7230012_hCiPSCs-0618_AGAGCAGAGCGTTGTT-1	0.08954837	0.09651199	1	failure	0	1	0
GSM7230012_hCiPSCs-0618_AGAGCAGAGGTATAGT-1	0.584972	0.56871116	1	ambiguous	0	0	1
GSM7230012_hCiPSCs-0618_AGAGCAGAGTACAGAT-1	0.7611698	0.73664916	1	success	1	0	0
GSM7230012_hCiPSCs-0618_AGAGCAGAGTAGCATA-1	0.6511923	0.6318272	1	ambiguous	0	0	1
GSM7230012_hCiPSCs-0618_AGAGCAGCAAGAGTTA-1	0.68487245	0.66392845	1	ambiguous	0	0	1
GSM7230012_hCiPSCs-0618_AGAGCAGCAATAAGGT-1	0.21011363	0.2114254	1	ambiguous	0	0	1
GSM7230012_hCiPSCs-0618_AGAGCAGCACGCACCA-1	0.12871395	0.13384157	1	ambiguous	0	0	1
GSM7230012_hCiPSCs-0618_AGAGCAGGTATACAGA-1	0.3483128	0.34314606	1	ambiguous	0	0	1
GSM7230012_hCiPSCs-0618_AGAGCAGGTCAGTCCG-1	0.6207762	0.6028369	1	ambiguous	0	0	1
GSM7230012_hCiPSCs-0618_AGAGCAGGTCGCGTTG-1	0.59254813	0.57593215	1	ambiguous	0	0	1
GSM7230012_hCiPSCs-0618_AGAGCAGTCACGTCCT-1	0.5858229	0.5695222	1	ambiguous	0	0	1
GSM7230012_hCiPSCs-0618_AGAGCAGTCTAGTTCT-1	0.69881713	0.6772195	1	ambiguous	0	0	1
GSM7230012_hCiPSCs-0618_AGAGCCCAGGACGCAT-1	0.70376503	0.6819354	1	ambiguous	0	0	1
GSM7230012_hCiPSCs-0618_AGAGCCCAGGTAGTAT-1	0.83734274	0.8092513	1	success	1	0	0
GSM7230012_hCiPSCs-0618_AGAGCCCCACAGTACT-1	0.18353178	0.18608965	1	ambiguous	0	0	1
GSM7230012_hCiPSCs-0618_AGAGCCCCACAGTGAG-1	0.5993867	0.5824501	1	ambiguous	0	0	1
GSM7230012_hCiPSCs-0618_AGAGCCCCAGACAATA-1	0.1511565	0.15523204	1	ambiguous	0	0	1
GSM7230012_hCiPSCs-0618_AGAGCCCCAGGTGGAT-1	0.11562569	0.12136685	1	ambiguous	0	0	1
GSM7230012_hCiPSCs-0618_AGAGCCCCAGGTGTTT-1	0.13928078	0.14391305	1	ambiguous	0	0	1
GSM7230012_hCiPSCs-0618_AGAGCCCGTCTCACAA-1	0.63853115	0.61975956	1	ambiguous	0	0	1
GSM7230012_hCiPSCs-0618_AGAGCCCGTGTGTGTT-1	0.5318117	0.5180429	1	ambiguous	0	0	1
GSM7230012_hCiPSCs-0618_AGAGCCCGTTGTGTTG-1	0.12091041	0.12640384	1	ambiguous	0	0	1
GSM7230012_hCiPSCs-0618_AGAGCCCTCAAACCTG-1	0.5592242	0.5441704	1	ambiguous	0	0	1
GSM7230012_hCiPSCs-0618_AGAGCCCTCTTCGTAT-1	0.6510112	0.6316546	1	ambiguous	0	0	1
GSM7230012_hCiPSCs-0618_AGATAGACAAGAGAGA-1	0.7210549	0.69841474	1	ambiguous	0	0	1
GSM7230012_hCiPSCs-0618_AGATAGACAGAAGCTG-1	0.6638526	0.643894	1	ambiguous	0	0	1
GSM7230012_hCiPSCs-0618_AGATAGAGTACACGTT-1	0.8341705	0.80622774	1	success	1	0	0
GSM7230012_hCiPSCs-0618_AGATAGAGTAGGAGGG-1	0.6404002	0.621541	1	ambiguous	0	0	1
GSM7230012_hCiPSCs-0618_AGATAGAGTCAGGCAA-1	0.20184334	0.2035428	1	ambiguous	0	0	1
GSM7230012_hCiPSCs-0618_AGATAGAGTCTGATAC-1	0.73000264	0.70694304	1	ambiguous	0	0	1
GSM7230012_hCiPSCs-0618_AGATAGAGTGTCCACG-1	0.48368952	0.4721766	1	ambiguous	0	0	1
GSM7230012_hCiPSCs-0618_AGATAGATCAAAGCCT-1	0.5820371	0.56591386	1	ambiguous	0	0	1
GSM7230012_hCiPSCs-0618_AGATAGATCGAGATAA-1	0.4614943	0.45102185	1	ambiguous	0	0	1
GSM7230012_hCiPSCs-0618_AGATAGATCGCCTAGG-1	0.112054504	0.11796308	1	ambiguous	0	0	1
GSM7230012_hCiPSCs-0618_AGATAGATCGGCTATA-1	0.6707525	0.6504705	1	ambiguous	0	0	1
GSM7230012_hCiPSCs-0618_AGATAGATCGTGTGAT-1	0.41678777	0.40841106	1	ambiguous	0	0	1
GSM7230012_hCiPSCs-0618_AGATCCAAGAACCCGA-1	0.08988186	0.09682984	1	failure	0	1	0
GSM7230012_hCiPSCs-0618_AGATCCAAGATGAAGG-1	0.5344523	0.5205597	1	ambiguous	0	0	1
GSM7230012_hCiPSCs-0618_AGATCCACAAGCGGAT-1	0.6266384	0.6084243	1	ambiguous	0	0	1
GSM7230012_hCiPSCs-0618_AGATCCACAGCTATAC-1	0.11035268	0.11634103	1	ambiguous	0	0	1
GSM7230012_hCiPSCs-0618_AGATCCAGTCCAGCCA-1	0.52754706	0.5139782	1	ambiguous	0	0	1
GSM7230012_hCiPSCs-0618_AGATCCAGTGATGAAT-1	0.124169596	0.12951024	1	ambiguous	0	0	1
GSM7230012_hCiPSCs-0618_AGATCCAGTGGCGTAA-1	0.56487715	0.54955834	1	ambiguous	0	0	1
GSM7230012_hCiPSCs-0618_AGATCCAGTTACAGCT-1	0.14033	0.14491308	1	ambiguous	0	0	1
GSM7230012_hCiPSCs-0618_AGATCCATCGGTCTAA-1	0.20426068	0.2058468	1	ambiguous	0	0	1
GSM7230012_hCiPSCs-0618_AGATCCATCTTGGTGA-1	0.731261	0.70814246	1	ambiguous	0	0	1
GSM7230012_hCiPSCs-0618_AGATCGTAGCTCGGCT-1	0.09781016	0.10438648	1	failure	0	1	0
GSM7230012_hCiPSCs-0618_AGATCGTCACGCGCAT-1	0.53540695	0.52146965	1	ambiguous	0	0	1
GSM7230012_hCiPSCs-0618_AGATCGTGTACTAAGA-1	0.63085717	0.61244535	1	ambiguous	0	0	1
GSM7230012_hCiPSCs-0618_AGATCGTGTGGTATGG-1	0.6816866	0.66089195	1	ambiguous	0	0	1
GSM7230012_hCiPSCs-0618_AGATCGTGTTCTTGCC-1	0.6607894	0.64097434	1	ambiguous	0	0	1
GSM7230012_hCiPSCs-0618_AGATCGTTCGCTAATG-1	0.57424265	0.5584848	1	ambiguous	0	0	1
GSM7230012_hCiPSCs-0618_AGATCGTTCTCAGGCG-1	0.12523715	0.13052775	1	ambiguous	0	0	1
GSM7230012_hCiPSCs-0618_AGATCGTTCTGTGCAA-1	0.16707344	0.17040285	1	ambiguous	0	0	1
GSM7230012_hCiPSCs-0618_AGATGAAAGAATAACC-1	0.6233973	0.6053351	1	ambiguous	0	0	1
GSM7230012_hCiPSCs-0618_AGATGAACAATAACCC-1	0.79048777	0.76459277	1	success	1	0	0
GSM7230012_hCiPSCs-0618_AGATGAAGTCATAGTC-1	0.6076705	0.59034556	1	ambiguous	0	0	1
GSM7230012_hCiPSCs-0618_AGATGAAGTCGCTCGA-1	0.62235636	0.604343	1	ambiguous	0	0	1
GSM7230012_hCiPSCs-0618_AGATGAAGTGCTAGCC-1	0.78893054	0.76310855	1	success	1	0	0
GSM7230012_hCiPSCs-0618_AGATGAAGTTCGCGTG-1	0.099786535	0.10627021	1	failure	0	1	0
GSM7230012_hCiPSCs-0618_AGATGAATCGAAACAA-1	0.8216134	0.79425925	1	success	1	0	0
GSM7230012_hCiPSCs-0618_AGATGCTAGCCAGACA-1	0.101709165	0.10810271	1	failure	0	1	0
GSM7230012_hCiPSCs-0618_AGATGCTCACTGCATA-1	0.12217113	0.12760545	1	ambiguous	0	0	1
GSM7230012_hCiPSCs-0618_AGATGCTGTGTCCACG-1	0.69036543	0.669164	1	ambiguous	0	0	1
GSM7230012_hCiPSCs-0618_AGATGCTTCAGAATAG-1	0.045772538	0.054788277	1	failure	0	1	0
GSM7230012_hCiPSCs-0618_AGATGCTTCATATGGC-1	0.16497792	0.16840556	1	ambiguous	0	0	1
GSM7230012_hCiPSCs-0618_AGCATCAAGCGGATCA-1	0.717575	0.69509804	1	ambiguous	0	0	1
GSM7230012_hCiPSCs-0618_AGCATCAAGGCCATAG-1	0.1596121	0.16329128	1	ambiguous	0	0	1
GSM7230012_hCiPSCs-0618_AGCATCAGTAGATCCT-1	0.15315944	0.1571411	1	ambiguous	0	0	1
GSM7230012_hCiPSCs-0618_AGCATCAGTCTAATCG-1	0.6972154	0.6756928	1	ambiguous	0	0	1
GSM7230012_hCiPSCs-0618_AGCATCAGTTTGAACC-1	0.43807614	0.4287015	1	ambiguous	0	0	1
GSM7230012_hCiPSCs-0618_AGCCAATAGACGAAGA-1	0.12026064	0.12578453	1	ambiguous	0	0	1
GSM7230012_hCiPSCs-0618_AGCCAATAGAGTCTGG-1	0.14242235	0.14690734	1	ambiguous	0	0	1
GSM7230012_hCiPSCs-0618_AGCCAATAGGGAGAAT-1	0.10594672	0.11214162	1	failure	0	1	0
GSM7230012_hCiPSCs-0618_AGCCAATAGGGCAGTT-1	0.19237685	0.19452009	1	ambiguous	0	0	1
GSM7230012_hCiPSCs-0618_AGCCAATCAAAGAGTT-1	0.54750943	0.53300476	1	ambiguous	0	0	1
GSM7230012_hCiPSCs-0618_AGCCAATCAGTAGTTC-1	0.8024844	0.776027	1	success	1	0	0
GSM7230012_hCiPSCs-0618_AGCCAATGTTGCCGCA-1	0.17572756	0.17865127	1	ambiguous	0	0	1
GSM7230012_hCiPSCs-0618_AGCCAATTCAACCCGG-1	0.6261065	0.60791737	1	ambiguous	0	0	1
GSM7230012_hCiPSCs-0618_AGCCAATTCCTGTAAG-1	0.11818913	0.123810135	1	ambiguous	0	0	1
GSM7230012_hCiPSCs-0618_AGCCAATTCGACCTAA-1	0.82580936	0.7982586	1	success	1	0	0
GSM7230012_hCiPSCs-0618_AGCCACGAGGTCGTAG-1	0.20812076	0.20952596	1	ambiguous	0	0	1
GSM7230012_hCiPSCs-0618_AGCCACGAGTAGATCA-1	0.69556916	0.67412376	1	ambiguous	0	0	1
GSM7230012_hCiPSCs-0618_AGCCACGCACTATCGA-1	0.5063121	0.49373868	1	ambiguous	0	0	1
GSM7230012_hCiPSCs-0618_AGCCACGCATCCTAAG-1	0.36613023	0.36012825	1	ambiguous	0	0	1
GSM7230012_hCiPSCs-0618_AGCCACGGTAGACAAT-1	0.62247884	0.60445976	1	ambiguous	0	0	1
GSM7230012_hCiPSCs-0618_AGCCACGGTCCTCCAT-1	0.7577246	0.7333655	1	success	1	0	0
GSM7230012_hCiPSCs-0618_AGCCACGGTGACAGCA-1	0.08383681	0.09106817	1	failure	0	1	0
GSM7230012_hCiPSCs-0618_AGCCACGGTGTAAATG-1	0.13055892	0.13560005	1	ambiguous	0	0	1
GSM7230012_hCiPSCs-0618_AGCCACGTCCGTATAG-1	0.3101809	0.30680174	1	ambiguous	0	0	1
GSM7230012_hCiPSCs-0618_AGCCACGTCGTGGCTG-1	0.46310115	0.45255336	1	ambiguous	0	0	1
GSM7230012_hCiPSCs-0618_AGCCAGCAGAGAATCT-1	0.5810868	0.5650081	1	ambiguous	0	0	1
GSM7230012_hCiPSCs-0618_AGCCAGCAGCACAAAT-1	0.86747533	0.8379713	1	success	1	0	0
GSM7230012_hCiPSCs-0618_AGCCAGCAGCTTTCCC-1	0.25881356	0.25784236	1	ambiguous	0	0	1
GSM7230012_hCiPSCs-0618_AGCCAGCAGTCATCGT-1	0.78969705	0.7638391	1	success	1	0	0
GSM7230012_hCiPSCs-0618_AGCCAGCCAAGATGTA-1	0.7885695	0.7627644	1	success	1	0	0
GSM7230012_hCiPSCs-0618_AGCCAGCCAAGGACAC-1	0.6706722	0.6503939	1	ambiguous	0	0	1
GSM7230012_hCiPSCs-0618_AGCCAGCCAGCGGATA-1	0.65490353	0.6353644	1	ambiguous	0	0	1
GSM7230012_hCiPSCs-0618_AGCCAGCGTACGAGTG-1	0.17718881	0.18004403	1	ambiguous	0	0	1
GSM7230012_hCiPSCs-0618_AGCCAGCGTCCTTAAG-1	0.53508794	0.52116555	1	ambiguous	0	0	1
GSM7230012_hCiPSCs-0618_AGCCAGCTCACTAGCA-1	0.8542248	0.825342	1	success	1	0	0
GSM7230012_hCiPSCs-0618_AGCCAGCTCCCACAGG-1	0.6929942	0.6716695	1	ambiguous	0	0	1
GSM7230012_hCiPSCs-0618_AGCCAGCTCTGGGCCA-1	0.38382894	0.3769973	1	ambiguous	0	0	1
GSM7230012_hCiPSCs-0618_AGCGATTAGTGCCTCG-1	0.27530316	0.27355894	1	ambiguous	0	0	1
GSM7230012_hCiPSCs-0618_AGCGATTCAATCTAGC-1	0.56760836	0.55216146	1	ambiguous	0	0	1
GSM7230012_hCiPSCs-0618_AGCGATTCAGGGTTGA-1	0.45749423	0.4472093	1	ambiguous	0	0	1
GSM7230012_hCiPSCs-0618_AGCGATTCATAGGTAA-1	0.49759135	0.48542672	1	ambiguous	0	0	1
GSM7230012_hCiPSCs-0618_AGCGATTGTCTCGGGT-1	0.51411134	0.5011723	1	ambiguous	0	0	1
GSM7230012_hCiPSCs-0618_AGCGATTTCGCTTACC-1	0.71581054	0.6934163	1	ambiguous	0	0	1
GSM7230012_hCiPSCs-0618_AGCGCCAAGATAGTCA-1	0.7425823	0.71893305	1	ambiguous	0	0	1
GSM7230012_hCiPSCs-0618_AGCGCCAAGTTGGCGA-1	0.68638396	0.66536915	1	ambiguous	0	0	1
GSM7230012_hCiPSCs-0618_AGCGCCACAATTGTGC-1	0.183638	0.18619089	1	ambiguous	0	0	1
GSM7230012_hCiPSCs-0618_AGCGCCAGTCATATGC-1	0.68595475	0.6649601	1	ambiguous	0	0	1
GSM7230012_hCiPSCs-0618_AGCGCCAGTCGAACGA-1	0.15062152	0.15472215	1	ambiguous	0	0	1
GSM7230012_hCiPSCs-0618_AGCGCCAGTGGAAGTC-1	0.7038828	0.6820477	1	ambiguous	0	0	1
GSM7230012_hCiPSCs-0618_AGCGCCATCAATCCGA-1	0.55940735	0.5443449	1	ambiguous	0	0	1
GSM7230012_hCiPSCs-0618_AGCGCCATCCAATCCC-1	0.69346553	0.6721188	1	ambiguous	0	0	1
GSM7230012_hCiPSCs-0618_AGCGCTGAGAGGGTCT-1	0.63994193	0.62110424	1	ambiguous	0	0	1
GSM7230012_hCiPSCs-0618_AGCGCTGAGTCTAGAA-1	0.60612524	0.5888728	1	ambiguous	0	0	1
GSM7230012_hCiPSCs-0618_AGCGCTGGTAGAGATT-1	0.66756976	0.6474369	1	ambiguous	0	0	1
GSM7230012_hCiPSCs-0618_AGCGCTGGTAGCTAAA-1	0.55183095	0.5371237	1	ambiguous	0	0	1
GSM7230012_hCiPSCs-0618_AGCGCTGGTATTCTCT-1	0.111452535	0.11738933	1	ambiguous	0	0	1
GSM7230012_hCiPSCs-0618_AGCGCTGGTCAGTCCG-1	0.18204817	0.18467559	1	ambiguous	0	0	1
GSM7230012_hCiPSCs-0618_AGCGCTGGTGAGATCG-1	0.23649232	0.2365675	1	ambiguous	0	0	1
GSM7230012_hCiPSCs-0618_AGCGCTGGTTCCGCGA-1	0.7596067	0.7351594	1	success	1	0	0
GSM7230012_hCiPSCs-0618_AGCGCTGTCAATCTCT-1	0.09509329	0.10179698	1	failure	0	1	0
GSM7230012_hCiPSCs-0618_AGCGTATCAAGATGGC-1	0.5561652	0.54125476	1	ambiguous	0	0	1
GSM7230012_hCiPSCs-0618_AGCGTATGTACAGTCT-1	0.6498935	0.6305893	1	ambiguous	0	0	1
GSM7230012_hCiPSCs-0618_AGCGTATGTCGAATGG-1	0.5186687	0.50551605	1	ambiguous	0	0	1
GSM7230012_hCiPSCs-0618_AGCGTATGTGCACGCT-1	0.6516794	0.63229144	1	ambiguous	0	0	1
GSM7230012_hCiPSCs-0618_AGCGTATTCACTCGAA-1	0.75696653	0.73264295	1	success	1	0	0
GSM7230012_hCiPSCs-0618_AGCGTCGGTCCTCAGG-1	0.31654754	0.3128699	1	ambiguous	0	0	1
GSM7230012_hCiPSCs-0618_AGCTACAAGTTCTCTT-1	0.7610372	0.73652273	1	success	1	0	0
GSM7230012_hCiPSCs-0618_AGCTACAGTGACGCCT-1	0.14291203	0.14737408	1	ambiguous	0	0	1
GSM7230012_hCiPSCs-0618_AGCTACAGTTGTGTTG-1	0.20557234	0.207097	1	ambiguous	0	0	1
GSM7230012_hCiPSCs-0618_AGCTACATCACTGTCC-1	0.1495036	0.15365665	1	ambiguous	0	0	1
GSM7230012_hCiPSCs-0618_AGCTACATCGTGCACG-1	0.69642144	0.6749361	1	ambiguous	0	0	1
GSM7230012_hCiPSCs-0618_AGCTCAAAGATCCCAT-1	0.0871005	0.09417886	1	failure	0	1	0
GSM7230012_hCiPSCs-0618_AGCTCAAAGCACCGAA-1	0.7438809	0.7201708	1	ambiguous	0	0	1
GSM7230012_hCiPSCs-0618_AGCTCAAAGCACGATG-1	0.6389028	0.6201138	1	ambiguous	0	0	1
GSM7230012_hCiPSCs-0618_AGCTCAAAGTCTGCGC-1	0.74378383	0.72007823	1	ambiguous	0	0	1
GSM7230012_hCiPSCs-0618_AGCTCAACAATCCTAG-1	0.13556235	0.14036892	1	ambiguous	0	0	1
GSM7230012_hCiPSCs-0618_AGCTCAACATCGAACT-1	0.6334154	0.61488366	1	ambiguous	0	0	1
GSM7230012_hCiPSCs-0618_AGCTCAAGTCCCAAAT-1	0.6245363	0.60642076	1	ambiguous	0	0	1
GSM7230012_hCiPSCs-0618_AGCTCAAGTTCGGCTG-1	0.8303161	0.8025541	1	success	1	0	0
GSM7230012_hCiPSCs-0618_AGCTCAATCCACGAAT-1	0.82020086	0.79291296	1	success	1	0	0
GSM7230012_hCiPSCs-0618_AGCTTCCAGAAACTGT-1	0.63713944	0.6184331	1	ambiguous	0	0	1
GSM7230012_hCiPSCs-0618_AGCTTCCCACGTAGAG-1	0.5636129	0.5483533	1	ambiguous	0	0	1
GSM7230012_hCiPSCs-0618_AGCTTCCCAGACCATT-1	0.15076067	0.15485477	1	ambiguous	0	0	1
GSM7230012_hCiPSCs-0618_AGCTTCCGTAAGAACT-1	0.6887341	0.6676091	1	ambiguous	0	0	1
GSM7230012_hCiPSCs-0618_AGCTTCCGTACTCGTA-1	0.7281868	0.70521235	1	ambiguous	0	0	1
GSM7230012_hCiPSCs-0618_AGCTTCCGTAGCCCTG-1	0.23181361	0.23210813	1	ambiguous	0	0	1
GSM7230012_hCiPSCs-0618_AGCTTCCTCACTAGCA-1	0.83928096	0.81109864	1	success	1	0	0
GSM7230012_hCiPSCs-0618_AGCTTCCTCCCAAGCG-1	0.12934498	0.13444301	1	ambiguous	0	0	1
GSM7230012_hCiPSCs-0618_AGCTTCCTCCGTCACT-1	0.35228777	0.34693468	1	ambiguous	0	0	1
GSM7230012_hCiPSCs-0618_AGCTTCCTCGAGCACC-1	0.6502404	0.63091993	1	ambiguous	0	0	1
GSM7230012_hCiPSCs-0618_AGGAAATAGATCCGAG-1	0.55990905	0.5448231	1	ambiguous	0	0	1
GSM7230012_hCiPSCs-0618_AGGAAATAGTATTGCC-1	0.5574779	0.5425059	1	ambiguous	0	0	1
GSM7230012_hCiPSCs-0618_AGGAAATCACCACTGG-1	0.82230073	0.7949144	1	success	1	0	0
GSM7230012_hCiPSCs-0618_AGGAAATGTTCAGGTT-1	0.76816636	0.7433178	1	success	1	0	0
GSM7230012_hCiPSCs-0618_AGGAAATTCGGTTGTA-1	0.10988004	0.11589055	1	ambiguous	0	0	1
GSM7230012_hCiPSCs-0618_AGGAAATTCTACCCAC-1	0.6553924	0.6358304	1	ambiguous	0	0	1
GSM7230012_hCiPSCs-0618_AGGAATAAGCACAAAT-1	0.15526049	0.15914366	1	ambiguous	0	0	1
GSM7230012_hCiPSCs-0618_AGGAATAAGCACTAGG-1	0.6295963	0.6112436	1	ambiguous	0	0	1
GSM7230012_hCiPSCs-0618_AGGAATAAGTGCCCGT-1	0.080202654	0.08760438	1	failure	0	1	0
GSM7230012_hCiPSCs-0618_AGGAATAAGTGGAATT-1	0.7519865	0.7278964	1	ambiguous	0	0	1
GSM7230012_hCiPSCs-0618_AGGAATACAGAGAAAG-1	0.7277669	0.7048121	1	ambiguous	0	0	1
GSM7230012_hCiPSCs-0618_AGGAATACAGCTCCTT-1	0.13953497	0.14415531	1	ambiguous	0	0	1
GSM7230012_hCiPSCs-0618_AGGAATACATGCCGGT-1	0.669449	0.64922804	1	ambiguous	0	0	1
GSM7230012_hCiPSCs-0618_AGGAATACATGGAGAC-1	0.743016	0.71934634	1	ambiguous	0	0	1
GSM7230012_hCiPSCs-0618_AGGAATAGTGCATTTG-1	0.6610506	0.6412234	1	ambiguous	0	0	1
GSM7230012_hCiPSCs-0618_AGGAATAGTTCCGGTG-1	0.59164786	0.5750741	1	ambiguous	0	0	1
GSM7230012_hCiPSCs-0618_AGGAATATCACCGACG-1	0.17056666	0.17373231	1	ambiguous	0	0	1
GSM7230012_hCiPSCs-0618_AGGAATATCTAGAACC-1	0.13428803	0.13915434	1	ambiguous	0	0	1
GSM7230012_hCiPSCs-0618_AGGAATATCTCTCTAA-1	0.7370847	0.71369314	1	ambiguous	0	0	1
GSM7230012_hCiPSCs-0618_AGGACGAAGACAAGCC-1	0.7346451	0.7113679	1	ambiguous	0	0	1
GSM7230012_hCiPSCs-0618_AGGACGAAGCTTTGTG-1	0.56884545	0.5533406	1	ambiguous	0	0	1
GSM7230012_hCiPSCs-0618_AGGACGACAGAAGCTG-1	0.55895954	0.54391813	1	ambiguous	0	0	1
GSM7230012_hCiPSCs-0618_AGGACGACAGGACAGT-1	0.16695139	0.1702865	1	ambiguous	0	0	1
GSM7230012_hCiPSCs-0618_AGGACGACATACAGGG-1	0.13220698	0.13717085	1	ambiguous	0	0	1
GSM7230012_hCiPSCs-0618_AGGACGACATTGTCGA-1	0.11737191	0.12303122	1	ambiguous	0	0	1
GSM7230012_hCiPSCs-0618_AGGACGAGTGTAGGAC-1	0.680895	0.6601375	1	ambiguous	0	0	1
GSM7230012_hCiPSCs-0618_AGGACGAGTTTAAGGA-1	0.553778	0.5389795	1	ambiguous	0	0	1
GSM7230012_hCiPSCs-0618_AGGACGAGTTTAGAGA-1	0.052498437	0.06119888	1	failure	0	1	0
GSM7230012_hCiPSCs-0618_AGGACGATCACGACTA-1	0.5498541	0.5352395	1	ambiguous	0	0	1
GSM7230012_hCiPSCs-0618_AGGACGATCAGTCAGT-1	0.6214368	0.6034666	1	ambiguous	0	0	1
GSM7230012_hCiPSCs-0618_AGGACGATCATTACCT-1	0.67953044	0.6588369	1	ambiguous	0	0	1
GSM7230012_hCiPSCs-0618_AGGACGATCGCAGATT-1	0.62051743	0.6025903	1	ambiguous	0	0	1
GSM7230012_hCiPSCs-0618_AGGACGATCTGCCTCA-1	0.08934147	0.09631478	1	failure	0	1	0
GSM7230012_hCiPSCs-0618_AGGACTTAGCACTAAA-1	0.12117857	0.12665942	1	ambiguous	0	0	1
GSM7230012_hCiPSCs-0618_AGGACTTAGCGAGTCA-1	0.536837	0.52283263	1	ambiguous	0	0	1
GSM7230012_hCiPSCs-0618_AGGACTTAGTCCCTAA-1	0.06588849	0.073961236	1	failure	0	1	0
GSM7230012_hCiPSCs-0618_AGGACTTCAGGAGGTT-1	0.7084439	0.68639493	1	ambiguous	0	0	1
GSM7230012_hCiPSCs-0618_AGGACTTCAGTTTCGA-1	0.59719026	0.58035666	1	ambiguous	0	0	1
GSM7230012_hCiPSCs-0618_AGGACTTTCAGCCCAG-1	0.80895513	0.78219444	1	success	1	0	0
GSM7230012_hCiPSCs-0618_AGGACTTTCCAGGACC-1	0.58029777	0.5642561	1	ambiguous	0	0	1
GSM7230012_hCiPSCs-0618_AGGACTTTCTACTTCA-1	0.6746104	0.6541475	1	ambiguous	0	0	1
GSM7230012_hCiPSCs-0618_AGGAGGTAGAGCATAT-1	0.7405774	0.7170221	1	ambiguous	0	0	1
GSM7230012_hCiPSCs-0618_AGGAGGTAGGCTGGAT-1	0.6296473	0.6112922	1	ambiguous	0	0	1
GSM7230012_hCiPSCs-0618_AGGAGGTCAAATCAAG-1	0.7605802	0.7360872	1	success	1	0	0
GSM7230012_hCiPSCs-0618_AGGAGGTGTGTAGGAC-1	0.64812124	0.6289001	1	ambiguous	0	0	1
GSM7230012_hCiPSCs-0618_AGGAGGTTCAGAGCAG-1	0.72334534	0.7005978	1	ambiguous	0	0	1
GSM7230012_hCiPSCs-0618_AGGAGGTTCATAAGGA-1	0.6549084	0.6353691	1	ambiguous	0	0	1
GSM7230012_hCiPSCs-0618_AGGAGGTTCCCATACC-1	0.10642628	0.1125987	1	failure	0	1	0
GSM7230012_hCiPSCs-0618_AGGAGGTTCTGCAGCG-1	0.6848952	0.6639502	1	ambiguous	0	0	1
GSM7230012_hCiPSCs-0618_AGGAGGTTCTGGGATT-1	0.15721281	0.16100445	1	ambiguous	0	0	1
GSM7230012_hCiPSCs-0618_AGGATAAAGAGACAAG-1	0.49783725	0.48566112	1	ambiguous	0	0	1
GSM7230012_hCiPSCs-0618_AGGATAAAGAGTTGCG-1	0.75413954	0.72994846	1	success	1	0	0
GSM7230012_hCiPSCs-0618_AGGATAAAGTCCCGGT-1	0.12861036	0.13374282	1	ambiguous	0	0	1
GSM7230012_hCiPSCs-0618_AGGATAACAACCGATT-1	0.8134378	0.78646696	1	success	1	0	0
GSM7230012_hCiPSCs-0618_AGGATAACATAGAATG-1	0.74916744	0.7252095	1	ambiguous	0	0	1
GSM7230012_hCiPSCs-0618_AGGATAAGTGCAACAG-1	0.5066487	0.4940595	1	ambiguous	0	0	1
GSM7230012_hCiPSCs-0618_AGGATAATCCACGAAT-1	0.61592275	0.59821105	1	ambiguous	0	0	1
GSM7230012_hCiPSCs-0618_AGGATAATCGAACCTA-1	0.704302	0.6824472	1	ambiguous	0	0	1
GSM7230012_hCiPSCs-0618_AGGATAATCGCTGTTC-1	0.8570671	0.82805103	1	success	1	0	0
GSM7230012_hCiPSCs-0618_AGGATCTAGCACTCAT-1	0.13753797	0.14225192	1	ambiguous	0	0	1
GSM7230012_hCiPSCs-0618_AGGATCTAGCTGGAGT-1	0.7305682	0.7074821	1	ambiguous	0	0	1
GSM7230012_hCiPSCs-0618_AGGATCTAGGAACGAA-1	0.10060825	0.10705341	1	failure	0	1	0
GSM7230012_hCiPSCs-0618_AGGATCTAGTGGTCAG-1	0.12076649	0.12626666	1	ambiguous	0	0	1
GSM7230012_hCiPSCs-0618_AGGATCTCACTCTAGA-1	0.7557267	0.7314612	1	success	1	0	0
GSM7230012_hCiPSCs-0618_AGGATCTCAGAGATTA-1	0.6709918	0.65069854	1	ambiguous	0	0	1
GSM7230012_hCiPSCs-0618_AGGATCTCAGGCACAA-1	0.4603581	0.44993892	1	ambiguous	0	0	1
GSM7230012_hCiPSCs-0618_AGGATCTGTAGGTCAG-1	0.16772929	0.17102794	1	ambiguous	0	0	1
GSM7230012_hCiPSCs-0618_AGGATCTGTCCAGGTC-1	0.0787056	0.086177506	1	failure	0	1	0
GSM7230012_hCiPSCs-0618_AGGATCTGTCCTACGG-1	0.19943306	0.20124552	1	ambiguous	0	0	1
GSM7230012_hCiPSCs-0618_AGGATCTGTCTGCCTT-1	0.6884153	0.66730523	1	ambiguous	0	0	1
GSM7230012_hCiPSCs-0618_AGGATCTGTGGATACG-1	0.7537785	0.72960436	1	ambiguous	0	0	1
GSM7230012_hCiPSCs-0618_AGGATCTGTGTCTTCC-1	0.5925503	0.57593423	1	ambiguous	0	0	1
GSM7230012_hCiPSCs-0618_AGGATCTGTGTTGCCG-1	0.67236304	0.6520055	1	ambiguous	0	0	1
GSM7230012_hCiPSCs-0618_AGGATCTTCAGATTGC-1	0.6258509	0.60767376	1	ambiguous	0	0	1
GSM7230012_hCiPSCs-0618_AGGCATTAGAAACACT-1	0.16857022	0.17182946	1	ambiguous	0	0	1
GSM7230012_hCiPSCs-0618_AGGCATTAGAAGGATG-1	0.15602018	0.15986773	1	ambiguous	0	0	1
GSM7230012_hCiPSCs-0618_AGGCATTAGAAGTCAT-1	0.4089241	0.40091604	1	ambiguous	0	0	1
GSM7230012_hCiPSCs-0618_AGGCATTAGGAGAATG-1	0.087495685	0.09455553	1	failure	0	1	0
GSM7230012_hCiPSCs-0618_AGGCATTCACCTCTAC-1	0.18531659	0.1877908	1	ambiguous	0	0	1
GSM7230012_hCiPSCs-0618_AGGCATTCATGGCGCT-1	0.7709911	0.74601007	1	success	1	0	0
GSM7230012_hCiPSCs-0618_AGGCATTGTCGCACAC-1	0.612149	0.59461415	1	ambiguous	0	0	1
GSM7230012_hCiPSCs-0618_AGGCATTGTCTGTCAA-1	0.14030643	0.1448906	1	ambiguous	0	0	1
GSM7230012_hCiPSCs-0618_AGGCATTTCATGGATC-1	0.7414094	0.7178151	1	ambiguous	0	0	1
GSM7230012_hCiPSCs-0618_AGGCCACAGAGCAGCT-1	0.22371283	0.2243871	1	ambiguous	0	0	1
GSM7230012_hCiPSCs-0618_AGGCCACAGAGTATAC-1	0.6900886	0.6689002	1	ambiguous	0	0	1
GSM7230012_hCiPSCs-0618_AGGCCACAGATGATTG-1	0.6908809	0.66965526	1	ambiguous	0	0	1
GSM7230012_hCiPSCs-0618_AGGCCACCATCAGCTA-1	0.13721766	0.14194663	1	ambiguous	0	0	1
GSM7230012_hCiPSCs-0618_AGGCCACCATCAGTCA-1	0.6983057	0.676732	1	ambiguous	0	0	1
GSM7230012_hCiPSCs-0618_AGGCCACGTCATCCCT-1	0.6804111	0.65967625	1	ambiguous	0	0	1
GSM7230012_hCiPSCs-0618_AGGCCACGTGCCCTTT-1	0.1257072	0.13097575	1	ambiguous	0	0	1
GSM7230012_hCiPSCs-0618_AGGCCACTCATGCCAA-1	0.5405144	0.5263376	1	ambiguous	0	0	1
GSM7230012_hCiPSCs-0618_AGGCCACTCGATACGT-1	0.66270065	0.6427961	1	ambiguous	0	0	1
GSM7230012_hCiPSCs-0618_AGGCTGCAGATACTGA-1	0.7017536	0.6800183	1	ambiguous	0	0	1
GSM7230012_hCiPSCs-0618_AGGCTGCAGCAGCCTC-1	0.6770654	0.6564874	1	ambiguous	0	0	1
GSM7230012_hCiPSCs-0618_AGGCTGCAGCCTGCCA-1	0.09311285	0.09990937	1	failure	0	1	0
GSM7230012_hCiPSCs-0618_AGGCTGCAGCTGAGTG-1	0.40623882	0.39835665	1	ambiguous	0	0	1
GSM7230012_hCiPSCs-0618_AGGCTGCAGGATTCCT-1	0.68951637	0.6683547	1	ambiguous	0	0	1
GSM7230012_hCiPSCs-0618_AGGCTGCCAGCGTATT-1	0.67498505	0.6545046	1	ambiguous	0	0	1
GSM7230012_hCiPSCs-0618_AGGCTGCCATGTTTGG-1	0.12363783	0.1290034	1	ambiguous	0	0	1
GSM7230012_hCiPSCs-0618_AGGCTGCGTACGTACT-1	0.5092401	0.4965294	1	ambiguous	0	0	1
GSM7230012_hCiPSCs-0618_AGGCTGCGTCAAGGCA-1	0.40330756	0.39556277	1	ambiguous	0	0	1
GSM7230012_hCiPSCs-0618_AGGCTGCGTGCAAGAC-1	0.67142165	0.6511082	1	ambiguous	0	0	1
GSM7230012_hCiPSCs-0618_AGGCTGCTCAAAGAAC-1	0.73595583	0.7126172	1	ambiguous	0	0	1
GSM7230012_hCiPSCs-0618_AGGCTGCTCCTCTTTC-1	0.46851102	0.45770964	1	ambiguous	0	0	1
GSM7230012_hCiPSCs-0618_AGGCTGCTCGTTCATT-1	0.65637183	0.63676393	1	ambiguous	0	0	1
GSM7230012_hCiPSCs-0618_AGGCTGCTCTAGATCG-1	0.6245256	0.60641056	1	ambiguous	0	0	1
GSM7230012_hCiPSCs-0618_AGGGAGTAGCTTCGTA-1	0.1657182	0.16911112	1	ambiguous	0	0	1
GSM7230012_hCiPSCs-0618_AGGGAGTAGGAGTACC-1	0.12897195	0.13408747	1	ambiguous	0	0	1
GSM7230012_hCiPSCs-0618_AGGGAGTAGGGAGAAT-1	0.46434915	0.45374286	1	ambiguous	0	0	1
GSM7230012_hCiPSCs-0618_AGGGAGTCACCATATG-1	0.6600793	0.6402976	1	ambiguous	0	0	1
GSM7230012_hCiPSCs-0618_AGGGAGTCAGTGGCTC-1	0.52957153	0.51590776	1	ambiguous	0	0	1
GSM7230012_hCiPSCs-0618_AGGGAGTGTCACCGAC-1	0.139607	0.14422397	1	ambiguous	0	0	1
GSM7230012_hCiPSCs-0618_AGGGAGTTCAGGACAG-1	0.6584037	0.63870054	1	ambiguous	0	0	1
GSM7230012_hCiPSCs-0618_AGGGAGTTCAGTCAGT-1	0.4971511	0.48500714	1	ambiguous	0	0	1
GSM7230012_hCiPSCs-0618_AGGGAGTTCGATAACC-1	0.13324714	0.13816224	1	ambiguous	0	0	1
GSM7230012_hCiPSCs-0618_AGGGAGTTCTACGCAA-1	0.59727544	0.5804379	1	ambiguous	0	0	1
GSM7230012_hCiPSCs-0618_AGGGAGTTCTGTCGTC-1	0.6466448	0.62749285	1	ambiguous	0	0	1
GSM7230012_hCiPSCs-0618_AGGGCCTAGAGCGACT-1	0.14185268	0.14636438	1	ambiguous	0	0	1
GSM7230012_hCiPSCs-0618_AGGGCCTAGCATTTGC-1	0.36825508	0.3621535	1	ambiguous	0	0	1
GSM7230012_hCiPSCs-0618_AGGGCCTAGCGGTATG-1	0.64725363	0.62807316	1	ambiguous	0	0	1
GSM7230012_hCiPSCs-0618_AGGGCCTAGTTTCGGT-1	0.65144217	0.63206536	1	ambiguous	0	0	1
GSM7230012_hCiPSCs-0618_AGGGCCTCAGCCGTTG-1	0.6430347	0.62405205	1	ambiguous	0	0	1
GSM7230012_hCiPSCs-0618_AGGGCCTCAGGTCCGT-1	0.2318237	0.23211773	1	ambiguous	0	0	1
GSM7230012_hCiPSCs-0618_AGGGCCTCATAGGAGC-1	0.5414752	0.5272534	1	ambiguous	0	0	1
GSM7230012_hCiPSCs-0618_AGGGCCTGTATGTCCA-1	0.17041226	0.17358513	1	ambiguous	0	0	1
GSM7230012_hCiPSCs-0618_AGGGCCTGTTTCGCTC-1	0.12174726	0.12720145	1	ambiguous	0	0	1
GSM7230012_hCiPSCs-0618_AGGGCCTTCAACCTTT-1	0.15595025	0.15980108	1	ambiguous	0	0	1
GSM7230012_hCiPSCs-0618_AGGGCCTTCCACTTTA-1	0.12436163	0.12969327	1	ambiguous	0	0	1
GSM7230012_hCiPSCs-0618_AGGGCCTTCCGTATGA-1	0.1275298	0.13271292	1	ambiguous	0	0	1
GSM7230012_hCiPSCs-0618_AGGGCCTTCCTAACAG-1	0.60257566	0.5854896	1	ambiguous	0	0	1
GSM7230012_hCiPSCs-0618_AGGGCCTTCTCGTTTA-1	0.13966818	0.14428228	1	ambiguous	0	0	1
GSM7230012_hCiPSCs-0618_AGGGCTCAGGGCAGGA-1	0.7652987	0.74058455	1	success	1	0	0
GSM7230012_hCiPSCs-0618_AGGGCTCAGTTCACTG-1	0.5470967	0.53261137	1	ambiguous	0	0	1
GSM7230012_hCiPSCs-0618_AGGGCTCCAATGAACA-1	0.5066458	0.49405673	1	ambiguous	0	0	1
GSM7230012_hCiPSCs-0618_AGGGCTCCATTGCCTC-1	0.13582374	0.14061807	1	ambiguous	0	0	1
GSM7230012_hCiPSCs-0618_AGGGCTCGTCAACACT-1	0.7978366	0.77159715	1	success	1	0	0
GSM7230012_hCiPSCs-0618_AGGGCTCTCATATGGC-1	0.58514357	0.5688747	1	ambiguous	0	0	1
GSM7230012_hCiPSCs-0618_AGGGCTCTCCTCTAAT-1	0.15431124	0.1582389	1	ambiguous	0	0	1
GSM7230012_hCiPSCs-0618_AGGGCTCTCGAGCTGC-1	0.7034217	0.6816082	1	ambiguous	0	0	1
GSM7230012_hCiPSCs-0618_AGGGTCCAGCCAAGCA-1	0.735425	0.71211123	1	ambiguous	0	0	1
GSM7230012_hCiPSCs-0618_AGGGTCCAGGACTTCT-1	0.29665264	0.29390764	1	ambiguous	0	0	1
GSM7230012_hCiPSCs-0618_AGGGTCCAGGATTCAA-1	0.18560274	0.18806352	1	ambiguous	0	0	1
GSM7230012_hCiPSCs-0618_AGGGTCCAGTCATGAA-1	0.13915826	0.14379627	1	ambiguous	0	0	1
GSM7230012_hCiPSCs-0618_AGGGTCCCACAAGTTC-1	0.65797365	0.63829064	1	ambiguous	0	0	1
GSM7230012_hCiPSCs-0618_AGGGTCCCACACGGAA-1	0.6653476	0.64531887	1	ambiguous	0	0	1
GSM7230012_hCiPSCs-0618_AGGGTCCCAGCTCGGT-1	0.6156296	0.5979316	1	ambiguous	0	0	1
GSM7230012_hCiPSCs-0618_AGGGTCCCAGTCAGTT-1	0.7421975	0.71856624	1	ambiguous	0	0	1
GSM7230012_hCiPSCs-0618_AGGGTCCGTCGAACGA-1	0.5646513	0.5493431	1	ambiguous	0	0	1
GSM7230012_hCiPSCs-0618_AGGGTCCTCATCACCC-1	0.19964841	0.20145077	1	ambiguous	0	0	1
GSM7230012_hCiPSCs-0618_AGGGTCCTCGTTGTAG-1	0.5245915	0.51116115	1	ambiguous	0	0	1
GSM7230012_hCiPSCs-0618_AGGGTGAAGCTAGAAT-1	0.557065	0.5421124	1	ambiguous	0	0	1
GSM7230012_hCiPSCs-0618_AGGGTGACAACCCTCT-1	0.68899035	0.66785336	1	ambiguous	0	0	1
GSM7230012_hCiPSCs-0618_AGGGTGACAACGACAG-1	0.13371487	0.13860805	1	ambiguous	0	0	1
GSM7230012_hCiPSCs-0618_AGGGTGACAATGTCTG-1	0.7245839	0.70177835	1	ambiguous	0	0	1
GSM7230012_hCiPSCs-0618_AGGGTGACAATTCACG-1	0.71273893	0.69048864	1	ambiguous	0	0	1
GSM7230012_hCiPSCs-0618_AGGGTGACACGTAACT-1	0.66551584	0.64547926	1	ambiguous	0	0	1
GSM7230012_hCiPSCs-0618_AGGGTGACATAACCCA-1	0.03035545	0.04009391	1	failure	0	1	0
GSM7230012_hCiPSCs-0618_AGGGTGACATCGAGCC-1	0.16920659	0.17243598	1	ambiguous	0	0	1
GSM7230012_hCiPSCs-0618_AGGGTGACATTCACCC-1	0.103791274	0.11008721	1	failure	0	1	0
GSM7230012_hCiPSCs-0618_AGGGTGATCCGTGCGA-1	0.6765526	0.65599865	1	ambiguous	0	0	1
GSM7230012_hCiPSCs-0618_AGGGTGATCGGCATTA-1	0.48137707	0.46997255	1	ambiguous	0	0	1
GSM7230012_hCiPSCs-0618_AGGGTTTAGACATCCT-1	0.12023887	0.12576379	1	ambiguous	0	0	1
GSM7230012_hCiPSCs-0618_AGGGTTTCATGTGGCC-1	0.09422816	0.1009724	1	failure	0	1	0
GSM7230012_hCiPSCs-0618_AGGGTTTTCAATCCGA-1	0.6738133	0.6533877	1	ambiguous	0	0	1
GSM7230012_hCiPSCs-0618_AGGGTTTTCTTTACAC-1	0.08279548	0.09007566	1	failure	0	1	0
GSM7230012_hCiPSCs-0618_AGGTAGGCACAAATAG-1	0.10786282	0.113967896	1	ambiguous	0	0	1
GSM7230012_hCiPSCs-0618_AGGTAGGCATCTCAAG-1	0.53649354	0.5225053	1	ambiguous	0	0	1
GSM7230012_hCiPSCs-0618_AGGTAGGCATGCCGCA-1	0.15882076	0.16253702	1	ambiguous	0	0	1
GSM7230012_hCiPSCs-0618_AGGTAGGGTAACGGTG-1	0.1322521	0.13721384	1	ambiguous	0	0	1
GSM7230012_hCiPSCs-0618_AGGTAGGGTCTAGGTT-1	0.68737257	0.6663114	1	ambiguous	0	0	1
GSM7230012_hCiPSCs-0618_AGGTAGGGTTCCCAAA-1	0.5537576	0.53896004	1	ambiguous	0	0	1
GSM7230012_hCiPSCs-0618_AGGTAGGTCACCTCTG-1	0.13780019	0.14250186	1	ambiguous	0	0	1
GSM7230012_hCiPSCs-0618_AGGTAGGTCCATTGTT-1	0.6464261	0.6272844	1	ambiguous	0	0	1
GSM7230012_hCiPSCs-0618_AGGTAGGTCGGCACTG-1	0.3824933	0.37572423	1	ambiguous	0	0	1
GSM7230012_hCiPSCs-0618_AGGTCATAGGCACGAT-1	0.47216716	0.4611944	1	ambiguous	0	0	1
GSM7230012_hCiPSCs-0618_AGGTCATAGTGTTCCA-1	0.6012816	0.5842562	1	ambiguous	0	0	1
GSM7230012_hCiPSCs-0618_AGGTCATCACATTCTT-1	0.16509376	0.16851597	1	ambiguous	0	0	1
GSM7230012_hCiPSCs-0618_AGGTCATCACGAAAGC-1	0.11559923	0.12134164	1	ambiguous	0	0	1
GSM7230012_hCiPSCs-0618_AGGTCATGTTTAGACC-1	0.45062596	0.440663	1	ambiguous	0	0	1
GSM7230012_hCiPSCs-0618_AGGTCATTCAGCCTCT-1	0.7462647	0.72244275	1	ambiguous	0	0	1
GSM7230012_hCiPSCs-0618_AGGTCTAAGACATAAC-1	0.6965305	0.67504007	1	ambiguous	0	0	1
GSM7230012_hCiPSCs-0618_AGGTCTAAGCAGGCTA-1	0.13000159	0.13506883	1	ambiguous	0	0	1
GSM7230012_hCiPSCs-0618_AGGTCTAAGGTACAGC-1	0.45478114	0.4446234	1	ambiguous	0	0	1
GSM7230012_hCiPSCs-0618_AGGTCTAAGTATGGCG-1	0.1020224	0.10840126	1	failure	0	1	0
GSM7230012_hCiPSCs-0618_AGGTCTAGTATCCTTT-1	0.62794137	0.6096662	1	ambiguous	0	0	1
GSM7230012_hCiPSCs-0618_AGGTCTAGTGCAGGAT-1	0.63321936	0.6146968	1	ambiguous	0	0	1
GSM7230012_hCiPSCs-0618_AGGTCTATCAAGCCAT-1	0.66369396	0.6437428	1	ambiguous	0	0	1
GSM7230012_hCiPSCs-0618_AGGTCTATCCAAACCA-1	0.18727185	0.18965438	1	ambiguous	0	0	1
GSM7230012_hCiPSCs-0618_AGGTCTATCCCATACC-1	0.5541059	0.539292	1	ambiguous	0	0	1
GSM7230012_hCiPSCs-0618_AGGTCTATCGTCAGAT-1	0.67478156	0.65431064	1	ambiguous	0	0	1
GSM7230012_hCiPSCs-0618_AGGTCTATCTACTATC-1	0.75081414	0.726779	1	ambiguous	0	0	1
GSM7230012_hCiPSCs-0618_AGGTGTTAGACAACTA-1	0.720702	0.6980784	1	ambiguous	0	0	1
GSM7230012_hCiPSCs-0618_AGGTGTTAGGTTCTTG-1	0.69188905	0.67061615	1	ambiguous	0	0	1
GSM7230012_hCiPSCs-0618_AGGTGTTGTACGACTT-1	0.63037604	0.61198676	1	ambiguous	0	0	1
GSM7230012_hCiPSCs-0618_AGGTTACAGTTGTCAC-1	0.6459652	0.6268451	1	ambiguous	0	0	1
GSM7230012_hCiPSCs-0618_AGGTTACCACTGTTCC-1	0.1082745	0.11436027	1	ambiguous	0	0	1
GSM7230012_hCiPSCs-0618_AGGTTACCACTTGAAC-1	0.87601334	0.84610903	1	success	1	0	0
GSM7230012_hCiPSCs-0618_AGGTTACCAGGCTCTG-1	0.08844277	0.09545822	1	failure	0	1	0
GSM7230012_hCiPSCs-0618_AGGTTACTCAGCATTG-1	0.63085115	0.6124396	1	ambiguous	0	0	1
GSM7230012_hCiPSCs-0618_AGGTTGTAGCACACCC-1	0.7979116	0.7716686	1	success	1	0	0
GSM7230012_hCiPSCs-0618_AGGTTGTAGGTCGTAG-1	0.23797344	0.23797919	1	ambiguous	0	0	1
GSM7230012_hCiPSCs-0618_AGGTTGTAGTCCCGGT-1	0.532505	0.5187037	1	ambiguous	0	0	1
GSM7230012_hCiPSCs-0618_AGGTTGTAGTGCAGGT-1	0.151222	0.1552945	1	ambiguous	0	0	1
GSM7230012_hCiPSCs-0618_AGGTTGTCACGGCGTT-1	0.6558839	0.6362989	1	ambiguous	0	0	1
GSM7230012_hCiPSCs-0618_AGGTTGTCATTGACAC-1	0.059894152	0.0682479	1	failure	0	1	0
GSM7230012_hCiPSCs-0618_AGGTTGTGTCCACTTC-1	0.6775173	0.6569181	1	ambiguous	0	0	1
GSM7230012_hCiPSCs-0618_AGGTTGTGTCTGTCCT-1	0.5966608	0.57985204	1	ambiguous	0	0	1
GSM7230012_hCiPSCs-0618_AGGTTGTGTGTTCAGT-1	0.60607845	0.58882815	1	ambiguous	0	0	1
GSM7230012_hCiPSCs-0618_AGGTTGTGTTGGTACT-1	0.5836059	0.5674091	1	ambiguous	0	0	1
GSM7230012_hCiPSCs-0618_AGGTTGTGTTTAGACC-1	0.60907745	0.5916866	1	ambiguous	0	0	1
GSM7230012_hCiPSCs-0618_AGGTTGTTCATGCATG-1	0.15581146	0.1596688	1	ambiguous	0	0	1
GSM7230012_hCiPSCs-0618_AGGTTGTTCGACCCAG-1	0.72787815	0.70491815	1	ambiguous	0	0	1
GSM7230012_hCiPSCs-0618_AGTAACCAGATAGCAT-1	0.78032184	0.75490344	1	success	1	0	0
GSM7230012_hCiPSCs-0618_AGTAACCAGTCATTGC-1	0.62545	0.6072917	1	ambiguous	0	0	1
GSM7230012_hCiPSCs-0618_AGTAACCCAGTTCTAG-1	0.110497735	0.11647929	1	ambiguous	0	0	1
GSM7230012_hCiPSCs-0618_AGTAACCCATCCGGCA-1	0.6740606	0.65362346	1	ambiguous	0	0	1
GSM7230012_hCiPSCs-0618_AGTAACCGTAAGGTCG-1	0.69659376	0.6751003	1	ambiguous	0	0	1
GSM7230012_hCiPSCs-0618_AGTAACCGTACCGTCG-1	0.13661174	0.14136913	1	ambiguous	0	0	1
GSM7230012_hCiPSCs-0618_AGTAACCGTGGCGTAA-1	0.17262687	0.17569594	1	ambiguous	0	0	1
GSM7230012_hCiPSCs-0618_AGTAACCTCAACCCGG-1	0.62796295	0.6096868	1	ambiguous	0	0	1
GSM7230012_hCiPSCs-0618_AGTAACCTCAAGTTGC-1	0.14295074	0.14741096	1	ambiguous	0	0	1
GSM7230012_hCiPSCs-0618_AGTAACCTCGCTGACG-1	0.6334177	0.61488587	1	ambiguous	0	0	1
GSM7230012_hCiPSCs-0618_AGTAACCTCTAGAACC-1	0.60748035	0.5901644	1	ambiguous	0	0	1
GSM7230012_hCiPSCs-0618_AGTACCAAGGAGCTGT-1	0.8051835	0.77859956	1	success	1	0	0
GSM7230012_hCiPSCs-0618_AGTACCAAGGGAGTTC-1	0.7764668	0.75122905	1	success	1	0	0
GSM7230012_hCiPSCs-0618_AGTACCAAGTAGCATA-1	0.75733733	0.7329964	1	success	1	0	0
GSM7230012_hCiPSCs-0618_AGTACCACACGGTGCT-1	0.20830505	0.2097016	1	ambiguous	0	0	1
GSM7230012_hCiPSCs-0618_AGTACCACATACCAGT-1	0.14319491	0.14764369	1	ambiguous	0	0	1
GSM7230012_hCiPSCs-0618_AGTACCACATATGCGT-1	0.7030362	0.6812408	1	ambiguous	0	0	1
GSM7230012_hCiPSCs-0618_AGTACCACATATGGCT-1	0.09230765	0.09914192	1	failure	0	1	0
GSM7230012_hCiPSCs-0618_AGTACCAGTATCCTCC-1	0.7507748	0.72674143	1	ambiguous	0	0	1
GSM7230012_hCiPSCs-0618_AGTACCAGTCATCCGG-1	0.5254543	0.5119835	1	ambiguous	0	0	1
GSM7230012_hCiPSCs-0618_AGTACCAGTGAATGAT-1	0.77486026	0.74969786	1	success	1	0	0
GSM7230012_hCiPSCs-0618_AGTACCATCCAGCCTT-1	0.52295244	0.509599	1	ambiguous	0	0	1
GSM7230012_hCiPSCs-0618_AGTACCATCGGAGTAG-1	0.12062125	0.12612823	1	ambiguous	0	0	1
GSM7230012_hCiPSCs-0618_AGTACCATCGTAACCA-1	0.5780268	0.5620915	1	ambiguous	0	0	1
GSM7230012_hCiPSCs-0618_AGTACCATCTAGTACG-1	0.8529115	0.8240902	1	success	1	0	0
GSM7230012_hCiPSCs-0618_AGTACCATCTTCCACG-1	0.36104012	0.35527676	1	ambiguous	0	0	1
GSM7230012_hCiPSCs-0618_AGTACTGAGACCGTTT-1	0.6752781	0.6547839	1	ambiguous	0	0	1
GSM7230012_hCiPSCs-0618_AGTACTGAGAGGCCAT-1	0.76774085	0.7429122	1	success	1	0	0
GSM7230012_hCiPSCs-0618_AGTACTGAGGACTAAT-1	0.8146619	0.7876337	1	success	1	0	0
GSM7230012_hCiPSCs-0618_AGTACTGCATTAGGCT-1	0.8274529	0.7998251	1	success	1	0	0
GSM7230012_hCiPSCs-0618_AGTACTGGTATTTCTC-1	0.6821447	0.6613286	1	ambiguous	0	0	1
GSM7230012_hCiPSCs-0618_AGTACTGGTCCTCAGG-1	0.4367534	0.42744073	1	ambiguous	0	0	1
GSM7230012_hCiPSCs-0618_AGTACTGGTGCCTTCT-1	0.09076689	0.09767339	1	failure	0	1	0
GSM7230012_hCiPSCs-0618_AGTACTGTCATGTCAG-1	0.68826854	0.6671654	1	ambiguous	0	0	1
GSM7230012_hCiPSCs-0618_AGTACTGTCCTACCAC-1	0.1536428	0.1576018	1	ambiguous	0	0	1
GSM7230012_hCiPSCs-0618_AGTACTGTCGCCAACG-1	0.66295975	0.64304304	1	ambiguous	0	0	1
GSM7230012_hCiPSCs-0618_AGTAGCTAGACATAGT-1	0.36395493	0.3580549	1	ambiguous	0	0	1
GSM7230012_hCiPSCs-0618_AGTAGCTAGGCCTAAG-1	0.15527597	0.15915842	1	ambiguous	0	0	1
GSM7230012_hCiPSCs-0618_AGTAGCTCACAACATC-1	0.77703947	0.7517749	1	success	1	0	0
GSM7230012_hCiPSCs-0618_AGTAGCTGTACGAGTG-1	0.5993522	0.58241725	1	ambiguous	0	0	1
GSM7230012_hCiPSCs-0618_AGTAGCTGTATCGTAC-1	0.68772715	0.66664934	1	ambiguous	0	0	1
GSM7230012_hCiPSCs-0618_AGTAGCTGTCTTAGTG-1	0.7033103	0.681502	1	ambiguous	0	0	1
GSM7230012_hCiPSCs-0618_AGTAGCTGTTCGGACC-1	0.54554313	0.5311307	1	ambiguous	0	0	1
GSM7230012_hCiPSCs-0618_AGTAGCTTCCTGTACC-1	0.76566	0.7409289	1	success	1	0	0
GSM7230012_hCiPSCs-0618_AGTAGTCAGACCAGCA-1	0.6811994	0.6604276	1	ambiguous	0	0	1
GSM7230012_hCiPSCs-0618_AGTAGTCAGAGGTATT-1	0.64048094	0.621618	1	ambiguous	0	0	1
GSM7230012_hCiPSCs-0618_AGTAGTCAGCGTTCAT-1	0.040365167	0.049634393	1	failure	0	1	0
GSM7230012_hCiPSCs-0618_AGTAGTCAGTGGTTGG-1	0.61186916	0.5943474	1	ambiguous	0	0	1
GSM7230012_hCiPSCs-0618_AGTAGTCCACAGTCAT-1	0.59083545	0.57429975	1	ambiguous	0	0	1
GSM7230012_hCiPSCs-0618_AGTAGTCCATGCCGGT-1	0.10424675	0.11052133	1	failure	0	1	0
GSM7230012_hCiPSCs-0618_AGTAGTCGTAGGTAGC-1	0.7412824	0.71769404	1	ambiguous	0	0	1
GSM7230012_hCiPSCs-0618_AGTAGTCGTCGGCCTA-1	0.5120672	0.499224	1	ambiguous	0	0	1
GSM7230012_hCiPSCs-0618_AGTCAACCACAACCGC-1	0.4006003	0.39298245	1	ambiguous	0	0	1
GSM7230012_hCiPSCs-0618_AGTCAACCACCTCAGG-1	0.14090995	0.14546585	1	ambiguous	0	0	1
GSM7230012_hCiPSCs-0618_AGTCAACCACTCACTC-1	0.14651982	0.15081273	1	ambiguous	0	0	1
GSM7230012_hCiPSCs-0618_AGTCAACCAGCTGAGA-1	0.6400138	0.6211727	1	ambiguous	0	0	1
GSM7230012_hCiPSCs-0618_AGTCAACCATAGTCGT-1	0.7629859	0.7383801	1	success	1	0	0
GSM7230012_hCiPSCs-0618_AGTCAACGTGCGGCTT-1	0.13099821	0.13601874	1	ambiguous	0	0	1
GSM7230012_hCiPSCs-0618_AGTCAACTCCTGCTAC-1	0.12777756	0.13294907	1	ambiguous	0	0	1
GSM7230012_hCiPSCs-0618_AGTCAACTCGCGCTGA-1	0.5196718	0.5064721	1	ambiguous	0	0	1
GSM7230012_hCiPSCs-0618_AGTCAACTCGTGGAAG-1	0.6169823	0.5992209	1	ambiguous	0	0	1
GSM7230012_hCiPSCs-0618_AGTCACAAGCGTATAA-1	0.6513935	0.6320189	1	ambiguous	0	0	1
GSM7230012_hCiPSCs-0618_AGTCACAAGCGTCTGC-1	0.14691341	0.15118787	1	ambiguous	0	0	1
GSM7230012_hCiPSCs-0618_AGTCACAAGGAGCTGT-1	0.091393866	0.09827097	1	failure	0	1	0
GSM7230012_hCiPSCs-0618_AGTCACAAGGAGTCTG-1	0.70746994	0.6854667	1	ambiguous	0	0	1
GSM7230012_hCiPSCs-0618_AGTCACAAGTAGACAT-1	0.17184	0.17494595	1	ambiguous	0	0	1
GSM7230012_hCiPSCs-0618_AGTCACAAGTGGTCAG-1	0.6644491	0.6444626	1	ambiguous	0	0	1
GSM7230012_hCiPSCs-0618_AGTCACACAAGGAGTC-1	0.14474721	0.14912322	1	ambiguous	0	0	1
GSM7230012_hCiPSCs-0618_AGTCACACAAGGTTGG-1	0.56687665	0.55146414	1	ambiguous	0	0	1
GSM7230012_hCiPSCs-0618_AGTCACACACACTTAG-1	0.7318894	0.7087414	1	ambiguous	0	0	1
GSM7230012_hCiPSCs-0618_AGTCACACATCCGTTC-1	0.6660262	0.6459657	1	ambiguous	0	0	1
GSM7230012_hCiPSCs-0618_AGTCACAGTATTCTCT-1	0.108381346	0.11446211	1	ambiguous	0	0	1
GSM7230012_hCiPSCs-0618_AGTCACAGTTGTGCAT-1	0.078520335	0.08600092	1	failure	0	1	0
GSM7230012_hCiPSCs-0618_AGTCACATCACTGAAC-1	0.69517815	0.67375106	1	ambiguous	0	0	1
GSM7230012_hCiPSCs-0618_AGTCACATCATCGCAA-1	0.52191097	0.5086063	1	ambiguous	0	0	1
GSM7230012_hCiPSCs-0618_AGTCACATCATTGCCC-1	0.72998905	0.7069301	1	ambiguous	0	0	1
GSM7230012_hCiPSCs-0618_AGTCACATCGAATGCT-1	0.7629363	0.73833287	1	success	1	0	0
GSM7230012_hCiPSCs-0618_AGTCACATCGGTTGTA-1	0.60326165	0.58614343	1	ambiguous	0	0	1
GSM7230012_hCiPSCs-0618_AGTCACATCGTGTGAT-1	0.7274366	0.70449734	1	ambiguous	0	0	1
GSM7230012_hCiPSCs-0618_AGTCACATCTTGAGCA-1	0.21332626	0.21448742	1	ambiguous	0	0	1
GSM7230012_hCiPSCs-0618_AGTCATGAGACTACCT-1	0.16962229	0.1728322	1	ambiguous	0	0	1
GSM7230012_hCiPSCs-0618_AGTCATGAGAGTGTGC-1	0.561549	0.5463862	1	ambiguous	0	0	1
GSM7230012_hCiPSCs-0618_AGTCATGAGGTAATCA-1	0.66365045	0.6437013	1	ambiguous	0	0	1
GSM7230012_hCiPSCs-0618_AGTCATGAGGTCGTGA-1	0.5428168	0.5285321	1	ambiguous	0	0	1
GSM7230012_hCiPSCs-0618_AGTCATGAGGTTTGAA-1	0.09136895	0.09824722	1	failure	0	1	0
GSM7230012_hCiPSCs-0618_AGTCATGAGTTGAAAC-1	0.1015252	0.107927375	1	failure	0	1	0
GSM7230012_hCiPSCs-0618_AGTCATGCACTACGGC-1	0.52430266	0.5108859	1	ambiguous	0	0	1
GSM7230012_hCiPSCs-0618_AGTCATGCAGATACTC-1	0.08440095	0.09160587	1	failure	0	1	0
GSM7230012_hCiPSCs-0618_AGTCATGCATGCACTA-1	0.106941834	0.11309008	1	failure	0	1	0
GSM7230012_hCiPSCs-0618_AGTCATGGTAACTGCT-1	0.658785	0.63906395	1	ambiguous	0	0	1
GSM7230012_hCiPSCs-0618_AGTCATGTCTCGGCTT-1	0.5245346	0.51110697	1	ambiguous	0	0	1
GSM7230012_hCiPSCs-0618_AGTCATGTCTTTGATC-1	0.61703825	0.5992742	1	ambiguous	0	0	1
GSM7230012_hCiPSCs-0618_AGTCTCCAGATGAATC-1	0.5857463	0.5694492	1	ambiguous	0	0	1
GSM7230012_hCiPSCs-0618_AGTCTCCAGATTGATG-1	0.39820784	0.39070213	1	ambiguous	0	0	1
GSM7230012_hCiPSCs-0618_AGTCTCCCACAGCCTG-1	0.12195653	0.12740092	1	ambiguous	0	0	1
GSM7230012_hCiPSCs-0618_AGTCTCCGTCCGGTGT-1	0.25476784	0.2539863	1	ambiguous	0	0	1
GSM7230012_hCiPSCs-0618_AGTCTCCGTGTGTACT-1	0.75268567	0.7285628	1	ambiguous	0	0	1
GSM7230012_hCiPSCs-0618_AGTCTCCGTTAAGACA-1	0.59399617	0.5773123	1	ambiguous	0	0	1
GSM7230012_hCiPSCs-0618_AGTCTCCGTTAAGGGC-1	0.46284875	0.4523128	1	ambiguous	0	0	1
GSM7230012_hCiPSCs-0618_AGTCTCCTCGAAGCCC-1	0.37759447	0.37105507	1	ambiguous	0	0	1
GSM7230012_hCiPSCs-0618_AGTCTCCTCGGACAAG-1	0.54622185	0.53177756	1	ambiguous	0	0	1
GSM7230012_hCiPSCs-0618_AGTGACTAGTCGGCCT-1	0.5989025	0.5819887	1	ambiguous	0	0	1
GSM7230012_hCiPSCs-0618_AGTGACTCAAACCATC-1	0.6319936	0.61352843	1	ambiguous	0	0	1
GSM7230012_hCiPSCs-0618_AGTGACTGTACACGCC-1	0.67248946	0.65212595	1	ambiguous	0	0	1
GSM7230012_hCiPSCs-0618_AGTGACTGTAGGACTG-1	0.42074406	0.41218188	1	ambiguous	0	0	1
GSM7230012_hCiPSCs-0618_AGTGACTGTCACCGAC-1	0.6178708	0.6000678	1	ambiguous	0	0	1
GSM7230012_hCiPSCs-0618_AGTGACTTCCTTATCA-1	0.17047493	0.17364489	1	ambiguous	0	0	1
GSM7230012_hCiPSCs-0618_AGTGATCAGCTAAACA-1	0.14889266	0.15307434	1	ambiguous	0	0	1
GSM7230012_hCiPSCs-0618_AGTGATCAGTCTACCA-1	0.17038937	0.17356332	1	ambiguous	0	0	1
GSM7230012_hCiPSCs-0618_AGTGATCAGTCTCGTA-1	0.6257403	0.6075683	1	ambiguous	0	0	1
GSM7230012_hCiPSCs-0618_AGTGATCCACGCACCA-1	0.6313073	0.6128744	1	ambiguous	0	0	1
GSM7230012_hCiPSCs-0618_AGTGATCCAGACCAGA-1	0.22091226	0.22171782	1	ambiguous	0	0	1
GSM7230012_hCiPSCs-0618_AGTGATCGTTCCATTT-1	0.103825994	0.110120304	1	failure	0	1	0
GSM7230012_hCiPSCs-0618_AGTGATCTCACCTCAC-1	0.5431907	0.5288885	1	ambiguous	0	0	1
GSM7230012_hCiPSCs-0618_AGTGATCTCCGTACGG-1	0.1377154	0.14242105	1	ambiguous	0	0	1
GSM7230012_hCiPSCs-0618_AGTGCCGAGAACTGAT-1	0.67899853	0.6583299	1	ambiguous	0	0	1
GSM7230012_hCiPSCs-0618_AGTGCCGAGACGCCAA-1	0.6126279	0.5950706	1	ambiguous	0	0	1
GSM7230012_hCiPSCs-0618_AGTGCCGAGCTGGCCT-1	0.0856458	0.09279237	1	failure	0	1	0
GSM7230012_hCiPSCs-0618_AGTGCCGAGGCGAAGG-1	0.37771454	0.37116954	1	ambiguous	0	0	1
GSM7230012_hCiPSCs-0618_AGTGCCGAGTTGGGAC-1	0.12119532	0.12667538	1	ambiguous	0	0	1
GSM7230012_hCiPSCs-0618_AGTGCCGCAGGAAGTC-1	0.20374916	0.20535928	1	ambiguous	0	0	1
GSM7230012_hCiPSCs-0618_AGTGCCGCATCCCACT-1	0.8090228	0.7822589	1	success	1	0	0
GSM7230012_hCiPSCs-0618_AGTGCCGGTAAGCGGT-1	0.053640977	0.06228786	1	failure	0	1	0
GSM7230012_hCiPSCs-0618_AGTGCCGGTCACCACG-1	0.68999463	0.6688106	1	ambiguous	0	0	1
GSM7230012_hCiPSCs-0618_AGTGCCGGTCGCTCGA-1	0.103429124	0.10974204	1	failure	0	1	0
GSM7230012_hCiPSCs-0618_AGTGCCGGTTCGGTAT-1	0.529741	0.5160693	1	ambiguous	0	0	1
GSM7230012_hCiPSCs-0618_AGTGCCGTCGAATCCA-1	0.633654	0.61511105	1	ambiguous	0	0	1
GSM7230012_hCiPSCs-0618_AGTGTTGAGGTGCGAT-1	0.6043709	0.58720064	1	ambiguous	0	0	1
GSM7230012_hCiPSCs-0618_AGTGTTGCAGCGGTTC-1	0.28418767	0.282027	1	ambiguous	0	0	1
GSM7230012_hCiPSCs-0618_AGTGTTGGTACGGGAT-1	0.60157543	0.58453625	1	ambiguous	0	0	1
GSM7230012_hCiPSCs-0618_AGTGTTGGTATACAGA-1	0.7978938	0.7716517	1	success	1	0	0
GSM7230012_hCiPSCs-0618_AGTGTTGGTCGTTGCG-1	0.4416537	0.43211132	1	ambiguous	0	0	1
GSM7230012_hCiPSCs-0618_AGTGTTGGTGTCCGGT-1	0.12238402	0.12780836	1	ambiguous	0	0	1
GSM7230012_hCiPSCs-0618_AGTGTTGTCACTGTCC-1	0.56844366	0.55295765	1	ambiguous	0	0	1
GSM7230012_hCiPSCs-0618_AGTTAGCAGACAGTCG-1	0.6445482	0.62549454	1	ambiguous	0	0	1
GSM7230012_hCiPSCs-0618_AGTTAGCAGAGGTTAT-1	0.5620446	0.5468586	1	ambiguous	0	0	1
GSM7230012_hCiPSCs-0618_AGTTAGCAGCTCCACG-1	0.12332938	0.1287094	1	ambiguous	0	0	1
GSM7230012_hCiPSCs-0618_AGTTAGCAGTGCAGCA-1	0.627079	0.6088443	1	ambiguous	0	0	1
GSM7230012_hCiPSCs-0618_AGTTAGCCATTCACCC-1	0.71339005	0.69110924	1	ambiguous	0	0	1
GSM7230012_hCiPSCs-0618_AGTTAGCGTAACAAGT-1	0.15564953	0.15951446	1	ambiguous	0	0	1
GSM7230012_hCiPSCs-0618_AGTTAGCGTCGAACAG-1	0.638468	0.6196994	1	ambiguous	0	0	1
GSM7230012_hCiPSCs-0618_AGTTAGCGTTCCACAA-1	0.06433779	0.07248323	1	failure	0	1	0
GSM7230012_hCiPSCs-0618_AGTTAGCTCACGAGGA-1	0.6019634	0.58490604	1	ambiguous	0	0	1
GSM7230012_hCiPSCs-0618_AGTTAGCTCCGCGGAT-1	0.12872474	0.13385184	1	ambiguous	0	0	1
GSM7230012_hCiPSCs-0618_AGTTCCCAGCGAAACC-1	0.5763281	0.5604725	1	ambiguous	0	0	1
GSM7230012_hCiPSCs-0618_AGTTCCCAGGCGTCCT-1	0.61813205	0.60031676	1	ambiguous	0	0	1
GSM7230012_hCiPSCs-0618_AGTTCCCAGTTGGCTT-1	0.08744857	0.09451062	1	failure	0	1	0
GSM7230012_hCiPSCs-0618_AGTTCCCGTAGGAGGG-1	0.7214812	0.6988211	1	ambiguous	0	0	1
GSM7230012_hCiPSCs-0618_AGTTCCCGTCAATCTG-1	0.7420686	0.7184434	1	ambiguous	0	0	1
GSM7230012_hCiPSCs-0618_AGTTCCCGTGGATGAC-1	0.8004014	0.77404165	1	success	1	0	0
GSM7230012_hCiPSCs-0618_AGTTCGAAGGGAGGGT-1	0.087780215	0.09482672	1	failure	0	1	0
GSM7230012_hCiPSCs-0618_AGTTCGACAGCTAACT-1	0.42160383	0.41300136	1	ambiguous	0	0	1
GSM7230012_hCiPSCs-0618_AGTTCGAGTCCAGCAC-1	0.5667826	0.55137444	1	ambiguous	0	0	1
GSM7230012_hCiPSCs-0618_AGTTCGATCAATCTTC-1	0.37392563	0.36755824	1	ambiguous	0	0	1
GSM7230012_hCiPSCs-0618_AGTTCGATCATGGTAC-1	0.6255161	0.6073547	1	ambiguous	0	0	1
GSM7230012_hCiPSCs-0618_AGTTCGATCCAGTACA-1	0.6301906	0.61181	1	ambiguous	0	0	1
GSM7230012_hCiPSCs-0618_AGTTCGATCTTTCTAG-1	0.17247245	0.17554875	1	ambiguous	0	0	1
GSM7230012_hCiPSCs-0618_ATACCGAAGATGCCGA-1	0.4422035	0.43263534	1	ambiguous	0	0	1
GSM7230012_hCiPSCs-0618_ATACCGAAGCGTGAAC-1	0.16707142	0.17040092	1	ambiguous	0	0	1
GSM7230012_hCiPSCs-0618_ATACCGAAGGACTATA-1	0.72092414	0.6982901	1	ambiguous	0	0	1
GSM7230012_hCiPSCs-0618_ATACCGAAGGGTTGCA-1	0.13524616	0.14006755	1	ambiguous	0	0	1
GSM7230012_hCiPSCs-0618_ATACCGACACGCTATA-1	0.75328386	0.7291329	1	ambiguous	0	0	1
GSM7230012_hCiPSCs-0618_ATACCGACAGAGAGGG-1	0.38824633	0.3812076	1	ambiguous	0	0	1
GSM7230012_hCiPSCs-0618_ATACCGACAGTGGCTC-1	0.06666127	0.074697785	1	failure	0	1	0
GSM7230012_hCiPSCs-0618_ATACCGATCATCGACA-1	0.30284345	0.29980823	1	ambiguous	0	0	1
GSM7230012_hCiPSCs-0618_ATACCGATCCTCATAT-1	0.4511009	0.44111568	1	ambiguous	0	0	1
GSM7230012_hCiPSCs-0618_ATACCGATCTGCTCTG-1	0.7656625	0.7409313	1	success	1	0	0
GSM7230012_hCiPSCs-0618_ATACCTTAGCTGTGCC-1	0.5268379	0.5133022	1	ambiguous	0	0	1
GSM7230012_hCiPSCs-0618_ATACCTTCAGCAGATG-1	0.07759552	0.085119456	1	failure	0	1	0
GSM7230012_hCiPSCs-0618_ATACCTTCATGACTCA-1	0.33921313	0.33447295	1	ambiguous	0	0	1
GSM7230012_hCiPSCs-0618_ATACCTTGTCAGACGA-1	0.46562994	0.4549636	1	ambiguous	0	0	1
GSM7230012_hCiPSCs-0618_ATACCTTGTCGTACAT-1	0.084059976	0.09128088	1	failure	0	1	0
GSM7230012_hCiPSCs-0618_ATACCTTGTCGTATTG-1	0.46320748	0.45265472	1	ambiguous	0	0	1
GSM7230012_hCiPSCs-0618_ATACCTTGTTCTCAGA-1	0.7546608	0.7304453	1	success	1	0	0
GSM7230012_hCiPSCs-0618_ATACCTTTCCCGTTCA-1	0.11402908	0.11984509	1	ambiguous	0	0	1
GSM7230012_hCiPSCs-0618_ATACCTTTCCGATAGT-1	0.07790336	0.085412875	1	failure	0	1	0
GSM7230012_hCiPSCs-0618_ATACCTTTCCTCTCTT-1	0.652932	0.6334853	1	ambiguous	0	0	1
GSM7230012_hCiPSCs-0618_ATACCTTTCGCTGATA-1	0.76096207	0.7364512	1	success	1	0	0
GSM7230012_hCiPSCs-0618_ATACCTTTCTACTTCA-1	0.67845994	0.6578166	1	ambiguous	0	0	1
GSM7230012_hCiPSCs-0618_ATACTTCAGCATGCAG-1	0.061886698	0.07014704	1	failure	0	1	0
GSM7230012_hCiPSCs-0618_ATACTTCAGTGCAGGT-1	0.86035764	0.8311873	1	success	1	0	0
GSM7230012_hCiPSCs-0618_ATACTTCCAAGCTGTT-1	0.8672126	0.8377209	1	success	1	0	0
GSM7230012_hCiPSCs-0618_ATACTTCCAGGCATTT-1	0.7177486	0.69526345	1	ambiguous	0	0	1
GSM7230012_hCiPSCs-0618_ATACTTCGTCACTTCC-1	0.16125694	0.16485901	1	ambiguous	0	0	1
GSM7230012_hCiPSCs-0618_ATACTTCGTGGACCTC-1	0.118868485	0.124457635	1	ambiguous	0	0	1
GSM7230012_hCiPSCs-0618_ATACTTCTCACCTGTC-1	0.8444951	0.81606835	1	success	1	0	0
GSM7230012_hCiPSCs-0618_ATACTTCTCGTGGCTG-1	0.07454222	0.08220929	1	failure	0	1	0
GSM7230012_hCiPSCs-0618_ATAGACCAGTGAATAC-1	0.09420488	0.10095021	1	failure	0	1	0
GSM7230012_hCiPSCs-0618_ATAGACCAGTGTTCAC-1	0.108013675	0.11411168	1	ambiguous	0	0	1
GSM7230012_hCiPSCs-0618_ATAGACCCACTTGACA-1	0.046591647	0.05556899	1	failure	0	1	0
GSM7230012_hCiPSCs-0618_ATAGACCGTATGGTAA-1	0.5654705	0.5501239	1	ambiguous	0	0	1
GSM7230012_hCiPSCs-0618_ATAGACCGTCCCGCAA-1	0.75952625	0.7350827	1	success	1	0	0
GSM7230012_hCiPSCs-0618_ATAGACCGTGATGGCA-1	0.72667915	0.70377535	1	ambiguous	0	0	1
GSM7230012_hCiPSCs-0618_ATAGACCTCGCGTGAC-1	0.1921895	0.19434151	1	ambiguous	0	0	1
GSM7230012_hCiPSCs-0618_ATAGAGAAGACCTCCG-1	0.6382552	0.6194966	1	ambiguous	0	0	1
GSM7230012_hCiPSCs-0618_ATAGAGAAGATGACCG-1	0.15008102	0.15420699	1	ambiguous	0	0	1
GSM7230012_hCiPSCs-0618_ATAGAGAAGGAGGCAG-1	0.56046534	0.5453533	1	ambiguous	0	0	1
GSM7230012_hCiPSCs-0618_ATAGAGAAGTGCGACA-1	0.7331039	0.70989895	1	ambiguous	0	0	1
GSM7230012_hCiPSCs-0618_ATAGAGAAGTGGCAGT-1	0.11913789	0.12471441	1	ambiguous	0	0	1
GSM7230012_hCiPSCs-0618_ATAGAGACAATAGTAG-1	0.266203	0.2648854	1	ambiguous	0	0	1
GSM7230012_hCiPSCs-0618_ATAGAGAGTTATGTCG-1	0.6185845	0.600748	1	ambiguous	0	0	1
GSM7230012_hCiPSCs-0618_ATAGAGATCGATGCAT-1	0.12303263	0.12842657	1	ambiguous	0	0	1
GSM7230012_hCiPSCs-0618_ATAGAGATCGGTGTAT-1	0.17913476	0.18189876	1	ambiguous	0	0	1
GSM7230012_hCiPSCs-0618_ATAGAGATCTAACGGT-1	0.72489405	0.702074	1	ambiguous	0	0	1
GSM7230012_hCiPSCs-0618_ATAGAGATCTACTTCA-1	0.70987725	0.6877611	1	ambiguous	0	0	1
GSM7230012_hCiPSCs-0618_ATAGGCTAGGATCACG-1	0.13321589	0.13813245	1	ambiguous	0	0	1
GSM7230012_hCiPSCs-0618_ATAGGCTCACGACAAG-1	0.47655413	0.46537572	1	ambiguous	0	0	1
GSM7230012_hCiPSCs-0618_ATAGGCTGTACGTAGG-1	0.17097706	0.17412347	1	ambiguous	0	0	1
GSM7230012_hCiPSCs-0618_ATAGGCTGTAGGTCAG-1	0.6775474	0.6569468	1	ambiguous	0	0	1
GSM7230012_hCiPSCs-0618_ATAGGCTGTGAGTTGG-1	0.108436234	0.114514425	1	ambiguous	0	0	1
GSM7230012_hCiPSCs-0618_ATAGGCTTCAAATGCC-1	0.7584521	0.7340589	1	success	1	0	0
GSM7230012_hCiPSCs-0618_ATAGGCTTCCATTGCC-1	0.6119442	0.594419	1	ambiguous	0	0	1
GSM7230012_hCiPSCs-0618_ATAGGCTTCTGCTAGA-1	0.5281161	0.5145205	1	ambiguous	0	0	1
GSM7230012_hCiPSCs-0618_ATATCCTAGGTCCCTG-1	0.13867868	0.14333917	1	ambiguous	0	0	1
GSM7230012_hCiPSCs-0618_ATATCCTGTCCGGCAT-1	0.53941727	0.5252919	1	ambiguous	0	0	1
GSM7230012_hCiPSCs-0618_ATATCCTGTCTAGTGT-1	0.47383142	0.46278062	1	ambiguous	0	0	1
GSM7230012_hCiPSCs-0618_ATATCCTGTCTGGTTA-1	0.64619416	0.6270634	1	ambiguous	0	0	1
GSM7230012_hCiPSCs-0618_ATATCCTGTGTCTTCC-1	0.6151055	0.5974321	1	ambiguous	0	0	1
GSM7230012_hCiPSCs-0618_ATATCCTGTTATCTGG-1	0.63960373	0.6207819	1	ambiguous	0	0	1
GSM7230012_hCiPSCs-0618_ATATCCTTCCGCACGA-1	0.31438148	0.31080538	1	ambiguous	0	0	1
GSM7230012_hCiPSCs-0618_ATATCCTTCTGAATGC-1	0.49162874	0.47974366	1	ambiguous	0	0	1
GSM7230012_hCiPSCs-0618_ATATCCTTCTGCGGCA-1	0.649316	0.6300389	1	ambiguous	0	0	1
GSM7230012_hCiPSCs-0618_ATCACAGAGACATGCG-1	0.11016697	0.11616402	1	ambiguous	0	0	1
GSM7230012_hCiPSCs-0618_ATCACAGCAGTAGTGG-1	0.117138185	0.12280845	1	ambiguous	0	0	1
GSM7230012_hCiPSCs-0618_ATCACAGCATAATGCC-1	0.13086422	0.13589104	1	ambiguous	0	0	1
GSM7230012_hCiPSCs-0618_ATCACAGTCATGACAC-1	0.7742469	0.7491132	1	success	1	0	0
GSM7230012_hCiPSCs-0618_ATCACGAAGCATTGAA-1	0.32539535	0.32130295	1	ambiguous	0	0	1
GSM7230012_hCiPSCs-0618_ATCACGAAGCGTGTTT-1	0.03192378	0.041588716	1	failure	0	1	0
GSM7230012_hCiPSCs-0618_ATCACGAAGTGCCAGA-1	0.65714365	0.6374996	1	ambiguous	0	0	1
GSM7230012_hCiPSCs-0618_ATCACGAAGTGTGTTC-1	0.7446418	0.72089595	1	ambiguous	0	0	1
GSM7230012_hCiPSCs-0618_ATCACGACAAGAATAC-1	0.6658875	0.6458335	1	ambiguous	0	0	1
GSM7230012_hCiPSCs-0618_ATCACGACAATGCTCA-1	0.09586122	0.1025289	1	failure	0	1	0
GSM7230012_hCiPSCs-0618_ATCACGAGTAGTGCGA-1	0.61392707	0.5963089	1	ambiguous	0	0	1
GSM7230012_hCiPSCs-0618_ATCACGAGTCTTTCAT-1	0.48213467	0.47069466	1	ambiguous	0	0	1
GSM7230012_hCiPSCs-0618_ATCACGAGTTTGTTGG-1	0.61162966	0.59411913	1	ambiguous	0	0	1
GSM7230012_hCiPSCs-0618_ATCACGATCCATTGTT-1	0.07770826	0.085226916	1	failure	0	1	0
GSM7230012_hCiPSCs-0618_ATCACGATCGAGTCCG-1	0.062307246	0.07054787	1	failure	0	1	0
GSM7230012_hCiPSCs-0618_ATCACTTAGAGTCACG-1	0.73844784	0.7149924	1	ambiguous	0	0	1
GSM7230012_hCiPSCs-0618_ATCACTTAGCTGAAGC-1	0.6781772	0.65754706	1	ambiguous	0	0	1
GSM7230012_hCiPSCs-0618_ATCACTTAGTTCATGC-1	0.49795407	0.48577246	1	ambiguous	0	0	1
GSM7230012_hCiPSCs-0618_ATCACTTCACTTCTCG-1	0.22785251	0.2283327	1	ambiguous	0	0	1
GSM7230012_hCiPSCs-0618_ATCACTTCATGCCGCA-1	0.14124857	0.1457886	1	ambiguous	0	0	1
GSM7230012_hCiPSCs-0618_ATCACTTGTAACACGG-1	0.13043974	0.13548647	1	ambiguous	0	0	1
GSM7230012_hCiPSCs-0618_ATCACTTTCAAGAATG-1	0.4482155	0.43836555	1	ambiguous	0	0	1
GSM7230012_hCiPSCs-0618_ATCACTTTCAAGGAGC-1	0.12221193	0.12764435	1	ambiguous	0	0	1
GSM7230012_hCiPSCs-0618_ATCACTTTCGAGAACG-1	0.07198926	0.07977601	1	failure	0	1	0
GSM7230012_hCiPSCs-0618_ATCACTTTCGCGGACT-1	0.55206317	0.53734505	1	ambiguous	0	0	1
GSM7230012_hCiPSCs-0618_ATCAGGTAGGCGTCCT-1	0.45660338	0.4463602	1	ambiguous	0	0	1
GSM7230012_hCiPSCs-0618_ATCAGGTAGTACCATC-1	0.39261982	0.38537607	1	ambiguous	0	0	1
GSM7230012_hCiPSCs-0618_ATCAGGTCAACCACGC-1	0.07601331	0.08361142	1	failure	0	1	0
GSM7230012_hCiPSCs-0618_ATCAGGTCAGCTGTCG-1	0.4684875	0.45768723	1	ambiguous	0	0	1
GSM7230012_hCiPSCs-0618_ATCAGGTCAGTCCCGA-1	0.6348452	0.6162464	1	ambiguous	0	0	1
GSM7230012_hCiPSCs-0618_ATCAGGTGTAAGATTG-1	0.60211813	0.58505356	1	ambiguous	0	0	1
GSM7230012_hCiPSCs-0618_ATCAGGTGTATGGAAT-1	0.6191	0.60123926	1	ambiguous	0	0	1
GSM7230012_hCiPSCs-0618_ATCAGGTGTTTAGAGA-1	0.1324014	0.13735616	1	ambiguous	0	0	1
GSM7230012_hCiPSCs-0618_ATCAGGTTCAGATTGC-1	0.7076564	0.6856443	1	ambiguous	0	0	1
GSM7230012_hCiPSCs-0618_ATCAGGTTCAGTGTCA-1	0.5145891	0.5016276	1	ambiguous	0	0	1
GSM7230012_hCiPSCs-0618_ATCAGGTTCGCGATCG-1	0.67953986	0.6588459	1	ambiguous	0	0	1
GSM7230012_hCiPSCs-0618_ATCAGGTTCTTCCTAA-1	0.7429908	0.7193224	1	ambiguous	0	0	1
GSM7230012_hCiPSCs-0618_ATCATTCAGCTTTCCC-1	0.68012327	0.65940195	1	ambiguous	0	0	1
GSM7230012_hCiPSCs-0618_ATCATTCAGGCATCTT-1	0.1743758	0.17736287	1	ambiguous	0	0	1
GSM7230012_hCiPSCs-0618_ATCATTCCAATTGCTG-1	0.64435315	0.62530863	1	ambiguous	0	0	1
GSM7230012_hCiPSCs-0618_ATCATTCCATATCTCT-1	0.89491075	0.8641206	1	success	1	0	0
GSM7230012_hCiPSCs-0618_ATCATTCGTCTAGGCC-1	0.255682	0.2548576	1	ambiguous	0	0	1
GSM7230012_hCiPSCs-0618_ATCATTCGTCTAGGTT-1	0.6459211	0.6268031	1	ambiguous	0	0	1
GSM7230012_hCiPSCs-0618_ATCATTCGTGGAACAC-1	0.10487725	0.11112228	1	failure	0	1	0
GSM7230012_hCiPSCs-0618_ATCATTCGTTAACAGA-1	0.1939629	0.19603178	1	ambiguous	0	0	1
GSM7230012_hCiPSCs-0618_ATCATTCTCGACACTA-1	0.1088361	0.11489555	1	ambiguous	0	0	1
GSM7230012_hCiPSCs-0618_ATCATTCTCTGGAGAG-1	0.5993141	0.58238095	1	ambiguous	0	0	1
GSM7230012_hCiPSCs-0618_ATCCACCAGAAGAACG-1	0.5507595	0.5361025	1	ambiguous	0	0	1
GSM7230012_hCiPSCs-0618_ATCCACCAGCACTCTA-1	0.1666704	0.17001869	1	ambiguous	0	0	1
GSM7230012_hCiPSCs-0618_ATCCACCAGTGCAGGT-1	0.69282705	0.6715102	1	ambiguous	0	0	1
GSM7230012_hCiPSCs-0618_ATCCACCCACACCGCA-1	0.11993726	0.1254763	1	ambiguous	0	0	1
GSM7230012_hCiPSCs-0618_ATCCACCGTCATCGCG-1	0.13926014	0.14389336	1	ambiguous	0	0	1
GSM7230012_hCiPSCs-0618_ATCCACCGTGGCAACA-1	0.4302684	0.42125976	1	ambiguous	0	0	1
GSM7230012_hCiPSCs-0618_ATCCACCGTTCGGCCA-1	0.07132244	0.079140455	1	failure	0	1	0
GSM7230012_hCiPSCs-0618_ATCCACCTCCTAAGTG-1	0.64462996	0.6255725	1	ambiguous	0	0	1
GSM7230012_hCiPSCs-0618_ATCCACCTCGTTTACT-1	0.7338029	0.7105652	1	ambiguous	0	0	1
GSM7230012_hCiPSCs-0618_ATCCACCTCTTGAGCA-1	0.069065645	0.07698945	1	failure	0	1	0
GSM7230012_hCiPSCs-0618_ATCCATTAGAATACAC-1	0.6677498	0.6476085	1	ambiguous	0	0	1
GSM7230012_hCiPSCs-0618_ATCCATTAGTACAGCG-1	0.62901294	0.61068755	1	ambiguous	0	0	1
GSM7230012_hCiPSCs-0618_ATCCATTCAGAGGACT-1	0.793439	0.7674057	1	success	1	0	0
GSM7230012_hCiPSCs-0618_ATCCATTGTAACATGA-1	0.6939212	0.67255306	1	ambiguous	0	0	1
GSM7230012_hCiPSCs-0618_ATCCATTGTATTGCCA-1	0.10012382	0.10659169	1	failure	0	1	0
GSM7230012_hCiPSCs-0618_ATCCATTGTGACTGAG-1	0.6437294	0.62471414	1	ambiguous	0	0	1
GSM7230012_hCiPSCs-0618_ATCCATTTCCGGACGT-1	0.122874446	0.1282758	1	ambiguous	0	0	1
GSM7230012_hCiPSCs-0618_ATCCATTTCGCTTAAG-1	0.5699428	0.5543865	1	ambiguous	0	0	1
GSM7230012_hCiPSCs-0618_ATCCCTGAGGCGTCCT-1	0.085981674	0.09311249	1	failure	0	1	0
GSM7230012_hCiPSCs-0618_ATCCCTGGTCGTCTCT-1	0.13416119	0.13903345	1	ambiguous	0	0	1
GSM7230012_hCiPSCs-0618_ATCCCTGGTCTCGACG-1	0.089887634	0.096835345	1	failure	0	1	0
GSM7230012_hCiPSCs-0618_ATCCCTGGTTGCTCAA-1	0.46424505	0.45364365	1	ambiguous	0	0	1
GSM7230012_hCiPSCs-0618_ATCCCTGTCCAACACA-1	0.6888288	0.6676994	1	ambiguous	0	0	1
GSM7230012_hCiPSCs-0618_ATCCCTGTCCATCTAT-1	0.15593934	0.1597907	1	ambiguous	0	0	1
GSM7230012_hCiPSCs-0618_ATCCCTGTCCTCATAT-1	0.75279266	0.72866476	1	ambiguous	0	0	1
GSM7230012_hCiPSCs-0618_ATCCGTCAGCAATAGT-1	0.05988128	0.06823563	1	failure	0	1	0
GSM7230012_hCiPSCs-0618_ATCCGTCAGCACTAAA-1	0.14363047	0.14805883	1	ambiguous	0	0	1
GSM7230012_hCiPSCs-0618_ATCCGTCAGCATGCAG-1	0.15339346	0.15736414	1	ambiguous	0	0	1
GSM7230012_hCiPSCs-0618_ATCCGTCAGTAAACTG-1	0.787635	0.7618738	1	success	1	0	0
GSM7230012_hCiPSCs-0618_ATCCGTCAGTCGAGGT-1	0.11232145	0.11821751	1	ambiguous	0	0	1
GSM7230012_hCiPSCs-0618_ATCCGTCCACTAACGT-1	0.10446423	0.11072863	1	failure	0	1	0
GSM7230012_hCiPSCs-0618_ATCCGTCCATGTGCCG-1	0.6364059	0.61773396	1	ambiguous	0	0	1
GSM7230012_hCiPSCs-0618_ATCCGTCCATTCTGTT-1	0.7387263	0.7152578	1	ambiguous	0	0	1
GSM7230012_hCiPSCs-0618_ATCCGTCGTCTCGGAC-1	0.692488	0.67118704	1	ambiguous	0	0	1
GSM7230012_hCiPSCs-0618_ATCCGTCTCACGAACT-1	0.47618896	0.46502766	1	ambiguous	0	0	1
GSM7230012_hCiPSCs-0618_ATCCGTCTCCCGTAAA-1	0.7263855	0.70349544	1	ambiguous	0	0	1
GSM7230012_hCiPSCs-0618_ATCCGTCTCCCTCGTA-1	0.32591733	0.32180047	1	ambiguous	0	0	1
GSM7230012_hCiPSCs-0618_ATCCGTCTCCGAGCTG-1	0.08823251	0.09525781	1	failure	0	1	0
GSM7230012_hCiPSCs-0618_ATCCTATAGGTTGGTG-1	0.07222601	0.08000167	1	failure	0	1	0
GSM7230012_hCiPSCs-0618_ATCCTATCACTATGTG-1	0.6023901	0.5853128	1	ambiguous	0	0	1
GSM7230012_hCiPSCs-0618_ATCCTATGTACTCCCT-1	0.09632164	0.10296775	1	failure	0	1	0
GSM7230012_hCiPSCs-0618_ATCCTATGTGATAGAT-1	0.54639184	0.53193957	1	ambiguous	0	0	1
GSM7230012_hCiPSCs-0618_ATCCTATGTGGCTTGC-1	0.5909299	0.5743898	1	ambiguous	0	0	1
GSM7230012_hCiPSCs-0618_ATCCTATTCTGACAGT-1	0.09318335	0.09997657	1	failure	0	1	0
GSM7230012_hCiPSCs-0618_ATCGATGAGAGCTGCA-1	0.54421	0.52986	1	ambiguous	0	0	1
GSM7230012_hCiPSCs-0618_ATCGATGCACTGGATT-1	0.10939744	0.11543057	1	ambiguous	0	0	1
GSM7230012_hCiPSCs-0618_ATCGATGCATGTACGT-1	0.14094502	0.14549926	1	ambiguous	0	0	1
GSM7230012_hCiPSCs-0618_ATCGATGGTACAATAG-1	0.6571013	0.63745916	1	ambiguous	0	0	1
GSM7230012_hCiPSCs-0618_ATCGATGGTCCGGATC-1	0.6681627	0.6480021	1	ambiguous	0	0	1
GSM7230012_hCiPSCs-0618_ATCGATGGTGTAAATG-1	0.6582442	0.6385485	1	ambiguous	0	0	1
GSM7230012_hCiPSCs-0618_ATCGATGTCAAGTGTC-1	0.55182415	0.53711724	1	ambiguous	0	0	1
GSM7230012_hCiPSCs-0618_ATCGATGTCACCATAG-1	0.37078404	0.3645639	1	ambiguous	0	0	1
GSM7230012_hCiPSCs-0618_ATCGATGTCCGGACGT-1	0.5813475	0.5652566	1	ambiguous	0	0	1
GSM7230012_hCiPSCs-0618_ATCGATGTCCGTGTCT-1	0.1074758	0.11359902	1	failure	0	1	0
GSM7230012_hCiPSCs-0618_ATCGATGTCGAAACAA-1	0.6593548	0.6396071	1	ambiguous	0	0	1
GSM7230012_hCiPSCs-0618_ATCGATGTCGGTCAGC-1	0.1328095	0.13774513	1	ambiguous	0	0	1
GSM7230012_hCiPSCs-0618_ATCGCCTAGCGGACAT-1	0.094123974	0.1008731	1	failure	0	1	0
GSM7230012_hCiPSCs-0618_ATCGCCTAGGGCAGGA-1	0.7027134	0.68093306	1	ambiguous	0	0	1
GSM7230012_hCiPSCs-0618_ATCGCCTCAACGTAAA-1	0.7014181	0.6796985	1	ambiguous	0	0	1
GSM7230012_hCiPSCs-0618_ATCGCCTGTACGGTTT-1	0.12846477	0.13360406	1	ambiguous	0	0	1
GSM7230012_hCiPSCs-0618_ATCGCCTGTCAACGCC-1	0.5632968	0.5480521	1	ambiguous	0	0	1
GSM7230012_hCiPSCs-0618_ATCGCCTGTCCGTACG-1	0.6937317	0.67237246	1	ambiguous	0	0	1
GSM7230012_hCiPSCs-0618_ATCGCCTGTCGTTGGC-1	0.60444415	0.5872705	1	ambiguous	0	0	1
GSM7230012_hCiPSCs-0618_ATCGCCTTCAAGTGGG-1	0.70301574	0.68122125	1	ambiguous	0	0	1
GSM7230012_hCiPSCs-0618_ATCGCCTTCCAAGAGG-1	0.13452405	0.1393793	1	ambiguous	0	0	1
GSM7230012_hCiPSCs-0618_ATCGCCTTCGCACGAC-1	0.7426231	0.7189719	1	ambiguous	0	0	1
GSM7230012_hCiPSCs-0618_ATCGGATAGAATTGTG-1	0.8449144	0.816468	1	success	1	0	0
GSM7230012_hCiPSCs-0618_ATCGGATAGCGATGGT-1	0.558965	0.5439234	1	ambiguous	0	0	1
GSM7230012_hCiPSCs-0618_ATCGGATCAAATGAGT-1	0.65316325	0.63370574	1	ambiguous	0	0	1
GSM7230012_hCiPSCs-0618_ATCGGATGTAAGATTG-1	0.08593346	0.09306654	1	failure	0	1	0
GSM7230012_hCiPSCs-0618_ATCGGATGTACCTAGT-1	0.35000935	0.3447631	1	ambiguous	0	0	1
GSM7230012_hCiPSCs-0618_ATCGGATGTAGAGCTG-1	0.10120707	0.10762415	1	failure	0	1	0
GSM7230012_hCiPSCs-0618_ATCGGATGTAGCGATG-1	0.5989291	0.58201396	1	ambiguous	0	0	1
GSM7230012_hCiPSCs-0618_ATCGGATGTCAGGTAG-1	0.62145287	0.6034819	1	ambiguous	0	0	1
GSM7230012_hCiPSCs-0618_ATCGGATTCAAATAGG-1	0.20545022	0.2069806	1	ambiguous	0	0	1
GSM7230012_hCiPSCs-0618_ATCGGATTCCTACACC-1	0.81074697	0.7839023	1	success	1	0	0
GSM7230012_hCiPSCs-0618_ATCGGATTCGCCCAGA-1	0.15592165	0.15977383	1	ambiguous	0	0	1
GSM7230012_hCiPSCs-0618_ATCGGATTCTCTGAGA-1	0.066851124	0.07487874	1	failure	0	1	0
GSM7230012_hCiPSCs-0618_ATCGGCGAGTGCTAGG-1	0.5720734	0.5564172	1	ambiguous	0	0	1
GSM7230012_hCiPSCs-0618_ATCGGCGCAAGGATGC-1	0.32411557	0.32008314	1	ambiguous	0	0	1
GSM7230012_hCiPSCs-0618_ATCGGCGCACCTCAGG-1	0.6208725	0.6029287	1	ambiguous	0	0	1
GSM7230012_hCiPSCs-0618_ATCGGCGCAGGCATTT-1	0.19675346	0.19869153	1	ambiguous	0	0	1
GSM7230012_hCiPSCs-0618_ATCGGCGGTCTTGTCC-1	0.61299753	0.5954229	1	ambiguous	0	0	1
GSM7230012_hCiPSCs-0618_ATCGGCGGTTACCTTT-1	0.41219786	0.4040363	1	ambiguous	0	0	1
GSM7230012_hCiPSCs-0618_ATCGGCGTCCAATCTT-1	0.7189394	0.69639844	1	ambiguous	0	0	1
GSM7230012_hCiPSCs-0618_ATCGGCGTCCACGGGT-1	0.6279574	0.6096815	1	ambiguous	0	0	1
GSM7230012_hCiPSCs-0618_ATCGTAGAGAGCCATG-1	0.7976824	0.77145016	1	success	1	0	0
GSM7230012_hCiPSCs-0618_ATCGTAGAGGTCGTAG-1	0.6634767	0.64353573	1	ambiguous	0	0	1
GSM7230012_hCiPSCs-0618_ATCGTAGGTCACTACA-1	0.62810904	0.609826	1	ambiguous	0	0	1
GSM7230012_hCiPSCs-0618_ATCGTAGTCATGAGTC-1	0.5778154	0.56189007	1	ambiguous	0	0	1
GSM7230012_hCiPSCs-0618_ATCGTAGTCCCATACC-1	0.7759369	0.750724	1	success	1	0	0
GSM7230012_hCiPSCs-0618_ATCGTAGTCCGCTGTT-1	0.17085388	0.17400606	1	ambiguous	0	0	1
GSM7230012_hCiPSCs-0618_ATCGTCCAGCCTTTCC-1	0.9147241	0.88300514	1	success	1	0	0
GSM7230012_hCiPSCs-0618_ATCGTCCAGGATATAC-1	0.6375099	0.6187862	1	ambiguous	0	0	1
GSM7230012_hCiPSCs-0618_ATCGTCCAGTATAGAC-1	0.58856905	0.57213956	1	ambiguous	0	0	1
GSM7230012_hCiPSCs-0618_ATCGTCCCAGGATCTT-1	0.30200055	0.29900485	1	ambiguous	0	0	1
GSM7230012_hCiPSCs-0618_ATCGTCCCATGCCGCA-1	0.7987151	0.7724345	1	success	1	0	0
GSM7230012_hCiPSCs-0618_ATCGTCCCATTGAGGG-1	0.76941144	0.7445045	1	success	1	0	0
GSM7230012_hCiPSCs-0618_ATCGTCCGTAAGGTCG-1	0.10377039	0.11006731	1	failure	0	1	0
GSM7230012_hCiPSCs-0618_ATCGTCCGTACTTGTG-1	0.130163	0.13522269	1	ambiguous	0	0	1
GSM7230012_hCiPSCs-0618_ATCGTCCGTAGGAGTC-1	0.14651953	0.15081246	1	ambiguous	0	0	1
GSM7230012_hCiPSCs-0618_ATCGTCCGTCACTAGT-1	0.7703094	0.7453604	1	success	1	0	0
GSM7230012_hCiPSCs-0618_ATCGTCCGTGATTGGG-1	0.6368748	0.6181809	1	ambiguous	0	0	1
GSM7230012_hCiPSCs-0618_ATCGTCCTCACCATCC-1	0.1062928	0.11247147	1	failure	0	1	0
GSM7230012_hCiPSCs-0618_ATCGTCCTCCTTCTAA-1	0.34032744	0.33553505	1	ambiguous	0	0	1
GSM7230012_hCiPSCs-0618_ATCGTCCTCGTGGAAG-1	0.6357233	0.6170833	1	ambiguous	0	0	1
GSM7230012_hCiPSCs-0618_ATCGTGAAGATGTAGT-1	0.61649114	0.59875274	1	ambiguous	0	0	1
GSM7230012_hCiPSCs-0618_ATCGTGAAGCTAAGTA-1	0.67074054	0.65045905	1	ambiguous	0	0	1
GSM7230012_hCiPSCs-0618_ATCGTGAAGGACAAGA-1	0.58200616	0.56588435	1	ambiguous	0	0	1
GSM7230012_hCiPSCs-0618_ATCGTGAAGGCGACAT-1	0.4772029	0.46599406	1	ambiguous	0	0	1
GSM7230012_hCiPSCs-0618_ATCGTGACAGCTCCTT-1	0.6335799	0.6150404	1	ambiguous	0	0	1
GSM7230012_hCiPSCs-0618_ATCGTGACATATACCG-1	0.6019404	0.5848841	1	ambiguous	0	0	1
GSM7230012_hCiPSCs-0618_ATCGTGAGTAGGGAGG-1	0.09384268	0.10060499	1	failure	0	1	0
GSM7230012_hCiPSCs-0618_ATCGTGAGTCCTCCTA-1	0.71847606	0.6959568	1	ambiguous	0	0	1
GSM7230012_hCiPSCs-0618_ATCGTGAGTCTAGGCC-1	0.10819682	0.11428624	1	ambiguous	0	0	1
GSM7230012_hCiPSCs-0618_ATCGTGAGTTCGAAGG-1	0.5436576	0.52933353	1	ambiguous	0	0	1
GSM7230012_hCiPSCs-0618_ATCTCTAAGCCTTTGA-1	0.077197075	0.08473969	1	failure	0	1	0
GSM7230012_hCiPSCs-0618_ATCTCTACACGCGCAT-1	0.7016139	0.67988515	1	ambiguous	0	0	1
GSM7230012_hCiPSCs-0618_ATCTCTACAGCAAGAC-1	0.6464397	0.62729734	1	ambiguous	0	0	1
GSM7230012_hCiPSCs-0618_ATCTCTAGTAACATGA-1	0.21197757	0.21320195	1	ambiguous	0	0	1
GSM7230012_hCiPSCs-0618_ATCTCTAGTGCGTCGT-1	0.33469734	0.33016887	1	ambiguous	0	0	1
GSM7230012_hCiPSCs-0618_ATCTCTAGTTCGGGTC-1	0.6969951	0.6754828	1	ambiguous	0	0	1
GSM7230012_hCiPSCs-0618_ATCTCTATCATGTCAG-1	0.50855786	0.49587914	1	ambiguous	0	0	1
GSM7230012_hCiPSCs-0618_ATCTCTATCCCTCGAT-1	0.0683375	0.076295435	1	failure	0	1	0
GSM7230012_hCiPSCs-0618_ATCTCTATCCGTTGGG-1	0.09024327	0.09717432	1	failure	0	1	0
GSM7230012_hCiPSCs-0618_ATCTTCAAGATGGGCT-1	0.5997644	0.58281016	1	ambiguous	0	0	1
GSM7230012_hCiPSCs-0618_ATCTTCAAGCTGGCCT-1	0.14688845	0.15116408	1	ambiguous	0	0	1
GSM7230012_hCiPSCs-0618_ATCTTCAAGTTCGCAT-1	0.15223682	0.15626174	1	ambiguous	0	0	1
GSM7230012_hCiPSCs-0618_ATCTTCACAGTCCGTG-1	0.6798895	0.65917915	1	ambiguous	0	0	1
GSM7230012_hCiPSCs-0618_ATCTTCACAGTGTATC-1	0.122423984	0.12784645	1	ambiguous	0	0	1
GSM7230012_hCiPSCs-0618_ATCTTCAGTCGAATGG-1	0.12300777	0.12840287	1	ambiguous	0	0	1
GSM7230012_hCiPSCs-0618_ATCTTCAGTGAACCGA-1	0.72233784	0.6996376	1	ambiguous	0	0	1
GSM7230012_hCiPSCs-0618_ATCTTCATCCTCACGT-1	0.7357138	0.7123865	1	ambiguous	0	0	1
GSM7230012_hCiPSCs-0618_ATCTTCATCTTCCACG-1	0.67439836	0.6539454	1	ambiguous	0	0	1
GSM7230012_hCiPSCs-0618_ATGAAAGCACACTGGC-1	0.094589196	0.101316504	1	failure	0	1	0
GSM7230012_hCiPSCs-0618_ATGAAAGCAGCAGTGA-1	0.8341354	0.8061943	1	success	1	0	0
GSM7230012_hCiPSCs-0618_ATGAAAGGTGTAGTGG-1	0.55534273	0.5404709	1	ambiguous	0	0	1
GSM7230012_hCiPSCs-0618_ATGAAAGGTTCTCTAT-1	0.63582563	0.6171809	1	ambiguous	0	0	1
GSM7230012_hCiPSCs-0618_ATGAAAGTCACCTTAT-1	0.05779494	0.06624709	1	failure	0	1	0
GSM7230012_hCiPSCs-0618_ATGAAAGTCTTTCCGG-1	0.4883092	0.47657973	1	ambiguous	0	0	1
GSM7230012_hCiPSCs-0618_ATGACCAAGGCGATAC-1	0.5169212	0.50385046	1	ambiguous	0	0	1
GSM7230012_hCiPSCs-0618_ATGACCAAGTCCTACA-1	0.78670335	0.76098573	1	success	1	0	0
GSM7230012_hCiPSCs-0618_ATGACCACAATCCTAG-1	0.81190395	0.78500503	1	success	1	0	0
GSM7230012_hCiPSCs-0618_ATGACCACACGGTGCT-1	0.85440713	0.82551575	1	success	1	0	0
GSM7230012_hCiPSCs-0618_ATGACCACAGAGCCCT-1	0.8169742	0.7898376	1	success	1	0	0
GSM7230012_hCiPSCs-0618_ATGACCACATGGGAAC-1	0.14843424	0.1526374	1	ambiguous	0	0	1
GSM7230012_hCiPSCs-0618_ATGACCAGTCGAGTGA-1	0.11702926	0.122704625	1	ambiguous	0	0	1
GSM7230012_hCiPSCs-0618_ATGACCATCCCACAGG-1	0.7171086	0.69465345	1	ambiguous	0	0	1
GSM7230012_hCiPSCs-0618_ATGACCATCCGTGACG-1	0.6570981	0.6374562	1	ambiguous	0	0	1
GSM7230012_hCiPSCs-0618_ATGACCATCCTTACCG-1	0.13359685	0.13849556	1	ambiguous	0	0	1
GSM7230012_hCiPSCs-0618_ATGAGGGAGGTCGCCT-1	0.1454708	0.14981289	1	ambiguous	0	0	1
GSM7230012_hCiPSCs-0618_ATGAGGGCAGCTTTGA-1	0.5867349	0.5703914	1	ambiguous	0	0	1
GSM7230012_hCiPSCs-0618_ATGAGGGGTACAGCGA-1	0.17238188	0.17546242	1	ambiguous	0	0	1
GSM7230012_hCiPSCs-0618_ATGAGGGGTCACTGAT-1	0.17981365	0.18254581	1	ambiguous	0	0	1
GSM7230012_hCiPSCs-0618_ATGAGGGTCCACGTAA-1	0.6903942	0.6691914	1	ambiguous	0	0	1
GSM7230012_hCiPSCs-0618_ATGAGGGTCCGTATGA-1	0.54176044	0.5275253	1	ambiguous	0	0	1
GSM7230012_hCiPSCs-0618_ATGAGGGTCGGTGTTA-1	0.20135523	0.20307757	1	ambiguous	0	0	1
GSM7230012_hCiPSCs-0618_ATGAGGGTCTGTGCTC-1	0.6413899	0.62248427	1	ambiguous	0	0	1
GSM7230012_hCiPSCs-0618_ATGAGTCAGAGTTGCG-1	0.07092226	0.07875904	1	failure	0	1	0
GSM7230012_hCiPSCs-0618_ATGAGTCAGATAGTGT-1	0.6433394	0.6243424	1	ambiguous	0	0	1
GSM7230012_hCiPSCs-0618_ATGAGTCAGGTCGACA-1	0.75855756	0.7341594	1	success	1	0	0
GSM7230012_hCiPSCs-0618_ATGAGTCGTACAAAGT-1	0.10195751	0.10833941	1	failure	0	1	0
GSM7230012_hCiPSCs-0618_ATGAGTCTCTGGGCCA-1	0.46663487	0.45592144	1	ambiguous	0	0	1
GSM7230012_hCiPSCs-0618_ATGAGTCTCTTACACT-1	0.8408226	0.812568	1	success	1	0	0
GSM7230012_hCiPSCs-0618_ATGATCGAGAGGTTAT-1	0.37295675	0.36663476	1	ambiguous	0	0	1
GSM7230012_hCiPSCs-0618_ATGATCGAGTGCAGCA-1	0.42313635	0.41446203	1	ambiguous	0	0	1
GSM7230012_hCiPSCs-0618_ATGATCGCAAGTGTCT-1	0.11974715	0.1252951	1	ambiguous	0	0	1
GSM7230012_hCiPSCs-0618_ATGATCGTCAACCTCC-1	0.85606456	0.82709545	1	success	1	0	0
GSM7230012_hCiPSCs-0618_ATGATCGTCTCTATAC-1	0.6512864	0.6319169	1	ambiguous	0	0	1
GSM7230012_hCiPSCs-0618_ATGATCGTCTTTGCTA-1	0.70660746	0.68464464	1	ambiguous	0	0	1
GSM7230012_hCiPSCs-0618_ATGCATGAGGATGAGA-1	0.6521875	0.6327757	1	ambiguous	0	0	1
GSM7230012_hCiPSCs-0618_ATGCATGCAAACCGGA-1	0.8062686	0.7796338	1	success	1	0	0
GSM7230012_hCiPSCs-0618_ATGCATGCAACAGAGC-1	0.6296492	0.611294	1	ambiguous	0	0	1
GSM7230012_hCiPSCs-0618_ATGCATGCACTCCACT-1	0.23135312	0.23166922	1	ambiguous	0	0	1
GSM7230012_hCiPSCs-0618_ATGCATGTCATTTGTC-1	0.7265941	0.7036943	1	ambiguous	0	0	1
GSM7230012_hCiPSCs-0618_ATGCCTCAGCAACCAG-1	0.17574537	0.17866825	1	ambiguous	0	0	1
GSM7230012_hCiPSCs-0618_ATGCCTCGTAGCACAG-1	0.62473696	0.606612	1	ambiguous	0	0	1
GSM7230012_hCiPSCs-0618_ATGCCTCGTATCGATC-1	0.59024656	0.5737385	1	ambiguous	0	0	1
GSM7230012_hCiPSCs-0618_ATGCCTCGTATTTCGG-1	0.65220946	0.63279665	1	ambiguous	0	0	1
GSM7230012_hCiPSCs-0618_ATGCCTCGTCACTCTC-1	0.70659924	0.6846368	1	ambiguous	0	0	1
GSM7230012_hCiPSCs-0618_ATGCCTCGTCCGATCG-1	0.5503435	0.535706	1	ambiguous	0	0	1
GSM7230012_hCiPSCs-0618_ATGCCTCGTTACCCTC-1	0.6335622	0.61502355	1	ambiguous	0	0	1
GSM7230012_hCiPSCs-0618_ATGCCTCTCGACACTA-1	0.67058897	0.65031457	1	ambiguous	0	0	1
GSM7230012_hCiPSCs-0618_ATGCGATAGGATTCCT-1	0.64895	0.62969	1	ambiguous	0	0	1
GSM7230012_hCiPSCs-0618_ATGCGATAGTAGTGCG-1	0.105335645	0.11155919	1	failure	0	1	0
GSM7230012_hCiPSCs-0618_ATGCGATAGTCCGTCG-1	0.45075044	0.44078165	1	ambiguous	0	0	1
GSM7230012_hCiPSCs-0618_ATGCGATCACACCTGG-1	0.64351416	0.624509	1	ambiguous	0	0	1
GSM7230012_hCiPSCs-0618_ATGCGATCACATAGCT-1	0.81235725	0.78543705	1	success	1	0	0
GSM7230012_hCiPSCs-0618_ATGCGATCACTCTGCT-1	0.263893	0.2626837	1	ambiguous	0	0	1
GSM7230012_hCiPSCs-0618_ATGCGATCAGCTCCTT-1	0.11523325	0.12099281	1	ambiguous	0	0	1
GSM7230012_hCiPSCs-0618_ATGCGATGTCCAGCGT-1	0.14285788	0.14732245	1	ambiguous	0	0	1
GSM7230012_hCiPSCs-0618_ATGCGATTCGTGGACC-1	0.10474208	0.11099345	1	failure	0	1	0
GSM7230012_hCiPSCs-0618_ATGGAGGAGGGATCGT-1	0.5169645	0.5038917	1	ambiguous	0	0	1
GSM7230012_hCiPSCs-0618_ATGGAGGAGTCATGGG-1	0.7147527	0.69240797	1	ambiguous	0	0	1
GSM7230012_hCiPSCs-0618_ATGGAGGAGTGCGTCC-1	0.73636717	0.71300924	1	ambiguous	0	0	1
GSM7230012_hCiPSCs-0618_ATGGAGGCAGAATCGG-1	0.76530844	0.7405938	1	success	1	0	0
GSM7230012_hCiPSCs-0618_ATGGAGGCAGCACACC-1	0.1790458	0.18181396	1	ambiguous	0	0	1
GSM7230012_hCiPSCs-0618_ATGGAGGGTCTTAGTG-1	0.7309015	0.7077998	1	ambiguous	0	0	1
GSM7230012_hCiPSCs-0618_ATGGAGGGTGCCTGCA-1	0.74950415	0.7255304	1	ambiguous	0	0	1
GSM7230012_hCiPSCs-0618_ATGGAGGGTGTTGAGG-1	0.57978475	0.5637671	1	ambiguous	0	0	1
GSM7230012_hCiPSCs-0618_ATGGAGGTCTCAGTCC-1	0.1567726	0.16058488	1	ambiguous	0	0	1
GSM7230012_hCiPSCs-0618_ATGGAGGTCTGGGAGA-1	0.26876605	0.2673283	1	ambiguous	0	0	1
GSM7230012_hCiPSCs-0618_ATGGATCAGAAGCGAA-1	0.07386331	0.08156221	1	failure	0	1	0
GSM7230012_hCiPSCs-0618_ATGGATCAGACCCTTA-1	0.13219862	0.13716286	1	ambiguous	0	0	1
GSM7230012_hCiPSCs-0618_ATGGATCAGCTGAGTG-1	0.18465583	0.18716101	1	ambiguous	0	0	1
GSM7230012_hCiPSCs-0618_ATGGATCCAGCTGTCG-1	0.69417363	0.6727936	1	ambiguous	0	0	1
GSM7230012_hCiPSCs-0618_ATGGATCGTAAGGCTG-1	0.4509012	0.44092536	1	ambiguous	0	0	1
GSM7230012_hCiPSCs-0618_ATGGATCGTATCGTTG-1	0.66538006	0.64534986	1	ambiguous	0	0	1
GSM7230012_hCiPSCs-0618_ATGGATCGTCGTTATG-1	0.60083747	0.58383286	1	ambiguous	0	0	1
GSM7230012_hCiPSCs-0618_ATGGATCTCTGACGCG-1	0.8171924	0.79004556	1	success	1	0	0
GSM7230012_hCiPSCs-0618_ATGGGAGCAAGATCCT-1	0.12218079	0.12761466	1	ambiguous	0	0	1
GSM7230012_hCiPSCs-0618_ATGGGAGCACCATAAC-1	0.70471376	0.6828397	1	ambiguous	0	0	1
GSM7230012_hCiPSCs-0618_ATGGGAGCATCGCCTT-1	0.12416154	0.12950256	1	ambiguous	0	0	1
GSM7230012_hCiPSCs-0618_ATGGGAGCATGATCTG-1	0.15784909	0.16161092	1	ambiguous	0	0	1
GSM7230012_hCiPSCs-0618_ATGGGAGCATGGGAAC-1	0.16093622	0.16455331	1	ambiguous	0	0	1
GSM7230012_hCiPSCs-0618_ATGGGAGGTCAAATCC-1	0.6231849	0.60513276	1	ambiguous	0	0	1
GSM7230012_hCiPSCs-0618_ATGGGAGGTGAGATCG-1	0.09334483	0.100130476	1	failure	0	1	0
GSM7230012_hCiPSCs-0618_ATGGGAGTCTACAGGT-1	0.8170206	0.78988177	1	success	1	0	0
GSM7230012_hCiPSCs-0618_ATGGGAGTCTGCGGAC-1	0.69903624	0.6774283	1	ambiguous	0	0	1
GSM7230012_hCiPSCs-0618_ATGGGTTAGCAAGCCA-1	0.81589454	0.7888085	1	success	1	0	0
GSM7230012_hCiPSCs-0618_ATGGGTTAGCTAGAAT-1	0.65831786	0.6386187	1	ambiguous	0	0	1
GSM7230012_hCiPSCs-0618_ATGGGTTAGTAAATGC-1	0.5893631	0.5728964	1	ambiguous	0	0	1
GSM7230012_hCiPSCs-0618_ATGGGTTCAGGACGAT-1	0.55057216	0.5359239	1	ambiguous	0	0	1
GSM7230012_hCiPSCs-0618_ATGGGTTGTACAACGG-1	0.44285887	0.43326002	1	ambiguous	0	0	1
GSM7230012_hCiPSCs-0618_ATGGGTTGTCGTGGAA-1	0.6772838	0.6566956	1	ambiguous	0	0	1
GSM7230012_hCiPSCs-0618_ATGGGTTGTGGTCCGT-1	0.58618146	0.5698639	1	ambiguous	0	0	1
GSM7230012_hCiPSCs-0618_ATGGGTTTCAGGCGAA-1	0.972	0.9375961	1	success	1	0	0
GSM7230012_hCiPSCs-0618_ATGGTTGAGACGCATG-1	0.13819955	0.1428825	1	ambiguous	0	0	1
GSM7230012_hCiPSCs-0618_ATGGTTGAGGTAAGTT-1	0.37113577	0.36489916	1	ambiguous	0	0	1
GSM7230012_hCiPSCs-0618_ATGGTTGAGGTTAAAC-1	0.12838146	0.13352467	1	ambiguous	0	0	1
GSM7230012_hCiPSCs-0618_ATGGTTGAGTATAACG-1	0.71467924	0.692338	1	ambiguous	0	0	1
GSM7230012_hCiPSCs-0618_ATGGTTGAGTTTGGCT-1	0.40387788	0.3961064	1	ambiguous	0	0	1
GSM7230012_hCiPSCs-0618_ATGGTTGCACGTTGGC-1	0.11036846	0.116356075	1	ambiguous	0	0	1
GSM7230012_hCiPSCs-0618_ATGGTTGTCAGTCTTT-1	0.070431374	0.078291155	1	failure	0	1	0
GSM7230012_hCiPSCs-0618_ATGGTTGTCAGTGTCA-1	0.5854534	0.56917	1	ambiguous	0	0	1
GSM7230012_hCiPSCs-0618_ATGGTTGTCCACTTTA-1	0.6705868	0.65031254	1	ambiguous	0	0	1
GSM7230012_hCiPSCs-0618_ATGGTTGTCTAGTGAC-1	0.1296869	0.1347689	1	ambiguous	0	0	1
GSM7230012_hCiPSCs-0618_ATGGTTGTCTCATTGT-1	0.68429494	0.66337806	1	ambiguous	0	0	1
GSM7230012_hCiPSCs-0618_ATGTCCCAGACGGTTG-1	0.5156523	0.502641	1	ambiguous	0	0	1
GSM7230012_hCiPSCs-0618_ATGTCCCAGCGAATGC-1	0.61346495	0.5958684	1	ambiguous	0	0	1
GSM7230012_hCiPSCs-0618_ATGTCCCAGTACAACA-1	0.77344567	0.74834955	1	success	1	0	0
GSM7230012_hCiPSCs-0618_ATGTCCCAGTCTGGTT-1	0.5217484	0.5084514	1	ambiguous	0	0	1
GSM7230012_hCiPSCs-0618_ATGTCCCCAAACAGGC-1	0.13082606	0.13585466	1	ambiguous	0	0	1
GSM7230012_hCiPSCs-0618_ATGTCCCCACAGACGA-1	0.12626411	0.13150656	1	ambiguous	0	0	1
GSM7230012_hCiPSCs-0618_ATGTCCCCAGGCACTC-1	0.042472854	0.051643275	1	failure	0	1	0
GSM7230012_hCiPSCs-0618_ATGTCCCCAGGTTCCG-1	0.61307555	0.59549725	1	ambiguous	0	0	1
GSM7230012_hCiPSCs-0618_ATGTCCCGTGTTGAGG-1	0.1907562	0.1929754	1	ambiguous	0	0	1
GSM7230012_hCiPSCs-0618_ATGTCCCGTTGTTGTG-1	0.13661581	0.14137301	1	ambiguous	0	0	1
GSM7230012_hCiPSCs-0618_ATGTCTTAGAACGTGC-1	0.70619047	0.6842472	1	ambiguous	0	0	1
GSM7230012_hCiPSCs-0618_ATGTCTTAGACGAAGA-1	0.57886237	0.56288797	1	ambiguous	0	0	1
GSM7230012_hCiPSCs-0618_ATGTCTTAGTAAGCAT-1	0.15172242	0.15577143	1	ambiguous	0	0	1
GSM7230012_hCiPSCs-0618_ATGTCTTCAACGTAAA-1	0.17763618	0.18047042	1	ambiguous	0	0	1
GSM7230012_hCiPSCs-0618_ATGTCTTCAAGCCTGC-1	0.72356707	0.7008092	1	ambiguous	0	0	1
GSM7230012_hCiPSCs-0618_ATGTCTTCAGAGGGTT-1	0.11744589	0.123101726	1	ambiguous	0	0	1
GSM7230012_hCiPSCs-0618_ATGTCTTGTAACCCGC-1	0.12933116	0.13442984	1	ambiguous	0	0	1
GSM7230012_hCiPSCs-0618_ATGTCTTGTCGATTAC-1	0.20961148	0.21094678	1	ambiguous	0	0	1
GSM7230012_hCiPSCs-0618_ATGTCTTTCCAAGGGA-1	0.08398803	0.0912123	1	failure	0	1	0
GSM7230012_hCiPSCs-0618_ATGTCTTTCGCTTACC-1	0.30945116	0.30610618	1	ambiguous	0	0	1
GSM7230012_hCiPSCs-0618_ATGTCTTTCGGCCCAA-1	0.06024742	0.068584606	1	failure	0	1	0
GSM7230012_hCiPSCs-0618_ATGTCTTTCTCTCAAT-1	0.09632347	0.10296948	1	failure	0	1	0
GSM7230012_hCiPSCs-0618_ATTACCTAGGAAAGTG-1	0.5154841	0.50248075	1	ambiguous	0	0	1
GSM7230012_hCiPSCs-0618_ATTACCTAGGGTAGCT-1	0.6838991	0.66300076	1	ambiguous	0	0	1
GSM7230012_hCiPSCs-0618_ATTACCTCAATAAGGT-1	0.63579637	0.617153	1	ambiguous	0	0	1
GSM7230012_hCiPSCs-0618_ATTACCTCACACGGTC-1	0.37237284	0.36607823	1	ambiguous	0	0	1
GSM7230012_hCiPSCs-0618_ATTACCTCACCCTAGG-1	0.17491531	0.1778771	1	ambiguous	0	0	1
GSM7230012_hCiPSCs-0618_ATTACCTCACCTTCGT-1	0.07628248	0.083867975	1	failure	0	1	0
GSM7230012_hCiPSCs-0618_ATTACCTCAGGTCCGT-1	0.11623483	0.121947445	1	ambiguous	0	0	1
GSM7230012_hCiPSCs-0618_ATTACCTCATGAAAGT-1	0.55254656	0.53780574	1	ambiguous	0	0	1
GSM7230012_hCiPSCs-0618_ATTACCTGTTCTTGCC-1	0.7206385	0.6980179	1	ambiguous	0	0	1
GSM7230012_hCiPSCs-0618_ATTACCTTCAACGCTA-1	0.09013793	0.097073905	1	failure	0	1	0
GSM7230012_hCiPSCs-0618_ATTACCTTCGAGAGCA-1	0.6500981	0.6307843	1	ambiguous	0	0	1
GSM7230012_hCiPSCs-0618_ATTACCTTCGGCATTA-1	0.114765875	0.12054735	1	ambiguous	0	0	1
GSM7230012_hCiPSCs-0618_ATTACCTTCGTGGCTG-1	0.09698212	0.10359726	1	failure	0	1	0
GSM7230012_hCiPSCs-0618_ATTACTCAGAACAGGA-1	0.0761877	0.083777644	1	failure	0	1	0
GSM7230012_hCiPSCs-0618_ATTACTCAGCAATAAC-1	0.815313	0.78825426	1	success	1	0	0
GSM7230012_hCiPSCs-0618_ATTACTCCACAATCTG-1	0.72602165	0.7031487	1	ambiguous	0	0	1
GSM7230012_hCiPSCs-0618_ATTACTCCACAATGAA-1	0.70635605	0.68440497	1	ambiguous	0	0	1
GSM7230012_hCiPSCs-0618_ATTACTCCACGCCAGT-1	0.17591551	0.17883042	1	ambiguous	0	0	1
GSM7230012_hCiPSCs-0618_ATTACTCCACTTTAGG-1	0.6869925	0.66594917	1	ambiguous	0	0	1
GSM7230012_hCiPSCs-0618_ATTACTCGTAACGGTG-1	0.5858234	0.5695227	1	ambiguous	0	0	1
GSM7230012_hCiPSCs-0618_ATTACTCGTACTCGAT-1	0.6534051	0.6339362	1	ambiguous	0	0	1
GSM7230012_hCiPSCs-0618_ATTACTCGTGGATCGA-1	0.6560398	0.6364474	1	ambiguous	0	0	1
GSM7230012_hCiPSCs-0618_ATTATCCAGGCATGGT-1	0.5649103	0.5495899	1	ambiguous	0	0	1
GSM7230012_hCiPSCs-0618_ATTATCCAGTTCCTGA-1	0.6887244	0.66759986	1	ambiguous	0	0	1
GSM7230012_hCiPSCs-0618_ATTATCCCATGTTCAG-1	0.52599037	0.51249444	1	ambiguous	0	0	1
GSM7230012_hCiPSCs-0618_ATTATCCTCGATGGAG-1	0.72165203	0.6989839	1	ambiguous	0	0	1
GSM7230012_hCiPSCs-0618_ATTATCCTCGCTCCTA-1	0.098400585	0.10494923	1	failure	0	1	0
GSM7230012_hCiPSCs-0618_ATTCACTAGACACACG-1	0.687245	0.6661898	1	ambiguous	0	0	1
GSM7230012_hCiPSCs-0618_ATTCACTAGATACATG-1	0.16977154	0.17297445	1	ambiguous	0	0	1
GSM7230012_hCiPSCs-0618_ATTCACTAGATCCCAT-1	0.54566693	0.5312486	1	ambiguous	0	0	1
GSM7230012_hCiPSCs-0618_ATTCACTAGCCGTTGC-1	0.1941618	0.19622137	1	ambiguous	0	0	1
GSM7230012_hCiPSCs-0618_ATTCACTCAAGTGCTT-1	0.6472513	0.62807095	1	ambiguous	0	0	1
GSM7230012_hCiPSCs-0618_ATTCACTGTCGAGATG-1	0.13866547	0.14332657	1	ambiguous	0	0	1
GSM7230012_hCiPSCs-0618_ATTCACTGTCTCACAA-1	0.6015168	0.58448035	1	ambiguous	0	0	1
GSM7230012_hCiPSCs-0618_ATTCACTGTTGGCCTG-1	0.674974	0.65449405	1	ambiguous	0	0	1
GSM7230012_hCiPSCs-0618_ATTCAGGAGACATCCT-1	0.5868418	0.57049334	1	ambiguous	0	0	1
GSM7230012_hCiPSCs-0618_ATTCAGGAGCACTAGG-1	0.7767022	0.75145346	1	success	1	0	0
GSM7230012_hCiPSCs-0618_ATTCAGGAGGCCTGAA-1	0.70355856	0.6817386	1	ambiguous	0	0	1
GSM7230012_hCiPSCs-0618_ATTCAGGAGTCCCAGC-1	0.6800514	0.6593334	1	ambiguous	0	0	1
GSM7230012_hCiPSCs-0618_ATTCAGGAGTTCTCTT-1	0.36149347	0.35570887	1	ambiguous	0	0	1
GSM7230012_hCiPSCs-0618_ATTCAGGCAACACGAG-1	0.6329817	0.61447024	1	ambiguous	0	0	1
GSM7230012_hCiPSCs-0618_ATTCAGGCAATTGCTG-1	0.5763699	0.5605123	1	ambiguous	0	0	1
GSM7230012_hCiPSCs-0618_ATTCAGGCATAGATGA-1	0.7629272	0.73832417	1	success	1	0	0
GSM7230012_hCiPSCs-0618_ATTCAGGCATGACGAG-1	0.5680024	0.5525371	1	ambiguous	0	0	1
GSM7230012_hCiPSCs-0618_ATTCAGGCATTCACAG-1	0.7107118	0.68855655	1	ambiguous	0	0	1
GSM7230012_hCiPSCs-0618_ATTCAGGGTAGACAGC-1	0.68942034	0.6682632	1	ambiguous	0	0	1
GSM7230012_hCiPSCs-0618_ATTCAGGGTATGTGTC-1	0.409731	0.4016851	1	ambiguous	0	0	1
GSM7230012_hCiPSCs-0618_ATTCAGGGTCTGTAGT-1	0.6384873	0.6197177	1	ambiguous	0	0	1
GSM7230012_hCiPSCs-0618_ATTCAGGGTGACGCCT-1	0.7824454	0.7569274	1	success	1	0	0
GSM7230012_hCiPSCs-0618_ATTCAGGGTGTTTACG-1	0.50605506	0.4934937	1	ambiguous	0	0	1
GSM7230012_hCiPSCs-0618_ATTCAGGGTTTAGACC-1	0.16327931	0.16678657	1	ambiguous	0	0	1
GSM7230012_hCiPSCs-0618_ATTCAGGTCAGTGCGC-1	0.17784666	0.18067102	1	ambiguous	0	0	1
GSM7230012_hCiPSCs-0618_ATTCAGGTCATTGGTG-1	0.5348808	0.5209682	1	ambiguous	0	0	1
GSM7230012_hCiPSCs-0618_ATTCAGGTCGGAGATG-1	0.76940876	0.7445019	1	success	1	0	0
GSM7230012_hCiPSCs-0618_ATTCAGGTCGTTCATT-1	0.74227434	0.7186395	1	ambiguous	0	0	1
GSM7230012_hCiPSCs-0618_ATTCAGGTCTTCCCGA-1	0.5721844	0.55652297	1	ambiguous	0	0	1
GSM7230012_hCiPSCs-0618_ATTCATCAGCAACCAG-1	0.1631274	0.16664179	1	ambiguous	0	0	1
GSM7230012_hCiPSCs-0618_ATTCATCAGCCTCTTC-1	0.7627718	0.73817605	1	success	1	0	0
GSM7230012_hCiPSCs-0618_ATTCATCAGTGTTCAC-1	0.7923835	0.7663996	1	success	1	0	0
GSM7230012_hCiPSCs-0618_ATTCATCCAAGTACCT-1	0.40960172	0.4015619	1	ambiguous	0	0	1
GSM7230012_hCiPSCs-0618_ATTCATCCAGTTACCA-1	0.7041966	0.6823467	1	ambiguous	0	0	1
GSM7230012_hCiPSCs-0618_ATTCATCCATCCGGTG-1	0.07692887	0.08448406	1	failure	0	1	0
GSM7230012_hCiPSCs-0618_ATTCATCGTATCGTGT-1	0.5109272	0.4981374	1	ambiguous	0	0	1
GSM7230012_hCiPSCs-0618_ATTCATCGTCCAGCAC-1	0.1945309	0.19657315	1	ambiguous	0	0	1
GSM7230012_hCiPSCs-0618_ATTCATCGTCCTACAA-1	0.6333717	0.614842	1	ambiguous	0	0	1
GSM7230012_hCiPSCs-0618_ATTCATCGTGCCTATA-1	0.5361959	0.52222157	1	ambiguous	0	0	1
GSM7230012_hCiPSCs-0618_ATTCATCGTGTTGACT-1	0.64728075	0.62809896	1	ambiguous	0	0	1
GSM7230012_hCiPSCs-0618_ATTCATCGTTATAGAG-1	0.17198755	0.17508659	1	ambiguous	0	0	1
GSM7230012_hCiPSCs-0618_ATTCATCGTTCGTACA-1	0.7240349	0.7012551	1	ambiguous	0	0	1
GSM7230012_hCiPSCs-0618_ATTCATCTCAGTGGGA-1	0.5843227	0.5680923	1	ambiguous	0	0	1
GSM7230012_hCiPSCs-0618_ATTCATCTCCCATGGG-1	0.084040344	0.09126216	1	failure	0	1	0
GSM7230012_hCiPSCs-0618_ATTCCATAGAGGTTAT-1	0.10019958	0.10666389	1	failure	0	1	0
GSM7230012_hCiPSCs-0618_ATTCCATAGTCACAGG-1	0.43738857	0.42804614	1	ambiguous	0	0	1
GSM7230012_hCiPSCs-0618_ATTCCATAGTCGAGGT-1	0.58928114	0.5728183	1	ambiguous	0	0	1
GSM7230012_hCiPSCs-0618_ATTCCATCATTAGGAA-1	0.14235133	0.14683965	1	ambiguous	0	0	1
GSM7230012_hCiPSCs-0618_ATTCCATGTCGAAGCA-1	0.28586173	0.28362256	1	ambiguous	0	0	1
GSM7230012_hCiPSCs-0618_ATTCCCGAGGCCTAGA-1	0.7049302	0.683046	1	ambiguous	0	0	1
GSM7230012_hCiPSCs-0618_ATTCCCGAGGTTTACC-1	0.8070913	0.7804179	1	success	1	0	0
GSM7230012_hCiPSCs-0618_ATTCCCGCAATCTGCA-1	0.5618682	0.5466904	1	ambiguous	0	0	1
GSM7230012_hCiPSCs-0618_ATTCCCGCAGTTGAAA-1	0.4413506	0.43182245	1	ambiguous	0	0	1
GSM7230012_hCiPSCs-0618_ATTCCCGGTATGAGCG-1	0.5150333	0.50205106	1	ambiguous	0	0	1
GSM7230012_hCiPSCs-0618_ATTCCCGGTGGCCACT-1	0.14984418	0.15398125	1	ambiguous	0	0	1
GSM7230012_hCiPSCs-0618_ATTCCCGGTGTATTCG-1	0.6794746	0.6587837	1	ambiguous	0	0	1
GSM7230012_hCiPSCs-0618_ATTCCCGTCATGAGGG-1	0.084427215	0.091630906	1	failure	0	1	0
GSM7230012_hCiPSCs-0618_ATTCCTAAGGAGTACC-1	0.1285284	0.13366471	1	ambiguous	0	0	1
GSM7230012_hCiPSCs-0618_ATTCCTACAGTCAGTT-1	0.1294174	0.13451204	1	ambiguous	0	0	1
GSM7230012_hCiPSCs-0618_ATTCCTACATCCCACT-1	0.08410862	0.09132724	1	failure	0	1	0
GSM7230012_hCiPSCs-0618_ATTCCTAGTCCTATAG-1	0.10042075	0.10687469	1	failure	0	1	0
GSM7230012_hCiPSCs-0618_ATTCCTAGTTGGGACA-1	0.6233314	0.60527235	1	ambiguous	0	0	1
GSM7230012_hCiPSCs-0618_ATTCCTATCAGAATAG-1	0.53972536	0.5255856	1	ambiguous	0	0	1
GSM7230012_hCiPSCs-0618_ATTCCTATCAGACCGC-1	0.10512589	0.11135926	1	failure	0	1	0
GSM7230012_hCiPSCs-0618_ATTCCTATCATTGTTC-1	0.114652164	0.12043896	1	ambiguous	0	0	1
GSM7230012_hCiPSCs-0618_ATTCCTATCCATCTCG-1	0.09111975	0.098009706	1	failure	0	1	0
GSM7230012_hCiPSCs-0618_ATTCCTATCGGCCCAA-1	0.65730023	0.6376488	1	ambiguous	0	0	1
GSM7230012_hCiPSCs-0618_ATTCGTTAGCGCGTTC-1	0.08237637	0.089676194	1	failure	0	1	0
GSM7230012_hCiPSCs-0618_ATTCGTTAGGACACTG-1	0.7933991	0.76736766	1	success	1	0	0
GSM7230012_hCiPSCs-0618_ATTCGTTAGTTGTCAC-1	0.54853576	0.533983	1	ambiguous	0	0	1
GSM7230012_hCiPSCs-0618_ATTCGTTCAATCTCGA-1	0.7819065	0.75641376	1	success	1	0	0
GSM7230012_hCiPSCs-0618_ATTCGTTCACGAAGAC-1	0.668264	0.6480985	1	ambiguous	0	0	1
GSM7230012_hCiPSCs-0618_ATTCGTTCACGTGAGA-1	0.12638344	0.1316203	1	ambiguous	0	0	1
GSM7230012_hCiPSCs-0618_ATTCGTTCAGCCATTA-1	0.7252221	0.7023867	1	ambiguous	0	0	1
GSM7230012_hCiPSCs-0618_ATTCGTTGTCTTGTCC-1	0.09404604	0.100798815	1	failure	0	1	0
GSM7230012_hCiPSCs-0618_ATTCGTTTCGCAGATT-1	0.63765687	0.6189262	1	ambiguous	0	0	1
GSM7230012_hCiPSCs-0618_ATTCGTTTCTTCCACG-1	0.82913727	0.80143046	1	success	1	0	0
GSM7230012_hCiPSCs-0618_ATTCTACAGCATACTC-1	0.550323	0.53568643	1	ambiguous	0	0	1
GSM7230012_hCiPSCs-0618_ATTCTACAGTACTGGG-1	0.0639944	0.07215594	1	failure	0	1	0
GSM7230012_hCiPSCs-0618_ATTCTACAGTCGCCAC-1	0.75847214	0.73407793	1	success	1	0	0
GSM7230012_hCiPSCs-0618_ATTCTACCAGGAAGTC-1	0.4784099	0.4671445	1	ambiguous	0	0	1
GSM7230012_hCiPSCs-0618_ATTCTACCATCACCAA-1	0.13264835	0.13759154	1	ambiguous	0	0	1
GSM7230012_hCiPSCs-0618_ATTCTACGTCCCGTGA-1	0.85182154	0.82305133	1	success	1	0	0
GSM7230012_hCiPSCs-0618_ATTCTACGTTGAAGTA-1	0.68318796	0.662323	1	ambiguous	0	0	1
GSM7230012_hCiPSCs-0618_ATTCTACTCTGCTCTG-1	0.1197483	0.1252962	1	ambiguous	0	0	1
GSM7230012_hCiPSCs-0618_ATTCTTGAGAACTTCC-1	0.5517594	0.53705555	1	ambiguous	0	0	1
GSM7230012_hCiPSCs-0618_ATTCTTGAGTATGGCG-1	0.08816255	0.09519113	1	failure	0	1	0
GSM7230012_hCiPSCs-0618_ATTCTTGAGTCTGGTT-1	0.763827	0.7391818	1	success	1	0	0
GSM7230012_hCiPSCs-0618_ATTCTTGCACTCTCGT-1	0.7171757	0.69471747	1	ambiguous	0	0	1
GSM7230012_hCiPSCs-0618_ATTCTTGCATCCAACA-1	0.5856517	0.569359	1	ambiguous	0	0	1
GSM7230012_hCiPSCs-0618_ATTCTTGGTCACTCTC-1	0.4055154	0.39766714	1	ambiguous	0	0	1
GSM7230012_hCiPSCs-0618_ATTCTTGGTCATCACA-1	0.31267145	0.30917552	1	ambiguous	0	0	1
GSM7230012_hCiPSCs-0618_ATTCTTGGTCGACTGC-1	0.4554424	0.44525367	1	ambiguous	0	0	1
GSM7230012_hCiPSCs-0618_ATTCTTGTCAAGGCTT-1	0.14727134	0.15152901	1	ambiguous	0	0	1
GSM7230012_hCiPSCs-0618_ATTCTTGTCCAAACCA-1	0.1822673	0.18488443	1	ambiguous	0	0	1
GSM7230012_hCiPSCs-0618_ATTCTTGTCCATCTGC-1	0.06379572	0.071966566	1	failure	0	1	0
GSM7230012_hCiPSCs-0618_ATTCTTGTCCTCACTG-1	0.31955418	0.31573558	1	ambiguous	0	0	1
GSM7230012_hCiPSCs-0618_ATTCTTGTCGTGCGAC-1	0.6955855	0.6741393	1	ambiguous	0	0	1
GSM7230012_hCiPSCs-0618_ATTCTTGTCTACTGAG-1	0.58245456	0.5663117	1	ambiguous	0	0	1
GSM7230012_hCiPSCs-0618_ATTCTTGTCTTACGGA-1	0.4201957	0.41165924	1	ambiguous	0	0	1
GSM7230012_hCiPSCs-0618_ATTGGGTAGCCGTTGC-1	0.15577438	0.15963346	1	ambiguous	0	0	1
GSM7230012_hCiPSCs-0618_ATTGGGTAGCGACAGT-1	0.60492325	0.5877271	1	ambiguous	0	0	1
GSM7230012_hCiPSCs-0618_ATTGGGTCAAACTGCT-1	0.21517673	0.21625115	1	ambiguous	0	0	1
GSM7230012_hCiPSCs-0618_ATTGGGTCAAGAATGT-1	0.059692834	0.06805602	1	failure	0	1	0
GSM7230012_hCiPSCs-0618_ATTGGGTCATTCATCT-1	0.7931984	0.76717633	1	success	1	0	0
GSM7230012_hCiPSCs-0618_ATTGGGTGTCACAGTT-1	0.5370482	0.523034	1	ambiguous	0	0	1
GSM7230012_hCiPSCs-0618_ATTGGGTTCATACAGC-1	0.7486613	0.724727	1	ambiguous	0	0	1
GSM7230012_hCiPSCs-0618_ATTGGGTTCGGATTAC-1	0.7353422	0.7120323	1	ambiguous	0	0	1
GSM7230012_hCiPSCs-0618_ATTGGGTTCTAGCATG-1	0.60526025	0.58804834	1	ambiguous	0	0	1
GSM7230012_hCiPSCs-0618_ATTGGGTTCTGGCCGA-1	0.2145411	0.21564531	1	ambiguous	0	0	1
GSM7230012_hCiPSCs-0618_ATTGGGTTCTTGCAGA-1	0.10089893	0.10733045	1	failure	0	1	0
GSM7230012_hCiPSCs-0618_ATTGTTCAGCCGCTTG-1	0.2300262	0.2304045	1	ambiguous	0	0	1
GSM7230012_hCiPSCs-0618_ATTGTTCCAACACGAG-1	0.6025712	0.58548534	1	ambiguous	0	0	1
GSM7230012_hCiPSCs-0618_ATTGTTCCACTTCTCG-1	0.061741676	0.070008814	1	failure	0	1	0
GSM7230012_hCiPSCs-0618_ATTGTTCCAGCCTTCT-1	0.09347723	0.10025667	1	failure	0	1	0
GSM7230012_hCiPSCs-0618_ATTGTTCGTAGCCCTG-1	0.58206147	0.56593704	1	ambiguous	0	0	1
GSM7230012_hCiPSCs-0618_ATTGTTCGTCACAGAG-1	0.1309408	0.13596402	1	ambiguous	0	0	1
GSM7230012_hCiPSCs-0618_ATTGTTCTCATGGATC-1	0.72778803	0.70483226	1	ambiguous	0	0	1
GSM7230012_hCiPSCs-0618_ATTGTTCTCATTACCT-1	0.75163305	0.72755945	1	ambiguous	0	0	1
GSM7230012_hCiPSCs-0618_ATTGTTCTCCGATAAC-1	0.6982628	0.6766912	1	ambiguous	0	0	1
GSM7230012_hCiPSCs-0618_ATTGTTCTCGACACCG-1	0.10121064	0.10762755	1	failure	0	1	0
GSM7230012_hCiPSCs-0618_ATTTACCAGATAGCAT-1	0.58584356	0.5695419	1	ambiguous	0	0	1
GSM7230012_hCiPSCs-0618_ATTTACCAGCGCCTAC-1	0.18046927	0.1831707	1	ambiguous	0	0	1
GSM7230012_hCiPSCs-0618_ATTTACCCACACGTGC-1	0.19911437	0.20094176	1	ambiguous	0	0	1
GSM7230012_hCiPSCs-0618_ATTTACCCATGAGTAA-1	0.5218867	0.5085831	1	ambiguous	0	0	1
GSM7230012_hCiPSCs-0618_ATTTACCGTCCAGCAC-1	0.8796198	0.84954643	1	success	1	0	0
GSM7230012_hCiPSCs-0618_ATTTACCGTGGGACAT-1	0.769617	0.74470043	1	success	1	0	0
GSM7230012_hCiPSCs-0618_ATTTACCGTTCTAACG-1	0.45604762	0.44583052	1	ambiguous	0	0	1
GSM7230012_hCiPSCs-0618_ATTTACCGTTGCCTAA-1	0.5796655	0.5636534	1	ambiguous	0	0	1
GSM7230012_hCiPSCs-0618_ATTTACCTCAATGCAC-1	0.14356965	0.14800087	1	ambiguous	0	0	1
GSM7230012_hCiPSCs-0618_ATTTACCTCGCGCTGA-1	0.8242382	0.79676104	1	success	1	0	0
GSM7230012_hCiPSCs-0618_ATTTACCTCTAGCATG-1	0.7388429	0.7153689	1	ambiguous	0	0	1
GSM7230012_hCiPSCs-0618_ATTTCACAGAACTGAT-1	0.64736736	0.6281816	1	ambiguous	0	0	1
GSM7230012_hCiPSCs-0618_ATTTCACAGATAACAC-1	0.76499003	0.7402903	1	success	1	0	0
GSM7230012_hCiPSCs-0618_ATTTCACAGGGAGTGG-1	0.12829135	0.13343877	1	ambiguous	0	0	1
GSM7230012_hCiPSCs-0618_ATTTCACAGTCGCGAA-1	0.4678398	0.4570699	1	ambiguous	0	0	1
GSM7230012_hCiPSCs-0618_ATTTCACCAGTTAAAG-1	0.6288252	0.6105086	1	ambiguous	0	0	1
GSM7230012_hCiPSCs-0618_ATTTCACGTATTGGCT-1	0.7823345	0.7568217	1	success	1	0	0
GSM7230012_hCiPSCs-0618_ATTTCACGTGGCATCC-1	0.15036887	0.15448134	1	ambiguous	0	0	1
GSM7230012_hCiPSCs-0618_ATTTCACTCATTGCGA-1	0.13022654	0.13528325	1	ambiguous	0	0	1
GSM7230012_hCiPSCs-0618_ATTTCACTCGCCAATA-1	0.6152767	0.5975952	1	ambiguous	0	0	1
GSM7230012_hCiPSCs-0618_ATTTCTGAGAGCCATG-1	0.58192366	0.56580573	1	ambiguous	0	0	1
GSM7230012_hCiPSCs-0618_ATTTCTGAGGATCATA-1	0.10368144	0.10998253	1	failure	0	1	0
GSM7230012_hCiPSCs-0618_ATTTCTGAGGCACTCC-1	0.51913047	0.5059562	1	ambiguous	0	0	1
GSM7230012_hCiPSCs-0618_ATTTCTGCAATGAAAC-1	0.58122945	0.56514406	1	ambiguous	0	0	1
GSM7230012_hCiPSCs-0618_ATTTCTGCAATGAGCG-1	0.5479799	0.53345317	1	ambiguous	0	0	1
GSM7230012_hCiPSCs-0618_ATTTCTGCACACCTTC-1	0.8107665	0.7839209	1	success	1	0	0
GSM7230012_hCiPSCs-0618_ATTTCTGCAGATACTC-1	0.7995448	0.77322525	1	success	1	0	0
GSM7230012_hCiPSCs-0618_ATTTCTGGTATGCGTT-1	0.62185216	0.60386246	1	ambiguous	0	0	1
GSM7230012_hCiPSCs-0618_ATTTCTGGTCGGCACT-1	0.7166009	0.6941696	1	ambiguous	0	0	1
GSM7230012_hCiPSCs-0618_ATTTCTGTCGATACTG-1	0.6337951	0.6152455	1	ambiguous	0	0	1
GSM7230012_hCiPSCs-0618_ATTTCTGTCGATGGAG-1	0.07494206	0.08259039	1	failure	0	1	0
GSM7230012_hCiPSCs-0618_ATTTCTGTCTGACCCT-1	0.05950075	0.067872934	1	failure	0	1	0
GSM7230012_hCiPSCs-0618_CAAAGAAAGTCAATCC-1	0.77954865	0.7541664	1	success	1	0	0
GSM7230012_hCiPSCs-0618_CAAAGAACACGTATAC-1	0.0	0.0	1	failure	0	1	0
GSM7230012_hCiPSCs-0618_CAAAGAAGTACAATAG-1	0.119231224	0.12480337	1	ambiguous	0	0	1
GSM7230012_hCiPSCs-0618_CAAAGAAGTACAGTTC-1	0.2731876	0.27154258	1	ambiguous	0	0	1
GSM7230012_hCiPSCs-0618_CAAAGAAGTCAGGTGA-1	0.5320017	0.518224	1	ambiguous	0	0	1
GSM7230012_hCiPSCs-0618_CAAAGAAGTCCGGACT-1	0.74361944	0.7199215	1	ambiguous	0	0	1
GSM7230012_hCiPSCs-0618_CAAAGAAGTCGTTGGC-1	0.48497456	0.4734014	1	ambiguous	0	0	1
GSM7230012_hCiPSCs-0618_CAAAGAAGTGATACCT-1	0.6435536	0.6245466	1	ambiguous	0	0	1
GSM7230012_hCiPSCs-0618_CAAAGAAGTTTCTTAC-1	0.76746964	0.7426537	1	success	1	0	0
GSM7230012_hCiPSCs-0618_CAAAGAATCATCAGTG-1	0.885908	0.8555399	1	success	1	0	0
GSM7230012_hCiPSCs-0618_CAAAGAATCCGAAGGA-1	0.23062517	0.2309754	1	ambiguous	0	0	1
GSM7230012_hCiPSCs-0618_CAAAGAATCGCAGTGC-1	0.12996297	0.13503203	1	ambiguous	0	0	1
GSM7230012_hCiPSCs-0618_CAACAACAGAGAGTTT-1	0.7654259	0.7407057	1	success	1	0	0
GSM7230012_hCiPSCs-0618_CAACAACAGCGATGGT-1	0.39870474	0.39117575	1	ambiguous	0	0	1
GSM7230012_hCiPSCs-0618_CAACAACCAAGAAACT-1	0.67303336	0.6526444	1	ambiguous	0	0	1
GSM7230012_hCiPSCs-0618_CAACAACCAAGACGAC-1	0.6779821	0.65736115	1	ambiguous	0	0	1
GSM7230012_hCiPSCs-0618_CAACAACCAGCAAGAC-1	0.79461485	0.7685264	1	success	1	0	0
GSM7230012_hCiPSCs-0618_CAACAACGTAACACGG-1	0.78190243	0.75640994	1	success	1	0	0
GSM7230012_hCiPSCs-0618_CAACAACGTAAGATAC-1	0.8046987	0.77813756	1	success	1	0	0
GSM7230012_hCiPSCs-0618_CAACAACGTACCTAGT-1	0.18145198	0.18410733	1	ambiguous	0	0	1
GSM7230012_hCiPSCs-0618_CAACAACGTGCCTTCT-1	0.6760098	0.6554813	1	ambiguous	0	0	1
GSM7230012_hCiPSCs-0618_CAACAACGTTGGTACT-1	0.14916821	0.15333697	1	ambiguous	0	0	1
GSM7230012_hCiPSCs-0618_CAACAACTCACTGTTT-1	0.75639975	0.73210275	1	success	1	0	0
GSM7230012_hCiPSCs-0618_CAACAACTCCATCTGC-1	0.1855147	0.18797961	1	ambiguous	0	0	1
GSM7230012_hCiPSCs-0618_CAACAACTCCGTGGCA-1	0.011708949	0.022321519	1	failure	0	1	0
GSM7230012_hCiPSCs-0618_CAACAACTCGATCCCT-1	0.14905156	0.15322578	1	ambiguous	0	0	1
GSM7230012_hCiPSCs-0618_CAACAACTCTCTGAGA-1	0.112630576	0.118512146	1	ambiguous	0	0	1
GSM7230012_hCiPSCs-0618_CAACAGTAGGAGAATG-1	0.12735856	0.13254972	1	ambiguous	0	0	1
GSM7230012_hCiPSCs-0618_CAACAGTAGGAGCAAA-1	0.071924746	0.07971452	1	failure	0	1	0
GSM7230012_hCiPSCs-0618_CAACAGTCAAGATGTA-1	0.093108185	0.099904925	1	failure	0	1	0
GSM7230012_hCiPSCs-0618_CAACAGTGTACAATAG-1	0.81062406	0.7837851	1	success	1	0	0
GSM7230012_hCiPSCs-0618_CAACAGTGTGTCTCCT-1	0.69133526	0.67008835	1	ambiguous	0	0	1
GSM7230012_hCiPSCs-0618_CAACAGTGTTGCATCA-1	0.7073659	0.68536747	1	ambiguous	0	0	1
GSM7230012_hCiPSCs-0618_CAACAGTTCACCGGTG-1	0.16674574	0.17009051	1	ambiguous	0	0	1
GSM7230012_hCiPSCs-0618_CAACAGTTCCGCACGA-1	0.033037398	0.042650133	1	failure	0	1	0
GSM7230012_hCiPSCs-0618_CAACAGTTCGAACGCC-1	0.6552715	0.6357151	1	ambiguous	0	0	1
GSM7230012_hCiPSCs-0618_CAACAGTTCTATGCCC-1	0.60800004	0.5906597	1	ambiguous	0	0	1
GSM7230012_hCiPSCs-0618_CAACCAACAAAGAGTT-1	0.6364942	0.6178181	1	ambiguous	0	0	1
GSM7230012_hCiPSCs-0618_CAACCAACAATAACCC-1	0.82401663	0.79654986	1	success	1	0	0
GSM7230012_hCiPSCs-0618_CAACCAACAATAGAGT-1	0.7635576	0.73892504	1	success	1	0	0
GSM7230012_hCiPSCs-0618_CAACCAACACACCTGG-1	0.71403193	0.691721	1	ambiguous	0	0	1
GSM7230012_hCiPSCs-0618_CAACCAACACCTCTGT-1	0.10150148	0.107904755	1	failure	0	1	0
GSM7230012_hCiPSCs-0618_CAACCAACAGCGGATA-1	0.64488304	0.62581366	1	ambiguous	0	0	1
GSM7230012_hCiPSCs-0618_CAACCAACATGCCATA-1	0.27678892	0.2749751	1	ambiguous	0	0	1
GSM7230012_hCiPSCs-0618_CAACCAATCACACCGG-1	0.6574571	0.6377983	1	ambiguous	0	0	1
GSM7230012_hCiPSCs-0618_CAACCAATCATCGCCT-1	0.09888711	0.105412945	1	failure	0	1	0
GSM7230012_hCiPSCs-0618_CAACCAATCGTGGTAT-1	0.8275123	0.7998817	1	success	1	0	0
GSM7230012_hCiPSCs-0618_CAACCAATCTAAGGAA-1	0.5420642	0.52781475	1	ambiguous	0	0	1
GSM7230012_hCiPSCs-0618_CAACCAATCTACACAG-1	0.85516644	0.8262394	1	success	1	0	0
GSM7230012_hCiPSCs-0618_CAACCTCAGAGCCTGA-1	0.1896862	0.19195555	1	ambiguous	0	0	1
GSM7230012_hCiPSCs-0618_CAACCTCAGAGGCGGA-1	0.7267662	0.7038584	1	ambiguous	0	0	1
GSM7230012_hCiPSCs-0618_CAACCTCAGCAACTTC-1	0.2807827	0.27878162	1	ambiguous	0	0	1
GSM7230012_hCiPSCs-0618_CAACCTCAGCATCCCG-1	0.739444	0.71594185	1	ambiguous	0	0	1
GSM7230012_hCiPSCs-0618_CAACCTCAGCCATTCA-1	0.13611576	0.1408964	1	ambiguous	0	0	1
GSM7230012_hCiPSCs-0618_CAACCTCCAAAGTGTA-1	0.66452646	0.6445363	1	ambiguous	0	0	1
GSM7230012_hCiPSCs-0618_CAACCTCGTATTTCCT-1	0.13438006	0.13924205	1	ambiguous	0	0	1
GSM7230012_hCiPSCs-0618_CAACCTCGTCGGAACA-1	0.6027745	0.5856791	1	ambiguous	0	0	1
GSM7230012_hCiPSCs-0618_CAACCTCGTGCCTATA-1	0.63511235	0.61650103	1	ambiguous	0	0	1
GSM7230012_hCiPSCs-0618_CAACCTCGTTAAGCAA-1	0.62063795	0.6027051	1	ambiguous	0	0	1
GSM7230012_hCiPSCs-0618_CAACGATAGGATAATC-1	0.62464863	0.60652786	1	ambiguous	0	0	1
GSM7230012_hCiPSCs-0618_CAACGATCAGGCTTGC-1	0.23438887	0.23456267	1	ambiguous	0	0	1
GSM7230012_hCiPSCs-0618_CAACGATGTATGAGAT-1	0.1276992	0.13287438	1	ambiguous	0	0	1
GSM7230012_hCiPSCs-0618_CAACGATGTTAGAAAC-1	0.09734224	0.103940494	1	failure	0	1	0
GSM7230012_hCiPSCs-0618_CAACGATGTTGTACGT-1	0.14291917	0.14738087	1	ambiguous	0	0	1
GSM7230012_hCiPSCs-0618_CAACGATTCTCACCCA-1	0.7813637	0.75589645	1	success	1	0	0
GSM7230012_hCiPSCs-0618_CAACGGCAGCAGTCTT-1	0.14311798	0.14757037	1	ambiguous	0	0	1
GSM7230012_hCiPSCs-0618_CAACGGCCAAATGATG-1	0.24889445	0.24838826	1	ambiguous	0	0	1
GSM7230012_hCiPSCs-0618_CAACGGCCAACAGCCC-1	0.11662279	0.12231721	1	ambiguous	0	0	1
GSM7230012_hCiPSCs-0618_CAACGGCCACAACGCC-1	0.79850215	0.77223146	1	success	1	0	0
GSM7230012_hCiPSCs-0618_CAACGGCCAGCCTTCT-1	0.087471515	0.0945325	1	failure	0	1	0
GSM7230012_hCiPSCs-0618_CAACGGCCATATGAAG-1	0.68012685	0.65940535	1	ambiguous	0	0	1
GSM7230012_hCiPSCs-0618_CAACGGCCATGGCACC-1	0.15667993	0.16049655	1	ambiguous	0	0	1
GSM7230012_hCiPSCs-0618_CAACGGCGTATGCTTG-1	0.77538663	0.75019956	1	success	1	0	0
GSM7230012_hCiPSCs-0618_CAACGGCGTCCTGTCT-1	0.6368924	0.6181976	1	ambiguous	0	0	1
GSM7230012_hCiPSCs-0618_CAACGGCGTGAGATCG-1	0.098819725	0.10534872	1	failure	0	1	0
GSM7230012_hCiPSCs-0618_CAACGGCGTTCTCGCT-1	0.60726285	0.5899571	1	ambiguous	0	0	1
GSM7230012_hCiPSCs-0618_CAACGGCTCCGACATA-1	0.130314	0.13536662	1	ambiguous	0	0	1
GSM7230012_hCiPSCs-0618_CAACGGCTCGCAGTCG-1	0.65349936	0.6340261	1	ambiguous	0	0	1
GSM7230012_hCiPSCs-0618_CAACGGCTCTTACTGT-1	0.73767394	0.71425474	1	ambiguous	0	0	1
GSM7230012_hCiPSCs-0618_CAAGACTAGGGTTAAT-1	0.15640575	0.16023523	1	ambiguous	0	0	1
GSM7230012_hCiPSCs-0618_CAAGACTCACAAGCCC-1	0.7011625	0.6794549	1	ambiguous	0	0	1
GSM7230012_hCiPSCs-0618_CAAGACTCACCTATCC-1	0.1575024	0.16128047	1	ambiguous	0	0	1
GSM7230012_hCiPSCs-0618_CAAGACTGTCTGATAC-1	0.20692387	0.20838517	1	ambiguous	0	0	1
GSM7230012_hCiPSCs-0618_CAAGACTGTTAGTTCG-1	0.85377985	0.82491785	1	success	1	0	0
GSM7230012_hCiPSCs-0618_CAAGACTGTTGGCTAT-1	0.21826607	0.21919566	1	ambiguous	0	0	1
GSM7230012_hCiPSCs-0618_CAAGACTTCGTGACTA-1	0.68744415	0.66637963	1	ambiguous	0	0	1
GSM7230012_hCiPSCs-0618_CAAGAGGAGATGCTAA-1	0.1211956	0.12667565	1	ambiguous	0	0	1
GSM7230012_hCiPSCs-0618_CAAGAGGAGTAGTCCT-1	0.13603042	0.14081505	1	ambiguous	0	0	1
GSM7230012_hCiPSCs-0618_CAAGAGGCACATCCCT-1	0.7425995	0.7189494	1	ambiguous	0	0	1
GSM7230012_hCiPSCs-0618_CAAGAGGGTACCAATC-1	0.15608026	0.159925	1	ambiguous	0	0	1
GSM7230012_hCiPSCs-0618_CAAGAGGTCACCCTGT-1	0.6574864	0.63782626	1	ambiguous	0	0	1
GSM7230012_hCiPSCs-0618_CAAGAGGTCTCGTGGG-1	0.26164654	0.26054254	1	ambiguous	0	0	1
GSM7230012_hCiPSCs-0618_CAAGCTAAGTGGACTG-1	0.5926868	0.5760643	1	ambiguous	0	0	1
GSM7230012_hCiPSCs-0618_CAAGCTACAAAGAACT-1	0.16885914	0.17210482	1	ambiguous	0	0	1
GSM7230012_hCiPSCs-0618_CAAGCTACACCGTCTT-1	0.11393228	0.11975283	1	ambiguous	0	0	1
GSM7230012_hCiPSCs-0618_CAAGCTACATCTTAGG-1	0.120423265	0.12593953	1	ambiguous	0	0	1
GSM7230012_hCiPSCs-0618_CAAGCTAGTCATATGC-1	0.67177445	0.6514445	1	ambiguous	0	0	1
GSM7230012_hCiPSCs-0618_CAAGCTATCATCACTT-1	0.86244357	0.8331754	1	success	1	0	0
GSM7230012_hCiPSCs-0618_CAAGCTATCCTCTTTC-1	0.23623918	0.23632623	1	ambiguous	0	0	1
GSM7230012_hCiPSCs-0618_CAAGCTATCTGCGGAC-1	0.11879657	0.1243891	1	ambiguous	0	0	1
GSM7230012_hCiPSCs-0618_CAAGCTATCTTAAGGC-1	0.59961104	0.58266395	1	ambiguous	0	0	1
GSM7230012_hCiPSCs-0618_CAAGGGAAGCGAGTAC-1	0.7267548	0.70384747	1	ambiguous	0	0	1
GSM7230012_hCiPSCs-0618_CAAGGGAAGGGAGGGT-1	0.6287922	0.6104772	1	ambiguous	0	0	1
GSM7230012_hCiPSCs-0618_CAAGGGAAGGTATTGA-1	0.13873425	0.14339213	1	ambiguous	0	0	1
GSM7230012_hCiPSCs-0618_CAAGGGACAGGTTACT-1	0.5604413	0.5453304	1	ambiguous	0	0	1
GSM7230012_hCiPSCs-0618_CAAGGGACATCATCTT-1	0.21544243	0.2165044	1	ambiguous	0	0	1
GSM7230012_hCiPSCs-0618_CAAGGGATCACAGAGG-1	0.7163501	0.6939305	1	ambiguous	0	0	1
GSM7230012_hCiPSCs-0618_CAAGGGATCCCGAACG-1	0.50364286	0.49119458	1	ambiguous	0	0	1
GSM7230012_hCiPSCs-0618_CAAGGGATCGCTCTCA-1	0.14000441	0.14460275	1	ambiguous	0	0	1
GSM7230012_hCiPSCs-0618_CAAGGGATCTATTGTC-1	0.68105185	0.660287	1	ambiguous	0	0	1
GSM7230012_hCiPSCs-0618_CAAGGGATCTCTGCCA-1	0.6849072	0.66396165	1	ambiguous	0	0	1
GSM7230012_hCiPSCs-0618_CAATACGCAGCATACT-1	0.746623	0.7227843	1	ambiguous	0	0	1
GSM7230012_hCiPSCs-0618_CAATACGGTCTGTGCG-1	0.6381398	0.61938655	1	ambiguous	0	0	1
GSM7230012_hCiPSCs-0618_CAATACGGTGTTCATG-1	0.59140784	0.5748453	1	ambiguous	0	0	1
GSM7230012_hCiPSCs-0618_CAATACGTCTCCACTG-1	0.76615393	0.7413997	1	success	1	0	0
GSM7230012_hCiPSCs-0618_CAATCGACACAAAGTA-1	0.6773987	0.6568051	1	ambiguous	0	0	1
GSM7230012_hCiPSCs-0618_CAATCGACACGTAGAG-1	0.522973	0.5096186	1	ambiguous	0	0	1
GSM7230012_hCiPSCs-0618_CAATCGAGTAGACAAT-1	0.6112284	0.5937367	1	ambiguous	0	0	1
GSM7230012_hCiPSCs-0618_CAATCGAGTCAACCAT-1	0.07883638	0.086302154	1	failure	0	1	0
GSM7230012_hCiPSCs-0618_CAATCGAGTTGTCAGT-1	0.55164725	0.5369486	1	ambiguous	0	0	1
GSM7230012_hCiPSCs-0618_CAATCGATCACTTATC-1	0.620792	0.602852	1	ambiguous	0	0	1
GSM7230012_hCiPSCs-0618_CAATCGATCATGAAAG-1	0.5834273	0.56723887	1	ambiguous	0	0	1
GSM7230012_hCiPSCs-0618_CAATCGATCCTTCTGG-1	0.640955	0.6220698	1	ambiguous	0	0	1
GSM7230012_hCiPSCs-0618_CAATCGATCGATCCCT-1	0.632476	0.6139883	1	ambiguous	0	0	1
GSM7230012_hCiPSCs-0618_CAATGACAGTGGATTA-1	0.6265688	0.60835797	1	ambiguous	0	0	1
GSM7230012_hCiPSCs-0618_CAATGACAGTGTACCT-1	0.7171263	0.6946704	1	ambiguous	0	0	1
GSM7230012_hCiPSCs-0618_CAATGACGTAAGATAC-1	0.1382258	0.1429075	1	ambiguous	0	0	1
GSM7230012_hCiPSCs-0618_CAATGACGTCCCTGTT-1	0.5540977	0.53928417	1	ambiguous	0	0	1
GSM7230012_hCiPSCs-0618_CAATGACGTCTTTATC-1	0.10770203	0.11381464	1	ambiguous	0	0	1
GSM7230012_hCiPSCs-0618_CAATGACTCGAGCCTG-1	0.73344195	0.7102212	1	ambiguous	0	0	1
GSM7230012_hCiPSCs-0618_CAATTTCAGCAGGGAG-1	0.65753883	0.6378762	1	ambiguous	0	0	1
GSM7230012_hCiPSCs-0618_CAATTTCAGGAGAATG-1	0.6956804	0.67422974	1	ambiguous	0	0	1
GSM7230012_hCiPSCs-0618_CAATTTCAGTGACACG-1	0.24500208	0.24467833	1	ambiguous	0	0	1
GSM7230012_hCiPSCs-0618_CAATTTCCACACAGCC-1	0.71523654	0.6928692	1	ambiguous	0	0	1
GSM7230012_hCiPSCs-0618_CAATTTCCACACGTGC-1	0.059589118	0.06795716	1	failure	0	1	0
GSM7230012_hCiPSCs-0618_CAATTTCCATCGGCCA-1	0.17348664	0.1765154	1	ambiguous	0	0	1
GSM7230012_hCiPSCs-0618_CAATTTCGTCATCTAG-1	0.6980949	0.67653114	1	ambiguous	0	0	1
GSM7230012_hCiPSCs-0618_CAATTTCGTCTTCCGT-1	0.30841646	0.30512	1	ambiguous	0	0	1
GSM7230012_hCiPSCs-0618_CAATTTCGTGCATCTA-1	0.73736465	0.71395993	1	ambiguous	0	0	1
GSM7230012_hCiPSCs-0618_CAATTTCTCAGGTAAA-1	0.14604853	0.15036353	1	ambiguous	0	0	1
GSM7230012_hCiPSCs-0618_CAATTTCTCGCTGTTC-1	0.5939021	0.57722265	1	ambiguous	0	0	1
GSM7230012_hCiPSCs-0618_CAATTTCTCTCAACGA-1	0.7890387	0.76321167	1	success	1	0	0
GSM7230012_hCiPSCs-0618_CACAACAAGGGCAGTT-1	0.13683608	0.14158295	1	ambiguous	0	0	1
GSM7230012_hCiPSCs-0618_CACAACACAGCTGAAG-1	0.111586444	0.11751696	1	ambiguous	0	0	1
GSM7230012_hCiPSCs-0618_CACAACAGTAGGTCAG-1	0.61586	0.59815115	1	ambiguous	0	0	1
GSM7230012_hCiPSCs-0618_CACAACAGTATGAGCG-1	0.61016667	0.59272474	1	ambiguous	0	0	1
GSM7230012_hCiPSCs-0618_CACAACAGTGGCTGCT-1	0.7599003	0.7354392	1	success	1	0	0
GSM7230012_hCiPSCs-0618_CACAACAGTTCAATCG-1	0.08944191	0.09641052	1	failure	0	1	0
GSM7230012_hCiPSCs-0618_CACAACAGTTTACGAC-1	0.585736	0.56943935	1	ambiguous	0	0	1
GSM7230012_hCiPSCs-0618_CACAACATCCGAGCTG-1	0.64163524	0.6227181	1	ambiguous	0	0	1
GSM7230012_hCiPSCs-0618_CACAACATCCTGTTAT-1	0.79699427	0.7707943	1	success	1	0	0
GSM7230012_hCiPSCs-0618_CACAACATCTGACCCT-1	0.8425854	0.8142482	1	success	1	0	0
GSM7230012_hCiPSCs-0618_CACACAAAGCACTCTA-1	0.67307657	0.6526855	1	ambiguous	0	0	1
GSM7230012_hCiPSCs-0618_CACACAAAGCCACCGT-1	0.72806764	0.7050988	1	ambiguous	0	0	1
GSM7230012_hCiPSCs-0618_CACACAAAGGCCTTCG-1	0.14037682	0.1449577	1	ambiguous	0	0	1
GSM7230012_hCiPSCs-0618_CACACAAAGGTAGGCT-1	0.712623	0.6903781	1	ambiguous	0	0	1
GSM7230012_hCiPSCs-0618_CACACAACAACCAGAG-1	0.8063728	0.7797332	1	success	1	0	0
GSM7230012_hCiPSCs-0618_CACACAACAATGAAAC-1	0.5360896	0.5221203	1	ambiguous	0	0	1
GSM7230012_hCiPSCs-0618_CACACAACAGGACGAT-1	0.6258095	0.60763425	1	ambiguous	0	0	1
GSM7230012_hCiPSCs-0618_CACACAACAGGGTTGA-1	0.6602111	0.64042324	1	ambiguous	0	0	1
GSM7230012_hCiPSCs-0618_CACACAAGTATGCGTT-1	0.5689962	0.5534843	1	ambiguous	0	0	1
GSM7230012_hCiPSCs-0618_CACACAATCGTCACCT-1	0.80711585	0.78044134	1	success	1	0	0
GSM7230012_hCiPSCs-0618_CACACAATCGTTCTAT-1	0.75577945	0.7315115	1	success	1	0	0
GSM7230012_hCiPSCs-0618_CACACAATCTAAGGAA-1	0.8360476	0.80801684	1	success	1	0	0
GSM7230012_hCiPSCs-0618_CACAGATAGGACTGGT-1	0.73690754	0.7135243	1	ambiguous	0	0	1
GSM7230012_hCiPSCs-0618_CACAGATCACATCATG-1	0.11517186	0.1209343	1	ambiguous	0	0	1
GSM7230012_hCiPSCs-0618_CACAGATCACATTACG-1	0.14536425	0.14971134	1	ambiguous	0	0	1
GSM7230012_hCiPSCs-0618_CACAGATCACGCTGTG-1	0.594254	0.5775581	1	ambiguous	0	0	1
GSM7230012_hCiPSCs-0618_CACAGATGTCTGTTAG-1	0.12380675	0.1291644	1	ambiguous	0	0	1
GSM7230012_hCiPSCs-0618_CACAGATGTGGCTGCT-1	0.78921056	0.7633754	1	success	1	0	0
GSM7230012_hCiPSCs-0618_CACAGATTCGAGAACG-1	0.122646116	0.12805818	1	ambiguous	0	0	1
GSM7230012_hCiPSCs-0618_CACAGGCAGCTAAGTA-1	0.49936378	0.4871161	1	ambiguous	0	0	1
GSM7230012_hCiPSCs-0618_CACAGGCAGGCCTTCG-1	0.62347245	0.6054068	1	ambiguous	0	0	1
GSM7230012_hCiPSCs-0618_CACAGGCCAAAGGCAC-1	0.63132983	0.6128958	1	ambiguous	0	0	1
GSM7230012_hCiPSCs-0618_CACAGGCCACGCGCAT-1	0.7510883	0.7270403	1	ambiguous	0	0	1
GSM7230012_hCiPSCs-0618_CACAGGCCATTCTCCG-1	0.5946576	0.5779427	1	ambiguous	0	0	1
GSM7230012_hCiPSCs-0618_CACAGGCGTACATACC-1	0.7602151	0.73573923	1	success	1	0	0
GSM7230012_hCiPSCs-0618_CACAGGCGTCTAGGCC-1	0.0947298	0.101450525	1	failure	0	1	0
GSM7230012_hCiPSCs-0618_CACAGGCTCGGATTAC-1	0.65069366	0.63135195	1	ambiguous	0	0	1
GSM7230012_hCiPSCs-0618_CACAGGCTCGTAGTCA-1	0.61426723	0.5966331	1	ambiguous	0	0	1
GSM7230012_hCiPSCs-0618_CACAGGCTCTATCCAT-1	0.5887121	0.57227594	1	ambiguous	0	0	1
GSM7230012_hCiPSCs-0618_CACAGGCTCTCGGTAA-1	0.1594364	0.16312382	1	ambiguous	0	0	1
GSM7230012_hCiPSCs-0618_CACATGAAGGTTCTTG-1	0.7733009	0.74821156	1	success	1	0	0
GSM7230012_hCiPSCs-0618_CACATGAAGTGAGTGC-1	0.47312632	0.46210858	1	ambiguous	0	0	1
GSM7230012_hCiPSCs-0618_CACATGACACGACAGA-1	0.7182073	0.6957007	1	ambiguous	0	0	1
GSM7230012_hCiPSCs-0618_CACATGATCAAGTCTG-1	0.11006744	0.11606917	1	ambiguous	0	0	1
GSM7230012_hCiPSCs-0618_CACCAAAAGATGGTCG-1	0.088666625	0.09567158	1	failure	0	1	0
GSM7230012_hCiPSCs-0618_CACCAAAAGCGTGTTT-1	0.6281552	0.60986996	1	ambiguous	0	0	1
GSM7230012_hCiPSCs-0618_CACCAAAAGCTCATAC-1	0.22994293	0.23032513	1	ambiguous	0	0	1
GSM7230012_hCiPSCs-0618_CACCAAAAGGTAGGCT-1	0.47635877	0.46518952	1	ambiguous	0	0	1
GSM7230012_hCiPSCs-0618_CACCAAACAATCTCGA-1	0.6770102	0.6564348	1	ambiguous	0	0	1
GSM7230012_hCiPSCs-0618_CACCAAAGTACAAAGT-1	0.48010525	0.46876034	1	ambiguous	0	0	1
GSM7230012_hCiPSCs-0618_CACCAAAGTACCCGCA-1	0.06408428	0.072241604	1	failure	0	1	0
GSM7230012_hCiPSCs-0618_CACCAAAGTGCAGTGA-1	0.5751298	0.55933034	1	ambiguous	0	0	1
GSM7230012_hCiPSCs-0618_CACCAAAGTGCCCAGT-1	0.40075997	0.39313462	1	ambiguous	0	0	1
GSM7230012_hCiPSCs-0618_CACCAAAGTGTTTCTT-1	0.3601994	0.35447544	1	ambiguous	0	0	1
GSM7230012_hCiPSCs-0618_CACCAAAGTTCTTAGG-1	0.06377559	0.07194739	1	failure	0	1	0
GSM7230012_hCiPSCs-0618_CACCAAAGTTTCGTTT-1	0.85188574	0.82311255	1	success	1	0	0
GSM7230012_hCiPSCs-0618_CACCAAATCCGTGGGT-1	0.15506308	0.1589555	1	ambiguous	0	0	1
GSM7230012_hCiPSCs-0618_CACCAAATCCTTGAAG-1	0.16065736	0.16428754	1	ambiguous	0	0	1
GSM7230012_hCiPSCs-0618_CACCGTTAGACGGTTG-1	0.69888955	0.6772885	1	ambiguous	0	0	1
GSM7230012_hCiPSCs-0618_CACCGTTAGATTGGGC-1	0.66742945	0.64730316	1	ambiguous	0	0	1
GSM7230012_hCiPSCs-0618_CACCGTTCAATGTCAC-1	0.73717695	0.71378106	1	ambiguous	0	0	1
GSM7230012_hCiPSCs-0618_CACCGTTCAGACCATT-1	0.15087701	0.15496567	1	ambiguous	0	0	1
GSM7230012_hCiPSCs-0618_CACCGTTCATAGAGGC-1	0.6276164	0.6093565	1	ambiguous	0	0	1
GSM7230012_hCiPSCs-0618_CACCGTTGTGTCCACG-1	0.542956	0.5286648	1	ambiguous	0	0	1
GSM7230012_hCiPSCs-0618_CACCGTTGTTGCTTGA-1	0.6689851	0.64878595	1	ambiguous	0	0	1
GSM7230012_hCiPSCs-0618_CACCGTTTCGACATTG-1	0.5973692	0.58052725	1	ambiguous	0	0	1
GSM7230012_hCiPSCs-0618_CACCGTTTCTTAATCC-1	0.64725447	0.62807393	1	ambiguous	0	0	1
GSM7230012_hCiPSCs-0618_CACGAATAGAGAAGGT-1	0.653459	0.6339876	1	ambiguous	0	0	1
GSM7230012_hCiPSCs-0618_CACGAATAGTGGACGT-1	0.7008398	0.67914736	1	ambiguous	0	0	1
GSM7230012_hCiPSCs-0618_CACGAATCAAACTAAG-1	0.6590983	0.63936263	1	ambiguous	0	0	1
GSM7230012_hCiPSCs-0618_CACGAATCAGAGGGTT-1	0.14710633	0.15137175	1	ambiguous	0	0	1
GSM7230012_hCiPSCs-0618_CACGAATGTGCATTTG-1	0.66143554	0.6415903	1	ambiguous	0	0	1
GSM7230012_hCiPSCs-0618_CACGAATGTGCGGCTT-1	0.17431629	0.17730616	1	ambiguous	0	0	1
GSM7230012_hCiPSCs-0618_CACGAATGTTCCAAAC-1	0.7851184	0.7594751	1	success	1	0	0
GSM7230012_hCiPSCs-0618_CACGAATTCATGCCAA-1	0.7249877	0.7021632	1	ambiguous	0	0	1
GSM7230012_hCiPSCs-0618_CACGAATTCCAGTACA-1	0.8653708	0.83596545	1	success	1	0	0
GSM7230012_hCiPSCs-0618_CACGAATTCGGTGTAT-1	0.57645357	0.5605921	1	ambiguous	0	0	1
GSM7230012_hCiPSCs-0618_CACGAATTCTAGTTCT-1	0.5795531	0.56354636	1	ambiguous	0	0	1
GSM7230012_hCiPSCs-0618_CACGAATTCTTTGCAT-1	0.82399654	0.7965307	1	success	1	0	0
GSM7230012_hCiPSCs-0618_CACGGGTAGCTCGAAG-1	0.14236332	0.14685108	1	ambiguous	0	0	1
GSM7230012_hCiPSCs-0618_CACGGGTAGTCGCCAC-1	0.23755668	0.23758197	1	ambiguous	0	0	1
GSM7230012_hCiPSCs-0618_CACGGGTCAACACTAC-1	0.7891354	0.7633038	1	success	1	0	0
GSM7230012_hCiPSCs-0618_CACGGGTCAGAAATTG-1	0.665426	0.64539367	1	ambiguous	0	0	1
GSM7230012_hCiPSCs-0618_CACGGGTCAGAGTCAG-1	0.734149	0.71089506	1	ambiguous	0	0	1
GSM7230012_hCiPSCs-0618_CACGGGTCATCACAGT-1	0.8168998	0.78976667	1	success	1	0	0
GSM7230012_hCiPSCs-0618_CACGGGTGTCTAACGT-1	0.10734452	0.11347389	1	failure	0	1	0
GSM7230012_hCiPSCs-0618_CACGGGTGTGGTCCCA-1	0.08192619	0.089247115	1	failure	0	1	0
GSM7230012_hCiPSCs-0618_CACGGGTTCAAGTAAG-1	0.086588226	0.09369061	1	failure	0	1	0
GSM7230012_hCiPSCs-0618_CACGGGTTCTCTATGT-1	0.8972226	0.86632407	1	success	1	0	0
GSM7230012_hCiPSCs-0618_CACGGGTTCTGCCTGT-1	0.6511066	0.6317455	1	ambiguous	0	0	1
GSM7230012_hCiPSCs-0618_CACGTGGAGCATGTTC-1	0.116045326	0.12176682	1	ambiguous	0	0	1
GSM7230012_hCiPSCs-0618_CACGTGGAGCCGTTGC-1	0.21893534	0.21983355	1	ambiguous	0	0	1
GSM7230012_hCiPSCs-0618_CACGTGGAGGGACACT-1	0.63160986	0.61316276	1	ambiguous	0	0	1
GSM7230012_hCiPSCs-0618_CACGTGGCAAGGCGTA-1	0.5462779	0.53183097	1	ambiguous	0	0	1
GSM7230012_hCiPSCs-0618_CACGTGGCAATGACCT-1	0.13119943	0.13621053	1	ambiguous	0	0	1
GSM7230012_hCiPSCs-0618_CACGTGGCAGGTTCAT-1	0.17501098	0.17796828	1	ambiguous	0	0	1
GSM7230012_hCiPSCs-0618_CACGTGGCATACTTTC-1	0.7595274	0.73508376	1	success	1	0	0
GSM7230012_hCiPSCs-0618_CACGTGGGTCAGGCAA-1	0.6604298	0.6406316	1	ambiguous	0	0	1
GSM7230012_hCiPSCs-0618_CACGTGGTCTCAATCT-1	0.6883497	0.6672427	1	ambiguous	0	0	1
GSM7230012_hCiPSCs-0618_CACGTTCAGATGACCG-1	0.651519	0.63213855	1	ambiguous	0	0	1
GSM7230012_hCiPSCs-0618_CACGTTCAGATGCGAC-1	0.69188035	0.67060786	1	ambiguous	0	0	1
GSM7230012_hCiPSCs-0618_CACGTTCCAAAGAGTT-1	0.6326212	0.6141267	1	ambiguous	0	0	1
GSM7230012_hCiPSCs-0618_CACGTTCCAGAGTTCT-1	0.79159135	0.7656446	1	success	1	0	0
GSM7230012_hCiPSCs-0618_CACGTTCCAGTCTTCC-1	0.15680066	0.16061163	1	ambiguous	0	0	1
GSM7230012_hCiPSCs-0618_CACGTTCCATGACAAA-1	0.8356357	0.80762434	1	success	1	0	0
GSM7230012_hCiPSCs-0618_CACGTTCGTTGTCAGT-1	0.5486354	0.534078	1	ambiguous	0	0	1
GSM7230012_hCiPSCs-0618_CACGTTCTCTACCCAC-1	0.71751106	0.69503707	1	ambiguous	0	0	1
GSM7230012_hCiPSCs-0618_CACTAAGAGGTGATCG-1	0.8086194	0.7818744	1	success	1	0	0
GSM7230012_hCiPSCs-0618_CACTAAGAGTCGAAGC-1	0.5371822	0.52316165	1	ambiguous	0	0	1
GSM7230012_hCiPSCs-0618_CACTAAGAGTCGTCTA-1	0.5705273	0.5549436	1	ambiguous	0	0	1
GSM7230012_hCiPSCs-0618_CACTAAGCACTTGGGC-1	0.18642324	0.18884556	1	ambiguous	0	0	1
GSM7230012_hCiPSCs-0618_CACTAAGCAGCGATTT-1	0.8218143	0.79445076	1	success	1	0	0
GSM7230012_hCiPSCs-0618_CACTAAGGTCCAGCGT-1	0.74201286	0.7183903	1	ambiguous	0	0	1
GSM7230012_hCiPSCs-0618_CACTAAGGTTGTGCAT-1	0.5438618	0.52952814	1	ambiguous	0	0	1
GSM7230012_hCiPSCs-0618_CACTAAGTCAGAACCT-1	0.54653096	0.5320721	1	ambiguous	0	0	1
GSM7230012_hCiPSCs-0618_CACTAAGTCCCATAGA-1	0.6723603	0.6520029	1	ambiguous	0	0	1
GSM7230012_hCiPSCs-0618_CACTAAGTCCTCTCTT-1	0.11041943	0.11640465	1	ambiguous	0	0	1
GSM7230012_hCiPSCs-0618_CACTAAGTCGAACGCC-1	0.29418084	0.2915517	1	ambiguous	0	0	1
GSM7230012_hCiPSCs-0618_CACTAAGTCGAGAATA-1	0.62495404	0.6068189	1	ambiguous	0	0	1
GSM7230012_hCiPSCs-0618_CACTAAGTCTTCACAT-1	0.54243577	0.528169	1	ambiguous	0	0	1
GSM7230012_hCiPSCs-0618_CACTGAAAGAACTTCC-1	0.5963463	0.5795523	1	ambiguous	0	0	1
GSM7230012_hCiPSCs-0618_CACTGAAAGTCACACT-1	0.20541915	0.20695098	1	ambiguous	0	0	1
GSM7230012_hCiPSCs-0618_CACTGAACACAGCATT-1	0.83772	0.80961084	1	success	1	0	0
GSM7230012_hCiPSCs-0618_CACTGAACACGTCGTG-1	0.4633679	0.4528076	1	ambiguous	0	0	1
GSM7230012_hCiPSCs-0618_CACTGAACAGCTGAGA-1	0.6850446	0.66409254	1	ambiguous	0	0	1
GSM7230012_hCiPSCs-0618_CACTGAACATCCGAGC-1	0.62745196	0.60919976	1	ambiguous	0	0	1
GSM7230012_hCiPSCs-0618_CACTGAAGTCATCGGC-1	0.5998506	0.5828923	1	ambiguous	0	0	1
GSM7230012_hCiPSCs-0618_CACTGAAGTGGAACCA-1	0.058122657	0.06655945	1	failure	0	1	0
GSM7230012_hCiPSCs-0618_CACTGAATCGAGCCTG-1	0.7157156	0.69332576	1	ambiguous	0	0	1
GSM7230012_hCiPSCs-0618_CACTGAATCGAGTTGT-1	0.8372991	0.8092097	1	success	1	0	0
GSM7230012_hCiPSCs-0618_CACTGAATCGGTCAGC-1	0.65971655	0.6399518	1	ambiguous	0	0	1
GSM7230012_hCiPSCs-0618_CACTGGGAGAATAACC-1	0.75634295	0.73204863	1	success	1	0	0
GSM7230012_hCiPSCs-0618_CACTGGGAGCAAGTGC-1	0.21678478	0.21778381	1	ambiguous	0	0	1
GSM7230012_hCiPSCs-0618_CACTGGGAGCATGTTC-1	0.7245571	0.7017528	1	ambiguous	0	0	1
GSM7230012_hCiPSCs-0618_CACTGGGAGGAACTAT-1	0.5843361	0.5681051	1	ambiguous	0	0	1
GSM7230012_hCiPSCs-0618_CACTGGGAGTGCCGAA-1	0.09731126	0.10391097	1	failure	0	1	0
GSM7230012_hCiPSCs-0618_CACTGGGCAATTCGTG-1	0.066125385	0.074187025	1	failure	0	1	0
GSM7230012_hCiPSCs-0618_CACTGGGCACCTGTCT-1	0.217874	0.21882197	1	ambiguous	0	0	1
GSM7230012_hCiPSCs-0618_CACTGGGCACGGTGTC-1	0.18136568	0.1840251	1	ambiguous	0	0	1
GSM7230012_hCiPSCs-0618_CACTGGGCAGTTAGAA-1	0.70042664	0.67875355	1	ambiguous	0	0	1
GSM7230012_hCiPSCs-0618_CACTGGGGTAAGGCTG-1	0.18695617	0.18935351	1	ambiguous	0	0	1
GSM7230012_hCiPSCs-0618_CACTGGGGTAAGTCAA-1	0.08048526	0.08787374	1	failure	0	1	0
GSM7230012_hCiPSCs-0618_CACTGGGGTCGCGTCA-1	0.5865944	0.57025754	1	ambiguous	0	0	1
GSM7230012_hCiPSCs-0618_CACTGGGGTGTTCCAA-1	0.7631611	0.73854715	1	success	1	0	0
GSM7230012_hCiPSCs-0618_CACTGGGGTTATTCTC-1	0.8555603	0.82661486	1	success	1	0	0
GSM7230012_hCiPSCs-0618_CACTGGGTCAACACCA-1	0.2179215	0.21886724	1	ambiguous	0	0	1
GSM7230012_hCiPSCs-0618_CACTGGGTCATCGACA-1	0.09726854	0.10387025	1	failure	0	1	0
GSM7230012_hCiPSCs-0618_CACTGGGTCATTGTTC-1	0.12361319	0.12897992	1	ambiguous	0	0	1
GSM7230012_hCiPSCs-0618_CACTGTCAGCCTCAAT-1	0.07099294	0.0788264	1	failure	0	1	0
GSM7230012_hCiPSCs-0618_CACTGTCAGTTGAAGT-1	0.38720194	0.38021216	1	ambiguous	0	0	1
GSM7230012_hCiPSCs-0618_CACTGTCAGTTGTACC-1	0.12859899	0.13373199	1	ambiguous	0	0	1
GSM7230012_hCiPSCs-0618_CACTGTCCACATACGT-1	0.6380986	0.61934733	1	ambiguous	0	0	1
GSM7230012_hCiPSCs-0618_CACTGTCCACGGGTAA-1	0.09742995	0.1040241	1	failure	0	1	0
GSM7230012_hCiPSCs-0618_CACTGTCCAGAAGCGT-1	0.57572854	0.559901	1	ambiguous	0	0	1
GSM7230012_hCiPSCs-0618_CACTGTCGTTAACCTG-1	0.6322184	0.61374277	1	ambiguous	0	0	1
GSM7230012_hCiPSCs-0618_CACTTCGAGATTAGCA-1	0.570934	0.55533123	1	ambiguous	0	0	1
GSM7230012_hCiPSCs-0618_CACTTCGAGTGAACAT-1	0.8977308	0.86680853	1	success	1	0	0
GSM7230012_hCiPSCs-0618_CACTTCGCAACATACC-1	0.14709975	0.15136547	1	ambiguous	0	0	1
GSM7230012_hCiPSCs-0618_CACTTCGCACGACGTC-1	0.6555614	0.63599145	1	ambiguous	0	0	1
GSM7230012_hCiPSCs-0618_CACTTCGCATAGAGGC-1	0.812767	0.78582764	1	success	1	0	0
GSM7230012_hCiPSCs-0618_CACTTCGGTAGTATAG-1	0.727098	0.7041746	1	ambiguous	0	0	1
GSM7230012_hCiPSCs-0618_CACTTCGGTCACCACG-1	0.8198334	0.7925627	1	success	1	0	0
GSM7230012_hCiPSCs-0618_CACTTCGGTGACATCT-1	0.20002352	0.20180827	1	ambiguous	0	0	1
GSM7230012_hCiPSCs-0618_CACTTCGGTGGTCAAG-1	0.70526934	0.6833692	1	ambiguous	0	0	1
GSM7230012_hCiPSCs-0618_CAGAGCCAGCGAATGC-1	0.108593196	0.11466403	1	ambiguous	0	0	1
GSM7230012_hCiPSCs-0618_CAGAGCCCAACGTAAA-1	0.60189617	0.58484197	1	ambiguous	0	0	1
GSM7230012_hCiPSCs-0618_CAGAGCCCACTCAAGT-1	0.101595215	0.1079941	1	failure	0	1	0
GSM7230012_hCiPSCs-0618_CAGAGCCGTTCGAACT-1	0.597156	0.580324	1	ambiguous	0	0	1
GSM7230012_hCiPSCs-0618_CAGAGCCGTTGAGTCT-1	0.52314836	0.5097857	1	ambiguous	0	0	1
GSM7230012_hCiPSCs-0618_CAGAGCCGTTGGGACA-1	0.6901453	0.6689542	1	ambiguous	0	0	1
GSM7230012_hCiPSCs-0618_CAGAGCCTCAGACCGC-1	0.69793975	0.67638326	1	ambiguous	0	0	1
GSM7230012_hCiPSCs-0618_CAGAGCCTCGGAATTC-1	0.36013097	0.35441023	1	ambiguous	0	0	1
GSM7230012_hCiPSCs-0618_CAGAGCCTCGGCATCG-1	0.53263694	0.51882946	1	ambiguous	0	0	1
GSM7230012_hCiPSCs-0618_CAGATACCAAAGCTCT-1	0.687916	0.66682935	1	ambiguous	0	0	1
GSM7230012_hCiPSCs-0618_CAGATACCAACTACGT-1	0.15277475	0.15677445	1	ambiguous	0	0	1
GSM7230012_hCiPSCs-0618_CAGATACCACTTTATC-1	0.52280194	0.5094555	1	ambiguous	0	0	1
GSM7230012_hCiPSCs-0618_CAGATACCAGCGGTCT-1	0.36835462	0.36224836	1	ambiguous	0	0	1
GSM7230012_hCiPSCs-0618_CAGATACCAGTGTACT-1	0.46027997	0.44986445	1	ambiguous	0	0	1
GSM7230012_hCiPSCs-0618_CAGATACGTGCGGCTT-1	0.65875006	0.6390307	1	ambiguous	0	0	1
GSM7230012_hCiPSCs-0618_CAGATACGTGGTCTTA-1	0.41944075	0.4109397	1	ambiguous	0	0	1
GSM7230012_hCiPSCs-0618_CAGATACGTTTCCAAG-1	0.21602832	0.21706282	1	ambiguous	0	0	1
GSM7230012_hCiPSCs-0618_CAGATACTCATCACCC-1	0.72117496	0.6985292	1	ambiguous	0	0	1
GSM7230012_hCiPSCs-0618_CAGATACTCCCTTGTG-1	0.59083813	0.5743023	1	ambiguous	0	0	1
GSM7230012_hCiPSCs-0618_CAGATACTCTGTGCGG-1	0.7252792	0.70244104	1	ambiguous	0	0	1
GSM7230012_hCiPSCs-0618_CAGATCAAGAAGTCTA-1	0.70518553	0.68328935	1	ambiguous	0	0	1
GSM7230012_hCiPSCs-0618_CAGATCAAGACATGCG-1	0.7284305	0.70544463	1	ambiguous	0	0	1
GSM7230012_hCiPSCs-0618_CAGATCAAGCATCGAG-1	0.6739298	0.65349877	1	ambiguous	0	0	1
GSM7230012_hCiPSCs-0618_CAGATCACACTAACCA-1	0.12385334	0.12920882	1	ambiguous	0	0	1
GSM7230012_hCiPSCs-0618_CAGATCAGTGCTTATG-1	0.51062113	0.4978457	1	ambiguous	0	0	1
GSM7230012_hCiPSCs-0618_CAGATCAGTTTAGACC-1	0.0890199	0.09600829	1	failure	0	1	0
GSM7230012_hCiPSCs-0618_CAGATCATCAGCTTCC-1	0.12812407	0.13327934	1	ambiguous	0	0	1
GSM7230012_hCiPSCs-0618_CAGATCATCTCTGCCA-1	0.7104816	0.68833715	1	ambiguous	0	0	1
GSM7230012_hCiPSCs-0618_CAGATTGCACCCTAAA-1	0.79230666	0.7663264	1	success	1	0	0
GSM7230012_hCiPSCs-0618_CAGATTGCAGCCCACA-1	0.92660314	0.89432734	1	success	1	0	0
GSM7230012_hCiPSCs-0618_CAGATTGCATAACGGG-1	0.60457146	0.5873918	1	ambiguous	0	0	1
GSM7230012_hCiPSCs-0618_CAGATTGCATCCTAAG-1	0.75094146	0.72690034	1	ambiguous	0	0	1
GSM7230012_hCiPSCs-0618_CAGATTGCATGGAGAC-1	0.32413495	0.32010162	1	ambiguous	0	0	1
GSM7230012_hCiPSCs-0618_CAGATTGTCAACTGGT-1	0.12406159	0.1294073	1	ambiguous	0	0	1
GSM7230012_hCiPSCs-0618_CAGCAATAGAAGAGCA-1	0.24407458	0.24379434	1	ambiguous	0	0	1
GSM7230012_hCiPSCs-0618_CAGCAATAGAGAGTTT-1	0.61446685	0.59682333	1	ambiguous	0	0	1
GSM7230012_hCiPSCs-0618_CAGCAATAGGAAAGGT-1	0.75293887	0.7288041	1	ambiguous	0	0	1
GSM7230012_hCiPSCs-0618_CAGCAATAGGACAGTC-1	0.1152664	0.12102441	1	ambiguous	0	0	1
GSM7230012_hCiPSCs-0618_CAGCAATAGTCTGGAG-1	0.7825589	0.7570356	1	success	1	0	0
GSM7230012_hCiPSCs-0618_CAGCAATAGTTATGGA-1	0.77051854	0.74555963	1	success	1	0	0
GSM7230012_hCiPSCs-0618_CAGCAATCAGCTTCGG-1	0.13473004	0.13957563	1	ambiguous	0	0	1
GSM7230012_hCiPSCs-0618_CAGCAATCATCTCGTC-1	0.7734184	0.7483236	1	success	1	0	0
GSM7230012_hCiPSCs-0618_CAGCAATGTACCGTCG-1	0.61563945	0.597941	1	ambiguous	0	0	1
GSM7230012_hCiPSCs-0618_CAGCAATGTAGATCGG-1	0.54252714	0.528256	1	ambiguous	0	0	1
GSM7230012_hCiPSCs-0618_CAGCAATGTCGAGCTC-1	0.75766	0.7333039	1	success	1	0	0
GSM7230012_hCiPSCs-0618_CAGCAATTCGTAGCTA-1	0.49853444	0.48632562	1	ambiguous	0	0	1
GSM7230012_hCiPSCs-0618_CAGCAATTCTGCATGA-1	0.55199784	0.5372828	1	ambiguous	0	0	1
GSM7230012_hCiPSCs-0618_CAGCACGAGTGCAGGT-1	0.115380734	0.12113338	1	ambiguous	0	0	1
GSM7230012_hCiPSCs-0618_CAGCACGCAACCCTCT-1	0.1679803	0.17126718	1	ambiguous	0	0	1
GSM7230012_hCiPSCs-0618_CAGCACGCAGATCCTA-1	0.6771738	0.65659076	1	ambiguous	0	0	1
GSM7230012_hCiPSCs-0618_CAGCACGCATCCTATT-1	0.17399053	0.17699566	1	ambiguous	0	0	1
GSM7230012_hCiPSCs-0618_CAGCACGCATGATAGA-1	0.6030446	0.5859366	1	ambiguous	0	0	1
GSM7230012_hCiPSCs-0618_CAGCACGCATGGCCCA-1	0.6678069	0.64766294	1	ambiguous	0	0	1
GSM7230012_hCiPSCs-0618_CAGCACGGTCCATCTC-1	0.105951056	0.11214575	1	failure	0	1	0
GSM7230012_hCiPSCs-0618_CAGCACGGTCGCGGTT-1	0.1477233	0.15195979	1	ambiguous	0	0	1
GSM7230012_hCiPSCs-0618_CAGCACGGTTATGTCG-1	0.6823009	0.6614775	1	ambiguous	0	0	1
GSM7230012_hCiPSCs-0618_CAGCAGCAGATGCCGA-1	0.23725998	0.23729919	1	ambiguous	0	0	1
GSM7230012_hCiPSCs-0618_CAGCAGCAGCACAAAT-1	0.1304926	0.13553683	1	ambiguous	0	0	1
GSM7230012_hCiPSCs-0618_CAGCAGCAGCCAAGCA-1	0.11295059	0.118817165	1	ambiguous	0	0	1
GSM7230012_hCiPSCs-0618_CAGCAGCAGCTCTGTA-1	0.81673497	0.78960955	1	success	1	0	0
GSM7230012_hCiPSCs-0618_CAGCAGCCATACTGAC-1	0.74632317	0.7224985	1	ambiguous	0	0	1
GSM7230012_hCiPSCs-0618_CAGCAGCGTTGAGTCT-1	0.6774659	0.6568691	1	ambiguous	0	0	1
GSM7230012_hCiPSCs-0618_CAGCAGCTCCATGATG-1	0.7216319	0.6989647	1	ambiguous	0	0	1
GSM7230012_hCiPSCs-0618_CAGCAGCTCCTCACCA-1	0.89280343	0.86211205	1	success	1	0	0
GSM7230012_hCiPSCs-0618_CAGCAGCTCGACCAAT-1	0.24500053	0.24467687	1	ambiguous	0	0	1
GSM7230012_hCiPSCs-0618_CAGCAGCTCTCAACCC-1	0.06866901	0.076611415	1	failure	0	1	0
GSM7230012_hCiPSCs-0618_CAGCAGCTCTCCTGTG-1	0.8552475	0.8263167	1	success	1	0	0
GSM7230012_hCiPSCs-0618_CAGCCAGAGAGAGAAC-1	0.39202803	0.38481203	1	ambiguous	0	0	1
GSM7230012_hCiPSCs-0618_CAGCCAGAGGATACAT-1	0.75269175	0.72856855	1	ambiguous	0	0	1
GSM7230012_hCiPSCs-0618_CAGCCAGAGGCGATAC-1	0.6288953	0.6105754	1	ambiguous	0	0	1
GSM7230012_hCiPSCs-0618_CAGCCAGAGTATAACG-1	0.5258485	0.51235926	1	ambiguous	0	0	1
GSM7230012_hCiPSCs-0618_CAGCCAGAGTCATGAA-1	0.78951025	0.7636611	1	success	1	0	0
GSM7230012_hCiPSCs-0618_CAGCCAGCAGTTCTAG-1	0.8067306	0.7800742	1	success	1	0	0
GSM7230012_hCiPSCs-0618_CAGCCAGCATAGCACT-1	0.73128426	0.7081646	1	ambiguous	0	0	1
GSM7230012_hCiPSCs-0618_CAGCCAGCATGCGGTC-1	0.19477934	0.19680993	1	ambiguous	0	0	1
GSM7230012_hCiPSCs-0618_CAGCCAGCATTGCCTC-1	0.12370121	0.12906381	1	ambiguous	0	0	1
GSM7230012_hCiPSCs-0618_CAGCCAGGTACCCACG-1	0.4069599	0.39904392	1	ambiguous	0	0	1
GSM7230012_hCiPSCs-0618_CAGCCAGGTAGTCCTA-1	0.15759535	0.16136907	1	ambiguous	0	0	1
GSM7230012_hCiPSCs-0618_CAGCCAGGTCCGGTCA-1	0.1658368	0.16922416	1	ambiguous	0	0	1
GSM7230012_hCiPSCs-0618_CAGCGTGAGCTCGACC-1	0.4267643	0.41791993	1	ambiguous	0	0	1
GSM7230012_hCiPSCs-0618_CAGCGTGCACGTACTA-1	0.28427008	0.28210554	1	ambiguous	0	0	1
GSM7230012_hCiPSCs-0618_CAGCGTGCATTGCTTT-1	0.12640022	0.13163629	1	ambiguous	0	0	1
GSM7230012_hCiPSCs-0618_CAGCGTGGTCCTCCAT-1	0.58610475	0.5697908	1	ambiguous	0	0	1
GSM7230012_hCiPSCs-0618_CAGCGTGGTGATTCAC-1	0.5850484	0.56878394	1	ambiguous	0	0	1
GSM7230012_hCiPSCs-0618_CAGCGTGTCCTGATAG-1	0.12250614	0.12792477	1	ambiguous	0	0	1
GSM7230012_hCiPSCs-0618_CAGCGTGTCGAGATAA-1	0.5255677	0.51209164	1	ambiguous	0	0	1
GSM7230012_hCiPSCs-0618_CAGGCCAAGTCTACCA-1	0.67175514	0.6514261	1	ambiguous	0	0	1
GSM7230012_hCiPSCs-0618_CAGGCCAAGTGATCGG-1	0.11100372	0.11696155	1	ambiguous	0	0	1
GSM7230012_hCiPSCs-0618_CAGGCCAAGTTGAAAC-1	0.091521844	0.09839295	1	failure	0	1	0
GSM7230012_hCiPSCs-0618_CAGGCCACAGCTACTA-1	0.66450834	0.64451903	1	ambiguous	0	0	1
GSM7230012_hCiPSCs-0618_CAGGCCAGTGCTATTG-1	0.62616694	0.60797495	1	ambiguous	0	0	1
GSM7230012_hCiPSCs-0618_CAGGCCAGTTGTCAGT-1	0.15733851	0.16112427	1	ambiguous	0	0	1
GSM7230012_hCiPSCs-0618_CAGGCCAGTTTGTTGG-1	0.11035665	0.11634482	1	ambiguous	0	0	1
GSM7230012_hCiPSCs-0618_CAGGCCATCAAGAAAC-1	0.5371113	0.52309406	1	ambiguous	0	0	1
GSM7230012_hCiPSCs-0618_CAGGCCATCATCCTGC-1	0.13069952	0.13573405	1	ambiguous	0	0	1
GSM7230012_hCiPSCs-0618_CAGGCCATCCACAGCG-1	0.12578091	0.13104603	1	ambiguous	0	0	1
GSM7230012_hCiPSCs-0618_CAGGCCATCTCGCAGG-1	0.14185348	0.14636514	1	ambiguous	0	0	1
GSM7230012_hCiPSCs-0618_CAGGCCATCTTACTGT-1	0.49533468	0.48327586	1	ambiguous	0	0	1
GSM7230012_hCiPSCs-0618_CAGGGCTAGAACCGCA-1	0.10028615	0.1067464	1	failure	0	1	0
GSM7230012_hCiPSCs-0618_CAGGGCTAGATACCAA-1	0.13293913	0.13786867	1	ambiguous	0	0	1
GSM7230012_hCiPSCs-0618_CAGGGCTCACAATCTG-1	0.19012389	0.19237272	1	ambiguous	0	0	1
GSM7230012_hCiPSCs-0618_CAGGGCTCACAGTGTT-1	0.7293154	0.70628804	1	ambiguous	0	0	1
GSM7230012_hCiPSCs-0618_CAGGGCTCACTGATTG-1	0.5642075	0.54892004	1	ambiguous	0	0	1
GSM7230012_hCiPSCs-0618_CAGGGCTCATCAGCTA-1	0.79637736	0.7702063	1	success	1	0	0
GSM7230012_hCiPSCs-0618_CAGGGCTTCCGCAGTG-1	0.5634984	0.5482442	1	ambiguous	0	0	1
GSM7230012_hCiPSCs-0618_CAGGGCTTCTTCCACG-1	0.18781409	0.1901712	1	ambiguous	0	0	1
GSM7230012_hCiPSCs-0618_CAGGTATAGATGAAGG-1	0.13779463	0.14249657	1	ambiguous	0	0	1
GSM7230012_hCiPSCs-0618_CAGGTATAGGATAATC-1	0.42701712	0.4181609	1	ambiguous	0	0	1
GSM7230012_hCiPSCs-0618_CAGGTATCAAACTAAG-1	0.6674866	0.6473577	1	ambiguous	0	0	1
GSM7230012_hCiPSCs-0618_CAGGTATCAATGAAAC-1	0.5865136	0.5701805	1	ambiguous	0	0	1
GSM7230012_hCiPSCs-0618_CAGGTATCACGATAGG-1	0.095304504	0.101998284	1	failure	0	1	0
GSM7230012_hCiPSCs-0618_CAGGTATGTCACTTCC-1	0.7668566	0.7420694	1	success	1	0	0
GSM7230012_hCiPSCs-0618_CAGGTATGTGTCATTG-1	0.46126336	0.45080173	1	ambiguous	0	0	1
GSM7230012_hCiPSCs-0618_CAGGTATTCAAGCGTT-1	0.59770197	0.5808444	1	ambiguous	0	0	1
GSM7230012_hCiPSCs-0618_CAGGTATTCAAGTTGC-1	0.12525234	0.13054223	1	ambiguous	0	0	1
GSM7230012_hCiPSCs-0618_CAGGTATTCGCATGAT-1	0.38864934	0.3815917	1	ambiguous	0	0	1
GSM7230012_hCiPSCs-0618_CAGTGCGAGGTTCATC-1	0.670364	0.6501002	1	ambiguous	0	0	1
GSM7230012_hCiPSCs-0618_CAGTGCGAGTGGACGT-1	0.15503623	0.1589299	1	ambiguous	0	0	1
GSM7230012_hCiPSCs-0618_CAGTGCGCACGTCGGT-1	0.625613	0.60744697	1	ambiguous	0	0	1
GSM7230012_hCiPSCs-0618_CAGTGCGGTACGTGTT-1	0.12505311	0.13035233	1	ambiguous	0	0	1
GSM7230012_hCiPSCs-0618_CAGTGCGGTCGCATCG-1	0.6032302	0.58611345	1	ambiguous	0	0	1
GSM7230012_hCiPSCs-0618_CAGTGCGGTGAGATAT-1	0.761594	0.7370535	1	success	1	0	0
GSM7230012_hCiPSCs-0618_CAGTGCGGTTGCCGCA-1	0.72335255	0.70060474	1	ambiguous	0	0	1
GSM7230012_hCiPSCs-0618_CAGTGCGTCAAAGGAT-1	0.12304861	0.1284418	1	ambiguous	0	0	1
GSM7230012_hCiPSCs-0618_CAGTTAGAGGATCACG-1	0.7577422	0.7333823	1	success	1	0	0
GSM7230012_hCiPSCs-0618_CAGTTAGAGTAAACTG-1	0.80985624	0.7830533	1	success	1	0	0
GSM7230012_hCiPSCs-0618_CAGTTAGAGTCTAGCT-1	0.109970905	0.11597715	1	ambiguous	0	0	1
GSM7230012_hCiPSCs-0618_CAGTTAGCAAGTTCGT-1	0.119490564	0.12505056	1	ambiguous	0	0	1
GSM7230012_hCiPSCs-0618_CAGTTAGGTACCTTCC-1	0.16099206	0.16460654	1	ambiguous	0	0	1
GSM7230012_hCiPSCs-0618_CAGTTAGGTCACTCAA-1	0.7139652	0.6916574	1	ambiguous	0	0	1
GSM7230012_hCiPSCs-0618_CAGTTAGGTCATTGCA-1	0.6445372	0.6254841	1	ambiguous	0	0	1
GSM7230012_hCiPSCs-0618_CAGTTAGGTGTCCGGT-1	0.76625663	0.7414975	1	success	1	0	0
GSM7230012_hCiPSCs-0618_CAGTTAGTCAGAATAG-1	0.48850608	0.4767674	1	ambiguous	0	0	1
GSM7230012_hCiPSCs-0618_CAGTTAGTCGGCATCG-1	0.595151	0.578413	1	ambiguous	0	0	1
GSM7230012_hCiPSCs-0618_CAGTTCCAGACAGTCG-1	0.5592724	0.54421633	1	ambiguous	0	0	1
GSM7230012_hCiPSCs-0618_CAGTTCCAGCCATTGT-1	0.64844155	0.6292054	1	ambiguous	0	0	1
GSM7230012_hCiPSCs-0618_CAGTTCCAGGTAGACC-1	0.49596515	0.48387676	1	ambiguous	0	0	1
GSM7230012_hCiPSCs-0618_CAGTTCCAGGTTCTTG-1	0.694425	0.6730332	1	ambiguous	0	0	1
GSM7230012_hCiPSCs-0618_CAGTTCCCACGACCTG-1	0.123043686	0.12843712	1	ambiguous	0	0	1
GSM7230012_hCiPSCs-0618_CAGTTCCCAGACCAAG-1	0.6534816	0.6340092	1	ambiguous	0	0	1
GSM7230012_hCiPSCs-0618_CAGTTCCCAGGCACTC-1	0.10234917	0.10871271	1	failure	0	1	0
GSM7230012_hCiPSCs-0618_CAGTTCCCAGGCTTGC-1	0.7527668	0.7286401	1	ambiguous	0	0	1
GSM7230012_hCiPSCs-0618_CAGTTCCCATCGCTAA-1	0.12926617	0.13436791	1	ambiguous	0	0	1
GSM7230012_hCiPSCs-0618_CAGTTCCGTAGATGTA-1	0.52331656	0.509946	1	ambiguous	0	0	1
GSM7230012_hCiPSCs-0618_CAGTTCCGTAGGGTAC-1	0.5913702	0.5748095	1	ambiguous	0	0	1
GSM7230012_hCiPSCs-0618_CAGTTCCGTGAGTAGC-1	0.80543786	0.7788421	1	success	1	0	0
GSM7230012_hCiPSCs-0618_CATAAGCAGGGTTAGC-1	0.538004	0.5239449	1	ambiguous	0	0	1
GSM7230012_hCiPSCs-0618_CATAAGCCATCTGTTT-1	0.68001336	0.65929717	1	ambiguous	0	0	1
GSM7230012_hCiPSCs-0618_CATAAGCGTGGATGAC-1	0.16750216	0.17081146	1	ambiguous	0	0	1
GSM7230012_hCiPSCs-0618_CATAAGCTCCCTTCCC-1	0.06783233	0.07581395	1	failure	0	1	0
GSM7230012_hCiPSCs-0618_CATAAGCTCTTAGGAC-1	0.68929935	0.66814786	1	ambiguous	0	0	1
GSM7230012_hCiPSCs-0618_CATACAGAGAAGAGCA-1	0.6419381	0.6230068	1	ambiguous	0	0	1
GSM7230012_hCiPSCs-0618_CATACAGAGGTGCATG-1	0.7008112	0.67912006	1	ambiguous	0	0	1
GSM7230012_hCiPSCs-0618_CATACAGAGTGGTGGT-1	0.091279745	0.0981622	1	failure	0	1	0
GSM7230012_hCiPSCs-0618_CATACAGCAAATGGAT-1	0.6475568	0.6283621	1	ambiguous	0	0	1
GSM7230012_hCiPSCs-0618_CATACAGGTCTGATCA-1	0.13523813	0.1400599	1	ambiguous	0	0	1
GSM7230012_hCiPSCs-0618_CATACAGTCGTGGGAA-1	0.13250913	0.13745883	1	ambiguous	0	0	1
GSM7230012_hCiPSCs-0618_CATACAGTCTCAACCC-1	0.2185236	0.21944113	1	ambiguous	0	0	1
GSM7230012_hCiPSCs-0618_CATACAGTCTCGGGAC-1	0.67116094	0.6508598	1	ambiguous	0	0	1
GSM7230012_hCiPSCs-0618_CATACCCAGATCGACG-1	0.62876505	0.6104513	1	ambiguous	0	0	1
GSM7230012_hCiPSCs-0618_CATACCCAGATGCTAA-1	0.5528696	0.53811365	1	ambiguous	0	0	1
GSM7230012_hCiPSCs-0618_CATACCCAGGGCTGAT-1	0.7590025	0.7345835	1	success	1	0	0
GSM7230012_hCiPSCs-0618_CATACCCAGTAGGGTC-1	0.15032102	0.15443574	1	ambiguous	0	0	1
GSM7230012_hCiPSCs-0618_CATACCCCAACCCTCT-1	0.5103531	0.49759024	1	ambiguous	0	0	1
GSM7230012_hCiPSCs-0618_CATACCCCACCCTTGT-1	0.68254817	0.6617132	1	ambiguous	0	0	1
GSM7230012_hCiPSCs-0618_CATACCCCAGAGTTGG-1	0.6944225	0.67303085	1	ambiguous	0	0	1
GSM7230012_hCiPSCs-0618_CATACCCCAGGACATG-1	0.7937862	0.7677366	1	success	1	0	0
GSM7230012_hCiPSCs-0618_CATACCCCAGTAACAA-1	0.77743137	0.75214845	1	success	1	0	0
GSM7230012_hCiPSCs-0618_CATACCCGTCGCATCG-1	0.23680164	0.23686232	1	ambiguous	0	0	1
GSM7230012_hCiPSCs-0618_CATACCCTCCACTTCG-1	0.4411932	0.43167242	1	ambiguous	0	0	1
GSM7230012_hCiPSCs-0618_CATACCCTCTACTATC-1	0.19279586	0.19491944	1	ambiguous	0	0	1
GSM7230012_hCiPSCs-0618_CATACTTAGCTGTTCA-1	0.75689423	0.73257405	1	success	1	0	0
GSM7230012_hCiPSCs-0618_CATACTTCATCATTTC-1	0.5779046	0.56197506	1	ambiguous	0	0	1
GSM7230012_hCiPSCs-0618_CATACTTGTAATGCGG-1	0.09532313	0.10201604	1	failure	0	1	0
GSM7230012_hCiPSCs-0618_CATACTTGTCGCCTAG-1	0.65282	0.6333786	1	ambiguous	0	0	1
GSM7230012_hCiPSCs-0618_CATACTTTCACATTGG-1	0.11662377	0.12231815	1	ambiguous	0	0	1
GSM7230012_hCiPSCs-0618_CATACTTTCCGTTTCG-1	0.14799178	0.15221569	1	ambiguous	0	0	1
GSM7230012_hCiPSCs-0618_CATACTTTCCTGTTAT-1	0.18026167	0.18297283	1	ambiguous	0	0	1
GSM7230012_hCiPSCs-0618_CATAGACAGTAGCTCT-1	0.13169152	0.13667955	1	ambiguous	0	0	1
GSM7230012_hCiPSCs-0618_CATAGACAGTGCAGGT-1	0.63844246	0.61967504	1	ambiguous	0	0	1
GSM7230012_hCiPSCs-0618_CATAGACCAAATACGA-1	0.75226825	0.7281649	1	ambiguous	0	0	1
GSM7230012_hCiPSCs-0618_CATAGACCAGCGTTTA-1	0.4050493	0.39722288	1	ambiguous	0	0	1
GSM7230012_hCiPSCs-0618_CATAGACGTCGCTTAA-1	0.52679676	0.51326305	1	ambiguous	0	0	1
GSM7230012_hCiPSCs-0618_CATAGACGTGTTCATG-1	0.380703	0.37401786	1	ambiguous	0	0	1
GSM7230012_hCiPSCs-0618_CATAGACTCAATCTTC-1	0.7219721	0.699289	1	ambiguous	0	0	1
GSM7230012_hCiPSCs-0618_CATAGACTCCCTTGGT-1	0.14654434	0.1508361	1	ambiguous	0	0	1
GSM7230012_hCiPSCs-0618_CATCAAGCAACACGTT-1	0.8777912	0.8478036	1	success	1	0	0
GSM7230012_hCiPSCs-0618_CATCAAGCAGGAGACT-1	0.10765916	0.113773786	1	ambiguous	0	0	1
GSM7230012_hCiPSCs-0618_CATCAAGGTAACATGA-1	0.09334966	0.10013507	1	failure	0	1	0
GSM7230012_hCiPSCs-0618_CATCAAGGTCATCACA-1	0.16515306	0.16857247	1	ambiguous	0	0	1
GSM7230012_hCiPSCs-0618_CATCAAGGTCCTCATC-1	0.2237071	0.22438163	1	ambiguous	0	0	1
GSM7230012_hCiPSCs-0618_CATCAAGTCATACGAC-1	0.6725402	0.6521743	1	ambiguous	0	0	1
GSM7230012_hCiPSCs-0618_CATCAAGTCTAAGCGT-1	0.654148	0.6346443	1	ambiguous	0	0	1
GSM7230012_hCiPSCs-0618_CATCAAGTCTCTAGGA-1	0.5101781	0.4974234	1	ambiguous	0	0	1
GSM7230012_hCiPSCs-0618_CATCCACCAATTCACG-1	0.11746671	0.12312157	1	ambiguous	0	0	1
GSM7230012_hCiPSCs-0618_CATCCACCAATTTCTC-1	0.86696285	0.83748287	1	success	1	0	0
GSM7230012_hCiPSCs-0618_CATCCACCACTGGACC-1	0.7028804	0.6810922	1	ambiguous	0	0	1
GSM7230012_hCiPSCs-0618_CATCCACGTATAGGAT-1	0.14777069	0.15200497	1	ambiguous	0	0	1
GSM7230012_hCiPSCs-0618_CATCCACGTCCAGCGT-1	0.64054954	0.62168336	1	ambiguous	0	0	1
GSM7230012_hCiPSCs-0618_CATCCACGTGACGTCC-1	0.58749	0.57111114	1	ambiguous	0	0	1
GSM7230012_hCiPSCs-0618_CATCCACGTGGAGGTT-1	0.15776165	0.16152756	1	ambiguous	0	0	1
GSM7230012_hCiPSCs-0618_CATCCACGTTTACCAG-1	0.12736939	0.13256003	1	ambiguous	0	0	1
GSM7230012_hCiPSCs-0618_CATCCACTCCAATCCC-1	0.15880975	0.16252655	1	ambiguous	0	0	1
GSM7230012_hCiPSCs-0618_CATCCACTCGAAGCCC-1	0.6288682	0.6105496	1	ambiguous	0	0	1
GSM7230012_hCiPSCs-0618_CATCCACTCTCTGAGA-1	0.5411743	0.52696663	1	ambiguous	0	0	1
GSM7230012_hCiPSCs-0618_CATCCCAAGGGTTGCA-1	0.7038347	0.6820018	1	ambiguous	0	0	1
GSM7230012_hCiPSCs-0618_CATCCCACAACCACAT-1	0.8689768	0.8394024	1	success	1	0	0
GSM7230012_hCiPSCs-0618_CATCCCACAGCAGTTT-1	0.76568705	0.7409547	1	success	1	0	0
GSM7230012_hCiPSCs-0618_CATCCCACATGGTGGA-1	0.67429423	0.65384614	1	ambiguous	0	0	1
GSM7230012_hCiPSCs-0618_CATCCCAGTACTTCCC-1	0.450915	0.44093847	1	ambiguous	0	0	1
GSM7230012_hCiPSCs-0618_CATCCCAGTCCACACG-1	0.58472264	0.56847346	1	ambiguous	0	0	1
GSM7230012_hCiPSCs-0618_CATCCCAGTCGCGTTG-1	0.44229928	0.43272665	1	ambiguous	0	0	1
GSM7230012_hCiPSCs-0618_CATCCCAGTTCAGCTA-1	0.7757058	0.7505038	1	success	1	0	0
GSM7230012_hCiPSCs-0618_CATCCCAGTTCCGCAG-1	0.74569875	0.7219034	1	ambiguous	0	0	1
GSM7230012_hCiPSCs-0618_CATCCCAGTTTAGACC-1	0.06678086	0.074811764	1	failure	0	1	0
GSM7230012_hCiPSCs-0618_CATCCCATCGCGCCAA-1	0.21647339	0.21748702	1	ambiguous	0	0	1
GSM7230012_hCiPSCs-0618_CATCCGTAGATGAAGG-1	0.5963382	0.57954454	1	ambiguous	0	0	1
GSM7230012_hCiPSCs-0618_CATCCGTAGCATAGGC-1	0.14065199	0.14521998	1	ambiguous	0	0	1
GSM7230012_hCiPSCs-0618_CATCCGTAGGCACTCC-1	0.8494914	0.82083046	1	success	1	0	0
GSM7230012_hCiPSCs-0618_CATCCGTCAAAGGGTC-1	0.60872734	0.5913529	1	ambiguous	0	0	1
GSM7230012_hCiPSCs-0618_CATCCGTCAAAGTATG-1	0.15745685	0.16123706	1	ambiguous	0	0	1
GSM7230012_hCiPSCs-0618_CATCCGTCACCCTGAG-1	0.70667726	0.68471116	1	ambiguous	0	0	1
GSM7230012_hCiPSCs-0618_CATCCGTCAGTCCCGA-1	0.0951446	0.101845875	1	failure	0	1	0
GSM7230012_hCiPSCs-0618_CATCCGTGTCCTCCAT-1	0.7636705	0.7390327	1	success	1	0	0
GSM7230012_hCiPSCs-0618_CATCCGTTCAGTCCGG-1	0.14459856	0.14898154	1	ambiguous	0	0	1
GSM7230012_hCiPSCs-0618_CATCCGTTCGTAGTGT-1	0.5412148	0.52700526	1	ambiguous	0	0	1
GSM7230012_hCiPSCs-0618_CATCGCTAGACCGTTT-1	0.7728167	0.7477501	1	success	1	0	0
GSM7230012_hCiPSCs-0618_CATCGCTAGCACGGAT-1	0.76565176	0.740921	1	success	1	0	0
GSM7230012_hCiPSCs-0618_CATCGCTCAACCAACT-1	0.16256359	0.1661044	1	ambiguous	0	0	1
GSM7230012_hCiPSCs-0618_CATCGCTCACGTACTA-1	0.26020476	0.25916836	1	ambiguous	0	0	1
GSM7230012_hCiPSCs-0618_CATCGCTCAGCGCTTG-1	0.65672284	0.6370985	1	ambiguous	0	0	1
GSM7230012_hCiPSCs-0618_CATCGCTCAGCGGTTC-1	0.72150457	0.69884336	1	ambiguous	0	0	1
GSM7230012_hCiPSCs-0618_CATCGCTGTACGGCAA-1	0.17117448	0.17431164	1	ambiguous	0	0	1
GSM7230012_hCiPSCs-0618_CATCGCTGTAGGTGCA-1	0.7280325	0.7050653	1	ambiguous	0	0	1
GSM7230012_hCiPSCs-0618_CATCGCTGTGACGCCT-1	0.62290263	0.60486364	1	ambiguous	0	0	1
GSM7230012_hCiPSCs-0618_CATCGCTGTGCTATTG-1	0.13541153	0.14022517	1	ambiguous	0	0	1
GSM7230012_hCiPSCs-0618_CATCGCTGTTAGGACG-1	0.52206856	0.5087565	1	ambiguous	0	0	1
GSM7230012_hCiPSCs-0618_CATCGGGAGTACCATC-1	0.68446815	0.6635431	1	ambiguous	0	0	1
GSM7230012_hCiPSCs-0618_CATCGGGAGTTGCATC-1	0.57812244	0.5621827	1	ambiguous	0	0	1
GSM7230012_hCiPSCs-0618_CATCGGGCAAGGACAC-1	0.06687641	0.07490284	1	failure	0	1	0
GSM7230012_hCiPSCs-0618_CATCGGGCATGAAGCG-1	0.62192947	0.6039362	1	ambiguous	0	0	1
GSM7230012_hCiPSCs-0618_CATCGGGGTTAGGGTG-1	0.43347305	0.42431417	1	ambiguous	0	0	1
GSM7230012_hCiPSCs-0618_CATCGGGTCACCATCC-1	0.09898139	0.10550281	1	failure	0	1	0
GSM7230012_hCiPSCs-0618_CATCGTCAGCGTTGTT-1	0.63646597	0.6177912	1	ambiguous	0	0	1
GSM7230012_hCiPSCs-0618_CATCGTCAGGACGGAG-1	0.1697101	0.1729159	1	ambiguous	0	0	1
GSM7230012_hCiPSCs-0618_CATCGTCAGGGAGGTG-1	0.09728664	0.1038875	1	failure	0	1	0
GSM7230012_hCiPSCs-0618_CATCGTCAGGTCCTGC-1	0.7406674	0.7171079	1	ambiguous	0	0	1
GSM7230012_hCiPSCs-0618_CATCGTCCACTTCTCG-1	0.6919514	0.6706756	1	ambiguous	0	0	1
GSM7230012_hCiPSCs-0618_CATCGTCCAGAACCGA-1	0.56992203	0.5543667	1	ambiguous	0	0	1
GSM7230012_hCiPSCs-0618_CATCGTCCAGGCGATA-1	0.76219904	0.7376302	1	success	1	0	0
GSM7230012_hCiPSCs-0618_CATCGTCCATACAGCT-1	0.68553966	0.66456443	1	ambiguous	0	0	1
GSM7230012_hCiPSCs-0618_CATCGTCCATCTTAGG-1	0.5904047	0.5738892	1	ambiguous	0	0	1
GSM7230012_hCiPSCs-0618_CATCGTCGTTGGTAGG-1	0.71566385	0.69327646	1	ambiguous	0	0	1
GSM7230012_hCiPSCs-0618_CATCGTCTCATTGAGC-1	0.62001497	0.6021114	1	ambiguous	0	0	1
GSM7230012_hCiPSCs-0618_CATCGTCTCCACTAGA-1	0.6951945	0.6737666	1	ambiguous	0	0	1
GSM7230012_hCiPSCs-0618_CATCGTCTCGCCACTT-1	0.7566573	0.7323482	1	success	1	0	0
GSM7230012_hCiPSCs-0618_CATGAGTCAACACGAG-1	0.6239006	0.6058148	1	ambiguous	0	0	1
GSM7230012_hCiPSCs-0618_CATGAGTCAACCGATT-1	0.8040559	0.7775249	1	success	1	0	0
GSM7230012_hCiPSCs-0618_CATGAGTCACTCCTGT-1	0.7487318	0.7247942	1	ambiguous	0	0	1
GSM7230012_hCiPSCs-0618_CATGAGTCATGCTGCG-1	0.71283597	0.69058114	1	ambiguous	0	0	1
GSM7230012_hCiPSCs-0618_CATGAGTGTCACAGAG-1	0.15485516	0.15875733	1	ambiguous	0	0	1
GSM7230012_hCiPSCs-0618_CATGAGTGTCGTTCAA-1	0.5728416	0.5571494	1	ambiguous	0	0	1
GSM7230012_hCiPSCs-0618_CATGAGTGTGCTCCGA-1	0.14658558	0.1508754	1	ambiguous	0	0	1
GSM7230012_hCiPSCs-0618_CATGAGTGTTTGAAAG-1	0.5621887	0.5469959	1	ambiguous	0	0	1
GSM7230012_hCiPSCs-0618_CATGAGTTCAAGTGTC-1	0.56430686	0.54901475	1	ambiguous	0	0	1
GSM7230012_hCiPSCs-0618_CATGAGTTCATCGACA-1	0.7395517	0.7160445	1	ambiguous	0	0	1
GSM7230012_hCiPSCs-0618_CATGAGTTCCCGTTCA-1	0.6309589	0.61254233	1	ambiguous	0	0	1
GSM7230012_hCiPSCs-0618_CATGAGTTCCTCACTG-1	0.13958523	0.14420322	1	ambiguous	0	0	1
GSM7230012_hCiPSCs-0618_CATGCAAAGACCTCAT-1	0.3769165	0.3704089	1	ambiguous	0	0	1
GSM7230012_hCiPSCs-0618_CATGCAAAGCACTAGG-1	0.64761275	0.6284154	1	ambiguous	0	0	1
GSM7230012_hCiPSCs-0618_CATGCAAAGCATCGAG-1	0.13561052	0.14041483	1	ambiguous	0	0	1
GSM7230012_hCiPSCs-0618_CATGCAAAGCTACTAC-1	0.6714122	0.65109926	1	ambiguous	0	0	1
GSM7230012_hCiPSCs-0618_CATGCAAAGCTGAAGC-1	0.7551608	0.73092186	1	success	1	0	0
GSM7230012_hCiPSCs-0618_CATGCAACAATACGCT-1	0.74334794	0.7196628	1	ambiguous	0	0	1
GSM7230012_hCiPSCs-0618_CATGCAACACTAAACC-1	0.10681784	0.1129719	1	failure	0	1	0
GSM7230012_hCiPSCs-0618_CATGCAACATTACTCT-1	0.67873657	0.6580802	1	ambiguous	0	0	1
GSM7230012_hCiPSCs-0618_CATGCAAGTGTCTTAG-1	0.5893456	0.57287973	1	ambiguous	0	0	1
GSM7230012_hCiPSCs-0618_CATGCAAGTTCCGGTG-1	0.84119517	0.81292313	1	success	1	0	0
GSM7230012_hCiPSCs-0618_CATGCAAGTTTAAGGA-1	0.6436757	0.62466294	1	ambiguous	0	0	1
GSM7230012_hCiPSCs-0618_CATGCCTAGAGGTCGT-1	0.5267037	0.5131744	1	ambiguous	0	0	1
GSM7230012_hCiPSCs-0618_CATGCCTAGCGATGCA-1	0.78263265	0.7571059	1	success	1	0	0
GSM7230012_hCiPSCs-0618_CATGCCTAGCGCCCAT-1	0.71219176	0.68996716	1	ambiguous	0	0	1
GSM7230012_hCiPSCs-0618_CATGCCTAGGGCGAGA-1	0.8451189	0.81666285	1	success	1	0	0
GSM7230012_hCiPSCs-0618_CATGCCTAGGTGCGAT-1	0.121461	0.12692861	1	ambiguous	0	0	1
GSM7230012_hCiPSCs-0618_CATGCCTAGTAACCTC-1	0.1677045	0.17100431	1	ambiguous	0	0	1
GSM7230012_hCiPSCs-0618_CATGCCTAGTACAGAT-1	0.64374465	0.6247286	1	ambiguous	0	0	1
GSM7230012_hCiPSCs-0618_CATGCCTAGTTATGGA-1	0.16280214	0.16633177	1	ambiguous	0	0	1
GSM7230012_hCiPSCs-0618_CATGCCTCACACGCCA-1	0.11095098	0.116911285	1	ambiguous	0	0	1
GSM7230012_hCiPSCs-0618_CATGCCTCATCCAACA-1	0.116663046	0.12235558	1	ambiguous	0	0	1
GSM7230012_hCiPSCs-0618_CATGCCTGTACGGCAA-1	0.3235692	0.3195624	1	ambiguous	0	0	1
GSM7230012_hCiPSCs-0618_CATGCCTGTATGGGAC-1	0.6406215	0.6217519	1	ambiguous	0	0	1
GSM7230012_hCiPSCs-0618_CATGCCTTCAATCTTC-1	0.67608005	0.6555483	1	ambiguous	0	0	1
GSM7230012_hCiPSCs-0618_CATGCCTTCAATGTCG-1	0.835953	0.8079267	1	success	1	0	0
GSM7230012_hCiPSCs-0618_CATGCCTTCACGGACC-1	0.15313095	0.15711394	1	ambiguous	0	0	1
GSM7230012_hCiPSCs-0618_CATGCCTTCAGCTCTC-1	0.12587762	0.13113819	1	ambiguous	0	0	1
GSM7230012_hCiPSCs-0618_CATGCCTTCAGTGTCA-1	0.7727214	0.74765927	1	success	1	0	0
GSM7230012_hCiPSCs-0618_CATGCGGAGAAGCTGC-1	0.104246445	0.11052105	1	failure	0	1	0
GSM7230012_hCiPSCs-0618_CATGCGGAGACGCAGT-1	0.6517464	0.63235533	1	ambiguous	0	0	1
GSM7230012_hCiPSCs-0618_CATGCGGAGCCTCTGG-1	0.68611604	0.66511375	1	ambiguous	0	0	1
GSM7230012_hCiPSCs-0618_CATGCGGCATTCTCTA-1	0.5977124	0.58085436	1	ambiguous	0	0	1
GSM7230012_hCiPSCs-0618_CATGCGGGTTATGACC-1	0.7014547	0.6797334	1	ambiguous	0	0	1
GSM7230012_hCiPSCs-0618_CATGCGGGTTGGAGGT-1	0.122378185	0.1278028	1	ambiguous	0	0	1
GSM7230012_hCiPSCs-0618_CATGCGGGTTTGGGTT-1	0.60665536	0.58937806	1	ambiguous	0	0	1
GSM7230012_hCiPSCs-0618_CATGCGGTCGTTATCT-1	0.5113449	0.49853554	1	ambiguous	0	0	1
GSM7230012_hCiPSCs-0618_CATGCGGTCTGAGAGG-1	0.6479963	0.628781	1	ambiguous	0	0	1
GSM7230012_hCiPSCs-0618_CATGCGGTCTGTCAGA-1	0.61192346	0.59439915	1	ambiguous	0	0	1
GSM7230012_hCiPSCs-0618_CATGCTCAGCAAATGT-1	0.09104454	0.097938016	1	failure	0	1	0
GSM7230012_hCiPSCs-0618_CATGCTCAGGTTGGAC-1	0.0873462	0.09441306	1	failure	0	1	0
GSM7230012_hCiPSCs-0618_CATGCTCCAAACCGGA-1	0.70635486	0.68440384	1	ambiguous	0	0	1
GSM7230012_hCiPSCs-0618_CATGCTCCAAGCCATT-1	0.08846289	0.095477395	1	failure	0	1	0
GSM7230012_hCiPSCs-0618_CATGCTCCACCCTTGT-1	0.17511043	0.17806306	1	ambiguous	0	0	1
GSM7230012_hCiPSCs-0618_CATGCTCCACCTAAAC-1	0.85811937	0.829054	1	success	1	0	0
GSM7230012_hCiPSCs-0618_CATGCTCCATGAGTAA-1	0.6845273	0.6635995	1	ambiguous	0	0	1
GSM7230012_hCiPSCs-0618_CATGCTCGTATCGTTG-1	0.39337394	0.38609484	1	ambiguous	0	0	1
GSM7230012_hCiPSCs-0618_CATGCTCGTGTCGCTG-1	0.0042811325	0.015241903	1	failure	0	1	0
GSM7230012_hCiPSCs-0618_CATGCTCGTTACTCAG-1	0.16098294	0.16459784	1	ambiguous	0	0	1
GSM7230012_hCiPSCs-0618_CATGCTCGTTCGAGCC-1	0.77162796	0.7466171	1	success	1	0	0
GSM7230012_hCiPSCs-0618_CATGCTCGTTGCGAAG-1	0.13135575	0.13635951	1	ambiguous	0	0	1
GSM7230012_hCiPSCs-0618_CATGCTCTCCATACTT-1	0.7161851	0.69377327	1	ambiguous	0	0	1
GSM7230012_hCiPSCs-0618_CATGCTCTCCATCTCG-1	0.32179964	0.3178758	1	ambiguous	0	0	1
GSM7230012_hCiPSCs-0618_CATGGATAGCGTTCCG-1	0.78750885	0.7617535	1	success	1	0	0
GSM7230012_hCiPSCs-0618_CATGGATAGCTGCGAA-1	0.68841946	0.6673092	1	ambiguous	0	0	1
GSM7230012_hCiPSCs-0618_CATGGATAGGAGGTTC-1	0.6984778	0.67689604	1	ambiguous	0	0	1
GSM7230012_hCiPSCs-0618_CATGGATAGGTTAAAC-1	0.75446594	0.7302596	1	success	1	0	0
GSM7230012_hCiPSCs-0618_CATGGATCAAGGGTCA-1	0.87380284	0.8440022	1	success	1	0	0
GSM7230012_hCiPSCs-0618_CATGGATCAGGCAATG-1	0.5238953	0.5104976	1	ambiguous	0	0	1
GSM7230012_hCiPSCs-0618_CATGGATGTCTCACAA-1	0.6201516	0.60224164	1	ambiguous	0	0	1
GSM7230012_hCiPSCs-0618_CATGGATGTTATCTTC-1	0.7392512	0.7157581	1	ambiguous	0	0	1
GSM7230012_hCiPSCs-0618_CATGGATTCAGCGGAA-1	0.1404702	0.14504671	1	ambiguous	0	0	1
GSM7230012_hCiPSCs-0618_CATGGATTCCCGAGAC-1	0.35449082	0.34903446	1	ambiguous	0	0	1
GSM7230012_hCiPSCs-0618_CATGGATTCGATACTG-1	0.10584045	0.11204033	1	failure	0	1	0
GSM7230012_hCiPSCs-0618_CATGGTAAGAGAGCCT-1	0.67866164	0.6580089	1	ambiguous	0	0	1
GSM7230012_hCiPSCs-0618_CATGGTAAGCATGCAG-1	0.62873787	0.61042535	1	ambiguous	0	0	1
GSM7230012_hCiPSCs-0618_CATGGTAAGCTCGGCT-1	0.0834409	0.09069082	1	failure	0	1	0
GSM7230012_hCiPSCs-0618_CATGGTACAAGTTCCA-1	0.27642837	0.27463144	1	ambiguous	0	0	1
GSM7230012_hCiPSCs-0618_CATGGTACAGAGAAAG-1	0.6662481	0.6461772	1	ambiguous	0	0	1
GSM7230012_hCiPSCs-0618_CATGGTACATTACTCT-1	0.12672356	0.13194448	1	ambiguous	0	0	1
GSM7230012_hCiPSCs-0618_CATGGTAGTGACATCT-1	0.13684846	0.14159475	1	ambiguous	0	0	1
GSM7230012_hCiPSCs-0618_CATGGTAGTGTAACGG-1	0.5807847	0.5647201	1	ambiguous	0	0	1
GSM7230012_hCiPSCs-0618_CATGGTATCCCGTGAG-1	0.7011618	0.6794542	1	ambiguous	0	0	1
GSM7230012_hCiPSCs-0618_CATGGTATCCGTGGGT-1	0.7002763	0.67861027	1	ambiguous	0	0	1
GSM7230012_hCiPSCs-0618_CATTCATAGAACAAGG-1	0.58496577	0.56870526	1	ambiguous	0	0	1
GSM7230012_hCiPSCs-0618_CATTCATAGATGTTAG-1	0.29613596	0.2934152	1	ambiguous	0	0	1
GSM7230012_hCiPSCs-0618_CATTCATCAACCGTGC-1	0.10147796	0.107882336	1	failure	0	1	0
GSM7230012_hCiPSCs-0618_CATTCATCACCTATCC-1	0.3972881	0.38982552	1	ambiguous	0	0	1
GSM7230012_hCiPSCs-0618_CATTCATCAGGTGGAT-1	0.5648837	0.54956454	1	ambiguous	0	0	1
GSM7230012_hCiPSCs-0618_CATTCATGTATTTCCT-1	0.7320139	0.70886004	1	ambiguous	0	0	1
GSM7230012_hCiPSCs-0618_CATTCATGTGGCTGCT-1	0.7458218	0.7220206	1	ambiguous	0	0	1
GSM7230012_hCiPSCs-0618_CATTCATGTTCGAGCC-1	0.4649333	0.45429963	1	ambiguous	0	0	1
GSM7230012_hCiPSCs-0618_CATTCATGTTGTGTTG-1	0.110207535	0.11620269	1	ambiguous	0	0	1
GSM7230012_hCiPSCs-0618_CATTCATTCACCCTTG-1	0.20748281	0.2089179	1	ambiguous	0	0	1
GSM7230012_hCiPSCs-0618_CATTCATTCTCCGATC-1	0.12212878	0.12756509	1	ambiguous	0	0	1
GSM7230012_hCiPSCs-0618_CATTCCGAGCCATTTG-1	0.89621335	0.86536217	1	success	1	0	0
GSM7230012_hCiPSCs-0618_CATTCCGAGCGCCCAT-1	0.5713031	0.5556831	1	ambiguous	0	0	1
GSM7230012_hCiPSCs-0618_CATTCCGAGGTTCACT-1	0.72394496	0.7011694	1	ambiguous	0	0	1
GSM7230012_hCiPSCs-0618_CATTCCGAGTGCTACT-1	0.18498938	0.18747891	1	ambiguous	0	0	1
GSM7230012_hCiPSCs-0618_CATTCCGAGTGGAATT-1	0.4994009	0.48715147	1	ambiguous	0	0	1
GSM7230012_hCiPSCs-0618_CATTCCGCAAGAGTGC-1	0.6611711	0.64133817	1	ambiguous	0	0	1
GSM7230012_hCiPSCs-0618_CATTCCGCAGCTTCCT-1	0.8225464	0.79514855	1	success	1	0	0
GSM7230012_hCiPSCs-0618_CATTCCGCAGGACTTT-1	0.5159642	0.50293833	1	ambiguous	0	0	1
GSM7230012_hCiPSCs-0618_CATTCCGGTCTGCCTT-1	0.6703545	0.6500911	1	ambiguous	0	0	1
GSM7230012_hCiPSCs-0618_CATTCCGGTGAGCCAA-1	0.5346261	0.5207254	1	ambiguous	0	0	1
GSM7230012_hCiPSCs-0618_CATTCCGGTTCGTACA-1	0.10589397	0.11209134	1	failure	0	1	0
GSM7230012_hCiPSCs-0618_CATTCCGTCCCATTCG-1	0.5763434	0.56048703	1	ambiguous	0	0	1
GSM7230012_hCiPSCs-0618_CATTCCGTCCCGAACG-1	0.10895278	0.11500676	1	ambiguous	0	0	1
GSM7230012_hCiPSCs-0618_CATTCTAAGGTTGACG-1	0.16863634	0.17189246	1	ambiguous	0	0	1
GSM7230012_hCiPSCs-0618_CATTCTAAGTGAGTGC-1	0.6804757	0.6597378	1	ambiguous	0	0	1
GSM7230012_hCiPSCs-0618_CATTCTACACCAGACC-1	0.49667105	0.48454958	1	ambiguous	0	0	1
GSM7230012_hCiPSCs-0618_CATTCTACAGAGTAAT-1	0.13359198	0.13849093	1	ambiguous	0	0	1
GSM7230012_hCiPSCs-0618_CATTCTAGTACCCGAC-1	0.076677345	0.08424433	1	failure	0	1	0
GSM7230012_hCiPSCs-0618_CATTCTAGTATCTCGA-1	0.12572828	0.13099585	1	ambiguous	0	0	1
GSM7230012_hCiPSCs-0618_CATTCTATCAGGAACG-1	0.046133947	0.055132743	1	failure	0	1	0
GSM7230012_hCiPSCs-0618_CATTCTATCCGATAGT-1	0.60176986	0.58472157	1	ambiguous	0	0	1
GSM7230012_hCiPSCs-0618_CATTCTATCGGACTTA-1	0.64891756	0.6296591	1	ambiguous	0	0	1
GSM7230012_hCiPSCs-0618_CATTGAGAGGGCGAGA-1	0.7517722	0.7276921	1	ambiguous	0	0	1
GSM7230012_hCiPSCs-0618_CATTGAGCAACGACAG-1	0.25837862	0.2574278	1	ambiguous	0	0	1
GSM7230012_hCiPSCs-0618_CATTGAGCAATTCGTG-1	0.6563328	0.63672674	1	ambiguous	0	0	1
GSM7230012_hCiPSCs-0618_CATTGAGCAGGGACTA-1	0.6359072	0.6172586	1	ambiguous	0	0	1
GSM7230012_hCiPSCs-0618_CATTGAGCATCGAGCC-1	0.5564465	0.54152286	1	ambiguous	0	0	1
GSM7230012_hCiPSCs-0618_CATTGAGGTGAGACCA-1	0.6785747	0.65792596	1	ambiguous	0	0	1
GSM7230012_hCiPSCs-0618_CATTGAGGTGAGACGT-1	0.14485942	0.14923017	1	ambiguous	0	0	1
GSM7230012_hCiPSCs-0618_CATTGAGTCGAGCCTG-1	0.14673628	0.15101905	1	ambiguous	0	0	1
GSM7230012_hCiPSCs-0618_CATTGAGTCTCGACGG-1	0.12835987	0.13350408	1	ambiguous	0	0	1
GSM7230012_hCiPSCs-0618_CATTGCCAGGACAAGA-1	0.68962795	0.6684611	1	ambiguous	0	0	1
GSM7230012_hCiPSCs-0618_CATTGCCAGGGTGGGA-1	0.75767034	0.7333138	1	success	1	0	0
GSM7230012_hCiPSCs-0618_CATTGCCAGTTCCGTA-1	0.22600608	0.22657284	1	ambiguous	0	0	1
GSM7230012_hCiPSCs-0618_CATTGCCGTCTCAAGT-1	0.73056835	0.7074823	1	ambiguous	0	0	1
GSM7230012_hCiPSCs-0618_CATTGCCTCACACCGG-1	0.16224724	0.16580288	1	ambiguous	0	0	1
GSM7230012_hCiPSCs-0618_CATTGCCTCCTACTGC-1	0.270191	0.26868647	1	ambiguous	0	0	1
GSM7230012_hCiPSCs-0618_CATTGCCTCGATACAC-1	0.7979467	0.77170205	1	success	1	0	0
GSM7230012_hCiPSCs-0618_CATTGTTAGAATCCCT-1	0.14305621	0.1475115	1	ambiguous	0	0	1
GSM7230012_hCiPSCs-0618_CATTGTTAGACTCATC-1	0.13122179	0.13623184	1	ambiguous	0	0	1
GSM7230012_hCiPSCs-0618_CATTGTTGTAGTGGCA-1	0.6297588	0.61139846	1	ambiguous	0	0	1
GSM7230012_hCiPSCs-0618_CATTGTTGTGCGAACA-1	0.64460224	0.62554604	1	ambiguous	0	0	1
GSM7230012_hCiPSCs-0618_CATTTCAAGACATCCT-1	0.6267099	0.60849243	1	ambiguous	0	0	1
GSM7230012_hCiPSCs-0618_CATTTCAAGACTGGGT-1	0.1348408	0.1396812	1	ambiguous	0	0	1
GSM7230012_hCiPSCs-0618_CATTTCAAGCCATCCG-1	0.80812776	0.7814058	1	success	1	0	0
GSM7230012_hCiPSCs-0618_CATTTCAAGCTCCACG-1	0.20696421	0.2084236	1	ambiguous	0	0	1
GSM7230012_hCiPSCs-0618_CATTTCAAGGAACGAA-1	0.05769713	0.06615387	1	failure	0	1	0
GSM7230012_hCiPSCs-0618_CATTTCAAGGCTTTCA-1	0.7409378	0.7173657	1	ambiguous	0	0	1
GSM7230012_hCiPSCs-0618_CATTTCACAAGAATAC-1	0.7365503	0.71318376	1	ambiguous	0	0	1
GSM7230012_hCiPSCs-0618_CATTTCAGTAACTAAG-1	0.09667251	0.103302166	1	failure	0	1	0
GSM7230012_hCiPSCs-0618_CATTTCAGTCACGACC-1	0.28197572	0.27991873	1	ambiguous	0	0	1
GSM7230012_hCiPSCs-0618_CATTTCAGTCCGAAGA-1	0.6965073	0.6750179	1	ambiguous	0	0	1
GSM7230012_hCiPSCs-0618_CATTTCAGTGTCCGTG-1	0.5012939	0.4889557	1	ambiguous	0	0	1
GSM7230012_hCiPSCs-0618_CATTTCATCCGGTAGC-1	0.59853405	0.58163744	1	ambiguous	0	0	1
GSM7230012_hCiPSCs-0618_CATTTCATCCTACGAA-1	0.77407205	0.7489466	1	success	1	0	0
GSM7230012_hCiPSCs-0618_CATTTCATCTCTCTTC-1	0.11613826	0.12185539	1	ambiguous	0	0	1
GSM7230012_hCiPSCs-0618_CCAAGCGAGAAGCCTG-1	0.12687023	0.13208427	1	ambiguous	0	0	1
GSM7230012_hCiPSCs-0618_CCAAGCGAGATTACCC-1	0.70882165	0.686755	1	ambiguous	0	0	1
GSM7230012_hCiPSCs-0618_CCAAGCGAGGAATGTT-1	0.15363462	0.15759401	1	ambiguous	0	0	1
GSM7230012_hCiPSCs-0618_CCAAGCGAGTCACAGG-1	0.110155515	0.11615311	1	ambiguous	0	0	1
GSM7230012_hCiPSCs-0618_CCAAGCGCAAACGAGC-1	0.11494056	0.120713845	1	ambiguous	0	0	1
GSM7230012_hCiPSCs-0618_CCAAGCGCAAGGTCGA-1	0.67612416	0.6555903	1	ambiguous	0	0	1
GSM7230012_hCiPSCs-0618_CCAAGCGCATGTCAGT-1	0.54586256	0.5314351	1	ambiguous	0	0	1
GSM7230012_hCiPSCs-0618_CCAAGCGGTAGTTACC-1	0.5128867	0.5000051	1	ambiguous	0	0	1
GSM7230012_hCiPSCs-0618_CCAAGCGGTCGAACAG-1	0.49392703	0.4819342	1	ambiguous	0	0	1
GSM7230012_hCiPSCs-0618_CCAAGCGGTCGCAGTC-1	0.6879335	0.66684604	1	ambiguous	0	0	1
GSM7230012_hCiPSCs-0618_CCAATGAAGTATTCCG-1	0.15677889	0.16059087	1	ambiguous	0	0	1
GSM7230012_hCiPSCs-0618_CCAATGAAGTGGTGGT-1	0.79202324	0.76605624	1	success	1	0	0
GSM7230012_hCiPSCs-0618_CCAATGACACCGAATT-1	0.08366167	0.09090124	1	failure	0	1	0
GSM7230012_hCiPSCs-0618_CCAATGACACTTGAGT-1	0.59538674	0.57863766	1	ambiguous	0	0	1
GSM7230012_hCiPSCs-0618_CCAATGACAGATACCT-1	0.6822819	0.6614594	1	ambiguous	0	0	1
GSM7230012_hCiPSCs-0618_CCAATGACAGTTTCGA-1	0.8845331	0.85422945	1	success	1	0	0
GSM7230012_hCiPSCs-0618_CCAATGACATCGGAAG-1	0.6486863	0.62943864	1	ambiguous	0	0	1
GSM7230012_hCiPSCs-0618_CCAATGATCATGGTAC-1	0.67663157	0.6560739	1	ambiguous	0	0	1
GSM7230012_hCiPSCs-0618_CCAATTTAGCATCCCG-1	0.72349125	0.7007369	1	ambiguous	0	0	1
GSM7230012_hCiPSCs-0618_CCAATTTAGCCATTGT-1	0.12860708	0.13373971	1	ambiguous	0	0	1
GSM7230012_hCiPSCs-0618_CCAATTTAGTATCTGC-1	0.6531275	0.6336717	1	ambiguous	0	0	1
GSM7230012_hCiPSCs-0618_CCAATTTAGTCGAAAT-1	0.6384593	0.61969113	1	ambiguous	0	0	1
GSM7230012_hCiPSCs-0618_CCAATTTAGTCTTCCC-1	0.118968286	0.12455276	1	ambiguous	0	0	1
GSM7230012_hCiPSCs-0618_CCAATTTAGTGGAAGA-1	0.611439	0.59393746	1	ambiguous	0	0	1
GSM7230012_hCiPSCs-0618_CCAATTTGTATTGAGA-1	0.17534949	0.17829092	1	ambiguous	0	0	1
GSM7230012_hCiPSCs-0618_CCAATTTGTGAATGAT-1	0.81757927	0.7904143	1	success	1	0	0
GSM7230012_hCiPSCs-0618_CCAATTTGTGACATCT-1	0.15071204	0.15480843	1	ambiguous	0	0	1
GSM7230012_hCiPSCs-0618_CCAATTTGTGCCGTAC-1	0.6728296	0.6524502	1	ambiguous	0	0	1
GSM7230012_hCiPSCs-0618_CCAATTTGTTCAGGTT-1	0.5940084	0.577324	1	ambiguous	0	0	1
GSM7230012_hCiPSCs-0618_CCAATTTGTTGTGTAC-1	0.60405195	0.58689666	1	ambiguous	0	0	1
GSM7230012_hCiPSCs-0618_CCAATTTTCGATGCAT-1	0.69226325	0.6709728	1	ambiguous	0	0	1
GSM7230012_hCiPSCs-0618_CCAATTTTCTTTGCAT-1	0.12104344	0.12653063	1	ambiguous	0	0	1
GSM7230012_hCiPSCs-0618_CCACAAAAGTGATTCC-1	0.6875808	0.6665099	1	ambiguous	0	0	1
GSM7230012_hCiPSCs-0618_CCACAAACAACAGTGG-1	0.50445586	0.49196944	1	ambiguous	0	0	1
GSM7230012_hCiPSCs-0618_CCACAAACACGACTAT-1	0.09746016	0.10405289	1	failure	0	1	0
GSM7230012_hCiPSCs-0618_CCACAAAGTCCAAGAG-1	0.44681925	0.43703473	1	ambiguous	0	0	1
GSM7230012_hCiPSCs-0618_CCACAAAGTCTACATG-1	0.6425231	0.62356436	1	ambiguous	0	0	1
GSM7230012_hCiPSCs-0618_CCACAAAGTTCTAAGC-1	0.63592404	0.6172747	1	ambiguous	0	0	1
GSM7230012_hCiPSCs-0618_CCACAAATCGTTGTTT-1	0.12893197	0.13404936	1	ambiguous	0	0	1
GSM7230012_hCiPSCs-0618_CCACACTCAGCAGACA-1	0.16676591	0.17010972	1	ambiguous	0	0	1
GSM7230012_hCiPSCs-0618_CCACACTCAGGGATAC-1	0.09884007	0.10536811	1	failure	0	1	0
GSM7230012_hCiPSCs-0618_CCACACTGTACAGCGA-1	0.6587576	0.6390379	1	ambiguous	0	0	1
GSM7230012_hCiPSCs-0618_CCACACTGTAGCTCGC-1	0.7778982	0.75259334	1	success	1	0	0
GSM7230012_hCiPSCs-0618_CCACACTGTCACCCTT-1	0.08648289	0.093590215	1	failure	0	1	0
GSM7230012_hCiPSCs-0618_CCACACTGTCTCACAA-1	0.17087427	0.17402549	1	ambiguous	0	0	1
GSM7230012_hCiPSCs-0618_CCACACTGTGACGCCT-1	0.22890235	0.22933334	1	ambiguous	0	0	1
GSM7230012_hCiPSCs-0618_CCACACTTCAAGCCCG-1	0.13479605	0.13963856	1	ambiguous	0	0	1
GSM7230012_hCiPSCs-0618_CCACACTTCAAGCCGC-1	0.71148574	0.68929416	1	ambiguous	0	0	1
GSM7230012_hCiPSCs-0618_CCACACTTCCTCATAT-1	0.69966406	0.6780267	1	ambiguous	0	0	1
GSM7230012_hCiPSCs-0618_CCACACTTCGTTCTAT-1	0.63053626	0.61213946	1	ambiguous	0	0	1
GSM7230012_hCiPSCs-0618_CCACCATAGCGATGGT-1	0.7388685	0.71539325	1	ambiguous	0	0	1
GSM7230012_hCiPSCs-0618_CCACCATAGGCCACTC-1	0.6830966	0.66223586	1	ambiguous	0	0	1
GSM7230012_hCiPSCs-0618_CCACCATAGGTAGCAC-1	0.71294785	0.6906878	1	ambiguous	0	0	1
GSM7230012_hCiPSCs-0618_CCACCATCAATGAAAC-1	0.84733325	0.8187735	1	success	1	0	0
GSM7230012_hCiPSCs-0618_CCACCATCACAGAAGC-1	0.16480246	0.16823831	1	ambiguous	0	0	1
GSM7230012_hCiPSCs-0618_CCACCATCAGCTGTCG-1	0.6395667	0.62074655	1	ambiguous	0	0	1
GSM7230012_hCiPSCs-0618_CCACCATGTCGTATGT-1	0.66434133	0.6443598	1	ambiguous	0	0	1
GSM7230012_hCiPSCs-0618_CCACCATGTGTTGAGG-1	0.5780655	0.5621284	1	ambiguous	0	0	1
GSM7230012_hCiPSCs-0618_CCACCATTCACGGGCT-1	0.7746814	0.74952734	1	success	1	0	0
GSM7230012_hCiPSCs-0618_CCACGAGAGAAGAGCA-1	0.81769025	0.7905201	1	success	1	0	0
GSM7230012_hCiPSCs-0618_CCACGAGAGCGTATAA-1	0.7771328	0.7518639	1	success	1	0	0
GSM7230012_hCiPSCs-0618_CCACGAGAGTGCGACA-1	0.5548391	0.5399908	1	ambiguous	0	0	1
GSM7230012_hCiPSCs-0618_CCACGAGAGTTGCCTA-1	0.8553288	0.8263942	1	success	1	0	0
GSM7230012_hCiPSCs-0618_CCACGAGCAACTGATC-1	0.75395364	0.72977126	1	ambiguous	0	0	1
GSM7230012_hCiPSCs-0618_CCACGAGCAATCACGT-1	0.704731	0.6828561	1	ambiguous	0	0	1
GSM7230012_hCiPSCs-0618_CCACGAGCACGGCTAC-1	0.12411742	0.12946051	1	ambiguous	0	0	1
GSM7230012_hCiPSCs-0618_CCACGAGCAGTCTTCC-1	0.08024101	0.08764093	1	failure	0	1	0
GSM7230012_hCiPSCs-0618_CCACGAGGTACGCTAT-1	0.6683473	0.64817804	1	ambiguous	0	0	1
GSM7230012_hCiPSCs-0618_CCACGAGGTCTACACA-1	0.18782246	0.1901792	1	ambiguous	0	0	1
GSM7230012_hCiPSCs-0618_CCACGAGGTTAGGCTT-1	0.11845776	0.12406616	1	ambiguous	0	0	1
GSM7230012_hCiPSCs-0618_CCACGAGGTTGCTTGA-1	0.6754051	0.6549049	1	ambiguous	0	0	1
GSM7230012_hCiPSCs-0618_CCACGAGTCGACGTCG-1	0.054089144	0.06271502	1	failure	0	1	0
GSM7230012_hCiPSCs-0618_CCACGAGTCGATTTCT-1	0.4693105	0.45847163	1	ambiguous	0	0	1
GSM7230012_hCiPSCs-0618_CCACGAGTCGTGGAAG-1	0.80089056	0.77450794	1	success	1	0	0
GSM7230012_hCiPSCs-0618_CCACGTTAGAGAGGGC-1	0.4180219	0.40958735	1	ambiguous	0	0	1
GSM7230012_hCiPSCs-0618_CCACGTTAGATTGGGC-1	0.24367405	0.24341258	1	ambiguous	0	0	1
GSM7230012_hCiPSCs-0618_CCACGTTAGCGACAGT-1	0.6486822	0.62943476	1	ambiguous	0	0	1
GSM7230012_hCiPSCs-0618_CCACGTTAGGTCATAA-1	0.6770862	0.6565072	1	ambiguous	0	0	1
GSM7230012_hCiPSCs-0618_CCACGTTCAGGTGTTT-1	0.705746	0.6838235	1	ambiguous	0	0	1
GSM7230012_hCiPSCs-0618_CCACGTTCATGAATAG-1	0.16219169	0.16574994	1	ambiguous	0	0	1
GSM7230012_hCiPSCs-0618_CCACGTTGTGATGGCA-1	0.6161894	0.5984652	1	ambiguous	0	0	1
GSM7230012_hCiPSCs-0618_CCACGTTGTTCTCAGA-1	0.63295907	0.6144487	1	ambiguous	0	0	1
GSM7230012_hCiPSCs-0618_CCACGTTTCAGACAAA-1	0.7215453	0.6988822	1	ambiguous	0	0	1
GSM7230012_hCiPSCs-0618_CCACTTGAGGAAAGGT-1	0.6642715	0.64429325	1	ambiguous	0	0	1
GSM7230012_hCiPSCs-0618_CCACTTGCATACCAGT-1	0.7996938	0.7733672	1	success	1	0	0
GSM7230012_hCiPSCs-0618_CCACTTGGTAGGACCA-1	0.7375516	0.71413815	1	ambiguous	0	0	1
GSM7230012_hCiPSCs-0618_CCACTTGGTCATCACA-1	0.61388564	0.5962694	1	ambiguous	0	0	1
GSM7230012_hCiPSCs-0618_CCACTTGGTCTACGAT-1	0.7044716	0.68260884	1	ambiguous	0	0	1
GSM7230012_hCiPSCs-0618_CCACTTGGTCTTCCGT-1	0.54017484	0.526014	1	ambiguous	0	0	1
GSM7230012_hCiPSCs-0618_CCACTTGGTGTATCCA-1	0.15380919	0.15776038	1	ambiguous	0	0	1
GSM7230012_hCiPSCs-0618_CCACTTGGTTCGGCGT-1	0.5718815	0.5562343	1	ambiguous	0	0	1
GSM7230012_hCiPSCs-0618_CCACTTGTCCCTTGTG-1	0.7357034	0.7123766	1	ambiguous	0	0	1
GSM7230012_hCiPSCs-0618_CCACTTGTCCGAGTGC-1	0.11005178	0.11605424	1	ambiguous	0	0	1
GSM7230012_hCiPSCs-0618_CCACTTGTCGTTATCT-1	0.1363109	0.14108239	1	ambiguous	0	0	1
GSM7230012_hCiPSCs-0618_CCATAAGAGACAGCGT-1	0.6834496	0.6625724	1	ambiguous	0	0	1
GSM7230012_hCiPSCs-0618_CCATAAGAGCATGGGT-1	0.106023625	0.112214915	1	failure	0	1	0
GSM7230012_hCiPSCs-0618_CCATAAGAGGAGAGGC-1	0.64715344	0.62797767	1	ambiguous	0	0	1
GSM7230012_hCiPSCs-0618_CCATAAGCACAGCATT-1	0.24729523	0.24686399	1	ambiguous	0	0	1
GSM7230012_hCiPSCs-0618_CCATAAGCAGACCTAT-1	0.13686873	0.14161406	1	ambiguous	0	0	1
GSM7230012_hCiPSCs-0618_CCATAAGCATCAGCTA-1	0.13982089	0.14442784	1	ambiguous	0	0	1
GSM7230012_hCiPSCs-0618_CCATAAGCATGACACT-1	0.6621583	0.64227915	1	ambiguous	0	0	1
GSM7230012_hCiPSCs-0618_CCATAAGGTGTTTGCA-1	0.71372795	0.6914313	1	ambiguous	0	0	1
GSM7230012_hCiPSCs-0618_CCATAAGGTTAGGGAC-1	0.47289085	0.46188414	1	ambiguous	0	0	1
GSM7230012_hCiPSCs-0618_CCATAAGTCTGCCTGT-1	0.2592194	0.2582292	1	ambiguous	0	0	1
GSM7230012_hCiPSCs-0618_CCATCACAGTATGATG-1	0.6200418	0.60213697	1	ambiguous	0	0	1
GSM7230012_hCiPSCs-0618_CCATCACAGTTGCGCC-1	0.14901935	0.15319508	1	ambiguous	0	0	1
GSM7230012_hCiPSCs-0618_CCATCACCAAGTGGGT-1	0.7255883	0.7027357	1	ambiguous	0	0	1
GSM7230012_hCiPSCs-0618_CCATCACCAATCCAGT-1	0.7124944	0.6902555	1	ambiguous	0	0	1
GSM7230012_hCiPSCs-0618_CCATCACCACCGGCTA-1	0.32688028	0.32271826	1	ambiguous	0	0	1
GSM7230012_hCiPSCs-0618_CCATCACCATGAGATA-1	0.12036137	0.12588054	1	ambiguous	0	0	1
GSM7230012_hCiPSCs-0618_CCATCACCATGTTTGG-1	0.55965036	0.5445766	1	ambiguous	0	0	1
GSM7230012_hCiPSCs-0618_CCATCACGTACGACAG-1	0.6098402	0.5924136	1	ambiguous	0	0	1
GSM7230012_hCiPSCs-0618_CCATCACGTGTATACC-1	0.20226815	0.2039477	1	ambiguous	0	0	1
GSM7230012_hCiPSCs-0618_CCATCACTCCCGTTGT-1	0.7328665	0.7096727	1	ambiguous	0	0	1
GSM7230012_hCiPSCs-0618_CCATCACTCCGTAGGC-1	0.6216547	0.60367423	1	ambiguous	0	0	1
GSM7230012_hCiPSCs-0618_CCATCACTCGCGGTAC-1	0.7980958	0.77184415	1	success	1	0	0
GSM7230012_hCiPSCs-0618_CCCAACTAGGCGATAC-1	0.63845474	0.6196867	1	ambiguous	0	0	1
GSM7230012_hCiPSCs-0618_CCCAACTAGTATGAAC-1	0.05277119	0.061458845	1	failure	0	1	0
GSM7230012_hCiPSCs-0618_CCCAACTCAATCGCGC-1	0.18409485	0.18662632	1	ambiguous	0	0	1
GSM7230012_hCiPSCs-0618_CCCAACTCACGCAGTC-1	0.8931032	0.8623978	1	success	1	0	0
GSM7230012_hCiPSCs-0618_CCCAACTCAGAAGCTG-1	0.80112654	0.7747328	1	success	1	0	0
GSM7230012_hCiPSCs-0618_CCCAACTCAGGCTATT-1	0.16242695	0.16597417	1	ambiguous	0	0	1
GSM7230012_hCiPSCs-0618_CCCAACTCATCAGCAT-1	0.4174788	0.40906972	1	ambiguous	0	0	1
GSM7230012_hCiPSCs-0618_CCCAACTGTTGCTCAA-1	0.5805582	0.56450427	1	ambiguous	0	0	1
GSM7230012_hCiPSCs-0618_CCCAACTTCAGCTTGA-1	0.66040343	0.6406065	1	ambiguous	0	0	1
GSM7230012_hCiPSCs-0618_CCCAACTTCCATTTCA-1	0.14110278	0.14564963	1	ambiguous	0	0	1
GSM7230012_hCiPSCs-0618_CCCAACTTCTTACGGA-1	0.34148166	0.33663517	1	ambiguous	0	0	1
GSM7230012_hCiPSCs-0618_CCCATTGAGAGTCAAT-1	0.34624866	0.3411787	1	ambiguous	0	0	1
GSM7230012_hCiPSCs-0618_CCCATTGAGATTGACA-1	0.7101301	0.6880021	1	ambiguous	0	0	1
GSM7230012_hCiPSCs-0618_CCCATTGAGCAGTACG-1	0.12804763	0.13320647	1	ambiguous	0	0	1
GSM7230012_hCiPSCs-0618_CCCATTGAGCTGACAG-1	0.5633112	0.54806584	1	ambiguous	0	0	1
GSM7230012_hCiPSCs-0618_CCCATTGAGGGTTAGC-1	0.62425584	0.6061534	1	ambiguous	0	0	1
GSM7230012_hCiPSCs-0618_CCCATTGCAACCGCCA-1	0.09803942	0.104605	1	failure	0	1	0
GSM7230012_hCiPSCs-0618_CCCATTGCATATTCGG-1	0.55224496	0.5375183	1	ambiguous	0	0	1
GSM7230012_hCiPSCs-0618_CCCATTGGTAACACGG-1	0.5559869	0.5410848	1	ambiguous	0	0	1
GSM7230012_hCiPSCs-0618_CCCATTGGTAGTCTTG-1	0.19152427	0.19370747	1	ambiguous	0	0	1
GSM7230012_hCiPSCs-0618_CCCATTGGTGGAGGTT-1	0.15997806	0.16364008	1	ambiguous	0	0	1
GSM7230012_hCiPSCs-0618_CCCATTGTCCTGCTAC-1	0.65038025	0.63105327	1	ambiguous	0	0	1
GSM7230012_hCiPSCs-0618_CCCATTGTCTTAGCCC-1	0.36545336	0.35948312	1	ambiguous	0	0	1
GSM7230012_hCiPSCs-0618_CCCGAAGAGCACAAAT-1	0.44691983	0.4371306	1	ambiguous	0	0	1
GSM7230012_hCiPSCs-0618_CCCGAAGCACTGGAAG-1	0.48080817	0.46943033	1	ambiguous	0	0	1
GSM7230012_hCiPSCs-0618_CCCGAAGGTACAAACA-1	0.73702556	0.7136368	1	ambiguous	0	0	1
GSM7230012_hCiPSCs-0618_CCCGAAGGTATCGTAC-1	0.17390996	0.17691888	1	ambiguous	0	0	1
GSM7230012_hCiPSCs-0618_CCCGAAGGTTACCGTA-1	0.6644346	0.64444876	1	ambiguous	0	0	1
GSM7230012_hCiPSCs-0618_CCCGAAGTCCCGAGAC-1	0.13493277	0.13976885	1	ambiguous	0	0	1
GSM7230012_hCiPSCs-0618_CCCGGAAAGCGGACAT-1	0.59875715	0.5818501	1	ambiguous	0	0	1
GSM7230012_hCiPSCs-0618_CCCGGAAAGGAGTATT-1	0.6037295	0.58658934	1	ambiguous	0	0	1
GSM7230012_hCiPSCs-0618_CCCGGAACAACAGAGC-1	0.5018601	0.48949537	1	ambiguous	0	0	1
GSM7230012_hCiPSCs-0618_CCCGGAACAAGACAAT-1	0.6833572	0.6624842	1	ambiguous	0	0	1
GSM7230012_hCiPSCs-0618_CCCGGAACAAGTAGTA-1	0.109539546	0.11556602	1	ambiguous	0	0	1
GSM7230012_hCiPSCs-0618_CCCGGAACACAAGTTC-1	0.83536434	0.8073656	1	success	1	0	0
GSM7230012_hCiPSCs-0618_CCCGGAACATCTCAAG-1	0.75356734	0.72940314	1	ambiguous	0	0	1
GSM7230012_hCiPSCs-0618_CCCGGAAGTCCTGTCT-1	0.08723609	0.0943081	1	failure	0	1	0
GSM7230012_hCiPSCs-0618_CCCGGAATCACCTCGT-1	0.6712299	0.65092546	1	ambiguous	0	0	1
GSM7230012_hCiPSCs-0618_CCCGGAATCGTTAGAC-1	0.05984457	0.06820064	1	failure	0	1	0
GSM7230012_hCiPSCs-0618_CCCTAACAGAGGTGCT-1	0.25647327	0.25561178	1	ambiguous	0	0	1
GSM7230012_hCiPSCs-0618_CCCTAACCAGCGTATT-1	0.7557269	0.7314614	1	success	1	0	0
GSM7230012_hCiPSCs-0618_CCCTAACGTCTCAGAT-1	0.6055714	0.5883449	1	ambiguous	0	0	1
GSM7230012_hCiPSCs-0618_CCCTAACGTTCTTGTT-1	0.5432201	0.5289165	1	ambiguous	0	0	1
GSM7230012_hCiPSCs-0618_CCCTAACTCATTCGGA-1	0.7525759	0.7284581	1	ambiguous	0	0	1
GSM7230012_hCiPSCs-0618_CCCTAACTCGGCATAT-1	0.7859586	0.7602759	1	success	1	0	0
GSM7230012_hCiPSCs-0618_CCCTAACTCTCGCGTT-1	0.14762115	0.15186243	1	ambiguous	0	0	1
GSM7230012_hCiPSCs-0618_CCCTAACTCTTTACAC-1	0.59100336	0.5744598	1	ambiguous	0	0	1
GSM7230012_hCiPSCs-0618_CCCTCAAAGACGATAT-1	0.55194294	0.5372305	1	ambiguous	0	0	1
GSM7230012_hCiPSCs-0618_CCCTCAAAGTTTCGAC-1	0.78610873	0.7604191	1	success	1	0	0
GSM7230012_hCiPSCs-0618_CCCTCAACACAGCGCT-1	0.072881244	0.08062618	1	failure	0	1	0
GSM7230012_hCiPSCs-0618_CCCTCAACACCTCAGG-1	0.1172736	0.122937515	1	ambiguous	0	0	1
GSM7230012_hCiPSCs-0618_CCCTCAACAGACCCGT-1	0.7667887	0.7420047	1	success	1	0	0
GSM7230012_hCiPSCs-0618_CCCTCAACAGGAATCG-1	0.5150013	0.50202054	1	ambiguous	0	0	1
GSM7230012_hCiPSCs-0618_CCCTCAACAGTGTGCC-1	0.48098797	0.4696017	1	ambiguous	0	0	1
GSM7230012_hCiPSCs-0618_CCCTCAACATGTTCAG-1	0.53567475	0.5217249	1	ambiguous	0	0	1
GSM7230012_hCiPSCs-0618_CCCTCAAGTCTACAAC-1	0.72363335	0.70087236	1	ambiguous	0	0	1
GSM7230012_hCiPSCs-0618_CCCTCAAGTGTGTCCG-1	0.07491898	0.08256839	1	failure	0	1	0
GSM7230012_hCiPSCs-0618_CCCTCAATCATTGCCC-1	0.6689934	0.6487938	1	ambiguous	0	0	1
GSM7230012_hCiPSCs-0618_CCCTCAATCCAAGAGG-1	0.15514125	0.15903	1	ambiguous	0	0	1
GSM7230012_hCiPSCs-0618_CCCTCAATCTCAACGA-1	0.08370535	0.090942875	1	failure	0	1	0
GSM7230012_hCiPSCs-0618_CCCTCTCAGCGACCCT-1	0.104800336	0.11104897	1	failure	0	1	0
GSM7230012_hCiPSCs-0618_CCCTCTCCAAAGCTAA-1	0.7712	0.74620914	1	success	1	0	0
GSM7230012_hCiPSCs-0618_CCCTCTCCAGAGATGC-1	0.7485159	0.7245885	1	ambiguous	0	0	1
GSM7230012_hCiPSCs-0618_CCCTCTCCATAGAATG-1	0.08761659	0.094670765	1	failure	0	1	0
GSM7230012_hCiPSCs-0618_CCCTCTCGTATCGGTT-1	0.11923203	0.12480414	1	ambiguous	0	0	1
GSM7230012_hCiPSCs-0618_CCCTCTCTCAGACCCG-1	0.16957477	0.1727869	1	ambiguous	0	0	1
GSM7230012_hCiPSCs-0618_CCCTCTCTCGCGGACT-1	0.12760612	0.13278566	1	ambiguous	0	0	1
GSM7230012_hCiPSCs-0618_CCCTCTCTCGCTTGCT-1	0.6001138	0.5831432	1	ambiguous	0	0	1
GSM7230012_hCiPSCs-0618_CCCTGATAGATTCGCT-1	0.15782854	0.16159132	1	ambiguous	0	0	1
GSM7230012_hCiPSCs-0618_CCCTGATAGCAAATGT-1	0.32391366	0.3198907	1	ambiguous	0	0	1
GSM7230012_hCiPSCs-0618_CCCTGATAGCACACAG-1	0.20102541	0.20276321	1	ambiguous	0	0	1
GSM7230012_hCiPSCs-0618_CCCTGATAGGCACAAC-1	0.102619715	0.108970575	1	failure	0	1	0
GSM7230012_hCiPSCs-0618_CCCTGATAGTCGAAAT-1	0.14711925	0.15138407	1	ambiguous	0	0	1
GSM7230012_hCiPSCs-0618_CCCTGATTCAGAGCGA-1	0.6263078	0.60810924	1	ambiguous	0	0	1
GSM7230012_hCiPSCs-0618_CCCTGATTCTCGAGTA-1	0.68813014	0.6670335	1	ambiguous	0	0	1
GSM7230012_hCiPSCs-0618_CCCTTAGAGAGAGTTT-1	0.17591198	0.17882705	1	ambiguous	0	0	1
GSM7230012_hCiPSCs-0618_CCCTTAGAGAGGGTGG-1	0.11838875	0.124000385	1	ambiguous	0	0	1
GSM7230012_hCiPSCs-0618_CCCTTAGCAAGGTCGA-1	0.59490585	0.5781793	1	ambiguous	0	0	1
GSM7230012_hCiPSCs-0618_CCCTTAGCATCTGGGC-1	0.88143075	0.8512725	1	success	1	0	0
GSM7230012_hCiPSCs-0618_CCCTTAGGTTCTCAGA-1	0.12513806	0.1304333	1	ambiguous	0	0	1
GSM7230012_hCiPSCs-0618_CCCTTAGGTTGCCGCA-1	0.070191406	0.07806244	1	failure	0	1	0
GSM7230012_hCiPSCs-0618_CCCTTAGTCACGGGCT-1	0.59229517	0.57569104	1	ambiguous	0	0	1
GSM7230012_hCiPSCs-0618_CCCTTAGTCAGCCTTC-1	0.544505	0.5301412	1	ambiguous	0	0	1
GSM7230012_hCiPSCs-0618_CCCTTAGTCGACCCAG-1	0.68800014	0.6669096	1	ambiguous	0	0	1
GSM7230012_hCiPSCs-0618_CCCTTAGTCTATTCGT-1	0.20396239	0.2055625	1	ambiguous	0	0	1
GSM7230012_hCiPSCs-0618_CCCTTAGTCTTGGGCG-1	0.4374502	0.4281049	1	ambiguous	0	0	1
GSM7230012_hCiPSCs-0618_CCCTTAGTCTTTGCAT-1	0.6598914	0.6401185	1	ambiguous	0	0	1
GSM7230012_hCiPSCs-0618_CCGAACGAGAACAGGA-1	0.78057724	0.75514686	1	success	1	0	0
GSM7230012_hCiPSCs-0618_CCGAACGAGTACGAGC-1	0.68410575	0.66319776	1	ambiguous	0	0	1
GSM7230012_hCiPSCs-0618_CCGAACGAGTCATCGT-1	0.4645665	0.45395002	1	ambiguous	0	0	1
GSM7230012_hCiPSCs-0618_CCGAACGCAACTTGGT-1	0.726176	0.7032958	1	ambiguous	0	0	1
GSM7230012_hCiPSCs-0618_CCGAACGCAAGGGCAT-1	0.56074387	0.5456188	1	ambiguous	0	0	1
GSM7230012_hCiPSCs-0618_CCGAACGCACAACGTT-1	0.13634743	0.1411172	1	ambiguous	0	0	1
GSM7230012_hCiPSCs-0618_CCGAACGCACGATTCA-1	0.60075724	0.58375645	1	ambiguous	0	0	1
GSM7230012_hCiPSCs-0618_CCGAACGCATAACCCA-1	0.11080709	0.11677414	1	ambiguous	0	0	1
GSM7230012_hCiPSCs-0618_CCGAACGCATTGACTG-1	0.123914525	0.12926713	1	ambiguous	0	0	1
GSM7230012_hCiPSCs-0618_CCGAACGGTTAAGACA-1	0.06987282	0.07775878	1	failure	0	1	0
GSM7230012_hCiPSCs-0618_CCGAACGTCACTCCGT-1	0.082953714	0.09022647	1	failure	0	1	0
GSM7230012_hCiPSCs-0618_CCGAACGTCGGTCTGG-1	0.54062676	0.52644473	1	ambiguous	0	0	1
GSM7230012_hCiPSCs-0618_CCGAACGTCTCCGATC-1	0.18188278	0.18451795	1	ambiguous	0	0	1
GSM7230012_hCiPSCs-0618_CCGAACGTCTCGTGAA-1	0.17269601	0.17576183	1	ambiguous	0	0	1
GSM7230012_hCiPSCs-0618_CCGATCTCAGCGTTGC-1	0.046393465	0.055380095	1	failure	0	1	0
GSM7230012_hCiPSCs-0618_CCGATCTGTATGCTAC-1	0.6175646	0.5997759	1	ambiguous	0	0	1
GSM7230012_hCiPSCs-0618_CCGATCTGTGCTCTTC-1	0.15823908	0.16198263	1	ambiguous	0	0	1
GSM7230012_hCiPSCs-0618_CCGATCTGTTAAGTCC-1	0.5925112	0.575897	1	ambiguous	0	0	1
GSM7230012_hCiPSCs-0618_CCGATCTGTTACCTGA-1	0.5470378	0.5325552	1	ambiguous	0	0	1
GSM7230012_hCiPSCs-0618_CCGATCTTCCGCCTAT-1	0.13990697	0.14450988	1	ambiguous	0	0	1
GSM7230012_hCiPSCs-0618_CCGATCTTCTGCGATA-1	0.48843536	0.47669995	1	ambiguous	0	0	1
GSM7230012_hCiPSCs-0618_CCGATCTTCTTCTCAA-1	0.07802343	0.085527316	1	failure	0	1	0
GSM7230012_hCiPSCs-0618_CCGATGGAGGAAAGAC-1	0.12278928	0.12819463	1	ambiguous	0	0	1
GSM7230012_hCiPSCs-0618_CCGATGGAGTATTGCC-1	0.54370224	0.5293761	1	ambiguous	0	0	1
GSM7230012_hCiPSCs-0618_CCGATGGAGTGTGTTC-1	0.08983579	0.09678593	1	failure	0	1	0
GSM7230012_hCiPSCs-0618_CCGATGGCATCACCAA-1	0.86479974	0.83542114	1	success	1	0	0
GSM7230012_hCiPSCs-0618_CCGATGGGTAATTAGG-1	0.16009122	0.16374794	1	ambiguous	0	0	1
GSM7230012_hCiPSCs-0618_CCGATGGGTGGTCCCA-1	0.5283841	0.514776	1	ambiguous	0	0	1
GSM7230012_hCiPSCs-0618_CCGATGGTCATTATCC-1	0.67650825	0.6559564	1	ambiguous	0	0	1
GSM7230012_hCiPSCs-0618_CCGCAAGAGAAGTCAT-1	0.71078914	0.6886302	1	ambiguous	0	0	1
GSM7230012_hCiPSCs-0618_CCGCAAGAGGCTGGAT-1	0.09317028	0.099964105	1	failure	0	1	0
GSM7230012_hCiPSCs-0618_CCGCAAGAGGTATCTC-1	0.6940585	0.6726839	1	ambiguous	0	0	1
GSM7230012_hCiPSCs-0618_CCGCAAGCAAGAGTAT-1	0.6140081	0.59638613	1	ambiguous	0	0	1
GSM7230012_hCiPSCs-0618_CCGCAAGCAGTTTCGA-1	0.104755715	0.11100644	1	failure	0	1	0
GSM7230012_hCiPSCs-0618_CCGCAAGCATTGCTGA-1	0.7036795	0.6818539	1	ambiguous	0	0	1
GSM7230012_hCiPSCs-0618_CCGCAAGGTAGGCAGT-1	0.6366636	0.6179796	1	ambiguous	0	0	1
GSM7230012_hCiPSCs-0618_CCGCAAGGTCGGTGAA-1	0.62735915	0.6091113	1	ambiguous	0	0	1
GSM7230012_hCiPSCs-0618_CCGCAAGGTTACCTTT-1	0.0642611	0.07241013	1	failure	0	1	0
GSM7230012_hCiPSCs-0618_CCGCAAGGTTCTCCTG-1	0.77738994	0.752109	1	success	1	0	0
GSM7230012_hCiPSCs-0618_CCGCAAGGTTGCATGT-1	0.14697602	0.15124755	1	ambiguous	0	0	1
GSM7230012_hCiPSCs-0618_CCGCAAGTCAAAGACA-1	0.5535586	0.5387704	1	ambiguous	0	0	1
GSM7230012_hCiPSCs-0618_CCGCAAGTCCTTGAAG-1	0.7764021	0.7511674	1	success	1	0	0
GSM7230012_hCiPSCs-0618_CCGCAAGTCTATGCCC-1	0.80186355	0.77543527	1	success	1	0	0
GSM7230012_hCiPSCs-0618_CCGGACAAGACCATAA-1	0.822154	0.79477453	1	success	1	0	0
GSM7230012_hCiPSCs-0618_CCGGACAAGCACTGGA-1	0.57806724	0.5621301	1	ambiguous	0	0	1
GSM7230012_hCiPSCs-0618_CCGGACACAACCCTAA-1	0.791444	0.7655042	1	success	1	0	0
GSM7230012_hCiPSCs-0618_CCGGACACAATCGCGC-1	0.10622934	0.112410985	1	failure	0	1	0
GSM7230012_hCiPSCs-0618_CCGGACACAGATCACT-1	0.6522795	0.63286346	1	ambiguous	0	0	1
GSM7230012_hCiPSCs-0618_CCGGACAGTGATTCTG-1	0.19177602	0.19394742	1	ambiguous	0	0	1
GSM7230012_hCiPSCs-0618_CCGGACAGTGGGTTGA-1	0.7202847	0.6976807	1	ambiguous	0	0	1
GSM7230012_hCiPSCs-0618_CCGGACAGTTCTGACA-1	0.2087048	0.2100826	1	ambiguous	0	0	1
GSM7230012_hCiPSCs-0618_CCGGACAGTTGGCCTG-1	0.15444465	0.15836607	1	ambiguous	0	0	1
GSM7230012_hCiPSCs-0618_CCGGACATCCTGTAAG-1	0.6360046	0.6173515	1	ambiguous	0	0	1
GSM7230012_hCiPSCs-0618_CCGGGTAAGTCTTGGT-1	0.68274266	0.6618985	1	ambiguous	0	0	1
GSM7230012_hCiPSCs-0618_CCGGGTACAATCGCCG-1	0.07530547	0.082936764	1	failure	0	1	0
GSM7230012_hCiPSCs-0618_CCGGGTACAGGACATG-1	0.119741626	0.12528984	1	ambiguous	0	0	1
GSM7230012_hCiPSCs-0618_CCGGGTACAGTGTGCC-1	0.13592635	0.14071587	1	ambiguous	0	0	1
GSM7230012_hCiPSCs-0618_CCGGGTAGTCGCATCG-1	0.47168618	0.46073598	1	ambiguous	0	0	1
GSM7230012_hCiPSCs-0618_CCGGGTAGTTACCTTT-1	0.46933335	0.4584934	1	ambiguous	0	0	1
GSM7230012_hCiPSCs-0618_CCGGGTAGTTCAATCG-1	0.13868566	0.14334582	1	ambiguous	0	0	1
GSM7230012_hCiPSCs-0618_CCGGGTAGTTGCATCA-1	0.47845948	0.46719173	1	ambiguous	0	0	1
GSM7230012_hCiPSCs-0618_CCGGGTATCCGGACTG-1	0.7797004	0.7543111	1	success	1	0	0
GSM7230012_hCiPSCs-0618_CCGGGTATCGGTCGAC-1	0.68046755	0.6597301	1	ambiguous	0	0	1
GSM7230012_hCiPSCs-0618_CCGGTAGAGCACCCAC-1	0.70223737	0.6804794	1	ambiguous	0	0	1
GSM7230012_hCiPSCs-0618_CCGGTAGAGGGAGGGT-1	0.41644424	0.40808365	1	ambiguous	0	0	1
GSM7230012_hCiPSCs-0618_CCGGTAGAGTACTGGG-1	0.5273599	0.51379985	1	ambiguous	0	0	1
GSM7230012_hCiPSCs-0618_CCGGTAGCAGCTACTA-1	0.834576	0.8066143	1	success	1	0	0
GSM7230012_hCiPSCs-0618_CCGGTAGCAGTTGAAA-1	0.7381711	0.7147286	1	ambiguous	0	0	1
GSM7230012_hCiPSCs-0618_CCGGTAGGTCTGCAAT-1	0.7263658	0.7034767	1	ambiguous	0	0	1
GSM7230012_hCiPSCs-0618_CCGGTAGGTGATGGCA-1	0.09477432	0.10149296	1	failure	0	1	0
GSM7230012_hCiPSCs-0618_CCGGTAGGTTAGGCTT-1	0.11489614	0.1206715	1	ambiguous	0	0	1
GSM7230012_hCiPSCs-0618_CCGGTAGTCTACCACC-1	0.6944947	0.6730997	1	ambiguous	0	0	1
GSM7230012_hCiPSCs-0618_CCGGTGAAGCTCCACG-1	0.62248594	0.60446656	1	ambiguous	0	0	1
GSM7230012_hCiPSCs-0618_CCGGTGACAACTTCTT-1	0.47249332	0.46150526	1	ambiguous	0	0	1
GSM7230012_hCiPSCs-0618_CCGGTGACAAGCGAGT-1	0.50306666	0.49064538	1	ambiguous	0	0	1
GSM7230012_hCiPSCs-0618_CCGGTGACACCAGCTG-1	0.345643	0.34060144	1	ambiguous	0	0	1
GSM7230012_hCiPSCs-0618_CCGGTGACAGGGAGAG-1	0.12140459	0.12687485	1	ambiguous	0	0	1
GSM7230012_hCiPSCs-0618_CCGGTGACATCGTGCG-1	0.6730145	0.6526264	1	ambiguous	0	0	1
GSM7230012_hCiPSCs-0618_CCGGTGACATGGAACG-1	0.1687865	0.17203559	1	ambiguous	0	0	1
GSM7230012_hCiPSCs-0618_CCGGTGAGTCTGCGCA-1	0.15509117	0.15898228	1	ambiguous	0	0	1
GSM7230012_hCiPSCs-0618_CCGGTGATCAACCTTT-1	0.8518259	0.8230555	1	success	1	0	0
GSM7230012_hCiPSCs-0618_CCGGTGATCAGAATAG-1	0.61631525	0.59858507	1	ambiguous	0	0	1
GSM7230012_hCiPSCs-0618_CCGGTGATCGTTGTGA-1	0.6432907	0.624296	1	ambiguous	0	0	1
GSM7230012_hCiPSCs-0618_CCGGTGATCTTCACGC-1	0.7628188	0.7382209	1	success	1	0	0
GSM7230012_hCiPSCs-0618_CCGTAGGAGCTTAAGA-1	0.14721838	0.15147854	1	ambiguous	0	0	1
GSM7230012_hCiPSCs-0618_CCGTAGGAGGGTAATT-1	0.62418634	0.6060872	1	ambiguous	0	0	1
GSM7230012_hCiPSCs-0618_CCGTAGGCACTGGACC-1	0.12682414	0.13204035	1	ambiguous	0	0	1
GSM7230012_hCiPSCs-0618_CCGTAGGGTCAATCTG-1	0.6027265	0.58563334	1	ambiguous	0	0	1
GSM7230012_hCiPSCs-0618_CCGTAGGGTGGAATGC-1	0.08275122	0.09003347	1	failure	0	1	0
GSM7230012_hCiPSCs-0618_CCGTAGGGTTCATCGA-1	0.2678656	0.26647007	1	ambiguous	0	0	1
GSM7230012_hCiPSCs-0618_CCGTAGGTCATGGCCG-1	0.14913747	0.15330766	1	ambiguous	0	0	1
GSM7230012_hCiPSCs-0618_CCGTGAGAGATGTTCC-1	0.61787933	0.60007584	1	ambiguous	0	0	1
GSM7230012_hCiPSCs-0618_CCGTGAGAGCCTGACC-1	0.07832729	0.08581693	1	failure	0	1	0
GSM7230012_hCiPSCs-0618_CCGTGAGAGTACAGCG-1	0.10127641	0.107690245	1	failure	0	1	0
GSM7230012_hCiPSCs-0618_CCGTGAGCAAGTATCC-1	0.5377657	0.52371776	1	ambiguous	0	0	1
GSM7230012_hCiPSCs-0618_CCGTGAGCAGCGACCT-1	0.57201093	0.5563577	1	ambiguous	0	0	1
GSM7230012_hCiPSCs-0618_CCGTGAGGTATACCTG-1	0.63634145	0.6176725	1	ambiguous	0	0	1
GSM7230012_hCiPSCs-0618_CCGTGAGTCCAAGAGG-1	0.12034168	0.12586178	1	ambiguous	0	0	1
GSM7230012_hCiPSCs-0618_CCGTGAGTCCGAGATT-1	0.09896202	0.105484344	1	failure	0	1	0
GSM7230012_hCiPSCs-0618_CCGTGAGTCCGATAAC-1	0.094605066	0.10133164	1	failure	0	1	0
GSM7230012_hCiPSCs-0618_CCGTGAGTCTTACCGC-1	0.10810982	0.11420331	1	ambiguous	0	0	1
GSM7230012_hCiPSCs-0618_CCGTTCAAGACCTGGA-1	0.60219646	0.5851282	1	ambiguous	0	0	1
GSM7230012_hCiPSCs-0618_CCGTTCACACCTGCAG-1	0.7083879	0.6863416	1	ambiguous	0	0	1
GSM7230012_hCiPSCs-0618_CCGTTCACATCACAGT-1	0.64527714	0.6261893	1	ambiguous	0	0	1
GSM7230012_hCiPSCs-0618_CCGTTCAGTCATCAGT-1	0.5484745	0.5339246	1	ambiguous	0	0	1
GSM7230012_hCiPSCs-0618_CCGTTCAGTGATCGTT-1	0.62849385	0.61019284	1	ambiguous	0	0	1
GSM7230012_hCiPSCs-0618_CCGTTCAGTGTCGATT-1	0.48843184	0.4766966	1	ambiguous	0	0	1
GSM7230012_hCiPSCs-0618_CCGTTCATCATCCCGT-1	0.37158	0.36532256	1	ambiguous	0	0	1
GSM7230012_hCiPSCs-0618_CCGTTCATCTACGGTA-1	0.07838662	0.08587348	1	failure	0	1	0
GSM7230012_hCiPSCs-0618_CCTAACCCATCTAGAC-1	0.14977095	0.15391146	1	ambiguous	0	0	1
GSM7230012_hCiPSCs-0618_CCTAACCGTCCTTTGC-1	0.8092273	0.7824538	1	success	1	0	0
GSM7230012_hCiPSCs-0618_CCTAACCGTCGCGGTT-1	0.6926842	0.671374	1	ambiguous	0	0	1
GSM7230012_hCiPSCs-0618_CCTAACCGTGATACTC-1	0.7943662	0.7682894	1	success	1	0	0
GSM7230012_hCiPSCs-0618_CCTAACCGTTCGGTTA-1	0.69354045	0.6721901	1	ambiguous	0	0	1
GSM7230012_hCiPSCs-0618_CCTAACCGTTTCGTTT-1	0.18300845	0.18559083	1	ambiguous	0	0	1
GSM7230012_hCiPSCs-0618_CCTAACCTCGAGAGCA-1	0.77809083	0.752777	1	success	1	0	0
GSM7230012_hCiPSCs-0618_CCTAACCTCGTTGCCT-1	0.21077417	0.21205497	1	ambiguous	0	0	1
GSM7230012_hCiPSCs-0618_CCTAAGACAAGAAATC-1	0.5776821	0.561763	1	ambiguous	0	0	1
GSM7230012_hCiPSCs-0618_CCTAAGACACCCTTAC-1	0.23740073	0.23743333	1	ambiguous	0	0	1
GSM7230012_hCiPSCs-0618_CCTAAGACATGGCACC-1	0.73976684	0.7162496	1	ambiguous	0	0	1
GSM7230012_hCiPSCs-0618_CCTAAGAGTCATGACT-1	0.60966116	0.59224296	1	ambiguous	0	0	1
GSM7230012_hCiPSCs-0618_CCTAAGAGTGACTGAG-1	0.66463226	0.6446371	1	ambiguous	0	0	1
GSM7230012_hCiPSCs-0618_CCTAAGAGTTGGGAAC-1	0.13271652	0.1376565	1	ambiguous	0	0	1
GSM7230012_hCiPSCs-0618_CCTAAGATCCAGCTCT-1	0.099694856	0.10618282	1	failure	0	1	0
GSM7230012_hCiPSCs-0618_CCTAAGATCGATACGT-1	0.6089136	0.59153044	1	ambiguous	0	0	1
GSM7230012_hCiPSCs-0618_CCTAAGATCGGAGTAG-1	0.7694645	0.74455506	1	success	1	0	0
GSM7230012_hCiPSCs-0618_CCTACGTAGAGTGAAG-1	0.11417172	0.11998104	1	ambiguous	0	0	1
GSM7230012_hCiPSCs-0618_CCTACGTAGGCGTTGA-1	0.46771047	0.4569466	1	ambiguous	0	0	1
GSM7230012_hCiPSCs-0618_CCTACGTAGTGTCATC-1	0.6237681	0.6056886	1	ambiguous	0	0	1
GSM7230012_hCiPSCs-0618_CCTACGTCACCGTCGA-1	0.29493353	0.2922691	1	ambiguous	0	0	1
GSM7230012_hCiPSCs-0618_CCTACGTTCACCCATC-1	0.8164652	0.7893524	1	success	1	0	0
GSM7230012_hCiPSCs-0618_CCTACGTTCACGACTA-1	0.65860915	0.63889635	1	ambiguous	0	0	1
GSM7230012_hCiPSCs-0618_CCTATCGAGTAGGCCA-1	0.6106781	0.5932122	1	ambiguous	0	0	1
GSM7230012_hCiPSCs-0618_CCTATCGAGTGCAACG-1	0.20829934	0.20969616	1	ambiguous	0	0	1
GSM7230012_hCiPSCs-0618_CCTATCGCACTCCGAG-1	0.45469096	0.44453743	1	ambiguous	0	0	1
GSM7230012_hCiPSCs-0618_CCTATCGCATAGGTAA-1	0.7281158	0.70514464	1	ambiguous	0	0	1
GSM7230012_hCiPSCs-0618_CCTATCGGTCCGGTGT-1	0.2761519	0.2743679	1	ambiguous	0	0	1
GSM7230012_hCiPSCs-0618_CCTATCGGTCGCATCG-1	0.58757824	0.57119524	1	ambiguous	0	0	1
GSM7230012_hCiPSCs-0618_CCTATCGTCAGCAGAG-1	0.74445087	0.720714	1	ambiguous	0	0	1
GSM7230012_hCiPSCs-0618_CCTATCGTCCCTGGTT-1	0.61534506	0.59766036	1	ambiguous	0	0	1
GSM7230012_hCiPSCs-0618_CCTCAACAGGCACTCC-1	0.6614531	0.641607	1	ambiguous	0	0	1
GSM7230012_hCiPSCs-0618_CCTCAACAGGGAGGCA-1	0.48092994	0.46954638	1	ambiguous	0	0	1
GSM7230012_hCiPSCs-0618_CCTCAACAGTGCCTCG-1	0.72724825	0.7043178	1	ambiguous	0	0	1
GSM7230012_hCiPSCs-0618_CCTCAACCAAGCAATA-1	0.81719464	0.7900477	1	success	1	0	0
GSM7230012_hCiPSCs-0618_CCTCAACCAGTAGATA-1	0.08251008	0.089803636	1	failure	0	1	0
GSM7230012_hCiPSCs-0618_CCTCAACGTAACTGCT-1	0.16729274	0.17061186	1	ambiguous	0	0	1
GSM7230012_hCiPSCs-0618_CCTCAACGTCTTGCTC-1	0.5174729	0.5043763	1	ambiguous	0	0	1
GSM7230012_hCiPSCs-0618_CCTCAACTCACTGTCC-1	0.14804757	0.15226887	1	ambiguous	0	0	1
GSM7230012_hCiPSCs-0618_CCTCACAAGATCACCT-1	0.8086178	0.7818729	1	success	1	0	0
GSM7230012_hCiPSCs-0618_CCTCACAAGCAACTTC-1	0.22783543	0.22831643	1	ambiguous	0	0	1
GSM7230012_hCiPSCs-0618_CCTCACAAGGGCCAAT-1	0.789937	0.7640679	1	success	1	0	0
GSM7230012_hCiPSCs-0618_CCTCACAAGGGTATAT-1	0.123446696	0.12882122	1	ambiguous	0	0	1
GSM7230012_hCiPSCs-0618_CCTCACAAGGTTTACC-1	0.63591725	0.6172682	1	ambiguous	0	0	1
GSM7230012_hCiPSCs-0618_CCTCACACAACTACGT-1	0.47121206	0.46028405	1	ambiguous	0	0	1
GSM7230012_hCiPSCs-0618_CCTCACACACCGTCGA-1	0.656051	0.6364581	1	ambiguous	0	0	1
GSM7230012_hCiPSCs-0618_CCTCACACACTCTAGA-1	0.8202657	0.79297477	1	success	1	0	0
GSM7230012_hCiPSCs-0618_CCTCACACATCTGTTT-1	0.16954038	0.17275412	1	ambiguous	0	0	1
GSM7230012_hCiPSCs-0618_CCTCACACATGCGTGC-1	0.46444744	0.45383653	1	ambiguous	0	0	1
GSM7230012_hCiPSCs-0618_CCTCACATCAGTGTCA-1	0.5244198	0.5109975	1	ambiguous	0	0	1
GSM7230012_hCiPSCs-0618_CCTCACATCTAGATCG-1	0.73601013	0.71266896	1	ambiguous	0	0	1
GSM7230012_hCiPSCs-0618_CCTCACATCTCCGATC-1	0.12428366	0.12961896	1	ambiguous	0	0	1
GSM7230012_hCiPSCs-0618_CCTCAGTAGATCCTAC-1	0.83966875	0.81146824	1	success	1	0	0
GSM7230012_hCiPSCs-0618_CCTCAGTAGGCCTAGA-1	0.12641329	0.13164875	1	ambiguous	0	0	1
GSM7230012_hCiPSCs-0618_CCTCAGTCAACTACGT-1	0.10285845	0.10919811	1	failure	0	1	0
GSM7230012_hCiPSCs-0618_CCTCAGTCACAGGATG-1	0.16176437	0.16534264	1	ambiguous	0	0	1
GSM7230012_hCiPSCs-0618_CCTCAGTCATCGAGCC-1	0.14312372	0.14757583	1	ambiguous	0	0	1
GSM7230012_hCiPSCs-0618_CCTCAGTGTCTTCATT-1	0.84740895	0.8188456	1	success	1	0	0
GSM7230012_hCiPSCs-0618_CCTCAGTGTGTGTTTG-1	0.66539794	0.6453669	1	ambiguous	0	0	1
GSM7230012_hCiPSCs-0618_CCTCAGTTCACAAGAA-1	0.08299097	0.09026198	1	failure	0	1	0
GSM7230012_hCiPSCs-0618_CCTCAGTTCCTCACTG-1	0.09237681	0.09920784	1	failure	0	1	0
GSM7230012_hCiPSCs-0618_CCTCATGAGATTGGGC-1	0.11502969	0.1207988	1	ambiguous	0	0	1
GSM7230012_hCiPSCs-0618_CCTCATGAGGAGGCAG-1	0.11376274	0.119591236	1	ambiguous	0	0	1
GSM7230012_hCiPSCs-0618_CCTCATGGTCATATGC-1	0.12231156	0.12773931	1	ambiguous	0	0	1
GSM7230012_hCiPSCs-0618_CCTCATGGTCCACTTC-1	0.14204605	0.14654869	1	ambiguous	0	0	1
GSM7230012_hCiPSCs-0618_CCTCATGGTCCCTCAT-1	0.128807	0.13393024	1	ambiguous	0	0	1
GSM7230012_hCiPSCs-0618_CCTCATGGTTTGACAC-1	0.08183608	0.08916123	1	failure	0	1	0
GSM7230012_hCiPSCs-0618_CCTCATGTCCGTGACG-1	0.62854165	0.6102384	1	ambiguous	0	0	1
GSM7230012_hCiPSCs-0618_CCTCATGTCTGATTCT-1	0.6084177	0.5910578	1	ambiguous	0	0	1
GSM7230012_hCiPSCs-0618_CCTCATGTCTGGGAGA-1	0.6115059	0.59400123	1	ambiguous	0	0	1
GSM7230012_hCiPSCs-0618_CCTCCAAAGAAATGGG-1	0.079368055	0.086808905	1	failure	0	1	0
GSM7230012_hCiPSCs-0618_CCTCCAAAGGCTCAAG-1	0.73999035	0.71646255	1	ambiguous	0	0	1
GSM7230012_hCiPSCs-0618_CCTCCAAAGTTCTCTT-1	0.1235641	0.12893313	1	ambiguous	0	0	1
GSM7230012_hCiPSCs-0618_CCTCCAACAAGGCAAC-1	0.70445764	0.68259555	1	ambiguous	0	0	1
GSM7230012_hCiPSCs-0618_CCTCCAACAGGCCTGT-1	0.68794686	0.66685873	1	ambiguous	0	0	1
GSM7230012_hCiPSCs-0618_CCTCCAAGTAGTGCGA-1	0.7962534	0.77008814	1	success	1	0	0
GSM7230012_hCiPSCs-0618_CCTCCAAGTATTTCGG-1	0.14201593	0.14651997	1	ambiguous	0	0	1
GSM7230012_hCiPSCs-0618_CCTCCAAGTCAATCTG-1	0.11465311	0.120439865	1	ambiguous	0	0	1
GSM7230012_hCiPSCs-0618_CCTCCAAGTCAGCTTA-1	0.08943549	0.096404396	1	failure	0	1	0
GSM7230012_hCiPSCs-0618_CCTCCAATCACTACTT-1	0.11291638	0.118784554	1	ambiguous	0	0	1
GSM7230012_hCiPSCs-0618_CCTCCAATCGCTACAA-1	0.8156542	0.78857946	1	success	1	0	0
GSM7230012_hCiPSCs-0618_CCTCCTCAGAGTCTGG-1	0.1218003	0.12725201	1	ambiguous	0	0	1
GSM7230012_hCiPSCs-0618_CCTCCTCAGCACTCGC-1	0.46451527	0.4539012	1	ambiguous	0	0	1
GSM7230012_hCiPSCs-0618_CCTCCTCCACGTAGAG-1	0.13449194	0.13934869	1	ambiguous	0	0	1
GSM7230012_hCiPSCs-0618_CCTCCTCGTTATGGTC-1	0.60951245	0.5921012	1	ambiguous	0	0	1
GSM7230012_hCiPSCs-0618_CCTCCTCGTTGGGTAG-1	0.56121945	0.54607207	1	ambiguous	0	0	1
GSM7230012_hCiPSCs-0618_CCTCCTCGTTTAGAGA-1	0.7163861	0.69396484	1	ambiguous	0	0	1
GSM7230012_hCiPSCs-0618_CCTCCTCTCCTCACTG-1	0.61220074	0.59466344	1	ambiguous	0	0	1
GSM7230012_hCiPSCs-0618_CCTCTAGAGCTCCACG-1	0.09960745	0.10609952	1	failure	0	1	0
GSM7230012_hCiPSCs-0618_CCTCTAGCAACCGTAT-1	0.48699418	0.47532633	1	ambiguous	0	0	1
GSM7230012_hCiPSCs-0618_CCTCTAGCAATACCTG-1	0.7218676	0.6991894	1	ambiguous	0	0	1
GSM7230012_hCiPSCs-0618_CCTCTAGCAGACCAGA-1	0.5792024	0.56321204	1	ambiguous	0	0	1
GSM7230012_hCiPSCs-0618_CCTCTAGCAGGATCTT-1	0.1139489	0.119768664	1	ambiguous	0	0	1
GSM7230012_hCiPSCs-0618_CCTCTAGGTATCGAAA-1	0.6914112	0.6701607	1	ambiguous	0	0	1
GSM7230012_hCiPSCs-0618_CCTCTAGGTATGCAAA-1	0.18707925	0.18947081	1	ambiguous	0	0	1
GSM7230012_hCiPSCs-0618_CCTCTAGGTGTTACAC-1	0.69683796	0.6753331	1	ambiguous	0	0	1
GSM7230012_hCiPSCs-0618_CCTCTAGTCAGCAATC-1	0.35277623	0.34740025	1	ambiguous	0	0	1
GSM7230012_hCiPSCs-0618_CCTCTAGTCGGAAGGT-1	0.70434725	0.68249035	1	ambiguous	0	0	1
GSM7230012_hCiPSCs-0618_CCTCTCCAGATTAGTG-1	0.5869817	0.5706267	1	ambiguous	0	0	1
GSM7230012_hCiPSCs-0618_CCTCTCCAGCAAGCCA-1	0.743634	0.7199354	1	ambiguous	0	0	1
GSM7230012_hCiPSCs-0618_CCTCTCCAGCGTGCTC-1	0.63494694	0.6163434	1	ambiguous	0	0	1
GSM7230012_hCiPSCs-0618_CCTCTCCAGTATTCCG-1	0.091933824	0.09878562	1	failure	0	1	0
GSM7230012_hCiPSCs-0618_CCTCTCCCACGCTTAA-1	0.76067865	0.736181	1	success	1	0	0
GSM7230012_hCiPSCs-0618_CCTCTCCCAGGAATAT-1	0.5108635	0.49807668	1	ambiguous	0	0	1
GSM7230012_hCiPSCs-0618_CCTCTCCTCAGATTGC-1	0.7622832	0.73771036	1	success	1	0	0
GSM7230012_hCiPSCs-0618_CCTGCATAGAAGCGAA-1	0.1470784	0.15134512	1	ambiguous	0	0	1
GSM7230012_hCiPSCs-0618_CCTGCATAGCCGTAAG-1	0.15681309	0.16062346	1	ambiguous	0	0	1
GSM7230012_hCiPSCs-0618_CCTGCATCACAGCTGC-1	0.10471745	0.11096997	1	failure	0	1	0
GSM7230012_hCiPSCs-0618_CCTGCATGTACCTTCC-1	0.36947724	0.36331835	1	ambiguous	0	0	1
GSM7230012_hCiPSCs-0618_CCTGCATTCGTCACCT-1	0.8073303	0.7806458	1	success	1	0	0
GSM7230012_hCiPSCs-0618_CCTGCATTCGTGCACG-1	0.51094425	0.49815372	1	ambiguous	0	0	1
GSM7230012_hCiPSCs-0618_CCTGTTGCATCATCTT-1	0.7761001	0.7508796	1	success	1	0	0
GSM7230012_hCiPSCs-0618_CCTGTTGCATCTAACG-1	0.07671212	0.08427747	1	failure	0	1	0
GSM7230012_hCiPSCs-0618_CCTGTTGGTACCAGAG-1	0.11532553	0.12108077	1	ambiguous	0	0	1
GSM7230012_hCiPSCs-0618_CCTGTTGGTTCTAACG-1	0.44529942	0.43558615	1	ambiguous	0	0	1
GSM7230012_hCiPSCs-0618_CCTGTTGTCAAACCTG-1	0.8950074	0.86421275	1	success	1	0	0
GSM7230012_hCiPSCs-0618_CCTGTTGTCGCTTACC-1	0.6970329	0.67551893	1	ambiguous	0	0	1
GSM7230012_hCiPSCs-0618_CCTGTTGTCGGTTGTA-1	0.20091718	0.20266005	1	ambiguous	0	0	1
GSM7230012_hCiPSCs-0618_CCTGTTGTCGTGGAAG-1	0.60750586	0.5901887	1	ambiguous	0	0	1
GSM7230012_hCiPSCs-0618_CCTGTTGTCTGAGTCA-1	0.659317	0.6395711	1	ambiguous	0	0	1
GSM7230012_hCiPSCs-0618_CCTTCAGAGCAAGTGC-1	0.6574299	0.6377724	1	ambiguous	0	0	1
GSM7230012_hCiPSCs-0618_CCTTCAGAGCTCGTGC-1	0.41334003	0.40512496	1	ambiguous	0	0	1
GSM7230012_hCiPSCs-0618_CCTTCAGAGGAGGGTG-1	0.10167059	0.10806594	1	failure	0	1	0
GSM7230012_hCiPSCs-0618_CCTTCAGAGGCATCTT-1	0.23536502	0.23549305	1	ambiguous	0	0	1
GSM7230012_hCiPSCs-0618_CCTTCAGAGGCGCTTC-1	0.45621318	0.4459883	1	ambiguous	0	0	1
GSM7230012_hCiPSCs-0618_CCTTCAGCACCTGCTT-1	0.73882824	0.715355	1	ambiguous	0	0	1
GSM7230012_hCiPSCs-0618_CCTTCAGCACTCATAG-1	0.13071957	0.13575317	1	ambiguous	0	0	1
GSM7230012_hCiPSCs-0618_CCTTCAGGTAGAGATT-1	0.61402607	0.59640324	1	ambiguous	0	0	1
GSM7230012_hCiPSCs-0618_CCTTCAGGTGCCTGAC-1	0.66730535	0.6471849	1	ambiguous	0	0	1
GSM7230012_hCiPSCs-0618_CCTTCAGGTTTACGAC-1	0.51968265	0.5064824	1	ambiguous	0	0	1
GSM7230012_hCiPSCs-0618_CCTTCAGTCATGGAGG-1	0.624072	0.6059783	1	ambiguous	0	0	1
GSM7230012_hCiPSCs-0618_CCTTCAGTCCCTCTCC-1	0.100086115	0.106555745	1	failure	0	1	0
GSM7230012_hCiPSCs-0618_CCTTCAGTCGGTGCAC-1	0.079306334	0.086750075	1	failure	0	1	0
GSM7230012_hCiPSCs-0618_CCTTCAGTCTGTGCAA-1	0.4334568	0.42429867	1	ambiguous	0	0	1
GSM7230012_hCiPSCs-0618_CCTTGTGAGACAGCGT-1	0.5872806	0.5709115	1	ambiguous	0	0	1
GSM7230012_hCiPSCs-0618_CCTTGTGAGATACCAA-1	0.6171966	0.5994252	1	ambiguous	0	0	1
GSM7230012_hCiPSCs-0618_CCTTGTGAGGAGAGGC-1	0.562365	0.5471639	1	ambiguous	0	0	1
GSM7230012_hCiPSCs-0618_CCTTGTGAGTGGCCTC-1	0.5334756	0.5196288	1	ambiguous	0	0	1
GSM7230012_hCiPSCs-0618_CCTTGTGCAACGGCCT-1	0.06933049	0.07724188	1	failure	0	1	0
GSM7230012_hCiPSCs-0618_CCTTGTGCAAGTCATC-1	0.44904345	0.43915468	1	ambiguous	0	0	1
GSM7230012_hCiPSCs-0618_CCTTGTGCAGACCGCT-1	0.72861457	0.70562005	1	ambiguous	0	0	1
GSM7230012_hCiPSCs-0618_CCTTGTGCAGTCTACA-1	0.7798	0.75440603	1	success	1	0	0
GSM7230012_hCiPSCs-0618_CCTTGTGCATCATTTC-1	0.012213877	0.022802778	1	failure	0	1	0
GSM7230012_hCiPSCs-0618_CCTTGTGGTCATACCA-1	0.13674594	0.14149705	1	ambiguous	0	0	1
GSM7230012_hCiPSCs-0618_CCTTGTGGTCTTCCGT-1	0.58259845	0.56644887	1	ambiguous	0	0	1
GSM7230012_hCiPSCs-0618_CCTTGTGGTGTTTACG-1	0.54404694	0.52970463	1	ambiguous	0	0	1
GSM7230012_hCiPSCs-0618_CCTTGTGTCAAGAGTA-1	0.27120852	0.2696563	1	ambiguous	0	0	1
GSM7230012_hCiPSCs-0618_CCTTTGGAGAGCCTGA-1	0.12915662	0.13426349	1	ambiguous	0	0	1
GSM7230012_hCiPSCs-0618_CCTTTGGAGGTGGCTA-1	0.7235996	0.70084023	1	ambiguous	0	0	1
GSM7230012_hCiPSCs-0618_CCTTTGGCAAGGCGTA-1	0.17775267	0.18058147	1	ambiguous	0	0	1
GSM7230012_hCiPSCs-0618_CCTTTGGGTCATCCGG-1	0.6786874	0.6580334	1	ambiguous	0	0	1
GSM7230012_hCiPSCs-0618_CCTTTGGGTGTCTTCC-1	0.7977365	0.7715017	1	success	1	0	0
GSM7230012_hCiPSCs-0618_CCTTTGGGTGTGACCC-1	0.70007086	0.67841446	1	ambiguous	0	0	1
GSM7230012_hCiPSCs-0618_CCTTTGGGTTCCGCAG-1	0.5907188	0.5741886	1	ambiguous	0	0	1
GSM7230012_hCiPSCs-0618_CCTTTGGTCAGTCATG-1	0.5874413	0.5710647	1	ambiguous	0	0	1
GSM7230012_hCiPSCs-0618_CCTTTGGTCTCTCTAA-1	0.71751297	0.6950389	1	ambiguous	0	0	1
GSM7230012_hCiPSCs-0618_CGAAGGAAGAAGAACG-1	0.090667985	0.097579114	1	failure	0	1	0
GSM7230012_hCiPSCs-0618_CGAAGGAAGGCAATGC-1	0.5220641	0.5087522	1	ambiguous	0	0	1
GSM7230012_hCiPSCs-0618_CGAAGGACAAATGCTC-1	0.13333946	0.13825025	1	ambiguous	0	0	1
GSM7230012_hCiPSCs-0618_CGAAGGACAGCGTACC-1	0.8241927	0.7967177	1	success	1	0	0
GSM7230012_hCiPSCs-0618_CGAAGGACAGCTACTA-1	0.11827189	0.12388901	1	ambiguous	0	0	1
GSM7230012_hCiPSCs-0618_CGAAGGAGTAGTTCCA-1	0.70784307	0.68582225	1	ambiguous	0	0	1
GSM7230012_hCiPSCs-0618_CGAAGGAGTGAGATCG-1	0.6319878	0.61352295	1	ambiguous	0	0	1
GSM7230012_hCiPSCs-0618_CGAAGGAGTTCAAGGG-1	0.70456374	0.6826967	1	ambiguous	0	0	1
GSM7230012_hCiPSCs-0618_CGAAGGATCCATCTGC-1	0.45922893	0.44886267	1	ambiguous	0	0	1
GSM7230012_hCiPSCs-0618_CGAAGGATCTTCCACG-1	0.13551061	0.14031962	1	ambiguous	0	0	1
GSM7230012_hCiPSCs-0618_CGAAGTTAGGACACTG-1	0.65431887	0.6348072	1	ambiguous	0	0	1
GSM7230012_hCiPSCs-0618_CGAAGTTAGTATGACA-1	0.13438477	0.13924654	1	ambiguous	0	0	1
GSM7230012_hCiPSCs-0618_CGAAGTTCACAATGAA-1	0.638487	0.6197175	1	ambiguous	0	0	1
GSM7230012_hCiPSCs-0618_CGAAGTTGTAATTAGG-1	0.6799495	0.6592363	1	ambiguous	0	0	1
GSM7230012_hCiPSCs-0618_CGAAGTTGTAGCCCTG-1	0.15386684	0.15781534	1	ambiguous	0	0	1
GSM7230012_hCiPSCs-0618_CGAAGTTGTGTTAAAG-1	0.62744266	0.6091909	1	ambiguous	0	0	1
GSM7230012_hCiPSCs-0618_CGAAGTTGTTAAACCC-1	0.55717105	0.5422135	1	ambiguous	0	0	1
GSM7230012_hCiPSCs-0618_CGAAGTTGTTGTACGT-1	0.55027974	0.5356452	1	ambiguous	0	0	1
GSM7230012_hCiPSCs-0618_CGAAGTTTCACTTGTT-1	0.6788292	0.65816855	1	ambiguous	0	0	1
GSM7230012_hCiPSCs-0618_CGAAGTTTCATGCAGT-1	0.066946656	0.0749698	1	failure	0	1	0
GSM7230012_hCiPSCs-0618_CGAAGTTTCCTACACC-1	0.5959082	0.57913476	1	ambiguous	0	0	1
GSM7230012_hCiPSCs-0618_CGAAGTTTCTTGGCTC-1	0.7122889	0.6900597	1	ambiguous	0	0	1
GSM7230012_hCiPSCs-0618_CGAATTGAGAATCGTA-1	0.75151306	0.7274451	1	ambiguous	0	0	1
GSM7230012_hCiPSCs-0618_CGAATTGAGGTAGTAT-1	0.13473459	0.13957997	1	ambiguous	0	0	1
GSM7230012_hCiPSCs-0618_CGAATTGAGTTGTCGT-1	0.54912263	0.5345423	1	ambiguous	0	0	1
GSM7230012_hCiPSCs-0618_CGAATTGCAACTGTGT-1	0.74279773	0.7191384	1	ambiguous	0	0	1
GSM7230012_hCiPSCs-0618_CGAATTGGTAGAATAC-1	0.16053204	0.16416809	1	ambiguous	0	0	1
GSM7230012_hCiPSCs-0618_CGAATTGGTCCACAGC-1	0.7750202	0.7498503	1	success	1	0	0
GSM7230012_hCiPSCs-0618_CGAATTGGTCTGTAGT-1	0.67293954	0.652555	1	ambiguous	0	0	1
GSM7230012_hCiPSCs-0618_CGAATTGGTTGTGCAT-1	0.65834737	0.63864684	1	ambiguous	0	0	1
GSM7230012_hCiPSCs-0618_CGAATTGTCTGCGGCA-1	0.46605247	0.45536634	1	ambiguous	0	0	1
GSM7230012_hCiPSCs-0618_CGACAGCAGAAAGCGA-1	0.4233107	0.4146282	1	ambiguous	0	0	1
GSM7230012_hCiPSCs-0618_CGACAGCCAGGTGACA-1	0.32697853	0.32281193	1	ambiguous	0	0	1
GSM7230012_hCiPSCs-0618_CGACAGCCAGTATGAA-1	0.5325358	0.5187331	1	ambiguous	0	0	1
GSM7230012_hCiPSCs-0618_CGACAGCGTACAAACA-1	0.18460974	0.18711707	1	ambiguous	0	0	1
GSM7230012_hCiPSCs-0618_CGACAGCGTCACCACG-1	0.5380339	0.52397346	1	ambiguous	0	0	1
GSM7230012_hCiPSCs-0618_CGACAGCGTTCCTAGA-1	0.17769474	0.18052624	1	ambiguous	0	0	1
GSM7230012_hCiPSCs-0618_CGACAGCGTTGTTGAC-1	0.6958227	0.6743654	1	ambiguous	0	0	1
GSM7230012_hCiPSCs-0618_CGACAGCTCGAAATCC-1	0.84982854	0.82115173	1	success	1	0	0
GSM7230012_hCiPSCs-0618_CGAGAAGAGATGAACT-1	0.6211097	0.60315484	1	ambiguous	0	0	1
GSM7230012_hCiPSCs-0618_CGAGAAGAGGATTCAA-1	0.72462523	0.70181775	1	ambiguous	0	0	1
GSM7230012_hCiPSCs-0618_CGAGAAGAGGCCACCT-1	0.6240948	0.60599995	1	ambiguous	0	0	1
GSM7230012_hCiPSCs-0618_CGAGAAGCAAATCGTC-1	0.13774914	0.1424532	1	ambiguous	0	0	1
GSM7230012_hCiPSCs-0618_CGAGAAGCAAGCAATA-1	0.15633789	0.16017054	1	ambiguous	0	0	1
GSM7230012_hCiPSCs-0618_CGAGAAGCATGAAAGT-1	0.552813	0.5380597	1	ambiguous	0	0	1
GSM7230012_hCiPSCs-0618_CGAGAAGCATGTGGCC-1	0.6164273	0.5986919	1	ambiguous	0	0	1
GSM7230012_hCiPSCs-0618_CGAGAAGCATTCACAG-1	0.8024319	0.775977	1	success	1	0	0
GSM7230012_hCiPSCs-0618_CGAGAAGGTAATCAAG-1	0.6804248	0.65968937	1	ambiguous	0	0	1
GSM7230012_hCiPSCs-0618_CGAGAAGGTCATCGGC-1	0.08222317	0.08953018	1	failure	0	1	0
GSM7230012_hCiPSCs-0618_CGAGAAGGTCCGTACG-1	0.60072494	0.58372563	1	ambiguous	0	0	1
GSM7230012_hCiPSCs-0618_CGAGAAGGTTAACCTG-1	0.5747403	0.5589591	1	ambiguous	0	0	1
GSM7230012_hCiPSCs-0618_CGAGAAGTCATTTACC-1	0.6175282	0.5997412	1	ambiguous	0	0	1
GSM7230012_hCiPSCs-0618_CGAGAAGTCCTGGGTG-1	0.28313395	0.2810227	1	ambiguous	0	0	1
GSM7230012_hCiPSCs-0618_CGAGGAAAGAGGATCC-1	0.12746012	0.13264652	1	ambiguous	0	0	1
GSM7230012_hCiPSCs-0618_CGAGGAACAATGTCAC-1	0.5784164	0.56246287	1	ambiguous	0	0	1
GSM7230012_hCiPSCs-0618_CGAGGAACACGAGGTA-1	0.4333624	0.42420873	1	ambiguous	0	0	1
GSM7230012_hCiPSCs-0618_CGAGGAAGTCCCGCAA-1	0.6231598	0.60510886	1	ambiguous	0	0	1
GSM7230012_hCiPSCs-0618_CGAGGAATCCCTCTCC-1	0.76068205	0.7361843	1	success	1	0	0
GSM7230012_hCiPSCs-0618_CGAGGAATCGCGCTGA-1	0.6984111	0.6768325	1	ambiguous	0	0	1
GSM7230012_hCiPSCs-0618_CGAGGCTAGAATCGCG-1	0.8848492	0.85453075	1	success	1	0	0
GSM7230012_hCiPSCs-0618_CGAGGCTAGGGTACAC-1	0.10888529	0.11494243	1	ambiguous	0	0	1
GSM7230012_hCiPSCs-0618_CGAGGCTCAATTGCTG-1	0.6836161	0.662731	1	ambiguous	0	0	1
GSM7230012_hCiPSCs-0618_CGAGGCTCACCCTCTA-1	0.16420957	0.16767323	1	ambiguous	0	0	1
GSM7230012_hCiPSCs-0618_CGAGGCTCATCGGCCA-1	0.6630393	0.64311886	1	ambiguous	0	0	1
GSM7230012_hCiPSCs-0618_CGAGGCTGTCATTGCA-1	0.7044936	0.6826298	1	ambiguous	0	0	1
GSM7230012_hCiPSCs-0618_CGAGGCTGTCTTAGTG-1	0.17106219	0.1742046	1	ambiguous	0	0	1
GSM7230012_hCiPSCs-0618_CGAGGCTTCTACACTT-1	0.79045117	0.7645579	1	success	1	0	0
GSM7230012_hCiPSCs-0618_CGAGGCTTCTAGCCAA-1	0.5085085	0.49583215	1	ambiguous	0	0	1
GSM7230012_hCiPSCs-0618_CGAGTGCAGACGAAGA-1	0.38628486	0.3793381	1	ambiguous	0	0	1
GSM7230012_hCiPSCs-0618_CGAGTGCAGAGTTGCG-1	0.470361	0.4594729	1	ambiguous	0	0	1
GSM7230012_hCiPSCs-0618_CGAGTGCCAAACGTGG-1	0.119572654	0.12512879	1	ambiguous	0	0	1
GSM7230012_hCiPSCs-0618_CGAGTGCCATCTCCCA-1	0.6716434	0.65131956	1	ambiguous	0	0	1
GSM7230012_hCiPSCs-0618_CGAGTGCGTATCTCGA-1	0.117803425	0.12344251	1	ambiguous	0	0	1
GSM7230012_hCiPSCs-0618_CGAGTGCGTGACCTGC-1	0.16863887	0.17189488	1	ambiguous	0	0	1
GSM7230012_hCiPSCs-0618_CGAGTGCGTGATTCAC-1	0.5440821	0.5297381	1	ambiguous	0	0	1
GSM7230012_hCiPSCs-0618_CGAGTGCTCGACCATA-1	0.137967	0.14266086	1	ambiguous	0	0	1
GSM7230012_hCiPSCs-0618_CGAGTGCTCTTTCAGT-1	0.5907286	0.5741979	1	ambiguous	0	0	1
GSM7230012_hCiPSCs-0618_CGAGTTAAGACGGATC-1	0.21838981	0.21931359	1	ambiguous	0	0	1
GSM7230012_hCiPSCs-0618_CGAGTTAAGGCCTGAA-1	0.25252977	0.25185317	1	ambiguous	0	0	1
GSM7230012_hCiPSCs-0618_CGAGTTAAGTAGACCG-1	0.17409381	0.17709412	1	ambiguous	0	0	1
GSM7230012_hCiPSCs-0618_CGAGTTACAAGCAGGT-1	0.4605416	0.45011383	1	ambiguous	0	0	1
GSM7230012_hCiPSCs-0618_CGAGTTACAAGTTCCA-1	0.67731005	0.65672064	1	ambiguous	0	0	1
GSM7230012_hCiPSCs-0618_CGAGTTACACTGTGAT-1	0.16316007	0.16667292	1	ambiguous	0	0	1
GSM7230012_hCiPSCs-0618_CGAGTTACATGTTCGA-1	0.11567863	0.121417314	1	ambiguous	0	0	1
GSM7230012_hCiPSCs-0618_CGAGTTACATTATGCG-1	0.58965015	0.57317007	1	ambiguous	0	0	1
GSM7230012_hCiPSCs-0618_CGAGTTAGTACCCAGC-1	0.22176869	0.22253409	1	ambiguous	0	0	1
GSM7230012_hCiPSCs-0618_CGAGTTAGTCCTCCTA-1	0.6173009	0.59952456	1	ambiguous	0	0	1
GSM7230012_hCiPSCs-0618_CGAGTTAGTTCGGGTC-1	0.17893632	0.1817096	1	ambiguous	0	0	1
GSM7230012_hCiPSCs-0618_CGAGTTAGTTGGGACA-1	0.5989733	0.58205605	1	ambiguous	0	0	1
GSM7230012_hCiPSCs-0618_CGAGTTATCAAAGGAT-1	0.13537268	0.14018816	1	ambiguous	0	0	1
GSM7230012_hCiPSCs-0618_CGAGTTATCAGAGTGG-1	0.7381362	0.7146953	1	ambiguous	0	0	1
GSM7230012_hCiPSCs-0618_CGAGTTATCTACCAGA-1	0.7222082	0.69951403	1	ambiguous	0	0	1
GSM7230012_hCiPSCs-0618_CGATCGGAGATGTAGT-1	0.16754372	0.17085107	1	ambiguous	0	0	1
GSM7230012_hCiPSCs-0618_CGATCGGAGCGTATAA-1	0.53822875	0.52415913	1	ambiguous	0	0	1
GSM7230012_hCiPSCs-0618_CGATCGGAGCTCAGAG-1	0.63158	0.6131343	1	ambiguous	0	0	1
GSM7230012_hCiPSCs-0618_CGATCGGCACGGTGCT-1	0.5636694	0.5484072	1	ambiguous	0	0	1
GSM7230012_hCiPSCs-0618_CGATCGGGTCGAAACG-1	0.13732134	0.14204545	1	ambiguous	0	0	1
GSM7230012_hCiPSCs-0618_CGATCGGGTCGGCCTA-1	0.12960428	0.13469015	1	ambiguous	0	0	1
GSM7230012_hCiPSCs-0618_CGATCGGGTCTGCGCA-1	0.4170407	0.40865216	1	ambiguous	0	0	1
GSM7230012_hCiPSCs-0618_CGATCGGTCACCTCTG-1	0.65311027	0.63365525	1	ambiguous	0	0	1
GSM7230012_hCiPSCs-0618_CGATCGGTCCGCAACG-1	0.1695872	0.17279875	1	ambiguous	0	0	1
GSM7230012_hCiPSCs-0618_CGATGCGAGCCTCATA-1	0.8646428	0.8352716	1	success	1	0	0
GSM7230012_hCiPSCs-0618_CGATGCGAGTTCTCTT-1	0.12122126	0.12670012	1	ambiguous	0	0	1
GSM7230012_hCiPSCs-0618_CGATGCGCAGGCTCTG-1	0.7833193	0.75776035	1	success	1	0	0
GSM7230012_hCiPSCs-0618_CGATGCGCAGTGAGCA-1	0.5884917	0.57206583	1	ambiguous	0	0	1
GSM7230012_hCiPSCs-0618_CGATGCGCATGACACT-1	0.18112485	0.18379556	1	ambiguous	0	0	1
GSM7230012_hCiPSCs-0618_CGATGCGGTAACCAGG-1	0.7026452	0.6808681	1	ambiguous	0	0	1
GSM7230012_hCiPSCs-0618_CGATGCGGTGATGAAT-1	0.72119987	0.69855297	1	ambiguous	0	0	1
GSM7230012_hCiPSCs-0618_CGATGCGGTTCGGCCA-1	0.11099275	0.1169511	1	ambiguous	0	0	1
GSM7230012_hCiPSCs-0618_CGATGGCAGAATACAC-1	0.60741764	0.5901046	1	ambiguous	0	0	1
GSM7230012_hCiPSCs-0618_CGATGGCAGGATCATA-1	0.15415175	0.1580869	1	ambiguous	0	0	1
GSM7230012_hCiPSCs-0618_CGATGGCAGTATCTGC-1	0.6251862	0.60704017	1	ambiguous	0	0	1
GSM7230012_hCiPSCs-0618_CGATGGCCAACTGAAA-1	0.08717766	0.09425241	1	failure	0	1	0
GSM7230012_hCiPSCs-0618_CGATGGCGTAATGCTC-1	0.49620712	0.4841074	1	ambiguous	0	0	1
GSM7230012_hCiPSCs-0618_CGATGGCGTACGCTAT-1	0.61851686	0.6006835	1	ambiguous	0	0	1
GSM7230012_hCiPSCs-0618_CGATGGCGTACTCGTA-1	0.1114588	0.1173953	1	ambiguous	0	0	1
GSM7230012_hCiPSCs-0618_CGATGGCGTAGATGTA-1	0.07620843	0.08379739	1	failure	0	1	0
GSM7230012_hCiPSCs-0618_CGATGGCGTAGCGCTC-1	0.69582975	0.6743721	1	ambiguous	0	0	1
GSM7230012_hCiPSCs-0618_CGATGGCGTCCACAGC-1	0.49381462	0.48182705	1	ambiguous	0	0	1
GSM7230012_hCiPSCs-0618_CGATGGCGTGTTAACC-1	0.14330272	0.14774644	1	ambiguous	0	0	1
GSM7230012_hCiPSCs-0618_CGATGGCGTTCACCGG-1	0.53907675	0.5249674	1	ambiguous	0	0	1
GSM7230012_hCiPSCs-0618_CGATGGCGTTCTTGCC-1	0.20624422	0.20773736	1	ambiguous	0	0	1
GSM7230012_hCiPSCs-0618_CGATGGCTCCACCCTA-1	0.5204751	0.50723773	1	ambiguous	0	0	1
GSM7230012_hCiPSCs-0618_CGATGGCTCTCTATGT-1	0.08347305	0.090721466	1	failure	0	1	0
GSM7230012_hCiPSCs-0618_CGCAGGTAGCACCTGC-1	0.16180459	0.16538098	1	ambiguous	0	0	1
GSM7230012_hCiPSCs-0618_CGCAGGTCACACGTGC-1	0.7640558	0.73939985	1	success	1	0	0
GSM7230012_hCiPSCs-0618_CGCAGGTCAGGTGGAT-1	0.07334527	0.08106845	1	failure	0	1	0
GSM7230012_hCiPSCs-0618_CGCAGGTGTACGGCAA-1	0.6630677	0.6431459	1	ambiguous	0	0	1
GSM7230012_hCiPSCs-0618_CGCAGGTGTCAGACGA-1	0.3886561	0.38159817	1	ambiguous	0	0	1
GSM7230012_hCiPSCs-0618_CGCAGGTGTCCCTGTT-1	0.17005906	0.1732485	1	ambiguous	0	0	1
GSM7230012_hCiPSCs-0618_CGCAGGTGTCTTCCGT-1	0.55769086	0.54270893	1	ambiguous	0	0	1
GSM7230012_hCiPSCs-0618_CGCAGGTGTGGGTCAA-1	0.10849051	0.114566155	1	ambiguous	0	0	1
GSM7230012_hCiPSCs-0618_CGCAGGTTCTCGTTTA-1	0.8039905	0.77746254	1	success	1	0	0
GSM7230012_hCiPSCs-0618_CGCAGGTTCTGTACAG-1	0.15794939	0.1617065	1	ambiguous	0	0	1
GSM7230012_hCiPSCs-0618_CGCATAAAGCATAGGC-1	0.6366044	0.6179232	1	ambiguous	0	0	1
GSM7230012_hCiPSCs-0618_CGCATAAAGCGTGCCT-1	0.4492472	0.43934888	1	ambiguous	0	0	1
GSM7230012_hCiPSCs-0618_CGCATAACAGCGGATA-1	0.12361356	0.12898026	1	ambiguous	0	0	1
GSM7230012_hCiPSCs-0618_CGCATAACAGCTGGTC-1	0.6950005	0.6735818	1	ambiguous	0	0	1
GSM7230012_hCiPSCs-0618_CGCATAACAGTTTCGA-1	0.7815369	0.7560615	1	success	1	0	0
GSM7230012_hCiPSCs-0618_CGCATAAGTAAGGCTG-1	0.10314578	0.10947198	1	failure	0	1	0
GSM7230012_hCiPSCs-0618_CGCATAAGTATGGAAT-1	0.6246906	0.60656786	1	ambiguous	0	0	1
GSM7230012_hCiPSCs-0618_CGCATAATCACTCACC-1	0.57960695	0.5635976	1	ambiguous	0	0	1
GSM7230012_hCiPSCs-0618_CGCATAATCCTACGGG-1	0.6065881	0.589314	1	ambiguous	0	0	1
GSM7230012_hCiPSCs-0618_CGCATAATCGGTTCAA-1	0.5253415	0.51187605	1	ambiguous	0	0	1
GSM7230012_hCiPSCs-0618_CGCATGGAGACTACGG-1	0.514967	0.5019879	1	ambiguous	0	0	1
GSM7230012_hCiPSCs-0618_CGCATGGAGGTCGACA-1	0.12453865	0.129862	1	ambiguous	0	0	1
GSM7230012_hCiPSCs-0618_CGCATGGGTACGATGG-1	0.06977444	0.07766502	1	failure	0	1	0
GSM7230012_hCiPSCs-0618_CGCATGGTCCACACCT-1	0.73124355	0.70812577	1	ambiguous	0	0	1
GSM7230012_hCiPSCs-0618_CGCATGGTCCATGAGT-1	0.19806774	0.19994418	1	ambiguous	0	0	1
GSM7230012_hCiPSCs-0618_CGCATGGTCGGCTTGG-1	0.5715428	0.55591154	1	ambiguous	0	0	1
GSM7230012_hCiPSCs-0618_CGCCAGAAGACACACG-1	0.6599109	0.6401371	1	ambiguous	0	0	1
GSM7230012_hCiPSCs-0618_CGCCAGAAGACCTTTG-1	0.7697024	0.7447818	1	success	1	0	0
GSM7230012_hCiPSCs-0618_CGCCAGAAGATTTGCC-1	0.079996854	0.08740823	1	failure	0	1	0
GSM7230012_hCiPSCs-0618_CGCCAGAAGGGAGGGT-1	0.14521144	0.14956568	1	ambiguous	0	0	1
GSM7230012_hCiPSCs-0618_CGCCAGAAGTCAGCCC-1	0.6620731	0.6421979	1	ambiguous	0	0	1
GSM7230012_hCiPSCs-0618_CGCCAGAGTTAAGAAC-1	0.58250916	0.56636375	1	ambiguous	0	0	1
GSM7230012_hCiPSCs-0618_CGCCAGAGTTGCATAC-1	0.66274744	0.6428407	1	ambiguous	0	0	1
GSM7230012_hCiPSCs-0618_CGCCAGAGTTGTAGCT-1	0.14935228	0.1535124	1	ambiguous	0	0	1
GSM7230012_hCiPSCs-0618_CGCCAGATCAACCTCC-1	0.69928086	0.6776615	1	ambiguous	0	0	1
GSM7230012_hCiPSCs-0618_CGCCATTAGTAAACTG-1	0.72255933	0.6998487	1	ambiguous	0	0	1
GSM7230012_hCiPSCs-0618_CGCCATTAGTCTTGGT-1	0.59973246	0.5827797	1	ambiguous	0	0	1
GSM7230012_hCiPSCs-0618_CGCCATTAGTGGATAT-1	0.6932565	0.6719195	1	ambiguous	0	0	1
GSM7230012_hCiPSCs-0618_CGCCATTCAGACAAAT-1	0.09564608	0.10232385	1	failure	0	1	0
GSM7230012_hCiPSCs-0618_CGCCATTCATAGGCGA-1	0.20508187	0.2066295	1	ambiguous	0	0	1
GSM7230012_hCiPSCs-0618_CGCCATTCATCTTAGG-1	0.15444347	0.15836494	1	ambiguous	0	0	1
GSM7230012_hCiPSCs-0618_CGCCATTGTAATCAAG-1	0.46299645	0.45245358	1	ambiguous	0	0	1
GSM7230012_hCiPSCs-0618_CGCCATTGTAGACTGG-1	0.71326035	0.6909856	1	ambiguous	0	0	1
GSM7230012_hCiPSCs-0618_CGCCATTGTCACTCGG-1	0.7453904	0.7216095	1	ambiguous	0	0	1
GSM7230012_hCiPSCs-0618_CGCCATTGTTTACCTT-1	0.10309697	0.109425455	1	failure	0	1	0
GSM7230012_hCiPSCs-0618_CGCCATTTCATCGACA-1	0.75202084	0.7279291	1	ambiguous	0	0	1
GSM7230012_hCiPSCs-0618_CGCCATTTCTAACGCA-1	0.59160405	0.57503235	1	ambiguous	0	0	1
GSM7230012_hCiPSCs-0618_CGCGTGAAGGCCACCT-1	0.6864066	0.66539073	1	ambiguous	0	0	1
GSM7230012_hCiPSCs-0618_CGCGTGAAGGTTCATC-1	0.84039795	0.8121633	1	success	1	0	0
GSM7230012_hCiPSCs-0618_CGCGTGACAACGCATT-1	0.6458092	0.6266964	1	ambiguous	0	0	1
GSM7230012_hCiPSCs-0618_CGCGTGACAATGCAGG-1	0.1332921	0.1382051	1	ambiguous	0	0	1
GSM7230012_hCiPSCs-0618_CGCGTGAGTCATCAGT-1	0.759408	0.73497	1	success	1	0	0
GSM7230012_hCiPSCs-0618_CGCGTGAGTCCTGGGT-1	0.68953323	0.6683708	1	ambiguous	0	0	1
GSM7230012_hCiPSCs-0618_CGCGTGAGTGCCGTAC-1	0.2583654	0.2574152	1	ambiguous	0	0	1
GSM7230012_hCiPSCs-0618_CGGAACCAGCATCAAA-1	0.6020797	0.5850169	1	ambiguous	0	0	1
GSM7230012_hCiPSCs-0618_CGGAACCAGGGACCAT-1	0.19526184	0.19726983	1	ambiguous	0	0	1
GSM7230012_hCiPSCs-0618_CGGAACCAGGGTAGCT-1	0.08812413	0.09515452	1	failure	0	1	0
GSM7230012_hCiPSCs-0618_CGGAACCAGGTCCTGC-1	0.52159595	0.5083061	1	ambiguous	0	0	1
GSM7230012_hCiPSCs-0618_CGGAACCAGTTGGCGA-1	0.077585034	0.085109465	1	failure	0	1	0
GSM7230012_hCiPSCs-0618_CGGAACCTCCATTCAT-1	0.1137249	0.119555175	1	ambiguous	0	0	1
GSM7230012_hCiPSCs-0618_CGGAATTAGCTGTTAC-1	0.69083166	0.66960835	1	ambiguous	0	0	1
GSM7230012_hCiPSCs-0618_CGGAATTCAAGTGGGT-1	0.5267049	0.51317555	1	ambiguous	0	0	1
GSM7230012_hCiPSCs-0618_CGGAATTGTACGTGAG-1	0.45680815	0.44655538	1	ambiguous	0	0	1
GSM7230012_hCiPSCs-0618_CGGAATTGTAGAATAC-1	0.5428789	0.52859133	1	ambiguous	0	0	1
GSM7230012_hCiPSCs-0618_CGGAATTGTAGGCAAC-1	0.21778165	0.21873395	1	ambiguous	0	0	1
GSM7230012_hCiPSCs-0618_CGGAATTGTCACCCTT-1	0.73997104	0.7164442	1	ambiguous	0	0	1
GSM7230012_hCiPSCs-0618_CGGAATTGTCTAGATC-1	0.06678861	0.074819155	1	failure	0	1	0
GSM7230012_hCiPSCs-0618_CGGAATTTCCACACAA-1	0.80181503	0.7753891	1	success	1	0	0
GSM7230012_hCiPSCs-0618_CGGAATTTCGGATAAA-1	0.7323785	0.70920753	1	ambiguous	0	0	1
GSM7230012_hCiPSCs-0618_CGGAATTTCTTGGTGA-1	0.41629502	0.40794143	1	ambiguous	0	0	1
GSM7230012_hCiPSCs-0618_CGGACACAGGTGGTTG-1	0.7706479	0.74568295	1	success	1	0	0
GSM7230012_hCiPSCs-0618_CGGACACCAAGCCTGC-1	0.6468548	0.62769306	1	ambiguous	0	0	1
GSM7230012_hCiPSCs-0618_CGGACACCACCGTGCA-1	0.18481356	0.18731134	1	ambiguous	0	0	1
GSM7230012_hCiPSCs-0618_CGGACACCATCAGCAT-1	0.6929434	0.6716211	1	ambiguous	0	0	1
GSM7230012_hCiPSCs-0618_CGGACACGTACCTGTA-1	0.0917795	0.09863853	1	failure	0	1	0
GSM7230012_hCiPSCs-0618_CGGACACGTGAGAGGG-1	0.1295179	0.13460782	1	ambiguous	0	0	1
GSM7230012_hCiPSCs-0618_CGGACACTCACTTATC-1	0.17224184	0.17532896	1	ambiguous	0	0	1
GSM7230012_hCiPSCs-0618_CGGACACTCGTTGCCT-1	0.7682501	0.74339753	1	success	1	0	0
GSM7230012_hCiPSCs-0618_CGGACACTCTGAATCG-1	0.0798471	0.08726549	1	failure	0	1	0
GSM7230012_hCiPSCs-0618_CGGAGAAAGAATAACC-1	0.15846047	0.16219363	1	ambiguous	0	0	1
GSM7230012_hCiPSCs-0618_CGGAGAACATGACTAC-1	0.8395771	0.81138086	1	success	1	0	0
GSM7230012_hCiPSCs-0618_CGGAGAATCAACCTTT-1	0.5466076	0.53214526	1	ambiguous	0	0	1
GSM7230012_hCiPSCs-0618_CGGCAGTAGCCAGACA-1	0.8617529	0.83251715	1	success	1	0	0
GSM7230012_hCiPSCs-0618_CGGCAGTAGTAAATGC-1	0.6643451	0.6443634	1	ambiguous	0	0	1
GSM7230012_hCiPSCs-0618_CGGCAGTCAAGAGGCT-1	0.531296	0.51755136	1	ambiguous	0	0	1
GSM7230012_hCiPSCs-0618_CGGCAGTCAAGTCCAT-1	0.4337235	0.42455292	1	ambiguous	0	0	1
GSM7230012_hCiPSCs-0618_CGGCAGTCACACCTTC-1	0.95543534	0.92180794	1	success	1	0	0
GSM7230012_hCiPSCs-0618_CGGCAGTGTCCTCCTA-1	0.80142933	0.7750214	1	success	1	0	0
GSM7230012_hCiPSCs-0618_CGGCAGTGTGTCATTG-1	0.7378736	0.71444505	1	ambiguous	0	0	1
GSM7230012_hCiPSCs-0618_CGGCAGTTCATACGAC-1	0.7134046	0.6911231	1	ambiguous	0	0	1
GSM7230012_hCiPSCs-0618_CGGCAGTTCATTGGTG-1	0.14071223	0.1452774	1	ambiguous	0	0	1
GSM7230012_hCiPSCs-0618_CGGGACTAGGGCTAAC-1	0.6513179	0.63194686	1	ambiguous	0	0	1
GSM7230012_hCiPSCs-0618_CGGGACTAGTACCATC-1	0.676403	0.655856	1	ambiguous	0	0	1
GSM7230012_hCiPSCs-0618_CGGGACTCAACGGCTC-1	0.61953276	0.60165185	1	ambiguous	0	0	1
GSM7230012_hCiPSCs-0618_CGGGACTGTAATCAAG-1	0.09268991	0.09950626	1	failure	0	1	0
GSM7230012_hCiPSCs-0618_CGGGACTGTCATAGTC-1	0.16471864	0.16815843	1	ambiguous	0	0	1
GSM7230012_hCiPSCs-0618_CGGGACTGTTCCGCGA-1	0.76404446	0.7393891	1	success	1	0	0
GSM7230012_hCiPSCs-0618_CGGGACTTCGGTGCAC-1	0.13563947	0.14044243	1	ambiguous	0	0	1
GSM7230012_hCiPSCs-0618_CGGGCATAGATCCAAA-1	0.5130391	0.5001503	1	ambiguous	0	0	1
GSM7230012_hCiPSCs-0618_CGGGCATAGCGGTAAC-1	0.16097458	0.16458988	1	ambiguous	0	0	1
GSM7230012_hCiPSCs-0618_CGGGCATAGTATAGAC-1	0.16691132	0.17024831	1	ambiguous	0	0	1
GSM7230012_hCiPSCs-0618_CGGGCATAGTTGCTGT-1	0.7599887	0.73552346	1	success	1	0	0
GSM7230012_hCiPSCs-0618_CGGGCATCAATTCACG-1	0.111988805	0.11790046	1	ambiguous	0	0	1
GSM7230012_hCiPSCs-0618_CGGGCATCACAACATC-1	0.8166747	0.78955215	1	success	1	0	0
GSM7230012_hCiPSCs-0618_CGGGCATCACAGACGA-1	0.17268856	0.17575474	1	ambiguous	0	0	1
GSM7230012_hCiPSCs-0618_CGGGCATCAGAGCCCT-1	0.42923537	0.42027515	1	ambiguous	0	0	1
GSM7230012_hCiPSCs-0618_CGGGCATCAGCACGAA-1	0.535008	0.5210894	1	ambiguous	0	0	1
GSM7230012_hCiPSCs-0618_CGGGCATCATGCTGCG-1	0.18098289	0.18366024	1	ambiguous	0	0	1
GSM7230012_hCiPSCs-0618_CGGGCATCATTAGGAA-1	0.09880077	0.10533065	1	failure	0	1	0
GSM7230012_hCiPSCs-0618_CGGGCATGTACCACGC-1	0.680336	0.65960467	1	ambiguous	0	0	1
GSM7230012_hCiPSCs-0618_CGGGCATGTATCAAGA-1	0.7832368	0.7576817	1	success	1	0	0
GSM7230012_hCiPSCs-0618_CGGGCATGTCTGCCTT-1	0.13064946	0.13568634	1	ambiguous	0	0	1
GSM7230012_hCiPSCs-0618_CGGGCATGTGAATTAG-1	0.26386002	0.26265225	1	ambiguous	0	0	1
GSM7230012_hCiPSCs-0618_CGGGCATTCAAGTTGC-1	0.38984758	0.38273376	1	ambiguous	0	0	1
GSM7230012_hCiPSCs-0618_CGGGCATTCCGTTGAA-1	0.7255993	0.70274615	1	ambiguous	0	0	1
GSM7230012_hCiPSCs-0618_CGGGTCAAGACGGTCA-1	0.85741544	0.828383	1	success	1	0	0
GSM7230012_hCiPSCs-0618_CGGGTCAAGAGCAAGA-1	0.5591429	0.5440929	1	ambiguous	0	0	1
GSM7230012_hCiPSCs-0618_CGGGTCAAGATTGATG-1	0.5920951	0.57550037	1	ambiguous	0	0	1
GSM7230012_hCiPSCs-0618_CGGGTCAAGCTGACTT-1	0.65834093	0.6386407	1	ambiguous	0	0	1
GSM7230012_hCiPSCs-0618_CGGGTCAAGGGAGGTG-1	0.7225318	0.6998224	1	ambiguous	0	0	1
GSM7230012_hCiPSCs-0618_CGGGTCACATTGTGCA-1	0.30588922	0.30271122	1	ambiguous	0	0	1
GSM7230012_hCiPSCs-0618_CGGGTCAGTAGTTACC-1	0.12409828	0.12944226	1	ambiguous	0	0	1
GSM7230012_hCiPSCs-0618_CGGGTCAGTGGCTGAA-1	0.12504706	0.13034657	1	ambiguous	0	0	1
GSM7230012_hCiPSCs-0618_CGGGTCAGTGTGTGTT-1	0.46335086	0.45279136	1	ambiguous	0	0	1
GSM7230012_hCiPSCs-0618_CGGGTCAGTTTCTTAC-1	0.62449676	0.6063831	1	ambiguous	0	0	1
GSM7230012_hCiPSCs-0618_CGGGTCATCACCTACC-1	0.15529913	0.15918048	1	ambiguous	0	0	1
GSM7230012_hCiPSCs-0618_CGGGTCATCCATTGGA-1	0.7674923	0.7426753	1	success	1	0	0
GSM7230012_hCiPSCs-0618_CGGGTCATCTGGGATT-1	0.62915957	0.6108273	1	ambiguous	0	0	1
GSM7230012_hCiPSCs-0618_CGGGTGTAGCTCAGAG-1	0.5756015	0.55977994	1	ambiguous	0	0	1
GSM7230012_hCiPSCs-0618_CGGGTGTAGGATTTAG-1	0.0087318	0.019483933	1	failure	0	1	0
GSM7230012_hCiPSCs-0618_CGGGTGTAGTGATGGC-1	0.5009957	0.4886715	1	ambiguous	0	0	1
GSM7230012_hCiPSCs-0618_CGGGTGTCAGGGAATC-1	0.75587404	0.73160166	1	success	1	0	0
GSM7230012_hCiPSCs-0618_CGGGTGTCATAACTCG-1	0.093377665	0.10016177	1	failure	0	1	0
GSM7230012_hCiPSCs-0618_CGGGTGTGTACATTGC-1	0.702026	0.6802779	1	ambiguous	0	0	1
GSM7230012_hCiPSCs-0618_CGGGTGTGTACTGGGA-1	0.58696216	0.570608	1	ambiguous	0	0	1
GSM7230012_hCiPSCs-0618_CGGGTGTGTCTGTGTA-1	0.14467373	0.14905319	1	ambiguous	0	0	1
GSM7230012_hCiPSCs-0618_CGGGTGTTCTATGTGG-1	0.68864614	0.6675253	1	ambiguous	0	0	1
GSM7230012_hCiPSCs-0618_CGGTCAGAGACTTCAC-1	0.76049376	0.7360048	1	success	1	0	0
GSM7230012_hCiPSCs-0618_CGGTCAGAGGCCTTCG-1	0.43259993	0.42348197	1	ambiguous	0	0	1
GSM7230012_hCiPSCs-0618_CGGTCAGAGTAGACCG-1	0.61282396	0.59525746	1	ambiguous	0	0	1
GSM7230012_hCiPSCs-0618_CGGTCAGCAGAGACTG-1	0.088803455	0.095801994	1	failure	0	1	0
GSM7230012_hCiPSCs-0618_CGGTCAGGTAACACGG-1	0.75937456	0.7349381	1	success	1	0	0
GSM7230012_hCiPSCs-0618_CGGTCAGGTCAGGTGA-1	0.60749465	0.590178	1	ambiguous	0	0	1
GSM7230012_hCiPSCs-0618_CGGTCAGGTTCACGAT-1	0.09474803	0.10146789	1	failure	0	1	0
GSM7230012_hCiPSCs-0618_CGGTCAGTCATGAGAA-1	0.11747037	0.123125054	1	ambiguous	0	0	1
GSM7230012_hCiPSCs-0618_CGGTCAGTCCGTGTAA-1	0.48839325	0.47665983	1	ambiguous	0	0	1
GSM7230012_hCiPSCs-0618_CGGTCAGTCTGGTTGA-1	0.53935456	0.5252322	1	ambiguous	0	0	1
GSM7230012_hCiPSCs-0618_CGTAAGTAGACATACA-1	0.5460552	0.53161865	1	ambiguous	0	0	1
GSM7230012_hCiPSCs-0618_CGTAAGTAGTCGAAGC-1	0.63577235	0.6171301	1	ambiguous	0	0	1
GSM7230012_hCiPSCs-0618_CGTAAGTCAACTGCCG-1	0.1091029	0.11514984	1	ambiguous	0	0	1
GSM7230012_hCiPSCs-0618_CGTAAGTCAAGCGAAC-1	0.11090904	0.11687131	1	ambiguous	0	0	1
GSM7230012_hCiPSCs-0618_CGTAAGTCACGTAACT-1	0.66581535	0.6457647	1	ambiguous	0	0	1
GSM7230012_hCiPSCs-0618_CGTAAGTCAGCTAACT-1	0.77365625	0.7485503	1	success	1	0	0
GSM7230012_hCiPSCs-0618_CGTAAGTCATCGCTGG-1	0.5909944	0.57445127	1	ambiguous	0	0	1
GSM7230012_hCiPSCs-0618_CGTAAGTCATGGGAAC-1	0.28149015	0.27945593	1	ambiguous	0	0	1
GSM7230012_hCiPSCs-0618_CGTAAGTGTACAAGCG-1	0.6054447	0.5882242	1	ambiguous	0	0	1
GSM7230012_hCiPSCs-0618_CGTAAGTGTGGATGAC-1	0.7166787	0.6942437	1	ambiguous	0	0	1
GSM7230012_hCiPSCs-0618_CGTAAGTGTGTAAATG-1	0.51617044	0.5031349	1	ambiguous	0	0	1
GSM7230012_hCiPSCs-0618_CGTAATGAGACCATTC-1	0.05678149	0.06528115	1	failure	0	1	0
GSM7230012_hCiPSCs-0618_CGTAATGAGCCTCACG-1	0.5649529	0.5496305	1	ambiguous	0	0	1
GSM7230012_hCiPSCs-0618_CGTAATGGTACTGCCG-1	0.5880434	0.5716386	1	ambiguous	0	0	1
GSM7230012_hCiPSCs-0618_CGTAATGTCCTGTAAG-1	0.6975525	0.6760141	1	ambiguous	0	0	1
GSM7230012_hCiPSCs-0618_CGTAGTAAGAGCCGAT-1	0.49745893	0.48530054	1	ambiguous	0	0	1
GSM7230012_hCiPSCs-0618_CGTAGTAAGGAAAGGT-1	0.55993813	0.5448508	1	ambiguous	0	0	1
GSM7230012_hCiPSCs-0618_CGTAGTAAGTCCTGTA-1	0.577718	0.5617972	1	ambiguous	0	0	1
GSM7230012_hCiPSCs-0618_CGTAGTACAGCTCTGG-1	0.46772927	0.45696452	1	ambiguous	0	0	1
GSM7230012_hCiPSCs-0618_CGTAGTACATTGAAGA-1	0.05753204	0.06599651	1	failure	0	1	0
GSM7230012_hCiPSCs-0618_CGTAGTAGTATGCTAC-1	0.6994552	0.6778276	1	ambiguous	0	0	1
GSM7230012_hCiPSCs-0618_CGTAGTAGTTTGGAGG-1	0.27372316	0.27205303	1	ambiguous	0	0	1
GSM7230012_hCiPSCs-0618_CGTAGTATCATGACAC-1	0.11117739	0.11712708	1	ambiguous	0	0	1
GSM7230012_hCiPSCs-0618_CGTAGTATCGGAACTT-1	0.13049068	0.135535	1	ambiguous	0	0	1
GSM7230012_hCiPSCs-0618_CGTCAAAAGGACTGGT-1	0.69505376	0.6736325	1	ambiguous	0	0	1
GSM7230012_hCiPSCs-0618_CGTCAAAGTCTGATCA-1	0.5050112	0.49249876	1	ambiguous	0	0	1
GSM7230012_hCiPSCs-0618_CGTCAAAGTTATCTGG-1	0.7249194	0.70209813	1	ambiguous	0	0	1
GSM7230012_hCiPSCs-0618_CGTCAAAGTTGCCGCA-1	0.68483603	0.66389376	1	ambiguous	0	0	1
GSM7230012_hCiPSCs-0618_CGTCCATAGTTGGGAC-1	0.15052357	0.1546288	1	ambiguous	0	0	1
GSM7230012_hCiPSCs-0618_CGTCCATCATTGACCA-1	0.67693776	0.6563658	1	ambiguous	0	0	1
GSM7230012_hCiPSCs-0618_CGTCCATTCCGAACGC-1	0.5540408	0.53923	1	ambiguous	0	0	1
GSM7230012_hCiPSCs-0618_CGTCCATTCGGAGCAA-1	0.6371177	0.6184124	1	ambiguous	0	0	1
GSM7230012_hCiPSCs-0618_CGTCCATTCGTAATGC-1	0.08396049	0.091186054	1	failure	0	1	0
GSM7230012_hCiPSCs-0618_CGTCCATTCTGAATCG-1	0.61127484	0.593781	1	ambiguous	0	0	1
GSM7230012_hCiPSCs-0618_CGTGAATAGAAACACT-1	0.6403309	0.6214749	1	ambiguous	0	0	1
GSM7230012_hCiPSCs-0618_CGTGAATAGACCCTTA-1	0.66899216	0.6487926	1	ambiguous	0	0	1
GSM7230012_hCiPSCs-0618_CGTGAATAGACTCATC-1	0.23777965	0.23779449	1	ambiguous	0	0	1
GSM7230012_hCiPSCs-0618_CGTGAATAGCACTCTA-1	0.7217856	0.6991112	1	ambiguous	0	0	1
GSM7230012_hCiPSCs-0618_CGTGAATAGTTGGCGA-1	0.53111523	0.5173791	1	ambiguous	0	0	1
GSM7230012_hCiPSCs-0618_CGTGAATAGTTTGCTG-1	0.40754047	0.39959726	1	ambiguous	0	0	1
GSM7230012_hCiPSCs-0618_CGTGAATCACAGCATT-1	0.20320871	0.20484416	1	ambiguous	0	0	1
GSM7230012_hCiPSCs-0618_CGTGAATGTCCGGTCA-1	0.6258123	0.607637	1	ambiguous	0	0	1
GSM7230012_hCiPSCs-0618_CGTGAATTCACCTCGT-1	0.61476684	0.5971093	1	ambiguous	0	0	1
GSM7230012_hCiPSCs-0618_CGTGAATTCCAACCGG-1	0.61576426	0.59805995	1	ambiguous	0	0	1
GSM7230012_hCiPSCs-0618_CGTGAATTCTTAGCTT-1	0.12273886	0.12814657	1	ambiguous	0	0	1
GSM7230012_hCiPSCs-0618_CGTGATAAGATGGCAC-1	0.63477945	0.61618376	1	ambiguous	0	0	1
GSM7230012_hCiPSCs-0618_CGTGATAAGCACTTTG-1	0.15536772	0.15924585	1	ambiguous	0	0	1
GSM7230012_hCiPSCs-0618_CGTGATAAGGCAATGC-1	0.64461607	0.6255593	1	ambiguous	0	0	1
GSM7230012_hCiPSCs-0618_CGTGATACAAAGGCAC-1	0.5238107	0.510417	1	ambiguous	0	0	1
GSM7230012_hCiPSCs-0618_CGTGATACAAGCAATA-1	0.43517184	0.42593333	1	ambiguous	0	0	1
GSM7230012_hCiPSCs-0618_CGTGATACATCATTTC-1	0.19785455	0.19974099	1	ambiguous	0	0	1
GSM7230012_hCiPSCs-0618_CGTGATACATCCTTCG-1	0.6513483	0.6319759	1	ambiguous	0	0	1
GSM7230012_hCiPSCs-0618_CGTGATAGTAGGTGCA-1	0.36268795	0.35684732	1	ambiguous	0	0	1
GSM7230012_hCiPSCs-0618_CGTGATAGTGCTTATG-1	0.56007594	0.5449822	1	ambiguous	0	0	1
GSM7230012_hCiPSCs-0618_CGTGATAGTTCCACGG-1	0.59390515	0.5772255	1	ambiguous	0	0	1
GSM7230012_hCiPSCs-0618_CGTGATATCCTGTAGA-1	0.10930056	0.115338236	1	ambiguous	0	0	1
GSM7230012_hCiPSCs-0618_CGTGATATCGAGATAA-1	0.5235003	0.51012117	1	ambiguous	0	0	1
GSM7230012_hCiPSCs-0618_CGTGCTTAGGCCACCT-1	0.13644193	0.14120728	1	ambiguous	0	0	1
GSM7230012_hCiPSCs-0618_CGTGCTTCACACAGAG-1	0.09616417	0.10281765	1	failure	0	1	0
GSM7230012_hCiPSCs-0618_CGTGCTTCAGGTTCAT-1	0.68370926	0.66281986	1	ambiguous	0	0	1
GSM7230012_hCiPSCs-0618_CGTGCTTGTCGTAATC-1	0.54629993	0.531852	1	ambiguous	0	0	1
GSM7230012_hCiPSCs-0618_CGTGCTTGTCTCTCCA-1	0.6949815	0.67356366	1	ambiguous	0	0	1
GSM7230012_hCiPSCs-0618_CGTGCTTGTGCTGTCG-1	0.7142868	0.691964	1	ambiguous	0	0	1
GSM7230012_hCiPSCs-0618_CGTGCTTTCACGAGGA-1	0.7222179	0.69952327	1	ambiguous	0	0	1
GSM7230012_hCiPSCs-0618_CGTGCTTTCCGATGCG-1	0.064976715	0.0730922	1	failure	0	1	0
GSM7230012_hCiPSCs-0618_CGTGCTTTCCTTACCG-1	0.62291807	0.6048784	1	ambiguous	0	0	1
GSM7230012_hCiPSCs-0618_CGTGTCTAGAACAGGA-1	0.3678243	0.3617429	1	ambiguous	0	0	1
GSM7230012_hCiPSCs-0618_CGTGTCTCACCATTCC-1	0.7073628	0.68536454	1	ambiguous	0	0	1
GSM7230012_hCiPSCs-0618_CGTGTCTCACTGTCGG-1	0.44520518	0.43549633	1	ambiguous	0	0	1
GSM7230012_hCiPSCs-0618_CGTGTCTGTAGAAACT-1	0.44333908	0.43371773	1	ambiguous	0	0	1
GSM7230012_hCiPSCs-0618_CGTGTCTGTTATTCCT-1	0.4368066	0.42749143	1	ambiguous	0	0	1
GSM7230012_hCiPSCs-0618_CGTGTCTTCCCAGGAC-1	0.5039728	0.49150908	1	ambiguous	0	0	1
GSM7230012_hCiPSCs-0618_CGTTAGAAGCCATGCC-1	0.55968773	0.54461217	1	ambiguous	0	0	1
GSM7230012_hCiPSCs-0618_CGTTAGAAGGAACGAA-1	0.5356312	0.52168334	1	ambiguous	0	0	1
GSM7230012_hCiPSCs-0618_CGTTAGACACGCGCTA-1	0.71422046	0.69190073	1	ambiguous	0	0	1
GSM7230012_hCiPSCs-0618_CGTTAGACAGCATCTA-1	0.54854304	0.53398997	1	ambiguous	0	0	1
GSM7230012_hCiPSCs-0618_CGTTAGACAGCATGCC-1	0.5265577	0.51303524	1	ambiguous	0	0	1
GSM7230012_hCiPSCs-0618_CGTTAGAGTGCGTCGT-1	0.4908099	0.47896317	1	ambiguous	0	0	1
GSM7230012_hCiPSCs-0618_CGTTAGAGTGTCCACG-1	0.67946756	0.65877694	1	ambiguous	0	0	1
GSM7230012_hCiPSCs-0618_CGTTCTGAGCCGAACA-1	0.23816681	0.2381635	1	ambiguous	0	0	1
GSM7230012_hCiPSCs-0618_CGTTCTGAGGCAGGGA-1	0.46466798	0.45404673	1	ambiguous	0	0	1
GSM7230012_hCiPSCs-0618_CGTTCTGAGGTCCGAA-1	0.12428709	0.12962224	1	ambiguous	0	0	1
GSM7230012_hCiPSCs-0618_CGTTCTGCATAGCACT-1	0.7528329	0.7287031	1	ambiguous	0	0	1
GSM7230012_hCiPSCs-0618_CGTTCTGCATATGCGT-1	0.57739735	0.56149155	1	ambiguous	0	0	1
GSM7230012_hCiPSCs-0618_CGTTCTGGTAACATCC-1	0.7261801	0.7032997	1	ambiguous	0	0	1
GSM7230012_hCiPSCs-0618_CGTTCTGGTATTTCGG-1	0.70413905	0.68229187	1	ambiguous	0	0	1
GSM7230012_hCiPSCs-0618_CGTTCTGGTTGTGCAT-1	0.14050858	0.14508328	1	ambiguous	0	0	1
GSM7230012_hCiPSCs-0618_CGTTCTGTCCATCAGA-1	0.5623579	0.54715717	1	ambiguous	0	0	1
GSM7230012_hCiPSCs-0618_CGTTCTGTCTTCGTGC-1	0.06694387	0.07496714	1	failure	0	1	0
GSM7230012_hCiPSCs-0618_CGTTGGGAGACCATGG-1	0.16834834	0.17161798	1	ambiguous	0	0	1
GSM7230012_hCiPSCs-0618_CGTTGGGAGCTCTTCC-1	0.17627545	0.17917347	1	ambiguous	0	0	1
GSM7230012_hCiPSCs-0618_CGTTGGGAGGTCATAA-1	0.4090041	0.40099227	1	ambiguous	0	0	1
GSM7230012_hCiPSCs-0618_CGTTGGGAGTGCTCAT-1	0.64686465	0.6277024	1	ambiguous	0	0	1
GSM7230012_hCiPSCs-0618_CGTTGGGCACTGTCGG-1	0.1647261	0.16816553	1	ambiguous	0	0	1
GSM7230012_hCiPSCs-0618_CGTTGGGCATACTGAC-1	0.12353721	0.1289075	1	ambiguous	0	0	1
GSM7230012_hCiPSCs-0618_CGTTGGGCATCCTTGC-1	0.73939466	0.7158948	1	ambiguous	0	0	1
GSM7230012_hCiPSCs-0618_CGTTGGGGTCATGCAT-1	0.149124	0.15329483	1	ambiguous	0	0	1
GSM7230012_hCiPSCs-0618_CGTTGGGTCATCTACT-1	0.8200133	0.7927342	1	success	1	0	0
GSM7230012_hCiPSCs-0618_CGTTGGGTCTGCCTCA-1	0.6267014	0.6084844	1	ambiguous	0	0	1
GSM7230012_hCiPSCs-0618_CTAACCCCAACTCCCT-1	0.1476779	0.15191653	1	ambiguous	0	0	1
GSM7230012_hCiPSCs-0618_CTAACCCCACGCGCTA-1	0.80209243	0.7756534	1	success	1	0	0
GSM7230012_hCiPSCs-0618_CTAACCCCAGCAGTAG-1	0.6207153	0.6027789	1	ambiguous	0	0	1
GSM7230012_hCiPSCs-0618_CTAACCCGTTCGTTCC-1	0.7634648	0.7388366	1	success	1	0	0
GSM7230012_hCiPSCs-0618_CTAACCCTCAACGAGG-1	0.65040535	0.6310772	1	ambiguous	0	0	1
GSM7230012_hCiPSCs-0618_CTAACCCTCCAAATGC-1	0.18925583	0.19154537	1	ambiguous	0	0	1
GSM7230012_hCiPSCs-0618_CTAACCCTCTCAACCC-1	0.20807213	0.20947959	1	ambiguous	0	0	1
GSM7230012_hCiPSCs-0618_CTAACTTAGAATTGCA-1	0.16639037	0.1697518	1	ambiguous	0	0	1
GSM7230012_hCiPSCs-0618_CTAACTTAGGATGTTA-1	0.066088475	0.074151844	1	failure	0	1	0
GSM7230012_hCiPSCs-0618_CTAACTTCATGGAATA-1	0.14227165	0.14676371	1	ambiguous	0	0	1
GSM7230012_hCiPSCs-0618_CTAACTTGTGCCAAGA-1	0.6313307	0.6128967	1	ambiguous	0	0	1
GSM7230012_hCiPSCs-0618_CTAACTTGTTAACAGA-1	0.72730494	0.70437187	1	ambiguous	0	0	1
GSM7230012_hCiPSCs-0618_CTAACTTGTTTGTTGG-1	0.6426882	0.6237218	1	ambiguous	0	0	1
GSM7230012_hCiPSCs-0618_CTAACTTTCATGGTAC-1	0.61007404	0.59263647	1	ambiguous	0	0	1
GSM7230012_hCiPSCs-0618_CTAACTTTCTGGCTGG-1	0.60064834	0.5836527	1	ambiguous	0	0	1
GSM7230012_hCiPSCs-0618_CTAAGTGAGATCACTC-1	0.10311514	0.10944278	1	failure	0	1	0
GSM7230012_hCiPSCs-0618_CTAAGTGAGCCGTAAG-1	0.061927043	0.07018549	1	failure	0	1	0
GSM7230012_hCiPSCs-0618_CTAAGTGAGGTCATTC-1	0.23617285	0.23626302	1	ambiguous	0	0	1
GSM7230012_hCiPSCs-0618_CTAAGTGCAAGGAGTC-1	0.65033877	0.6310137	1	ambiguous	0	0	1
GSM7230012_hCiPSCs-0618_CTAAGTGCAAGTTGGG-1	0.104236476	0.11051154	1	failure	0	1	0
GSM7230012_hCiPSCs-0618_CTAAGTGCAGATACCT-1	0.6257315	0.60756	1	ambiguous	0	0	1
GSM7230012_hCiPSCs-0618_CTAAGTGGTCAGCTTA-1	0.13134691	0.1363511	1	ambiguous	0	0	1
GSM7230012_hCiPSCs-0618_CTAAGTGGTCCTGGTG-1	0.58422405	0.5679983	1	ambiguous	0	0	1
GSM7230012_hCiPSCs-0618_CTAAGTGGTCTACATG-1	0.5834028	0.5672155	1	ambiguous	0	0	1
GSM7230012_hCiPSCs-0618_CTAAGTGGTTCCGGTG-1	0.6637191	0.64376676	1	ambiguous	0	0	1
GSM7230012_hCiPSCs-0618_CTAAGTGGTTGTGCCG-1	0.11614657	0.12186332	1	ambiguous	0	0	1
GSM7230012_hCiPSCs-0618_CTAAGTGTCCATTGCC-1	0.5631465	0.5479087	1	ambiguous	0	0	1
GSM7230012_hCiPSCs-0618_CTAAGTGTCGACCACG-1	0.7252654	0.70242786	1	ambiguous	0	0	1
GSM7230012_hCiPSCs-0618_CTAAGTGTCGGTAAGG-1	0.5807692	0.5647054	1	ambiguous	0	0	1
GSM7230012_hCiPSCs-0618_CTACAGACAGCATGCC-1	0.64386934	0.62484753	1	ambiguous	0	0	1
GSM7230012_hCiPSCs-0618_CTACAGAGTCAAGGCA-1	0.6219698	0.6039746	1	ambiguous	0	0	1
GSM7230012_hCiPSCs-0618_CTACAGAGTGTCATGT-1	0.50525826	0.49273428	1	ambiguous	0	0	1
GSM7230012_hCiPSCs-0618_CTACAGAGTGTCCTAA-1	0.13080437	0.135834	1	ambiguous	0	0	1
GSM7230012_hCiPSCs-0618_CTACAGAGTTCGCGTG-1	0.76353186	0.73890054	1	success	1	0	0
GSM7230012_hCiPSCs-0618_CTACAGAGTTGATCGT-1	0.7150771	0.6927172	1	ambiguous	0	0	1
GSM7230012_hCiPSCs-0618_CTACAGATCCATGAGT-1	0.6008712	0.58386505	1	ambiguous	0	0	1
GSM7230012_hCiPSCs-0618_CTACAGATCTCCGCAT-1	0.19011278	0.19236214	1	ambiguous	0	0	1
GSM7230012_hCiPSCs-0618_CTACAGATCTCCTGTG-1	0.8571686	0.82814777	1	success	1	0	0
GSM7230012_hCiPSCs-0618_CTACATTAGCCTATCA-1	0.7672392	0.7424341	1	success	1	0	0
GSM7230012_hCiPSCs-0618_CTACATTAGGTTCCAT-1	0.74506307	0.72129744	1	ambiguous	0	0	1
GSM7230012_hCiPSCs-0618_CTACATTAGTCACGCC-1	0.6446795	0.6256197	1	ambiguous	0	0	1
GSM7230012_hCiPSCs-0618_CTACATTCAAAGGCGT-1	0.6716111	0.6512888	1	ambiguous	0	0	1
GSM7230012_hCiPSCs-0618_CTACATTCATCTCAAG-1	0.6123525	0.5948081	1	ambiguous	0	0	1
GSM7230012_hCiPSCs-0618_CTACATTGTAGCTCGC-1	0.63263315	0.61413807	1	ambiguous	0	0	1
GSM7230012_hCiPSCs-0618_CTACATTGTGTCCATA-1	0.7849507	0.75931525	1	success	1	0	0
GSM7230012_hCiPSCs-0618_CTACATTTCCTATGGA-1	0.1381133	0.1428003	1	ambiguous	0	0	1
GSM7230012_hCiPSCs-0618_CTACATTTCGAGAGAC-1	0.71383566	0.691534	1	ambiguous	0	0	1
GSM7230012_hCiPSCs-0618_CTACCCAAGCACTCGC-1	0.62564987	0.60748214	1	ambiguous	0	0	1
GSM7230012_hCiPSCs-0618_CTACCCAAGCTTACGT-1	0.46134415	0.45087874	1	ambiguous	0	0	1
GSM7230012_hCiPSCs-0618_CTACCCAAGTGTACAA-1	0.8425706	0.8142341	1	success	1	0	0
GSM7230012_hCiPSCs-0618_CTACCCAAGTTGTAAG-1	0.797829	0.7715899	1	success	1	0	0
GSM7230012_hCiPSCs-0618_CTACCCACACGGCACT-1	0.63137907	0.61294276	1	ambiguous	0	0	1
GSM7230012_hCiPSCs-0618_CTACCCAGTATACCTG-1	0.57472014	0.55893993	1	ambiguous	0	0	1
GSM7230012_hCiPSCs-0618_CTACCCAGTGACAACG-1	0.68413854	0.663229	1	ambiguous	0	0	1
GSM7230012_hCiPSCs-0618_CTACCCAGTGTGTCGC-1	0.7782854	0.7529624	1	success	1	0	0
GSM7230012_hCiPSCs-0618_CTACCCATCAACTTTC-1	0.646797	0.6276379	1	ambiguous	0	0	1
GSM7230012_hCiPSCs-0618_CTACCCATCAGATTGC-1	0.1273434	0.13253526	1	ambiguous	0	0	1
GSM7230012_hCiPSCs-0618_CTACCCATCCTTATCA-1	0.1538137	0.15776469	1	ambiguous	0	0	1
GSM7230012_hCiPSCs-0618_CTACCCATCGTCCATC-1	0.75742453	0.7330795	1	success	1	0	0
GSM7230012_hCiPSCs-0618_CTACCCATCTAAGAAG-1	0.7391125	0.7156259	1	ambiguous	0	0	1
GSM7230012_hCiPSCs-0618_CTACCCATCTGGTCAA-1	0.7157549	0.69336325	1	ambiguous	0	0	1
GSM7230012_hCiPSCs-0618_CTACCTGAGTCACGAG-1	0.7643815	0.73971033	1	success	1	0	0
GSM7230012_hCiPSCs-0618_CTACCTGCATTCGATG-1	0.19435117	0.19640183	1	ambiguous	0	0	1
GSM7230012_hCiPSCs-0618_CTACCTGGTCTGTGTA-1	0.19434182	0.19639294	1	ambiguous	0	0	1
GSM7230012_hCiPSCs-0618_CTACCTGGTGTCTCCT-1	0.14859885	0.1527943	1	ambiguous	0	0	1
GSM7230012_hCiPSCs-0618_CTACCTGTCGTCTAAG-1	0.5675548	0.55211043	1	ambiguous	0	0	1
GSM7230012_hCiPSCs-0618_CTACCTGTCTTACCAT-1	0.60142475	0.5843926	1	ambiguous	0	0	1
GSM7230012_hCiPSCs-0618_CTACGGGAGAATGTTG-1	0.61151224	0.59400725	1	ambiguous	0	0	1
GSM7230012_hCiPSCs-0618_CTACGGGAGACATAGT-1	0.6903795	0.66917735	1	ambiguous	0	0	1
GSM7230012_hCiPSCs-0618_CTACGGGAGCAAGTGC-1	0.56791055	0.5524495	1	ambiguous	0	0	1
GSM7230012_hCiPSCs-0618_CTACGGGAGGTCCAGA-1	0.14487766	0.14924754	1	ambiguous	0	0	1
GSM7230012_hCiPSCs-0618_CTACGGGCAACCCTAA-1	0.7724047	0.74735737	1	success	1	0	0
GSM7230012_hCiPSCs-0618_CTACGGGCACATGTTG-1	0.23769131	0.23771028	1	ambiguous	0	0	1
GSM7230012_hCiPSCs-0618_CTACGGGCACGAAGAC-1	0.21642864	0.21744436	1	ambiguous	0	0	1
GSM7230012_hCiPSCs-0618_CTACGGGCATCTGTTT-1	0.11243739	0.11832801	1	ambiguous	0	0	1
GSM7230012_hCiPSCs-0618_CTACGGGCATGACAAA-1	0.7736587	0.7485526	1	success	1	0	0
GSM7230012_hCiPSCs-0618_CTACGGGGTAATTGGA-1	0.49942687	0.4871762	1	ambiguous	0	0	1
GSM7230012_hCiPSCs-0618_CTACGGGGTGCAGATG-1	0.7310341	0.70792615	1	ambiguous	0	0	1
GSM7230012_hCiPSCs-0618_CTACGGGTCATGCCGG-1	0.66960037	0.6493723	1	ambiguous	0	0	1
GSM7230012_hCiPSCs-0618_CTACGGGTCGCTGCGA-1	0.095557325	0.10223925	1	failure	0	1	0
GSM7230012_hCiPSCs-0618_CTACTATAGACGGAAA-1	0.5930641	0.57642394	1	ambiguous	0	0	1
GSM7230012_hCiPSCs-0618_CTACTATAGTAATTGG-1	0.5224535	0.5091234	1	ambiguous	0	0	1
GSM7230012_hCiPSCs-0618_CTACTATAGTTCATCG-1	0.09090459	0.097804636	1	failure	0	1	0
GSM7230012_hCiPSCs-0618_CTACTATCATATCGGT-1	0.56023467	0.5451335	1	ambiguous	0	0	1
GSM7230012_hCiPSCs-0618_CTACTATGTACTCGCG-1	0.62263113	0.6046049	1	ambiguous	0	0	1
GSM7230012_hCiPSCs-0618_CTACTATGTCGAGTTT-1	0.7094476	0.68735164	1	ambiguous	0	0	1
GSM7230012_hCiPSCs-0618_CTACTATTCCGGCTTT-1	0.17523892	0.17818554	1	ambiguous	0	0	1
GSM7230012_hCiPSCs-0618_CTACTATTCGGCTGGT-1	0.11406994	0.11988404	1	ambiguous	0	0	1
GSM7230012_hCiPSCs-0618_CTAGACAAGGCTGTAG-1	0.7124749	0.690237	1	ambiguous	0	0	1
GSM7230012_hCiPSCs-0618_CTAGACAAGTTGCCTA-1	0.7856396	0.75997186	1	success	1	0	0
GSM7230012_hCiPSCs-0618_CTAGACACATCTGTTT-1	0.12408134	0.12942612	1	ambiguous	0	0	1
GSM7230012_hCiPSCs-0618_CTAGACAGTGATCATC-1	0.7299913	0.7069323	1	ambiguous	0	0	1
GSM7230012_hCiPSCs-0618_CTAGACAGTGCTCGTG-1	0.73444176	0.7111741	1	ambiguous	0	0	1
GSM7230012_hCiPSCs-0618_CTAGACAGTTGTTGCA-1	0.5240786	0.51067233	1	ambiguous	0	0	1
GSM7230012_hCiPSCs-0618_CTAGACATCACGGGAA-1	0.7351934	0.7118905	1	ambiguous	0	0	1
GSM7230012_hCiPSCs-0618_CTAGACATCCCAACTC-1	0.11159714	0.11752716	1	ambiguous	0	0	1
GSM7230012_hCiPSCs-0618_CTAGACATCGAACGCC-1	0.72640306	0.7035122	1	ambiguous	0	0	1
GSM7230012_hCiPSCs-0618_CTAGACATCGACGAGA-1	0.15034603	0.15445957	1	ambiguous	0	0	1
GSM7230012_hCiPSCs-0618_CTAGGTAAGCACACAG-1	0.42914864	0.4201925	1	ambiguous	0	0	1
GSM7230012_hCiPSCs-0618_CTAGGTAAGCCGGATA-1	0.47240064	0.46141693	1	ambiguous	0	0	1
GSM7230012_hCiPSCs-0618_CTAGGTAAGGAGAGTA-1	0.43374184	0.42457038	1	ambiguous	0	0	1
GSM7230012_hCiPSCs-0618_CTAGGTACATAATCCG-1	0.09152454	0.09839552	1	failure	0	1	0
GSM7230012_hCiPSCs-0618_CTAGGTAGTATGAGCG-1	0.55430907	0.5394857	1	ambiguous	0	0	1
GSM7230012_hCiPSCs-0618_CTAGGTATCAGTGATC-1	0.7258278	0.70296395	1	ambiguous	0	0	1
GSM7230012_hCiPSCs-0618_CTAGGTATCATGCCAA-1	0.5804343	0.56438625	1	ambiguous	0	0	1
GSM7230012_hCiPSCs-0618_CTAGGTATCCTAGCCT-1	0.6642918	0.6443126	1	ambiguous	0	0	1
GSM7230012_hCiPSCs-0618_CTAGGTATCGATACGT-1	0.21562353	0.21667701	1	ambiguous	0	0	1
GSM7230012_hCiPSCs-0618_CTATAGGAGGTTCTTG-1	0.74256825	0.71891963	1	ambiguous	0	0	1
GSM7230012_hCiPSCs-0618_CTATAGGAGTATGAGT-1	0.14071605	0.14528103	1	ambiguous	0	0	1
GSM7230012_hCiPSCs-0618_CTATAGGCAATCAAGA-1	0.16326451	0.16677247	1	ambiguous	0	0	1
GSM7230012_hCiPSCs-0618_CTATAGGCAATTCACG-1	0.4399693	0.4305059	1	ambiguous	0	0	1
GSM7230012_hCiPSCs-0618_CTATAGGGTCATATGC-1	0.59825504	0.58137155	1	ambiguous	0	0	1
GSM7230012_hCiPSCs-0618_CTATAGGTCCGATCTC-1	0.74800533	0.72410184	1	ambiguous	0	0	1
GSM7230012_hCiPSCs-0618_CTATCCGAGAGTGACC-1	0.7336972	0.7104644	1	ambiguous	0	0	1
GSM7230012_hCiPSCs-0618_CTATCCGCAAACGAGC-1	0.16761038	0.1709146	1	ambiguous	0	0	1
GSM7230012_hCiPSCs-0618_CTATCCGGTCAGACGA-1	0.6322152	0.6137397	1	ambiguous	0	0	1
GSM7230012_hCiPSCs-0618_CTATCCGGTGGGTCAA-1	0.51478976	0.50181895	1	ambiguous	0	0	1
GSM7230012_hCiPSCs-0618_CTATCCGGTTCTTGCC-1	0.2697779	0.2682927	1	ambiguous	0	0	1
GSM7230012_hCiPSCs-0618_CTATCCGTCAGGAGAC-1	0.6317972	0.61334133	1	ambiguous	0	0	1
GSM7230012_hCiPSCs-0618_CTATCCGTCCATGATG-1	0.10846442	0.11454129	1	ambiguous	0	0	1
GSM7230012_hCiPSCs-0618_CTATCCGTCCCTCTTT-1	0.69006944	0.6688819	1	ambiguous	0	0	1
GSM7230012_hCiPSCs-0618_CTATCCGTCGCATGAT-1	0.4005671	0.3929508	1	ambiguous	0	0	1
GSM7230012_hCiPSCs-0618_CTATCCGTCGGAATGG-1	0.068826385	0.0767614	1	failure	0	1	0
GSM7230012_hCiPSCs-0618_CTATCTAAGGCACGAT-1	0.42905596	0.42010415	1	ambiguous	0	0	1
GSM7230012_hCiPSCs-0618_CTATCTAAGGCATGCA-1	0.5630467	0.5478137	1	ambiguous	0	0	1
GSM7230012_hCiPSCs-0618_CTATCTAAGGTTGGAC-1	0.14136213	0.14589684	1	ambiguous	0	0	1
GSM7230012_hCiPSCs-0618_CTATCTACAAGAATGT-1	0.632708	0.6142094	1	ambiguous	0	0	1
GSM7230012_hCiPSCs-0618_CTATCTACACCAGTAT-1	0.0973626	0.1039599	1	failure	0	1	0
GSM7230012_hCiPSCs-0618_CTATCTAGTAGGATAT-1	0.49387494	0.48188457	1	ambiguous	0	0	1
GSM7230012_hCiPSCs-0618_CTATCTAGTCGATGCC-1	0.61895734	0.60110337	1	ambiguous	0	0	1
GSM7230012_hCiPSCs-0618_CTATCTAGTGAGTAAT-1	0.51049745	0.49772784	1	ambiguous	0	0	1
GSM7230012_hCiPSCs-0618_CTATCTATCTGACCCT-1	0.05399727	0.06262745	1	failure	0	1	0
GSM7230012_hCiPSCs-0618_CTATCTATCTGGGAGA-1	0.55718213	0.542224	1	ambiguous	0	0	1
GSM7230012_hCiPSCs-0618_CTATCTATCTTGGAAC-1	0.64980346	0.6305035	1	ambiguous	0	0	1
GSM7230012_hCiPSCs-0618_CTCAACCAGCAACAAT-1	0.7246483	0.7018397	1	ambiguous	0	0	1
GSM7230012_hCiPSCs-0618_CTCAACCAGCTCTATG-1	0.784692	0.75906867	1	success	1	0	0
GSM7230012_hCiPSCs-0618_CTCAACCAGCTGGAGT-1	0.15726082	0.16105022	1	ambiguous	0	0	1
GSM7230012_hCiPSCs-0618_CTCAACCGTGAGGATC-1	0.1735286	0.17655538	1	ambiguous	0	0	1
GSM7230012_hCiPSCs-0618_CTCAACCTCAATCGGT-1	0.6903882	0.6691857	1	ambiguous	0	0	1
GSM7230012_hCiPSCs-0618_CTCAACCTCAGCTTGA-1	0.6297347	0.61137545	1	ambiguous	0	0	1
GSM7230012_hCiPSCs-0618_CTCAACCTCGGTTGTA-1	0.033222105	0.042826183	1	failure	0	1	0
GSM7230012_hCiPSCs-0618_CTCAAGAAGATTGATG-1	0.55279565	0.5380432	1	ambiguous	0	0	1
GSM7230012_hCiPSCs-0618_CTCAAGAAGGAACGAA-1	0.6227281	0.60469735	1	ambiguous	0	0	1
GSM7230012_hCiPSCs-0618_CTCAAGACACCCTCTA-1	0.100154005	0.106620446	1	failure	0	1	0
GSM7230012_hCiPSCs-0618_CTCAAGACACCTCTAC-1	0.6283029	0.6100108	1	ambiguous	0	0	1
GSM7230012_hCiPSCs-0618_CTCAAGACATGTTCGA-1	0.60473645	0.5875491	1	ambiguous	0	0	1
GSM7230012_hCiPSCs-0618_CTCAAGAGTGTACGCC-1	0.107513845	0.11363528	1	failure	0	1	0
GSM7230012_hCiPSCs-0618_CTCAAGAGTTTACTTC-1	0.104464404	0.110728785	1	failure	0	1	0
GSM7230012_hCiPSCs-0618_CTCAAGATCGGACAAG-1	0.5216422	0.5083502	1	ambiguous	0	0	1
GSM7230012_hCiPSCs-0618_CTCAAGATCGTAATGC-1	0.45657128	0.44632962	1	ambiguous	0	0	1
GSM7230012_hCiPSCs-0618_CTCAAGATCTATACTC-1	0.7224633	0.69975716	1	ambiguous	0	0	1
GSM7230012_hCiPSCs-0618_CTCAATTAGCCGAACA-1	0.7661719	0.74141675	1	success	1	0	0
GSM7230012_hCiPSCs-0618_CTCAATTAGTTTCGAC-1	0.6886736	0.66755146	1	ambiguous	0	0	1
GSM7230012_hCiPSCs-0618_CTCAATTCAGTAGAGC-1	0.11616002	0.121876135	1	ambiguous	0	0	1
GSM7230012_hCiPSCs-0618_CTCAATTCATACTGTG-1	0.27219778	0.2705992	1	ambiguous	0	0	1
GSM7230012_hCiPSCs-0618_CTCAATTCATGACAAA-1	0.60592204	0.5886791	1	ambiguous	0	0	1
GSM7230012_hCiPSCs-0618_CTCAATTTCAAGCCTA-1	0.14517759	0.14953342	1	ambiguous	0	0	1
GSM7230012_hCiPSCs-0618_CTCAATTTCCACCTCA-1	0.15269098	0.15669459	1	ambiguous	0	0	1
GSM7230012_hCiPSCs-0618_CTCAATTTCCACTGGG-1	0.67640567	0.6558586	1	ambiguous	0	0	1
GSM7230012_hCiPSCs-0618_CTCAATTTCCCGAATA-1	0.77348727	0.74838924	1	success	1	0	0
GSM7230012_hCiPSCs-0618_CTCAATTTCCGTCAAA-1	0.53899217	0.5248868	1	ambiguous	0	0	1
GSM7230012_hCiPSCs-0618_CTCACTGCAGCACACC-1	0.12650152	0.13173284	1	ambiguous	0	0	1
GSM7230012_hCiPSCs-0618_CTCACTGGTAACGTTC-1	0.117137514	0.12280781	1	ambiguous	0	0	1
GSM7230012_hCiPSCs-0618_CTCACTGGTACGTGAG-1	0.12669945	0.1319215	1	ambiguous	0	0	1
GSM7230012_hCiPSCs-0618_CTCACTGGTGATTGGG-1	0.6088859	0.591504	1	ambiguous	0	0	1
GSM7230012_hCiPSCs-0618_CTCACTGGTGTATCCA-1	0.6573112	0.63765925	1	ambiguous	0	0	1
GSM7230012_hCiPSCs-0618_CTCACTGTCCAAATGC-1	0.5426051	0.5283303	1	ambiguous	0	0	1
GSM7230012_hCiPSCs-0618_CTCACTGTCCTGGGTG-1	0.8902074	0.8596378	1	success	1	0	0
GSM7230012_hCiPSCs-0618_CTCACTGTCCTTACCG-1	0.12632322	0.13156292	1	ambiguous	0	0	1
GSM7230012_hCiPSCs-0618_CTCACTGTCGTTCATT-1	0.50944334	0.49672315	1	ambiguous	0	0	1
GSM7230012_hCiPSCs-0618_CTCACTGTCTTTGCAT-1	1.0	0.9642835	1	success	1	0	0
GSM7230012_hCiPSCs-0618_CTCAGAAAGAGGCGTT-1	0.5281513	0.5145541	1	ambiguous	0	0	1
GSM7230012_hCiPSCs-0618_CTCAGAAAGCAAGCCA-1	0.09200764	0.09885597	1	failure	0	1	0
GSM7230012_hCiPSCs-0618_CTCAGAAAGGGACCAT-1	0.63153887	0.6130951	1	ambiguous	0	0	1
GSM7230012_hCiPSCs-0618_CTCAGAACAAGCAATA-1	0.82837975	0.8007085	1	success	1	0	0
GSM7230012_hCiPSCs-0618_CTCAGAACAAGGCGTA-1	0.15080883	0.15490067	1	ambiguous	0	0	1
GSM7230012_hCiPSCs-0618_CTCAGAACACAGGATG-1	0.40457648	0.39677224	1	ambiguous	0	0	1
GSM7230012_hCiPSCs-0618_CTCAGAACAGTTAGAA-1	0.5035403	0.49109682	1	ambiguous	0	0	1
GSM7230012_hCiPSCs-0618_CTCAGAAGTAGCCCTG-1	0.1432487	0.14769496	1	ambiguous	0	0	1
GSM7230012_hCiPSCs-0618_CTCAGAAGTGACGCCT-1	0.7096371	0.68753225	1	ambiguous	0	0	1
GSM7230012_hCiPSCs-0618_CTCAGAAGTGTTTACG-1	0.27959898	0.2776534	1	ambiguous	0	0	1
GSM7230012_hCiPSCs-0618_CTCAGAAGTTACTCAG-1	0.3813545	0.37463886	1	ambiguous	0	0	1
GSM7230012_hCiPSCs-0618_CTCAGAAGTTGTTTGG-1	0.54841477	0.5338677	1	ambiguous	0	0	1
GSM7230012_hCiPSCs-0618_CTCAGAATCAACACGT-1	0.6059526	0.5887083	1	ambiguous	0	0	1
GSM7230012_hCiPSCs-0618_CTCAGAATCAAGAATG-1	0.8866749	0.85627085	1	success	1	0	0
GSM7230012_hCiPSCs-0618_CTCAGGGAGCTGAAAT-1	0.15452483	0.15844248	1	ambiguous	0	0	1
GSM7230012_hCiPSCs-0618_CTCAGGGGTACCGGCT-1	0.684018	0.6631141	1	ambiguous	0	0	1
GSM7230012_hCiPSCs-0618_CTCAGGGGTTGGGACA-1	0.5595407	0.544472	1	ambiguous	0	0	1
GSM7230012_hCiPSCs-0618_CTCAGGGGTTTCGTGA-1	0.11825561	0.12387349	1	ambiguous	0	0	1
GSM7230012_hCiPSCs-0618_CTCAGGGTCATAGCAC-1	0.6685668	0.64838725	1	ambiguous	0	0	1
GSM7230012_hCiPSCs-0618_CTCAGGGTCCAAGGGA-1	0.60566527	0.58843434	1	ambiguous	0	0	1
GSM7230012_hCiPSCs-0618_CTCAGGGTCTGGACCG-1	0.14377575	0.1481973	1	ambiguous	0	0	1
GSM7230012_hCiPSCs-0618_CTCAGTCAGCGCATCC-1	0.70708597	0.6851007	1	ambiguous	0	0	1
GSM7230012_hCiPSCs-0618_CTCAGTCAGCTAAGTA-1	0.7192543	0.6966986	1	ambiguous	0	0	1
GSM7230012_hCiPSCs-0618_CTCAGTCAGTACTGTC-1	0.6800878	0.65936816	1	ambiguous	0	0	1
GSM7230012_hCiPSCs-0618_CTCAGTCCAATGAACA-1	0.7329826	0.7097833	1	ambiguous	0	0	1
GSM7230012_hCiPSCs-0618_CTCAGTCCAGAGACTG-1	0.67313665	0.65274286	1	ambiguous	0	0	1
GSM7230012_hCiPSCs-0618_CTCAGTCGTGCAATAA-1	0.6585227	0.63881403	1	ambiguous	0	0	1
GSM7230012_hCiPSCs-0618_CTCAGTCTCCTCTCGA-1	0.13874857	0.1434058	1	ambiguous	0	0	1
GSM7230012_hCiPSCs-0618_CTCATCGAGCGTTCAT-1	0.5605953	0.5454772	1	ambiguous	0	0	1
GSM7230012_hCiPSCs-0618_CTCATCGAGGGAACAA-1	0.70700157	0.6850202	1	ambiguous	0	0	1
GSM7230012_hCiPSCs-0618_CTCATCGAGGTCACCC-1	0.08965539	0.096613996	1	failure	0	1	0
GSM7230012_hCiPSCs-0618_CTCATCGCAACCGACC-1	0.75116146	0.72710997	1	ambiguous	0	0	1
GSM7230012_hCiPSCs-0618_CTCATCGCATCAGTGT-1	0.02115812	0.031327732	1	failure	0	1	0
GSM7230012_hCiPSCs-0618_CTCATCGCATGTGCTA-1	0.729357	0.70632774	1	ambiguous	0	0	1
GSM7230012_hCiPSCs-0618_CTCATCGTCAGTCAGT-1	0.30025572	0.29734182	1	ambiguous	0	0	1
GSM7230012_hCiPSCs-0618_CTCATCGTCCCAGGCA-1	0.8467861	0.8182519	1	success	1	0	0
GSM7230012_hCiPSCs-0618_CTCATCGTCGGACGTC-1	0.58660895	0.5702714	1	ambiguous	0	0	1
GSM7230012_hCiPSCs-0618_CTCATCGTCGGCTGTG-1	0.10988661	0.11589681	1	ambiguous	0	0	1
GSM7230012_hCiPSCs-0618_CTCATCGTCTCGTGAA-1	0.09690205	0.103520945	1	failure	0	1	0
GSM7230012_hCiPSCs-0618_CTCATCGTCTCTATAC-1	0.5791091	0.5631231	1	ambiguous	0	0	1
GSM7230012_hCiPSCs-0618_CTCATCGTCTCTTCAA-1	0.21659154	0.21759963	1	ambiguous	0	0	1
GSM7230012_hCiPSCs-0618_CTCATGCAGACCGTTT-1	0.72217417	0.69948155	1	ambiguous	0	0	1
GSM7230012_hCiPSCs-0618_CTCATGCAGCACCGTC-1	0.48780367	0.47609788	1	ambiguous	0	0	1
GSM7230012_hCiPSCs-0618_CTCATGCAGCATAGGC-1	0.5268388	0.51330316	1	ambiguous	0	0	1
GSM7230012_hCiPSCs-0618_CTCATGCAGCTGAAAT-1	0.7589805	0.7345625	1	success	1	0	0
GSM7230012_hCiPSCs-0618_CTCATGCAGTTGTAGA-1	0.54724437	0.53275216	1	ambiguous	0	0	1
GSM7230012_hCiPSCs-0618_CTCATGCCAAATACAG-1	0.68898124	0.66784465	1	ambiguous	0	0	1
GSM7230012_hCiPSCs-0618_CTCATGCCACGTAGAG-1	0.6693784	0.64916074	1	ambiguous	0	0	1
GSM7230012_hCiPSCs-0618_CTCATGCCACTATGTG-1	0.06452425	0.072660945	1	failure	0	1	0
GSM7230012_hCiPSCs-0618_CTCATGCCACTCCCTA-1	0.14795826	0.15218374	1	ambiguous	0	0	1
GSM7230012_hCiPSCs-0618_CTCATTAAGAAGGATG-1	0.16264515	0.16618213	1	ambiguous	0	0	1
GSM7230012_hCiPSCs-0618_CTCATTAAGTGGTTCT-1	0.60505736	0.587855	1	ambiguous	0	0	1
GSM7230012_hCiPSCs-0618_CTCATTACAACTTGGT-1	0.77099395	0.74601275	1	success	1	0	0
GSM7230012_hCiPSCs-0618_CTCATTACACGCGTCA-1	0.06765937	0.0756491	1	failure	0	1	0
GSM7230012_hCiPSCs-0618_CTCATTACATAAGCGG-1	0.70548177	0.6835717	1	ambiguous	0	0	1
GSM7230012_hCiPSCs-0618_CTCATTAGTCAACGCC-1	0.8756906	0.8458014	1	success	1	0	0
GSM7230012_hCiPSCs-0618_CTCATTAGTCGACTGC-1	0.6273414	0.6090944	1	ambiguous	0	0	1
GSM7230012_hCiPSCs-0618_CTCATTAGTTGAATCC-1	0.64164746	0.62272984	1	ambiguous	0	0	1
GSM7230012_hCiPSCs-0618_CTCATTATCAGACATC-1	0.13298258	0.1379101	1	ambiguous	0	0	1
GSM7230012_hCiPSCs-0618_CTCATTATCAGTCCGG-1	0.7786037	0.7532658	1	success	1	0	0
GSM7230012_hCiPSCs-0618_CTCATTATCCTCTTTC-1	0.9060572	0.87474453	1	success	1	0	0
GSM7230012_hCiPSCs-0618_CTCATTATCGTGGGAA-1	0.7801853	0.75477326	1	success	1	0	0
GSM7230012_hCiPSCs-0618_CTCATTATCTTAGGAC-1	0.6310883	0.61266565	1	ambiguous	0	0	1
GSM7230012_hCiPSCs-0618_CTCATTATCTTCGACC-1	0.10194599	0.10832843	1	failure	0	1	0
GSM7230012_hCiPSCs-0618_CTCCAACAGACCGTTT-1	0.110808365	0.116775356	1	ambiguous	0	0	1
GSM7230012_hCiPSCs-0618_CTCCAACAGCCGTTGC-1	0.12792537	0.13308994	1	ambiguous	0	0	1
GSM7230012_hCiPSCs-0618_CTCCAACAGGTAATCA-1	0.16848104	0.17174445	1	ambiguous	0	0	1
GSM7230012_hCiPSCs-0618_CTCCAACAGTCCTGCG-1	0.73853874	0.715079	1	ambiguous	0	0	1
GSM7230012_hCiPSCs-0618_CTCCAACCAGCTATAC-1	0.06956661	0.07746693	1	failure	0	1	0
GSM7230012_hCiPSCs-0618_CTCCAACGTATCCCAA-1	0.69004345	0.6688571	1	ambiguous	0	0	1
GSM7230012_hCiPSCs-0618_CTCCAACGTATGGAGC-1	0.5970981	0.58026886	1	ambiguous	0	0	1
GSM7230012_hCiPSCs-0618_CTCCAACGTGGCTAGA-1	0.7582019	0.7338204	1	success	1	0	0
GSM7230012_hCiPSCs-0618_CTCCAACGTGTTAGCT-1	0.16710813	0.1704359	1	ambiguous	0	0	1
GSM7230012_hCiPSCs-0618_CTCCAACGTTAAGCAA-1	0.46666014	0.45594552	1	ambiguous	0	0	1
GSM7230012_hCiPSCs-0618_CTCCAACGTTCACGAT-1	0.21352135	0.21467336	1	ambiguous	0	0	1
GSM7230012_hCiPSCs-0618_CTCCAACTCATGCCCT-1	0.37629694	0.3698184	1	ambiguous	0	0	1
GSM7230012_hCiPSCs-0618_CTCCAACTCTGGAAGG-1	0.5649746	0.5496512	1	ambiguous	0	0	1
GSM7230012_hCiPSCs-0618_CTCCACAAGCGCACAA-1	0.66459864	0.6446051	1	ambiguous	0	0	1
GSM7230012_hCiPSCs-0618_CTCCACAAGCGGACAT-1	0.43769255	0.42833588	1	ambiguous	0	0	1
GSM7230012_hCiPSCs-0618_CTCCACAAGGCAGGTT-1	0.14128818	0.14582632	1	ambiguous	0	0	1
GSM7230012_hCiPSCs-0618_CTCCACACAAGGTCGA-1	0.09753461	0.10412385	1	failure	0	1	0
GSM7230012_hCiPSCs-0618_CTCCACACAGCCTACG-1	0.49762592	0.4854597	1	ambiguous	0	0	1
GSM7230012_hCiPSCs-0618_CTCCACAGTGTCATGT-1	0.8107371	0.78389287	1	success	1	0	0
GSM7230012_hCiPSCs-0618_CTCCACAGTTTCAGAC-1	0.46663842	0.45592484	1	ambiguous	0	0	1
GSM7230012_hCiPSCs-0618_CTCCACATCCAGCACG-1	0.66439354	0.6444096	1	ambiguous	0	0	1
GSM7230012_hCiPSCs-0618_CTCCATGCACCAGTTA-1	0.6418133	0.62288785	1	ambiguous	0	0	1
GSM7230012_hCiPSCs-0618_CTCCATGCACTGCGAC-1	0.07720141	0.08474383	1	failure	0	1	0
GSM7230012_hCiPSCs-0618_CTCCATGGTAGATCGG-1	0.6081568	0.5908091	1	ambiguous	0	0	1
GSM7230012_hCiPSCs-0618_CTCCATGGTCCTCCTA-1	0.69723207	0.6757087	1	ambiguous	0	0	1
GSM7230012_hCiPSCs-0618_CTCCATGTCCAAGCCG-1	0.83113784	0.8033373	1	success	1	0	0
GSM7230012_hCiPSCs-0618_CTCCATGTCCAGCACG-1	0.55250806	0.5377691	1	ambiguous	0	0	1
GSM7230012_hCiPSCs-0618_CTCCCAAAGCGACTAG-1	0.16582647	0.16921432	1	ambiguous	0	0	1
GSM7230012_hCiPSCs-0618_CTCCCAAAGTGCTCGC-1	0.64649534	0.62735045	1	ambiguous	0	0	1
GSM7230012_hCiPSCs-0618_CTCCCAAAGTGGAATT-1	0.2532482	0.25253794	1	ambiguous	0	0	1
GSM7230012_hCiPSCs-0618_CTCCCAAGTCGGAACA-1	0.55647826	0.54155314	1	ambiguous	0	0	1
GSM7230012_hCiPSCs-0618_CTCCCAAGTCTTCGAA-1	0.7907194	0.76481354	1	success	1	0	0
GSM7230012_hCiPSCs-0618_CTCCCAAGTGAGCCAA-1	0.6397888	0.62095827	1	ambiguous	0	0	1
GSM7230012_hCiPSCs-0618_CTCCCAATCTGCTTAT-1	0.62745863	0.60920614	1	ambiguous	0	0	1
GSM7230012_hCiPSCs-0618_CTCCCTCAGAAGGTAG-1	0.669576	0.6493491	1	ambiguous	0	0	1
GSM7230012_hCiPSCs-0618_CTCCCTCAGAGCCCAA-1	0.575363	0.5595526	1	ambiguous	0	0	1
GSM7230012_hCiPSCs-0618_CTCCCTCAGCGATTCT-1	0.60696304	0.5896713	1	ambiguous	0	0	1
GSM7230012_hCiPSCs-0618_CTCCCTCAGGGCAGAG-1	0.17903858	0.18180709	1	ambiguous	0	0	1
GSM7230012_hCiPSCs-0618_CTCCCTCCAGTGTGCC-1	0.11315804	0.11901488	1	ambiguous	0	0	1
GSM7230012_hCiPSCs-0618_CTCCCTCGTCGAACGA-1	0.15174381	0.15579183	1	ambiguous	0	0	1
GSM7230012_hCiPSCs-0618_CTCCCTCGTCGAAGCA-1	0.25764126	0.25672504	1	ambiguous	0	0	1
GSM7230012_hCiPSCs-0618_CTCCCTCGTGCAACAG-1	0.20335425	0.20498289	1	ambiguous	0	0	1
GSM7230012_hCiPSCs-0618_CTCCCTCTCATTGCTT-1	0.75122947	0.7271748	1	ambiguous	0	0	1
GSM7230012_hCiPSCs-0618_CTCCCTCTCGGTGTTA-1	0.5799722	0.5639458	1	ambiguous	0	0	1
GSM7230012_hCiPSCs-0618_CTCCGATAGACCGCCT-1	0.11021333	0.11620822	1	ambiguous	0	0	1
GSM7230012_hCiPSCs-0618_CTCCGATAGCTAGCCC-1	0.60628563	0.5890257	1	ambiguous	0	0	1
GSM7230012_hCiPSCs-0618_CTCCGATAGCTTCATG-1	0.70238847	0.6806234	1	ambiguous	0	0	1
GSM7230012_hCiPSCs-0618_CTCCGATAGGACAAGA-1	0.73973054	0.71621495	1	ambiguous	0	0	1
GSM7230012_hCiPSCs-0618_CTCCGATCAAACTGCT-1	0.6521676	0.63275677	1	ambiguous	0	0	1
GSM7230012_hCiPSCs-0618_CTCCGATGTGTCCCTT-1	0.66437197	0.64438903	1	ambiguous	0	0	1
GSM7230012_hCiPSCs-0618_CTCCGATGTTACCGTA-1	0.6806921	0.65994406	1	ambiguous	0	0	1
GSM7230012_hCiPSCs-0618_CTCCTCCAGAGAACCC-1	0.81915283	0.7919141	1	success	1	0	0
GSM7230012_hCiPSCs-0618_CTCCTCCAGCATGGGT-1	0.17367455	0.17669451	1	ambiguous	0	0	1
GSM7230012_hCiPSCs-0618_CTCCTCCAGCCGATTT-1	0.1494621	0.15361708	1	ambiguous	0	0	1
GSM7230012_hCiPSCs-0618_CTCCTCCCACGACAAG-1	0.7133977	0.6911165	1	ambiguous	0	0	1
GSM7230012_hCiPSCs-0618_CTCCTCCCAGCCGTTG-1	0.70179605	0.6800588	1	ambiguous	0	0	1
GSM7230012_hCiPSCs-0618_CTCCTCCCAGTCTCTC-1	0.76200014	0.7374406	1	success	1	0	0
GSM7230012_hCiPSCs-0618_CTCCTCCCAGTGTACT-1	0.45832068	0.447997	1	ambiguous	0	0	1
GSM7230012_hCiPSCs-0618_CTCCTCCCATCCGCGA-1	0.59483534	0.5781121	1	ambiguous	0	0	1
GSM7230012_hCiPSCs-0618_CTCCTCCGTATCATGC-1	0.15502343	0.15891771	1	ambiguous	0	0	1
GSM7230012_hCiPSCs-0618_CTCCTCCGTTTCGATG-1	0.7357912	0.7124602	1	ambiguous	0	0	1
GSM7230012_hCiPSCs-0618_CTCCTCCTCAAGAAAC-1	0.13143587	0.13643588	1	ambiguous	0	0	1
GSM7230012_hCiPSCs-0618_CTCCTCCTCCTGTAAG-1	0.28563887	0.28341016	1	ambiguous	0	0	1
GSM7230012_hCiPSCs-0618_CTCCTCCTCGAAGCCC-1	0.18179184	0.18443127	1	ambiguous	0	0	1
GSM7230012_hCiPSCs-0618_CTCCTTTAGAGAGTGA-1	0.6293306	0.61099035	1	ambiguous	0	0	1
GSM7230012_hCiPSCs-0618_CTCCTTTAGAGTGAAG-1	0.486454	0.4748115	1	ambiguous	0	0	1
GSM7230012_hCiPSCs-0618_CTCCTTTAGCAAACAT-1	0.11395704	0.11977643	1	ambiguous	0	0	1
GSM7230012_hCiPSCs-0618_CTCCTTTAGTCGAGGT-1	0.06312247	0.07132488	1	failure	0	1	0
GSM7230012_hCiPSCs-0618_CTCCTTTCAACACTAC-1	0.7954458	0.7693184	1	success	1	0	0
GSM7230012_hCiPSCs-0618_CTCCTTTCAACCCTAA-1	0.6758923	0.6553693	1	ambiguous	0	0	1
GSM7230012_hCiPSCs-0618_CTCCTTTCAAGATGGC-1	0.5587494	0.5437178	1	ambiguous	0	0	1
GSM7230012_hCiPSCs-0618_CTCCTTTCAGCTGAAG-1	0.70548254	0.6835724	1	ambiguous	0	0	1
GSM7230012_hCiPSCs-0618_CTCCTTTCAGGGTCTC-1	0.76537216	0.7406545	1	success	1	0	0
GSM7230012_hCiPSCs-0618_CTCCTTTCATTAAGCC-1	0.80820364	0.78147817	1	success	1	0	0
GSM7230012_hCiPSCs-0618_CTCCTTTGTAGCGAGT-1	0.16033658	0.1639818	1	ambiguous	0	0	1
GSM7230012_hCiPSCs-0618_CTCCTTTGTGCCCACA-1	0.34533167	0.3403047	1	ambiguous	0	0	1
GSM7230012_hCiPSCs-0618_CTCCTTTTCCACGGAC-1	0.124492355	0.12981787	1	ambiguous	0	0	1
GSM7230012_hCiPSCs-0618_CTCCTTTTCCTACGAA-1	0.10253813	0.10889282	1	failure	0	1	0
GSM7230012_hCiPSCs-0618_CTCCTTTTCTTAGTTC-1	0.5521851	0.5374613	1	ambiguous	0	0	1
GSM7230012_hCiPSCs-0618_CTCGAGGAGCACCTGC-1	0.85580796	0.8268509	1	success	1	0	0
GSM7230012_hCiPSCs-0618_CTCGAGGAGGTCCAGA-1	0.11851253	0.12411837	1	ambiguous	0	0	1
GSM7230012_hCiPSCs-0618_CTCGAGGAGGTCGTCC-1	0.6134476	0.5958519	1	ambiguous	0	0	1
GSM7230012_hCiPSCs-0618_CTCGAGGCAATGGCAG-1	0.17354345	0.17656955	1	ambiguous	0	0	1
GSM7230012_hCiPSCs-0618_CTCGAGGCAGTTGCGC-1	0.6913723	0.6701236	1	ambiguous	0	0	1
GSM7230012_hCiPSCs-0618_CTCGAGGGTGTGAATA-1	0.36592564	0.35993326	1	ambiguous	0	0	1
GSM7230012_hCiPSCs-0618_CTCGAGGTCCATGATG-1	0.6344186	0.61583984	1	ambiguous	0	0	1
GSM7230012_hCiPSCs-0618_CTCGAGGTCGGCAGTC-1	0.65732366	0.6376711	1	ambiguous	0	0	1
GSM7230012_hCiPSCs-0618_CTCGAGGTCTCAACCC-1	0.18083233	0.18351674	1	ambiguous	0	0	1
GSM7230012_hCiPSCs-0618_CTCGAGGTCTTTCAGT-1	0.6591607	0.63942206	1	ambiguous	0	0	1
GSM7230012_hCiPSCs-0618_CTCTCAGAGGGAGAAT-1	0.62958	0.6112281	1	ambiguous	0	0	1
GSM7230012_hCiPSCs-0618_CTCTCAGAGTGGGAAA-1	0.10982895	0.11584185	1	ambiguous	0	0	1
GSM7230012_hCiPSCs-0618_CTCTCAGAGTTAGTGA-1	0.40451983	0.39671823	1	ambiguous	0	0	1
GSM7230012_hCiPSCs-0618_CTCTCAGCACGAAAGC-1	0.2258857	0.22645812	1	ambiguous	0	0	1
GSM7230012_hCiPSCs-0618_CTCTCAGCATGACAGG-1	0.5621007	0.5469121	1	ambiguous	0	0	1
GSM7230012_hCiPSCs-0618_CTCTCAGGTCAATCTG-1	0.16171102	0.1652918	1	ambiguous	0	0	1
GSM7230012_hCiPSCs-0618_CTCTCAGGTCTTCCGT-1	0.7311879	0.7080727	1	ambiguous	0	0	1
GSM7230012_hCiPSCs-0618_CTCTCAGTCAGACCGC-1	0.7637425	0.7391013	1	success	1	0	0
GSM7230012_hCiPSCs-0618_CTCTCAGTCGGAGATG-1	0.6455849	0.62648267	1	ambiguous	0	0	1
GSM7230012_hCiPSCs-0618_CTCTCGAAGAAGGATG-1	0.67291987	0.6525362	1	ambiguous	0	0	1
GSM7230012_hCiPSCs-0618_CTCTCGAAGGACATCG-1	0.12688185	0.13209535	1	ambiguous	0	0	1
GSM7230012_hCiPSCs-0618_CTCTCGACACAATGAA-1	0.10767799	0.11379173	1	ambiguous	0	0	1
GSM7230012_hCiPSCs-0618_CTCTCGAGTGGTATGG-1	0.5614183	0.5462616	1	ambiguous	0	0	1
GSM7230012_hCiPSCs-0618_CTCTCGATCGCATTGA-1	0.102829956	0.10917096	1	failure	0	1	0
GSM7230012_hCiPSCs-0618_CTCTGGTAGAAGATCT-1	0.094682544	0.10140548	1	failure	0	1	0
GSM7230012_hCiPSCs-0618_CTCTGGTAGTCGAAAT-1	0.13676456	0.14151478	1	ambiguous	0	0	1
GSM7230012_hCiPSCs-0618_CTCTGGTCAAGTCCCG-1	0.12841292	0.13355464	1	ambiguous	0	0	1
GSM7230012_hCiPSCs-0618_CTCTGGTCACGTAACT-1	0.5971109	0.580281	1	ambiguous	0	0	1
GSM7230012_hCiPSCs-0618_CTCTGGTTCAGCCTTC-1	0.7388626	0.71538764	1	ambiguous	0	0	1
GSM7230012_hCiPSCs-0618_CTCTGGTTCGCAGTGC-1	0.7166978	0.6942619	1	ambiguous	0	0	1
GSM7230012_hCiPSCs-0618_CTCTGGTTCTTAAGGC-1	0.04540604	0.05443896	1	failure	0	1	0
GSM7230012_hCiPSCs-0618_CTCTGGTTCTTTCTAG-1	0.08929934	0.09627463	1	failure	0	1	0
GSM7230012_hCiPSCs-0618_CTGAATGAGAGCCGAT-1	0.17241684	0.17549574	1	ambiguous	0	0	1
GSM7230012_hCiPSCs-0618_CTGAATGAGGCCTAAG-1	0.23932648	0.23926881	1	ambiguous	0	0	1
GSM7230012_hCiPSCs-0618_CTGAATGAGGTAGGCT-1	0.2667256	0.2653835	1	ambiguous	0	0	1
GSM7230012_hCiPSCs-0618_CTGAATGAGTTGAAAC-1	0.6790244	0.6583546	1	ambiguous	0	0	1
GSM7230012_hCiPSCs-0618_CTGAATGCACCAATTG-1	0.1827228	0.18531859	1	ambiguous	0	0	1
GSM7230012_hCiPSCs-0618_CTGAATGCAGCCCAGT-1	0.7354823	0.71216583	1	ambiguous	0	0	1
GSM7230012_hCiPSCs-0618_CTGAATGCATCCGTGG-1	0.5610895	0.54594827	1	ambiguous	0	0	1
GSM7230012_hCiPSCs-0618_CTGAATGGTAGCTTTG-1	0.07022126	0.07809089	1	failure	0	1	0
GSM7230012_hCiPSCs-0618_CTGAATGGTGCACATT-1	0.66508675	0.6450703	1	ambiguous	0	0	1
GSM7230012_hCiPSCs-0618_CTGAATGGTTAGGGTG-1	0.5194855	0.50629455	1	ambiguous	0	0	1
GSM7230012_hCiPSCs-0618_CTGAATGGTTGGCTAT-1	0.1547793	0.15868501	1	ambiguous	0	0	1
GSM7230012_hCiPSCs-0618_CTGAATGTCGCTTACC-1	0.099327005	0.10583222	1	failure	0	1	0
GSM7230012_hCiPSCs-0618_CTGAATGTCGGCCTTT-1	0.6730834	0.65269214	1	ambiguous	0	0	1
GSM7230012_hCiPSCs-0618_CTGAATGTCTGAGCAT-1	0.7157901	0.69339675	1	ambiguous	0	0	1
GSM7230012_hCiPSCs-0618_CTGAGCGAGAAGGGAT-1	0.5655312	0.55018175	1	ambiguous	0	0	1
GSM7230012_hCiPSCs-0618_CTGAGCGAGATCACTC-1	0.7753442	0.75015914	1	success	1	0	0
GSM7230012_hCiPSCs-0618_CTGAGCGCAAACCACT-1	0.7693612	0.7444566	1	success	1	0	0
GSM7230012_hCiPSCs-0618_CTGAGCGCACACCGAC-1	0.7989045	0.7726149	1	success	1	0	0
GSM7230012_hCiPSCs-0618_CTGAGGCAGACTTCGT-1	0.6174538	0.5996703	1	ambiguous	0	0	1
GSM7230012_hCiPSCs-0618_CTGAGGCAGCACCGTC-1	0.7464133	0.7225844	1	ambiguous	0	0	1
GSM7230012_hCiPSCs-0618_CTGAGGCAGCTGACAG-1	0.8635923	0.8342703	1	success	1	0	0
GSM7230012_hCiPSCs-0618_CTGAGGCAGGGTAATT-1	0.6961214	0.6746501	1	ambiguous	0	0	1
GSM7230012_hCiPSCs-0618_CTGAGGCCAACAAGTA-1	0.6504329	0.6311034	1	ambiguous	0	0	1
GSM7230012_hCiPSCs-0618_CTGAGGCCACGATTCA-1	0.09157924	0.09844766	1	failure	0	1	0
GSM7230012_hCiPSCs-0618_CTGAGGCCATGTACGT-1	0.6591584	0.6394199	1	ambiguous	0	0	1
GSM7230012_hCiPSCs-0618_CTGAGGCCATGTTTGG-1	0.15144616	0.15550815	1	ambiguous	0	0	1
GSM7230012_hCiPSCs-0618_CTGAGGCGTAAGTCAA-1	0.68059856	0.65985495	1	ambiguous	0	0	1
GSM7230012_hCiPSCs-0618_CTGAGGCGTTTGACAC-1	0.5439135	0.5295774	1	ambiguous	0	0	1
GSM7230012_hCiPSCs-0618_CTGATCCAGAAATGGG-1	0.73995924	0.7164329	1	ambiguous	0	0	1
GSM7230012_hCiPSCs-0618_CTGATCCAGATGCCGA-1	0.47119612	0.46026888	1	ambiguous	0	0	1
GSM7230012_hCiPSCs-0618_CTGATCCAGCCTCAAT-1	0.5991301	0.5822056	1	ambiguous	0	0	1
GSM7230012_hCiPSCs-0618_CTGATCCAGGGTAGCT-1	0.71085155	0.6886897	1	ambiguous	0	0	1
GSM7230012_hCiPSCs-0618_CTGATCCCAAGGTCAG-1	0.5629961	0.5477655	1	ambiguous	0	0	1
GSM7230012_hCiPSCs-0618_CTGATCCCAGCGACAA-1	0.12394449	0.12929569	1	ambiguous	0	0	1
GSM7230012_hCiPSCs-0618_CTGATCCGTCCCGGTA-1	0.6060905	0.58883965	1	ambiguous	0	0	1
GSM7230012_hCiPSCs-0618_CTGATCCTCAGACCCG-1	0.601411	0.5843795	1	ambiguous	0	0	1
GSM7230012_hCiPSCs-0618_CTGATCCTCCACACCT-1	0.3509561	0.34566545	1	ambiguous	0	0	1
GSM7230012_hCiPSCs-0618_CTGATCCTCGACTCCT-1	0.6630832	0.64316064	1	ambiguous	0	0	1
GSM7230012_hCiPSCs-0618_CTGATCCTCGCAGATT-1	0.70198685	0.6802406	1	ambiguous	0	0	1
GSM7230012_hCiPSCs-0618_CTGATCCTCGTAATGC-1	0.6493959	0.630115	1	ambiguous	0	0	1
GSM7230012_hCiPSCs-0618_CTGCAGGAGCAGGTCA-1	0.6975112	0.6759748	1	ambiguous	0	0	1
GSM7230012_hCiPSCs-0618_CTGCAGGAGCTCGACC-1	0.7943263	0.76825136	1	success	1	0	0
GSM7230012_hCiPSCs-0618_CTGCAGGAGGAGAGTA-1	0.6250107	0.606873	1	ambiguous	0	0	1
GSM7230012_hCiPSCs-0618_CTGCAGGAGGGATCGT-1	0.067738146	0.075724185	1	failure	0	1	0
GSM7230012_hCiPSCs-0618_CTGCAGGGTCACTTAG-1	0.14227541	0.14676729	1	ambiguous	0	0	1
GSM7230012_hCiPSCs-0618_CTGCAGGGTGTGCTTA-1	0.13698125	0.14172131	1	ambiguous	0	0	1
GSM7230012_hCiPSCs-0618_CTGCAGGTCCAAATGC-1	0.76553965	0.74081415	1	success	1	0	0
GSM7230012_hCiPSCs-0618_CTGCAGGTCGCTTGAA-1	0.28642818	0.2841625	1	ambiguous	0	0	1
GSM7230012_hCiPSCs-0618_CTGCATCAGAGGCGTT-1	0.65664154	0.637021	1	ambiguous	0	0	1
GSM7230012_hCiPSCs-0618_CTGCATCAGGATGTTA-1	0.29673594	0.293987	1	ambiguous	0	0	1
GSM7230012_hCiPSCs-0618_CTGCATCAGTTGGGAC-1	0.7826216	0.7570954	1	success	1	0	0
GSM7230012_hCiPSCs-0618_CTGCATCCACTAACGT-1	0.09346001	0.10024025	1	failure	0	1	0
GSM7230012_hCiPSCs-0618_CTGCATCCAGCTACAT-1	0.10335915	0.10967535	1	failure	0	1	0
GSM7230012_hCiPSCs-0618_CTGCATCCATAATCGC-1	0.1568874	0.1606943	1	ambiguous	0	0	1
GSM7230012_hCiPSCs-0618_CTGCATCGTCCGGTCA-1	0.64985174	0.6305495	1	ambiguous	0	0	1
GSM7230012_hCiPSCs-0618_CTGCATCGTCTGTAAC-1	0.62796956	0.6096931	1	ambiguous	0	0	1
GSM7230012_hCiPSCs-0618_CTGCATCGTTCTAACG-1	0.09718653	0.103792086	1	failure	0	1	0
GSM7230012_hCiPSCs-0618_CTGCATCTCACCTGGG-1	0.5946183	0.5779053	1	ambiguous	0	0	1
GSM7230012_hCiPSCs-0618_CTGCATCTCATCCTAT-1	0.5547022	0.53986037	1	ambiguous	0	0	1
GSM7230012_hCiPSCs-0618_CTGCCATAGCACCCAC-1	0.20719256	0.20864125	1	ambiguous	0	0	1
GSM7230012_hCiPSCs-0618_CTGCCATAGTCGCTAT-1	0.19544186	0.1974414	1	ambiguous	0	0	1
GSM7230012_hCiPSCs-0618_CTGCCATCATGACGTT-1	0.21574132	0.21678928	1	ambiguous	0	0	1
GSM7230012_hCiPSCs-0618_CTGCCATGTAACAAGT-1	0.6423974	0.6234446	1	ambiguous	0	0	1
GSM7230012_hCiPSCs-0618_CTGCCATGTTAATCGC-1	0.6632088	0.6432804	1	ambiguous	0	0	1
GSM7230012_hCiPSCs-0618_CTGCCATGTTCATCTT-1	0.6235438	0.6054748	1	ambiguous	0	0	1
GSM7230012_hCiPSCs-0618_CTGCCATGTTCTCTCG-1	0.13220398	0.13716799	1	ambiguous	0	0	1
GSM7230012_hCiPSCs-0618_CTGCCATGTTGACTGT-1	0.06499997	0.073114365	1	failure	0	1	0
GSM7230012_hCiPSCs-0618_CTGCCATGTTGCTCGG-1	0.45224535	0.44220647	1	ambiguous	0	0	1
GSM7230012_hCiPSCs-0618_CTGCCATTCACAGAGG-1	0.5738697	0.5581293	1	ambiguous	0	0	1
GSM7230012_hCiPSCs-0618_CTGCCATTCCACACCT-1	0.77996874	0.75456685	1	success	1	0	0
GSM7230012_hCiPSCs-0618_CTGCCTAAGAACGTGC-1	0.6731957	0.6527991	1	ambiguous	0	0	1
GSM7230012_hCiPSCs-0618_CTGCCTAAGGTGCTGA-1	0.1538014	0.15775296	1	ambiguous	0	0	1
GSM7230012_hCiPSCs-0618_CTGCCTACACTTGAGT-1	0.6588084	0.6390863	1	ambiguous	0	0	1
GSM7230012_hCiPSCs-0618_CTGCCTACATTGTCGA-1	0.5194992	0.5063076	1	ambiguous	0	0	1
GSM7230012_hCiPSCs-0618_CTGCCTAGTCATCTAG-1	0.782637	0.75711006	1	success	1	0	0
GSM7230012_hCiPSCs-0618_CTGCCTAGTCCTATAG-1	0.08681396	0.09390576	1	failure	0	1	0
GSM7230012_hCiPSCs-0618_CTGCCTAGTCTATGAC-1	0.15740873	0.1611912	1	ambiguous	0	0	1
GSM7230012_hCiPSCs-0618_CTGCCTAGTTGCAACT-1	0.6399146	0.62107813	1	ambiguous	0	0	1
GSM7230012_hCiPSCs-0618_CTGCCTATCCACTTCG-1	0.63998026	0.6211407	1	ambiguous	0	0	1
GSM7230012_hCiPSCs-0618_CTGCGAGAGATCCTAC-1	0.6850297	0.66407835	1	ambiguous	0	0	1
GSM7230012_hCiPSCs-0618_CTGCGAGAGGCTTAGG-1	0.08720114	0.09427479	1	failure	0	1	0
GSM7230012_hCiPSCs-0618_CTGCGAGCAAGGCCTC-1	0.7118154	0.6896084	1	ambiguous	0	0	1
GSM7230012_hCiPSCs-0618_CTGCGAGCAGTGACCC-1	0.7647837	0.74009365	1	success	1	0	0
GSM7230012_hCiPSCs-0618_CTGCGAGGTATTTCTC-1	0.11083409	0.116799876	1	ambiguous	0	0	1
GSM7230012_hCiPSCs-0618_CTGCGAGTCACAATGC-1	0.6974227	0.6758904	1	ambiguous	0	0	1
GSM7230012_hCiPSCs-0618_CTGCGAGTCCCGTAAA-1	0.6308193	0.6124093	1	ambiguous	0	0	1
GSM7230012_hCiPSCs-0618_CTGCGAGTCCCTCTTT-1	0.39979652	0.39221632	1	ambiguous	0	0	1
GSM7230012_hCiPSCs-0618_CTGCTCAAGGCCATAG-1	0.13690521	0.14164883	1	ambiguous	0	0	1
GSM7230012_hCiPSCs-0618_CTGCTCAAGGTAGTAT-1	0.69862163	0.6770331	1	ambiguous	0	0	1
GSM7230012_hCiPSCs-0618_CTGCTCAAGTAATTGG-1	0.8572268	0.8282032	1	success	1	0	0
GSM7230012_hCiPSCs-0618_CTGCTCAAGTACCATC-1	0.7506884	0.72665906	1	ambiguous	0	0	1
GSM7230012_hCiPSCs-0618_CTGCTCACACTCAAGT-1	0.53977674	0.5256346	1	ambiguous	0	0	1
GSM7230012_hCiPSCs-0618_CTGCTCAGTAAGTCAA-1	0.28593063	0.28368825	1	ambiguous	0	0	1
GSM7230012_hCiPSCs-0618_CTGCTCAGTACCGGCT-1	0.094413154	0.101148725	1	failure	0	1	0
GSM7230012_hCiPSCs-0618_CTGCTCAGTTGCAACT-1	0.7210314	0.69839245	1	ambiguous	0	0	1
GSM7230012_hCiPSCs-0618_CTGCTCATCTGACGCG-1	0.55242693	0.5376917	1	ambiguous	0	0	1
GSM7230012_hCiPSCs-0618_CTGGACGAGACATCCT-1	0.625044	0.6069046	1	ambiguous	0	0	1
GSM7230012_hCiPSCs-0618_CTGGACGAGACTCGAG-1	0.6301605	0.61178136	1	ambiguous	0	0	1
GSM7230012_hCiPSCs-0618_CTGGACGAGACTCTAC-1	0.20666766	0.20814097	1	ambiguous	0	0	1
GSM7230012_hCiPSCs-0618_CTGGACGAGCACACCC-1	0.65734416	0.63769066	1	ambiguous	0	0	1
GSM7230012_hCiPSCs-0618_CTGGACGAGCTACGTT-1	0.15058511	0.15468746	1	ambiguous	0	0	1
GSM7230012_hCiPSCs-0618_CTGGACGAGGTATAGT-1	0.57299495	0.55729556	1	ambiguous	0	0	1
GSM7230012_hCiPSCs-0618_CTGGACGCACCCTAGG-1	0.7297824	0.70673317	1	ambiguous	0	0	1
GSM7230012_hCiPSCs-0618_CTGGACGCAGAGCCCT-1	0.5970257	0.58019984	1	ambiguous	0	0	1
GSM7230012_hCiPSCs-0618_CTGGACGGTATTGACC-1	0.63082874	0.61241823	1	ambiguous	0	0	1
GSM7230012_hCiPSCs-0618_CTGGACGGTCACTGAT-1	0.81505215	0.78800565	1	success	1	0	0
GSM7230012_hCiPSCs-0618_CTGGACGGTTATGGTC-1	0.42178434	0.4131734	1	ambiguous	0	0	1
GSM7230012_hCiPSCs-0618_CTGGACGGTTCCGCGA-1	0.6178976	0.6000933	1	ambiguous	0	0	1
GSM7230012_hCiPSCs-0618_CTGGACGTCGACATAC-1	0.49932152	0.4870758	1	ambiguous	0	0	1
GSM7230012_hCiPSCs-0618_CTGGCAGCACGTAGAG-1	0.67397726	0.65354407	1	ambiguous	0	0	1
GSM7230012_hCiPSCs-0618_CTGGCAGCATCCTCAC-1	0.6307781	0.61236995	1	ambiguous	0	0	1
GSM7230012_hCiPSCs-0618_CTGGCAGGTAGATCGG-1	0.6025076	0.5854247	1	ambiguous	0	0	1
GSM7230012_hCiPSCs-0618_CTGGCAGGTCCAGTTA-1	0.124034695	0.12938166	1	ambiguous	0	0	1
GSM7230012_hCiPSCs-0618_CTGGCAGTCATGCCCT-1	0.24544103	0.24509671	1	ambiguous	0	0	1
GSM7230012_hCiPSCs-0618_CTGGCAGTCCGGTAGC-1	0.80842924	0.78169316	1	success	1	0	0
GSM7230012_hCiPSCs-0618_CTGGTCTAGAGCAGAA-1	0.6327183	0.61421925	1	ambiguous	0	0	1
GSM7230012_hCiPSCs-0618_CTGGTCTAGCAGGCAT-1	0.7625156	0.7379319	1	success	1	0	0
GSM7230012_hCiPSCs-0618_CTGGTCTAGCTACTAC-1	0.115444385	0.12119405	1	ambiguous	0	0	1
GSM7230012_hCiPSCs-0618_CTGGTCTAGGTCTGGA-1	0.75713176	0.7328004	1	success	1	0	0
GSM7230012_hCiPSCs-0618_CTGGTCTAGTAGCTCT-1	0.6833378	0.6624658	1	ambiguous	0	0	1
GSM7230012_hCiPSCs-0618_CTGGTCTAGTTCCAGT-1	0.08029861	0.08769584	1	failure	0	1	0
GSM7230012_hCiPSCs-0618_CTGGTCTCAGCTACTA-1	0.37572208	0.36927047	1	ambiguous	0	0	1
GSM7230012_hCiPSCs-0618_CTGGTCTCAGCTTTGA-1	0.7783233	0.75299853	1	success	1	0	0
GSM7230012_hCiPSCs-0618_CTGGTCTGTGAGTAGC-1	0.6392814	0.6204747	1	ambiguous	0	0	1
GSM7230012_hCiPSCs-0618_CTGGTCTTCATCACTT-1	0.76068956	0.73619145	1	success	1	0	0
GSM7230012_hCiPSCs-0618_CTGGTCTTCCCGTGTT-1	0.06942771	0.07733454	1	failure	0	1	0
GSM7230012_hCiPSCs-0618_CTGGTCTTCCGTCAAA-1	0.09986927	0.10634907	1	failure	0	1	0
GSM7230012_hCiPSCs-0618_CTGGTCTTCTGGGAGA-1	0.46309006	0.4525428	1	ambiguous	0	0	1
GSM7230012_hCiPSCs-0618_CTGTACCAGCCTCTTC-1	0.6477456	0.6285421	1	ambiguous	0	0	1
GSM7230012_hCiPSCs-0618_CTGTACCAGGATTTAG-1	0.1535836	0.15754537	1	ambiguous	0	0	1
GSM7230012_hCiPSCs-0618_CTGTACCAGGTGATCG-1	0.665411	0.64537936	1	ambiguous	0	0	1
GSM7230012_hCiPSCs-0618_CTGTACCAGGTTGACG-1	0.72854656	0.70555526	1	ambiguous	0	0	1
GSM7230012_hCiPSCs-0618_CTGTACCAGTTAGTAG-1	0.6894056	0.66824913	1	ambiguous	0	0	1
GSM7230012_hCiPSCs-0618_CTGTACCCAAGACCGA-1	0.16912813	0.17236121	1	ambiguous	0	0	1
GSM7230012_hCiPSCs-0618_CTGTACCCAATCTAGC-1	0.059834886	0.06819141	1	failure	0	1	0
GSM7230012_hCiPSCs-0618_CTGTACCCACCAGGTC-1	0.68391204	0.6630131	1	ambiguous	0	0	1
GSM7230012_hCiPSCs-0618_CTGTACCGTCATCCGG-1	0.21372648	0.21486887	1	ambiguous	0	0	1
GSM7230012_hCiPSCs-0618_CTGTACCTCGCTGACG-1	0.7535567	0.729393	1	ambiguous	0	0	1
GSM7230012_hCiPSCs-0618_CTGTACCTCTGTCTCG-1	0.7995969	0.7732749	1	success	1	0	0
GSM7230012_hCiPSCs-0618_CTGTAGAAGACCGTTT-1	0.12699202	0.13220036	1	ambiguous	0	0	1
GSM7230012_hCiPSCs-0618_CTGTAGAAGAGCCGAT-1	0.6000733	0.5831045	1	ambiguous	0	0	1
GSM7230012_hCiPSCs-0618_CTGTAGAAGGTCGTAG-1	0.54941946	0.53482527	1	ambiguous	0	0	1
GSM7230012_hCiPSCs-0618_CTGTAGACAATGTCAC-1	0.8106434	0.7838035	1	success	1	0	0
GSM7230012_hCiPSCs-0618_CTGTAGATCAGGTAAA-1	0.72262377	0.6999101	1	ambiguous	0	0	1
GSM7230012_hCiPSCs-0618_CTGTAGATCATTGAGC-1	0.104102135	0.110383496	1	failure	0	1	0
GSM7230012_hCiPSCs-0618_CTGTAGATCCGATTAG-1	0.16825248	0.17152661	1	ambiguous	0	0	1
GSM7230012_hCiPSCs-0618_CTGTATTAGCTGAAAT-1	0.6178733	0.6000701	1	ambiguous	0	0	1
GSM7230012_hCiPSCs-0618_CTGTATTAGTGAGTGC-1	0.62353337	0.6054648	1	ambiguous	0	0	1
GSM7230012_hCiPSCs-0618_CTGTATTCAAATCGTC-1	0.60706115	0.58976483	1	ambiguous	0	0	1
GSM7230012_hCiPSCs-0618_CTGTATTCACTCCCTA-1	0.0870364	0.094117776	1	failure	0	1	0
GSM7230012_hCiPSCs-0618_CTGTATTCAGAACCGA-1	0.10939615	0.11542934	1	ambiguous	0	0	1
GSM7230012_hCiPSCs-0618_CTGTATTCAGGTTACT-1	0.5111115	0.49831313	1	ambiguous	0	0	1
GSM7230012_hCiPSCs-0618_CTGTATTCATCATCCC-1	0.72788465	0.7049244	1	ambiguous	0	0	1
GSM7230012_hCiPSCs-0618_CTGTATTCATGAAGCG-1	0.73974675	0.7162304	1	ambiguous	0	0	1
GSM7230012_hCiPSCs-0618_CTGTATTGTCACTCTC-1	0.61698663	0.599225	1	ambiguous	0	0	1
GSM7230012_hCiPSCs-0618_CTGTATTGTCCTACGG-1	0.6312289	0.61279964	1	ambiguous	0	0	1
GSM7230012_hCiPSCs-0618_CTGTATTGTGATACAA-1	0.6281465	0.6098618	1	ambiguous	0	0	1
GSM7230012_hCiPSCs-0618_CTGTATTGTTCCGCAG-1	0.26174328	0.26063475	1	ambiguous	0	0	1
GSM7230012_hCiPSCs-0618_CTGTATTTCGACCACG-1	0.14752245	0.15176836	1	ambiguous	0	0	1
GSM7230012_hCiPSCs-0618_CTGTATTTCGGACAAG-1	0.64677453	0.62761647	1	ambiguous	0	0	1
GSM7230012_hCiPSCs-0618_CTGTATTTCTCAGAAC-1	0.14665794	0.15094438	1	ambiguous	0	0	1
GSM7230012_hCiPSCs-0618_CTGTCGTAGTCTAACC-1	0.45369336	0.4435866	1	ambiguous	0	0	1
GSM7230012_hCiPSCs-0618_CTGTCGTCACAATTCG-1	0.65422374	0.6347165	1	ambiguous	0	0	1
GSM7230012_hCiPSCs-0618_CTGTCGTCAGAGCTAG-1	0.5752034	0.5594005	1	ambiguous	0	0	1
GSM7230012_hCiPSCs-0618_CTGTCGTCATCACAGT-1	0.764345	0.7396755	1	success	1	0	0
GSM7230012_hCiPSCs-0618_CTGTCGTGTGATTGGG-1	0.53464055	0.5207392	1	ambiguous	0	0	1
GSM7230012_hCiPSCs-0618_CTGTCGTTCCACGTGG-1	0.19063665	0.19286145	1	ambiguous	0	0	1
GSM7230012_hCiPSCs-0618_CTGTCGTTCCATGATG-1	0.76526904	0.74055624	1	success	1	0	0
GSM7230012_hCiPSCs-0618_CTGTCGTTCCATTTCA-1	0.18928647	0.19157457	1	ambiguous	0	0	1
GSM7230012_hCiPSCs-0618_CTGTCGTTCTCCCTAG-1	0.69486403	0.67345166	1	ambiguous	0	0	1
GSM7230012_hCiPSCs-0618_CTGTGAAAGAGGATGA-1	0.13123836	0.13624763	1	ambiguous	0	0	1
GSM7230012_hCiPSCs-0618_CTGTGAAAGCATCAGG-1	0.6452405	0.6261544	1	ambiguous	0	0	1
GSM7230012_hCiPSCs-0618_CTGTGAAAGGCAGTCA-1	0.6394648	0.62064946	1	ambiguous	0	0	1
GSM7230012_hCiPSCs-0618_CTGTGAAAGTACTGGG-1	0.13057782	0.13561806	1	ambiguous	0	0	1
GSM7230012_hCiPSCs-0618_CTGTGAAAGTGCACTT-1	0.774985	0.7498168	1	success	1	0	0
GSM7230012_hCiPSCs-0618_CTGTGAAAGTGCGCTC-1	0.6711515	0.6508507	1	ambiguous	0	0	1
GSM7230012_hCiPSCs-0618_CTGTGAACACAAGCAG-1	0.5341171	0.52024025	1	ambiguous	0	0	1
GSM7230012_hCiPSCs-0618_CTGTGAACAGCTTTGA-1	0.6328856	0.61437863	1	ambiguous	0	0	1
GSM7230012_hCiPSCs-0618_CTGTGAAGTACATACC-1	0.3331014	0.32864773	1	ambiguous	0	0	1
GSM7230012_hCiPSCs-0618_CTGTGAAGTTAAGTCC-1	0.67009276	0.6498416	1	ambiguous	0	0	1
GSM7230012_hCiPSCs-0618_CTGTGAATCCCGTGAG-1	0.5966237	0.5798167	1	ambiguous	0	0	1
GSM7230012_hCiPSCs-0618_CTGTGAATCCGTAGGC-1	0.54710346	0.5326178	1	ambiguous	0	0	1
GSM7230012_hCiPSCs-0618_CTGTGGGAGCACACCC-1	0.47305927	0.46204466	1	ambiguous	0	0	1
GSM7230012_hCiPSCs-0618_CTGTGGGAGCACTCAT-1	0.6649921	0.64498013	1	ambiguous	0	0	1
GSM7230012_hCiPSCs-0618_CTGTGGGCAAATGGTA-1	0.53296256	0.5191398	1	ambiguous	0	0	1
GSM7230012_hCiPSCs-0618_CTGTGGGCACAGTCCG-1	0.62325263	0.60519725	1	ambiguous	0	0	1
GSM7230012_hCiPSCs-0618_CTGTGGGCACGTAACT-1	0.5908078	0.5742734	1	ambiguous	0	0	1
GSM7230012_hCiPSCs-0618_CTGTGGGCAGAAGTTA-1	0.6584452	0.63874006	1	ambiguous	0	0	1
GSM7230012_hCiPSCs-0618_CTGTGGGCATGGAGAC-1	0.8383673	0.8102278	1	success	1	0	0
GSM7230012_hCiPSCs-0618_CTGTGGGCATGGTACT-1	0.18799749	0.190346	1	ambiguous	0	0	1
GSM7230012_hCiPSCs-0618_CTGTGGGGTACGGCAA-1	0.14336817	0.14780882	1	ambiguous	0	0	1
GSM7230012_hCiPSCs-0618_CTGTGGGGTCCTTAAG-1	0.5158458	0.50282544	1	ambiguous	0	0	1
GSM7230012_hCiPSCs-0618_CTGTGGGGTGTCCCTT-1	0.16424623	0.16770816	1	ambiguous	0	0	1
GSM7230012_hCiPSCs-0618_CTGTGGGTCACTAGCA-1	0.19642478	0.19837825	1	ambiguous	0	0	1
GSM7230012_hCiPSCs-0618_CTGTGGGTCCGTGTAA-1	0.5678411	0.5523833	1	ambiguous	0	0	1
GSM7230012_hCiPSCs-0618_CTGTGGGTCCTACTGC-1	0.08575735	0.09289868	1	failure	0	1	0
GSM7230012_hCiPSCs-0618_CTGTGGGTCGCGCCAA-1	0.11851919	0.12412471	1	ambiguous	0	0	1
GSM7230012_hCiPSCs-0618_CTGTGGGTCTATTGTC-1	0.67537177	0.6548732	1	ambiguous	0	0	1
GSM7230012_hCiPSCs-0618_CTTACCGAGCATCAGG-1	0.117366806	0.12302635	1	ambiguous	0	0	1
GSM7230012_hCiPSCs-0618_CTTACCGAGGGTCAAC-1	0.31798938	0.31424412	1	ambiguous	0	0	1
GSM7230012_hCiPSCs-0618_CTTACCGAGTCAGCGA-1	0.599147	0.58222175	1	ambiguous	0	0	1
GSM7230012_hCiPSCs-0618_CTTACCGCAAATGGCG-1	0.8162315	0.7891297	1	success	1	0	0
GSM7230012_hCiPSCs-0618_CTTACCGCAACCGTAT-1	0.60027254	0.58329445	1	ambiguous	0	0	1
GSM7230012_hCiPSCs-0618_CTTACCGCACACCGAC-1	0.16856676	0.17182615	1	ambiguous	0	0	1
GSM7230012_hCiPSCs-0618_CTTACCGGTAACCCTA-1	0.23105007	0.23138039	1	ambiguous	0	0	1
GSM7230012_hCiPSCs-0618_CTTACCGGTCCCTGTT-1	0.68448955	0.66356355	1	ambiguous	0	0	1
GSM7230012_hCiPSCs-0618_CTTACCGGTGATACCT-1	0.14002515	0.14462252	1	ambiguous	0	0	1
GSM7230012_hCiPSCs-0618_CTTACCGGTTCCGCAG-1	0.10708604	0.113227524	1	failure	0	1	0
GSM7230012_hCiPSCs-0618_CTTACCGTCGACCACG-1	0.5278048	0.5142238	1	ambiguous	0	0	1
GSM7230012_hCiPSCs-0618_CTTAGGAAGTAAACTG-1	0.65527546	0.635719	1	ambiguous	0	0	1
GSM7230012_hCiPSCs-0618_CTTAGGAAGTTACGTC-1	0.74952644	0.72555166	1	ambiguous	0	0	1
GSM7230012_hCiPSCs-0618_CTTAGGAAGTTGCGCC-1	0.25791654	0.2569874	1	ambiguous	0	0	1
GSM7230012_hCiPSCs-0618_CTTAGGACAAGAATGT-1	0.124130614	0.12947309	1	ambiguous	0	0	1
GSM7230012_hCiPSCs-0618_CTTAGGACAGGCGTTC-1	0.5675371	0.5520936	1	ambiguous	0	0	1
GSM7230012_hCiPSCs-0618_CTTAGGAGTAGCGTCC-1	0.62520134	0.60705465	1	ambiguous	0	0	1
GSM7230012_hCiPSCs-0618_CTTAGGAGTCGAGATG-1	0.601565	0.5845263	1	ambiguous	0	0	1
GSM7230012_hCiPSCs-0618_CTTAGGAGTGCCCACA-1	0.5657177	0.5503594	1	ambiguous	0	0	1
GSM7230012_hCiPSCs-0618_CTTAGGAGTTCTGACA-1	0.46139145	0.45092383	1	ambiguous	0	0	1
GSM7230012_hCiPSCs-0618_CTTCAATAGCACGGAT-1	0.724251	0.701461	1	ambiguous	0	0	1
GSM7230012_hCiPSCs-0618_CTTCAATCACCGTGCA-1	0.6769732	0.65639955	1	ambiguous	0	0	1
GSM7230012_hCiPSCs-0618_CTTCAATGTAAGTAGT-1	0.11955943	0.12511618	1	ambiguous	0	0	1
GSM7230012_hCiPSCs-0618_CTTCAATGTATTCCGA-1	0.11404303	0.119858384	1	ambiguous	0	0	1
GSM7230012_hCiPSCs-0618_CTTCAATTCTAGCAAC-1	0.6642636	0.64428574	1	ambiguous	0	0	1
GSM7230012_hCiPSCs-0618_CTTCCGAAGTGAGGCT-1	0.16774283	0.17104086	1	ambiguous	0	0	1
GSM7230012_hCiPSCs-0618_CTTCCGACACTCCACT-1	0.113869466	0.11969296	1	ambiguous	0	0	1
GSM7230012_hCiPSCs-0618_CTTCCGACATCCTATT-1	0.19296494	0.19508061	1	ambiguous	0	0	1
GSM7230012_hCiPSCs-0618_CTTCCGACATGATGCT-1	0.52030426	0.5070749	1	ambiguous	0	0	1
GSM7230012_hCiPSCs-0618_CTTCCGAGTAACATGA-1	0.5851051	0.56883806	1	ambiguous	0	0	1
GSM7230012_hCiPSCs-0618_CTTCCGAGTAGACACG-1	0.107165165	0.113302946	1	failure	0	1	0
GSM7230012_hCiPSCs-0618_CTTCCGAGTGCGAGTA-1	0.67703944	0.65646267	1	ambiguous	0	0	1
GSM7230012_hCiPSCs-0618_CTTCCGATCAAATAGG-1	0.6671469	0.64703393	1	ambiguous	0	0	1
GSM7230012_hCiPSCs-0618_CTTCCGATCCAGCAAT-1	0.6661438	0.6460778	1	ambiguous	0	0	1
GSM7230012_hCiPSCs-0618_CTTCCGATCCATACTT-1	0.55344146	0.53865874	1	ambiguous	0	0	1
GSM7230012_hCiPSCs-0618_CTTCCGATCCCAGGCA-1	0.5618595	0.5466821	1	ambiguous	0	0	1
GSM7230012_hCiPSCs-0618_CTTCCGATCGAAATCC-1	0.2831985	0.28108418	1	ambiguous	0	0	1
GSM7230012_hCiPSCs-0618_CTTCCGATCTTGGTCC-1	0.086024515	0.09315332	1	failure	0	1	0
GSM7230012_hCiPSCs-0618_CTTCCTTAGCCATTCA-1	0.15965377	0.16333099	1	ambiguous	0	0	1
GSM7230012_hCiPSCs-0618_CTTCCTTCAGCTCGGT-1	0.63085675	0.61244494	1	ambiguous	0	0	1
GSM7230012_hCiPSCs-0618_CTTCCTTGTCAGGTGA-1	0.598884	0.581971	1	ambiguous	0	0	1
GSM7230012_hCiPSCs-0618_CTTCCTTGTCCTGTCT-1	0.06696024	0.07498274	1	failure	0	1	0
GSM7230012_hCiPSCs-0618_CTTCCTTTCTGCGGAC-1	0.54934615	0.53475535	1	ambiguous	0	0	1
GSM7230012_hCiPSCs-0618_CTTCGGTAGAAATTCG-1	0.6735204	0.6531086	1	ambiguous	0	0	1
GSM7230012_hCiPSCs-0618_CTTCGGTAGCCGATCC-1	0.5590593	0.54401326	1	ambiguous	0	0	1
GSM7230012_hCiPSCs-0618_CTTCGGTAGGAATCGC-1	0.5050612	0.4925464	1	ambiguous	0	0	1
GSM7230012_hCiPSCs-0618_CTTCGGTAGGCATGCA-1	0.60629153	0.5890313	1	ambiguous	0	0	1
GSM7230012_hCiPSCs-0618_CTTCGGTAGTATCCTG-1	0.51232255	0.49946737	1	ambiguous	0	0	1
GSM7230012_hCiPSCs-0618_CTTCGGTAGTTATGGA-1	0.6804084	0.6596737	1	ambiguous	0	0	1
GSM7230012_hCiPSCs-0618_CTTCGGTCAAGGATGC-1	0.7128115	0.69055784	1	ambiguous	0	0	1
GSM7230012_hCiPSCs-0618_CTTCGGTCAGAAGCGT-1	0.62959373	0.6112411	1	ambiguous	0	0	1
GSM7230012_hCiPSCs-0618_CTTCGGTCAGGCGAAT-1	0.12751764	0.13270134	1	ambiguous	0	0	1
GSM7230012_hCiPSCs-0618_CTTCGGTGTCTTCCGT-1	0.51362914	0.50071275	1	ambiguous	0	0	1
GSM7230012_hCiPSCs-0618_CTTCGGTGTGCTTATG-1	0.1446507	0.14903122	1	ambiguous	0	0	1
GSM7230012_hCiPSCs-0618_CTTCGGTGTGGCTACC-1	0.7297956	0.70674574	1	ambiguous	0	0	1
GSM7230012_hCiPSCs-0618_CTTCGGTGTGTCTTCC-1	0.60628456	0.58902466	1	ambiguous	0	0	1
GSM7230012_hCiPSCs-0618_CTTCGGTTCGTAGCTA-1	0.5304921	0.5167852	1	ambiguous	0	0	1
GSM7230012_hCiPSCs-0618_CTTCTAACACCTGCAG-1	0.49573168	0.48365423	1	ambiguous	0	0	1
GSM7230012_hCiPSCs-0618_CTTCTAACAGCTACTA-1	0.62432593	0.60622025	1	ambiguous	0	0	1
GSM7230012_hCiPSCs-0618_CTTCTAACAGTATGAA-1	0.5904377	0.57392067	1	ambiguous	0	0	1
GSM7230012_hCiPSCs-0618_CTTCTAAGTCATTGCA-1	0.6129696	0.5953963	1	ambiguous	0	0	1
GSM7230012_hCiPSCs-0618_CTTCTAAGTCTATGAC-1	0.59795946	0.5810898	1	ambiguous	0	0	1
GSM7230012_hCiPSCs-0618_CTTCTAAGTGTTGATC-1	0.49044135	0.47861192	1	ambiguous	0	0	1
GSM7230012_hCiPSCs-0618_CTTCTAATCCATCGTC-1	0.70822585	0.68618715	1	ambiguous	0	0	1
GSM7230012_hCiPSCs-0618_CTTCTAATCCGATTAG-1	0.6335964	0.61505616	1	ambiguous	0	0	1
GSM7230012_hCiPSCs-0618_CTTCTAATCTCAATCT-1	0.25280687	0.25211728	1	ambiguous	0	0	1
GSM7230012_hCiPSCs-0618_CTTCTAATCTGGAAGG-1	0.6034707	0.5863427	1	ambiguous	0	0	1
GSM7230012_hCiPSCs-0618_CTTCTCTAGAATCTAG-1	0.12175354	0.12720744	1	ambiguous	0	0	1
GSM7230012_hCiPSCs-0618_CTTCTCTAGAGAGTGA-1	0.43766332	0.428308	1	ambiguous	0	0	1
GSM7230012_hCiPSCs-0618_CTTCTCTCAATTTCCT-1	0.38500768	0.37812078	1	ambiguous	0	0	1
GSM7230012_hCiPSCs-0618_CTTCTCTGTAACACGG-1	0.7607373	0.73623693	1	success	1	0	0
GSM7230012_hCiPSCs-0618_CTTCTCTGTAGCTTAC-1	0.7630288	0.738421	1	success	1	0	0
GSM7230012_hCiPSCs-0618_CTTCTCTGTTACTCAG-1	0.67196304	0.65162426	1	ambiguous	0	0	1
GSM7230012_hCiPSCs-0618_CTTGAGAAGCTGTGCC-1	0.6584507	0.63874537	1	ambiguous	0	0	1
GSM7230012_hCiPSCs-0618_CTTGAGACAATAGGAT-1	0.68299764	0.6621416	1	ambiguous	0	0	1
GSM7230012_hCiPSCs-0618_CTTGAGACACAGCCTG-1	0.14498758	0.14935231	1	ambiguous	0	0	1
GSM7230012_hCiPSCs-0618_CTTGAGACAGCCGTCA-1	0.8255502	0.79801154	1	success	1	0	0
GSM7230012_hCiPSCs-0618_CTTGAGAGTGAGGATC-1	0.6079467	0.59060884	1	ambiguous	0	0	1
GSM7230012_hCiPSCs-0618_CTTGAGATCGACATAC-1	0.069197394	0.07711502	1	failure	0	1	0
GSM7230012_hCiPSCs-0618_CTTGAGATCGTACCTC-1	0.39189965	0.38468966	1	ambiguous	0	0	1
GSM7230012_hCiPSCs-0618_CTTGAGATCTGGAAGG-1	0.4808747	0.46949372	1	ambiguous	0	0	1
GSM7230012_hCiPSCs-0618_CTTGATTAGACTCATC-1	0.14995587	0.1540877	1	ambiguous	0	0	1
GSM7230012_hCiPSCs-0618_CTTGATTAGAGAACCC-1	0.661805	0.6419424	1	ambiguous	0	0	1
GSM7230012_hCiPSCs-0618_CTTGATTAGGTGATCG-1	0.4479132	0.4380774	1	ambiguous	0	0	1
GSM7230012_hCiPSCs-0618_CTTGATTGTGGATCGA-1	0.53177303	0.5180061	1	ambiguous	0	0	1
GSM7230012_hCiPSCs-0618_CTTGATTTCAAGCGTT-1	0.6541139	0.6346118	1	ambiguous	0	0	1
GSM7230012_hCiPSCs-0618_CTTGATTTCCGCACTT-1	0.52854407	0.51492846	1	ambiguous	0	0	1
GSM7230012_hCiPSCs-0618_CTTGATTTCGAACTCA-1	0.5752088	0.5594056	1	ambiguous	0	0	1
GSM7230012_hCiPSCs-0618_CTTGATTTCGTGGGTC-1	0.603641	0.586505	1	ambiguous	0	0	1
GSM7230012_hCiPSCs-0618_CTTGATTTCTTCCGTG-1	0.5352686	0.5213378	1	ambiguous	0	0	1
GSM7230012_hCiPSCs-0618_CTTTCAAAGACATATG-1	0.7445777	0.72083485	1	ambiguous	0	0	1
GSM7230012_hCiPSCs-0618_CTTTCAAAGGTCGCCT-1	0.32860798	0.32436496	1	ambiguous	0	0	1
GSM7230012_hCiPSCs-0618_CTTTCAACAAATAGCA-1	0.07100821	0.078840956	1	failure	0	1	0
GSM7230012_hCiPSCs-0618_CTTTCAACACACCAGC-1	0.5659512	0.55058205	1	ambiguous	0	0	1
GSM7230012_hCiPSCs-0618_CTTTCAACATAATGCC-1	0.7088501	0.68678206	1	ambiguous	0	0	1
GSM7230012_hCiPSCs-0618_CTTTCAAGTATAGGAT-1	0.050692186	0.0594773	1	failure	0	1	0
GSM7230012_hCiPSCs-0618_CTTTCAATCGTTTACT-1	0.60768354	0.590358	1	ambiguous	0	0	1
GSM7230012_hCiPSCs-0618_CTTTCGGAGACGAGCT-1	0.60779935	0.5904684	1	ambiguous	0	0	1
GSM7230012_hCiPSCs-0618_CTTTCGGAGATGGGCT-1	0.5379132	0.5238584	1	ambiguous	0	0	1
GSM7230012_hCiPSCs-0618_CTTTCGGGTACCCGCA-1	0.60568833	0.5884564	1	ambiguous	0	0	1
GSM7230012_hCiPSCs-0618_CTTTCGGGTACCTGTA-1	0.043097645	0.052238777	1	failure	0	1	0
GSM7230012_hCiPSCs-0618_CTTTCGGGTATTCCTT-1	0.095529966	0.102213174	1	failure	0	1	0
GSM7230012_hCiPSCs-0618_CTTTCGGGTCAAGTTC-1	0.064128086	0.07228336	1	failure	0	1	0
GSM7230012_hCiPSCs-0618_CTTTCGGGTCCTATAG-1	0.5155486	0.50254214	1	ambiguous	0	0	1
GSM7230012_hCiPSCs-0618_CTTTCGGGTGGTCTCG-1	0.105901256	0.112098284	1	failure	0	1	0
GSM7230012_hCiPSCs-0618_CTTTCGGGTTGTGGAG-1	0.5549721	0.5401176	1	ambiguous	0	0	1
GSM7230012_hCiPSCs-0618_CTTTCGGTCAACGAGG-1	0.6228145	0.60477966	1	ambiguous	0	0	1
GSM7230012_hCiPSCs-0618_CTTTCGGTCACGATCA-1	0.09408287	0.10083392	1	failure	0	1	0
GSM7230012_hCiPSCs-0618_CTTTCGGTCGATCCCT-1	0.6225267	0.60450536	1	ambiguous	0	0	1
GSM7230012_hCiPSCs-0618_CTTTCGGTCGGCTCTT-1	0.6624967	0.6426016	1	ambiguous	0	0	1
GSM7230012_hCiPSCs-0618_CTTTCGGTCTAAGCCA-1	0.065242246	0.07334529	1	failure	0	1	0
GSM7230012_hCiPSCs-0618_GAAACCTAGGCCACCT-1	0.7204558	0.6978438	1	ambiguous	0	0	1
GSM7230012_hCiPSCs-0618_GAAACCTAGGTTGGAC-1	0.18598624	0.18842904	1	ambiguous	0	0	1
GSM7230012_hCiPSCs-0618_GAAACCTCACAGCTTA-1	0.7269285	0.704013	1	ambiguous	0	0	1
GSM7230012_hCiPSCs-0618_GAAACCTCACGACTAT-1	0.15831567	0.16205561	1	ambiguous	0	0	1
GSM7230012_hCiPSCs-0618_GAAACCTTCCTCACTG-1	0.18520711	0.18768644	1	ambiguous	0	0	1
GSM7230012_hCiPSCs-0618_GAAACCTTCGTCTACC-1	0.4990361	0.48680377	1	ambiguous	0	0	1
GSM7230012_hCiPSCs-0618_GAAACCTTCTAGACCA-1	0.46237648	0.45186266	1	ambiguous	0	0	1
GSM7230012_hCiPSCs-0618_GAAACCTTCTGAGAAA-1	0.12124195	0.12671983	1	ambiguous	0	0	1
GSM7230012_hCiPSCs-0618_GAAACCTTCTTTCCGG-1	0.14143173	0.14596316	1	ambiguous	0	0	1
GSM7230012_hCiPSCs-0618_GAAATGAAGAGTATAC-1	0.6132926	0.59570414	1	ambiguous	0	0	1
GSM7230012_hCiPSCs-0618_GAAATGACATCAGCAT-1	0.66189086	0.6420242	1	ambiguous	0	0	1
GSM7230012_hCiPSCs-0618_GAAATGAGTTCCGCGA-1	0.06849855	0.07644894	1	failure	0	1	0
GSM7230012_hCiPSCs-0618_GAAATGAGTTCTCTCG-1	0.11090797	0.1168703	1	ambiguous	0	0	1
GSM7230012_hCiPSCs-0618_GAAATGATCCAATCTT-1	0.6309217	0.61250687	1	ambiguous	0	0	1
GSM7230012_hCiPSCs-0618_GAAATGATCGTGCATA-1	0.5784861	0.56252927	1	ambiguous	0	0	1
GSM7230012_hCiPSCs-0618_GAACACTCAGGTCCCA-1	0.660153	0.6403678	1	ambiguous	0	0	1
GSM7230012_hCiPSCs-0618_GAACACTCATGATAGA-1	0.7262036	0.7033221	1	ambiguous	0	0	1
GSM7230012_hCiPSCs-0618_GAACACTGTCTACTGA-1	0.81524867	0.788193	1	success	1	0	0
GSM7230012_hCiPSCs-0618_GAACACTTCACGGGAA-1	0.71466273	0.69232225	1	ambiguous	0	0	1
GSM7230012_hCiPSCs-0618_GAACACTTCAGAACCT-1	0.24678451	0.24637721	1	ambiguous	0	0	1
GSM7230012_hCiPSCs-0618_GAACACTTCGTGTTCC-1	0.7236855	0.7009221	1	ambiguous	0	0	1
GSM7230012_hCiPSCs-0618_GAACGTTAGCTGCCAC-1	0.7453843	0.7216037	1	ambiguous	0	0	1
GSM7230012_hCiPSCs-0618_GAACGTTAGGAAAGGT-1	0.62067723	0.6027426	1	ambiguous	0	0	1
GSM7230012_hCiPSCs-0618_GAACGTTAGTATGCAA-1	0.39866024	0.3911333	1	ambiguous	0	0	1
GSM7230012_hCiPSCs-0618_GAACGTTCAATTGAAG-1	0.701196	0.6794869	1	ambiguous	0	0	1
GSM7230012_hCiPSCs-0618_GAACGTTCAATTGTGC-1	0.111799255	0.11771979	1	ambiguous	0	0	1
GSM7230012_hCiPSCs-0618_GAACGTTCACGTACTA-1	0.7081938	0.6861566	1	ambiguous	0	0	1
GSM7230012_hCiPSCs-0618_GAACGTTGTCCACTTC-1	0.7030288	0.6812337	1	ambiguous	0	0	1
GSM7230012_hCiPSCs-0618_GAACGTTTCCCATTCG-1	0.079182275	0.086631835	1	failure	0	1	0
GSM7230012_hCiPSCs-0618_GAACGTTTCGGCATCG-1	0.7047634	0.682887	1	ambiguous	0	0	1
GSM7230012_hCiPSCs-0618_GAACGTTTCTGAGGTT-1	0.120647244	0.126153	1	ambiguous	0	0	1
GSM7230012_hCiPSCs-0618_GAACTGTAGAACTCCT-1	0.82796586	0.80031395	1	success	1	0	0
GSM7230012_hCiPSCs-0618_GAACTGTAGTGCACCC-1	0.19638456	0.19833992	1	ambiguous	0	0	1
GSM7230012_hCiPSCs-0618_GAACTGTCACATGTTG-1	0.089901865	0.09684891	1	failure	0	1	0
GSM7230012_hCiPSCs-0618_GAACTGTCACTGGCCA-1	0.15906078	0.1627658	1	ambiguous	0	0	1
GSM7230012_hCiPSCs-0618_GAACTGTGTCCTGTCT-1	0.7729488	0.747876	1	success	1	0	0
GSM7230012_hCiPSCs-0618_GAACTGTGTGAGACGT-1	0.7675296	0.7427108	1	success	1	0	0
GSM7230012_hCiPSCs-0618_GAACTGTGTGCGTTTA-1	0.72189593	0.6992164	1	ambiguous	0	0	1
GSM7230012_hCiPSCs-0618_GAACTGTGTTACCGTA-1	0.8011982	0.77480114	1	success	1	0	0
GSM7230012_hCiPSCs-0618_GAACTGTTCACAACCA-1	0.79416656	0.7680991	1	success	1	0	0
GSM7230012_hCiPSCs-0618_GAACTGTTCGCTGTCT-1	0.7553762	0.7311272	1	success	1	0	0
GSM7230012_hCiPSCs-0618_GAACTGTTCTGGGAGA-1	0.6459595	0.6268397	1	ambiguous	0	0	1
GSM7230012_hCiPSCs-0618_GAAGAATCAATGGGTG-1	0.45128375	0.44128996	1	ambiguous	0	0	1
GSM7230012_hCiPSCs-0618_GAAGAATCATAGAGGC-1	0.6426221	0.6236588	1	ambiguous	0	0	1
GSM7230012_hCiPSCs-0618_GAAGAATCATGAGTAA-1	0.5833533	0.5671683	1	ambiguous	0	0	1
GSM7230012_hCiPSCs-0618_GAAGAATTCCAGGACC-1	0.16832148	0.17159237	1	ambiguous	0	0	1
GSM7230012_hCiPSCs-0618_GAAGAATTCTTCCCGA-1	0.67203534	0.65169317	1	ambiguous	0	0	1
GSM7230012_hCiPSCs-0618_GAAGCCCAGAAGAACG-1	0.675249	0.6547561	1	ambiguous	0	0	1
GSM7230012_hCiPSCs-0618_GAAGCCCAGACCATGG-1	0.6334682	0.61493397	1	ambiguous	0	0	1
GSM7230012_hCiPSCs-0618_GAAGCCCGTATCACCA-1	0.70133436	0.6796187	1	ambiguous	0	0	1
GSM7230012_hCiPSCs-0618_GAAGCCCGTTGCCGAC-1	0.1571413	0.1609363	1	ambiguous	0	0	1
GSM7230012_hCiPSCs-0618_GAAGCCCTCACCTACC-1	0.8245749	0.79708195	1	success	1	0	0
GSM7230012_hCiPSCs-0618_GAAGCCCTCCTTCTTC-1	0.737908	0.71447784	1	ambiguous	0	0	1
GSM7230012_hCiPSCs-0618_GAAGCGAAGATGGCGT-1	0.4935998	0.4816223	1	ambiguous	0	0	1
GSM7230012_hCiPSCs-0618_GAAGCGAAGCTGGCCT-1	0.7665437	0.7417711	1	success	1	0	0
GSM7230012_hCiPSCs-0618_GAAGCGAAGTCCCAAT-1	0.36986956	0.36369228	1	ambiguous	0	0	1
GSM7230012_hCiPSCs-0618_GAAGCGACAGCAGTTT-1	0.73417634	0.7109211	1	ambiguous	0	0	1
GSM7230012_hCiPSCs-0618_GAAGCGAGTCCACAGC-1	0.2061777	0.20767397	1	ambiguous	0	0	1
GSM7230012_hCiPSCs-0618_GAAGCGAGTCCGAAAG-1	0.07219872	0.07997565	1	failure	0	1	0
GSM7230012_hCiPSCs-0618_GAAGCGAGTGTCCGTG-1	0.4958609	0.4837774	1	ambiguous	0	0	1
GSM7230012_hCiPSCs-0618_GAAGCGATCAGACATC-1	0.6078693	0.5905351	1	ambiguous	0	0	1
GSM7230012_hCiPSCs-0618_GAAGGACAGAGAGCCT-1	0.72413385	0.7013494	1	ambiguous	0	0	1
GSM7230012_hCiPSCs-0618_GAAGGACAGATGCGAC-1	0.7081705	0.68613434	1	ambiguous	0	0	1
GSM7230012_hCiPSCs-0618_GAAGGACAGCCATCCG-1	0.07826053	0.0857533	1	failure	0	1	0
GSM7230012_hCiPSCs-0618_GAAGGACAGGAGTACC-1	0.6564292	0.6368185	1	ambiguous	0	0	1
GSM7230012_hCiPSCs-0618_GAAGGACAGGGCTAAC-1	0.6969397	0.67543006	1	ambiguous	0	0	1
GSM7230012_hCiPSCs-0618_GAAGGACCAATAGGGC-1	0.7485222	0.7245945	1	ambiguous	0	0	1
GSM7230012_hCiPSCs-0618_GAAGGACGTTGCTGAT-1	0.16836438	0.17163326	1	ambiguous	0	0	1
GSM7230012_hCiPSCs-0618_GAAGGACGTTTCAGAC-1	0.69960433	0.67796975	1	ambiguous	0	0	1
GSM7230012_hCiPSCs-0618_GAAGGACTCATTTGCT-1	0.5980562	0.581182	1	ambiguous	0	0	1
GSM7230012_hCiPSCs-0618_GAAGGACTCCCAGCGA-1	0.7098505	0.6877356	1	ambiguous	0	0	1
GSM7230012_hCiPSCs-0618_GAAGGGTAGCCGCACT-1	0.7136055	0.69131464	1	ambiguous	0	0	1
GSM7230012_hCiPSCs-0618_GAAGGGTAGCTCGTGC-1	0.7938386	0.76778656	1	success	1	0	0
GSM7230012_hCiPSCs-0618_GAAGGGTAGGTACCTT-1	0.72087276	0.6982412	1	ambiguous	0	0	1
GSM7230012_hCiPSCs-0618_GAAGGGTAGTCTCTGA-1	0.14067274	0.14523976	1	ambiguous	0	0	1
GSM7230012_hCiPSCs-0618_GAAGGGTCAGCAGGAT-1	0.12323622	0.12862061	1	ambiguous	0	0	1
GSM7230012_hCiPSCs-0618_GAAGGGTCAGGGAGAG-1	0.48372582	0.4722112	1	ambiguous	0	0	1
GSM7230012_hCiPSCs-0618_GAAGGGTCATGCGTGC-1	0.7414024	0.7178084	1	ambiguous	0	0	1
GSM7230012_hCiPSCs-0618_GAAGGGTGTCGAAACG-1	0.5674336	0.5519949	1	ambiguous	0	0	1
GSM7230012_hCiPSCs-0618_GAAGGGTGTCTTACTT-1	0.56745833	0.55201846	1	ambiguous	0	0	1
GSM7230012_hCiPSCs-0618_GAAGGGTGTTGATGTC-1	0.31852943	0.31475887	1	ambiguous	0	0	1
GSM7230012_hCiPSCs-0618_GAAGGGTTCAGCTCTC-1	0.16153845	0.16512732	1	ambiguous	0	0	1
GSM7230012_hCiPSCs-0618_GAAGGGTTCCATGATG-1	0.14816973	0.1523853	1	ambiguous	0	0	1
GSM7230012_hCiPSCs-0618_GAAGGGTTCCTGATAG-1	0.6782711	0.65763664	1	ambiguous	0	0	1
GSM7230012_hCiPSCs-0618_GAAGGGTTCGCGTAGC-1	0.17597355	0.17888573	1	ambiguous	0	0	1
GSM7230012_hCiPSCs-0618_GAAGTAAAGAACAGGA-1	0.6864788	0.6654595	1	ambiguous	0	0	1
GSM7230012_hCiPSCs-0618_GAAGTAAAGAGTTGTA-1	0.13969101	0.14430404	1	ambiguous	0	0	1
GSM7230012_hCiPSCs-0618_GAAGTAACATCCTGTC-1	0.8376044	0.80950063	1	success	1	0	0
GSM7230012_hCiPSCs-0618_GAAGTAAGTCAGGTGA-1	0.10455969	0.11081961	1	failure	0	1	0
GSM7230012_hCiPSCs-0618_GAAGTAAGTCATCGGC-1	0.65444076	0.6349234	1	ambiguous	0	0	1
GSM7230012_hCiPSCs-0618_GAAGTAAGTGATCGTT-1	0.6220663	0.6040666	1	ambiguous	0	0	1
GSM7230012_hCiPSCs-0618_GAAGTAAGTGCGGTAA-1	0.4580641	0.44775245	1	ambiguous	0	0	1
GSM7230012_hCiPSCs-0618_GAAGTAAGTGGATTTC-1	0.54641926	0.53196573	1	ambiguous	0	0	1
GSM7230012_hCiPSCs-0618_GAAGTAATCTCTCGAC-1	0.15730204	0.16108951	1	ambiguous	0	0	1
GSM7230012_hCiPSCs-0618_GAAGTAATCTGGTCAA-1	0.62839454	0.6100982	1	ambiguous	0	0	1
GSM7230012_hCiPSCs-0618_GAATAGAGTCATCGCG-1	0.73514414	0.71184355	1	ambiguous	0	0	1
GSM7230012_hCiPSCs-0618_GAATAGAGTCTTTCAT-1	0.80454254	0.77798873	1	success	1	0	0
GSM7230012_hCiPSCs-0618_GAATAGAGTGAGTTGG-1	0.68026716	0.6595391	1	ambiguous	0	0	1
GSM7230012_hCiPSCs-0618_GAATAGAGTGGATGAC-1	0.6469886	0.6278205	1	ambiguous	0	0	1
GSM7230012_hCiPSCs-0618_GAATAGAGTTATTCCT-1	0.5971601	0.58032787	1	ambiguous	0	0	1
GSM7230012_hCiPSCs-0618_GAATAGATCATCGACA-1	0.1061657	0.11235033	1	failure	0	1	0
GSM7230012_hCiPSCs-0618_GAATCACAGGATTCAA-1	0.54205203	0.5278032	1	ambiguous	0	0	1
GSM7230012_hCiPSCs-0618_GAATCACAGTTGCCCG-1	0.32930407	0.32502842	1	ambiguous	0	0	1
GSM7230012_hCiPSCs-0618_GAATCACCAAAGACTA-1	0.73460424	0.7113289	1	ambiguous	0	0	1
GSM7230012_hCiPSCs-0618_GAATCACCAAATCAGA-1	0.49008143	0.47826886	1	ambiguous	0	0	1
GSM7230012_hCiPSCs-0618_GAATCACCAATGCAGG-1	0.12580562	0.13106957	1	ambiguous	0	0	1
GSM7230012_hCiPSCs-0618_GAATCACCACCCTGAG-1	0.3281009	0.32388163	1	ambiguous	0	0	1
GSM7230012_hCiPSCs-0618_GAATCACCAGCGCGTT-1	0.5977945	0.5809325	1	ambiguous	0	0	1
GSM7230012_hCiPSCs-0618_GAATCACTCAACCTCC-1	0.18265253	0.18525162	1	ambiguous	0	0	1
GSM7230012_hCiPSCs-0618_GAATCACTCATGCAGT-1	0.5412804	0.5270677	1	ambiguous	0	0	1
GSM7230012_hCiPSCs-0618_GAATCACTCCACTTCG-1	0.33979917	0.33503154	1	ambiguous	0	0	1
GSM7230012_hCiPSCs-0618_GAATCACTCGGCTGTG-1	0.4140383	0.40579048	1	ambiguous	0	0	1
GSM7230012_hCiPSCs-0618_GAATCACTCTAGTACG-1	0.6347674	0.61617225	1	ambiguous	0	0	1
GSM7230012_hCiPSCs-0618_GAATCACTCTCAACGA-1	0.67922056	0.65854156	1	ambiguous	0	0	1
GSM7230012_hCiPSCs-0618_GAATCGTAGACCATAA-1	0.46656954	0.45585918	1	ambiguous	0	0	1
GSM7230012_hCiPSCs-0618_GAATCGTAGGTGCTGA-1	0.51952934	0.50633633	1	ambiguous	0	0	1
GSM7230012_hCiPSCs-0618_GAATCGTAGTGTACCT-1	0.078876644	0.086340524	1	failure	0	1	0
GSM7230012_hCiPSCs-0618_GAATCGTCAACGGCTC-1	0.11250315	0.118390694	1	ambiguous	0	0	1
GSM7230012_hCiPSCs-0618_GAATCGTCACAAGGTG-1	0.14851563	0.15271498	1	ambiguous	0	0	1
GSM7230012_hCiPSCs-0618_GAATCGTCACATACTG-1	0.6741364	0.65369576	1	ambiguous	0	0	1
GSM7230012_hCiPSCs-0618_GAATCGTCAGGCCCTA-1	0.57026243	0.5546912	1	ambiguous	0	0	1
GSM7230012_hCiPSCs-0618_GAATCGTGTGGAAGTC-1	0.6728126	0.652434	1	ambiguous	0	0	1
GSM7230012_hCiPSCs-0618_GAATCGTGTGTCGCTG-1	0.6017144	0.5846687	1	ambiguous	0	0	1
GSM7230012_hCiPSCs-0618_GAATCGTTCGCGTTTC-1	0.618924	0.6010716	1	ambiguous	0	0	1
GSM7230012_hCiPSCs-0618_GAATCGTTCGGCATTA-1	0.6339807	0.6154224	1	ambiguous	0	0	1
GSM7230012_hCiPSCs-0618_GACACGCAGTCGGCCT-1	0.73550785	0.7121902	1	ambiguous	0	0	1
GSM7230012_hCiPSCs-0618_GACACGCAGTGGAAGA-1	0.54795766	0.533432	1	ambiguous	0	0	1
GSM7230012_hCiPSCs-0618_GACACGCGTATTGACC-1	0.73122346	0.7081067	1	ambiguous	0	0	1
GSM7230012_hCiPSCs-0618_GACACGCGTGAGACGT-1	0.5453068	0.5309054	1	ambiguous	0	0	1
GSM7230012_hCiPSCs-0618_GACACGCGTTCACGAT-1	0.41285923	0.4046667	1	ambiguous	0	0	1
GSM7230012_hCiPSCs-0618_GACAGCCAGATGCTAA-1	0.72438663	0.70159036	1	ambiguous	0	0	1
GSM7230012_hCiPSCs-0618_GACAGCCAGCAGGTCA-1	0.73307776	0.70987403	1	ambiguous	0	0	1
GSM7230012_hCiPSCs-0618_GACAGCCAGGAAAGGT-1	0.5840033	0.5677879	1	ambiguous	0	0	1
GSM7230012_hCiPSCs-0618_GACAGCCAGTGCCGAA-1	0.4942749	0.48226577	1	ambiguous	0	0	1
GSM7230012_hCiPSCs-0618_GACAGCCCACCGTACG-1	0.32167885	0.31776065	1	ambiguous	0	0	1
GSM7230012_hCiPSCs-0618_GACAGCCCAGTATGAA-1	0.15364395	0.1576029	1	ambiguous	0	0	1
GSM7230012_hCiPSCs-0618_GACAGCCGTCACAGAG-1	0.7562349	0.73194563	1	success	1	0	0
GSM7230012_hCiPSCs-0618_GACAGCCGTCCTGGTG-1	0.17049508	0.17366408	1	ambiguous	0	0	1
GSM7230012_hCiPSCs-0618_GACAGCCGTGAACGGT-1	0.0932564	0.100046195	1	failure	0	1	0
GSM7230012_hCiPSCs-0618_GACAGCCGTGCGTTTA-1	0.62771106	0.6094467	1	ambiguous	0	0	1
GSM7230012_hCiPSCs-0618_GACAGCCTCCACACAA-1	0.08127469	0.08862616	1	failure	0	1	0
GSM7230012_hCiPSCs-0618_GACAGCCTCGAATCCA-1	0.6652914	0.6452654	1	ambiguous	0	0	1
GSM7230012_hCiPSCs-0618_GACAGCCTCGGCACTG-1	0.16431682	0.16777545	1	ambiguous	0	0	1
GSM7230012_hCiPSCs-0618_GACAGCCTCTTAGGAC-1	0.17286913	0.17592685	1	ambiguous	0	0	1
GSM7230012_hCiPSCs-0618_GACATCAAGGATAATC-1	0.6554704	0.6359047	1	ambiguous	0	0	1
GSM7230012_hCiPSCs-0618_GACATCACATAATCGC-1	0.16913138	0.17236431	1	ambiguous	0	0	1
GSM7230012_hCiPSCs-0618_GACATCAGTTCAATCG-1	0.6704801	0.6502108	1	ambiguous	0	0	1
GSM7230012_hCiPSCs-0618_GACATCATCCAAAGGG-1	0.2680267	0.26662362	1	ambiguous	0	0	1
GSM7230012_hCiPSCs-0618_GACATCATCCCGAGAC-1	0.7856576	0.759989	1	success	1	0	0
GSM7230012_hCiPSCs-0618_GACATCATCGCCTATC-1	0.5370746	0.5230591	1	ambiguous	0	0	1
GSM7230012_hCiPSCs-0618_GACATCATCTTCGATT-1	0.60730845	0.5900005	1	ambiguous	0	0	1
GSM7230012_hCiPSCs-0618_GACATCATCTTCTGGC-1	0.7971266	0.7709204	1	success	1	0	0
GSM7230012_hCiPSCs-0618_GACCAATAGCGATGAC-1	0.09001633	0.096958004	1	failure	0	1	0
GSM7230012_hCiPSCs-0618_GACCAATCAAGCGAGT-1	0.7008727	0.6791787	1	ambiguous	0	0	1
GSM7230012_hCiPSCs-0618_GACCAATCATTCTTCA-1	0.14271533	0.14718659	1	ambiguous	0	0	1
GSM7230012_hCiPSCs-0618_GACCAATGTGATGTAA-1	0.11477601	0.12055701	1	ambiguous	0	0	1
GSM7230012_hCiPSCs-0618_GACCAATGTTGCCATA-1	0.78019613	0.7547836	1	success	1	0	0
GSM7230012_hCiPSCs-0618_GACCAATTCCCAACTC-1	0.08197306	0.089291796	1	failure	0	1	0
GSM7230012_hCiPSCs-0618_GACCAATTCGAGAAGC-1	0.6406565	0.6217853	1	ambiguous	0	0	1
GSM7230012_hCiPSCs-0618_GACCAATTCGGTAAGG-1	0.062178753	0.0704254	1	failure	0	1	0
GSM7230012_hCiPSCs-0618_GACCCAGAGCCATTCA-1	0.7141822	0.69186425	1	ambiguous	0	0	1
GSM7230012_hCiPSCs-0618_GACCCAGCACCAGTAT-1	0.08634198	0.0934559	1	failure	0	1	0
GSM7230012_hCiPSCs-0618_GACCCAGCATGCTGCG-1	0.73427206	0.71101236	1	ambiguous	0	0	1
GSM7230012_hCiPSCs-0618_GACCCAGGTGGGTATG-1	0.612742	0.5951794	1	ambiguous	0	0	1
GSM7230012_hCiPSCs-0618_GACCCAGGTGTTACTG-1	0.6752395	0.6547471	1	ambiguous	0	0	1
GSM7230012_hCiPSCs-0618_GACCCAGGTTGGGTTT-1	0.6436657	0.6246534	1	ambiguous	0	0	1
GSM7230012_hCiPSCs-0618_GACCCAGTCGAGAGAC-1	0.6105585	0.5930982	1	ambiguous	0	0	1
GSM7230012_hCiPSCs-0618_GACCCAGTCTGTCCCA-1	0.73326254	0.7100501	1	ambiguous	0	0	1
GSM7230012_hCiPSCs-0618_GACCCAGTCTTCCTAA-1	0.05571188	0.06426168	1	failure	0	1	0
GSM7230012_hCiPSCs-0618_GACCCTTAGGACAGTC-1	0.7166056	0.69417405	1	ambiguous	0	0	1
GSM7230012_hCiPSCs-0618_GACCCTTCAGTATTCG-1	0.46590215	0.45522305	1	ambiguous	0	0	1
GSM7230012_hCiPSCs-0618_GACCCTTGTAGGTGCA-1	0.09412982	0.10087867	1	failure	0	1	0
GSM7230012_hCiPSCs-0618_GACCCTTGTCCTTGTC-1	0.7180078	0.69551057	1	ambiguous	0	0	1
GSM7230012_hCiPSCs-0618_GACCCTTGTGGTTTGT-1	0.6588407	0.63911706	1	ambiguous	0	0	1
GSM7230012_hCiPSCs-0618_GACCCTTGTTACTCAG-1	0.532455	0.5186561	1	ambiguous	0	0	1
GSM7230012_hCiPSCs-0618_GACCCTTTCCAGTACA-1	0.759649	0.73519963	1	success	1	0	0
GSM7230012_hCiPSCs-0618_GACCCTTTCCCTCTCC-1	0.6235992	0.6055276	1	ambiguous	0	0	1
GSM7230012_hCiPSCs-0618_GACCGTGAGGATACGC-1	0.5620053	0.54682106	1	ambiguous	0	0	1
GSM7230012_hCiPSCs-0618_GACCGTGAGGCGTCCT-1	0.38556525	0.3786522	1	ambiguous	0	0	1
GSM7230012_hCiPSCs-0618_GACCGTGAGGTCACAG-1	0.1082638	0.11435007	1	ambiguous	0	0	1
GSM7230012_hCiPSCs-0618_GACCGTGAGTGTAGAT-1	0.051600706	0.060343232	1	failure	0	1	0
GSM7230012_hCiPSCs-0618_GACCGTGCACCTCGTT-1	0.107422076	0.11354781	1	failure	0	1	0
GSM7230012_hCiPSCs-0618_GACCGTGCAGGCATGA-1	0.49859273	0.4863812	1	ambiguous	0	0	1
GSM7230012_hCiPSCs-0618_GACCGTGGTATTTCCT-1	0.14183547	0.14634797	1	ambiguous	0	0	1
GSM7230012_hCiPSCs-0618_GACCGTGGTGCGAGTA-1	0.5688404	0.5533358	1	ambiguous	0	0	1
GSM7230012_hCiPSCs-0618_GACCGTGGTTCGGACC-1	0.6323406	0.61385924	1	ambiguous	0	0	1
GSM7230012_hCiPSCs-0618_GACCGTGGTTTCGCTC-1	0.6427001	0.62373304	1	ambiguous	0	0	1
GSM7230012_hCiPSCs-0618_GACCGTGTCTCCGCAT-1	0.6282239	0.6099355	1	ambiguous	0	0	1
GSM7230012_hCiPSCs-0618_GACCGTGTCTTGCAAG-1	0.6705808	0.6503068	1	ambiguous	0	0	1
GSM7230012_hCiPSCs-0618_GACCTTCAGAGCAAGA-1	0.52664715	0.5131205	1	ambiguous	0	0	1
GSM7230012_hCiPSCs-0618_GACCTTCAGCCACAAG-1	0.5756081	0.5597862	1	ambiguous	0	0	1
GSM7230012_hCiPSCs-0618_GACCTTCAGGCGATAC-1	0.14546338	0.14980581	1	ambiguous	0	0	1
GSM7230012_hCiPSCs-0618_GACCTTCCAATTCACG-1	0.61958337	0.6017	1	ambiguous	0	0	1
GSM7230012_hCiPSCs-0618_GACCTTCCACAGTCAT-1	0.75873876	0.7343321	1	success	1	0	0
GSM7230012_hCiPSCs-0618_GACCTTCGTGTCCACG-1	0.19241501	0.19455644	1	ambiguous	0	0	1
GSM7230012_hCiPSCs-0618_GACCTTCTCATACAGC-1	0.64273787	0.6237691	1	ambiguous	0	0	1
GSM7230012_hCiPSCs-0618_GACCTTCTCCACTTCG-1	0.69373775	0.6723782	1	ambiguous	0	0	1
GSM7230012_hCiPSCs-0618_GACCTTCTCGATTGGT-1	0.034366492	0.043916926	1	failure	0	1	0
GSM7230012_hCiPSCs-0618_GACGCTGCACATAGCT-1	0.12508726	0.13038489	1	ambiguous	0	0	1
GSM7230012_hCiPSCs-0618_GACGCTGCACCTGCGA-1	0.105189726	0.11142011	1	failure	0	1	0
GSM7230012_hCiPSCs-0618_GACGCTGCACGCACCA-1	0.10818547	0.11427542	1	ambiguous	0	0	1
GSM7230012_hCiPSCs-0618_GACGCTGCACGCAGTC-1	0.18430041	0.18682224	1	ambiguous	0	0	1
GSM7230012_hCiPSCs-0618_GACGCTGCAGGGACTA-1	0.06561468	0.07370026	1	failure	0	1	0
GSM7230012_hCiPSCs-0618_GACGCTGCAGGGATAC-1	0.5262717	0.5127626	1	ambiguous	0	0	1
GSM7230012_hCiPSCs-0618_GACGCTGCATTATGCG-1	0.765953	0.74120814	1	success	1	0	0
GSM7230012_hCiPSCs-0618_GACGCTGGTAAGCAAT-1	0.73565096	0.71232665	1	ambiguous	0	0	1
GSM7230012_hCiPSCs-0618_GACGCTGGTCAATGGG-1	0.0936478	0.10041924	1	failure	0	1	0
GSM7230012_hCiPSCs-0618_GACGCTGGTGCCTAAT-1	0.17416969	0.17716643	1	ambiguous	0	0	1
GSM7230012_hCiPSCs-0618_GACGCTGGTGGTCTCG-1	0.68235207	0.66152626	1	ambiguous	0	0	1
GSM7230012_hCiPSCs-0618_GACGCTGTCCGATGCG-1	0.69398606	0.6726149	1	ambiguous	0	0	1
GSM7230012_hCiPSCs-0618_GACGCTGTCGGTCACG-1	0.17269008	0.17575619	1	ambiguous	0	0	1
GSM7230012_hCiPSCs-0618_GACGCTGTCGTGGGAA-1	0.5425436	0.52827173	1	ambiguous	0	0	1
GSM7230012_hCiPSCs-0618_GACGTTAAGAAGTCAT-1	0.097850375	0.104424804	1	failure	0	1	0
GSM7230012_hCiPSCs-0618_GACGTTACACCAGGTC-1	0.14814043	0.15235737	1	ambiguous	0	0	1
GSM7230012_hCiPSCs-0618_GACGTTACATGCAGGA-1	0.12823783	0.13338776	1	ambiguous	0	0	1
GSM7230012_hCiPSCs-0618_GACGTTAGTCACCCTT-1	0.6528296	0.63338774	1	ambiguous	0	0	1
GSM7230012_hCiPSCs-0618_GACGTTAGTGATGGCA-1	0.13232401	0.1372824	1	ambiguous	0	0	1
GSM7230012_hCiPSCs-0618_GACGTTATCATAAGGA-1	0.62800467	0.60972655	1	ambiguous	0	0	1
GSM7230012_hCiPSCs-0618_GACGTTATCCCTCGAT-1	0.59368604	0.5770167	1	ambiguous	0	0	1
GSM7230012_hCiPSCs-0618_GACGTTATCGTCTAAG-1	0.069901116	0.07778576	1	failure	0	1	0
GSM7230012_hCiPSCs-0618_GACTATGAGCGGTATG-1	0.7392989	0.71580356	1	ambiguous	0	0	1
GSM7230012_hCiPSCs-0618_GACTATGGTATGAGCG-1	0.67841184	0.65777075	1	ambiguous	0	0	1
GSM7230012_hCiPSCs-0618_GACTATGGTGGATCGA-1	0.78829724	0.76250494	1	success	1	0	0
GSM7230012_hCiPSCs-0618_GACTATGGTTAAGGGC-1	0.6898793	0.66870064	1	ambiguous	0	0	1
GSM7230012_hCiPSCs-0618_GACTATGTCAACTGAC-1	0.091258824	0.09814226	1	failure	0	1	0
GSM7230012_hCiPSCs-0618_GACTATGTCCGATAGT-1	0.54133654	0.52712125	1	ambiguous	0	0	1
GSM7230012_hCiPSCs-0618_GACTCAAAGAACCGCA-1	0.84035295	0.8121204	1	success	1	0	0
GSM7230012_hCiPSCs-0618_GACTCAAAGAGGGTAA-1	0.085817255	0.092955776	1	failure	0	1	0
GSM7230012_hCiPSCs-0618_GACTCAAAGAGTGTTA-1	0.5137294	0.50080824	1	ambiguous	0	0	1
GSM7230012_hCiPSCs-0618_GACTCAAAGGGAGTGG-1	0.61606115	0.5983429	1	ambiguous	0	0	1
GSM7230012_hCiPSCs-0618_GACTCAAAGTACGTCT-1	0.48777506	0.4760706	1	ambiguous	0	0	1
GSM7230012_hCiPSCs-0618_GACTCAACACGGCACT-1	0.7658967	0.7411545	1	success	1	0	0
GSM7230012_hCiPSCs-0618_GACTCAACAGACCAAG-1	0.62103117	0.6030799	1	ambiguous	0	0	1
GSM7230012_hCiPSCs-0618_GACTCAACAGTTTGGT-1	0.56197476	0.546792	1	ambiguous	0	0	1
GSM7230012_hCiPSCs-0618_GACTCAAGTACCTGTA-1	0.6326343	0.61413914	1	ambiguous	0	0	1
GSM7230012_hCiPSCs-0618_GACTCAAGTCACCCTT-1	0.65618974	0.63659036	1	ambiguous	0	0	1
GSM7230012_hCiPSCs-0618_GACTCAATCAGTGTCA-1	0.5622225	0.5470281	1	ambiguous	0	0	1
GSM7230012_hCiPSCs-0618_GACTCAATCGGCGATC-1	0.12127372	0.12675011	1	ambiguous	0	0	1
GSM7230012_hCiPSCs-0618_GACTCTCAGAAGATCT-1	0.70687884	0.68490326	1	ambiguous	0	0	1
GSM7230012_hCiPSCs-0618_GACTCTCAGTAACAGT-1	0.16432758	0.1677857	1	ambiguous	0	0	1
GSM7230012_hCiPSCs-0618_GACTCTCCACAATGTC-1	0.44105318	0.43153897	1	ambiguous	0	0	1
GSM7230012_hCiPSCs-0618_GACTCTCCAGAAGTGC-1	0.48262736	0.47116423	1	ambiguous	0	0	1
GSM7230012_hCiPSCs-0618_GACTCTCCAGTCGCTG-1	0.06972496	0.07761786	1	failure	0	1	0
GSM7230012_hCiPSCs-0618_GACTCTCGTTACAGCT-1	0.5380962	0.5240328	1	ambiguous	0	0	1
GSM7230012_hCiPSCs-0618_GACTCTCTCCATAAGC-1	0.44906196	0.4391723	1	ambiguous	0	0	1
GSM7230012_hCiPSCs-0618_GACTCTCTCTTCGACC-1	0.073741116	0.081445746	1	failure	0	1	0
GSM7230012_hCiPSCs-0618_GACTGATAGGGATGTC-1	0.61566174	0.5979622	1	ambiguous	0	0	1
GSM7230012_hCiPSCs-0618_GACTGATAGTTGCGCC-1	0.48258772	0.47112647	1	ambiguous	0	0	1
GSM7230012_hCiPSCs-0618_GACTGATCAAGTTGGG-1	0.11720184	0.12286912	1	ambiguous	0	0	1
GSM7230012_hCiPSCs-0618_GACTGATGTGTGTACT-1	0.10919159	0.11523437	1	ambiguous	0	0	1
GSM7230012_hCiPSCs-0618_GACTGATTCAGTGCGC-1	0.82266676	0.7952633	1	success	1	0	0
GSM7230012_hCiPSCs-0618_GACTGATTCCCTCATG-1	0.6689759	0.6487771	1	ambiguous	0	0	1
GSM7230012_hCiPSCs-0618_GACTGATTCGCTGTTC-1	0.6104221	0.59296817	1	ambiguous	0	0	1
GSM7230012_hCiPSCs-0618_GACTTCCAGGACAGTC-1	0.13718365	0.14191423	1	ambiguous	0	0	1
GSM7230012_hCiPSCs-0618_GACTTCCAGGTCACTT-1	0.5752577	0.5594523	1	ambiguous	0	0	1
GSM7230012_hCiPSCs-0618_GACTTCCCAACCCTAA-1	0.7035713	0.6817508	1	ambiguous	0	0	1
GSM7230012_hCiPSCs-0618_GACTTCCCAAGTGCTT-1	0.6332293	0.6147063	1	ambiguous	0	0	1
GSM7230012_hCiPSCs-0618_GACTTCCCACAACATC-1	0.10737856	0.113506325	1	failure	0	1	0
GSM7230012_hCiPSCs-0618_GACTTCCCACCAGTAT-1	0.14275202	0.14722155	1	ambiguous	0	0	1
GSM7230012_hCiPSCs-0618_GACTTCCCAGTCGAGA-1	0.068919554	0.076850206	1	failure	0	1	0
GSM7230012_hCiPSCs-0618_GACTTCCCATAGGCGA-1	0.82463336	0.79713774	1	success	1	0	0
GSM7230012_hCiPSCs-0618_GACTTCCTCCATCCGT-1	0.77006686	0.74512917	1	success	1	0	0
GSM7230012_hCiPSCs-0618_GACTTCCTCGTCCTTG-1	0.63616526	0.6175046	1	ambiguous	0	0	1
GSM7230012_hCiPSCs-0618_GAGAAATAGAAGTATC-1	0.21688423	0.2178786	1	ambiguous	0	0	1
GSM7230012_hCiPSCs-0618_GAGAAATAGACAGCTG-1	0.64371145	0.624697	1	ambiguous	0	0	1
GSM7230012_hCiPSCs-0618_GAGAAATAGCTTTGTG-1	0.6669039	0.64680225	1	ambiguous	0	0	1
GSM7230012_hCiPSCs-0618_GAGAAATAGTCGTTAC-1	0.09459373	0.10132083	1	failure	0	1	0
GSM7230012_hCiPSCs-0618_GAGAAATCACAAATCC-1	0.7244112	0.7016137	1	ambiguous	0	0	1
GSM7230012_hCiPSCs-0618_GAGAAATCAGATCACT-1	0.73096585	0.7078611	1	ambiguous	0	0	1
GSM7230012_hCiPSCs-0618_GAGAAATCAGCGTATT-1	0.62404686	0.6059543	1	ambiguous	0	0	1
GSM7230012_hCiPSCs-0618_GAGAAATCAGTGACCC-1	0.09679036	0.10341448	1	failure	0	1	0
GSM7230012_hCiPSCs-0618_GAGAAATGTCACGCTG-1	0.7175682	0.69509155	1	ambiguous	0	0	1
GSM7230012_hCiPSCs-0618_GAGAAATGTCCGGACT-1	0.3695789	0.36341524	1	ambiguous	0	0	1
GSM7230012_hCiPSCs-0618_GAGAAATGTGGTCCGT-1	0.52483565	0.5113939	1	ambiguous	0	0	1
GSM7230012_hCiPSCs-0618_GAGAAATGTTCAAACC-1	0.6264394	0.60823464	1	ambiguous	0	0	1
GSM7230012_hCiPSCs-0618_GAGAAATTCCGGACGT-1	0.24206154	0.24187565	1	ambiguous	0	0	1
GSM7230012_hCiPSCs-0618_GAGAAATTCCTCACTG-1	0.1232166	0.12860192	1	ambiguous	0	0	1
GSM7230012_hCiPSCs-0618_GAGAAATTCGGCATTA-1	0.6675413	0.64740986	1	ambiguous	0	0	1
GSM7230012_hCiPSCs-0618_GAGAAATTCTCTCTAA-1	0.5474033	0.5329036	1	ambiguous	0	0	1
GSM7230012_hCiPSCs-0618_GAGACCCAGCTAGAAT-1	0.60890985	0.59152687	1	ambiguous	0	0	1
GSM7230012_hCiPSCs-0618_GAGACCCCAGGACTTT-1	0.6853004	0.6643364	1	ambiguous	0	0	1
GSM7230012_hCiPSCs-0618_GAGACCCGTCTGTCCT-1	0.80452406	0.7779711	1	success	1	0	0
GSM7230012_hCiPSCs-0618_GAGACCCTCAGAGCGA-1	0.49199632	0.480094	1	ambiguous	0	0	1
GSM7230012_hCiPSCs-0618_GAGACCCTCATTGCCC-1	0.6372206	0.6185104	1	ambiguous	0	0	1
GSM7230012_hCiPSCs-0618_GAGACCCTCCACACAA-1	0.20473056	0.20629466	1	ambiguous	0	0	1
GSM7230012_hCiPSCs-0618_GAGACCCTCCTTCGAC-1	0.8916734	0.861035	1	success	1	0	0
GSM7230012_hCiPSCs-0618_GAGACCCTCGGAAGGT-1	0.72812426	0.70515275	1	ambiguous	0	0	1
GSM7230012_hCiPSCs-0618_GAGACCCTCGGAGTGA-1	0.5586099	0.5435849	1	ambiguous	0	0	1
GSM7230012_hCiPSCs-0618_GAGACCCTCGTCTAAG-1	0.14616291	0.15047255	1	ambiguous	0	0	1
GSM7230012_hCiPSCs-0618_GAGACTTAGCACTAGG-1	0.54064274	0.52646	1	ambiguous	0	0	1
GSM7230012_hCiPSCs-0618_GAGACTTAGCAGCACA-1	0.47623783	0.46507424	1	ambiguous	0	0	1
GSM7230012_hCiPSCs-0618_GAGACTTAGGGACCAT-1	0.5061663	0.49359968	1	ambiguous	0	0	1
GSM7230012_hCiPSCs-0618_GAGACTTCAACGGCTC-1	0.6007441	0.58374393	1	ambiguous	0	0	1
GSM7230012_hCiPSCs-0618_GAGACTTCACACGCCA-1	0.75626355	0.73197293	1	success	1	0	0
GSM7230012_hCiPSCs-0618_GAGACTTCATGGCGCT-1	0.22289233	0.22360505	1	ambiguous	0	0	1
GSM7230012_hCiPSCs-0618_GAGACTTTCAGCTGAT-1	0.16397996	0.16745438	1	ambiguous	0	0	1
GSM7230012_hCiPSCs-0618_GAGACTTTCCAAATGC-1	0.91703224	0.8852051	1	success	1	0	0
GSM7230012_hCiPSCs-0618_GAGACTTTCGTCCTCA-1	0.61866945	0.60082895	1	ambiguous	0	0	1
GSM7230012_hCiPSCs-0618_GAGAGGTAGAAACCAT-1	0.6300417	0.6116681	1	ambiguous	0	0	1
GSM7230012_hCiPSCs-0618_GAGAGGTAGCAGCCCT-1	0.3839991	0.37715948	1	ambiguous	0	0	1
GSM7230012_hCiPSCs-0618_GAGAGGTAGTTGAATG-1	0.09127013	0.098153025	1	failure	0	1	0
GSM7230012_hCiPSCs-0618_GAGAGGTCAACGCCCA-1	0.8777648	0.84777844	1	success	1	0	0
GSM7230012_hCiPSCs-0618_GAGAGGTGTGTGCCTG-1	0.6145434	0.5968963	1	ambiguous	0	0	1
GSM7230012_hCiPSCs-0618_GAGAGGTGTTCGGTCG-1	0.7058328	0.68390626	1	ambiguous	0	0	1
GSM7230012_hCiPSCs-0618_GAGAGGTTCGGAACTT-1	0.56458855	0.54928327	1	ambiguous	0	0	1
GSM7230012_hCiPSCs-0618_GAGATGGGTAAGTTGA-1	0.11864891	0.124248356	1	ambiguous	0	0	1
GSM7230012_hCiPSCs-0618_GAGATGGGTATCGTAC-1	0.13193421	0.13691087	1	ambiguous	0	0	1
GSM7230012_hCiPSCs-0618_GAGATGGTCCATATGG-1	0.688757	0.667631	1	ambiguous	0	0	1
GSM7230012_hCiPSCs-0618_GAGATGGTCGTGCGAC-1	0.69539255	0.67395544	1	ambiguous	0	0	1
GSM7230012_hCiPSCs-0618_GAGCCTGCAGGTTCAT-1	0.7789769	0.7536215	1	success	1	0	0
GSM7230012_hCiPSCs-0618_GAGCCTGCATAGCTGT-1	0.12774062	0.13291387	1	ambiguous	0	0	1
GSM7230012_hCiPSCs-0618_GAGCCTGCATCGGCCA-1	0.70895463	0.6868818	1	ambiguous	0	0	1
GSM7230012_hCiPSCs-0618_GAGCCTGGTACAGTAA-1	0.08398539	0.091209784	1	failure	0	1	0
GSM7230012_hCiPSCs-0618_GAGCCTGGTACTCGAT-1	0.08896869	0.09595948	1	failure	0	1	0
GSM7230012_hCiPSCs-0618_GAGCCTGGTCTGCGCA-1	0.13144292	0.13644262	1	ambiguous	0	0	1
GSM7230012_hCiPSCs-0618_GAGCCTGGTGAACGGT-1	0.5387008	0.5246091	1	ambiguous	0	0	1
GSM7230012_hCiPSCs-0618_GAGCCTGGTGTCACAT-1	0.11235414	0.118248664	1	ambiguous	0	0	1
GSM7230012_hCiPSCs-0618_GAGCCTGTCAAGAATG-1	0.64036745	0.6215098	1	ambiguous	0	0	1
GSM7230012_hCiPSCs-0618_GAGCCTGTCATATGGC-1	0.07528048	0.082912944	1	failure	0	1	0
GSM7230012_hCiPSCs-0618_GAGCCTGTCTTGCAAG-1	0.685524	0.66454947	1	ambiguous	0	0	1
GSM7230012_hCiPSCs-0618_GAGCTGCAGGTCATAA-1	0.65086085	0.6315113	1	ambiguous	0	0	1
GSM7230012_hCiPSCs-0618_GAGCTGCAGTGACCTT-1	0.12227522	0.12770467	1	ambiguous	0	0	1
GSM7230012_hCiPSCs-0618_GAGCTGCCAGCTGTTA-1	0.20314935	0.20478758	1	ambiguous	0	0	1
GSM7230012_hCiPSCs-0618_GAGCTGCCAGGTCCGT-1	0.80002475	0.7736827	1	success	1	0	0
GSM7230012_hCiPSCs-0618_GAGCTGCGTACTCCCT-1	0.13687131	0.14161652	1	ambiguous	0	0	1
GSM7230012_hCiPSCs-0618_GAGCTGCGTATGAGCG-1	0.5401442	0.5259848	1	ambiguous	0	0	1
GSM7230012_hCiPSCs-0618_GAGCTGCGTCACTCAA-1	0.7246038	0.7017973	1	ambiguous	0	0	1
GSM7230012_hCiPSCs-0618_GAGCTGCGTCGTCGGT-1	0.53068674	0.5169707	1	ambiguous	0	0	1
GSM7230012_hCiPSCs-0618_GAGCTGCGTTGAGAGC-1	0.16835561	0.1716249	1	ambiguous	0	0	1
GSM7230012_hCiPSCs-0618_GAGCTGCTCAGTCTTT-1	0.8067622	0.78010434	1	success	1	0	0
GSM7230012_hCiPSCs-0618_GAGCTGCTCCAAAGGG-1	0.1721021	0.17519575	1	ambiguous	0	0	1
GSM7230012_hCiPSCs-0618_GAGCTGCTCCTCGCAT-1	0.15652724	0.16035102	1	ambiguous	0	0	1
GSM7230012_hCiPSCs-0618_GAGCTGCTCTGGTGGC-1	0.7273262	0.70439214	1	ambiguous	0	0	1
GSM7230012_hCiPSCs-0618_GAGGCAAAGCACCTGC-1	0.051936395	0.060663186	1	failure	0	1	0
GSM7230012_hCiPSCs-0618_GAGGCAAAGTCATTGC-1	0.2029409	0.2045889	1	ambiguous	0	0	1
GSM7230012_hCiPSCs-0618_GAGGCAAAGTTCCGTA-1	0.18645883	0.18887947	1	ambiguous	0	0	1
GSM7230012_hCiPSCs-0618_GAGGCAACAGGGCTTC-1	0.7235815	0.70082295	1	ambiguous	0	0	1
GSM7230012_hCiPSCs-0618_GAGGCAAGTACCCAGC-1	0.17018674	0.1733702	1	ambiguous	0	0	1
GSM7230012_hCiPSCs-0618_GAGGCAAGTTAGAAAC-1	0.7170695	0.6946162	1	ambiguous	0	0	1
GSM7230012_hCiPSCs-0618_GAGGCAATCATCTCTA-1	0.62744445	0.6091926	1	ambiguous	0	0	1
GSM7230012_hCiPSCs-0618_GAGGCAATCATGGATC-1	0.8332697	0.8053692	1	success	1	0	0
GSM7230012_hCiPSCs-0618_GAGGCAATCGGATACT-1	0.7690094	0.7441213	1	success	1	0	0
GSM7230012_hCiPSCs-0618_GAGGCAATCGTGGAAG-1	0.6581781	0.6384855	1	ambiguous	0	0	1
GSM7230012_hCiPSCs-0618_GAGGCAATCTTACTGT-1	0.70591336	0.683983	1	ambiguous	0	0	1
GSM7230012_hCiPSCs-0618_GAGGCCTAGCGTATAA-1	0.79352766	0.76749015	1	success	1	0	0
GSM7230012_hCiPSCs-0618_GAGGCCTAGGATATAC-1	0.13666525	0.14142013	1	ambiguous	0	0	1
GSM7230012_hCiPSCs-0618_GAGGCCTAGGATTCCT-1	0.15781339	0.16157688	1	ambiguous	0	0	1
GSM7230012_hCiPSCs-0618_GAGGCCTCAAGTGGTG-1	0.108570784	0.11464267	1	ambiguous	0	0	1
GSM7230012_hCiPSCs-0618_GAGGCCTGTATTAAGG-1	0.6936672	0.67231095	1	ambiguous	0	0	1
GSM7230012_hCiPSCs-0618_GAGGCCTGTTCACCGG-1	0.12830399	0.13345082	1	ambiguous	0	0	1
GSM7230012_hCiPSCs-0618_GAGGCCTTCCGAGATT-1	0.468132	0.45734838	1	ambiguous	0	0	1
GSM7230012_hCiPSCs-0618_GAGGGATCAAGTCGTT-1	0.081628874	0.08896374	1	failure	0	1	0
GSM7230012_hCiPSCs-0618_GAGGGATCATCCCACT-1	0.84090686	0.8126483	1	success	1	0	0
GSM7230012_hCiPSCs-0618_GAGGGATCATGCACTA-1	0.123236924	0.1286213	1	ambiguous	0	0	1
GSM7230012_hCiPSCs-0618_GAGGGATCATTGAAAG-1	0.16403456	0.16750641	1	ambiguous	0	0	1
GSM7230012_hCiPSCs-0618_GAGGGATGTCTTAGTG-1	0.73439986	0.71113414	1	ambiguous	0	0	1
GSM7230012_hCiPSCs-0618_GAGGGATTCCAACACA-1	0.7796324	0.7542463	1	success	1	0	0
GSM7230012_hCiPSCs-0618_GAGGGATTCGGCTGGT-1	0.20032032	0.20209117	1	ambiguous	0	0	1
GSM7230012_hCiPSCs-0618_GAGGGATTCTTGTTAC-1	0.62249535	0.6044755	1	ambiguous	0	0	1
GSM7230012_hCiPSCs-0618_GAGGGTAAGTCTCGTA-1	0.13981867	0.14442572	1	ambiguous	0	0	1
GSM7230012_hCiPSCs-0618_GAGGGTACAATACCTG-1	0.60250133	0.58541876	1	ambiguous	0	0	1
GSM7230012_hCiPSCs-0618_GAGGGTACAATTGTGC-1	0.64100564	0.62211806	1	ambiguous	0	0	1
GSM7230012_hCiPSCs-0618_GAGGGTACAGAGTCTT-1	0.1397243	0.14433578	1	ambiguous	0	0	1
GSM7230012_hCiPSCs-0618_GAGGGTACAGATCCTA-1	0.13798475	0.14267777	1	ambiguous	0	0	1
GSM7230012_hCiPSCs-0618_GAGGGTACAGCAGTAG-1	0.33417943	0.32967526	1	ambiguous	0	0	1
GSM7230012_hCiPSCs-0618_GAGGGTATCTAAGCGT-1	0.7449912	0.72122896	1	ambiguous	0	0	1
GSM7230012_hCiPSCs-0618_GAGTCATAGAGTCTGG-1	0.690198	0.6690044	1	ambiguous	0	0	1
GSM7230012_hCiPSCs-0618_GAGTCATAGTTCATGC-1	0.7906484	0.76474583	1	success	1	0	0
GSM7230012_hCiPSCs-0618_GAGTCATCAACTCCAA-1	0.54126686	0.5270548	1	ambiguous	0	0	1
GSM7230012_hCiPSCs-0618_GAGTCATCATGGCCCA-1	0.43207198	0.4229788	1	ambiguous	0	0	1
GSM7230012_hCiPSCs-0618_GAGTCATGTCTTTATC-1	0.17451355	0.17749417	1	ambiguous	0	0	1
GSM7230012_hCiPSCs-0618_GAGTCATTCTACCACC-1	0.6487911	0.62953854	1	ambiguous	0	0	1
GSM7230012_hCiPSCs-0618_GAGTCTAAGTAAACTG-1	0.2141236	0.2152474	1	ambiguous	0	0	1
GSM7230012_hCiPSCs-0618_GAGTCTAAGTAGATCA-1	0.15561321	0.15947986	1	ambiguous	0	0	1
GSM7230012_hCiPSCs-0618_GAGTCTAAGTGAGCCA-1	0.5930802	0.5764393	1	ambiguous	0	0	1
GSM7230012_hCiPSCs-0618_GAGTCTACAAGCGCAA-1	0.7752226	0.7500432	1	success	1	0	0
GSM7230012_hCiPSCs-0618_GAGTCTACACACCTGG-1	0.14748834	0.15173584	1	ambiguous	0	0	1
GSM7230012_hCiPSCs-0618_GAGTCTACAGCAGATG-1	0.5330711	0.51924324	1	ambiguous	0	0	1
GSM7230012_hCiPSCs-0618_GAGTCTACAGTAGAAT-1	0.122949824	0.12834765	1	ambiguous	0	0	1
GSM7230012_hCiPSCs-0618_GAGTCTAGTATCAGGG-1	0.70327526	0.6814686	1	ambiguous	0	0	1
GSM7230012_hCiPSCs-0618_GAGTCTAGTCAAGTTC-1	0.59352046	0.5768589	1	ambiguous	0	0	1
GSM7230012_hCiPSCs-0618_GAGTCTAGTGTGAATA-1	0.6671436	0.6470308	1	ambiguous	0	0	1
GSM7230012_hCiPSCs-0618_GAGTCTAGTTGTGCAT-1	0.11069412	0.116666466	1	ambiguous	0	0	1
GSM7230012_hCiPSCs-0618_GAGTCTATCGTTCAGA-1	0.58541995	0.5691381	1	ambiguous	0	0	1
GSM7230012_hCiPSCs-0618_GAGTGAGAGAGGGTGG-1	0.6260298	0.6078443	1	ambiguous	0	0	1
GSM7230012_hCiPSCs-0618_GAGTGAGGTCGCATTA-1	0.6138217	0.59620845	1	ambiguous	0	0	1
GSM7230012_hCiPSCs-0618_GAGTGAGGTGTCATTG-1	0.16056797	0.16420233	1	ambiguous	0	0	1
GSM7230012_hCiPSCs-0618_GAGTGAGGTTAAGCAA-1	0.13674459	0.14149575	1	ambiguous	0	0	1
GSM7230012_hCiPSCs-0618_GAGTGAGGTTGCTCGG-1	0.6294006	0.61105704	1	ambiguous	0	0	1
GSM7230012_hCiPSCs-0618_GAGTGAGTCGATGGAG-1	0.20972094	0.2110511	1	ambiguous	0	0	1
GSM7230012_hCiPSCs-0618_GAGTGTTAGAATCTAG-1	0.103372425	0.109688	1	failure	0	1	0
GSM7230012_hCiPSCs-0618_GAGTGTTAGCTCCACG-1	0.103566706	0.109873176	1	failure	0	1	0
GSM7230012_hCiPSCs-0618_GAGTGTTCATGAGTAA-1	0.48890063	0.4771434	1	ambiguous	0	0	1
GSM7230012_hCiPSCs-0618_GAGTGTTCATGTACGT-1	0.59010476	0.57360333	1	ambiguous	0	0	1
GSM7230012_hCiPSCs-0618_GAGTGTTGTATCTCTT-1	0.14599983	0.15031713	1	ambiguous	0	0	1
GSM7230012_hCiPSCs-0618_GAGTGTTGTATTGCCA-1	0.7866556	0.76094025	1	success	1	0	0
GSM7230012_hCiPSCs-0618_GAGTGTTGTCTTCATT-1	0.16250102	0.16604476	1	ambiguous	0	0	1
GSM7230012_hCiPSCs-0618_GAGTTACAGGGTACAC-1	0.63014627	0.6117677	1	ambiguous	0	0	1
GSM7230012_hCiPSCs-0618_GAGTTACCAAAGCTCT-1	0.66337645	0.6434402	1	ambiguous	0	0	1
GSM7230012_hCiPSCs-0618_GAGTTACCAACCGTGC-1	0.19530135	0.1973075	1	ambiguous	0	0	1
GSM7230012_hCiPSCs-0618_GAGTTACCAAGCAGGT-1	0.13703485	0.14177239	1	ambiguous	0	0	1
GSM7230012_hCiPSCs-0618_GAGTTACCACACACGC-1	0.5893687	0.5729018	1	ambiguous	0	0	1
GSM7230012_hCiPSCs-0618_GAGTTACCACCCTAAA-1	0.6560809	0.63648665	1	ambiguous	0	0	1
GSM7230012_hCiPSCs-0618_GAGTTACGTACACGCC-1	0.4281051	0.41919786	1	ambiguous	0	0	1
GSM7230012_hCiPSCs-0618_GAGTTACGTGCAGGAT-1	0.06312137	0.071323834	1	failure	0	1	0
GSM7230012_hCiPSCs-0618_GAGTTACGTTCTATCT-1	0.14673135	0.15101434	1	ambiguous	0	0	1
GSM7230012_hCiPSCs-0618_GAGTTACGTTGCTAGT-1	0.1586187	0.16234444	1	ambiguous	0	0	1
GSM7230012_hCiPSCs-0618_GAGTTACTCCGATCTC-1	0.5624256	0.54722166	1	ambiguous	0	0	1
GSM7230012_hCiPSCs-0618_GAGTTGTAGTTGAAGT-1	0.5093566	0.4966405	1	ambiguous	0	0	1
GSM7230012_hCiPSCs-0618_GAGTTGTAGTTTCGGT-1	0.52806973	0.51447636	1	ambiguous	0	0	1
GSM7230012_hCiPSCs-0618_GAGTTGTCAAACGGCA-1	0.64407104	0.62503976	1	ambiguous	0	0	1
GSM7230012_hCiPSCs-0618_GAGTTGTCATGGCACC-1	0.37313926	0.3668087	1	ambiguous	0	0	1
GSM7230012_hCiPSCs-0618_GAGTTGTTCGACCTAA-1	0.28216863	0.28010258	1	ambiguous	0	0	1
GSM7230012_hCiPSCs-0618_GAGTTTGAGTCCGTCG-1	0.61925966	0.6013915	1	ambiguous	0	0	1
GSM7230012_hCiPSCs-0618_GAGTTTGAGTCTTCCC-1	0.4993164	0.48707092	1	ambiguous	0	0	1
GSM7230012_hCiPSCs-0618_GAGTTTGCAAGAATGT-1	0.71979976	0.6972185	1	ambiguous	0	0	1
GSM7230012_hCiPSCs-0618_GAGTTTGGTGGCAGAT-1	0.12963353	0.13471803	1	ambiguous	0	0	1
GSM7230012_hCiPSCs-0618_GAGTTTGGTGTCTTAG-1	0.10223303	0.10860202	1	failure	0	1	0
GSM7230012_hCiPSCs-0618_GAGTTTGTCATTGAGC-1	0.10520581	0.11143544	1	failure	0	1	0
GSM7230012_hCiPSCs-0618_GAGTTTGTCCACGGAC-1	0.2973114	0.2945355	1	ambiguous	0	0	1
GSM7230012_hCiPSCs-0618_GAGTTTGTCGCGGACT-1	0.5206468	0.5074014	1	ambiguous	0	0	1
GSM7230012_hCiPSCs-0618_GATAGAAAGCTGCCTG-1	0.6278195	0.60955006	1	ambiguous	0	0	1
GSM7230012_hCiPSCs-0618_GATAGAACAAGCGATG-1	0.16638134	0.1697432	1	ambiguous	0	0	1
GSM7230012_hCiPSCs-0618_GATAGAACACGTTGGC-1	0.16643894	0.16979809	1	ambiguous	0	0	1
GSM7230012_hCiPSCs-0618_GATAGAAGTATGTCCA-1	0.55584836	0.5409528	1	ambiguous	0	0	1
GSM7230012_hCiPSCs-0618_GATAGAATCCCTCTTT-1	0.6021474	0.5850814	1	ambiguous	0	0	1
GSM7230012_hCiPSCs-0618_GATAGAATCGTTGTTT-1	0.40732569	0.39939255	1	ambiguous	0	0	1
GSM7230012_hCiPSCs-0618_GATAGAATCTCACGAA-1	0.46069792	0.45026278	1	ambiguous	0	0	1
GSM7230012_hCiPSCs-0618_GATAGCTAGAGTTGTA-1	0.3962843	0.38886878	1	ambiguous	0	0	1
GSM7230012_hCiPSCs-0618_GATAGCTAGGAGTCTG-1	0.2010474	0.20278417	1	ambiguous	0	0	1
GSM7230012_hCiPSCs-0618_GATAGCTCAGCGTTTA-1	0.13072991	0.13576302	1	ambiguous	0	0	1
GSM7230012_hCiPSCs-0618_GATAGCTGTGCGAACA-1	0.5744191	0.558653	1	ambiguous	0	0	1
GSM7230012_hCiPSCs-0618_GATAGCTGTTGCTAGT-1	0.33097076	0.326617	1	ambiguous	0	0	1
GSM7230012_hCiPSCs-0618_GATAGCTGTTGGCTAT-1	0.10126718	0.107681446	1	failure	0	1	0
GSM7230012_hCiPSCs-0618_GATAGCTTCACTGTTT-1	0.8248772	0.79737014	1	success	1	0	0
GSM7230012_hCiPSCs-0618_GATAGCTTCCCGAAAT-1	0.15006453	0.15419127	1	ambiguous	0	0	1
GSM7230012_hCiPSCs-0618_GATAGCTTCTCCATAT-1	0.677163	0.65658045	1	ambiguous	0	0	1
GSM7230012_hCiPSCs-0618_GATCACACAACCAATC-1	0.46345106	0.45288688	1	ambiguous	0	0	1
GSM7230012_hCiPSCs-0618_GATCACAGTATACGGG-1	0.10488893	0.11113341	1	failure	0	1	0
GSM7230012_hCiPSCs-0618_GATCACATCGTTTACT-1	0.07854739	0.086026706	1	failure	0	1	0
GSM7230012_hCiPSCs-0618_GATCACATCTACTATC-1	0.1235223	0.12889329	1	ambiguous	0	0	1
GSM7230012_hCiPSCs-0618_GATCAGTAGAAAGCGA-1	0.71368307	0.69138855	1	ambiguous	0	0	1
GSM7230012_hCiPSCs-0618_GATCAGTAGCACACCC-1	0.16631982	0.16968454	1	ambiguous	0	0	1
GSM7230012_hCiPSCs-0618_GATCAGTAGCCTGCCA-1	0.23047262	0.23083	1	ambiguous	0	0	1
GSM7230012_hCiPSCs-0618_GATCAGTAGTAGCAAT-1	0.67182946	0.65149695	1	ambiguous	0	0	1
GSM7230012_hCiPSCs-0618_GATCAGTCAAGATGGC-1	0.70990485	0.6877874	1	ambiguous	0	0	1
GSM7230012_hCiPSCs-0618_GATCAGTCACCAGTAT-1	0.7639757	0.7393235	1	success	1	0	0
GSM7230012_hCiPSCs-0618_GATCAGTCATTCAGCA-1	0.70693064	0.6849527	1	ambiguous	0	0	1
GSM7230012_hCiPSCs-0618_GATCAGTGTAATCAAG-1	0.118370034	0.12398255	1	ambiguous	0	0	1
GSM7230012_hCiPSCs-0618_GATCAGTGTGGCCACT-1	0.20130306	0.20302784	1	ambiguous	0	0	1
GSM7230012_hCiPSCs-0618_GATCAGTTCCCTGTTG-1	0.08106051	0.088422015	1	failure	0	1	0
GSM7230012_hCiPSCs-0618_GATCAGTTCCTCTAAT-1	0.1371506	0.14188273	1	ambiguous	0	0	1
GSM7230012_hCiPSCs-0618_GATCAGTTCGACCCAG-1	0.1542246	0.15815634	1	ambiguous	0	0	1
GSM7230012_hCiPSCs-0618_GATCAGTTCGCGTGCA-1	0.17854142	0.18133323	1	ambiguous	0	0	1
GSM7230012_hCiPSCs-0618_GATCAGTTCTTGTGCC-1	0.16103283	0.1646454	1	ambiguous	0	0	1
GSM7230012_hCiPSCs-0618_GATCATGAGATAACGT-1	0.12693448	0.13214552	1	ambiguous	0	0	1
GSM7230012_hCiPSCs-0618_GATCATGAGGTGCTGA-1	0.44766763	0.43784332	1	ambiguous	0	0	1
GSM7230012_hCiPSCs-0618_GATCATGCATCGATCA-1	0.6934551	0.6721088	1	ambiguous	0	0	1
GSM7230012_hCiPSCs-0618_GATCATGGTAGTCTTG-1	0.20102832	0.20276599	1	ambiguous	0	0	1
GSM7230012_hCiPSCs-0618_GATCATGGTTTATGCG-1	0.8405631	0.81232065	1	success	1	0	0
GSM7230012_hCiPSCs-0618_GATCATGTCATTCACT-1	0.57334495	0.55762917	1	ambiguous	0	0	1
GSM7230012_hCiPSCs-0618_GATCATGTCTAACACG-1	0.48695529	0.4752893	1	ambiguous	0	0	1
GSM7230012_hCiPSCs-0618_GATCATGTCTGTCAGA-1	0.61618894	0.5984647	1	ambiguous	0	0	1
GSM7230012_hCiPSCs-0618_GATCCCTAGCATGCAG-1	0.80046105	0.7740985	1	success	1	0	0
GSM7230012_hCiPSCs-0618_GATCCCTAGTCATACC-1	0.646374	0.62723476	1	ambiguous	0	0	1
GSM7230012_hCiPSCs-0618_GATCCCTAGTCTCCTC-1	0.7574362	0.7330906	1	success	1	0	0
GSM7230012_hCiPSCs-0618_GATCCCTCACAGCATT-1	0.17159718	0.17471452	1	ambiguous	0	0	1
GSM7230012_hCiPSCs-0618_GATCCCTCAGTTGTCA-1	0.7489176	0.7249713	1	ambiguous	0	0	1
GSM7230012_hCiPSCs-0618_GATCCCTCATCCTCAC-1	0.136783	0.14153235	1	ambiguous	0	0	1
GSM7230012_hCiPSCs-0618_GATCCCTGTATAGCTC-1	0.87756073	0.84758395	1	success	1	0	0
GSM7230012_hCiPSCs-0618_GATCCCTGTGGTCCGT-1	0.58729804	0.5709282	1	ambiguous	0	0	1
GSM7230012_hCiPSCs-0618_GATCCCTGTTCGGTAT-1	0.65349114	0.63401824	1	ambiguous	0	0	1
GSM7230012_hCiPSCs-0618_GATCCCTGTTGTAAAG-1	0.67008585	0.64983505	1	ambiguous	0	0	1
GSM7230012_hCiPSCs-0618_GATCCCTTCTACCACC-1	0.19712353	0.19904424	1	ambiguous	0	0	1
GSM7230012_hCiPSCs-0618_GATCGTAAGCAACAGC-1	0.14094205	0.14549643	1	ambiguous	0	0	1
GSM7230012_hCiPSCs-0618_GATCGTAAGCAGTAAT-1	0.124314524	0.12964837	1	ambiguous	0	0	1
GSM7230012_hCiPSCs-0618_GATCGTAAGCCTAGGA-1	0.03931307	0.048631616	1	failure	0	1	0
GSM7230012_hCiPSCs-0618_GATCGTAAGTCTCGTA-1	0.57596135	0.56012297	1	ambiguous	0	0	1
GSM7230012_hCiPSCs-0618_GATCGTAAGTGCACTT-1	0.07710395	0.084650934	1	failure	0	1	0
GSM7230012_hCiPSCs-0618_GATCGTACAAGCTGTT-1	0.12498223	0.13028477	1	ambiguous	0	0	1
GSM7230012_hCiPSCs-0618_GATCGTAGTCATGGCC-1	0.7394892	0.7159849	1	ambiguous	0	0	1
GSM7230012_hCiPSCs-0618_GATCGTAGTGACTGAG-1	0.10805754	0.11415349	1	ambiguous	0	0	1
GSM7230012_hCiPSCs-0618_GATCGTAGTGTTAAAG-1	0.12714529	0.13234645	1	ambiguous	0	0	1
GSM7230012_hCiPSCs-0618_GATCGTAGTTGATGTC-1	0.6142731	0.5966387	1	ambiguous	0	0	1
GSM7230012_hCiPSCs-0618_GATCGTATCACCTGGG-1	0.6136999	0.59609234	1	ambiguous	0	0	1
GSM7230012_hCiPSCs-0618_GATGACTAGGACTTCT-1	0.4465343	0.43676317	1	ambiguous	0	0	1
GSM7230012_hCiPSCs-0618_GATGACTAGGGCATGT-1	0.63366973	0.6151261	1	ambiguous	0	0	1
GSM7230012_hCiPSCs-0618_GATGACTAGTGGATAT-1	0.17714772	0.18000485	1	ambiguous	0	0	1
GSM7230012_hCiPSCs-0618_GATGACTGTACGATTC-1	0.6338503	0.6152981	1	ambiguous	0	0	1
GSM7230012_hCiPSCs-0618_GATGACTGTCTTACTT-1	0.08411339	0.09133179	1	failure	0	1	0
GSM7230012_hCiPSCs-0618_GATGACTGTGTCTTGA-1	0.7074565	0.6854539	1	ambiguous	0	0	1
GSM7230012_hCiPSCs-0618_GATGACTGTGTTCGAT-1	0.6094964	0.5920859	1	ambiguous	0	0	1
GSM7230012_hCiPSCs-0618_GATGACTTCACTAGCA-1	0.026903827	0.03680409	1	failure	0	1	0
GSM7230012_hCiPSCs-0618_GATGACTTCAGGAACG-1	0.64004403	0.6212015	1	ambiguous	0	0	1
GSM7230012_hCiPSCs-0618_GATGACTTCTTCGTAT-1	0.61641324	0.59867847	1	ambiguous	0	0	1
GSM7230012_hCiPSCs-0618_GATGAGGAGCAACAGC-1	0.7916148	0.76566696	1	success	1	0	0
GSM7230012_hCiPSCs-0618_GATGAGGAGGGTAATT-1	0.10446654	0.11073083	1	failure	0	1	0
GSM7230012_hCiPSCs-0618_GATGAGGAGTTTCGAC-1	0.60199547	0.5849366	1	ambiguous	0	0	1
GSM7230012_hCiPSCs-0618_GATGAGGCAAGACGAC-1	0.7237366	0.70097077	1	ambiguous	0	0	1
GSM7230012_hCiPSCs-0618_GATGAGGCATTCTCCG-1	0.78402823	0.7584361	1	success	1	0	0
GSM7230012_hCiPSCs-0618_GATGAGGTCAACCTTT-1	0.6690004	0.6488005	1	ambiguous	0	0	1
GSM7230012_hCiPSCs-0618_GATGAGGTCATGCCAA-1	0.5473876	0.53288865	1	ambiguous	0	0	1
GSM7230012_hCiPSCs-0618_GATGAGGTCCCGGTAG-1	0.68979204	0.6686174	1	ambiguous	0	0	1
GSM7230012_hCiPSCs-0618_GATGAGGTCGCTGTCT-1	0.6039712	0.5868197	1	ambiguous	0	0	1
GSM7230012_hCiPSCs-0618_GATGATCAGCGTCAAG-1	0.5314053	0.5176556	1	ambiguous	0	0	1
GSM7230012_hCiPSCs-0618_GATGATCCAAAGCACG-1	0.582802	0.5666429	1	ambiguous	0	0	1
GSM7230012_hCiPSCs-0618_GATGATCCAAGACGGT-1	0.17870691	0.18149096	1	ambiguous	0	0	1
GSM7230012_hCiPSCs-0618_GATGATCCAGCTAACT-1	0.7088287	0.68676174	1	ambiguous	0	0	1
GSM7230012_hCiPSCs-0618_GATGATCCATCTATCT-1	0.09275505	0.099568345	1	failure	0	1	0
GSM7230012_hCiPSCs-0618_GATGATCGTTAGAGAT-1	0.48244345	0.47098896	1	ambiguous	0	0	1
GSM7230012_hCiPSCs-0618_GATGATCGTTCAGTAC-1	0.1397233	0.14433482	1	ambiguous	0	0	1
GSM7230012_hCiPSCs-0618_GATGATCTCCGTTGAA-1	0.23441105	0.2345838	1	ambiguous	0	0	1
GSM7230012_hCiPSCs-0618_GATGATCTCGCTGACG-1	0.7582733	0.73388845	1	success	1	0	0
GSM7230012_hCiPSCs-0618_GATGCTAAGCGTACAG-1	0.69633454	0.67485327	1	ambiguous	0	0	1
GSM7230012_hCiPSCs-0618_GATGCTAAGCTCAGAG-1	0.059739083	0.068100095	1	failure	0	1	0
GSM7230012_hCiPSCs-0618_GATGCTAAGTAGGTTA-1	0.16160037	0.16518633	1	ambiguous	0	0	1
GSM7230012_hCiPSCs-0618_GATGCTAAGTGCGTCC-1	0.6539338	0.6344402	1	ambiguous	0	0	1
GSM7230012_hCiPSCs-0618_GATGCTACACCCTAGG-1	0.127444	0.13263114	1	ambiguous	0	0	1
GSM7230012_hCiPSCs-0618_GATGCTACAGCTGTCG-1	0.10591717	0.112113446	1	failure	0	1	0
GSM7230012_hCiPSCs-0618_GATGCTACATACCACA-1	0.5999117	0.58295053	1	ambiguous	0	0	1
GSM7230012_hCiPSCs-0618_GATGCTAGTGATTGGG-1	0.13505809	0.1398883	1	ambiguous	0	0	1
GSM7230012_hCiPSCs-0618_GATGCTAGTGGCTACC-1	0.16788921	0.17118037	1	ambiguous	0	0	1
GSM7230012_hCiPSCs-0618_GATGCTAGTGTTCGAT-1	0.55837905	0.5433649	1	ambiguous	0	0	1
GSM7230012_hCiPSCs-0618_GATGCTATCTTCGGTC-1	0.25607553	0.2552327	1	ambiguous	0	0	1
GSM7230012_hCiPSCs-0618_GATGCTATCTTCTAAC-1	0.1705936	0.17375799	1	ambiguous	0	0	1
GSM7230012_hCiPSCs-0618_GATGGAGAGACCAACG-1	0.6664215	0.64634246	1	ambiguous	0	0	1
GSM7230012_hCiPSCs-0618_GATGGAGAGAGTTGCG-1	0.14643186	0.1507289	1	ambiguous	0	0	1
GSM7230012_hCiPSCs-0618_GATGGAGAGCTTTCCC-1	0.095822506	0.102492005	1	failure	0	1	0
GSM7230012_hCiPSCs-0618_GATGGAGAGTAGTCAA-1	0.58394426	0.5677316	1	ambiguous	0	0	1
GSM7230012_hCiPSCs-0618_GATGGAGCAAAGCTCT-1	0.5898335	0.57334477	1	ambiguous	0	0	1
GSM7230012_hCiPSCs-0618_GATGGAGCAATGAGCG-1	0.73944914	0.71594673	1	ambiguous	0	0	1
GSM7230012_hCiPSCs-0618_GATGGAGCACCGTCTT-1	0.15689306	0.1606997	1	ambiguous	0	0	1
GSM7230012_hCiPSCs-0618_GATGGAGCATACACCA-1	0.70120335	0.6794938	1	ambiguous	0	0	1
GSM7230012_hCiPSCs-0618_GATGGAGGTACCGGAA-1	0.5896393	0.5731597	1	ambiguous	0	0	1
GSM7230012_hCiPSCs-0618_GATGGAGGTCTGTCAA-1	0.05580661	0.064351976	1	failure	0	1	0
GSM7230012_hCiPSCs-0618_GATGGAGGTTTCCCAC-1	0.100302115	0.10676162	1	failure	0	1	0
GSM7230012_hCiPSCs-0618_GATGGAGTCTCTCTAA-1	0.70761734	0.68560714	1	ambiguous	0	0	1
GSM7230012_hCiPSCs-0618_GATGTTGAGCCTCATA-1	0.81016195	0.7833447	1	success	1	0	0
GSM7230012_hCiPSCs-0618_GATGTTGAGTAGGATT-1	0.556467	0.5415424	1	ambiguous	0	0	1
GSM7230012_hCiPSCs-0618_GATGTTGAGTAGTCTC-1	0.5030738	0.4906522	1	ambiguous	0	0	1
GSM7230012_hCiPSCs-0618_GATGTTGAGTGTCATC-1	0.1511272	0.15520413	1	ambiguous	0	0	1
GSM7230012_hCiPSCs-0618_GATGTTGCAGGAAGTC-1	0.6656038	0.6455631	1	ambiguous	0	0	1
GSM7230012_hCiPSCs-0618_GATGTTGGTAAGCAAT-1	0.19486086	0.19688764	1	ambiguous	0	0	1
GSM7230012_hCiPSCs-0618_GATGTTGGTGTTCCTC-1	0.57883906	0.56286573	1	ambiguous	0	0	1
GSM7230012_hCiPSCs-0618_GATGTTGGTTCTCCAC-1	0.707954	0.685928	1	ambiguous	0	0	1
GSM7230012_hCiPSCs-0618_GATGTTGTCGACGCTG-1	0.6584095	0.638706	1	ambiguous	0	0	1
GSM7230012_hCiPSCs-0618_GATGTTGTCTTCACAT-1	0.23452175	0.23468931	1	ambiguous	0	0	1
GSM7230012_hCiPSCs-0618_GATTCGAAGCGTTAGG-1	0.67504096	0.6545579	1	ambiguous	0	0	1
GSM7230012_hCiPSCs-0618_GATTCGAAGGGAGATA-1	0.6098644	0.5924367	1	ambiguous	0	0	1
GSM7230012_hCiPSCs-0618_GATTCGAAGGGTTTCT-1	0.46760336	0.45684454	1	ambiguous	0	0	1
GSM7230012_hCiPSCs-0618_GATTCGAAGTGTTCAC-1	0.16762094	0.17092468	1	ambiguous	0	0	1
GSM7230012_hCiPSCs-0618_GATTCGAGTAAGTCAA-1	0.14150667	0.1460346	1	ambiguous	0	0	1
GSM7230012_hCiPSCs-0618_GATTCGAGTTATGTCG-1	0.744894	0.7211364	1	ambiguous	0	0	1
GSM7230012_hCiPSCs-0618_GATTCGATCCACGAAT-1	0.14971235	0.1538556	1	ambiguous	0	0	1
GSM7230012_hCiPSCs-0618_GATTCGATCGCTACAA-1	0.6414895	0.6225793	1	ambiguous	0	0	1
GSM7230012_hCiPSCs-0618_GATTCGATCGGCTTCT-1	0.53583306	0.52187574	1	ambiguous	0	0	1
GSM7230012_hCiPSCs-0618_GATTCGATCGTAACTG-1	0.6924727	0.67117244	1	ambiguous	0	0	1
GSM7230012_hCiPSCs-0618_GATTCGATCTTACGTT-1	0.07319831	0.080928385	1	failure	0	1	0
GSM7230012_hCiPSCs-0618_GATTCGATCTTCTGTA-1	0.5562592	0.54134434	1	ambiguous	0	0	1
GSM7230012_hCiPSCs-0618_GATTCTTAGAGGTGCT-1	0.091355056	0.09823398	1	failure	0	1	0
GSM7230012_hCiPSCs-0618_GATTCTTAGAGTGACC-1	0.6956679	0.6742179	1	ambiguous	0	0	1
GSM7230012_hCiPSCs-0618_GATTCTTAGTCACTGT-1	0.11913345	0.12471018	1	ambiguous	0	0	1
GSM7230012_hCiPSCs-0618_GATTCTTAGTCTTCCC-1	0.6358359	0.61719066	1	ambiguous	0	0	1
GSM7230012_hCiPSCs-0618_GATTCTTCAACCAGAG-1	0.6900194	0.66883415	1	ambiguous	0	0	1
GSM7230012_hCiPSCs-0618_GATTCTTCACACAGCC-1	0.53457505	0.52067673	1	ambiguous	0	0	1
GSM7230012_hCiPSCs-0618_GATTCTTGTGAGCTCC-1	0.6008285	0.5838244	1	ambiguous	0	0	1
GSM7230012_hCiPSCs-0618_GATTCTTTCGTCAAAC-1	0.6541516	0.6346478	1	ambiguous	0	0	1
GSM7230012_hCiPSCs-0618_GATTCTTTCGTTGCCT-1	0.055863988	0.06440666	1	failure	0	1	0
GSM7230012_hCiPSCs-0618_GATTCTTTCTAGCCAA-1	0.59236944	0.57576185	1	ambiguous	0	0	1
GSM7230012_hCiPSCs-0618_GATTGGTAGATTAGAC-1	0.061745923	0.07001286	1	failure	0	1	0
GSM7230012_hCiPSCs-0618_GATTGGTCAAGGGCAT-1	0.69860536	0.6770176	1	ambiguous	0	0	1
GSM7230012_hCiPSCs-0618_GATTGGTCACACGCCA-1	0.68990034	0.6687207	1	ambiguous	0	0	1
GSM7230012_hCiPSCs-0618_GATTGGTCACCAATTG-1	0.6040029	0.5868499	1	ambiguous	0	0	1
GSM7230012_hCiPSCs-0618_GATTGGTCAGTCTCTC-1	0.14277476	0.14724323	1	ambiguous	0	0	1
GSM7230012_hCiPSCs-0618_GATTGGTGTATTAAGG-1	0.6592534	0.63951045	1	ambiguous	0	0	1
GSM7230012_hCiPSCs-0618_GATTGGTGTGAGCGAT-1	0.5986241	0.58172333	1	ambiguous	0	0	1
GSM7230012_hCiPSCs-0618_GATTTCTAGACCATTC-1	0.63686615	0.61817265	1	ambiguous	0	0	1
GSM7230012_hCiPSCs-0618_GATTTCTAGCCACAAG-1	0.5447322	0.5303578	1	ambiguous	0	0	1
GSM7230012_hCiPSCs-0618_GATTTCTAGGAATTAC-1	0.65645415	0.63684237	1	ambiguous	0	0	1
GSM7230012_hCiPSCs-0618_GATTTCTAGGACTATA-1	0.66777277	0.6476304	1	ambiguous	0	0	1
GSM7230012_hCiPSCs-0618_GATTTCTAGGTCATTC-1	0.6437262	0.6247111	1	ambiguous	0	0	1
GSM7230012_hCiPSCs-0618_GATTTCTAGTGGTGAC-1	0.13112988	0.13614424	1	ambiguous	0	0	1
GSM7230012_hCiPSCs-0618_GATTTCTCAATTCACG-1	0.71266407	0.6904173	1	ambiguous	0	0	1
GSM7230012_hCiPSCs-0618_GATTTCTCAGACTGCC-1	0.80819577	0.78147066	1	success	1	0	0
GSM7230012_hCiPSCs-0618_GATTTCTCATAGACTC-1	0.6998971	0.6782488	1	ambiguous	0	0	1
GSM7230012_hCiPSCs-0618_GATTTCTGTTATCCAG-1	0.5468388	0.5323656	1	ambiguous	0	0	1
GSM7230012_hCiPSCs-0618_GATTTCTTCCGTACGG-1	0.5940277	0.5773424	1	ambiguous	0	0	1
GSM7230012_hCiPSCs-0618_GATTTCTTCGAACGGA-1	0.6407609	0.62188476	1	ambiguous	0	0	1
GSM7230012_hCiPSCs-0618_GATTTCTTCGATCCAA-1	0.08460611	0.09180141	1	failure	0	1	0
GSM7230012_hCiPSCs-0618_GATTTCTTCGCTCATC-1	0.62616205	0.6079703	1	ambiguous	0	0	1
GSM7230012_hCiPSCs-0618_GATTTCTTCTGCTCTG-1	0.15120861	0.15528171	1	ambiguous	0	0	1
GSM7230012_hCiPSCs-0618_GATTTCTTCTTTACAC-1	0.7217599	0.6990867	1	ambiguous	0	0	1
GSM7230012_hCiPSCs-0618_GCAACATAGCCTCTCT-1	0.3246992	0.32063943	1	ambiguous	0	0	1
GSM7230012_hCiPSCs-0618_GCAACATCACGGCTAC-1	0.11764496	0.12329146	1	ambiguous	0	0	1
GSM7230012_hCiPSCs-0618_GCAACATGTTTCGTTT-1	0.8575895	0.8285489	1	success	1	0	0
GSM7230012_hCiPSCs-0618_GCAACATTCCAACCAA-1	0.82871634	0.80102926	1	success	1	0	0
GSM7230012_hCiPSCs-0618_GCAACCGAGAACTCCT-1	0.7117475	0.6895437	1	ambiguous	0	0	1
GSM7230012_hCiPSCs-0618_GCAACCGGTGCCGTTG-1	0.2737994	0.2721257	1	ambiguous	0	0	1
GSM7230012_hCiPSCs-0618_GCAACCGGTGGTTTGT-1	0.5130385	0.5001498	1	ambiguous	0	0	1
GSM7230012_hCiPSCs-0618_GCAACCGTCCAGTTCC-1	0.16660883	0.16996	1	ambiguous	0	0	1
GSM7230012_hCiPSCs-0618_GCAACCGTCCGTCCTA-1	0.12426959	0.12960555	1	ambiguous	0	0	1
GSM7230012_hCiPSCs-0618_GCACATAAGACGGTCA-1	0.11069176	0.11666422	1	ambiguous	0	0	1
GSM7230012_hCiPSCs-0618_GCACATAAGATGAACT-1	0.5967202	0.57990867	1	ambiguous	0	0	1
GSM7230012_hCiPSCs-0618_GCACATAAGTATGGAT-1	0.60642964	0.58916295	1	ambiguous	0	0	1
GSM7230012_hCiPSCs-0618_GCACATACAGACACAG-1	0.111919	0.11783393	1	ambiguous	0	0	1
GSM7230012_hCiPSCs-0618_GCACATAGTCACCACG-1	0.702772	0.68098897	1	ambiguous	0	0	1
GSM7230012_hCiPSCs-0618_GCACATAGTCTAACTG-1	0.2615877	0.26048645	1	ambiguous	0	0	1
GSM7230012_hCiPSCs-0618_GCACATAGTTGGACCC-1	0.6721204	0.6517742	1	ambiguous	0	0	1
GSM7230012_hCiPSCs-0618_GCACATATCAGTGCGC-1	0.6728559	0.6524753	1	ambiguous	0	0	1
GSM7230012_hCiPSCs-0618_GCACATATCCCAAGCG-1	0.8748189	0.84497064	1	success	1	0	0
GSM7230012_hCiPSCs-0618_GCACATATCCCGAATA-1	0.8154495	0.7883843	1	success	1	0	0
GSM7230012_hCiPSCs-0618_GCACATATCTCATGCC-1	0.7445107	0.720771	1	ambiguous	0	0	1
GSM7230012_hCiPSCs-0618_GCACATATCTCGGTCT-1	0.68346214	0.6625843	1	ambiguous	0	0	1
GSM7230012_hCiPSCs-0618_GCACGGTAGCCGCACT-1	0.38896835	0.38189575	1	ambiguous	0	0	1
GSM7230012_hCiPSCs-0618_GCACGGTAGCGCCATC-1	0.12667152	0.13189489	1	ambiguous	0	0	1
GSM7230012_hCiPSCs-0618_GCACGGTCAAGGCAAC-1	0.16812895	0.17140888	1	ambiguous	0	0	1
GSM7230012_hCiPSCs-0618_GCACGGTCAAGTGGTG-1	0.09233536	0.09916833	1	failure	0	1	0
GSM7230012_hCiPSCs-0618_GCACGGTCAGGAGGTT-1	0.504375	0.49189234	1	ambiguous	0	0	1
GSM7230012_hCiPSCs-0618_GCACGGTCATGACGGA-1	0.5705847	0.55499834	1	ambiguous	0	0	1
GSM7230012_hCiPSCs-0618_GCACGGTGTAGCACAG-1	0.66074765	0.6409346	1	ambiguous	0	0	1
GSM7230012_hCiPSCs-0618_GCACGGTTCAGAGTTC-1	0.60553557	0.5883108	1	ambiguous	0	0	1
GSM7230012_hCiPSCs-0618_GCACGGTTCGAGAGAC-1	0.109834075	0.11584674	1	ambiguous	0	0	1
GSM7230012_hCiPSCs-0618_GCACGGTTCGAGCTGC-1	0.47365034	0.46260804	1	ambiguous	0	0	1
GSM7230012_hCiPSCs-0618_GCACGGTTCTCACGAA-1	0.6677278	0.6475876	1	ambiguous	0	0	1
GSM7230012_hCiPSCs-0618_GCACGTGAGCCGATAG-1	0.11708224	0.122755125	1	ambiguous	0	0	1
GSM7230012_hCiPSCs-0618_GCACGTGAGCTAGAGC-1	0.7340693	0.71081907	1	ambiguous	0	0	1
GSM7230012_hCiPSCs-0618_GCACGTGAGGTTAAAC-1	0.8070536	0.7803821	1	success	1	0	0
GSM7230012_hCiPSCs-0618_GCACGTGCACCAGGTC-1	0.18498947	0.18747899	1	ambiguous	0	0	1
GSM7230012_hCiPSCs-0618_GCACGTGCACCGCTAG-1	0.8559673	0.82700276	1	success	1	0	0
GSM7230012_hCiPSCs-0618_GCACGTGCACCTTCCA-1	0.1406919	0.14525801	1	ambiguous	0	0	1
GSM7230012_hCiPSCs-0618_GCACGTGCAGCCTACG-1	0.66148627	0.6416386	1	ambiguous	0	0	1
GSM7230012_hCiPSCs-0618_GCACGTGGTGCGTCGT-1	0.5903277	0.5738158	1	ambiguous	0	0	1
GSM7230012_hCiPSCs-0618_GCACGTGTCAAGAAAC-1	0.6419896	0.6230559	1	ambiguous	0	0	1
GSM7230012_hCiPSCs-0618_GCACGTGTCATTGGTG-1	0.28007668	0.27810872	1	ambiguous	0	0	1
GSM7230012_hCiPSCs-0618_GCACGTGTCCATCTCG-1	0.69301504	0.6716894	1	ambiguous	0	0	1
GSM7230012_hCiPSCs-0618_GCACGTGTCCCTTCCC-1	0.54344285	0.5291288	1	ambiguous	0	0	1
GSM7230012_hCiPSCs-0618_GCACGTGTCTTCACAT-1	0.7126247	0.6903798	1	ambiguous	0	0	1
GSM7230012_hCiPSCs-0618_GCACTAAAGCATTTCG-1	0.672001	0.65166044	1	ambiguous	0	0	1
GSM7230012_hCiPSCs-0618_GCACTAAAGGATTTGA-1	0.14160644	0.14612968	1	ambiguous	0	0	1
GSM7230012_hCiPSCs-0618_GCACTAAAGGTCACCC-1	0.6575453	0.6378824	1	ambiguous	0	0	1
GSM7230012_hCiPSCs-0618_GCACTAACATCATTTC-1	0.6330891	0.61457264	1	ambiguous	0	0	1
GSM7230012_hCiPSCs-0618_GCACTAATCCACTTCG-1	0.7028832	0.68109494	1	ambiguous	0	0	1
GSM7230012_hCiPSCs-0618_GCACTAATCGCTGTTC-1	0.73713124	0.7137375	1	ambiguous	0	0	1
GSM7230012_hCiPSCs-0618_GCAGCCAAGAGAGTTT-1	0.19150777	0.19369173	1	ambiguous	0	0	1
GSM7230012_hCiPSCs-0618_GCAGCCAAGAGGGTGG-1	0.12265657	0.12806815	1	ambiguous	0	0	1
GSM7230012_hCiPSCs-0618_GCAGCCACAGCGGTCT-1	0.71280974	0.6905561	1	ambiguous	0	0	1
GSM7230012_hCiPSCs-0618_GCAGCCACATATCTCT-1	0.6483958	0.6291618	1	ambiguous	0	0	1
GSM7230012_hCiPSCs-0618_GCAGCCAGTATCGCGC-1	0.1637394	0.1672251	1	ambiguous	0	0	1
GSM7230012_hCiPSCs-0618_GCAGCCATCCTATTGT-1	0.7321637	0.70900285	1	ambiguous	0	0	1
GSM7230012_hCiPSCs-0618_GCAGCTGAGCCACTCG-1	0.23166962	0.23197089	1	ambiguous	0	0	1
GSM7230012_hCiPSCs-0618_GCAGCTGAGTCTCCTC-1	0.7038369	0.682004	1	ambiguous	0	0	1
GSM7230012_hCiPSCs-0618_GCAGCTGCAAGCTGTT-1	0.60484195	0.58764964	1	ambiguous	0	0	1
GSM7230012_hCiPSCs-0618_GCAGCTGCACAACATC-1	0.65098953	0.63163394	1	ambiguous	0	0	1
GSM7230012_hCiPSCs-0618_GCAGCTGCACAGAGAC-1	0.64890397	0.6296461	1	ambiguous	0	0	1
GSM7230012_hCiPSCs-0618_GCAGCTGCATAAGCAA-1	0.62748754	0.6092337	1	ambiguous	0	0	1
GSM7230012_hCiPSCs-0618_GCAGCTGGTAGCGCTC-1	0.14899148	0.15316853	1	ambiguous	0	0	1
GSM7230012_hCiPSCs-0618_GCAGCTGGTTCGAAGG-1	0.59740365	0.58056	1	ambiguous	0	0	1
GSM7230012_hCiPSCs-0618_GCAGCTGTCCTGGGAC-1	0.88352764	0.8532711	1	success	1	0	0
GSM7230012_hCiPSCs-0618_GCAGCTGTCTCCGCAT-1	0.16528821	0.16870129	1	ambiguous	0	0	1
GSM7230012_hCiPSCs-0618_GCAGGCTAGGGCAGGA-1	0.62886375	0.6105454	1	ambiguous	0	0	1
GSM7230012_hCiPSCs-0618_GCAGGCTAGGTGCATG-1	0.40525967	0.3974234	1	ambiguous	0	0	1
GSM7230012_hCiPSCs-0618_GCAGGCTAGTCATCGT-1	0.09842498	0.10497248	1	failure	0	1	0
GSM7230012_hCiPSCs-0618_GCAGGCTCAAGACGGT-1	0.17373799	0.17675497	1	ambiguous	0	0	1
GSM7230012_hCiPSCs-0618_GCAGGCTCAGCGATTT-1	0.72683805	0.70392686	1	ambiguous	0	0	1
GSM7230012_hCiPSCs-0618_GCAGGCTCAGTCGTTA-1	0.19032839	0.19256763	1	ambiguous	0	0	1
GSM7230012_hCiPSCs-0618_GCAGGCTCATGTGCCG-1	0.835968	0.807941	1	success	1	0	0
GSM7230012_hCiPSCs-0618_GCAGGCTGTCAATGGG-1	0.086502984	0.09360936	1	failure	0	1	0
GSM7230012_hCiPSCs-0618_GCAGGCTGTTAAGGAT-1	0.6423384	0.62338835	1	ambiguous	0	0	1
GSM7230012_hCiPSCs-0618_GCAGGCTTCACTAGCA-1	0.7875692	0.7618111	1	success	1	0	0
GSM7230012_hCiPSCs-0618_GCAGGCTTCCGGACTG-1	0.63644207	0.61776847	1	ambiguous	0	0	1
GSM7230012_hCiPSCs-0618_GCAGGCTTCGAACACT-1	0.8733389	0.84356004	1	success	1	0	0
GSM7230012_hCiPSCs-0618_GCAGGCTTCTCTCGAC-1	0.14361358	0.14804272	1	ambiguous	0	0	1
GSM7230012_hCiPSCs-0618_GCAGTTAAGCACTGGA-1	0.591897	0.57531154	1	ambiguous	0	0	1
GSM7230012_hCiPSCs-0618_GCAGTTAAGTCGGGAT-1	0.242174	0.24198285	1	ambiguous	0	0	1
GSM7230012_hCiPSCs-0618_GCAGTTAGTTACGGAG-1	0.6768656	0.65629697	1	ambiguous	0	0	1
GSM7230012_hCiPSCs-0618_GCAGTTAGTTTGGGAG-1	0.16548923	0.16889289	1	ambiguous	0	0	1
GSM7230012_hCiPSCs-0618_GCAGTTATCACCGGGT-1	0.14135097	0.14588618	1	ambiguous	0	0	1
GSM7230012_hCiPSCs-0618_GCAGTTATCTATCGTT-1	0.11318605	0.11904158	1	ambiguous	0	0	1
GSM7230012_hCiPSCs-0618_GCAGTTATCTGAGCAT-1	0.034188364	0.043747146	1	failure	0	1	0
GSM7230012_hCiPSCs-0618_GCATCGGAGGAAAGAC-1	0.57330585	0.5575919	1	ambiguous	0	0	1
GSM7230012_hCiPSCs-0618_GCATCGGAGTTCGCAT-1	0.55023825	0.53560567	1	ambiguous	0	0	1
GSM7230012_hCiPSCs-0618_GCATCGGCAACGGTAG-1	0.5183008	0.50516534	1	ambiguous	0	0	1
GSM7230012_hCiPSCs-0618_GCATCGGCACCAGTTA-1	0.56439227	0.54909617	1	ambiguous	0	0	1
GSM7230012_hCiPSCs-0618_GCATCGGGTCCAGGTC-1	0.50083953	0.48852265	1	ambiguous	0	0	1
GSM7230012_hCiPSCs-0618_GCATCGGGTGACTCGC-1	0.10050702	0.106956914	1	failure	0	1	0
GSM7230012_hCiPSCs-0618_GCATCGGGTGAGGATC-1	0.107714415	0.113826446	1	ambiguous	0	0	1
GSM7230012_hCiPSCs-0618_GCATCGGGTGGATGAC-1	0.12608539	0.13133623	1	ambiguous	0	0	1
GSM7230012_hCiPSCs-0618_GCATCGGTCGGCTTGG-1	0.073907845	0.08160465	1	failure	0	1	0
GSM7230012_hCiPSCs-0618_GCATCGGTCTAGCCAA-1	0.5988025	0.5818933	1	ambiguous	0	0	1
GSM7230012_hCiPSCs-0618_GCATCTCAGCCGATAG-1	0.4839845	0.47245777	1	ambiguous	0	0	1
GSM7230012_hCiPSCs-0618_GCATCTCAGCGGGTTA-1	0.7122815	0.6900527	1	ambiguous	0	0	1
GSM7230012_hCiPSCs-0618_GCATCTCCACGGTGTC-1	0.10764193	0.11375736	1	ambiguous	0	0	1
GSM7230012_hCiPSCs-0618_GCATCTCGTACGACTT-1	0.09395591	0.10071291	1	failure	0	1	0
GSM7230012_hCiPSCs-0618_GCATCTCGTCTCAAGT-1	0.5640478	0.54876786	1	ambiguous	0	0	1
GSM7230012_hCiPSCs-0618_GCATCTCGTGGAGGTT-1	0.65726775	0.6376178	1	ambiguous	0	0	1
GSM7230012_hCiPSCs-0618_GCATCTCGTTTGGCTA-1	0.597211	0.58037645	1	ambiguous	0	0	1
GSM7230012_hCiPSCs-0618_GCATCTCTCCAGGACC-1	0.1550985	0.15898927	1	ambiguous	0	0	1
GSM7230012_hCiPSCs-0618_GCATCTCTCCTCTAAT-1	0.81630313	0.789198	1	success	1	0	0
GSM7230012_hCiPSCs-0618_GCATCTCTCGTTGTTT-1	0.11796627	0.12359771	1	ambiguous	0	0	1
GSM7230012_hCiPSCs-0618_GCATCTCTCTGGTGGC-1	0.76228005	0.7377074	1	success	1	0	0
GSM7230012_hCiPSCs-0618_GCATGATAGCCACCGT-1	0.14415309	0.14855695	1	ambiguous	0	0	1
GSM7230012_hCiPSCs-0618_GCATGATAGTTGCGAG-1	0.14150994	0.1460377	1	ambiguous	0	0	1
GSM7230012_hCiPSCs-0618_GCATGATGTACTCGTA-1	0.67636114	0.6558162	1	ambiguous	0	0	1
GSM7230012_hCiPSCs-0618_GCATGATGTCATAAAG-1	0.24236317	0.24216314	1	ambiguous	0	0	1
GSM7230012_hCiPSCs-0618_GCATGATGTCTTCAAG-1	0.5145295	0.5015709	1	ambiguous	0	0	1
GSM7230012_hCiPSCs-0618_GCATGATGTGCCTTTC-1	0.7939805	0.76792175	1	success	1	0	0
GSM7230012_hCiPSCs-0618_GCATGATTCACCGGGT-1	0.700248	0.67858326	1	ambiguous	0	0	1
GSM7230012_hCiPSCs-0618_GCATTAGAGGACACTG-1	0.08472529	0.091915004	1	failure	0	1	0
GSM7230012_hCiPSCs-0618_GCATTAGAGGCTAGCA-1	0.5855993	0.5693091	1	ambiguous	0	0	1
GSM7230012_hCiPSCs-0618_GCATTAGAGTCCCAGC-1	0.14169693	0.14621593	1	ambiguous	0	0	1
GSM7230012_hCiPSCs-0618_GCATTAGCAGTGAGCA-1	0.5450311	0.53064257	1	ambiguous	0	0	1
GSM7230012_hCiPSCs-0618_GCATTAGCATAATCGC-1	0.21000426	0.21132115	1	ambiguous	0	0	1
GSM7230012_hCiPSCs-0618_GCATTAGCATGTTCGA-1	0.63700676	0.61830664	1	ambiguous	0	0	1
GSM7230012_hCiPSCs-0618_GCATTAGTCACTCCGT-1	0.7858786	0.76019967	1	success	1	0	0
GSM7230012_hCiPSCs-0618_GCATTAGTCCCAGGAC-1	0.13692525	0.14166793	1	ambiguous	0	0	1
GSM7230012_hCiPSCs-0618_GCATTAGTCGTCAGAT-1	0.7098106	0.68769765	1	ambiguous	0	0	1
GSM7230012_hCiPSCs-0618_GCATTAGTCTACACTT-1	0.68568516	0.66470313	1	ambiguous	0	0	1
GSM7230012_hCiPSCs-0618_GCCAACGCAAAGGAGA-1	0.6959541	0.67449063	1	ambiguous	0	0	1
GSM7230012_hCiPSCs-0618_GCCAACGCACGTAACT-1	0.58543915	0.5691564	1	ambiguous	0	0	1
GSM7230012_hCiPSCs-0618_GCCAACGCAGTGGCTC-1	0.16118877	0.16479403	1	ambiguous	0	0	1
GSM7230012_hCiPSCs-0618_GCCAACGCATATCTCT-1	0.5588074	0.54377306	1	ambiguous	0	0	1
GSM7230012_hCiPSCs-0618_GCCAACGGTAAGTTAG-1	0.24128893	0.24113926	1	ambiguous	0	0	1
GSM7230012_hCiPSCs-0618_GCCAACGGTCACGCTG-1	0.3141102	0.3105468	1	ambiguous	0	0	1
GSM7230012_hCiPSCs-0618_GCCAACGGTGAGGCAT-1	0.13295448	0.1378833	1	ambiguous	0	0	1
GSM7230012_hCiPSCs-0618_GCCAACGGTTCAGTAC-1	0.063453145	0.07164006	1	failure	0	1	0
GSM7230012_hCiPSCs-0618_GCCAACGGTTCCGCGA-1	0.16448113	0.16793205	1	ambiguous	0	0	1
GSM7230012_hCiPSCs-0618_GCCAACGTCAGAGTGG-1	0.51902306	0.5058538	1	ambiguous	0	0	1
GSM7230012_hCiPSCs-0618_GCCAACGTCATGGCCG-1	0.1721106	0.17520386	1	ambiguous	0	0	1
GSM7230012_hCiPSCs-0618_GCCAACGTCGTTCCCA-1	0.64651954	0.6273735	1	ambiguous	0	0	1
GSM7230012_hCiPSCs-0618_GCCAACGTCTTCGTGC-1	0.5518372	0.5371297	1	ambiguous	0	0	1
GSM7230012_hCiPSCs-0618_GCCAGCAAGAACCCGA-1	0.7274002	0.7044626	1	ambiguous	0	0	1
GSM7230012_hCiPSCs-0618_GCCAGCAAGTAGGATT-1	0.66307384	0.64315176	1	ambiguous	0	0	1
GSM7230012_hCiPSCs-0618_GCCAGCACAAACGTGG-1	0.17753378	0.18037282	1	ambiguous	0	0	1
GSM7230012_hCiPSCs-0618_GCCAGCAGTCCTATAG-1	0.7604532	0.7359662	1	success	1	0	0
GSM7230012_hCiPSCs-0618_GCCAGCAGTGACTAAA-1	0.7296918	0.7066468	1	ambiguous	0	0	1
GSM7230012_hCiPSCs-0618_GCCAGCAGTTGTGGAG-1	0.12656894	0.13179712	1	ambiguous	0	0	1
GSM7230012_hCiPSCs-0618_GCCAGCATCACCCTGT-1	0.09735012	0.103948005	1	failure	0	1	0
GSM7230012_hCiPSCs-0618_GCCAGCATCATTACTC-1	0.398877	0.3913399	1	ambiguous	0	0	1
GSM7230012_hCiPSCs-0618_GCCAGGTAGACTTGTC-1	0.73617727	0.7128282	1	ambiguous	0	0	1
GSM7230012_hCiPSCs-0618_GCCAGGTCACCCTGAG-1	0.6925735	0.67126846	1	ambiguous	0	0	1
GSM7230012_hCiPSCs-0618_GCCAGGTCACTGATTG-1	0.6423352	0.62338525	1	ambiguous	0	0	1
GSM7230012_hCiPSCs-0618_GCCAGGTCATCCTCAC-1	0.62787884	0.6096066	1	ambiguous	0	0	1
GSM7230012_hCiPSCs-0618_GCCAGGTCATGCGTGC-1	0.34206778	0.3371938	1	ambiguous	0	0	1
GSM7230012_hCiPSCs-0618_GCCAGGTGTAGGAAAG-1	0.66986275	0.6496224	1	ambiguous	0	0	1
GSM7230012_hCiPSCs-0618_GCCAGGTTCAGACAAA-1	0.29574987	0.29304716	1	ambiguous	0	0	1
GSM7230012_hCiPSCs-0618_GCCAGGTTCGTAACTG-1	0.9208392	0.8888336	1	success	1	0	0
GSM7230012_hCiPSCs-0618_GCCAGGTTCGTCGGGT-1	0.100936525	0.107366286	1	failure	0	1	0
GSM7230012_hCiPSCs-0618_GCCAGGTTCGTTCCTG-1	0.6011977	0.58417624	1	ambiguous	0	0	1
GSM7230012_hCiPSCs-0618_GCCAGGTTCTAGCATG-1	0.8200041	0.79272544	1	success	1	0	0
GSM7230012_hCiPSCs-0618_GCCAGTGAGATTGTGA-1	0.73869044	0.71522355	1	ambiguous	0	0	1
GSM7230012_hCiPSCs-0618_GCCAGTGAGGCACAAC-1	0.12366733	0.12903152	1	ambiguous	0	0	1
GSM7230012_hCiPSCs-0618_GCCAGTGCAGTCGAGA-1	0.6174494	0.59966606	1	ambiguous	0	0	1
GSM7230012_hCiPSCs-0618_GCCAGTGGTATATGGA-1	0.6899627	0.6687801	1	ambiguous	0	0	1
GSM7230012_hCiPSCs-0618_GCCAGTGGTTGAATCC-1	0.81425464	0.7872455	1	success	1	0	0
GSM7230012_hCiPSCs-0618_GCCAGTGTCAGGACGA-1	0.079318985	0.08676214	1	failure	0	1	0
GSM7230012_hCiPSCs-0618_GCCAGTGTCCCGTTGT-1	0.708342	0.68629783	1	ambiguous	0	0	1
GSM7230012_hCiPSCs-0618_GCCAGTGTCTAAGGAA-1	0.08919455	0.096174754	1	failure	0	1	0
GSM7230012_hCiPSCs-0618_GCCAGTGTCTACGCGG-1	0.6117868	0.5942689	1	ambiguous	0	0	1
GSM7230012_hCiPSCs-0618_GCCATGGAGAATCGCG-1	0.66844875	0.64827466	1	ambiguous	0	0	1
GSM7230012_hCiPSCs-0618_GCCATGGAGCGATTCT-1	0.3657997	0.3598132	1	ambiguous	0	0	1
GSM7230012_hCiPSCs-0618_GCCATGGAGGGTTTCT-1	0.75718695	0.73285306	1	success	1	0	0
GSM7230012_hCiPSCs-0618_GCCATGGCAACCGACC-1	0.75188833	0.7278028	1	ambiguous	0	0	1
GSM7230012_hCiPSCs-0618_GCCATGGCAAGACCGA-1	0.66253746	0.6426405	1	ambiguous	0	0	1
GSM7230012_hCiPSCs-0618_GCCATGGCAAGGCAAC-1	0.40343016	0.39567965	1	ambiguous	0	0	1
GSM7230012_hCiPSCs-0618_GCCATGGCACCAAATC-1	0.6332197	0.6146971	1	ambiguous	0	0	1
GSM7230012_hCiPSCs-0618_GCCATGGCAGGCTCTG-1	0.123299815	0.12868124	1	ambiguous	0	0	1
GSM7230012_hCiPSCs-0618_GCCATGGCATCGATGT-1	0.8251367	0.79761744	1	success	1	0	0
GSM7230012_hCiPSCs-0618_GCCATGGCATGGAATA-1	0.7244332	0.7016347	1	ambiguous	0	0	1
GSM7230012_hCiPSCs-0618_GCCATGGGTCATTGCA-1	0.23038195	0.23074359	1	ambiguous	0	0	1
GSM7230012_hCiPSCs-0618_GCCATGGGTGAGTTTC-1	0.113184124	0.119039744	1	ambiguous	0	0	1
GSM7230012_hCiPSCs-0618_GCCATGGGTGCCGTTG-1	0.67016673	0.6499122	1	ambiguous	0	0	1
GSM7230012_hCiPSCs-0618_GCCATGGGTGGGACAT-1	0.14210893	0.14660862	1	ambiguous	0	0	1
GSM7230012_hCiPSCs-0618_GCCATGGGTGTTAACC-1	0.71583956	0.6934439	1	ambiguous	0	0	1
GSM7230012_hCiPSCs-0618_GCCATGGTCGGTAGAG-1	0.5920605	0.5754674	1	ambiguous	0	0	1
GSM7230012_hCiPSCs-0618_GCCATTCAGACGAAGA-1	0.7628006	0.73820347	1	success	1	0	0
GSM7230012_hCiPSCs-0618_GCCATTCCAGCAGTCC-1	0.042293258	0.051472098	1	failure	0	1	0
GSM7230012_hCiPSCs-0618_GCCATTCGTCACAATC-1	0.0946877	0.1014104	1	failure	0	1	0
GSM7230012_hCiPSCs-0618_GCCATTCGTCAGCTTA-1	0.8472309	0.81867594	1	success	1	0	0
GSM7230012_hCiPSCs-0618_GCCCAGAAGTCCCGGT-1	0.09500096	0.10170897	1	failure	0	1	0
GSM7230012_hCiPSCs-0618_GCCCAGACAACACAGG-1	0.2377649	0.23778042	1	ambiguous	0	0	1
GSM7230012_hCiPSCs-0618_GCCCAGACACGGCGTT-1	0.6751271	0.65463996	1	ambiguous	0	0	1
GSM7230012_hCiPSCs-0618_GCCCAGAGTACACTCA-1	0.18626465	0.1886944	1	ambiguous	0	0	1
GSM7230012_hCiPSCs-0618_GCCCAGAGTACCTTCC-1	0.65658885	0.63697076	1	ambiguous	0	0	1
GSM7230012_hCiPSCs-0618_GCCCAGAGTATCACGT-1	0.056482818	0.06499648	1	failure	0	1	0
GSM7230012_hCiPSCs-0618_GCCCAGAGTCGCACAC-1	0.11344584	0.11928919	1	ambiguous	0	0	1
GSM7230012_hCiPSCs-0618_GCCCAGAGTGGACTGA-1	0.11181173	0.11773168	1	ambiguous	0	0	1
GSM7230012_hCiPSCs-0618_GCCCAGAGTTACTCAG-1	0.18480594	0.18730408	1	ambiguous	0	0	1
GSM7230012_hCiPSCs-0618_GCCCAGATCCAACACA-1	0.6954492	0.67400944	1	ambiguous	0	0	1
GSM7230012_hCiPSCs-0618_GCCCAGATCTCAACGA-1	0.6573215	0.6376691	1	ambiguous	0	0	1
GSM7230012_hCiPSCs-0618_GCCCGAAAGATTGACA-1	0.67600626	0.6554779	1	ambiguous	0	0	1
GSM7230012_hCiPSCs-0618_GCCCGAAAGCACGTCC-1	0.7140657	0.6917532	1	ambiguous	0	0	1
GSM7230012_hCiPSCs-0618_GCCCGAAAGGGTAATT-1	0.30493736	0.301804	1	ambiguous	0	0	1
GSM7230012_hCiPSCs-0618_GCCCGAAAGTGGACTG-1	0.62237805	0.6043637	1	ambiguous	0	0	1
GSM7230012_hCiPSCs-0618_GCCCGAACAACCGATT-1	0.7806009	0.7551694	1	success	1	0	0
GSM7230012_hCiPSCs-0618_GCCCGAACAACTACGT-1	0.12509753	0.13039468	1	ambiguous	0	0	1
GSM7230012_hCiPSCs-0618_GCCCGAACAACTCCAA-1	0.77101505	0.7460329	1	success	1	0	0
GSM7230012_hCiPSCs-0618_GCCCGAACATTACGGT-1	0.70366204	0.68183726	1	ambiguous	0	0	1
GSM7230012_hCiPSCs-0618_GCCCGAAGTGGTCTGC-1	0.68067676	0.65992945	1	ambiguous	0	0	1
GSM7230012_hCiPSCs-0618_GCCCGAATCAGCACCG-1	0.66957855	0.64935154	1	ambiguous	0	0	1
GSM7230012_hCiPSCs-0618_GCCGATGAGATCCTAC-1	0.71660286	0.6941715	1	ambiguous	0	0	1
GSM7230012_hCiPSCs-0618_GCCGATGAGGGTAATT-1	0.7134321	0.6911493	1	ambiguous	0	0	1
GSM7230012_hCiPSCs-0618_GCCGATGAGTAGCCAG-1	0.6003122	0.5833322	1	ambiguous	0	0	1
GSM7230012_hCiPSCs-0618_GCCGATGCAACCCTCT-1	0.19116957	0.1933694	1	ambiguous	0	0	1
GSM7230012_hCiPSCs-0618_GCCGATGGTCATAACC-1	0.06494418	0.07306119	1	failure	0	1	0
GSM7230012_hCiPSCs-0618_GCCGATGGTCTAGTGT-1	0.6441846	0.625148	1	ambiguous	0	0	1
GSM7230012_hCiPSCs-0618_GCCGATGGTTCGGCGT-1	0.45373335	0.44362473	1	ambiguous	0	0	1
GSM7230012_hCiPSCs-0618_GCCGATGTCCAACCAA-1	0.5172142	0.5041297	1	ambiguous	0	0	1
GSM7230012_hCiPSCs-0618_GCCGTGAAGAGGCGTT-1	0.37613505	0.36966407	1	ambiguous	0	0	1
GSM7230012_hCiPSCs-0618_GCCGTGAAGCGTGCCT-1	0.37033468	0.36413562	1	ambiguous	0	0	1
GSM7230012_hCiPSCs-0618_GCCGTGAAGGCCTAGA-1	0.41152954	0.40339935	1	ambiguous	0	0	1
GSM7230012_hCiPSCs-0618_GCCGTGACACGACTAT-1	0.23299722	0.23323625	1	ambiguous	0	0	1
GSM7230012_hCiPSCs-0618_GCCGTGACACGCAGTC-1	0.11463323	0.12042092	1	ambiguous	0	0	1
GSM7230012_hCiPSCs-0618_GCCGTGAGTAGCGATG-1	0.4352165	0.4259759	1	ambiguous	0	0	1
GSM7230012_hCiPSCs-0618_GCCGTGAGTTCTGAGT-1	0.23421049	0.23439264	1	ambiguous	0	0	1
GSM7230012_hCiPSCs-0618_GCCTGTTAGCATATGA-1	0.12570734	0.1309759	1	ambiguous	0	0	1
GSM7230012_hCiPSCs-0618_GCCTGTTAGGAGAGTA-1	0.15343355	0.15740237	1	ambiguous	0	0	1
GSM7230012_hCiPSCs-0618_GCCTGTTCAGTTTCGA-1	0.70281726	0.68103206	1	ambiguous	0	0	1
GSM7230012_hCiPSCs-0618_GCCTGTTGTATGTGTC-1	0.050156377	0.05896661	1	failure	0	1	0
GSM7230012_hCiPSCs-0618_GCCTGTTGTATTGACC-1	0.71241325	0.6901783	1	ambiguous	0	0	1
GSM7230012_hCiPSCs-0618_GCCTGTTGTCAGGTAG-1	0.7125282	0.6902878	1	ambiguous	0	0	1
GSM7230012_hCiPSCs-0618_GCCTGTTGTGCATCTA-1	0.73933166	0.71583474	1	ambiguous	0	0	1
GSM7230012_hCiPSCs-0618_GCCTGTTGTGCCCTTT-1	0.13608089	0.14086317	1	ambiguous	0	0	1
GSM7230012_hCiPSCs-0618_GCCTGTTGTGGACCTC-1	0.65045357	0.6311231	1	ambiguous	0	0	1
GSM7230012_hCiPSCs-0618_GCCTGTTGTGTGCTTA-1	0.6666042	0.6465167	1	ambiguous	0	0	1
GSM7230012_hCiPSCs-0618_GCCTGTTTCCGATCTC-1	0.13119556	0.13620685	1	ambiguous	0	0	1
GSM7230012_hCiPSCs-0618_GCCTGTTTCCGTAATG-1	0.5937801	0.57710636	1	ambiguous	0	0	1
GSM7230012_hCiPSCs-0618_GCCTGTTTCCTACGGG-1	0.64735746	0.6281721	1	ambiguous	0	0	1
GSM7230012_hCiPSCs-0618_GCGAGAAAGTGAACAT-1	0.11759506	0.123243906	1	ambiguous	0	0	1
GSM7230012_hCiPSCs-0618_GCGAGAACAGAAATTG-1	0.6005966	0.5836033	1	ambiguous	0	0	1
GSM7230012_hCiPSCs-0618_GCGAGAACATCGAAGG-1	0.24506499	0.2447383	1	ambiguous	0	0	1
GSM7230012_hCiPSCs-0618_GCGAGAACATGACCCG-1	0.91433626	0.88263553	1	success	1	0	0
GSM7230012_hCiPSCs-0618_GCGAGAAGTATGGAAT-1	0.74457526	0.7208326	1	ambiguous	0	0	1
GSM7230012_hCiPSCs-0618_GCGAGAAGTCTTGCGG-1	0.4954403	0.48337653	1	ambiguous	0	0	1
GSM7230012_hCiPSCs-0618_GCGAGAAGTTCTGAGT-1	0.17239551	0.17547543	1	ambiguous	0	0	1
GSM7230012_hCiPSCs-0618_GCGAGAATCCATCCGT-1	0.84514606	0.81668884	1	success	1	0	0
GSM7230012_hCiPSCs-0618_GCGAGAATCGTTGTTT-1	0.49445423	0.4824367	1	ambiguous	0	0	1
GSM7230012_hCiPSCs-0618_GCGATCGCACATAGCT-1	0.5357172	0.52176535	1	ambiguous	0	0	1
GSM7230012_hCiPSCs-0618_GCGATCGCACTTCCTG-1	0.45772946	0.4474335	1	ambiguous	0	0	1
GSM7230012_hCiPSCs-0618_GCGATCGCAGACAAAT-1	0.45684633	0.44659176	1	ambiguous	0	0	1
GSM7230012_hCiPSCs-0618_GCGATCGCATTCTCTA-1	0.058787186	0.06719282	1	failure	0	1	0
GSM7230012_hCiPSCs-0618_GCGATCGGTCACCGAC-1	0.11988554	0.12542701	1	ambiguous	0	0	1
GSM7230012_hCiPSCs-0618_GCGATCGGTTCAGCTA-1	0.4211999	0.41261634	1	ambiguous	0	0	1
GSM7230012_hCiPSCs-0618_GCGATCGTCCCAGTGG-1	0.13819394	0.14287715	1	ambiguous	0	0	1
GSM7230012_hCiPSCs-0618_GCGATCGTCGCCTTTG-1	0.5591315	0.54408205	1	ambiguous	0	0	1
GSM7230012_hCiPSCs-0618_GCGGAAAAGAATAACC-1	0.66753423	0.64740306	1	ambiguous	0	0	1
GSM7230012_hCiPSCs-0618_GCGGAAAAGGGACTGT-1	0.6424902	0.62353307	1	ambiguous	0	0	1
GSM7230012_hCiPSCs-0618_GCGGAAAAGTACAACA-1	0.6484082	0.6291736	1	ambiguous	0	0	1
GSM7230012_hCiPSCs-0618_GCGGAAACAAGTCCAT-1	0.71884006	0.6963038	1	ambiguous	0	0	1
GSM7230012_hCiPSCs-0618_GCGGAAACACATATGC-1	0.5908578	0.5743211	1	ambiguous	0	0	1
GSM7230012_hCiPSCs-0618_GCGGAAACACTGCTTC-1	0.16890997	0.17215326	1	ambiguous	0	0	1
GSM7230012_hCiPSCs-0618_GCGGAAAGTACAGCGA-1	0.7365188	0.7131537	1	ambiguous	0	0	1
GSM7230012_hCiPSCs-0618_GCGGAAAGTGTCTCCT-1	0.6173567	0.5995778	1	ambiguous	0	0	1
GSM7230012_hCiPSCs-0618_GCGGAAATCAAGCCGC-1	0.5521423	0.53742045	1	ambiguous	0	0	1
GSM7230012_hCiPSCs-0618_GCGGAAATCGGTCTGG-1	0.7570129	0.7326872	1	success	1	0	0
GSM7230012_hCiPSCs-0618_GCGGATCAGATACATG-1	0.06726829	0.07527635	1	failure	0	1	0
GSM7230012_hCiPSCs-0618_GCGGATCAGCACCTGC-1	0.6538449	0.6343554	1	ambiguous	0	0	1
GSM7230012_hCiPSCs-0618_GCGGATCAGCGCCCAT-1	0.09686262	0.103483364	1	failure	0	1	0
GSM7230012_hCiPSCs-0618_GCGGATCCAGCGGTTC-1	0.14473332	0.14910999	1	ambiguous	0	0	1
GSM7230012_hCiPSCs-0618_GCGGATCGTAGCTGAG-1	0.098126896	0.10468837	1	failure	0	1	0
GSM7230012_hCiPSCs-0618_GCGGATCTCCTCTAAT-1	0.11240147	0.118293785	1	ambiguous	0	0	1
GSM7230012_hCiPSCs-0618_GCGTGCAAGCGACCCT-1	0.610337	0.5928871	1	ambiguous	0	0	1
GSM7230012_hCiPSCs-0618_GCGTGCAAGTGGTTGG-1	0.080421574	0.08781304	1	failure	0	1	0
GSM7230012_hCiPSCs-0618_GCGTGCAGTGACCGTC-1	0.70575064	0.683828	1	ambiguous	0	0	1
GSM7230012_hCiPSCs-0618_GCGTGCAGTGACTCTA-1	0.7232996	0.70055425	1	ambiguous	0	0	1
GSM7230012_hCiPSCs-0618_GCGTGCATCATTGTGG-1	0.46119416	0.45073578	1	ambiguous	0	0	1
GSM7230012_hCiPSCs-0618_GCGTGCATCCGGCAGT-1	0.5559369	0.54103714	1	ambiguous	0	0	1
GSM7230012_hCiPSCs-0618_GCGTGCATCCTCATAT-1	0.10856546	0.11463759	1	ambiguous	0	0	1
GSM7230012_hCiPSCs-0618_GCGTGCATCGAAGAAT-1	0.5516836	0.53698325	1	ambiguous	0	0	1
GSM7230012_hCiPSCs-0618_GCGTGCATCGCTCCTA-1	0.54732186	0.532826	1	ambiguous	0	0	1
GSM7230012_hCiPSCs-0618_GCGTGCATCGGAATGG-1	0.5925617	0.5759451	1	ambiguous	0	0	1
GSM7230012_hCiPSCs-0618_GCGTTTCAGCGACTTT-1	0.07473692	0.08239487	1	failure	0	1	0
GSM7230012_hCiPSCs-0618_GCGTTTCAGTAAGACT-1	0.8029201	0.77644235	1	success	1	0	0
GSM7230012_hCiPSCs-0618_GCGTTTCGTCACTCGG-1	0.20527785	0.2068163	1	ambiguous	0	0	1
GSM7230012_hCiPSCs-0618_GCGTTTCGTCTTTATC-1	0.7351592	0.7118579	1	ambiguous	0	0	1
GSM7230012_hCiPSCs-0618_GCGTTTCGTGAGAACC-1	0.51112026	0.49832147	1	ambiguous	0	0	1
GSM7230012_hCiPSCs-0618_GCGTTTCTCCACACAA-1	0.44418976	0.4345285	1	ambiguous	0	0	1
GSM7230012_hCiPSCs-0618_GCGTTTCTCCGTGGTG-1	0.5987362	0.58183014	1	ambiguous	0	0	1
GSM7230012_hCiPSCs-0618_GCGTTTCTCGCAACAT-1	0.58793974	0.57153976	1	ambiguous	0	0	1
GSM7230012_hCiPSCs-0618_GCGTTTCTCTCGCTCA-1	0.513136	0.50024277	1	ambiguous	0	0	1
GSM7230012_hCiPSCs-0618_GCGTTTCTCTGGCCTT-1	0.043991514	0.05309074	1	failure	0	1	0
GSM7230012_hCiPSCs-0618_GCTACAAAGTCTGTAC-1	0.09615189	0.10280595	1	failure	0	1	0
GSM7230012_hCiPSCs-0618_GCTACAACACTACCGG-1	0.57141155	0.5557864	1	ambiguous	0	0	1
GSM7230012_hCiPSCs-0618_GCTACAACAGATTCGT-1	0.11999368	0.12553008	1	ambiguous	0	0	1
GSM7230012_hCiPSCs-0618_GCTACAACAGGGTCTC-1	0.5944692	0.57776314	1	ambiguous	0	0	1
GSM7230012_hCiPSCs-0618_GCTACAACATCCTAAG-1	0.17394638	0.1769536	1	ambiguous	0	0	1
GSM7230012_hCiPSCs-0618_GCTACAATCACCTACC-1	0.6178437	0.60004187	1	ambiguous	0	0	1
GSM7230012_hCiPSCs-0618_GCTACAATCTGGTGGC-1	0.57657677	0.5607095	1	ambiguous	0	0	1
GSM7230012_hCiPSCs-0618_GCTACCTAGCAGGCTA-1	0.6584056	0.63870233	1	ambiguous	0	0	1
GSM7230012_hCiPSCs-0618_GCTACCTCACGCAGTC-1	0.6872383	0.6661834	1	ambiguous	0	0	1
GSM7230012_hCiPSCs-0618_GCTACCTCAGGCATTT-1	0.108637	0.11470578	1	ambiguous	0	0	1
GSM7230012_hCiPSCs-0618_GCTACCTCAGGTGGAT-1	0.09771239	0.104293294	1	failure	0	1	0
GSM7230012_hCiPSCs-0618_GCTACCTCATCTGCGG-1	0.54753715	0.53303117	1	ambiguous	0	0	1
GSM7230012_hCiPSCs-0618_GCTACCTGTACACGCC-1	0.8561022	0.82713133	1	success	1	0	0
GSM7230012_hCiPSCs-0618_GCTACCTGTCCACACG-1	0.7195485	0.696979	1	ambiguous	0	0	1
GSM7230012_hCiPSCs-0618_GCTACCTGTTGGAGAC-1	0.6487446	0.62949425	1	ambiguous	0	0	1
GSM7230012_hCiPSCs-0618_GCTACCTTCACAGTGT-1	0.10476317	0.111013554	1	failure	0	1	0
GSM7230012_hCiPSCs-0618_GCTACCTTCCGATTAG-1	0.6718689	0.6515345	1	ambiguous	0	0	1
GSM7230012_hCiPSCs-0618_GCTCAAAAGCACTTTG-1	0.6576829	0.63801354	1	ambiguous	0	0	1
GSM7230012_hCiPSCs-0618_GCTCAAAAGTTGCTCA-1	0.7451299	0.7213612	1	ambiguous	0	0	1
GSM7230012_hCiPSCs-0618_GCTCAAACAAGCCTGC-1	0.1241892	0.12952892	1	ambiguous	0	0	1
GSM7230012_hCiPSCs-0618_GCTCAAAGTGAGGAAA-1	0.5926054	0.57598674	1	ambiguous	0	0	1
GSM7230012_hCiPSCs-0618_GCTCAAATCCTTGACC-1	0.6353936	0.61676913	1	ambiguous	0	0	1
GSM7230012_hCiPSCs-0618_GCTGAATAGTATAGAC-1	0.1375874	0.14229904	1	ambiguous	0	0	1
GSM7230012_hCiPSCs-0618_GCTGAATCATGTCGTA-1	0.12898694	0.13410175	1	ambiguous	0	0	1
GSM7230012_hCiPSCs-0618_GCTGAATGTGAGCCAA-1	0.15088183	0.15497026	1	ambiguous	0	0	1
GSM7230012_hCiPSCs-0618_GCTGAATGTGGAAATT-1	0.33534756	0.33078864	1	ambiguous	0	0	1
GSM7230012_hCiPSCs-0618_GCTGAATGTGTACAGG-1	0.4518028	0.44178465	1	ambiguous	0	0	1
GSM7230012_hCiPSCs-0618_GCTGCAGAGATCCCAT-1	0.6219859	0.60398996	1	ambiguous	0	0	1
GSM7230012_hCiPSCs-0618_GCTGCAGAGCAATAGT-1	0.152176	0.15620376	1	ambiguous	0	0	1
GSM7230012_hCiPSCs-0618_GCTGCAGAGCTTAGTC-1	0.744398	0.72066355	1	ambiguous	0	0	1
GSM7230012_hCiPSCs-0618_GCTGCAGAGCTTTCTT-1	0.15339494	0.15736556	1	ambiguous	0	0	1
GSM7230012_hCiPSCs-0618_GCTGCAGAGGGATGTC-1	0.63128376	0.612852	1	ambiguous	0	0	1
GSM7230012_hCiPSCs-0618_GCTGCAGCAACCAATC-1	0.7024387	0.6806713	1	ambiguous	0	0	1
GSM7230012_hCiPSCs-0618_GCTGCAGCACAACCGC-1	0.09840024	0.1049489	1	failure	0	1	0
GSM7230012_hCiPSCs-0618_GCTGCAGCACCTGTCT-1	0.16583	0.16921769	1	ambiguous	0	0	1
GSM7230012_hCiPSCs-0618_GCTGCAGCATGTAACC-1	0.786237	0.76054126	1	success	1	0	0
GSM7230012_hCiPSCs-0618_GCTGCAGGTGGATGAC-1	0.73096025	0.70785576	1	ambiguous	0	0	1
GSM7230012_hCiPSCs-0618_GCTGCAGGTGGCAGAT-1	0.75853044	0.73413354	1	success	1	0	0
GSM7230012_hCiPSCs-0618_GCTGCAGTCACATCAG-1	0.6198016	0.601908	1	ambiguous	0	0	1
GSM7230012_hCiPSCs-0618_GCTGCAGTCAGTAGGG-1	0.6544717	0.6349529	1	ambiguous	0	0	1
GSM7230012_hCiPSCs-0618_GCTGCAGTCATCACCC-1	0.11117579	0.117125556	1	ambiguous	0	0	1
GSM7230012_hCiPSCs-0618_GCTGCAGTCCAGTGTA-1	0.765443	0.7407221	1	success	1	0	0
GSM7230012_hCiPSCs-0618_GCTGGGTAGAAACCCG-1	0.17322664	0.1762676	1	ambiguous	0	0	1
GSM7230012_hCiPSCs-0618_GCTGGGTAGACTCCGC-1	0.7825694	0.7570456	1	success	1	0	0
GSM7230012_hCiPSCs-0618_GCTGGGTAGATTGGGC-1	0.5674399	0.55200094	1	ambiguous	0	0	1
GSM7230012_hCiPSCs-0618_GCTGGGTAGCGTACAG-1	0.69777304	0.6762243	1	ambiguous	0	0	1
GSM7230012_hCiPSCs-0618_GCTGGGTCAGGGAATC-1	0.11308929	0.11894936	1	ambiguous	0	0	1
GSM7230012_hCiPSCs-0618_GCTGGGTCATGCCGCA-1	0.72570056	0.70284265	1	ambiguous	0	0	1
GSM7230012_hCiPSCs-0618_GCTGGGTGTACCGGAA-1	0.18700638	0.18940137	1	ambiguous	0	0	1
GSM7230012_hCiPSCs-0618_GCTGGGTGTCAGGTAG-1	0.6725792	0.65221155	1	ambiguous	0	0	1
GSM7230012_hCiPSCs-0618_GCTGGGTGTTGACTGT-1	0.2004881	0.20225109	1	ambiguous	0	0	1
GSM7230012_hCiPSCs-0618_GCTGGGTTCTCCTACG-1	0.48390496	0.47238192	1	ambiguous	0	0	1
GSM7230012_hCiPSCs-0618_GCTTCACAGAGATCGC-1	0.103418075	0.1097315	1	failure	0	1	0
GSM7230012_hCiPSCs-0618_GCTTCACAGCTGTCCG-1	0.8189135	0.791686	1	success	1	0	0
GSM7230012_hCiPSCs-0618_GCTTCACCACCTGATA-1	0.8812727	0.85112184	1	success	1	0	0
GSM7230012_hCiPSCs-0618_GCTTCACCACGCGCTA-1	0.12780115	0.13297155	1	ambiguous	0	0	1
GSM7230012_hCiPSCs-0618_GCTTCACCAGACCTAT-1	0.57570153	0.5598753	1	ambiguous	0	0	1
GSM7230012_hCiPSCs-0618_GCTTCACCATCACAGT-1	0.13683113	0.14157824	1	ambiguous	0	0	1
GSM7230012_hCiPSCs-0618_GCTTCACGTAGCTTAC-1	0.6934399	0.67209435	1	ambiguous	0	0	1
GSM7230012_hCiPSCs-0618_GCTTCACGTCGAACAG-1	0.65330964	0.6338453	1	ambiguous	0	0	1
GSM7230012_hCiPSCs-0618_GCTTCACGTGAGACGT-1	0.7350717	0.7117745	1	ambiguous	0	0	1
GSM7230012_hCiPSCs-0618_GCTTGGGAGGGCCCTT-1	0.5602778	0.5451746	1	ambiguous	0	0	1
GSM7230012_hCiPSCs-0618_GCTTGGGAGGGTTTCT-1	0.64728945	0.6281073	1	ambiguous	0	0	1
GSM7230012_hCiPSCs-0618_GCTTGGGCAAGGCAAC-1	0.7074831	0.68547916	1	ambiguous	0	0	1
GSM7230012_hCiPSCs-0618_GCTTGGGGTACCCGAC-1	0.61779225	0.5999929	1	ambiguous	0	0	1
GSM7230012_hCiPSCs-0618_GCTTGGGGTGCACATT-1	0.65337855	0.63391095	1	ambiguous	0	0	1
GSM7230012_hCiPSCs-0618_GCTTGGGGTTTACTTC-1	0.66348356	0.64354223	1	ambiguous	0	0	1
GSM7230012_hCiPSCs-0618_GCTTGGGTCACGTAGT-1	0.7539908	0.7298068	1	success	1	0	0
GSM7230012_hCiPSCs-0618_GCTTGGGTCATACAGC-1	0.07486427	0.082516246	1	failure	0	1	0
GSM7230012_hCiPSCs-0618_GCTTGGGTCCTAACAG-1	0.7923638	0.7663809	1	success	1	0	0
GSM7230012_hCiPSCs-0618_GCTTGGGTCGCCAGAC-1	0.6589395	0.6392112	1	ambiguous	0	0	1
GSM7230012_hCiPSCs-0618_GCTTGGGTCGTTCGCT-1	0.6035621	0.58642983	1	ambiguous	0	0	1
GSM7230012_hCiPSCs-0618_GCTTGGGTCTCTTCAA-1	0.080729865	0.08810687	1	failure	0	1	0
GSM7230012_hCiPSCs-0618_GCTTTCGAGGCGAACT-1	0.08438214	0.09158794	1	failure	0	1	0
GSM7230012_hCiPSCs-0618_GCTTTCGCACATACGT-1	0.6698339	0.64959496	1	ambiguous	0	0	1
GSM7230012_hCiPSCs-0618_GCTTTCGCATTACGGT-1	0.49673378	0.4846094	1	ambiguous	0	0	1
GSM7230012_hCiPSCs-0618_GCTTTCGGTACGGATG-1	0.73221076	0.7090477	1	ambiguous	0	0	1
GSM7230012_hCiPSCs-0618_GCTTTCGGTATCGGTT-1	0.13895656	0.14360403	1	ambiguous	0	0	1
GSM7230012_hCiPSCs-0618_GCTTTCGGTGAGATCG-1	0.383574	0.37675428	1	ambiguous	0	0	1
GSM7230012_hCiPSCs-0618_GCTTTCGGTGGTACAG-1	0.5145617	0.5016016	1	ambiguous	0	0	1
GSM7230012_hCiPSCs-0618_GCTTTCGGTTCAAGTC-1	0.5859764	0.5696685	1	ambiguous	0	0	1
GSM7230012_hCiPSCs-0618_GCTTTCGGTTCATCTT-1	0.69758105	0.67604136	1	ambiguous	0	0	1
GSM7230012_hCiPSCs-0618_GCTTTCGTCATTGAGC-1	0.6568063	0.637178	1	ambiguous	0	0	1
GSM7230012_hCiPSCs-0618_GCTTTCGTCTAGTACG-1	0.07466117	0.08232267	1	failure	0	1	0
GSM7230012_hCiPSCs-0618_GGAACCCAGACTGTTC-1	0.84448713	0.8160607	1	success	1	0	0
GSM7230012_hCiPSCs-0618_GGAACCCAGCATGCGA-1	0.57035154	0.5547761	1	ambiguous	0	0	1
GSM7230012_hCiPSCs-0618_GGAACCCAGTTGCCCG-1	0.54919606	0.53461236	1	ambiguous	0	0	1
GSM7230012_hCiPSCs-0618_GGAACCCCACCAAAGG-1	0.6940694	0.6726943	1	ambiguous	0	0	1
GSM7230012_hCiPSCs-0618_GGAACCCCAGGTCAGA-1	0.14849113	0.15269163	1	ambiguous	0	0	1
GSM7230012_hCiPSCs-0618_GGAACCCCATTCGGGC-1	0.06692061	0.074944966	1	failure	0	1	0
GSM7230012_hCiPSCs-0618_GGAACCCGTCGCACGT-1	0.15274134	0.1567426	1	ambiguous	0	0	1
GSM7230012_hCiPSCs-0618_GGAACCCGTCGCATCG-1	0.6676758	0.647538	1	ambiguous	0	0	1
GSM7230012_hCiPSCs-0618_GGAACCCGTGAAAGTT-1	0.14620575	0.15051338	1	ambiguous	0	0	1
GSM7230012_hCiPSCs-0618_GGAACCCTCACTCGAA-1	0.6052443	0.58803314	1	ambiguous	0	0	1
GSM7230012_hCiPSCs-0618_GGAACCCTCCTGGGTG-1	0.65084565	0.63149685	1	ambiguous	0	0	1
GSM7230012_hCiPSCs-0618_GGAACCCTCGCTGATA-1	0.7148231	0.69247514	1	ambiguous	0	0	1
GSM7230012_hCiPSCs-0618_GGAAGTGAGCGCTGCT-1	0.7911865	0.7652588	1	success	1	0	0
GSM7230012_hCiPSCs-0618_GGAAGTGCAACTCCCT-1	0.6426066	0.623644	1	ambiguous	0	0	1
GSM7230012_hCiPSCs-0618_GGAAGTGCAGTTACCA-1	0.165301	0.16871348	1	ambiguous	0	0	1
GSM7230012_hCiPSCs-0618_GGAAGTGGTACAGTCT-1	0.75344193	0.7292836	1	ambiguous	0	0	1
GSM7230012_hCiPSCs-0618_GGAAGTGGTTCTCTAT-1	0.11874905	0.1243438	1	ambiguous	0	0	1
GSM7230012_hCiPSCs-0618_GGAAGTGTCGAAGGAC-1	0.596071	0.57928985	1	ambiguous	0	0	1
GSM7230012_hCiPSCs-0618_GGAATCTAGAACTCCT-1	0.12970155	0.13478287	1	ambiguous	0	0	1
GSM7230012_hCiPSCs-0618_GGAATCTAGAATAGTC-1	0.38208458	0.37533468	1	ambiguous	0	0	1
GSM7230012_hCiPSCs-0618_GGAATCTAGCACTCTA-1	0.66186637	0.6420009	1	ambiguous	0	0	1
GSM7230012_hCiPSCs-0618_GGAATCTAGCCTCTGG-1	0.75535345	0.73110545	1	success	1	0	0
GSM7230012_hCiPSCs-0618_GGAATCTCAGACTGCC-1	0.7438181	0.7201109	1	ambiguous	0	0	1
GSM7230012_hCiPSCs-0618_GGAATCTCAGCTGTCG-1	0.6199331	0.6020334	1	ambiguous	0	0	1
GSM7230012_hCiPSCs-0618_GGAATCTGTCGCACGT-1	0.5836192	0.5674218	1	ambiguous	0	0	1
GSM7230012_hCiPSCs-0618_GGAATCTGTGGGTTGA-1	0.21574064	0.21678862	1	ambiguous	0	0	1
GSM7230012_hCiPSCs-0618_GGAATCTGTTAGCTAC-1	0.13222198	0.13718516	1	ambiguous	0	0	1
GSM7230012_hCiPSCs-0618_GGAATCTTCTTGGATG-1	0.50675964	0.49416527	1	ambiguous	0	0	1
GSM7230012_hCiPSCs-0618_GGAATGGAGAGAGTTT-1	0.1399883	0.1445874	1	ambiguous	0	0	1
GSM7230012_hCiPSCs-0618_GGAATGGAGTCGAAAT-1	0.11439359	0.12019251	1	ambiguous	0	0	1
GSM7230012_hCiPSCs-0618_GGAATGGCAGGATGAC-1	0.7032707	0.6814642	1	ambiguous	0	0	1
GSM7230012_hCiPSCs-0618_GGAATGGCAGGCGATA-1	0.16251574	0.16605881	1	ambiguous	0	0	1
GSM7230012_hCiPSCs-0618_GGAATGGCATGTGGCC-1	0.45980918	0.4494157	1	ambiguous	0	0	1
GSM7230012_hCiPSCs-0618_GGAATGGGTTGTGTAC-1	0.506047	0.49348602	1	ambiguous	0	0	1
GSM7230012_hCiPSCs-0618_GGAATGGTCCTGCCAT-1	0.3844	0.37754157	1	ambiguous	0	0	1
GSM7230012_hCiPSCs-0618_GGAATGGTCGAGCTGC-1	0.6133452	0.5957543	1	ambiguous	0	0	1
GSM7230012_hCiPSCs-0618_GGACGTCAGAGAGCCT-1	0.1802702	0.18298095	1	ambiguous	0	0	1
GSM7230012_hCiPSCs-0618_GGACGTCAGCAATAGT-1	0.4453604	0.43564427	1	ambiguous	0	0	1
GSM7230012_hCiPSCs-0618_GGACGTCAGTAGTCAA-1	0.6306731	0.61226994	1	ambiguous	0	0	1
GSM7230012_hCiPSCs-0618_GGACGTCAGTTCCTGA-1	0.81875044	0.79153055	1	success	1	0	0
GSM7230012_hCiPSCs-0618_GGACGTCGTTAGGGTG-1	0.12074422	0.12624544	1	ambiguous	0	0	1
GSM7230012_hCiPSCs-0618_GGACGTCGTTGTGCCG-1	0.77466893	0.74951553	1	success	1	0	0
GSM7230012_hCiPSCs-0618_GGACGTCTCCTGATAG-1	0.6414707	0.62256134	1	ambiguous	0	0	1
GSM7230012_hCiPSCs-0618_GGACGTCTCGTTCATT-1	0.60185903	0.58480656	1	ambiguous	0	0	1
GSM7230012_hCiPSCs-0618_GGAGAACAGACATCAA-1	0.19136856	0.19355905	1	ambiguous	0	0	1
GSM7230012_hCiPSCs-0618_GGAGAACAGTCGGCCT-1	0.56127405	0.54612416	1	ambiguous	0	0	1
GSM7230012_hCiPSCs-0618_GGAGAACCAATTGCGT-1	0.54434407	0.5299878	1	ambiguous	0	0	1
GSM7230012_hCiPSCs-0618_GGAGAACCATCCGATA-1	0.74129575	0.71770674	1	ambiguous	0	0	1
GSM7230012_hCiPSCs-0618_GGAGAACGTACTCGAT-1	0.12594584	0.1312032	1	ambiguous	0	0	1
GSM7230012_hCiPSCs-0618_GGAGAACGTCCACAGC-1	0.6700235	0.6497756	1	ambiguous	0	0	1
GSM7230012_hCiPSCs-0618_GGAGAACGTGTCCACG-1	0.65313	0.6336741	1	ambiguous	0	0	1
GSM7230012_hCiPSCs-0618_GGAGAACGTGTCGCTG-1	0.0877849	0.09483118	1	failure	0	1	0
GSM7230012_hCiPSCs-0618_GGAGAACGTGTTACTG-1	0.103853054	0.1101461	1	failure	0	1	0
GSM7230012_hCiPSCs-0618_GGAGAACTCCTATTTG-1	0.10726625	0.11339929	1	failure	0	1	0
GSM7230012_hCiPSCs-0618_GGAGAACTCTCCGTGT-1	0.13199884	0.13697247	1	ambiguous	0	0	1
GSM7230012_hCiPSCs-0618_GGAGATGAGCATGTTC-1	0.53696287	0.5229526	1	ambiguous	0	0	1
GSM7230012_hCiPSCs-0618_GGAGATGAGGATACAT-1	0.17214163	0.17523344	1	ambiguous	0	0	1
GSM7230012_hCiPSCs-0618_GGAGATGAGGATTTCC-1	0.14930609	0.15346839	1	ambiguous	0	0	1
GSM7230012_hCiPSCs-0618_GGAGATGCAAAGACTA-1	0.68503153	0.66408014	1	ambiguous	0	0	1
GSM7230012_hCiPSCs-0618_GGAGATGCACAATGCT-1	0.07127645	0.079096615	1	failure	0	1	0
GSM7230012_hCiPSCs-0618_GGAGATGCACATGGTT-1	0.57600033	0.5601601	1	ambiguous	0	0	1
GSM7230012_hCiPSCs-0618_GGAGATGCATACAGAA-1	0.670544	0.6502717	1	ambiguous	0	0	1
GSM7230012_hCiPSCs-0618_GGAGATGGTCGGTGAA-1	0.18856755	0.19088936	1	ambiguous	0	0	1
GSM7230012_hCiPSCs-0618_GGAGATGGTCTAACTG-1	0.59245706	0.5758453	1	ambiguous	0	0	1
GSM7230012_hCiPSCs-0618_GGAGATGTCCCGAAAT-1	0.5084049	0.49573338	1	ambiguous	0	0	1
GSM7230012_hCiPSCs-0618_GGAGCAAAGAGGGCGA-1	0.15121305	0.15528595	1	ambiguous	0	0	1
GSM7230012_hCiPSCs-0618_GGAGCAAAGCTGACCC-1	0.2729034	0.2712717	1	ambiguous	0	0	1
GSM7230012_hCiPSCs-0618_GGAGCAAAGTAATCCC-1	0.14744581	0.15169531	1	ambiguous	0	0	1
GSM7230012_hCiPSCs-0618_GGAGCAACAAAGCAAT-1	0.6216068	0.60362864	1	ambiguous	0	0	1
GSM7230012_hCiPSCs-0618_GGAGCAACACCCAAGC-1	0.10432902	0.11059975	1	failure	0	1	0
GSM7230012_hCiPSCs-0618_GGAGCAAGTATACCTG-1	0.6677908	0.64764756	1	ambiguous	0	0	1
GSM7230012_hCiPSCs-0618_GGAGCAATCTCCATAT-1	0.87942696	0.8493627	1	success	1	0	0
GSM7230012_hCiPSCs-0618_GGAGCAATCTCGAGTA-1	0.38350508	0.3766886	1	ambiguous	0	0	1
GSM7230012_hCiPSCs-0618_GGAGCAATCTTTGCTA-1	0.6162255	0.5984996	1	ambiguous	0	0	1
GSM7230012_hCiPSCs-0618_GGAGGATAGAAGCTCG-1	0.6984912	0.67690885	1	ambiguous	0	0	1
GSM7230012_hCiPSCs-0618_GGAGGATAGGTGGCTA-1	0.34222943	0.33734787	1	ambiguous	0	0	1
GSM7230012_hCiPSCs-0618_GGAGGATAGTAAAGCT-1	0.3751583	0.36873314	1	ambiguous	0	0	1
GSM7230012_hCiPSCs-0618_GGAGGATCACACTTAG-1	0.13656771	0.14132716	1	ambiguous	0	0	1
GSM7230012_hCiPSCs-0618_GGAGGATCAGGTGTTT-1	0.114480875	0.120275706	1	ambiguous	0	0	1
GSM7230012_hCiPSCs-0618_GGAGGATCATACTGTG-1	0.11693933	0.12261891	1	ambiguous	0	0	1
GSM7230012_hCiPSCs-0618_GGAGGATGTAGACAAT-1	0.679938	0.6592254	1	ambiguous	0	0	1
GSM7230012_hCiPSCs-0618_GGAGGATGTCTACAGT-1	0.16602014	0.1693989	1	ambiguous	0	0	1
GSM7230012_hCiPSCs-0618_GGAGGATGTCTGTGGC-1	0.5857687	0.5694705	1	ambiguous	0	0	1
GSM7230012_hCiPSCs-0618_GGAGGATTCCGTATAG-1	0.5627359	0.5475175	1	ambiguous	0	0	1
GSM7230012_hCiPSCs-0618_GGAGGATTCCGTTTCG-1	0.07081572	0.078657486	1	failure	0	1	0
GSM7230012_hCiPSCs-0618_GGAGGATTCGAATGCT-1	0.14614856	0.15045889	1	ambiguous	0	0	1
GSM7230012_hCiPSCs-0618_GGAGGTAAGAGGTGCT-1	0.7247703	0.70195603	1	ambiguous	0	0	1
GSM7230012_hCiPSCs-0618_GGAGGTAAGATACATG-1	0.53254735	0.51874405	1	ambiguous	0	0	1
GSM7230012_hCiPSCs-0618_GGAGGTAAGCATGAAT-1	0.5096278	0.49689895	1	ambiguous	0	0	1
GSM7230012_hCiPSCs-0618_GGAGGTAAGCGTCTCG-1	0.62508774	0.60694635	1	ambiguous	0	0	1
GSM7230012_hCiPSCs-0618_GGAGGTAAGGCCCAAA-1	0.617534	0.5997467	1	ambiguous	0	0	1
GSM7230012_hCiPSCs-0618_GGAGGTAAGTGATCGG-1	0.140204	0.14479297	1	ambiguous	0	0	1
GSM7230012_hCiPSCs-0618_GGAGGTAGTAGGTGCA-1	0.6283717	0.6100764	1	ambiguous	0	0	1
GSM7230012_hCiPSCs-0618_GGAGGTATCCGAGATT-1	0.11582257	0.12155451	1	ambiguous	0	0	1
GSM7230012_hCiPSCs-0618_GGAGGTATCGTCGCTT-1	0.5942908	0.5775931	1	ambiguous	0	0	1
GSM7230012_hCiPSCs-0618_GGAGGTATCGTTATCT-1	0.15884228	0.16255754	1	ambiguous	0	0	1
GSM7230012_hCiPSCs-0618_GGATCTAAGAAACTCA-1	0.48114905	0.4697552	1	ambiguous	0	0	1
GSM7230012_hCiPSCs-0618_GGATCTAAGCTGAGTG-1	0.57223237	0.55656874	1	ambiguous	0	0	1
GSM7230012_hCiPSCs-0618_GGATCTACAACTGAAA-1	0.6945683	0.6731698	1	ambiguous	0	0	1
GSM7230012_hCiPSCs-0618_GGATCTACAGTTGTTG-1	0.41321698	0.40500766	1	ambiguous	0	0	1
GSM7230012_hCiPSCs-0618_GGATCTAGTCATGACT-1	0.57322663	0.5575164	1	ambiguous	0	0	1
GSM7230012_hCiPSCs-0618_GGATCTAGTGTTATCG-1	0.6878312	0.6667486	1	ambiguous	0	0	1
GSM7230012_hCiPSCs-0618_GGATCTATCGGACGTC-1	0.29688963	0.2941335	1	ambiguous	0	0	1
GSM7230012_hCiPSCs-0618_GGATCTATCGTAGCTA-1	0.17614298	0.17904721	1	ambiguous	0	0	1
GSM7230012_hCiPSCs-0618_GGATCTATCGTTCCTG-1	0.7605263	0.7360358	1	success	1	0	0
GSM7230012_hCiPSCs-0618_GGATGTTAGCAACTCT-1	0.23459354	0.23475774	1	ambiguous	0	0	1
GSM7230012_hCiPSCs-0618_GGATGTTGTCAGACGA-1	0.6432925	0.62429774	1	ambiguous	0	0	1
GSM7230012_hCiPSCs-0618_GGATGTTGTCCTCCAT-1	0.5552431	0.5403758	1	ambiguous	0	0	1
GSM7230012_hCiPSCs-0618_GGATGTTGTGCCGTTG-1	0.63082075	0.6124106	1	ambiguous	0	0	1
GSM7230012_hCiPSCs-0618_GGATGTTGTTCGGCTG-1	0.5651036	0.54977417	1	ambiguous	0	0	1
GSM7230012_hCiPSCs-0618_GGATGTTTCACCTACC-1	0.12870017	0.13382843	1	ambiguous	0	0	1
GSM7230012_hCiPSCs-0618_GGATGTTTCCATTTCA-1	0.6909271	0.66969925	1	ambiguous	0	0	1
GSM7230012_hCiPSCs-0618_GGATGTTTCGATTTCT-1	0.16570388	0.16909748	1	ambiguous	0	0	1
GSM7230012_hCiPSCs-0618_GGATGTTTCGGAACTT-1	0.64214164	0.62320083	1	ambiguous	0	0	1
GSM7230012_hCiPSCs-0618_GGATGTTTCTATTCGT-1	0.71956795	0.6969975	1	ambiguous	0	0	1
GSM7230012_hCiPSCs-0618_GGCACGTAGACTTCAC-1	0.55635226	0.5414331	1	ambiguous	0	0	1
GSM7230012_hCiPSCs-0618_GGCACGTAGAGGTGCT-1	0.15621395	0.16005242	1	ambiguous	0	0	1
GSM7230012_hCiPSCs-0618_GGCACGTAGCCATATC-1	0.14851859	0.1527178	1	ambiguous	0	0	1
GSM7230012_hCiPSCs-0618_GGCACGTAGTACTGTC-1	0.8852592	0.8549216	1	success	1	0	0
GSM7230012_hCiPSCs-0618_GGCACGTCAATTCTCT-1	0.62923694	0.61090106	1	ambiguous	0	0	1
GSM7230012_hCiPSCs-0618_GGCACGTCAATTGGTC-1	0.14344166	0.14787887	1	ambiguous	0	0	1
GSM7230012_hCiPSCs-0618_GGCACGTCACTACACA-1	0.56741625	0.5519784	1	ambiguous	0	0	1
GSM7230012_hCiPSCs-0618_GGCACGTCATACACCA-1	0.6129733	0.5953998	1	ambiguous	0	0	1
GSM7230012_hCiPSCs-0618_GGCACGTCATACCACA-1	0.7548645	0.73063946	1	success	1	0	0
GSM7230012_hCiPSCs-0618_GGCACGTCATCCGATA-1	0.5833923	0.56720555	1	ambiguous	0	0	1
GSM7230012_hCiPSCs-0618_GGCACGTGTCGGTGTC-1	0.44601405	0.4362673	1	ambiguous	0	0	1
GSM7230012_hCiPSCs-0618_GGCACGTGTGTCGCTG-1	0.5501223	0.53549516	1	ambiguous	0	0	1
GSM7230012_hCiPSCs-0618_GGCACGTTCCCTCATG-1	0.06807779	0.0760479	1	failure	0	1	0
GSM7230012_hCiPSCs-0618_GGCACGTTCGTAGTGT-1	0.6572019	0.63755506	1	ambiguous	0	0	1
GSM7230012_hCiPSCs-0618_GGCACGTTCTCTGACC-1	0.6653233	0.6452958	1	ambiguous	0	0	1
GSM7230012_hCiPSCs-0618_GGCAGTCAGACTACCT-1	0.7472258	0.72335887	1	ambiguous	0	0	1
GSM7230012_hCiPSCs-0618_GGCAGTCAGGTCGCCT-1	0.32295585	0.3189778	1	ambiguous	0	0	1
GSM7230012_hCiPSCs-0618_GGCAGTCAGTCTTCCC-1	0.884722	0.85440946	1	success	1	0	0
GSM7230012_hCiPSCs-0618_GGCAGTCCAATCACGT-1	0.72285146	0.7001271	1	ambiguous	0	0	1
GSM7230012_hCiPSCs-0618_GGCAGTCCAGAGGGTT-1	0.8155978	0.78852564	1	success	1	0	0
GSM7230012_hCiPSCs-0618_GGCAGTCTCACCTTAT-1	0.15352981	0.15749411	1	ambiguous	0	0	1
GSM7230012_hCiPSCs-0618_GGCGTCAAGAGGGTAA-1	0.55046517	0.5358219	1	ambiguous	0	0	1
GSM7230012_hCiPSCs-0618_GGCGTCAAGAGTCTGG-1	0.108041905	0.11413858	1	ambiguous	0	0	1
GSM7230012_hCiPSCs-0618_GGCGTCAAGTGCCTCG-1	0.57111055	0.5554995	1	ambiguous	0	0	1
GSM7230012_hCiPSCs-0618_GGCGTCACACTGGACC-1	0.1522785	0.15630145	1	ambiguous	0	0	1
GSM7230012_hCiPSCs-0618_GGCGTCACACTTCAAG-1	0.11497719	0.12074875	1	ambiguous	0	0	1
GSM7230012_hCiPSCs-0618_GGCGTCAGTTAGGGTG-1	0.7053642	0.68345964	1	ambiguous	0	0	1
GSM7230012_hCiPSCs-0618_GGCGTCATCACTGGTA-1	0.087696694	0.09474712	1	failure	0	1	0
GSM7230012_hCiPSCs-0618_GGCGTCATCCCTGGTT-1	0.68434554	0.6634263	1	ambiguous	0	0	1
GSM7230012_hCiPSCs-0618_GGCGTCATCGTCGATA-1	0.42550266	0.4167174	1	ambiguous	0	0	1
GSM7230012_hCiPSCs-0618_GGCGTCATCTTGGATG-1	0.57567155	0.5598467	1	ambiguous	0	0	1
GSM7230012_hCiPSCs-0618_GGCTGTGAGCCTCATA-1	0.11953962	0.1250973	1	ambiguous	0	0	1
GSM7230012_hCiPSCs-0618_GGCTGTGAGTATGACA-1	0.14106825	0.14561671	1	ambiguous	0	0	1
GSM7230012_hCiPSCs-0618_GGCTGTGAGTTGCGAG-1	0.8301195	0.8023666	1	success	1	0	0
GSM7230012_hCiPSCs-0618_GGCTGTGGTCCTCCAT-1	0.7104076	0.68826663	1	ambiguous	0	0	1
GSM7230012_hCiPSCs-0618_GGCTGTGGTCGACGCT-1	0.5652102	0.5498758	1	ambiguous	0	0	1
GSM7230012_hCiPSCs-0618_GGCTGTGGTCGCTGCA-1	0.07821829	0.08571304	1	failure	0	1	0
GSM7230012_hCiPSCs-0618_GGCTGTGTCCAATCCC-1	0.59842396	0.58153254	1	ambiguous	0	0	1
GSM7230012_hCiPSCs-0618_GGCTGTGTCCACGAAT-1	0.5487542	0.5341912	1	ambiguous	0	0	1
GSM7230012_hCiPSCs-0618_GGCTGTGTCCATAGAC-1	0.81619734	0.78909713	1	success	1	0	0
GSM7230012_hCiPSCs-0618_GGCTGTGTCGACGAGA-1	0.77693594	0.75167626	1	success	1	0	0
GSM7230012_hCiPSCs-0618_GGCTGTGTCGGCATAT-1	0.5484951	0.53394425	1	ambiguous	0	0	1
GSM7230012_hCiPSCs-0618_GGCTGTGTCTGCCTGT-1	0.062326293	0.07056603	1	failure	0	1	0
GSM7230012_hCiPSCs-0618_GGCTTGGAGCGATGGT-1	0.7884981	0.7626964	1	success	1	0	0
GSM7230012_hCiPSCs-0618_GGCTTGGAGGATGCGT-1	0.5892897	0.5728265	1	ambiguous	0	0	1
GSM7230012_hCiPSCs-0618_GGCTTGGAGGATGTTA-1	0.13435599	0.13921912	1	ambiguous	0	0	1
GSM7230012_hCiPSCs-0618_GGCTTGGCACAGCTGC-1	0.17028695	0.17346571	1	ambiguous	0	0	1
GSM7230012_hCiPSCs-0618_GGCTTGGCACCATAAC-1	0.70736927	0.6853707	1	ambiguous	0	0	1
GSM7230012_hCiPSCs-0618_GGCTTGGCAGAGAGGG-1	0.5319836	0.5182068	1	ambiguous	0	0	1
GSM7230012_hCiPSCs-0618_GGCTTGGCAGGGAATC-1	0.56334734	0.54810023	1	ambiguous	0	0	1
GSM7230012_hCiPSCs-0618_GGCTTGGCAGTGCGCT-1	0.5342479	0.52036494	1	ambiguous	0	0	1
GSM7230012_hCiPSCs-0618_GGCTTGGGTATTCCGA-1	0.12509069	0.13038816	1	ambiguous	0	0	1
GSM7230012_hCiPSCs-0618_GGCTTGGTCCGTTGGG-1	0.12898576	0.13410065	1	ambiguous	0	0	1
GSM7230012_hCiPSCs-0618_GGCTTGGTCTGTACAG-1	0.15396887	0.15791258	1	ambiguous	0	0	1
GSM7230012_hCiPSCs-0618_GGCTTTCAGAACCGCA-1	0.10477167	0.11102165	1	failure	0	1	0
GSM7230012_hCiPSCs-0618_GGCTTTCAGACATACA-1	0.66354215	0.6435981	1	ambiguous	0	0	1
GSM7230012_hCiPSCs-0618_GGCTTTCAGCAAATCA-1	0.6549716	0.6354293	1	ambiguous	0	0	1
GSM7230012_hCiPSCs-0618_GGCTTTCAGCTGCCAC-1	0.48409823	0.47256616	1	ambiguous	0	0	1
GSM7230012_hCiPSCs-0618_GGCTTTCAGCTTGTGT-1	0.7016219	0.6798928	1	ambiguous	0	0	1
GSM7230012_hCiPSCs-0618_GGCTTTCAGTAGTGCG-1	0.5924836	0.57587063	1	ambiguous	0	0	1
GSM7230012_hCiPSCs-0618_GGCTTTCCAATTTCTC-1	0.112161905	0.11806545	1	ambiguous	0	0	1
GSM7230012_hCiPSCs-0618_GGCTTTCCAGCGCTTG-1	0.8241606	0.79668707	1	success	1	0	0
GSM7230012_hCiPSCs-0618_GGCTTTCCAGTCGAGA-1	0.5841618	0.5679389	1	ambiguous	0	0	1
GSM7230012_hCiPSCs-0618_GGCTTTCCATCCTATT-1	0.5277987	0.51421803	1	ambiguous	0	0	1
GSM7230012_hCiPSCs-0618_GGCTTTCCATGACAAA-1	0.13908333	0.14372484	1	ambiguous	0	0	1
GSM7230012_hCiPSCs-0618_GGCTTTCGTAAGTCAA-1	0.54423815	0.52988684	1	ambiguous	0	0	1
GSM7230012_hCiPSCs-0618_GGCTTTCGTACAGAGC-1	0.601009	0.58399636	1	ambiguous	0	0	1
GSM7230012_hCiPSCs-0618_GGCTTTCGTCGAGCTC-1	0.5676779	0.5522278	1	ambiguous	0	0	1
GSM7230012_hCiPSCs-0618_GGCTTTCGTGCATGAG-1	0.50037557	0.4880804	1	ambiguous	0	0	1
GSM7230012_hCiPSCs-0618_GGCTTTCTCACAAGGG-1	0.25023806	0.24966887	1	ambiguous	0	0	1
GSM7230012_hCiPSCs-0618_GGCTTTCTCAGAGCGA-1	0.6631494	0.64322376	1	ambiguous	0	0	1
GSM7230012_hCiPSCs-0618_GGCTTTCTCGACCACG-1	0.093040705	0.09984061	1	failure	0	1	0
GSM7230012_hCiPSCs-0618_GGCTTTCTCGGTAACT-1	0.15295489	0.15694614	1	ambiguous	0	0	1
GSM7230012_hCiPSCs-0618_GGCTTTCTCTTACGTT-1	0.06998734	0.07786794	1	failure	0	1	0
GSM7230012_hCiPSCs-0618_GGGAAGTAGATCACTC-1	0.67700964	0.65643424	1	ambiguous	0	0	1
GSM7230012_hCiPSCs-0618_GGGAAGTAGTGGAAAG-1	0.71001935	0.68789655	1	ambiguous	0	0	1
GSM7230012_hCiPSCs-0618_GGGAAGTCAAAGGCGT-1	0.61813754	0.600322	1	ambiguous	0	0	1
GSM7230012_hCiPSCs-0618_GGGAAGTCACATGGTT-1	0.091223225	0.09810833	1	failure	0	1	0
GSM7230012_hCiPSCs-0618_GGGAAGTCAGTGGTGA-1	0.1332738	0.13818766	1	ambiguous	0	0	1
GSM7230012_hCiPSCs-0618_GGGAAGTGTAGGACTG-1	0.094461635	0.101194926	1	failure	0	1	0
GSM7230012_hCiPSCs-0618_GGGAAGTGTCTCCTGT-1	0.6179662	0.60015863	1	ambiguous	0	0	1
GSM7230012_hCiPSCs-0618_GGGAAGTGTGCGAACA-1	0.6057938	0.5885569	1	ambiguous	0	0	1
GSM7230012_hCiPSCs-0618_GGGAAGTTCCTCTAGC-1	0.08714879	0.0942249	1	failure	0	1	0
GSM7230012_hCiPSCs-0618_GGGAAGTTCGCGTTTC-1	0.5746454	0.5588687	1	ambiguous	0	0	1
GSM7230012_hCiPSCs-0618_GGGAAGTTCGCTAAAC-1	0.60729384	0.5899866	1	ambiguous	0	0	1
GSM7230012_hCiPSCs-0618_GGGAAGTTCTCAATCT-1	0.18988436	0.19214444	1	ambiguous	0	0	1
GSM7230012_hCiPSCs-0618_GGGAAGTTCTTGCAAG-1	0.48645863	0.4748159	1	ambiguous	0	0	1
GSM7230012_hCiPSCs-0618_GGGACAAAGACTCCGC-1	0.12278409	0.12818968	1	ambiguous	0	0	1
GSM7230012_hCiPSCs-0618_GGGACAAAGGTGATCG-1	0.5152586	0.5022658	1	ambiguous	0	0	1
GSM7230012_hCiPSCs-0618_GGGACAAGTATCATGC-1	0.12157173	0.12703416	1	ambiguous	0	0	1
GSM7230012_hCiPSCs-0618_GGGACAAGTGTAAACA-1	0.12740853	0.13259736	1	ambiguous	0	0	1
GSM7230012_hCiPSCs-0618_GGGACAATCCACCTCA-1	0.5265179	0.5129973	1	ambiguous	0	0	1
GSM7230012_hCiPSCs-0618_GGGACAATCTCAACGA-1	0.1118018	0.11772223	1	ambiguous	0	0	1
GSM7230012_hCiPSCs-0618_GGGACCTAGCCAACCC-1	0.77330774	0.7482181	1	success	1	0	0
GSM7230012_hCiPSCs-0618_GGGACCTCAACCGACC-1	0.22069836	0.22151393	1	ambiguous	0	0	1
GSM7230012_hCiPSCs-0618_GGGACCTCAGCGACCT-1	0.10716297	0.11330085	1	failure	0	1	0
GSM7230012_hCiPSCs-0618_GGGACCTGTGAATTGA-1	0.17955004	0.18229456	1	ambiguous	0	0	1
GSM7230012_hCiPSCs-0618_GGGACCTGTGATACTC-1	0.67818224	0.6575519	1	ambiguous	0	0	1
GSM7230012_hCiPSCs-0618_GGGACCTGTTAAACAG-1	0.7279025	0.7049414	1	ambiguous	0	0	1
GSM7230012_hCiPSCs-0618_GGGACCTGTTCGTTCC-1	0.6651497	0.6451303	1	ambiguous	0	0	1
GSM7230012_hCiPSCs-0618_GGGACCTTCAAGTCTG-1	0.10717312	0.11331053	1	failure	0	1	0
GSM7230012_hCiPSCs-0618_GGGACTCAGATAGGGA-1	0.72781163	0.7048547	1	ambiguous	0	0	1
GSM7230012_hCiPSCs-0618_GGGACTCAGCGTGCTC-1	0.68373615	0.6628455	1	ambiguous	0	0	1
GSM7230012_hCiPSCs-0618_GGGACTCAGGATTCAA-1	0.7078387	0.68581814	1	ambiguous	0	0	1
GSM7230012_hCiPSCs-0618_GGGACTCAGTCCCGAC-1	0.6167737	0.5990221	1	ambiguous	0	0	1
GSM7230012_hCiPSCs-0618_GGGACTCAGTTACGGG-1	0.8267544	0.7991593	1	success	1	0	0
GSM7230012_hCiPSCs-0618_GGGACTCAGTTGCCTA-1	0.43151382	0.4224468	1	ambiguous	0	0	1
GSM7230012_hCiPSCs-0618_GGGACTCCACTACTTT-1	0.9244883	0.89231163	1	success	1	0	0
GSM7230012_hCiPSCs-0618_GGGACTCGTCTCTCTG-1	0.7625505	0.7379651	1	success	1	0	0
GSM7230012_hCiPSCs-0618_GGGACTCTCCGAAGGA-1	0.74626064	0.72243893	1	ambiguous	0	0	1
GSM7230012_hCiPSCs-0618_GGGACTCTCTGGTTGA-1	0.5814772	0.5653802	1	ambiguous	0	0	1
GSM7230012_hCiPSCs-0618_GGGAGATAGTACGTCT-1	0.18397343	0.1865106	1	ambiguous	0	0	1
GSM7230012_hCiPSCs-0618_GGGAGATAGTAGCCAG-1	0.21556535	0.21662155	1	ambiguous	0	0	1
GSM7230012_hCiPSCs-0618_GGGAGATAGTTCTCTT-1	0.12126919	0.1267458	1	ambiguous	0	0	1
GSM7230012_hCiPSCs-0618_GGGAGATCAACCGGAA-1	0.12768058	0.13285664	1	ambiguous	0	0	1
GSM7230012_hCiPSCs-0618_GGGAGATCATCCTATT-1	0.76067	0.7361728	1	success	1	0	0
GSM7230012_hCiPSCs-0618_GGGAGATCATTGTCGA-1	0.74358386	0.7198877	1	ambiguous	0	0	1
GSM7230012_hCiPSCs-0618_GGGAGATGTCCAGCAC-1	0.7009205	0.67922425	1	ambiguous	0	0	1
GSM7230012_hCiPSCs-0618_GGGAGATGTTCTCCAC-1	0.11835032	0.123963766	1	ambiguous	0	0	1
GSM7230012_hCiPSCs-0618_GGGAGATTCCACGGGT-1	0.6824483	0.661618	1	ambiguous	0	0	1
GSM7230012_hCiPSCs-0618_GGGAGTAAGATTAGTG-1	0.6042634	0.58709824	1	ambiguous	0	0	1
GSM7230012_hCiPSCs-0618_GGGAGTAAGGAGCTGT-1	0.09644239	0.10308283	1	failure	0	1	0
GSM7230012_hCiPSCs-0618_GGGAGTAAGTCATCCA-1	0.73466456	0.71138644	1	ambiguous	0	0	1
GSM7230012_hCiPSCs-0618_GGGAGTAAGTGAGTTA-1	0.12271802	0.12812671	1	ambiguous	0	0	1
GSM7230012_hCiPSCs-0618_GGGAGTACAACCACAT-1	0.72407347	0.70129186	1	ambiguous	0	0	1
GSM7230012_hCiPSCs-0618_GGGAGTACAAGTTCGT-1	0.28694606	0.28465608	1	ambiguous	0	0	1
GSM7230012_hCiPSCs-0618_GGGAGTACATAGGTAA-1	0.5006136	0.4883073	1	ambiguous	0	0	1
GSM7230012_hCiPSCs-0618_GGGAGTAGTTGTGTAC-1	0.6043348	0.58716625	1	ambiguous	0	0	1
GSM7230012_hCiPSCs-0618_GGGAGTATCAACCGAT-1	0.7279148	0.7049531	1	ambiguous	0	0	1
GSM7230012_hCiPSCs-0618_GGGAGTATCCGTTGGG-1	0.62037754	0.602457	1	ambiguous	0	0	1
GSM7230012_hCiPSCs-0618_GGGAGTATCGACACTA-1	0.7636113	0.73897624	1	success	1	0	0
GSM7230012_hCiPSCs-0618_GGGATCCAGCATCTTG-1	0.5191923	0.50601506	1	ambiguous	0	0	1
GSM7230012_hCiPSCs-0618_GGGATCCAGGGCCCTT-1	0.6134262	0.5958315	1	ambiguous	0	0	1
GSM7230012_hCiPSCs-0618_GGGATCCCAAGCGAAC-1	0.7324219	0.7092489	1	ambiguous	0	0	1
GSM7230012_hCiPSCs-0618_GGGATCCCACGTGAGA-1	0.117377736	0.12303677	1	ambiguous	0	0	1
GSM7230012_hCiPSCs-0618_GGGATCCCAGAGTCAG-1	0.6953881	0.6739512	1	ambiguous	0	0	1
GSM7230012_hCiPSCs-0618_GGGATCCGTAATGCTC-1	0.21150874	0.2127551	1	ambiguous	0	0	1
GSM7230012_hCiPSCs-0618_GGGATCCGTATGCGGA-1	0.56307995	0.54784536	1	ambiguous	0	0	1
GSM7230012_hCiPSCs-0618_GGGATCCGTGATGGCA-1	0.14348672	0.14792182	1	ambiguous	0	0	1
GSM7230012_hCiPSCs-0618_GGGATCCGTTCATCTT-1	0.8618173	0.83257854	1	success	1	0	0
GSM7230012_hCiPSCs-0618_GGGATCCGTTCTCGCT-1	0.11420318	0.120011024	1	ambiguous	0	0	1
GSM7230012_hCiPSCs-0618_GGGATCCTCACCTGTC-1	0.7645212	0.7398435	1	success	1	0	0
GSM7230012_hCiPSCs-0618_GGGATCCTCCGCATAA-1	0.09158344	0.09845165	1	failure	0	1	0
GSM7230012_hCiPSCs-0618_GGGATCCTCCGGACGT-1	0.12953635	0.1346254	1	ambiguous	0	0	1
GSM7230012_hCiPSCs-0618_GGGATCCTCCTGTTGC-1	0.09100948	0.0979046	1	failure	0	1	0
GSM7230012_hCiPSCs-0618_GGGATGAAGCAAGCCA-1	0.2370679	0.2371161	1	ambiguous	0	0	1
GSM7230012_hCiPSCs-0618_GGGATGACATCGTCCT-1	0.58368	0.5674797	1	ambiguous	0	0	1
GSM7230012_hCiPSCs-0618_GGGATGACATGGGAAC-1	0.12868911	0.13381788	1	ambiguous	0	0	1
GSM7230012_hCiPSCs-0618_GGGATGAGTATTCCGA-1	0.12663418	0.13185929	1	ambiguous	0	0	1
GSM7230012_hCiPSCs-0618_GGGATGAGTCATGACT-1	0.75437224	0.73017025	1	success	1	0	0
GSM7230012_hCiPSCs-0618_GGGATGAGTCGCATTA-1	0.534899	0.5209855	1	ambiguous	0	0	1
GSM7230012_hCiPSCs-0618_GGGATGATCAGTGTTG-1	0.40139616	0.39374098	1	ambiguous	0	0	1
GSM7230012_hCiPSCs-0618_GGGCCATAGAGGTGCT-1	0.74142355	0.7178286	1	ambiguous	0	0	1
GSM7230012_hCiPSCs-0618_GGGCCATAGTATGTAG-1	0.22461791	0.22524974	1	ambiguous	0	0	1
GSM7230012_hCiPSCs-0618_GGGCCATCAACCGGAA-1	0.6177896	0.59999037	1	ambiguous	0	0	1
GSM7230012_hCiPSCs-0618_GGGCCATGTACTCGTA-1	0.5652624	0.5499255	1	ambiguous	0	0	1
GSM7230012_hCiPSCs-0618_GGGCCATGTGAGCAGT-1	0.107431404	0.113556705	1	failure	0	1	0
GSM7230012_hCiPSCs-0618_GGGCCATGTTTACCAG-1	0.7377505	0.7143277	1	ambiguous	0	0	1
GSM7230012_hCiPSCs-0618_GGGCCATTCCCTCTAG-1	0.68169504	0.66090006	1	ambiguous	0	0	1
GSM7230012_hCiPSCs-0618_GGGCCATTCGCTGTCT-1	0.1292563	0.1343585	1	ambiguous	0	0	1
GSM7230012_hCiPSCs-0618_GGGCCATTCGGTCGAC-1	0.5242775	0.5108619	1	ambiguous	0	0	1
GSM7230012_hCiPSCs-0618_GGGCGTTAGAGGTCGT-1	0.4753298	0.46420875	1	ambiguous	0	0	1
GSM7230012_hCiPSCs-0618_GGGCGTTAGCCTCTGG-1	0.8439719	0.8155697	1	success	1	0	0
GSM7230012_hCiPSCs-0618_GGGCGTTAGGAGAGGC-1	0.72891325	0.7059047	1	ambiguous	0	0	1
GSM7230012_hCiPSCs-0618_GGGCGTTAGGCTAGCA-1	0.13449551	0.1393521	1	ambiguous	0	0	1
GSM7230012_hCiPSCs-0618_GGGCGTTCACCTGATA-1	0.445992	0.43624628	1	ambiguous	0	0	1
GSM7230012_hCiPSCs-0618_GGGCGTTGTCACTCGG-1	0.1602927	0.16393997	1	ambiguous	0	0	1
GSM7230012_hCiPSCs-0618_GGGCGTTTCGGTGTTA-1	0.6815928	0.6608026	1	ambiguous	0	0	1
GSM7230012_hCiPSCs-0618_GGGCGTTTCTCATTAC-1	0.11071771	0.11668895	1	ambiguous	0	0	1
GSM7230012_hCiPSCs-0618_GGGCGTTTCTGAATGC-1	0.25936082	0.25836396	1	ambiguous	0	0	1
GSM7230012_hCiPSCs-0618_GGGCTACCAAGTACCT-1	0.6370127	0.61831236	1	ambiguous	0	0	1
GSM7230012_hCiPSCs-0618_GGGCTACCACGTGTGC-1	0.80775714	0.7810526	1	success	1	0	0
GSM7230012_hCiPSCs-0618_GGGCTACCAGTTCACA-1	0.75170773	0.7276307	1	ambiguous	0	0	1
GSM7230012_hCiPSCs-0618_GGGCTACGTTTACCAG-1	0.67283535	0.6524557	1	ambiguous	0	0	1
GSM7230012_hCiPSCs-0618_GGGCTACTCAGCACCG-1	0.07530626	0.082937516	1	failure	0	1	0
GSM7230012_hCiPSCs-0618_GGGCTACTCCGTGTCT-1	0.05426637	0.062883936	1	failure	0	1	0
GSM7230012_hCiPSCs-0618_GGGCTACTCGTGCTCT-1	0.5447832	0.53040636	1	ambiguous	0	0	1
GSM7230012_hCiPSCs-0618_GGGCTACTCTCGGGAC-1	0.73797816	0.7145447	1	ambiguous	0	0	1
GSM7230012_hCiPSCs-0618_GGGCTCAAGAGCAGTC-1	0.45786923	0.44756672	1	ambiguous	0	0	1
GSM7230012_hCiPSCs-0618_GGGCTCAAGAGTCTGG-1	0.13835776	0.1430333	1	ambiguous	0	0	1
GSM7230012_hCiPSCs-0618_GGGCTCAAGGTTTACC-1	0.76953274	0.74462	1	success	1	0	0
GSM7230012_hCiPSCs-0618_GGGCTCAAGTCGCCCA-1	0.79260427	0.7666101	1	success	1	0	0
GSM7230012_hCiPSCs-0618_GGGCTCACAACAAGTA-1	0.07982232	0.087241866	1	failure	0	1	0
GSM7230012_hCiPSCs-0618_GGGCTCACAAGCCTGC-1	0.13342202	0.13832892	1	ambiguous	0	0	1
GSM7230012_hCiPSCs-0618_GGGCTCAGTCACTCAA-1	0.7757999	0.7505934	1	success	1	0	0
GSM7230012_hCiPSCs-0618_GGGCTCAGTCCTTGTC-1	0.6132616	0.59567463	1	ambiguous	0	0	1
GSM7230012_hCiPSCs-0618_GGGCTCAGTTGCGTAT-1	0.1846493	0.18715478	1	ambiguous	0	0	1
GSM7230012_hCiPSCs-0618_GGGCTCAGTTTCACTT-1	0.5650508	0.5497238	1	ambiguous	0	0	1
GSM7230012_hCiPSCs-0618_GGGCTCATCGGTCATA-1	0.73853457	0.715075	1	ambiguous	0	0	1
GSM7230012_hCiPSCs-0618_GGGCTCATCGTTCTAT-1	0.044484224	0.053560358	1	failure	0	1	0
GSM7230012_hCiPSCs-0618_GGGTAGAAGCATTTCG-1	0.7860819	0.7603935	1	success	1	0	0
GSM7230012_hCiPSCs-0618_GGGTAGAAGCGGTATG-1	0.53824604	0.52417564	1	ambiguous	0	0	1
GSM7230012_hCiPSCs-0618_GGGTAGAAGGCTTTCA-1	0.7708376	0.74586374	1	success	1	0	0
GSM7230012_hCiPSCs-0618_GGGTAGAAGTGTTGAA-1	0.4437556	0.4341147	1	ambiguous	0	0	1
GSM7230012_hCiPSCs-0618_GGGTAGACAAAGCAAT-1	0.10975468	0.11577107	1	ambiguous	0	0	1
GSM7230012_hCiPSCs-0618_GGGTAGACAACTGTGT-1	0.57787967	0.5619513	1	ambiguous	0	0	1
GSM7230012_hCiPSCs-0618_GGGTAGACATACAGAA-1	0.65220994	0.6327971	1	ambiguous	0	0	1
GSM7230012_hCiPSCs-0618_GGGTAGAGTAGTGCGA-1	0.18379444	0.18633999	1	ambiguous	0	0	1
GSM7230012_hCiPSCs-0618_GGGTAGAGTATTCCTT-1	0.5882379	0.57182395	1	ambiguous	0	0	1
GSM7230012_hCiPSCs-0618_GGGTAGAGTCAGGCAA-1	0.08794462	0.09498342	1	failure	0	1	0
GSM7230012_hCiPSCs-0618_GGGTAGAGTTCAACGT-1	0.67919606	0.6585182	1	ambiguous	0	0	1
GSM7230012_hCiPSCs-0618_GGGTAGATCGCTGACG-1	0.6024867	0.5854048	1	ambiguous	0	0	1
GSM7230012_hCiPSCs-0618_GGGTAGATCTCGGTCT-1	0.1276608	0.13283777	1	ambiguous	0	0	1
GSM7230012_hCiPSCs-0618_GGGTATTCACAAATGA-1	0.1302762	0.13533059	1	ambiguous	0	0	1
GSM7230012_hCiPSCs-0618_GGGTATTCAGTCTTCC-1	0.6531037	0.633649	1	ambiguous	0	0	1
GSM7230012_hCiPSCs-0618_GGGTATTGTAGTAAGT-1	0.20367317	0.20528685	1	ambiguous	0	0	1
GSM7230012_hCiPSCs-0618_GGGTATTGTCCAAAGG-1	0.74087787	0.71730846	1	ambiguous	0	0	1
GSM7230012_hCiPSCs-0618_GGGTATTTCATTTGCT-1	0.6288981	0.61057806	1	ambiguous	0	0	1
GSM7230012_hCiPSCs-0618_GGGTATTTCTTGGAAC-1	0.21811107	0.21904793	1	ambiguous	0	0	1
GSM7230012_hCiPSCs-0618_GGGTCACAGAGGGTAA-1	0.17617805	0.17908065	1	ambiguous	0	0	1
GSM7230012_hCiPSCs-0618_GGGTCACAGTCAGGGT-1	0.5954924	0.5787384	1	ambiguous	0	0	1
GSM7230012_hCiPSCs-0618_GGGTCACCAAAGCAAT-1	0.6428008	0.6238291	1	ambiguous	0	0	1
GSM7230012_hCiPSCs-0618_GGGTCACGTATCCCAA-1	0.5199192	0.5067079	1	ambiguous	0	0	1
GSM7230012_hCiPSCs-0618_GGGTCACGTGAGTTGG-1	0.21953852	0.22040847	1	ambiguous	0	0	1
GSM7230012_hCiPSCs-0618_GGGTCACTCGGTGTAT-1	0.12729037	0.1324847	1	ambiguous	0	0	1
GSM7230012_hCiPSCs-0618_GGGTCACTCTGACAGT-1	0.07571802	0.083329976	1	failure	0	1	0
GSM7230012_hCiPSCs-0618_GGGTCTGAGCGGGTAT-1	0.5545008	0.5396684	1	ambiguous	0	0	1
GSM7230012_hCiPSCs-0618_GGGTCTGCAAACAGGC-1	0.09988687	0.10636584	1	failure	0	1	0
GSM7230012_hCiPSCs-0618_GGGTCTGCAATAGTCC-1	0.10137605	0.10778521	1	failure	0	1	0
GSM7230012_hCiPSCs-0618_GGGTCTGCAATTGCTG-1	0.11557008	0.121313855	1	ambiguous	0	0	1
GSM7230012_hCiPSCs-0618_GGGTCTGCAGCGGTTC-1	0.60045356	0.58346695	1	ambiguous	0	0	1
GSM7230012_hCiPSCs-0618_GGGTCTGCATTGACAC-1	0.62819475	0.6099077	1	ambiguous	0	0	1
GSM7230012_hCiPSCs-0618_GGGTCTGGTCCTGTTC-1	0.67241496	0.65205497	1	ambiguous	0	0	1
GSM7230012_hCiPSCs-0618_GGGTCTGGTGTAGGAC-1	0.5437517	0.5294232	1	ambiguous	0	0	1
GSM7230012_hCiPSCs-0618_GGGTCTGGTTGGACCC-1	0.076577835	0.08414949	1	failure	0	1	0
GSM7230012_hCiPSCs-0618_GGGTGAAAGAATTCAG-1	0.25374174	0.2530083	1	ambiguous	0	0	1
GSM7230012_hCiPSCs-0618_GGGTGAAAGAGGTGCT-1	0.091115534	0.09800569	1	failure	0	1	0
GSM7230012_hCiPSCs-0618_GGGTGAAAGCGATGGT-1	0.66464716	0.6446513	1	ambiguous	0	0	1
GSM7230012_hCiPSCs-0618_GGGTGAACAACCCTCT-1	0.15980688	0.16347691	1	ambiguous	0	0	1
GSM7230012_hCiPSCs-0618_GGGTGAACATCCGAAT-1	0.6441529	0.6251178	1	ambiguous	0	0	1
GSM7230012_hCiPSCs-0618_GGGTGAAGTCAAAGAT-1	0.2632673	0.26208735	1	ambiguous	0	0	1
GSM7230012_hCiPSCs-0618_GGGTGAAGTGGATGAC-1	0.4013964	0.3937412	1	ambiguous	0	0	1
GSM7230012_hCiPSCs-0618_GGGTGAATCAGCTCTC-1	0.67902887	0.6583588	1	ambiguous	0	0	1
GSM7230012_hCiPSCs-0618_GGGTGAATCCGACATA-1	0.55793834	0.5429448	1	ambiguous	0	0	1
GSM7230012_hCiPSCs-0618_GGGTGAATCGATACAC-1	0.82136124	0.794019	1	success	1	0	0
GSM7230012_hCiPSCs-0618_GGGTGAATCGCATGAT-1	0.6531644	0.6337068	1	ambiguous	0	0	1
GSM7230012_hCiPSCs-0618_GGGTGAATCGTCAAAC-1	0.61456937	0.5969211	1	ambiguous	0	0	1
GSM7230012_hCiPSCs-0618_GGGTGAATCTCCGATC-1	0.7699623	0.7450295	1	success	1	0	0
GSM7230012_hCiPSCs-0618_GGGTGTCAGCTTAAGA-1	0.6863105	0.6652992	1	ambiguous	0	0	1
GSM7230012_hCiPSCs-0618_GGGTGTCAGCTTCTAG-1	0.061928224	0.070186615	1	failure	0	1	0
GSM7230012_hCiPSCs-0618_GGGTGTCAGTTCTACG-1	0.66499245	0.64498043	1	ambiguous	0	0	1
GSM7230012_hCiPSCs-0618_GGGTGTCTCTTACCAT-1	0.67445874	0.6540029	1	ambiguous	0	0	1
GSM7230012_hCiPSCs-0618_GGGTTATAGCGTGTTT-1	0.6617205	0.64186186	1	ambiguous	0	0	1
GSM7230012_hCiPSCs-0618_GGGTTATAGTTCCGGC-1	0.12990613	0.13497786	1	ambiguous	0	0	1
GSM7230012_hCiPSCs-0618_GGGTTATCACAACGCC-1	0.6954212	0.67398274	1	ambiguous	0	0	1
GSM7230012_hCiPSCs-0618_GGGTTATCAGAGTCAG-1	0.66198707	0.6421159	1	ambiguous	0	0	1
GSM7230012_hCiPSCs-0618_GGGTTATGTCTAATCG-1	0.13599467	0.14078097	1	ambiguous	0	0	1
GSM7230012_hCiPSCs-0618_GGGTTATGTGGACTAG-1	0.07340394	0.08112438	1	failure	0	1	0
GSM7230012_hCiPSCs-0618_GGGTTATTCTACGGGC-1	0.16723998	0.17056157	1	ambiguous	0	0	1
GSM7230012_hCiPSCs-0618_GGGTTATTCTATCACT-1	0.12110405	0.1265884	1	ambiguous	0	0	1
GSM7230012_hCiPSCs-0618_GGGTTTAAGACAGCGT-1	0.6825624	0.6617267	1	ambiguous	0	0	1
GSM7230012_hCiPSCs-0618_GGGTTTAAGCGTGTTT-1	0.44669467	0.436916	1	ambiguous	0	0	1
GSM7230012_hCiPSCs-0618_GGGTTTAAGCTGACAG-1	0.12688969	0.13210282	1	ambiguous	0	0	1
GSM7230012_hCiPSCs-0618_GGGTTTAAGGCTCTAT-1	0.8697721	0.8401604	1	success	1	0	0
GSM7230012_hCiPSCs-0618_GGGTTTAAGTGAGGCT-1	0.4848429	0.4732759	1	ambiguous	0	0	1
GSM7230012_hCiPSCs-0618_GGGTTTACACCTATCC-1	0.41019526	0.4021276	1	ambiguous	0	0	1
GSM7230012_hCiPSCs-0618_GGGTTTAGTACCTATG-1	0.49814242	0.48595196	1	ambiguous	0	0	1
GSM7230012_hCiPSCs-0618_GGGTTTAGTAGCTTTG-1	0.53792465	0.52386934	1	ambiguous	0	0	1
GSM7230012_hCiPSCs-0618_GGGTTTAGTCGTGTTA-1	0.4925426	0.48061466	1	ambiguous	0	0	1
GSM7230012_hCiPSCs-0618_GGGTTTAGTGAGATTA-1	0.3558236	0.35030478	1	ambiguous	0	0	1
GSM7230012_hCiPSCs-0618_GGGTTTAGTGGATACG-1	0.12873083	0.13385765	1	ambiguous	0	0	1
GSM7230012_hCiPSCs-0618_GGGTTTATCCTTCTGG-1	0.5419511	0.527707	1	ambiguous	0	0	1
GSM7230012_hCiPSCs-0618_GGGTTTATCGCTGATA-1	0.7021129	0.68036073	1	ambiguous	0	0	1
GSM7230012_hCiPSCs-0618_GGGTTTATCTTTACAC-1	0.63589317	0.61724526	1	ambiguous	0	0	1
GSM7230012_hCiPSCs-0618_GGTAACTAGTTGTAAG-1	0.47740233	0.46618414	1	ambiguous	0	0	1
GSM7230012_hCiPSCs-0618_GGTAACTCAAACAGGC-1	0.57646126	0.5605994	1	ambiguous	0	0	1
GSM7230012_hCiPSCs-0618_GGTAACTCAAGTGCTT-1	0.62939644	0.61105305	1	ambiguous	0	0	1
GSM7230012_hCiPSCs-0618_GGTAACTCAGCTACTA-1	0.13719214	0.14192232	1	ambiguous	0	0	1
GSM7230012_hCiPSCs-0618_GGTAACTCATTCAGCA-1	0.603129	0.586017	1	ambiguous	0	0	1
GSM7230012_hCiPSCs-0618_GGTAACTGTTCCCAAA-1	0.4393127	0.42988008	1	ambiguous	0	0	1
GSM7230012_hCiPSCs-0618_GGTAACTTCGTTATCT-1	0.3653653	0.35939917	1	ambiguous	0	0	1
GSM7230012_hCiPSCs-0618_GGTAATCAGACGGTCA-1	0.6944278	0.6730359	1	ambiguous	0	0	1
GSM7230012_hCiPSCs-0618_GGTAATCAGCAAATGT-1	0.1518532	0.1558961	1	ambiguous	0	0	1
GSM7230012_hCiPSCs-0618_GGTAATCGTAAGCGGT-1	0.74752474	0.7236438	1	ambiguous	0	0	1
GSM7230012_hCiPSCs-0618_GGTAATCGTGCACAAG-1	0.055701137	0.06425144	1	failure	0	1	0
GSM7230012_hCiPSCs-0618_GGTAATCGTGGGACAT-1	0.80277944	0.77630824	1	success	1	0	0
GSM7230012_hCiPSCs-0618_GGTAATCGTTGTATGC-1	0.15474561	0.1586529	1	ambiguous	0	0	1
GSM7230012_hCiPSCs-0618_GGTAATCTCAACTGAC-1	0.13276675	0.13770437	1	ambiguous	0	0	1
GSM7230012_hCiPSCs-0618_GGTAATCTCGACATAC-1	0.122426875	0.12784922	1	ambiguous	0	0	1
GSM7230012_hCiPSCs-0618_GGTAATCTCTAAGAAG-1	0.62771595	0.60945135	1	ambiguous	0	0	1
GSM7230012_hCiPSCs-0618_GGTAGAGAGCACCCAC-1	0.12816872	0.1333219	1	ambiguous	0	0	1
GSM7230012_hCiPSCs-0618_GGTAGAGAGCCTATTG-1	0.74192864	0.71831	1	ambiguous	0	0	1
GSM7230012_hCiPSCs-0618_GGTAGAGAGCCTCACG-1	0.7311758	0.7080612	1	ambiguous	0	0	1
GSM7230012_hCiPSCs-0618_GGTAGAGAGCTGAGTG-1	0.6113588	0.59386104	1	ambiguous	0	0	1
GSM7230012_hCiPSCs-0618_GGTAGAGAGGAGATAG-1	0.46216166	0.45165792	1	ambiguous	0	0	1
GSM7230012_hCiPSCs-0618_GGTAGAGAGTCATGGG-1	0.14626503	0.15056989	1	ambiguous	0	0	1
GSM7230012_hCiPSCs-0618_GGTAGAGCAAACCATC-1	0.65363073	0.6341513	1	ambiguous	0	0	1
GSM7230012_hCiPSCs-0618_GGTAGAGCACGCTTAA-1	0.0971853	0.10379091	1	failure	0	1	0
GSM7230012_hCiPSCs-0618_GGTAGAGCAGGGTCTC-1	0.5725319	0.5568542	1	ambiguous	0	0	1
GSM7230012_hCiPSCs-0618_GGTAGAGCATATCTCT-1	0.12396013	0.1293106	1	ambiguous	0	0	1
GSM7230012_hCiPSCs-0618_GGTAGAGGTACGGGAT-1	0.46448913	0.4538763	1	ambiguous	0	0	1
GSM7230012_hCiPSCs-0618_GGTAGAGTCCGCTTAC-1	0.712168	0.68994445	1	ambiguous	0	0	1
GSM7230012_hCiPSCs-0618_GGTAGAGTCTCATTAC-1	0.73029274	0.70721954	1	ambiguous	0	0	1
GSM7230012_hCiPSCs-0618_GGTCACGAGACGACGT-1	0.74667007	0.72282916	1	ambiguous	0	0	1
GSM7230012_hCiPSCs-0618_GGTCACGAGCATCAGG-1	0.6769271	0.6563556	1	ambiguous	0	0	1
GSM7230012_hCiPSCs-0618_GGTCACGAGCATCCCG-1	0.18698725	0.18938312	1	ambiguous	0	0	1
GSM7230012_hCiPSCs-0618_GGTCACGCACTGCGTG-1	0.6619605	0.64209056	1	ambiguous	0	0	1
GSM7230012_hCiPSCs-0618_GGTCACGCAGGTCAAG-1	0.1361817	0.14095925	1	ambiguous	0	0	1
GSM7230012_hCiPSCs-0618_GGTCACGGTCTGCAAT-1	0.1752856	0.17823003	1	ambiguous	0	0	1
GSM7230012_hCiPSCs-0618_GGTCACGGTTGCATAC-1	0.64853734	0.6292967	1	ambiguous	0	0	1
GSM7230012_hCiPSCs-0618_GGTCACGTCAAGCCTA-1	0.21533795	0.2164048	1	ambiguous	0	0	1
GSM7230012_hCiPSCs-0618_GGTCACGTCGCAGATT-1	0.13521938	0.14004202	1	ambiguous	0	0	1
GSM7230012_hCiPSCs-0618_GGTCACGTCGGCCAAC-1	0.12042396	0.12594019	1	ambiguous	0	0	1
GSM7230012_hCiPSCs-0618_GGTCACGTCTGCTGAA-1	0.124428295	0.12975681	1	ambiguous	0	0	1
GSM7230012_hCiPSCs-0618_GGTCTGGAGATGGTCG-1	0.5952143	0.5784733	1	ambiguous	0	0	1
GSM7230012_hCiPSCs-0618_GGTCTGGCAGAACTAA-1	0.18118905	0.18385674	1	ambiguous	0	0	1
GSM7230012_hCiPSCs-0618_GGTCTGGCAGCCCACA-1	0.11306172	0.118923075	1	ambiguous	0	0	1
GSM7230012_hCiPSCs-0618_GGTCTGGCATCGGATT-1	0.72863543	0.70563996	1	ambiguous	0	0	1
GSM7230012_hCiPSCs-0618_GGTCTGGCATCTTTCA-1	0.71512794	0.69276565	1	ambiguous	0	0	1
GSM7230012_hCiPSCs-0618_GGTCTGGGTGTTACTG-1	0.8229371	0.7955209	1	success	1	0	0
GSM7230012_hCiPSCs-0618_GGTGAAGAGACATCCT-1	0.16243564	0.16598244	1	ambiguous	0	0	1
GSM7230012_hCiPSCs-0618_GGTGAAGAGCTCTTCC-1	0.73756814	0.7141539	1	ambiguous	0	0	1
GSM7230012_hCiPSCs-0618_GGTGAAGAGTTCGCAT-1	0.098820925	0.10534986	1	failure	0	1	0
GSM7230012_hCiPSCs-0618_GGTGAAGCAAACGGCA-1	0.53075796	0.5170386	1	ambiguous	0	0	1
GSM7230012_hCiPSCs-0618_GGTGAAGCAGCGCTTG-1	0.70017105	0.6785099	1	ambiguous	0	0	1
GSM7230012_hCiPSCs-0618_GGTGAAGCATTCTCTA-1	0.59063786	0.5741114	1	ambiguous	0	0	1
GSM7230012_hCiPSCs-0618_GGTGAAGGTTCAAACC-1	0.73749274	0.71408206	1	ambiguous	0	0	1
GSM7230012_hCiPSCs-0618_GGTGAAGTCACCCATC-1	0.11973178	0.12528045	1	ambiguous	0	0	1
GSM7230012_hCiPSCs-0618_GGTGAAGTCATTACTC-1	0.07156128	0.07936809	1	failure	0	1	0
GSM7230012_hCiPSCs-0618_GGTGAAGTCTCATAGG-1	0.58683896	0.5704906	1	ambiguous	0	0	1
GSM7230012_hCiPSCs-0618_GGTGAAGTCTTACCAT-1	0.5968027	0.5799873	1	ambiguous	0	0	1
GSM7230012_hCiPSCs-0618_GGTGATTCACGTCGTG-1	0.5582936	0.54328334	1	ambiguous	0	0	1
GSM7230012_hCiPSCs-0618_GGTGATTGTCATAACC-1	0.5530695	0.53830415	1	ambiguous	0	0	1
GSM7230012_hCiPSCs-0618_GGTGATTGTGTCTTGA-1	0.16614445	0.1695174	1	ambiguous	0	0	1
GSM7230012_hCiPSCs-0618_GGTGATTGTGTTAAAG-1	0.6641954	0.64422077	1	ambiguous	0	0	1
GSM7230012_hCiPSCs-0618_GGTGATTGTTCGGTAT-1	0.13247035	0.13742188	1	ambiguous	0	0	1
GSM7230012_hCiPSCs-0618_GGTGATTTCACTCGAA-1	0.6850508	0.66409844	1	ambiguous	0	0	1
GSM7230012_hCiPSCs-0618_GGTGATTTCGAACACT-1	0.579902	0.56387883	1	ambiguous	0	0	1
GSM7230012_hCiPSCs-0618_GGTGATTTCGAGCCTG-1	0.18784432	0.19020002	1	ambiguous	0	0	1
GSM7230012_hCiPSCs-0618_GGTGATTTCTCGGGAC-1	0.66763556	0.6474996	1	ambiguous	0	0	1
GSM7230012_hCiPSCs-0618_GGTGATTTCTTCCACG-1	0.75753564	0.73318535	1	success	1	0	0
GSM7230012_hCiPSCs-0618_GGTGGCTAGATTGGGC-1	0.109620884	0.11564354	1	ambiguous	0	0	1
GSM7230012_hCiPSCs-0618_GGTGGCTAGCCTCGTG-1	0.099056065	0.105573975	1	failure	0	1	0
GSM7230012_hCiPSCs-0618_GGTGGCTAGGCATGGT-1	0.10183589	0.1082235	1	failure	0	1	0
GSM7230012_hCiPSCs-0618_GGTGGCTAGGGTGGGA-1	0.13382208	0.13871025	1	ambiguous	0	0	1
GSM7230012_hCiPSCs-0618_GGTGGCTCACAGAGAC-1	0.13714328	0.14187574	1	ambiguous	0	0	1
GSM7230012_hCiPSCs-0618_GGTGGCTCACATTCTT-1	0.6646991	0.64470077	1	ambiguous	0	0	1
GSM7230012_hCiPSCs-0618_GGTGGCTCATAGTCGT-1	0.1984056	0.2002662	1	ambiguous	0	0	1
GSM7230012_hCiPSCs-0618_GGTGGCTGTATGGGAC-1	0.3916174	0.38442063	1	ambiguous	0	0	1
GSM7230012_hCiPSCs-0618_GGTGGCTGTGGTTTGT-1	0.65807456	0.6383868	1	ambiguous	0	0	1
GSM7230012_hCiPSCs-0618_GGTGGCTGTGTCTTGA-1	0.5636614	0.54839957	1	ambiguous	0	0	1
GSM7230012_hCiPSCs-0618_GGTGGCTTCAGCGCGT-1	0.13795547	0.14264986	1	ambiguous	0	0	1
GSM7230012_hCiPSCs-0618_GGTGGCTTCCAGTGCG-1	0.48195437	0.4705228	1	ambiguous	0	0	1
GSM7230012_hCiPSCs-0618_GGTGGCTTCTGTGCTC-1	0.5414548	0.52723396	1	ambiguous	0	0	1
GSM7230012_hCiPSCs-0618_GGTGTCGCATACACCA-1	0.5707922	0.5551961	1	ambiguous	0	0	1
GSM7230012_hCiPSCs-0618_GGTGTCGCATGGAAGC-1	0.7289791	0.70596755	1	ambiguous	0	0	1
GSM7230012_hCiPSCs-0618_GGTGTCGGTCCAAAGG-1	0.1122722	0.11817057	1	ambiguous	0	0	1
GSM7230012_hCiPSCs-0618_GGTGTCGGTGGTATGG-1	0.6299127	0.61154515	1	ambiguous	0	0	1
GSM7230012_hCiPSCs-0618_GGTGTCGTCTTCTGTA-1	0.73281384	0.7096225	1	ambiguous	0	0	1
GSM7230012_hCiPSCs-0618_GGTGTTAAGATACCAA-1	0.101365745	0.10777538	1	failure	0	1	0
GSM7230012_hCiPSCs-0618_GGTGTTAAGCCGAACA-1	0.675345	0.6548477	1	ambiguous	0	0	1
GSM7230012_hCiPSCs-0618_GGTGTTAAGGACAGTC-1	0.56807494	0.5526062	1	ambiguous	0	0	1
GSM7230012_hCiPSCs-0618_GGTGTTAAGGAGAGTA-1	0.15756878	0.16134374	1	ambiguous	0	0	1
GSM7230012_hCiPSCs-0618_GGTGTTAAGGCACTCC-1	0.11812458	0.1237486	1	ambiguous	0	0	1
GSM7230012_hCiPSCs-0618_GGTGTTAAGGTAAGGA-1	0.16872235	0.17197445	1	ambiguous	0	0	1
GSM7230012_hCiPSCs-0618_GGTGTTACAGACACAG-1	0.1841595	0.18668795	1	ambiguous	0	0	1
GSM7230012_hCiPSCs-0618_GGTGTTATCCCGTGAG-1	0.6887913	0.66766363	1	ambiguous	0	0	1
GSM7230012_hCiPSCs-0618_GGTGTTATCGAACGGA-1	0.5875085	0.5711288	1	ambiguous	0	0	1
GSM7230012_hCiPSCs-0618_GGTGTTATCTGACCCT-1	0.09767021	0.1042531	1	failure	0	1	0
GSM7230012_hCiPSCs-0618_GGTTAACCACAAAGCG-1	0.10273942	0.109084666	1	failure	0	1	0
GSM7230012_hCiPSCs-0618_GGTTAACGTATGGGAC-1	0.73664916	0.713278	1	ambiguous	0	0	1
GSM7230012_hCiPSCs-0618_GGTTAACGTTCTAAGC-1	0.49712488	0.48498213	1	ambiguous	0	0	1
GSM7230012_hCiPSCs-0618_GGTTAACGTTGGTGTT-1	0.5697003	0.55415535	1	ambiguous	0	0	1
GSM7230012_hCiPSCs-0618_GGTTAACGTTTGTGGT-1	0.0832358	0.09049533	1	failure	0	1	0
GSM7230012_hCiPSCs-0618_GGTTAACTCGTAACAC-1	0.6047303	0.58754325	1	ambiguous	0	0	1
GSM7230012_hCiPSCs-0618_GGTTCTCAGAGTCAAT-1	0.75950766	0.735065	1	success	1	0	0
GSM7230012_hCiPSCs-0618_GGTTCTCAGGAACTCG-1	0.116167866	0.121883616	1	ambiguous	0	0	1
GSM7230012_hCiPSCs-0618_GGTTCTCAGGGACCAT-1	0.08495758	0.0921364	1	failure	0	1	0
GSM7230012_hCiPSCs-0618_GGTTCTCCAGATACCT-1	0.71007603	0.6879506	1	ambiguous	0	0	1
GSM7230012_hCiPSCs-0618_GGTTCTCCATGTCTAG-1	0.096844055	0.10346567	1	failure	0	1	0
GSM7230012_hCiPSCs-0618_GGTTCTCGTGTATTGC-1	0.5550076	0.5401514	1	ambiguous	0	0	1
GSM7230012_hCiPSCs-0618_GGTTCTCTCCATTTGT-1	0.17899752	0.18176794	1	ambiguous	0	0	1
GSM7230012_hCiPSCs-0618_GGTTCTCTCTCTATAC-1	0.7043758	0.6825175	1	ambiguous	0	0	1
GSM7230012_hCiPSCs-0618_GGTTGTAAGAAGCCAC-1	0.64950556	0.6302195	1	ambiguous	0	0	1
GSM7230012_hCiPSCs-0618_GGTTGTAAGCCGTAAG-1	0.464448	0.4538371	1	ambiguous	0	0	1
GSM7230012_hCiPSCs-0618_GGTTGTAAGGCAGGGA-1	0.6643677	0.644385	1	ambiguous	0	0	1
GSM7230012_hCiPSCs-0618_GGTTGTACAAGCTACT-1	0.16242693	0.16597416	1	ambiguous	0	0	1
GSM7230012_hCiPSCs-0618_GGTTGTACACATAACC-1	0.10379199	0.110087894	1	failure	0	1	0
GSM7230012_hCiPSCs-0618_GGTTGTACAGACCAAG-1	0.8087355	0.7819851	1	success	1	0	0
GSM7230012_hCiPSCs-0618_GGTTGTAGTATCGTGT-1	0.57782006	0.5618945	1	ambiguous	0	0	1
GSM7230012_hCiPSCs-0618_GGTTGTAGTGATTAGA-1	0.71377105	0.69147235	1	ambiguous	0	0	1
GSM7230012_hCiPSCs-0618_GGTTGTATCGGTGTTA-1	0.3112228	0.30779478	1	ambiguous	0	0	1
GSM7230012_hCiPSCs-0618_GGTTGTATCTGCAGCG-1	0.5922178	0.5756173	1	ambiguous	0	0	1
GSM7230012_hCiPSCs-0618_GTAACACAGACATATG-1	0.6479762	0.6287619	1	ambiguous	0	0	1
GSM7230012_hCiPSCs-0618_GTAACACAGGGCCCTT-1	0.45804515	0.4477344	1	ambiguous	0	0	1
GSM7230012_hCiPSCs-0618_GTAACACAGTAACCGG-1	0.73263603	0.70945305	1	ambiguous	0	0	1
GSM7230012_hCiPSCs-0618_GTAACACCAAAGGTTA-1	0.23388407	0.23408152	1	ambiguous	0	0	1
GSM7230012_hCiPSCs-0618_GTAACACCAGCCTTCT-1	0.71596026	0.693559	1	ambiguous	0	0	1
GSM7230012_hCiPSCs-0618_GTAACACCATGGCCAC-1	0.1363982	0.1411656	1	ambiguous	0	0	1
GSM7230012_hCiPSCs-0618_GTAACACGTAGGTGCA-1	0.65327764	0.63381475	1	ambiguous	0	0	1
GSM7230012_hCiPSCs-0618_GTAACCAAGACCATAA-1	0.561038	0.54589915	1	ambiguous	0	0	1
GSM7230012_hCiPSCs-0618_GTAACCAAGATTGATG-1	0.77793515	0.75262856	1	success	1	0	0
GSM7230012_hCiPSCs-0618_GTAACCAAGGCGAAGG-1	0.73374224	0.71050733	1	ambiguous	0	0	1
GSM7230012_hCiPSCs-0618_GTAACCACAAATCAAG-1	0.6727213	0.652347	1	ambiguous	0	0	1
GSM7230012_hCiPSCs-0618_GTAACCACAACTACGT-1	0.8187783	0.79155713	1	success	1	0	0
GSM7230012_hCiPSCs-0618_GTAACCACAATAGTAG-1	0.44549295	0.4357706	1	ambiguous	0	0	1
GSM7230012_hCiPSCs-0618_GTAACCACACATGGTT-1	0.4309633	0.4219221	1	ambiguous	0	0	1
GSM7230012_hCiPSCs-0618_GTAACCACACCGCTAG-1	0.72578603	0.70292413	1	ambiguous	0	0	1
GSM7230012_hCiPSCs-0618_GTAACCACAGGGTTGA-1	0.7248807	0.70206124	1	ambiguous	0	0	1
GSM7230012_hCiPSCs-0618_GTAACCAGTGTAAACA-1	0.6500291	0.6307185	1	ambiguous	0	0	1
GSM7230012_hCiPSCs-0618_GTAACCATCCGGCTTT-1	0.23321877	0.23344742	1	ambiguous	0	0	1
GSM7230012_hCiPSCs-0618_GTAACCATCGTTCCTG-1	0.15899138	0.16269964	1	ambiguous	0	0	1
GSM7230012_hCiPSCs-0618_GTAACCATCTGATGGT-1	0.19069126	0.1929135	1	ambiguous	0	0	1
GSM7230012_hCiPSCs-0618_GTAAGTCAGCTCGGCT-1	0.6613269	0.6414867	1	ambiguous	0	0	1
GSM7230012_hCiPSCs-0618_GTAAGTCCAATCTAGC-1	0.58680034	0.57045376	1	ambiguous	0	0	1
GSM7230012_hCiPSCs-0618_GTAAGTCCATGACTGT-1	0.539663	0.52552617	1	ambiguous	0	0	1
GSM7230012_hCiPSCs-0618_GTAAGTCCATGCGGTC-1	0.18517686	0.18765761	1	ambiguous	0	0	1
GSM7230012_hCiPSCs-0618_GTAAGTCGTACGAAAT-1	0.51351607	0.5006049	1	ambiguous	0	0	1
GSM7230012_hCiPSCs-0618_GTAAGTCGTCCAGAAG-1	0.13085265	0.13588001	1	ambiguous	0	0	1
GSM7230012_hCiPSCs-0618_GTAAGTCGTCTTGAGT-1	0.5031654	0.49073952	1	ambiguous	0	0	1
GSM7230012_hCiPSCs-0618_GTAAGTCGTTGGACTT-1	0.56589895	0.5505322	1	ambiguous	0	0	1
GSM7230012_hCiPSCs-0618_GTAAGTCTCAACACCA-1	0.10262604	0.1089766	1	failure	0	1	0
GSM7230012_hCiPSCs-0618_GTAAGTCTCAAGTCGT-1	0.66663235	0.64654344	1	ambiguous	0	0	1
GSM7230012_hCiPSCs-0618_GTAAGTCTCAGCTCTC-1	0.7996514	0.7733268	1	success	1	0	0
GSM7230012_hCiPSCs-0618_GTAAGTCTCCCGAGTG-1	0.75485224	0.7306278	1	success	1	0	0
GSM7230012_hCiPSCs-0618_GTAAGTCTCGCGGTAC-1	0.66641784	0.646339	1	ambiguous	0	0	1
GSM7230012_hCiPSCs-0618_GTAATCGAGCCTATCA-1	0.67023253	0.6499749	1	ambiguous	0	0	1
GSM7230012_hCiPSCs-0618_GTAATCGAGTGAGTGC-1	0.091774374	0.09863364	1	failure	0	1	0
GSM7230012_hCiPSCs-0618_GTAATCGCAACGTATC-1	0.57945645	0.5634542	1	ambiguous	0	0	1
GSM7230012_hCiPSCs-0618_GTAATCGCAGTCGTTA-1	0.52481765	0.51137674	1	ambiguous	0	0	1
GSM7230012_hCiPSCs-0618_GTAATCGCATACCAGT-1	0.7519614	0.72787243	1	ambiguous	0	0	1
GSM7230012_hCiPSCs-0618_GTAATCGTCAGTCATG-1	0.023590472	0.033646062	1	failure	0	1	0
GSM7230012_hCiPSCs-0618_GTAATCGTCGCGGTAC-1	0.6593215	0.6395753	1	ambiguous	0	0	1
GSM7230012_hCiPSCs-0618_GTAATCGTCTTTGCTA-1	0.10687874	0.11302995	1	failure	0	1	0
GSM7230012_hCiPSCs-0618_GTAATGCAGTGCCGAA-1	0.70740867	0.68540823	1	ambiguous	0	0	1
GSM7230012_hCiPSCs-0618_GTAATGCCAAGTGGGT-1	0.48561645	0.4740132	1	ambiguous	0	0	1
GSM7230012_hCiPSCs-0618_GTAATGCCAATGCAGG-1	0.48088872	0.4695071	1	ambiguous	0	0	1
GSM7230012_hCiPSCs-0618_GTAATGCCACTGAGTT-1	0.6086684	0.59129673	1	ambiguous	0	0	1
GSM7230012_hCiPSCs-0618_GTAATGCCATCGCCTT-1	0.6912791	0.6700348	1	ambiguous	0	0	1
GSM7230012_hCiPSCs-0618_GTAATGCCATGCCGAC-1	0.5167534	0.5036905	1	ambiguous	0	0	1
GSM7230012_hCiPSCs-0618_GTAATGCGTAGTTCCA-1	0.142044	0.14654672	1	ambiguous	0	0	1
GSM7230012_hCiPSCs-0618_GTAATGCGTCAAGTTC-1	0.50972617	0.49699274	1	ambiguous	0	0	1
GSM7230012_hCiPSCs-0618_GTAATGCGTCATACCA-1	0.13781752	0.14251839	1	ambiguous	0	0	1
GSM7230012_hCiPSCs-0618_GTAATGCGTTAGGAGC-1	0.70491785	0.6830342	1	ambiguous	0	0	1
GSM7230012_hCiPSCs-0618_GTAATGCGTTCGTAAC-1	0.69200575	0.6707274	1	ambiguous	0	0	1
GSM7230012_hCiPSCs-0618_GTAATGCTCCAACTGA-1	0.6590353	0.63930255	1	ambiguous	0	0	1
GSM7230012_hCiPSCs-0618_GTAATGCTCTCAATCT-1	0.18908545	0.19138297	1	ambiguous	0	0	1
GSM7230012_hCiPSCs-0618_GTACAACAGACTCGAG-1	0.70030576	0.6786383	1	ambiguous	0	0	1
GSM7230012_hCiPSCs-0618_GTACAACAGATTGGGC-1	0.2716069	0.27003598	1	ambiguous	0	0	1
GSM7230012_hCiPSCs-0618_GTACAACAGGAACGCT-1	0.125498	0.13077638	1	ambiguous	0	0	1
GSM7230012_hCiPSCs-0618_GTACAACCAGCTTTGA-1	0.6125477	0.5949941	1	ambiguous	0	0	1
GSM7230012_hCiPSCs-0618_GTACAACGTACATACC-1	0.5534991	0.53871363	1	ambiguous	0	0	1
GSM7230012_hCiPSCs-0618_GTACAACGTAGCGTCC-1	0.78077585	0.75533617	1	success	1	0	0
GSM7230012_hCiPSCs-0618_GTACAACGTCGTGATT-1	0.5098956	0.49715424	1	ambiguous	0	0	1
GSM7230012_hCiPSCs-0618_GTACAGTAGACGAGCT-1	0.8263377	0.79876214	1	success	1	0	0
GSM7230012_hCiPSCs-0618_GTACAGTAGCACACAG-1	0.10946833	0.11549814	1	ambiguous	0	0	1
GSM7230012_hCiPSCs-0618_GTACAGTAGCGTTCAT-1	0.7136549	0.69136167	1	ambiguous	0	0	1
GSM7230012_hCiPSCs-0618_GTACAGTAGGAAACGA-1	0.58377844	0.56757355	1	ambiguous	0	0	1
GSM7230012_hCiPSCs-0618_GTACAGTAGGTGCGAT-1	0.13178392	0.13676761	1	ambiguous	0	0	1
GSM7230012_hCiPSCs-0618_GTACAGTAGTTCATGC-1	0.17208882	0.17518312	1	ambiguous	0	0	1
GSM7230012_hCiPSCs-0618_GTACAGTCAAACCGGA-1	0.120255336	0.12577948	1	ambiguous	0	0	1
GSM7230012_hCiPSCs-0618_GTACAGTCATGCACTA-1	0.7283407	0.705359	1	ambiguous	0	0	1
GSM7230012_hCiPSCs-0618_GTACAGTGTAGCTGTT-1	0.6443827	0.6253368	1	ambiguous	0	0	1
GSM7230012_hCiPSCs-0618_GTACAGTGTATGGTTC-1	0.6467589	0.6276016	1	ambiguous	0	0	1
GSM7230012_hCiPSCs-0618_GTACAGTTCACGGACC-1	0.6521436	0.6327339	1	ambiguous	0	0	1
GSM7230012_hCiPSCs-0618_GTACAGTTCGTCTACC-1	0.0944724	0.10120519	1	failure	0	1	0
GSM7230012_hCiPSCs-0618_GTACAGTTCTCAACGA-1	0.10816649	0.11425733	1	ambiguous	0	0	1
GSM7230012_hCiPSCs-0618_GTAGAAACAAACAGGC-1	0.07179589	0.07959171	1	failure	0	1	0
GSM7230012_hCiPSCs-0618_GTAGAAACACAAATAG-1	0.68427706	0.663361	1	ambiguous	0	0	1
GSM7230012_hCiPSCs-0618_GTAGAAAGTCAGGAGT-1	0.42437175	0.41563952	1	ambiguous	0	0	1
GSM7230012_hCiPSCs-0618_GTAGAAAGTGTGTACT-1	0.14614639	0.1504568	1	ambiguous	0	0	1
GSM7230012_hCiPSCs-0618_GTAGAAATCCTTGACC-1	0.3663046	0.36029446	1	ambiguous	0	0	1
GSM7230012_hCiPSCs-0618_GTAGAAATCGCTCTCA-1	0.8555347	0.8265904	1	success	1	0	0
GSM7230012_hCiPSCs-0618_GTAGAGGAGGTAGTCG-1	0.6409685	0.62208265	1	ambiguous	0	0	1
GSM7230012_hCiPSCs-0618_GTAGAGGCACCCGTAG-1	0.11769227	0.12333655	1	ambiguous	0	0	1
GSM7230012_hCiPSCs-0618_GTAGAGGCAGTTAGAA-1	0.116262786	0.12197408	1	ambiguous	0	0	1
GSM7230012_hCiPSCs-0618_GTAGAGGGTCCGACGT-1	0.13832957	0.14300643	1	ambiguous	0	0	1
GSM7230012_hCiPSCs-0618_GTAGAGGGTCTTTCTA-1	0.21211997	0.21333767	1	ambiguous	0	0	1
GSM7230012_hCiPSCs-0618_GTAGAGGTCCGTGCGA-1	0.7147032	0.6923608	1	ambiguous	0	0	1
GSM7230012_hCiPSCs-0618_GTAGATCCATCTTAGG-1	0.89475614	0.8639732	1	success	1	0	0
GSM7230012_hCiPSCs-0618_GTAGATCGTGGTCTGC-1	0.8224635	0.7950696	1	success	1	0	0
GSM7230012_hCiPSCs-0618_GTAGATCTCACCTTAT-1	0.65146935	0.6320912	1	ambiguous	0	0	1
GSM7230012_hCiPSCs-0618_GTAGATCTCGCGTGAC-1	0.6031933	0.5860783	1	ambiguous	0	0	1
GSM7230012_hCiPSCs-0618_GTAGCTAAGAACGCGT-1	0.63195723	0.6134938	1	ambiguous	0	0	1
GSM7230012_hCiPSCs-0618_GTAGCTAAGCCATTTG-1	0.64710987	0.6279361	1	ambiguous	0	0	1
GSM7230012_hCiPSCs-0618_GTAGCTAAGGCTCTAT-1	0.83538896	0.8073891	1	success	1	0	0
GSM7230012_hCiPSCs-0618_GTAGCTAAGTGGATTA-1	0.5125891	0.49972144	1	ambiguous	0	0	1
GSM7230012_hCiPSCs-0618_GTAGCTACACGCTGAC-1	0.7148453	0.6924963	1	ambiguous	0	0	1
GSM7230012_hCiPSCs-0618_GTAGCTACATGCTGCG-1	0.07006784	0.077944666	1	failure	0	1	0
GSM7230012_hCiPSCs-0618_GTAGCTAGTACTCCGG-1	0.5827045	0.56654996	1	ambiguous	0	0	1
GSM7230012_hCiPSCs-0618_GTAGCTAGTGACTGTT-1	0.6853866	0.6644185	1	ambiguous	0	0	1
GSM7230012_hCiPSCs-0618_GTAGCTAGTTCAACGT-1	0.5498157	0.535203	1	ambiguous	0	0	1
GSM7230012_hCiPSCs-0618_GTAGCTAGTTCCACAA-1	0.1384028	0.14307623	1	ambiguous	0	0	1
GSM7230012_hCiPSCs-0618_GTAGCTAGTTGATGTC-1	0.13456123	0.13941474	1	ambiguous	0	0	1
GSM7230012_hCiPSCs-0618_GTAGCTATCGACGACC-1	0.12339862	0.1287754	1	ambiguous	0	0	1
GSM7230012_hCiPSCs-0618_GTAGCTATCTATCCAT-1	0.16929291	0.17251827	1	ambiguous	0	0	1
GSM7230012_hCiPSCs-0618_GTAGCTATCTTACGTT-1	0.6940702	0.6726951	1	ambiguous	0	0	1
GSM7230012_hCiPSCs-0618_GTAGGAGAGAGGTCAC-1	0.68806595	0.6669723	1	ambiguous	0	0	1
GSM7230012_hCiPSCs-0618_GTAGGAGAGGCATCAG-1	0.5676192	0.5521718	1	ambiguous	0	0	1
GSM7230012_hCiPSCs-0618_GTAGGAGCAATGGGTG-1	0.6049381	0.5877413	1	ambiguous	0	0	1
GSM7230012_hCiPSCs-0618_GTAGGAGCACAGCATT-1	0.10428221	0.110555135	1	failure	0	1	0
GSM7230012_hCiPSCs-0618_GTAGGAGCATGCGTGC-1	0.09131242	0.09819335	1	failure	0	1	0
GSM7230012_hCiPSCs-0618_GTAGGAGCATGGAAGC-1	0.6215767	0.6035999	1	ambiguous	0	0	1
GSM7230012_hCiPSCs-0618_GTAGGAGGTTAATCGC-1	0.10557165	0.11178413	1	failure	0	1	0
GSM7230012_hCiPSCs-0618_GTAGGAGGTTCACCGG-1	0.64501935	0.6259436	1	ambiguous	0	0	1
GSM7230012_hCiPSCs-0618_GTAGGAGTCGGCTGGT-1	0.11411686	0.119928755	1	ambiguous	0	0	1
GSM7230012_hCiPSCs-0618_GTAGGAGTCTTTCAGT-1	0.17353313	0.1765597	1	ambiguous	0	0	1
GSM7230012_hCiPSCs-0618_GTAGGTTAGAGCCTGA-1	0.24265817	0.2424443	1	ambiguous	0	0	1
GSM7230012_hCiPSCs-0618_GTAGGTTAGCCGAACA-1	0.6675776	0.6474444	1	ambiguous	0	0	1
GSM7230012_hCiPSCs-0618_GTAGGTTAGGTGGCTA-1	0.1384435	0.14311501	1	ambiguous	0	0	1
GSM7230012_hCiPSCs-0618_GTAGGTTCACGACGCT-1	0.56566393	0.5503082	1	ambiguous	0	0	1
GSM7230012_hCiPSCs-0618_GTAGGTTCAGACCTGC-1	0.62333053	0.6052716	1	ambiguous	0	0	1
GSM7230012_hCiPSCs-0618_GTAGGTTGTACAGTTC-1	0.12243564	0.12785757	1	ambiguous	0	0	1
GSM7230012_hCiPSCs-0618_GTAGGTTGTAGGTTTC-1	0.6733947	0.6529888	1	ambiguous	0	0	1
GSM7230012_hCiPSCs-0618_GTAGGTTGTCATGCAT-1	0.08704814	0.09412897	1	failure	0	1	0
GSM7230012_hCiPSCs-0618_GTAGGTTGTGCACATT-1	0.79044324	0.7645504	1	success	1	0	0
GSM7230012_hCiPSCs-0618_GTAGGTTGTTCACCGG-1	0.6729671	0.6525812	1	ambiguous	0	0	1
GSM7230012_hCiPSCs-0618_GTAGGTTTCAGCACCG-1	0.6419653	0.62303275	1	ambiguous	0	0	1
GSM7230012_hCiPSCs-0618_GTAGGTTTCCGAAGGA-1	0.111506656	0.11744092	1	ambiguous	0	0	1
GSM7230012_hCiPSCs-0618_GTAGGTTTCGCTTTAT-1	0.7069299	0.68495196	1	ambiguous	0	0	1
GSM7230012_hCiPSCs-0618_GTAGGTTTCTGTTCAT-1	0.11004311	0.116045974	1	ambiguous	0	0	1
GSM7230012_hCiPSCs-0618_GTAGTACAGAGGTCGT-1	0.69541967	0.67398125	1	ambiguous	0	0	1
GSM7230012_hCiPSCs-0618_GTAGTACAGCACCGTC-1	0.6261998	0.6080063	1	ambiguous	0	0	1
GSM7230012_hCiPSCs-0618_GTAGTACCAACCGCTG-1	0.64057714	0.62170964	1	ambiguous	0	0	1
GSM7230012_hCiPSCs-0618_GTAGTACCAGCATGCC-1	0.6093165	0.5919145	1	ambiguous	0	0	1
GSM7230012_hCiPSCs-0618_GTAGTACCAGCTGAAG-1	0.14197537	0.14648132	1	ambiguous	0	0	1
GSM7230012_hCiPSCs-0618_GTAGTACCAGGAATCG-1	0.09676698	0.1033922	1	failure	0	1	0
GSM7230012_hCiPSCs-0618_GTAGTACCATTGCCTC-1	0.18442242	0.18693854	1	ambiguous	0	0	1
GSM7230012_hCiPSCs-0618_GTAGTACGTGTGTGGA-1	0.17368047	0.17670015	1	ambiguous	0	0	1
GSM7230012_hCiPSCs-0618_GTAGTACGTTATAGAG-1	0.6360804	0.6174237	1	ambiguous	0	0	1
GSM7230012_hCiPSCs-0618_GTAGTACTCAAGAAAC-1	0.11132877	0.117271364	1	ambiguous	0	0	1
GSM7230012_hCiPSCs-0618_GTAGTACTCAGTGTTG-1	0.19752434	0.19942626	1	ambiguous	0	0	1
GSM7230012_hCiPSCs-0618_GTAGTACTCGTCTACC-1	0.67630416	0.6557619	1	ambiguous	0	0	1
GSM7230012_hCiPSCs-0618_GTAGTACTCTGCTTTA-1	0.43879208	0.42938387	1	ambiguous	0	0	1
GSM7230012_hCiPSCs-0618_GTAGTACTCTGGCCAG-1	0.118078955	0.12370511	1	ambiguous	0	0	1
GSM7230012_hCiPSCs-0618_GTATTGGAGGAGACCT-1	0.48678696	0.47512886	1	ambiguous	0	0	1
GSM7230012_hCiPSCs-0618_GTATTGGCACTTCTCG-1	0.12058192	0.12609075	1	ambiguous	0	0	1
GSM7230012_hCiPSCs-0618_GTATTGGCAGAGTCAG-1	0.06690852	0.07493345	1	failure	0	1	0
GSM7230012_hCiPSCs-0618_GTATTGGGTACGTTCA-1	0.08383314	0.09106468	1	failure	0	1	0
GSM7230012_hCiPSCs-0618_GTATTGGTCCGTCCTA-1	0.6071991	0.58989626	1	ambiguous	0	0	1
GSM7230012_hCiPSCs-0618_GTATTGGTCGGTCTGG-1	0.07708918	0.08463686	1	failure	0	1	0
GSM7230012_hCiPSCs-0618_GTATTTCAGAGTTGTA-1	0.5296282	0.51596177	1	ambiguous	0	0	1
GSM7230012_hCiPSCs-0618_GTATTTCAGCATTGTC-1	0.6467335	0.6275774	1	ambiguous	0	0	1
GSM7230012_hCiPSCs-0618_GTATTTCAGTAATACG-1	0.7105696	0.688421	1	ambiguous	0	0	1
GSM7230012_hCiPSCs-0618_GTATTTCCAGTGGGTA-1	0.1103691	0.11635668	1	ambiguous	0	0	1
GSM7230012_hCiPSCs-0618_GTATTTCGTGACTCTA-1	0.08660703	0.09370854	1	failure	0	1	0
GSM7230012_hCiPSCs-0618_GTATTTCGTTGTTGAC-1	0.4375067	0.42815876	1	ambiguous	0	0	1
GSM7230012_hCiPSCs-0618_GTATTTCTCACTAGCA-1	0.7463443	0.7225187	1	ambiguous	0	0	1
GSM7230012_hCiPSCs-0618_GTATTTCTCGAAGCCC-1	0.113655835	0.11948934	1	ambiguous	0	0	1
GSM7230012_hCiPSCs-0618_GTATTTCTCGCCTTGT-1	0.11422614	0.120032914	1	ambiguous	0	0	1
GSM7230012_hCiPSCs-0618_GTCAAACAGCGCGTTC-1	0.6345316	0.6159475	1	ambiguous	0	0	1
GSM7230012_hCiPSCs-0618_GTCAAACAGTAGTCTC-1	0.5893502	0.57288414	1	ambiguous	0	0	1
GSM7230012_hCiPSCs-0618_GTCAAACCAGTATGAA-1	0.6772364	0.65665036	1	ambiguous	0	0	1
GSM7230012_hCiPSCs-0618_GTCAAACGTAGGAGTC-1	0.46921507	0.45838067	1	ambiguous	0	0	1
GSM7230012_hCiPSCs-0618_GTCAAACTCGTCCTCA-1	0.7153466	0.6929741	1	ambiguous	0	0	1
GSM7230012_hCiPSCs-0618_GTCAAACTCTCATTAC-1	0.10747276	0.11359612	1	failure	0	1	0
GSM7230012_hCiPSCs-0618_GTCAAGTAGCCTCTCT-1	0.36624718	0.3602397	1	ambiguous	0	0	1
GSM7230012_hCiPSCs-0618_GTCAAGTAGTAAGGGA-1	0.5550491	0.54019105	1	ambiguous	0	0	1
GSM7230012_hCiPSCs-0618_GTCAAGTGTAATGTGA-1	0.09706401	0.10367531	1	failure	0	1	0
GSM7230012_hCiPSCs-0618_GTCAAGTGTCACTACA-1	0.59024733	0.5737392	1	ambiguous	0	0	1
GSM7230012_hCiPSCs-0618_GTCAAGTGTCCTCCTA-1	0.7089773	0.68690336	1	ambiguous	0	0	1
GSM7230012_hCiPSCs-0618_GTCAAGTGTGAGAGGG-1	0.07490717	0.082557134	1	failure	0	1	0
GSM7230012_hCiPSCs-0618_GTCAAGTGTGGACTAG-1	0.6450371	0.6259606	1	ambiguous	0	0	1
GSM7230012_hCiPSCs-0618_GTCAAGTGTGTAACGG-1	0.5529766	0.53821564	1	ambiguous	0	0	1
GSM7230012_hCiPSCs-0618_GTCAAGTTCAGGTAAA-1	0.6432276	0.62423587	1	ambiguous	0	0	1
GSM7230012_hCiPSCs-0618_GTCACGGAGAGTTGAT-1	0.4551205	0.44494683	1	ambiguous	0	0	1
GSM7230012_hCiPSCs-0618_GTCACGGAGGTGCAGT-1	0.546759	0.5322895	1	ambiguous	0	0	1
GSM7230012_hCiPSCs-0618_GTCACGGAGGTTGAGC-1	0.59757656	0.58072484	1	ambiguous	0	0	1
GSM7230012_hCiPSCs-0618_GTCACGGCAGACAAGC-1	0.53619987	0.5222254	1	ambiguous	0	0	1
GSM7230012_hCiPSCs-0618_GTCACGGCAGACCATT-1	0.55244553	0.5377095	1	ambiguous	0	0	1
GSM7230012_hCiPSCs-0618_GTCACGGCATATCGGT-1	0.56123525	0.54608715	1	ambiguous	0	0	1
GSM7230012_hCiPSCs-0618_GTCACGGGTAAGCTCT-1	0.8266402	0.79905045	1	success	1	0	0
GSM7230012_hCiPSCs-0618_GTCACGGGTCATAAAG-1	0.3518404	0.34650832	1	ambiguous	0	0	1
GSM7230012_hCiPSCs-0618_GTCACGGGTGTATCCA-1	0.1439277	0.14834212	1	ambiguous	0	0	1
GSM7230012_hCiPSCs-0618_GTCACGGTCGCCGATG-1	0.8266798	0.79908824	1	success	1	0	0
GSM7230012_hCiPSCs-0618_GTCACGGTCTGCTCTG-1	0.745699	0.72190356	1	ambiguous	0	0	1
GSM7230012_hCiPSCs-0618_GTCACTCAGCCAAGTG-1	0.72269815	0.69998103	1	ambiguous	0	0	1
GSM7230012_hCiPSCs-0618_GTCACTCAGTATGGAT-1	0.5590452	0.54399973	1	ambiguous	0	0	1
GSM7230012_hCiPSCs-0618_GTCACTCAGTCTGCGC-1	0.78611183	0.76042193	1	success	1	0	0
GSM7230012_hCiPSCs-0618_GTCACTCCACCGTACG-1	0.3772776	0.37075308	1	ambiguous	0	0	1
GSM7230012_hCiPSCs-0618_GTCACTCCAGATCCAT-1	0.7031843	0.6813819	1	ambiguous	0	0	1
GSM7230012_hCiPSCs-0618_GTCACTCCAGCTGGTC-1	0.7851889	0.7595423	1	success	1	0	0
GSM7230012_hCiPSCs-0618_GTCACTCGTGCAGTGA-1	0.5726447	0.5569618	1	ambiguous	0	0	1
GSM7230012_hCiPSCs-0618_GTCACTCTCTACACAG-1	0.74519837	0.7214264	1	ambiguous	0	0	1
GSM7230012_hCiPSCs-0618_GTCACTCTCTATCGTT-1	0.746606	0.7227681	1	ambiguous	0	0	1
GSM7230012_hCiPSCs-0618_GTCAGCGAGACGGTTG-1	0.117384866	0.12304357	1	ambiguous	0	0	1
GSM7230012_hCiPSCs-0618_GTCAGCGAGATGATTG-1	0.20120583	0.20293519	1	ambiguous	0	0	1
GSM7230012_hCiPSCs-0618_GTCAGCGAGATGTTCC-1	0.23133563	0.23165254	1	ambiguous	0	0	1
GSM7230012_hCiPSCs-0618_GTCAGCGAGCGCCTTG-1	0.06951765	0.077420264	1	failure	0	1	0
GSM7230012_hCiPSCs-0618_GTCAGCGCAACTCATG-1	0.7164096	0.69398725	1	ambiguous	0	0	1
GSM7230012_hCiPSCs-0618_GTCAGCGGTACTGTTG-1	0.7497125	0.725729	1	ambiguous	0	0	1
GSM7230012_hCiPSCs-0618_GTCAGCGGTGGTATGG-1	0.40532115	0.39748198	1	ambiguous	0	0	1
GSM7230012_hCiPSCs-0618_GTCAGCGTCAAGAATG-1	0.6744381	0.6539833	1	ambiguous	0	0	1
GSM7230012_hCiPSCs-0618_GTCAGCGTCACCATAG-1	0.59492284	0.5781955	1	ambiguous	0	0	1
GSM7230012_hCiPSCs-0618_GTCAGCGTCTACGGGC-1	0.08184164	0.08916653	1	failure	0	1	0
GSM7230012_hCiPSCs-0618_GTCAGCGTCTGCTCTG-1	0.110729635	0.116700314	1	ambiguous	0	0	1
GSM7230012_hCiPSCs-0618_GTCATCCCATCAGCAT-1	0.7509657	0.7269234	1	ambiguous	0	0	1
GSM7230012_hCiPSCs-0618_GTCATCCGTCTTACAG-1	0.79045624	0.7645627	1	success	1	0	0
GSM7230012_hCiPSCs-0618_GTCATCCGTGCGACAA-1	0.73083115	0.70773274	1	ambiguous	0	0	1
GSM7230012_hCiPSCs-0618_GTCATCCGTGTCTCCT-1	0.6167554	0.5990046	1	ambiguous	0	0	1
GSM7230012_hCiPSCs-0618_GTCATCCTCAGCGCAC-1	0.7686971	0.7438236	1	success	1	0	0
GSM7230012_hCiPSCs-0618_GTCATCCTCGACCATA-1	0.70900166	0.68692654	1	ambiguous	0	0	1
GSM7230012_hCiPSCs-0618_GTCATCCTCGGTGTAT-1	0.6558235	0.6362413	1	ambiguous	0	0	1
GSM7230012_hCiPSCs-0618_GTCATCCTCTACTGAG-1	0.79628414	0.77011746	1	success	1	0	0
GSM7230012_hCiPSCs-0618_GTCATGAAGCGTTCAT-1	0.4036706	0.39590883	1	ambiguous	0	0	1
GSM7230012_hCiPSCs-0618_GTCATGAAGCTCGAAG-1	0.08920509	0.096184805	1	failure	0	1	0
GSM7230012_hCiPSCs-0618_GTCATGAAGGGCTAAC-1	0.117805414	0.1234444	1	ambiguous	0	0	1
GSM7230012_hCiPSCs-0618_GTCATGAAGGGTATAT-1	0.094285235	0.1010268	1	failure	0	1	0
GSM7230012_hCiPSCs-0618_GTCATGACAAAGGATT-1	0.56309277	0.5478576	1	ambiguous	0	0	1
GSM7230012_hCiPSCs-0618_GTCATGACACTATGTG-1	0.06599489	0.074062645	1	failure	0	1	0
GSM7230012_hCiPSCs-0618_GTCATGACATGGATCT-1	0.17049323	0.17366232	1	ambiguous	0	0	1
GSM7230012_hCiPSCs-0618_GTCATGAGTGTGGTCC-1	0.053115036	0.061786573	1	failure	0	1	0
GSM7230012_hCiPSCs-0618_GTCATTTAGGCTCTCG-1	0.10609858	0.11228635	1	failure	0	1	0
GSM7230012_hCiPSCs-0618_GTCATTTAGTTCTACG-1	0.5415182	0.5272944	1	ambiguous	0	0	1
GSM7230012_hCiPSCs-0618_GTCATTTCAAATCGTC-1	0.59609336	0.57931113	1	ambiguous	0	0	1
GSM7230012_hCiPSCs-0618_GTCATTTCAAATGAGT-1	0.593002	0.57636476	1	ambiguous	0	0	1
GSM7230012_hCiPSCs-0618_GTCATTTCAAGGACAC-1	0.7856303	0.75996304	1	success	1	0	0
GSM7230012_hCiPSCs-0618_GTCATTTGTCCGGCAT-1	0.64156735	0.6226534	1	ambiguous	0	0	1
GSM7230012_hCiPSCs-0618_GTCATTTGTTCTCTAT-1	0.7159015	0.69350296	1	ambiguous	0	0	1
GSM7230012_hCiPSCs-0618_GTCATTTGTTTACCAG-1	0.42015538	0.41162083	1	ambiguous	0	0	1
GSM7230012_hCiPSCs-0618_GTCATTTTCATCGTAG-1	0.68712765	0.666078	1	ambiguous	0	0	1
GSM7230012_hCiPSCs-0618_GTCATTTTCCATCGTC-1	0.76401746	0.7393633	1	success	1	0	0
GSM7230012_hCiPSCs-0618_GTCATTTTCCATTTCA-1	0.5227717	0.50942665	1	ambiguous	0	0	1
GSM7230012_hCiPSCs-0618_GTCCACTAGACCATGG-1	0.7181731	0.69566804	1	ambiguous	0	0	1
GSM7230012_hCiPSCs-0618_GTCCACTAGGAGGGTG-1	0.56304896	0.54781586	1	ambiguous	0	0	1
GSM7230012_hCiPSCs-0618_GTCCACTAGGCAATGC-1	0.12224382	0.12767474	1	ambiguous	0	0	1
GSM7230012_hCiPSCs-0618_GTCCACTAGTAAGACT-1	0.11736515	0.12302478	1	ambiguous	0	0	1
GSM7230012_hCiPSCs-0618_GTCCACTAGTGCTACT-1	0.76206285	0.73750037	1	success	1	0	0
GSM7230012_hCiPSCs-0618_GTCCACTCACAGCGCT-1	0.18368323	0.186234	1	ambiguous	0	0	1
GSM7230012_hCiPSCs-0618_GTCCACTCACCAAATC-1	0.08911009	0.09609425	1	failure	0	1	0
GSM7230012_hCiPSCs-0618_GTCCACTCAGTGCGCT-1	0.07962218	0.087051116	1	failure	0	1	0
GSM7230012_hCiPSCs-0618_GTCCACTGTACATTGC-1	0.6494368	0.63015395	1	ambiguous	0	0	1
GSM7230012_hCiPSCs-0618_GTCCACTGTCAACGCC-1	0.43164662	0.42257336	1	ambiguous	0	0	1
GSM7230012_hCiPSCs-0618_GTCCACTGTCCTTAAG-1	0.77130616	0.74631035	1	success	1	0	0
GSM7230012_hCiPSCs-0618_GTCCACTGTCTGCATA-1	0.26227793	0.26114434	1	ambiguous	0	0	1
GSM7230012_hCiPSCs-0618_GTCCACTGTGATCATC-1	0.7644922	0.73981583	1	success	1	0	0
GSM7230012_hCiPSCs-0618_GTCCACTGTGCTCTTC-1	0.13268378	0.1376253	1	ambiguous	0	0	1
GSM7230012_hCiPSCs-0618_GTCCACTGTTACGATC-1	0.17928849	0.18204528	1	ambiguous	0	0	1
GSM7230012_hCiPSCs-0618_GTCCACTGTTGGTACT-1	0.18705796	0.18945052	1	ambiguous	0	0	1
GSM7230012_hCiPSCs-0618_GTCCACTGTTTGGCTA-1	0.17361239	0.17663525	1	ambiguous	0	0	1
GSM7230012_hCiPSCs-0618_GTCCACTTCAGACCTA-1	0.49554226	0.48347372	1	ambiguous	0	0	1
GSM7230012_hCiPSCs-0618_GTCCACTTCATGCGGC-1	0.13389494	0.13877968	1	ambiguous	0	0	1
GSM7230012_hCiPSCs-0618_GTCCACTTCGAAGAAT-1	0.13289373	0.13782541	1	ambiguous	0	0	1
GSM7230012_hCiPSCs-0618_GTCCACTTCGACGATT-1	0.721572	0.6989076	1	ambiguous	0	0	1
GSM7230012_hCiPSCs-0618_GTCCACTTCGCGTAGC-1	0.6414407	0.6225327	1	ambiguous	0	0	1
GSM7230012_hCiPSCs-0618_GTCCCATAGAACGTGC-1	0.5971813	0.58034813	1	ambiguous	0	0	1
GSM7230012_hCiPSCs-0618_GTCCCATAGTCTACCA-1	0.65179855	0.632405	1	ambiguous	0	0	1
GSM7230012_hCiPSCs-0618_GTCCCATCACGAGGAT-1	0.7828084	0.75727344	1	success	1	0	0
GSM7230012_hCiPSCs-0618_GTCCCATCACTTGTCC-1	0.5805234	0.56447107	1	ambiguous	0	0	1
GSM7230012_hCiPSCs-0618_GTCCCATGTATTCTCT-1	0.077221096	0.08476259	1	failure	0	1	0
GSM7230012_hCiPSCs-0618_GTCCCATTCAACACGT-1	0.53813165	0.52406657	1	ambiguous	0	0	1
GSM7230012_hCiPSCs-0618_GTCCCATTCGGACTGC-1	0.5480849	0.53355324	1	ambiguous	0	0	1
GSM7230012_hCiPSCs-0618_GTCCTCAAGCATTTCG-1	0.5741526	0.55839896	1	ambiguous	0	0	1
GSM7230012_hCiPSCs-0618_GTCCTCAAGGCCATAG-1	0.11569964	0.12143734	1	ambiguous	0	0	1
GSM7230012_hCiPSCs-0618_GTCCTCACAATCTGCA-1	0.08651427	0.09362012	1	failure	0	1	0
GSM7230012_hCiPSCs-0618_GTCCTCACACCTGTCT-1	0.7144817	0.6921497	1	ambiguous	0	0	1
GSM7230012_hCiPSCs-0618_GTCCTCACACTACACA-1	0.35002512	0.34477812	1	ambiguous	0	0	1
GSM7230012_hCiPSCs-0618_GTCCTCACAGCGTGAA-1	0.68384105	0.66294545	1	ambiguous	0	0	1
GSM7230012_hCiPSCs-0618_GTCCTCAGTAACCCTA-1	0.59449637	0.57778907	1	ambiguous	0	0	1
GSM7230012_hCiPSCs-0618_GTCCTCAGTCGCCTAG-1	0.682404	0.66157573	1	ambiguous	0	0	1
GSM7230012_hCiPSCs-0618_GTCCTCAGTGGATTTC-1	0.8035967	0.7770872	1	success	1	0	0
GSM7230012_hCiPSCs-0618_GTCCTCAGTGGGAGAG-1	0.6941143	0.6727371	1	ambiguous	0	0	1
GSM7230012_hCiPSCs-0618_GTCCTCAGTTCCATTT-1	0.79918134	0.77287877	1	success	1	0	0
GSM7230012_hCiPSCs-0618_GTCCTCATCACCCTGT-1	0.4293829	0.42041576	1	ambiguous	0	0	1
GSM7230012_hCiPSCs-0618_GTCCTCATCCCTCAAC-1	0.8698415	0.8402266	1	success	1	0	0
GSM7230012_hCiPSCs-0618_GTCCTCATCGTGGGAA-1	0.74285644	0.7191943	1	ambiguous	0	0	1
GSM7230012_hCiPSCs-0618_GTCGAATAGCTAGAGC-1	0.49092314	0.47907114	1	ambiguous	0	0	1
GSM7230012_hCiPSCs-0618_GTCGAATCAAATGATG-1	0.064793974	0.07291803	1	failure	0	1	0
GSM7230012_hCiPSCs-0618_GTCGAATCAATTGCTG-1	0.62368274	0.6056072	1	ambiguous	0	0	1
GSM7230012_hCiPSCs-0618_GTCGAATGTATACGGG-1	0.5790058	0.56302464	1	ambiguous	0	0	1
GSM7230012_hCiPSCs-0618_GTCGAATGTGCAACAG-1	0.66577184	0.6457233	1	ambiguous	0	0	1
GSM7230012_hCiPSCs-0618_GTCGAATGTGTGTGTT-1	0.6317071	0.61325544	1	ambiguous	0	0	1
GSM7230012_hCiPSCs-0618_GTCGAATTCCATTCGC-1	0.48757303	0.47587806	1	ambiguous	0	0	1
GSM7230012_hCiPSCs-0618_GTCGAATTCCTACTGC-1	0.1712661	0.17439894	1	ambiguous	0	0	1
GSM7230012_hCiPSCs-0618_GTCGAATTCGACCATA-1	0.71141905	0.6892306	1	ambiguous	0	0	1
GSM7230012_hCiPSCs-0618_GTCGCGAAGCTTCTAG-1	0.50359905	0.49115282	1	ambiguous	0	0	1
GSM7230012_hCiPSCs-0618_GTCGCGACACTGTGTA-1	0.6563888	0.6367801	1	ambiguous	0	0	1
GSM7230012_hCiPSCs-0618_GTCGCGACAGCTTTGA-1	0.43336853	0.42421457	1	ambiguous	0	0	1
GSM7230012_hCiPSCs-0618_GTCGCGACATTAAGCC-1	0.047767032	0.05668927	1	failure	0	1	0
GSM7230012_hCiPSCs-0618_GTCGCGAGTTGCATTG-1	0.63092655	0.61251146	1	ambiguous	0	0	1
GSM7230012_hCiPSCs-0618_GTCGCGAGTTGCTAGT-1	0.5824184	0.56627727	1	ambiguous	0	0	1
GSM7230012_hCiPSCs-0618_GTCGCGATCGCCAATA-1	0.5868233	0.57047564	1	ambiguous	0	0	1
GSM7230012_hCiPSCs-0618_GTCGCGATCGGAGCAA-1	0.10287212	0.10921115	1	failure	0	1	0
GSM7230012_hCiPSCs-0618_GTCGTAAAGACGCCCT-1	0.44877252	0.43889645	1	ambiguous	0	0	1
GSM7230012_hCiPSCs-0618_GTCGTAAAGGCCCACT-1	0.1555931	0.15946066	1	ambiguous	0	0	1
GSM7230012_hCiPSCs-0618_GTCGTAAAGGTAAGTT-1	0.57406133	0.558312	1	ambiguous	0	0	1
GSM7230012_hCiPSCs-0618_GTCGTAAGTACTGAGG-1	0.16253643	0.16607851	1	ambiguous	0	0	1
GSM7230012_hCiPSCs-0618_GTCGTAAGTATGATCC-1	0.13589649	0.1406874	1	ambiguous	0	0	1
GSM7230012_hCiPSCs-0618_GTCGTTCAGAGCCTGA-1	0.17167531	0.17478898	1	ambiguous	0	0	1
GSM7230012_hCiPSCs-0618_GTCGTTCAGCCGTAAG-1	0.5809386	0.56486684	1	ambiguous	0	0	1
GSM7230012_hCiPSCs-0618_GTCGTTCCATCATCTT-1	0.14497775	0.14934294	1	ambiguous	0	0	1
GSM7230012_hCiPSCs-0618_GTCGTTCCATCCGGTG-1	0.39192855	0.3847172	1	ambiguous	0	0	1
GSM7230012_hCiPSCs-0618_GTCGTTCGTCGTCAGC-1	0.55176777	0.5370635	1	ambiguous	0	0	1
GSM7230012_hCiPSCs-0618_GTCGTTCTCCTTTAGT-1	0.6110876	0.59360254	1	ambiguous	0	0	1
GSM7230012_hCiPSCs-0618_GTCGTTCTCTGCCTGT-1	0.50455374	0.49206275	1	ambiguous	0	0	1
GSM7230012_hCiPSCs-0618_GTCTACCAGTCGTTAC-1	0.4125834	0.4044038	1	ambiguous	0	0	1
GSM7230012_hCiPSCs-0618_GTCTACCCAACACGAG-1	0.8331003	0.8052077	1	success	1	0	0
GSM7230012_hCiPSCs-0618_GTCTACCTCGTCAAAC-1	0.13754523	0.14225885	1	ambiguous	0	0	1
GSM7230012_hCiPSCs-0618_GTCTAGAAGGTCCTGC-1	0.48437655	0.47283143	1	ambiguous	0	0	1
GSM7230012_hCiPSCs-0618_GTCTAGAGTCAGCTTA-1	0.10670858	0.112867765	1	failure	0	1	0
GSM7230012_hCiPSCs-0618_GTCTAGAGTCTATGAC-1	0.6106177	0.5931546	1	ambiguous	0	0	1
GSM7230012_hCiPSCs-0618_GTCTAGAGTCTTGAAC-1	0.6025471	0.5854624	1	ambiguous	0	0	1
GSM7230012_hCiPSCs-0618_GTCTAGATCCGCTAGG-1	0.51015085	0.49739745	1	ambiguous	0	0	1
GSM7230012_hCiPSCs-0618_GTCTAGATCTCGTCAC-1	0.54483724	0.53045785	1	ambiguous	0	0	1
GSM7230012_hCiPSCs-0618_GTCTCACAGTCTGGTT-1	0.63498706	0.61638165	1	ambiguous	0	0	1
GSM7230012_hCiPSCs-0618_GTCTCACCAAGACGGT-1	0.5506162	0.53596586	1	ambiguous	0	0	1
GSM7230012_hCiPSCs-0618_GTCTCACGTCAGACGA-1	0.06718722	0.07519908	1	failure	0	1	0
GSM7230012_hCiPSCs-0618_GTCTCACTCAGCAATC-1	0.6100701	0.5926328	1	ambiguous	0	0	1
GSM7230012_hCiPSCs-0618_GTCTCACTCGAGCCTG-1	0.71737844	0.69491065	1	ambiguous	0	0	1
GSM7230012_hCiPSCs-0618_GTCTGTCAGAACAGGA-1	0.6603718	0.64057636	1	ambiguous	0	0	1
GSM7230012_hCiPSCs-0618_GTCTGTCAGACAGCGT-1	0.16540363	0.16881132	1	ambiguous	0	0	1
GSM7230012_hCiPSCs-0618_GTCTGTCAGGCTTAGG-1	0.5738444	0.5581052	1	ambiguous	0	0	1
GSM7230012_hCiPSCs-0618_GTCTGTCAGTGTTGTC-1	0.18289278	0.18548061	1	ambiguous	0	0	1
GSM7230012_hCiPSCs-0618_GTCTGTCGTCGCACGT-1	0.31065163	0.30725038	1	ambiguous	0	0	1
GSM7230012_hCiPSCs-0618_GTCTGTCGTGAACGGT-1	0.051222917	0.059983153	1	failure	0	1	0
GSM7230012_hCiPSCs-0618_GTCTGTCGTGACAACG-1	0.6517237	0.63233364	1	ambiguous	0	0	1
GSM7230012_hCiPSCs-0618_GTCTGTCTCAACCGAT-1	0.5740189	0.5582715	1	ambiguous	0	0	1
GSM7230012_hCiPSCs-0618_GTCTGTCTCAGGGATG-1	0.10592085	0.11211696	1	failure	0	1	0
GSM7230012_hCiPSCs-0618_GTCTTTAAGCATCAAA-1	0.63678455	0.61809486	1	ambiguous	0	0	1
GSM7230012_hCiPSCs-0618_GTCTTTACAAACCGGA-1	0.51119834	0.49839586	1	ambiguous	0	0	1
GSM7230012_hCiPSCs-0618_GTCTTTACAGAACATA-1	0.8077627	0.78105783	1	success	1	0	0
GSM7230012_hCiPSCs-0618_GTCTTTACAGAGAATT-1	0.10805867	0.11415456	1	ambiguous	0	0	1
GSM7230012_hCiPSCs-0618_GTCTTTAGTAACGATA-1	0.11354047	0.11937939	1	ambiguous	0	0	1
GSM7230012_hCiPSCs-0618_GTCTTTAGTCGGTGTC-1	0.7288384	0.7058334	1	ambiguous	0	0	1
GSM7230012_hCiPSCs-0618_GTCTTTAGTCGTTTCC-1	0.5499508	0.53533167	1	ambiguous	0	0	1
GSM7230012_hCiPSCs-0618_GTCTTTATCGCATAGT-1	0.52556986	0.5120937	1	ambiguous	0	0	1
GSM7230012_hCiPSCs-0618_GTCTTTATCGGTAGAG-1	0.4908187	0.4789716	1	ambiguous	0	0	1
GSM7230012_hCiPSCs-0618_GTGACGCAGAACTGAT-1	0.6665928	0.6465057	1	ambiguous	0	0	1
GSM7230012_hCiPSCs-0618_GTGACGCAGGCTTAAA-1	0.07310556	0.080839984	1	failure	0	1	0
GSM7230012_hCiPSCs-0618_GTGACGCCAACCGCTG-1	0.54755837	0.53305143	1	ambiguous	0	0	1
GSM7230012_hCiPSCs-0618_GTGACGCCAACTGCTA-1	0.31162104	0.30817434	1	ambiguous	0	0	1
GSM7230012_hCiPSCs-0618_GTGACGCCAACTTGGT-1	0.6327766	0.6142748	1	ambiguous	0	0	1
GSM7230012_hCiPSCs-0618_GTGACGCCACAGTCAT-1	0.3027886	0.29975593	1	ambiguous	0	0	1
GSM7230012_hCiPSCs-0618_GTGACGCCAGAGTTGG-1	0.18649621	0.18891512	1	ambiguous	0	0	1
GSM7230012_hCiPSCs-0618_GTGACGCCAGATCACT-1	0.65136135	0.63198835	1	ambiguous	0	0	1
GSM7230012_hCiPSCs-0618_GTGACGCCATCCAACA-1	0.80908304	0.7823163	1	success	1	0	0
GSM7230012_hCiPSCs-0618_GTGACGCGTGCCGAAA-1	0.42948523	0.4205133	1	ambiguous	0	0	1
GSM7230012_hCiPSCs-0618_GTGACGCTCACCCTCA-1	0.79820853	0.7719516	1	success	1	0	0
GSM7230012_hCiPSCs-0618_GTGACGCTCCTACAAG-1	0.13938524	0.14401262	1	ambiguous	0	0	1
GSM7230012_hCiPSCs-0618_GTGAGCCAGTCTGCGC-1	0.24715309	0.24672851	1	ambiguous	0	0	1
GSM7230012_hCiPSCs-0618_GTGAGCCCACCCTTAC-1	0.8083544	0.7816219	1	success	1	0	0
GSM7230012_hCiPSCs-0618_GTGAGCCCACCGTGCA-1	0.6634725	0.6435317	1	ambiguous	0	0	1
GSM7230012_hCiPSCs-0618_GTGAGCCCAGATTTCG-1	0.75358814	0.7294229	1	ambiguous	0	0	1
GSM7230012_hCiPSCs-0618_GTGAGCCCAGTCTGGC-1	0.1208316	0.12632872	1	ambiguous	0	0	1
GSM7230012_hCiPSCs-0618_GTGAGCCCAGTCTTCC-1	0.7371818	0.71378565	1	ambiguous	0	0	1
GSM7230012_hCiPSCs-0618_GTGAGCCGTTCCCACT-1	0.16983908	0.17303884	1	ambiguous	0	0	1
GSM7230012_hCiPSCs-0618_GTGAGCCGTTCTCAGA-1	0.106701784	0.11286128	1	failure	0	1	0
GSM7230012_hCiPSCs-0618_GTGAGCCTCCGTGTCT-1	0.21795502	0.21889919	1	ambiguous	0	0	1
GSM7230012_hCiPSCs-0618_GTGAGCCTCTGGGTCG-1	0.68859684	0.6674783	1	ambiguous	0	0	1
GSM7230012_hCiPSCs-0618_GTGAGGAAGAGAGCAA-1	0.084363304	0.09156998	1	failure	0	1	0
GSM7230012_hCiPSCs-0618_GTGAGGACAACCTATG-1	0.585691	0.56939644	1	ambiguous	0	0	1
GSM7230012_hCiPSCs-0618_GTGAGGACATTGCAAC-1	0.57246166	0.5567873	1	ambiguous	0	0	1
GSM7230012_hCiPSCs-0618_GTGAGGAGTACGCTAT-1	0.5954045	0.57865465	1	ambiguous	0	0	1
GSM7230012_hCiPSCs-0618_GTGAGGAGTCGCCACA-1	0.7005208	0.67884326	1	ambiguous	0	0	1
GSM7230012_hCiPSCs-0618_GTGAGGAGTTCCGCTT-1	0.10856031	0.11463269	1	ambiguous	0	0	1
GSM7230012_hCiPSCs-0618_GTGAGGAGTTGTTGCA-1	0.118639745	0.124239616	1	ambiguous	0	0	1
GSM7230012_hCiPSCs-0618_GTGAGGATCTCGTCGT-1	0.0914832	0.09835611	1	failure	0	1	0
GSM7230012_hCiPSCs-0618_GTGAGGATCTCTGACC-1	0.12330323	0.12868449	1	ambiguous	0	0	1
GSM7230012_hCiPSCs-0618_GTGAGTTAGAATACAC-1	0.8513747	0.82262546	1	success	1	0	0
GSM7230012_hCiPSCs-0618_GTGAGTTAGTCTGTAC-1	0.7112246	0.6890453	1	ambiguous	0	0	1
GSM7230012_hCiPSCs-0618_GTGAGTTCAGGGATAC-1	0.59549105	0.57873714	1	ambiguous	0	0	1
GSM7230012_hCiPSCs-0618_GTGAGTTCATGAAGCG-1	0.6484069	0.6291724	1	ambiguous	0	0	1
GSM7230012_hCiPSCs-0618_GTGAGTTTCATGTCAG-1	0.10986874	0.11587978	1	ambiguous	0	0	1
GSM7230012_hCiPSCs-0618_GTGAGTTTCCTTATCA-1	0.11960312	0.12515783	1	ambiguous	0	0	1
GSM7230012_hCiPSCs-0618_GTGAGTTTCTTTCCAA-1	0.6462108	0.6270792	1	ambiguous	0	0	1
GSM7230012_hCiPSCs-0618_GTGATGTAGGTAGATT-1	0.66966	0.64942914	1	ambiguous	0	0	1
GSM7230012_hCiPSCs-0618_GTGATGTCATGTGCTA-1	0.6905911	0.66937906	1	ambiguous	0	0	1
GSM7230012_hCiPSCs-0618_GTGATGTGTAGAGACC-1	0.18668377	0.18909389	1	ambiguous	0	0	1
GSM7230012_hCiPSCs-0618_GTGATGTGTCAATCTG-1	0.7556302	0.73136926	1	success	1	0	0
GSM7230012_hCiPSCs-0618_GTGATGTGTGCCTACG-1	0.17771344	0.18054406	1	ambiguous	0	0	1
GSM7230012_hCiPSCs-0618_GTGATGTGTGGATCAG-1	0.53896934	0.524865	1	ambiguous	0	0	1
GSM7230012_hCiPSCs-0618_GTGATGTGTTGAGAGC-1	0.82776743	0.8001249	1	success	1	0	0
GSM7230012_hCiPSCs-0618_GTGATGTTCGCCGAGT-1	0.6564767	0.6368638	1	ambiguous	0	0	1
GSM7230012_hCiPSCs-0618_GTGCACGAGAATTGTG-1	0.11279991	0.11867354	1	ambiguous	0	0	1
GSM7230012_hCiPSCs-0618_GTGCACGAGTGAGGTC-1	0.13038895	0.13543804	1	ambiguous	0	0	1
GSM7230012_hCiPSCs-0618_GTGCACGCACCGGAAA-1	0.4226373	0.4139864	1	ambiguous	0	0	1
GSM7230012_hCiPSCs-0618_GTGCACGCAGAAGCTG-1	0.59344405	0.57678604	1	ambiguous	0	0	1
GSM7230012_hCiPSCs-0618_GTGCACGCATGTACGT-1	0.5712659	0.55564755	1	ambiguous	0	0	1
GSM7230012_hCiPSCs-0618_GTGCACGGTGCCAAGA-1	0.15130125	0.15537001	1	ambiguous	0	0	1
GSM7230012_hCiPSCs-0618_GTGCACGTCCCACAGG-1	0.31167272	0.3082236	1	ambiguous	0	0	1
GSM7230012_hCiPSCs-0618_GTGCAGCAGATTAGAC-1	0.11223929	0.1181392	1	ambiguous	0	0	1
GSM7230012_hCiPSCs-0618_GTGCAGCCATGCAGGA-1	0.16628437	0.16965075	1	ambiguous	0	0	1
GSM7230012_hCiPSCs-0618_GTGCAGCGTCACTCGG-1	0.7533331	0.72917986	1	ambiguous	0	0	1
GSM7230012_hCiPSCs-0618_GTGCAGCGTCACTGAT-1	0.09504506	0.101751	1	failure	0	1	0
GSM7230012_hCiPSCs-0618_GTGCAGCGTTAGAGAT-1	0.6186052	0.60076773	1	ambiguous	0	0	1
GSM7230012_hCiPSCs-0618_GTGCGTGAGATAGTGT-1	0.08995588	0.096900396	1	failure	0	1	0
GSM7230012_hCiPSCs-0618_GTGCGTGAGCGAGGAG-1	0.71399903	0.69168967	1	ambiguous	0	0	1
GSM7230012_hCiPSCs-0618_GTGCGTGAGTCTGGAG-1	0.6390215	0.620227	1	ambiguous	0	0	1
GSM7230012_hCiPSCs-0618_GTGCGTGGTCCAATCA-1	0.0958193	0.10248895	1	failure	0	1	0
GSM7230012_hCiPSCs-0618_GTGCGTGGTCCTTTGC-1	0.81755817	0.7903941	1	success	1	0	0
GSM7230012_hCiPSCs-0618_GTGCGTGGTGTCATCA-1	0.5968267	0.5800101	1	ambiguous	0	0	1
GSM7230012_hCiPSCs-0618_GTGCGTGGTTTCGTTT-1	0.36599424	0.35999864	1	ambiguous	0	0	1
GSM7230012_hCiPSCs-0618_GTGCGTGTCGAACGGA-1	0.09164396	0.09850934	1	failure	0	1	0
GSM7230012_hCiPSCs-0618_GTGCGTGTCGCTGTCT-1	0.65797657	0.63829345	1	ambiguous	0	0	1
GSM7230012_hCiPSCs-0618_GTGCTGGAGGCACTCC-1	0.116911255	0.12259216	1	ambiguous	0	0	1
GSM7230012_hCiPSCs-0618_GTGCTGGAGGGATCAC-1	0.12156661	0.12702927	1	ambiguous	0	0	1
GSM7230012_hCiPSCs-0618_GTGCTGGAGTAAACAC-1	0.16192397	0.16549477	1	ambiguous	0	0	1
GSM7230012_hCiPSCs-0618_GTGCTGGAGTACCGGA-1	0.06648612	0.074530855	1	failure	0	1	0
GSM7230012_hCiPSCs-0618_GTGCTGGCAAAGCTCT-1	0.12379776	0.12915584	1	ambiguous	0	0	1
GSM7230012_hCiPSCs-0618_GTGCTGGCATCAGCAT-1	0.072007924	0.079793796	1	failure	0	1	0
GSM7230012_hCiPSCs-0618_GTGCTGGGTAATGCGG-1	0.07929344	0.08673778	1	failure	0	1	0
GSM7230012_hCiPSCs-0618_GTGCTGGGTAGCTTTG-1	0.12711959	0.13232194	1	ambiguous	0	0	1
GSM7230012_hCiPSCs-0618_GTGCTGGGTCCACTTC-1	0.09591739	0.10258244	1	failure	0	1	0
GSM7230012_hCiPSCs-0618_GTGCTGGGTGCATTTG-1	0.10119559	0.107613206	1	failure	0	1	0
GSM7230012_hCiPSCs-0618_GTGCTGGTCTTCTCAA-1	0.50167394	0.48931792	1	ambiguous	0	0	1
GSM7230012_hCiPSCs-0618_GTGCTGGTCTTGGATG-1	0.45291767	0.44284725	1	ambiguous	0	0	1
GSM7230012_hCiPSCs-0618_GTGCTTCAGGATATAC-1	0.07014859	0.07802163	1	failure	0	1	0
GSM7230012_hCiPSCs-0618_GTGCTTCCACATGTTG-1	0.16194965	0.16551924	1	ambiguous	0	0	1
GSM7230012_hCiPSCs-0618_GTGCTTCGTATCGTTG-1	0.6868736	0.66583586	1	ambiguous	0	0	1
GSM7230012_hCiPSCs-0618_GTGCTTCGTCTACATG-1	0.10705836	0.11320115	1	failure	0	1	0
GSM7230012_hCiPSCs-0618_GTGCTTCTCAAGCTGT-1	0.5472954	0.53280073	1	ambiguous	0	0	1
GSM7230012_hCiPSCs-0618_GTGCTTCTCACTGGTA-1	0.6306595	0.61225694	1	ambiguous	0	0	1
GSM7230012_hCiPSCs-0618_GTGCTTCTCGCGGTAC-1	0.0831376	0.09040175	1	failure	0	1	0
GSM7230012_hCiPSCs-0618_GTGCTTCTCGTCAGAT-1	0.6427937	0.62382233	1	ambiguous	0	0	1
GSM7230012_hCiPSCs-0618_GTGCTTCTCTTTACAC-1	0.5774238	0.5615168	1	ambiguous	0	0	1
GSM7230012_hCiPSCs-0618_GTGGAAGAGCAATAGT-1	0.7464431	0.72261286	1	ambiguous	0	0	1
GSM7230012_hCiPSCs-0618_GTGGAAGAGCTGGAGT-1	0.4624551	0.45193762	1	ambiguous	0	0	1
GSM7230012_hCiPSCs-0618_GTGGAAGAGGAATTAC-1	0.60085523	0.5838498	1	ambiguous	0	0	1
GSM7230012_hCiPSCs-0618_GTGGAAGAGGCTCCCA-1	0.6213699	0.6034028	1	ambiguous	0	0	1
GSM7230012_hCiPSCs-0618_GTGGAAGAGGGATCTG-1	0.43808502	0.42870995	1	ambiguous	0	0	1
GSM7230012_hCiPSCs-0618_GTGGAAGCAACAAGAT-1	0.48530394	0.47371534	1	ambiguous	0	0	1
GSM7230012_hCiPSCs-0618_GTGGAAGCAATTTCGG-1	0.35671467	0.35115406	1	ambiguous	0	0	1
GSM7230012_hCiPSCs-0618_GTGGAAGCAGGTGGAT-1	0.08040885	0.087800905	1	failure	0	1	0
GSM7230012_hCiPSCs-0618_GTGGAAGCATAGAATG-1	0.63017637	0.61179644	1	ambiguous	0	0	1
GSM7230012_hCiPSCs-0618_GTGGAAGCATGTGCCG-1	0.16250178	0.16604549	1	ambiguous	0	0	1
GSM7230012_hCiPSCs-0618_GTGGAAGGTACGGATG-1	0.6281918	0.60990494	1	ambiguous	0	0	1
GSM7230012_hCiPSCs-0618_GTGGAAGGTAGGCTCC-1	0.7759649	0.7507507	1	success	1	0	0
GSM7230012_hCiPSCs-0618_GTGGAAGGTGGCTACC-1	0.79696625	0.77076757	1	success	1	0	0
GSM7230012_hCiPSCs-0618_GTGGAAGGTGTGTCCG-1	0.4885048	0.47676617	1	ambiguous	0	0	1
GSM7230012_hCiPSCs-0618_GTGGAAGTCTTGGGCG-1	0.15279783	0.15679646	1	ambiguous	0	0	1
GSM7230012_hCiPSCs-0618_GTGGAGAAGGAATCGC-1	0.47609624	0.46493927	1	ambiguous	0	0	1
GSM7230012_hCiPSCs-0618_GTGGAGAAGTAGGAAG-1	0.60841566	0.5910558	1	ambiguous	0	0	1
GSM7230012_hCiPSCs-0618_GTGGAGAGTACTAGCT-1	0.5812945	0.56520605	1	ambiguous	0	0	1
GSM7230012_hCiPSCs-0618_GTGGAGAGTCATAACC-1	0.6757912	0.65527296	1	ambiguous	0	0	1
GSM7230012_hCiPSCs-0618_GTGGAGATCACCCTGT-1	0.826075	0.79851174	1	success	1	0	0
GSM7230012_hCiPSCs-0618_GTGGAGATCGTGACTA-1	0.5028335	0.4904231	1	ambiguous	0	0	1
GSM7230012_hCiPSCs-0618_GTGGAGATCTAGTGTG-1	0.6427698	0.62379956	1	ambiguous	0	0	1
GSM7230012_hCiPSCs-0618_GTGGAGATCTGCCCTA-1	0.5075931	0.4949596	1	ambiguous	0	0	1
GSM7230012_hCiPSCs-0618_GTGGCGTAGAAGCGCT-1	0.11104565	0.11700152	1	ambiguous	0	0	1
GSM7230012_hCiPSCs-0618_GTGGCGTAGACCACGA-1	0.21111481	0.21237963	1	ambiguous	0	0	1
GSM7230012_hCiPSCs-0618_GTGGCGTAGCTAATCC-1	0.6406543	0.6217832	1	ambiguous	0	0	1
GSM7230012_hCiPSCs-0618_GTGGCGTAGGTCACTT-1	0.18055467	0.1832521	1	ambiguous	0	0	1
GSM7230012_hCiPSCs-0618_GTGGCGTCAAGCTACT-1	0.61061114	0.5931484	1	ambiguous	0	0	1
GSM7230012_hCiPSCs-0618_GTGGCGTCAAGGTACG-1	0.57939684	0.56339735	1	ambiguous	0	0	1
GSM7230012_hCiPSCs-0618_GTGGCGTCATCAGCTA-1	0.6387571	0.6199749	1	ambiguous	0	0	1
GSM7230012_hCiPSCs-0618_GTGGCGTGTAGTGCGA-1	0.42922115	0.4202616	1	ambiguous	0	0	1
GSM7230012_hCiPSCs-0618_GTGGCGTTCAGGAGAC-1	0.604134	0.58697486	1	ambiguous	0	0	1
GSM7230012_hCiPSCs-0618_GTGGCGTTCCGGCTTT-1	0.1617954	0.16537222	1	ambiguous	0	0	1
GSM7230012_hCiPSCs-0618_GTGGCGTTCCTCGATC-1	0.12888837	0.13400781	1	ambiguous	0	0	1
GSM7230012_hCiPSCs-0618_GTGGCGTTCGCTTACC-1	0.55860424	0.5435795	1	ambiguous	0	0	1
GSM7230012_hCiPSCs-0618_GTGGCGTTCTAAGCCA-1	0.6435284	0.62452257	1	ambiguous	0	0	1
GSM7230012_hCiPSCs-0618_GTGGCGTTCTGTCGTC-1	0.06622308	0.074280135	1	failure	0	1	0
GSM7230012_hCiPSCs-0618_GTGGGAAAGCTGCCAC-1	0.7267285	0.7038224	1	ambiguous	0	0	1
GSM7230012_hCiPSCs-0618_GTGGGAAAGGGAGAAT-1	0.5847446	0.5684944	1	ambiguous	0	0	1
GSM7230012_hCiPSCs-0618_GTGGGAACAGCTAACT-1	0.69693804	0.67542845	1	ambiguous	0	0	1
GSM7230012_hCiPSCs-0618_GTGGGAACAGTCCGTG-1	0.53695947	0.52294934	1	ambiguous	0	0	1
GSM7230012_hCiPSCs-0618_GTGGGAACATTAGGCT-1	0.7151566	0.692793	1	ambiguous	0	0	1
GSM7230012_hCiPSCs-0618_GTGGGAAGTGAATAAC-1	0.57087165	0.5552718	1	ambiguous	0	0	1
GSM7230012_hCiPSCs-0618_GTGGGAAGTGTCACAT-1	0.64601684	0.62689435	1	ambiguous	0	0	1
GSM7230012_hCiPSCs-0618_GTGGGAATCAAACGTC-1	0.6021587	0.58509225	1	ambiguous	0	0	1
GSM7230012_hCiPSCs-0618_GTGGGAATCTAGACCA-1	0.18404333	0.18657722	1	ambiguous	0	0	1
GSM7230012_hCiPSCs-0618_GTGGTTAAGGAAGTCC-1	0.47549403	0.4643653	1	ambiguous	0	0	1
GSM7230012_hCiPSCs-0618_GTGGTTACATTAGGCT-1	0.6374339	0.61871374	1	ambiguous	0	0	1
GSM7230012_hCiPSCs-0618_GTGGTTAGTACCCGCA-1	0.54001874	0.5258652	1	ambiguous	0	0	1
GSM7230012_hCiPSCs-0618_GTGGTTAGTGATACCT-1	0.13509147	0.13992012	1	ambiguous	0	0	1
GSM7230012_hCiPSCs-0618_GTGGTTAGTTGCTCGG-1	0.60735756	0.5900473	1	ambiguous	0	0	1
GSM7230012_hCiPSCs-0618_GTGGTTATCACGGACC-1	0.6075094	0.590192	1	ambiguous	0	0	1
GSM7230012_hCiPSCs-0618_GTGGTTATCTGGTGGC-1	0.10713108	0.113270454	1	failure	0	1	0
GSM7230012_hCiPSCs-0618_GTGTAACAGGCGTTAG-1	0.70163757	0.6799077	1	ambiguous	0	0	1
GSM7230012_hCiPSCs-0618_GTGTAACAGGTCATCT-1	0.69990414	0.67825556	1	ambiguous	0	0	1
GSM7230012_hCiPSCs-0618_GTGTAACAGTTCCGTA-1	0.60891557	0.59153235	1	ambiguous	0	0	1
GSM7230012_hCiPSCs-0618_GTGTAACCAAGATCCT-1	0.1906776	0.19290048	1	ambiguous	0	0	1
GSM7230012_hCiPSCs-0618_GTGTAACCATGGGTCC-1	0.15724757	0.16103758	1	ambiguous	0	0	1
GSM7230012_hCiPSCs-0618_GTGTAACGTATCGGTT-1	0.67610675	0.6555737	1	ambiguous	0	0	1
GSM7230012_hCiPSCs-0618_GTGTAACGTCATGACT-1	0.10972275	0.11574063	1	ambiguous	0	0	1
GSM7230012_hCiPSCs-0618_GTGTAACTCGACACCG-1	0.59514546	0.5784077	1	ambiguous	0	0	1
GSM7230012_hCiPSCs-0618_GTGTAACTCGTAACTG-1	0.20069797	0.20245112	1	ambiguous	0	0	1
GSM7230012_hCiPSCs-0618_GTGTAACTCTGGAGAG-1	0.66559976	0.64555925	1	ambiguous	0	0	1
GSM7230012_hCiPSCs-0618_GTGTCCTAGTTAGTGA-1	0.52138543	0.5081054	1	ambiguous	0	0	1
GSM7230012_hCiPSCs-0618_GTGTCCTCACGGCGTT-1	0.5438405	0.5295079	1	ambiguous	0	0	1
GSM7230012_hCiPSCs-0618_GTGTCCTCACTATCGA-1	0.5674706	0.5520302	1	ambiguous	0	0	1
GSM7230012_hCiPSCs-0618_GTGTCCTCAGCATCTA-1	0.5457149	0.5312944	1	ambiguous	0	0	1
GSM7230012_hCiPSCs-0618_GTGTCCTCAGTTCTAG-1	0.5465895	0.5321279	1	ambiguous	0	0	1
GSM7230012_hCiPSCs-0618_GTGTCCTGTCCAGCAC-1	0.09209599	0.09894018	1	failure	0	1	0
GSM7230012_hCiPSCs-0618_GTGTCCTGTCTCAGAT-1	0.57661724	0.56074804	1	ambiguous	0	0	1
GSM7230012_hCiPSCs-0618_GTGTCCTGTGGTAATA-1	0.18363298	0.1861861	1	ambiguous	0	0	1
GSM7230012_hCiPSCs-0618_GTGTCCTGTTAAGACA-1	0.58182484	0.56571156	1	ambiguous	0	0	1
GSM7230012_hCiPSCs-0618_GTGTCCTTCGTGTGAT-1	0.07545723	0.08308141	1	failure	0	1	0
GSM7230012_hCiPSCs-0618_GTGTGATAGAATCGTA-1	0.05709522	0.065580174	1	failure	0	1	0
GSM7230012_hCiPSCs-0618_GTGTGATAGATGATTG-1	0.10047171	0.10692327	1	failure	0	1	0
GSM7230012_hCiPSCs-0618_GTGTGATCAAACCATC-1	0.7779226	0.75261664	1	success	1	0	0
GSM7230012_hCiPSCs-0618_GTGTGATCACAGTCAT-1	0.30892023	0.30560014	1	ambiguous	0	0	1
GSM7230012_hCiPSCs-0618_GTGTGATGTCACTACA-1	0.6839123	0.66301334	1	ambiguous	0	0	1
GSM7230012_hCiPSCs-0618_GTGTGATGTCCACATA-1	0.54346204	0.5291471	1	ambiguous	0	0	1
GSM7230012_hCiPSCs-0618_GTGTGATTCCAAGCAT-1	0.75826293	0.73387855	1	success	1	0	0
GSM7230012_hCiPSCs-0618_GTGTGATTCCACGAAT-1	0.12649001	0.13172188	1	ambiguous	0	0	1
GSM7230012_hCiPSCs-0618_GTGTGATTCCGAGATT-1	0.11657609	0.12227271	1	ambiguous	0	0	1
GSM7230012_hCiPSCs-0618_GTGTGGCAGCACCGAA-1	0.6748517	0.6543775	1	ambiguous	0	0	1
GSM7230012_hCiPSCs-0618_GTGTGGCAGCATATGA-1	0.7287291	0.70572925	1	ambiguous	0	0	1
GSM7230012_hCiPSCs-0618_GTGTGGCAGCTAAATG-1	0.5980099	0.58113784	1	ambiguous	0	0	1
GSM7230012_hCiPSCs-0618_GTGTGGCAGTTTAGGA-1	0.108688556	0.114754915	1	ambiguous	0	0	1
GSM7230012_hCiPSCs-0618_GTGTGGCCACGTCGTG-1	0.06556981	0.07365749	1	failure	0	1	0
GSM7230012_hCiPSCs-0618_GTGTGGCCAGCGGTCT-1	0.07855993	0.08603866	1	failure	0	1	0
GSM7230012_hCiPSCs-0618_GTGTGGCCATTCAGGT-1	0.2488107	0.2483084	1	ambiguous	0	0	1
GSM7230012_hCiPSCs-0618_GTGTGGCTCATGTCAG-1	0.45003286	0.4400977	1	ambiguous	0	0	1
GSM7230012_hCiPSCs-0618_GTGTGGCTCCTCGCAT-1	0.6776496	0.65704423	1	ambiguous	0	0	1
GSM7230012_hCiPSCs-0618_GTGTGGCTCGAACCTA-1	0.6365012	0.6178248	1	ambiguous	0	0	1
GSM7230012_hCiPSCs-0618_GTGTGGCTCGGCTGTG-1	0.5221427	0.5088272	1	ambiguous	0	0	1
GSM7230012_hCiPSCs-0618_GTGTGGCTCTCCATAT-1	0.3781306	0.3715661	1	ambiguous	0	0	1
GSM7230012_hCiPSCs-0618_GTGTTAGAGACCCGCT-1	0.14491837	0.14928636	1	ambiguous	0	0	1
GSM7230012_hCiPSCs-0618_GTGTTAGCAATCAAGA-1	0.5276605	0.5140863	1	ambiguous	0	0	1
GSM7230012_hCiPSCs-0618_GTGTTAGCATTAAAGG-1	0.64466584	0.62560666	1	ambiguous	0	0	1
GSM7230012_hCiPSCs-0618_GTGTTAGCATTCTCTA-1	0.15514126	0.15903002	1	ambiguous	0	0	1
GSM7230012_hCiPSCs-0618_GTGTTAGGTAGGTCAG-1	0.5116166	0.4987945	1	ambiguous	0	0	1
GSM7230012_hCiPSCs-0618_GTGTTAGGTCCGGATC-1	0.0661704	0.07422993	1	failure	0	1	0
GSM7230012_hCiPSCs-0618_GTGTTAGGTCTGCCTT-1	0.106508374	0.11267694	1	failure	0	1	0
GSM7230012_hCiPSCs-0618_GTGTTAGTCGCCACTT-1	0.6072397	0.589935	1	ambiguous	0	0	1
GSM7230012_hCiPSCs-0618_GTGTTCCAGATACTGA-1	0.57550514	0.5596881	1	ambiguous	0	0	1
GSM7230012_hCiPSCs-0618_GTGTTCCAGCCATTCA-1	0.677521	0.6569216	1	ambiguous	0	0	1
GSM7230012_hCiPSCs-0618_GTGTTCCAGGAAAGTG-1	0.5696166	0.5540756	1	ambiguous	0	0	1
GSM7230012_hCiPSCs-0618_GTGTTCCAGGAGGTTC-1	0.6482195	0.62899375	1	ambiguous	0	0	1
GSM7230012_hCiPSCs-0618_GTGTTCCAGGGTAGCT-1	0.1812206	0.18388681	1	ambiguous	0	0	1
GSM7230012_hCiPSCs-0618_GTGTTCCAGGTGGTTG-1	0.08876007	0.09576064	1	failure	0	1	0
GSM7230012_hCiPSCs-0618_GTGTTCCCAGTTCTAG-1	0.10508233	0.11131775	1	failure	0	1	0
GSM7230012_hCiPSCs-0618_GTGTTCCCATCAGTGT-1	0.16023706	0.16388693	1	ambiguous	0	0	1
GSM7230012_hCiPSCs-0618_GTGTTCCGTCACTACA-1	0.48034075	0.4689848	1	ambiguous	0	0	1
GSM7230012_hCiPSCs-0618_GTGTTCCTCTGGTCAA-1	0.139457	0.14408101	1	ambiguous	0	0	1
GSM7230012_hCiPSCs-0618_GTGTTCCTCTGTCGCT-1	0.17187096	0.17497547	1	ambiguous	0	0	1
GSM7230012_hCiPSCs-0618_GTTACAGAGAAACTAC-1	0.24925078	0.24872787	1	ambiguous	0	0	1
GSM7230012_hCiPSCs-0618_GTTACAGAGACGCCAA-1	0.13876085	0.14341749	1	ambiguous	0	0	1
GSM7230012_hCiPSCs-0618_GTTACAGCAAAGAGTT-1	0.62662446	0.6084111	1	ambiguous	0	0	1
GSM7230012_hCiPSCs-0618_GTTACAGGTAACGTTC-1	0.1340474	0.138925	1	ambiguous	0	0	1
GSM7230012_hCiPSCs-0618_GTTACAGGTCCACTTC-1	0.14364493	0.14807262	1	ambiguous	0	0	1
GSM7230012_hCiPSCs-0618_GTTACAGGTCTTGTCC-1	0.50782603	0.49518165	1	ambiguous	0	0	1
GSM7230012_hCiPSCs-0618_GTTACAGGTGAACTAA-1	0.6266318	0.608418	1	ambiguous	0	0	1
GSM7230012_hCiPSCs-0618_GTTACAGTCATTTGGG-1	0.08604275	0.0931707	1	failure	0	1	0
GSM7230012_hCiPSCs-0618_GTTACAGTCCATTGCC-1	0.12082802	0.12632531	1	ambiguous	0	0	1
GSM7230012_hCiPSCs-0618_GTTACCCAGGAAGAAC-1	0.13688478	0.14162935	1	ambiguous	0	0	1
GSM7230012_hCiPSCs-0618_GTTACCCAGTGATAAC-1	0.13513286	0.13995957	1	ambiguous	0	0	1
GSM7230012_hCiPSCs-0618_GTTACCCCAAGATCCT-1	0.7020729	0.6803226	1	ambiguous	0	0	1
GSM7230012_hCiPSCs-0618_GTTACCCCACATACGT-1	0.169778	0.17298062	1	ambiguous	0	0	1
GSM7230012_hCiPSCs-0618_GTTACCCCACTACTTT-1	0.662419	0.64252764	1	ambiguous	0	0	1
GSM7230012_hCiPSCs-0618_GTTACCCCAGCTACCG-1	0.76689094	0.74210215	1	success	1	0	0
GSM7230012_hCiPSCs-0618_GTTACCCCATCCGGCA-1	0.47391057	0.46285605	1	ambiguous	0	0	1
GSM7230012_hCiPSCs-0618_GTTACCCGTCGCTTGG-1	0.49042612	0.4785974	1	ambiguous	0	0	1
GSM7230012_hCiPSCs-0618_GTTACCCGTTGGGTTT-1	0.81611955	0.789023	1	success	1	0	0
GSM7230012_hCiPSCs-0618_GTTACCCTCCCATACC-1	0.62893707	0.61061525	1	ambiguous	0	0	1
GSM7230012_hCiPSCs-0618_GTTACGAAGCCGAATG-1	0.7261592	0.7032798	1	ambiguous	0	0	1
GSM7230012_hCiPSCs-0618_GTTACGAAGCCTATTG-1	0.6011503	0.58413106	1	ambiguous	0	0	1
GSM7230012_hCiPSCs-0618_GTTACGAAGGTATTGA-1	0.71204853	0.6898306	1	ambiguous	0	0	1
GSM7230012_hCiPSCs-0618_GTTACGAAGTGCCAGA-1	0.07880085	0.08626828	1	failure	0	1	0
GSM7230012_hCiPSCs-0618_GTTACGACAAGACTGG-1	0.15281615	0.15681389	1	ambiguous	0	0	1
GSM7230012_hCiPSCs-0618_GTTACGACACTCCCTA-1	0.52756685	0.5139971	1	ambiguous	0	0	1
GSM7230012_hCiPSCs-0618_GTTACGACATAACTCG-1	0.5615327	0.5463706	1	ambiguous	0	0	1
GSM7230012_hCiPSCs-0618_GTTACGACATCGCCTT-1	0.6753234	0.6548271	1	ambiguous	0	0	1
GSM7230012_hCiPSCs-0618_GTTACGAGTATCTTCT-1	0.104328446	0.110599205	1	failure	0	1	0
GSM7230012_hCiPSCs-0618_GTTACGAGTCGGATTT-1	0.1634286	0.16692886	1	ambiguous	0	0	1
GSM7230012_hCiPSCs-0618_GTTACGAGTGCAAGAC-1	0.70799476	0.6859669	1	ambiguous	0	0	1
GSM7230012_hCiPSCs-0618_GTTACGATCAAGCTTG-1	0.52789366	0.5143085	1	ambiguous	0	0	1
GSM7230012_hCiPSCs-0618_GTTACGATCCACGTGG-1	0.76802814	0.743186	1	success	1	0	0
GSM7230012_hCiPSCs-0618_GTTACGATCTAGACAC-1	0.5278446	0.5142618	1	ambiguous	0	0	1
GSM7230012_hCiPSCs-0618_GTTACGATCTGCTGAA-1	0.077252805	0.084792815	1	failure	0	1	0
GSM7230012_hCiPSCs-0618_GTTACGATCTTCACGC-1	0.28914464	0.28675157	1	ambiguous	0	0	1
GSM7230012_hCiPSCs-0618_GTTACGATCTTTCGAT-1	0.6315521	0.6131077	1	ambiguous	0	0	1
GSM7230012_hCiPSCs-0618_GTTAGACAGAACGCGT-1	0.71603954	0.6936345	1	ambiguous	0	0	1
GSM7230012_hCiPSCs-0618_GTTAGACAGACGGAAA-1	0.108354546	0.11443657	1	ambiguous	0	0	1
GSM7230012_hCiPSCs-0618_GTTAGACAGTAATTGG-1	0.10399236	0.11027887	1	failure	0	1	0
GSM7230012_hCiPSCs-0618_GTTAGACAGTTCAACC-1	0.79351276	0.76747596	1	success	1	0	0
GSM7230012_hCiPSCs-0618_GTTAGACCAAGAATAC-1	0.24063338	0.24051444	1	ambiguous	0	0	1
GSM7230012_hCiPSCs-0618_GTTAGACCAGAGAGGG-1	0.07207182	0.079854704	1	failure	0	1	0
GSM7230012_hCiPSCs-0618_GTTAGACCATGATGCT-1	0.14281574	0.14728229	1	ambiguous	0	0	1
GSM7230012_hCiPSCs-0618_GTTAGACGTGCAAGAC-1	0.20104066	0.20277774	1	ambiguous	0	0	1
GSM7230012_hCiPSCs-0618_GTTAGTGGTGACCGTC-1	0.5847851	0.568533	1	ambiguous	0	0	1
GSM7230012_hCiPSCs-0618_GTTAGTGGTTCCCAAA-1	0.1167016	0.12239233	1	ambiguous	0	0	1
GSM7230012_hCiPSCs-0618_GTTAGTGTCGCTGATA-1	0.61348164	0.5958844	1	ambiguous	0	0	1
GSM7230012_hCiPSCs-0618_GTTAGTGTCTCGTGAA-1	0.4514988	0.44149494	1	ambiguous	0	0	1
GSM7230012_hCiPSCs-0618_GTTATGGCACAGCATT-1	0.13416186	0.13903409	1	ambiguous	0	0	1
GSM7230012_hCiPSCs-0618_GTTATGGCAGAAGCTG-1	0.46302116	0.45247713	1	ambiguous	0	0	1
GSM7230012_hCiPSCs-0618_GTTATGGGTCCTGAAT-1	0.6527539	0.6333156	1	ambiguous	0	0	1
GSM7230012_hCiPSCs-0618_GTTATGGGTCGAAACG-1	0.56399345	0.54871607	1	ambiguous	0	0	1
GSM7230012_hCiPSCs-0618_GTTATGGTCAGCCTCT-1	0.121010184	0.12649894	1	ambiguous	0	0	1
GSM7230012_hCiPSCs-0618_GTTATGGTCATATGGC-1	0.50887704	0.49618337	1	ambiguous	0	0	1
GSM7230012_hCiPSCs-0618_GTTATGGTCCCGATCT-1	0.74716	0.72329617	1	ambiguous	0	0	1
GSM7230012_hCiPSCs-0618_GTTATGGTCCCTCTCC-1	0.71343124	0.69114846	1	ambiguous	0	0	1
GSM7230012_hCiPSCs-0618_GTTATGGTCCTCTCTT-1	0.578692	0.5627256	1	ambiguous	0	0	1
GSM7230012_hCiPSCs-0618_GTTATGGTCGGTTCAA-1	0.46288696	0.45234922	1	ambiguous	0	0	1
GSM7230012_hCiPSCs-0618_GTTCATTAGAAATTCG-1	0.58035475	0.5643103	1	ambiguous	0	0	1
GSM7230012_hCiPSCs-0618_GTTCATTCACGGTGAA-1	0.49218658	0.48027533	1	ambiguous	0	0	1
GSM7230012_hCiPSCs-0618_GTTCATTCATTGAAGA-1	0.6074741	0.5901584	1	ambiguous	0	0	1
GSM7230012_hCiPSCs-0618_GTTCATTGTCCACACG-1	0.1872367	0.1896209	1	ambiguous	0	0	1
GSM7230012_hCiPSCs-0618_GTTCATTGTCCTCCAT-1	0.84024316	0.8120157	1	success	1	0	0
GSM7230012_hCiPSCs-0618_GTTCATTGTGTTAGCT-1	0.7577768	0.73341525	1	success	1	0	0
GSM7230012_hCiPSCs-0618_GTTCATTTCCTTGACC-1	0.1576924	0.16146156	1	ambiguous	0	0	1
GSM7230012_hCiPSCs-0618_GTTCCGTAGCCAGTAG-1	0.12697883	0.13218778	1	ambiguous	0	0	1
GSM7230012_hCiPSCs-0618_GTTCCGTCAAATCAAG-1	0.701252	0.67954016	1	ambiguous	0	0	1
GSM7230012_hCiPSCs-0618_GTTCCGTCACTCGATA-1	0.7205022	0.69788796	1	ambiguous	0	0	1
GSM7230012_hCiPSCs-0618_GTTCCGTCATACCAGT-1	0.74072677	0.71716446	1	ambiguous	0	0	1
GSM7230012_hCiPSCs-0618_GTTCCGTCATAGCACT-1	0.51027626	0.49751702	1	ambiguous	0	0	1
GSM7230012_hCiPSCs-0618_GTTCCGTCATGAGAAT-1	0.18155216	0.18420282	1	ambiguous	0	0	1
GSM7230012_hCiPSCs-0618_GTTCCGTCATTGGGAG-1	0.4836467	0.47213578	1	ambiguous	0	0	1
GSM7230012_hCiPSCs-0618_GTTCCGTTCCGACAGC-1	0.67257035	0.6522031	1	ambiguous	0	0	1
GSM7230012_hCiPSCs-0618_GTTCCGTTCCGTGACG-1	0.63517857	0.61656415	1	ambiguous	0	0	1
GSM7230012_hCiPSCs-0618_GTTCCGTTCGAACGCC-1	0.036011063	0.0454844	1	failure	0	1	0
GSM7230012_hCiPSCs-0618_GTTCGCTAGAGTGTTA-1	0.7482052	0.72429234	1	ambiguous	0	0	1
GSM7230012_hCiPSCs-0618_GTTCGCTAGGTTCACT-1	0.1158194	0.121551484	1	ambiguous	0	0	1
GSM7230012_hCiPSCs-0618_GTTCGCTAGTCGAGGT-1	0.54566675	0.5312485	1	ambiguous	0	0	1
GSM7230012_hCiPSCs-0618_GTTCGCTCAAATTGCC-1	0.6561205	0.6365244	1	ambiguous	0	0	1
GSM7230012_hCiPSCs-0618_GTTCGCTGTACGACTT-1	0.545101	0.5307092	1	ambiguous	0	0	1
GSM7230012_hCiPSCs-0618_GTTCGCTGTGACTATC-1	0.6477642	0.6285598	1	ambiguous	0	0	1
GSM7230012_hCiPSCs-0618_GTTCGCTGTTACACAC-1	0.7536017	0.72943586	1	ambiguous	0	0	1
GSM7230012_hCiPSCs-0618_GTTCGCTTCACACCGG-1	0.7282245	0.7052483	1	ambiguous	0	0	1
GSM7230012_hCiPSCs-0618_GTTCGCTTCGCGTCGA-1	0.5509568	0.5362905	1	ambiguous	0	0	1
GSM7230012_hCiPSCs-0618_GTTCGCTTCGGCTTCT-1	0.5455831	0.5311688	1	ambiguous	0	0	1
GSM7230012_hCiPSCs-0618_GTTCTATAGATCCCAT-1	0.5643315	0.54903823	1	ambiguous	0	0	1
GSM7230012_hCiPSCs-0618_GTTCTATAGGTGATAT-1	0.67328274	0.6528821	1	ambiguous	0	0	1
GSM7230012_hCiPSCs-0618_GTTCTATAGGTGCATG-1	0.68733656	0.6662771	1	ambiguous	0	0	1
GSM7230012_hCiPSCs-0618_GTTCTATAGTGCTCGC-1	0.4391619	0.42973635	1	ambiguous	0	0	1
GSM7230012_hCiPSCs-0618_GTTCTATCAACAGCTT-1	0.07099276	0.07882623	1	failure	0	1	0
GSM7230012_hCiPSCs-0618_GTTCTATCATAAGATG-1	0.6696709	0.6494396	1	ambiguous	0	0	1
GSM7230012_hCiPSCs-0618_GTTCTATGTGCGGATA-1	0.14902061	0.15319629	1	ambiguous	0	0	1
GSM7230012_hCiPSCs-0618_GTTCTATTCGCCAGAC-1	0.13154592	0.13654077	1	ambiguous	0	0	1
GSM7230012_hCiPSCs-0618_GTTCTATTCTCAACGA-1	0.058173064	0.06660749	1	failure	0	1	0
GSM7230012_hCiPSCs-0618_GTTGAACAGAGGTCGT-1	0.6124387	0.5948903	1	ambiguous	0	0	1
GSM7230012_hCiPSCs-0618_GTTGAACAGATTGCGG-1	0.15054393	0.1546482	1	ambiguous	0	0	1
GSM7230012_hCiPSCs-0618_GTTGAACAGGGCCCTT-1	0.6912669	0.6700232	1	ambiguous	0	0	1
GSM7230012_hCiPSCs-0618_GTTGAACCAGAGCGTA-1	0.6752965	0.6548014	1	ambiguous	0	0	1
GSM7230012_hCiPSCs-0618_GTTGAACGTTTATGCG-1	0.63717985	0.6184716	1	ambiguous	0	0	1
GSM7230012_hCiPSCs-0618_GTTGAACTCAGCTCTC-1	0.7337235	0.7104895	1	ambiguous	0	0	1
GSM7230012_hCiPSCs-0618_GTTGAACTCTTGTGCC-1	0.17205597	0.1751518	1	ambiguous	0	0	1
GSM7230012_hCiPSCs-0618_GTTGCGGAGCACTCAT-1	0.62639743	0.60819465	1	ambiguous	0	0	1
GSM7230012_hCiPSCs-0618_GTTGCGGAGCAGCCCT-1	0.082787044	0.09006762	1	failure	0	1	0
GSM7230012_hCiPSCs-0618_GTTGCGGAGCTGGCCT-1	0.81237805	0.7854569	1	success	1	0	0
GSM7230012_hCiPSCs-0618_GTTGCGGAGCTGTGCC-1	0.62065196	0.60271853	1	ambiguous	0	0	1
GSM7230012_hCiPSCs-0618_GTTGCGGCACAAGTTC-1	0.70395166	0.6821133	1	ambiguous	0	0	1
GSM7230012_hCiPSCs-0618_GTTGCGGCACCTCAGG-1	0.7104723	0.68832827	1	ambiguous	0	0	1
GSM7230012_hCiPSCs-0618_GTTGCGGCATCCGGCA-1	0.74908775	0.7251335	1	ambiguous	0	0	1
GSM7230012_hCiPSCs-0618_GTTGCGGGTGTACGCC-1	0.10031802	0.10677678	1	failure	0	1	0
GSM7230012_hCiPSCs-0618_GTTGCGGTCCATCGTC-1	0.8250678	0.79755175	1	success	1	0	0
GSM7230012_hCiPSCs-0618_GTTGCGGTCTGGAGAG-1	0.15969455	0.16336986	1	ambiguous	0	0	1
GSM7230012_hCiPSCs-0618_GTTGCTCAGAACCCGA-1	0.3122619	0.30878517	1	ambiguous	0	0	1
GSM7230012_hCiPSCs-0618_GTTGCTCCAAATGCGG-1	0.44019404	0.43072012	1	ambiguous	0	0	1
GSM7230012_hCiPSCs-0618_GTTGCTCCAACCTATG-1	0.6649807	0.6449692	1	ambiguous	0	0	1
GSM7230012_hCiPSCs-0618_GTTGCTCCAAGGCTTT-1	0.092289664	0.099124774	1	failure	0	1	0
GSM7230012_hCiPSCs-0618_GTTGCTCCACCTGATA-1	0.86129653	0.83208215	1	success	1	0	0
GSM7230012_hCiPSCs-0618_GTTGCTCCAGCATACT-1	0.119679175	0.12523031	1	ambiguous	0	0	1
GSM7230012_hCiPSCs-0618_GTTGCTCCAGTTTGGT-1	0.7705681	0.7456069	1	success	1	0	0
GSM7230012_hCiPSCs-0618_GTTGCTCGTCCACTCT-1	0.18566287	0.18812083	1	ambiguous	0	0	1
GSM7230012_hCiPSCs-0618_GTTGCTCGTCTTGTCC-1	0.7381662	0.71472394	1	ambiguous	0	0	1
GSM7230012_hCiPSCs-0618_GTTGCTCGTTGTGCCG-1	0.1019269	0.10831024	1	failure	0	1	0
GSM7230012_hCiPSCs-0618_GTTGCTCTCCGATGCG-1	0.702007	0.68025976	1	ambiguous	0	0	1
GSM7230012_hCiPSCs-0618_GTTGCTCTCTGAGAAA-1	0.12225602	0.12768637	1	ambiguous	0	0	1
GSM7230012_hCiPSCs-0618_GTTGTAGAGGGAGGAC-1	0.7459857	0.72217685	1	ambiguous	0	0	1
GSM7230012_hCiPSCs-0618_GTTGTAGCAGCGGTCT-1	0.12139618	0.12686683	1	ambiguous	0	0	1
GSM7230012_hCiPSCs-0618_GTTGTAGCATACAGAA-1	0.64992726	0.63062143	1	ambiguous	0	0	1
GSM7230012_hCiPSCs-0618_GTTGTAGGTCTTGCGG-1	0.18004957	0.18277067	1	ambiguous	0	0	1
GSM7230012_hCiPSCs-0618_GTTGTAGGTTGTGGCC-1	0.14937697	0.15353595	1	ambiguous	0	0	1
GSM7230012_hCiPSCs-0618_GTTGTAGTCATAGAGA-1	0.18675059	0.18915756	1	ambiguous	0	0	1
GSM7230012_hCiPSCs-0618_GTTGTAGTCGGACGTC-1	0.096806735	0.10343009	1	failure	0	1	0
GSM7230012_hCiPSCs-0618_GTTGTAGTCTCCAAGA-1	0.13661525	0.14137246	1	ambiguous	0	0	1
GSM7230012_hCiPSCs-0618_GTTGTCCAGGTAGCAC-1	0.18231668	0.1849315	1	ambiguous	0	0	1
GSM7230012_hCiPSCs-0618_GTTGTCCCAGCGAACA-1	0.63327074	0.61474574	1	ambiguous	0	0	1
GSM7230012_hCiPSCs-0618_GTTGTCCGTCGTACTA-1	0.09990341	0.1063816	1	failure	0	1	0
GSM7230012_hCiPSCs-0618_GTTGTCCGTCTGTCAA-1	0.11630825	0.12201742	1	ambiguous	0	0	1
GSM7230012_hCiPSCs-0618_GTTGTCCGTGAATTGA-1	0.20522073	0.20676187	1	ambiguous	0	0	1
GSM7230012_hCiPSCs-0618_GTTGTCCGTGATAGTA-1	0.18345468	0.18601616	1	ambiguous	0	0	1
GSM7230012_hCiPSCs-0618_GTTGTCCTCACACGAT-1	0.12095001	0.12644158	1	ambiguous	0	0	1
GSM7230012_hCiPSCs-0618_GTTGTCCTCCACCTCA-1	0.8066539	0.7800011	1	success	1	0	0
GSM7230012_hCiPSCs-0618_GTTGTCCTCTGTGCTC-1	0.26852947	0.2671028	1	ambiguous	0	0	1
GSM7230012_hCiPSCs-0618_GTTGTCCTCTTTGCGC-1	0.7929446	0.76693445	1	success	1	0	0
GSM7230012_hCiPSCs-0618_GTTGTGAAGTCAATCC-1	0.6190716	0.60121226	1	ambiguous	0	0	1
GSM7230012_hCiPSCs-0618_GTTGTGAAGTCTGCAT-1	0.7208309	0.6982013	1	ambiguous	0	0	1
GSM7230012_hCiPSCs-0618_GTTGTGACAGCAGACA-1	0.19484141	0.1968691	1	ambiguous	0	0	1
GSM7230012_hCiPSCs-0618_GTTGTGACATCTAACG-1	0.10840561	0.114485234	1	ambiguous	0	0	1
GSM7230012_hCiPSCs-0618_GTTGTGACATCTGGGC-1	0.5654827	0.5501355	1	ambiguous	0	0	1
GSM7230012_hCiPSCs-0618_GTTGTGACATGGGCAA-1	0.4568727	0.44661692	1	ambiguous	0	0	1
GSM7230012_hCiPSCs-0618_GTTGTGAGTATCGCGC-1	0.13930503	0.14393616	1	ambiguous	0	0	1
GSM7230012_hCiPSCs-0618_GTTGTGAGTCACAGTT-1	0.58986557	0.57337534	1	ambiguous	0	0	1
GSM7230012_hCiPSCs-0618_GTTGTGAGTGGTGATG-1	0.07456456	0.08223059	1	failure	0	1	0
GSM7230012_hCiPSCs-0618_GTTGTGATCACCGACG-1	0.061342005	0.06962788	1	failure	0	1	0
GSM7230012_hCiPSCs-0618_GTTGTGATCGAGAATA-1	0.71938896	0.69682693	1	ambiguous	0	0	1
GSM7230012_hCiPSCs-0618_GTTTACTAGAAATGGG-1	0.057080757	0.06556639	1	failure	0	1	0
GSM7230012_hCiPSCs-0618_GTTTACTAGCATCCCG-1	0.7383511	0.7149002	1	ambiguous	0	0	1
GSM7230012_hCiPSCs-0618_GTTTACTAGCGGGTAT-1	0.6464553	0.62731224	1	ambiguous	0	0	1
GSM7230012_hCiPSCs-0618_GTTTACTGTACTTGTG-1	0.09669785	0.10332631	1	failure	0	1	0
GSM7230012_hCiPSCs-0618_GTTTACTGTCTTCCGT-1	0.10078939	0.10722605	1	failure	0	1	0
GSM7230012_hCiPSCs-0618_GTTTACTTCCCATACC-1	0.79095805	0.76504105	1	success	1	0	0
GSM7230012_hCiPSCs-0618_GTTTGGAAGTCATAGA-1	0.12839942	0.13354178	1	ambiguous	0	0	1
GSM7230012_hCiPSCs-0618_GTTTGGACAGGTTCCG-1	0.14907408	0.15324725	1	ambiguous	0	0	1
GSM7230012_hCiPSCs-0618_GTTTGGAGTACTCGAT-1	0.7389402	0.7154616	1	ambiguous	0	0	1
GSM7230012_hCiPSCs-0618_GTTTGGAGTCGAGTTT-1	0.58025193	0.5642124	1	ambiguous	0	0	1
GSM7230012_hCiPSCs-0618_GTTTGGAGTTCACCGG-1	0.14274225	0.14721225	1	ambiguous	0	0	1
GSM7230012_hCiPSCs-0618_GTTTGGAGTTGCATGT-1	0.56089383	0.54576176	1	ambiguous	0	0	1
GSM7230012_hCiPSCs-0618_GTTTGGATCGCAGTTA-1	0.20176177	0.20346506	1	ambiguous	0	0	1
GSM7230012_hCiPSCs-0618_GTTTGGATCTACACTT-1	0.9112363	0.8796809	1	success	1	0	0
GSM7230012_hCiPSCs-0618_GTTTGGATCTGAATGC-1	0.644473	0.6254229	1	ambiguous	0	0	1
GSM7230012_hCiPSCs-0618_GTTTGGATCTTAGTTC-1	0.6781911	0.65756035	1	ambiguous	0	0	1
GSM7230012_hCiPSCs-0618_TAACACGAGACCGTTT-1	0.09739878	0.103994384	1	failure	0	1	0
GSM7230012_hCiPSCs-0618_TAACACGAGACGGTCA-1	0.5471783	0.53268915	1	ambiguous	0	0	1
GSM7230012_hCiPSCs-0618_TAACACGAGAGGTTAT-1	0.17079882	0.17395358	1	ambiguous	0	0	1
GSM7230012_hCiPSCs-0618_TAACACGAGCCGTTAT-1	0.54573625	0.53131473	1	ambiguous	0	0	1
GSM7230012_hCiPSCs-0618_TAACACGAGTCTCCTC-1	0.14640887	0.15070699	1	ambiguous	0	0	1
GSM7230012_hCiPSCs-0618_TAACACGAGTTGGAGC-1	0.4549092	0.44474545	1	ambiguous	0	0	1
GSM7230012_hCiPSCs-0618_TAACACGCAACCCTCT-1	0.78007877	0.7546717	1	success	1	0	0
GSM7230012_hCiPSCs-0618_TAACACGCAACTAGAA-1	0.8216486	0.79429287	1	success	1	0	0
GSM7230012_hCiPSCs-0618_TAACACGCACATCATG-1	0.5821637	0.5660345	1	ambiguous	0	0	1
GSM7230012_hCiPSCs-0618_TAACACGCACGGTGCT-1	0.22199357	0.22274841	1	ambiguous	0	0	1
GSM7230012_hCiPSCs-0618_TAACACGCATATTCGG-1	0.098469086	0.10501452	1	failure	0	1	0
GSM7230012_hCiPSCs-0618_TAACACGGTTCGGCCA-1	0.72542053	0.70257574	1	ambiguous	0	0	1
GSM7230012_hCiPSCs-0618_TAACACGGTTGCGAAG-1	0.6812634	0.6604886	1	ambiguous	0	0	1
GSM7230012_hCiPSCs-0618_TAACACGTCCGTGGTG-1	0.10384076	0.11013438	1	failure	0	1	0
GSM7230012_hCiPSCs-0618_TAACACGTCTTAGTTC-1	0.76109296	0.73657596	1	success	1	0	0
GSM7230012_hCiPSCs-0618_TAACCAGAGCACTCGC-1	0.6019757	0.5849177	1	ambiguous	0	0	1
GSM7230012_hCiPSCs-0618_TAACCAGAGTGTACAA-1	0.6970087	0.6754958	1	ambiguous	0	0	1
GSM7230012_hCiPSCs-0618_TAACCAGGTCACTGAT-1	0.642857	0.62388265	1	ambiguous	0	0	1
GSM7230012_hCiPSCs-0618_TAACCAGGTCCTCCAT-1	0.5672333	0.551804	1	ambiguous	0	0	1
GSM7230012_hCiPSCs-0618_TAACCAGGTCTCGGGT-1	0.6235666	0.6054966	1	ambiguous	0	0	1
GSM7230012_hCiPSCs-0618_TAACCAGTCAACCTTT-1	0.6533137	0.63384914	1	ambiguous	0	0	1
GSM7230012_hCiPSCs-0618_TAACCAGTCAGTCCGG-1	0.5468742	0.53239936	1	ambiguous	0	0	1
GSM7230012_hCiPSCs-0618_TAACCAGTCTCGCCTA-1	0.10583924	0.11203917	1	failure	0	1	0
GSM7230012_hCiPSCs-0618_TAACCAGTCTTCGATT-1	0.7628228	0.7382247	1	success	1	0	0
GSM7230012_hCiPSCs-0618_TAACCAGTCTTGCGCT-1	0.35742736	0.35183334	1	ambiguous	0	0	1
GSM7230012_hCiPSCs-0618_TAACGACAGGTCCAGA-1	0.61960095	0.60171676	1	ambiguous	0	0	1
GSM7230012_hCiPSCs-0618_TAACGACCAAGGTCTT-1	0.58236647	0.5662278	1	ambiguous	0	0	1
GSM7230012_hCiPSCs-0618_TAACGACCACCTCTGT-1	0.66252816	0.64263165	1	ambiguous	0	0	1
GSM7230012_hCiPSCs-0618_TAACGACCACGACAAG-1	0.6381314	0.61937857	1	ambiguous	0	0	1
GSM7230012_hCiPSCs-0618_TAACGACCACTGCATA-1	0.044823118	0.053883366	1	failure	0	1	0
GSM7230012_hCiPSCs-0618_TAACGACCATCTCAAG-1	0.18589833	0.18834525	1	ambiguous	0	0	1
GSM7230012_hCiPSCs-0618_TAACGACGTCAACCAT-1	0.65085584	0.6315065	1	ambiguous	0	0	1
GSM7230012_hCiPSCs-0618_TAACGACGTCTTCAAG-1	0.66694695	0.6468433	1	ambiguous	0	0	1
GSM7230012_hCiPSCs-0618_TAACGACGTGAGACGT-1	0.54760563	0.5330965	1	ambiguous	0	0	1
GSM7230012_hCiPSCs-0618_TAACGACGTGGTGATG-1	0.5933756	0.57672083	1	ambiguous	0	0	1
GSM7230012_hCiPSCs-0618_TAACGACGTTCCTACC-1	0.4745005	0.46341836	1	ambiguous	0	0	1
GSM7230012_hCiPSCs-0618_TAACGACGTTTGTTGG-1	0.46482924	0.45420048	1	ambiguous	0	0	1
GSM7230012_hCiPSCs-0618_TAACGACTCAAGTGTC-1	0.11021166	0.11620663	1	ambiguous	0	0	1
GSM7230012_hCiPSCs-0618_TAACTTCAGGGTCTTT-1	0.57922506	0.5632336	1	ambiguous	0	0	1
GSM7230012_hCiPSCs-0618_TAACTTCAGTACCGGA-1	0.617426	0.59964377	1	ambiguous	0	0	1
GSM7230012_hCiPSCs-0618_TAACTTCCACTACAGT-1	0.15681893	0.16062905	1	ambiguous	0	0	1
GSM7230012_hCiPSCs-0618_TAACTTCCATTCAGGT-1	0.5166274	0.5035704	1	ambiguous	0	0	1
GSM7230012_hCiPSCs-0618_TAACTTCTCCCGAGGT-1	0.14513727	0.14949499	1	ambiguous	0	0	1
GSM7230012_hCiPSCs-0618_TAACTTCTCGGAGTAG-1	0.54933256	0.5347424	1	ambiguous	0	0	1
GSM7230012_hCiPSCs-0618_TAACTTCTCGGTGTTA-1	0.46171063	0.45122805	1	ambiguous	0	0	1
GSM7230012_hCiPSCs-0618_TAAGCACAGACTTCCA-1	0.22849476	0.22894485	1	ambiguous	0	0	1
GSM7230012_hCiPSCs-0618_TAAGCACAGCATTGTC-1	0.15535548	0.1592342	1	ambiguous	0	0	1
GSM7230012_hCiPSCs-0618_TAAGCACGTACCCAGC-1	0.15404576	0.15798588	1	ambiguous	0	0	1
GSM7230012_hCiPSCs-0618_TAAGCACGTGCGACAA-1	0.5185672	0.5054193	1	ambiguous	0	0	1
GSM7230012_hCiPSCs-0618_TAAGCACGTGGCACTC-1	0.091113575	0.09800382	1	failure	0	1	0
GSM7230012_hCiPSCs-0618_TAAGCACGTGGGCTTC-1	0.72000307	0.69741225	1	ambiguous	0	0	1
GSM7230012_hCiPSCs-0618_TAAGCACTCAGCTTCC-1	0.6401204	0.6212743	1	ambiguous	0	0	1
GSM7230012_hCiPSCs-0618_TAAGCACTCGAAGGAC-1	0.28511354	0.28290945	1	ambiguous	0	0	1
GSM7230012_hCiPSCs-0618_TAAGCCAAGAGATTCA-1	0.18134773	0.18400797	1	ambiguous	0	0	1
GSM7230012_hCiPSCs-0618_TAAGCCAAGCATGCAG-1	0.18183209	0.18446963	1	ambiguous	0	0	1
GSM7230012_hCiPSCs-0618_TAAGCCAAGGTTAAAC-1	0.6121817	0.5946454	1	ambiguous	0	0	1
GSM7230012_hCiPSCs-0618_TAAGCCAAGTGTTCCA-1	0.12356296	0.12893204	1	ambiguous	0	0	1
GSM7230012_hCiPSCs-0618_TAAGCCAAGTTGCCTA-1	0.15704083	0.16084054	1	ambiguous	0	0	1
GSM7230012_hCiPSCs-0618_TAAGCCACAAATTGCC-1	0.58542734	0.5691452	1	ambiguous	0	0	1
GSM7230012_hCiPSCs-0618_TAAGCCACAATGTCAC-1	0.82652295	0.7989387	1	success	1	0	0
GSM7230012_hCiPSCs-0618_TAAGCCACAGATACTC-1	0.59638494	0.57958907	1	ambiguous	0	0	1
GSM7230012_hCiPSCs-0618_TAAGCCACATCAGTGT-1	0.59178686	0.5752066	1	ambiguous	0	0	1
GSM7230012_hCiPSCs-0618_TAAGCCAGTACCGTCG-1	0.81917655	0.7919367	1	success	1	0	0
GSM7230012_hCiPSCs-0618_TAAGCCAGTACGCTAT-1	0.38720554	0.38021562	1	ambiguous	0	0	1
GSM7230012_hCiPSCs-0618_TAAGCCATCAAGAATG-1	0.12036382	0.12588286	1	ambiguous	0	0	1
GSM7230012_hCiPSCs-0618_TAAGCCATCCTCTAGC-1	0.13426758	0.13913485	1	ambiguous	0	0	1
GSM7230012_hCiPSCs-0618_TAAGCGTAGCTTACGT-1	0.52922034	0.515573	1	ambiguous	0	0	1
GSM7230012_hCiPSCs-0618_TAAGCGTAGTTCCATG-1	0.13583495	0.14062874	1	ambiguous	0	0	1
GSM7230012_hCiPSCs-0618_TAAGCGTGTGGTGATG-1	0.65331507	0.63385046	1	ambiguous	0	0	1
GSM7230012_hCiPSCs-0618_TAAGCGTGTTCCCACT-1	0.58327687	0.56709546	1	ambiguous	0	0	1
GSM7230012_hCiPSCs-0618_TAAGTCGAGCATATGA-1	0.70834935	0.6863048	1	ambiguous	0	0	1
GSM7230012_hCiPSCs-0618_TAAGTCGAGGAACTAT-1	0.5925533	0.5759371	1	ambiguous	0	0	1
GSM7230012_hCiPSCs-0618_TAAGTCGAGGTAAGAG-1	0.815829	0.78874606	1	success	1	0	0
GSM7230012_hCiPSCs-0618_TAAGTCGAGGTGCAGT-1	0.11898153	0.124565385	1	ambiguous	0	0	1
GSM7230012_hCiPSCs-0618_TAAGTCGAGGTTGGTG-1	0.6832355	0.6623683	1	ambiguous	0	0	1
GSM7230012_hCiPSCs-0618_TAAGTCGAGTGCGCTC-1	0.80656064	0.7799122	1	success	1	0	0
GSM7230012_hCiPSCs-0618_TAAGTCGCAAGTTCCA-1	0.14577547	0.15010327	1	ambiguous	0	0	1
GSM7230012_hCiPSCs-0618_TAAGTCGCAATGACCT-1	0.8062718	0.77963686	1	success	1	0	0
GSM7230012_hCiPSCs-0618_TAAGTCGCATATCTCT-1	0.10021143	0.10667518	1	failure	0	1	0
GSM7230012_hCiPSCs-0618_TAAGTCGGTCACTGAT-1	0.6182236	0.600404	1	ambiguous	0	0	1
GSM7230012_hCiPSCs-0618_TAAGTCGGTCGAACAG-1	0.6572892	0.63763833	1	ambiguous	0	0	1
GSM7230012_hCiPSCs-0618_TAAGTCGGTGTCCCTT-1	0.5156853	0.5026725	1	ambiguous	0	0	1
GSM7230012_hCiPSCs-0618_TAAGTCGTCTCGCTCA-1	0.40750775	0.39956608	1	ambiguous	0	0	1
GSM7230012_hCiPSCs-0618_TAATCTCAGCCGAATG-1	0.72560275	0.70274943	1	ambiguous	0	0	1
GSM7230012_hCiPSCs-0618_TAATCTCCACGCGCTA-1	0.7449006	0.7211426	1	ambiguous	0	0	1
GSM7230012_hCiPSCs-0618_TAATCTCGTTTAGTCG-1	0.68626344	0.6652543	1	ambiguous	0	0	1
GSM7230012_hCiPSCs-0618_TAATCTCTCTTTGCTA-1	0.83054733	0.8027744	1	success	1	0	0
GSM7230012_hCiPSCs-0618_TAATTCCAGCGGACAT-1	0.60178673	0.58473766	1	ambiguous	0	0	1
GSM7230012_hCiPSCs-0618_TAATTCCAGGTCGTAG-1	0.5645144	0.5492126	1	ambiguous	0	0	1
GSM7230012_hCiPSCs-0618_TAATTCCCAACTTCTT-1	0.71311826	0.6908502	1	ambiguous	0	0	1
GSM7230012_hCiPSCs-0618_TAATTCCCAACTTGCA-1	0.79563683	0.76950043	1	success	1	0	0
GSM7230012_hCiPSCs-0618_TAATTCCCAGATAAAC-1	0.736761	0.7133846	1	ambiguous	0	0	1
GSM7230012_hCiPSCs-0618_TAATTCCCAGCAGACA-1	0.15071937	0.15481542	1	ambiguous	0	0	1
GSM7230012_hCiPSCs-0618_TAATTCCGTCTACAAC-1	0.4947334	0.48270276	1	ambiguous	0	0	1
GSM7230012_hCiPSCs-0618_TAATTCCGTTTACCAG-1	0.7430029	0.7193339	1	ambiguous	0	0	1
GSM7230012_hCiPSCs-0618_TAATTCCTCAACCGAT-1	0.87101495	0.841345	1	success	1	0	0
GSM7230012_hCiPSCs-0618_TACAACGAGACCATTC-1	0.68406093	0.663155	1	ambiguous	0	0	1
GSM7230012_hCiPSCs-0618_TACAACGAGGTCATAA-1	0.4238278	0.41512108	1	ambiguous	0	0	1
GSM7230012_hCiPSCs-0618_TACAACGCATTGCCTC-1	0.72820646	0.7052311	1	ambiguous	0	0	1
GSM7230012_hCiPSCs-0618_TACAACGGTCCAGGTC-1	0.6385465	0.6197742	1	ambiguous	0	0	1
GSM7230012_hCiPSCs-0618_TACAACGGTTGGATCT-1	0.10868222	0.11474888	1	ambiguous	0	0	1
GSM7230012_hCiPSCs-0618_TACAACGTCATGCAGT-1	0.764047	0.73939157	1	success	1	0	0
GSM7230012_hCiPSCs-0618_TACAACGTCCACCTGT-1	0.7437365	0.72003317	1	ambiguous	0	0	1
GSM7230012_hCiPSCs-0618_TACAACGTCCCAACTC-1	0.7454674	0.7216829	1	ambiguous	0	0	1
GSM7230012_hCiPSCs-0618_TACAACGTCCTTACCG-1	0.120416544	0.12593313	1	ambiguous	0	0	1
GSM7230012_hCiPSCs-0618_TACAACGTCTGGGCCA-1	0.6428316	0.62385845	1	ambiguous	0	0	1
GSM7230012_hCiPSCs-0618_TACACCCAGCATCCCG-1	0.17815156	0.18096165	1	ambiguous	0	0	1
GSM7230012_hCiPSCs-0618_TACACCCAGGAAACGA-1	0.17940101	0.18215252	1	ambiguous	0	0	1
GSM7230012_hCiPSCs-0618_TACACCCCAATACGAA-1	0.7766909	0.7514427	1	success	1	0	0
GSM7230012_hCiPSCs-0618_TACACCCCACCGCTAG-1	0.12342148	0.1287972	1	ambiguous	0	0	1
GSM7230012_hCiPSCs-0618_TACACCCCATACAGCT-1	0.6640269	0.64406013	1	ambiguous	0	0	1
GSM7230012_hCiPSCs-0618_TACACCCCATAGGAGC-1	0.71519953	0.6928339	1	ambiguous	0	0	1
GSM7230012_hCiPSCs-0618_TACACCCCATTGAGCT-1	0.5831455	0.5669703	1	ambiguous	0	0	1
GSM7230012_hCiPSCs-0618_TACACCCGTAACATCC-1	0.14161144	0.14613445	1	ambiguous	0	0	1
GSM7230012_hCiPSCs-0618_TACACCCGTCATCCCT-1	0.13823499	0.14291628	1	ambiguous	0	0	1
GSM7230012_hCiPSCs-0618_TACACCCGTCCTGTTC-1	0.43638092	0.42708573	1	ambiguous	0	0	1
GSM7230012_hCiPSCs-0618_TACACCCGTTGGCTAT-1	0.09691796	0.1035361	1	failure	0	1	0
GSM7230012_hCiPSCs-0618_TACACCCTCACACCGG-1	0.8938174	0.86307853	1	success	1	0	0
GSM7230012_hCiPSCs-0618_TACACCCTCCTTCTAA-1	0.11967353	0.12522493	1	ambiguous	0	0	1
GSM7230012_hCiPSCs-0618_TACACCCTCTTCCGTG-1	0.08329129	0.090548225	1	failure	0	1	0
GSM7230012_hCiPSCs-0618_TACAGGTAGCACGGAT-1	0.15601297	0.15986086	1	ambiguous	0	0	1
GSM7230012_hCiPSCs-0618_TACAGGTAGGTGAGAA-1	0.64880055	0.6295476	1	ambiguous	0	0	1
GSM7230012_hCiPSCs-0618_TACAGGTAGTAGAATC-1	0.5395543	0.5254225	1	ambiguous	0	0	1
GSM7230012_hCiPSCs-0618_TACAGGTAGTCGAAGC-1	0.72572285	0.70286393	1	ambiguous	0	0	1
GSM7230012_hCiPSCs-0618_TACAGGTAGTTTAGGA-1	0.23581527	0.2359222	1	ambiguous	0	0	1
GSM7230012_hCiPSCs-0618_TACAGGTGTACCGGAA-1	0.43345883	0.4243006	1	ambiguous	0	0	1
GSM7230012_hCiPSCs-0618_TACAGGTGTCCACAGC-1	0.764345	0.7396755	1	success	1	0	0
GSM7230012_hCiPSCs-0618_TACAGGTGTTGTATGC-1	0.7029744	0.68118185	1	ambiguous	0	0	1
GSM7230012_hCiPSCs-0618_TACATTCAGATAGCTA-1	0.34893498	0.3437391	1	ambiguous	0	0	1
GSM7230012_hCiPSCs-0618_TACATTCAGCGTGTTT-1	0.58449596	0.56825745	1	ambiguous	0	0	1
GSM7230012_hCiPSCs-0618_TACATTCAGTAACAGT-1	0.12321532	0.1286007	1	ambiguous	0	0	1
GSM7230012_hCiPSCs-0618_TACATTCGTCCAGAAG-1	0.27759483	0.27574322	1	ambiguous	0	0	1
GSM7230012_hCiPSCs-0618_TACATTCGTTATGTGC-1	0.5706222	0.55503404	1	ambiguous	0	0	1
GSM7230012_hCiPSCs-0618_TACATTCTCGGTGTTA-1	0.15953362	0.16321647	1	ambiguous	0	0	1
GSM7230012_hCiPSCs-0618_TACCCACAGGTACTGG-1	0.5964588	0.5796595	1	ambiguous	0	0	1
GSM7230012_hCiPSCs-0618_TACCCACCAACTTCTT-1	0.24307288	0.24283959	1	ambiguous	0	0	1
GSM7230012_hCiPSCs-0618_TACCCACCACAGCTGC-1	0.13992472	0.1445268	1	ambiguous	0	0	1
GSM7230012_hCiPSCs-0618_TACCCACGTATCACCA-1	0.34366938	0.33872032	1	ambiguous	0	0	1
GSM7230012_hCiPSCs-0618_TACCCACGTGCCTGCA-1	0.27021152	0.268706	1	ambiguous	0	0	1
GSM7230012_hCiPSCs-0618_TACCCACGTGCCTTCT-1	0.14756389	0.15180786	1	ambiguous	0	0	1
GSM7230012_hCiPSCs-0618_TACCCACTCCCGTGTT-1	0.3171177	0.31341332	1	ambiguous	0	0	1
GSM7230012_hCiPSCs-0618_TACCCACTCGTGAGAG-1	0.65807825	0.63839036	1	ambiguous	0	0	1
GSM7230012_hCiPSCs-0618_TACCCGTAGACTACGG-1	0.21680938	0.21780726	1	ambiguous	0	0	1
GSM7230012_hCiPSCs-0618_TACCCGTAGGAAAGTG-1	0.13470498	0.13955174	1	ambiguous	0	0	1
GSM7230012_hCiPSCs-0618_TACCCGTAGGCTTCCG-1	0.09267204	0.09948923	1	failure	0	1	0
GSM7230012_hCiPSCs-0618_TACCCGTAGGTTGACG-1	0.118411735	0.1240223	1	ambiguous	0	0	1
GSM7230012_hCiPSCs-0618_TACCCGTAGTAGTCTC-1	0.6713223	0.65101355	1	ambiguous	0	0	1
GSM7230012_hCiPSCs-0618_TACCCGTAGTGTTGTC-1	0.20827211	0.2096702	1	ambiguous	0	0	1
GSM7230012_hCiPSCs-0618_TACCCGTCACACCAGC-1	0.08885583	0.09585191	1	failure	0	1	0
GSM7230012_hCiPSCs-0618_TACCCGTCACATGGTT-1	0.7792449	0.7538769	1	success	1	0	0
GSM7230012_hCiPSCs-0618_TACCCGTGTGAGAACC-1	0.6993958	0.67777103	1	ambiguous	0	0	1
GSM7230012_hCiPSCs-0618_TACCCGTGTGAGGCAT-1	0.6152979	0.5976155	1	ambiguous	0	0	1
GSM7230012_hCiPSCs-0618_TACCCGTTCACCGCTT-1	0.77070725	0.7457395	1	success	1	0	0
GSM7230012_hCiPSCs-0618_TACCCGTTCACGTCCT-1	0.62685966	0.60863525	1	ambiguous	0	0	1
GSM7230012_hCiPSCs-0618_TACCCGTTCCTGGTCT-1	0.86871505	0.83915293	1	success	1	0	0
GSM7230012_hCiPSCs-0618_TACCCGTTCTTTCGAT-1	0.15170072	0.15575077	1	ambiguous	0	0	1
GSM7230012_hCiPSCs-0618_TACCGAAAGAAGCCTG-1	0.12081336	0.12631135	1	ambiguous	0	0	1
GSM7230012_hCiPSCs-0618_TACCGAAAGCTACTGT-1	0.83104205	0.80324596	1	success	1	0	0
GSM7230012_hCiPSCs-0618_TACCGAAGTTCAAGTC-1	0.13079314	0.1358233	1	ambiguous	0	0	1
GSM7230012_hCiPSCs-0618_TACCGAATCAGCCTTC-1	0.13644198	0.14120731	1	ambiguous	0	0	1
GSM7230012_hCiPSCs-0618_TACCGAATCTGCTTAT-1	0.122141875	0.12757757	1	ambiguous	0	0	1
GSM7230012_hCiPSCs-0618_TACCGGGAGGCATCAG-1	0.4903958	0.47856852	1	ambiguous	0	0	1
GSM7230012_hCiPSCs-0618_TACCGGGAGGTATCTC-1	0.5898759	0.5733852	1	ambiguous	0	0	1
GSM7230012_hCiPSCs-0618_TACCGGGAGTTTGGCT-1	0.10249963	0.10885611	1	failure	0	1	0
GSM7230012_hCiPSCs-0618_TACCGGGCATACGCAT-1	0.68775505	0.6666759	1	ambiguous	0	0	1
GSM7230012_hCiPSCs-0618_TACCGGGGTCGAATGG-1	0.59522563	0.5784841	1	ambiguous	0	0	1
GSM7230012_hCiPSCs-0618_TACCGGGGTCTTACAG-1	0.23041397	0.2307741	1	ambiguous	0	0	1
GSM7230012_hCiPSCs-0618_TACCGGGGTTCCTTGC-1	0.71002203	0.6878991	1	ambiguous	0	0	1
GSM7230012_hCiPSCs-0618_TACCTCGAGCAGTAAT-1	0.10573226	0.11193721	1	failure	0	1	0
GSM7230012_hCiPSCs-0618_TACCTCGAGTCTCCTC-1	0.50657856	0.49399263	1	ambiguous	0	0	1
GSM7230012_hCiPSCs-0618_TACCTCGCAAATGCGG-1	0.59551376	0.5787588	1	ambiguous	0	0	1
GSM7230012_hCiPSCs-0618_TACCTCGCAACGATCT-1	0.7763811	0.7511474	1	success	1	0	0
GSM7230012_hCiPSCs-0618_TACCTCGCACACGTGC-1	0.16370875	0.16719589	1	ambiguous	0	0	1
GSM7230012_hCiPSCs-0618_TACCTCGCATTCACAG-1	0.5985643	0.58166635	1	ambiguous	0	0	1
GSM7230012_hCiPSCs-0618_TACCTCGGTCGTGCCA-1	0.74423385	0.72050714	1	ambiguous	0	0	1
GSM7230012_hCiPSCs-0618_TACCTCGGTGTCACAT-1	0.3353079	0.33075082	1	ambiguous	0	0	1
GSM7230012_hCiPSCs-0618_TACCTCGGTTGCTCCT-1	0.6316594	0.61320996	1	ambiguous	0	0	1
GSM7230012_hCiPSCs-0618_TACCTCGTCTGAATCG-1	0.58027685	0.5642361	1	ambiguous	0	0	1
GSM7230012_hCiPSCs-0618_TACCTGCAGACTCGAG-1	0.57989675	0.5638738	1	ambiguous	0	0	1
GSM7230012_hCiPSCs-0618_TACCTGCAGTCGAAAT-1	0.7470925	0.7232318	1	ambiguous	0	0	1
GSM7230012_hCiPSCs-0618_TACCTGCCAGATCATC-1	0.7859543	0.7602718	1	success	1	0	0
GSM7230012_hCiPSCs-0618_TACCTGCCAGCTATAC-1	0.752051	0.7279578	1	ambiguous	0	0	1
GSM7230012_hCiPSCs-0618_TACCTGCCAGGAGACT-1	0.5956197	0.57885975	1	ambiguous	0	0	1
GSM7230012_hCiPSCs-0618_TACCTGCCAGTCAGTT-1	0.7821377	0.7566341	1	success	1	0	0
GSM7230012_hCiPSCs-0618_TACCTGCGTATGTCTG-1	0.5883679	0.5719479	1	ambiguous	0	0	1
GSM7230012_hCiPSCs-0618_TACCTGCTCAGCTGAT-1	0.73777986	0.7143557	1	ambiguous	0	0	1
GSM7230012_hCiPSCs-0618_TACCTGCTCCCAACTC-1	0.32082444	0.3169463	1	ambiguous	0	0	1
GSM7230012_hCiPSCs-0618_TACCTGCTCTACTTCA-1	0.126252	0.13149503	1	ambiguous	0	0	1
GSM7230012_hCiPSCs-0618_TACGCTCAGAGGCTGT-1	0.12925723	0.13435937	1	ambiguous	0	0	1
GSM7230012_hCiPSCs-0618_TACGCTCAGCCATGCC-1	0.7506635	0.7266354	1	ambiguous	0	0	1
GSM7230012_hCiPSCs-0618_TACGCTCAGGGAGGGT-1	0.5848163	0.56856275	1	ambiguous	0	0	1
GSM7230012_hCiPSCs-0618_TACGCTCAGGTCGTAG-1	0.58770365	0.57131475	1	ambiguous	0	0	1
GSM7230012_hCiPSCs-0618_TACGCTCAGTCACACT-1	0.7286583	0.7056617	1	ambiguous	0	0	1
GSM7230012_hCiPSCs-0618_TACGCTCCAGGTGTTT-1	0.67005026	0.64980114	1	ambiguous	0	0	1
GSM7230012_hCiPSCs-0618_TACGCTCGTACGGGAT-1	0.6401397	0.6212927	1	ambiguous	0	0	1
GSM7230012_hCiPSCs-0618_TACGCTCTCACGATCA-1	0.64862084	0.6293763	1	ambiguous	0	0	1
GSM7230012_hCiPSCs-0618_TACGCTCTCATTGCGA-1	0.6654518	0.6454183	1	ambiguous	0	0	1
GSM7230012_hCiPSCs-0618_TACGCTCTCCCTCTAG-1	0.73700833	0.71362036	1	ambiguous	0	0	1
GSM7230012_hCiPSCs-0618_TACGGGCAGATAGTGT-1	0.07909689	0.08655045	1	failure	0	1	0
GSM7230012_hCiPSCs-0618_TACGGGCAGCATCAGG-1	0.17184626	0.17495193	1	ambiguous	0	0	1
GSM7230012_hCiPSCs-0618_TACGGGCAGTCCCGAC-1	0.17060617	0.17376997	1	ambiguous	0	0	1
GSM7230012_hCiPSCs-0618_TACGGGCCAAATAGCA-1	0.26900512	0.2675562	1	ambiguous	0	0	1
GSM7230012_hCiPSCs-0618_TACGGGCCACGCGCTA-1	0.14016008	0.14475113	1	ambiguous	0	0	1
GSM7230012_hCiPSCs-0618_TACGGGCCACGCGTCA-1	0.33539882	0.3308375	1	ambiguous	0	0	1
GSM7230012_hCiPSCs-0618_TACGGGCCATAACAGA-1	0.16247118	0.16601633	1	ambiguous	0	0	1
GSM7230012_hCiPSCs-0618_TACGGGCCATCATTTC-1	0.6169329	0.59917384	1	ambiguous	0	0	1
GSM7230012_hCiPSCs-0618_TACGGGCGTATCAGCT-1	0.7329304	0.7097336	1	ambiguous	0	0	1
GSM7230012_hCiPSCs-0618_TACGGGCTCACCTCGT-1	0.0966436	0.1032746	1	failure	0	1	0
GSM7230012_hCiPSCs-0618_TACGGGCTCAGCTGTA-1	0.6025965	0.5855095	1	ambiguous	0	0	1
GSM7230012_hCiPSCs-0618_TACGGGCTCATCACTT-1	0.17507972	0.1780338	1	ambiguous	0	0	1
GSM7230012_hCiPSCs-0618_TACGGGCTCGGATACT-1	0.6570506	0.6374109	1	ambiguous	0	0	1
GSM7230012_hCiPSCs-0618_TACGGTAAGCCTCACG-1	0.103939205	0.11022821	1	failure	0	1	0
GSM7230012_hCiPSCs-0618_TACGGTACACACGGTC-1	0.11116624	0.11711646	1	ambiguous	0	0	1
GSM7230012_hCiPSCs-0618_TACGGTACAGAACGCA-1	0.15045738	0.1545657	1	ambiguous	0	0	1
GSM7230012_hCiPSCs-0618_TACGGTACAGCGTATT-1	0.82233524	0.7949473	1	success	1	0	0
GSM7230012_hCiPSCs-0618_TACGGTACAGGACTTT-1	0.76261264	0.7380244	1	success	1	0	0
GSM7230012_hCiPSCs-0618_TACGGTAGTAAGATTG-1	0.13109826	0.1361141	1	ambiguous	0	0	1
GSM7230012_hCiPSCs-0618_TACGGTAGTATCACGT-1	0.69248	0.6711795	1	ambiguous	0	0	1
GSM7230012_hCiPSCs-0618_TACGGTATCGAACGGA-1	0.114486426	0.120281	1	ambiguous	0	0	1
GSM7230012_hCiPSCs-0618_TACGGTATCGCCGAGT-1	0.49311903	0.4811641	1	ambiguous	0	0	1
GSM7230012_hCiPSCs-0618_TACGGTATCGGCTATA-1	0.17255782	0.17563012	1	ambiguous	0	0	1
GSM7230012_hCiPSCs-0618_TACGTCCAGGTTTGAA-1	0.18190436	0.18453851	1	ambiguous	0	0	1
GSM7230012_hCiPSCs-0618_TACGTCCAGTCCCGGT-1	0.5797736	0.56375647	1	ambiguous	0	0	1
GSM7230012_hCiPSCs-0618_TACGTCCCACGCTTAA-1	0.65684474	0.63721466	1	ambiguous	0	0	1
GSM7230012_hCiPSCs-0618_TACGTCCCACTATCCC-1	0.7592297	0.73480004	1	success	1	0	0
GSM7230012_hCiPSCs-0618_TACGTCCCAGGCATTT-1	0.14619358	0.15050177	1	ambiguous	0	0	1
GSM7230012_hCiPSCs-0618_TACGTCCCAGTTAGAA-1	0.7802683	0.7548524	1	success	1	0	0
GSM7230012_hCiPSCs-0618_TACGTCCGTTGCCGCA-1	0.19068103	0.19290376	1	ambiguous	0	0	1
GSM7230012_hCiPSCs-0618_TACGTCCTCTAAGGAA-1	0.21052562	0.21181807	1	ambiguous	0	0	1
GSM7230012_hCiPSCs-0618_TACTGCCAGAACGTGC-1	0.17862259	0.1814106	1	ambiguous	0	0	1
GSM7230012_hCiPSCs-0618_TACTGCCAGTTTCTTC-1	0.7568336	0.7325163	1	success	1	0	0
GSM7230012_hCiPSCs-0618_TACTGCCCAGACCCGT-1	0.57284784	0.5571554	1	ambiguous	0	0	1
GSM7230012_hCiPSCs-0618_TACTGCCGTCGAACAG-1	0.628038	0.6097583	1	ambiguous	0	0	1
GSM7230012_hCiPSCs-0618_TACTGCCGTCGCCTAG-1	0.624743	0.60661775	1	ambiguous	0	0	1
GSM7230012_hCiPSCs-0618_TACTGCCGTGATCATC-1	0.62832516	0.610032	1	ambiguous	0	0	1
GSM7230012_hCiPSCs-0618_TACTGCCGTGGCTCTG-1	0.6232295	0.60517526	1	ambiguous	0	0	1
GSM7230012_hCiPSCs-0618_TACTGCCGTTAAGGAT-1	0.14012282	0.1447156	1	ambiguous	0	0	1
GSM7230012_hCiPSCs-0618_TACTGCCTCGAGATGG-1	0.60596377	0.58871883	1	ambiguous	0	0	1
GSM7230012_hCiPSCs-0618_TACTGCCTCTCGAACA-1	0.58847964	0.5720544	1	ambiguous	0	0	1
GSM7230012_hCiPSCs-0618_TACTTACAGAAGATCT-1	0.6633478	0.6434128	1	ambiguous	0	0	1
GSM7230012_hCiPSCs-0618_TACTTACAGCTGACCC-1	0.1131451	0.11900255	1	ambiguous	0	0	1
GSM7230012_hCiPSCs-0618_TACTTACAGGCGATAC-1	0.75069463	0.7266651	1	ambiguous	0	0	1
GSM7230012_hCiPSCs-0618_TACTTACAGTAGGTTA-1	0.10560352	0.111814514	1	failure	0	1	0
GSM7230012_hCiPSCs-0618_TACTTACCATAGCTGT-1	0.13079824	0.13582815	1	ambiguous	0	0	1
GSM7230012_hCiPSCs-0618_TACTTACGTCCAGCGT-1	0.7121543	0.68993145	1	ambiguous	0	0	1
GSM7230012_hCiPSCs-0618_TACTTACGTGGCCACT-1	0.6304704	0.6120767	1	ambiguous	0	0	1
GSM7230012_hCiPSCs-0618_TACTTACGTTCAGCGC-1	0.6129952	0.5954207	1	ambiguous	0	0	1
GSM7230012_hCiPSCs-0618_TACTTACTCCGTTTCG-1	0.136977	0.14171727	1	ambiguous	0	0	1
GSM7230012_hCiPSCs-0618_TACTTACTCCTTGGAA-1	0.5869932	0.5706376	1	ambiguous	0	0	1
GSM7230012_hCiPSCs-0618_TACTTACTCTATCGGA-1	0.045212794	0.054254774	1	failure	0	1	0
GSM7230012_hCiPSCs-0618_TACTTCAAGCAGGCTA-1	0.66777134	0.6476291	1	ambiguous	0	0	1
GSM7230012_hCiPSCs-0618_TACTTCAAGCTCTGTA-1	0.52603	0.5125323	1	ambiguous	0	0	1
GSM7230012_hCiPSCs-0618_TACTTCACAAGACAAT-1	0.7114507	0.6892608	1	ambiguous	0	0	1
GSM7230012_hCiPSCs-0618_TACTTCAGTCCATACA-1	0.5626853	0.54746926	1	ambiguous	0	0	1
GSM7230012_hCiPSCs-0618_TACTTCATCGTGCGAC-1	0.65338427	0.6339164	1	ambiguous	0	0	1
GSM7230012_hCiPSCs-0618_TACTTGTAGGTTGGAC-1	0.14043088	0.14500922	1	ambiguous	0	0	1
GSM7230012_hCiPSCs-0618_TACTTGTCACTCCGGA-1	0.55323446	0.53846145	1	ambiguous	0	0	1
GSM7230012_hCiPSCs-0618_TACTTGTCATAGCACT-1	0.71173555	0.68953234	1	ambiguous	0	0	1
GSM7230012_hCiPSCs-0618_TACTTGTGTACAAACA-1	0.6458868	0.6267704	1	ambiguous	0	0	1
GSM7230012_hCiPSCs-0618_TACTTGTGTCACAGAG-1	0.13774823	0.14245234	1	ambiguous	0	0	1
GSM7230012_hCiPSCs-0618_TACTTGTTCAACCCGG-1	0.32680404	0.3226456	1	ambiguous	0	0	1
GSM7230012_hCiPSCs-0618_TACTTGTTCAGGTGTT-1	0.8422149	0.81389505	1	success	1	0	0
GSM7230012_hCiPSCs-0618_TACTTGTTCTAAGCGT-1	0.03932637	0.048644293	1	failure	0	1	0
GSM7230012_hCiPSCs-0618_TAGACCAAGTGATAAC-1	0.8084677	0.7817298	1	success	1	0	0
GSM7230012_hCiPSCs-0618_TAGACCACATCATTTC-1	0.49454358	0.48252186	1	ambiguous	0	0	1
GSM7230012_hCiPSCs-0618_TAGACCAGTCGGAACA-1	0.3435731	0.33862856	1	ambiguous	0	0	1
GSM7230012_hCiPSCs-0618_TAGACCAGTGAATTGA-1	0.7221757	0.69948304	1	ambiguous	0	0	1
GSM7230012_hCiPSCs-0618_TAGACCATCAAAGGTA-1	0.6065527	0.58928025	1	ambiguous	0	0	1
GSM7230012_hCiPSCs-0618_TAGACCATCATTACTC-1	0.734457	0.7111887	1	ambiguous	0	0	1
GSM7230012_hCiPSCs-0618_TAGACCATCTGAGAGG-1	0.47198164	0.46101755	1	ambiguous	0	0	1
GSM7230012_hCiPSCs-0618_TAGACTGAGATCACTC-1	0.12788412	0.13305064	1	ambiguous	0	0	1
GSM7230012_hCiPSCs-0618_TAGACTGCAAATGGAT-1	0.5563686	0.54144865	1	ambiguous	0	0	1
GSM7230012_hCiPSCs-0618_TAGACTGCACTAGTAC-1	0.2299519	0.2303337	1	ambiguous	0	0	1
GSM7230012_hCiPSCs-0618_TAGACTGGTGCCTACG-1	0.62257564	0.60455203	1	ambiguous	0	0	1
GSM7230012_hCiPSCs-0618_TAGACTGTCGGCAGTC-1	0.09615571	0.102809586	1	failure	0	1	0
GSM7230012_hCiPSCs-0618_TAGACTGTCTGCTAGA-1	0.13151582	0.13651209	1	ambiguous	0	0	1
GSM7230012_hCiPSCs-0618_TAGAGTCAGGGAGGAC-1	0.118741214	0.124336325	1	ambiguous	0	0	1
GSM7230012_hCiPSCs-0618_TAGAGTCAGTCAATCC-1	0.73369044	0.710458	1	ambiguous	0	0	1
GSM7230012_hCiPSCs-0618_TAGAGTCAGTCGGCCT-1	0.63512915	0.61651707	1	ambiguous	0	0	1
GSM7230012_hCiPSCs-0618_TAGAGTCTCGCAGTGC-1	0.18029037	0.18300019	1	ambiguous	0	0	1
GSM7230012_hCiPSCs-0618_TAGATCGAGCAGCCCT-1	0.19395743	0.19602656	1	ambiguous	0	0	1
GSM7230012_hCiPSCs-0618_TAGATCGAGTACCGGA-1	0.1251334	0.13042887	1	ambiguous	0	0	1
GSM7230012_hCiPSCs-0618_TAGATCGCAAACACCT-1	0.76034003	0.7358583	1	success	1	0	0
GSM7230012_hCiPSCs-0618_TAGATCGCAAAGGCTG-1	0.12741995	0.13260823	1	ambiguous	0	0	1
GSM7230012_hCiPSCs-0618_TAGATCGCACGGCCAT-1	0.6025006	0.5854181	1	ambiguous	0	0	1
GSM7230012_hCiPSCs-0618_TAGATCGCAGCCGTTG-1	0.12666047	0.13188434	1	ambiguous	0	0	1
GSM7230012_hCiPSCs-0618_TAGATCGCAGCTATAC-1	0.27752185	0.27567366	1	ambiguous	0	0	1
GSM7230012_hCiPSCs-0618_TAGATCGCAGTCGAGA-1	0.33194903	0.3275494	1	ambiguous	0	0	1
GSM7230012_hCiPSCs-0618_TAGATCGGTGGCACTC-1	0.67601585	0.65548706	1	ambiguous	0	0	1
GSM7230012_hCiPSCs-0618_TAGATCGTCCGCGATG-1	0.6818823	0.6610786	1	ambiguous	0	0	1
GSM7230012_hCiPSCs-0618_TAGATCGTCGGCATTA-1	0.55634934	0.5414303	1	ambiguous	0	0	1
GSM7230012_hCiPSCs-0618_TAGCACAAGCACGATG-1	0.76267505	0.73808384	1	success	1	0	0
GSM7230012_hCiPSCs-0618_TAGCACAAGCCTGAGA-1	0.7905653	0.7646667	1	success	1	0	0
GSM7230012_hCiPSCs-0618_TAGCACAAGCCTTTCC-1	0.17451532	0.17749587	1	ambiguous	0	0	1
GSM7230012_hCiPSCs-0618_TAGCACAAGGTAATCA-1	0.13042071	0.13546832	1	ambiguous	0	0	1
GSM7230012_hCiPSCs-0618_TAGCACACAAGACTGG-1	0.6984797	0.6768978	1	ambiguous	0	0	1
GSM7230012_hCiPSCs-0618_TAGCACAGTAGGTTTC-1	0.1447934	0.14916724	1	ambiguous	0	0	1
GSM7230012_hCiPSCs-0618_TAGCACAGTCAACCTA-1	0.0917217	0.09858343	1	failure	0	1	0
GSM7230012_hCiPSCs-0618_TAGCACAGTTATAGCC-1	0.16382135	0.1673032	1	ambiguous	0	0	1
GSM7230012_hCiPSCs-0618_TAGCACAGTTGCTCAA-1	0.6163126	0.5985826	1	ambiguous	0	0	1
GSM7230012_hCiPSCs-0618_TAGCACATCTTCGACC-1	0.7256516	0.70279604	1	ambiguous	0	0	1
GSM7230012_hCiPSCs-0618_TAGGAGGAGAATACAC-1	0.13055775	0.13559893	1	ambiguous	0	0	1
GSM7230012_hCiPSCs-0618_TAGGAGGAGCAACAGC-1	0.8071799	0.78050244	1	success	1	0	0
GSM7230012_hCiPSCs-0618_TAGGAGGCAGACCTAT-1	0.62999547	0.611624	1	ambiguous	0	0	1
GSM7230012_hCiPSCs-0618_TAGGAGGCAGCGTGAA-1	0.5151643	0.5021759	1	ambiguous	0	0	1
GSM7230012_hCiPSCs-0618_TAGGAGGGTGGCTGAA-1	0.6912594	0.670016	1	ambiguous	0	0	1
GSM7230012_hCiPSCs-0618_TAGGAGGTCAGTCATG-1	0.7454667	0.7216822	1	ambiguous	0	0	1
GSM7230012_hCiPSCs-0618_TAGGAGGTCCCATACC-1	0.58735675	0.5709841	1	ambiguous	0	0	1
GSM7230012_hCiPSCs-0618_TAGGAGGTCGTAGTCA-1	0.13724932	0.14197682	1	ambiguous	0	0	1
GSM7230012_hCiPSCs-0618_TAGGGTTAGCAAACAT-1	0.24552152	0.24517342	1	ambiguous	0	0	1
GSM7230012_hCiPSCs-0618_TAGGGTTAGTGAACAT-1	0.48887095	0.47711512	1	ambiguous	0	0	1
GSM7230012_hCiPSCs-0618_TAGGGTTCAGAAATTG-1	0.6961041	0.6746337	1	ambiguous	0	0	1
GSM7230012_hCiPSCs-0618_TAGGGTTCATCGATAC-1	0.7452798	0.72150403	1	ambiguous	0	0	1
GSM7230012_hCiPSCs-0618_TAGGGTTCATGCCGCA-1	0.09588523	0.10255179	1	failure	0	1	0
GSM7230012_hCiPSCs-0618_TAGGGTTGTCATCCGG-1	0.12952577	0.13461532	1	ambiguous	0	0	1
GSM7230012_hCiPSCs-0618_TAGGGTTGTTCGGCTG-1	0.120844774	0.12634128	1	ambiguous	0	0	1
GSM7230012_hCiPSCs-0618_TAGGGTTTCAATGTCG-1	0.7060337	0.68409777	1	ambiguous	0	0	1
GSM7230012_hCiPSCs-0618_TAGGGTTTCATAGCAC-1	0.6085289	0.59116375	1	ambiguous	0	0	1
GSM7230012_hCiPSCs-0618_TAGGGTTTCGTGTCAA-1	0.13672766	0.14147961	1	ambiguous	0	0	1
GSM7230012_hCiPSCs-0618_TAGGGTTTCTCTGACC-1	0.66145784	0.6416115	1	ambiguous	0	0	1
GSM7230012_hCiPSCs-0618_TAGGTACAGCGCCGTT-1	0.6093699	0.5919653	1	ambiguous	0	0	1
GSM7230012_hCiPSCs-0618_TAGGTACCAACCCGCA-1	0.8136744	0.78669244	1	success	1	0	0
GSM7230012_hCiPSCs-0618_TAGGTACCAAGAAACT-1	0.52087283	0.5076168	1	ambiguous	0	0	1
GSM7230012_hCiPSCs-0618_TAGGTACCACAATTCG-1	0.123392075	0.12876917	1	ambiguous	0	0	1
GSM7230012_hCiPSCs-0618_TAGGTACCAGCGAACA-1	0.10510843	0.111342624	1	failure	0	1	0
GSM7230012_hCiPSCs-0618_TAGGTACGTAACATGA-1	0.7549869	0.7307561	1	success	1	0	0
GSM7230012_hCiPSCs-0618_TAGGTACGTCATCACA-1	0.742067	0.71844184	1	ambiguous	0	0	1
GSM7230012_hCiPSCs-0618_TAGGTACGTTCGGCGT-1	0.6803626	0.65963006	1	ambiguous	0	0	1
GSM7230012_hCiPSCs-0618_TAGGTACTCAACCTTT-1	0.7151635	0.69279957	1	ambiguous	0	0	1
GSM7230012_hCiPSCs-0618_TAGGTACTCCCAGTGG-1	0.7382482	0.7148021	1	ambiguous	0	0	1
GSM7230012_hCiPSCs-0618_TAGGTACTCCGCAAAT-1	0.67288196	0.6525001	1	ambiguous	0	0	1
GSM7230012_hCiPSCs-0618_TAGGTTGAGCGCTGAA-1	0.70806146	0.68603045	1	ambiguous	0	0	1
GSM7230012_hCiPSCs-0618_TAGGTTGCACATATGC-1	0.12522951	0.13052046	1	ambiguous	0	0	1
GSM7230012_hCiPSCs-0618_TAGGTTGCACCAACAT-1	0.12129755	0.12677284	1	ambiguous	0	0	1
GSM7230012_hCiPSCs-0618_TAGGTTGCATCGCTCT-1	0.21316138	0.21433027	1	ambiguous	0	0	1
GSM7230012_hCiPSCs-0618_TAGGTTGGTATTGACC-1	0.71934533	0.69678533	1	ambiguous	0	0	1
GSM7230012_hCiPSCs-0618_TAGGTTGTCCGGCTTT-1	0.5491065	0.53452694	1	ambiguous	0	0	1
GSM7230012_hCiPSCs-0618_TAGGTTGTCGAACGCC-1	0.6786541	0.6580016	1	ambiguous	0	0	1
GSM7230012_hCiPSCs-0618_TAGGTTGTCTCTCTAA-1	0.61493886	0.59727323	1	ambiguous	0	0	1
GSM7230012_hCiPSCs-0618_TAGGTTGTCTTGGTGA-1	0.16313997	0.16665375	1	ambiguous	0	0	1
GSM7230012_hCiPSCs-0618_TAGTGCAAGACATCCT-1	0.13425413	0.13912204	1	ambiguous	0	0	1
GSM7230012_hCiPSCs-0618_TAGTGCAAGACGGTTG-1	0.5623325	0.54713297	1	ambiguous	0	0	1
GSM7230012_hCiPSCs-0618_TAGTGCAAGCCATCCG-1	0.25700894	0.25612235	1	ambiguous	0	0	1
GSM7230012_hCiPSCs-0618_TAGTGCAAGTCCCAAT-1	0.78527725	0.7596265	1	success	1	0	0
GSM7230012_hCiPSCs-0618_TAGTGCACATATCTGG-1	0.23185775	0.2321502	1	ambiguous	0	0	1
GSM7230012_hCiPSCs-0618_TAGTGCAGTTCGGTCG-1	0.8110054	0.78414863	1	success	1	0	0
GSM7230012_hCiPSCs-0618_TAGTGCATCAGCCTTC-1	0.13939573	0.1440226	1	ambiguous	0	0	1
GSM7230012_hCiPSCs-0618_TAGTGCATCCCTCAAC-1	0.8493456	0.8206915	1	success	1	0	0
GSM7230012_hCiPSCs-0618_TATACCTAGACTTCAC-1	0.155066	0.15895829	1	ambiguous	0	0	1
GSM7230012_hCiPSCs-0618_TATACCTAGCTCGACC-1	0.85224557	0.8234555	1	success	1	0	0
GSM7230012_hCiPSCs-0618_TATACCTAGTGGTGAC-1	0.10511796	0.11135171	1	failure	0	1	0
GSM7230012_hCiPSCs-0618_TATACCTCAACACAAA-1	0.583604	0.56740725	1	ambiguous	0	0	1
GSM7230012_hCiPSCs-0618_TATACCTCAAGGCAAC-1	0.3489904	0.3437919	1	ambiguous	0	0	1
GSM7230012_hCiPSCs-0618_TATACCTCAAGTGTCT-1	0.102828406	0.10916948	1	failure	0	1	0
GSM7230012_hCiPSCs-0618_TATACCTCAATAGGGC-1	0.617661	0.59986776	1	ambiguous	0	0	1
GSM7230012_hCiPSCs-0618_TATACCTCAGTAACCT-1	0.54701525	0.5325337	1	ambiguous	0	0	1
GSM7230012_hCiPSCs-0618_TATACCTCAGTCGTTA-1	0.4829311	0.47145376	1	ambiguous	0	0	1
GSM7230012_hCiPSCs-0618_TATACCTCATCAGTGT-1	0.44821858	0.43836847	1	ambiguous	0	0	1
GSM7230012_hCiPSCs-0618_TATACCTGTACCCGCA-1	0.5971837	0.5803504	1	ambiguous	0	0	1
GSM7230012_hCiPSCs-0618_TATACCTGTATGAAAC-1	0.11671849	0.12240843	1	ambiguous	0	0	1
GSM7230012_hCiPSCs-0618_TATACCTGTGATTCTG-1	0.0978349	0.10441006	1	failure	0	1	0
GSM7230012_hCiPSCs-0618_TATACCTTCAGCGCAC-1	0.08232398	0.08962627	1	failure	0	1	0
GSM7230012_hCiPSCs-0618_TATACCTTCATCCTAT-1	0.90854716	0.8771178	1	success	1	0	0
GSM7230012_hCiPSCs-0618_TATACCTTCGGTAAGG-1	0.07821798	0.085712746	1	failure	0	1	0
GSM7230012_hCiPSCs-0618_TATACCTTCTTAGCCC-1	0.10926913	0.11530827	1	ambiguous	0	0	1
GSM7230012_hCiPSCs-0618_TATATCCAGCGACTTT-1	0.12080183	0.12630035	1	ambiguous	0	0	1
GSM7230012_hCiPSCs-0618_TATATCCAGTATTCCG-1	0.6152396	0.59755987	1	ambiguous	0	0	1
GSM7230012_hCiPSCs-0618_TATATCCCAAGCGGAT-1	0.64393955	0.62491447	1	ambiguous	0	0	1
GSM7230012_hCiPSCs-0618_TATATCCCAATTGAGA-1	0.6708592	0.6505721	1	ambiguous	0	0	1
GSM7230012_hCiPSCs-0618_TATATCCGTACCGGAA-1	0.5417465	0.527512	1	ambiguous	0	0	1
GSM7230012_hCiPSCs-0618_TATATCCGTCAATCTG-1	0.111632295	0.11756066	1	ambiguous	0	0	1
GSM7230012_hCiPSCs-0618_TATATCCGTCTCAGAT-1	0.700681	0.6789959	1	ambiguous	0	0	1
GSM7230012_hCiPSCs-0618_TATATCCGTGTATTCG-1	0.643952	0.6249263	1	ambiguous	0	0	1
GSM7230012_hCiPSCs-0618_TATATCCTCAATCAGC-1	0.6932508	0.67191404	1	ambiguous	0	0	1
GSM7230012_hCiPSCs-0618_TATATCCTCACTGTCC-1	0.6239364	0.605849	1	ambiguous	0	0	1
GSM7230012_hCiPSCs-0618_TATATCCTCCTGGGTG-1	0.04809984	0.05700648	1	failure	0	1	0
GSM7230012_hCiPSCs-0618_TATATCCTCGTTCTGC-1	0.56664675	0.551245	1	ambiguous	0	0	1
GSM7230012_hCiPSCs-0618_TATATCCTCTAGTGTG-1	0.22033833	0.22117078	1	ambiguous	0	0	1
GSM7230012_hCiPSCs-0618_TATCAGGCACAGCATT-1	0.105377264	0.11159886	1	failure	0	1	0
GSM7230012_hCiPSCs-0618_TATCAGGCAGAGATGC-1	0.51829183	0.5051568	1	ambiguous	0	0	1
GSM7230012_hCiPSCs-0618_TATCAGGTCACCTTGC-1	0.45564783	0.44544944	1	ambiguous	0	0	1
GSM7230012_hCiPSCs-0618_TATCAGGTCTACGCAA-1	0.62684447	0.6086207	1	ambiguous	0	0	1
GSM7230012_hCiPSCs-0618_TATCCTAAGAACTTCC-1	0.720137	0.6975399	1	ambiguous	0	0	1
GSM7230012_hCiPSCs-0618_TATCCTAAGCGCTGCT-1	0.7584022	0.73401135	1	success	1	0	0
GSM7230012_hCiPSCs-0618_TATCCTAAGGCATCTT-1	0.49273998	0.4808028	1	ambiguous	0	0	1
GSM7230012_hCiPSCs-0618_TATCCTAAGTACGTCT-1	0.6353707	0.61674726	1	ambiguous	0	0	1
GSM7230012_hCiPSCs-0618_TATCCTACACGGTAGA-1	0.16683066	0.17017144	1	ambiguous	0	0	1
GSM7230012_hCiPSCs-0618_TATCCTACATGTACGT-1	0.09804887	0.104614004	1	failure	0	1	0
GSM7230012_hCiPSCs-0618_TATCCTACATTGTAGC-1	0.14322342	0.14767087	1	ambiguous	0	0	1
GSM7230012_hCiPSCs-0618_TATCCTAGTAGTTACC-1	0.4790063	0.4677129	1	ambiguous	0	0	1
GSM7230012_hCiPSCs-0618_TATCCTAGTCGCGTCA-1	0.0651218	0.07323048	1	failure	0	1	0
GSM7230012_hCiPSCs-0618_TATCCTATCACCCATC-1	0.39303303	0.3857699	1	ambiguous	0	0	1
GSM7230012_hCiPSCs-0618_TATCGCCAGCCACAAG-1	0.15161529	0.15566933	1	ambiguous	0	0	1
GSM7230012_hCiPSCs-0618_TATCGCCAGGTGCAGT-1	0.66947883	0.64925647	1	ambiguous	0	0	1
GSM7230012_hCiPSCs-0618_TATCGCCAGTCCTGCG-1	0.17716695	0.1800232	1	ambiguous	0	0	1
GSM7230012_hCiPSCs-0618_TATCGCCAGTTCACTG-1	0.67905813	0.65838677	1	ambiguous	0	0	1
GSM7230012_hCiPSCs-0618_TATCGCCAGTTGAATG-1	0.56470376	0.5493931	1	ambiguous	0	0	1
GSM7230012_hCiPSCs-0618_TATCGCCCAACTTGGT-1	0.18954848	0.1918243	1	ambiguous	0	0	1
GSM7230012_hCiPSCs-0618_TATCGCCCACCCGTAG-1	0.77149105	0.7464866	1	success	1	0	0
GSM7230012_hCiPSCs-0618_TATCGCCCAGTCAGCC-1	0.2620092	0.26088822	1	ambiguous	0	0	1
GSM7230012_hCiPSCs-0618_TATCGCCCAGTCGAGA-1	0.61627936	0.59855086	1	ambiguous	0	0	1
GSM7230012_hCiPSCs-0618_TATCGCCCATGGCCCA-1	0.6318308	0.61337334	1	ambiguous	0	0	1
GSM7230012_hCiPSCs-0618_TATCGCCTCGTTACCC-1	0.6319302	0.61346805	1	ambiguous	0	0	1
GSM7230012_hCiPSCs-0618_TATCGCCTCTACGCGG-1	0.123327	0.12870714	1	ambiguous	0	0	1
GSM7230012_hCiPSCs-0618_TATCTGTAGTTGAAGT-1	0.70023155	0.6785676	1	ambiguous	0	0	1
GSM7230012_hCiPSCs-0618_TATCTGTCAAGACAAT-1	0.6458386	0.6267245	1	ambiguous	0	0	1
GSM7230012_hCiPSCs-0618_TATCTGTCACTGCGTG-1	0.074287474	0.08196649	1	failure	0	1	0
GSM7230012_hCiPSCs-0618_TATCTGTCACTTGACA-1	0.7204097	0.6977998	1	ambiguous	0	0	1
GSM7230012_hCiPSCs-0618_TATCTGTCAGCAGATG-1	0.7331487	0.7099417	1	ambiguous	0	0	1
GSM7230012_hCiPSCs-0618_TATCTGTCATTGGCAT-1	0.47154096	0.46059754	1	ambiguous	0	0	1
GSM7230012_hCiPSCs-0618_TATCTGTGTCTCGACG-1	0.15283227	0.15682927	1	ambiguous	0	0	1
GSM7230012_hCiPSCs-0618_TATCTGTGTGGAATGC-1	0.7091844	0.68710077	1	ambiguous	0	0	1
GSM7230012_hCiPSCs-0618_TATCTGTGTTCGAACT-1	0.66682297	0.6467251	1	ambiguous	0	0	1
GSM7230012_hCiPSCs-0618_TATCTGTTCGCCAGTG-1	0.64677453	0.6276165	1	ambiguous	0	0	1
GSM7230012_hCiPSCs-0618_TATCTGTTCGTAACTG-1	0.51881313	0.5056537	1	ambiguous	0	0	1
GSM7230012_hCiPSCs-0618_TATCTGTTCGTAGGAG-1	0.51443285	0.5014788	1	ambiguous	0	0	1
GSM7230012_hCiPSCs-0618_TATCTTGAGTAGAGTT-1	0.45788786	0.44758445	1	ambiguous	0	0	1
GSM7230012_hCiPSCs-0618_TATCTTGCAACTTGCA-1	0.08118812	0.08854365	1	failure	0	1	0
GSM7230012_hCiPSCs-0618_TATCTTGCAGCACCCA-1	0.7304712	0.70738965	1	ambiguous	0	0	1
GSM7230012_hCiPSCs-0618_TATCTTGCAGCTGGTC-1	0.6822207	0.66140103	1	ambiguous	0	0	1
GSM7230012_hCiPSCs-0618_TATCTTGGTTCTCGCT-1	0.09767208	0.10425488	1	failure	0	1	0
GSM7230012_hCiPSCs-0618_TATCTTGTCAGCATTG-1	0.6497275	0.6304311	1	ambiguous	0	0	1
GSM7230012_hCiPSCs-0618_TATCTTGTCCTAACAG-1	0.754906	0.730679	1	success	1	0	0
GSM7230012_hCiPSCs-0618_TATCTTGTCTCATAGG-1	0.6923859	0.67108977	1	ambiguous	0	0	1
GSM7230012_hCiPSCs-0618_TATGTTCAGGGAGGGT-1	0.38526785	0.37836874	1	ambiguous	0	0	1
GSM7230012_hCiPSCs-0618_TATGTTCCACCAAAGG-1	0.14325549	0.14770143	1	ambiguous	0	0	1
GSM7230012_hCiPSCs-0618_TATGTTCGTACGATCT-1	0.59986824	0.5829091	1	ambiguous	0	0	1
GSM7230012_hCiPSCs-0618_TATGTTCGTTCAGTAC-1	0.6724052	0.65204567	1	ambiguous	0	0	1
GSM7230012_hCiPSCs-0618_TATGTTCTCCGAAATC-1	0.65991634	0.6401423	1	ambiguous	0	0	1
GSM7230012_hCiPSCs-0618_TATGTTCTCGTTGCCT-1	0.0969962	0.10361068	1	failure	0	1	0
GSM7230012_hCiPSCs-0618_TATTCCAAGTCACAGG-1	0.5668418	0.5514308	1	ambiguous	0	0	1
GSM7230012_hCiPSCs-0618_TATTCCAAGTGAGTGC-1	0.558564	0.54354113	1	ambiguous	0	0	1
GSM7230012_hCiPSCs-0618_TATTCCACAAGGTACG-1	0.7598589	0.7353997	1	success	1	0	0
GSM7230012_hCiPSCs-0618_TATTCCACACAGTGAG-1	0.56207305	0.5468857	1	ambiguous	0	0	1
GSM7230012_hCiPSCs-0618_TATTCCAGTACAGTCT-1	0.6163509	0.5986191	1	ambiguous	0	0	1
GSM7230012_hCiPSCs-0618_TATTCCATCGCCGAAC-1	0.6317144	0.6132624	1	ambiguous	0	0	1
GSM7230012_hCiPSCs-0618_TATTGCTAGGTAGATT-1	0.6911645	0.6699256	1	ambiguous	0	0	1
GSM7230012_hCiPSCs-0618_TATTGCTCACTGGCGT-1	0.1852577	0.18773466	1	ambiguous	0	0	1
GSM7230012_hCiPSCs-0618_TATTGCTCAGAGATTA-1	0.7992233	0.7729188	1	success	1	0	0
GSM7230012_hCiPSCs-0618_TATTGCTGTAGGAGTC-1	0.6861309	0.66512793	1	ambiguous	0	0	1
GSM7230012_hCiPSCs-0618_TATTGCTGTCCGTACG-1	0.18030606	0.18301514	1	ambiguous	0	0	1
GSM7230012_hCiPSCs-0618_TATTGCTGTGGCTGCT-1	0.44017047	0.43069762	1	ambiguous	0	0	1
GSM7230012_hCiPSCs-0618_TATTGCTTCAGTCACA-1	0.13655357	0.14131369	1	ambiguous	0	0	1
GSM7230012_hCiPSCs-0618_TATTGCTTCGATCCCT-1	0.8390667	0.81089437	1	success	1	0	0
GSM7230012_hCiPSCs-0618_TATTGGGAGAATTTGG-1	0.6052278	0.5880174	1	ambiguous	0	0	1
GSM7230012_hCiPSCs-0618_TATTGGGAGATGGTAT-1	0.07984003	0.087258756	1	failure	0	1	0
GSM7230012_hCiPSCs-0618_TATTGGGCAATACGAA-1	0.7386535	0.7151884	1	ambiguous	0	0	1
GSM7230012_hCiPSCs-0618_TATTGGGCAATTGAGA-1	0.18045808	0.18316004	1	ambiguous	0	0	1
GSM7230012_hCiPSCs-0618_TATTGGGCACTAACGT-1	0.6450197	0.62594396	1	ambiguous	0	0	1
GSM7230012_hCiPSCs-0618_TATTGGGGTTGTATGC-1	0.746241	0.7224202	1	ambiguous	0	0	1
GSM7230012_hCiPSCs-0618_TATTGGGTCACCTCTG-1	0.6741892	0.65374607	1	ambiguous	0	0	1
GSM7230012_hCiPSCs-0618_TATTGGGTCACTGTCC-1	0.62922066	0.61088556	1	ambiguous	0	0	1
GSM7230012_hCiPSCs-0618_TATTTCGCAACTTGGT-1	0.49770838	0.4855383	1	ambiguous	0	0	1
GSM7230012_hCiPSCs-0618_TATTTCGCACAAACGG-1	0.6130868	0.59550804	1	ambiguous	0	0	1
GSM7230012_hCiPSCs-0618_TATTTCGCACCAATTG-1	0.5546315	0.5397929	1	ambiguous	0	0	1
GSM7230012_hCiPSCs-0618_TATTTCGCAGGCTACC-1	0.10786075	0.11396592	1	ambiguous	0	0	1
GSM7230012_hCiPSCs-0618_TATTTCGCATCGTTCC-1	0.69491595	0.67350113	1	ambiguous	0	0	1
GSM7230012_hCiPSCs-0618_TATTTCGGTACCGTCG-1	0.5466095	0.53214705	1	ambiguous	0	0	1
GSM7230012_hCiPSCs-0618_TATTTCGGTCTCGACG-1	0.046031933	0.05503551	1	failure	0	1	0
GSM7230012_hCiPSCs-0618_TATTTCGGTGGCTCTG-1	0.6052275	0.5880171	1	ambiguous	0	0	1
GSM7230012_hCiPSCs-0618_TATTTCGGTTGGGATG-1	0.36842012	0.3623108	1	ambiguous	0	0	1
GSM7230012_hCiPSCs-0618_TATTTCGTCCTGTTGC-1	0.2923327	0.2897902	1	ambiguous	0	0	1
GSM7230012_hCiPSCs-0618_TATTTCGTCGCCATAA-1	0.3942474	0.38692737	1	ambiguous	0	0	1
GSM7230012_hCiPSCs-0618_TATTTCGTCTCAACCC-1	0.5318342	0.5180644	1	ambiguous	0	0	1
GSM7230012_hCiPSCs-0618_TATTTCGTCTTTACAC-1	0.39782125	0.39033368	1	ambiguous	0	0	1
GSM7230012_hCiPSCs-0618_TCAAGACAGACTCAAA-1	0.61490625	0.5972422	1	ambiguous	0	0	1
GSM7230012_hCiPSCs-0618_TCAAGACAGAGAATCT-1	0.76222545	0.73765534	1	success	1	0	0
GSM7230012_hCiPSCs-0618_TCAAGACAGATCCCAT-1	0.57569695	0.5598709	1	ambiguous	0	0	1
GSM7230012_hCiPSCs-0618_TCAAGACAGGATGGCT-1	0.70737535	0.6853765	1	ambiguous	0	0	1
GSM7230012_hCiPSCs-0618_TCAAGACCACAGACGA-1	0.79944354	0.77312875	1	success	1	0	0
GSM7230012_hCiPSCs-0618_TCAAGACCACAGCGCT-1	0.21317585	0.21434405	1	ambiguous	0	0	1
GSM7230012_hCiPSCs-0618_TCAAGACGTAAGTAGT-1	0.5757291	0.55990154	1	ambiguous	0	0	1
GSM7230012_hCiPSCs-0618_TCAAGACGTACAGCGA-1	0.13926099	0.14389418	1	ambiguous	0	0	1
GSM7230012_hCiPSCs-0618_TCAAGACGTCATCGCG-1	0.55717164	0.54221404	1	ambiguous	0	0	1
GSM7230012_hCiPSCs-0618_TCAAGACGTTACGATC-1	0.71121526	0.68903637	1	ambiguous	0	0	1
GSM7230012_hCiPSCs-0618_TCAAGACTCACTTGTT-1	0.4299932	0.42099747	1	ambiguous	0	0	1
GSM7230012_hCiPSCs-0618_TCAAGACTCGGTAAGG-1	0.14332257	0.14776537	1	ambiguous	0	0	1
GSM7230012_hCiPSCs-0618_TCAAGACTCGTCAAAC-1	0.6127444	0.59518164	1	ambiguous	0	0	1
GSM7230012_hCiPSCs-0618_TCAAGCAAGGGTCTTT-1	0.7883046	0.76251197	1	success	1	0	0
GSM7230012_hCiPSCs-0618_TCAAGCACAAAGGCTG-1	0.59666586	0.5798569	1	ambiguous	0	0	1
GSM7230012_hCiPSCs-0618_TCAAGCACAGGCTTGC-1	0.09308056	0.099878594	1	failure	0	1	0
GSM7230012_hCiPSCs-0618_TCAAGCACAGTAGATA-1	0.08307191	0.09033913	1	failure	0	1	0
GSM7230012_hCiPSCs-0618_TCAAGCACAGTCGAGA-1	0.09419997	0.10094553	1	failure	0	1	0
GSM7230012_hCiPSCs-0618_TCAAGCACATGGCTAT-1	0.15894261	0.16265316	1	ambiguous	0	0	1
GSM7230012_hCiPSCs-0618_TCAAGCAGTAATGTGA-1	0.12615933	0.1314067	1	ambiguous	0	0	1
GSM7230012_hCiPSCs-0618_TCAAGCAGTTTATGCG-1	0.15982933	0.16349833	1	ambiguous	0	0	1
GSM7230012_hCiPSCs-0618_TCAAGCATCACCTCTG-1	0.695757	0.67430276	1	ambiguous	0	0	1
GSM7230012_hCiPSCs-0618_TCAAGCATCCGCGGAT-1	0.71928793	0.6967307	1	ambiguous	0	0	1
GSM7230012_hCiPSCs-0618_TCAAGCATCTGGGCCA-1	0.17677978	0.17965417	1	ambiguous	0	0	1
GSM7230012_hCiPSCs-0618_TCAAGTGAGACGGATC-1	0.7058478	0.68392056	1	ambiguous	0	0	1
GSM7230012_hCiPSCs-0618_TCAAGTGAGCCATGCC-1	0.7263996	0.703509	1	ambiguous	0	0	1
GSM7230012_hCiPSCs-0618_TCAAGTGCAACCAGAG-1	0.50043046	0.48813275	1	ambiguous	0	0	1
GSM7230012_hCiPSCs-0618_TCAAGTGCACAACCGC-1	0.47980353	0.46847278	1	ambiguous	0	0	1
GSM7230012_hCiPSCs-0618_TCAAGTGCAGTTACCA-1	0.6743668	0.65391535	1	ambiguous	0	0	1
GSM7230012_hCiPSCs-0618_TCAAGTGCATCGCCTT-1	0.7432745	0.71959275	1	ambiguous	0	0	1
GSM7230012_hCiPSCs-0618_TCAAGTGGTGGCTTAT-1	0.086747885	0.09384279	1	failure	0	1	0
GSM7230012_hCiPSCs-0618_TCAAGTGTCATACGGT-1	0.10689742	0.11304775	1	failure	0	1	0
GSM7230012_hCiPSCs-0618_TCAAGTGTCATGGAGG-1	0.13206647	0.13703693	1	ambiguous	0	0	1
GSM7230012_hCiPSCs-0618_TCAATCTAGGAGCAAA-1	0.15920979	0.16290782	1	ambiguous	0	0	1
GSM7230012_hCiPSCs-0618_TCAATCTCAGTAGTGG-1	0.5287344	0.51510984	1	ambiguous	0	0	1
GSM7230012_hCiPSCs-0618_TCAATCTGTCGATTAC-1	0.7555663	0.73130834	1	success	1	0	0
GSM7230012_hCiPSCs-0618_TCAATCTGTGATACCT-1	0.7041586	0.6823106	1	ambiguous	0	0	1
GSM7230012_hCiPSCs-0618_TCAATCTGTTTCGTTT-1	0.7826928	0.7571632	1	success	1	0	0
GSM7230012_hCiPSCs-0618_TCAATCTTCGCAGTTA-1	0.2288476	0.22928114	1	ambiguous	0	0	1
GSM7230012_hCiPSCs-0618_TCAATCTTCGGTCACG-1	0.24298874	0.24275938	1	ambiguous	0	0	1
GSM7230012_hCiPSCs-0618_TCAATTCCAACCGATT-1	0.09383913	0.100601606	1	failure	0	1	0
GSM7230012_hCiPSCs-0618_TCAATTCCAACGATTC-1	0.18938524	0.1916687	1	ambiguous	0	0	1
GSM7230012_hCiPSCs-0618_TCAATTCCATACTGAC-1	0.14955948	0.1537099	1	ambiguous	0	0	1
GSM7230012_hCiPSCs-0618_TCAATTCGTTACCCTC-1	0.80264217	0.7761774	1	success	1	0	0
GSM7230012_hCiPSCs-0618_TCAATTCTCGAGAGCA-1	0.64271057	0.62374306	1	ambiguous	0	0	1
GSM7230012_hCiPSCs-0618_TCACAAGAGGTCGTGA-1	0.59669274	0.57988244	1	ambiguous	0	0	1
GSM7230012_hCiPSCs-0618_TCACAAGAGTCAAGCG-1	0.6432826	0.62428826	1	ambiguous	0	0	1
GSM7230012_hCiPSCs-0618_TCACAAGAGTCCCGAC-1	0.16648452	0.16984153	1	ambiguous	0	0	1
GSM7230012_hCiPSCs-0618_TCACAAGCAGATAAAC-1	0.5967616	0.57994807	1	ambiguous	0	0	1
GSM7230012_hCiPSCs-0618_TCACAAGCATGCAGGA-1	0.7982511	0.77199215	1	success	1	0	0
GSM7230012_hCiPSCs-0618_TCACAAGGTAGAGGAA-1	0.65117884	0.63181436	1	ambiguous	0	0	1
GSM7230012_hCiPSCs-0618_TCACAAGGTGTCCACG-1	0.5477461	0.53323036	1	ambiguous	0	0	1
GSM7230012_hCiPSCs-0618_TCACAAGGTTGCTGAT-1	0.16803484	0.17131916	1	ambiguous	0	0	1
GSM7230012_hCiPSCs-0618_TCACAAGTCAGCAATC-1	0.72669566	0.7037911	1	ambiguous	0	0	1
GSM7230012_hCiPSCs-0618_TCACAAGTCGCTTTAT-1	0.11075385	0.116723396	1	ambiguous	0	0	1
GSM7230012_hCiPSCs-0618_TCACAAGTCTCTTCAA-1	0.77860856	0.75327045	1	success	1	0	0
GSM7230012_hCiPSCs-0618_TCACACCAGCACCTGC-1	0.12787192	0.133039	1	ambiguous	0	0	1
GSM7230012_hCiPSCs-0618_TCACACCCACCAGTAT-1	0.09400817	0.100762725	1	failure	0	1	0
GSM7230012_hCiPSCs-0618_TCACACCCAGACGCTC-1	0.1673574	0.17067349	1	ambiguous	0	0	1
GSM7230012_hCiPSCs-0618_TCACACCCAGAGGGTT-1	0.16553347	0.16893506	1	ambiguous	0	0	1
GSM7230012_hCiPSCs-0618_TCACACCGTACGGCAA-1	0.8426069	0.8142687	1	success	1	0	0
GSM7230012_hCiPSCs-0618_TCACACCGTACTGTTG-1	0.1614255	0.16501966	1	ambiguous	0	0	1
GSM7230012_hCiPSCs-0618_TCACACCGTAGCACGA-1	0.17793956	0.18075958	1	ambiguous	0	0	1
GSM7230012_hCiPSCs-0618_TCACACCGTGGAGAAA-1	0.6853348	0.66436917	1	ambiguous	0	0	1
GSM7230012_hCiPSCs-0618_TCACACCTCATCAGTG-1	0.58471656	0.56846774	1	ambiguous	0	0	1
GSM7230012_hCiPSCs-0618_TCACACCTCCGGCTTT-1	0.19460097	0.19663994	1	ambiguous	0	0	1
GSM7230012_hCiPSCs-0618_TCACATTAGACAACAT-1	0.89060706	0.8600187	1	success	1	0	0
GSM7230012_hCiPSCs-0618_TCACATTAGCACACCC-1	0.12388903	0.12924282	1	ambiguous	0	0	1
GSM7230012_hCiPSCs-0618_TCACATTCACGCGCTA-1	0.10852115	0.11459536	1	ambiguous	0	0	1
GSM7230012_hCiPSCs-0618_TCACATTCAGCCGGTT-1	0.6264962	0.6082888	1	ambiguous	0	0	1
GSM7230012_hCiPSCs-0618_TCACATTCAGTTTCAG-1	0.5526751	0.5379283	1	ambiguous	0	0	1
GSM7230012_hCiPSCs-0618_TCACATTGTGATCGTT-1	0.12442404	0.12975276	1	ambiguous	0	0	1
GSM7230012_hCiPSCs-0618_TCACATTGTTTCTATC-1	0.06946562	0.07737068	1	failure	0	1	0
GSM7230012_hCiPSCs-0618_TCACGCTAGTAAGACT-1	0.19474055	0.19677298	1	ambiguous	0	0	1
GSM7230012_hCiPSCs-0618_TCACGCTCACAGTGTT-1	0.07381539	0.08151654	1	failure	0	1	0
GSM7230012_hCiPSCs-0618_TCACGCTCATCGGAAG-1	0.48404068	0.47251132	1	ambiguous	0	0	1
GSM7230012_hCiPSCs-0618_TCACGCTCATGAGATA-1	0.8822473	0.85205084	1	success	1	0	0
GSM7230012_hCiPSCs-0618_TCACGCTGTCTTTATC-1	0.18625467	0.18868488	1	ambiguous	0	0	1
GSM7230012_hCiPSCs-0618_TCACGCTTCGTGCAGC-1	0.507998	0.49534556	1	ambiguous	0	0	1
GSM7230012_hCiPSCs-0618_TCACGCTTCTGGGAGA-1	0.14857571	0.15277225	1	ambiguous	0	0	1
GSM7230012_hCiPSCs-0618_TCACGGGAGCCATATC-1	0.50465864	0.49216273	1	ambiguous	0	0	1
GSM7230012_hCiPSCs-0618_TCACGGGAGGCAGGGA-1	0.6248021	0.6066741	1	ambiguous	0	0	1
GSM7230012_hCiPSCs-0618_TCACGGGCAAGAGGCT-1	0.54847336	0.5339235	1	ambiguous	0	0	1
GSM7230012_hCiPSCs-0618_TCACGGGCACGGCCAT-1	0.05662952	0.065136306	1	failure	0	1	0
GSM7230012_hCiPSCs-0618_TCACGGGCATCCTATT-1	0.16160354	0.16518936	1	ambiguous	0	0	1
GSM7230012_hCiPSCs-0618_TCACGGGGTAGCTCGC-1	0.1342631	0.13913058	1	ambiguous	0	0	1
GSM7230012_hCiPSCs-0618_TCACGGGGTATGATCC-1	0.16828366	0.17155632	1	ambiguous	0	0	1
GSM7230012_hCiPSCs-0618_TCACGGGGTCTTGAGT-1	0.52080107	0.50754845	1	ambiguous	0	0	1
GSM7230012_hCiPSCs-0618_TCACGGGGTGCCTGCA-1	0.53317326	0.5193407	1	ambiguous	0	0	1
GSM7230012_hCiPSCs-0618_TCACGGGTCCATACTT-1	0.7593331	0.7348985	1	success	1	0	0
GSM7230012_hCiPSCs-0618_TCACGGGTCGAGTCCG-1	0.13921908	0.14385423	1	ambiguous	0	0	1
GSM7230012_hCiPSCs-0618_TCACGGGTCTTCACGC-1	0.25091606	0.2503151	1	ambiguous	0	0	1
GSM7230012_hCiPSCs-0618_TCACTATAGCGCACAA-1	0.110373445	0.11636082	1	ambiguous	0	0	1
GSM7230012_hCiPSCs-0618_TCACTATAGGTATAGT-1	0.11258756	0.118471146	1	ambiguous	0	0	1
GSM7230012_hCiPSCs-0618_TCACTATCAAGTCCCG-1	0.45563257	0.44543493	1	ambiguous	0	0	1
GSM7230012_hCiPSCs-0618_TCACTATCACTAGGCC-1	0.8085785	0.78183544	1	success	1	0	0
GSM7230012_hCiPSCs-0618_TCACTATGTAACTAAG-1	0.593972	0.5772893	1	ambiguous	0	0	1
GSM7230012_hCiPSCs-0618_TCACTATGTTAGCTAC-1	0.7856269	0.75995976	1	success	1	0	0
GSM7230012_hCiPSCs-0618_TCACTATTCCGATTAG-1	0.12177514	0.12722804	1	ambiguous	0	0	1
GSM7230012_hCiPSCs-0618_TCACTATTCGCGTTTC-1	0.7092864	0.6871979	1	ambiguous	0	0	1
GSM7230012_hCiPSCs-0618_TCACTATTCGTCTCAC-1	0.6785747	0.65792596	1	ambiguous	0	0	1
GSM7230012_hCiPSCs-0618_TCACTATTCTACCAGA-1	0.6597538	0.63998735	1	ambiguous	0	0	1
GSM7230012_hCiPSCs-0618_TCACTCGAGACCATTC-1	0.7213746	0.69871944	1	ambiguous	0	0	1
GSM7230012_hCiPSCs-0618_TCACTCGAGACGAGCT-1	0.11821712	0.1238368	1	ambiguous	0	0	1
GSM7230012_hCiPSCs-0618_TCACTCGAGGAAAGTG-1	0.08872197	0.09572432	1	failure	0	1	0
GSM7230012_hCiPSCs-0618_TCACTCGCAAGTAGTA-1	0.13798515	0.14267814	1	ambiguous	0	0	1
GSM7230012_hCiPSCs-0618_TCACTCGCACACCTTC-1	0.7417973	0.7181848	1	ambiguous	0	0	1
GSM7230012_hCiPSCs-0618_TCACTCGCACGACGAA-1	0.10329936	0.10961836	1	failure	0	1	0
GSM7230012_hCiPSCs-0618_TCACTCGCACGGTGTC-1	0.14086679	0.1454247	1	ambiguous	0	0	1
GSM7230012_hCiPSCs-0618_TCACTCGGTCTCCTGT-1	0.6950476	0.67362666	1	ambiguous	0	0	1
GSM7230012_hCiPSCs-0618_TCACTCGGTCTGTAAC-1	0.73302007	0.709819	1	ambiguous	0	0	1
GSM7230012_hCiPSCs-0618_TCACTCGTCACCTCTG-1	0.10118114	0.10759944	1	failure	0	1	0
GSM7230012_hCiPSCs-0618_TCACTCGTCAGACCCG-1	0.098245785	0.104801685	1	failure	0	1	0
GSM7230012_hCiPSCs-0618_TCACTCGTCGTCAGAT-1	0.5839377	0.5677253	1	ambiguous	0	0	1
GSM7230012_hCiPSCs-0618_TCAGCAAAGGTAAGAG-1	0.7057991	0.68387413	1	ambiguous	0	0	1
GSM7230012_hCiPSCs-0618_TCAGCAACACCCTAAA-1	0.7649893	0.7402896	1	success	1	0	0
GSM7230012_hCiPSCs-0618_TCAGCAACAGAAGTTA-1	0.8093183	0.7825406	1	success	1	0	0
GSM7230012_hCiPSCs-0618_TCAGCAACATAGTCGT-1	0.67374474	0.6533224	1	ambiguous	0	0	1
GSM7230012_hCiPSCs-0618_TCAGCAAGTTAGGACG-1	0.066866405	0.07489331	1	failure	0	1	0
GSM7230012_hCiPSCs-0618_TCAGCAATCCTAAGTG-1	0.53541034	0.5214729	1	ambiguous	0	0	1
GSM7230012_hCiPSCs-0618_TCAGCAATCTGCTAGA-1	0.5522623	0.53753483	1	ambiguous	0	0	1
GSM7230012_hCiPSCs-0618_TCAGCCTAGACTCTTG-1	0.8075928	0.78089595	1	success	1	0	0
GSM7230012_hCiPSCs-0618_TCAGCCTAGCATGAAT-1	0.66024876	0.64045906	1	ambiguous	0	0	1
GSM7230012_hCiPSCs-0618_TCAGCCTAGGATACGC-1	0.698739	0.67714494	1	ambiguous	0	0	1
GSM7230012_hCiPSCs-0618_TCAGCCTCAGGACGAT-1	0.10784936	0.113955066	1	ambiguous	0	0	1
GSM7230012_hCiPSCs-0618_TCAGCCTGTCACCACG-1	0.7135769	0.69128734	1	ambiguous	0	0	1
GSM7230012_hCiPSCs-0618_TCAGCCTGTCCTGTTC-1	0.23277165	0.23302126	1	ambiguous	0	0	1
GSM7230012_hCiPSCs-0618_TCAGCCTGTGGTCAAG-1	0.55265737	0.53791136	1	ambiguous	0	0	1
GSM7230012_hCiPSCs-0618_TCAGCCTTCCCGTGAG-1	0.15135106	0.1554175	1	ambiguous	0	0	1
GSM7230012_hCiPSCs-0618_TCAGCCTTCCCTGGTT-1	0.77348703	0.748389	1	success	1	0	0
GSM7230012_hCiPSCs-0618_TCAGGGCAGACTACGG-1	0.6623986	0.64250815	1	ambiguous	0	0	1
GSM7230012_hCiPSCs-0618_TCAGGGCAGATGGCGT-1	0.6469618	0.627795	1	ambiguous	0	0	1
GSM7230012_hCiPSCs-0618_TCAGGGCCACTCAAGT-1	0.19909938	0.20092747	1	ambiguous	0	0	1
GSM7230012_hCiPSCs-0618_TCAGGGCCAGACTCTA-1	0.8292765	0.80156314	1	success	1	0	0
GSM7230012_hCiPSCs-0618_TCAGGGCCAGTGTACT-1	0.4772994	0.46608606	1	ambiguous	0	0	1
GSM7230012_hCiPSCs-0618_TCAGGGCGTCGCATCG-1	0.6399612	0.62112254	1	ambiguous	0	0	1
GSM7230012_hCiPSCs-0618_TCAGGGCTCTTTACAC-1	0.1056411	0.11185032	1	failure	0	1	0
GSM7230012_hCiPSCs-0618_TCAGGTAAGTGTAGAT-1	0.71086717	0.68870467	1	ambiguous	0	0	1
GSM7230012_hCiPSCs-0618_TCAGGTACACCGTGGT-1	0.5622392	0.54704404	1	ambiguous	0	0	1
GSM7230012_hCiPSCs-0618_TCAGGTAGTCCAGCAC-1	0.8759446	0.8460436	1	success	1	0	0
GSM7230012_hCiPSCs-0618_TCAGGTATCCCAGGCA-1	0.14800684	0.15223005	1	ambiguous	0	0	1
GSM7230012_hCiPSCs-0618_TCAGGTATCGAGTGGA-1	0.67362744	0.6532106	1	ambiguous	0	0	1
GSM7230012_hCiPSCs-0618_TCAGTCCAGGAGAGGC-1	0.60714906	0.5898486	1	ambiguous	0	0	1
GSM7230012_hCiPSCs-0618_TCAGTCCGTCTGTCAA-1	0.65606976	0.63647604	1	ambiguous	0	0	1
GSM7230012_hCiPSCs-0618_TCAGTCCTCCTACTGC-1	0.14038295	0.14496355	1	ambiguous	0	0	1
GSM7230012_hCiPSCs-0618_TCAGTCCTCGCAGTGC-1	0.19200538	0.19416602	1	ambiguous	0	0	1
GSM7230012_hCiPSCs-0618_TCAGTCCTCGGTCAGC-1	0.12623556	0.13147935	1	ambiguous	0	0	1
GSM7230012_hCiPSCs-0618_TCAGTGAAGCACACCC-1	0.71219736	0.68997246	1	ambiguous	0	0	1
GSM7230012_hCiPSCs-0618_TCAGTGAAGTAGGAAG-1	0.58973044	0.57324654	1	ambiguous	0	0	1
GSM7230012_hCiPSCs-0618_TCAGTGACAACAGCTT-1	0.7816548	0.75617385	1	success	1	0	0
GSM7230012_hCiPSCs-0618_TCAGTGACAGAGTGAC-1	0.651369	0.63199556	1	ambiguous	0	0	1
GSM7230012_hCiPSCs-0618_TCAGTGAGTAGCTAAA-1	0.34097096	0.3361484	1	ambiguous	0	0	1
GSM7230012_hCiPSCs-0618_TCAGTGAGTAGGACCA-1	0.54083556	0.52664375	1	ambiguous	0	0	1
GSM7230012_hCiPSCs-0618_TCAGTGAGTAGTTAGA-1	0.3059492	0.3027684	1	ambiguous	0	0	1
GSM7230012_hCiPSCs-0618_TCAGTGAGTGAGGCAT-1	0.13977641	0.14438544	1	ambiguous	0	0	1
GSM7230012_hCiPSCs-0618_TCAGTGATCGATTGGT-1	0.13698266	0.14172266	1	ambiguous	0	0	1
GSM7230012_hCiPSCs-0618_TCAGTTTAGAATTTGG-1	0.64421624	0.62517816	1	ambiguous	0	0	1
GSM7230012_hCiPSCs-0618_TCAGTTTAGATGAAGG-1	0.5483481	0.5338041	1	ambiguous	0	0	1
GSM7230012_hCiPSCs-0618_TCAGTTTAGCACACCC-1	0.13888332	0.14353421	1	ambiguous	0	0	1
GSM7230012_hCiPSCs-0618_TCAGTTTAGCCATTTG-1	0.10864676	0.11471508	1	ambiguous	0	0	1
GSM7230012_hCiPSCs-0618_TCAGTTTAGGGCAAGG-1	0.116208814	0.12192264	1	ambiguous	0	0	1
GSM7230012_hCiPSCs-0618_TCAGTTTAGGTACAAT-1	0.1289508	0.13406733	1	ambiguous	0	0	1
GSM7230012_hCiPSCs-0618_TCAGTTTAGGTCCCGT-1	0.11930596	0.12487461	1	ambiguous	0	0	1
GSM7230012_hCiPSCs-0618_TCAGTTTAGTCACTAC-1	0.45813778	0.44782266	1	ambiguous	0	0	1
GSM7230012_hCiPSCs-0618_TCAGTTTAGTGACCTT-1	0.3554691	0.34996688	1	ambiguous	0	0	1
GSM7230012_hCiPSCs-0618_TCAGTTTCACCAGCTG-1	0.7727171	0.7476552	1	success	1	0	0
GSM7230012_hCiPSCs-0618_TCAGTTTGTCAGGTAG-1	0.09798788	0.104555875	1	failure	0	1	0
GSM7230012_hCiPSCs-0618_TCAGTTTGTCGAATTC-1	0.05788645	0.066334315	1	failure	0	1	0
GSM7230012_hCiPSCs-0618_TCAGTTTGTGTCCACG-1	0.107884385	0.113988444	1	ambiguous	0	0	1
GSM7230012_hCiPSCs-0618_TCAGTTTGTTTGGAAA-1	0.7219135	0.6992332	1	ambiguous	0	0	1
GSM7230012_hCiPSCs-0618_TCAGTTTTCAGATTGC-1	0.5447313	0.5303569	1	ambiguous	0	0	1
GSM7230012_hCiPSCs-0618_TCAGTTTTCAGCATTG-1	0.6848074	0.66386646	1	ambiguous	0	0	1
GSM7230012_hCiPSCs-0618_TCAGTTTTCAGTCACA-1	0.6109714	0.5934918	1	ambiguous	0	0	1
GSM7230012_hCiPSCs-0618_TCATACTAGCTGAGTG-1	0.19368204	0.1957641	1	ambiguous	0	0	1
GSM7230012_hCiPSCs-0618_TCATACTGTCTCGACG-1	0.728641	0.7056452	1	ambiguous	0	0	1
GSM7230012_hCiPSCs-0618_TCATACTGTGTTTACG-1	0.16735035	0.17066677	1	ambiguous	0	0	1
GSM7230012_hCiPSCs-0618_TCATACTGTTGGACCC-1	0.7445498	0.7208083	1	ambiguous	0	0	1
GSM7230012_hCiPSCs-0618_TCATACTGTTGGAGGT-1	0.23092708	0.23126316	1	ambiguous	0	0	1
GSM7230012_hCiPSCs-0618_TCATACTTCATCCTGC-1	0.11492764	0.12070154	1	ambiguous	0	0	1
GSM7230012_hCiPSCs-0618_TCATACTTCTCGCCTA-1	0.76767486	0.7428493	1	success	1	0	0
GSM7230012_hCiPSCs-0618_TCATACTTCTGAGATC-1	0.6278078	0.6095389	1	ambiguous	0	0	1
GSM7230012_hCiPSCs-0618_TCATATCAGACATCCT-1	0.7208314	0.6982017	1	ambiguous	0	0	1
GSM7230012_hCiPSCs-0618_TCATATCAGTTACTCG-1	0.0080226995	0.018808074	1	failure	0	1	0
GSM7230012_hCiPSCs-0618_TCATATCCAAATACGA-1	0.6520596	0.63265383	1	ambiguous	0	0	1
GSM7230012_hCiPSCs-0618_TCATATCCAATGTCTG-1	0.22117642	0.22196957	1	ambiguous	0	0	1
GSM7230012_hCiPSCs-0618_TCATATCCACAATGTC-1	0.6252973	0.6071461	1	ambiguous	0	0	1
GSM7230012_hCiPSCs-0618_TCATATCCACTGAGGA-1	0.689992	0.66880804	1	ambiguous	0	0	1
GSM7230012_hCiPSCs-0618_TCATATCCAGAGTGTG-1	0.5610698	0.54592943	1	ambiguous	0	0	1
GSM7230012_hCiPSCs-0618_TCATATCCAGATGCGA-1	0.6758019	0.65528315	1	ambiguous	0	0	1
GSM7230012_hCiPSCs-0618_TCATATCCAGGCTACC-1	0.77300805	0.74793243	1	success	1	0	0
GSM7230012_hCiPSCs-0618_TCATATCCAGGTGACA-1	0.11119502	0.117143884	1	ambiguous	0	0	1
GSM7230012_hCiPSCs-0618_TCATATCCAGGTTCCG-1	0.7598451	0.73538655	1	success	1	0	0
GSM7230012_hCiPSCs-0618_TCATATCGTATAGGGC-1	0.5832808	0.5670993	1	ambiguous	0	0	1
GSM7230012_hCiPSCs-0618_TCATATCGTGGCCACT-1	0.19053061	0.19276038	1	ambiguous	0	0	1
GSM7230012_hCiPSCs-0618_TCATATCGTGGTTTGT-1	0.3564518	0.35090354	1	ambiguous	0	0	1
GSM7230012_hCiPSCs-0618_TCATATCGTTGGAGAC-1	0.6191113	0.60125005	1	ambiguous	0	0	1
GSM7230012_hCiPSCs-0618_TCATATCTCAATCTTC-1	0.11987603	0.12541795	1	ambiguous	0	0	1
GSM7230012_hCiPSCs-0618_TCATATCTCGTTCAGA-1	0.7696704	0.7447513	1	success	1	0	0
GSM7230012_hCiPSCs-0618_TCATCATAGAAGCTGC-1	0.70565957	0.68374115	1	ambiguous	0	0	1
GSM7230012_hCiPSCs-0618_TCATCATAGAGTTGAT-1	0.79296726	0.76695603	1	success	1	0	0
GSM7230012_hCiPSCs-0618_TCATCATAGTCGGGAT-1	0.56400126	0.5487235	1	ambiguous	0	0	1
GSM7230012_hCiPSCs-0618_TCATCATCAATCCTAG-1	0.28652397	0.28425378	1	ambiguous	0	0	1
GSM7230012_hCiPSCs-0618_TCATCATCATTCTCCG-1	0.696578	0.67508537	1	ambiguous	0	0	1
GSM7230012_hCiPSCs-0618_TCATCATGTACATACC-1	0.75612545	0.7318413	1	success	1	0	0
GSM7230012_hCiPSCs-0618_TCATCATGTGGTTCTA-1	0.70637	0.68441826	1	ambiguous	0	0	1
GSM7230012_hCiPSCs-0618_TCATCATGTTGTAGCT-1	0.117216945	0.12288351	1	ambiguous	0	0	1
GSM7230012_hCiPSCs-0618_TCATCCGAGAAAGCGA-1	0.62916887	0.6108362	1	ambiguous	0	0	1
GSM7230012_hCiPSCs-0618_TCATCCGAGGTAAGAG-1	0.66026074	0.64047056	1	ambiguous	0	0	1
GSM7230012_hCiPSCs-0618_TCATCCGAGTGCACCC-1	0.6735973	0.6531819	1	ambiguous	0	0	1
GSM7230012_hCiPSCs-0618_TCATCCGCAATTGCCA-1	0.22202352	0.22277696	1	ambiguous	0	0	1
GSM7230012_hCiPSCs-0618_TCATCCGCACTTCTCG-1	0.47217512	0.46120197	1	ambiguous	0	0	1
GSM7230012_hCiPSCs-0618_TCATCCGCATCCTCAC-1	0.61460847	0.59695834	1	ambiguous	0	0	1
GSM7230012_hCiPSCs-0618_TCATCCGGTTGTAGCT-1	0.10581089	0.11201215	1	failure	0	1	0
GSM7230012_hCiPSCs-0618_TCATCCGTCGAGAGAC-1	0.82067335	0.7933633	1	success	1	0	0
GSM7230012_hCiPSCs-0618_TCATGAGAGGTGCCTC-1	0.39353147	0.38624498	1	ambiguous	0	0	1
GSM7230012_hCiPSCs-0618_TCATGAGCAGACCATT-1	0.5902247	0.5737176	1	ambiguous	0	0	1
GSM7230012_hCiPSCs-0618_TCATGAGGTCGTTCAA-1	0.5139125	0.5009828	1	ambiguous	0	0	1
GSM7230012_hCiPSCs-0618_TCATGAGTCGTTCTGC-1	0.5505105	0.5358651	1	ambiguous	0	0	1
GSM7230012_hCiPSCs-0618_TCATGAGTCTGAATCG-1	0.59362364	0.5769572	1	ambiguous	0	0	1
GSM7230012_hCiPSCs-0618_TCATGAGTCTGTGCAA-1	0.12940463	0.13449988	1	ambiguous	0	0	1
GSM7230012_hCiPSCs-0618_TCATGCCAGAATCGAT-1	0.16484393	0.16827784	1	ambiguous	0	0	1
GSM7230012_hCiPSCs-0618_TCATGCCAGAGCCTGA-1	0.5814137	0.56531966	1	ambiguous	0	0	1
GSM7230012_hCiPSCs-0618_TCATGCCAGGCAGCTA-1	0.72279894	0.70007706	1	ambiguous	0	0	1
GSM7230012_hCiPSCs-0618_TCATGCCAGGCCTAAG-1	0.53832453	0.52425045	1	ambiguous	0	0	1
GSM7230012_hCiPSCs-0618_TCATGCCAGGCTAGCA-1	0.17126614	0.17439899	1	ambiguous	0	0	1
GSM7230012_hCiPSCs-0618_TCATGCCCAAGTACCT-1	0.12210854	0.1275458	1	ambiguous	0	0	1
GSM7230012_hCiPSCs-0618_TCATGCCCACAAAGCG-1	0.60094815	0.5839384	1	ambiguous	0	0	1
GSM7230012_hCiPSCs-0618_TCATGCCGTAACAGTA-1	0.7784552	0.7531243	1	success	1	0	0
GSM7230012_hCiPSCs-0618_TCATGCCGTACCCACG-1	0.8802421	0.8501396	1	success	1	0	0
GSM7230012_hCiPSCs-0618_TCATGCCTCTAGCCTC-1	0.646019	0.6268964	1	ambiguous	0	0	1
GSM7230012_hCiPSCs-0618_TCATGGAAGCCGTAAG-1	0.09499278	0.10170117	1	failure	0	1	0
GSM7230012_hCiPSCs-0618_TCATGGAAGTGTTGTC-1	0.6701118	0.6498598	1	ambiguous	0	0	1
GSM7230012_hCiPSCs-0618_TCATGGACAGGCGTTC-1	0.08129514	0.08864565	1	failure	0	1	0
GSM7230012_hCiPSCs-0618_TCATGGACAGTGTACT-1	0.61316013	0.5955779	1	ambiguous	0	0	1
GSM7230012_hCiPSCs-0618_TCATGGAGTCTATGAC-1	0.70867205	0.68661237	1	ambiguous	0	0	1
GSM7230012_hCiPSCs-0618_TCATGGAGTTCGCGTG-1	0.5507585	0.5361015	1	ambiguous	0	0	1
GSM7230012_hCiPSCs-0618_TCATGGATCGAATGCT-1	0.66525036	0.64522624	1	ambiguous	0	0	1
GSM7230012_hCiPSCs-0618_TCATGGATCGAGTCTA-1	0.77631646	0.75108576	1	success	1	0	0
GSM7230012_hCiPSCs-0618_TCATGTTAGTAGCAAT-1	0.4555139	0.4453218	1	ambiguous	0	0	1
GSM7230012_hCiPSCs-0618_TCATGTTCAAGTACCT-1	0.86477035	0.83539313	1	success	1	0	0
GSM7230012_hCiPSCs-0618_TCATGTTCATCGATGT-1	0.108832665	0.114892274	1	ambiguous	0	0	1
GSM7230012_hCiPSCs-0618_TCATGTTCATGCGTGC-1	0.8162568	0.7891539	1	success	1	0	0
GSM7230012_hCiPSCs-0618_TCATGTTGTAAGGTCG-1	0.12203519	0.12747589	1	ambiguous	0	0	1
GSM7230012_hCiPSCs-0618_TCATGTTGTACCCAGC-1	0.70448023	0.6826171	1	ambiguous	0	0	1
GSM7230012_hCiPSCs-0618_TCATGTTTCGCCATAA-1	0.10818405	0.11427406	1	ambiguous	0	0	1
GSM7230012_hCiPSCs-0618_TCATGTTTCGTGGGTC-1	0.18986385	0.19212487	1	ambiguous	0	0	1
GSM7230012_hCiPSCs-0618_TCATGTTTCTGTCGCT-1	0.11378895	0.11961621	1	ambiguous	0	0	1
GSM7230012_hCiPSCs-0618_TCATTACAGCTCCACG-1	0.3784262	0.3718478	1	ambiguous	0	0	1
GSM7230012_hCiPSCs-0618_TCATTACAGGCCGCTT-1	0.15198025	0.15601718	1	ambiguous	0	0	1
GSM7230012_hCiPSCs-0618_TCATTACAGTATAGAC-1	0.42264813	0.4139967	1	ambiguous	0	0	1
GSM7230012_hCiPSCs-0618_TCATTACAGTATGTAG-1	0.45419198	0.44406185	1	ambiguous	0	0	1
GSM7230012_hCiPSCs-0618_TCATTACGTCCGGTCA-1	0.077923305	0.08543188	1	failure	0	1	0
GSM7230012_hCiPSCs-0618_TCATTACTCCCTCTAG-1	0.16039386	0.16403638	1	ambiguous	0	0	1
GSM7230012_hCiPSCs-0618_TCATTACTCGCGAAGA-1	0.3408458	0.33602908	1	ambiguous	0	0	1
GSM7230012_hCiPSCs-0618_TCATTCAAGTGGGAAA-1	0.13852869	0.14319621	1	ambiguous	0	0	1
GSM7230012_hCiPSCs-0618_TCATTCACAGAGGAAA-1	0.5994907	0.5825492	1	ambiguous	0	0	1
GSM7230012_hCiPSCs-0618_TCATTCACAGCGTACC-1	0.7382278	0.7147826	1	ambiguous	0	0	1
GSM7230012_hCiPSCs-0618_TCATTCAGTATCTCTT-1	0.074679144	0.0823398	1	failure	0	1	0
GSM7230012_hCiPSCs-0618_TCATTCAGTCCGATCG-1	0.40799502	0.4000305	1	ambiguous	0	0	1
GSM7230012_hCiPSCs-0618_TCATTCAGTGGTTCTA-1	0.70016974	0.6785087	1	ambiguous	0	0	1
GSM7230012_hCiPSCs-0618_TCATTCAGTTAGAAAC-1	0.17876105	0.18154256	1	ambiguous	0	0	1
GSM7230012_hCiPSCs-0618_TCATTCAGTTGCCAAT-1	0.0756779	0.08329174	1	failure	0	1	0
GSM7230012_hCiPSCs-0618_TCATTGTAGAGCAAGA-1	0.65095794	0.63160384	1	ambiguous	0	0	1
GSM7230012_hCiPSCs-0618_TCATTGTAGTATGCAA-1	0.7182244	0.695717	1	ambiguous	0	0	1
GSM7230012_hCiPSCs-0618_TCATTGTCAAGCTACT-1	0.10378592	0.11008211	1	failure	0	1	0
GSM7230012_hCiPSCs-0618_TCATTGTCACCCAAGC-1	0.8292701	0.8015571	1	success	1	0	0
GSM7230012_hCiPSCs-0618_TCATTGTCATGACTTG-1	0.57595605	0.56011784	1	ambiguous	0	0	1
GSM7230012_hCiPSCs-0618_TCATTGTCATGTCTAG-1	0.113369375	0.119216315	1	ambiguous	0	0	1
GSM7230012_hCiPSCs-0618_TCATTGTGTATCGATC-1	0.53975254	0.5256115	1	ambiguous	0	0	1
GSM7230012_hCiPSCs-0618_TCATTGTGTCATGCAT-1	0.45452884	0.4443829	1	ambiguous	0	0	1
GSM7230012_hCiPSCs-0618_TCATTGTGTCGTACTA-1	0.530748	0.5170291	1	ambiguous	0	0	1
GSM7230012_hCiPSCs-0618_TCATTGTGTTTGTTGG-1	0.677085	0.6565061	1	ambiguous	0	0	1
GSM7230012_hCiPSCs-0618_TCATTGTTCTAGGAAA-1	0.63767904	0.6189474	1	ambiguous	0	0	1
GSM7230012_hCiPSCs-0618_TCATTTGCACTTACAG-1	0.78074795	0.7553095	1	success	1	0	0
GSM7230012_hCiPSCs-0618_TCATTTGCATGAGAAT-1	0.09429612	0.101037174	1	failure	0	1	0
GSM7230012_hCiPSCs-0618_TCATTTGTCTTGAACG-1	0.11411967	0.11993143	1	ambiguous	0	0	1
GSM7230012_hCiPSCs-0618_TCCACCAAGATGCTTC-1	0.6859039	0.6649116	1	ambiguous	0	0	1
GSM7230012_hCiPSCs-0618_TCCACCAGTCCTGTTC-1	0.797421	0.77120095	1	success	1	0	0
GSM7230012_hCiPSCs-0618_TCCACCAGTGGTTCTA-1	0.7584876	0.7340927	1	success	1	0	0
GSM7230012_hCiPSCs-0618_TCCACCAGTTATTCCT-1	0.77943546	0.7540586	1	success	1	0	0
GSM7230012_hCiPSCs-0618_TCCACCATCATCGCCT-1	0.7309012	0.7077995	1	ambiguous	0	0	1
GSM7230012_hCiPSCs-0618_TCCACCATCCGACATA-1	0.9002104	0.8691718	1	success	1	0	0
GSM7230012_hCiPSCs-0618_TCCACGTAGAGAGGTA-1	0.1283498	0.13349448	1	ambiguous	0	0	1
GSM7230012_hCiPSCs-0618_TCCACGTCATAGATGA-1	0.63865966	0.61988205	1	ambiguous	0	0	1
GSM7230012_hCiPSCs-0618_TCCACGTCATGATAGA-1	0.078951985	0.08641233	1	failure	0	1	0
GSM7230012_hCiPSCs-0618_TCCACGTGTACAACGG-1	0.7673153	0.7425066	1	success	1	0	0
GSM7230012_hCiPSCs-0618_TCCACGTGTACTAAGA-1	0.65998167	0.64020455	1	ambiguous	0	0	1
GSM7230012_hCiPSCs-0618_TCCACGTGTCAACGCC-1	0.73108906	0.70797855	1	ambiguous	0	0	1
GSM7230012_hCiPSCs-0618_TCCACGTGTCGACGCT-1	0.25361577	0.25288823	1	ambiguous	0	0	1
GSM7230012_hCiPSCs-0618_TCCACGTGTTCTCCTG-1	0.6878856	0.6668004	1	ambiguous	0	0	1
GSM7230012_hCiPSCs-0618_TCCACGTTCCTGGCTT-1	0.60628235	0.5890225	1	ambiguous	0	0	1
GSM7230012_hCiPSCs-0618_TCCACGTTCCTGTAGA-1	0.6327982	0.61429536	1	ambiguous	0	0	1
GSM7230012_hCiPSCs-0618_TCCACGTTCGGAATTC-1	0.6273441	0.6090969	1	ambiguous	0	0	1
GSM7230012_hCiPSCs-0618_TCCAGAAAGGCACGAT-1	0.8465193	0.81799763	1	success	1	0	0
GSM7230012_hCiPSCs-0618_TCCAGAACAACCGCCA-1	0.15957353	0.1632545	1	ambiguous	0	0	1
GSM7230012_hCiPSCs-0618_TCCAGAACACTCCGAG-1	0.589038	0.5725866	1	ambiguous	0	0	1
GSM7230012_hCiPSCs-0618_TCCAGAAGTGCTCTTC-1	0.22059762	0.22141792	1	ambiguous	0	0	1
GSM7230012_hCiPSCs-0618_TCCAGAAGTGTCTTAG-1	0.78945005	0.7636037	1	success	1	0	0
GSM7230012_hCiPSCs-0618_TCCAGAAGTTCTGACA-1	0.6768247	0.656258	1	ambiguous	0	0	1
GSM7230012_hCiPSCs-0618_TCCAGAAGTTGCGAAG-1	0.6196102	0.6017256	1	ambiguous	0	0	1
GSM7230012_hCiPSCs-0618_TCCAGAATCCAACCAA-1	0.069419615	0.07732683	1	failure	0	1	0
GSM7230012_hCiPSCs-0618_TCCATCGAGCCTGACC-1	0.12296878	0.12836571	1	ambiguous	0	0	1
GSM7230012_hCiPSCs-0618_TCCATCGAGTCGCCAC-1	0.8022742	0.77582675	1	success	1	0	0
GSM7230012_hCiPSCs-0618_TCCATCGCAATCACGT-1	0.64661777	0.6274671	1	ambiguous	0	0	1
GSM7230012_hCiPSCs-0618_TCCATCGCACTCCCTA-1	0.3898871	0.38277146	1	ambiguous	0	0	1
GSM7230012_hCiPSCs-0618_TCCATCGGTCGAAGCA-1	0.29255292	0.2900001	1	ambiguous	0	0	1
GSM7230012_hCiPSCs-0618_TCCATCGGTCGTGCCA-1	0.6042229	0.5870596	1	ambiguous	0	0	1
GSM7230012_hCiPSCs-0618_TCCATCGGTGAGATAT-1	0.5990981	0.5821751	1	ambiguous	0	0	1
GSM7230012_hCiPSCs-0618_TCCATCGGTGTTCGTA-1	0.6545482	0.6350258	1	ambiguous	0	0	1
GSM7230012_hCiPSCs-0618_TCCATCGTCTGTCGTC-1	0.486812	0.4751527	1	ambiguous	0	0	1
GSM7230012_hCiPSCs-0618_TCCATGCAGCCTGTCG-1	0.6003747	0.5833918	1	ambiguous	0	0	1
GSM7230012_hCiPSCs-0618_TCCATGCAGGTATAGT-1	0.43348965	0.42433	1	ambiguous	0	0	1
GSM7230012_hCiPSCs-0618_TCCATGCCAACTCGAT-1	0.6221056	0.604104	1	ambiguous	0	0	1
GSM7230012_hCiPSCs-0618_TCCATGCCAAGTTTGC-1	0.5678691	0.55241	1	ambiguous	0	0	1
GSM7230012_hCiPSCs-0618_TCCATGCCACTCAGAT-1	0.5025875	0.4901887	1	ambiguous	0	0	1
GSM7230012_hCiPSCs-0618_TCCATGCCAGAGGTAC-1	0.7919875	0.7660222	1	success	1	0	0
GSM7230012_hCiPSCs-0618_TCCATGCGTAAGCTCT-1	0.7627609	0.7381656	1	success	1	0	0
GSM7230012_hCiPSCs-0618_TCCATGCGTAGACAGC-1	0.7129776	0.69071615	1	ambiguous	0	0	1
GSM7230012_hCiPSCs-0618_TCCATGCTCCACGGAC-1	0.1524145	0.15643108	1	ambiguous	0	0	1
GSM7230012_hCiPSCs-0618_TCCCACAAGTAGGCCA-1	0.12332284	0.12870318	1	ambiguous	0	0	1
GSM7230012_hCiPSCs-0618_TCCCACAAGTTTCGGT-1	0.58066535	0.56460637	1	ambiguous	0	0	1
GSM7230012_hCiPSCs-0618_TCCCACACAGGGCTTC-1	0.71315813	0.6908882	1	ambiguous	0	0	1
GSM7230012_hCiPSCs-0618_TCCCACAGTCCCGGTA-1	0.141198	0.14574037	1	ambiguous	0	0	1
GSM7230012_hCiPSCs-0618_TCCCACAGTCGGAAAC-1	0.07974964	0.0871726	1	failure	0	1	0
GSM7230012_hCiPSCs-0618_TCCCACAGTGTAACGG-1	0.75452095	0.730312	1	success	1	0	0
GSM7230012_hCiPSCs-0618_TCCCACAGTTTCGACA-1	0.15235294	0.15637241	1	ambiguous	0	0	1
GSM7230012_hCiPSCs-0618_TCCCACATCTCATTTG-1	0.12514235	0.13043739	1	ambiguous	0	0	1
GSM7230012_hCiPSCs-0618_TCCCAGTAGAACGTGC-1	0.1238321	0.12918857	1	ambiguous	0	0	1
GSM7230012_hCiPSCs-0618_TCCCAGTAGTGCAACG-1	0.60723054	0.58992624	1	ambiguous	0	0	1
GSM7230012_hCiPSCs-0618_TCCCAGTAGTGGTCAG-1	0.10816772	0.1142585	1	ambiguous	0	0	1
GSM7230012_hCiPSCs-0618_TCCCAGTCAAGTCCAT-1	0.07925284	0.08669909	1	failure	0	1	0
GSM7230012_hCiPSCs-0618_TCCCAGTCACATACTG-1	0.7184725	0.6959534	1	ambiguous	0	0	1
GSM7230012_hCiPSCs-0618_TCCCAGTCAGTTCTAG-1	0.6885472	0.66743094	1	ambiguous	0	0	1
GSM7230012_hCiPSCs-0618_TCCCAGTCATGTCGTA-1	0.723846	0.7010751	1	ambiguous	0	0	1
GSM7230012_hCiPSCs-0618_TCCCAGTGTCTAGATC-1	0.5595494	0.5444803	1	ambiguous	0	0	1
GSM7230012_hCiPSCs-0618_TCCCAGTGTGTGAATA-1	0.6572181	0.6375705	1	ambiguous	0	0	1
GSM7230012_hCiPSCs-0618_TCCCAGTTCCTACCGT-1	0.12632543	0.131565	1	ambiguous	0	0	1
GSM7230012_hCiPSCs-0618_TCCCAGTTCGCAATGT-1	0.78788966	0.76211643	1	success	1	0	0
GSM7230012_hCiPSCs-0618_TCCCATGAGTAGCATA-1	0.19833839	0.20020215	1	ambiguous	0	0	1
GSM7230012_hCiPSCs-0618_TCCCATGCAGTCCCGA-1	0.62488115	0.6067495	1	ambiguous	0	0	1
GSM7230012_hCiPSCs-0618_TCCCATGGTAGACACG-1	0.105077304	0.111312956	1	failure	0	1	0
GSM7230012_hCiPSCs-0618_TCCCATGGTCCTATAG-1	0.5955105	0.5787557	1	ambiguous	0	0	1
GSM7230012_hCiPSCs-0618_TCCCATGTCATGCTAG-1	0.1312742	0.13628179	1	ambiguous	0	0	1
GSM7230012_hCiPSCs-0618_TCCCATGTCCACACCT-1	0.9019027	0.87078476	1	success	1	0	0
GSM7230012_hCiPSCs-0618_TCCCATGTCTACAGGT-1	0.5900588	0.5735595	1	ambiguous	0	0	1
GSM7230012_hCiPSCs-0618_TCCGAAAAGCCGATAG-1	0.6971965	0.6756748	1	ambiguous	0	0	1
GSM7230012_hCiPSCs-0618_TCCGAAAAGGCCTGAA-1	0.8191745	0.7919347	1	success	1	0	0
GSM7230012_hCiPSCs-0618_TCCGAAAAGGTCATCT-1	0.09859032	0.10513007	1	failure	0	1	0
GSM7230012_hCiPSCs-0618_TCCGAAACATACTTTC-1	0.07666752	0.08423496	1	failure	0	1	0
GSM7230012_hCiPSCs-0618_TCCGAAACATGGCTAT-1	0.5651086	0.54977894	1	ambiguous	0	0	1
GSM7230012_hCiPSCs-0618_TCCGAAACATTCACCC-1	0.5059777	0.49341995	1	ambiguous	0	0	1
GSM7230012_hCiPSCs-0618_TCCGAAAGTCTTGAAC-1	0.45367688	0.4435709	1	ambiguous	0	0	1
GSM7230012_hCiPSCs-0618_TCCGAAATCCTCACTG-1	0.06578049	0.07385829	1	failure	0	1	0
GSM7230012_hCiPSCs-0618_TCCGAAATCTAACGGT-1	0.21271859	0.21390824	1	ambiguous	0	0	1
GSM7230012_hCiPSCs-0618_TCCGAAATCTGATGGT-1	0.794494	0.76841116	1	success	1	0	0
GSM7230012_hCiPSCs-0618_TCCGATCAGAGTCCGA-1	0.6573743	0.6377194	1	ambiguous	0	0	1
GSM7230012_hCiPSCs-0618_TCCGATCAGAGTCTTC-1	0.25880256	0.2578319	1	ambiguous	0	0	1
GSM7230012_hCiPSCs-0618_TCCGATCAGGCTGGAT-1	0.6423075	0.6233589	1	ambiguous	0	0	1
GSM7230012_hCiPSCs-0618_TCCGATCAGTCTAGCT-1	0.8013246	0.7749216	1	success	1	0	0
GSM7230012_hCiPSCs-0618_TCCGATCCAACGGCCT-1	0.662514	0.6426181	1	ambiguous	0	0	1
GSM7230012_hCiPSCs-0618_TCCGATCCATGGGTTT-1	0.5401699	0.5260093	1	ambiguous	0	0	1
GSM7230012_hCiPSCs-0618_TCCGATCGTACAGAAT-1	0.1230986	0.12848945	1	ambiguous	0	0	1
GSM7230012_hCiPSCs-0618_TCCGATCGTCGTCATA-1	0.482033	0.47059774	1	ambiguous	0	0	1
GSM7230012_hCiPSCs-0618_TCCGATCTCAAGAGGC-1	0.14332195	0.14776476	1	ambiguous	0	0	1
GSM7230012_hCiPSCs-0618_TCCGATCTCACTCGAA-1	0.07175053	0.07954848	1	failure	0	1	0
GSM7230012_hCiPSCs-0618_TCCGGGAAGAGAACCC-1	0.70564294	0.6837253	1	ambiguous	0	0	1
GSM7230012_hCiPSCs-0618_TCCGGGAAGATTGATG-1	0.5931301	0.5764869	1	ambiguous	0	0	1
GSM7230012_hCiPSCs-0618_TCCGGGAAGCCATTGT-1	0.059632976	0.06799897	1	failure	0	1	0
GSM7230012_hCiPSCs-0618_TCCGGGAAGCCATTTG-1	0.70026207	0.6785967	1	ambiguous	0	0	1
GSM7230012_hCiPSCs-0618_TCCGGGACAGGGTTGA-1	0.35450172	0.3490449	1	ambiguous	0	0	1
GSM7230012_hCiPSCs-0618_TCCGGGAGTATCGTAC-1	0.5990322	0.5821123	1	ambiguous	0	0	1
GSM7230012_hCiPSCs-0618_TCCGGGATCCGCAAAT-1	0.5477184	0.5332039	1	ambiguous	0	0	1
GSM7230012_hCiPSCs-0618_TCCGTGTCAACGCATT-1	0.12913248	0.13424048	1	ambiguous	0	0	1
GSM7230012_hCiPSCs-0618_TCCGTGTGTATGAGCG-1	0.6173612	0.599582	1	ambiguous	0	0	1
GSM7230012_hCiPSCs-0618_TCCGTGTTCAAATAGG-1	0.41101694	0.40291077	1	ambiguous	0	0	1
GSM7230012_hCiPSCs-0618_TCCGTGTTCATGCATG-1	0.112162516	0.11806603	1	ambiguous	0	0	1
GSM7230012_hCiPSCs-0618_TCCGTGTTCCTCAGAA-1	0.43107542	0.42202896	1	ambiguous	0	0	1
GSM7230012_hCiPSCs-0618_TCCGTGTTCTGGTTGA-1	0.103574395	0.1098805	1	failure	0	1	0
GSM7230012_hCiPSCs-0618_TCCTAATAGCATACTC-1	0.75894094	0.7345248	1	success	1	0	0
GSM7230012_hCiPSCs-0618_TCCTAATAGCCTTTCC-1	0.8526296	0.82382154	1	success	1	0	0
GSM7230012_hCiPSCs-0618_TCCTAATAGGGTACGT-1	0.712185	0.6899607	1	ambiguous	0	0	1
GSM7230012_hCiPSCs-0618_TCCTAATAGTCTTCCC-1	0.15027373	0.15439066	1	ambiguous	0	0	1
GSM7230012_hCiPSCs-0618_TCCTAATCACAAAGCG-1	0.539332	0.5252106	1	ambiguous	0	0	1
GSM7230012_hCiPSCs-0618_TCCTAATGTGGAAGTC-1	0.6343738	0.6157971	1	ambiguous	0	0	1
GSM7230012_hCiPSCs-0618_TCCTAATGTGTATCCA-1	0.7217254	0.6990538	1	ambiguous	0	0	1
GSM7230012_hCiPSCs-0618_TCCTAATTCCCAAGCG-1	0.5961832	0.5793968	1	ambiguous	0	0	1
GSM7230012_hCiPSCs-0618_TCCTAATTCCCTGTTG-1	0.81097615	0.7841207	1	success	1	0	0
GSM7230012_hCiPSCs-0618_TCCTAATTCCTATTGT-1	0.11482052	0.12059943	1	ambiguous	0	0	1
GSM7230012_hCiPSCs-0618_TCCTCCCAGGACTGGT-1	0.5416396	0.52741015	1	ambiguous	0	0	1
GSM7230012_hCiPSCs-0618_TCCTCCCAGTGCGACA-1	0.4045353	0.39673296	1	ambiguous	0	0	1
GSM7230012_hCiPSCs-0618_TCCTCCCCAAACCACT-1	0.6165478	0.5988068	1	ambiguous	0	0	1
GSM7230012_hCiPSCs-0618_TCCTCCCGTGCCTATA-1	0.7949367	0.76883316	1	success	1	0	0
GSM7230012_hCiPSCs-0618_TCCTCCCTCATTCGTT-1	0.63130075	0.61286813	1	ambiguous	0	0	1
GSM7230012_hCiPSCs-0618_TCCTCCCTCCCTCTTT-1	0.17448701	0.17746888	1	ambiguous	0	0	1
GSM7230012_hCiPSCs-0618_TCCTCCCTCGGACGTC-1	0.279281	0.27735034	1	ambiguous	0	0	1
GSM7230012_hCiPSCs-0618_TCCTCCCTCGGCTGGT-1	0.80309767	0.7766115	1	success	1	0	0
GSM7230012_hCiPSCs-0618_TCCTCCCTCGTTCTAT-1	0.13521086	0.14003392	1	ambiguous	0	0	1
GSM7230012_hCiPSCs-0618_TCCTCGAAGCTTTCTT-1	0.056759976	0.06526064	1	failure	0	1	0
GSM7230012_hCiPSCs-0618_TCCTCGACATGAGTAA-1	0.68747914	0.666413	1	ambiguous	0	0	1
GSM7230012_hCiPSCs-0618_TCCTCGAGTTGTGCCG-1	0.7630831	0.73847276	1	success	1	0	0
GSM7230012_hCiPSCs-0618_TCCTCGAGTTTGCAGT-1	0.55356824	0.53877956	1	ambiguous	0	0	1
GSM7230012_hCiPSCs-0618_TCCTCGATCAACTGAC-1	0.6999473	0.6782966	1	ambiguous	0	0	1
GSM7230012_hCiPSCs-0618_TCCTCGATCCACCTGT-1	0.65590996	0.6363237	1	ambiguous	0	0	1
GSM7230012_hCiPSCs-0618_TCCTCGATCCGCACTT-1	0.9458646	0.9126859	1	success	1	0	0
GSM7230012_hCiPSCs-0618_TCCTCGATCCGTAGTA-1	0.4303776	0.42136386	1	ambiguous	0	0	1
GSM7230012_hCiPSCs-0618_TCCTCGATCTCTGAGA-1	0.5634498	0.54819787	1	ambiguous	0	0	1
GSM7230012_hCiPSCs-0618_TCCTCTTAGACCCTTA-1	0.068718635	0.07665871	1	failure	0	1	0
GSM7230012_hCiPSCs-0618_TCCTCTTAGACCTCCG-1	0.6530945	0.6336402	1	ambiguous	0	0	1
GSM7230012_hCiPSCs-0618_TCCTCTTAGAGCAGCT-1	0.580755	0.56469184	1	ambiguous	0	0	1
GSM7230012_hCiPSCs-0618_TCCTCTTAGCCACTCG-1	0.69254106	0.6712376	1	ambiguous	0	0	1
GSM7230012_hCiPSCs-0618_TCCTCTTAGGATAATC-1	0.55785775	0.542868	1	ambiguous	0	0	1
GSM7230012_hCiPSCs-0618_TCCTCTTCAGACGGAT-1	0.7094167	0.68732214	1	ambiguous	0	0	1
GSM7230012_hCiPSCs-0618_TCCTCTTCAGGTTACT-1	0.6838226	0.66292787	1	ambiguous	0	0	1
GSM7230012_hCiPSCs-0618_TCCTGCAAGAATCTAG-1	0.6051762	0.58796823	1	ambiguous	0	0	1
GSM7230012_hCiPSCs-0618_TCCTGCAAGCCTGGAA-1	0.73815435	0.7147127	1	ambiguous	0	0	1
GSM7230012_hCiPSCs-0618_TCCTGCAAGGTAGTCG-1	0.696441	0.6749547	1	ambiguous	0	0	1
GSM7230012_hCiPSCs-0618_TCCTGCACAAAGCAAT-1	0.5630052	0.54777414	1	ambiguous	0	0	1
GSM7230012_hCiPSCs-0618_TCCTGCACACCTAAAC-1	0.10839169	0.11447197	1	ambiguous	0	0	1
GSM7230012_hCiPSCs-0618_TCCTGCACACGCAAAG-1	0.15239824	0.15641558	1	ambiguous	0	0	1
GSM7230012_hCiPSCs-0618_TCCTGCAGTCACCTTC-1	0.78476405	0.75913733	1	success	1	0	0
GSM7230012_hCiPSCs-0618_TCCTGCAGTGACACAG-1	0.6151081	0.5974345	1	ambiguous	0	0	1
GSM7230012_hCiPSCs-0618_TCCTGCAGTGTTTACG-1	0.13107339	0.1360904	1	ambiguous	0	0	1
GSM7230012_hCiPSCs-0618_TCCTGCAGTTCCTTGC-1	0.56470966	0.5493987	1	ambiguous	0	0	1
GSM7230012_hCiPSCs-0618_TCCTGCAGTTGTCCCT-1	0.5912991	0.5747417	1	ambiguous	0	0	1
GSM7230012_hCiPSCs-0618_TCCTGCAGTTGTGCAT-1	0.13017316	0.13523237	1	ambiguous	0	0	1
GSM7230012_hCiPSCs-0618_TCCTGCATCTGACGCG-1	0.56741816	0.5519802	1	ambiguous	0	0	1
GSM7230012_hCiPSCs-0618_TCCTTCTAGAATTTGG-1	0.08238747	0.08968678	1	failure	0	1	0
GSM7230012_hCiPSCs-0618_TCCTTCTAGAGTTGAT-1	0.37098008	0.36475077	1	ambiguous	0	0	1
GSM7230012_hCiPSCs-0618_TCCTTCTAGCACTGGA-1	0.7470315	0.7231737	1	ambiguous	0	0	1
GSM7230012_hCiPSCs-0618_TCCTTCTAGTACCATC-1	0.5698259	0.5542751	1	ambiguous	0	0	1
GSM7230012_hCiPSCs-0618_TCCTTCTCACTCCTGT-1	0.6519002	0.6325019	1	ambiguous	0	0	1
GSM7230012_hCiPSCs-0618_TCCTTCTCATCCGAGC-1	0.40313292	0.39539632	1	ambiguous	0	0	1
GSM7230012_hCiPSCs-0618_TCCTTCTCATGGCCCA-1	0.074493006	0.08216239	1	failure	0	1	0
GSM7230012_hCiPSCs-0618_TCCTTCTCATTCTCCG-1	0.92912215	0.8967283	1	success	1	0	0
GSM7230012_hCiPSCs-0618_TCCTTCTGTACCTAGT-1	0.15322793	0.15720637	1	ambiguous	0	0	1
GSM7230012_hCiPSCs-0618_TCCTTCTGTACCTATG-1	0.41376904	0.40553385	1	ambiguous	0	0	1
GSM7230012_hCiPSCs-0618_TCCTTCTGTAGTGATA-1	0.7709492	0.74597013	1	success	1	0	0
GSM7230012_hCiPSCs-0618_TCCTTCTGTGTCATCA-1	0.12243042	0.12785259	1	ambiguous	0	0	1
GSM7230012_hCiPSCs-0618_TCCTTCTTCACAACCA-1	0.8351039	0.80711746	1	success	1	0	0
GSM7230012_hCiPSCs-0618_TCCTTCTTCAGCTGTA-1	0.89827657	0.86732864	1	success	1	0	0
GSM7230012_hCiPSCs-0618_TCCTTCTTCTGTCAGA-1	0.6557812	0.636201	1	ambiguous	0	0	1
GSM7230012_hCiPSCs-0618_TCCTTTCAGAGCGACT-1	0.51733786	0.50424755	1	ambiguous	0	0	1
GSM7230012_hCiPSCs-0618_TCCTTTCAGCAACAAT-1	0.3657642	0.3597794	1	ambiguous	0	0	1
GSM7230012_hCiPSCs-0618_TCCTTTCAGGTTGGAC-1	0.62488854	0.6067565	1	ambiguous	0	0	1
GSM7230012_hCiPSCs-0618_TCCTTTCCACACCGCA-1	0.16526158	0.16867591	1	ambiguous	0	0	1
GSM7230012_hCiPSCs-0618_TCCTTTCCACATAACC-1	0.6745082	0.6540501	1	ambiguous	0	0	1
GSM7230012_hCiPSCs-0618_TCCTTTCCAGAAGTTA-1	0.60175544	0.5847078	1	ambiguous	0	0	1
GSM7230012_hCiPSCs-0618_TCCTTTCGTGATTAGA-1	0.741152	0.71756977	1	ambiguous	0	0	1
GSM7230012_hCiPSCs-0618_TCCTTTCGTGATTGGG-1	0.1385148	0.14318298	1	ambiguous	0	0	1
GSM7230012_hCiPSCs-0618_TCCTTTCTCATTCGTT-1	0.14989865	0.15403317	1	ambiguous	0	0	1
GSM7230012_hCiPSCs-0618_TCGAACAAGTAGACAT-1	0.128838	0.1339598	1	ambiguous	0	0	1
GSM7230012_hCiPSCs-0618_TCGAACAAGTAGTCAA-1	0.11236214	0.11825629	1	ambiguous	0	0	1
GSM7230012_hCiPSCs-0618_TCGAACACACGAAAGC-1	0.73826087	0.7148141	1	ambiguous	0	0	1
GSM7230012_hCiPSCs-0618_TCGAACAGTGTTCGTA-1	0.6432161	0.6242249	1	ambiguous	0	0	1
GSM7230012_hCiPSCs-0618_TCGAACAGTTCACGAT-1	0.05526904	0.0638396	1	failure	0	1	0
GSM7230012_hCiPSCs-0618_TCGAACAGTTCGGCCA-1	0.13832243	0.14299962	1	ambiguous	0	0	1
GSM7230012_hCiPSCs-0618_TCGAACATCTCTGACC-1	0.6823388	0.66151357	1	ambiguous	0	0	1
GSM7230012_hCiPSCs-0618_TCGAACATCTGAGTCA-1	0.18399863	0.18653461	1	ambiguous	0	0	1
GSM7230012_hCiPSCs-0618_TCGAAGTAGCTACTAC-1	0.064475566	0.07261454	1	failure	0	1	0
GSM7230012_hCiPSCs-0618_TCGAAGTAGGTGCTGA-1	0.09599558	0.10265697	1	failure	0	1	0
GSM7230012_hCiPSCs-0618_TCGAAGTCACCAGTAT-1	0.25544798	0.25463456	1	ambiguous	0	0	1
GSM7230012_hCiPSCs-0618_TCGAAGTCATCCAACA-1	0.064846806	0.072968386	1	failure	0	1	0
GSM7230012_hCiPSCs-0618_TCGAAGTTCAGGACAG-1	0.662814	0.64290416	1	ambiguous	0	0	1
GSM7230012_hCiPSCs-0618_TCGAAGTTCCACGGAC-1	0.72046226	0.6978499	1	ambiguous	0	0	1
GSM7230012_hCiPSCs-0618_TCGAAGTTCCATCTGC-1	0.14411205	0.14851783	1	ambiguous	0	0	1
GSM7230012_hCiPSCs-0618_TCGAAGTTCCCAAGTA-1	0.6484425	0.6292063	1	ambiguous	0	0	1
GSM7230012_hCiPSCs-0618_TCGACCTAGCAGGTCA-1	0.08845144	0.09546647	1	failure	0	1	0
GSM7230012_hCiPSCs-0618_TCGACCTAGCCTCTGG-1	0.835864	0.80784184	1	success	1	0	0
GSM7230012_hCiPSCs-0618_TCGACCTCAACTTGGT-1	0.58553004	0.5692431	1	ambiguous	0	0	1
GSM7230012_hCiPSCs-0618_TCGACCTCATCCTGTC-1	0.533834	0.51997036	1	ambiguous	0	0	1
GSM7230012_hCiPSCs-0618_TCGACCTGTAACGCGA-1	0.6234601	0.605395	1	ambiguous	0	0	1
GSM7230012_hCiPSCs-0618_TCGACCTGTACCCACG-1	0.080610774	0.08799337	1	failure	0	1	0
GSM7230012_hCiPSCs-0618_TCGACCTGTCGCATGC-1	0.22703637	0.22755483	1	ambiguous	0	0	1
GSM7230012_hCiPSCs-0618_TCGACCTGTTACGTAC-1	0.15824129	0.16198471	1	ambiguous	0	0	1
GSM7230012_hCiPSCs-0618_TCGACCTTCCTCAGGG-1	0.4616274	0.4511487	1	ambiguous	0	0	1
GSM7230012_hCiPSCs-0618_TCGACGGAGCTCGCAC-1	0.43249375	0.42338076	1	ambiguous	0	0	1
GSM7230012_hCiPSCs-0618_TCGACGGCAATCCTTT-1	0.75105554	0.72700906	1	ambiguous	0	0	1
GSM7230012_hCiPSCs-0618_TCGACGGGTAACTTCG-1	0.6904023	0.6691991	1	ambiguous	0	0	1
GSM7230012_hCiPSCs-0618_TCGACGGGTCAAGCGA-1	0.07058605	0.07843858	1	failure	0	1	0
GSM7230012_hCiPSCs-0618_TCGACGGGTCATCACA-1	0.55169356	0.5369927	1	ambiguous	0	0	1
GSM7230012_hCiPSCs-0618_TCGACGGGTGGGCTTC-1	0.13453697	0.1393916	1	ambiguous	0	0	1
GSM7230012_hCiPSCs-0618_TCGACGGTCCGACGGT-1	0.15292287	0.15691562	1	ambiguous	0	0	1
GSM7230012_hCiPSCs-0618_TCGATTTAGGCCCACT-1	0.53997374	0.52582234	1	ambiguous	0	0	1
GSM7230012_hCiPSCs-0618_TCGATTTAGGCTCCCA-1	0.6580158	0.6383308	1	ambiguous	0	0	1
GSM7230012_hCiPSCs-0618_TCGATTTCAACTCCCT-1	0.50168455	0.48932803	1	ambiguous	0	0	1
GSM7230012_hCiPSCs-0618_TCGATTTCATACCGTA-1	0.46638593	0.45568416	1	ambiguous	0	0	1
GSM7230012_hCiPSCs-0618_TCGATTTCATCAGCAT-1	0.54226786	0.52800894	1	ambiguous	0	0	1
GSM7230012_hCiPSCs-0618_TCGATTTCATTGAGGG-1	0.39282587	0.38557246	1	ambiguous	0	0	1
GSM7230012_hCiPSCs-0618_TCGATTTGTACCTAGT-1	0.16070752	0.16433534	1	ambiguous	0	0	1
GSM7230012_hCiPSCs-0618_TCGATTTGTGGTCCCA-1	0.422742	0.4140862	1	ambiguous	0	0	1
GSM7230012_hCiPSCs-0618_TCGATTTGTGTGTCCG-1	0.051523834	0.060269963	1	failure	0	1	0
GSM7230012_hCiPSCs-0618_TCGCACTAGAACTCCT-1	0.6686204	0.64843833	1	ambiguous	0	0	1
GSM7230012_hCiPSCs-0618_TCGCACTAGACGGTCA-1	0.72160834	0.6989423	1	ambiguous	0	0	1
GSM7230012_hCiPSCs-0618_TCGCACTAGAGATCGC-1	0.10882659	0.114886485	1	ambiguous	0	0	1
GSM7230012_hCiPSCs-0618_TCGCACTAGAGCCCAA-1	0.12639682	0.13163306	1	ambiguous	0	0	1
GSM7230012_hCiPSCs-0618_TCGCACTAGCGACTTT-1	0.1148352	0.120613426	1	ambiguous	0	0	1
GSM7230012_hCiPSCs-0618_TCGCACTAGTGCCAGA-1	0.7187609	0.6962283	1	ambiguous	0	0	1
GSM7230012_hCiPSCs-0618_TCGCACTCACTTGTCC-1	0.7187239	0.69619304	1	ambiguous	0	0	1
GSM7230012_hCiPSCs-0618_TCGCACTCATACTGAC-1	0.72739357	0.7044563	1	ambiguous	0	0	1
GSM7230012_hCiPSCs-0618_TCGCACTGTAACGCGA-1	0.755682	0.7314186	1	success	1	0	0
GSM7230012_hCiPSCs-0618_TCGCACTGTGATGGCA-1	0.11752543	0.123177536	1	ambiguous	0	0	1
GSM7230012_hCiPSCs-0618_TCGCACTGTGTTTCTT-1	0.09042381	0.09734638	1	failure	0	1	0
GSM7230012_hCiPSCs-0618_TCGCACTTCCATCACC-1	0.773	0.7479248	1	success	1	0	0
GSM7230012_hCiPSCs-0618_TCGCACTTCCATTTGT-1	0.79610866	0.76995015	1	success	1	0	0
GSM7230012_hCiPSCs-0618_TCGCACTTCCTAGCGG-1	0.56701845	0.55159926	1	ambiguous	0	0	1
GSM7230012_hCiPSCs-0618_TCGCACTTCGAGAACG-1	0.62099665	0.6030471	1	ambiguous	0	0	1
GSM7230012_hCiPSCs-0618_TCGCAGGAGGCGATAC-1	0.13133587	0.13634057	1	ambiguous	0	0	1
GSM7230012_hCiPSCs-0618_TCGCAGGAGTATGGCG-1	0.7231489	0.7004106	1	ambiguous	0	0	1
GSM7230012_hCiPSCs-0618_TCGCAGGAGTCGTCTA-1	0.5028433	0.49043253	1	ambiguous	0	0	1
GSM7230012_hCiPSCs-0618_TCGCAGGCAACAAGTA-1	0.6379177	0.61917484	1	ambiguous	0	0	1
GSM7230012_hCiPSCs-0618_TCGCAGGCACCGTCTT-1	0.51789534	0.5047789	1	ambiguous	0	0	1
GSM7230012_hCiPSCs-0618_TCGCAGGCACTAAACC-1	0.6532053	0.6337458	1	ambiguous	0	0	1
GSM7230012_hCiPSCs-0618_TCGCAGGCATACAGGG-1	0.16184105	0.16541573	1	ambiguous	0	0	1
GSM7230012_hCiPSCs-0618_TCGCAGGGTAGCGAGT-1	0.5324458	0.51864725	1	ambiguous	0	0	1
GSM7230012_hCiPSCs-0618_TCGCAGGGTCGAACAG-1	0.71261644	0.69037193	1	ambiguous	0	0	1
GSM7230012_hCiPSCs-0618_TCGCTCAAGAAGGTAG-1	0.6124929	0.594942	1	ambiguous	0	0	1
GSM7230012_hCiPSCs-0618_TCGCTCAAGATACTGA-1	0.45319772	0.4431142	1	ambiguous	0	0	1
GSM7230012_hCiPSCs-0618_TCGCTCAAGGATAATC-1	0.5470349	0.5325525	1	ambiguous	0	0	1
GSM7230012_hCiPSCs-0618_TCGCTCAAGTGCCCGT-1	0.12087252	0.12636772	1	ambiguous	0	0	1
GSM7230012_hCiPSCs-0618_TCGCTCACAAATCAGA-1	0.092641465	0.09946009	1	failure	0	1	0
GSM7230012_hCiPSCs-0618_TCGCTCACACAATCTG-1	0.1866133	0.18902671	1	ambiguous	0	0	1
GSM7230012_hCiPSCs-0618_TCGCTCACACATCATG-1	0.11113101	0.11708288	1	ambiguous	0	0	1
GSM7230012_hCiPSCs-0618_TCGCTCACACTAGGTT-1	0.60202235	0.5849622	1	ambiguous	0	0	1
GSM7230012_hCiPSCs-0618_TCGCTCACATATCTCT-1	0.87543136	0.84555435	1	success	1	0	0
GSM7230012_hCiPSCs-0618_TCGCTCACATTGAAAG-1	0.15212253	0.1561528	1	ambiguous	0	0	1
GSM7230012_hCiPSCs-0618_TCGCTCAGTAGTTCCA-1	0.43492138	0.4256946	1	ambiguous	0	0	1
GSM7230012_hCiPSCs-0618_TCGCTCAGTATCGATC-1	0.7337791	0.71054244	1	ambiguous	0	0	1
GSM7230012_hCiPSCs-0618_TCGCTCAGTGTCCAAT-1	0.69572127	0.6742687	1	ambiguous	0	0	1
GSM7230012_hCiPSCs-0618_TCGCTCATCAATCTTC-1	0.70816654	0.6861306	1	ambiguous	0	0	1
GSM7230012_hCiPSCs-0618_TCGCTCATCGACGCTG-1	0.7412719	0.7176841	1	ambiguous	0	0	1
GSM7230012_hCiPSCs-0618_TCGCTTGAGAGGGTGG-1	0.6378903	0.61914873	1	ambiguous	0	0	1
GSM7230012_hCiPSCs-0618_TCGCTTGAGCCGTTAT-1	0.4306538	0.42162707	1	ambiguous	0	0	1
GSM7230012_hCiPSCs-0618_TCGCTTGAGGGACAGG-1	0.6368316	0.6181397	1	ambiguous	0	0	1
GSM7230012_hCiPSCs-0618_TCGCTTGCACGGGTAA-1	0.4709991	0.4600811	1	ambiguous	0	0	1
GSM7230012_hCiPSCs-0618_TCGCTTGCAGAGTGTG-1	0.48117608	0.46978098	1	ambiguous	0	0	1
GSM7230012_hCiPSCs-0618_TCGCTTGCATAGGTAA-1	0.5592758	0.54421955	1	ambiguous	0	0	1
GSM7230012_hCiPSCs-0618_TCGCTTGGTCGCGTTG-1	0.6680355	0.6478808	1	ambiguous	0	0	1
GSM7230012_hCiPSCs-0618_TCGCTTGGTCGGTAAG-1	0.12916212	0.13426872	1	ambiguous	0	0	1
GSM7230012_hCiPSCs-0618_TCGCTTGGTCTAGGCC-1	0.0731787	0.08090969	1	failure	0	1	0
GSM7230012_hCiPSCs-0618_TCGCTTGGTTGGGTAG-1	0.09058832	0.097503185	1	failure	0	1	0
GSM7230012_hCiPSCs-0618_TCGCTTGTCAATCTCT-1	0.7765813	0.75133824	1	success	1	0	0
GSM7230012_hCiPSCs-0618_TCGCTTGTCAGCCTTC-1	0.11606989	0.12179023	1	ambiguous	0	0	1
GSM7230012_hCiPSCs-0618_TCGCTTGTCGGTCGGT-1	0.69861776	0.67702943	1	ambiguous	0	0	1
GSM7230012_hCiPSCs-0618_TCGGATAAGATCGGTG-1	0.061848726	0.07011085	1	failure	0	1	0
GSM7230012_hCiPSCs-0618_TCGGATAAGGTTACCT-1	0.61603373	0.5983168	1	ambiguous	0	0	1
GSM7230012_hCiPSCs-0618_TCGGATAAGTCTTCCC-1	0.64388406	0.62486154	1	ambiguous	0	0	1
GSM7230012_hCiPSCs-0618_TCGGATACACGCTATA-1	0.17706901	0.17992984	1	ambiguous	0	0	1
GSM7230012_hCiPSCs-0618_TCGGATACACTCTGCT-1	0.71654594	0.6941172	1	ambiguous	0	0	1
GSM7230012_hCiPSCs-0618_TCGGATACATAATCGC-1	0.5202918	0.50706303	1	ambiguous	0	0	1
GSM7230012_hCiPSCs-0618_TCGGATACATCTTTCA-1	0.7582361	0.73385304	1	success	1	0	0
GSM7230012_hCiPSCs-0618_TCGGATAGTTCCTTGC-1	0.10308351	0.10941263	1	failure	0	1	0
GSM7230012_hCiPSCs-0618_TCGGATAGTTGTACGT-1	0.17181563	0.17492273	1	ambiguous	0	0	1
GSM7230012_hCiPSCs-0618_TCGGATATCATGCCCT-1	0.09640928	0.103051275	1	failure	0	1	0
GSM7230012_hCiPSCs-0618_TCGGATATCCCGTGTT-1	0.5171599	0.504078	1	ambiguous	0	0	1
GSM7230012_hCiPSCs-0618_TCGGATATCCGTGGTG-1	0.5831163	0.56694245	1	ambiguous	0	0	1
GSM7230012_hCiPSCs-0618_TCGGATATCCTTGAAG-1	0.06548572	0.073577344	1	failure	0	1	0
GSM7230012_hCiPSCs-0618_TCGGGACAGGTGGCTA-1	0.70239973	0.6806341	1	ambiguous	0	0	1
GSM7230012_hCiPSCs-0618_TCGGGACAGGTTCACT-1	0.122705534	0.1281148	1	ambiguous	0	0	1
GSM7230012_hCiPSCs-0618_TCGGGACAGTAGTCCT-1	0.5180611	0.50493693	1	ambiguous	0	0	1
GSM7230012_hCiPSCs-0618_TCGGGACAGTCATCCA-1	0.55570596	0.540817	1	ambiguous	0	0	1
GSM7230012_hCiPSCs-0618_TCGGGACCAAAGAACT-1	0.57287824	0.55718434	1	ambiguous	0	0	1
GSM7230012_hCiPSCs-0618_TCGGGACCAAAGCAAT-1	0.11439756	0.1201963	1	ambiguous	0	0	1
GSM7230012_hCiPSCs-0618_TCGGGACCAGGCACTC-1	0.6092344	0.59183615	1	ambiguous	0	0	1
GSM7230012_hCiPSCs-0618_TCGGGACGTACTGAGG-1	0.13048194	0.13552667	1	ambiguous	0	0	1
GSM7230012_hCiPSCs-0618_TCGGGACGTGCTCTTC-1	0.8511898	0.8224492	1	success	1	0	0
GSM7230012_hCiPSCs-0618_TCGGGACTCACGGACC-1	0.793756	0.7677078	1	success	1	0	0
GSM7230012_hCiPSCs-0618_TCGGGACTCGACGCGT-1	0.73298746	0.70978796	1	ambiguous	0	0	1
GSM7230012_hCiPSCs-0618_TCGGGCAAGCACTCTA-1	0.12005936	0.12559268	1	ambiguous	0	0	1
GSM7230012_hCiPSCs-0618_TCGGGCACAAACTAAG-1	0.7803401	0.7549208	1	success	1	0	0
GSM7230012_hCiPSCs-0618_TCGGGCACATCCGATA-1	0.634012	0.6154523	1	ambiguous	0	0	1
GSM7230012_hCiPSCs-0618_TCGGGCACATGCAGCC-1	0.11273954	0.11861601	1	ambiguous	0	0	1
GSM7230012_hCiPSCs-0618_TCGGGCAGTAACATGA-1	0.59919286	0.5822654	1	ambiguous	0	0	1
GSM7230012_hCiPSCs-0618_TCGGGCAGTAGACTGG-1	0.6512522	0.6318843	1	ambiguous	0	0	1
GSM7230012_hCiPSCs-0618_TCGGGCAGTATGAGCG-1	0.06800503	0.075978555	1	failure	0	1	0
GSM7230012_hCiPSCs-0618_TCGGGCAGTCAGTCGC-1	0.44602802	0.43628058	1	ambiguous	0	0	1
GSM7230012_hCiPSCs-0618_TCGGGCAGTGAGGATC-1	0.47443113	0.4633522	1	ambiguous	0	0	1
GSM7230012_hCiPSCs-0618_TCGGGCATCCGTATAG-1	0.60944694	0.5920388	1	ambiguous	0	0	1
GSM7230012_hCiPSCs-0618_TCGGGCATCGTAATGC-1	0.6952809	0.673849	1	ambiguous	0	0	1
GSM7230012_hCiPSCs-0618_TCGGGCATCTGTAAGC-1	0.63592666	0.61727715	1	ambiguous	0	0	1
GSM7230012_hCiPSCs-0618_TCGGGCATCTTCCAGC-1	0.12638277	0.13161966	1	ambiguous	0	0	1
GSM7230012_hCiPSCs-0618_TCGGGTGAGGGCCAAT-1	0.66739833	0.64727354	1	ambiguous	0	0	1
GSM7230012_hCiPSCs-0618_TCGGGTGGTTCCGCAG-1	0.09053884	0.09745602	1	failure	0	1	0
GSM7230012_hCiPSCs-0618_TCGGGTGGTTCTTAGG-1	0.14226846	0.14676067	1	ambiguous	0	0	1
GSM7230012_hCiPSCs-0618_TCGGGTGTCAGACCTA-1	0.68044746	0.6597109	1	ambiguous	0	0	1
GSM7230012_hCiPSCs-0618_TCGGTCTAGGTTCATC-1	0.21948245	0.22035503	1	ambiguous	0	0	1
GSM7230012_hCiPSCs-0618_TCGGTCTAGTTACTCG-1	0.11390924	0.11973086	1	ambiguous	0	0	1
GSM7230012_hCiPSCs-0618_TCGGTCTGTAGACGGT-1	0.30497703	0.3018418	1	ambiguous	0	0	1
GSM7230012_hCiPSCs-0618_TCGGTCTGTCAGGTAG-1	0.50083584	0.48851913	1	ambiguous	0	0	1
GSM7230012_hCiPSCs-0618_TCGGTCTGTCTCGCGA-1	0.6444676	0.62541777	1	ambiguous	0	0	1
GSM7230012_hCiPSCs-0618_TCGGTCTGTGCTAGCC-1	0.099439144	0.1059391	1	failure	0	1	0
GSM7230012_hCiPSCs-0618_TCGGTCTGTTACGTAC-1	0.20757787	0.20900851	1	ambiguous	0	0	1
GSM7230012_hCiPSCs-0618_TCGGTCTTCGTCACCT-1	0.60876894	0.5913926	1	ambiguous	0	0	1
GSM7230012_hCiPSCs-0618_TCGTAGAAGCATCCCG-1	0.6776126	0.65700895	1	ambiguous	0	0	1
GSM7230012_hCiPSCs-0618_TCGTAGAAGCTGAGCA-1	0.5892735	0.572811	1	ambiguous	0	0	1
GSM7230012_hCiPSCs-0618_TCGTAGAAGTCTTCGA-1	0.12589595	0.13115567	1	ambiguous	0	0	1
GSM7230012_hCiPSCs-0618_TCGTAGACAGCCCACA-1	0.7322328	0.7090687	1	ambiguous	0	0	1
GSM7230012_hCiPSCs-0618_TCGTAGACATAGCACT-1	0.4231113	0.41443816	1	ambiguous	0	0	1
GSM7230012_hCiPSCs-0618_TCGTAGACATGACCCG-1	0.35411036	0.34867185	1	ambiguous	0	0	1
GSM7230012_hCiPSCs-0618_TCGTAGATCTGCATAG-1	0.61047167	0.59301543	1	ambiguous	0	0	1
GSM7230012_hCiPSCs-0618_TCGTCCAAGATGTTGA-1	0.13616817	0.14094634	1	ambiguous	0	0	1
GSM7230012_hCiPSCs-0618_TCGTCCAAGGTGCCAA-1	0.5026106	0.4902107	1	ambiguous	0	0	1
GSM7230012_hCiPSCs-0618_TCGTCCAAGTGCTCAT-1	0.7825272	0.7570054	1	success	1	0	0
GSM7230012_hCiPSCs-0618_TCGTCCAAGTGGAATT-1	0.70346093	0.6816456	1	ambiguous	0	0	1
GSM7230012_hCiPSCs-0618_TCGTCCACAAAGAACT-1	0.6085391	0.59117347	1	ambiguous	0	0	1
GSM7230012_hCiPSCs-0618_TCGTCCACAAATGGCG-1	0.49474347	0.48271236	1	ambiguous	0	0	1
GSM7230012_hCiPSCs-0618_TCGTCCACACCCAAGC-1	0.6876918	0.66661566	1	ambiguous	0	0	1
GSM7230012_hCiPSCs-0618_TCGTCCACATGACTAC-1	0.55438423	0.5395573	1	ambiguous	0	0	1
GSM7230012_hCiPSCs-0618_TCGTCCAGTCATAGTC-1	0.6794168	0.65872854	1	ambiguous	0	0	1
GSM7230012_hCiPSCs-0618_TCGTCCAGTTCCAGGC-1	0.09076483	0.09767142	1	failure	0	1	0
GSM7230012_hCiPSCs-0618_TCGTCCAGTTTAGAGA-1	0.46832314	0.45753056	1	ambiguous	0	0	1
GSM7230012_hCiPSCs-0618_TCGTGCTCAGCAGACA-1	0.48407835	0.4725472	1	ambiguous	0	0	1
GSM7230012_hCiPSCs-0618_TCGTGCTCATTGAGCT-1	0.28280342	0.28070763	1	ambiguous	0	0	1
GSM7230012_hCiPSCs-0618_TCGTGCTTCGTAGGAG-1	0.4427578	0.43316367	1	ambiguous	0	0	1
GSM7230012_hCiPSCs-0618_TCGTGGGAGCCGATTT-1	0.071750976	0.079548895	1	failure	0	1	0
GSM7230012_hCiPSCs-0618_TCGTGGGAGCTGACTT-1	0.48456413	0.4730102	1	ambiguous	0	0	1
GSM7230012_hCiPSCs-0618_TCGTGGGAGGCTTTCA-1	0.12798509	0.13314687	1	ambiguous	0	0	1
GSM7230012_hCiPSCs-0618_TCGTGGGAGTCTAGAA-1	0.5252871	0.5118242	1	ambiguous	0	0	1
GSM7230012_hCiPSCs-0618_TCGTGGGAGTTTCGGT-1	0.6629801	0.6430624	1	ambiguous	0	0	1
GSM7230012_hCiPSCs-0618_TCGTGGGCAAATTGCC-1	0.17599067	0.17890204	1	ambiguous	0	0	1
GSM7230012_hCiPSCs-0618_TCGTGGGCATTGGCAT-1	0.38724828	0.38025633	1	ambiguous	0	0	1
GSM7230012_hCiPSCs-0618_TCGTGGGGTACGATTC-1	0.5430204	0.5287262	1	ambiguous	0	0	1
GSM7230012_hCiPSCs-0618_TCGTGGGTCATTGGTG-1	0.45099485	0.4410146	1	ambiguous	0	0	1
GSM7230012_hCiPSCs-0618_TCTAACTAGTAGGCCA-1	0.7420647	0.7184397	1	ambiguous	0	0	1
GSM7230012_hCiPSCs-0618_TCTAACTCACGGCTAC-1	0.13495114	0.13978638	1	ambiguous	0	0	1
GSM7230012_hCiPSCs-0618_TCTAACTCACTAGGCC-1	0.9359604	0.903246	1	success	1	0	0
GSM7230012_hCiPSCs-0618_TCTAACTCACTGTCCT-1	0.55757123	0.5425949	1	ambiguous	0	0	1
GSM7230012_hCiPSCs-0618_TCTAACTGTATTTCCT-1	0.1629571	0.16647947	1	ambiguous	0	0	1
GSM7230012_hCiPSCs-0618_TCTAACTGTCGCTCGA-1	0.6489822	0.6297207	1	ambiguous	0	0	1
GSM7230012_hCiPSCs-0618_TCTAACTGTGTCCAAT-1	0.103186555	0.10951084	1	failure	0	1	0
GSM7230012_hCiPSCs-0618_TCTAACTGTTGAAGTA-1	0.5981493	0.58127075	1	ambiguous	0	0	1
GSM7230012_hCiPSCs-0618_TCTAACTTCGGACGTC-1	0.6133627	0.59577096	1	ambiguous	0	0	1
GSM7230012_hCiPSCs-0618_TCTAACTTCTACACTT-1	0.6544226	0.63490605	1	ambiguous	0	0	1
GSM7230012_hCiPSCs-0618_TCTACATAGAGTTGCG-1	0.54603225	0.53159684	1	ambiguous	0	0	1
GSM7230012_hCiPSCs-0618_TCTACATCACTATGTG-1	0.016791094	0.027165422	1	failure	0	1	0
GSM7230012_hCiPSCs-0618_TCTACATGTAAGCAAT-1	0.72931665	0.70628923	1	ambiguous	0	0	1
GSM7230012_hCiPSCs-0618_TCTACATGTCACCTTC-1	0.21411464	0.21523884	1	ambiguous	0	0	1
GSM7230012_hCiPSCs-0618_TCTACATGTCACTTCC-1	0.3369971	0.3323608	1	ambiguous	0	0	1
GSM7230012_hCiPSCs-0618_TCTACATGTTCCGCAG-1	0.8019982	0.7755636	1	success	1	0	0
GSM7230012_hCiPSCs-0618_TCTACATTCCCTCATG-1	0.51989126	0.5066813	1	ambiguous	0	0	1
GSM7230012_hCiPSCs-0618_TCTACATTCCTGGTCT-1	0.08297737	0.090249024	1	failure	0	1	0
GSM7230012_hCiPSCs-0618_TCTACCGAGATAGTGT-1	0.47822785	0.46697098	1	ambiguous	0	0	1
GSM7230012_hCiPSCs-0618_TCTACCGCAAGTTTGC-1	0.57792443	0.56199396	1	ambiguous	0	0	1
GSM7230012_hCiPSCs-0618_TCTACCGCAATCGTCA-1	0.70952314	0.6874236	1	ambiguous	0	0	1
GSM7230012_hCiPSCs-0618_TCTACCGCAGCGTACC-1	0.09098101	0.09787746	1	failure	0	1	0
GSM7230012_hCiPSCs-0618_TCTACCGCAGGCTCTG-1	0.20058979	0.20234801	1	ambiguous	0	0	1
GSM7230012_hCiPSCs-0618_TCTACCGGTACTCCGG-1	0.14468043	0.14905956	1	ambiguous	0	0	1
GSM7230012_hCiPSCs-0618_TCTACCGGTAGCTCGC-1	0.09636589	0.10300992	1	failure	0	1	0
GSM7230012_hCiPSCs-0618_TCTACCGGTATCCCTC-1	0.7096331	0.6875284	1	ambiguous	0	0	1
GSM7230012_hCiPSCs-0618_TCTACCGGTGATATAG-1	0.34771445	0.3425758	1	ambiguous	0	0	1
GSM7230012_hCiPSCs-0618_TCTACCGTCCCTCTTT-1	0.4674929	0.45673925	1	ambiguous	0	0	1
GSM7230012_hCiPSCs-0618_TCTACCGTCCGGCAGT-1	0.58436316	0.56813085	1	ambiguous	0	0	1
GSM7230012_hCiPSCs-0618_TCTACCGTCGCTAGCG-1	0.102468826	0.10882676	1	failure	0	1	0
GSM7230012_hCiPSCs-0618_TCTATACAGCTAGCCC-1	0.8954424	0.86462736	1	success	1	0	0
GSM7230012_hCiPSCs-0618_TCTATACAGTATAACG-1	0.6638447	0.6438865	1	ambiguous	0	0	1
GSM7230012_hCiPSCs-0618_TCTATACAGTCTGCAT-1	0.1783011	0.18110417	1	ambiguous	0	0	1
GSM7230012_hCiPSCs-0618_TCTATACAGTGCCAGA-1	0.80453473	0.7779813	1	success	1	0	0
GSM7230012_hCiPSCs-0618_TCTATACAGTTAACGA-1	0.62685305	0.6086289	1	ambiguous	0	0	1
GSM7230012_hCiPSCs-0618_TCTATACCAACCAGAG-1	0.85109985	0.8223635	1	success	1	0	0
GSM7230012_hCiPSCs-0618_TCTATACCACCTGCGA-1	0.67738444	0.6567915	1	ambiguous	0	0	1
GSM7230012_hCiPSCs-0618_TCTATACCAGACAAGC-1	0.75146997	0.72740406	1	ambiguous	0	0	1
GSM7230012_hCiPSCs-0618_TCTATACTCACCGGTG-1	0.7202517	0.69764924	1	ambiguous	0	0	1
GSM7230012_hCiPSCs-0618_TCTATACTCGACATAC-1	0.83966833	0.8114678	1	success	1	0	0
GSM7230012_hCiPSCs-0618_TCTATACTCTGTGCGG-1	0.13744226	0.14216071	1	ambiguous	0	0	1
GSM7230012_hCiPSCs-0618_TCTATCAAGACCGTTT-1	0.42452154	0.41578227	1	ambiguous	0	0	1
GSM7230012_hCiPSCs-0618_TCTATCAAGACTGTTC-1	0.08314649	0.09041022	1	failure	0	1	0
GSM7230012_hCiPSCs-0618_TCTATCAAGCACCGTC-1	0.32656685	0.32241952	1	ambiguous	0	0	1
GSM7230012_hCiPSCs-0618_TCTATCAAGCATAGGC-1	0.6532789	0.63381594	1	ambiguous	0	0	1
GSM7230012_hCiPSCs-0618_TCTATCAAGCTGAAAT-1	0.48587114	0.47425595	1	ambiguous	0	0	1
GSM7230012_hCiPSCs-0618_TCTATCAAGGCACGAT-1	0.09996209	0.106437534	1	failure	0	1	0
GSM7230012_hCiPSCs-0618_TCTATCAAGTTGTAGA-1	0.2945283	0.2918829	1	ambiguous	0	0	1
GSM7230012_hCiPSCs-0618_TCTATCACAGTGACCC-1	0.71628237	0.693866	1	ambiguous	0	0	1
GSM7230012_hCiPSCs-0618_TCTATCACATCCGAAT-1	0.20034584	0.2021155	1	ambiguous	0	0	1
GSM7230012_hCiPSCs-0618_TCTATCACATGTGCCG-1	0.42828083	0.41936535	1	ambiguous	0	0	1
GSM7230012_hCiPSCs-0618_TCTATCAGTCATATGC-1	0.44604263	0.43629453	1	ambiguous	0	0	1
GSM7230012_hCiPSCs-0618_TCTATCAGTCCTGTTC-1	0.65172905	0.63233876	1	ambiguous	0	0	1
GSM7230012_hCiPSCs-0618_TCTATCAGTTTCGTGA-1	0.58382195	0.56761503	1	ambiguous	0	0	1
GSM7230012_hCiPSCs-0618_TCTATCATCCATCCGT-1	0.87623847	0.8463236	1	success	1	0	0
GSM7230012_hCiPSCs-0618_TCTCACGAGCTGGCCT-1	0.096269414	0.10291796	1	failure	0	1	0
GSM7230012_hCiPSCs-0618_TCTCACGAGGGCGAGA-1	0.6408863	0.62200433	1	ambiguous	0	0	1
GSM7230012_hCiPSCs-0618_TCTCACGAGTCAGGGT-1	0.54068613	0.52650136	1	ambiguous	0	0	1
GSM7230012_hCiPSCs-0618_TCTCACGCACGCTGAC-1	0.13119881	0.13620993	1	ambiguous	0	0	1
GSM7230012_hCiPSCs-0618_TCTCACGCACTCAAGT-1	0.074896686	0.08254714	1	failure	0	1	0
GSM7230012_hCiPSCs-0618_TCTCACGCAGGGAATC-1	0.7263673	0.70347816	1	ambiguous	0	0	1
GSM7230012_hCiPSCs-0618_TCTCACGCATACAGGG-1	0.80209213	0.7756531	1	success	1	0	0
GSM7230012_hCiPSCs-0618_TCTCACGCATGTGACT-1	0.27613205	0.274349	1	ambiguous	0	0	1
GSM7230012_hCiPSCs-0618_TCTCACGGTGATAGAT-1	0.08190612	0.08922799	1	failure	0	1	0
GSM7230012_hCiPSCs-0618_TCTCACGGTGCACGCT-1	0.08312676	0.09039141	1	failure	0	1	0
GSM7230012_hCiPSCs-0618_TCTCACGTCATGCCCT-1	0.6000679	0.5830994	1	ambiguous	0	0	1
GSM7230012_hCiPSCs-0618_TCTCACGTCTGCTAGA-1	0.6635481	0.6436038	1	ambiguous	0	0	1
GSM7230012_hCiPSCs-0618_TCTCAGCAGAAACCCG-1	0.68292195	0.66206944	1	ambiguous	0	0	1
GSM7230012_hCiPSCs-0618_TCTCAGCAGCATGTTC-1	0.721405	0.69874847	1	ambiguous	0	0	1
GSM7230012_hCiPSCs-0618_TCTCAGCAGTAAACAC-1	0.14621082	0.15051822	1	ambiguous	0	0	1
GSM7230012_hCiPSCs-0618_TCTCAGCAGTCTGGAG-1	0.5171063	0.5040269	1	ambiguous	0	0	1
GSM7230012_hCiPSCs-0618_TCTCAGCAGTTGCCCG-1	0.6150945	0.5974215	1	ambiguous	0	0	1
GSM7230012_hCiPSCs-0618_TCTCAGCCAACTGTGT-1	0.7432666	0.71958524	1	ambiguous	0	0	1
GSM7230012_hCiPSCs-0618_TCTCAGCCAATTTCGG-1	0.09637788	0.103021346	1	failure	0	1	0
GSM7230012_hCiPSCs-0618_TCTCAGCCACGGATCC-1	0.5969904	0.58016616	1	ambiguous	0	0	1
GSM7230012_hCiPSCs-0618_TCTCAGCCAGTCCGTG-1	0.6691643	0.6489567	1	ambiguous	0	0	1
GSM7230012_hCiPSCs-0618_TCTCAGCGTCCAAAGG-1	0.6379597	0.61921495	1	ambiguous	0	0	1
GSM7230012_hCiPSCs-0618_TCTCAGCTCAGGTAAA-1	0.7218683	0.69919	1	ambiguous	0	0	1
GSM7230012_hCiPSCs-0618_TCTCAGCTCTAGTACG-1	0.6519166	0.6325176	1	ambiguous	0	0	1
GSM7230012_hCiPSCs-0618_TCTCCGAAGTTCCATG-1	0.5026976	0.49029362	1	ambiguous	0	0	1
GSM7230012_hCiPSCs-0618_TCTCCGACAACACAAA-1	0.4626546	0.45212772	1	ambiguous	0	0	1
GSM7230012_hCiPSCs-0618_TCTCCGAGTAAGTTGA-1	0.58354014	0.56734645	1	ambiguous	0	0	1
GSM7230012_hCiPSCs-0618_TCTCCGAGTACGGGAT-1	0.3737119	0.3673545	1	ambiguous	0	0	1
GSM7230012_hCiPSCs-0618_TCTCCGAGTCAAGTTC-1	0.547386	0.5328871	1	ambiguous	0	0	1
GSM7230012_hCiPSCs-0618_TCTCCGATCATGCCGG-1	0.113100775	0.1189603	1	ambiguous	0	0	1
GSM7230012_hCiPSCs-0618_TCTCCGATCTCCGCAT-1	0.49508846	0.48304117	1	ambiguous	0	0	1
GSM7230012_hCiPSCs-0618_TCTCTGGAGAAGGTAG-1	0.13589554	0.1406865	1	ambiguous	0	0	1
GSM7230012_hCiPSCs-0618_TCTCTGGCAAGCAGGT-1	0.50370926	0.49125785	1	ambiguous	0	0	1
GSM7230012_hCiPSCs-0618_TCTCTGGCAAGTCCCG-1	0.6191803	0.60131586	1	ambiguous	0	0	1
GSM7230012_hCiPSCs-0618_TCTCTGGCACACTTAG-1	0.5461347	0.53169453	1	ambiguous	0	0	1
GSM7230012_hCiPSCs-0618_TCTCTGGCAGACAATA-1	0.25638795	0.25553048	1	ambiguous	0	0	1
GSM7230012_hCiPSCs-0618_TCTCTGGCATCATTGG-1	0.243958	0.2436832	1	ambiguous	0	0	1
GSM7230012_hCiPSCs-0618_TCTCTGGGTAGTTAGA-1	0.6305176	0.6121217	1	ambiguous	0	0	1
GSM7230012_hCiPSCs-0618_TCTCTGGGTCATACCA-1	0.5483164	0.5337739	1	ambiguous	0	0	1
GSM7230012_hCiPSCs-0618_TCTCTGGGTCTTGCTC-1	0.567648	0.55219924	1	ambiguous	0	0	1
GSM7230012_hCiPSCs-0618_TCTCTGGGTGTTCAGT-1	0.6400742	0.6212303	1	ambiguous	0	0	1
GSM7230012_hCiPSCs-0618_TCTCTGGGTTTGCAGT-1	0.74704707	0.7231885	1	ambiguous	0	0	1
GSM7230012_hCiPSCs-0618_TCTCTGGTCGCATTAG-1	0.12344063	0.12881544	1	ambiguous	0	0	1
GSM7230012_hCiPSCs-0618_TCTGCCAAGGAATTAC-1	0.7633686	0.7387449	1	success	1	0	0
GSM7230012_hCiPSCs-0618_TCTGCCAAGGCGACAT-1	0.1006051	0.1070504	1	failure	0	1	0
GSM7230012_hCiPSCs-0618_TCTGCCAAGTGCTCAT-1	0.84192413	0.8136179	1	success	1	0	0
GSM7230012_hCiPSCs-0618_TCTGCCACACAATCTG-1	0.8082386	0.78151155	1	success	1	0	0
GSM7230012_hCiPSCs-0618_TCTGCCACAGCTGCCA-1	0.6586221	0.6389087	1	ambiguous	0	0	1
GSM7230012_hCiPSCs-0618_TCTGCCAGTCAATGGG-1	0.70264035	0.68086344	1	ambiguous	0	0	1
GSM7230012_hCiPSCs-0618_TCTGCCATCAATCCGA-1	0.7474928	0.7236133	1	ambiguous	0	0	1
GSM7230012_hCiPSCs-0618_TCTGCCATCTTCCCAG-1	0.7302125	0.7071431	1	ambiguous	0	0	1
GSM7230012_hCiPSCs-0618_TCTGGCTAGCGTCTGC-1	0.76427346	0.7396074	1	success	1	0	0
GSM7230012_hCiPSCs-0618_TCTGGCTAGGTTGAGC-1	0.52593565	0.51244235	1	ambiguous	0	0	1
GSM7230012_hCiPSCs-0618_TCTGGCTCAATCTCTT-1	0.42313722	0.41446286	1	ambiguous	0	0	1
GSM7230012_hCiPSCs-0618_TCTGGCTCACCGAATT-1	0.69344056	0.67209494	1	ambiguous	0	0	1
GSM7230012_hCiPSCs-0618_TCTGGCTCACGTGAGA-1	0.1418228	0.1463359	1	ambiguous	0	0	1
GSM7230012_hCiPSCs-0618_TCTGGCTCAGTGTACT-1	0.59176564	0.5751863	1	ambiguous	0	0	1
GSM7230012_hCiPSCs-0618_TCTGGCTCATCTCAAG-1	0.7529983	0.72886074	1	ambiguous	0	0	1
GSM7230012_hCiPSCs-0618_TCTGGCTGTCGGTGAA-1	0.071688466	0.07948931	1	failure	0	1	0
GSM7230012_hCiPSCs-0618_TCTGGCTGTTCCACAA-1	0.16485247	0.16828598	1	ambiguous	0	0	1
GSM7230012_hCiPSCs-0618_TCTGGCTTCACTGCTC-1	0.7966655	0.7704809	1	success	1	0	0
GSM7230012_hCiPSCs-0618_TCTGGCTTCCGATGTA-1	0.08455847	0.09175601	1	failure	0	1	0
GSM7230012_hCiPSCs-0618_TCTGGCTTCCGTGTAA-1	0.7105883	0.68843883	1	ambiguous	0	0	1
GSM7230012_hCiPSCs-0618_TCTGTCGAGAGATTCA-1	0.48478636	0.47322205	1	ambiguous	0	0	1
GSM7230012_hCiPSCs-0618_TCTGTCGAGCTGGCCT-1	0.73618495	0.71283555	1	ambiguous	0	0	1
GSM7230012_hCiPSCs-0618_TCTGTCGAGGTTCAGG-1	0.1508572	0.15494677	1	ambiguous	0	0	1
GSM7230012_hCiPSCs-0618_TCTGTCGCACTTCCTG-1	0.6451746	0.6260916	1	ambiguous	0	0	1
GSM7230012_hCiPSCs-0618_TCTGTCGTCACTGGGC-1	0.75823754	0.73385435	1	success	1	0	0
GSM7230012_hCiPSCs-0618_TCTGTCGTCTAGGCCG-1	0.43980235	0.4303468	1	ambiguous	0	0	1
GSM7230012_hCiPSCs-0618_TCTGTCGTCTCGTCAC-1	0.69007087	0.6688832	1	ambiguous	0	0	1
GSM7230012_hCiPSCs-0618_TCTTAGTAGAAGAACG-1	0.5944508	0.5777456	1	ambiguous	0	0	1
GSM7230012_hCiPSCs-0618_TCTTAGTAGCGTCAAG-1	0.31642556	0.31275365	1	ambiguous	0	0	1
GSM7230012_hCiPSCs-0618_TCTTAGTCACGGGCTT-1	0.6276587	0.6093969	1	ambiguous	0	0	1
GSM7230012_hCiPSCs-0618_TCTTAGTCATATTCGG-1	0.55889654	0.5438581	1	ambiguous	0	0	1
GSM7230012_hCiPSCs-0618_TCTTAGTTCAAGGCTT-1	0.77160805	0.74659806	1	success	1	0	0
GSM7230012_hCiPSCs-0618_TCTTAGTTCCACAAGT-1	0.16509531	0.16851744	1	ambiguous	0	0	1
GSM7230012_hCiPSCs-0618_TCTTAGTTCCTACACC-1	0.53127795	0.5175342	1	ambiguous	0	0	1
GSM7230012_hCiPSCs-0618_TCTTAGTTCTACACTT-1	0.1487256	0.1529151	1	ambiguous	0	0	1
GSM7230012_hCiPSCs-0618_TCTTCCTAGAATTCAG-1	0.59681946	0.58000326	1	ambiguous	0	0	1
GSM7230012_hCiPSCs-0618_TCTTCCTAGCCTCATA-1	0.58042055	0.5643731	1	ambiguous	0	0	1
GSM7230012_hCiPSCs-0618_TCTTCCTAGTTCCAGT-1	0.6894445	0.6682862	1	ambiguous	0	0	1
GSM7230012_hCiPSCs-0618_TCTTCCTCAAGGTTGG-1	0.03691863	0.04634942	1	failure	0	1	0
GSM7230012_hCiPSCs-0618_TCTTCCTCACAAGCAG-1	0.11480772	0.12058723	1	ambiguous	0	0	1
GSM7230012_hCiPSCs-0618_TCTTCCTCACCAGCGT-1	0.29638222	0.2936499	1	ambiguous	0	0	1
GSM7230012_hCiPSCs-0618_TCTTCCTCATTCAGCA-1	0.4899859	0.47817785	1	ambiguous	0	0	1
GSM7230012_hCiPSCs-0618_TCTTCCTGTACGTTCA-1	0.12407138	0.12941663	1	ambiguous	0	0	1
GSM7230012_hCiPSCs-0618_TCTTCCTGTTCGAGCC-1	0.123008974	0.12840402	1	ambiguous	0	0	1
GSM7230012_hCiPSCs-0618_TCTTCCTTCAAACTGC-1	0.7040915	0.68224657	1	ambiguous	0	0	1
GSM7230012_hCiPSCs-0618_TCTTCCTTCTACACTT-1	0.19626148	0.1982226	1	ambiguous	0	0	1
GSM7230012_hCiPSCs-0618_TCTTGCGAGAGCAGCT-1	0.114820436	0.12059935	1	ambiguous	0	0	1
GSM7230012_hCiPSCs-0618_TCTTGCGAGGACAACC-1	0.73254865	0.7093697	1	ambiguous	0	0	1
GSM7230012_hCiPSCs-0618_TCTTGCGAGGTACAGC-1	0.74395275	0.7202392	1	ambiguous	0	0	1
GSM7230012_hCiPSCs-0618_TCTTGCGAGGTCCAGA-1	0.47155014	0.4606063	1	ambiguous	0	0	1
GSM7230012_hCiPSCs-0618_TCTTGCGAGTACTGTC-1	0.45461255	0.44446272	1	ambiguous	0	0	1
GSM7230012_hCiPSCs-0618_TCTTGCGCACCTCTAC-1	0.15232402	0.15634483	1	ambiguous	0	0	1
GSM7230012_hCiPSCs-0618_TCTTGCGCACTCCACT-1	0.47577697	0.46463498	1	ambiguous	0	0	1
GSM7230012_hCiPSCs-0618_TCTTGCGCATCTCCCA-1	0.12150047	0.12696624	1	ambiguous	0	0	1
GSM7230012_hCiPSCs-0618_TCTTGCGGTCCATAGT-1	0.7977041	0.77147084	1	success	1	0	0
GSM7230012_hCiPSCs-0618_TCTTGCGGTCTTACTT-1	0.8557998	0.8268431	1	success	1	0	0
GSM7230012_hCiPSCs-0618_TCTTGCGTCCCTCATG-1	0.6891443	0.6680001	1	ambiguous	0	0	1
GSM7230012_hCiPSCs-0618_TCTTTGAAGAATAGTC-1	0.34042013	0.33562338	1	ambiguous	0	0	1
GSM7230012_hCiPSCs-0618_TCTTTGAAGATTGACA-1	0.46068835	0.4502537	1	ambiguous	0	0	1
GSM7230012_hCiPSCs-0618_TCTTTGAAGGGCAACT-1	0.46100622	0.45055667	1	ambiguous	0	0	1
GSM7230012_hCiPSCs-0618_TCTTTGACAGGACAGT-1	0.11124187	0.11718854	1	ambiguous	0	0	1
GSM7230012_hCiPSCs-0618_TCTTTGACATCATTGG-1	0.49827418	0.48607758	1	ambiguous	0	0	1
GSM7230012_hCiPSCs-0618_TCTTTGAGTGTGCTTA-1	0.54882425	0.53425795	1	ambiguous	0	0	1
GSM7230012_hCiPSCs-0618_TCTTTGATCCTCCACA-1	0.1095583	0.1155839	1	ambiguous	0	0	1
GSM7230012_hCiPSCs-0618_TCTTTGATCCTGTACC-1	0.64288867	0.6239128	1	ambiguous	0	0	1
GSM7230012_hCiPSCs-0618_TGAACGTAGAGGGTAA-1	0.43823698	0.4288548	1	ambiguous	0	0	1
GSM7230012_hCiPSCs-0618_TGAACGTAGCACTCAT-1	0.5541415	0.53932595	1	ambiguous	0	0	1
GSM7230012_hCiPSCs-0618_TGAACGTAGGTACAAT-1	0.57345355	0.55773264	1	ambiguous	0	0	1
GSM7230012_hCiPSCs-0618_TGAACGTAGTCATGAA-1	0.6670637	0.6469546	1	ambiguous	0	0	1
GSM7230012_hCiPSCs-0618_TGAACGTAGTGCACAG-1	0.6762495	0.6557098	1	ambiguous	0	0	1
GSM7230012_hCiPSCs-0618_TGAACGTCAGATCCTA-1	0.5781483	0.5622074	1	ambiguous	0	0	1
GSM7230012_hCiPSCs-0618_TGAACGTGTTGTCTAG-1	0.47401196	0.4629527	1	ambiguous	0	0	1
GSM7230012_hCiPSCs-0618_TGAACGTTCCCTAGGG-1	0.64851606	0.6292764	1	ambiguous	0	0	1
GSM7230012_hCiPSCs-0618_TGAACGTTCGATTGGT-1	0.49437267	0.48235893	1	ambiguous	0	0	1
GSM7230012_hCiPSCs-0618_TGAACGTTCGCGCCAA-1	0.72580135	0.70293874	1	ambiguous	0	0	1
GSM7230012_hCiPSCs-0618_TGAATCGAGCAACCAG-1	0.10948122	0.115510434	1	ambiguous	0	0	1
GSM7230012_hCiPSCs-0618_TGAATCGAGCCTCTTC-1	0.66371775	0.64376545	1	ambiguous	0	0	1
GSM7230012_hCiPSCs-0618_TGAATCGAGCCTTGAT-1	0.08047275	0.08786181	1	failure	0	1	0
GSM7230012_hCiPSCs-0618_TGAATCGAGTATAGGT-1	0.65021014	0.6308911	1	ambiguous	0	0	1
GSM7230012_hCiPSCs-0618_TGAATCGCACAAATCC-1	0.80931044	0.78253305	1	success	1	0	0
GSM7230012_hCiPSCs-0618_TGAATCGCAGTAGTTC-1	0.7601727	0.7356988	1	success	1	0	0
GSM7230012_hCiPSCs-0618_TGAATCGGTCAAAGCG-1	0.7469477	0.7230938	1	ambiguous	0	0	1
GSM7230012_hCiPSCs-0618_TGAATCGGTCCCTGAG-1	0.6180202	0.6002101	1	ambiguous	0	0	1
GSM7230012_hCiPSCs-0618_TGAATCGGTTCGTAAC-1	0.20171957	0.20342483	1	ambiguous	0	0	1
GSM7230012_hCiPSCs-0618_TGAATCGTCCAAGAGG-1	0.67644274	0.655894	1	ambiguous	0	0	1
GSM7230012_hCiPSCs-0618_TGAATCGTCTCCCAAC-1	0.73066044	0.7075701	1	ambiguous	0	0	1
GSM7230012_hCiPSCs-0618_TGAATGCAGATTACCC-1	0.13184536	0.13682617	1	ambiguous	0	0	1
GSM7230012_hCiPSCs-0618_TGAATGCAGCTACAAA-1	0.60936785	0.59196335	1	ambiguous	0	0	1
GSM7230012_hCiPSCs-0618_TGAATGCCACATTCGA-1	0.7245784	0.7017731	1	ambiguous	0	0	1
GSM7230012_hCiPSCs-0618_TGAATGCCAGACCATT-1	0.7903238	0.7644365	1	success	1	0	0
GSM7230012_hCiPSCs-0618_TGAATGCCAGCCGGTT-1	0.101059616	0.10748361	1	failure	0	1	0
GSM7230012_hCiPSCs-0618_TGAATGCCATAGCACT-1	0.46306914	0.45252287	1	ambiguous	0	0	1
GSM7230012_hCiPSCs-0618_TGAATGCGTGAATTGA-1	0.7098913	0.68777454	1	ambiguous	0	0	1
GSM7230012_hCiPSCs-0618_TGAATGCGTTAGGGAC-1	0.68593025	0.6649367	1	ambiguous	0	0	1
GSM7230012_hCiPSCs-0618_TGAATGCGTTGCTCCT-1	0.18857509	0.19089654	1	ambiguous	0	0	1
GSM7230012_hCiPSCs-0618_TGAATGCGTTGTATGC-1	0.61726105	0.5994866	1	ambiguous	0	0	1
GSM7230012_hCiPSCs-0618_TGAATGCTCCCAAGTA-1	0.17453258	0.17751232	1	ambiguous	0	0	1
GSM7230012_hCiPSCs-0618_TGAATGCTCTCAAAGC-1	0.6261123	0.6079229	1	ambiguous	0	0	1
GSM7230012_hCiPSCs-0618_TGAATGCTCTGACGCG-1	0.13767825	0.14238563	1	ambiguous	0	0	1
GSM7230012_hCiPSCs-0618_TGACAGTAGCCAACCC-1	0.1496908	0.15383507	1	ambiguous	0	0	1
GSM7230012_hCiPSCs-0618_TGACAGTCATGGCGCT-1	0.77821994	0.7529	1	success	1	0	0
GSM7230012_hCiPSCs-0618_TGACAGTGTCTTACTT-1	0.68468803	0.66375273	1	ambiguous	0	0	1
GSM7230012_hCiPSCs-0618_TGACAGTGTTGTGGCC-1	0.58973044	0.57324654	1	ambiguous	0	0	1
GSM7230012_hCiPSCs-0618_TGACAGTTCACATTGG-1	0.7596207	0.73517275	1	success	1	0	0
GSM7230012_hCiPSCs-0618_TGACAGTTCTCCATAT-1	0.74816424	0.7242533	1	ambiguous	0	0	1
GSM7230012_hCiPSCs-0618_TGACAGTTCTTCTTCC-1	0.10605641	0.11224616	1	failure	0	1	0
GSM7230012_hCiPSCs-0618_TGACCCTAGAGATGCC-1	0.14184187	0.14635408	1	ambiguous	0	0	1
GSM7230012_hCiPSCs-0618_TGACCCTAGCTGGCCT-1	0.053668853	0.06231443	1	failure	0	1	0
GSM7230012_hCiPSCs-0618_TGACCCTAGGAAAGAC-1	0.80831987	0.7815889	1	success	1	0	0
GSM7230012_hCiPSCs-0618_TGACCCTGTACTAGCT-1	0.05571869	0.06426817	1	failure	0	1	0
GSM7230012_hCiPSCs-0618_TGACCCTGTGGGATTG-1	0.21137063	0.21262348	1	ambiguous	0	0	1
GSM7230012_hCiPSCs-0618_TGACCCTGTTGTGTTG-1	0.5849688	0.5687081	1	ambiguous	0	0	1
GSM7230012_hCiPSCs-0618_TGACCCTTCCCTCTTT-1	0.18755661	0.1899258	1	ambiguous	0	0	1
GSM7230012_hCiPSCs-0618_TGACCCTTCCGCTAGG-1	0.4138301	0.40559205	1	ambiguous	0	0	1
GSM7230012_hCiPSCs-0618_TGACCCTTCGACCCAG-1	0.5464678	0.532012	1	ambiguous	0	0	1
GSM7230012_hCiPSCs-0618_TGACGCGAGAGTGAAG-1	0.09418624	0.10093244	1	failure	0	1	0
GSM7230012_hCiPSCs-0618_TGACGCGAGCAAGTGC-1	0.4438545	0.434209	1	ambiguous	0	0	1
GSM7230012_hCiPSCs-0618_TGACGCGAGGTTGCCC-1	0.5866266	0.5702882	1	ambiguous	0	0	1
GSM7230012_hCiPSCs-0618_TGACGCGCAACCGACC-1	0.2556631	0.2548396	1	ambiguous	0	0	1
GSM7230012_hCiPSCs-0618_TGACGCGCAGGCTACC-1	0.20147918	0.2031957	1	ambiguous	0	0	1
GSM7230012_hCiPSCs-0618_TGACGCGGTGACTATC-1	0.11516697	0.12092964	1	ambiguous	0	0	1
GSM7230012_hCiPSCs-0618_TGACGCGGTTCGTTCC-1	0.60341394	0.5862886	1	ambiguous	0	0	1
GSM7230012_hCiPSCs-0618_TGACGCGTCTATACTC-1	0.62027925	0.6023633	1	ambiguous	0	0	1
GSM7230012_hCiPSCs-0618_TGACTCCAGAGCAACC-1	0.13712059	0.1418541	1	ambiguous	0	0	1
GSM7230012_hCiPSCs-0618_TGACTCCAGTCAGAGC-1	0.69993293	0.678283	1	ambiguous	0	0	1
GSM7230012_hCiPSCs-0618_TGACTCCCAAGGCTTT-1	0.12984455	0.13491915	1	ambiguous	0	0	1
GSM7230012_hCiPSCs-0618_TGACTCCCAGGTTTAC-1	0.45350045	0.44340274	1	ambiguous	0	0	1
GSM7230012_hCiPSCs-0618_TGACTCCGTAGACGTG-1	0.66481185	0.6448083	1	ambiguous	0	0	1
GSM7230012_hCiPSCs-0618_TGACTCCGTAGCTAAA-1	0.32995293	0.32564688	1	ambiguous	0	0	1
GSM7230012_hCiPSCs-0618_TGAGACTAGACGACGT-1	0.6842062	0.6632934	1	ambiguous	0	0	1
GSM7230012_hCiPSCs-0618_TGAGACTAGACTTCGT-1	0.32666755	0.32251552	1	ambiguous	0	0	1
GSM7230012_hCiPSCs-0618_TGAGACTAGCACGTCC-1	0.19536492	0.19736807	1	ambiguous	0	0	1
GSM7230012_hCiPSCs-0618_TGAGACTCAATTGAAG-1	0.06468723	0.07281628	1	failure	0	1	0
GSM7230012_hCiPSCs-0618_TGAGACTCAGAGCCCT-1	0.087408915	0.094472826	1	failure	0	1	0
GSM7230012_hCiPSCs-0618_TGAGACTCAGTCGGTC-1	0.66557246	0.64553326	1	ambiguous	0	0	1
GSM7230012_hCiPSCs-0618_TGAGACTCATGGCGCT-1	0.10659623	0.11276068	1	failure	0	1	0
GSM7230012_hCiPSCs-0618_TGAGACTGTATCTCGA-1	0.7165279	0.69409996	1	ambiguous	0	0	1
GSM7230012_hCiPSCs-0618_TGAGACTTCCAGTGCG-1	0.14128247	0.1458209	1	ambiguous	0	0	1
GSM7230012_hCiPSCs-0618_TGAGACTTCTGTCGCT-1	0.68375057	0.6628592	1	ambiguous	0	0	1
GSM7230012_hCiPSCs-0618_TGAGCATAGAACTCCT-1	0.71347433	0.6911896	1	ambiguous	0	0	1
GSM7230012_hCiPSCs-0618_TGAGCATAGGGTCAAC-1	0.67966276	0.658963	1	ambiguous	0	0	1
GSM7230012_hCiPSCs-0618_TGAGCATCACACGGAA-1	0.04567741	0.054697607	1	failure	0	1	0
GSM7230012_hCiPSCs-0618_TGAGCATCACGCGTGT-1	0.1463141	0.15061666	1	ambiguous	0	0	1
GSM7230012_hCiPSCs-0618_TGAGCATCAGCACCCA-1	0.5753161	0.55950785	1	ambiguous	0	0	1
GSM7230012_hCiPSCs-0618_TGAGCATGTCGTTGCG-1	0.50811756	0.4954595	1	ambiguous	0	0	1
GSM7230012_hCiPSCs-0618_TGAGCATGTGAGTAAT-1	0.4677315	0.45696667	1	ambiguous	0	0	1
GSM7230012_hCiPSCs-0618_TGAGCATGTGATCGTT-1	0.6849087	0.6639631	1	ambiguous	0	0	1
GSM7230012_hCiPSCs-0618_TGAGCGCAGAGTGTTA-1	0.7451602	0.7213901	1	ambiguous	0	0	1
GSM7230012_hCiPSCs-0618_TGAGCGCAGTATGACA-1	0.12664129	0.13186607	1	ambiguous	0	0	1
GSM7230012_hCiPSCs-0618_TGAGCGCCACACAGCC-1	0.02811015	0.037953865	1	failure	0	1	0
GSM7230012_hCiPSCs-0618_TGAGCGCCATACAGCT-1	0.56573826	0.5503791	1	ambiguous	0	0	1
GSM7230012_hCiPSCs-0618_TGAGCGCGTCAAAGAT-1	0.69019336	0.6689999	1	ambiguous	0	0	1
GSM7230012_hCiPSCs-0618_TGAGCGCGTGTCCGTG-1	0.5114871	0.49867108	1	ambiguous	0	0	1
GSM7230012_hCiPSCs-0618_TGAGCGCTCTGAGAAA-1	0.7129202	0.69066143	1	ambiguous	0	0	1
GSM7230012_hCiPSCs-0618_TGAGGAGCAACTGCTA-1	0.6582548	0.6385586	1	ambiguous	0	0	1
GSM7230012_hCiPSCs-0618_TGAGGAGCACTACTTT-1	0.66490364	0.64489573	1	ambiguous	0	0	1
GSM7230012_hCiPSCs-0618_TGAGGAGCACTATCGA-1	0.41713142	0.4087386	1	ambiguous	0	0	1
GSM7230012_hCiPSCs-0618_TGAGGAGGTAATGCTC-1	0.0531219	0.06179311	1	failure	0	1	0
GSM7230012_hCiPSCs-0618_TGAGGAGGTAGCTTGT-1	0.15814129	0.1618894	1	ambiguous	0	0	1
GSM7230012_hCiPSCs-0618_TGAGGAGGTGCAGGAT-1	0.6821185	0.6613036	1	ambiguous	0	0	1
GSM7230012_hCiPSCs-0618_TGAGGAGGTGTCACAT-1	0.1581875	0.16193345	1	ambiguous	0	0	1
GSM7230012_hCiPSCs-0618_TGAGGAGGTTCAAACC-1	0.10001014	0.10648333	1	failure	0	1	0
GSM7230012_hCiPSCs-0618_TGAGGAGGTTCTCGCT-1	0.553701	0.5389061	1	ambiguous	0	0	1
GSM7230012_hCiPSCs-0618_TGAGGAGTCGATTTCT-1	0.52892184	0.51528853	1	ambiguous	0	0	1
GSM7230012_hCiPSCs-0618_TGAGGAGTCTCAACGA-1	0.6708514	0.65056473	1	ambiguous	0	0	1
GSM7230012_hCiPSCs-0618_TGAGGGAAGACTCGAG-1	0.6578332	0.6381568	1	ambiguous	0	0	1
GSM7230012_hCiPSCs-0618_TGAGGGAAGCGCACAA-1	0.12264167	0.12805393	1	ambiguous	0	0	1
GSM7230012_hCiPSCs-0618_TGAGGGACATCGTGGC-1	0.104500815	0.11076349	1	failure	0	1	0
GSM7230012_hCiPSCs-0618_TGAGGGACATGGCCAC-1	0.13224679	0.1372088	1	ambiguous	0	0	1
GSM7230012_hCiPSCs-0618_TGAGGGAGTAGGGTAC-1	0.452026	0.4419974	1	ambiguous	0	0	1
GSM7230012_hCiPSCs-0618_TGAGGGAGTGCGAGTA-1	0.57166386	0.5560269	1	ambiguous	0	0	1
GSM7230012_hCiPSCs-0618_TGAGGGATCGACCAAT-1	0.16265659	0.16619305	1	ambiguous	0	0	1
GSM7230012_hCiPSCs-0618_TGAGGGATCTCGCCTA-1	0.07868973	0.08616237	1	failure	0	1	0
GSM7230012_hCiPSCs-0618_TGAGGGATCTGGACTA-1	0.75761425	0.73326033	1	success	1	0	0
GSM7230012_hCiPSCs-0618_TGAGGTTAGAATAGTC-1	0.62649477	0.60828745	1	ambiguous	0	0	1
GSM7230012_hCiPSCs-0618_TGAGGTTAGCGATGGT-1	0.40236354	0.394663	1	ambiguous	0	0	1
GSM7230012_hCiPSCs-0618_TGAGGTTAGTAAGGGA-1	0.50408167	0.4916128	1	ambiguous	0	0	1
GSM7230012_hCiPSCs-0618_TGAGGTTCAACCTAAC-1	0.7605675	0.7360751	1	success	1	0	0
GSM7230012_hCiPSCs-0618_TGAGGTTCACAATGTC-1	0.8416582	0.8133644	1	success	1	0	0
GSM7230012_hCiPSCs-0618_TGAGGTTCACCTGATA-1	0.14109989	0.14564687	1	ambiguous	0	0	1
GSM7230012_hCiPSCs-0618_TGAGGTTCATCCGTGG-1	0.4606873	0.45025268	1	ambiguous	0	0	1
GSM7230012_hCiPSCs-0618_TGAGGTTGTATGCAAA-1	0.13734241	0.14206554	1	ambiguous	0	0	1
GSM7230012_hCiPSCs-0618_TGAGGTTGTCAGTCCG-1	0.5822592	0.5661255	1	ambiguous	0	0	1
GSM7230012_hCiPSCs-0618_TGAGGTTGTGACACGA-1	0.43297517	0.42383963	1	ambiguous	0	0	1
GSM7230012_hCiPSCs-0618_TGAGGTTTCCGAGATT-1	0.14317584	0.14762552	1	ambiguous	0	0	1
GSM7230012_hCiPSCs-0618_TGAGGTTTCCTGGCTT-1	0.70894617	0.6868737	1	ambiguous	0	0	1
GSM7230012_hCiPSCs-0618_TGAGGTTTCGCCAGAC-1	0.64177054	0.62284714	1	ambiguous	0	0	1
GSM7230012_hCiPSCs-0618_TGAGTCAAGACGACGT-1	0.51168853	0.4988631	1	ambiguous	0	0	1
GSM7230012_hCiPSCs-0618_TGAGTCAAGATTAGCA-1	0.6657176	0.6456716	1	ambiguous	0	0	1
GSM7230012_hCiPSCs-0618_TGAGTCAAGCGATGAC-1	0.112215206	0.11811625	1	ambiguous	0	0	1
GSM7230012_hCiPSCs-0618_TGAGTCAAGCTAGAAT-1	0.5206088	0.50736517	1	ambiguous	0	0	1
GSM7230012_hCiPSCs-0618_TGAGTCAAGTCTCGTA-1	0.76787764	0.7430425	1	success	1	0	0
GSM7230012_hCiPSCs-0618_TGAGTCAGTCTTCAAG-1	0.76551455	0.74079025	1	success	1	0	0
GSM7230012_hCiPSCs-0618_TGAGTCAGTTCTTAGG-1	0.08236433	0.08966472	1	failure	0	1	0
GSM7230012_hCiPSCs-0618_TGAGTCATCACCCTCA-1	0.8392571	0.8110759	1	success	1	0	0
GSM7230012_hCiPSCs-0618_TGAGTCATCGGCTCTT-1	0.21507296	0.21615225	1	ambiguous	0	0	1
GSM7230012_hCiPSCs-0618_TGATCAGAGAGCTGAC-1	0.51373094	0.5008097	1	ambiguous	0	0	1
GSM7230012_hCiPSCs-0618_TGATCAGAGCCATTGT-1	0.5366379	0.52264285	1	ambiguous	0	0	1
GSM7230012_hCiPSCs-0618_TGATCAGGTGGGACAT-1	0.5061792	0.49361205	1	ambiguous	0	0	1
GSM7230012_hCiPSCs-0618_TGATCAGTCGACGCGT-1	0.5975488	0.5806984	1	ambiguous	0	0	1
GSM7230012_hCiPSCs-0618_TGATCTTAGCTACTGT-1	0.16319506	0.16670626	1	ambiguous	0	0	1
GSM7230012_hCiPSCs-0618_TGATCTTCAGCTTCCT-1	0.059242103	0.06762642	1	failure	0	1	0
GSM7230012_hCiPSCs-0618_TGATCTTCATTCGATG-1	0.025019467	0.035008065	1	failure	0	1	0
GSM7230012_hCiPSCs-0618_TGATCTTGTAACAGTA-1	0.10050725	0.10695714	1	failure	0	1	0
GSM7230012_hCiPSCs-0618_TGATCTTGTAATGATG-1	0.5817017	0.5655942	1	ambiguous	0	0	1
GSM7230012_hCiPSCs-0618_TGATCTTGTATATGGA-1	0.5242136	0.510801	1	ambiguous	0	0	1
GSM7230012_hCiPSCs-0618_TGATCTTTCACCGGTG-1	0.52866846	0.515047	1	ambiguous	0	0	1
GSM7230012_hCiPSCs-0618_TGATCTTTCCCATTCG-1	0.60820186	0.590852	1	ambiguous	0	0	1
GSM7230012_hCiPSCs-0618_TGATCTTTCCGAGGCT-1	0.65044814	0.63111794	1	ambiguous	0	0	1
GSM7230012_hCiPSCs-0618_TGATGCAAGCGCATCC-1	0.77715003	0.7518803	1	success	1	0	0
GSM7230012_hCiPSCs-0618_TGATGCACACAAGGTG-1	0.71403676	0.6917257	1	ambiguous	0	0	1
GSM7230012_hCiPSCs-0618_TGATGCAGTAGACTGG-1	0.58387524	0.5676658	1	ambiguous	0	0	1
GSM7230012_hCiPSCs-0618_TGATGCAGTATTCTCT-1	0.82520384	0.7976814	1	success	1	0	0
GSM7230012_hCiPSCs-0618_TGATGCAGTCCCGCAA-1	0.7342466	0.7109881	1	ambiguous	0	0	1
GSM7230012_hCiPSCs-0618_TGATGCAGTCTCGGGT-1	0.36065835	0.3549129	1	ambiguous	0	0	1
GSM7230012_hCiPSCs-0618_TGATGCAGTGAATAAC-1	0.13451399	0.13936971	1	ambiguous	0	0	1
GSM7230012_hCiPSCs-0618_TGATGCAGTTCCAGGC-1	0.66653514	0.6464508	1	ambiguous	0	0	1
GSM7230012_hCiPSCs-0618_TGATGCATCATTGCGA-1	0.13725975	0.14198676	1	ambiguous	0	0	1
GSM7230012_hCiPSCs-0618_TGATGCATCTTGGTCC-1	0.8142297	0.7872217	1	success	1	0	0
GSM7230012_hCiPSCs-0618_TGATGGTAGATGCTGG-1	0.47829026	0.46703044	1	ambiguous	0	0	1
GSM7230012_hCiPSCs-0618_TGATGGTAGGCAGCTA-1	0.6369655	0.61826736	1	ambiguous	0	0	1
GSM7230012_hCiPSCs-0618_TGATGGTCACAGCCAC-1	0.74972457	0.7257405	1	ambiguous	0	0	1
GSM7230012_hCiPSCs-0618_TGATGGTCACTAGGCC-1	0.6917459	0.6704797	1	ambiguous	0	0	1
GSM7230012_hCiPSCs-0618_TGATGGTGTACTTGTG-1	0.09833423	0.10488598	1	failure	0	1	0
GSM7230012_hCiPSCs-0618_TGATGGTGTAGCTAAA-1	0.76080245	0.73629904	1	success	1	0	0
GSM7230012_hCiPSCs-0618_TGATGGTGTGAATTAG-1	0.105019666	0.111258015	1	failure	0	1	0
GSM7230012_hCiPSCs-0618_TGATGGTGTGCTTATG-1	0.11399349	0.11981117	1	ambiguous	0	0	1
GSM7230012_hCiPSCs-0618_TGATGGTGTTTAAGGA-1	0.4913663	0.4794935	1	ambiguous	0	0	1
GSM7230012_hCiPSCs-0618_TGATGGTTCAAGCCTA-1	0.15668571	0.16050208	1	ambiguous	0	0	1
GSM7230012_hCiPSCs-0618_TGATGGTTCACCTCTG-1	0.59334564	0.5766922	1	ambiguous	0	0	1
GSM7230012_hCiPSCs-0618_TGATGGTTCGATACAC-1	0.60669893	0.5894196	1	ambiguous	0	0	1
GSM7230012_hCiPSCs-0618_TGATGGTTCTTGGTGA-1	0.6545794	0.6350555	1	ambiguous	0	0	1
GSM7230012_hCiPSCs-0618_TGATTCTAGCTAAACA-1	0.14386316	0.1482806	1	ambiguous	0	0	1
GSM7230012_hCiPSCs-0618_TGATTCTAGTCACACT-1	0.12710144	0.13230464	1	ambiguous	0	0	1
GSM7230012_hCiPSCs-0618_TGATTCTCAAGTGATA-1	0.074563704	0.08222977	1	failure	0	1	0
GSM7230012_hCiPSCs-0618_TGATTCTCAATACGCT-1	0.7502794	0.7262693	1	ambiguous	0	0	1
GSM7230012_hCiPSCs-0618_TGATTCTCATAAGATG-1	0.6920023	0.6707241	1	ambiguous	0	0	1
GSM7230012_hCiPSCs-0618_TGATTCTGTAGAATAC-1	0.7365694	0.713202	1	ambiguous	0	0	1
GSM7230012_hCiPSCs-0618_TGATTCTGTAGCGTAG-1	0.68211097	0.6612964	1	ambiguous	0	0	1
GSM7230012_hCiPSCs-0618_TGATTCTGTGGCTAGA-1	0.6791878	0.65851027	1	ambiguous	0	0	1
GSM7230012_hCiPSCs-0618_TGATTCTGTGTTACAC-1	0.47127146	0.46034068	1	ambiguous	0	0	1
GSM7230012_hCiPSCs-0618_TGATTCTTCCAACCGG-1	0.81570584	0.7886287	1	success	1	0	0
GSM7230012_hCiPSCs-0618_TGATTTCAGCACCAGA-1	0.4094738	0.40143996	1	ambiguous	0	0	1
GSM7230012_hCiPSCs-0618_TGATTTCAGGCTAAAT-1	0.637569	0.61884254	1	ambiguous	0	0	1
GSM7230012_hCiPSCs-0618_TGATTTCAGTGAGGCT-1	0.6993184	0.6776973	1	ambiguous	0	0	1
GSM7230012_hCiPSCs-0618_TGATTTCCAAATCAGA-1	0.123940885	0.12929225	1	ambiguous	0	0	1
GSM7230012_hCiPSCs-0618_TGATTTCCATTGAAGA-1	0.64865375	0.62940764	1	ambiguous	0	0	1
GSM7230012_hCiPSCs-0618_TGATTTCGTACAGGTG-1	0.39635614	0.38893723	1	ambiguous	0	0	1
GSM7230012_hCiPSCs-0618_TGATTTCGTACCCAGC-1	0.64093983	0.62205535	1	ambiguous	0	0	1
GSM7230012_hCiPSCs-0618_TGATTTCGTCACCGCA-1	0.25199217	0.25134078	1	ambiguous	0	0	1
GSM7230012_hCiPSCs-0618_TGATTTCGTCCTTAAG-1	0.697206	0.67568386	1	ambiguous	0	0	1
GSM7230012_hCiPSCs-0618_TGATTTCGTCTAACGT-1	0.12630472	0.13154528	1	ambiguous	0	0	1
GSM7230012_hCiPSCs-0618_TGATTTCGTGTCCACG-1	0.16934204	0.17256509	1	ambiguous	0	0	1
GSM7230012_hCiPSCs-0618_TGATTTCTCTCCGAGG-1	0.79000294	0.76413065	1	success	1	0	0
GSM7230012_hCiPSCs-0618_TGATTTCTCTCTAAGG-1	0.53716785	0.523148	1	ambiguous	0	0	1
GSM7230012_hCiPSCs-0618_TGCACGGAGTGCCTCG-1	0.81957656	0.7923179	1	success	1	0	0
GSM7230012_hCiPSCs-0618_TGCACGGAGTGTAGTA-1	0.7270617	0.70414	1	ambiguous	0	0	1
GSM7230012_hCiPSCs-0618_TGCACGGCAACTGCTA-1	0.621762	0.6037765	1	ambiguous	0	0	1
GSM7230012_hCiPSCs-0618_TGCACGGCACTGGACC-1	0.608215	0.59086454	1	ambiguous	0	0	1
GSM7230012_hCiPSCs-0618_TGCACGGGTCTTACAG-1	0.8449759	0.8165266	1	success	1	0	0
GSM7230012_hCiPSCs-0618_TGCACGGGTGTGACCC-1	0.54779667	0.5332785	1	ambiguous	0	0	1
GSM7230012_hCiPSCs-0618_TGCACGGGTTGGCCGT-1	0.68896043	0.6678248	1	ambiguous	0	0	1
GSM7230012_hCiPSCs-0618_TGCACGGTCATGCCGG-1	0.7099169	0.6877989	1	ambiguous	0	0	1
GSM7230012_hCiPSCs-0618_TGCACGGTCCAACCGG-1	0.16745195	0.1707636	1	ambiguous	0	0	1
GSM7230012_hCiPSCs-0618_TGCACGGTCGCAAGAG-1	0.48767397	0.4759743	1	ambiguous	0	0	1
GSM7230012_hCiPSCs-0618_TGCACGGTCGCATGAT-1	0.11457169	0.12036227	1	ambiguous	0	0	1
GSM7230012_hCiPSCs-0618_TGCAGATAGATACCAA-1	0.6904562	0.6692505	1	ambiguous	0	0	1
GSM7230012_hCiPSCs-0618_TGCAGATCACAGTCCG-1	0.5751802	0.5593784	1	ambiguous	0	0	1
GSM7230012_hCiPSCs-0618_TGCAGATCAGCGGTTC-1	0.64582294	0.6267095	1	ambiguous	0	0	1
GSM7230012_hCiPSCs-0618_TGCAGATCAGCTATTG-1	0.39503172	0.38767493	1	ambiguous	0	0	1
GSM7230012_hCiPSCs-0618_TGCAGATCATCTATCT-1	0.55404544	0.53923434	1	ambiguous	0	0	1
GSM7230012_hCiPSCs-0618_TGCAGATGTCTACAAC-1	0.21602559	0.21706022	1	ambiguous	0	0	1
GSM7230012_hCiPSCs-0618_TGCAGATGTGTTGAGG-1	0.48326904	0.47177583	1	ambiguous	0	0	1
GSM7230012_hCiPSCs-0618_TGCAGATGTTCCGGTG-1	0.15159975	0.15565453	1	ambiguous	0	0	1
GSM7230012_hCiPSCs-0618_TGCAGATGTTGCACGC-1	0.77920717	0.753841	1	success	1	0	0
GSM7230012_hCiPSCs-0618_TGCAGATTCAAGAGTA-1	0.7836812	0.7581053	1	success	1	0	0
GSM7230012_hCiPSCs-0618_TGCAGATTCCGGACGT-1	0.14145078	0.14598133	1	ambiguous	0	0	1
GSM7230012_hCiPSCs-0618_TGCAGGCAGCATTTGC-1	0.81291676	0.78597033	1	success	1	0	0
GSM7230012_hCiPSCs-0618_TGCAGGCAGTAGGTTA-1	0.7190668	0.69651985	1	ambiguous	0	0	1
GSM7230012_hCiPSCs-0618_TGCAGGCAGTATGGAT-1	0.5168911	0.5038218	1	ambiguous	0	0	1
GSM7230012_hCiPSCs-0618_TGCAGGCCAGTTTCAG-1	0.75381017	0.7296346	1	ambiguous	0	0	1
GSM7230012_hCiPSCs-0618_TGCAGGCTCAACGTGT-1	0.74754965	0.7236675	1	ambiguous	0	0	1
GSM7230012_hCiPSCs-0618_TGCAGGCTCACCACAA-1	0.7791745	0.75380987	1	success	1	0	0
GSM7230012_hCiPSCs-0618_TGCAGGCTCATCCCGT-1	0.07627036	0.08385642	1	failure	0	1	0
GSM7230012_hCiPSCs-0618_TGCAGTAAGAGAATCT-1	0.67523736	0.65474504	1	ambiguous	0	0	1
GSM7230012_hCiPSCs-0618_TGCAGTAAGGTTTACC-1	0.09279201	0.09960358	1	failure	0	1	0
GSM7230012_hCiPSCs-0618_TGCAGTACACGCGTCA-1	0.7823723	0.75685775	1	success	1	0	0
GSM7230012_hCiPSCs-0618_TGCAGTACACGTGTGC-1	0.6442394	0.6252003	1	ambiguous	0	0	1
GSM7230012_hCiPSCs-0618_TGCAGTAGTACGTGTT-1	0.10835792	0.11443978	1	ambiguous	0	0	1
GSM7230012_hCiPSCs-0618_TGCAGTAGTACTCCGG-1	0.6735948	0.65317947	1	ambiguous	0	0	1
GSM7230012_hCiPSCs-0618_TGCAGTAGTATGAAAC-1	0.15525776	0.15914106	1	ambiguous	0	0	1
GSM7230012_hCiPSCs-0618_TGCAGTAGTCACAGAG-1	0.5279539	0.514366	1	ambiguous	0	0	1
GSM7230012_hCiPSCs-0618_TGCAGTAGTGTGAATA-1	0.61526054	0.59757984	1	ambiguous	0	0	1
GSM7230012_hCiPSCs-0618_TGCAGTAGTGTGGACA-1	0.57395613	0.55821174	1	ambiguous	0	0	1
GSM7230012_hCiPSCs-0618_TGCAGTAGTTTCGGCG-1	0.13281597	0.1377513	1	ambiguous	0	0	1
GSM7230012_hCiPSCs-0618_TGCAGTATCAGATGCT-1	0.14231443	0.14680448	1	ambiguous	0	0	1
GSM7230012_hCiPSCs-0618_TGCAGTATCATGTCAG-1	0.5931713	0.5765261	1	ambiguous	0	0	1
GSM7230012_hCiPSCs-0618_TGCAGTATCGCAGTCG-1	0.6144317	0.59678984	1	ambiguous	0	0	1
GSM7230012_hCiPSCs-0618_TGCATCCAGCAAACAT-1	0.14424746	0.14864689	1	ambiguous	0	0	1
GSM7230012_hCiPSCs-0618_TGCATCCAGGTTCCGC-1	0.787466	0.7617127	1	success	1	0	0
GSM7230012_hCiPSCs-0618_TGCATCCAGGTTGGAC-1	0.15218592	0.15621321	1	ambiguous	0	0	1
GSM7230012_hCiPSCs-0618_TGCATCCAGTACGAGC-1	0.15725814	0.16104767	1	ambiguous	0	0	1
GSM7230012_hCiPSCs-0618_TGCATCCAGTTAACAG-1	0.5855185	0.569232	1	ambiguous	0	0	1
GSM7230012_hCiPSCs-0618_TGCATCCCACAAAGCG-1	0.8521782	0.8233913	1	success	1	0	0
GSM7230012_hCiPSCs-0618_TGCATCCCAGGTGTGA-1	0.7183771	0.69586253	1	ambiguous	0	0	1
GSM7230012_hCiPSCs-0618_TGCATCCGTAAGGTCG-1	0.5521653	0.5374424	1	ambiguous	0	0	1
GSM7230012_hCiPSCs-0618_TGCATCCGTCTTGTCC-1	0.14216028	0.14665757	1	ambiguous	0	0	1
GSM7230012_hCiPSCs-0618_TGCATCCGTGCACAAG-1	0.68815994	0.66706187	1	ambiguous	0	0	1
GSM7230012_hCiPSCs-0618_TGCATCCGTTGAAGTA-1	0.20629111	0.20778206	1	ambiguous	0	0	1
GSM7230012_hCiPSCs-0618_TGCATCCGTTGCATTG-1	0.11862136	0.12422209	1	ambiguous	0	0	1
GSM7230012_hCiPSCs-0618_TGCATCCTCCCTCTCC-1	0.7996696	0.7733442	1	success	1	0	0
GSM7230012_hCiPSCs-0618_TGCATGAAGATGTTCC-1	0.64134693	0.6224434	1	ambiguous	0	0	1
GSM7230012_hCiPSCs-0618_TGCATGACAGAGCTAG-1	0.14043443	0.14501262	1	ambiguous	0	0	1
GSM7230012_hCiPSCs-0618_TGCATGACATGCAGGA-1	0.672161	0.6518129	1	ambiguous	0	0	1
GSM7230012_hCiPSCs-0618_TGCATGAGTAGGTGCA-1	0.60628164	0.58902186	1	ambiguous	0	0	1
GSM7230012_hCiPSCs-0618_TGCATGAGTCCACGCA-1	0.1053793	0.111600794	1	failure	0	1	0
GSM7230012_hCiPSCs-0618_TGCATGAGTCTACGTA-1	0.11679846	0.12248465	1	ambiguous	0	0	1
GSM7230012_hCiPSCs-0618_TGCATGAGTCTGTGCG-1	0.14154777	0.14607376	1	ambiguous	0	0	1
GSM7230012_hCiPSCs-0618_TGCATGAGTGACTAAA-1	0.5874971	0.5711179	1	ambiguous	0	0	1
GSM7230012_hCiPSCs-0618_TGCATGAGTGCAACAG-1	0.016181877	0.026584765	1	failure	0	1	0
GSM7230012_hCiPSCs-0618_TGCATGATCATTTCGT-1	0.061706625	0.069975406	1	failure	0	1	0
GSM7230012_hCiPSCs-0618_TGCCGAGAGCTACGTT-1	0.8232647	0.79583323	1	success	1	0	0
GSM7230012_hCiPSCs-0618_TGCCGAGAGGGATCTG-1	0.5899194	0.5734266	1	ambiguous	0	0	1
GSM7230012_hCiPSCs-0618_TGCCGAGAGGTCCCGT-1	0.13186397	0.13684392	1	ambiguous	0	0	1
GSM7230012_hCiPSCs-0618_TGCCGAGAGTCCGCGT-1	0.1743066	0.17729692	1	ambiguous	0	0	1
GSM7230012_hCiPSCs-0618_TGCCGAGCAACTTCTT-1	0.67294633	0.6525614	1	ambiguous	0	0	1
GSM7230012_hCiPSCs-0618_TGCCGAGCAGGTACGA-1	0.2507035	0.2501125	1	ambiguous	0	0	1
GSM7230012_hCiPSCs-0618_TGCCGAGGTGCTAGCC-1	0.17182441	0.1749311	1	ambiguous	0	0	1
GSM7230012_hCiPSCs-0618_TGCCGAGGTGTAAACA-1	0.15583014	0.15968661	1	ambiguous	0	0	1
GSM7230012_hCiPSCs-0618_TGCCGAGTCATTACGG-1	0.4862398	0.47460735	1	ambiguous	0	0	1
GSM7230012_hCiPSCs-0618_TGCCGAGTCATTATCC-1	0.75402063	0.72983515	1	success	1	0	0
GSM7230012_hCiPSCs-0618_TGCGACGAGAGGATCC-1	0.62575525	0.60758257	1	ambiguous	0	0	1
GSM7230012_hCiPSCs-0618_TGCGACGAGCACACCC-1	0.15584974	0.1597053	1	ambiguous	0	0	1
GSM7230012_hCiPSCs-0618_TGCGACGAGGTAGCCA-1	0.7865366	0.76082677	1	success	1	0	0
GSM7230012_hCiPSCs-0618_TGCGACGCATCGTGCG-1	0.6392709	0.6204646	1	ambiguous	0	0	1
GSM7230012_hCiPSCs-0618_TGCGACGGTAAGGTCG-1	0.58049476	0.5644438	1	ambiguous	0	0	1
GSM7230012_hCiPSCs-0618_TGCGACGGTCACTTAG-1	0.11534644	0.121100694	1	ambiguous	0	0	1
GSM7230012_hCiPSCs-0618_TGCGACGGTGTACATC-1	0.85320586	0.82437074	1	success	1	0	0
GSM7230012_hCiPSCs-0618_TGCGATAAGAGGTGCT-1	0.6883473	0.66724044	1	ambiguous	0	0	1
GSM7230012_hCiPSCs-0618_TGCGATAAGATTAGCA-1	0.64467275	0.6256133	1	ambiguous	0	0	1
GSM7230012_hCiPSCs-0618_TGCGATAAGCCGATCC-1	0.14901975	0.15319547	1	ambiguous	0	0	1
GSM7230012_hCiPSCs-0618_TGCGATACACGCCACA-1	0.59624296	0.57945377	1	ambiguous	0	0	1
GSM7230012_hCiPSCs-0618_TGCGATAGTTCTATCT-1	0.6672067	0.6470909	1	ambiguous	0	0	1
GSM7230012_hCiPSCs-0618_TGCGATATCGCCTTTG-1	0.77175575	0.74673885	1	success	1	0	0
GSM7230012_hCiPSCs-0618_TGCGATATCTGTTGGA-1	0.10154851	0.107949585	1	failure	0	1	0
GSM7230012_hCiPSCs-0618_TGCGGCAAGGACAACC-1	0.67256576	0.65219873	1	ambiguous	0	0	1
GSM7230012_hCiPSCs-0618_TGCGGCAAGGTGCCAA-1	0.61925167	0.60138386	1	ambiguous	0	0	1
GSM7230012_hCiPSCs-0618_TGCGGCACACTCACTC-1	0.9568035	0.923112	1	success	1	0	0
GSM7230012_hCiPSCs-0618_TGCGGCAGTAGGCAGT-1	0.15129425	0.15536334	1	ambiguous	0	0	1
GSM7230012_hCiPSCs-0618_TGCGGCAGTATTCTCT-1	0.09972411	0.1062107	1	failure	0	1	0
GSM7230012_hCiPSCs-0618_TGCGGCAGTCGGTGAA-1	0.6869524	0.66591096	1	ambiguous	0	0	1
GSM7230012_hCiPSCs-0618_TGCGGCAGTGTGTGTT-1	0.12701027	0.13221775	1	ambiguous	0	0	1
GSM7230012_hCiPSCs-0618_TGCGGCATCAGGAAAT-1	0.63712907	0.6184232	1	ambiguous	0	0	1
GSM7230012_hCiPSCs-0618_TGCGGCATCATCGTAG-1	0.14222534	0.14671957	1	ambiguous	0	0	1
GSM7230012_hCiPSCs-0618_TGCGGCATCATGGCCG-1	0.6987694	0.677174	1	ambiguous	0	0	1
GSM7230012_hCiPSCs-0618_TGCGGCATCGGAGTAG-1	0.596987	0.58016294	1	ambiguous	0	0	1
GSM7230012_hCiPSCs-0618_TGCGGCATCTAAGAAG-1	0.19118138	0.19338065	1	ambiguous	0	0	1
GSM7230012_hCiPSCs-0618_TGCGGGTAGAAAGCGA-1	0.6653856	0.6453551	1	ambiguous	0	0	1
GSM7230012_hCiPSCs-0618_TGCGGGTAGAGTCGAC-1	0.5702122	0.5546433	1	ambiguous	0	0	1
GSM7230012_hCiPSCs-0618_TGCGGGTAGTTGGACG-1	0.79183924	0.7658809	1	success	1	0	0
GSM7230012_hCiPSCs-0618_TGCGGGTAGTTGTAGA-1	0.07437509	0.08205	1	failure	0	1	0
GSM7230012_hCiPSCs-0618_TGCGGGTCACATACGT-1	0.66887933	0.6486851	1	ambiguous	0	0	1
GSM7230012_hCiPSCs-0618_TGCGGGTCATATTCGG-1	0.80117196	0.7747761	1	success	1	0	0
GSM7230012_hCiPSCs-0618_TGCGGGTGTACGATCT-1	0.6900558	0.66886884	1	ambiguous	0	0	1
GSM7230012_hCiPSCs-0618_TGCGGGTTCCTCGATC-1	0.2320852	0.23236698	1	ambiguous	0	0	1
GSM7230012_hCiPSCs-0618_TGCGGGTTCTCGCTCA-1	0.7376014	0.7141856	1	ambiguous	0	0	1
GSM7230012_hCiPSCs-0618_TGCGGGTTCTTTCAGT-1	0.16748522	0.1707953	1	ambiguous	0	0	1
GSM7230012_hCiPSCs-0618_TGCTCCAAGCTAATGA-1	0.18427752	0.18680044	1	ambiguous	0	0	1
GSM7230012_hCiPSCs-0618_TGCTCCAAGTAATTGG-1	0.70076805	0.67907894	1	ambiguous	0	0	1
GSM7230012_hCiPSCs-0618_TGCTCCACAAGCTCTA-1	0.55285496	0.5380997	1	ambiguous	0	0	1
GSM7230012_hCiPSCs-0618_TGCTCCACAGCCCACA-1	0.11222145	0.1181222	1	ambiguous	0	0	1
GSM7230012_hCiPSCs-0618_TGCTCCACATTGACCA-1	0.7339521	0.71070737	1	ambiguous	0	0	1
GSM7230012_hCiPSCs-0618_TGCTCCAGTGAAAGTT-1	0.6256179	0.6074517	1	ambiguous	0	0	1
GSM7230012_hCiPSCs-0618_TGCTCCAGTTTCGGCG-1	0.7035118	0.68169403	1	ambiguous	0	0	1
GSM7230012_hCiPSCs-0618_TGCTCCATCCCGTAAA-1	0.14296025	0.14742003	1	ambiguous	0	0	1
GSM7230012_hCiPSCs-0618_TGCTCCATCGACGTCG-1	0.3262262	0.32209486	1	ambiguous	0	0	1
GSM7230012_hCiPSCs-0618_TGCTCCATCGCTACAA-1	0.079518475	0.08695228	1	failure	0	1	0
GSM7230012_hCiPSCs-0618_TGCTCCATCGTTCGCT-1	0.64716727	0.62799084	1	ambiguous	0	0	1
GSM7230012_hCiPSCs-0618_TGCTCGTCAAAGCTAA-1	0.41688645	0.4085051	1	ambiguous	0	0	1
GSM7230012_hCiPSCs-0618_TGCTCGTCAAGCCCAC-1	0.21449168	0.21559821	1	ambiguous	0	0	1
GSM7230012_hCiPSCs-0618_TGCTCGTCAGGCATTT-1	0.15710358	0.16090035	1	ambiguous	0	0	1
GSM7230012_hCiPSCs-0618_TGCTCGTCAGTAGATA-1	0.13215935	0.13712545	1	ambiguous	0	0	1
GSM7230012_hCiPSCs-0618_TGCTCGTGTCGATTAC-1	0.36472812	0.3587919	1	ambiguous	0	0	1
GSM7230012_hCiPSCs-0618_TGCTCGTGTGCTCTTC-1	0.45524782	0.44506818	1	ambiguous	0	0	1
GSM7230012_hCiPSCs-0618_TGCTCGTTCTGCGGCA-1	0.54918975	0.53460634	1	ambiguous	0	0	1
GSM7230012_hCiPSCs-0618_TGCTGAAAGCGAGAAA-1	0.51210284	0.49925795	1	ambiguous	0	0	1
GSM7230012_hCiPSCs-0618_TGCTGAAAGCTTAAGA-1	0.57647437	0.56061184	1	ambiguous	0	0	1
GSM7230012_hCiPSCs-0618_TGCTGAACAAATTGGA-1	0.1375137	0.1422288	1	ambiguous	0	0	1
GSM7230012_hCiPSCs-0618_TGCTGAACACTAGGCC-1	0.5142741	0.50132746	1	ambiguous	0	0	1
GSM7230012_hCiPSCs-0618_TGCTGAACATAATGCC-1	0.53027046	0.5165739	1	ambiguous	0	0	1
GSM7230012_hCiPSCs-0618_TGCTGAAGTAGTGTGG-1	0.102406025	0.1087669	1	failure	0	1	0
GSM7230012_hCiPSCs-0618_TGCTGAAGTCGTCAGC-1	0.7573199	0.7329798	1	success	1	0	0
GSM7230012_hCiPSCs-0618_TGCTGAAGTTAGGCTT-1	0.71113366	0.68895864	1	ambiguous	0	0	1
GSM7230012_hCiPSCs-0618_TGCTGAATCGAACCTA-1	0.74066234	0.717103	1	ambiguous	0	0	1
GSM7230012_hCiPSCs-0618_TGCTGAATCTACAGGT-1	0.16424754	0.16770941	1	ambiguous	0	0	1
GSM7230012_hCiPSCs-0618_TGCTTCGAGAGTGTTA-1	0.63455796	0.61597264	1	ambiguous	0	0	1
GSM7230012_hCiPSCs-0618_TGCTTCGAGATGGCAC-1	0.12852766	0.133664	1	ambiguous	0	0	1
GSM7230012_hCiPSCs-0618_TGCTTCGAGGCCATAG-1	0.1983184	0.20018311	1	ambiguous	0	0	1
GSM7230012_hCiPSCs-0618_TGCTTCGAGTAGACAT-1	0.16758971	0.1708949	1	ambiguous	0	0	1
GSM7230012_hCiPSCs-0618_TGCTTCGCAATGAAAC-1	0.7294521	0.70641834	1	ambiguous	0	0	1
GSM7230012_hCiPSCs-0618_TGCTTCGGTGGCTGAA-1	0.23342355	0.23364258	1	ambiguous	0	0	1
GSM7230012_hCiPSCs-0618_TGCTTCGGTGGCTTGC-1	0.18005206	0.18277305	1	ambiguous	0	0	1
GSM7230012_hCiPSCs-0618_TGCTTCGGTTGGCCTG-1	0.123471804	0.12884516	1	ambiguous	0	0	1
GSM7230012_hCiPSCs-0618_TGCTTGCCACGTGAGA-1	0.13826439	0.14294429	1	ambiguous	0	0	1
GSM7230012_hCiPSCs-0618_TGCTTGCCAGGACATG-1	0.101509765	0.10791265	1	failure	0	1	0
GSM7230012_hCiPSCs-0618_TGCTTGCCATACCATG-1	0.7126256	0.69038063	1	ambiguous	0	0	1
GSM7230012_hCiPSCs-0618_TGCTTGCGTGCCAAGA-1	0.88914126	0.8586216	1	success	1	0	0
GSM7230012_hCiPSCs-0618_TGCTTGCGTGCTTATG-1	0.6263418	0.60814166	1	ambiguous	0	0	1
GSM7230012_hCiPSCs-0618_TGCTTGCGTGTTTGCA-1	0.70771915	0.6857042	1	ambiguous	0	0	1
GSM7230012_hCiPSCs-0618_TGCTTGCGTTATCCAG-1	0.47139254	0.4604561	1	ambiguous	0	0	1
GSM7230012_hCiPSCs-0618_TGCTTGCGTTCGGTAT-1	0.7175532	0.6950772	1	ambiguous	0	0	1
GSM7230012_hCiPSCs-0618_TGCTTGCGTTGGCCTG-1	0.08588226	0.093017735	1	failure	0	1	0
GSM7230012_hCiPSCs-0618_TGCTTGCTCAACTGGT-1	0.41166925	0.4035325	1	ambiguous	0	0	1
GSM7230012_hCiPSCs-0618_TGCTTGCTCACGAGGA-1	0.74504584	0.72128105	1	ambiguous	0	0	1
GSM7230012_hCiPSCs-0618_TGCTTGCTCCGATGCG-1	0.15335995	0.15733221	1	ambiguous	0	0	1
GSM7230012_hCiPSCs-0618_TGCTTGCTCTCATTTG-1	0.7841192	0.75852275	1	success	1	0	0
GSM7230012_hCiPSCs-0618_TGGAACTAGAAAGCGA-1	0.6507453	0.6314011	1	ambiguous	0	0	1
GSM7230012_hCiPSCs-0618_TGGAACTAGGTCGACA-1	0.1152883	0.121045284	1	ambiguous	0	0	1
GSM7230012_hCiPSCs-0618_TGGAACTCAAGTATCC-1	0.6271769	0.60893756	1	ambiguous	0	0	1
GSM7230012_hCiPSCs-0618_TGGAACTCACTGGCCA-1	0.61415684	0.5965279	1	ambiguous	0	0	1
GSM7230012_hCiPSCs-0618_TGGAACTGTAGTTAGA-1	0.5992522	0.58232194	1	ambiguous	0	0	1
GSM7230012_hCiPSCs-0618_TGGAACTGTGCAATAA-1	0.60620207	0.588946	1	ambiguous	0	0	1
GSM7230012_hCiPSCs-0618_TGGAACTTCTAAACGC-1	0.112309024	0.11820567	1	ambiguous	0	0	1
GSM7230012_hCiPSCs-0618_TGGAACTTCTACAGGT-1	0.7448404	0.72108525	1	ambiguous	0	0	1
GSM7230012_hCiPSCs-0618_TGGAGAGAGGACACTG-1	0.13223457	0.13719714	1	ambiguous	0	0	1
GSM7230012_hCiPSCs-0618_TGGAGAGAGTGCCTCG-1	0.5775757	0.56166154	1	ambiguous	0	0	1
GSM7230012_hCiPSCs-0618_TGGAGAGGTGTTTGCA-1	0.0973088	0.10390863	1	failure	0	1	0
GSM7230012_hCiPSCs-0618_TGGAGAGGTTGCGGCT-1	0.1299857	0.1350537	1	ambiguous	0	0	1
GSM7230012_hCiPSCs-0618_TGGAGAGTCCCATGGG-1	0.12173225	0.12718715	1	ambiguous	0	0	1
GSM7230012_hCiPSCs-0618_TGGAGAGTCTACGGGC-1	0.5107862	0.498003	1	ambiguous	0	0	1
GSM7230012_hCiPSCs-0618_TGGAGAGTCTACTATC-1	0.6449648	0.6258916	1	ambiguous	0	0	1
GSM7230012_hCiPSCs-0618_TGGAGGACACCAGCGT-1	0.15245551	0.15647016	1	ambiguous	0	0	1
GSM7230012_hCiPSCs-0618_TGGAGGACATGACCCG-1	0.54591537	0.5314854	1	ambiguous	0	0	1
GSM7230012_hCiPSCs-0618_TGGAGGAGTATGCTTG-1	0.73124355	0.7081258	1	ambiguous	0	0	1
GSM7230012_hCiPSCs-0618_TGGAGGAGTCCGGTCA-1	0.54170495	0.52747244	1	ambiguous	0	0	1
GSM7230012_hCiPSCs-0618_TGGAGGAGTGATCATC-1	0.4525872	0.4425323	1	ambiguous	0	0	1
GSM7230012_hCiPSCs-0618_TGGAGGAGTTAATCGC-1	0.09602664	0.10268657	1	failure	0	1	0
GSM7230012_hCiPSCs-0618_TGGAGGATCCCTTCCC-1	0.12143548	0.1269043	1	ambiguous	0	0	1
GSM7230012_hCiPSCs-0618_TGGATCAAGACGAAGA-1	0.78792834	0.7621533	1	success	1	0	0
GSM7230012_hCiPSCs-0618_TGGATCAAGTTACTCG-1	0.74366134	0.71996146	1	ambiguous	0	0	1
GSM7230012_hCiPSCs-0618_TGGATCACAAGCGAGT-1	0.7122602	0.69003236	1	ambiguous	0	0	1
GSM7230012_hCiPSCs-0618_TGGATCACACTCATAG-1	0.11753355	0.123185284	1	ambiguous	0	0	1
GSM7230012_hCiPSCs-0618_TGGATCACATTGTCGA-1	0.13520284	0.14002627	1	ambiguous	0	0	1
GSM7230012_hCiPSCs-0618_TGGATCAGTGACCGTC-1	0.42773777	0.41884774	1	ambiguous	0	0	1
GSM7230012_hCiPSCs-0618_TGGATCAGTTGCACGC-1	0.66157	0.64171845	1	ambiguous	0	0	1
GSM7230012_hCiPSCs-0618_TGGATCATCGAAGCCC-1	0.6757895	0.6552713	1	ambiguous	0	0	1
GSM7230012_hCiPSCs-0618_TGGATCATCGTGGCTG-1	0.11012194	0.11612111	1	ambiguous	0	0	1
GSM7230012_hCiPSCs-0618_TGGATGTAGAGGGCGA-1	0.12519595	0.13048847	1	ambiguous	0	0	1
GSM7230012_hCiPSCs-0618_TGGATGTCATATGCGT-1	0.13498841	0.13982189	1	ambiguous	0	0	1
GSM7230012_hCiPSCs-0618_TGGATGTGTATGCGGA-1	0.6487607	0.62950957	1	ambiguous	0	0	1
GSM7230012_hCiPSCs-0618_TGGATGTGTCCTACGG-1	0.21837416	0.21929869	1	ambiguous	0	0	1
GSM7230012_hCiPSCs-0618_TGGATGTGTGAGTGAC-1	0.13212037	0.1370883	1	ambiguous	0	0	1
GSM7230012_hCiPSCs-0618_TGGATGTTCCACTGGG-1	0.2910914	0.2886071	1	ambiguous	0	0	1
GSM7230012_hCiPSCs-0618_TGGCGTGAGAGCAAGA-1	0.81729877	0.79014695	1	success	1	0	0
GSM7230012_hCiPSCs-0618_TGGCGTGAGCCTCACG-1	0.6143896	0.5967497	1	ambiguous	0	0	1
GSM7230012_hCiPSCs-0618_TGGCGTGAGTGTTCCA-1	0.52429944	0.51088285	1	ambiguous	0	0	1
GSM7230012_hCiPSCs-0618_TGGCGTGCACTACGGC-1	0.13947137	0.14409469	1	ambiguous	0	0	1
GSM7230012_hCiPSCs-0618_TGGCGTGCAGCCCACA-1	0.6284528	0.6101537	1	ambiguous	0	0	1
GSM7230012_hCiPSCs-0618_TGGCGTGCATCCAACA-1	0.13820031	0.14288323	1	ambiguous	0	0	1
GSM7230012_hCiPSCs-0618_TGGCGTGGTAATTGGA-1	0.2236911	0.22436638	1	ambiguous	0	0	1
GSM7230012_hCiPSCs-0618_TGGCGTGTCGCCGATG-1	0.55306554	0.5383004	1	ambiguous	0	0	1
GSM7230012_hCiPSCs-0618_TGGCGTGTCGGTCAGC-1	0.23610803	0.23620123	1	ambiguous	0	0	1
GSM7230012_hCiPSCs-0618_TGGGAAGAGAAAGCGA-1	0.09354488	0.10032115	1	failure	0	1	0
GSM7230012_hCiPSCs-0618_TGGGAAGAGGTAGGCT-1	0.53295106	0.51912886	1	ambiguous	0	0	1
GSM7230012_hCiPSCs-0618_TGGGAAGCAGACCGCT-1	0.105913654	0.1121101	1	failure	0	1	0
GSM7230012_hCiPSCs-0618_TGGGAAGCAGGAGGTT-1	0.7232647	0.700521	1	ambiguous	0	0	1
GSM7230012_hCiPSCs-0618_TGGGAAGCATGCCGGT-1	0.6398133	0.62098163	1	ambiguous	0	0	1
GSM7230012_hCiPSCs-0618_TGGGAAGGTACCAATC-1	0.38381538	0.37698436	1	ambiguous	0	0	1
GSM7230012_hCiPSCs-0618_TGGGAAGGTCACAGTT-1	0.13700594	0.14174485	1	ambiguous	0	0	1
GSM7230012_hCiPSCs-0618_TGGGAAGGTGTCCATA-1	0.5722757	0.55661005	1	ambiguous	0	0	1
GSM7230012_hCiPSCs-0618_TGGGAAGTCGAACCAT-1	0.12344045	0.12881528	1	ambiguous	0	0	1
GSM7230012_hCiPSCs-0618_TGGGAAGTCGCACTCT-1	0.6100838	0.5926458	1	ambiguous	0	0	1
GSM7230012_hCiPSCs-0618_TGGGAAGTCTTCGTAT-1	0.78284645	0.7573097	1	success	1	0	0
GSM7230012_hCiPSCs-0618_TGGGAGAAGTGTACCT-1	0.64123964	0.6223411	1	ambiguous	0	0	1
GSM7230012_hCiPSCs-0618_TGGGAGACAGCTGTTA-1	0.204887	0.20644377	1	ambiguous	0	0	1
GSM7230012_hCiPSCs-0618_TGGGAGACATGCAGGA-1	0.520618	0.5073739	1	ambiguous	0	0	1
GSM7230012_hCiPSCs-0618_TGGGAGAGTCATCCCT-1	0.839586	0.8113894	1	success	1	0	0
GSM7230012_hCiPSCs-0618_TGGGAGAGTCTCTCAC-1	0.5256945	0.51221246	1	ambiguous	0	0	1
GSM7230012_hCiPSCs-0618_TGGGAGAGTTGGATCT-1	0.576589	0.56072116	1	ambiguous	0	0	1
GSM7230012_hCiPSCs-0618_TGGGAGATCTTGGGCG-1	0.62887424	0.61055535	1	ambiguous	0	0	1
GSM7230012_hCiPSCs-0618_TGGGATTAGCCTCCAG-1	0.17759521	0.18043138	1	ambiguous	0	0	1
GSM7230012_hCiPSCs-0618_TGGGATTCAACCCTCT-1	0.12361439	0.12898107	1	ambiguous	0	0	1
GSM7230012_hCiPSCs-0618_TGGGATTCAATAACCC-1	0.61304575	0.5954689	1	ambiguous	0	0	1
GSM7230012_hCiPSCs-0618_TGGGATTCACCAGTAT-1	0.6680748	0.6479182	1	ambiguous	0	0	1
GSM7230012_hCiPSCs-0618_TGGGATTCAGATCATC-1	0.6169913	0.59922945	1	ambiguous	0	0	1
GSM7230012_hCiPSCs-0618_TGGGATTCAGCGGTCT-1	0.6743891	0.65393656	1	ambiguous	0	0	1
GSM7230012_hCiPSCs-0618_TGGGATTGTACCAGAG-1	0.09353021	0.10030717	1	failure	0	1	0
GSM7230012_hCiPSCs-0618_TGGGATTGTCCAGGTC-1	0.7407046	0.7171433	1	ambiguous	0	0	1
GSM7230012_hCiPSCs-0618_TGGGATTGTTAGGAGC-1	0.14940766	0.1535652	1	ambiguous	0	0	1
GSM7230012_hCiPSCs-0618_TGGGATTTCATCTCTA-1	0.13348852	0.13839231	1	ambiguous	0	0	1
GSM7230012_hCiPSCs-0618_TGGGATTTCCACTAGA-1	0.704475	0.6826121	1	ambiguous	0	0	1
GSM7230012_hCiPSCs-0618_TGGGATTTCCCATTCG-1	0.7376929	0.7142728	1	ambiguous	0	0	1
GSM7230012_hCiPSCs-0618_TGGGATTTCGACACTA-1	0.74967134	0.7256897	1	ambiguous	0	0	1
GSM7230012_hCiPSCs-0618_TGGGATTTCTTCTGGC-1	0.13404743	0.13892503	1	ambiguous	0	0	1
GSM7230012_hCiPSCs-0618_TGGGCGTAGACTAAGT-1	0.46258557	0.45206195	1	ambiguous	0	0	1
GSM7230012_hCiPSCs-0618_TGGGCGTAGATTAGCA-1	0.6111165	0.5936301	1	ambiguous	0	0	1
GSM7230012_hCiPSCs-0618_TGGGCGTAGTAACGAT-1	0.14238165	0.14686856	1	ambiguous	0	0	1
GSM7230012_hCiPSCs-0618_TGGGCGTGTTTACGAC-1	0.67626405	0.65572363	1	ambiguous	0	0	1
GSM7230012_hCiPSCs-0618_TGGGCGTTCATATGGC-1	0.7740193	0.74889636	1	success	1	0	0
GSM7230012_hCiPSCs-0618_TGGGCGTTCCTTGGAA-1	0.67389524	0.65346587	1	ambiguous	0	0	1
GSM7230012_hCiPSCs-0618_TGGGCGTTCTTGCAAG-1	0.47057903	0.4596807	1	ambiguous	0	0	1
GSM7230012_hCiPSCs-0618_TGGGCTGAGTGAATAC-1	0.15857394	0.16230178	1	ambiguous	0	0	1
GSM7230012_hCiPSCs-0618_TGGGCTGCAACACGTT-1	0.6532918	0.63382834	1	ambiguous	0	0	1
GSM7230012_hCiPSCs-0618_TGGGCTGCATAATGCC-1	0.13956596	0.14418486	1	ambiguous	0	0	1
GSM7230012_hCiPSCs-0618_TGGGCTGCATGCTGCG-1	0.486536	0.47488967	1	ambiguous	0	0	1
GSM7230012_hCiPSCs-0618_TGGGCTGGTAAGTAGT-1	0.47774538	0.4665111	1	ambiguous	0	0	1
GSM7230012_hCiPSCs-0618_TGGGCTGGTGCTCTTC-1	0.13879685	0.14345181	1	ambiguous	0	0	1
GSM7230012_hCiPSCs-0618_TGGGTTAAGACGGAAA-1	0.5715513	0.55591965	1	ambiguous	0	0	1
GSM7230012_hCiPSCs-0618_TGGGTTAAGAGAGCCT-1	0.123418935	0.12879477	1	ambiguous	0	0	1
GSM7230012_hCiPSCs-0618_TGGGTTAAGCAGCAGT-1	0.12884949	0.13397075	1	ambiguous	0	0	1
GSM7230012_hCiPSCs-0618_TGGGTTAAGCCTAGGA-1	0.5563328	0.54141456	1	ambiguous	0	0	1
GSM7230012_hCiPSCs-0618_TGGGTTACAAATACGA-1	0.7023126	0.68055105	1	ambiguous	0	0	1
GSM7230012_hCiPSCs-0618_TGGGTTACACTACCGG-1	0.7142865	0.6919637	1	ambiguous	0	0	1
GSM7230012_hCiPSCs-0618_TGGGTTACATATCTGG-1	0.73285544	0.70966214	1	ambiguous	0	0	1
GSM7230012_hCiPSCs-0618_TGGGTTACATGGAATA-1	0.1409234	0.14547867	1	ambiguous	0	0	1
GSM7230012_hCiPSCs-0618_TGGGTTAGTGGAACCA-1	0.49698785	0.48485154	1	ambiguous	0	0	1
GSM7230012_hCiPSCs-0618_TGGGTTAGTGGCTACC-1	0.15084583	0.15493594	1	ambiguous	0	0	1
GSM7230012_hCiPSCs-0618_TGGGTTAGTTGAGAGC-1	0.087554194	0.094611295	1	failure	0	1	0
GSM7230012_hCiPSCs-0618_TGGGTTATCCGGCAAC-1	0.15308511	0.15707025	1	ambiguous	0	0	1
GSM7230012_hCiPSCs-0618_TGGGTTATCGAACACT-1	0.1378254	0.1425259	1	ambiguous	0	0	1
GSM7230012_hCiPSCs-0618_TGGTACAAGATAACGT-1	0.76636255	0.74159855	1	success	1	0	0
GSM7230012_hCiPSCs-0618_TGGTACAAGATCCGAG-1	0.13856453	0.14323036	1	ambiguous	0	0	1
GSM7230012_hCiPSCs-0618_TGGTACAAGCAGCGAT-1	0.17309038	0.17613773	1	ambiguous	0	0	1
GSM7230012_hCiPSCs-0618_TGGTACACACCCTAGG-1	0.12795909	0.13312209	1	ambiguous	0	0	1
GSM7230012_hCiPSCs-0618_TGGTACACAGCCGTCA-1	0.6107653	0.5932953	1	ambiguous	0	0	1
GSM7230012_hCiPSCs-0618_TGGTACAGTATCAGGG-1	0.15349987	0.15746558	1	ambiguous	0	0	1
GSM7230012_hCiPSCs-0618_TGGTACAGTCAGACGA-1	0.72615814	0.7032788	1	ambiguous	0	0	1
GSM7230012_hCiPSCs-0618_TGGTACAGTCCAATCA-1	0.11060727	0.11658368	1	ambiguous	0	0	1
GSM7230012_hCiPSCs-0618_TGGTACATCAAGAGTA-1	0.11992657	0.12546612	1	ambiguous	0	0	1
GSM7230012_hCiPSCs-0618_TGGTAGTAGACGAGCT-1	0.071315244	0.07913359	1	failure	0	1	0
GSM7230012_hCiPSCs-0618_TGGTAGTAGGCACCAA-1	0.6755973	0.6550881	1	ambiguous	0	0	1
GSM7230012_hCiPSCs-0618_TGGTAGTCACCCTTGT-1	0.072841614	0.08058841	1	failure	0	1	0
GSM7230012_hCiPSCs-0618_TGGTAGTCAGGAATAT-1	0.3590847	0.353413	1	ambiguous	0	0	1
GSM7230012_hCiPSCs-0618_TGGTAGTGTAGAGATT-1	0.47915065	0.4678505	1	ambiguous	0	0	1
GSM7230012_hCiPSCs-0618_TGGTAGTGTTGAGTCT-1	0.19389874	0.19597062	1	ambiguous	0	0	1
GSM7230012_hCiPSCs-0618_TGGTAGTGTTTAGACC-1	0.23751178	0.23753919	1	ambiguous	0	0	1
GSM7230012_hCiPSCs-0618_TGGTGATAGCATCAGG-1	0.16929843	0.17252351	1	ambiguous	0	0	1
GSM7230012_hCiPSCs-0618_TGGTGATAGCTCGAAG-1	0.5934965	0.57683605	1	ambiguous	0	0	1
GSM7230012_hCiPSCs-0618_TGGTGATAGGCTAAAT-1	0.6572792	0.63762873	1	ambiguous	0	0	1
GSM7230012_hCiPSCs-0618_TGGTGATAGGTAGACC-1	0.66317457	0.6432477	1	ambiguous	0	0	1
GSM7230012_hCiPSCs-0618_TGGTGATCAAGCTGCC-1	0.087699175	0.09474948	1	failure	0	1	0
GSM7230012_hCiPSCs-0618_TGGTGATCACAGGATG-1	0.55358255	0.5387932	1	ambiguous	0	0	1
GSM7230012_hCiPSCs-0618_TGGTGATCACCTGCGA-1	0.20023163	0.20200664	1	ambiguous	0	0	1
GSM7230012_hCiPSCs-0618_TGGTGATCAGGTGGAT-1	0.5117448	0.4989167	1	ambiguous	0	0	1
GSM7230012_hCiPSCs-0618_TGGTGATCAGTCAACT-1	0.16721365	0.17053647	1	ambiguous	0	0	1
GSM7230012_hCiPSCs-0618_TGGTGATGTGTATTGC-1	0.48531136	0.47372243	1	ambiguous	0	0	1
GSM7230012_hCiPSCs-0618_TGGTGATGTTAAGACA-1	0.56357867	0.5483207	1	ambiguous	0	0	1
GSM7230012_hCiPSCs-0618_TGGTGATTCAGGAGAC-1	0.8531723	0.8243388	1	success	1	0	0
GSM7230012_hCiPSCs-0618_TGGTGATTCTCTCTAA-1	0.23372702	0.23393184	1	ambiguous	0	0	1
GSM7230012_hCiPSCs-0618_TGGTGATTCTTACCGC-1	0.67778856	0.6571767	1	ambiguous	0	0	1
GSM7230012_hCiPSCs-0618_TGGTGATTCTTCGACC-1	0.2744983	0.27279186	1	ambiguous	0	0	1
GSM7230012_hCiPSCs-0618_TGGTGATTCTTTCTAG-1	0.6079034	0.59056765	1	ambiguous	0	0	1
GSM7230012_hCiPSCs-0618_TGGTTAGAGAGAGCGG-1	0.53711367	0.5230963	1	ambiguous	0	0	1
GSM7230012_hCiPSCs-0618_TGGTTAGCAAGAGATT-1	0.5395689	0.52543646	1	ambiguous	0	0	1
GSM7230012_hCiPSCs-0618_TGGTTAGCAGTAGAGC-1	0.67230064	0.651946	1	ambiguous	0	0	1
GSM7230012_hCiPSCs-0618_TGGTTAGCATAACAGA-1	0.17250451	0.17557931	1	ambiguous	0	0	1
GSM7230012_hCiPSCs-0618_TGGTTAGGTAATACCC-1	0.44445416	0.43478054	1	ambiguous	0	0	1
GSM7230012_hCiPSCs-0618_TGGTTAGGTAGACAGC-1	0.083375335	0.09062833	1	failure	0	1	0
GSM7230012_hCiPSCs-0618_TGGTTAGGTAGGACTG-1	0.073283136	0.08100924	1	failure	0	1	0
GSM7230012_hCiPSCs-0618_TGGTTAGGTATTTCGG-1	0.12852584	0.13366228	1	ambiguous	0	0	1
GSM7230012_hCiPSCs-0618_TGGTTAGGTTCCGTTC-1	0.124303915	0.12963825	1	ambiguous	0	0	1
GSM7230012_hCiPSCs-0618_TGGTTAGTCAGTCCGG-1	0.5410028	0.52680314	1	ambiguous	0	0	1
GSM7230012_hCiPSCs-0618_TGGTTAGTCAGTGTTG-1	0.10584842	0.11204792	1	failure	0	1	0
GSM7230012_hCiPSCs-0618_TGTAACGAGTAAGGGA-1	0.5312025	0.5174623	1	ambiguous	0	0	1
GSM7230012_hCiPSCs-0618_TGTAACGAGTGGTTAA-1	0.40679708	0.39888874	1	ambiguous	0	0	1
GSM7230012_hCiPSCs-0618_TGTAACGCAATCTGCA-1	0.16398339	0.16745766	1	ambiguous	0	0	1
GSM7230012_hCiPSCs-0618_TGTAACGGTTGACTGT-1	0.6424625	0.6235066	1	ambiguous	0	0	1
GSM7230012_hCiPSCs-0618_TGTAACGTCCAAAGGG-1	0.67996156	0.6592478	1	ambiguous	0	0	1
GSM7230012_hCiPSCs-0618_TGTAACGTCCTTCTAA-1	0.08483341	0.09201805	1	failure	0	1	0
GSM7230012_hCiPSCs-0618_TGTAACGTCTAGACCA-1	0.6294696	0.6111228	1	ambiguous	0	0	1
GSM7230012_hCiPSCs-0618_TGTAAGCAGAGTGAAG-1	0.7209239	0.6982899	1	ambiguous	0	0	1
GSM7230012_hCiPSCs-0618_TGTAAGCAGCGACATG-1	0.6221896	0.6041841	1	ambiguous	0	0	1
GSM7230012_hCiPSCs-0618_TGTAAGCAGCGCTGAA-1	0.1366433	0.1413992	1	ambiguous	0	0	1
GSM7230012_hCiPSCs-0618_TGTAAGCAGTTAACAG-1	0.14605701	0.15037161	1	ambiguous	0	0	1
GSM7230012_hCiPSCs-0618_TGTAAGCCAAGTTCGT-1	0.12381895	0.12917604	1	ambiguous	0	0	1
GSM7230012_hCiPSCs-0618_TGTAAGCCACAACCGC-1	0.7368414	0.7134612	1	ambiguous	0	0	1
GSM7230012_hCiPSCs-0618_TGTAAGCCACTCCCTA-1	0.13757858	0.14229062	1	ambiguous	0	0	1
GSM7230012_hCiPSCs-0618_TGTAAGCCAGGCCTGT-1	0.4488435	0.4389641	1	ambiguous	0	0	1
GSM7230012_hCiPSCs-0618_TGTAAGCGTCTCCTGT-1	0.6365139	0.6178369	1	ambiguous	0	0	1
GSM7230012_hCiPSCs-0618_TGTAAGCGTGACCGAA-1	0.67296255	0.6525769	1	ambiguous	0	0	1
GSM7230012_hCiPSCs-0618_TGTAAGCGTGTACAGG-1	0.60511523	0.5879101	1	ambiguous	0	0	1
GSM7230012_hCiPSCs-0618_TGTAAGCGTTGCTCCT-1	0.16823149	0.1715066	1	ambiguous	0	0	1
GSM7230012_hCiPSCs-0618_TGTAAGCTCCGTAATG-1	0.1301415	0.13520218	1	ambiguous	0	0	1
GSM7230012_hCiPSCs-0618_TGTAAGCTCTTCACGC-1	0.12405731	0.12940322	1	ambiguous	0	0	1
GSM7230012_hCiPSCs-0618_TGTACAGAGAACTTCC-1	0.7671524	0.74235135	1	success	1	0	0
GSM7230012_hCiPSCs-0618_TGTACAGCAATAGGGC-1	0.77099067	0.74600965	1	success	1	0	0
GSM7230012_hCiPSCs-0618_TGTACAGCATCCTCAC-1	0.105153486	0.11138557	1	failure	0	1	0
GSM7230012_hCiPSCs-0618_TGTACAGGTACCGCGT-1	0.10585215	0.11205148	1	failure	0	1	0
GSM7230012_hCiPSCs-0618_TGTACAGGTGGTTCTA-1	0.7476858	0.72379726	1	ambiguous	0	0	1
GSM7230012_hCiPSCs-0618_TGTACAGTCAAAGGAT-1	0.51021904	0.49746248	1	ambiguous	0	0	1
GSM7230012_hCiPSCs-0618_TGTACAGTCAAGAGTA-1	0.6562652	0.6366623	1	ambiguous	0	0	1
GSM7230012_hCiPSCs-0618_TGTAGACAGATGGGCT-1	0.57062143	0.5550333	1	ambiguous	0	0	1
GSM7230012_hCiPSCs-0618_TGTAGACAGGCATCTT-1	0.47598845	0.46483657	1	ambiguous	0	0	1
GSM7230012_hCiPSCs-0618_TGTAGACCAATTAGGA-1	0.0918307	0.09868733	1	failure	0	1	0
GSM7230012_hCiPSCs-0618_TGTAGACCACTCGATA-1	0.12935632	0.13445382	1	ambiguous	0	0	1
GSM7230012_hCiPSCs-0618_TGTAGACCAGGATGAC-1	0.77467155	0.749518	1	success	1	0	0
GSM7230012_hCiPSCs-0618_TGTAGACCATAACAGA-1	0.5421158	0.527864	1	ambiguous	0	0	1
GSM7230012_hCiPSCs-0618_TGTAGACCATCCTATT-1	0.087551065	0.094608314	1	failure	0	1	0
GSM7230012_hCiPSCs-0618_TGTAGACGTACCGCGT-1	0.5845829	0.56834036	1	ambiguous	0	0	1
GSM7230012_hCiPSCs-0618_TGTAGACGTAGACAGC-1	0.58462733	0.5683826	1	ambiguous	0	0	1
GSM7230012_hCiPSCs-0618_TGTAGACGTGATTGGG-1	0.5221291	0.5088142	1	ambiguous	0	0	1
GSM7230012_hCiPSCs-0618_TGTAGACGTTTAGTCG-1	0.10106455	0.107488304	1	failure	0	1	0
GSM7230012_hCiPSCs-0618_TGTAGACTCACCACAA-1	0.5465403	0.5320811	1	ambiguous	0	0	1
GSM7230012_hCiPSCs-0618_TGTAGACTCATCCTGC-1	0.60486144	0.58766824	1	ambiguous	0	0	1
GSM7230012_hCiPSCs-0618_TGTAGACTCCTCTGCA-1	0.782265	0.7567555	1	success	1	0	0
GSM7230012_hCiPSCs-0618_TGTAGACTCCTGGCTT-1	0.6174614	0.5996775	1	ambiguous	0	0	1
GSM7230012_hCiPSCs-0618_TGTAGACTCTACTGCC-1	0.49763584	0.48546916	1	ambiguous	0	0	1
GSM7230012_hCiPSCs-0618_TGTAGACTCTTGGTGA-1	0.7427438	0.71908695	1	ambiguous	0	0	1
GSM7230012_hCiPSCs-0618_TGTCAGAAGCGTTGTT-1	0.5181292	0.50500184	1	ambiguous	0	0	1
GSM7230012_hCiPSCs-0618_TGTCAGAAGGCTGAAC-1	0.5618702	0.5466923	1	ambiguous	0	0	1
GSM7230012_hCiPSCs-0618_TGTCAGACACAAGGTG-1	0.5347655	0.5208582	1	ambiguous	0	0	1
GSM7230012_hCiPSCs-0618_TGTCAGACAGAGACTG-1	0.66229194	0.6424065	1	ambiguous	0	0	1
GSM7230012_hCiPSCs-0618_TGTCAGAGTCGATGCC-1	0.5398257	0.5256812	1	ambiguous	0	0	1
GSM7230012_hCiPSCs-0618_TGTCAGAGTGCCCACA-1	0.67467165	0.6542059	1	ambiguous	0	0	1
GSM7230012_hCiPSCs-0618_TGTCAGAGTTGCAACT-1	0.67765635	0.65705067	1	ambiguous	0	0	1
GSM7230012_hCiPSCs-0618_TGTCAGAGTTTGGGTT-1	0.13650279	0.14126527	1	ambiguous	0	0	1
GSM7230012_hCiPSCs-0618_TGTCAGATCAGCCTCT-1	0.08480889	0.09199469	1	failure	0	1	0
GSM7230012_hCiPSCs-0618_TGTCAGATCTAGTCAG-1	0.5029718	0.490555	1	ambiguous	0	0	1
GSM7230012_hCiPSCs-0618_TGTCAGATCTATCGCC-1	0.6751868	0.65469694	1	ambiguous	0	0	1
GSM7230012_hCiPSCs-0618_TGTCCACAGCATGATA-1	0.543603	0.5292815	1	ambiguous	0	0	1
GSM7230012_hCiPSCs-0618_TGTCCACAGGAAAGGT-1	0.79453844	0.76845354	1	success	1	0	0
GSM7230012_hCiPSCs-0618_TGTCCACCAATTGCAC-1	0.5338547	0.5199902	1	ambiguous	0	0	1
GSM7230012_hCiPSCs-0618_TGTCCACCATGATCTG-1	0.5748971	0.5591086	1	ambiguous	0	0	1
GSM7230012_hCiPSCs-0618_TGTCCACCATTCGATG-1	0.13362172	0.13851927	1	ambiguous	0	0	1
GSM7230012_hCiPSCs-0618_TGTCCACGTAAGTTGA-1	0.13365123	0.13854739	1	ambiguous	0	0	1
GSM7230012_hCiPSCs-0618_TGTCCACGTATGGGAC-1	0.4755687	0.46443647	1	ambiguous	0	0	1
GSM7230012_hCiPSCs-0618_TGTCCACGTCAAGTTC-1	0.70982313	0.6877095	1	ambiguous	0	0	1
GSM7230012_hCiPSCs-0618_TGTCCACGTGGATCGA-1	0.62391007	0.6058239	1	ambiguous	0	0	1
GSM7230012_hCiPSCs-0618_TGTCCACGTTAGGGTG-1	0.03155174	0.041234124	1	failure	0	1	0
GSM7230012_hCiPSCs-0618_TGTCCACTCCTCTCGA-1	0.13319582	0.13811332	1	ambiguous	0	0	1
GSM7230012_hCiPSCs-0618_TGTCCCACAAATGATG-1	0.075275704	0.08290839	1	failure	0	1	0
GSM7230012_hCiPSCs-0618_TGTCCCACAACAGTGG-1	0.15137297	0.15543838	1	ambiguous	0	0	1
GSM7230012_hCiPSCs-0618_TGTCCCACACTACGGC-1	0.63383174	0.6152805	1	ambiguous	0	0	1
GSM7230012_hCiPSCs-0618_TGTCCCAGTGGTAATA-1	0.726108	0.703231	1	ambiguous	0	0	1
GSM7230012_hCiPSCs-0618_TGTCCCAGTTAAACCC-1	0.5044069	0.49192283	1	ambiguous	0	0	1
GSM7230012_hCiPSCs-0618_TGTCCCAGTTATCCAG-1	0.5900781	0.5735779	1	ambiguous	0	0	1
GSM7230012_hCiPSCs-0618_TGTCCCATCACGTCCT-1	0.7165087	0.69408166	1	ambiguous	0	0	1
GSM7230012_hCiPSCs-0618_TGTCCCATCTCCTGTG-1	0.27903402	0.27711493	1	ambiguous	0	0	1
GSM7230012_hCiPSCs-0618_TGTCCTGAGTATCCTG-1	0.17261837	0.17568785	1	ambiguous	0	0	1
GSM7230012_hCiPSCs-0618_TGTCCTGCATGACTCA-1	0.67010576	0.649854	1	ambiguous	0	0	1
GSM7230012_hCiPSCs-0618_TGTCCTGGTGATTCTG-1	0.67427593	0.6538287	1	ambiguous	0	0	1
GSM7230012_hCiPSCs-0618_TGTCCTGGTGGCAGAT-1	0.6793244	0.6586405	1	ambiguous	0	0	1
GSM7230012_hCiPSCs-0618_TGTCCTGTCCGGCAGT-1	0.09774907	0.10432825	1	failure	0	1	0
GSM7230012_hCiPSCs-0618_TGTCCTGTCCGGGACT-1	0.11206882	0.11797672	1	ambiguous	0	0	1
GSM7230012_hCiPSCs-0618_TGTCCTGTCTCGTGAA-1	0.729178	0.7061571	1	ambiguous	0	0	1
GSM7230012_hCiPSCs-0618_TGTGAGTCAACGAGGT-1	0.6876807	0.6666051	1	ambiguous	0	0	1
GSM7230012_hCiPSCs-0618_TGTGAGTCACACGGAA-1	0.5262008	0.512695	1	ambiguous	0	0	1
GSM7230012_hCiPSCs-0618_TGTGAGTCAGATACTC-1	0.7296795	0.7066351	1	ambiguous	0	0	1
GSM7230012_hCiPSCs-0618_TGTGAGTCAGCACAAG-1	0.63347733	0.61494267	1	ambiguous	0	0	1
GSM7230012_hCiPSCs-0618_TGTGAGTCATGAAAGT-1	0.72753215	0.7045884	1	ambiguous	0	0	1
GSM7230012_hCiPSCs-0618_TGTGAGTGTATCTTCT-1	0.08270457	0.08998901	1	failure	0	1	0
GSM7230012_hCiPSCs-0618_TGTGAGTGTTCTGACA-1	0.7321007	0.7089428	1	ambiguous	0	0	1
GSM7230012_hCiPSCs-0618_TGTGAGTGTTGTTTGG-1	0.6700544	0.64980507	1	ambiguous	0	0	1
GSM7230012_hCiPSCs-0618_TGTGAGTTCAAACGAA-1	0.7148243	0.6924763	1	ambiguous	0	0	1
GSM7230012_hCiPSCs-0618_TGTGAGTTCATAGCAC-1	0.6685387	0.64836043	1	ambiguous	0	0	1
GSM7230012_hCiPSCs-0618_TGTGAGTTCCTAAGTG-1	0.59834796	0.58146006	1	ambiguous	0	0	1
GSM7230012_hCiPSCs-0618_TGTGATGAGTGTACCT-1	0.085192315	0.09236014	1	failure	0	1	0
GSM7230012_hCiPSCs-0618_TGTGATGCAAAGGCTG-1	0.20993492	0.21125506	1	ambiguous	0	0	1
GSM7230012_hCiPSCs-0618_TGTGATGCAGCTGTGC-1	0.6484147	0.6291798	1	ambiguous	0	0	1
GSM7230012_hCiPSCs-0618_TGTGATGCATATGCGT-1	0.106951214	0.113099016	1	failure	0	1	0
GSM7230012_hCiPSCs-0618_TGTGATGCATCGGTTA-1	0.15124072	0.15531231	1	ambiguous	0	0	1
GSM7230012_hCiPSCs-0618_TGTGATGGTCCAGAAG-1	0.73178524	0.70864207	1	ambiguous	0	0	1
GSM7230012_hCiPSCs-0618_TGTGATGGTCCTGTCT-1	0.10163489	0.10803191	1	failure	0	1	0
GSM7230012_hCiPSCs-0618_TGTGATGGTGTTCGTA-1	0.19059871	0.19282529	1	ambiguous	0	0	1
GSM7230012_hCiPSCs-0618_TGTGATGGTTCGAGCC-1	0.7081395	0.68610483	1	ambiguous	0	0	1
GSM7230012_hCiPSCs-0618_TGTGATGGTTGTGGAG-1	0.49470475	0.48267546	1	ambiguous	0	0	1
GSM7230012_hCiPSCs-0618_TGTGATGTCAAACGAA-1	0.674602	0.65413946	1	ambiguous	0	0	1
GSM7230012_hCiPSCs-0618_TGTGATGTCAAGTTGC-1	0.65968466	0.6399214	1	ambiguous	0	0	1
GSM7230012_hCiPSCs-0618_TGTGATGTCAGATGCT-1	0.13158794	0.13658082	1	ambiguous	0	0	1
GSM7230012_hCiPSCs-0618_TGTGCGGAGAGAGTTT-1	0.7045276	0.68266225	1	ambiguous	0	0	1
GSM7230012_hCiPSCs-0618_TGTGCGGAGATGGCAC-1	0.54385763	0.52952415	1	ambiguous	0	0	1
GSM7230012_hCiPSCs-0618_TGTGCGGAGCTCTGTA-1	0.73212576	0.7089667	1	ambiguous	0	0	1
GSM7230012_hCiPSCs-0618_TGTGCGGAGTGAACAT-1	0.6150385	0.59736824	1	ambiguous	0	0	1
GSM7230012_hCiPSCs-0618_TGTGCGGCAACGACTT-1	0.634266	0.6156944	1	ambiguous	0	0	1
GSM7230012_hCiPSCs-0618_TGTGCGGCACATCATG-1	0.7650049	0.74030447	1	success	1	0	0
GSM7230012_hCiPSCs-0618_TGTGCGGCAGAGAAAG-1	0.5770847	0.5611936	1	ambiguous	0	0	1
GSM7230012_hCiPSCs-0618_TGTGCGGCAGGTACGA-1	0.09428789	0.10102933	1	failure	0	1	0
GSM7230012_hCiPSCs-0618_TGTGCGGCAGTTGTTG-1	0.70170695	0.6799738	1	ambiguous	0	0	1
GSM7230012_hCiPSCs-0618_TGTGCGGCATGCACTA-1	0.10035404	0.106811106	1	failure	0	1	0
GSM7230012_hCiPSCs-0618_TGTGCGGGTACCGTGC-1	0.73046845	0.7073871	1	ambiguous	0	0	1
GSM7230012_hCiPSCs-0618_TGTGCGGGTATACCCA-1	0.56245977	0.54725426	1	ambiguous	0	0	1
GSM7230012_hCiPSCs-0618_TGTGCGGGTTGTAGCT-1	0.66798466	0.6478324	1	ambiguous	0	0	1
GSM7230012_hCiPSCs-0618_TGTGCGGTCTACGCGG-1	0.26824725	0.26683384	1	ambiguous	0	0	1
GSM7230012_hCiPSCs-0618_TGTGGCGCAAGGGTCA-1	0.5077062	0.49506745	1	ambiguous	0	0	1
GSM7230012_hCiPSCs-0618_TGTGGCGCAGCATCTA-1	0.076676875	0.08424388	1	failure	0	1	0
GSM7230012_hCiPSCs-0618_TGTGGCGGTAATGCGG-1	0.762609	0.7380209	1	success	1	0	0
GSM7230012_hCiPSCs-0618_TGTGGCGGTCCAGCAC-1	0.38367248	0.37684816	1	ambiguous	0	0	1
GSM7230012_hCiPSCs-0618_TGTGGCGGTCGGAAAC-1	0.16131651	0.16491579	1	ambiguous	0	0	1
GSM7230012_hCiPSCs-0618_TGTGGCGGTCGTCAGC-1	0.100127645	0.10659532	1	failure	0	1	0
GSM7230012_hCiPSCs-0618_TGTGGCGGTGATCATC-1	0.62656903	0.6083582	1	ambiguous	0	0	1
GSM7230012_hCiPSCs-0618_TGTGGCGGTTAAGGAT-1	0.60745287	0.5901382	1	ambiguous	0	0	1
GSM7230012_hCiPSCs-0618_TGTGGCGTCCCAGGAC-1	0.7865601	0.76084924	1	success	1	0	0
GSM7230012_hCiPSCs-0618_TGTGGCGTCGCCAGTG-1	0.77607644	0.75085706	1	success	1	0	0
GSM7230012_hCiPSCs-0618_TGTGTGAAGGTTTACC-1	0.23639762	0.23647724	1	ambiguous	0	0	1
GSM7230012_hCiPSCs-0618_TGTGTGAAGTTGCCCG-1	0.11698012	0.12265779	1	ambiguous	0	0	1
GSM7230012_hCiPSCs-0618_TGTGTGACAAACACCT-1	0.3536119	0.34819674	1	ambiguous	0	0	1
GSM7230012_hCiPSCs-0618_TGTGTGACAACCCGCA-1	0.15323956	0.15721747	1	ambiguous	0	0	1
GSM7230012_hCiPSCs-0618_TGTGTGACACGCAGTC-1	0.14299166	0.14744997	1	ambiguous	0	0	1
GSM7230012_hCiPSCs-0618_TGTGTGACAGGAACCA-1	0.65037495	0.6310482	1	ambiguous	0	0	1
GSM7230012_hCiPSCs-0618_TGTGTGACATGAAGCG-1	0.07393313	0.08162876	1	failure	0	1	0
GSM7230012_hCiPSCs-0618_TGTGTGAGTAAGGAGA-1	0.585899	0.5695947	1	ambiguous	0	0	1
GSM7230012_hCiPSCs-0618_TGTGTGAGTGGACTAG-1	0.6111835	0.593694	1	ambiguous	0	0	1
GSM7230012_hCiPSCs-0618_TGTGTGAGTTAGGGAC-1	0.6992365	0.6776192	1	ambiguous	0	0	1
GSM7230012_hCiPSCs-0618_TGTGTGATCTACACTT-1	0.11855725	0.124161	1	ambiguous	0	0	1
GSM7230012_hCiPSCs-0618_TGTTACTCAATAGGGC-1	0.108355395	0.11443737	1	ambiguous	0	0	1
GSM7230012_hCiPSCs-0618_TGTTACTCACAAGCCC-1	0.6922157	0.67092746	1	ambiguous	0	0	1
GSM7230012_hCiPSCs-0618_TGTTACTCACTTGGGC-1	0.53778297	0.5237343	1	ambiguous	0	0	1
GSM7230012_hCiPSCs-0618_TGTTACTCAGGTTCGC-1	0.64291996	0.6239426	1	ambiguous	0	0	1
GSM7230012_hCiPSCs-0618_TGTTACTGTAGCTCGC-1	0.14202051	0.14652434	1	ambiguous	0	0	1
GSM7230012_hCiPSCs-0618_TGTTACTGTATCTCTT-1	0.20673269	0.20820294	1	ambiguous	0	0	1
GSM7230012_hCiPSCs-0618_TGTTACTGTCGTATGT-1	0.4753547	0.4642325	1	ambiguous	0	0	1
GSM7230012_hCiPSCs-0618_TGTTACTGTGACAGCA-1	0.6384546	0.6196866	1	ambiguous	0	0	1
GSM7230012_hCiPSCs-0618_TGTTACTGTGCGAGTA-1	0.198032	0.19991013	1	ambiguous	0	0	1
GSM7230012_hCiPSCs-0618_TGTTACTGTTACGTAC-1	0.6872981	0.66624045	1	ambiguous	0	0	1
GSM7230012_hCiPSCs-0618_TGTTACTTCAGGAAAT-1	0.62733835	0.60909146	1	ambiguous	0	0	1
GSM7230012_hCiPSCs-0618_TGTTACTTCGTGGACC-1	0.452707	0.44264647	1	ambiguous	0	0	1
GSM7230012_hCiPSCs-0618_TGTTCATAGCACTAAA-1	0.12297793	0.12837444	1	ambiguous	0	0	1
GSM7230012_hCiPSCs-0618_TGTTCATAGGAGAATG-1	0.12358665	0.12895462	1	ambiguous	0	0	1
GSM7230012_hCiPSCs-0618_TGTTCATAGGGCGAGA-1	0.13885163	0.14350401	1	ambiguous	0	0	1
GSM7230012_hCiPSCs-0618_TGTTCATCAACCAACT-1	0.6316812	0.61323076	1	ambiguous	0	0	1
GSM7230012_hCiPSCs-0618_TGTTCATCACAAACGG-1	0.51384634	0.50091976	1	ambiguous	0	0	1
GSM7230012_hCiPSCs-0618_TGTTCATCAGTTCACA-1	0.55784935	0.54286	1	ambiguous	0	0	1
GSM7230012_hCiPSCs-0618_TGTTCATGTAGTTCCA-1	0.54518855	0.53079265	1	ambiguous	0	0	1
GSM7230012_hCiPSCs-0618_TGTTCATGTATGAAGT-1	0.122049615	0.12748964	1	ambiguous	0	0	1
GSM7230012_hCiPSCs-0618_TGTTCATTCCCATGGG-1	0.48130205	0.46990106	1	ambiguous	0	0	1
GSM7230012_hCiPSCs-0618_TGTTCCGAGGTCCCTG-1	0.6264162	0.6082126	1	ambiguous	0	0	1
GSM7230012_hCiPSCs-0618_TGTTCCGAGTAACGAT-1	0.4768203	0.46562937	1	ambiguous	0	0	1
GSM7230012_hCiPSCs-0618_TGTTCCGCAACTTGGT-1	0.13093281	0.1359564	1	ambiguous	0	0	1
GSM7230012_hCiPSCs-0618_TGTTCCGCAATAGTCC-1	0.6678785	0.6477312	1	ambiguous	0	0	1
GSM7230012_hCiPSCs-0618_TGTTCCGCAATGGGTG-1	0.47467384	0.46358356	1	ambiguous	0	0	1
GSM7230012_hCiPSCs-0618_TGTTCCGCAGGTCCGT-1	0.741566	0.71796435	1	ambiguous	0	0	1
GSM7230012_hCiPSCs-0618_TGTTCCGGTACTAACC-1	0.19389117	0.19596341	1	ambiguous	0	0	1
GSM7230012_hCiPSCs-0618_TGTTCCGGTCGTTTCC-1	0.41816473	0.4097235	1	ambiguous	0	0	1
GSM7230012_hCiPSCs-0618_TGTTCCGGTGCTGCAC-1	0.42967442	0.4206936	1	ambiguous	0	0	1
GSM7230012_hCiPSCs-0618_TGTTCCGGTTATCTGG-1	0.085345805	0.09250643	1	failure	0	1	0
GSM7230012_hCiPSCs-0618_TGTTCTAAGCCGGAAT-1	0.72393835	0.70116305	1	ambiguous	0	0	1
GSM7230012_hCiPSCs-0618_TGTTCTAAGGGCAATC-1	0.4884822	0.47674462	1	ambiguous	0	0	1
GSM7230012_hCiPSCs-0618_TGTTCTAAGGTAAGAG-1	0.58388054	0.5676709	1	ambiguous	0	0	1
GSM7230012_hCiPSCs-0618_TGTTCTAAGTTGGGAC-1	0.5765201	0.5606555	1	ambiguous	0	0	1
GSM7230012_hCiPSCs-0618_TGTTCTACACTGAATC-1	0.168423	0.17168914	1	ambiguous	0	0	1
GSM7230012_hCiPSCs-0618_TGTTCTACAGAGGGTT-1	0.6176732	0.5998794	1	ambiguous	0	0	1
GSM7230012_hCiPSCs-0618_TGTTCTACAGCTGTGC-1	0.53096145	0.5172325	1	ambiguous	0	0	1
GSM7230012_hCiPSCs-0618_TGTTCTACATGTCAGT-1	0.1613162	0.16491549	1	ambiguous	0	0	1
GSM7230012_hCiPSCs-0618_TGTTCTAGTTGCATCA-1	0.6813016	0.660525	1	ambiguous	0	0	1
GSM7230012_hCiPSCs-0618_TGTTCTATCCTCAGAA-1	0.6318102	0.61335367	1	ambiguous	0	0	1
GSM7230012_hCiPSCs-0618_TGTTCTATCCTCAGGG-1	0.103412285	0.10972599	1	failure	0	1	0
GSM7230012_hCiPSCs-0618_TGTTCTATCTAGCCAA-1	0.46786392	0.45709288	1	ambiguous	0	0	1
GSM7230012_hCiPSCs-0618_TGTTCTATCTAGTTCT-1	0.48322937	0.47173804	1	ambiguous	0	0	1
GSM7230012_hCiPSCs-0618_TGTTCTATCTGCGTCT-1	0.17740749	0.18025245	1	ambiguous	0	0	1
GSM7230012_hCiPSCs-0618_TGTTGAGAGACATAGT-1	0.64448345	0.62543285	1	ambiguous	0	0	1
GSM7230012_hCiPSCs-0618_TGTTGAGAGCACTCGC-1	0.5634232	0.5481726	1	ambiguous	0	0	1
GSM7230012_hCiPSCs-0618_TGTTGAGAGGTGGTTG-1	0.06993369	0.0778168	1	failure	0	1	0
GSM7230012_hCiPSCs-0618_TGTTGAGCAAAGCACG-1	0.71912575	0.69657606	1	ambiguous	0	0	1
GSM7230012_hCiPSCs-0618_TGTTGAGGTACAGTTC-1	0.6543749	0.6348606	1	ambiguous	0	0	1
GSM7230012_hCiPSCs-0618_TGTTGAGGTTCTCACC-1	0.6740491	0.6536125	1	ambiguous	0	0	1
GSM7230012_hCiPSCs-0618_TGTTGAGGTTGAATCC-1	0.13048215	0.13552687	1	ambiguous	0	0	1
GSM7230012_hCiPSCs-0618_TGTTGAGTCGGCCCAA-1	0.16074958	0.16437542	1	ambiguous	0	0	1
GSM7230012_hCiPSCs-0618_TGTTGGAAGTGCGACA-1	0.6170429	0.5992786	1	ambiguous	0	0	1
GSM7230012_hCiPSCs-0618_TGTTGGACACGATTCA-1	0.17684384	0.17971523	1	ambiguous	0	0	1
GSM7230012_hCiPSCs-0618_TGTTGGACATGGGTTT-1	0.7486135	0.7246815	1	ambiguous	0	0	1
GSM7230012_hCiPSCs-0618_TGTTGGAGTACGATTC-1	0.1528955	0.15688953	1	ambiguous	0	0	1
GSM7230012_hCiPSCs-0618_TGTTGGAGTGGACCAA-1	0.7045696	0.68270224	1	ambiguous	0	0	1
GSM7230012_hCiPSCs-0618_TGTTGGAGTTAAGACA-1	0.5056599	0.49311706	1	ambiguous	0	0	1
GSM7230012_hCiPSCs-0618_TGTTGGATCAACGTGT-1	0.63889694	0.6201082	1	ambiguous	0	0	1
GSM7230012_hCiPSCs-0618_TGTTGGATCGTGCGAC-1	0.6958423	0.6743841	1	ambiguous	0	0	1
GSM7230012_hCiPSCs-0618_TGTTTGTAGGGTTTCT-1	0.50203884	0.48966575	1	ambiguous	0	0	1
GSM7230012_hCiPSCs-0618_TGTTTGTCATGGCGCT-1	0.15856254	0.16229092	1	ambiguous	0	0	1
GSM7230012_hCiPSCs-0618_TGTTTGTGTACGGGAT-1	0.6766756	0.6561159	1	ambiguous	0	0	1
GSM7230012_hCiPSCs-0618_TGTTTGTGTTAGGCTT-1	0.6249425	0.6068079	1	ambiguous	0	0	1
GSM7230012_hCiPSCs-0618_TGTTTGTTCATACGGT-1	0.6226216	0.6045958	1	ambiguous	0	0	1
GSM7230012_hCiPSCs-0618_TTAATCCAGTCAATCC-1	0.75790226	0.7335348	1	success	1	0	0
GSM7230012_hCiPSCs-0618_TTAATCCGTAACTGCT-1	0.09744115	0.104034774	1	failure	0	1	0
GSM7230012_hCiPSCs-0618_TTAATCCGTGTCACAT-1	0.73934025	0.7158429	1	ambiguous	0	0	1
GSM7230012_hCiPSCs-0618_TTAATCCGTTTACGAC-1	0.42175832	0.4131486	1	ambiguous	0	0	1
GSM7230012_hCiPSCs-0618_TTAATCCTCCCTTCCC-1	0.1434583	0.14789473	1	ambiguous	0	0	1
GSM7230012_hCiPSCs-0618_TTAATCCTCTACAGGT-1	0.22348303	0.22416806	1	ambiguous	0	0	1
GSM7230012_hCiPSCs-0618_TTAATCCTCTACTGAG-1	0.83905447	0.81088275	1	success	1	0	0
GSM7230012_hCiPSCs-0618_TTACAGGAGGGCAGAG-1	0.48292112	0.47144425	1	ambiguous	0	0	1
GSM7230012_hCiPSCs-0618_TTACAGGCACCTTCGT-1	0.14661318	0.1509017	1	ambiguous	0	0	1
GSM7230012_hCiPSCs-0618_TTACAGGCAGTCTGGC-1	0.69411755	0.67274016	1	ambiguous	0	0	1
GSM7230012_hCiPSCs-0618_TTACAGGGTCTACGTA-1	0.6113711	0.5938727	1	ambiguous	0	0	1
GSM7230012_hCiPSCs-0618_TTACAGGGTGAGACCA-1	0.09666758	0.103297465	1	failure	0	1	0
GSM7230012_hCiPSCs-0618_TTACAGGGTGTAACGG-1	0.11237967	0.118273005	1	ambiguous	0	0	1
GSM7230012_hCiPSCs-0618_TTACAGGGTGTCACAT-1	0.09064013	0.09755257	1	failure	0	1	0
GSM7230012_hCiPSCs-0618_TTACAGGGTTCCGCAG-1	0.8149992	0.78795516	1	success	1	0	0
GSM7230012_hCiPSCs-0618_TTACAGGTCAGCTGTA-1	0.787548	0.7617908	1	success	1	0	0
GSM7230012_hCiPSCs-0618_TTACAGGTCCCTCTCC-1	0.086427756	0.09353766	1	failure	0	1	0
GSM7230012_hCiPSCs-0618_TTACAGGTCGTCAACA-1	0.23580359	0.23591107	1	ambiguous	0	0	1
GSM7230012_hCiPSCs-0618_TTACAGGTCTGGCCAG-1	0.14149924	0.1460275	1	ambiguous	0	0	1
GSM7230012_hCiPSCs-0618_TTACCATAGAATAACC-1	0.14592582	0.15024658	1	ambiguous	0	0	1
GSM7230012_hCiPSCs-0618_TTACCATAGACTACGG-1	0.7141197	0.69180465	1	ambiguous	0	0	1
GSM7230012_hCiPSCs-0618_TTACCATCAAGACTGG-1	0.76373225	0.7390915	1	success	1	0	0
GSM7230012_hCiPSCs-0618_TTACCATCAATTCTCT-1	0.6391988	0.6203959	1	ambiguous	0	0	1
GSM7230012_hCiPSCs-0618_TTACCATCAGACAAAT-1	0.64515305	0.6260711	1	ambiguous	0	0	1
GSM7230012_hCiPSCs-0618_TTACCATCAGCATCTA-1	0.8144034	0.7873873	1	success	1	0	0
GSM7230012_hCiPSCs-0618_TTACCATCAGCGTATT-1	0.0	0.0111614615	1	failure	0	1	0
GSM7230012_hCiPSCs-0618_TTACCATGTAGGTAGC-1	0.4795626	0.46824315	1	ambiguous	0	0	1
GSM7230012_hCiPSCs-0618_TTACCATGTCGAATTC-1	0.122519836	0.12793782	1	ambiguous	0	0	1
GSM7230012_hCiPSCs-0618_TTACCATGTGACCGAA-1	0.80228883	0.7758406	1	success	1	0	0
GSM7230012_hCiPSCs-0618_TTACCATGTTGCAACT-1	0.07041425	0.07827484	1	failure	0	1	0
GSM7230012_hCiPSCs-0618_TTACCGCAGAGTAACT-1	0.61428934	0.5966542	1	ambiguous	0	0	1
GSM7230012_hCiPSCs-0618_TTACCGCAGATCCGAG-1	0.660473	0.6406728	1	ambiguous	0	0	1
GSM7230012_hCiPSCs-0618_TTACCGCAGCTCTGTA-1	0.79958504	0.7732636	1	success	1	0	0
GSM7230012_hCiPSCs-0618_TTACCGCCAAGTACCT-1	0.35065615	0.3453796	1	ambiguous	0	0	1
GSM7230012_hCiPSCs-0618_TTACCGCCAATCTGCA-1	0.6954835	0.6740421	1	ambiguous	0	0	1
GSM7230012_hCiPSCs-0618_TTACCGCCAGCACCCA-1	0.75641	0.7321125	1	success	1	0	0
GSM7230012_hCiPSCs-0618_TTACCGCTCAGCTTCC-1	0.06735378	0.07535783	1	failure	0	1	0
GSM7230012_hCiPSCs-0618_TTACCGCTCATAGGCT-1	0.13252878	0.13747756	1	ambiguous	0	0	1
GSM7230012_hCiPSCs-0618_TTACCGCTCCGTAGTA-1	0.6779455	0.6573262	1	ambiguous	0	0	1
GSM7230012_hCiPSCs-0618_TTACCGCTCCTAGCGG-1	0.5675948	0.5521486	1	ambiguous	0	0	1
GSM7230012_hCiPSCs-0618_TTACGCCAGAATACAC-1	0.18946369	0.19174348	1	ambiguous	0	0	1
GSM7230012_hCiPSCs-0618_TTACGCCCAAGTTGGG-1	0.6948812	0.67346805	1	ambiguous	0	0	1
GSM7230012_hCiPSCs-0618_TTACGCCCACCCTTAC-1	0.6765314	0.6559784	1	ambiguous	0	0	1
GSM7230012_hCiPSCs-0618_TTACGCCCAGTAACAA-1	0.830348	0.80258447	1	success	1	0	0
GSM7230012_hCiPSCs-0618_TTACGCCCAGTGCGCT-1	0.110781685	0.11674993	1	ambiguous	0	0	1
GSM7230012_hCiPSCs-0618_TTACGCCCATGACACT-1	0.6378049	0.61906743	1	ambiguous	0	0	1
GSM7230012_hCiPSCs-0618_TTACGCCGTCAGTCTA-1	0.28905955	0.2866705	1	ambiguous	0	0	1
GSM7230012_hCiPSCs-0618_TTACGCCGTGATATAG-1	0.7562219	0.73193324	1	success	1	0	0
GSM7230012_hCiPSCs-0618_TTACGCCTCCAGTTCC-1	0.75512445	0.73088723	1	success	1	0	0
GSM7230012_hCiPSCs-0618_TTACGCCTCGAGCTGC-1	0.25294018	0.25224432	1	ambiguous	0	0	1
GSM7230012_hCiPSCs-0618_TTACGCCTCTCAACGA-1	0.79087555	0.7649624	1	success	1	0	0
GSM7230012_hCiPSCs-0618_TTACGCCTCTTGCAAG-1	0.6646414	0.6446458	1	ambiguous	0	0	1
GSM7230012_hCiPSCs-0618_TTACGTTAGGATGCGT-1	0.119085886	0.12466484	1	ambiguous	0	0	1
GSM7230012_hCiPSCs-0618_TTACGTTCACACCGAC-1	0.17209971	0.17519349	1	ambiguous	0	0	1
GSM7230012_hCiPSCs-0618_TTACGTTCACTGCGAC-1	0.700246	0.67858136	1	ambiguous	0	0	1
GSM7230012_hCiPSCs-0618_TTACGTTCATTCGATG-1	0.59441656	0.577713	1	ambiguous	0	0	1
GSM7230012_hCiPSCs-0618_TTACGTTGTGGACTAG-1	0.5942541	0.5775581	1	ambiguous	0	0	1
GSM7230012_hCiPSCs-0618_TTACGTTGTGGTCCGT-1	0.15419237	0.15812561	1	ambiguous	0	0	1
GSM7230012_hCiPSCs-0618_TTACGTTTCGCATTGA-1	0.69190127	0.67062783	1	ambiguous	0	0	1
GSM7230012_hCiPSCs-0618_TTACGTTTCGGAGATG-1	0.3663975	0.36038297	1	ambiguous	0	0	1
GSM7230012_hCiPSCs-0618_TTACTGTAGAGTCCGA-1	0.21942194	0.22029735	1	ambiguous	0	0	1
GSM7230012_hCiPSCs-0618_TTACTGTCACTTGTGA-1	0.6838249	0.66293	1	ambiguous	0	0	1
GSM7230012_hCiPSCs-0618_TTACTGTCAGTAGGAC-1	0.09561996	0.10229896	1	failure	0	1	0
GSM7230012_hCiPSCs-0618_TTACTGTCAGTTTGGT-1	0.43409953	0.4249113	1	ambiguous	0	0	1
GSM7230012_hCiPSCs-0618_TTACTGTGTAACGATA-1	0.19029884	0.19253948	1	ambiguous	0	0	1
GSM7230012_hCiPSCs-0618_TTACTGTGTACGATGG-1	0.45111245	0.44112667	1	ambiguous	0	0	1
GSM7230012_hCiPSCs-0618_TTACTGTGTCCTACAA-1	0.24685383	0.24644329	1	ambiguous	0	0	1
GSM7230012_hCiPSCs-0618_TTACTGTGTTCTAACG-1	0.62106425	0.60311145	1	ambiguous	0	0	1
GSM7230012_hCiPSCs-0618_TTACTGTGTTGATCGT-1	0.06072448	0.0690393	1	failure	0	1	0
GSM7230012_hCiPSCs-0618_TTACTGTTCCATAGGT-1	0.27098003	0.2694385	1	ambiguous	0	0	1
GSM7230012_hCiPSCs-0618_TTACTGTTCGTTGTTT-1	0.69015247	0.668961	1	ambiguous	0	0	1
GSM7230012_hCiPSCs-0618_TTACTGTTCTCGTGAA-1	0.3017366	0.29875326	1	ambiguous	0	0	1
GSM7230012_hCiPSCs-0618_TTAGGCAAGAAGGGAT-1	0.13273579	0.13767487	1	ambiguous	0	0	1
GSM7230012_hCiPSCs-0618_TTAGGCAAGATTACCC-1	0.2570834	0.25619328	1	ambiguous	0	0	1
GSM7230012_hCiPSCs-0618_TTAGGCAAGCTACGTT-1	0.55812645	0.5431241	1	ambiguous	0	0	1
GSM7230012_hCiPSCs-0618_TTAGGCACAGGAATAT-1	0.58000594	0.5639779	1	ambiguous	0	0	1
GSM7230012_hCiPSCs-0618_TTAGGCAGTATCGTTG-1	0.55560887	0.5407245	1	ambiguous	0	0	1
GSM7230012_hCiPSCs-0618_TTAGGCAGTCGTGGAA-1	0.6294318	0.6110868	1	ambiguous	0	0	1
GSM7230012_hCiPSCs-0618_TTAGGCAGTGTATCCA-1	0.6665283	0.64644426	1	ambiguous	0	0	1
GSM7230012_hCiPSCs-0618_TTAGGCAGTTCAGCGC-1	0.6164005	0.59866637	1	ambiguous	0	0	1
GSM7230012_hCiPSCs-0618_TTAGGCATCAGTGTTG-1	0.5627006	0.5474838	1	ambiguous	0	0	1
GSM7230012_hCiPSCs-0618_TTAGGCATCTTTCGAT-1	0.09557507	0.10225617	1	failure	0	1	0
GSM7230012_hCiPSCs-0618_TTAGGGTAGCTCGCAC-1	0.7960053	0.7698517	1	success	1	0	0
GSM7230012_hCiPSCs-0618_TTAGGGTAGTAGCCAG-1	0.07991123	0.087326616	1	failure	0	1	0
GSM7230012_hCiPSCs-0618_TTAGGGTAGTCACTGT-1	0.50462306	0.49212882	1	ambiguous	0	0	1
GSM7230012_hCiPSCs-0618_TTAGGGTCAATACCCA-1	0.19160111	0.1937807	1	ambiguous	0	0	1
GSM7230012_hCiPSCs-0618_TTAGGGTCACATTACG-1	0.58024657	0.56420726	1	ambiguous	0	0	1
GSM7230012_hCiPSCs-0618_TTAGGGTCACGCAGTC-1	0.7918066	0.76584977	1	success	1	0	0
GSM7230012_hCiPSCs-0618_TTAGGGTCACTACCGG-1	0.2553836	0.2545732	1	ambiguous	0	0	1
GSM7230012_hCiPSCs-0618_TTAGGGTCATAATCGC-1	0.13385533	0.13874193	1	ambiguous	0	0	1
GSM7230012_hCiPSCs-0618_TTAGGGTCATGACAGG-1	0.6614342	0.641589	1	ambiguous	0	0	1
GSM7230012_hCiPSCs-0618_TTAGGGTGTGCATTAC-1	0.647857	0.6286483	1	ambiguous	0	0	1
GSM7230012_hCiPSCs-0618_TTAGGGTGTGTGCCTG-1	0.57273245	0.5570454	1	ambiguous	0	0	1
GSM7230012_hCiPSCs-0618_TTAGGGTGTTTCGGCG-1	0.22681554	0.22734435	1	ambiguous	0	0	1
GSM7230012_hCiPSCs-0618_TTAGGGTTCGTGGGAA-1	0.07921036	0.086658604	1	failure	0	1	0
GSM7230012_hCiPSCs-0618_TTAGGGTTCTCGCGTT-1	0.59346837	0.5768093	1	ambiguous	0	0	1
GSM7230012_hCiPSCs-0618_TTAGTCTCAAAGACTA-1	0.60637134	0.58910733	1	ambiguous	0	0	1
GSM7230012_hCiPSCs-0618_TTAGTCTGTCGGAACA-1	0.13704509	0.14178215	1	ambiguous	0	0	1
GSM7230012_hCiPSCs-0618_TTAGTCTGTGGACCTC-1	0.6317106	0.6132587	1	ambiguous	0	0	1
GSM7230012_hCiPSCs-0618_TTAGTCTTCAACTCTT-1	0.09351795	0.100295484	1	failure	0	1	0
GSM7230012_hCiPSCs-0618_TTAGTCTTCCGCATAA-1	0.580603	0.564547	1	ambiguous	0	0	1
GSM7230012_hCiPSCs-0618_TTAGTCTTCTGCATAG-1	0.1359579	0.14074592	1	ambiguous	0	0	1
GSM7230012_hCiPSCs-0618_TTATTGCAGAAATGGG-1	0.08144992	0.08879317	1	failure	0	1	0
GSM7230012_hCiPSCs-0618_TTATTGCAGCCTAACT-1	0.73751354	0.71410185	1	ambiguous	0	0	1
GSM7230012_hCiPSCs-0618_TTATTGCCAATGCTCA-1	0.11920161	0.12477514	1	ambiguous	0	0	1
GSM7230012_hCiPSCs-0618_TTATTGCCATCGATAC-1	0.52944726	0.51578933	1	ambiguous	0	0	1
GSM7230012_hCiPSCs-0618_TTATTGCCATGGAGAC-1	0.7662754	0.7415154	1	success	1	0	0
GSM7230012_hCiPSCs-0618_TTATTGCGTAGACAAT-1	0.66696846	0.6468638	1	ambiguous	0	0	1
GSM7230012_hCiPSCs-0618_TTATTGCGTCATAAAG-1	0.073025845	0.080764	1	failure	0	1	0
GSM7230012_hCiPSCs-0618_TTATTGCGTGCCCACA-1	0.71939653	0.69683415	1	ambiguous	0	0	1
GSM7230012_hCiPSCs-0618_TTATTGCGTGCCCGTA-1	0.5740091	0.55826217	1	ambiguous	0	0	1
GSM7230012_hCiPSCs-0618_TTATTGCGTTGAGTCT-1	0.48189104	0.4704624	1	ambiguous	0	0	1
GSM7230012_hCiPSCs-0618_TTCAATCAGAGTCCGA-1	0.78223366	0.75672555	1	success	1	0	0
GSM7230012_hCiPSCs-0618_TTCAATCAGGAACGAA-1	0.5865526	0.57021767	1	ambiguous	0	0	1
GSM7230012_hCiPSCs-0618_TTCAATCCACCCTTGT-1	0.73515075	0.7118498	1	ambiguous	0	0	1
GSM7230012_hCiPSCs-0618_TTCAATCCACGCGCAT-1	0.6356222	0.616987	1	ambiguous	0	0	1
GSM7230012_hCiPSCs-0618_TTCAATCCACTGCACG-1	0.085366055	0.09252573	1	failure	0	1	0
GSM7230012_hCiPSCs-0618_TTCAATCGTACGTGTT-1	0.044609495	0.053679753	1	failure	0	1	0
GSM7230012_hCiPSCs-0618_TTCAATCGTTGTGTAC-1	0.57017034	0.5546034	1	ambiguous	0	0	1
GSM7230012_hCiPSCs-0618_TTCAATCGTTTACTTC-1	0.76024735	0.73577	1	success	1	0	0
GSM7230012_hCiPSCs-0618_TTCAATCTCAAAGGAT-1	0.67578715	0.6552691	1	ambiguous	0	0	1
GSM7230012_hCiPSCs-0618_TTCAATCTCCTCAGGG-1	0.113154	0.11901104	1	ambiguous	0	0	1
GSM7230012_hCiPSCs-0618_TTCAATCTCGTGGAAG-1	0.51284647	0.4999667	1	ambiguous	0	0	1
GSM7230012_hCiPSCs-0618_TTCACCGAGCTCACTA-1	0.036552005	0.04599998	1	failure	0	1	0
GSM7230012_hCiPSCs-0618_TTCACCGAGTATAGAC-1	0.5037929	0.49133754	1	ambiguous	0	0	1
GSM7230012_hCiPSCs-0618_TTCACCGAGTGGCAGT-1	0.64616305	0.6270337	1	ambiguous	0	0	1
GSM7230012_hCiPSCs-0618_TTCACCGCAAAGTATG-1	0.59272397	0.5760997	1	ambiguous	0	0	1
GSM7230012_hCiPSCs-0618_TTCACCGCACATACTG-1	0.73534626	0.7120362	1	ambiguous	0	0	1
GSM7230012_hCiPSCs-0618_TTCACCGCACGTACTA-1	0.15071025	0.15480673	1	ambiguous	0	0	1
GSM7230012_hCiPSCs-0618_TTCACCGCACTGATTG-1	0.41749176	0.40908206	1	ambiguous	0	0	1
GSM7230012_hCiPSCs-0618_TTCACCGCAGGTCAAG-1	0.76914823	0.7442536	1	success	1	0	0
GSM7230012_hCiPSCs-0618_TTCACCGCAGTTCCAA-1	0.52043253	0.5071972	1	ambiguous	0	0	1
GSM7230012_hCiPSCs-0618_TTCACCGGTACAGTTC-1	0.6720357	0.65169346	1	ambiguous	0	0	1
GSM7230012_hCiPSCs-0618_TTCACCGGTCTGTGGC-1	0.15737385	0.16115794	1	ambiguous	0	0	1
GSM7230012_hCiPSCs-0618_TTCACCGGTGGTTTGT-1	0.1442329	0.14863302	1	ambiguous	0	0	1
GSM7230012_hCiPSCs-0618_TTCACCGGTTGCGAAG-1	0.1840088	0.18654431	1	ambiguous	0	0	1
GSM7230012_hCiPSCs-0618_TTCACCGTCAAAGGAT-1	0.6914319	0.67018044	1	ambiguous	0	0	1
GSM7230012_hCiPSCs-0618_TTCACCGTCAAGCTGT-1	0.7665198	0.7417484	1	success	1	0	0
GSM7230012_hCiPSCs-0618_TTCACCGTCCGTTGAA-1	0.71007496	0.6879496	1	ambiguous	0	0	1
GSM7230012_hCiPSCs-0618_TTCACCGTCGAGTTGT-1	0.13466813	0.13951662	1	ambiguous	0	0	1
GSM7230012_hCiPSCs-0618_TTCACCGTCTGAGCAT-1	0.6368678	0.6181742	1	ambiguous	0	0	1
GSM7230012_hCiPSCs-0618_TTCACGCAGAGAGTGA-1	0.18231569	0.18493056	1	ambiguous	0	0	1
GSM7230012_hCiPSCs-0618_TTCACGCAGCACCGAA-1	0.22225274	0.22299545	1	ambiguous	0	0	1
GSM7230012_hCiPSCs-0618_TTCACGCAGGGCCTCT-1	0.14198521	0.1464907	1	ambiguous	0	0	1
GSM7230012_hCiPSCs-0618_TTCACGCCAGTTTCAG-1	0.1485716	0.15276833	1	ambiguous	0	0	1
GSM7230012_hCiPSCs-0618_TTCACGCCATAGGCGA-1	0.10181118	0.10819994	1	failure	0	1	0
GSM7230012_hCiPSCs-0618_TTCACGCCATGGACAG-1	0.060250524	0.068587564	1	failure	0	1	0
GSM7230012_hCiPSCs-0618_TTCACGCCATTGGGAG-1	0.18419017	0.18671717	1	ambiguous	0	0	1
GSM7230012_hCiPSCs-0618_TTCACGCGTAAGTTGA-1	0.7053456	0.6834418	1	ambiguous	0	0	1
GSM7230012_hCiPSCs-0618_TTCACGCGTATGCGGA-1	0.56761473	0.5521676	1	ambiguous	0	0	1
GSM7230012_hCiPSCs-0618_TTCACGCGTTTCGTGA-1	0.7493046	0.7253402	1	ambiguous	0	0	1
GSM7230012_hCiPSCs-0618_TTCACGCTCAAATGCC-1	0.5003822	0.48808673	1	ambiguous	0	0	1
GSM7230012_hCiPSCs-0618_TTCACGCTCTTCTTCC-1	0.1105205	0.11650098	1	ambiguous	0	0	1
GSM7230012_hCiPSCs-0618_TTCAGGAAGATGGTAT-1	0.10069364	0.1071348	1	failure	0	1	0
GSM7230012_hCiPSCs-0618_TTCAGGAAGCTCCCTT-1	0.6645835	0.6445907	1	ambiguous	0	0	1
GSM7230012_hCiPSCs-0618_TTCAGGAAGCTCGTGC-1	0.5273194	0.51376116	1	ambiguous	0	0	1
GSM7230012_hCiPSCs-0618_TTCAGGAAGTGATAAC-1	0.10747191	0.11359531	1	failure	0	1	0
GSM7230012_hCiPSCs-0618_TTCAGGACAACTACGT-1	0.572366	0.5566961	1	ambiguous	0	0	1
GSM7230012_hCiPSCs-0618_TTCAGGACACAGGATG-1	0.64241445	0.6234608	1	ambiguous	0	0	1
GSM7230012_hCiPSCs-0618_TTCAGGACACCTAAAC-1	0.6351855	0.6165707	1	ambiguous	0	0	1
GSM7230012_hCiPSCs-0618_TTCAGGACACGTCTCT-1	0.82728046	0.7996607	1	success	1	0	0
GSM7230012_hCiPSCs-0618_TTCAGGACATACTGTG-1	0.08437954	0.09158546	1	failure	0	1	0
GSM7230012_hCiPSCs-0618_TTCAGGAGTTCTCCAC-1	0.42624027	0.41742048	1	ambiguous	0	0	1
GSM7230012_hCiPSCs-0618_TTCAGGAGTTGCAAGG-1	0.64605135	0.6269272	1	ambiguous	0	0	1
GSM7230012_hCiPSCs-0618_TTCAGGATCTAGGCCG-1	0.15732323	0.1611097	1	ambiguous	0	0	1
GSM7230012_hCiPSCs-0618_TTCATGTAGAAGTCAT-1	0.5154233	0.5024228	1	ambiguous	0	0	1
GSM7230012_hCiPSCs-0618_TTCATGTGTCTAACTG-1	0.54118204	0.526974	1	ambiguous	0	0	1
GSM7230012_hCiPSCs-0618_TTCATGTGTTACGATC-1	0.22326037	0.22395585	1	ambiguous	0	0	1
GSM7230012_hCiPSCs-0618_TTCATGTTCAACCGAT-1	0.7774965	0.75221056	1	success	1	0	0
GSM7230012_hCiPSCs-0618_TTCATGTTCTTACACT-1	0.10374843	0.11004638	1	failure	0	1	0
GSM7230012_hCiPSCs-0618_TTCATTGAGAAATGGG-1	0.08562433	0.0927719	1	failure	0	1	0
GSM7230012_hCiPSCs-0618_TTCATTGCAACACGTT-1	0.5660797	0.5507045	1	ambiguous	0	0	1
GSM7230012_hCiPSCs-0618_TTCATTGCAATAACGA-1	0.7098233	0.68770975	1	ambiguous	0	0	1
GSM7230012_hCiPSCs-0618_TTCATTGCACACCTTC-1	0.19182119	0.19399045	1	ambiguous	0	0	1
GSM7230012_hCiPSCs-0618_TTCATTGCAGCGTAGA-1	0.76006633	0.73559743	1	success	1	0	0
GSM7230012_hCiPSCs-0618_TTCATTGCATCCTTGC-1	0.10748517	0.11360794	1	failure	0	1	0
GSM7230012_hCiPSCs-0618_TTCATTGGTGCTGTCG-1	0.052672196	0.06136449	1	failure	0	1	0
GSM7230012_hCiPSCs-0618_TTCATTGGTTACTCAG-1	0.7258232	0.70295954	1	ambiguous	0	0	1
GSM7230012_hCiPSCs-0618_TTCATTGGTTGTGCAT-1	0.21365398	0.21479979	1	ambiguous	0	0	1
GSM7230012_hCiPSCs-0618_TTCCAATAGCACTAAA-1	0.59675545	0.5799423	1	ambiguous	0	0	1
GSM7230012_hCiPSCs-0618_TTCCAATAGCATCCTA-1	0.11102812	0.116984814	1	ambiguous	0	0	1
GSM7230012_hCiPSCs-0618_TTCCAATAGCTCGGCT-1	0.6914953	0.6702409	1	ambiguous	0	0	1
GSM7230012_hCiPSCs-0618_TTCCAATAGTCCCAGC-1	0.85043776	0.82173246	1	success	1	0	0
GSM7230012_hCiPSCs-0618_TTCCAATCAAGTTTGC-1	0.1133249	0.11917393	1	ambiguous	0	0	1
GSM7230012_hCiPSCs-0618_TTCCAATCATCCTTGC-1	0.5704006	0.55482286	1	ambiguous	0	0	1
GSM7230012_hCiPSCs-0618_TTCCAATGTACATTGC-1	0.24064963	0.24052992	1	ambiguous	0	0	1
GSM7230012_hCiPSCs-0618_TTCCAATGTCTGCCTT-1	0.14549203	0.14983313	1	ambiguous	0	0	1
GSM7230012_hCiPSCs-0618_TTCCAATGTGTACAGG-1	0.6963282	0.6748472	1	ambiguous	0	0	1
GSM7230012_hCiPSCs-0618_TTCCAATGTTACACAC-1	0.6420241	0.6230888	1	ambiguous	0	0	1
GSM7230012_hCiPSCs-0618_TTCCAATTCCTTATCA-1	0.10353085	0.10983899	1	failure	0	1	0
GSM7230012_hCiPSCs-0618_TTCCAATTCGGCTTGG-1	0.67485607	0.65438163	1	ambiguous	0	0	1
GSM7230012_hCiPSCs-0618_TTCCACGAGCTATCCA-1	0.1021021	0.10847722	1	failure	0	1	0
GSM7230012_hCiPSCs-0618_TTCCACGAGGCATGCA-1	0.21009967	0.21141209	1	ambiguous	0	0	1
GSM7230012_hCiPSCs-0618_TTCCACGCACAGCCTG-1	0.14785948	0.1520896	1	ambiguous	0	0	1
GSM7230012_hCiPSCs-0618_TTCCACGCACATTCGA-1	0.8951304	0.86433	1	success	1	0	0
GSM7230012_hCiPSCs-0618_TTCCACGCACCTCTAC-1	0.7434332	0.719744	1	ambiguous	0	0	1
GSM7230012_hCiPSCs-0618_TTCCACGGTGTGAATA-1	0.6285997	0.6102937	1	ambiguous	0	0	1
GSM7230012_hCiPSCs-0618_TTCCACGGTTGTCCCT-1	0.63420475	0.615636	1	ambiguous	0	0	1
GSM7230012_hCiPSCs-0618_TTCCACGTCGAACCAT-1	0.13534276	0.14015964	1	ambiguous	0	0	1
GSM7230012_hCiPSCs-0618_TTCCACGTCTATCGCC-1	0.2334718	0.23368858	1	ambiguous	0	0	1
GSM7230012_hCiPSCs-0618_TTCCGGTAGGGCAGGA-1	0.66655505	0.6464698	1	ambiguous	0	0	1
GSM7230012_hCiPSCs-0618_TTCCGGTGTGTAGCAG-1	0.13313918	0.13805935	1	ambiguous	0	0	1
GSM7230012_hCiPSCs-0618_TTCCGGTGTTGGCTAT-1	0.13780373	0.14250523	1	ambiguous	0	0	1
GSM7230012_hCiPSCs-0618_TTCCGGTTCAGACCTA-1	0.6711071	0.65080845	1	ambiguous	0	0	1
GSM7230012_hCiPSCs-0618_TTCCGGTTCCCAGCGA-1	0.26766622	0.26628003	1	ambiguous	0	0	1
GSM7230012_hCiPSCs-0618_TTCCGGTTCCCTCTAG-1	0.120825246	0.12632266	1	ambiguous	0	0	1
GSM7230012_hCiPSCs-0618_TTCCGGTTCTCGCTCA-1	0.15955177	0.16323377	1	ambiguous	0	0	1
GSM7230012_hCiPSCs-0618_TTCCGTGAGCCTGAGA-1	0.67572886	0.65521353	1	ambiguous	0	0	1
GSM7230012_hCiPSCs-0618_TTCCGTGAGTCAACAA-1	0.7680809	0.7432363	1	success	1	0	0
GSM7230012_hCiPSCs-0618_TTCCGTGAGTCTAGCT-1	0.5516916	0.5369909	1	ambiguous	0	0	1
GSM7230012_hCiPSCs-0618_TTCCGTGTCAGGACAG-1	0.32138526	0.31748083	1	ambiguous	0	0	1
GSM7230012_hCiPSCs-0618_TTCCGTGTCATTGGTG-1	0.41245618	0.40428254	1	ambiguous	0	0	1
GSM7230012_hCiPSCs-0618_TTCCGTGTCGATTTCT-1	0.59595895	0.5791831	1	ambiguous	0	0	1
GSM7230012_hCiPSCs-0618_TTCCGTGTCTCAACCC-1	0.79437584	0.76829857	1	success	1	0	0
GSM7230012_hCiPSCs-0618_TTCCTAAAGACAGTCG-1	0.4336936	0.42452437	1	ambiguous	0	0	1
GSM7230012_hCiPSCs-0618_TTCCTAAAGTGATCGG-1	0.56805295	0.55258524	1	ambiguous	0	0	1
GSM7230012_hCiPSCs-0618_TTCCTAACAAATCGTC-1	0.6759925	0.65546477	1	ambiguous	0	0	1
GSM7230012_hCiPSCs-0618_TTCCTAACAAGTGGGT-1	0.047863152	0.056780886	1	failure	0	1	0
GSM7230012_hCiPSCs-0618_TTCCTAACAGCAGTTT-1	0.70079833	0.6791078	1	ambiguous	0	0	1
GSM7230012_hCiPSCs-0618_TTCCTAATCAAACTGC-1	0.5785417	0.56258225	1	ambiguous	0	0	1
GSM7230012_hCiPSCs-0618_TTCCTAATCCCATAAG-1	0.49183977	0.4799448	1	ambiguous	0	0	1
GSM7230012_hCiPSCs-0618_TTCCTAATCTTCGTAT-1	0.5575278	0.5425535	1	ambiguous	0	0	1
GSM7230012_hCiPSCs-0618_TTCCTCTAGGTTGGTG-1	0.6733891	0.6529834	1	ambiguous	0	0	1
GSM7230012_hCiPSCs-0618_TTCCTCTAGTTACGAA-1	0.66879106	0.64860094	1	ambiguous	0	0	1
GSM7230012_hCiPSCs-0618_TTCCTCTCATGGGTTT-1	0.7684121	0.74355197	1	success	1	0	0
GSM7230012_hCiPSCs-0618_TTCCTCTTCCAGGACC-1	0.60285753	0.58575827	1	ambiguous	0	0	1
GSM7230012_hCiPSCs-0618_TTCCTCTTCGACGTCG-1	0.42872354	0.41978732	1	ambiguous	0	0	1
GSM7230012_hCiPSCs-0618_TTCCTCTTCTCATAGG-1	0.49548063	0.48341498	1	ambiguous	0	0	1
GSM7230012_hCiPSCs-0618_TTCCTTCAGATACGAT-1	0.8803892	0.8502798	1	success	1	0	0
GSM7230012_hCiPSCs-0618_TTCCTTCAGATCCAAA-1	0.666958	0.6468538	1	ambiguous	0	0	1
GSM7230012_hCiPSCs-0618_TTCCTTCCACAAGTGG-1	0.7931874	0.76716584	1	success	1	0	0
GSM7230012_hCiPSCs-0618_TTCCTTCCACATAACC-1	0.29298615	0.29041302	1	ambiguous	0	0	1
GSM7230012_hCiPSCs-0618_TTCCTTCCACGTGTGC-1	0.10948926	0.11551809	1	ambiguous	0	0	1
GSM7230012_hCiPSCs-0618_TTCCTTCCATCGATCA-1	0.5561065	0.54119885	1	ambiguous	0	0	1
GSM7230012_hCiPSCs-0618_TTCCTTCCATGGCTGC-1	0.11136168	0.11730274	1	ambiguous	0	0	1
GSM7230012_hCiPSCs-0618_TTCCTTCGTCAATCTG-1	0.10063949	0.10708318	1	failure	0	1	0
GSM7230012_hCiPSCs-0618_TTCCTTCGTTCAACGT-1	0.12079449	0.12629336	1	ambiguous	0	0	1
GSM7230012_hCiPSCs-0618_TTCCTTCTCACTCTTA-1	0.74604464	0.72223306	1	ambiguous	0	0	1
GSM7230012_hCiPSCs-0618_TTCCTTCTCAGACCCG-1	0.12419588	0.12953529	1	ambiguous	0	0	1
GSM7230012_hCiPSCs-0618_TTCCTTCTCGGAATTC-1	0.07164609	0.07944893	1	failure	0	1	0
GSM7230012_hCiPSCs-0618_TTCGATTAGTCAGAGC-1	0.42530224	0.4165264	1	ambiguous	0	0	1
GSM7230012_hCiPSCs-0618_TTCGATTAGTGCAACG-1	0.08739221	0.0944569	1	failure	0	1	0
GSM7230012_hCiPSCs-0618_TTCGATTCACCGGCTA-1	0.5062521	0.49368152	1	ambiguous	0	0	1
GSM7230012_hCiPSCs-0618_TTCGATTCACGCGTCA-1	0.16488771	0.16831958	1	ambiguous	0	0	1
GSM7230012_hCiPSCs-0618_TTCGATTCACGGCCAT-1	0.12049024	0.12600335	1	ambiguous	0	0	1
GSM7230012_hCiPSCs-0618_TTCGATTCACGTTGGC-1	0.10436061	0.11062986	1	failure	0	1	0
GSM7230012_hCiPSCs-0618_TTCGATTCACTAGGTT-1	0.09816784	0.104727395	1	failure	0	1	0
GSM7230012_hCiPSCs-0618_TTCGATTCAGATCCAT-1	0.5238655	0.51046926	1	ambiguous	0	0	1
GSM7230012_hCiPSCs-0618_TTCGATTGTGAAGCTG-1	0.4841516	0.47261703	1	ambiguous	0	0	1
GSM7230012_hCiPSCs-0618_TTCGATTGTGCCTATA-1	0.6460898	0.6269639	1	ambiguous	0	0	1
GSM7230012_hCiPSCs-0618_TTCGATTGTGGACAGT-1	0.09801428	0.104581036	1	failure	0	1	0
GSM7230012_hCiPSCs-0618_TTCGATTTCATCACAG-1	0.6651014	0.64508426	1	ambiguous	0	0	1
GSM7230012_hCiPSCs-0618_TTCGATTTCTCTGCTG-1	0.41048986	0.4024084	1	ambiguous	0	0	1
GSM7230012_hCiPSCs-0618_TTCGCTGAGCAGCGAT-1	0.12273279	0.12814079	1	ambiguous	0	0	1
GSM7230012_hCiPSCs-0618_TTCGCTGAGCCTGTGC-1	0.08715519	0.094230995	1	failure	0	1	0
GSM7230012_hCiPSCs-0618_TTCGCTGAGTAAACAC-1	0.46977636	0.45891568	1	ambiguous	0	0	1
GSM7230012_hCiPSCs-0618_TTCGCTGCACAGTGTT-1	0.1155079	0.121254586	1	ambiguous	0	0	1
GSM7230012_hCiPSCs-0618_TTCGCTGCATACTTTC-1	0.12828207	0.13342993	1	ambiguous	0	0	1
GSM7230012_hCiPSCs-0618_TTCGCTGGTAATCAGA-1	0.6527881	0.63334817	1	ambiguous	0	0	1
GSM7230012_hCiPSCs-0618_TTCGCTGGTGCCGTAC-1	0.5511547	0.5364791	1	ambiguous	0	0	1
GSM7230012_hCiPSCs-0618_TTCGCTGGTTCAGGTT-1	0.08407377	0.09129402	1	failure	0	1	0
GSM7230012_hCiPSCs-0618_TTCGCTGTCAGTCTTT-1	0.09254366	0.099366866	1	failure	0	1	0
GSM7230012_hCiPSCs-0618_TTCGCTGTCGAACACT-1	0.6998822	0.67823464	1	ambiguous	0	0	1
GSM7230012_hCiPSCs-0618_TTCGCTGTCTGTTGGA-1	0.6884584	0.6673463	1	ambiguous	0	0	1
GSM7230012_hCiPSCs-0618_TTCGGTCAGAAGAACG-1	0.13750912	0.14222443	1	ambiguous	0	0	1
GSM7230012_hCiPSCs-0618_TTCGGTCAGAGTTGTA-1	0.62951493	0.611166	1	ambiguous	0	0	1
GSM7230012_hCiPSCs-0618_TTCGGTCAGATACCAA-1	0.6230284	0.6049835	1	ambiguous	0	0	1
GSM7230012_hCiPSCs-0618_TTCGGTCAGCCTATCA-1	0.18757723	0.18994546	1	ambiguous	0	0	1
GSM7230012_hCiPSCs-0618_TTCGGTCAGCGAATGC-1	0.5672881	0.5518563	1	ambiguous	0	0	1
GSM7230012_hCiPSCs-0618_TTCGGTCCAACATCGT-1	0.739441	0.715939	1	ambiguous	0	0	1
GSM7230012_hCiPSCs-0618_TTCGGTCCACAAGCTT-1	0.7197226	0.697145	1	ambiguous	0	0	1
GSM7230012_hCiPSCs-0618_TTCGGTCCACCTTCGT-1	0.14309011	0.1475438	1	ambiguous	0	0	1
GSM7230012_hCiPSCs-0618_TTCGGTCCACTGGCGT-1	0.04928379	0.05813493	1	failure	0	1	0
GSM7230012_hCiPSCs-0618_TTCGGTCCAGACATCT-1	0.6174017	0.5996207	1	ambiguous	0	0	1
GSM7230012_hCiPSCs-0618_TTCGGTCCAGCGCGTT-1	0.045290247	0.054328594	1	failure	0	1	0
GSM7230012_hCiPSCs-0618_TTCGGTCCAGTCAGTT-1	0.6025747	0.5854887	1	ambiguous	0	0	1
GSM7230012_hCiPSCs-0618_TTCGGTCGTCTACAGT-1	0.48802993	0.47631356	1	ambiguous	0	0	1
GSM7230012_hCiPSCs-0618_TTCGGTCTCCTATTTG-1	0.6782361	0.65760326	1	ambiguous	0	0	1
GSM7230012_hCiPSCs-0618_TTCTAACAGATGCTAA-1	0.1286326	0.13376404	1	ambiguous	0	0	1
GSM7230012_hCiPSCs-0618_TTCTAACCAGATCCTA-1	0.17817034	0.18097955	1	ambiguous	0	0	1
GSM7230012_hCiPSCs-0618_TTCTAACCATTAAGCC-1	0.6902142	0.6690198	1	ambiguous	0	0	1
GSM7230012_hCiPSCs-0618_TTCTAACTCCCAGGCA-1	0.7872905	0.7615454	1	success	1	0	0
GSM7230012_hCiPSCs-0618_TTCTAACTCGAGAACG-1	0.6839393	0.6630391	1	ambiguous	0	0	1
GSM7230012_hCiPSCs-0618_TTCTAACTCTTACACT-1	0.76626784	0.74150825	1	success	1	0	0
GSM7230012_hCiPSCs-0618_TTCTAACTCTTCTGGC-1	0.6150194	0.59735	1	ambiguous	0	0	1
GSM7230012_hCiPSCs-0618_TTCTAGTAGACCATGG-1	0.19065924	0.19288298	1	ambiguous	0	0	1
GSM7230012_hCiPSCs-0618_TTCTAGTCACTGTGTA-1	0.13457473	0.1394276	1	ambiguous	0	0	1
GSM7230012_hCiPSCs-0618_TTCTAGTCACTTCTCG-1	0.71504134	0.6926831	1	ambiguous	0	0	1
GSM7230012_hCiPSCs-0618_TTCTAGTCATATGGCT-1	0.5288799	0.51524854	1	ambiguous	0	0	1
GSM7230012_hCiPSCs-0618_TTCTAGTCATCGCTCT-1	0.12480341	0.13011435	1	ambiguous	0	0	1
GSM7230012_hCiPSCs-0618_TTCTAGTGTAACAGGC-1	0.6791041	0.6584305	1	ambiguous	0	0	1
GSM7230012_hCiPSCs-0618_TTCTAGTGTAGCCAGA-1	0.18063809	0.18333161	1	ambiguous	0	0	1
GSM7230012_hCiPSCs-0618_TTCTAGTGTCGAGCAA-1	0.4873975	0.47571075	1	ambiguous	0	0	1
GSM7230012_hCiPSCs-0618_TTCTAGTGTGGGTTGA-1	0.647156	0.6279801	1	ambiguous	0	0	1
GSM7230012_hCiPSCs-0618_TTCTAGTGTGTCATCA-1	0.5513874	0.53670096	1	ambiguous	0	0	1
GSM7230012_hCiPSCs-0618_TTCTAGTTCGCAGAGA-1	0.55603033	0.5411262	1	ambiguous	0	0	1
GSM7230012_hCiPSCs-0618_TTCTCTCAGGTTGAGC-1	0.11461878	0.12040714	1	ambiguous	0	0	1
GSM7230012_hCiPSCs-0618_TTCTCTCCAACATACC-1	0.08120552	0.08856023	1	failure	0	1	0
GSM7230012_hCiPSCs-0618_TTCTCTCCACTACCCT-1	0.0851637	0.09233286	1	failure	0	1	0
GSM7230012_hCiPSCs-0618_TTCTCTCGTCACCTTC-1	0.6231816	0.6051296	1	ambiguous	0	0	1
GSM7230012_hCiPSCs-0618_TTCTCTCGTCGATGCC-1	0.4090991	0.40108284	1	ambiguous	0	0	1
GSM7230012_hCiPSCs-0618_TTCTCTCGTGATTAGA-1	0.65241	0.6329878	1	ambiguous	0	0	1
GSM7230012_hCiPSCs-0618_TTCTCTCGTTAGGAGC-1	0.68696314	0.6659212	1	ambiguous	0	0	1
GSM7230012_hCiPSCs-0618_TTCTCTCTCCCTCTAG-1	0.17605637	0.17896466	1	ambiguous	0	0	1
GSM7230012_hCiPSCs-0618_TTCTCTCTCCGCACTT-1	0.55959827	0.5445269	1	ambiguous	0	0	1
GSM7230012_hCiPSCs-0618_TTCTGTAAGTAGCCAG-1	0.8485481	0.8199313	1	success	1	0	0
GSM7230012_hCiPSCs-0618_TTCTGTAAGTTATGGA-1	0.4947798	0.482747	1	ambiguous	0	0	1
GSM7230012_hCiPSCs-0618_TTCTGTACAACTAGAA-1	0.6973862	0.67585564	1	ambiguous	0	0	1
GSM7230012_hCiPSCs-0618_TTCTGTACATCGCTGG-1	0.52684754	0.5133115	1	ambiguous	0	0	1
GSM7230012_hCiPSCs-0618_TTCTTCCAGCTCCGAC-1	0.8418346	0.8135326	1	success	1	0	0
GSM7230012_hCiPSCs-0618_TTCTTCCAGTCATAGA-1	0.5340553	0.52018136	1	ambiguous	0	0	1
GSM7230012_hCiPSCs-0618_TTCTTCCAGTGGTTAA-1	0.8132747	0.7863115	1	success	1	0	0
GSM7230012_hCiPSCs-0618_TTCTTCCCATAATCCG-1	0.71611416	0.6937057	1	ambiguous	0	0	1
GSM7230012_hCiPSCs-0618_TTCTTCCGTTGTCATG-1	0.68496764	0.66401917	1	ambiguous	0	0	1
GSM7230012_hCiPSCs-0618_TTCTTCCTCAATCGGT-1	0.5305938	0.5168821	1	ambiguous	0	0	1
GSM7230012_hCiPSCs-0618_TTCTTCCTCGATACAC-1	0.11604373	0.1217653	1	ambiguous	0	0	1
GSM7230012_hCiPSCs-0618_TTCTTGAAGCCAAGCA-1	0.047742948	0.056666315	1	failure	0	1	0
GSM7230012_hCiPSCs-0618_TTCTTGACAAGGCTTT-1	0.5548502	0.54000145	1	ambiguous	0	0	1
GSM7230012_hCiPSCs-0618_TTCTTGACACACGGTC-1	0.62500095	0.6068637	1	ambiguous	0	0	1
GSM7230012_hCiPSCs-0618_TTCTTGACACAGCTTA-1	0.35262984	0.34726074	1	ambiguous	0	0	1
GSM7230012_hCiPSCs-0618_TTCTTGAGTATCAGCT-1	0.59117746	0.57462573	1	ambiguous	0	0	1
GSM7230012_hCiPSCs-0618_TTCTTGAGTCGCCTAG-1	0.18249826	0.18510456	1	ambiguous	0	0	1
GSM7230012_hCiPSCs-0618_TTCTTGATCAAGTTGC-1	0.62725383	0.60901093	1	ambiguous	0	0	1
GSM7230012_hCiPSCs-0618_TTCTTGATCCACGGAC-1	0.6957524	0.6742984	1	ambiguous	0	0	1
GSM7230012_hCiPSCs-0618_TTGAACGAGAGTCACG-1	0.4249048	0.4161476	1	ambiguous	0	0	1
GSM7230012_hCiPSCs-0618_TTGAACGAGCTAATCC-1	0.14060575	0.14517589	1	ambiguous	0	0	1
GSM7230012_hCiPSCs-0618_TTGAACGCACAGTGTT-1	0.11529219	0.12104899	1	ambiguous	0	0	1
GSM7230012_hCiPSCs-0618_TTGAACGCACTCCGAG-1	0.60715544	0.5898547	1	ambiguous	0	0	1
GSM7230012_hCiPSCs-0618_TTGAACGCATGTCTAG-1	0.6295276	0.6111781	1	ambiguous	0	0	1
GSM7230012_hCiPSCs-0618_TTGACCCAGAAGCTCG-1	0.7756327	0.75043404	1	success	1	0	0
GSM7230012_hCiPSCs-0618_TTGACCCAGAATAACC-1	0.23103912	0.23136993	1	ambiguous	0	0	1
GSM7230012_hCiPSCs-0618_TTGACCCAGAGGCGTT-1	0.42020398	0.41166714	1	ambiguous	0	0	1
GSM7230012_hCiPSCs-0618_TTGACCCAGTAACCTC-1	0.84787	0.81928504	1	success	1	0	0
GSM7230012_hCiPSCs-0618_TTGACCCAGTGGCGAT-1	0.68211764	0.6613028	1	ambiguous	0	0	1
GSM7230012_hCiPSCs-0618_TTGACCCCAGAAGCGT-1	0.07414187	0.08182771	1	failure	0	1	0
GSM7230012_hCiPSCs-0618_TTGACCCCAGAGTGTG-1	0.51033163	0.49756977	1	ambiguous	0	0	1
GSM7230012_hCiPSCs-0618_TTGACCCCAGGCACAA-1	0.3502381	0.34498113	1	ambiguous	0	0	1
GSM7230012_hCiPSCs-0618_TTGACCCCAGGTCCCA-1	0.12524752	0.13053763	1	ambiguous	0	0	1
GSM7230012_hCiPSCs-0618_TTGACCCGTAGCTGTT-1	0.65419066	0.634685	1	ambiguous	0	0	1
GSM7230012_hCiPSCs-0618_TTGACCCGTCGTTGGC-1	0.7148824	0.69253165	1	ambiguous	0	0	1
GSM7230012_hCiPSCs-0618_TTGACCCGTGTGGACA-1	0.16033404	0.16397937	1	ambiguous	0	0	1
GSM7230012_hCiPSCs-0618_TTGACCCGTTATGTGC-1	0.52704173	0.5134965	1	ambiguous	0	0	1
GSM7230012_hCiPSCs-0618_TTGAGTGAGACATATG-1	0.655337	0.63577753	1	ambiguous	0	0	1
GSM7230012_hCiPSCs-0618_TTGAGTGAGACCACGA-1	0.71836746	0.6958533	1	ambiguous	0	0	1
GSM7230012_hCiPSCs-0618_TTGAGTGTCCATCGTC-1	0.64415723	0.6251219	1	ambiguous	0	0	1
GSM7230012_hCiPSCs-0618_TTGAGTGTCCGACAGC-1	0.7049467	0.68306166	1	ambiguous	0	0	1
GSM7230012_hCiPSCs-0618_TTGAGTGTCGCCAATA-1	0.63447	0.6158888	1	ambiguous	0	0	1
GSM7230012_hCiPSCs-0618_TTGAGTGTCGTTAGTG-1	0.5137915	0.5008674	1	ambiguous	0	0	1
GSM7230012_hCiPSCs-0618_TTGATGGCACACAGAG-1	0.5643883	0.5490924	1	ambiguous	0	0	1
GSM7230012_hCiPSCs-0618_TTGATGGCAGCAGATG-1	0.070651084	0.07850057	1	failure	0	1	0
GSM7230012_hCiPSCs-0618_TTGATGGGTCGCATGC-1	0.625918	0.60773766	1	ambiguous	0	0	1
GSM7230012_hCiPSCs-0618_TTGATGGGTTATCTGG-1	0.14262019	0.14709592	1	ambiguous	0	0	1
GSM7230012_hCiPSCs-0618_TTGATGGTCGATTTCT-1	0.6093352	0.59193224	1	ambiguous	0	0	1
GSM7230012_hCiPSCs-0618_TTGATGGTCGCTACGG-1	0.11487599	0.1206523	1	ambiguous	0	0	1
GSM7230012_hCiPSCs-0618_TTGCATTAGAGTGTGC-1	0.77713275	0.7518638	1	success	1	0	0
GSM7230012_hCiPSCs-0618_TTGCATTCAACCGTAT-1	0.58267605	0.56652284	1	ambiguous	0	0	1
GSM7230012_hCiPSCs-0618_TTGCATTCACCTATCC-1	0.83641243	0.8083646	1	success	1	0	0
GSM7230012_hCiPSCs-0618_TTGCATTCAGAGTTCT-1	0.72130126	0.6986496	1	ambiguous	0	0	1
GSM7230012_hCiPSCs-0618_TTGCATTCATCCTTGC-1	0.6491724	0.629902	1	ambiguous	0	0	1
GSM7230012_hCiPSCs-0618_TTGCATTGTCCGGATC-1	0.6824913	0.661659	1	ambiguous	0	0	1
GSM7230012_hCiPSCs-0618_TTGCATTGTCTCGCGA-1	0.71174973	0.6895458	1	ambiguous	0	0	1
GSM7230012_hCiPSCs-0618_TTGCATTGTTGACTAC-1	0.6785921	0.65794253	1	ambiguous	0	0	1
GSM7230012_hCiPSCs-0618_TTGCATTTCCAACTGA-1	0.16189666	0.16546874	1	ambiguous	0	0	1
GSM7230012_hCiPSCs-0618_TTGCATTTCGAACCTA-1	0.7222497	0.69955355	1	ambiguous	0	0	1
GSM7230012_hCiPSCs-0618_TTGCATTTCTCGCCTA-1	0.8148524	0.7878153	1	success	1	0	0
GSM7230012_hCiPSCs-0618_TTGCCTGAGAAATGGG-1	0.15966353	0.16334029	1	ambiguous	0	0	1
GSM7230012_hCiPSCs-0618_TTGCCTGAGCTCCGAC-1	0.16143458	0.1650283	1	ambiguous	0	0	1
GSM7230012_hCiPSCs-0618_TTGCCTGCAATGTGGG-1	0.09792954	0.10450026	1	failure	0	1	0
GSM7230012_hCiPSCs-0618_TTGCCTGCACTAGTAC-1	0.74804485	0.7241395	1	ambiguous	0	0	1
GSM7230012_hCiPSCs-0618_TTGCCTGCAGACGGAT-1	0.11633115	0.12203924	1	ambiguous	0	0	1
GSM7230012_hCiPSCs-0618_TTGCCTGCATGAGATA-1	0.14140292	0.1459357	1	ambiguous	0	0	1
GSM7230012_hCiPSCs-0618_TTGCCTGCATTGAAGA-1	0.6995675	0.67793465	1	ambiguous	0	0	1
GSM7230012_hCiPSCs-0618_TTGCCTGGTACCGGAA-1	0.13872562	0.14338392	1	ambiguous	0	0	1
GSM7230012_hCiPSCs-0618_TTGCCTGGTAGCGCTC-1	0.66879857	0.6486081	1	ambiguous	0	0	1
GSM7230012_hCiPSCs-0618_TTGCCTGGTCCGTTTC-1	0.16276377	0.1662952	1	ambiguous	0	0	1
GSM7230012_hCiPSCs-0618_TTGCCTGGTCGAGATG-1	0.15237698	0.15639532	1	ambiguous	0	0	1
GSM7230012_hCiPSCs-0618_TTGCCTGGTCGAGTTT-1	0.09219732	0.09903676	1	failure	0	1	0
GSM7230012_hCiPSCs-0618_TTGCCTGGTCTAGGCC-1	0.08213867	0.089449644	1	failure	0	1	0
GSM7230012_hCiPSCs-0618_TTGCCTGTCATGGGAG-1	0.6297025	0.61134475	1	ambiguous	0	0	1
GSM7230012_hCiPSCs-0618_TTGCCTGTCGAGAGCA-1	0.5167805	0.50371635	1	ambiguous	0	0	1
GSM7230012_hCiPSCs-0618_TTGCGTCAGAATCGTA-1	0.6078473	0.59051406	1	ambiguous	0	0	1
GSM7230012_hCiPSCs-0618_TTGCGTCAGCGACTGA-1	0.49767107	0.48550275	1	ambiguous	0	0	1
GSM7230012_hCiPSCs-0618_TTGCGTCAGGAGGGTG-1	0.12650265	0.13173392	1	ambiguous	0	0	1
GSM7230012_hCiPSCs-0618_TTGCTGCAGACGAGCT-1	0.19673243	0.19867148	1	ambiguous	0	0	1
GSM7230012_hCiPSCs-0618_TTGCTGCAGCAAGCCA-1	0.7189164	0.69637656	1	ambiguous	0	0	1
GSM7230012_hCiPSCs-0618_TTGCTGCAGCGTATAA-1	0.08666442	0.09376323	1	failure	0	1	0
GSM7230012_hCiPSCs-0618_TTGCTGCCAACTCCAA-1	0.53659505	0.522602	1	ambiguous	0	0	1
GSM7230012_hCiPSCs-0618_TTGCTGCCAAGGCCTC-1	0.77712005	0.7518517	1	success	1	0	0
GSM7230012_hCiPSCs-0618_TTGCTGCCACCGTACG-1	0.6498246	0.6305236	1	ambiguous	0	0	1
GSM7230012_hCiPSCs-0618_TTGCTGCCACGTTGGC-1	0.6471612	0.62798506	1	ambiguous	0	0	1
GSM7230012_hCiPSCs-0618_TTGCTGCCAGGCACTC-1	0.6533051	0.6338409	1	ambiguous	0	0	1
GSM7230012_hCiPSCs-0618_TTGCTGCCATGGCTGC-1	0.07294245	0.08068452	1	failure	0	1	0
GSM7230012_hCiPSCs-0618_TTGCTGCGTAAGCTCT-1	0.22028393	0.22111893	1	ambiguous	0	0	1
GSM7230012_hCiPSCs-0618_TTGCTGCGTTCGATTG-1	0.07259577	0.08035409	1	failure	0	1	0
GSM7230012_hCiPSCs-0618_TTGCTGCTCCTAAGTG-1	0.68208003	0.661267	1	ambiguous	0	0	1
GSM7230012_hCiPSCs-0618_TTGCTGCTCCTACCAC-1	0.1414914	0.14602004	1	ambiguous	0	0	1
GSM7230012_hCiPSCs-0618_TTGCTGCTCTCCGATC-1	0.15079896	0.15489127	1	ambiguous	0	0	1
GSM7230012_hCiPSCs-0618_TTGGATGAGAGTTGAT-1	0.49108008	0.47922072	1	ambiguous	0	0	1
GSM7230012_hCiPSCs-0618_TTGGATGCAACAGCTT-1	0.106256135	0.112436526	1	failure	0	1	0
GSM7230012_hCiPSCs-0618_TTGGATGGTTGCTCGG-1	0.38942537	0.38233134	1	ambiguous	0	0	1
GSM7230012_hCiPSCs-0618_TTGGATGTCATCGACA-1	0.57323	0.5575196	1	ambiguous	0	0	1
GSM7230012_hCiPSCs-0618_TTGGATGTCATGCCAA-1	0.19689628	0.19882765	1	ambiguous	0	0	1
GSM7230012_hCiPSCs-0618_TTGGGATAGCTCCACG-1	0.5023777	0.4899887	1	ambiguous	0	0	1
GSM7230012_hCiPSCs-0618_TTGGGATAGTGCAGCA-1	0.8418839	0.81357956	1	success	1	0	0
GSM7230012_hCiPSCs-0618_TTGGGATCAAGAGATT-1	0.5930095	0.5763719	1	ambiguous	0	0	1
GSM7230012_hCiPSCs-0618_TTGGGATCACCGTACG-1	0.65668595	0.63706326	1	ambiguous	0	0	1
GSM7230012_hCiPSCs-0618_TTGGGATCAGAAGTTA-1	0.53180057	0.5180323	1	ambiguous	0	0	1
GSM7230012_hCiPSCs-0618_TTGGGATGTCGCACGT-1	0.15110163	0.15517975	1	ambiguous	0	0	1
GSM7230012_hCiPSCs-0618_TTGGGATGTCGCTTAA-1	0.68463355	0.6637008	1	ambiguous	0	0	1
GSM7230012_hCiPSCs-0618_TTGGGATTCACTGTCC-1	0.7412604	0.7176731	1	ambiguous	0	0	1
GSM7230012_hCiPSCs-0618_TTGGGATTCTCCGTGT-1	0.14129566	0.14583346	1	ambiguous	0	0	1
GSM7230012_hCiPSCs-0618_TTGGGCGAGTCATACC-1	0.62681526	0.6085929	1	ambiguous	0	0	1
GSM7230012_hCiPSCs-0618_TTGGGCGCAAGCAATA-1	0.13310911	0.13803068	1	ambiguous	0	0	1
GSM7230012_hCiPSCs-0618_TTGGGCGCACACAGAG-1	0.68877673	0.66764975	1	ambiguous	0	0	1
GSM7230012_hCiPSCs-0618_TTGGGCGCATGAAGCG-1	0.1049297	0.111172274	1	failure	0	1	0
GSM7230012_hCiPSCs-0618_TTGGGCGCATTGTAGC-1	0.6444063	0.62535936	1	ambiguous	0	0	1
GSM7230012_hCiPSCs-0618_TTGGGCGGTAGCGTTT-1	0.6781262	0.6574985	1	ambiguous	0	0	1
GSM7230012_hCiPSCs-0618_TTGGGCGGTGGTCTAT-1	0.10469805	0.110951476	1	failure	0	1	0
GSM7230012_hCiPSCs-0618_TTGGGCGGTTCAGCTA-1	0.74149406	0.7178958	1	ambiguous	0	0	1
GSM7230012_hCiPSCs-0618_TTGGGCGGTTTAGACC-1	0.19575779	0.19774254	1	ambiguous	0	0	1
GSM7230012_hCiPSCs-0618_TTGGGCGGTTTCAGAC-1	0.7273566	0.7044211	1	ambiguous	0	0	1
GSM7230012_hCiPSCs-0618_TTGGGCGTCAACTGGT-1	0.13061045	0.13564916	1	ambiguous	0	0	1
GSM7230012_hCiPSCs-0618_TTGGGCGTCGCACGAC-1	0.43584695	0.4265768	1	ambiguous	0	0	1
GSM7230012_hCiPSCs-0618_TTGGGCGTCTGCTAGA-1	0.5536567	0.5388639	1	ambiguous	0	0	1
GSM7230012_hCiPSCs-0618_TTGGGTAAGAAACCAT-1	0.16108939	0.16469932	1	ambiguous	0	0	1
GSM7230012_hCiPSCs-0618_TTGGGTAAGCTGAAGC-1	0.53091234	0.5171857	1	ambiguous	0	0	1
GSM7230012_hCiPSCs-0618_TTGGGTAAGCTGTTCA-1	0.5600982	0.5450034	1	ambiguous	0	0	1
GSM7230012_hCiPSCs-0618_TTGGGTACAATGAAAC-1	0.45422265	0.44409108	1	ambiguous	0	0	1
GSM7230012_hCiPSCs-0618_TTGGGTACAATGAGCG-1	0.058240168	0.066671446	1	failure	0	1	0
GSM7230012_hCiPSCs-0618_TTGGGTACACACGGAA-1	0.42425907	0.41553214	1	ambiguous	0	0	1
GSM7230012_hCiPSCs-0618_TTGGGTACAGAACATA-1	0.59628147	0.5794904	1	ambiguous	0	0	1
GSM7230012_hCiPSCs-0618_TTGGGTAGTCGACGCT-1	0.5917696	0.57519007	1	ambiguous	0	0	1
GSM7230012_hCiPSCs-0618_TTGGGTAGTGAGAGGG-1	0.1276196	0.13279851	1	ambiguous	0	0	1
GSM7230012_hCiPSCs-0618_TTGGGTAGTGGTTTGT-1	0.5941763	0.577484	1	ambiguous	0	0	1
GSM7230012_hCiPSCs-0618_TTGGGTATCACGTCCT-1	0.14354111	0.14797366	1	ambiguous	0	0	1
GSM7230012_hCiPSCs-0618_TTGGGTATCGCCTTTG-1	0.74264014	0.7189881	1	ambiguous	0	0	1
GSM7230012_hCiPSCs-0618_TTGGGTATCTGCACCT-1	0.11839674	0.124008	1	ambiguous	0	0	1
GSM7230012_hCiPSCs-0618_TTGGGTATCTTTACAC-1	0.65553755	0.63596874	1	ambiguous	0	0	1
GSM7230012_hCiPSCs-0618_TTGGTTTAGTTGGCTT-1	0.8292118	0.80150145	1	success	1	0	0
GSM7230012_hCiPSCs-0618_TTGGTTTGTCTACGTA-1	0.69022644	0.6690315	1	ambiguous	0	0	1
GSM7230012_hCiPSCs-0618_TTGGTTTGTGAGACCA-1	0.13442421	0.13928413	1	ambiguous	0	0	1
GSM7230012_hCiPSCs-0618_TTGGTTTGTGGCTAGA-1	0.5084721	0.49579743	1	ambiguous	0	0	1
GSM7230012_hCiPSCs-0618_TTGGTTTTCACATCAG-1	0.51693684	0.50386536	1	ambiguous	0	0	1
GSM7230012_hCiPSCs-0618_TTGGTTTTCATCCTGC-1	0.18698014	0.18937635	1	ambiguous	0	0	1
GSM7230012_hCiPSCs-0618_TTGGTTTTCTGAGGTT-1	0.5750623	0.559266	1	ambiguous	0	0	1
GSM7230012_hCiPSCs-0618_TTGGTTTTCTTCCACG-1	0.54772645	0.5332116	1	ambiguous	0	0	1
GSM7230012_hCiPSCs-0618_TTGTGGAAGAGGTTAT-1	0.678959	0.65829223	1	ambiguous	0	0	1
GSM7230012_hCiPSCs-0618_TTGTGGAAGCTTCATG-1	0.16198853	0.1655563	1	ambiguous	0	0	1
GSM7230012_hCiPSCs-0618_TTGTGGACAAAGGCAC-1	0.709358	0.6872662	1	ambiguous	0	0	1
GSM7230012_hCiPSCs-0618_TTGTGGACAGACAAGC-1	0.6589969	0.6392659	1	ambiguous	0	0	1
GSM7230012_hCiPSCs-0618_TTGTGGACAGCTCTGG-1	0.09908537	0.10560191	1	failure	0	1	0
GSM7230012_hCiPSCs-0618_TTGTGGAGTCTTGCGG-1	0.14948942	0.15364312	1	ambiguous	0	0	1
GSM7230012_hCiPSCs-0618_TTGTGGAGTTAACAGA-1	0.6534829	0.63401043	1	ambiguous	0	0	1
GSM7230012_hCiPSCs-0618_TTGTGTTAGCAGGCTA-1	0.07901466	0.08647207	1	failure	0	1	0
GSM7230012_hCiPSCs-0618_TTGTGTTAGTCATAGA-1	0.677959	0.65733916	1	ambiguous	0	0	1
GSM7230012_hCiPSCs-0618_TTGTGTTCAACTTCTT-1	0.11406307	0.11987749	1	ambiguous	0	0	1
GSM7230012_hCiPSCs-0618_TTGTGTTCACTCCTGT-1	0.5906498	0.5741228	1	ambiguous	0	0	1
GSM7230012_hCiPSCs-0618_TTGTGTTCATCCTAAG-1	0.12435045	0.12968262	1	ambiguous	0	0	1
GSM7230012_hCiPSCs-0618_TTGTGTTGTAAGATCA-1	0.08330476	0.09056106	1	failure	0	1	0
GSM7230012_hCiPSCs-0618_TTGTGTTGTGGTCTAT-1	0.58030814	0.5642659	1	ambiguous	0	0	1
GSM7230012_hCiPSCs-0618_TTGTGTTGTTTATGCG-1	0.055016667	0.06359906	1	failure	0	1	0
GSM7230012_hCiPSCs-0618_TTGTGTTTCTAGACAC-1	0.16091235	0.16453056	1	ambiguous	0	0	1
GSM7230012_hCiPSCs-0618_TTGTGTTTCTCGGTAA-1	0.5462502	0.5318046	1	ambiguous	0	0	1
GSM7230012_hCiPSCs-0618_TTGTTCAAGAGCCCAA-1	0.07232521	0.080096215	1	failure	0	1	0
GSM7230012_hCiPSCs-0618_TTGTTCAAGGATCACG-1	0.66165125	0.6417958	1	ambiguous	0	0	1
GSM7230012_hCiPSCs-0618_TTGTTCACAAAGAACT-1	0.5494405	0.53484535	1	ambiguous	0	0	1
GSM7230012_hCiPSCs-0618_TTGTTCACAACGTTAC-1	0.15544632	0.15932079	1	ambiguous	0	0	1
GSM7230012_hCiPSCs-0618_TTGTTCACATACCAGT-1	0.1461531	0.15046321	1	ambiguous	0	0	1
GSM7230012_hCiPSCs-0618_TTGTTCAGTTGGGTAG-1	0.5766182	0.560749	1	ambiguous	0	0	1
GSM7230012_hCiPSCs-0618_TTGTTCATCCAGCCTT-1	0.66781354	0.64766926	1	ambiguous	0	0	1
GSM7230012_hCiPSCs-0618_TTGTTCATCCCGATCT-1	0.3130103	0.3094985	1	ambiguous	0	0	1
GSM7230012_hCiPSCs-0618_TTGTTCATCCTGCTAC-1	0.57526314	0.5594575	1	ambiguous	0	0	1
GSM7230012_hCiPSCs-0618_TTGTTGTCAGCGTATT-1	0.6543162	0.63480467	1	ambiguous	0	0	1
GSM7230012_hCiPSCs-0618_TTGTTGTGTAACTAAG-1	0.4994092	0.48715937	1	ambiguous	0	0	1
GSM7230012_hCiPSCs-0618_TTGTTGTGTAGAAACT-1	0.69801766	0.6764575	1	ambiguous	0	0	1
GSM7230012_hCiPSCs-0618_TTGTTGTGTAGTCACT-1	0.6266688	0.60845333	1	ambiguous	0	0	1
GSM7230012_hCiPSCs-0618_TTGTTGTGTGGCACTC-1	0.6209763	0.6030277	1	ambiguous	0	0	1
GSM7230012_hCiPSCs-0618_TTGTTGTTCAACTGGT-1	0.7809701	0.75552124	1	success	1	0	0
GSM7230012_hCiPSCs-0618_TTGTTGTTCAAGGACG-1	0.58267194	0.56651896	1	ambiguous	0	0	1
GSM7230012_hCiPSCs-0618_TTGTTGTTCACCATAG-1	0.5828197	0.56665975	1	ambiguous	0	0	1
GSM7230012_hCiPSCs-0618_TTGTTGTTCCTTATAC-1	0.089527234	0.096491836	1	failure	0	1	0
GSM7230012_hCiPSCs-0618_TTGTTGTTCGCCTTTG-1	0.33442825	0.3299124	1	ambiguous	0	0	1
GSM7230012_hCiPSCs-0618_TTGTTGTTCGGAAACG-1	0.2549218	0.25413305	1	ambiguous	0	0	1
GSM7230012_hCiPSCs-0618_TTGTTTGCAACAACAA-1	0.16388199	0.16736099	1	ambiguous	0	0	1
GSM7230012_hCiPSCs-0618_TTGTTTGCAACCGATT-1	0.20449804	0.20607305	1	ambiguous	0	0	1
GSM7230012_hCiPSCs-0618_TTGTTTGCAGGGATAC-1	0.10936852	0.115403004	1	ambiguous	0	0	1
GSM7230012_hCiPSCs-0618_TTGTTTGCATGGCTAT-1	0.09370206	0.10047096	1	failure	0	1	0
GSM7230012_hCiPSCs-0618_TTGTTTGGTCATCCCT-1	0.811169	0.78430456	1	success	1	0	0
GSM7230012_hCiPSCs-0618_TTGTTTGGTCGCAGTC-1	0.61565256	0.5979535	1	ambiguous	0	0	1
GSM7230012_hCiPSCs-0618_TTGTTTGGTGGCACTC-1	0.5207471	0.5074971	1	ambiguous	0	0	1
GSM7230012_hCiPSCs-0618_TTGTTTGTCGTGGAAG-1	0.5078807	0.49523377	1	ambiguous	0	0	1
GSM7230012_hCiPSCs-0618_TTTACCAAGATTACCC-1	0.65319335	0.63373446	1	ambiguous	0	0	1
GSM7230012_hCiPSCs-0618_TTTACCAAGGTATAGT-1	0.15063313	0.15473323	1	ambiguous	0	0	1
GSM7230012_hCiPSCs-0618_TTTACCAAGGTCGTAG-1	0.38738507	0.3803867	1	ambiguous	0	0	1
GSM7230012_hCiPSCs-0618_TTTACCAAGTAATTGG-1	0.6721208	0.6517746	1	ambiguous	0	0	1
GSM7230012_hCiPSCs-0618_TTTACCACAAACTAAG-1	0.73472977	0.7114486	1	ambiguous	0	0	1
GSM7230012_hCiPSCs-0618_TTTACCACACGACTAT-1	0.7529369	0.72880226	1	ambiguous	0	0	1
GSM7230012_hCiPSCs-0618_TTTACCACAGCCGTCA-1	0.6680387	0.6478839	1	ambiguous	0	0	1
GSM7230012_hCiPSCs-0618_TTTACCACAGTTCACA-1	0.14063814	0.14520678	1	ambiguous	0	0	1
GSM7230012_hCiPSCs-0618_TTTACCACATCCGGTG-1	0.8328564	0.8049753	1	success	1	0	0
GSM7230012_hCiPSCs-0618_TTTACCAGTACGAGTG-1	0.6693541	0.64913756	1	ambiguous	0	0	1
GSM7230012_hCiPSCs-0618_TTTACCATCTAGTACG-1	0.5644985	0.5491974	1	ambiguous	0	0	1
GSM7230012_hCiPSCs-0618_TTTACCATCTCCTGCA-1	0.4931761	0.48121846	1	ambiguous	0	0	1
GSM7230012_hCiPSCs-0618_TTTACGTAGATGTTGA-1	0.5181576	0.5050289	1	ambiguous	0	0	1
GSM7230012_hCiPSCs-0618_TTTACGTCAATAAGGT-1	0.38606295	0.37912658	1	ambiguous	0	0	1
GSM7230012_hCiPSCs-0618_TTTACGTCACCGGCTA-1	0.5474198	0.5329193	1	ambiguous	0	0	1
GSM7230012_hCiPSCs-0618_TTTACGTCACCGTGCA-1	0.59898543	0.58206767	1	ambiguous	0	0	1
GSM7230012_hCiPSCs-0618_TTTACGTCACCTGCTT-1	0.59831697	0.58143055	1	ambiguous	0	0	1
GSM7230012_hCiPSCs-0618_TTTACGTCAGTGACCC-1	0.42098555	0.41241208	1	ambiguous	0	0	1
GSM7230012_hCiPSCs-0618_TTTACGTCATAATCGC-1	0.53469074	0.520787	1	ambiguous	0	0	1
GSM7230012_hCiPSCs-0618_TTTACGTGTGCATCTA-1	0.14905292	0.15322709	1	ambiguous	0	0	1
GSM7230012_hCiPSCs-0618_TTTACTGAGACATCCT-1	0.7307776	0.7076817	1	ambiguous	0	0	1
GSM7230012_hCiPSCs-0618_TTTACTGCAGTCCGTG-1	0.58833486	0.5719164	1	ambiguous	0	0	1
GSM7230012_hCiPSCs-0618_TTTACTGGTATCCTTT-1	0.6029461	0.58584267	1	ambiguous	0	0	1
GSM7230012_hCiPSCs-0618_TTTACTGTCCTAGCGG-1	0.54788584	0.5333635	1	ambiguous	0	0	1
GSM7230012_hCiPSCs-0618_TTTACTGTCTCTCGAC-1	0.10921119	0.11525305	1	ambiguous	0	0	1
GSM7230012_hCiPSCs-0618_TTTAGTCAGCTGACCC-1	0.29840243	0.29557538	1	ambiguous	0	0	1
GSM7230012_hCiPSCs-0618_TTTAGTCAGGAGCAAA-1	0.27605155	0.2742723	1	ambiguous	0	0	1
GSM7230012_hCiPSCs-0618_TTTAGTCAGGTCCGAA-1	0.55818236	0.54317737	1	ambiguous	0	0	1
GSM7230012_hCiPSCs-0618_TTTAGTCCACTTGAAC-1	0.6700527	0.64980346	1	ambiguous	0	0	1
GSM7230012_hCiPSCs-0618_TTTAGTCCATCATCTT-1	0.10841083	0.11449021	1	ambiguous	0	0	1
GSM7230012_hCiPSCs-0618_TTTAGTCGTCTGCCTT-1	0.48621252	0.47458133	1	ambiguous	0	0	1
GSM7230012_hCiPSCs-0618_TTTAGTCGTGATTCTG-1	0.5111791	0.4983775	1	ambiguous	0	0	1
GSM7230012_hCiPSCs-0618_TTTAGTCGTGGCTCTG-1	0.561072	0.5459316	1	ambiguous	0	0	1
GSM7230012_hCiPSCs-0618_TTTAGTCTCCCAAGTA-1	0.59489733	0.57817125	1	ambiguous	0	0	1
GSM7230012_hCiPSCs-0618_TTTATGCAGATCGGTG-1	0.43958294	0.43013766	1	ambiguous	0	0	1
GSM7230012_hCiPSCs-0618_TTTATGCAGATTGCGG-1	0.49032936	0.47850516	1	ambiguous	0	0	1
GSM7230012_hCiPSCs-0618_TTTATGCCAGCGACAA-1	0.12907964	0.13419011	1	ambiguous	0	0	1
GSM7230012_hCiPSCs-0618_TTTATGCGTCTTAGTG-1	0.50348103	0.49104035	1	ambiguous	0	0	1
GSM7230012_hCiPSCs-0618_TTTATGCGTTCAAGTC-1	0.5628464	0.5476228	1	ambiguous	0	0	1
GSM7230012_hCiPSCs-0618_TTTATGCTCTCACGAA-1	0.18443474	0.18695028	1	ambiguous	0	0	1
GSM7230012_hCiPSCs-0618_TTTCACAAGACTCAAA-1	0.06736252	0.07536616	1	failure	0	1	0
GSM7230012_hCiPSCs-0618_TTTCACAAGGGATGTC-1	0.66983664	0.6495975	1	ambiguous	0	0	1
GSM7230012_hCiPSCs-0618_TTTCACACAAAGCTAA-1	0.47414967	0.46308395	1	ambiguous	0	0	1
GSM7230012_hCiPSCs-0618_TTTCACACACAGCATT-1	0.13391218	0.1387961	1	ambiguous	0	0	1
GSM7230012_hCiPSCs-0618_TTTCACACAGCTCCTT-1	0.7174008	0.694932	1	ambiguous	0	0	1
GSM7230012_hCiPSCs-0618_TTTCACAGTCGAAGCA-1	0.6048478	0.58765525	1	ambiguous	0	0	1
GSM7230012_hCiPSCs-0618_TTTCACAGTGCATCTA-1	0.11882458	0.124415785	1	ambiguous	0	0	1
GSM7230012_hCiPSCs-0618_TTTCACAGTGGAAGTC-1	0.14730345	0.15155962	1	ambiguous	0	0	1
GSM7230012_hCiPSCs-0618_TTTCACATCATACGGT-1	0.5748311	0.5590457	1	ambiguous	0	0	1
GSM7230012_hCiPSCs-0618_TTTCACATCGCTCTAC-1	0.74951273	0.72553855	1	ambiguous	0	0	1
GSM7230012_hCiPSCs-0618_TTTCACATCGCTGCGA-1	0.65121776	0.63185143	1	ambiguous	0	0	1
GSM7230012_hCiPSCs-0618_TTTCACATCGTGGACC-1	0.5828224	0.5666623	1	ambiguous	0	0	1
GSM7230012_hCiPSCs-0618_TTTCACATCTGGAGAG-1	0.36042008	0.35468578	1	ambiguous	0	0	1
GSM7230012_hCiPSCs-0618_TTTCAGTAGAATTGTG-1	0.11790295	0.12353736	1	ambiguous	0	0	1
GSM7230012_hCiPSCs-0618_TTTCAGTAGTAGGCCA-1	0.63160807	0.613161	1	ambiguous	0	0	1
GSM7230012_hCiPSCs-0618_TTTCAGTAGTCCGCCA-1	0.7155968	0.6932125	1	ambiguous	0	0	1
GSM7230012_hCiPSCs-0618_TTTCAGTCAAATGCTC-1	0.6792808	0.65859896	1	ambiguous	0	0	1
GSM7230012_hCiPSCs-0618_TTTCAGTGTACGTACT-1	0.67821705	0.6575851	1	ambiguous	0	0	1
GSM7230012_hCiPSCs-0618_TTTCAGTTCGAACGCC-1	0.6228657	0.6048285	1	ambiguous	0	0	1
GSM7230012_hCiPSCs-0618_TTTCAGTTCGTCTCAC-1	0.76851207	0.7436473	1	success	1	0	0
GSM7230012_hCiPSCs-0618_TTTCAGTTCTCCCATG-1	0.48554945	0.47394934	1	ambiguous	0	0	1
GSM7230012_hCiPSCs-0618_TTTCATGAGCAAACAT-1	0.14883526	0.15301962	1	ambiguous	0	0	1
GSM7230012_hCiPSCs-0618_TTTCATGAGCTTCTAG-1	0.10883008	0.11488981	1	ambiguous	0	0	1
GSM7230012_hCiPSCs-0618_TTTCATGAGTAAGCAT-1	0.5530297	0.5382663	1	ambiguous	0	0	1
GSM7230012_hCiPSCs-0618_TTTCATGAGTGATAAC-1	0.616905	0.5991472	1	ambiguous	0	0	1
GSM7230012_hCiPSCs-0618_TTTCATGGTAGGGTAC-1	0.54368657	0.5293611	1	ambiguous	0	0	1
GSM7230012_hCiPSCs-0618_TTTCATGGTATAGCTC-1	0.13318308	0.13810119	1	ambiguous	0	0	1
GSM7230012_hCiPSCs-0618_TTTCATGGTCGATTCA-1	0.12116405	0.1266456	1	ambiguous	0	0	1
GSM7230012_hCiPSCs-0618_TTTCATGGTGAATGAT-1	0.074861005	0.08251314	1	failure	0	1	0
GSM7230012_hCiPSCs-0618_TTTCATGTCGCAGATT-1	0.6169275	0.5991687	1	ambiguous	0	0	1
GSM7230012_hCiPSCs-0618_TTTCATGTCTCAACGA-1	0.23605259	0.23614839	1	ambiguous	0	0	1
GSM7230012_hCiPSCs-0618_TTTCCTCAGAAGATCT-1	0.49553308	0.48346496	1	ambiguous	0	0	1
GSM7230012_hCiPSCs-0618_TTTCCTCCAAGCTCTA-1	0.7629321	0.7383289	1	success	1	0	0
GSM7230012_hCiPSCs-0618_TTTCCTCCAATCTCTT-1	0.5522364	0.5375101	1	ambiguous	0	0	1
GSM7230012_hCiPSCs-0618_TTTCCTCCAGGTGTGA-1	0.6607846	0.6409698	1	ambiguous	0	0	1
GSM7230012_hCiPSCs-0618_TTTCCTCCAGGTTTAC-1	0.0968851	0.103504784	1	failure	0	1	0
GSM7230012_hCiPSCs-0618_TTTCCTCGTACTTGTG-1	0.72224754	0.6995515	1	ambiguous	0	0	1
GSM7230012_hCiPSCs-0618_TTTCCTCGTAGACAAT-1	0.09138153	0.0982592	1	failure	0	1	0
GSM7230012_hCiPSCs-0618_TTTCCTCGTATGAAAC-1	0.58244324	0.566301	1	ambiguous	0	0	1
GSM7230012_hCiPSCs-0618_TTTCCTCGTGAGAACC-1	0.748187	0.724275	1	ambiguous	0	0	1
GSM7230012_hCiPSCs-0618_TTTCCTCGTTACCGTA-1	0.26887313	0.26743037	1	ambiguous	0	0	1
GSM7230012_hCiPSCs-0618_TTTCCTCTCGCATTGA-1	0.10677862	0.11293452	1	failure	0	1	0
GSM7230012_hCiPSCs-0618_TTTCCTCTCTCTAAGG-1	0.5142523	0.50130665	1	ambiguous	0	0	1
GSM7230012_hCiPSCs-0618_TTTCGATAGGCATCAG-1	0.77532786	0.7501435	1	success	1	0	0
GSM7230012_hCiPSCs-0618_TTTCGATAGTGATTCC-1	0.7402757	0.7167345	1	ambiguous	0	0	1
GSM7230012_hCiPSCs-0618_TTTCGATCAGCTGTAT-1	0.18315361	0.1857292	1	ambiguous	0	0	1
GSM7230012_hCiPSCs-0618_TTTCGATCAGGTCCGT-1	0.48509428	0.4735155	1	ambiguous	0	0	1
GSM7230012_hCiPSCs-0618_TTTCGATCATGCACTA-1	0.7224506	0.69974506	1	ambiguous	0	0	1
GSM7230012_hCiPSCs-0618_TTTCGATGTCCAGAAG-1	0.18492055	0.18741332	1	ambiguous	0	0	1
GSM7230012_hCiPSCs-0618_TTTCGATGTGGATCGA-1	0.529671	0.5160026	1	ambiguous	0	0	1
GSM7230012_hCiPSCs-0618_TTTGACTAGTTAACAG-1	0.6434891	0.62448514	1	ambiguous	0	0	1
GSM7230012_hCiPSCs-0618_TTTGACTCACCTGCAG-1	0.13691688	0.14165995	1	ambiguous	0	0	1
GSM7230012_hCiPSCs-0618_TTTGACTCAGGTCCCA-1	0.09723496	0.10383824	1	failure	0	1	0
GSM7230012_hCiPSCs-0618_TTTGACTCATCATTGG-1	0.13117512	0.13618736	1	ambiguous	0	0	1
GSM7230012_hCiPSCs-0618_TTTGACTGTGACTATC-1	0.6244704	0.606358	1	ambiguous	0	0	1
GSM7230012_hCiPSCs-0618_TTTGACTGTTATTCCT-1	0.14716654	0.15142913	1	ambiguous	0	0	1
GSM7230012_hCiPSCs-0618_TTTGACTGTTTCGATG-1	0.74016917	0.716633	1	ambiguous	0	0	1
GSM7230012_hCiPSCs-0618_TTTGACTTCCTACTGC-1	0.88643223	0.8560396	1	success	1	0	0
GSM7230012_hCiPSCs-0618_TTTGACTTCGACATCA-1	0.67447823	0.65402156	1	ambiguous	0	0	1
GSM7230012_hCiPSCs-0618_TTTGATCAGCATGCAG-1	0.36166868	0.35587585	1	ambiguous	0	0	1
GSM7230012_hCiPSCs-0618_TTTGATCCAGCCATTA-1	0.7607956	0.7362925	1	success	1	0	0
GSM7230012_hCiPSCs-0618_TTTGATCCATCCGATA-1	0.4155956	0.40727478	1	ambiguous	0	0	1
GSM7230012_hCiPSCs-0618_TTTGATCCATTCTTCA-1	0.5502144	0.53558296	1	ambiguous	0	0	1
GSM7230012_hCiPSCs-0618_TTTGATCGTAGGCTGA-1	0.5887092	0.5722732	1	ambiguous	0	0	1
GSM7230012_hCiPSCs-0618_TTTGATCGTCCTCCTA-1	0.7118426	0.6896343	1	ambiguous	0	0	1
GSM7230012_hCiPSCs-0618_TTTGATCGTGACTCTA-1	0.65461963	0.63509387	1	ambiguous	0	0	1
GSM7230012_hCiPSCs-0618_TTTGATCGTGCCGTAC-1	0.59138286	0.57482153	1	ambiguous	0	0	1
GSM7230012_hCiPSCs-0618_TTTGATCGTTGGGATG-1	0.58123356	0.565148	1	ambiguous	0	0	1
GSM7230012_hCiPSCs-0618_TTTGATCTCATCCCGT-1	0.15293042	0.15692282	1	ambiguous	0	0	1
GSM7230012_hCiPSCs-0618_TTTGATCTCGGAATGG-1	0.5128674	0.49998668	1	ambiguous	0	0	1
GSM7230012_hCiPSCs-0618_TTTGGAGAGGGTGGGA-1	0.15694064	0.16074504	1	ambiguous	0	0	1
GSM7230012_hCiPSCs-0618_TTTGGAGGTCGGATTT-1	0.6596656	0.63990325	1	ambiguous	0	0	1
GSM7230012_hCiPSCs-0618_TTTGGAGGTGAATATG-1	0.594089	0.57740074	1	ambiguous	0	0	1
GSM7230012_hCiPSCs-0618_TTTGGAGGTTAGCTAC-1	0.7589466	0.7345302	1	success	1	0	0
GSM7230012_hCiPSCs-0618_TTTGGAGTCAACTCTT-1	0.7429966	0.71932787	1	ambiguous	0	0	1
GSM7230012_hCiPSCs-0618_TTTGGAGTCATCGCCT-1	0.722545	0.69983506	1	ambiguous	0	0	1
GSM7230012_hCiPSCs-0618_TTTGGAGTCTAGAACC-1	0.6800182	0.6593018	1	ambiguous	0	0	1
GSM7230012_hCiPSCs-0618_TTTGGTTAGGAACGAA-1	0.7300737	0.7070108	1	ambiguous	0	0	1
GSM7230012_hCiPSCs-0618_TTTGGTTAGTGGAATT-1	0.5592668	0.544211	1	ambiguous	0	0	1
GSM7230012_hCiPSCs-0618_TTTGGTTCAATTTCGG-1	0.26027948	0.25923955	1	ambiguous	0	0	1
GSM7230012_hCiPSCs-0618_TTTGGTTCATTCCTAT-1	0.12520663	0.13049868	1	ambiguous	0	0	1
GSM7230012_hCiPSCs-0618_TTTGGTTGTCGGAACA-1	0.53491664	0.5210023	1	ambiguous	0	0	1
GSM7230012_hCiPSCs-0618_TTTGGTTGTCTCTCAC-1	0.7068216	0.6848487	1	ambiguous	0	0	1
GSM7230012_hCiPSCs-0618_TTTGGTTGTCTTCATT-1	0.55877876	0.5437458	1	ambiguous	0	0	1
GSM7230012_hCiPSCs-0618_TTTGGTTGTTGCGGAA-1	0.3874438	0.38044268	1	ambiguous	0	0	1
GSM7230012_hCiPSCs-0618_TTTGGTTGTTGGTACT-1	0.13127267	0.13628034	1	ambiguous	0	0	1
GSM7230012_hCiPSCs-0618_TTTGGTTTCCGCAACG-1	0.15835883	0.16209675	1	ambiguous	0	0	1
GSM7230012_hCiPSCs-0618_TTTGGTTTCGCACTCT-1	0.82050544	0.7932033	1	success	1	0	0
GSM7230012_hCiPSCs-0618_TTTGGTTTCTACTGCC-1	0.4985347	0.48632586	1	ambiguous	0	0	1
GSM7230012_hCiPSCs-0618_TTTGTTGAGCTAGTTC-1	0.76381713	0.7391724	1	success	1	0	0
GSM7230012_hCiPSCs-0618_TTTGTTGCAAACGTGG-1	0.07564606	0.083261386	1	failure	0	1	0
GSM7230012_hCiPSCs-0618_TTTGTTGCAGAGTTGG-1	0.5191148	0.5059412	1	ambiguous	0	0	1
GSM7230012_hCiPSCs-0618_TTTGTTGCATGACTAC-1	0.4112596	0.40314204	1	ambiguous	0	0	1
GSM7230012_hCiPSCs-0618_TTTGTTGGTCGGTGAA-1	0.4455114	0.4357882	1	ambiguous	0	0	1
GSM7230012_hCiPSCs-0618_TTTGTTGGTTAAGAAC-1	0.7317404	0.7085993	1	ambiguous	0	0	1
GSM7230012_hCiPSCs-0618_TTTGTTGTCACCGGTG-1	0.6679844	0.64783216	1	ambiguous	0	0	1
GSM7230012_hCiPSCs-0618_TTTGTTGTCCAGTTCC-1	0.648304	0.6290743	1	ambiguous	0	0	1
