projected_timepoint,cell_idx,projected_cluster_label
4.0,0,PS_02
4.0,1,PS_09
4.0,2,PS_03
4.0,3,PS_02
4.0,4,PS_00
4.0,5,PS_02
4.0,6,PS_02
4.0,7,PS_00
4.0,8,PS_07
4.0,9,PS_00
4.0,10,PS_00
4.0,11,PS_03
4.0,12,PS_02
4.0,13,PS_09
4.0,14,PS_00
4.0,15,PS_00
4.0,16,PS_03
4.0,17,PS_02
4.0,18,PS_03
4.0,19,PS_02
4.0,20,PS_07
4.0,21,PS_00
4.0,22,PS_02
4.0,23,PS_02
4.0,24,PS_03
4.0,25,PS_09
4.0,26,PS_07
4.0,27,PS_02
4.0,28,PS_02
4.0,29,PS_03
4.0,30,PS_00
4.0,31,PS_02
4.0,32,PS_09
4.0,33,PS_09
4.0,34,PS_00
4.0,35,PS_03
4.0,36,PS_03
4.0,37,PS_02
4.0,38,PS_02
4.0,39,PS_00
4.0,40,PS_03
4.0,41,PS_00
4.0,42,PS_00
4.0,43,PS_09
4.0,44,PS_00
4.0,45,PS_00
4.0,46,PS_00
4.0,47,PS_02
4.0,48,PS_09
4.0,49,PS_04
4.0,50,PS_06
4.0,51,PS_02
4.0,52,PS_02
4.0,53,PS_11
4.0,54,PS_02
4.0,55,PS_11
4.0,56,PS_09
4.0,57,PS_03
4.0,58,PS_09
4.0,59,PS_02
4.0,60,PS_00
4.0,61,PS_00
4.0,62,PS_00
4.0,63,PS_11
4.0,64,PS_02
4.0,65,PS_03
4.0,66,PS_00
4.0,67,PS_03
4.0,68,PS_00
4.0,69,PS_05
4.0,70,PS_00
4.0,71,PS_03
4.0,72,PS_00
4.0,73,PS_02
4.0,74,PS_02
4.0,75,PS_03
4.0,76,PS_02
4.0,77,PS_03
4.0,78,PS_00
4.0,79,PS_00
4.0,80,PS_09
4.0,81,PS_00
4.0,82,PS_07
4.0,83,PS_02
4.0,84,PS_09
4.0,85,PS_06
4.0,86,PS_06
4.0,87,PS_00
4.0,88,PS_00
4.0,89,PS_00
4.0,90,PS_02
4.0,91,PS_09
4.0,92,PS_05
4.0,93,PS_09
4.0,94,PS_03
4.0,95,PS_05
4.0,96,PS_00
4.0,97,PS_00
4.0,98,PS_09
4.0,99,PS_02
4.0,100,PS_00
4.0,101,PS_03
4.0,102,PS_07
4.0,103,PS_03
4.0,104,PS_02
4.0,105,PS_03
4.0,106,PS_07
4.0,107,PS_05
4.0,108,PS_09
4.0,109,PS_02
4.0,110,PS_03
4.0,111,PS_00
4.0,112,PS_03
4.0,113,PS_07
4.0,114,PS_03
4.0,115,PS_03
4.0,116,PS_02
4.0,117,PS_00
4.0,118,PS_09
4.0,119,PS_02
4.0,120,PS_02
4.0,121,PS_02
4.0,122,PS_03
4.0,123,PS_00
4.0,124,PS_00
4.0,125,PS_00
4.0,126,PS_00
4.0,127,PS_03
4.0,128,PS_00
4.0,129,PS_03
4.0,130,PS_07
4.0,131,PS_02
4.0,132,PS_02
4.0,133,PS_02
4.0,134,PS_00
4.0,135,PS_00
4.0,136,PS_02
4.0,137,PS_03
4.0,138,PS_00
4.0,139,PS_02
4.0,140,PS_03
4.0,141,PS_03
4.0,142,PS_07
4.0,143,PS_02
4.0,144,PS_00
4.0,145,PS_02
4.0,146,PS_07
4.0,147,PS_00
4.0,148,PS_07
4.0,149,PS_02
4.0,150,PS_09
4.0,151,PS_02
4.0,152,PS_03
4.0,153,PS_02
4.0,154,PS_00
4.0,155,PS_00
4.0,156,PS_00
4.0,157,PS_00
4.0,158,PS_02
4.0,159,PS_03
4.0,160,PS_02
4.0,161,PS_00
4.0,162,PS_03
4.0,163,PS_02
4.0,164,PS_02
4.0,165,PS_02
4.0,166,PS_02
4.0,167,PS_02
4.0,168,PS_03
4.0,169,PS_02
4.0,170,PS_02
4.0,171,PS_00
4.0,172,PS_00
4.0,173,PS_00
4.0,174,PS_06
4.0,175,PS_03
4.0,176,PS_03
4.0,177,PS_03
4.0,178,PS_07
4.0,179,PS_03
4.0,180,PS_03
4.0,181,PS_03
4.0,182,PS_03
4.0,183,PS_00
4.0,184,PS_03
4.0,185,PS_03
4.0,186,PS_09
4.0,187,PS_03
4.0,188,PS_03
4.0,189,PS_07
4.0,190,PS_00
4.0,191,PS_00
4.0,192,PS_00
4.0,193,PS_07
4.0,194,PS_03
4.0,195,PS_07
4.0,196,PS_02
4.0,197,PS_09
4.0,198,PS_00
4.0,199,PS_00
4.0,200,PS_03
4.0,201,PS_03
4.0,202,PS_00
4.0,203,PS_04
4.0,204,PS_00
4.0,205,PS_03
4.0,206,PS_00
4.0,207,PS_07
4.0,208,PS_00
4.0,209,PS_00
4.0,210,PS_02
4.0,211,PS_07
4.0,212,PS_00
4.0,213,PS_02
4.0,214,PS_02
4.0,215,PS_00
4.0,216,PS_04
4.0,217,PS_02
4.0,218,PS_00
4.0,219,PS_00
4.0,220,PS_00
4.0,221,PS_03
4.0,222,PS_02
4.0,223,PS_03
4.0,224,PS_12
4.0,225,PS_00
4.0,226,PS_00
4.0,227,PS_09
4.0,228,PS_00
4.0,229,PS_00
4.0,230,PS_03
4.0,231,PS_02
4.0,232,PS_02
4.0,233,PS_03
4.0,234,PS_02
4.0,235,PS_00
4.0,236,PS_00
4.0,237,PS_00
4.0,238,PS_03
4.0,239,PS_11
4.0,240,PS_03
4.0,241,PS_03
4.0,242,PS_06
4.0,243,PS_02
4.0,244,PS_03
4.0,245,PS_00
4.0,246,PS_09
4.0,247,PS_02
4.0,248,PS_03
4.0,249,PS_00
4.0,250,PS_02
4.0,251,PS_00
4.0,252,PS_02
4.0,253,PS_02
4.0,254,PS_00
4.0,255,PS_00
4.0,256,PS_07
4.0,257,PS_07
4.0,258,PS_02
4.0,259,PS_03
4.0,260,PS_03
4.0,261,PS_00
4.0,262,PS_09
4.0,263,PS_09
4.0,264,PS_00
4.0,265,PS_00
4.0,266,PS_03
4.0,267,PS_00
4.0,268,PS_00
4.0,269,PS_02
4.0,270,PS_03
4.0,271,PS_02
4.0,272,PS_02
4.0,273,PS_00
4.0,274,PS_03
4.0,275,PS_02
4.0,276,PS_02
4.0,277,PS_02
4.0,278,PS_00
4.0,279,PS_02
4.0,280,PS_03
4.0,281,PS_07
4.0,282,PS_02
4.0,283,PS_00
4.0,284,PS_02
4.0,285,PS_00
4.0,286,PS_00
4.0,287,PS_03
4.0,288,PS_03
4.0,289,PS_02
4.0,290,PS_03
4.0,291,PS_03
4.0,292,PS_00
4.0,293,PS_11
4.0,294,PS_02
4.0,295,PS_11
4.0,296,PS_02
4.0,297,PS_02
4.0,298,PS_00
4.0,299,PS_00
4.0,300,PS_09
4.0,301,PS_02
4.0,302,PS_02
4.0,303,PS_00
4.0,304,PS_06
4.0,305,PS_02
4.0,306,PS_02
4.0,307,PS_00
4.0,308,PS_03
4.0,309,PS_03
4.0,310,PS_07
4.0,311,PS_03
4.0,312,PS_02
4.0,313,PS_03
4.0,314,PS_02
4.0,315,PS_02
4.0,316,PS_00
4.0,317,PS_00
4.0,318,PS_03
4.0,319,PS_00
4.0,320,PS_11
4.0,321,PS_00
4.0,322,PS_03
4.0,323,PS_03
4.0,324,PS_00
4.0,325,PS_02
4.0,326,PS_03
4.0,327,PS_03
4.0,328,PS_05
4.0,329,PS_09
4.0,330,PS_09
4.0,331,PS_09
4.0,332,PS_03
4.0,333,PS_09
4.0,334,PS_00
4.0,335,PS_00
4.0,336,PS_00
4.0,337,PS_02
4.0,338,PS_03
4.0,339,PS_00
4.0,340,PS_02
4.0,341,PS_00
4.0,342,PS_09
4.0,343,PS_00
4.0,344,PS_03
4.0,345,PS_00
4.0,346,PS_03
4.0,347,PS_00
4.0,348,PS_02
4.0,349,PS_02
4.0,350,PS_00
4.0,351,PS_03
4.0,352,PS_00
4.0,353,PS_02
4.0,354,PS_03
4.0,355,PS_03
4.0,356,PS_00
4.0,357,PS_03
4.0,358,PS_03
4.0,359,PS_06
4.0,360,PS_03
4.0,361,PS_05
4.0,362,PS_07
4.0,363,PS_00
4.0,364,PS_09
4.0,365,PS_03
4.0,366,PS_04
4.0,367,PS_00
4.0,368,PS_05
4.0,369,PS_04
4.0,370,PS_03
4.0,371,PS_00
4.0,372,PS_03
4.0,373,PS_00
4.0,374,PS_03
4.0,375,PS_00
4.0,376,PS_00
4.0,377,PS_00
4.0,378,PS_03
4.0,379,PS_00
4.0,380,PS_07
4.0,381,PS_03
4.0,382,PS_03
4.0,383,PS_00
4.0,384,PS_00
4.0,385,PS_00
4.0,386,PS_02
4.0,387,PS_02
4.0,388,PS_03
4.0,389,PS_00
4.0,390,PS_00
4.0,391,PS_00
4.0,392,PS_03
4.0,393,PS_07
4.0,394,PS_02
4.0,395,PS_00
4.0,396,PS_00
4.0,397,PS_09
4.0,398,PS_00
4.0,399,PS_02
4.0,400,PS_03
4.0,401,PS_02
4.0,402,PS_09
4.0,403,PS_03
4.0,404,PS_04
4.0,405,PS_02
4.0,406,PS_04
4.0,407,PS_00
4.0,408,PS_00
4.0,409,PS_03
4.0,410,PS_00
4.0,411,PS_02
4.0,412,PS_09
4.0,413,PS_00
4.0,414,PS_03
4.0,415,PS_00
4.0,416,PS_07
4.0,417,PS_03
4.0,418,PS_03
4.0,419,PS_00
4.0,420,PS_07
4.0,421,PS_09
4.0,422,PS_00
4.0,423,PS_00
4.0,424,PS_06
4.0,425,PS_03
4.0,426,PS_03
4.0,427,PS_00
4.0,428,PS_03
4.0,429,PS_03
4.0,430,PS_02
4.0,431,PS_09
4.0,432,PS_03
4.0,433,PS_03
4.0,434,PS_02
4.0,435,PS_00
4.0,436,PS_03
4.0,437,PS_02
4.0,438,PS_05
4.0,439,PS_03
4.0,440,PS_02
4.0,441,PS_07
4.0,442,PS_02
4.0,443,PS_02
4.0,444,PS_00
4.0,445,PS_03
4.0,446,PS_04
4.0,447,PS_00
4.0,448,PS_00
4.0,449,PS_00
4.0,450,PS_02
4.0,451,PS_02
4.0,452,PS_07
4.0,453,PS_02
4.0,454,PS_03
4.0,455,PS_07
4.0,456,PS_07
4.0,457,PS_03
4.0,458,PS_02
4.0,459,PS_00
4.0,460,PS_00
4.0,461,PS_02
4.0,462,PS_00
4.0,463,PS_11
4.0,464,PS_00
4.0,465,PS_00
4.0,466,PS_02
4.0,467,PS_02
4.0,468,PS_02
4.0,469,PS_00
4.0,470,PS_03
4.0,471,PS_00
4.0,472,PS_00
4.0,473,PS_00
4.0,474,PS_00
4.0,475,PS_00
4.0,476,PS_05
4.0,477,PS_04
4.0,478,PS_00
4.0,479,PS_00
4.0,480,PS_02
4.0,481,PS_07
4.0,482,PS_03
4.0,483,PS_07
4.0,484,PS_09
4.0,485,PS_00
4.0,486,PS_00
4.0,487,PS_03
4.0,488,PS_00
4.0,489,PS_03
4.0,490,PS_02
4.0,491,PS_00
4.0,492,PS_03
4.0,493,PS_03
4.0,494,PS_00
4.0,495,PS_00
4.0,496,PS_00
4.0,497,PS_03
4.0,498,PS_00
4.0,499,PS_00
4.0,500,PS_03
4.0,501,PS_00
4.0,502,PS_02
4.0,503,PS_00
4.0,504,PS_02
4.0,505,PS_00
4.0,506,PS_00
4.0,507,PS_06
4.0,508,PS_03
4.0,509,PS_03
4.0,510,PS_09
4.0,511,PS_02
4.0,512,PS_03
4.0,513,PS_03
4.0,514,PS_03
4.0,515,PS_02
4.0,516,PS_02
4.0,517,PS_07
4.0,518,PS_09
4.0,519,PS_03
4.0,520,PS_04
4.0,521,PS_02
4.0,522,PS_00
4.0,523,PS_04
4.0,524,PS_03
4.0,525,PS_02
4.0,526,PS_03
4.0,527,PS_02
4.0,528,PS_00
4.0,529,PS_07
4.0,530,PS_00
4.0,531,PS_00
4.0,532,PS_00
4.0,533,PS_07
4.0,534,PS_00
4.0,535,PS_02
4.0,536,PS_00
4.0,537,PS_07
4.0,538,PS_02
4.0,539,PS_03
4.0,540,PS_02
4.0,541,PS_03
4.0,542,PS_02
4.0,543,PS_03
4.0,544,PS_07
4.0,545,PS_03
4.0,546,PS_03
4.0,547,PS_00
4.0,548,PS_11
4.0,549,PS_03
4.0,550,PS_07
4.0,551,PS_00
4.0,552,PS_03
4.0,553,PS_02
4.0,554,PS_03
4.0,555,PS_00
4.0,556,PS_03
4.0,557,PS_00
4.0,558,PS_00
4.0,559,PS_02
4.0,560,PS_00
4.0,561,PS_03
4.0,562,PS_00
4.0,563,PS_00
4.0,564,PS_03
4.0,565,PS_05
4.0,566,PS_09
4.0,567,PS_03
4.0,568,PS_03
4.0,569,PS_00
4.0,570,PS_02
4.0,571,PS_03
4.0,572,PS_00
4.0,573,PS_02
4.0,574,PS_03
4.0,575,PS_00
4.0,576,PS_03
4.0,577,PS_09
4.0,578,PS_04
4.0,579,PS_00
4.0,580,PS_11
4.0,581,PS_00
4.0,582,PS_03
4.0,583,PS_04
4.0,584,PS_09
4.0,585,PS_03
4.0,586,PS_03
4.0,587,PS_00
4.0,588,PS_03
4.0,589,PS_02
4.0,590,PS_00
4.0,591,PS_07
4.0,592,PS_02
4.0,593,PS_02
4.0,594,PS_09
4.0,595,PS_02
4.0,596,PS_07
4.0,597,PS_03
4.0,598,PS_02
4.0,599,PS_07
4.0,600,PS_03
4.0,601,PS_00
4.0,602,PS_04
4.0,603,PS_02
4.0,604,PS_00
4.0,605,PS_02
4.0,606,PS_06
4.0,607,PS_00
4.0,608,PS_00
4.0,609,PS_00
4.0,610,PS_00
4.0,611,PS_09
4.0,612,PS_02
4.0,613,PS_03
4.0,614,PS_03
4.0,615,PS_02
4.0,616,PS_07
4.0,617,PS_03
4.0,618,PS_07
4.0,619,PS_00
4.0,620,PS_03
4.0,621,PS_00
4.0,622,PS_03
4.0,623,PS_00
4.0,624,PS_03
4.0,625,PS_03
4.0,626,PS_02
4.0,627,PS_00
4.0,628,PS_02
4.0,629,PS_00
4.0,630,PS_07
4.0,631,PS_07
4.0,632,PS_03
4.0,633,PS_11
4.0,634,PS_00
4.0,635,PS_00
4.0,636,PS_03
4.0,637,PS_02
4.0,638,PS_02
4.0,639,PS_02
4.0,640,PS_00
4.0,641,PS_02
4.0,642,PS_03
4.0,643,PS_00
4.0,644,PS_00
4.0,645,PS_00
4.0,646,PS_02
4.0,647,PS_03
4.0,648,PS_00
4.0,649,PS_00
4.0,650,PS_06
4.0,651,PS_06
4.0,652,PS_02
4.0,653,PS_06
4.0,654,PS_03
4.0,655,PS_00
4.0,656,PS_00
4.0,657,PS_00
4.0,658,PS_07
4.0,659,PS_00
4.0,660,PS_00
4.0,661,PS_00
4.0,662,PS_00
4.0,663,PS_06
4.0,664,PS_02
4.0,665,PS_03
4.0,666,PS_00
4.0,667,PS_00
4.0,668,PS_00
4.0,669,PS_00
4.0,670,PS_05
4.0,671,PS_06
4.0,672,PS_03
4.0,673,PS_00
4.0,674,PS_02
4.0,675,PS_00
4.0,676,PS_07
4.0,677,PS_00
4.0,678,PS_03
4.0,679,PS_02
4.0,680,PS_00
4.0,681,PS_07
4.0,682,PS_03
4.0,683,PS_02
4.0,684,PS_02
4.0,685,PS_03
4.0,686,PS_00
4.0,687,PS_00
4.0,688,PS_02
4.0,689,PS_02
4.0,690,PS_02
4.0,691,PS_02
4.0,692,PS_00
4.0,693,PS_00
4.0,694,PS_03
4.0,695,PS_03
4.0,696,PS_09
4.0,697,PS_02
4.0,698,PS_07
4.0,699,PS_02
4.0,700,PS_03
4.0,701,PS_00
4.0,702,PS_02
4.0,703,PS_00
4.0,704,PS_02
4.0,705,PS_00
4.0,706,PS_00
4.0,707,PS_00
4.0,708,PS_09
4.0,709,PS_09
4.0,710,PS_00
4.0,711,PS_00
4.0,712,PS_00
4.0,713,PS_00
4.0,714,PS_03
4.0,715,PS_03
4.0,716,PS_00
4.0,717,PS_00
4.0,718,PS_05
4.0,719,PS_03
4.0,720,PS_03
4.0,721,PS_02
4.0,722,PS_02
4.0,723,PS_03
4.0,724,PS_02
4.0,725,PS_00
4.0,726,PS_02
4.0,727,PS_11
4.0,728,PS_00
4.0,729,PS_03
4.0,730,PS_00
4.0,731,PS_03
4.0,732,PS_05
4.0,733,PS_05
4.0,734,PS_09
4.0,735,PS_03
4.0,736,PS_04
4.0,737,PS_11
4.0,738,PS_03
4.0,739,PS_00
4.0,740,PS_02
4.0,741,PS_00
4.0,742,PS_03
4.0,743,PS_02
4.0,744,PS_02
4.0,745,PS_00
4.0,746,PS_00
4.0,747,PS_02
4.0,748,PS_00
4.0,749,PS_03
4.0,750,PS_02
4.0,751,PS_03
4.0,752,PS_03
4.0,753,PS_02
4.0,754,PS_11
4.0,755,PS_00
4.0,756,PS_09
4.0,757,PS_00
4.0,758,PS_07
4.0,759,PS_03
4.0,760,PS_02
4.0,761,PS_04
4.0,762,PS_09
4.0,763,PS_03
4.0,764,PS_03
4.0,765,PS_00
4.0,766,PS_03
4.0,767,PS_06
4.0,768,PS_03
4.0,769,PS_03
4.0,770,PS_02
4.0,771,PS_02
4.0,772,PS_09
4.0,773,PS_00
4.0,774,PS_02
4.0,775,PS_02
4.0,776,PS_02
4.0,777,PS_06
4.0,778,PS_07
4.0,779,PS_02
4.0,780,PS_00
4.0,781,PS_00
4.0,782,PS_00
4.0,783,PS_03
4.0,784,PS_02
4.0,785,PS_00
4.0,786,PS_03
4.0,787,PS_09
4.0,788,PS_00
4.0,789,PS_07
4.0,790,PS_00
4.0,791,PS_09
4.0,792,PS_02
4.0,793,PS_00
4.0,794,PS_02
4.0,795,PS_02
4.0,796,PS_02
4.0,797,PS_00
4.0,798,PS_00
4.0,799,PS_02
4.0,800,PS_03
4.0,801,PS_03
4.0,802,PS_05
4.0,803,PS_02
4.0,804,PS_00
4.0,805,PS_09
4.0,806,PS_02
4.0,807,PS_09
4.0,808,PS_02
4.0,809,PS_02
4.0,810,PS_07
4.0,811,PS_04
4.0,812,PS_07
4.0,813,PS_02
4.0,814,PS_09
4.0,815,PS_00
4.0,816,PS_03
4.0,817,PS_02
4.0,818,PS_00
4.0,819,PS_03
4.0,820,PS_03
4.0,821,PS_00
4.0,822,PS_02
4.0,823,PS_02
4.0,824,PS_00
4.0,825,PS_02
4.0,826,PS_05
4.0,827,PS_03
4.0,828,PS_02
4.0,829,PS_03
4.0,830,PS_04
4.0,831,PS_03
4.0,832,PS_07
4.0,833,PS_03
4.0,834,PS_02
4.0,835,PS_09
4.0,836,PS_03
4.0,837,PS_02
4.0,838,PS_07
4.0,839,PS_03
4.0,840,PS_00
4.0,841,PS_09
4.0,842,PS_00
4.0,843,PS_00
4.0,844,PS_07
4.0,845,PS_00
4.0,846,PS_03
4.0,847,PS_03
4.0,848,PS_03
4.0,849,PS_00
4.0,850,PS_09
4.0,851,PS_09
4.0,852,PS_02
4.0,853,PS_02
4.0,854,PS_00
4.0,855,PS_02
4.0,856,PS_03
4.0,857,PS_03
4.0,858,PS_04
4.0,859,PS_03
4.0,860,PS_03
4.0,861,PS_00
4.0,862,PS_02
4.0,863,PS_00
4.0,864,PS_00
4.0,865,PS_02
4.0,866,PS_03
4.0,867,PS_00
4.0,868,PS_03
4.0,869,PS_00
4.0,870,PS_00
4.0,871,PS_00
4.0,872,PS_02
4.0,873,PS_02
4.0,874,PS_02
4.0,875,PS_00
4.0,876,PS_03
4.0,877,PS_02
4.0,878,PS_00
4.0,879,PS_00
4.0,880,PS_03
4.0,881,PS_03
4.0,882,PS_03
4.0,883,PS_00
4.0,884,PS_00
4.0,885,PS_02
4.0,886,PS_03
4.0,887,PS_02
4.0,888,PS_00
4.0,889,PS_02
4.0,890,PS_04
4.0,891,PS_02
4.0,892,PS_02
4.0,893,PS_00
4.0,894,PS_05
4.0,895,PS_02
4.0,896,PS_00
4.0,897,PS_00
4.0,898,PS_03
4.0,899,PS_00
4.0,900,PS_02
4.0,901,PS_07
4.0,902,PS_09
4.0,903,PS_00
4.0,904,PS_02
4.0,905,PS_00
4.0,906,PS_02
4.0,907,PS_00
4.0,908,PS_02
4.0,909,PS_03
4.0,910,PS_00
4.0,911,PS_00
4.0,912,PS_03
4.0,913,PS_00
4.0,914,PS_00
4.0,915,PS_03
4.0,916,PS_00
4.0,917,PS_03
4.0,918,PS_11
4.0,919,PS_03
4.0,920,PS_00
4.0,921,PS_03
4.0,922,PS_09
4.0,923,PS_03
4.0,924,PS_00
4.0,925,PS_00
4.0,926,PS_07
4.0,927,PS_00
4.0,928,PS_07
4.0,929,PS_03
4.0,930,PS_02
4.0,931,PS_00
4.0,932,PS_03
4.0,933,PS_00
4.0,934,PS_07
4.0,935,PS_00
4.0,936,PS_02
4.0,937,PS_02
4.0,938,PS_11
4.0,939,PS_02
4.0,940,PS_00
4.0,941,PS_09
4.0,942,PS_09
4.0,943,PS_09
4.0,944,PS_02
4.0,945,PS_02
4.0,946,PS_03
4.0,947,PS_00
4.0,948,PS_03
4.0,949,PS_00
4.0,950,PS_00
4.0,951,PS_00
4.0,952,PS_02
4.0,953,PS_02
4.0,954,PS_02
4.0,955,PS_03
4.0,956,PS_09
4.0,957,PS_02
4.0,958,PS_03
4.0,959,PS_08
4.0,960,PS_00
4.0,961,PS_03
4.0,962,PS_03
4.0,963,PS_03
4.0,964,PS_00
4.0,965,PS_07
4.0,966,PS_05
4.0,967,PS_09
4.0,968,PS_03
4.0,969,PS_03
4.0,970,PS_00
4.0,971,PS_02
4.0,972,PS_00
4.0,973,PS_02
4.0,974,PS_00
4.0,975,PS_03
4.0,976,PS_00
4.0,977,PS_03
4.0,978,PS_03
4.0,979,PS_03
4.0,980,PS_02
4.0,981,PS_03
4.0,982,PS_02
4.0,983,PS_03
4.0,984,PS_00
4.0,985,PS_05
4.0,986,PS_03
4.0,987,PS_02
4.0,988,PS_00
4.0,989,PS_03
4.0,990,PS_00
4.0,991,PS_11
4.0,992,PS_00
4.0,993,PS_02
4.0,994,PS_07
4.0,995,PS_02
4.0,996,PS_02
4.0,997,PS_02
4.0,998,PS_00
4.0,999,PS_03
4.0,1000,PS_00
4.0,1001,PS_00
4.0,1002,PS_00
4.0,1003,PS_03
4.0,1004,PS_07
4.0,1005,PS_02
4.0,1006,PS_03
4.0,1007,PS_00
4.0,1008,PS_02
4.0,1009,PS_02
4.0,1010,PS_02
4.0,1011,PS_03
4.0,1012,PS_04
4.0,1013,PS_11
4.0,1014,PS_00
4.0,1015,PS_00
4.0,1016,PS_00
4.0,1017,PS_02
4.0,1018,PS_03
4.0,1019,PS_02
4.0,1020,PS_00
4.0,1021,PS_00
4.0,1022,PS_00
4.0,1023,PS_02
4.0,1024,PS_12
4.0,1025,PS_03
4.0,1026,PS_09
4.0,1027,PS_00
4.0,1028,PS_02
4.0,1029,PS_09
4.0,1030,PS_03
4.0,1031,PS_02
4.0,1032,PS_03
4.0,1033,PS_03
4.0,1034,PS_02
4.0,1035,PS_07
4.0,1036,PS_00
4.0,1037,PS_06
4.0,1038,PS_00
4.0,1039,PS_07
4.0,1040,PS_00
4.0,1041,PS_00
4.0,1042,PS_02
4.0,1043,PS_03
4.0,1044,PS_00
4.0,1045,PS_00
4.0,1046,PS_03
4.0,1047,PS_00
4.0,1048,PS_02
4.0,1049,PS_02
4.0,1050,PS_02
4.0,1051,PS_04
4.0,1052,PS_02
4.0,1053,PS_07
4.0,1054,PS_03
4.0,1055,PS_09
4.0,1056,PS_07
4.0,1057,PS_02
4.0,1058,PS_00
4.0,1059,PS_09
4.0,1060,PS_02
4.0,1061,PS_02
4.0,1062,PS_00
4.0,1063,PS_07
4.0,1064,PS_02
4.0,1065,PS_03
4.0,1066,PS_09
4.0,1067,PS_02
4.0,1068,PS_05
4.0,1069,PS_00
4.0,1070,PS_07
4.0,1071,PS_00
4.0,1072,PS_02
4.0,1073,PS_02
4.0,1074,PS_00
4.0,1075,PS_02
4.0,1076,PS_09
4.0,1077,PS_03
4.0,1078,PS_00
4.0,1079,PS_00
4.0,1080,PS_00
4.0,1081,PS_03
4.0,1082,PS_07
4.0,1083,PS_02
4.0,1084,PS_00
4.0,1085,PS_00
4.0,1086,PS_02
4.0,1087,PS_03
4.0,1088,PS_00
4.0,1089,PS_04
4.0,1090,PS_05
4.0,1091,PS_03
4.0,1092,PS_00
4.0,1093,PS_02
4.0,1094,PS_05
4.0,1095,PS_00
4.0,1096,PS_00
4.0,1097,PS_09
4.0,1098,PS_00
4.0,1099,PS_00
4.0,1100,PS_04
4.0,1101,PS_02
4.0,1102,PS_03
4.0,1103,PS_03
4.0,1104,PS_00
4.0,1105,PS_03
4.0,1106,PS_00
4.0,1107,PS_00
4.0,1108,PS_09
4.0,1109,PS_00
4.0,1110,PS_03
4.0,1111,PS_07
4.0,1112,PS_00
4.0,1113,PS_09
4.0,1114,PS_02
4.0,1115,PS_03
4.0,1116,PS_00
4.0,1117,PS_03
4.0,1118,PS_00
4.0,1119,PS_02
4.0,1120,PS_03
4.0,1121,PS_03
4.0,1122,PS_03
4.0,1123,PS_03
4.0,1124,PS_03
4.0,1125,PS_07
4.0,1126,PS_00
4.0,1127,PS_00
4.0,1128,PS_07
4.0,1129,PS_00
4.0,1130,PS_12
4.0,1131,PS_02
4.0,1132,PS_02
4.0,1133,PS_02
4.0,1134,PS_03
4.0,1135,PS_00
4.0,1136,PS_00
4.0,1137,PS_03
4.0,1138,PS_02
4.0,1139,PS_02
4.0,1140,PS_07
4.0,1141,PS_07
4.0,1142,PS_06
4.0,1143,PS_09
4.0,1144,PS_09
4.0,1145,PS_03
4.0,1146,PS_00
4.0,1147,PS_02
4.0,1148,PS_00
4.0,1149,PS_00
4.0,1150,PS_09
4.0,1151,PS_00
4.0,1152,PS_06
4.0,1153,PS_00
4.0,1154,PS_00
4.0,1155,PS_09
4.0,1156,PS_05
4.0,1157,PS_00
4.0,1158,PS_02
4.0,1159,PS_02
4.0,1160,PS_00
4.0,1161,PS_00
4.0,1162,PS_05
4.0,1163,PS_00
4.0,1164,PS_03
4.0,1165,PS_07
4.0,1166,PS_02
4.0,1167,PS_09
4.0,1168,PS_03
4.0,1169,PS_03
4.0,1170,PS_00
4.0,1171,PS_00
4.0,1172,PS_00
4.0,1173,PS_03
4.0,1174,PS_02
4.0,1175,PS_03
4.0,1176,PS_00
4.0,1177,PS_00
4.0,1178,PS_00
4.0,1179,PS_00
4.0,1180,PS_04
4.0,1181,PS_04
4.0,1182,PS_00
4.0,1183,PS_02
4.0,1184,PS_00
4.0,1185,PS_02
4.0,1186,PS_09
4.0,1187,PS_02
4.0,1188,PS_02
4.0,1189,PS_03
4.0,1190,PS_03
4.0,1191,PS_06
4.0,1192,PS_07
4.0,1193,PS_03
4.0,1194,PS_00
4.0,1195,PS_02
4.0,1196,PS_00
4.0,1197,PS_00
4.0,1198,PS_07
4.0,1199,PS_03
4.0,1200,PS_00
4.0,1201,PS_03
4.0,1202,PS_03
4.0,1203,PS_03
4.0,1204,PS_04
4.0,1205,PS_00
4.0,1206,PS_00
4.0,1207,PS_00
4.0,1208,PS_00
4.0,1209,PS_00
4.0,1210,PS_00
4.0,1211,PS_00
4.0,1212,PS_03
4.0,1213,PS_03
4.0,1214,PS_00
4.0,1215,PS_03
4.0,1216,PS_03
4.0,1217,PS_00
4.0,1218,PS_09
4.0,1219,PS_03
4.0,1220,PS_00
4.0,1221,PS_11
4.0,1222,PS_03
4.0,1223,PS_00
4.0,1224,PS_00
4.0,1225,PS_00
4.0,1226,PS_03
4.0,1227,PS_03
4.0,1228,PS_00
4.0,1229,PS_00
4.0,1230,PS_03
4.0,1231,PS_07
4.0,1232,PS_02
4.0,1233,PS_00
4.0,1234,PS_03
4.0,1235,PS_00
4.0,1236,PS_02
4.0,1237,PS_00
4.0,1238,PS_00
4.0,1239,PS_02
4.0,1240,PS_02
4.0,1241,PS_02
4.0,1242,PS_09
4.0,1243,PS_03
4.0,1244,PS_09
4.0,1245,PS_07
4.0,1246,PS_00
4.0,1247,PS_02
4.0,1248,PS_02
4.0,1249,PS_04
4.0,1250,PS_03
4.0,1251,PS_00
4.0,1252,PS_06
4.0,1253,PS_02
4.0,1254,PS_02
4.0,1255,PS_00
4.0,1256,PS_02
4.0,1257,PS_04
4.0,1258,PS_02
4.0,1259,PS_02
4.0,1260,PS_03
4.0,1261,PS_03
4.0,1262,PS_00
4.0,1263,PS_00
4.0,1264,PS_02
4.0,1265,PS_02
4.0,1266,PS_03
4.0,1267,PS_03
4.0,1268,PS_03
4.0,1269,PS_12
4.0,1270,PS_03
4.0,1271,PS_03
4.0,1272,PS_02
4.0,1273,PS_07
4.0,1274,PS_05
4.0,1275,PS_00
4.0,1276,PS_03
4.0,1277,PS_03
4.0,1278,PS_00
4.0,1279,PS_02
4.0,1280,PS_02
4.0,1281,PS_03
4.0,1282,PS_02
4.0,1283,PS_03
4.0,1284,PS_02
4.0,1285,PS_02
4.0,1286,PS_07
4.0,1287,PS_06
4.0,1288,PS_04
4.0,1289,PS_02
4.0,1290,PS_09
4.0,1291,PS_00
4.0,1292,PS_03
4.0,1293,PS_03
4.0,1294,PS_00
4.0,1295,PS_09
4.0,1296,PS_00
4.0,1297,PS_07
4.0,1298,PS_00
4.0,1299,PS_02
4.0,1300,PS_07
4.0,1301,PS_00
4.0,1302,PS_05
4.0,1303,PS_02
4.0,1304,PS_00
4.0,1305,PS_09
4.0,1306,PS_03
4.0,1307,PS_03
4.0,1308,PS_03
4.0,1309,PS_03
4.0,1310,PS_00
4.0,1311,PS_03
4.0,1312,PS_00
4.0,1313,PS_02
4.0,1314,PS_03
4.0,1315,PS_02
4.0,1316,PS_00
4.0,1317,PS_00
4.0,1318,PS_03
4.0,1319,PS_03
4.0,1320,PS_07
4.0,1321,PS_04
4.0,1322,PS_00
4.0,1323,PS_02
4.0,1324,PS_03
4.0,1325,PS_02
4.0,1326,PS_00
4.0,1327,PS_02
4.0,1328,PS_00
4.0,1329,PS_03
4.0,1330,PS_00
4.0,1331,PS_00
4.0,1332,PS_03
4.0,1333,PS_09
4.0,1334,PS_00
4.0,1335,PS_00
4.0,1336,PS_03
4.0,1337,PS_03
4.0,1338,PS_07
4.0,1339,PS_00
4.0,1340,PS_07
4.0,1341,PS_04
4.0,1342,PS_02
4.0,1343,PS_00
4.0,1344,PS_02
4.0,1345,PS_07
4.0,1346,PS_03
4.0,1347,PS_05
4.0,1348,PS_02
4.0,1349,PS_00
4.0,1350,PS_03
4.0,1351,PS_03
4.0,1352,PS_00
4.0,1353,PS_00
4.0,1354,PS_00
4.0,1355,PS_02
4.0,1356,PS_07
4.0,1357,PS_02
4.0,1358,PS_00
4.0,1359,PS_00
4.0,1360,PS_06
4.0,1361,PS_02
4.0,1362,PS_03
4.0,1363,PS_00
4.0,1364,PS_00
4.0,1365,PS_00
4.0,1366,PS_00
4.0,1367,PS_07
4.0,1368,PS_05
4.0,1369,PS_02
4.0,1370,PS_02
4.0,1371,PS_03
4.0,1372,PS_02
4.0,1373,PS_02
4.0,1374,PS_04
4.0,1375,PS_00
4.0,1376,PS_03
4.0,1377,PS_03
4.0,1378,PS_00
4.0,1379,PS_02
4.0,1380,PS_03
4.0,1381,PS_09
4.0,1382,PS_09
4.0,1383,PS_02
4.0,1384,PS_05
4.0,1385,PS_02
4.0,1386,PS_02
4.0,1387,PS_02
4.0,1388,PS_02
4.0,1389,PS_02
4.0,1390,PS_00
4.0,1391,PS_09
4.0,1392,PS_03
4.0,1393,PS_02
4.0,1394,PS_00
4.0,1395,PS_00
4.0,1396,PS_02
4.0,1397,PS_12
4.0,1398,PS_00
4.0,1399,PS_05
4.0,1400,PS_00
4.0,1401,PS_00
4.0,1402,PS_03
4.0,1403,PS_02
4.0,1404,PS_00
4.0,1405,PS_03
4.0,1406,PS_00
4.0,1407,PS_03
4.0,1408,PS_07
4.0,1409,PS_03
4.0,1410,PS_02
4.0,1411,PS_02
4.0,1412,PS_02
4.0,1413,PS_02
4.0,1414,PS_03
4.0,1415,PS_03
4.0,1416,PS_00
4.0,1417,PS_02
4.0,1418,PS_00
4.0,1419,PS_02
4.0,1420,PS_07
4.0,1421,PS_03
4.0,1422,PS_11
4.0,1423,PS_03
4.0,1424,PS_03
4.0,1425,PS_00
4.0,1426,PS_02
4.0,1427,PS_00
4.0,1428,PS_02
4.0,1429,PS_00
4.0,1430,PS_09
4.0,1431,PS_03
4.0,1432,PS_03
4.0,1433,PS_03
4.0,1434,PS_00
4.0,1435,PS_09
4.0,1436,PS_02
4.0,1437,PS_00
4.0,1438,PS_04
4.0,1439,PS_00
4.0,1440,PS_00
4.0,1441,PS_03
4.0,1442,PS_02
4.0,1443,PS_00
4.0,1444,PS_00
4.0,1445,PS_03
4.0,1446,PS_00
4.0,1447,PS_03
4.0,1448,PS_09
4.0,1449,PS_03
4.0,1450,PS_06
4.0,1451,PS_03
4.0,1452,PS_03
4.0,1453,PS_02
4.0,1454,PS_00
4.0,1455,PS_03
4.0,1456,PS_00
4.0,1457,PS_07
4.0,1458,PS_03
4.0,1459,PS_00
4.0,1460,PS_03
4.0,1461,PS_03
4.0,1462,PS_05
4.0,1463,PS_07
4.0,1464,PS_02
4.0,1465,PS_09
4.0,1466,PS_04
4.0,1467,PS_02
4.0,1468,PS_02
4.0,1469,PS_03
4.0,1470,PS_02
4.0,1471,PS_00
4.0,1472,PS_02
4.0,1473,PS_00
4.0,1474,PS_02
4.0,1475,PS_02
4.0,1476,PS_05
4.0,1477,PS_02
4.0,1478,PS_02
4.0,1479,PS_00
4.0,1480,PS_00
4.0,1481,PS_00
4.0,1482,PS_00
4.0,1483,PS_00
4.0,1484,PS_00
4.0,1485,PS_09
4.0,1486,PS_09
4.0,1487,PS_03
4.0,1488,PS_00
4.0,1489,PS_02
4.0,1490,PS_00
4.0,1491,PS_02
4.0,1492,PS_03
4.0,1493,PS_00
4.0,1494,PS_05
4.0,1495,PS_06
4.0,1496,PS_09
4.0,1497,PS_00
4.0,1498,PS_05
4.0,1499,PS_02
4.0,1500,PS_07
4.0,1501,PS_00
4.0,1502,PS_03
4.0,1503,PS_00
4.0,1504,PS_02
4.0,1505,PS_09
4.0,1506,PS_06
4.0,1507,PS_07
4.0,1508,PS_09
4.0,1509,PS_00
4.0,1510,PS_02
4.0,1511,PS_09
4.0,1512,PS_02
4.0,1513,PS_02
4.0,1514,PS_00
4.0,1515,PS_00
4.0,1516,PS_00
4.0,1517,PS_00
4.0,1518,PS_07
4.0,1519,PS_00
4.0,1520,PS_02
4.0,1521,PS_06
4.0,1522,PS_02
4.0,1523,PS_02
4.0,1524,PS_02
4.0,1525,PS_07
4.0,1526,PS_00
4.0,1527,PS_02
4.0,1528,PS_00
4.0,1529,PS_03
4.0,1530,PS_09
4.0,1531,PS_07
4.0,1532,PS_02
4.0,1533,PS_03
4.0,1534,PS_03
4.0,1535,PS_02
4.0,1536,PS_03
4.0,1537,PS_02
4.0,1538,PS_02
4.0,1539,PS_00
4.0,1540,PS_07
4.0,1541,PS_02
4.0,1542,PS_03
4.0,1543,PS_05
4.0,1544,PS_00
4.0,1545,PS_00
4.0,1546,PS_00
4.0,1547,PS_03
4.0,1548,PS_03
4.0,1549,PS_09
4.0,1550,PS_02
4.0,1551,PS_00
4.0,1552,PS_00
4.0,1553,PS_00
4.0,1554,PS_02
4.0,1555,PS_09
4.0,1556,PS_00
4.0,1557,PS_02
4.0,1558,PS_00
4.0,1559,PS_00
4.0,1560,PS_02
4.0,1561,PS_03
4.0,1562,PS_06
4.0,1563,PS_07
4.0,1564,PS_09
4.0,1565,PS_00
4.0,1566,PS_02
4.0,1567,PS_00
4.0,1568,PS_00
4.0,1569,PS_03
4.0,1570,PS_00
4.0,1571,PS_02
4.0,1572,PS_12
4.0,1573,PS_00
4.0,1574,PS_02
4.0,1575,PS_00
4.0,1576,PS_09
4.0,1577,PS_06
4.0,1578,PS_02
4.0,1579,PS_03
4.0,1580,PS_00
4.0,1581,PS_02
4.0,1582,PS_00
4.0,1583,PS_02
4.0,1584,PS_00
4.0,1585,PS_03
4.0,1586,PS_00
4.0,1587,PS_00
4.0,1588,PS_02
4.0,1589,PS_00
4.0,1590,PS_00
4.0,1591,PS_02
4.0,1592,PS_00
4.0,1593,PS_00
4.0,1594,PS_03
4.0,1595,PS_03
4.0,1596,PS_02
4.0,1597,PS_03
4.0,1598,PS_07
4.0,1599,PS_02
4.0,1600,PS_03
4.0,1601,PS_00
4.0,1602,PS_11
4.0,1603,PS_02
4.0,1604,PS_07
4.0,1605,PS_05
4.0,1606,PS_05
4.0,1607,PS_09
4.0,1608,PS_03
4.0,1609,PS_00
4.0,1610,PS_00
4.0,1611,PS_02
4.0,1612,PS_00
4.0,1613,PS_11
4.0,1614,PS_07
4.0,1615,PS_03
4.0,1616,PS_02
4.0,1617,PS_09
4.0,1618,PS_02
4.0,1619,PS_00
4.0,1620,PS_12
4.0,1621,PS_02
4.0,1622,PS_07
4.0,1623,PS_04
4.0,1624,PS_00
4.0,1625,PS_02
4.0,1626,PS_03
4.0,1627,PS_03
4.0,1628,PS_03
4.0,1629,PS_03
4.0,1630,PS_03
4.0,1631,PS_02
4.0,1632,PS_03
4.0,1633,PS_03
4.0,1634,PS_05
4.0,1635,PS_06
4.0,1636,PS_00
4.0,1637,PS_00
4.0,1638,PS_09
4.0,1639,PS_07
4.0,1640,PS_03
4.0,1641,PS_03
4.0,1642,PS_00
4.0,1643,PS_00
4.0,1644,PS_03
4.0,1645,PS_02
4.0,1646,PS_07
4.0,1647,PS_02
4.0,1648,PS_00
4.0,1649,PS_07
4.0,1650,PS_02
4.0,1651,PS_03
4.0,1652,PS_03
4.0,1653,PS_09
4.0,1654,PS_02
4.0,1655,PS_03
4.0,1656,PS_00
4.0,1657,PS_02
4.0,1658,PS_02
4.0,1659,PS_03
4.0,1660,PS_09
4.0,1661,PS_02
4.0,1662,PS_03
4.0,1663,PS_00
4.0,1664,PS_02
4.0,1665,PS_07
4.0,1666,PS_09
4.0,1667,PS_07
4.0,1668,PS_02
4.0,1669,PS_09
4.0,1670,PS_02
4.0,1671,PS_09
4.0,1672,PS_09
4.0,1673,PS_09
4.0,1674,PS_00
4.0,1675,PS_03
4.0,1676,PS_04
4.0,1677,PS_02
4.0,1678,PS_09
4.0,1679,PS_02
4.0,1680,PS_03
4.0,1681,PS_02
4.0,1682,PS_03
4.0,1683,PS_00
4.0,1684,PS_03
4.0,1685,PS_02
4.0,1686,PS_03
4.0,1687,PS_00
4.0,1688,PS_00
4.0,1689,PS_03
4.0,1690,PS_00
4.0,1691,PS_03
4.0,1692,PS_11
4.0,1693,PS_00
4.0,1694,PS_09
4.0,1695,PS_07
4.0,1696,PS_02
4.0,1697,PS_04
4.0,1698,PS_00
4.0,1699,PS_02
4.0,1700,PS_00
4.0,1701,PS_00
4.0,1702,PS_02
4.0,1703,PS_07
4.0,1704,PS_09
4.0,1705,PS_09
4.0,1706,PS_07
4.0,1707,PS_03
4.0,1708,PS_02
4.0,1709,PS_03
4.0,1710,PS_00
4.0,1711,PS_09
4.0,1712,PS_03
4.0,1713,PS_00
4.0,1714,PS_02
4.0,1715,PS_02
4.0,1716,PS_02
4.0,1717,PS_03
4.0,1718,PS_03
4.0,1719,PS_00
4.0,1720,PS_00
4.0,1721,PS_02
4.0,1722,PS_02
4.0,1723,PS_03
4.0,1724,PS_00
4.0,1725,PS_07
4.0,1726,PS_03
4.0,1727,PS_02
4.0,1728,PS_02
4.0,1729,PS_07
4.0,1730,PS_02
4.0,1731,PS_09
4.0,1732,PS_09
4.0,1733,PS_02
4.0,1734,PS_02
4.0,1735,PS_03
4.0,1736,PS_03
4.0,1737,PS_02
4.0,1738,PS_00
4.0,1739,PS_03
4.0,1740,PS_07
4.0,1741,PS_00
4.0,1742,PS_00
4.0,1743,PS_00
4.0,1744,PS_02
4.0,1745,PS_00
4.0,1746,PS_07
4.0,1747,PS_07
4.0,1748,PS_00
4.0,1749,PS_00
4.0,1750,PS_07
4.0,1751,PS_00
4.0,1752,PS_07
4.0,1753,PS_00
4.0,1754,PS_02
4.0,1755,PS_02
4.0,1756,PS_09
4.0,1757,PS_03
4.0,1758,PS_02
4.0,1759,PS_02
4.0,1760,PS_03
4.0,1761,PS_09
4.0,1762,PS_03
4.0,1763,PS_02
4.0,1764,PS_03
4.0,1765,PS_02
4.0,1766,PS_00
4.0,1767,PS_00
4.0,1768,PS_03
4.0,1769,PS_09
4.0,1770,PS_03
4.0,1771,PS_00
4.0,1772,PS_02
4.0,1773,PS_02
4.0,1774,PS_02
4.0,1775,PS_05
4.0,1776,PS_00
4.0,1777,PS_03
4.0,1778,PS_03
4.0,1779,PS_02
4.0,1780,PS_02
4.0,1781,PS_02
4.0,1782,PS_00
4.0,1783,PS_00
4.0,1784,PS_03
4.0,1785,PS_09
4.0,1786,PS_02
4.0,1787,PS_03
4.0,1788,PS_02
4.0,1789,PS_07
4.0,1790,PS_00
4.0,1791,PS_03
4.0,1792,PS_03
4.0,1793,PS_00
4.0,1794,PS_00
4.0,1795,PS_00
4.0,1796,PS_03
4.0,1797,PS_02
4.0,1798,PS_00
4.0,1799,PS_04
4.0,1800,PS_02
4.0,1801,PS_03
4.0,1802,PS_03
4.0,1803,PS_03
4.0,1804,PS_00
4.0,1805,PS_07
4.0,1806,PS_06
4.0,1807,PS_03
4.0,1808,PS_03
4.0,1809,PS_00
4.0,1810,PS_00
4.0,1811,PS_02
4.0,1812,PS_02
4.0,1813,PS_02
4.0,1814,PS_00
4.0,1815,PS_03
4.0,1816,PS_00
4.0,1817,PS_12
4.0,1818,PS_00
4.0,1819,PS_09
4.0,1820,PS_03
4.0,1821,PS_02
4.0,1822,PS_02
4.0,1823,PS_00
4.0,1824,PS_02
4.0,1825,PS_05
4.0,1826,PS_00
4.0,1827,PS_02
4.0,1828,PS_02
4.0,1829,PS_02
4.0,1830,PS_03
4.0,1831,PS_00
4.0,1832,PS_06
4.0,1833,PS_09
4.0,1834,PS_02
4.0,1835,PS_03
4.0,1836,PS_00
4.0,1837,PS_02
4.0,1838,PS_03
4.0,1839,PS_00
4.0,1840,PS_00
4.0,1841,PS_00
4.0,1842,PS_00
4.0,1843,PS_02
4.0,1844,PS_00
4.0,1845,PS_06
4.0,1846,PS_04
4.0,1847,PS_00
4.0,1848,PS_00
4.0,1849,PS_02
4.0,1850,PS_03
4.0,1851,PS_06
4.0,1852,PS_00
4.0,1853,PS_06
4.0,1854,PS_03
4.0,1855,PS_00
4.0,1856,PS_07
4.0,1857,PS_00
4.0,1858,PS_03
4.0,1859,PS_02
4.0,1860,PS_00
4.0,1861,PS_00
4.0,1862,PS_00
4.0,1863,PS_02
4.0,1864,PS_00
4.0,1865,PS_00
4.0,1866,PS_09
4.0,1867,PS_07
4.0,1868,PS_02
4.0,1869,PS_02
4.0,1870,PS_07
4.0,1871,PS_02
4.0,1872,PS_09
4.0,1873,PS_00
4.0,1874,PS_00
4.0,1875,PS_00
4.0,1876,PS_03
4.0,1877,PS_00
4.0,1878,PS_03
4.0,1879,PS_02
4.0,1880,PS_02
4.0,1881,PS_07
4.0,1882,PS_03
4.0,1883,PS_00
4.0,1884,PS_02
4.0,1885,PS_03
4.0,1886,PS_07
4.0,1887,PS_09
4.0,1888,PS_07
4.0,1889,PS_00
4.0,1890,PS_00
4.0,1891,PS_00
4.0,1892,PS_09
4.0,1893,PS_02
4.0,1894,PS_00
4.0,1895,PS_02
4.0,1896,PS_00
4.0,1897,PS_03
4.0,1898,PS_09
4.0,1899,PS_00
4.0,1900,PS_00
4.0,1901,PS_00
4.0,1902,PS_00
4.0,1903,PS_09
4.0,1904,PS_00
4.0,1905,PS_00
4.0,1906,PS_02
4.0,1907,PS_00
4.0,1908,PS_00
4.0,1909,PS_00
4.0,1910,PS_02
4.0,1911,PS_00
4.0,1912,PS_00
4.0,1913,PS_04
4.0,1914,PS_02
4.0,1915,PS_00
4.0,1916,PS_02
4.0,1917,PS_03
4.0,1918,PS_00
4.0,1919,PS_00
4.0,1920,PS_00
4.0,1921,PS_00
4.0,1922,PS_00
4.0,1923,PS_00
4.0,1924,PS_02
4.0,1925,PS_00
4.0,1926,PS_03
4.0,1927,PS_02
4.0,1928,PS_00
4.0,1929,PS_03
4.0,1930,PS_00
4.0,1931,PS_03
4.0,1932,PS_11
4.0,1933,PS_04
4.0,1934,PS_00
4.0,1935,PS_02
4.0,1936,PS_02
4.0,1937,PS_07
4.0,1938,PS_03
4.0,1939,PS_00
4.0,1940,PS_07
4.0,1941,PS_09
4.0,1942,PS_07
4.0,1943,PS_02
4.0,1944,PS_02
4.0,1945,PS_03
4.0,1946,PS_07
4.0,1947,PS_03
4.0,1948,PS_07
4.0,1949,PS_03
4.0,1950,PS_05
4.0,1951,PS_03
4.0,1952,PS_03
4.0,1953,PS_00
4.0,1954,PS_04
4.0,1955,PS_03
4.0,1956,PS_02
4.0,1957,PS_03
4.0,1958,PS_00
4.0,1959,PS_03
4.0,1960,PS_09
4.0,1961,PS_05
4.0,1962,PS_09
4.0,1963,PS_02
4.0,1964,PS_00
4.0,1965,PS_09
4.0,1966,PS_02
4.0,1967,PS_05
4.0,1968,PS_02
4.0,1969,PS_02
4.0,1970,PS_05
4.0,1971,PS_00
4.0,1972,PS_03
4.0,1973,PS_07
4.0,1974,PS_02
4.0,1975,PS_00
4.0,1976,PS_03
4.0,1977,PS_00
4.0,1978,PS_00
4.0,1979,PS_05
4.0,1980,PS_03
4.0,1981,PS_02
4.0,1982,PS_03
4.0,1983,PS_03
4.0,1984,PS_03
4.0,1985,PS_00
4.0,1986,PS_02
4.0,1987,PS_07
4.0,1988,PS_03
4.0,1989,PS_03
4.0,1990,PS_02
4.0,1991,PS_00
4.0,1992,PS_00
4.0,1993,PS_02
4.0,1994,PS_00
4.0,1995,PS_00
4.0,1996,PS_09
4.0,1997,PS_00
4.0,1998,PS_00
4.0,1999,PS_00
12.0,0,PS_00
12.0,1,PS_02
12.0,2,PS_02
12.0,3,PS_02
12.0,4,PS_07
12.0,5,PS_02
12.0,6,PS_02
12.0,7,PS_00
12.0,8,PS_04
12.0,9,PS_00
12.0,10,PS_00
12.0,11,PS_02
12.0,12,PS_02
12.0,13,PS_02
12.0,14,PS_00
12.0,15,PS_00
12.0,16,PS_03
12.0,17,PS_02
12.0,18,PS_02
12.0,19,PS_02
12.0,20,PS_07
12.0,21,PS_07
12.0,22,PS_00
12.0,23,PS_02
12.0,24,PS_03
12.0,25,PS_00
12.0,26,PS_07
12.0,27,PS_02
12.0,28,PS_00
12.0,29,PS_03
12.0,30,PS_00
12.0,31,PS_02
12.0,32,PS_06
12.0,33,PS_02
12.0,34,PS_00
12.0,35,PS_03
12.0,36,PS_03
12.0,37,PS_02
12.0,38,PS_02
12.0,39,PS_00
12.0,40,PS_02
12.0,41,PS_00
12.0,42,PS_00
12.0,43,PS_00
12.0,44,PS_00
12.0,45,PS_00
12.0,46,PS_00
12.0,47,PS_00
12.0,48,PS_02
12.0,49,PS_04
12.0,50,PS_06
12.0,51,PS_02
12.0,52,PS_02
12.0,53,PS_11
12.0,54,PS_00
12.0,55,PS_11
12.0,56,PS_00
12.0,57,PS_02
12.0,58,PS_00
12.0,59,PS_05
12.0,60,PS_00
12.0,61,PS_00
12.0,62,PS_07
12.0,63,PS_11
12.0,64,PS_00
12.0,65,PS_02
12.0,66,PS_00
12.0,67,PS_02
12.0,68,PS_00
12.0,69,PS_00
12.0,70,PS_00
12.0,71,PS_03
12.0,72,PS_00
12.0,73,PS_02
12.0,74,PS_02
12.0,75,PS_02
12.0,76,PS_02
12.0,77,PS_02
12.0,78,PS_00
12.0,79,PS_00
12.0,80,PS_00
12.0,81,PS_00
12.0,82,PS_07
12.0,83,PS_00
12.0,84,PS_06
12.0,85,PS_06
12.0,86,PS_00
12.0,87,PS_00
12.0,88,PS_00
12.0,89,PS_07
12.0,90,PS_02
12.0,91,PS_02
12.0,92,PS_05
12.0,93,PS_02
12.0,94,PS_03
12.0,95,PS_00
12.0,96,PS_00
12.0,97,PS_00
12.0,98,PS_02
12.0,99,PS_02
12.0,100,PS_00
12.0,101,PS_02
12.0,102,PS_04
12.0,103,PS_02
12.0,104,PS_00
12.0,105,PS_02
12.0,106,PS_04
12.0,107,PS_00
12.0,108,PS_09
12.0,109,PS_02
12.0,110,PS_03
12.0,111,PS_00
12.0,112,PS_03
12.0,113,PS_04
12.0,114,PS_02
12.0,115,PS_02
12.0,116,PS_02
12.0,117,PS_07
12.0,118,PS_06
12.0,119,PS_02
12.0,120,PS_00
12.0,121,PS_00
12.0,122,PS_03
12.0,123,PS_00
12.0,124,PS_00
12.0,125,PS_00
12.0,126,PS_07
12.0,127,PS_03
12.0,128,PS_00
12.0,129,PS_02
12.0,130,PS_07
12.0,131,PS_05
12.0,132,PS_02
12.0,133,PS_00
12.0,134,PS_00
12.0,135,PS_00
12.0,136,PS_02
12.0,137,PS_03
12.0,138,PS_00
12.0,139,PS_02
12.0,140,PS_02
12.0,141,PS_02
12.0,142,PS_04
12.0,143,PS_02
12.0,144,PS_00
12.0,145,PS_02
12.0,146,PS_07
12.0,147,PS_00
12.0,148,PS_04
12.0,149,PS_02
12.0,150,PS_06
12.0,151,PS_00
12.0,152,PS_02
12.0,153,PS_00
12.0,154,PS_07
12.0,155,PS_00
12.0,156,PS_07
12.0,157,PS_00
12.0,158,PS_02
12.0,159,PS_02
12.0,160,PS_02
12.0,161,PS_00
12.0,162,PS_02
12.0,163,PS_02
12.0,164,PS_02
12.0,165,PS_00
12.0,166,PS_02
12.0,167,PS_02
12.0,168,PS_03
12.0,169,PS_02
12.0,170,PS_02
12.0,171,PS_00
12.0,172,PS_00
12.0,173,PS_00
12.0,174,PS_00
12.0,175,PS_02
12.0,176,PS_03
12.0,177,PS_02
12.0,178,PS_04
12.0,179,PS_02
12.0,180,PS_02
12.0,181,PS_02
12.0,182,PS_03
12.0,183,PS_07
12.0,184,PS_02
12.0,185,PS_02
12.0,186,PS_02
12.0,187,PS_02
12.0,188,PS_03
12.0,189,PS_07
12.0,190,PS_00
12.0,191,PS_00
12.0,192,PS_00
12.0,193,PS_04
12.0,194,PS_03
12.0,195,PS_07
12.0,196,PS_02
12.0,197,PS_02
12.0,198,PS_00
12.0,199,PS_07
12.0,200,PS_02
12.0,201,PS_02
12.0,202,PS_07
12.0,203,PS_04
12.0,204,PS_00
12.0,205,PS_02
12.0,206,PS_00
12.0,207,PS_07
12.0,208,PS_00
12.0,209,PS_00
12.0,210,PS_02
12.0,211,PS_07
12.0,212,PS_07
12.0,213,PS_02
12.0,214,PS_00
12.0,215,PS_00
12.0,216,PS_11
12.0,217,PS_02
12.0,218,PS_00
12.0,219,PS_07
12.0,220,PS_00
12.0,221,PS_02
12.0,222,PS_02
12.0,223,PS_02
12.0,224,PS_12
12.0,225,PS_00
12.0,226,PS_00
12.0,227,PS_02
12.0,228,PS_00
12.0,229,PS_00
12.0,230,PS_02
12.0,231,PS_00
12.0,232,PS_02
12.0,233,PS_03
12.0,234,PS_05
12.0,235,PS_00
12.0,236,PS_00
12.0,237,PS_00
12.0,238,PS_02
12.0,239,PS_11
12.0,240,PS_02
12.0,241,PS_03
12.0,242,PS_00
12.0,243,PS_02
12.0,244,PS_03
12.0,245,PS_00
12.0,246,PS_09
12.0,247,PS_00
12.0,248,PS_02
12.0,249,PS_00
12.0,250,PS_00
12.0,251,PS_00
12.0,252,PS_02
12.0,253,PS_00
12.0,254,PS_07
12.0,255,PS_00
12.0,256,PS_04
12.0,257,PS_07
12.0,258,PS_02
12.0,259,PS_02
12.0,260,PS_02
12.0,261,PS_00
12.0,262,PS_02
12.0,263,PS_06
12.0,264,PS_00
12.0,265,PS_07
12.0,266,PS_03
12.0,267,PS_00
12.0,268,PS_00
12.0,269,PS_02
12.0,270,PS_02
12.0,271,PS_00
12.0,272,PS_02
12.0,273,PS_00
12.0,274,PS_02
12.0,275,PS_02
12.0,276,PS_02
12.0,277,PS_02
12.0,278,PS_00
12.0,279,PS_05
12.0,280,PS_03
12.0,281,PS_04
12.0,282,PS_02
12.0,283,PS_07
12.0,284,PS_02
12.0,285,PS_07
12.0,286,PS_00
12.0,287,PS_02
12.0,288,PS_02
12.0,289,PS_00
12.0,290,PS_02
12.0,291,PS_02
12.0,292,PS_00
12.0,293,PS_11
12.0,294,PS_00
12.0,295,PS_11
12.0,296,PS_02
12.0,297,PS_02
12.0,298,PS_00
12.0,299,PS_00
12.0,300,PS_02
12.0,301,PS_00
12.0,302,PS_00
12.0,303,PS_00
12.0,304,PS_06
12.0,305,PS_00
12.0,306,PS_02
12.0,307,PS_00
12.0,308,PS_02
12.0,309,PS_03
12.0,310,PS_07
12.0,311,PS_03
12.0,312,PS_00
12.0,313,PS_02
12.0,314,PS_02
12.0,315,PS_00
12.0,316,PS_00
12.0,317,PS_07
12.0,318,PS_02
12.0,319,PS_00
12.0,320,PS_11
12.0,321,PS_00
12.0,322,PS_02
12.0,323,PS_02
12.0,324,PS_00
12.0,325,PS_02
12.0,326,PS_02
12.0,327,PS_02
12.0,328,PS_00
12.0,329,PS_02
12.0,330,PS_00
12.0,331,PS_02
12.0,332,PS_03
12.0,333,PS_02
12.0,334,PS_00
12.0,335,PS_00
12.0,336,PS_00
12.0,337,PS_02
12.0,338,PS_02
12.0,339,PS_00
12.0,340,PS_00
12.0,341,PS_00
12.0,342,PS_00
12.0,343,PS_00
12.0,344,PS_02
12.0,345,PS_00
12.0,346,PS_02
12.0,347,PS_00
12.0,348,PS_02
12.0,349,PS_05
12.0,350,PS_07
12.0,351,PS_02
12.0,352,PS_00
12.0,353,PS_02
12.0,354,PS_02
12.0,355,PS_02
12.0,356,PS_00
12.0,357,PS_02
12.0,358,PS_03
12.0,359,PS_06
12.0,360,PS_03
12.0,361,PS_00
12.0,362,PS_04
12.0,363,PS_00
12.0,364,PS_02
12.0,365,PS_02
12.0,366,PS_04
12.0,367,PS_00
12.0,368,PS_00
12.0,369,PS_04
12.0,370,PS_02
12.0,371,PS_00
12.0,372,PS_03
12.0,373,PS_00
12.0,374,PS_02
12.0,375,PS_00
12.0,376,PS_00
12.0,377,PS_00
12.0,378,PS_03
12.0,379,PS_00
12.0,380,PS_04
12.0,381,PS_02
12.0,382,PS_02
12.0,383,PS_07
12.0,384,PS_00
12.0,385,PS_00
12.0,386,PS_02
12.0,387,PS_02
12.0,388,PS_02
12.0,389,PS_00
12.0,390,PS_00
12.0,391,PS_00
12.0,392,PS_02
12.0,393,PS_07
12.0,394,PS_02
12.0,395,PS_00
12.0,396,PS_00
12.0,397,PS_02
12.0,398,PS_00
12.0,399,PS_00
12.0,400,PS_02
12.0,401,PS_05
12.0,402,PS_06
12.0,403,PS_02
12.0,404,PS_11
12.0,405,PS_00
12.0,406,PS_04
12.0,407,PS_07
12.0,408,PS_00
12.0,409,PS_02
12.0,410,PS_00
12.0,411,PS_02
12.0,412,PS_02
12.0,413,PS_00
12.0,414,PS_02
12.0,415,PS_00
12.0,416,PS_04
12.0,417,PS_03
12.0,418,PS_02
12.0,419,PS_00
12.0,420,PS_07
12.0,421,PS_02
12.0,422,PS_00
12.0,423,PS_00
12.0,424,PS_06
12.0,425,PS_02
12.0,426,PS_02
12.0,427,PS_00
12.0,428,PS_02
12.0,429,PS_03
12.0,430,PS_00
12.0,431,PS_06
12.0,432,PS_03
12.0,433,PS_03
12.0,434,PS_02
12.0,435,PS_00
12.0,436,PS_02
12.0,437,PS_02
12.0,438,PS_00
12.0,439,PS_02
12.0,440,PS_02
12.0,441,PS_07
12.0,442,PS_02
12.0,443,PS_00
12.0,444,PS_00
12.0,445,PS_03
12.0,446,PS_04
12.0,447,PS_00
12.0,448,PS_00
12.0,449,PS_00
12.0,450,PS_00
12.0,451,PS_02
12.0,452,PS_07
12.0,453,PS_02
12.0,454,PS_02
12.0,455,PS_07
12.0,456,PS_07
12.0,457,PS_03
12.0,458,PS_02
12.0,459,PS_00
12.0,460,PS_00
12.0,461,PS_02
12.0,462,PS_00
12.0,463,PS_11
12.0,464,PS_00
12.0,465,PS_00
12.0,466,PS_02
12.0,467,PS_02
12.0,468,PS_02
12.0,469,PS_00
12.0,470,PS_02
12.0,471,PS_00
12.0,472,PS_00
12.0,473,PS_00
12.0,474,PS_00
12.0,475,PS_00
12.0,476,PS_00
12.0,477,PS_07
12.0,478,PS_07
12.0,479,PS_07
12.0,480,PS_00
12.0,481,PS_07
12.0,482,PS_03
12.0,483,PS_07
12.0,484,PS_02
12.0,485,PS_00
12.0,486,PS_07
12.0,487,PS_03
12.0,488,PS_00
12.0,489,PS_03
12.0,490,PS_00
12.0,491,PS_07
12.0,492,PS_03
12.0,493,PS_02
12.0,494,PS_04
12.0,495,PS_00
12.0,496,PS_04
12.0,497,PS_03
12.0,498,PS_07
12.0,499,PS_00
12.0,500,PS_02
12.0,501,PS_00
12.0,502,PS_00
12.0,503,PS_00
12.0,504,PS_02
12.0,505,PS_07
12.0,506,PS_07
12.0,507,PS_06
12.0,508,PS_02
12.0,509,PS_02
12.0,510,PS_02
12.0,511,PS_02
12.0,512,PS_02
12.0,513,PS_02
12.0,514,PS_03
12.0,515,PS_00
12.0,516,PS_02
12.0,517,PS_04
12.0,518,PS_06
12.0,519,PS_02
12.0,520,PS_04
12.0,521,PS_02
12.0,522,PS_00
12.0,523,PS_11
12.0,524,PS_03
12.0,525,PS_00
12.0,526,PS_02
12.0,527,PS_02
12.0,528,PS_00
12.0,529,PS_07
12.0,530,PS_00
12.0,531,PS_00
12.0,532,PS_00
12.0,533,PS_07
12.0,534,PS_00
12.0,535,PS_00
12.0,536,PS_00
12.0,537,PS_07
12.0,538,PS_00
12.0,539,PS_02
12.0,540,PS_00
12.0,541,PS_03
12.0,542,PS_02
12.0,543,PS_02
12.0,544,PS_07
12.0,545,PS_02
12.0,546,PS_02
12.0,547,PS_00
12.0,548,PS_11
12.0,549,PS_03
12.0,550,PS_07
12.0,551,PS_00
12.0,552,PS_03
12.0,553,PS_00
12.0,554,PS_02
12.0,555,PS_00
12.0,556,PS_02
12.0,557,PS_00
12.0,558,PS_00
12.0,559,PS_02
12.0,560,PS_04
12.0,561,PS_02
12.0,562,PS_07
12.0,563,PS_00
12.0,564,PS_03
12.0,565,PS_00
12.0,566,PS_02
12.0,567,PS_02
12.0,568,PS_03
12.0,569,PS_00
12.0,570,PS_02
12.0,571,PS_02
12.0,572,PS_00
12.0,573,PS_02
12.0,574,PS_03
12.0,575,PS_07
12.0,576,PS_02
12.0,577,PS_02
12.0,578,PS_04
12.0,579,PS_00
12.0,580,PS_11
12.0,581,PS_00
12.0,582,PS_02
12.0,583,PS_04
12.0,584,PS_02
12.0,585,PS_03
12.0,586,PS_02
12.0,587,PS_00
12.0,588,PS_03
12.0,589,PS_02
12.0,590,PS_00
12.0,591,PS_07
12.0,592,PS_02
12.0,593,PS_02
12.0,594,PS_06
12.0,595,PS_02
12.0,596,PS_07
12.0,597,PS_03
12.0,598,PS_00
12.0,599,PS_07
12.0,600,PS_02
12.0,601,PS_00
12.0,602,PS_11
12.0,603,PS_00
12.0,604,PS_00
12.0,605,PS_02
12.0,606,PS_06
12.0,607,PS_00
12.0,608,PS_00
12.0,609,PS_00
12.0,610,PS_00
12.0,611,PS_02
12.0,612,PS_02
12.0,613,PS_03
12.0,614,PS_02
12.0,615,PS_02
12.0,616,PS_00
12.0,617,PS_03
12.0,618,PS_07
12.0,619,PS_00
12.0,620,PS_03
12.0,621,PS_00
12.0,622,PS_03
12.0,623,PS_00
12.0,624,PS_02
12.0,625,PS_02
12.0,626,PS_05
12.0,627,PS_00
12.0,628,PS_00
12.0,629,PS_00
12.0,630,PS_04
12.0,631,PS_07
12.0,632,PS_02
12.0,633,PS_11
12.0,634,PS_00
12.0,635,PS_00
12.0,636,PS_02
12.0,637,PS_02
12.0,638,PS_06
12.0,639,PS_02
12.0,640,PS_00
12.0,641,PS_00
12.0,642,PS_02
12.0,643,PS_00
12.0,644,PS_00
12.0,645,PS_00
12.0,646,PS_02
12.0,647,PS_03
12.0,648,PS_00
12.0,649,PS_00
12.0,650,PS_00
12.0,651,PS_00
12.0,652,PS_05
12.0,653,PS_00
12.0,654,PS_03
12.0,655,PS_00
12.0,656,PS_07
12.0,657,PS_00
12.0,658,PS_04
12.0,659,PS_00
12.0,660,PS_07
12.0,661,PS_00
12.0,662,PS_00
12.0,663,PS_00
12.0,664,PS_05
12.0,665,PS_02
12.0,666,PS_00
12.0,667,PS_00
12.0,668,PS_00
12.0,669,PS_00
12.0,670,PS_00
12.0,671,PS_00
12.0,672,PS_02
12.0,673,PS_00
12.0,674,PS_02
12.0,675,PS_00
12.0,676,PS_07
12.0,677,PS_00
12.0,678,PS_03
12.0,679,PS_00
12.0,680,PS_00
12.0,681,PS_04
12.0,682,PS_03
12.0,683,PS_02
12.0,684,PS_02
12.0,685,PS_02
12.0,686,PS_00
12.0,687,PS_00
12.0,688,PS_02
12.0,689,PS_00
12.0,690,PS_02
12.0,691,PS_02
12.0,692,PS_00
12.0,693,PS_00
12.0,694,PS_03
12.0,695,PS_02
12.0,696,PS_00
12.0,697,PS_00
12.0,698,PS_07
12.0,699,PS_02
12.0,700,PS_03
12.0,701,PS_00
12.0,702,PS_00
12.0,703,PS_07
12.0,704,PS_00
12.0,705,PS_00
12.0,706,PS_00
12.0,707,PS_00
12.0,708,PS_02
12.0,709,PS_06
12.0,710,PS_00
12.0,711,PS_00
12.0,712,PS_00
12.0,713,PS_07
12.0,714,PS_03
12.0,715,PS_02
12.0,716,PS_00
12.0,717,PS_00
12.0,718,PS_00
12.0,719,PS_02
12.0,720,PS_02
12.0,721,PS_00
12.0,722,PS_05
12.0,723,PS_02
12.0,724,PS_02
12.0,725,PS_07
12.0,726,PS_02
12.0,727,PS_11
12.0,728,PS_00
12.0,729,PS_02
12.0,730,PS_00
12.0,731,PS_02
12.0,732,PS_00
12.0,733,PS_00
12.0,734,PS_02
12.0,735,PS_03
12.0,736,PS_04
12.0,737,PS_11
12.0,738,PS_02
12.0,739,PS_00
12.0,740,PS_02
12.0,741,PS_00
12.0,742,PS_02
12.0,743,PS_02
12.0,744,PS_02
12.0,745,PS_00
12.0,746,PS_00
12.0,747,PS_02
12.0,748,PS_00
12.0,749,PS_02
12.0,750,PS_06
12.0,751,PS_02
12.0,752,PS_03
12.0,753,PS_00
12.0,754,PS_11
12.0,755,PS_00
12.0,756,PS_02
12.0,757,PS_00
12.0,758,PS_04
12.0,759,PS_02
12.0,760,PS_02
12.0,761,PS_04
12.0,762,PS_02
12.0,763,PS_02
12.0,764,PS_02
12.0,765,PS_00
12.0,766,PS_02
12.0,767,PS_00
12.0,768,PS_02
12.0,769,PS_03
12.0,770,PS_02
12.0,771,PS_02
12.0,772,PS_06
12.0,773,PS_00
12.0,774,PS_02
12.0,775,PS_02
12.0,776,PS_05
12.0,777,PS_00
12.0,778,PS_04
12.0,779,PS_02
12.0,780,PS_00
12.0,781,PS_07
12.0,782,PS_00
12.0,783,PS_02
12.0,784,PS_02
12.0,785,PS_00
12.0,786,PS_02
12.0,787,PS_02
12.0,788,PS_00
12.0,789,PS_04
12.0,790,PS_00
12.0,791,PS_00
12.0,792,PS_00
12.0,793,PS_00
12.0,794,PS_02
12.0,795,PS_02
12.0,796,PS_00
12.0,797,PS_07
12.0,798,PS_00
12.0,799,PS_02
12.0,800,PS_02
12.0,801,PS_02
12.0,802,PS_00
12.0,803,PS_00
12.0,804,PS_00
12.0,805,PS_02
12.0,806,PS_00
12.0,807,PS_02
12.0,808,PS_02
12.0,809,PS_02
12.0,810,PS_07
12.0,811,PS_04
12.0,812,PS_07
12.0,813,PS_02
12.0,814,PS_02
12.0,815,PS_00
12.0,816,PS_02
12.0,817,PS_05
12.0,818,PS_00
12.0,819,PS_02
12.0,820,PS_02
12.0,821,PS_00
12.0,822,PS_02
12.0,823,PS_00
12.0,824,PS_00
12.0,825,PS_05
12.0,826,PS_00
12.0,827,PS_02
12.0,828,PS_02
12.0,829,PS_03
12.0,830,PS_04
12.0,831,PS_02
12.0,832,PS_07
12.0,833,PS_02
12.0,834,PS_02
12.0,835,PS_06
12.0,836,PS_02
12.0,837,PS_00
12.0,838,PS_04
12.0,839,PS_02
12.0,840,PS_00
12.0,841,PS_06
12.0,842,PS_00
12.0,843,PS_00
12.0,844,PS_04
12.0,845,PS_00
12.0,846,PS_02
12.0,847,PS_02
12.0,848,PS_09
12.0,849,PS_00
12.0,850,PS_00
12.0,851,PS_02
12.0,852,PS_02
12.0,853,PS_02
12.0,854,PS_00
12.0,855,PS_02
12.0,856,PS_03
12.0,857,PS_02
12.0,858,PS_04
12.0,859,PS_03
12.0,860,PS_02
12.0,861,PS_00
12.0,862,PS_00
12.0,863,PS_00
12.0,864,PS_00
12.0,865,PS_06
12.0,866,PS_02
12.0,867,PS_00
12.0,868,PS_02
12.0,869,PS_00
12.0,870,PS_00
12.0,871,PS_07
12.0,872,PS_02
12.0,873,PS_00
12.0,874,PS_02
12.0,875,PS_00
12.0,876,PS_03
12.0,877,PS_02
12.0,878,PS_00
12.0,879,PS_00
12.0,880,PS_02
12.0,881,PS_02
12.0,882,PS_03
12.0,883,PS_07
12.0,884,PS_00
12.0,885,PS_02
12.0,886,PS_02
12.0,887,PS_05
12.0,888,PS_00
12.0,889,PS_00
12.0,890,PS_04
12.0,891,PS_05
12.0,892,PS_06
12.0,893,PS_00
12.0,894,PS_00
12.0,895,PS_00
12.0,896,PS_00
12.0,897,PS_00
12.0,898,PS_02
12.0,899,PS_00
12.0,900,PS_02
12.0,901,PS_07
12.0,902,PS_02
12.0,903,PS_00
12.0,904,PS_02
12.0,905,PS_00
12.0,906,PS_02
12.0,907,PS_00
12.0,908,PS_02
12.0,909,PS_02
12.0,910,PS_00
12.0,911,PS_04
12.0,912,PS_03
12.0,913,PS_00
12.0,914,PS_00
12.0,915,PS_02
12.0,916,PS_00
12.0,917,PS_03
12.0,918,PS_11
12.0,919,PS_03
12.0,920,PS_00
12.0,921,PS_02
12.0,922,PS_02
12.0,923,PS_03
12.0,924,PS_00
12.0,925,PS_00
12.0,926,PS_07
12.0,927,PS_00
12.0,928,PS_07
12.0,929,PS_03
12.0,930,PS_02
12.0,931,PS_00
12.0,932,PS_02
12.0,933,PS_00
12.0,934,PS_07
12.0,935,PS_00
12.0,936,PS_02
12.0,937,PS_02
12.0,938,PS_11
12.0,939,PS_02
12.0,940,PS_00
12.0,941,PS_00
12.0,942,PS_06
12.0,943,PS_00
12.0,944,PS_02
12.0,945,PS_02
12.0,946,PS_02
12.0,947,PS_00
12.0,948,PS_03
12.0,949,PS_00
12.0,950,PS_00
12.0,951,PS_00
12.0,952,PS_02
12.0,953,PS_05
12.0,954,PS_02
12.0,955,PS_02
12.0,956,PS_06
12.0,957,PS_00
12.0,958,PS_03
12.0,959,PS_11
12.0,960,PS_00
12.0,961,PS_02
12.0,962,PS_03
12.0,963,PS_03
12.0,964,PS_07
12.0,965,PS_07
12.0,966,PS_00
12.0,967,PS_02
12.0,968,PS_02
12.0,969,PS_02
12.0,970,PS_00
12.0,971,PS_00
12.0,972,PS_00
12.0,973,PS_00
12.0,974,PS_00
12.0,975,PS_02
12.0,976,PS_00
12.0,977,PS_02
12.0,978,PS_02
12.0,979,PS_02
12.0,980,PS_00
12.0,981,PS_02
12.0,982,PS_00
12.0,983,PS_02
12.0,984,PS_00
12.0,985,PS_05
12.0,986,PS_03
12.0,987,PS_02
12.0,988,PS_00
12.0,989,PS_02
12.0,990,PS_00
12.0,991,PS_11
12.0,992,PS_00
12.0,993,PS_00
12.0,994,PS_07
12.0,995,PS_02
12.0,996,PS_05
12.0,997,PS_05
12.0,998,PS_07
12.0,999,PS_02
12.0,1000,PS_00
12.0,1001,PS_07
12.0,1002,PS_00
12.0,1003,PS_02
12.0,1004,PS_04
12.0,1005,PS_00
12.0,1006,PS_02
12.0,1007,PS_00
12.0,1008,PS_00
12.0,1009,PS_00
12.0,1010,PS_02
12.0,1011,PS_02
12.0,1012,PS_11
12.0,1013,PS_11
12.0,1014,PS_00
12.0,1015,PS_00
12.0,1016,PS_00
12.0,1017,PS_02
12.0,1018,PS_02
12.0,1019,PS_00
12.0,1020,PS_00
12.0,1021,PS_00
12.0,1022,PS_00
12.0,1023,PS_02
12.0,1024,PS_12
12.0,1025,PS_02
12.0,1026,PS_06
12.0,1027,PS_07
12.0,1028,PS_02
12.0,1029,PS_02
12.0,1030,PS_02
12.0,1031,PS_00
12.0,1032,PS_03
12.0,1033,PS_02
12.0,1034,PS_00
12.0,1035,PS_07
12.0,1036,PS_00
12.0,1037,PS_00
12.0,1038,PS_00
12.0,1039,PS_04
12.0,1040,PS_00
12.0,1041,PS_00
12.0,1042,PS_02
12.0,1043,PS_02
12.0,1044,PS_07
12.0,1045,PS_00
12.0,1046,PS_02
12.0,1047,PS_07
12.0,1048,PS_02
12.0,1049,PS_02
12.0,1050,PS_02
12.0,1051,PS_04
12.0,1052,PS_00
12.0,1053,PS_04
12.0,1054,PS_03
12.0,1055,PS_02
12.0,1056,PS_07
12.0,1057,PS_02
12.0,1058,PS_00
12.0,1059,PS_02
12.0,1060,PS_02
12.0,1061,PS_05
12.0,1062,PS_07
12.0,1063,PS_11
12.0,1064,PS_02
12.0,1065,PS_03
12.0,1066,PS_02
12.0,1067,PS_00
12.0,1068,PS_00
12.0,1069,PS_00
12.0,1070,PS_04
12.0,1071,PS_07
12.0,1072,PS_00
12.0,1073,PS_00
12.0,1074,PS_00
12.0,1075,PS_02
12.0,1076,PS_06
12.0,1077,PS_02
12.0,1078,PS_00
12.0,1079,PS_00
12.0,1080,PS_00
12.0,1081,PS_03
12.0,1082,PS_07
12.0,1083,PS_02
12.0,1084,PS_07
12.0,1085,PS_00
12.0,1086,PS_00
12.0,1087,PS_02
12.0,1088,PS_00
12.0,1089,PS_04
12.0,1090,PS_00
12.0,1091,PS_02
12.0,1092,PS_00
12.0,1093,PS_02
12.0,1094,PS_00
12.0,1095,PS_04
12.0,1096,PS_00
12.0,1097,PS_09
12.0,1098,PS_00
12.0,1099,PS_00
12.0,1100,PS_04
12.0,1101,PS_02
12.0,1102,PS_02
12.0,1103,PS_03
12.0,1104,PS_00
12.0,1105,PS_03
12.0,1106,PS_00
12.0,1107,PS_00
12.0,1108,PS_06
12.0,1109,PS_00
12.0,1110,PS_02
12.0,1111,PS_04
12.0,1112,PS_04
12.0,1113,PS_02
12.0,1114,PS_02
12.0,1115,PS_02
12.0,1116,PS_00
12.0,1117,PS_02
12.0,1118,PS_00
12.0,1119,PS_05
12.0,1120,PS_02
12.0,1121,PS_03
12.0,1122,PS_02
12.0,1123,PS_03
12.0,1124,PS_03
12.0,1125,PS_07
12.0,1126,PS_00
12.0,1127,PS_00
12.0,1128,PS_07
12.0,1129,PS_07
12.0,1130,PS_12
12.0,1131,PS_05
12.0,1132,PS_05
12.0,1133,PS_00
12.0,1134,PS_02
12.0,1135,PS_00
12.0,1136,PS_00
12.0,1137,PS_02
12.0,1138,PS_00
12.0,1139,PS_02
12.0,1140,PS_04
12.0,1141,PS_07
12.0,1142,PS_00
12.0,1143,PS_00
12.0,1144,PS_00
12.0,1145,PS_03
12.0,1146,PS_00
12.0,1147,PS_00
12.0,1148,PS_00
12.0,1149,PS_00
12.0,1150,PS_02
12.0,1151,PS_00
12.0,1152,PS_00
12.0,1153,PS_00
12.0,1154,PS_00
12.0,1155,PS_02
12.0,1156,PS_00
12.0,1157,PS_04
12.0,1158,PS_00
12.0,1159,PS_02
12.0,1160,PS_00
12.0,1161,PS_00
12.0,1162,PS_00
12.0,1163,PS_00
12.0,1164,PS_03
12.0,1165,PS_07
12.0,1166,PS_02
12.0,1167,PS_02
12.0,1168,PS_02
12.0,1169,PS_02
12.0,1170,PS_07
12.0,1171,PS_00
12.0,1172,PS_00
12.0,1173,PS_02
12.0,1174,PS_02
12.0,1175,PS_03
12.0,1176,PS_00
12.0,1177,PS_07
12.0,1178,PS_07
12.0,1179,PS_00
12.0,1180,PS_04
12.0,1181,PS_04
12.0,1182,PS_00
12.0,1183,PS_02
12.0,1184,PS_00
12.0,1185,PS_02
12.0,1186,PS_09
12.0,1187,PS_02
12.0,1188,PS_00
12.0,1189,PS_03
12.0,1190,PS_02
12.0,1191,PS_00
12.0,1192,PS_07
12.0,1193,PS_02
12.0,1194,PS_00
12.0,1195,PS_02
12.0,1196,PS_00
12.0,1197,PS_00
12.0,1198,PS_07
12.0,1199,PS_02
12.0,1200,PS_00
12.0,1201,PS_03
12.0,1202,PS_02
12.0,1203,PS_02
12.0,1204,PS_07
12.0,1205,PS_00
12.0,1206,PS_00
12.0,1207,PS_00
12.0,1208,PS_07
12.0,1209,PS_00
12.0,1210,PS_00
12.0,1211,PS_00
12.0,1212,PS_02
12.0,1213,PS_03
12.0,1214,PS_00
12.0,1215,PS_03
12.0,1216,PS_02
12.0,1217,PS_00
12.0,1218,PS_02
12.0,1219,PS_02
12.0,1220,PS_04
12.0,1221,PS_11
12.0,1222,PS_02
12.0,1223,PS_00
12.0,1224,PS_00
12.0,1225,PS_00
12.0,1226,PS_02
12.0,1227,PS_02
12.0,1228,PS_00
12.0,1229,PS_00
12.0,1230,PS_03
12.0,1231,PS_04
12.0,1232,PS_02
12.0,1233,PS_00
12.0,1234,PS_03
12.0,1235,PS_00
12.0,1236,PS_00
12.0,1237,PS_07
12.0,1238,PS_00
12.0,1239,PS_02
12.0,1240,PS_02
12.0,1241,PS_02
12.0,1242,PS_02
12.0,1243,PS_02
12.0,1244,PS_06
12.0,1245,PS_04
12.0,1246,PS_00
12.0,1247,PS_02
12.0,1248,PS_00
12.0,1249,PS_11
12.0,1250,PS_02
12.0,1251,PS_07
12.0,1252,PS_00
12.0,1253,PS_02
12.0,1254,PS_02
12.0,1255,PS_07
12.0,1256,PS_05
12.0,1257,PS_04
12.0,1258,PS_05
12.0,1259,PS_02
12.0,1260,PS_02
12.0,1261,PS_02
12.0,1262,PS_00
12.0,1263,PS_00
12.0,1264,PS_02
12.0,1265,PS_02
12.0,1266,PS_02
12.0,1267,PS_02
12.0,1268,PS_02
12.0,1269,PS_12
12.0,1270,PS_03
12.0,1271,PS_02
12.0,1272,PS_05
12.0,1273,PS_04
12.0,1274,PS_00
12.0,1275,PS_00
12.0,1276,PS_02
12.0,1277,PS_03
12.0,1278,PS_00
12.0,1279,PS_02
12.0,1280,PS_02
12.0,1281,PS_02
12.0,1282,PS_00
12.0,1283,PS_02
12.0,1284,PS_00
12.0,1285,PS_02
12.0,1286,PS_07
12.0,1287,PS_00
12.0,1288,PS_04
12.0,1289,PS_02
12.0,1290,PS_02
12.0,1291,PS_00
12.0,1292,PS_02
12.0,1293,PS_02
12.0,1294,PS_00
12.0,1295,PS_06
12.0,1296,PS_07
12.0,1297,PS_04
12.0,1298,PS_07
12.0,1299,PS_05
12.0,1300,PS_04
12.0,1301,PS_00
12.0,1302,PS_00
12.0,1303,PS_05
12.0,1304,PS_07
12.0,1305,PS_00
12.0,1306,PS_02
12.0,1307,PS_02
12.0,1308,PS_02
12.0,1309,PS_02
12.0,1310,PS_00
12.0,1311,PS_02
12.0,1312,PS_04
12.0,1313,PS_05
12.0,1314,PS_02
12.0,1315,PS_02
12.0,1316,PS_00
12.0,1317,PS_00
12.0,1318,PS_02
12.0,1319,PS_02
12.0,1320,PS_04
12.0,1321,PS_11
12.0,1322,PS_00
12.0,1323,PS_05
12.0,1324,PS_02
12.0,1325,PS_00
12.0,1326,PS_07
12.0,1327,PS_00
12.0,1328,PS_00
12.0,1329,PS_02
12.0,1330,PS_00
12.0,1331,PS_00
12.0,1332,PS_02
12.0,1333,PS_02
12.0,1334,PS_00
12.0,1335,PS_00
12.0,1336,PS_02
12.0,1337,PS_03
12.0,1338,PS_04
12.0,1339,PS_00
12.0,1340,PS_07
12.0,1341,PS_04
12.0,1342,PS_02
12.0,1343,PS_00
12.0,1344,PS_00
12.0,1345,PS_04
12.0,1346,PS_03
12.0,1347,PS_05
12.0,1348,PS_00
12.0,1349,PS_00
12.0,1350,PS_02
12.0,1351,PS_03
12.0,1352,PS_07
12.0,1353,PS_00
12.0,1354,PS_00
12.0,1355,PS_02
12.0,1356,PS_07
12.0,1357,PS_02
12.0,1358,PS_00
12.0,1359,PS_00
12.0,1360,PS_00
12.0,1361,PS_02
12.0,1362,PS_03
12.0,1363,PS_00
12.0,1364,PS_00
12.0,1365,PS_00
12.0,1366,PS_07
12.0,1367,PS_04
12.0,1368,PS_05
12.0,1369,PS_00
12.0,1370,PS_00
12.0,1371,PS_02
12.0,1372,PS_05
12.0,1373,PS_02
12.0,1374,PS_04
12.0,1375,PS_00
12.0,1376,PS_02
12.0,1377,PS_03
12.0,1378,PS_00
12.0,1379,PS_02
12.0,1380,PS_03
12.0,1381,PS_02
12.0,1382,PS_02
12.0,1383,PS_02
12.0,1384,PS_00
12.0,1385,PS_05
12.0,1386,PS_00
12.0,1387,PS_02
12.0,1388,PS_02
12.0,1389,PS_02
12.0,1390,PS_00
12.0,1391,PS_09
12.0,1392,PS_03
12.0,1393,PS_02
12.0,1394,PS_00
12.0,1395,PS_00
12.0,1396,PS_02
12.0,1397,PS_12
12.0,1398,PS_00
12.0,1399,PS_00
12.0,1400,PS_04
12.0,1401,PS_00
12.0,1402,PS_03
12.0,1403,PS_02
12.0,1404,PS_00
12.0,1405,PS_03
12.0,1406,PS_07
12.0,1407,PS_03
12.0,1408,PS_07
12.0,1409,PS_03
12.0,1410,PS_00
12.0,1411,PS_02
12.0,1412,PS_00
12.0,1413,PS_00
12.0,1414,PS_02
12.0,1415,PS_03
12.0,1416,PS_00
12.0,1417,PS_00
12.0,1418,PS_00
12.0,1419,PS_02
12.0,1420,PS_04
12.0,1421,PS_03
12.0,1422,PS_11
12.0,1423,PS_02
12.0,1424,PS_02
12.0,1425,PS_00
12.0,1426,PS_02
12.0,1427,PS_00
12.0,1428,PS_06
12.0,1429,PS_07
12.0,1430,PS_06
12.0,1431,PS_02
12.0,1432,PS_02
12.0,1433,PS_02
12.0,1434,PS_00
12.0,1435,PS_06
12.0,1436,PS_02
12.0,1437,PS_00
12.0,1438,PS_04
12.0,1439,PS_00
12.0,1440,PS_00
12.0,1441,PS_02
12.0,1442,PS_00
12.0,1443,PS_00
12.0,1444,PS_00
12.0,1445,PS_02
12.0,1446,PS_00
12.0,1447,PS_02
12.0,1448,PS_06
12.0,1449,PS_02
12.0,1450,PS_00
12.0,1451,PS_02
12.0,1452,PS_02
12.0,1453,PS_02
12.0,1454,PS_00
12.0,1455,PS_02
12.0,1456,PS_00
12.0,1457,PS_07
12.0,1458,PS_02
12.0,1459,PS_00
12.0,1460,PS_03
12.0,1461,PS_02
12.0,1462,PS_00
12.0,1463,PS_07
12.0,1464,PS_02
12.0,1465,PS_00
12.0,1466,PS_07
12.0,1467,PS_06
12.0,1468,PS_02
12.0,1469,PS_02
12.0,1470,PS_02
12.0,1471,PS_00
12.0,1472,PS_02
12.0,1473,PS_00
12.0,1474,PS_05
12.0,1475,PS_00
12.0,1476,PS_00
12.0,1477,PS_02
12.0,1478,PS_00
12.0,1479,PS_00
12.0,1480,PS_00
12.0,1481,PS_00
12.0,1482,PS_00
12.0,1483,PS_00
12.0,1484,PS_07
12.0,1485,PS_09
12.0,1486,PS_06
12.0,1487,PS_02
12.0,1488,PS_00
12.0,1489,PS_00
12.0,1490,PS_00
12.0,1491,PS_02
12.0,1492,PS_02
12.0,1493,PS_00
12.0,1494,PS_00
12.0,1495,PS_00
12.0,1496,PS_09
12.0,1497,PS_00
12.0,1498,PS_00
12.0,1499,PS_02
12.0,1500,PS_07
12.0,1501,PS_00
12.0,1502,PS_02
12.0,1503,PS_00
12.0,1504,PS_00
12.0,1505,PS_02
12.0,1506,PS_06
12.0,1507,PS_07
12.0,1508,PS_02
12.0,1509,PS_00
12.0,1510,PS_00
12.0,1511,PS_02
12.0,1512,PS_02
12.0,1513,PS_02
12.0,1514,PS_00
12.0,1515,PS_00
12.0,1516,PS_00
12.0,1517,PS_04
12.0,1518,PS_04
12.0,1519,PS_00
12.0,1520,PS_00
12.0,1521,PS_06
12.0,1522,PS_02
12.0,1523,PS_00
12.0,1524,PS_02
12.0,1525,PS_04
12.0,1526,PS_00
12.0,1527,PS_00
12.0,1528,PS_00
12.0,1529,PS_02
12.0,1530,PS_02
12.0,1531,PS_04
12.0,1532,PS_02
12.0,1533,PS_02
12.0,1534,PS_02
12.0,1535,PS_02
12.0,1536,PS_02
12.0,1537,PS_02
12.0,1538,PS_00
12.0,1539,PS_00
12.0,1540,PS_07
12.0,1541,PS_02
12.0,1542,PS_02
12.0,1543,PS_05
12.0,1544,PS_00
12.0,1545,PS_00
12.0,1546,PS_00
12.0,1547,PS_03
12.0,1548,PS_03
12.0,1549,PS_00
12.0,1550,PS_00
12.0,1551,PS_00
12.0,1552,PS_00
12.0,1553,PS_07
12.0,1554,PS_02
12.0,1555,PS_02
12.0,1556,PS_00
12.0,1557,PS_02
12.0,1558,PS_00
12.0,1559,PS_07
12.0,1560,PS_05
12.0,1561,PS_02
12.0,1562,PS_06
12.0,1563,PS_00
12.0,1564,PS_06
12.0,1565,PS_00
12.0,1566,PS_02
12.0,1567,PS_00
12.0,1568,PS_00
12.0,1569,PS_02
12.0,1570,PS_00
12.0,1571,PS_02
12.0,1572,PS_12
12.0,1573,PS_04
12.0,1574,PS_06
12.0,1575,PS_00
12.0,1576,PS_06
12.0,1577,PS_06
12.0,1578,PS_02
12.0,1579,PS_03
12.0,1580,PS_00
12.0,1581,PS_05
12.0,1582,PS_00
12.0,1583,PS_00
12.0,1584,PS_00
12.0,1585,PS_02
12.0,1586,PS_00
12.0,1587,PS_00
12.0,1588,PS_02
12.0,1589,PS_00
12.0,1590,PS_00
12.0,1591,PS_00
12.0,1592,PS_00
12.0,1593,PS_00
12.0,1594,PS_03
12.0,1595,PS_03
12.0,1596,PS_02
12.0,1597,PS_02
12.0,1598,PS_04
12.0,1599,PS_02
12.0,1600,PS_02
12.0,1601,PS_00
12.0,1602,PS_11
12.0,1603,PS_00
12.0,1604,PS_04
12.0,1605,PS_00
12.0,1606,PS_00
12.0,1607,PS_02
12.0,1608,PS_03
12.0,1609,PS_00
12.0,1610,PS_00
12.0,1611,PS_00
12.0,1612,PS_00
12.0,1613,PS_11
12.0,1614,PS_04
12.0,1615,PS_03
12.0,1616,PS_02
12.0,1617,PS_02
12.0,1618,PS_02
12.0,1619,PS_00
12.0,1620,PS_12
12.0,1621,PS_05
12.0,1622,PS_07
12.0,1623,PS_04
12.0,1624,PS_00
12.0,1625,PS_02
12.0,1626,PS_02
12.0,1627,PS_03
12.0,1628,PS_02
12.0,1629,PS_02
12.0,1630,PS_02
12.0,1631,PS_02
12.0,1632,PS_03
12.0,1633,PS_02
12.0,1634,PS_00
12.0,1635,PS_00
12.0,1636,PS_00
12.0,1637,PS_00
12.0,1638,PS_00
12.0,1639,PS_07
12.0,1640,PS_02
12.0,1641,PS_02
12.0,1642,PS_00
12.0,1643,PS_00
12.0,1644,PS_02
12.0,1645,PS_02
12.0,1646,PS_04
12.0,1647,PS_02
12.0,1648,PS_00
12.0,1649,PS_07
12.0,1650,PS_00
12.0,1651,PS_02
12.0,1652,PS_02
12.0,1653,PS_02
12.0,1654,PS_00
12.0,1655,PS_03
12.0,1656,PS_00
12.0,1657,PS_02
12.0,1658,PS_02
12.0,1659,PS_02
12.0,1660,PS_02
12.0,1661,PS_02
12.0,1662,PS_03
12.0,1663,PS_07
12.0,1664,PS_00
12.0,1665,PS_04
12.0,1666,PS_06
12.0,1667,PS_04
12.0,1668,PS_02
12.0,1669,PS_06
12.0,1670,PS_02
12.0,1671,PS_02
12.0,1672,PS_00
12.0,1673,PS_02
12.0,1674,PS_00
12.0,1675,PS_02
12.0,1676,PS_11
12.0,1677,PS_02
12.0,1678,PS_02
12.0,1679,PS_00
12.0,1680,PS_03
12.0,1681,PS_05
12.0,1682,PS_02
12.0,1683,PS_00
12.0,1684,PS_02
12.0,1685,PS_00
12.0,1686,PS_02
12.0,1687,PS_00
12.0,1688,PS_07
12.0,1689,PS_02
12.0,1690,PS_00
12.0,1691,PS_03
12.0,1692,PS_11
12.0,1693,PS_00
12.0,1694,PS_06
12.0,1695,PS_04
12.0,1696,PS_02
12.0,1697,PS_04
12.0,1698,PS_07
12.0,1699,PS_02
12.0,1700,PS_07
12.0,1701,PS_07
12.0,1702,PS_02
12.0,1703,PS_07
12.0,1704,PS_06
12.0,1705,PS_06
12.0,1706,PS_07
12.0,1707,PS_02
12.0,1708,PS_02
12.0,1709,PS_02
12.0,1710,PS_07
12.0,1711,PS_02
12.0,1712,PS_02
12.0,1713,PS_00
12.0,1714,PS_00
12.0,1715,PS_02
12.0,1716,PS_00
12.0,1717,PS_02
12.0,1718,PS_02
12.0,1719,PS_00
12.0,1720,PS_00
12.0,1721,PS_02
12.0,1722,PS_00
12.0,1723,PS_03
12.0,1724,PS_00
12.0,1725,PS_04
12.0,1726,PS_03
12.0,1727,PS_02
12.0,1728,PS_02
12.0,1729,PS_07
12.0,1730,PS_00
12.0,1731,PS_00
12.0,1732,PS_06
12.0,1733,PS_02
12.0,1734,PS_02
12.0,1735,PS_02
12.0,1736,PS_02
12.0,1737,PS_00
12.0,1738,PS_04
12.0,1739,PS_02
12.0,1740,PS_07
12.0,1741,PS_00
12.0,1742,PS_00
12.0,1743,PS_00
12.0,1744,PS_02
12.0,1745,PS_00
12.0,1746,PS_07
12.0,1747,PS_04
12.0,1748,PS_00
12.0,1749,PS_00
12.0,1750,PS_07
12.0,1751,PS_07
12.0,1752,PS_07
12.0,1753,PS_00
12.0,1754,PS_00
12.0,1755,PS_02
12.0,1756,PS_02
12.0,1757,PS_03
12.0,1758,PS_02
12.0,1759,PS_00
12.0,1760,PS_03
12.0,1761,PS_06
12.0,1762,PS_03
12.0,1763,PS_02
12.0,1764,PS_02
12.0,1765,PS_02
12.0,1766,PS_00
12.0,1767,PS_00
12.0,1768,PS_02
12.0,1769,PS_02
12.0,1770,PS_02
12.0,1771,PS_07
12.0,1772,PS_02
12.0,1773,PS_02
12.0,1774,PS_00
12.0,1775,PS_00
12.0,1776,PS_00
12.0,1777,PS_02
12.0,1778,PS_02
12.0,1779,PS_00
12.0,1780,PS_00
12.0,1781,PS_02
12.0,1782,PS_00
12.0,1783,PS_00
12.0,1784,PS_02
12.0,1785,PS_02
12.0,1786,PS_02
12.0,1787,PS_02
12.0,1788,PS_00
12.0,1789,PS_07
12.0,1790,PS_00
12.0,1791,PS_02
12.0,1792,PS_02
12.0,1793,PS_00
12.0,1794,PS_00
12.0,1795,PS_00
12.0,1796,PS_02
12.0,1797,PS_02
12.0,1798,PS_00
12.0,1799,PS_04
12.0,1800,PS_00
12.0,1801,PS_02
12.0,1802,PS_03
12.0,1803,PS_03
12.0,1804,PS_07
12.0,1805,PS_04
12.0,1806,PS_06
12.0,1807,PS_02
12.0,1808,PS_03
12.0,1809,PS_00
12.0,1810,PS_00
12.0,1811,PS_00
12.0,1812,PS_02
12.0,1813,PS_02
12.0,1814,PS_00
12.0,1815,PS_02
12.0,1816,PS_00
12.0,1817,PS_12
12.0,1818,PS_00
12.0,1819,PS_02
12.0,1820,PS_02
12.0,1821,PS_02
12.0,1822,PS_02
12.0,1823,PS_00
12.0,1824,PS_00
12.0,1825,PS_05
12.0,1826,PS_00
12.0,1827,PS_05
12.0,1828,PS_00
12.0,1829,PS_00
12.0,1830,PS_03
12.0,1831,PS_00
12.0,1832,PS_06
12.0,1833,PS_06
12.0,1834,PS_02
12.0,1835,PS_02
12.0,1836,PS_00
12.0,1837,PS_02
12.0,1838,PS_02
12.0,1839,PS_00
12.0,1840,PS_00
12.0,1841,PS_07
12.0,1842,PS_00
12.0,1843,PS_02
12.0,1844,PS_00
12.0,1845,PS_06
12.0,1846,PS_04
12.0,1847,PS_00
12.0,1848,PS_00
12.0,1849,PS_02
12.0,1850,PS_02
12.0,1851,PS_00
12.0,1852,PS_00
12.0,1853,PS_00
12.0,1854,PS_02
12.0,1855,PS_00
12.0,1856,PS_07
12.0,1857,PS_00
12.0,1858,PS_02
12.0,1859,PS_02
12.0,1860,PS_04
12.0,1861,PS_00
12.0,1862,PS_00
12.0,1863,PS_02
12.0,1864,PS_00
12.0,1865,PS_00
12.0,1866,PS_02
12.0,1867,PS_07
12.0,1868,PS_02
12.0,1869,PS_02
12.0,1870,PS_07
12.0,1871,PS_02
12.0,1872,PS_02
12.0,1873,PS_00
12.0,1874,PS_00
12.0,1875,PS_00
12.0,1876,PS_03
12.0,1877,PS_00
12.0,1878,PS_02
12.0,1879,PS_02
12.0,1880,PS_05
12.0,1881,PS_04
12.0,1882,PS_02
12.0,1883,PS_00
12.0,1884,PS_02
12.0,1885,PS_03
12.0,1886,PS_07
12.0,1887,PS_02
12.0,1888,PS_07
12.0,1889,PS_00
12.0,1890,PS_00
12.0,1891,PS_00
12.0,1892,PS_06
12.0,1893,PS_02
12.0,1894,PS_00
12.0,1895,PS_00
12.0,1896,PS_00
12.0,1897,PS_02
12.0,1898,PS_09
12.0,1899,PS_00
12.0,1900,PS_00
12.0,1901,PS_00
12.0,1902,PS_07
12.0,1903,PS_00
12.0,1904,PS_00
12.0,1905,PS_00
12.0,1906,PS_00
12.0,1907,PS_00
12.0,1908,PS_00
12.0,1909,PS_00
12.0,1910,PS_02
12.0,1911,PS_07
12.0,1912,PS_07
12.0,1913,PS_11
12.0,1914,PS_02
12.0,1915,PS_00
12.0,1916,PS_02
12.0,1917,PS_02
12.0,1918,PS_00
12.0,1919,PS_00
12.0,1920,PS_07
12.0,1921,PS_00
12.0,1922,PS_00
12.0,1923,PS_00
12.0,1924,PS_00
12.0,1925,PS_00
12.0,1926,PS_03
12.0,1927,PS_02
12.0,1928,PS_00
12.0,1929,PS_03
12.0,1930,PS_00
12.0,1931,PS_02
12.0,1932,PS_11
12.0,1933,PS_04
12.0,1934,PS_00
12.0,1935,PS_02
12.0,1936,PS_00
12.0,1937,PS_07
12.0,1938,PS_03
12.0,1939,PS_00
12.0,1940,PS_04
12.0,1941,PS_06
12.0,1942,PS_04
12.0,1943,PS_02
12.0,1944,PS_00
12.0,1945,PS_03
12.0,1946,PS_07
12.0,1947,PS_02
12.0,1948,PS_07
12.0,1949,PS_02
12.0,1950,PS_00
12.0,1951,PS_02
12.0,1952,PS_02
12.0,1953,PS_00
12.0,1954,PS_04
12.0,1955,PS_03
12.0,1956,PS_02
12.0,1957,PS_02
12.0,1958,PS_07
12.0,1959,PS_03
12.0,1960,PS_06
12.0,1961,PS_00
12.0,1962,PS_02
12.0,1963,PS_05
12.0,1964,PS_00
12.0,1965,PS_02
12.0,1966,PS_00
12.0,1967,PS_00
12.0,1968,PS_02
12.0,1969,PS_06
12.0,1970,PS_00
12.0,1971,PS_00
12.0,1972,PS_03
12.0,1973,PS_04
12.0,1974,PS_02
12.0,1975,PS_00
12.0,1976,PS_03
12.0,1977,PS_07
12.0,1978,PS_00
12.0,1979,PS_00
12.0,1980,PS_02
12.0,1981,PS_02
12.0,1982,PS_02
12.0,1983,PS_02
12.0,1984,PS_02
12.0,1985,PS_00
12.0,1986,PS_02
12.0,1987,PS_07
12.0,1988,PS_03
12.0,1989,PS_03
12.0,1990,PS_00
12.0,1991,PS_00
12.0,1992,PS_00
12.0,1993,PS_02
12.0,1994,PS_04
12.0,1995,PS_00
12.0,1996,PS_06
12.0,1997,PS_00
12.0,1998,PS_00
12.0,1999,PS_00
20.0,0,PS_00
20.0,1,PS_00
20.0,2,PS_01
20.0,3,PS_01
20.0,4,PS_04
20.0,5,PS_01
20.0,6,PS_01
20.0,7,PS_04
20.0,8,PS_11
20.0,9,PS_04
20.0,10,PS_04
20.0,11,PS_01
20.0,12,PS_01
20.0,13,PS_01
20.0,14,PS_00
20.0,15,PS_04
20.0,16,PS_01
20.0,17,PS_00
20.0,18,PS_01
20.0,19,PS_01
20.0,20,PS_11
20.0,21,PS_11
20.0,22,PS_04
20.0,23,PS_01
20.0,24,PS_01
20.0,25,PS_01
20.0,26,PS_11
20.0,27,PS_00
20.0,28,PS_01
20.0,29,PS_01
20.0,30,PS_04
20.0,31,PS_00
20.0,32,PS_01
20.0,33,PS_01
20.0,34,PS_04
20.0,35,PS_01
20.0,36,PS_01
20.0,37,PS_00
20.0,38,PS_00
20.0,39,PS_04
20.0,40,PS_01
20.0,41,PS_04
20.0,42,PS_01
20.0,43,PS_00
20.0,44,PS_00
20.0,45,PS_04
20.0,46,PS_07
20.0,47,PS_01
20.0,48,PS_01
20.0,49,PS_11
20.0,50,PS_00
20.0,51,PS_01
20.0,52,PS_01
20.0,53,PS_12
20.0,54,PS_04
20.0,55,PS_12
20.0,56,PS_00
20.0,57,PS_01
20.0,58,PS_01
20.0,59,PS_01
20.0,60,PS_04
20.0,61,PS_00
20.0,62,PS_11
20.0,63,PS_12
20.0,64,PS_00
20.0,65,PS_01
20.0,66,PS_04
20.0,67,PS_05
20.0,68,PS_04
20.0,69,PS_04
20.0,70,PS_04
20.0,71,PS_01
20.0,72,PS_04
20.0,73,PS_01
20.0,74,PS_01
20.0,75,PS_05
20.0,76,PS_01
20.0,77,PS_01
20.0,78,PS_04
20.0,79,PS_07
20.0,80,PS_00
20.0,81,PS_04
20.0,82,PS_11
20.0,83,PS_00
20.0,84,PS_01
20.0,85,PS_01
20.0,86,PS_00
20.0,87,PS_04
20.0,88,PS_04
20.0,89,PS_04
20.0,90,PS_00
20.0,91,PS_01
20.0,92,PS_00
20.0,93,PS_01
20.0,94,PS_01
20.0,95,PS_04
20.0,96,PS_00
20.0,97,PS_04
20.0,98,PS_01
20.0,99,PS_01
20.0,100,PS_04
20.0,101,PS_00
20.0,102,PS_11
20.0,103,PS_01
20.0,104,PS_01
20.0,105,PS_01
20.0,106,PS_11
20.0,107,PS_04
20.0,108,PS_01
20.0,109,PS_01
20.0,110,PS_01
20.0,111,PS_04
20.0,112,PS_01
20.0,113,PS_11
20.0,114,PS_05
20.0,115,PS_01
20.0,116,PS_01
20.0,117,PS_11
20.0,118,PS_01
20.0,119,PS_01
20.0,120,PS_01
20.0,121,PS_00
20.0,122,PS_01
20.0,123,PS_04
20.0,124,PS_04
20.0,125,PS_04
20.0,126,PS_11
20.0,127,PS_01
20.0,128,PS_00
20.0,129,PS_01
20.0,130,PS_11
20.0,131,PS_00
20.0,132,PS_00
20.0,133,PS_00
20.0,134,PS_11
20.0,135,PS_04
20.0,136,PS_05
20.0,137,PS_01
20.0,138,PS_00
20.0,139,PS_01
20.0,140,PS_01
20.0,141,PS_01
20.0,142,PS_11
20.0,143,PS_00
20.0,144,PS_04
20.0,145,PS_01
20.0,146,PS_11
20.0,147,PS_04
20.0,148,PS_04
20.0,149,PS_01
20.0,150,PS_01
20.0,151,PS_00
20.0,152,PS_01
20.0,153,PS_01
20.0,154,PS_04
20.0,155,PS_07
20.0,156,PS_04
20.0,157,PS_00
20.0,158,PS_00
20.0,159,PS_02
20.0,160,PS_01
20.0,161,PS_04
20.0,162,PS_01
20.0,163,PS_00
20.0,164,PS_05
20.0,165,PS_00
20.0,166,PS_00
20.0,167,PS_00
20.0,168,PS_02
20.0,169,PS_01
20.0,170,PS_01
20.0,171,PS_07
20.0,172,PS_00
20.0,173,PS_04
20.0,174,PS_01
20.0,175,PS_01
20.0,176,PS_01
20.0,177,PS_01
20.0,178,PS_11
20.0,179,PS_01
20.0,180,PS_01
20.0,181,PS_01
20.0,182,PS_02
20.0,183,PS_04
20.0,184,PS_01
20.0,185,PS_01
20.0,186,PS_01
20.0,187,PS_05
20.0,188,PS_02
20.0,189,PS_11
20.0,190,PS_04
20.0,191,PS_04
20.0,192,PS_04
20.0,193,PS_04
20.0,194,PS_01
20.0,195,PS_11
20.0,196,PS_01
20.0,197,PS_01
20.0,198,PS_04
20.0,199,PS_04
20.0,200,PS_01
20.0,201,PS_01
20.0,202,PS_04
20.0,203,PS_11
20.0,204,PS_04
20.0,205,PS_01
20.0,206,PS_04
20.0,207,PS_04
20.0,208,PS_04
20.0,209,PS_04
20.0,210,PS_01
20.0,211,PS_11
20.0,212,PS_04
20.0,213,PS_01
20.0,214,PS_00
20.0,215,PS_04
20.0,216,PS_11
20.0,217,PS_05
20.0,218,PS_01
20.0,219,PS_04
20.0,220,PS_04
20.0,221,PS_05
20.0,222,PS_01
20.0,223,PS_00
20.0,224,PS_12
20.0,225,PS_04
20.0,226,PS_07
20.0,227,PS_01
20.0,228,PS_04
20.0,229,PS_04
20.0,230,PS_01
20.0,231,PS_07
20.0,232,PS_01
20.0,233,PS_02
20.0,234,PS_00
20.0,235,PS_04
20.0,236,PS_04
20.0,237,PS_04
20.0,238,PS_00
20.0,239,PS_11
20.0,240,PS_01
20.0,241,PS_02
20.0,242,PS_00
20.0,243,PS_01
20.0,244,PS_02
20.0,245,PS_04
20.0,246,PS_02
20.0,247,PS_00
20.0,248,PS_01
20.0,249,PS_01
20.0,250,PS_00
20.0,251,PS_04
20.0,252,PS_01
20.0,253,PS_00
20.0,254,PS_11
20.0,255,PS_04
20.0,256,PS_11
20.0,257,PS_11
20.0,258,PS_01
20.0,259,PS_01
20.0,260,PS_00
20.0,261,PS_04
20.0,262,PS_01
20.0,263,PS_01
20.0,264,PS_04
20.0,265,PS_04
20.0,266,PS_02
20.0,267,PS_04
20.0,268,PS_04
20.0,269,PS_00
20.0,270,PS_01
20.0,271,PS_04
20.0,272,PS_01
20.0,273,PS_04
20.0,274,PS_01
20.0,275,PS_01
20.0,276,PS_00
20.0,277,PS_01
20.0,278,PS_00
20.0,279,PS_01
20.0,280,PS_02
20.0,281,PS_11
20.0,282,PS_00
20.0,283,PS_04
20.0,284,PS_00
20.0,285,PS_04
20.0,286,PS_04
20.0,287,PS_01
20.0,288,PS_02
20.0,289,PS_01
20.0,290,PS_01
20.0,291,PS_01
20.0,292,PS_04
20.0,293,PS_11
20.0,294,PS_01
20.0,295,PS_12
20.0,296,PS_00
20.0,297,PS_00
20.0,298,PS_04
20.0,299,PS_04
20.0,300,PS_01
20.0,301,PS_00
20.0,302,PS_04
20.0,303,PS_04
20.0,304,PS_06
20.0,305,PS_00
20.0,306,PS_01
20.0,307,PS_04
20.0,308,PS_01
20.0,309,PS_02
20.0,310,PS_11
20.0,311,PS_01
20.0,312,PS_00
20.0,313,PS_05
20.0,314,PS_01
20.0,315,PS_00
20.0,316,PS_00
20.0,317,PS_04
20.0,318,PS_01
20.0,319,PS_04
20.0,320,PS_12
20.0,321,PS_04
20.0,322,PS_01
20.0,323,PS_00
20.0,324,PS_04
20.0,325,PS_00
20.0,326,PS_01
20.0,327,PS_05
20.0,328,PS_00
20.0,329,PS_00
20.0,330,PS_01
20.0,331,PS_01
20.0,332,PS_01
20.0,333,PS_01
20.0,334,PS_04
20.0,335,PS_04
20.0,336,PS_04
20.0,337,PS_01
20.0,338,PS_01
20.0,339,PS_04
20.0,340,PS_00
20.0,341,PS_04
20.0,342,PS_01
20.0,343,PS_00
20.0,344,PS_01
20.0,345,PS_04
20.0,346,PS_01
20.0,347,PS_04
20.0,348,PS_01
20.0,349,PS_00
20.0,350,PS_04
20.0,351,PS_01
20.0,352,PS_00
20.0,353,PS_00
20.0,354,PS_01
20.0,355,PS_05
20.0,356,PS_04
20.0,357,PS_05
20.0,358,PS_01
20.0,359,PS_01
20.0,360,PS_01
20.0,361,PS_00
20.0,362,PS_11
20.0,363,PS_04
20.0,364,PS_01
20.0,365,PS_05
20.0,366,PS_11
20.0,367,PS_04
20.0,368,PS_00
20.0,369,PS_11
20.0,370,PS_01
20.0,371,PS_04
20.0,372,PS_01
20.0,373,PS_04
20.0,374,PS_01
20.0,375,PS_04
20.0,376,PS_04
20.0,377,PS_04
20.0,378,PS_02
20.0,379,PS_04
20.0,380,PS_11
20.0,381,PS_01
20.0,382,PS_05
20.0,383,PS_11
20.0,384,PS_04
20.0,385,PS_04
20.0,386,PS_01
20.0,387,PS_01
20.0,388,PS_02
20.0,389,PS_04
20.0,390,PS_04
20.0,391,PS_04
20.0,392,PS_01
20.0,393,PS_11
20.0,394,PS_01
20.0,395,PS_04
20.0,396,PS_04
20.0,397,PS_01
20.0,398,PS_04
20.0,399,PS_00
20.0,400,PS_01
20.0,401,PS_00
20.0,402,PS_01
20.0,403,PS_01
20.0,404,PS_12
20.0,405,PS_00
20.0,406,PS_12
20.0,407,PS_04
20.0,408,PS_04
20.0,409,PS_01
20.0,410,PS_04
20.0,411,PS_00
20.0,412,PS_01
20.0,413,PS_04
20.0,414,PS_05
20.0,415,PS_04
20.0,416,PS_11
20.0,417,PS_01
20.0,418,PS_01
20.0,419,PS_04
20.0,420,PS_11
20.0,421,PS_00
20.0,422,PS_01
20.0,423,PS_04
20.0,424,PS_00
20.0,425,PS_01
20.0,426,PS_01
20.0,427,PS_04
20.0,428,PS_01
20.0,429,PS_02
20.0,430,PS_00
20.0,431,PS_01
20.0,432,PS_01
20.0,433,PS_01
20.0,434,PS_00
20.0,435,PS_04
20.0,436,PS_05
20.0,437,PS_00
20.0,438,PS_00
20.0,439,PS_01
20.0,440,PS_00
20.0,441,PS_04
20.0,442,PS_01
20.0,443,PS_00
20.0,444,PS_04
20.0,445,PS_01
20.0,446,PS_11
20.0,447,PS_04
20.0,448,PS_00
20.0,449,PS_04
20.0,450,PS_00
20.0,451,PS_01
20.0,452,PS_11
20.0,453,PS_00
20.0,454,PS_05
20.0,455,PS_12
20.0,456,PS_11
20.0,457,PS_01
20.0,458,PS_00
20.0,459,PS_04
20.0,460,PS_04
20.0,461,PS_01
20.0,462,PS_04
20.0,463,PS_11
20.0,464,PS_04
20.0,465,PS_04
20.0,466,PS_01
20.0,467,PS_00
20.0,468,PS_01
20.0,469,PS_04
20.0,470,PS_01
20.0,471,PS_04
20.0,472,PS_04
20.0,473,PS_04
20.0,474,PS_04
20.0,475,PS_00
20.0,476,PS_00
20.0,477,PS_11
20.0,478,PS_07
20.0,479,PS_04
20.0,480,PS_00
20.0,481,PS_04
20.0,482,PS_01
20.0,483,PS_11
20.0,484,PS_01
20.0,485,PS_04
20.0,486,PS_11
20.0,487,PS_02
20.0,488,PS_04
20.0,489,PS_01
20.0,490,PS_00
20.0,491,PS_11
20.0,492,PS_01
20.0,493,PS_01
20.0,494,PS_11
20.0,495,PS_07
20.0,496,PS_11
20.0,497,PS_01
20.0,498,PS_04
20.0,499,PS_04
20.0,500,PS_01
20.0,501,PS_04
20.0,502,PS_00
20.0,503,PS_07
20.0,504,PS_00
20.0,505,PS_11
20.0,506,PS_04
20.0,507,PS_00
20.0,508,PS_01
20.0,509,PS_01
20.0,510,PS_01
20.0,511,PS_00
20.0,512,PS_01
20.0,513,PS_02
20.0,514,PS_01
20.0,515,PS_01
20.0,516,PS_01
20.0,517,PS_04
20.0,518,PS_00
20.0,519,PS_00
20.0,520,PS_11
20.0,521,PS_00
20.0,522,PS_07
20.0,523,PS_12
20.0,524,PS_01
20.0,525,PS_04
20.0,526,PS_01
20.0,527,PS_00
20.0,528,PS_04
20.0,529,PS_11
20.0,530,PS_04
20.0,531,PS_04
20.0,532,PS_04
20.0,533,PS_11
20.0,534,PS_04
20.0,535,PS_01
20.0,536,PS_04
20.0,537,PS_12
20.0,538,PS_04
20.0,539,PS_01
20.0,540,PS_04
20.0,541,PS_01
20.0,542,PS_00
20.0,543,PS_01
20.0,544,PS_11
20.0,545,PS_01
20.0,546,PS_01
20.0,547,PS_04
20.0,548,PS_12
20.0,549,PS_01
20.0,550,PS_11
20.0,551,PS_04
20.0,552,PS_01
20.0,553,PS_07
20.0,554,PS_01
20.0,555,PS_01
20.0,556,PS_01
20.0,557,PS_04
20.0,558,PS_01
20.0,559,PS_00
20.0,560,PS_04
20.0,561,PS_05
20.0,562,PS_11
20.0,563,PS_04
20.0,564,PS_01
20.0,565,PS_00
20.0,566,PS_01
20.0,567,PS_01
20.0,568,PS_01
20.0,569,PS_11
20.0,570,PS_01
20.0,571,PS_02
20.0,572,PS_04
20.0,573,PS_00
20.0,574,PS_01
20.0,575,PS_11
20.0,576,PS_01
20.0,577,PS_01
20.0,578,PS_11
20.0,579,PS_01
20.0,580,PS_11
20.0,581,PS_11
20.0,582,PS_05
20.0,583,PS_11
20.0,584,PS_01
20.0,585,PS_02
20.0,586,PS_01
20.0,587,PS_00
20.0,588,PS_01
20.0,589,PS_01
20.0,590,PS_04
20.0,591,PS_11
20.0,592,PS_00
20.0,593,PS_00
20.0,594,PS_01
20.0,595,PS_01
20.0,596,PS_11
20.0,597,PS_01
20.0,598,PS_00
20.0,599,PS_11
20.0,600,PS_01
20.0,601,PS_00
20.0,602,PS_08
20.0,603,PS_00
20.0,604,PS_04
20.0,605,PS_01
20.0,606,PS_01
20.0,607,PS_04
20.0,608,PS_00
20.0,609,PS_04
20.0,610,PS_04
20.0,611,PS_01
20.0,612,PS_00
20.0,613,PS_02
20.0,614,PS_01
20.0,615,PS_01
20.0,616,PS_04
20.0,617,PS_01
20.0,618,PS_04
20.0,619,PS_04
20.0,620,PS_01
20.0,621,PS_04
20.0,622,PS_01
20.0,623,PS_01
20.0,624,PS_01
20.0,625,PS_01
20.0,626,PS_00
20.0,627,PS_04
20.0,628,PS_00
20.0,629,PS_04
20.0,630,PS_11
20.0,631,PS_11
20.0,632,PS_01
20.0,633,PS_11
20.0,634,PS_04
20.0,635,PS_04
20.0,636,PS_01
20.0,637,PS_01
20.0,638,PS_00
20.0,639,PS_00
20.0,640,PS_04
20.0,641,PS_00
20.0,642,PS_01
20.0,643,PS_04
20.0,644,PS_04
20.0,645,PS_00
20.0,646,PS_00
20.0,647,PS_02
20.0,648,PS_04
20.0,649,PS_00
20.0,650,PS_00
20.0,651,PS_00
20.0,652,PS_00
20.0,653,PS_01
20.0,654,PS_01
20.0,655,PS_04
20.0,656,PS_04
20.0,657,PS_04
20.0,658,PS_11
20.0,659,PS_07
20.0,660,PS_04
20.0,661,PS_00
20.0,662,PS_04
20.0,663,PS_01
20.0,664,PS_01
20.0,665,PS_01
20.0,666,PS_04
20.0,667,PS_04
20.0,668,PS_04
20.0,669,PS_11
20.0,670,PS_00
20.0,671,PS_04
20.0,672,PS_01
20.0,673,PS_04
20.0,674,PS_01
20.0,675,PS_04
20.0,676,PS_04
20.0,677,PS_04
20.0,678,PS_01
20.0,679,PS_00
20.0,680,PS_04
20.0,681,PS_08
20.0,682,PS_01
20.0,683,PS_01
20.0,684,PS_01
20.0,685,PS_01
20.0,686,PS_01
20.0,687,PS_04
20.0,688,PS_00
20.0,689,PS_01
20.0,690,PS_01
20.0,691,PS_05
20.0,692,PS_00
20.0,693,PS_01
20.0,694,PS_01
20.0,695,PS_01
20.0,696,PS_00
20.0,697,PS_04
20.0,698,PS_04
20.0,699,PS_01
20.0,700,PS_01
20.0,701,PS_04
20.0,702,PS_04
20.0,703,PS_04
20.0,704,PS_00
20.0,705,PS_04
20.0,706,PS_04
20.0,707,PS_04
20.0,708,PS_01
20.0,709,PS_01
20.0,710,PS_00
20.0,711,PS_04
20.0,712,PS_00
20.0,713,PS_04
20.0,714,PS_01
20.0,715,PS_01
20.0,716,PS_04
20.0,717,PS_04
20.0,718,PS_01
20.0,719,PS_01
20.0,720,PS_01
20.0,721,PS_04
20.0,722,PS_00
20.0,723,PS_01
20.0,724,PS_00
20.0,725,PS_04
20.0,726,PS_00
20.0,727,PS_12
20.0,728,PS_04
20.0,729,PS_01
20.0,730,PS_04
20.0,731,PS_01
20.0,732,PS_04
20.0,733,PS_04
20.0,734,PS_01
20.0,735,PS_01
20.0,736,PS_11
20.0,737,PS_11
20.0,738,PS_01
20.0,739,PS_04
20.0,740,PS_00
20.0,741,PS_04
20.0,742,PS_01
20.0,743,PS_05
20.0,744,PS_01
20.0,745,PS_04
20.0,746,PS_04
20.0,747,PS_01
20.0,748,PS_00
20.0,749,PS_01
20.0,750,PS_01
20.0,751,PS_01
20.0,752,PS_01
20.0,753,PS_07
20.0,754,PS_12
20.0,755,PS_04
20.0,756,PS_01
20.0,757,PS_04
20.0,758,PS_11
20.0,759,PS_01
20.0,760,PS_01
20.0,761,PS_11
20.0,762,PS_01
20.0,763,PS_01
20.0,764,PS_01
20.0,765,PS_04
20.0,766,PS_01
20.0,767,PS_00
20.0,768,PS_01
20.0,769,PS_01
20.0,770,PS_01
20.0,771,PS_00
20.0,772,PS_01
20.0,773,PS_04
20.0,774,PS_01
20.0,775,PS_01
20.0,776,PS_01
20.0,777,PS_01
20.0,778,PS_04
20.0,779,PS_00
20.0,780,PS_04
20.0,781,PS_04
20.0,782,PS_04
20.0,783,PS_01
20.0,784,PS_01
20.0,785,PS_04
20.0,786,PS_01
20.0,787,PS_01
20.0,788,PS_04
20.0,789,PS_11
20.0,790,PS_01
20.0,791,PS_01
20.0,792,PS_00
20.0,793,PS_04
20.0,794,PS_01
20.0,795,PS_00
20.0,796,PS_01
20.0,797,PS_04
20.0,798,PS_04
20.0,799,PS_00
20.0,800,PS_05
20.0,801,PS_05
20.0,802,PS_01
20.0,803,PS_01
20.0,804,PS_04
20.0,805,PS_01
20.0,806,PS_01
20.0,807,PS_01
20.0,808,PS_00
20.0,809,PS_01
20.0,810,PS_11
20.0,811,PS_11
20.0,812,PS_11
20.0,813,PS_01
20.0,814,PS_00
20.0,815,PS_04
20.0,816,PS_02
20.0,817,PS_00
20.0,818,PS_00
20.0,819,PS_01
20.0,820,PS_01
20.0,821,PS_01
20.0,822,PS_01
20.0,823,PS_00
20.0,824,PS_00
20.0,825,PS_01
20.0,826,PS_04
20.0,827,PS_05
20.0,828,PS_00
20.0,829,PS_01
20.0,830,PS_11
20.0,831,PS_00
20.0,832,PS_04
20.0,833,PS_01
20.0,834,PS_00
20.0,835,PS_01
20.0,836,PS_01
20.0,837,PS_01
20.0,838,PS_08
20.0,839,PS_01
20.0,840,PS_04
20.0,841,PS_01
20.0,842,PS_04
20.0,843,PS_00
20.0,844,PS_11
20.0,845,PS_04
20.0,846,PS_01
20.0,847,PS_01
20.0,848,PS_01
20.0,849,PS_07
20.0,850,PS_01
20.0,851,PS_01
20.0,852,PS_01
20.0,853,PS_01
20.0,854,PS_04
20.0,855,PS_01
20.0,856,PS_01
20.0,857,PS_01
20.0,858,PS_11
20.0,859,PS_02
20.0,860,PS_01
20.0,861,PS_04
20.0,862,PS_01
20.0,863,PS_04
20.0,864,PS_04
20.0,865,PS_01
20.0,866,PS_01
20.0,867,PS_04
20.0,868,PS_01
20.0,869,PS_04
20.0,870,PS_07
20.0,871,PS_04
20.0,872,PS_01
20.0,873,PS_00
20.0,874,PS_00
20.0,875,PS_04
20.0,876,PS_01
20.0,877,PS_00
20.0,878,PS_04
20.0,879,PS_04
20.0,880,PS_01
20.0,881,PS_01
20.0,882,PS_01
20.0,883,PS_04
20.0,884,PS_04
20.0,885,PS_01
20.0,886,PS_00
20.0,887,PS_01
20.0,888,PS_04
20.0,889,PS_00
20.0,890,PS_08
20.0,891,PS_01
20.0,892,PS_00
20.0,893,PS_04
20.0,894,PS_00
20.0,895,PS_00
20.0,896,PS_04
20.0,897,PS_04
20.0,898,PS_02
20.0,899,PS_04
20.0,900,PS_00
20.0,901,PS_11
20.0,902,PS_01
20.0,903,PS_00
20.0,904,PS_01
20.0,905,PS_04
20.0,906,PS_00
20.0,907,PS_04
20.0,908,PS_05
20.0,909,PS_01
20.0,910,PS_04
20.0,911,PS_04
20.0,912,PS_01
20.0,913,PS_04
20.0,914,PS_01
20.0,915,PS_01
20.0,916,PS_04
20.0,917,PS_02
20.0,918,PS_12
20.0,919,PS_01
20.0,920,PS_00
20.0,921,PS_01
20.0,922,PS_01
20.0,923,PS_01
20.0,924,PS_04
20.0,925,PS_00
20.0,926,PS_11
20.0,927,PS_04
20.0,928,PS_11
20.0,929,PS_01
20.0,930,PS_01
20.0,931,PS_04
20.0,932,PS_01
20.0,933,PS_04
20.0,934,PS_11
20.0,935,PS_04
20.0,936,PS_01
20.0,937,PS_01
20.0,938,PS_11
20.0,939,PS_01
20.0,940,PS_04
20.0,941,PS_01
20.0,942,PS_01
20.0,943,PS_01
20.0,944,PS_01
20.0,945,PS_01
20.0,946,PS_01
20.0,947,PS_04
20.0,948,PS_02
20.0,949,PS_04
20.0,950,PS_04
20.0,951,PS_04
20.0,952,PS_00
20.0,953,PS_00
20.0,954,PS_00
20.0,955,PS_01
20.0,956,PS_01
20.0,957,PS_04
20.0,958,PS_01
20.0,959,PS_12
20.0,960,PS_00
20.0,961,PS_01
20.0,962,PS_01
20.0,963,PS_01
20.0,964,PS_04
20.0,965,PS_04
20.0,966,PS_04
20.0,967,PS_00
20.0,968,PS_01
20.0,969,PS_01
20.0,970,PS_04
20.0,971,PS_01
20.0,972,PS_04
20.0,973,PS_01
20.0,974,PS_04
20.0,975,PS_01
20.0,976,PS_04
20.0,977,PS_01
20.0,978,PS_01
20.0,979,PS_05
20.0,980,PS_00
20.0,981,PS_01
20.0,982,PS_04
20.0,983,PS_01
20.0,984,PS_04
20.0,985,PS_00
20.0,986,PS_02
20.0,987,PS_01
20.0,988,PS_01
20.0,989,PS_01
20.0,990,PS_04
20.0,991,PS_12
20.0,992,PS_04
20.0,993,PS_01
20.0,994,PS_04
20.0,995,PS_00
20.0,996,PS_05
20.0,997,PS_04
20.0,998,PS_04
20.0,999,PS_01
20.0,1000,PS_04
20.0,1001,PS_04
20.0,1002,PS_04
20.0,1003,PS_01
20.0,1004,PS_11
20.0,1005,PS_01
20.0,1006,PS_01
20.0,1007,PS_04
20.0,1008,PS_01
20.0,1009,PS_00
20.0,1010,PS_01
20.0,1011,PS_01
20.0,1012,PS_11
20.0,1013,PS_12
20.0,1014,PS_04
20.0,1015,PS_04
20.0,1016,PS_00
20.0,1017,PS_00
20.0,1018,PS_05
20.0,1019,PS_07
20.0,1020,PS_00
20.0,1021,PS_04
20.0,1022,PS_04
20.0,1023,PS_01
20.0,1024,PS_12
20.0,1025,PS_00
20.0,1026,PS_01
20.0,1027,PS_11
20.0,1028,PS_00
20.0,1029,PS_01
20.0,1030,PS_01
20.0,1031,PS_00
20.0,1032,PS_01
20.0,1033,PS_01
20.0,1034,PS_04
20.0,1035,PS_04
20.0,1036,PS_04
20.0,1037,PS_04
20.0,1038,PS_04
20.0,1039,PS_11
20.0,1040,PS_01
20.0,1041,PS_04
20.0,1042,PS_00
20.0,1043,PS_05
20.0,1044,PS_04
20.0,1045,PS_04
20.0,1046,PS_01
20.0,1047,PS_04
20.0,1048,PS_01
20.0,1049,PS_00
20.0,1050,PS_01
20.0,1051,PS_11
20.0,1052,PS_00
20.0,1053,PS_11
20.0,1054,PS_05
20.0,1055,PS_01
20.0,1056,PS_11
20.0,1057,PS_01
20.0,1058,PS_04
20.0,1059,PS_00
20.0,1060,PS_00
20.0,1061,PS_00
20.0,1062,PS_04
20.0,1063,PS_12
20.0,1064,PS_01
20.0,1065,PS_01
20.0,1066,PS_01
20.0,1067,PS_04
20.0,1068,PS_04
20.0,1069,PS_00
20.0,1070,PS_11
20.0,1071,PS_11
20.0,1072,PS_00
20.0,1073,PS_01
20.0,1074,PS_04
20.0,1075,PS_01
20.0,1076,PS_01
20.0,1077,PS_01
20.0,1078,PS_11
20.0,1079,PS_04
20.0,1080,PS_01
20.0,1081,PS_01
20.0,1082,PS_04
20.0,1083,PS_01
20.0,1084,PS_04
20.0,1085,PS_04
20.0,1086,PS_00
20.0,1087,PS_01
20.0,1088,PS_04
20.0,1089,PS_11
20.0,1090,PS_04
20.0,1091,PS_01
20.0,1092,PS_04
20.0,1093,PS_00
20.0,1094,PS_04
20.0,1095,PS_04
20.0,1096,PS_11
20.0,1097,PS_01
20.0,1098,PS_01
20.0,1099,PS_04
20.0,1100,PS_11
20.0,1101,PS_00
20.0,1102,PS_00
20.0,1103,PS_01
20.0,1104,PS_04
20.0,1105,PS_01
20.0,1106,PS_04
20.0,1107,PS_04
20.0,1108,PS_00
20.0,1109,PS_04
20.0,1110,PS_01
20.0,1111,PS_11
20.0,1112,PS_04
20.0,1113,PS_01
20.0,1114,PS_01
20.0,1115,PS_01
20.0,1116,PS_04
20.0,1117,PS_01
20.0,1118,PS_04
20.0,1119,PS_00
20.0,1120,PS_01
20.0,1121,PS_01
20.0,1122,PS_01
20.0,1123,PS_01
20.0,1124,PS_01
20.0,1125,PS_11
20.0,1126,PS_00
20.0,1127,PS_04
20.0,1128,PS_08
20.0,1129,PS_04
20.0,1130,PS_12
20.0,1131,PS_00
20.0,1132,PS_00
20.0,1133,PS_04
20.0,1134,PS_01
20.0,1135,PS_04
20.0,1136,PS_04
20.0,1137,PS_01
20.0,1138,PS_00
20.0,1139,PS_01
20.0,1140,PS_11
20.0,1141,PS_04
20.0,1142,PS_01
20.0,1143,PS_01
20.0,1144,PS_01
20.0,1145,PS_01
20.0,1146,PS_04
20.0,1147,PS_01
20.0,1148,PS_00
20.0,1149,PS_04
20.0,1150,PS_01
20.0,1151,PS_04
20.0,1152,PS_01
20.0,1153,PS_04
20.0,1154,PS_04
20.0,1155,PS_00
20.0,1156,PS_04
20.0,1157,PS_04
20.0,1158,PS_01
20.0,1159,PS_01
20.0,1160,PS_04
20.0,1161,PS_04
20.0,1162,PS_07
20.0,1163,PS_04
20.0,1164,PS_01
20.0,1165,PS_04
20.0,1166,PS_00
20.0,1167,PS_06
20.0,1168,PS_05
20.0,1169,PS_01
20.0,1170,PS_11
20.0,1171,PS_04
20.0,1172,PS_04
20.0,1173,PS_05
20.0,1174,PS_01
20.0,1175,PS_01
20.0,1176,PS_00
20.0,1177,PS_04
20.0,1178,PS_04
20.0,1179,PS_01
20.0,1180,PS_08
20.0,1181,PS_12
20.0,1182,PS_04
20.0,1183,PS_00
20.0,1184,PS_04
20.0,1185,PS_00
20.0,1186,PS_01
20.0,1187,PS_00
20.0,1188,PS_01
20.0,1189,PS_02
20.0,1190,PS_01
20.0,1191,PS_01
20.0,1192,PS_11
20.0,1193,PS_05
20.0,1194,PS_04
20.0,1195,PS_00
20.0,1196,PS_00
20.0,1197,PS_00
20.0,1198,PS_04
20.0,1199,PS_01
20.0,1200,PS_04
20.0,1201,PS_02
20.0,1202,PS_05
20.0,1203,PS_01
20.0,1204,PS_11
20.0,1205,PS_00
20.0,1206,PS_04
20.0,1207,PS_04
20.0,1208,PS_04
20.0,1209,PS_04
20.0,1210,PS_07
20.0,1211,PS_00
20.0,1212,PS_01
20.0,1213,PS_02
20.0,1214,PS_04
20.0,1215,PS_01
20.0,1216,PS_01
20.0,1217,PS_04
20.0,1218,PS_01
20.0,1219,PS_01
20.0,1220,PS_04
20.0,1221,PS_12
20.0,1222,PS_01
20.0,1223,PS_11
20.0,1224,PS_04
20.0,1225,PS_04
20.0,1226,PS_01
20.0,1227,PS_01
20.0,1228,PS_01
20.0,1229,PS_04
20.0,1230,PS_01
20.0,1231,PS_12
20.0,1232,PS_01
20.0,1233,PS_01
20.0,1234,PS_01
20.0,1235,PS_00
20.0,1236,PS_00
20.0,1237,PS_04
20.0,1238,PS_04
20.0,1239,PS_00
20.0,1240,PS_01
20.0,1241,PS_01
20.0,1242,PS_01
20.0,1243,PS_05
20.0,1244,PS_01
20.0,1245,PS_11
20.0,1246,PS_07
20.0,1247,PS_01
20.0,1248,PS_00
20.0,1249,PS_12
20.0,1250,PS_01
20.0,1251,PS_04
20.0,1252,PS_04
20.0,1253,PS_00
20.0,1254,PS_01
20.0,1255,PS_04
20.0,1256,PS_00
20.0,1257,PS_11
20.0,1258,PS_00
20.0,1259,PS_01
20.0,1260,PS_01
20.0,1261,PS_00
20.0,1262,PS_11
20.0,1263,PS_04
20.0,1264,PS_01
20.0,1265,PS_01
20.0,1266,PS_01
20.0,1267,PS_01
20.0,1268,PS_01
20.0,1269,PS_12
20.0,1270,PS_02
20.0,1271,PS_05
20.0,1272,PS_04
20.0,1273,PS_11
20.0,1274,PS_00
20.0,1275,PS_04
20.0,1276,PS_01
20.0,1277,PS_01
20.0,1278,PS_04
20.0,1279,PS_01
20.0,1280,PS_01
20.0,1281,PS_01
20.0,1282,PS_00
20.0,1283,PS_01
20.0,1284,PS_04
20.0,1285,PS_01
20.0,1286,PS_11
20.0,1287,PS_01
20.0,1288,PS_12
20.0,1289,PS_00
20.0,1290,PS_01
20.0,1291,PS_00
20.0,1292,PS_01
20.0,1293,PS_01
20.0,1294,PS_01
20.0,1295,PS_01
20.0,1296,PS_04
20.0,1297,PS_11
20.0,1298,PS_04
20.0,1299,PS_00
20.0,1300,PS_11
20.0,1301,PS_04
20.0,1302,PS_04
20.0,1303,PS_00
20.0,1304,PS_11
20.0,1305,PS_00
20.0,1306,PS_01
20.0,1307,PS_00
20.0,1308,PS_01
20.0,1309,PS_00
20.0,1310,PS_01
20.0,1311,PS_01
20.0,1312,PS_11
20.0,1313,PS_00
20.0,1314,PS_01
20.0,1315,PS_01
20.0,1316,PS_04
20.0,1317,PS_01
20.0,1318,PS_01
20.0,1319,PS_01
20.0,1320,PS_11
20.0,1321,PS_11
20.0,1322,PS_04
20.0,1323,PS_00
20.0,1324,PS_01
20.0,1325,PS_00
20.0,1326,PS_04
20.0,1327,PS_00
20.0,1328,PS_04
20.0,1329,PS_01
20.0,1330,PS_04
20.0,1331,PS_01
20.0,1332,PS_01
20.0,1333,PS_01
20.0,1334,PS_04
20.0,1335,PS_04
20.0,1336,PS_00
20.0,1337,PS_01
20.0,1338,PS_11
20.0,1339,PS_04
20.0,1340,PS_11
20.0,1341,PS_12
20.0,1342,PS_01
20.0,1343,PS_04
20.0,1344,PS_00
20.0,1345,PS_04
20.0,1346,PS_01
20.0,1347,PS_00
20.0,1348,PS_00
20.0,1349,PS_04
20.0,1350,PS_01
20.0,1351,PS_01
20.0,1352,PS_04
20.0,1353,PS_00
20.0,1354,PS_04
20.0,1355,PS_01
20.0,1356,PS_11
20.0,1357,PS_01
20.0,1358,PS_04
20.0,1359,PS_01
20.0,1360,PS_00
20.0,1361,PS_01
20.0,1362,PS_01
20.0,1363,PS_04
20.0,1364,PS_07
20.0,1365,PS_04
20.0,1366,PS_11
20.0,1367,PS_11
20.0,1368,PS_01
20.0,1369,PS_00
20.0,1370,PS_04
20.0,1371,PS_00
20.0,1372,PS_00
20.0,1373,PS_00
20.0,1374,PS_11
20.0,1375,PS_04
20.0,1376,PS_01
20.0,1377,PS_01
20.0,1378,PS_00
20.0,1379,PS_00
20.0,1380,PS_01
20.0,1381,PS_01
20.0,1382,PS_00
20.0,1383,PS_01
20.0,1384,PS_04
20.0,1385,PS_00
20.0,1386,PS_00
20.0,1387,PS_00
20.0,1388,PS_01
20.0,1389,PS_01
20.0,1390,PS_04
20.0,1391,PS_01
20.0,1392,PS_01
20.0,1393,PS_01
20.0,1394,PS_01
20.0,1395,PS_04
20.0,1396,PS_01
20.0,1397,PS_12
20.0,1398,PS_04
20.0,1399,PS_00
20.0,1400,PS_04
20.0,1401,PS_04
20.0,1402,PS_02
20.0,1403,PS_05
20.0,1404,PS_00
20.0,1405,PS_01
20.0,1406,PS_04
20.0,1407,PS_02
20.0,1408,PS_11
20.0,1409,PS_01
20.0,1410,PS_00
20.0,1411,PS_01
20.0,1412,PS_01
20.0,1413,PS_01
20.0,1414,PS_01
20.0,1415,PS_01
20.0,1416,PS_04
20.0,1417,PS_04
20.0,1418,PS_01
20.0,1419,PS_01
20.0,1420,PS_11
20.0,1421,PS_01
20.0,1422,PS_12
20.0,1423,PS_02
20.0,1424,PS_01
20.0,1425,PS_04
20.0,1426,PS_00
20.0,1427,PS_04
20.0,1428,PS_01
20.0,1429,PS_04
20.0,1430,PS_01
20.0,1431,PS_01
20.0,1432,PS_05
20.0,1433,PS_05
20.0,1434,PS_04
20.0,1435,PS_01
20.0,1436,PS_00
20.0,1437,PS_04
20.0,1438,PS_11
20.0,1439,PS_04
20.0,1440,PS_04
20.0,1441,PS_01
20.0,1442,PS_00
20.0,1443,PS_01
20.0,1444,PS_04
20.0,1445,PS_01
20.0,1446,PS_04
20.0,1447,PS_01
20.0,1448,PS_06
20.0,1449,PS_02
20.0,1450,PS_01
20.0,1451,PS_01
20.0,1452,PS_01
20.0,1453,PS_00
20.0,1454,PS_11
20.0,1455,PS_01
20.0,1456,PS_04
20.0,1457,PS_11
20.0,1458,PS_01
20.0,1459,PS_04
20.0,1460,PS_01
20.0,1461,PS_01
20.0,1462,PS_04
20.0,1463,PS_11
20.0,1464,PS_00
20.0,1465,PS_01
20.0,1466,PS_11
20.0,1467,PS_00
20.0,1468,PS_01
20.0,1469,PS_01
20.0,1470,PS_00
20.0,1471,PS_04
20.0,1472,PS_01
20.0,1473,PS_04
20.0,1474,PS_01
20.0,1475,PS_00
20.0,1476,PS_04
20.0,1477,PS_01
20.0,1478,PS_01
20.0,1479,PS_04
20.0,1480,PS_04
20.0,1481,PS_04
20.0,1482,PS_00
20.0,1483,PS_00
20.0,1484,PS_11
20.0,1485,PS_01
20.0,1486,PS_01
20.0,1487,PS_01
20.0,1488,PS_00
20.0,1489,PS_00
20.0,1490,PS_04
20.0,1491,PS_00
20.0,1492,PS_01
20.0,1493,PS_01
20.0,1494,PS_04
20.0,1495,PS_01
20.0,1496,PS_01
20.0,1497,PS_00
20.0,1498,PS_00
20.0,1499,PS_00
20.0,1500,PS_11
20.0,1501,PS_04
20.0,1502,PS_01
20.0,1503,PS_04
20.0,1504,PS_01
20.0,1505,PS_01
20.0,1506,PS_00
20.0,1507,PS_11
20.0,1508,PS_01
20.0,1509,PS_04
20.0,1510,PS_00
20.0,1511,PS_01
20.0,1512,PS_00
20.0,1513,PS_00
20.0,1514,PS_04
20.0,1515,PS_00
20.0,1516,PS_04
20.0,1517,PS_04
20.0,1518,PS_11
20.0,1519,PS_04
20.0,1520,PS_00
20.0,1521,PS_01
20.0,1522,PS_01
20.0,1523,PS_04
20.0,1524,PS_01
20.0,1525,PS_11
20.0,1526,PS_04
20.0,1527,PS_04
20.0,1528,PS_04
20.0,1529,PS_05
20.0,1530,PS_01
20.0,1531,PS_11
20.0,1532,PS_00
20.0,1533,PS_01
20.0,1534,PS_05
20.0,1535,PS_00
20.0,1536,PS_02
20.0,1537,PS_01
20.0,1538,PS_01
20.0,1539,PS_04
20.0,1540,PS_11
20.0,1541,PS_01
20.0,1542,PS_01
20.0,1543,PS_00
20.0,1544,PS_04
20.0,1545,PS_04
20.0,1546,PS_00
20.0,1547,PS_01
20.0,1548,PS_01
20.0,1549,PS_01
20.0,1550,PS_00
20.0,1551,PS_04
20.0,1552,PS_04
20.0,1553,PS_04
20.0,1554,PS_01
20.0,1555,PS_01
20.0,1556,PS_11
20.0,1557,PS_00
20.0,1558,PS_00
20.0,1559,PS_04
20.0,1560,PS_04
20.0,1561,PS_01
20.0,1562,PS_00
20.0,1563,PS_04
20.0,1564,PS_00
20.0,1565,PS_07
20.0,1566,PS_01
20.0,1567,PS_00
20.0,1568,PS_00
20.0,1569,PS_01
20.0,1570,PS_04
20.0,1571,PS_01
20.0,1572,PS_12
20.0,1573,PS_04
20.0,1574,PS_01
20.0,1575,PS_01
20.0,1576,PS_01
20.0,1577,PS_01
20.0,1578,PS_01
20.0,1579,PS_01
20.0,1580,PS_04
20.0,1581,PS_00
20.0,1582,PS_04
20.0,1583,PS_00
20.0,1584,PS_04
20.0,1585,PS_01
20.0,1586,PS_04
20.0,1587,PS_04
20.0,1588,PS_00
20.0,1589,PS_01
20.0,1590,PS_01
20.0,1591,PS_00
20.0,1592,PS_04
20.0,1593,PS_04
20.0,1594,PS_02
20.0,1595,PS_01
20.0,1596,PS_01
20.0,1597,PS_01
20.0,1598,PS_04
20.0,1599,PS_00
20.0,1600,PS_00
20.0,1601,PS_04
20.0,1602,PS_12
20.0,1603,PS_00
20.0,1604,PS_04
20.0,1605,PS_00
20.0,1606,PS_04
20.0,1607,PS_01
20.0,1608,PS_02
20.0,1609,PS_07
20.0,1610,PS_04
20.0,1611,PS_00
20.0,1612,PS_04
20.0,1613,PS_12
20.0,1614,PS_11
20.0,1615,PS_01
20.0,1616,PS_00
20.0,1617,PS_01
20.0,1618,PS_01
20.0,1619,PS_04
20.0,1620,PS_12
20.0,1621,PS_01
20.0,1622,PS_11
20.0,1623,PS_11
20.0,1624,PS_04
20.0,1625,PS_01
20.0,1626,PS_01
20.0,1627,PS_02
20.0,1628,PS_00
20.0,1629,PS_01
20.0,1630,PS_01
20.0,1631,PS_01
20.0,1632,PS_02
20.0,1633,PS_01
20.0,1634,PS_00
20.0,1635,PS_01
20.0,1636,PS_04
20.0,1637,PS_04
20.0,1638,PS_01
20.0,1639,PS_04
20.0,1640,PS_05
20.0,1641,PS_01
20.0,1642,PS_01
20.0,1643,PS_11
20.0,1644,PS_01
20.0,1645,PS_00
20.0,1646,PS_11
20.0,1647,PS_00
20.0,1648,PS_04
20.0,1649,PS_11
20.0,1650,PS_00
20.0,1651,PS_01
20.0,1652,PS_01
20.0,1653,PS_00
20.0,1654,PS_04
20.0,1655,PS_01
20.0,1656,PS_07
20.0,1657,PS_00
20.0,1658,PS_00
20.0,1659,PS_01
20.0,1660,PS_01
20.0,1661,PS_01
20.0,1662,PS_01
20.0,1663,PS_11
20.0,1664,PS_00
20.0,1665,PS_04
20.0,1666,PS_01
20.0,1667,PS_04
20.0,1668,PS_01
20.0,1669,PS_01
20.0,1670,PS_05
20.0,1671,PS_01
20.0,1672,PS_01
20.0,1673,PS_00
20.0,1674,PS_04
20.0,1675,PS_01
20.0,1676,PS_11
20.0,1677,PS_01
20.0,1678,PS_01
20.0,1679,PS_00
20.0,1680,PS_02
20.0,1681,PS_05
20.0,1682,PS_01
20.0,1683,PS_00
20.0,1684,PS_02
20.0,1685,PS_00
20.0,1686,PS_01
20.0,1687,PS_04
20.0,1688,PS_04
20.0,1689,PS_02
20.0,1690,PS_04
20.0,1691,PS_02
20.0,1692,PS_12
20.0,1693,PS_11
20.0,1694,PS_01
20.0,1695,PS_11
20.0,1696,PS_00
20.0,1697,PS_12
20.0,1698,PS_11
20.0,1699,PS_01
20.0,1700,PS_04
20.0,1701,PS_04
20.0,1702,PS_01
20.0,1703,PS_11
20.0,1704,PS_00
20.0,1705,PS_00
20.0,1706,PS_12
20.0,1707,PS_02
20.0,1708,PS_00
20.0,1709,PS_01
20.0,1710,PS_04
20.0,1711,PS_01
20.0,1712,PS_05
20.0,1713,PS_04
20.0,1714,PS_04
20.0,1715,PS_00
20.0,1716,PS_01
20.0,1717,PS_01
20.0,1718,PS_00
20.0,1719,PS_04
20.0,1720,PS_07
20.0,1721,PS_01
20.0,1722,PS_00
20.0,1723,PS_01
20.0,1724,PS_00
20.0,1725,PS_11
20.0,1726,PS_01
20.0,1727,PS_01
20.0,1728,PS_05
20.0,1729,PS_11
20.0,1730,PS_07
20.0,1731,PS_00
20.0,1732,PS_01
20.0,1733,PS_01
20.0,1734,PS_01
20.0,1735,PS_01
20.0,1736,PS_01
20.0,1737,PS_00
20.0,1738,PS_04
20.0,1739,PS_01
20.0,1740,PS_08
20.0,1741,PS_04
20.0,1742,PS_00
20.0,1743,PS_04
20.0,1744,PS_00
20.0,1745,PS_04
20.0,1746,PS_04
20.0,1747,PS_11
20.0,1748,PS_00
20.0,1749,PS_00
20.0,1750,PS_11
20.0,1751,PS_04
20.0,1752,PS_11
20.0,1753,PS_07
20.0,1754,PS_00
20.0,1755,PS_05
20.0,1756,PS_01
20.0,1757,PS_01
20.0,1758,PS_01
20.0,1759,PS_00
20.0,1760,PS_01
20.0,1761,PS_01
20.0,1762,PS_01
20.0,1763,PS_01
20.0,1764,PS_05
20.0,1765,PS_01
20.0,1766,PS_04
20.0,1767,PS_04
20.0,1768,PS_02
20.0,1769,PS_01
20.0,1770,PS_01
20.0,1771,PS_04
20.0,1772,PS_00
20.0,1773,PS_00
20.0,1774,PS_00
20.0,1775,PS_04
20.0,1776,PS_04
20.0,1777,PS_01
20.0,1778,PS_01
20.0,1779,PS_00
20.0,1780,PS_00
20.0,1781,PS_00
20.0,1782,PS_04
20.0,1783,PS_00
20.0,1784,PS_01
20.0,1785,PS_01
20.0,1786,PS_01
20.0,1787,PS_01
20.0,1788,PS_00
20.0,1789,PS_04
20.0,1790,PS_04
20.0,1791,PS_01
20.0,1792,PS_01
20.0,1793,PS_00
20.0,1794,PS_04
20.0,1795,PS_07
20.0,1796,PS_01
20.0,1797,PS_01
20.0,1798,PS_04
20.0,1799,PS_11
20.0,1800,PS_01
20.0,1801,PS_01
20.0,1802,PS_02
20.0,1803,PS_01
20.0,1804,PS_04
20.0,1805,PS_11
20.0,1806,PS_01
20.0,1807,PS_01
20.0,1808,PS_01
20.0,1809,PS_01
20.0,1810,PS_04
20.0,1811,PS_00
20.0,1812,PS_01
20.0,1813,PS_01
20.0,1814,PS_04
20.0,1815,PS_05
20.0,1816,PS_04
20.0,1817,PS_12
20.0,1818,PS_04
20.0,1819,PS_01
20.0,1820,PS_01
20.0,1821,PS_00
20.0,1822,PS_01
20.0,1823,PS_04
20.0,1824,PS_00
20.0,1825,PS_00
20.0,1826,PS_04
20.0,1827,PS_01
20.0,1828,PS_00
20.0,1829,PS_01
20.0,1830,PS_01
20.0,1831,PS_00
20.0,1832,PS_01
20.0,1833,PS_01
20.0,1834,PS_01
20.0,1835,PS_01
20.0,1836,PS_04
20.0,1837,PS_01
20.0,1838,PS_01
20.0,1839,PS_04
20.0,1840,PS_04
20.0,1841,PS_04
20.0,1842,PS_04
20.0,1843,PS_01
20.0,1844,PS_07
20.0,1845,PS_01
20.0,1846,PS_11
20.0,1847,PS_04
20.0,1848,PS_04
20.0,1849,PS_00
20.0,1850,PS_01
20.0,1851,PS_00
20.0,1852,PS_04
20.0,1853,PS_01
20.0,1854,PS_01
20.0,1855,PS_04
20.0,1856,PS_04
20.0,1857,PS_04
20.0,1858,PS_00
20.0,1859,PS_01
20.0,1860,PS_04
20.0,1861,PS_11
20.0,1862,PS_04
20.0,1863,PS_00
20.0,1864,PS_04
20.0,1865,PS_00
20.0,1866,PS_01
20.0,1867,PS_04
20.0,1868,PS_00
20.0,1869,PS_00
20.0,1870,PS_11
20.0,1871,PS_01
20.0,1872,PS_01
20.0,1873,PS_04
20.0,1874,PS_04
20.0,1875,PS_04
20.0,1876,PS_01
20.0,1877,PS_04
20.0,1878,PS_05
20.0,1879,PS_01
20.0,1880,PS_00
20.0,1881,PS_11
20.0,1882,PS_01
20.0,1883,PS_04
20.0,1884,PS_00
20.0,1885,PS_01
20.0,1886,PS_04
20.0,1887,PS_01
20.0,1888,PS_04
20.0,1889,PS_04
20.0,1890,PS_04
20.0,1891,PS_04
20.0,1892,PS_01
20.0,1893,PS_01
20.0,1894,PS_04
20.0,1895,PS_00
20.0,1896,PS_07
20.0,1897,PS_01
20.0,1898,PS_02
20.0,1899,PS_04
20.0,1900,PS_04
20.0,1901,PS_00
20.0,1902,PS_11
20.0,1903,PS_00
20.0,1904,PS_04
20.0,1905,PS_04
20.0,1906,PS_00
20.0,1907,PS_04
20.0,1908,PS_04
20.0,1909,PS_04
20.0,1910,PS_01
20.0,1911,PS_11
20.0,1912,PS_04
20.0,1913,PS_12
20.0,1914,PS_01
20.0,1915,PS_04
20.0,1916,PS_01
20.0,1917,PS_01
20.0,1918,PS_07
20.0,1919,PS_04
20.0,1920,PS_04
20.0,1921,PS_01
20.0,1922,PS_04
20.0,1923,PS_00
20.0,1924,PS_07
20.0,1925,PS_04
20.0,1926,PS_01
20.0,1927,PS_00
20.0,1928,PS_04
20.0,1929,PS_02
20.0,1930,PS_04
20.0,1931,PS_05
20.0,1932,PS_12
20.0,1933,PS_11
20.0,1934,PS_04
20.0,1935,PS_00
20.0,1936,PS_04
20.0,1937,PS_11
20.0,1938,PS_01
20.0,1939,PS_04
20.0,1940,PS_11
20.0,1941,PS_01
20.0,1942,PS_11
20.0,1943,PS_01
20.0,1944,PS_00
20.0,1945,PS_02
20.0,1946,PS_11
20.0,1947,PS_01
20.0,1948,PS_11
20.0,1949,PS_00
20.0,1950,PS_04
20.0,1951,PS_01
20.0,1952,PS_01
20.0,1953,PS_04
20.0,1954,PS_11
20.0,1955,PS_01
20.0,1956,PS_01
20.0,1957,PS_01
20.0,1958,PS_04
20.0,1959,PS_01
20.0,1960,PS_01
20.0,1961,PS_01
20.0,1962,PS_01
20.0,1963,PS_00
20.0,1964,PS_04
20.0,1965,PS_00
20.0,1966,PS_01
20.0,1967,PS_04
20.0,1968,PS_01
20.0,1969,PS_00
20.0,1970,PS_04
20.0,1971,PS_04
20.0,1972,PS_01
20.0,1973,PS_11
20.0,1974,PS_01
20.0,1975,PS_04
20.0,1976,PS_01
20.0,1977,PS_04
20.0,1978,PS_04
20.0,1979,PS_00
20.0,1980,PS_05
20.0,1981,PS_01
20.0,1982,PS_01
20.0,1983,PS_02
20.0,1984,PS_02
20.0,1985,PS_11
20.0,1986,PS_05
20.0,1987,PS_11
20.0,1988,PS_01
20.0,1989,PS_02
20.0,1990,PS_00
20.0,1991,PS_04
20.0,1992,PS_00
20.0,1993,PS_00
20.0,1994,PS_04
20.0,1995,PS_04
20.0,1996,PS_01
20.0,1997,PS_04
20.0,1998,PS_04
20.0,1999,PS_04
28.0,0,PS_01
28.0,1,PS_01
28.0,2,PS_01
28.0,3,PS_01
28.0,4,PS_11
28.0,5,PS_01
28.0,6,PS_01
28.0,7,PS_04
28.0,8,PS_11
28.0,9,PS_04
28.0,10,PS_01
28.0,11,PS_01
28.0,12,PS_01
28.0,13,PS_01
28.0,14,PS_04
28.0,15,PS_04
28.0,16,PS_01
28.0,17,PS_01
28.0,18,PS_01
28.0,19,PS_01
28.0,20,PS_11
28.0,21,PS_12
28.0,22,PS_04
28.0,23,PS_01
28.0,24,PS_01
28.0,25,PS_01
28.0,26,PS_12
28.0,27,PS_01
28.0,28,PS_04
28.0,29,PS_01
28.0,30,PS_04
28.0,31,PS_01
28.0,32,PS_01
28.0,33,PS_01
28.0,34,PS_01
28.0,35,PS_01
28.0,36,PS_01
28.0,37,PS_01
28.0,38,PS_04
28.0,39,PS_01
28.0,40,PS_01
28.0,41,PS_01
28.0,42,PS_01
28.0,43,PS_01
28.0,44,PS_01
28.0,45,PS_01
28.0,46,PS_04
28.0,47,PS_01
28.0,48,PS_01
28.0,49,PS_11
28.0,50,PS_01
28.0,51,PS_01
28.0,52,PS_01
28.0,53,PS_12
28.0,54,PS_04
28.0,55,PS_12
28.0,56,PS_01
28.0,57,PS_01
28.0,58,PS_01
28.0,59,PS_01
28.0,60,PS_04
28.0,61,PS_01
28.0,62,PS_11
28.0,63,PS_12
28.0,64,PS_04
28.0,65,PS_01
28.0,66,PS_01
28.0,67,PS_01
28.0,68,PS_01
28.0,69,PS_04
28.0,70,PS_11
28.0,71,PS_01
28.0,72,PS_04
28.0,73,PS_01
28.0,74,PS_01
28.0,75,PS_01
28.0,76,PS_01
28.0,77,PS_01
28.0,78,PS_04
28.0,79,PS_11
28.0,80,PS_01
28.0,81,PS_11
28.0,82,PS_12
28.0,83,PS_04
28.0,84,PS_01
28.0,85,PS_01
28.0,86,PS_04
28.0,87,PS_11
28.0,88,PS_04
28.0,89,PS_11
28.0,90,PS_01
28.0,91,PS_01
28.0,92,PS_01
28.0,93,PS_01
28.0,94,PS_01
28.0,95,PS_04
28.0,96,PS_01
28.0,97,PS_11
28.0,98,PS_01
28.0,99,PS_01
28.0,100,PS_11
28.0,101,PS_01
28.0,102,PS_11
28.0,103,PS_01
28.0,104,PS_01
28.0,105,PS_01
28.0,106,PS_12
28.0,107,PS_11
28.0,108,PS_01
28.0,109,PS_01
28.0,110,PS_01
28.0,111,PS_11
28.0,112,PS_01
28.0,113,PS_12
28.0,114,PS_01
28.0,115,PS_01
28.0,116,PS_01
28.0,117,PS_11
28.0,118,PS_01
28.0,119,PS_01
28.0,120,PS_01
28.0,121,PS_01
28.0,122,PS_01
28.0,123,PS_01
28.0,124,PS_11
28.0,125,PS_11
28.0,126,PS_12
28.0,127,PS_01
28.0,128,PS_01
28.0,129,PS_01
28.0,130,PS_11
28.0,131,PS_01
28.0,132,PS_01
28.0,133,PS_04
28.0,134,PS_11
28.0,135,PS_04
28.0,136,PS_01
28.0,137,PS_01
28.0,138,PS_04
28.0,139,PS_01
28.0,140,PS_01
28.0,141,PS_01
28.0,142,PS_11
28.0,143,PS_01
28.0,144,PS_04
28.0,145,PS_01
28.0,146,PS_11
28.0,147,PS_04
28.0,148,PS_11
28.0,149,PS_01
28.0,150,PS_01
28.0,151,PS_04
28.0,152,PS_01
28.0,153,PS_01
28.0,154,PS_11
28.0,155,PS_04
28.0,156,PS_11
28.0,157,PS_01
28.0,158,PS_01
28.0,159,PS_01
28.0,160,PS_01
28.0,161,PS_04
28.0,162,PS_01
28.0,163,PS_01
28.0,164,PS_01
28.0,165,PS_01
28.0,166,PS_01
28.0,167,PS_01
28.0,168,PS_01
28.0,169,PS_01
28.0,170,PS_01
28.0,171,PS_11
28.0,172,PS_01
28.0,173,PS_04
28.0,174,PS_01
28.0,175,PS_01
28.0,176,PS_01
28.0,177,PS_01
28.0,178,PS_11
28.0,179,PS_01
28.0,180,PS_01
28.0,181,PS_01
28.0,182,PS_01
28.0,183,PS_11
28.0,184,PS_01
28.0,185,PS_01
28.0,186,PS_01
28.0,187,PS_01
28.0,188,PS_01
28.0,189,PS_11
28.0,190,PS_04
28.0,191,PS_01
28.0,192,PS_04
28.0,193,PS_11
28.0,194,PS_01
28.0,195,PS_11
28.0,196,PS_01
28.0,197,PS_01
28.0,198,PS_04
28.0,199,PS_11
28.0,200,PS_01
28.0,201,PS_01
28.0,202,PS_11
28.0,203,PS_12
28.0,204,PS_04
28.0,205,PS_01
28.0,206,PS_04
28.0,207,PS_11
28.0,208,PS_04
28.0,209,PS_04
28.0,210,PS_01
28.0,211,PS_11
28.0,212,PS_11
28.0,213,PS_01
28.0,214,PS_04
28.0,215,PS_01
28.0,216,PS_11
28.0,217,PS_01
28.0,218,PS_01
28.0,219,PS_11
28.0,220,PS_04
28.0,221,PS_01
28.0,222,PS_01
28.0,223,PS_01
28.0,224,PS_12
28.0,225,PS_04
28.0,226,PS_01
28.0,227,PS_01
28.0,228,PS_11
28.0,229,PS_11
28.0,230,PS_01
28.0,231,PS_04
28.0,232,PS_01
28.0,233,PS_01
28.0,234,PS_01
28.0,235,PS_11
28.0,236,PS_11
28.0,237,PS_01
28.0,238,PS_01
28.0,239,PS_11
28.0,240,PS_01
28.0,241,PS_01
28.0,242,PS_01
28.0,243,PS_01
28.0,244,PS_01
28.0,245,PS_11
28.0,246,PS_01
28.0,247,PS_01
28.0,248,PS_01
28.0,249,PS_01
28.0,250,PS_04
28.0,251,PS_01
28.0,252,PS_01
28.0,253,PS_04
28.0,254,PS_11
28.0,255,PS_04
28.0,256,PS_11
28.0,257,PS_11
28.0,258,PS_01
28.0,259,PS_01
28.0,260,PS_01
28.0,261,PS_11
28.0,262,PS_01
28.0,263,PS_01
28.0,264,PS_01
28.0,265,PS_11
28.0,266,PS_01
28.0,267,PS_11
28.0,268,PS_04
28.0,269,PS_01
28.0,270,PS_01
28.0,271,PS_01
28.0,272,PS_01
28.0,273,PS_11
28.0,274,PS_01
28.0,275,PS_01
28.0,276,PS_01
28.0,277,PS_01
28.0,278,PS_01
28.0,279,PS_01
28.0,280,PS_01
28.0,281,PS_11
28.0,282,PS_01
28.0,283,PS_08
28.0,284,PS_01
28.0,285,PS_12
28.0,286,PS_01
28.0,287,PS_01
28.0,288,PS_01
28.0,289,PS_01
28.0,290,PS_01
28.0,291,PS_01
28.0,292,PS_04
28.0,293,PS_12
28.0,294,PS_01
28.0,295,PS_12
28.0,296,PS_01
28.0,297,PS_01
28.0,298,PS_01
28.0,299,PS_04
28.0,300,PS_01
28.0,301,PS_01
28.0,302,PS_04
28.0,303,PS_04
28.0,304,PS_01
28.0,305,PS_04
28.0,306,PS_01
28.0,307,PS_11
28.0,308,PS_01
28.0,309,PS_01
28.0,310,PS_12
28.0,311,PS_01
28.0,312,PS_04
28.0,313,PS_01
28.0,314,PS_00
28.0,315,PS_01
28.0,316,PS_01
28.0,317,PS_11
28.0,318,PS_01
28.0,319,PS_01
28.0,320,PS_12
28.0,321,PS_04
28.0,322,PS_01
28.0,323,PS_01
28.0,324,PS_04
28.0,325,PS_01
28.0,326,PS_01
28.0,327,PS_01
28.0,328,PS_01
28.0,329,PS_01
28.0,330,PS_01
28.0,331,PS_01
28.0,332,PS_01
28.0,333,PS_01
28.0,334,PS_11
28.0,335,PS_04
28.0,336,PS_04
28.0,337,PS_01
28.0,338,PS_01
28.0,339,PS_04
28.0,340,PS_01
28.0,341,PS_04
28.0,342,PS_01
28.0,343,PS_01
28.0,344,PS_01
28.0,345,PS_11
28.0,346,PS_01
28.0,347,PS_04
28.0,348,PS_01
28.0,349,PS_01
28.0,350,PS_11
28.0,351,PS_01
28.0,352,PS_01
28.0,353,PS_04
28.0,354,PS_01
28.0,355,PS_01
28.0,356,PS_11
28.0,357,PS_01
28.0,358,PS_01
28.0,359,PS_01
28.0,360,PS_01
28.0,361,PS_01
28.0,362,PS_12
28.0,363,PS_04
28.0,364,PS_01
28.0,365,PS_01
28.0,366,PS_12
28.0,367,PS_04
28.0,368,PS_04
28.0,369,PS_11
28.0,370,PS_01
28.0,371,PS_11
28.0,372,PS_01
28.0,373,PS_01
28.0,374,PS_01
28.0,375,PS_04
28.0,376,PS_11
28.0,377,PS_04
28.0,378,PS_01
28.0,379,PS_01
28.0,380,PS_12
28.0,381,PS_01
28.0,382,PS_01
28.0,383,PS_11
28.0,384,PS_01
28.0,385,PS_04
28.0,386,PS_01
28.0,387,PS_01
28.0,388,PS_01
28.0,389,PS_11
28.0,390,PS_04
28.0,391,PS_11
28.0,392,PS_01
28.0,393,PS_11
28.0,394,PS_01
28.0,395,PS_04
28.0,396,PS_04
28.0,397,PS_01
28.0,398,PS_04
28.0,399,PS_01
28.0,400,PS_01
28.0,401,PS_01
28.0,402,PS_01
28.0,403,PS_01
28.0,404,PS_12
28.0,405,PS_01
28.0,406,PS_12
28.0,407,PS_01
28.0,408,PS_01
28.0,409,PS_01
28.0,410,PS_11
28.0,411,PS_01
28.0,412,PS_01
28.0,413,PS_04
28.0,414,PS_01
28.0,415,PS_11
28.0,416,PS_12
28.0,417,PS_01
28.0,418,PS_01
28.0,419,PS_11
28.0,420,PS_12
28.0,421,PS_01
28.0,422,PS_01
28.0,423,PS_11
28.0,424,PS_01
28.0,425,PS_01
28.0,426,PS_01
28.0,427,PS_04
28.0,428,PS_01
28.0,429,PS_01
28.0,430,PS_01
28.0,431,PS_01
28.0,432,PS_01
28.0,433,PS_01
28.0,434,PS_04
28.0,435,PS_04
28.0,436,PS_01
28.0,437,PS_01
28.0,438,PS_01
28.0,439,PS_01
28.0,440,PS_01
28.0,441,PS_11
28.0,442,PS_01
28.0,443,PS_04
28.0,444,PS_11
28.0,445,PS_01
28.0,446,PS_11
28.0,447,PS_04
28.0,448,PS_01
28.0,449,PS_04
28.0,450,PS_00
28.0,451,PS_01
28.0,452,PS_12
28.0,453,PS_01
28.0,454,PS_01
28.0,455,PS_12
28.0,456,PS_11
28.0,457,PS_01
28.0,458,PS_01
28.0,459,PS_11
28.0,460,PS_04
28.0,461,PS_01
28.0,462,PS_04
28.0,463,PS_12
28.0,464,PS_04
28.0,465,PS_11
28.0,466,PS_01
28.0,467,PS_01
28.0,468,PS_01
28.0,469,PS_04
28.0,470,PS_01
28.0,471,PS_11
28.0,472,PS_04
28.0,473,PS_04
28.0,474,PS_11
28.0,475,PS_04
28.0,476,PS_04
28.0,477,PS_12
28.0,478,PS_11
28.0,479,PS_01
28.0,480,PS_01
28.0,481,PS_11
28.0,482,PS_01
28.0,483,PS_11
28.0,484,PS_01
28.0,485,PS_04
28.0,486,PS_11
28.0,487,PS_01
28.0,488,PS_11
28.0,489,PS_01
28.0,490,PS_04
28.0,491,PS_12
28.0,492,PS_01
28.0,493,PS_01
28.0,494,PS_11
28.0,495,PS_04
28.0,496,PS_11
28.0,497,PS_01
28.0,498,PS_11
28.0,499,PS_04
28.0,500,PS_01
28.0,501,PS_11
28.0,502,PS_04
28.0,503,PS_11
28.0,504,PS_01
28.0,505,PS_11
28.0,506,PS_11
28.0,507,PS_01
28.0,508,PS_01
28.0,509,PS_01
28.0,510,PS_01
28.0,511,PS_01
28.0,512,PS_01
28.0,513,PS_01
28.0,514,PS_01
28.0,515,PS_01
28.0,516,PS_01
28.0,517,PS_11
28.0,518,PS_01
28.0,519,PS_01
28.0,520,PS_11
28.0,521,PS_01
28.0,522,PS_11
28.0,523,PS_12
28.0,524,PS_01
28.0,525,PS_04
28.0,526,PS_01
28.0,527,PS_00
28.0,528,PS_11
28.0,529,PS_11
28.0,530,PS_04
28.0,531,PS_01
28.0,532,PS_04
28.0,533,PS_11
28.0,534,PS_01
28.0,535,PS_01
28.0,536,PS_11
28.0,537,PS_12
28.0,538,PS_04
28.0,539,PS_01
28.0,540,PS_01
28.0,541,PS_01
28.0,542,PS_04
28.0,543,PS_01
28.0,544,PS_12
28.0,545,PS_01
28.0,546,PS_01
28.0,547,PS_11
28.0,548,PS_12
28.0,549,PS_01
28.0,550,PS_12
28.0,551,PS_04
28.0,552,PS_01
28.0,553,PS_04
28.0,554,PS_01
28.0,555,PS_01
28.0,556,PS_01
28.0,557,PS_04
28.0,558,PS_01
28.0,559,PS_01
28.0,560,PS_11
28.0,561,PS_01
28.0,562,PS_11
28.0,563,PS_04
28.0,564,PS_01
28.0,565,PS_04
28.0,566,PS_01
28.0,567,PS_01
28.0,568,PS_01
28.0,569,PS_12
28.0,570,PS_01
28.0,571,PS_01
28.0,572,PS_04
28.0,573,PS_01
28.0,574,PS_01
28.0,575,PS_11
28.0,576,PS_01
28.0,577,PS_01
28.0,578,PS_12
28.0,579,PS_01
28.0,580,PS_12
28.0,581,PS_04
28.0,582,PS_01
28.0,583,PS_11
28.0,584,PS_01
28.0,585,PS_01
28.0,586,PS_01
28.0,587,PS_04
28.0,588,PS_01
28.0,589,PS_01
28.0,590,PS_11
28.0,591,PS_12
28.0,592,PS_01
28.0,593,PS_01
28.0,594,PS_01
28.0,595,PS_01
28.0,596,PS_12
28.0,597,PS_01
28.0,598,PS_04
28.0,599,PS_11
28.0,600,PS_01
28.0,601,PS_01
28.0,602,PS_12
28.0,603,PS_04
28.0,604,PS_04
28.0,605,PS_01
28.0,606,PS_01
28.0,607,PS_04
28.0,608,PS_04
28.0,609,PS_01
28.0,610,PS_11
28.0,611,PS_01
28.0,612,PS_01
28.0,613,PS_01
28.0,614,PS_01
28.0,615,PS_01
28.0,616,PS_01
28.0,617,PS_01
28.0,618,PS_11
28.0,619,PS_04
28.0,620,PS_01
28.0,621,PS_11
28.0,622,PS_01
28.0,623,PS_01
28.0,624,PS_01
28.0,625,PS_01
28.0,626,PS_04
28.0,627,PS_11
28.0,628,PS_04
28.0,629,PS_04
28.0,630,PS_12
28.0,631,PS_12
28.0,632,PS_01
28.0,633,PS_12
28.0,634,PS_04
28.0,635,PS_04
28.0,636,PS_01
28.0,637,PS_01
28.0,638,PS_04
28.0,639,PS_01
28.0,640,PS_04
28.0,641,PS_01
28.0,642,PS_01
28.0,643,PS_11
28.0,644,PS_04
28.0,645,PS_01
28.0,646,PS_01
28.0,647,PS_01
28.0,648,PS_04
28.0,649,PS_01
28.0,650,PS_01
28.0,651,PS_00
28.0,652,PS_01
28.0,653,PS_01
28.0,654,PS_01
28.0,655,PS_04
28.0,656,PS_11
28.0,657,PS_04
28.0,658,PS_12
28.0,659,PS_11
28.0,660,PS_12
28.0,661,PS_01
28.0,662,PS_04
28.0,663,PS_01
28.0,664,PS_01
28.0,665,PS_01
28.0,666,PS_11
28.0,667,PS_01
28.0,668,PS_11
28.0,669,PS_11
28.0,670,PS_01
28.0,671,PS_04
28.0,672,PS_01
28.0,673,PS_01
28.0,674,PS_01
28.0,675,PS_01
28.0,676,PS_11
28.0,677,PS_08
28.0,678,PS_01
28.0,679,PS_01
28.0,680,PS_11
28.0,681,PS_11
28.0,682,PS_01
28.0,683,PS_01
28.0,684,PS_01
28.0,685,PS_01
28.0,686,PS_04
28.0,687,PS_11
28.0,688,PS_01
28.0,689,PS_01
28.0,690,PS_01
28.0,691,PS_01
28.0,692,PS_04
28.0,693,PS_01
28.0,694,PS_01
28.0,695,PS_01
28.0,696,PS_01
28.0,697,PS_04
28.0,698,PS_11
28.0,699,PS_01
28.0,700,PS_01
28.0,701,PS_01
28.0,702,PS_04
28.0,703,PS_11
28.0,704,PS_01
28.0,705,PS_01
28.0,706,PS_11
28.0,707,PS_11
28.0,708,PS_01
28.0,709,PS_01
28.0,710,PS_04
28.0,711,PS_01
28.0,712,PS_04
28.0,713,PS_11
28.0,714,PS_01
28.0,715,PS_01
28.0,716,PS_01
28.0,717,PS_11
28.0,718,PS_01
28.0,719,PS_01
28.0,720,PS_01
28.0,721,PS_01
28.0,722,PS_01
28.0,723,PS_01
28.0,724,PS_01
28.0,725,PS_11
28.0,726,PS_01
28.0,727,PS_12
28.0,728,PS_04
28.0,729,PS_01
28.0,730,PS_04
28.0,731,PS_01
28.0,732,PS_04
28.0,733,PS_04
28.0,734,PS_01
28.0,735,PS_01
28.0,736,PS_12
28.0,737,PS_12
28.0,738,PS_01
28.0,739,PS_04
28.0,740,PS_01
28.0,741,PS_11
28.0,742,PS_01
28.0,743,PS_01
28.0,744,PS_01
28.0,745,PS_04
28.0,746,PS_04
28.0,747,PS_01
28.0,748,PS_04
28.0,749,PS_01
28.0,750,PS_01
28.0,751,PS_01
28.0,752,PS_01
28.0,753,PS_04
28.0,754,PS_12
28.0,755,PS_01
28.0,756,PS_01
28.0,757,PS_11
28.0,758,PS_12
28.0,759,PS_01
28.0,760,PS_01
28.0,761,PS_12
28.0,762,PS_01
28.0,763,PS_01
28.0,764,PS_01
28.0,765,PS_04
28.0,766,PS_01
28.0,767,PS_04
28.0,768,PS_01
28.0,769,PS_01
28.0,770,PS_01
28.0,771,PS_01
28.0,772,PS_01
28.0,773,PS_11
28.0,774,PS_01
28.0,775,PS_01
28.0,776,PS_01
28.0,777,PS_01
28.0,778,PS_11
28.0,779,PS_04
28.0,780,PS_01
28.0,781,PS_04
28.0,782,PS_04
28.0,783,PS_01
28.0,784,PS_01
28.0,785,PS_11
28.0,786,PS_01
28.0,787,PS_01
28.0,788,PS_01
28.0,789,PS_11
28.0,790,PS_01
28.0,791,PS_01
28.0,792,PS_04
28.0,793,PS_04
28.0,794,PS_01
28.0,795,PS_01
28.0,796,PS_01
28.0,797,PS_11
28.0,798,PS_01
28.0,799,PS_01
28.0,800,PS_01
28.0,801,PS_01
28.0,802,PS_01
28.0,803,PS_01
28.0,804,PS_04
28.0,805,PS_01
28.0,806,PS_01
28.0,807,PS_01
28.0,808,PS_01
28.0,809,PS_01
28.0,810,PS_11
28.0,811,PS_11
28.0,812,PS_12
28.0,813,PS_01
28.0,814,PS_01
28.0,815,PS_11
28.0,816,PS_01
28.0,817,PS_01
28.0,818,PS_01
28.0,819,PS_01
28.0,820,PS_01
28.0,821,PS_01
28.0,822,PS_01
28.0,823,PS_04
28.0,824,PS_01
28.0,825,PS_01
28.0,826,PS_04
28.0,827,PS_01
28.0,828,PS_00
28.0,829,PS_01
28.0,830,PS_12
28.0,831,PS_01
28.0,832,PS_11
28.0,833,PS_01
28.0,834,PS_01
28.0,835,PS_01
28.0,836,PS_01
28.0,837,PS_01
28.0,838,PS_11
28.0,839,PS_01
28.0,840,PS_04
28.0,841,PS_01
28.0,842,PS_04
28.0,843,PS_01
28.0,844,PS_11
28.0,845,PS_04
28.0,846,PS_01
28.0,847,PS_01
28.0,848,PS_01
28.0,849,PS_04
28.0,850,PS_01
28.0,851,PS_01
28.0,852,PS_01
28.0,853,PS_01
28.0,854,PS_04
28.0,855,PS_01
28.0,856,PS_01
28.0,857,PS_01
28.0,858,PS_12
28.0,859,PS_01
28.0,860,PS_01
28.0,861,PS_11
28.0,862,PS_01
28.0,863,PS_11
28.0,864,PS_04
28.0,865,PS_01
28.0,866,PS_01
28.0,867,PS_11
28.0,868,PS_01
28.0,869,PS_04
28.0,870,PS_04
28.0,871,PS_11
28.0,872,PS_01
28.0,873,PS_01
28.0,874,PS_01
28.0,875,PS_04
28.0,876,PS_01
28.0,877,PS_01
28.0,878,PS_04
28.0,879,PS_04
28.0,880,PS_01
28.0,881,PS_01
28.0,882,PS_01
28.0,883,PS_11
28.0,884,PS_04
28.0,885,PS_01
28.0,886,PS_01
28.0,887,PS_01
28.0,888,PS_11
28.0,889,PS_01
28.0,890,PS_11
28.0,891,PS_01
28.0,892,PS_01
28.0,893,PS_01
28.0,894,PS_01
28.0,895,PS_01
28.0,896,PS_11
28.0,897,PS_11
28.0,898,PS_01
28.0,899,PS_01
28.0,900,PS_01
28.0,901,PS_11
28.0,902,PS_01
28.0,903,PS_04
28.0,904,PS_01
28.0,905,PS_11
28.0,906,PS_01
28.0,907,PS_01
28.0,908,PS_01
28.0,909,PS_01
28.0,910,PS_11
28.0,911,PS_11
28.0,912,PS_01
28.0,913,PS_04
28.0,914,PS_01
28.0,915,PS_01
28.0,916,PS_11
28.0,917,PS_01
28.0,918,PS_11
28.0,919,PS_01
28.0,920,PS_01
28.0,921,PS_01
28.0,922,PS_01
28.0,923,PS_01
28.0,924,PS_04
28.0,925,PS_01
28.0,926,PS_11
28.0,927,PS_04
28.0,928,PS_11
28.0,929,PS_01
28.0,930,PS_01
28.0,931,PS_11
28.0,932,PS_01
28.0,933,PS_11
28.0,934,PS_11
28.0,935,PS_11
28.0,936,PS_01
28.0,937,PS_01
28.0,938,PS_12
28.0,939,PS_01
28.0,940,PS_01
28.0,941,PS_01
28.0,942,PS_01
28.0,943,PS_01
28.0,944,PS_01
28.0,945,PS_01
28.0,946,PS_01
28.0,947,PS_11
28.0,948,PS_01
28.0,949,PS_11
28.0,950,PS_11
28.0,951,PS_04
28.0,952,PS_01
28.0,953,PS_01
28.0,954,PS_01
28.0,955,PS_01
28.0,956,PS_01
28.0,957,PS_04
28.0,958,PS_01
28.0,959,PS_12
28.0,960,PS_01
28.0,961,PS_01
28.0,962,PS_01
28.0,963,PS_01
28.0,964,PS_11
28.0,965,PS_11
28.0,966,PS_01
28.0,967,PS_01
28.0,968,PS_01
28.0,969,PS_01
28.0,970,PS_11
28.0,971,PS_01
28.0,972,PS_11
28.0,973,PS_01
28.0,974,PS_04
28.0,975,PS_01
28.0,976,PS_01
28.0,977,PS_01
28.0,978,PS_01
28.0,979,PS_01
28.0,980,PS_04
28.0,981,PS_01
28.0,982,PS_04
28.0,983,PS_01
28.0,984,PS_01
28.0,985,PS_01
28.0,986,PS_01
28.0,987,PS_01
28.0,988,PS_01
28.0,989,PS_01
28.0,990,PS_04
28.0,991,PS_11
28.0,992,PS_01
28.0,993,PS_01
28.0,994,PS_11
28.0,995,PS_01
28.0,996,PS_01
28.0,997,PS_04
28.0,998,PS_11
28.0,999,PS_01
28.0,1000,PS_04
28.0,1001,PS_11
28.0,1002,PS_11
28.0,1003,PS_01
28.0,1004,PS_12
28.0,1005,PS_01
28.0,1006,PS_01
28.0,1007,PS_04
28.0,1008,PS_01
28.0,1009,PS_01
28.0,1010,PS_01
28.0,1011,PS_01
28.0,1012,PS_12
28.0,1013,PS_11
28.0,1014,PS_04
28.0,1015,PS_01
28.0,1016,PS_01
28.0,1017,PS_01
28.0,1018,PS_01
28.0,1019,PS_04
28.0,1020,PS_01
28.0,1021,PS_04
28.0,1022,PS_01
28.0,1023,PS_01
28.0,1024,PS_12
28.0,1025,PS_01
28.0,1026,PS_01
28.0,1027,PS_11
28.0,1028,PS_01
28.0,1029,PS_01
28.0,1030,PS_01
28.0,1031,PS_01
28.0,1032,PS_01
28.0,1033,PS_01
28.0,1034,PS_01
28.0,1035,PS_11
28.0,1036,PS_11
28.0,1037,PS_01
28.0,1038,PS_11
28.0,1039,PS_11
28.0,1040,PS_01
28.0,1041,PS_11
28.0,1042,PS_00
28.0,1043,PS_01
28.0,1044,PS_12
28.0,1045,PS_04
28.0,1046,PS_01
28.0,1047,PS_12
28.0,1048,PS_01
28.0,1049,PS_01
28.0,1050,PS_01
28.0,1051,PS_12
28.0,1052,PS_01
28.0,1053,PS_12
28.0,1054,PS_01
28.0,1055,PS_01
28.0,1056,PS_11
28.0,1057,PS_01
28.0,1058,PS_04
28.0,1059,PS_01
28.0,1060,PS_01
28.0,1061,PS_04
28.0,1062,PS_11
28.0,1063,PS_11
28.0,1064,PS_01
28.0,1065,PS_01
28.0,1066,PS_01
28.0,1067,PS_04
28.0,1068,PS_04
28.0,1069,PS_01
28.0,1070,PS_12
28.0,1071,PS_11
28.0,1072,PS_01
28.0,1073,PS_04
28.0,1074,PS_04
28.0,1075,PS_01
28.0,1076,PS_01
28.0,1077,PS_01
28.0,1078,PS_11
28.0,1079,PS_04
28.0,1080,PS_01
28.0,1081,PS_01
28.0,1082,PS_11
28.0,1083,PS_01
28.0,1084,PS_11
28.0,1085,PS_04
28.0,1086,PS_01
28.0,1087,PS_01
28.0,1088,PS_11
28.0,1089,PS_12
28.0,1090,PS_04
28.0,1091,PS_01
28.0,1092,PS_04
28.0,1093,PS_01
28.0,1094,PS_11
28.0,1095,PS_11
28.0,1096,PS_11
28.0,1097,PS_01
28.0,1098,PS_01
28.0,1099,PS_11
28.0,1100,PS_12
28.0,1101,PS_01
28.0,1102,PS_01
28.0,1103,PS_01
28.0,1104,PS_04
28.0,1105,PS_01
28.0,1106,PS_04
28.0,1107,PS_01
28.0,1108,PS_01
28.0,1109,PS_04
28.0,1110,PS_01
28.0,1111,PS_12
28.0,1112,PS_01
28.0,1113,PS_01
28.0,1114,PS_01
28.0,1115,PS_01
28.0,1116,PS_04
28.0,1117,PS_01
28.0,1118,PS_04
28.0,1119,PS_04
28.0,1120,PS_01
28.0,1121,PS_01
28.0,1122,PS_01
28.0,1123,PS_01
28.0,1124,PS_01
28.0,1125,PS_12
28.0,1126,PS_01
28.0,1127,PS_11
28.0,1128,PS_11
28.0,1129,PS_12
28.0,1130,PS_12
28.0,1131,PS_01
28.0,1132,PS_01
28.0,1133,PS_04
28.0,1134,PS_01
28.0,1135,PS_04
28.0,1136,PS_04
28.0,1137,PS_01
28.0,1138,PS_04
28.0,1139,PS_01
28.0,1140,PS_11
28.0,1141,PS_11
28.0,1142,PS_01
28.0,1143,PS_01
28.0,1144,PS_01
28.0,1145,PS_01
28.0,1146,PS_04
28.0,1147,PS_01
28.0,1148,PS_01
28.0,1149,PS_04
28.0,1150,PS_01
28.0,1151,PS_04
28.0,1152,PS_01
28.0,1153,PS_04
28.0,1154,PS_01
28.0,1155,PS_01
28.0,1156,PS_04
28.0,1157,PS_11
28.0,1158,PS_01
28.0,1159,PS_01
28.0,1160,PS_04
28.0,1161,PS_01
28.0,1162,PS_04
28.0,1163,PS_11
28.0,1164,PS_01
28.0,1165,PS_11
28.0,1166,PS_01
28.0,1167,PS_01
28.0,1168,PS_01
28.0,1169,PS_01
28.0,1170,PS_11
28.0,1171,PS_01
28.0,1172,PS_04
28.0,1173,PS_01
28.0,1174,PS_01
28.0,1175,PS_01
28.0,1176,PS_01
28.0,1177,PS_11
28.0,1178,PS_11
28.0,1179,PS_01
28.0,1180,PS_12
28.0,1181,PS_12
28.0,1182,PS_04
28.0,1183,PS_00
28.0,1184,PS_04
28.0,1185,PS_01
28.0,1186,PS_01
28.0,1187,PS_01
28.0,1188,PS_01
28.0,1189,PS_01
28.0,1190,PS_01
28.0,1191,PS_01
28.0,1192,PS_11
28.0,1193,PS_01
28.0,1194,PS_04
28.0,1195,PS_01
28.0,1196,PS_01
28.0,1197,PS_11
28.0,1198,PS_11
28.0,1199,PS_01
28.0,1200,PS_11
28.0,1201,PS_01
28.0,1202,PS_01
28.0,1203,PS_01
28.0,1204,PS_12
28.0,1205,PS_04
28.0,1206,PS_11
28.0,1207,PS_11
28.0,1208,PS_11
28.0,1209,PS_11
28.0,1210,PS_04
28.0,1211,PS_04
28.0,1212,PS_01
28.0,1213,PS_01
28.0,1214,PS_04
28.0,1215,PS_01
28.0,1216,PS_01
28.0,1217,PS_04
28.0,1218,PS_01
28.0,1219,PS_01
28.0,1220,PS_12
28.0,1221,PS_12
28.0,1222,PS_01
28.0,1223,PS_11
28.0,1224,PS_04
28.0,1225,PS_01
28.0,1226,PS_01
28.0,1227,PS_01
28.0,1228,PS_01
28.0,1229,PS_11
28.0,1230,PS_01
28.0,1231,PS_12
28.0,1232,PS_01
28.0,1233,PS_04
28.0,1234,PS_01
28.0,1235,PS_01
28.0,1236,PS_01
28.0,1237,PS_11
28.0,1238,PS_11
28.0,1239,PS_01
28.0,1240,PS_01
28.0,1241,PS_01
28.0,1242,PS_01
28.0,1243,PS_01
28.0,1244,PS_01
28.0,1245,PS_11
28.0,1246,PS_11
28.0,1247,PS_01
28.0,1248,PS_01
28.0,1249,PS_12
28.0,1250,PS_01
28.0,1251,PS_11
28.0,1252,PS_01
28.0,1253,PS_01
28.0,1254,PS_01
28.0,1255,PS_11
28.0,1256,PS_04
28.0,1257,PS_11
28.0,1258,PS_01
28.0,1259,PS_01
28.0,1260,PS_01
28.0,1261,PS_01
28.0,1262,PS_11
28.0,1263,PS_11
28.0,1264,PS_01
28.0,1265,PS_01
28.0,1266,PS_01
28.0,1267,PS_01
28.0,1268,PS_01
28.0,1269,PS_12
28.0,1270,PS_01
28.0,1271,PS_01
28.0,1272,PS_04
28.0,1273,PS_11
28.0,1274,PS_04
28.0,1275,PS_04
28.0,1276,PS_01
28.0,1277,PS_01
28.0,1278,PS_04
28.0,1279,PS_01
28.0,1280,PS_01
28.0,1281,PS_01
28.0,1282,PS_01
28.0,1283,PS_01
28.0,1284,PS_01
28.0,1285,PS_01
28.0,1286,PS_12
28.0,1287,PS_01
28.0,1288,PS_12
28.0,1289,PS_01
28.0,1290,PS_01
28.0,1291,PS_11
28.0,1292,PS_01
28.0,1293,PS_01
28.0,1294,PS_04
28.0,1295,PS_01
28.0,1296,PS_11
28.0,1297,PS_12
28.0,1298,PS_11
28.0,1299,PS_01
28.0,1300,PS_12
28.0,1301,PS_04
28.0,1302,PS_04
28.0,1303,PS_04
28.0,1304,PS_11
28.0,1305,PS_01
28.0,1306,PS_01
28.0,1307,PS_01
28.0,1308,PS_01
28.0,1309,PS_01
28.0,1310,PS_01
28.0,1311,PS_01
28.0,1312,PS_12
28.0,1313,PS_01
28.0,1314,PS_01
28.0,1315,PS_01
28.0,1316,PS_11
28.0,1317,PS_01
28.0,1318,PS_01
28.0,1319,PS_01
28.0,1320,PS_11
28.0,1321,PS_12
28.0,1322,PS_11
28.0,1323,PS_01
28.0,1324,PS_01
28.0,1325,PS_04
28.0,1326,PS_11
28.0,1327,PS_04
28.0,1328,PS_04
28.0,1329,PS_01
28.0,1330,PS_04
28.0,1331,PS_01
28.0,1332,PS_01
28.0,1333,PS_01
28.0,1334,PS_11
28.0,1335,PS_04
28.0,1336,PS_01
28.0,1337,PS_01
28.0,1338,PS_11
28.0,1339,PS_11
28.0,1340,PS_12
28.0,1341,PS_12
28.0,1342,PS_01
28.0,1343,PS_01
28.0,1344,PS_04
28.0,1345,PS_11
28.0,1346,PS_01
28.0,1347,PS_01
28.0,1348,PS_04
28.0,1349,PS_11
28.0,1350,PS_01
28.0,1351,PS_01
28.0,1352,PS_12
28.0,1353,PS_01
28.0,1354,PS_11
28.0,1355,PS_01
28.0,1356,PS_11
28.0,1357,PS_01
28.0,1358,PS_01
28.0,1359,PS_01
28.0,1360,PS_01
28.0,1361,PS_01
28.0,1362,PS_01
28.0,1363,PS_01
28.0,1364,PS_04
28.0,1365,PS_04
28.0,1366,PS_11
28.0,1367,PS_11
28.0,1368,PS_01
28.0,1369,PS_01
28.0,1370,PS_04
28.0,1371,PS_01
28.0,1372,PS_04
28.0,1373,PS_01
28.0,1374,PS_12
28.0,1375,PS_11
28.0,1376,PS_01
28.0,1377,PS_01
28.0,1378,PS_04
28.0,1379,PS_00
28.0,1380,PS_01
28.0,1381,PS_01
28.0,1382,PS_01
28.0,1383,PS_01
28.0,1384,PS_11
28.0,1385,PS_01
28.0,1386,PS_04
28.0,1387,PS_01
28.0,1388,PS_01
28.0,1389,PS_01
28.0,1390,PS_12
28.0,1391,PS_01
28.0,1392,PS_01
28.0,1393,PS_01
28.0,1394,PS_04
28.0,1395,PS_04
28.0,1396,PS_01
28.0,1397,PS_12
28.0,1398,PS_04
28.0,1399,PS_01
28.0,1400,PS_01
28.0,1401,PS_12
28.0,1402,PS_01
28.0,1403,PS_01
28.0,1404,PS_01
28.0,1405,PS_01
28.0,1406,PS_11
28.0,1407,PS_01
28.0,1408,PS_12
28.0,1409,PS_01
28.0,1410,PS_01
28.0,1411,PS_01
28.0,1412,PS_01
28.0,1413,PS_01
28.0,1414,PS_01
28.0,1415,PS_01
28.0,1416,PS_04
28.0,1417,PS_04
28.0,1418,PS_01
28.0,1419,PS_01
28.0,1420,PS_12
28.0,1421,PS_01
28.0,1422,PS_12
28.0,1423,PS_01
28.0,1424,PS_01
28.0,1425,PS_04
28.0,1426,PS_01
28.0,1427,PS_04
28.0,1428,PS_01
28.0,1429,PS_11
28.0,1430,PS_01
28.0,1431,PS_01
28.0,1432,PS_01
28.0,1433,PS_01
28.0,1434,PS_11
28.0,1435,PS_01
28.0,1436,PS_01
28.0,1437,PS_04
28.0,1438,PS_12
28.0,1439,PS_04
28.0,1440,PS_04
28.0,1441,PS_01
28.0,1442,PS_01
28.0,1443,PS_04
28.0,1444,PS_04
28.0,1445,PS_01
28.0,1446,PS_12
28.0,1447,PS_01
28.0,1448,PS_01
28.0,1449,PS_01
28.0,1450,PS_01
28.0,1451,PS_01
28.0,1452,PS_01
28.0,1453,PS_01
28.0,1454,PS_11
28.0,1455,PS_01
28.0,1456,PS_11
28.0,1457,PS_12
28.0,1458,PS_01
28.0,1459,PS_01
28.0,1460,PS_01
28.0,1461,PS_01
28.0,1462,PS_04
28.0,1463,PS_11
28.0,1464,PS_01
28.0,1465,PS_01
28.0,1466,PS_08
28.0,1467,PS_01
28.0,1468,PS_01
28.0,1469,PS_01
28.0,1470,PS_00
28.0,1471,PS_04
28.0,1472,PS_01
28.0,1473,PS_11
28.0,1474,PS_01
28.0,1475,PS_01
28.0,1476,PS_04
28.0,1477,PS_01
28.0,1478,PS_01
28.0,1479,PS_04
28.0,1480,PS_11
28.0,1481,PS_04
28.0,1482,PS_01
28.0,1483,PS_04
28.0,1484,PS_04
28.0,1485,PS_01
28.0,1486,PS_01
28.0,1487,PS_01
28.0,1488,PS_01
28.0,1489,PS_01
28.0,1490,PS_01
28.0,1491,PS_01
28.0,1492,PS_01
28.0,1493,PS_01
28.0,1494,PS_04
28.0,1495,PS_01
28.0,1496,PS_01
28.0,1497,PS_04
28.0,1498,PS_01
28.0,1499,PS_01
28.0,1500,PS_11
28.0,1501,PS_01
28.0,1502,PS_01
28.0,1503,PS_11
28.0,1504,PS_01
28.0,1505,PS_01
28.0,1506,PS_01
28.0,1507,PS_11
28.0,1508,PS_01
28.0,1509,PS_04
28.0,1510,PS_01
28.0,1511,PS_01
28.0,1512,PS_01
28.0,1513,PS_01
28.0,1514,PS_01
28.0,1515,PS_01
28.0,1516,PS_04
28.0,1517,PS_12
28.0,1518,PS_11
28.0,1519,PS_04
28.0,1520,PS_04
28.0,1521,PS_01
28.0,1522,PS_01
28.0,1523,PS_11
28.0,1524,PS_01
28.0,1525,PS_11
28.0,1526,PS_11
28.0,1527,PS_04
28.0,1528,PS_04
28.0,1529,PS_01
28.0,1530,PS_01
28.0,1531,PS_12
28.0,1532,PS_01
28.0,1533,PS_01
28.0,1534,PS_01
28.0,1535,PS_01
28.0,1536,PS_01
28.0,1537,PS_01
28.0,1538,PS_01
28.0,1539,PS_01
28.0,1540,PS_12
28.0,1541,PS_01
28.0,1542,PS_01
28.0,1543,PS_04
28.0,1544,PS_11
28.0,1545,PS_04
28.0,1546,PS_01
28.0,1547,PS_01
28.0,1548,PS_01
28.0,1549,PS_01
28.0,1550,PS_01
28.0,1551,PS_01
28.0,1552,PS_11
28.0,1553,PS_11
28.0,1554,PS_01
28.0,1555,PS_01
28.0,1556,PS_04
28.0,1557,PS_01
28.0,1558,PS_04
28.0,1559,PS_11
28.0,1560,PS_04
28.0,1561,PS_01
28.0,1562,PS_01
28.0,1563,PS_11
28.0,1564,PS_01
28.0,1565,PS_04
28.0,1566,PS_01
28.0,1567,PS_04
28.0,1568,PS_01
28.0,1569,PS_01
28.0,1570,PS_04
28.0,1571,PS_01
28.0,1572,PS_12
28.0,1573,PS_11
28.0,1574,PS_01
28.0,1575,PS_04
28.0,1576,PS_01
28.0,1577,PS_01
28.0,1578,PS_01
28.0,1579,PS_01
28.0,1580,PS_01
28.0,1581,PS_04
28.0,1582,PS_11
28.0,1583,PS_01
28.0,1584,PS_04
28.0,1585,PS_01
28.0,1586,PS_04
28.0,1587,PS_01
28.0,1588,PS_01
28.0,1589,PS_00
28.0,1590,PS_01
28.0,1591,PS_01
28.0,1592,PS_11
28.0,1593,PS_01
28.0,1594,PS_01
28.0,1595,PS_01
28.0,1596,PS_01
28.0,1597,PS_01
28.0,1598,PS_12
28.0,1599,PS_04
28.0,1600,PS_01
28.0,1601,PS_11
28.0,1602,PS_12
28.0,1603,PS_01
28.0,1604,PS_11
28.0,1605,PS_01
28.0,1606,PS_04
28.0,1607,PS_01
28.0,1608,PS_01
28.0,1609,PS_04
28.0,1610,PS_04
28.0,1611,PS_04
28.0,1612,PS_11
28.0,1613,PS_12
28.0,1614,PS_12
28.0,1615,PS_01
28.0,1616,PS_01
28.0,1617,PS_01
28.0,1618,PS_01
28.0,1619,PS_11
28.0,1620,PS_12
28.0,1621,PS_01
28.0,1622,PS_12
28.0,1623,PS_12
28.0,1624,PS_04
28.0,1625,PS_01
28.0,1626,PS_01
28.0,1627,PS_01
28.0,1628,PS_01
28.0,1629,PS_01
28.0,1630,PS_01
28.0,1631,PS_01
28.0,1632,PS_01
28.0,1633,PS_01
28.0,1634,PS_01
28.0,1635,PS_00
28.0,1636,PS_04
28.0,1637,PS_04
28.0,1638,PS_01
28.0,1639,PS_11
28.0,1640,PS_01
28.0,1641,PS_01
28.0,1642,PS_01
28.0,1643,PS_11
28.0,1644,PS_01
28.0,1645,PS_01
28.0,1646,PS_11
28.0,1647,PS_01
28.0,1648,PS_11
28.0,1649,PS_11
28.0,1650,PS_01
28.0,1651,PS_01
28.0,1652,PS_01
28.0,1653,PS_01
28.0,1654,PS_04
28.0,1655,PS_01
28.0,1656,PS_01
28.0,1657,PS_01
28.0,1658,PS_01
28.0,1659,PS_01
28.0,1660,PS_01
28.0,1661,PS_01
28.0,1662,PS_01
28.0,1663,PS_08
28.0,1664,PS_01
28.0,1665,PS_11
28.0,1666,PS_01
28.0,1667,PS_11
28.0,1668,PS_01
28.0,1669,PS_01
28.0,1670,PS_01
28.0,1671,PS_01
28.0,1672,PS_01
28.0,1673,PS_01
28.0,1674,PS_11
28.0,1675,PS_01
28.0,1676,PS_12
28.0,1677,PS_01
28.0,1678,PS_01
28.0,1679,PS_01
28.0,1680,PS_01
28.0,1681,PS_01
28.0,1682,PS_01
28.0,1683,PS_04
28.0,1684,PS_01
28.0,1685,PS_01
28.0,1686,PS_01
28.0,1687,PS_01
28.0,1688,PS_11
28.0,1689,PS_01
28.0,1690,PS_01
28.0,1691,PS_01
28.0,1692,PS_12
28.0,1693,PS_11
28.0,1694,PS_01
28.0,1695,PS_11
28.0,1696,PS_01
28.0,1697,PS_12
28.0,1698,PS_11
28.0,1699,PS_01
28.0,1700,PS_11
28.0,1701,PS_11
28.0,1702,PS_01
28.0,1703,PS_08
28.0,1704,PS_01
28.0,1705,PS_01
28.0,1706,PS_12
28.0,1707,PS_01
28.0,1708,PS_01
28.0,1709,PS_01
28.0,1710,PS_11
28.0,1711,PS_01
28.0,1712,PS_01
28.0,1713,PS_04
28.0,1714,PS_04
28.0,1715,PS_01
28.0,1716,PS_01
28.0,1717,PS_01
28.0,1718,PS_01
28.0,1719,PS_11
28.0,1720,PS_04
28.0,1721,PS_01
28.0,1722,PS_04
28.0,1723,PS_01
28.0,1724,PS_01
28.0,1725,PS_12
28.0,1726,PS_01
28.0,1727,PS_01
28.0,1728,PS_01
28.0,1729,PS_12
28.0,1730,PS_04
28.0,1731,PS_01
28.0,1732,PS_01
28.0,1733,PS_01
28.0,1734,PS_01
28.0,1735,PS_01
28.0,1736,PS_01
28.0,1737,PS_01
28.0,1738,PS_11
28.0,1739,PS_01
28.0,1740,PS_12
28.0,1741,PS_04
28.0,1742,PS_04
28.0,1743,PS_11
28.0,1744,PS_04
28.0,1745,PS_04
28.0,1746,PS_11
28.0,1747,PS_11
28.0,1748,PS_04
28.0,1749,PS_01
28.0,1750,PS_12
28.0,1751,PS_11
28.0,1752,PS_11
28.0,1753,PS_04
28.0,1754,PS_01
28.0,1755,PS_01
28.0,1756,PS_01
28.0,1757,PS_01
28.0,1758,PS_01
28.0,1759,PS_04
28.0,1760,PS_01
28.0,1761,PS_01
28.0,1762,PS_01
28.0,1763,PS_01
28.0,1764,PS_01
28.0,1765,PS_01
28.0,1766,PS_11
28.0,1767,PS_01
28.0,1768,PS_01
28.0,1769,PS_01
28.0,1770,PS_01
28.0,1771,PS_11
28.0,1772,PS_01
28.0,1773,PS_01
28.0,1774,PS_01
28.0,1775,PS_04
28.0,1776,PS_01
28.0,1777,PS_01
28.0,1778,PS_01
28.0,1779,PS_04
28.0,1780,PS_04
28.0,1781,PS_01
28.0,1782,PS_04
28.0,1783,PS_04
28.0,1784,PS_01
28.0,1785,PS_01
28.0,1786,PS_01
28.0,1787,PS_01
28.0,1788,PS_04
28.0,1789,PS_11
28.0,1790,PS_04
28.0,1791,PS_01
28.0,1792,PS_01
28.0,1793,PS_04
28.0,1794,PS_01
28.0,1795,PS_11
28.0,1796,PS_01
28.0,1797,PS_01
28.0,1798,PS_04
28.0,1799,PS_11
28.0,1800,PS_04
28.0,1801,PS_01
28.0,1802,PS_01
28.0,1803,PS_01
28.0,1804,PS_11
28.0,1805,PS_11
28.0,1806,PS_01
28.0,1807,PS_01
28.0,1808,PS_01
28.0,1809,PS_01
28.0,1810,PS_11
28.0,1811,PS_01
28.0,1812,PS_01
28.0,1813,PS_01
28.0,1814,PS_01
28.0,1815,PS_01
28.0,1816,PS_01
28.0,1817,PS_12
28.0,1818,PS_11
28.0,1819,PS_01
28.0,1820,PS_01
28.0,1821,PS_01
28.0,1822,PS_01
28.0,1823,PS_01
28.0,1824,PS_04
28.0,1825,PS_04
28.0,1826,PS_04
28.0,1827,PS_01
28.0,1828,PS_01
28.0,1829,PS_01
28.0,1830,PS_01
28.0,1831,PS_01
28.0,1832,PS_01
28.0,1833,PS_01
28.0,1834,PS_01
28.0,1835,PS_01
28.0,1836,PS_08
28.0,1837,PS_01
28.0,1838,PS_01
28.0,1839,PS_04
28.0,1840,PS_04
28.0,1841,PS_11
28.0,1842,PS_01
28.0,1843,PS_01
28.0,1844,PS_04
28.0,1845,PS_01
28.0,1846,PS_11
28.0,1847,PS_11
28.0,1848,PS_11
28.0,1849,PS_00
28.0,1850,PS_01
28.0,1851,PS_04
28.0,1852,PS_04
28.0,1853,PS_01
28.0,1854,PS_01
28.0,1855,PS_04
28.0,1856,PS_04
28.0,1857,PS_11
28.0,1858,PS_01
28.0,1859,PS_01
28.0,1860,PS_11
28.0,1861,PS_04
28.0,1862,PS_04
28.0,1863,PS_01
28.0,1864,PS_11
28.0,1865,PS_04
28.0,1866,PS_01
28.0,1867,PS_12
28.0,1868,PS_01
28.0,1869,PS_01
28.0,1870,PS_11
28.0,1871,PS_01
28.0,1872,PS_01
28.0,1873,PS_11
28.0,1874,PS_11
28.0,1875,PS_11
28.0,1876,PS_01
28.0,1877,PS_04
28.0,1878,PS_01
28.0,1879,PS_01
28.0,1880,PS_01
28.0,1881,PS_11
28.0,1882,PS_01
28.0,1883,PS_11
28.0,1884,PS_01
28.0,1885,PS_01
28.0,1886,PS_11
28.0,1887,PS_01
28.0,1888,PS_11
28.0,1889,PS_11
28.0,1890,PS_04
28.0,1891,PS_01
28.0,1892,PS_01
28.0,1893,PS_01
28.0,1894,PS_11
28.0,1895,PS_01
28.0,1896,PS_04
28.0,1897,PS_01
28.0,1898,PS_01
28.0,1899,PS_04
28.0,1900,PS_01
28.0,1901,PS_04
28.0,1902,PS_11
28.0,1903,PS_01
28.0,1904,PS_11
28.0,1905,PS_04
28.0,1906,PS_04
28.0,1907,PS_04
28.0,1908,PS_11
28.0,1909,PS_11
28.0,1910,PS_01
28.0,1911,PS_11
28.0,1912,PS_11
28.0,1913,PS_12
28.0,1914,PS_01
28.0,1915,PS_01
28.0,1916,PS_01
28.0,1917,PS_01
28.0,1918,PS_11
28.0,1919,PS_04
28.0,1920,PS_11
28.0,1921,PS_01
28.0,1922,PS_11
28.0,1923,PS_07
28.0,1924,PS_04
28.0,1925,PS_04
28.0,1926,PS_01
28.0,1927,PS_01
28.0,1928,PS_04
28.0,1929,PS_01
28.0,1930,PS_11
28.0,1931,PS_01
28.0,1932,PS_12
28.0,1933,PS_12
28.0,1934,PS_11
28.0,1935,PS_01
28.0,1936,PS_04
28.0,1937,PS_11
28.0,1938,PS_01
28.0,1939,PS_04
28.0,1940,PS_11
28.0,1941,PS_00
28.0,1942,PS_11
28.0,1943,PS_01
28.0,1944,PS_01
28.0,1945,PS_01
28.0,1946,PS_11
28.0,1947,PS_01
28.0,1948,PS_11
28.0,1949,PS_01
28.0,1950,PS_04
28.0,1951,PS_01
28.0,1952,PS_01
28.0,1953,PS_04
28.0,1954,PS_12
28.0,1955,PS_01
28.0,1956,PS_01
28.0,1957,PS_01
28.0,1958,PS_11
28.0,1959,PS_01
28.0,1960,PS_01
28.0,1961,PS_01
28.0,1962,PS_01
28.0,1963,PS_01
28.0,1964,PS_04
28.0,1965,PS_01
28.0,1966,PS_01
28.0,1967,PS_11
28.0,1968,PS_01
28.0,1969,PS_01
28.0,1970,PS_01
28.0,1971,PS_11
28.0,1972,PS_01
28.0,1973,PS_11
28.0,1974,PS_01
28.0,1975,PS_04
28.0,1976,PS_01
28.0,1977,PS_11
28.0,1978,PS_11
28.0,1979,PS_01
28.0,1980,PS_01
28.0,1981,PS_01
28.0,1982,PS_01
28.0,1983,PS_01
28.0,1984,PS_01
28.0,1985,PS_11
28.0,1986,PS_01
28.0,1987,PS_11
28.0,1988,PS_01
28.0,1989,PS_01
28.0,1990,PS_01
28.0,1991,PS_04
28.0,1992,PS_01
28.0,1993,PS_01
28.0,1994,PS_11
28.0,1995,PS_04
28.0,1996,PS_01
28.0,1997,PS_01
28.0,1998,PS_04
28.0,1999,PS_11
30.0,0,PS_04
30.0,1,PS_01
30.0,2,PS_01
30.0,3,PS_01
30.0,4,PS_08
30.0,5,PS_01
30.0,6,PS_01
30.0,7,PS_01
30.0,8,PS_12
30.0,9,PS_01
30.0,10,PS_01
30.0,11,PS_01
30.0,12,PS_01
30.0,13,PS_01
30.0,14,PS_01
30.0,15,PS_01
30.0,16,PS_01
30.0,17,PS_01
30.0,18,PS_01
30.0,19,PS_01
30.0,20,PS_12
30.0,21,PS_01
30.0,22,PS_01
30.0,23,PS_01
30.0,24,PS_01
30.0,25,PS_01
30.0,26,PS_11
30.0,27,PS_01
30.0,28,PS_01
30.0,29,PS_01
30.0,30,PS_01
30.0,31,PS_01
30.0,32,PS_01
30.0,33,PS_01
30.0,34,PS_01
30.0,35,PS_01
30.0,36,PS_01
30.0,37,PS_01
30.0,38,PS_01
30.0,39,PS_01
30.0,40,PS_01
30.0,41,PS_11
30.0,42,PS_04
30.0,43,PS_01
30.0,44,PS_01
30.0,45,PS_01
30.0,46,PS_01
30.0,47,PS_04
30.0,48,PS_01
30.0,49,PS_11
30.0,50,PS_01
30.0,51,PS_01
30.0,52,PS_01
30.0,53,PS_12
30.0,54,PS_04
30.0,55,PS_12
30.0,56,PS_01
30.0,57,PS_01
30.0,58,PS_01
30.0,59,PS_01
30.0,60,PS_04
30.0,61,PS_01
30.0,62,PS_11
30.0,63,PS_12
30.0,64,PS_04
30.0,65,PS_01
30.0,66,PS_11
30.0,67,PS_01
30.0,68,PS_04
30.0,69,PS_04
30.0,70,PS_11
30.0,71,PS_01
30.0,72,PS_04
30.0,73,PS_01
30.0,74,PS_01
30.0,75,PS_01
30.0,76,PS_01
30.0,77,PS_01
30.0,78,PS_11
30.0,79,PS_11
30.0,80,PS_01
30.0,81,PS_11
30.0,82,PS_12
30.0,83,PS_01
30.0,84,PS_01
30.0,85,PS_01
30.0,86,PS_04
30.0,87,PS_11
30.0,88,PS_11
30.0,89,PS_01
30.0,90,PS_01
30.0,91,PS_01
30.0,92,PS_01
30.0,93,PS_01
30.0,94,PS_01
30.0,95,PS_01
30.0,96,PS_01
30.0,97,PS_11
30.0,98,PS_01
30.0,99,PS_01
30.0,100,PS_01
30.0,101,PS_01
30.0,102,PS_11
30.0,103,PS_01
30.0,104,PS_01
30.0,105,PS_01
30.0,106,PS_12
30.0,107,PS_11
30.0,108,PS_01
30.0,109,PS_01
30.0,110,PS_01
30.0,111,PS_11
30.0,112,PS_01
30.0,113,PS_12
30.0,114,PS_01
30.0,115,PS_01
30.0,116,PS_01
30.0,117,PS_11
30.0,118,PS_01
30.0,119,PS_01
30.0,120,PS_01
30.0,121,PS_01
30.0,122,PS_01
30.0,123,PS_04
30.0,124,PS_11
30.0,125,PS_11
30.0,126,PS_11
30.0,127,PS_01
30.0,128,PS_01
30.0,129,PS_01
30.0,130,PS_11
30.0,131,PS_01
30.0,132,PS_01
30.0,133,PS_04
30.0,134,PS_11
30.0,135,PS_04
30.0,136,PS_01
30.0,137,PS_01
30.0,138,PS_01
30.0,139,PS_01
30.0,140,PS_01
30.0,141,PS_01
30.0,142,PS_12
30.0,143,PS_04
30.0,144,PS_11
30.0,145,PS_01
30.0,146,PS_12
30.0,147,PS_11
30.0,148,PS_11
30.0,149,PS_01
30.0,150,PS_01
30.0,151,PS_01
30.0,152,PS_01
30.0,153,PS_01
30.0,154,PS_12
30.0,155,PS_01
30.0,156,PS_12
30.0,157,PS_01
30.0,158,PS_01
30.0,159,PS_01
30.0,160,PS_01
30.0,161,PS_11
30.0,162,PS_01
30.0,163,PS_01
30.0,164,PS_01
30.0,165,PS_04
30.0,166,PS_01
30.0,167,PS_01
30.0,168,PS_01
30.0,169,PS_01
30.0,170,PS_01
30.0,171,PS_11
30.0,172,PS_04
30.0,173,PS_11
30.0,174,PS_01
30.0,175,PS_01
30.0,176,PS_01
30.0,177,PS_01
30.0,178,PS_11
30.0,179,PS_01
30.0,180,PS_01
30.0,181,PS_01
30.0,182,PS_01
30.0,183,PS_08
30.0,184,PS_01
30.0,185,PS_01
30.0,186,PS_01
30.0,187,PS_01
30.0,188,PS_01
30.0,189,PS_12
30.0,190,PS_01
30.0,191,PS_04
30.0,192,PS_01
30.0,193,PS_11
30.0,194,PS_01
30.0,195,PS_12
30.0,196,PS_01
30.0,197,PS_01
30.0,198,PS_01
30.0,199,PS_12
30.0,200,PS_01
30.0,201,PS_01
30.0,202,PS_01
30.0,203,PS_12
30.0,204,PS_01
30.0,205,PS_01
30.0,206,PS_04
30.0,207,PS_11
30.0,208,PS_11
30.0,209,PS_01
30.0,210,PS_01
30.0,211,PS_12
30.0,212,PS_12
30.0,213,PS_01
30.0,214,PS_04
30.0,215,PS_11
30.0,216,PS_11
30.0,217,PS_01
30.0,218,PS_01
30.0,219,PS_11
30.0,220,PS_04
30.0,221,PS_01
30.0,222,PS_01
30.0,223,PS_01
30.0,224,PS_12
30.0,225,PS_11
30.0,226,PS_04
30.0,227,PS_01
30.0,228,PS_11
30.0,229,PS_04
30.0,230,PS_01
30.0,231,PS_04
30.0,232,PS_04
30.0,233,PS_01
30.0,234,PS_01
30.0,235,PS_04
30.0,236,PS_11
30.0,237,PS_01
30.0,238,PS_01
30.0,239,PS_12
30.0,240,PS_01
30.0,241,PS_01
30.0,242,PS_01
30.0,243,PS_01
30.0,244,PS_01
30.0,245,PS_11
30.0,246,PS_01
30.0,247,PS_01
30.0,248,PS_01
30.0,249,PS_01
30.0,250,PS_01
30.0,251,PS_01
30.0,252,PS_01
30.0,253,PS_04
30.0,254,PS_11
30.0,255,PS_04
30.0,256,PS_11
30.0,257,PS_01
30.0,258,PS_01
30.0,259,PS_01
30.0,260,PS_01
30.0,261,PS_11
30.0,262,PS_01
30.0,263,PS_01
30.0,264,PS_01
30.0,265,PS_01
30.0,266,PS_01
30.0,267,PS_11
30.0,268,PS_04
30.0,269,PS_01
30.0,270,PS_01
30.0,271,PS_01
30.0,272,PS_01
30.0,273,PS_01
30.0,274,PS_01
30.0,275,PS_01
30.0,276,PS_01
30.0,277,PS_01
30.0,278,PS_01
30.0,279,PS_01
30.0,280,PS_01
30.0,281,PS_11
30.0,282,PS_01
30.0,283,PS_12
30.0,284,PS_01
30.0,285,PS_11
30.0,286,PS_04
30.0,287,PS_01
30.0,288,PS_01
30.0,289,PS_01
30.0,290,PS_01
30.0,291,PS_01
30.0,292,PS_01
30.0,293,PS_12
30.0,294,PS_01
30.0,295,PS_12
30.0,296,PS_01
30.0,297,PS_01
30.0,298,PS_04
30.0,299,PS_04
30.0,300,PS_01
30.0,301,PS_01
30.0,302,PS_04
30.0,303,PS_01
30.0,304,PS_01
30.0,305,PS_01
30.0,306,PS_01
30.0,307,PS_11
30.0,308,PS_01
30.0,309,PS_01
30.0,310,PS_12
30.0,311,PS_01
30.0,312,PS_04
30.0,313,PS_01
30.0,314,PS_01
30.0,315,PS_01
30.0,316,PS_01
30.0,317,PS_12
30.0,318,PS_01
30.0,319,PS_01
30.0,320,PS_12
30.0,321,PS_01
30.0,322,PS_04
30.0,323,PS_01
30.0,324,PS_04
30.0,325,PS_01
30.0,326,PS_01
30.0,327,PS_01
30.0,328,PS_01
30.0,329,PS_01
30.0,330,PS_01
30.0,331,PS_01
30.0,332,PS_01
30.0,333,PS_01
30.0,334,PS_11
30.0,335,PS_04
30.0,336,PS_11
30.0,337,PS_01
30.0,338,PS_01
30.0,339,PS_04
30.0,340,PS_01
30.0,341,PS_11
30.0,342,PS_01
30.0,343,PS_01
30.0,344,PS_01
30.0,345,PS_11
30.0,346,PS_01
30.0,347,PS_01
30.0,348,PS_01
30.0,349,PS_01
30.0,350,PS_12
30.0,351,PS_01
30.0,352,PS_01
30.0,353,PS_01
30.0,354,PS_01
30.0,355,PS_01
30.0,356,PS_11
30.0,357,PS_01
30.0,358,PS_01
30.0,359,PS_01
30.0,360,PS_01
30.0,361,PS_01
30.0,362,PS_12
30.0,363,PS_04
30.0,364,PS_01
30.0,365,PS_01
30.0,366,PS_12
30.0,367,PS_11
30.0,368,PS_04
30.0,369,PS_12
30.0,370,PS_01
30.0,371,PS_04
30.0,372,PS_01
30.0,373,PS_01
30.0,374,PS_01
30.0,375,PS_04
30.0,376,PS_11
30.0,377,PS_01
30.0,378,PS_01
30.0,379,PS_04
30.0,380,PS_12
30.0,381,PS_01
30.0,382,PS_01
30.0,383,PS_11
30.0,384,PS_11
30.0,385,PS_11
30.0,386,PS_01
30.0,387,PS_01
30.0,388,PS_01
30.0,389,PS_01
30.0,390,PS_01
30.0,391,PS_11
30.0,392,PS_01
30.0,393,PS_12
30.0,394,PS_01
30.0,395,PS_11
30.0,396,PS_11
30.0,397,PS_01
30.0,398,PS_04
30.0,399,PS_01
30.0,400,PS_01
30.0,401,PS_01
30.0,402,PS_01
30.0,403,PS_01
30.0,404,PS_12
30.0,405,PS_01
30.0,406,PS_12
30.0,407,PS_11
30.0,408,PS_11
30.0,409,PS_01
30.0,410,PS_04
30.0,411,PS_01
30.0,412,PS_01
30.0,413,PS_01
30.0,414,PS_01
30.0,415,PS_04
30.0,416,PS_12
30.0,417,PS_01
30.0,418,PS_01
30.0,419,PS_01
30.0,420,PS_12
30.0,421,PS_01
30.0,422,PS_01
30.0,423,PS_04
30.0,424,PS_04
30.0,425,PS_01
30.0,426,PS_01
30.0,427,PS_04
30.0,428,PS_01
30.0,429,PS_01
30.0,430,PS_01
30.0,431,PS_01
30.0,432,PS_01
30.0,433,PS_01
30.0,434,PS_01
30.0,435,PS_01
30.0,436,PS_01
30.0,437,PS_04
30.0,438,PS_01
30.0,439,PS_01
30.0,440,PS_01
30.0,441,PS_12
30.0,442,PS_01
30.0,443,PS_04
30.0,444,PS_11
30.0,445,PS_01
30.0,446,PS_12
30.0,447,PS_04
30.0,448,PS_01
30.0,449,PS_11
30.0,450,PS_01
30.0,451,PS_01
30.0,452,PS_12
30.0,453,PS_01
30.0,454,PS_01
30.0,455,PS_12
30.0,456,PS_11
30.0,457,PS_01
30.0,458,PS_01
30.0,459,PS_11
30.0,460,PS_01
30.0,461,PS_01
30.0,462,PS_11
30.0,463,PS_12
30.0,464,PS_11
30.0,465,PS_11
30.0,466,PS_01
30.0,467,PS_01
30.0,468,PS_01
30.0,469,PS_01
30.0,470,PS_01
30.0,471,PS_04
30.0,472,PS_04
30.0,473,PS_11
30.0,474,PS_11
30.0,475,PS_01
30.0,476,PS_04
30.0,477,PS_12
30.0,478,PS_11
30.0,479,PS_04
30.0,480,PS_01
30.0,481,PS_11
30.0,482,PS_01
30.0,483,PS_12
30.0,484,PS_01
30.0,485,PS_04
30.0,486,PS_11
30.0,487,PS_01
30.0,488,PS_11
30.0,489,PS_01
30.0,490,PS_01
30.0,491,PS_11
30.0,492,PS_01
30.0,493,PS_01
30.0,494,PS_12
30.0,495,PS_01
30.0,496,PS_11
30.0,497,PS_01
30.0,498,PS_12
30.0,499,PS_04
30.0,500,PS_01
30.0,501,PS_11
30.0,502,PS_01
30.0,503,PS_11
30.0,504,PS_00
30.0,505,PS_11
30.0,506,PS_11
30.0,507,PS_01
30.0,508,PS_01
30.0,509,PS_01
30.0,510,PS_01
30.0,511,PS_01
30.0,512,PS_01
30.0,513,PS_01
30.0,514,PS_01
30.0,515,PS_01
30.0,516,PS_01
30.0,517,PS_11
30.0,518,PS_01
30.0,519,PS_01
30.0,520,PS_11
30.0,521,PS_01
30.0,522,PS_12
30.0,523,PS_12
30.0,524,PS_01
30.0,525,PS_04
30.0,526,PS_01
30.0,527,PS_01
30.0,528,PS_11
30.0,529,PS_11
30.0,530,PS_01
30.0,531,PS_11
30.0,532,PS_04
30.0,533,PS_11
30.0,534,PS_01
30.0,535,PS_01
30.0,536,PS_04
30.0,537,PS_08
30.0,538,PS_04
30.0,539,PS_01
30.0,540,PS_04
30.0,541,PS_01
30.0,542,PS_01
30.0,543,PS_01
30.0,544,PS_11
30.0,545,PS_01
30.0,546,PS_01
30.0,547,PS_11
30.0,548,PS_12
30.0,549,PS_01
30.0,550,PS_11
30.0,551,PS_04
30.0,552,PS_01
30.0,553,PS_04
30.0,554,PS_01
30.0,555,PS_01
30.0,556,PS_01
30.0,557,PS_01
30.0,558,PS_01
30.0,559,PS_04
30.0,560,PS_08
30.0,561,PS_01
30.0,562,PS_12
30.0,563,PS_04
30.0,564,PS_01
30.0,565,PS_01
30.0,566,PS_01
30.0,567,PS_01
30.0,568,PS_01
30.0,569,PS_12
30.0,570,PS_01
30.0,571,PS_01
30.0,572,PS_11
30.0,573,PS_04
30.0,574,PS_01
30.0,575,PS_11
30.0,576,PS_01
30.0,577,PS_01
30.0,578,PS_11
30.0,579,PS_01
30.0,580,PS_11
30.0,581,PS_11
30.0,582,PS_01
30.0,583,PS_11
30.0,584,PS_01
30.0,585,PS_01
30.0,586,PS_01
30.0,587,PS_01
30.0,588,PS_01
30.0,589,PS_01
30.0,590,PS_11
30.0,591,PS_11
30.0,592,PS_01
30.0,593,PS_01
30.0,594,PS_01
30.0,595,PS_01
30.0,596,PS_12
30.0,597,PS_01
30.0,598,PS_01
30.0,599,PS_11
30.0,600,PS_01
30.0,601,PS_04
30.0,602,PS_12
30.0,603,PS_01
30.0,604,PS_11
30.0,605,PS_01
30.0,606,PS_01
30.0,607,PS_04
30.0,608,PS_01
30.0,609,PS_04
30.0,610,PS_12
30.0,611,PS_01
30.0,612,PS_01
30.0,613,PS_01
30.0,614,PS_01
30.0,615,PS_01
30.0,616,PS_11
30.0,617,PS_01
30.0,618,PS_11
30.0,619,PS_01
30.0,620,PS_01
30.0,621,PS_11
30.0,622,PS_01
30.0,623,PS_01
30.0,624,PS_01
30.0,625,PS_01
30.0,626,PS_04
30.0,627,PS_11
30.0,628,PS_04
30.0,629,PS_04
30.0,630,PS_11
30.0,631,PS_12
30.0,632,PS_01
30.0,633,PS_12
30.0,634,PS_01
30.0,635,PS_01
30.0,636,PS_01
30.0,637,PS_01
30.0,638,PS_01
30.0,639,PS_01
30.0,640,PS_04
30.0,641,PS_01
30.0,642,PS_01
30.0,643,PS_04
30.0,644,PS_11
30.0,645,PS_01
30.0,646,PS_01
30.0,647,PS_01
30.0,648,PS_11
30.0,649,PS_01
30.0,650,PS_04
30.0,651,PS_01
30.0,652,PS_04
30.0,653,PS_01
30.0,654,PS_01
30.0,655,PS_01
30.0,656,PS_11
30.0,657,PS_04
30.0,658,PS_12
30.0,659,PS_11
30.0,660,PS_11
30.0,661,PS_01
30.0,662,PS_01
30.0,663,PS_01
30.0,664,PS_01
30.0,665,PS_01
30.0,666,PS_11
30.0,667,PS_01
30.0,668,PS_04
30.0,669,PS_12
30.0,670,PS_01
30.0,671,PS_04
30.0,672,PS_01
30.0,673,PS_01
30.0,674,PS_01
30.0,675,PS_01
30.0,676,PS_11
30.0,677,PS_11
30.0,678,PS_01
30.0,679,PS_01
30.0,680,PS_04
30.0,681,PS_12
30.0,682,PS_01
30.0,683,PS_01
30.0,684,PS_01
30.0,685,PS_01
30.0,686,PS_01
30.0,687,PS_11
30.0,688,PS_01
30.0,689,PS_01
30.0,690,PS_01
30.0,691,PS_01
30.0,692,PS_01
30.0,693,PS_01
30.0,694,PS_01
30.0,695,PS_01
30.0,696,PS_01
30.0,697,PS_01
30.0,698,PS_12
30.0,699,PS_01
30.0,700,PS_01
30.0,701,PS_01
30.0,702,PS_01
30.0,703,PS_11
30.0,704,PS_01
30.0,705,PS_01
30.0,706,PS_04
30.0,707,PS_11
30.0,708,PS_01
30.0,709,PS_01
30.0,710,PS_01
30.0,711,PS_01
30.0,712,PS_04
30.0,713,PS_11
30.0,714,PS_01
30.0,715,PS_01
30.0,716,PS_01
30.0,717,PS_12
30.0,718,PS_01
30.0,719,PS_01
30.0,720,PS_01
30.0,721,PS_04
30.0,722,PS_01
30.0,723,PS_01
30.0,724,PS_01
30.0,725,PS_11
30.0,726,PS_01
30.0,727,PS_12
30.0,728,PS_11
30.0,729,PS_01
30.0,730,PS_01
30.0,731,PS_01
30.0,732,PS_04
30.0,733,PS_04
30.0,734,PS_01
30.0,735,PS_01
30.0,736,PS_12
30.0,737,PS_12
30.0,738,PS_01
30.0,739,PS_04
30.0,740,PS_01
30.0,741,PS_11
30.0,742,PS_01
30.0,743,PS_01
30.0,744,PS_01
30.0,745,PS_11
30.0,746,PS_11
30.0,747,PS_01
30.0,748,PS_01
30.0,749,PS_01
30.0,750,PS_01
30.0,751,PS_01
30.0,752,PS_01
30.0,753,PS_01
30.0,754,PS_12
30.0,755,PS_11
30.0,756,PS_01
30.0,757,PS_11
30.0,758,PS_12
30.0,759,PS_01
30.0,760,PS_01
30.0,761,PS_12
30.0,762,PS_01
30.0,763,PS_01
30.0,764,PS_01
30.0,765,PS_11
30.0,766,PS_01
30.0,767,PS_01
30.0,768,PS_01
30.0,769,PS_01
30.0,770,PS_01
30.0,771,PS_01
30.0,772,PS_01
30.0,773,PS_04
30.0,774,PS_01
30.0,775,PS_01
30.0,776,PS_01
30.0,777,PS_01
30.0,778,PS_11
30.0,779,PS_01
30.0,780,PS_01
30.0,781,PS_11
30.0,782,PS_01
30.0,783,PS_01
30.0,784,PS_01
30.0,785,PS_12
30.0,786,PS_01
30.0,787,PS_01
30.0,788,PS_01
30.0,789,PS_12
30.0,790,PS_01
30.0,791,PS_01
30.0,792,PS_04
30.0,793,PS_04
30.0,794,PS_01
30.0,795,PS_01
30.0,796,PS_01
30.0,797,PS_11
30.0,798,PS_01
30.0,799,PS_01
30.0,800,PS_01
30.0,801,PS_01
30.0,802,PS_04
30.0,803,PS_01
30.0,804,PS_04
30.0,805,PS_01
30.0,806,PS_01
30.0,807,PS_01
30.0,808,PS_00
30.0,809,PS_01
30.0,810,PS_12
30.0,811,PS_12
30.0,812,PS_11
30.0,813,PS_01
30.0,814,PS_01
30.0,815,PS_11
30.0,816,PS_01
30.0,817,PS_01
30.0,818,PS_01
30.0,819,PS_01
30.0,820,PS_01
30.0,821,PS_01
30.0,822,PS_01
30.0,823,PS_01
30.0,824,PS_04
30.0,825,PS_01
30.0,826,PS_04
30.0,827,PS_01
30.0,828,PS_01
30.0,829,PS_01
30.0,830,PS_12
30.0,831,PS_01
30.0,832,PS_11
30.0,833,PS_01
30.0,834,PS_01
30.0,835,PS_01
30.0,836,PS_01
30.0,837,PS_01
30.0,838,PS_12
30.0,839,PS_01
30.0,840,PS_11
30.0,841,PS_01
30.0,842,PS_04
30.0,843,PS_01
30.0,844,PS_11
30.0,845,PS_11
30.0,846,PS_01
30.0,847,PS_01
30.0,848,PS_01
30.0,849,PS_04
30.0,850,PS_01
30.0,851,PS_01
30.0,852,PS_01
30.0,853,PS_01
30.0,854,PS_04
30.0,855,PS_01
30.0,856,PS_01
30.0,857,PS_01
30.0,858,PS_12
30.0,859,PS_01
30.0,860,PS_01
30.0,861,PS_11
30.0,862,PS_01
30.0,863,PS_11
30.0,864,PS_11
30.0,865,PS_01
30.0,866,PS_01
30.0,867,PS_11
30.0,868,PS_01
30.0,869,PS_11
30.0,870,PS_01
30.0,871,PS_04
30.0,872,PS_01
30.0,873,PS_01
30.0,874,PS_01
30.0,875,PS_11
30.0,876,PS_01
30.0,877,PS_04
30.0,878,PS_04
30.0,879,PS_04
30.0,880,PS_01
30.0,881,PS_01
30.0,882,PS_01
30.0,883,PS_11
30.0,884,PS_11
30.0,885,PS_01
30.0,886,PS_01
30.0,887,PS_01
30.0,888,PS_01
30.0,889,PS_00
30.0,890,PS_12
30.0,891,PS_01
30.0,892,PS_01
30.0,893,PS_01
30.0,894,PS_01
30.0,895,PS_01
30.0,896,PS_04
30.0,897,PS_08
30.0,898,PS_01
30.0,899,PS_01
30.0,900,PS_01
30.0,901,PS_11
30.0,902,PS_01
30.0,903,PS_04
30.0,904,PS_01
30.0,905,PS_04
30.0,906,PS_01
30.0,907,PS_01
30.0,908,PS_01
30.0,909,PS_01
30.0,910,PS_11
30.0,911,PS_11
30.0,912,PS_01
30.0,913,PS_11
30.0,914,PS_01
30.0,915,PS_01
30.0,916,PS_11
30.0,917,PS_01
30.0,918,PS_12
30.0,919,PS_01
30.0,920,PS_01
30.0,921,PS_01
30.0,922,PS_01
30.0,923,PS_01
30.0,924,PS_11
30.0,925,PS_01
30.0,926,PS_12
30.0,927,PS_11
30.0,928,PS_11
30.0,929,PS_01
30.0,930,PS_01
30.0,931,PS_11
30.0,932,PS_01
30.0,933,PS_11
30.0,934,PS_12
30.0,935,PS_11
30.0,936,PS_01
30.0,937,PS_01
30.0,938,PS_12
30.0,939,PS_01
30.0,940,PS_01
30.0,941,PS_01
30.0,942,PS_01
30.0,943,PS_01
30.0,944,PS_00
30.0,945,PS_01
30.0,946,PS_01
30.0,947,PS_12
30.0,948,PS_01
30.0,949,PS_11
30.0,950,PS_11
30.0,951,PS_11
30.0,952,PS_01
30.0,953,PS_01
30.0,954,PS_04
30.0,955,PS_01
30.0,956,PS_01
30.0,957,PS_01
30.0,958,PS_01
30.0,959,PS_12
30.0,960,PS_04
30.0,961,PS_01
30.0,962,PS_01
30.0,963,PS_01
30.0,964,PS_12
30.0,965,PS_11
30.0,966,PS_01
30.0,967,PS_01
30.0,968,PS_01
30.0,969,PS_01
30.0,970,PS_11
30.0,971,PS_01
30.0,972,PS_12
30.0,973,PS_01
30.0,974,PS_01
30.0,975,PS_01
30.0,976,PS_01
30.0,977,PS_01
30.0,978,PS_01
30.0,979,PS_01
30.0,980,PS_04
30.0,981,PS_01
30.0,982,PS_11
30.0,983,PS_01
30.0,984,PS_04
30.0,985,PS_11
30.0,986,PS_01
30.0,987,PS_01
30.0,988,PS_01
30.0,989,PS_01
30.0,990,PS_04
30.0,991,PS_12
30.0,992,PS_01
30.0,993,PS_01
30.0,994,PS_12
30.0,995,PS_01
30.0,996,PS_01
30.0,997,PS_04
30.0,998,PS_11
30.0,999,PS_01
30.0,1000,PS_11
30.0,1001,PS_12
30.0,1002,PS_11
30.0,1003,PS_01
30.0,1004,PS_12
30.0,1005,PS_01
30.0,1006,PS_01
30.0,1007,PS_04
30.0,1008,PS_01
30.0,1009,PS_01
30.0,1010,PS_01
30.0,1011,PS_01
30.0,1012,PS_12
30.0,1013,PS_12
30.0,1014,PS_12
30.0,1015,PS_01
30.0,1016,PS_01
30.0,1017,PS_01
30.0,1018,PS_01
30.0,1019,PS_04
30.0,1020,PS_01
30.0,1021,PS_11
30.0,1022,PS_01
30.0,1023,PS_01
30.0,1024,PS_12
30.0,1025,PS_01
30.0,1026,PS_01
30.0,1027,PS_12
30.0,1028,PS_01
30.0,1029,PS_01
30.0,1030,PS_01
30.0,1031,PS_04
30.0,1032,PS_01
30.0,1033,PS_01
30.0,1034,PS_04
30.0,1035,PS_11
30.0,1036,PS_01
30.0,1037,PS_01
30.0,1038,PS_11
30.0,1039,PS_12
30.0,1040,PS_01
30.0,1041,PS_11
30.0,1042,PS_01
30.0,1043,PS_01
30.0,1044,PS_11
30.0,1045,PS_11
30.0,1046,PS_01
30.0,1047,PS_11
30.0,1048,PS_01
30.0,1049,PS_01
30.0,1050,PS_01
30.0,1051,PS_12
30.0,1052,PS_01
30.0,1053,PS_12
30.0,1054,PS_01
30.0,1055,PS_01
30.0,1056,PS_12
30.0,1057,PS_01
30.0,1058,PS_04
30.0,1059,PS_01
30.0,1060,PS_01
30.0,1061,PS_01
30.0,1062,PS_11
30.0,1063,PS_12
30.0,1064,PS_01
30.0,1065,PS_01
30.0,1066,PS_01
30.0,1067,PS_04
30.0,1068,PS_01
30.0,1069,PS_01
30.0,1070,PS_12
30.0,1071,PS_11
30.0,1072,PS_01
30.0,1073,PS_01
30.0,1074,PS_01
30.0,1075,PS_01
30.0,1076,PS_01
30.0,1077,PS_01
30.0,1078,PS_11
30.0,1079,PS_01
30.0,1080,PS_01
30.0,1081,PS_01
30.0,1082,PS_11
30.0,1083,PS_01
30.0,1084,PS_11
30.0,1085,PS_11
30.0,1086,PS_01
30.0,1087,PS_01
30.0,1088,PS_11
30.0,1089,PS_12
30.0,1090,PS_04
30.0,1091,PS_01
30.0,1092,PS_04
30.0,1093,PS_01
30.0,1094,PS_04
30.0,1095,PS_11
30.0,1096,PS_11
30.0,1097,PS_01
30.0,1098,PS_01
30.0,1099,PS_11
30.0,1100,PS_12
30.0,1101,PS_01
30.0,1102,PS_01
30.0,1103,PS_01
30.0,1104,PS_11
30.0,1105,PS_01
30.0,1106,PS_11
30.0,1107,PS_01
30.0,1108,PS_01
30.0,1109,PS_04
30.0,1110,PS_01
30.0,1111,PS_12
30.0,1112,PS_11
30.0,1113,PS_01
30.0,1114,PS_01
30.0,1115,PS_01
30.0,1116,PS_04
30.0,1117,PS_01
30.0,1118,PS_11
30.0,1119,PS_04
30.0,1120,PS_01
30.0,1121,PS_01
30.0,1122,PS_01
30.0,1123,PS_01
30.0,1124,PS_01
30.0,1125,PS_11
30.0,1126,PS_04
30.0,1127,PS_11
30.0,1128,PS_12
30.0,1129,PS_11
30.0,1130,PS_12
30.0,1131,PS_01
30.0,1132,PS_01
30.0,1133,PS_04
30.0,1134,PS_01
30.0,1135,PS_11
30.0,1136,PS_11
30.0,1137,PS_01
30.0,1138,PS_04
30.0,1139,PS_01
30.0,1140,PS_12
30.0,1141,PS_11
30.0,1142,PS_01
30.0,1143,PS_01
30.0,1144,PS_01
30.0,1145,PS_01
30.0,1146,PS_04
30.0,1147,PS_01
30.0,1148,PS_01
30.0,1149,PS_04
30.0,1150,PS_01
30.0,1151,PS_01
30.0,1152,PS_01
30.0,1153,PS_11
30.0,1154,PS_01
30.0,1155,PS_01
30.0,1156,PS_04
30.0,1157,PS_12
30.0,1158,PS_01
30.0,1159,PS_01
30.0,1160,PS_01
30.0,1161,PS_04
30.0,1162,PS_04
30.0,1163,PS_11
30.0,1164,PS_01
30.0,1165,PS_11
30.0,1166,PS_01
30.0,1167,PS_01
30.0,1168,PS_01
30.0,1169,PS_01
30.0,1170,PS_12
30.0,1171,PS_01
30.0,1172,PS_04
30.0,1173,PS_01
30.0,1174,PS_01
30.0,1175,PS_01
30.0,1176,PS_01
30.0,1177,PS_12
30.0,1178,PS_11
30.0,1179,PS_01
30.0,1180,PS_11
30.0,1181,PS_11
30.0,1182,PS_04
30.0,1183,PS_01
30.0,1184,PS_11
30.0,1185,PS_01
30.0,1186,PS_01
30.0,1187,PS_01
30.0,1188,PS_01
30.0,1189,PS_01
30.0,1190,PS_01
30.0,1191,PS_01
30.0,1192,PS_11
30.0,1193,PS_01
30.0,1194,PS_01
30.0,1195,PS_01
30.0,1196,PS_01
30.0,1197,PS_01
30.0,1198,PS_12
30.0,1199,PS_01
30.0,1200,PS_11
30.0,1201,PS_01
30.0,1202,PS_01
30.0,1203,PS_01
30.0,1204,PS_11
30.0,1205,PS_04
30.0,1206,PS_01
30.0,1207,PS_11
30.0,1208,PS_12
30.0,1209,PS_01
30.0,1210,PS_04
30.0,1211,PS_04
30.0,1212,PS_01
30.0,1213,PS_01
30.0,1214,PS_04
30.0,1215,PS_01
30.0,1216,PS_01
30.0,1217,PS_01
30.0,1218,PS_01
30.0,1219,PS_01
30.0,1220,PS_11
30.0,1221,PS_12
30.0,1222,PS_01
30.0,1223,PS_11
30.0,1224,PS_11
30.0,1225,PS_04
30.0,1226,PS_01
30.0,1227,PS_01
30.0,1228,PS_01
30.0,1229,PS_01
30.0,1230,PS_01
30.0,1231,PS_12
30.0,1232,PS_01
30.0,1233,PS_01
30.0,1234,PS_01
30.0,1235,PS_04
30.0,1236,PS_01
30.0,1237,PS_11
30.0,1238,PS_11
30.0,1239,PS_01
30.0,1240,PS_01
30.0,1241,PS_01
30.0,1242,PS_01
30.0,1243,PS_01
30.0,1244,PS_01
30.0,1245,PS_12
30.0,1246,PS_11
30.0,1247,PS_01
30.0,1248,PS_01
30.0,1249,PS_12
30.0,1250,PS_01
30.0,1251,PS_11
30.0,1252,PS_04
30.0,1253,PS_01
30.0,1254,PS_01
30.0,1255,PS_12
30.0,1256,PS_01
30.0,1257,PS_12
30.0,1258,PS_04
30.0,1259,PS_01
30.0,1260,PS_01
30.0,1261,PS_01
30.0,1262,PS_11
30.0,1263,PS_11
30.0,1264,PS_01
30.0,1265,PS_01
30.0,1266,PS_01
30.0,1267,PS_01
30.0,1268,PS_01
30.0,1269,PS_12
30.0,1270,PS_01
30.0,1271,PS_01
30.0,1272,PS_04
30.0,1273,PS_11
30.0,1274,PS_04
30.0,1275,PS_11
30.0,1276,PS_01
30.0,1277,PS_01
30.0,1278,PS_11
30.0,1279,PS_01
30.0,1280,PS_01
30.0,1281,PS_01
30.0,1282,PS_01
30.0,1283,PS_01
30.0,1284,PS_01
30.0,1285,PS_01
30.0,1286,PS_11
30.0,1287,PS_01
30.0,1288,PS_11
30.0,1289,PS_01
30.0,1290,PS_01
30.0,1291,PS_01
30.0,1292,PS_01
30.0,1293,PS_01
30.0,1294,PS_04
30.0,1295,PS_01
30.0,1296,PS_11
30.0,1297,PS_12
30.0,1298,PS_11
30.0,1299,PS_01
30.0,1300,PS_12
30.0,1301,PS_04
30.0,1302,PS_04
30.0,1303,PS_01
30.0,1304,PS_11
30.0,1305,PS_01
30.0,1306,PS_01
30.0,1307,PS_01
30.0,1308,PS_01
30.0,1309,PS_00
30.0,1310,PS_01
30.0,1311,PS_01
30.0,1312,PS_12
30.0,1313,PS_01
30.0,1314,PS_01
30.0,1315,PS_01
30.0,1316,PS_11
30.0,1317,PS_01
30.0,1318,PS_01
30.0,1319,PS_01
30.0,1320,PS_11
30.0,1321,PS_12
30.0,1322,PS_01
30.0,1323,PS_01
30.0,1324,PS_01
30.0,1325,PS_04
30.0,1326,PS_11
30.0,1327,PS_04
30.0,1328,PS_11
30.0,1329,PS_01
30.0,1330,PS_04
30.0,1331,PS_01
30.0,1332,PS_01
30.0,1333,PS_01
30.0,1334,PS_11
30.0,1335,PS_01
30.0,1336,PS_01
30.0,1337,PS_01
30.0,1338,PS_11
30.0,1339,PS_11
30.0,1340,PS_12
30.0,1341,PS_12
30.0,1342,PS_01
30.0,1343,PS_01
30.0,1344,PS_01
30.0,1345,PS_01
30.0,1346,PS_01
30.0,1347,PS_01
30.0,1348,PS_01
30.0,1349,PS_08
30.0,1350,PS_01
30.0,1351,PS_01
30.0,1352,PS_11
30.0,1353,PS_01
30.0,1354,PS_04
30.0,1355,PS_01
30.0,1356,PS_12
30.0,1357,PS_01
30.0,1358,PS_01
30.0,1359,PS_01
30.0,1360,PS_01
30.0,1361,PS_01
30.0,1362,PS_01
30.0,1363,PS_11
30.0,1364,PS_11
30.0,1365,PS_11
30.0,1366,PS_11
30.0,1367,PS_12
30.0,1368,PS_01
30.0,1369,PS_01
30.0,1370,PS_04
30.0,1371,PS_01
30.0,1372,PS_04
30.0,1373,PS_01
30.0,1374,PS_12
30.0,1375,PS_11
30.0,1376,PS_01
30.0,1377,PS_01
30.0,1378,PS_04
30.0,1379,PS_01
30.0,1380,PS_01
30.0,1381,PS_01
30.0,1382,PS_01
30.0,1383,PS_01
30.0,1384,PS_04
30.0,1385,PS_01
30.0,1386,PS_01
30.0,1387,PS_01
30.0,1388,PS_01
30.0,1389,PS_01
30.0,1390,PS_11
30.0,1391,PS_01
30.0,1392,PS_01
30.0,1393,PS_01
30.0,1394,PS_04
30.0,1395,PS_04
30.0,1396,PS_01
30.0,1397,PS_12
30.0,1398,PS_11
30.0,1399,PS_01
30.0,1400,PS_11
30.0,1401,PS_11
30.0,1402,PS_01
30.0,1403,PS_01
30.0,1404,PS_01
30.0,1405,PS_01
30.0,1406,PS_11
30.0,1407,PS_01
30.0,1408,PS_12
30.0,1409,PS_01
30.0,1410,PS_01
30.0,1411,PS_01
30.0,1412,PS_01
30.0,1413,PS_01
30.0,1414,PS_01
30.0,1415,PS_01
30.0,1416,PS_11
30.0,1417,PS_04
30.0,1418,PS_01
30.0,1419,PS_01
30.0,1420,PS_12
30.0,1421,PS_01
30.0,1422,PS_12
30.0,1423,PS_01
30.0,1424,PS_01
30.0,1425,PS_01
30.0,1426,PS_01
30.0,1427,PS_11
30.0,1428,PS_01
30.0,1429,PS_11
30.0,1430,PS_01
30.0,1431,PS_01
30.0,1432,PS_01
30.0,1433,PS_01
30.0,1434,PS_11
30.0,1435,PS_01
30.0,1436,PS_01
30.0,1437,PS_11
30.0,1438,PS_11
30.0,1439,PS_11
30.0,1440,PS_04
30.0,1441,PS_01
30.0,1442,PS_01
30.0,1443,PS_04
30.0,1444,PS_01
30.0,1445,PS_01
30.0,1446,PS_12
30.0,1447,PS_01
30.0,1448,PS_01
30.0,1449,PS_01
30.0,1450,PS_01
30.0,1451,PS_01
30.0,1452,PS_01
30.0,1453,PS_01
30.0,1454,PS_11
30.0,1455,PS_01
30.0,1456,PS_11
30.0,1457,PS_12
30.0,1458,PS_01
30.0,1459,PS_01
30.0,1460,PS_01
30.0,1461,PS_01
30.0,1462,PS_01
30.0,1463,PS_12
30.0,1464,PS_01
30.0,1465,PS_01
30.0,1466,PS_12
30.0,1467,PS_01
30.0,1468,PS_01
30.0,1469,PS_01
30.0,1470,PS_01
30.0,1471,PS_11
30.0,1472,PS_01
30.0,1473,PS_11
30.0,1474,PS_01
30.0,1475,PS_04
30.0,1476,PS_04
30.0,1477,PS_01
30.0,1478,PS_01
30.0,1479,PS_11
30.0,1480,PS_11
30.0,1481,PS_01
30.0,1482,PS_01
30.0,1483,PS_04
30.0,1484,PS_11
30.0,1485,PS_01
30.0,1486,PS_01
30.0,1487,PS_01
30.0,1488,PS_01
30.0,1489,PS_01
30.0,1490,PS_01
30.0,1491,PS_01
30.0,1492,PS_01
30.0,1493,PS_01
30.0,1494,PS_04
30.0,1495,PS_01
30.0,1496,PS_01
30.0,1497,PS_01
30.0,1498,PS_01
30.0,1499,PS_01
30.0,1500,PS_12
30.0,1501,PS_01
30.0,1502,PS_01
30.0,1503,PS_11
30.0,1504,PS_01
30.0,1505,PS_01
30.0,1506,PS_01
30.0,1507,PS_11
30.0,1508,PS_01
30.0,1509,PS_01
30.0,1510,PS_01
30.0,1511,PS_01
30.0,1512,PS_04
30.0,1513,PS_01
30.0,1514,PS_01
30.0,1515,PS_01
30.0,1516,PS_01
30.0,1517,PS_08
30.0,1518,PS_12
30.0,1519,PS_01
30.0,1520,PS_01
30.0,1521,PS_01
30.0,1522,PS_01
30.0,1523,PS_04
30.0,1524,PS_01
30.0,1525,PS_12
30.0,1526,PS_11
30.0,1527,PS_01
30.0,1528,PS_01
30.0,1529,PS_01
30.0,1530,PS_01
30.0,1531,PS_12
30.0,1532,PS_01
30.0,1533,PS_01
30.0,1534,PS_01
30.0,1535,PS_04
30.0,1536,PS_01
30.0,1537,PS_01
30.0,1538,PS_01
30.0,1539,PS_01
30.0,1540,PS_12
30.0,1541,PS_01
30.0,1542,PS_01
30.0,1543,PS_04
30.0,1544,PS_11
30.0,1545,PS_11
30.0,1546,PS_01
30.0,1547,PS_01
30.0,1548,PS_01
30.0,1549,PS_01
30.0,1550,PS_01
30.0,1551,PS_01
30.0,1552,PS_11
30.0,1553,PS_11
30.0,1554,PS_01
30.0,1555,PS_01
30.0,1556,PS_11
30.0,1557,PS_01
30.0,1558,PS_01
30.0,1559,PS_01
30.0,1560,PS_04
30.0,1561,PS_01
30.0,1562,PS_01
30.0,1563,PS_12
30.0,1564,PS_01
30.0,1565,PS_01
30.0,1566,PS_01
30.0,1567,PS_04
30.0,1568,PS_01
30.0,1569,PS_01
30.0,1570,PS_11
30.0,1571,PS_01
30.0,1572,PS_12
30.0,1573,PS_11
30.0,1574,PS_01
30.0,1575,PS_01
30.0,1576,PS_01
30.0,1577,PS_01
30.0,1578,PS_01
30.0,1579,PS_01
30.0,1580,PS_04
30.0,1581,PS_01
30.0,1582,PS_04
30.0,1583,PS_01
30.0,1584,PS_04
30.0,1585,PS_01
30.0,1586,PS_11
30.0,1587,PS_04
30.0,1588,PS_01
30.0,1589,PS_01
30.0,1590,PS_01
30.0,1591,PS_01
30.0,1592,PS_11
30.0,1593,PS_04
30.0,1594,PS_01
30.0,1595,PS_01
30.0,1596,PS_01
30.0,1597,PS_01
30.0,1598,PS_12
30.0,1599,PS_04
30.0,1600,PS_01
30.0,1601,PS_11
30.0,1602,PS_12
30.0,1603,PS_01
30.0,1604,PS_11
30.0,1605,PS_04
30.0,1606,PS_04
30.0,1607,PS_01
30.0,1608,PS_01
30.0,1609,PS_11
30.0,1610,PS_04
30.0,1611,PS_01
30.0,1612,PS_11
30.0,1613,PS_12
30.0,1614,PS_12
30.0,1615,PS_01
30.0,1616,PS_01
30.0,1617,PS_01
30.0,1618,PS_01
30.0,1619,PS_11
30.0,1620,PS_12
30.0,1621,PS_01
30.0,1622,PS_12
30.0,1623,PS_12
30.0,1624,PS_01
30.0,1625,PS_01
30.0,1626,PS_01
30.0,1627,PS_01
30.0,1628,PS_01
30.0,1629,PS_01
30.0,1630,PS_01
30.0,1631,PS_01
30.0,1632,PS_01
30.0,1633,PS_01
30.0,1634,PS_01
30.0,1635,PS_01
30.0,1636,PS_11
30.0,1637,PS_04
30.0,1638,PS_01
30.0,1639,PS_11
30.0,1640,PS_01
30.0,1641,PS_01
30.0,1642,PS_01
30.0,1643,PS_11
30.0,1644,PS_01
30.0,1645,PS_01
30.0,1646,PS_11
30.0,1647,PS_01
30.0,1648,PS_01
30.0,1649,PS_11
30.0,1650,PS_01
30.0,1651,PS_01
30.0,1652,PS_01
30.0,1653,PS_01
30.0,1654,PS_04
30.0,1655,PS_01
30.0,1656,PS_11
30.0,1657,PS_01
30.0,1658,PS_01
30.0,1659,PS_01
30.0,1660,PS_01
30.0,1661,PS_01
30.0,1662,PS_01
30.0,1663,PS_11
30.0,1664,PS_04
30.0,1665,PS_11
30.0,1666,PS_01
30.0,1667,PS_11
30.0,1668,PS_01
30.0,1669,PS_01
30.0,1670,PS_01
30.0,1671,PS_01
30.0,1672,PS_01
30.0,1673,PS_01
30.0,1674,PS_11
30.0,1675,PS_01
30.0,1676,PS_11
30.0,1677,PS_01
30.0,1678,PS_01
30.0,1679,PS_01
30.0,1680,PS_01
30.0,1681,PS_01
30.0,1682,PS_01
30.0,1683,PS_04
30.0,1684,PS_01
30.0,1685,PS_04
30.0,1686,PS_01
30.0,1687,PS_01
30.0,1688,PS_11
30.0,1689,PS_01
30.0,1690,PS_01
30.0,1691,PS_01
30.0,1692,PS_11
30.0,1693,PS_11
30.0,1694,PS_01
30.0,1695,PS_12
30.0,1696,PS_01
30.0,1697,PS_12
30.0,1698,PS_12
30.0,1699,PS_01
30.0,1700,PS_11
30.0,1701,PS_11
30.0,1702,PS_01
30.0,1703,PS_11
30.0,1704,PS_01
30.0,1705,PS_01
30.0,1706,PS_12
30.0,1707,PS_01
30.0,1708,PS_01
30.0,1709,PS_01
30.0,1710,PS_11
30.0,1711,PS_01
30.0,1712,PS_01
30.0,1713,PS_11
30.0,1714,PS_01
30.0,1715,PS_01
30.0,1716,PS_01
30.0,1717,PS_01
30.0,1718,PS_01
30.0,1719,PS_01
30.0,1720,PS_11
30.0,1721,PS_01
30.0,1722,PS_01
30.0,1723,PS_01
30.0,1724,PS_01
30.0,1725,PS_12
30.0,1726,PS_01
30.0,1727,PS_01
30.0,1728,PS_01
30.0,1729,PS_12
30.0,1730,PS_04
30.0,1731,PS_01
30.0,1732,PS_01
30.0,1733,PS_01
30.0,1734,PS_01
30.0,1735,PS_01
30.0,1736,PS_01
30.0,1737,PS_01
30.0,1738,PS_12
30.0,1739,PS_01
30.0,1740,PS_12
30.0,1741,PS_04
30.0,1742,PS_01
30.0,1743,PS_01
30.0,1744,PS_01
30.0,1745,PS_01
30.0,1746,PS_11
30.0,1747,PS_12
30.0,1748,PS_01
30.0,1749,PS_04
30.0,1750,PS_12
30.0,1751,PS_11
30.0,1752,PS_11
30.0,1753,PS_01
30.0,1754,PS_01
30.0,1755,PS_01
30.0,1756,PS_01
30.0,1757,PS_01
30.0,1758,PS_01
30.0,1759,PS_04
30.0,1760,PS_01
30.0,1761,PS_01
30.0,1762,PS_01
30.0,1763,PS_01
30.0,1764,PS_01
30.0,1765,PS_01
30.0,1766,PS_01
30.0,1767,PS_11
30.0,1768,PS_01
30.0,1769,PS_01
30.0,1770,PS_01
30.0,1771,PS_11
30.0,1772,PS_01
30.0,1773,PS_01
30.0,1774,PS_01
30.0,1775,PS_04
30.0,1776,PS_01
30.0,1777,PS_01
30.0,1778,PS_01
30.0,1779,PS_04
30.0,1780,PS_04
30.0,1781,PS_01
30.0,1782,PS_01
30.0,1783,PS_11
30.0,1784,PS_01
30.0,1785,PS_01
30.0,1786,PS_01
30.0,1787,PS_01
30.0,1788,PS_04
30.0,1789,PS_11
30.0,1790,PS_01
30.0,1791,PS_01
30.0,1792,PS_01
30.0,1793,PS_11
30.0,1794,PS_01
30.0,1795,PS_11
30.0,1796,PS_01
30.0,1797,PS_01
30.0,1798,PS_11
30.0,1799,PS_11
30.0,1800,PS_01
30.0,1801,PS_01
30.0,1802,PS_01
30.0,1803,PS_01
30.0,1804,PS_11
30.0,1805,PS_11
30.0,1806,PS_01
30.0,1807,PS_01
30.0,1808,PS_01
30.0,1809,PS_01
30.0,1810,PS_11
30.0,1811,PS_01
30.0,1812,PS_01
30.0,1813,PS_01
30.0,1814,PS_01
30.0,1815,PS_01
30.0,1816,PS_01
30.0,1817,PS_12
30.0,1818,PS_11
30.0,1819,PS_01
30.0,1820,PS_01
30.0,1821,PS_01
30.0,1822,PS_01
30.0,1823,PS_01
30.0,1824,PS_01
30.0,1825,PS_01
30.0,1826,PS_12
30.0,1827,PS_01
30.0,1828,PS_01
30.0,1829,PS_01
30.0,1830,PS_01
30.0,1831,PS_01
30.0,1832,PS_01
30.0,1833,PS_01
30.0,1834,PS_01
30.0,1835,PS_01
30.0,1836,PS_11
30.0,1837,PS_01
30.0,1838,PS_01
30.0,1839,PS_11
30.0,1840,PS_04
30.0,1841,PS_11
30.0,1842,PS_01
30.0,1843,PS_01
30.0,1844,PS_01
30.0,1845,PS_01
30.0,1846,PS_11
30.0,1847,PS_01
30.0,1848,PS_11
30.0,1849,PS_01
30.0,1850,PS_01
30.0,1851,PS_01
30.0,1852,PS_04
30.0,1853,PS_01
30.0,1854,PS_01
30.0,1855,PS_01
30.0,1856,PS_11
30.0,1857,PS_11
30.0,1858,PS_01
30.0,1859,PS_01
30.0,1860,PS_11
30.0,1861,PS_11
30.0,1862,PS_04
30.0,1863,PS_01
30.0,1864,PS_04
30.0,1865,PS_04
30.0,1866,PS_01
30.0,1867,PS_11
30.0,1868,PS_01
30.0,1869,PS_01
30.0,1870,PS_12
30.0,1871,PS_01
30.0,1872,PS_01
30.0,1873,PS_04
30.0,1874,PS_08
30.0,1875,PS_11
30.0,1876,PS_01
30.0,1877,PS_11
30.0,1878,PS_01
30.0,1879,PS_01
30.0,1880,PS_01
30.0,1881,PS_12
30.0,1882,PS_01
30.0,1883,PS_01
30.0,1884,PS_04
30.0,1885,PS_01
30.0,1886,PS_11
30.0,1887,PS_01
30.0,1888,PS_11
30.0,1889,PS_11
30.0,1890,PS_04
30.0,1891,PS_11
30.0,1892,PS_01
30.0,1893,PS_01
30.0,1894,PS_11
30.0,1895,PS_04
30.0,1896,PS_04
30.0,1897,PS_01
30.0,1898,PS_01
30.0,1899,PS_04
30.0,1900,PS_01
30.0,1901,PS_04
30.0,1902,PS_08
30.0,1903,PS_01
30.0,1904,PS_11
30.0,1905,PS_01
30.0,1906,PS_11
30.0,1907,PS_01
30.0,1908,PS_01
30.0,1909,PS_04
30.0,1910,PS_01
30.0,1911,PS_11
30.0,1912,PS_12
30.0,1913,PS_12
30.0,1914,PS_04
30.0,1915,PS_11
30.0,1916,PS_01
30.0,1917,PS_01
30.0,1918,PS_11
30.0,1919,PS_12
30.0,1920,PS_11
30.0,1921,PS_01
30.0,1922,PS_11
30.0,1923,PS_01
30.0,1924,PS_04
30.0,1925,PS_04
30.0,1926,PS_01
30.0,1927,PS_01
30.0,1928,PS_04
30.0,1929,PS_01
30.0,1930,PS_11
30.0,1931,PS_01
30.0,1932,PS_12
30.0,1933,PS_12
30.0,1934,PS_04
30.0,1935,PS_01
30.0,1936,PS_04
30.0,1937,PS_11
30.0,1938,PS_01
30.0,1939,PS_01
30.0,1940,PS_12
30.0,1941,PS_01
30.0,1942,PS_11
30.0,1943,PS_01
30.0,1944,PS_01
30.0,1945,PS_01
30.0,1946,PS_11
30.0,1947,PS_01
30.0,1948,PS_11
30.0,1949,PS_01
30.0,1950,PS_04
30.0,1951,PS_01
30.0,1952,PS_01
30.0,1953,PS_11
30.0,1954,PS_12
30.0,1955,PS_01
30.0,1956,PS_01
30.0,1957,PS_01
30.0,1958,PS_04
30.0,1959,PS_01
30.0,1960,PS_01
30.0,1961,PS_01
30.0,1962,PS_01
30.0,1963,PS_01
30.0,1964,PS_11
30.0,1965,PS_01
30.0,1966,PS_01
30.0,1967,PS_01
30.0,1968,PS_01
30.0,1969,PS_01
30.0,1970,PS_01
30.0,1971,PS_11
30.0,1972,PS_01
30.0,1973,PS_11
30.0,1974,PS_01
30.0,1975,PS_11
30.0,1976,PS_01
30.0,1977,PS_01
30.0,1978,PS_11
30.0,1979,PS_04
30.0,1980,PS_01
30.0,1981,PS_01
30.0,1982,PS_01
30.0,1983,PS_01
30.0,1984,PS_01
30.0,1985,PS_11
30.0,1986,PS_01
30.0,1987,PS_11
30.0,1988,PS_01
30.0,1989,PS_01
30.0,1990,PS_04
30.0,1991,PS_11
30.0,1992,PS_01
30.0,1993,PS_01
30.0,1994,PS_12
30.0,1995,PS_11
30.0,1996,PS_01
30.0,1997,PS_01
30.0,1998,PS_04
30.0,1999,PS_04
