projected_timepoint,cell_idx,projected_cluster_label
16.33,0,epithelial_like
16.33,1,ambiguous
16.33,2,intermediate_plastic
16.33,3,ambiguous
16.33,4,epithelial_like
16.33,5,ambiguous
16.33,6,ambiguous
16.33,7,epithelial_like
16.33,8,epithelial_like
16.33,9,epithelial_like
16.33,10,epithelial_like
16.33,11,intermediate_plastic
16.33,12,ambiguous
16.33,13,epithelial_like
16.33,14,epithelial_like
16.33,15,epithelial_like
16.33,16,intermediate_plastic
16.33,17,ambiguous
16.33,18,intermediate_plastic
16.33,19,ambiguous
16.33,20,epithelial_like
16.33,21,epithelial_like
16.33,22,epithelial_like
16.33,23,intermediate_plastic
16.33,24,intermediate_plastic
16.33,25,epithelial_like
16.33,26,epithelial_like
16.33,27,ambiguous
16.33,28,epithelial_like
16.33,29,intermediate_plastic
16.33,30,epithelial_like
16.33,31,ambiguous
16.33,32,ambiguous
16.33,33,ambiguous
16.33,34,epithelial_like
16.33,35,intermediate_plastic
16.33,36,intermediate_plastic
16.33,37,epithelial_like
16.33,38,ambiguous
16.33,39,epithelial_like
16.33,40,intermediate_plastic
16.33,41,epithelial_like
16.33,42,epithelial_like
16.33,43,epithelial_like
16.33,44,epithelial_like
16.33,45,epithelial_like
16.33,46,epithelial_like
16.33,47,epithelial_like
16.33,48,epithelial_like
16.33,49,epithelial_like
16.33,50,ambiguous
16.33,51,ambiguous
16.33,52,ambiguous
16.33,53,epithelial_like
16.33,54,ambiguous
16.33,55,epithelial_like
16.33,56,epithelial_like
16.33,57,intermediate_plastic
16.33,58,epithelial_like
16.33,59,epithelial_like
16.33,60,epithelial_like
16.33,61,epithelial_like
16.33,62,epithelial_like
16.33,63,epithelial_like
16.33,64,epithelial_like
16.33,65,intermediate_plastic
16.33,66,epithelial_like
16.33,67,intermediate_plastic
16.33,68,epithelial_like
16.33,69,epithelial_like
16.33,70,epithelial_like
16.33,71,intermediate_plastic
16.33,72,epithelial_like
16.33,73,intermediate_plastic
16.33,74,epithelial_like
16.33,75,ambiguous
16.33,76,intermediate_plastic
16.33,77,ambiguous
16.33,78,epithelial_like
16.33,79,epithelial_like
16.33,80,epithelial_like
16.33,81,epithelial_like
16.33,82,epithelial_like
16.33,83,ambiguous
16.33,84,ambiguous
16.33,85,epithelial_like
16.33,86,epithelial_like
16.33,87,epithelial_like
16.33,88,epithelial_like
16.33,89,epithelial_like
16.33,90,ambiguous
16.33,91,epithelial_like
16.33,92,epithelial_like
16.33,93,ambiguous
16.33,94,intermediate_plastic
16.33,95,ambiguous
16.33,96,epithelial_like
16.33,97,epithelial_like
16.33,98,ambiguous
16.33,99,intermediate_plastic
16.33,100,epithelial_like
16.33,101,ambiguous
16.33,102,epithelial_like
16.33,103,intermediate_plastic
16.33,104,ambiguous
16.33,105,ambiguous
16.33,106,epithelial_like
16.33,107,epithelial_like
16.33,108,hADSCs
16.33,109,ambiguous
16.33,110,intermediate_plastic
16.33,111,epithelial_like
16.33,112,intermediate_plastic
16.33,113,epithelial_like
16.33,114,intermediate_plastic
16.33,115,ambiguous
16.33,116,ambiguous
16.33,117,epithelial_like
16.33,118,ambiguous
16.33,119,intermediate_plastic
16.33,120,ambiguous
16.33,121,ambiguous
16.33,122,intermediate_plastic
16.33,123,epithelial_like
16.33,124,epithelial_like
16.33,125,epithelial_like
16.33,126,epithelial_like
16.33,127,intermediate_plastic
16.33,128,epithelial_like
16.33,129,intermediate_plastic
16.33,130,epithelial_like
16.33,131,ambiguous
16.33,132,ambiguous
16.33,133,epithelial_like
16.33,134,epithelial_like
16.33,135,epithelial_like
16.33,136,intermediate_plastic
16.33,137,intermediate_plastic
16.33,138,epithelial_like
16.33,139,intermediate_plastic
16.33,140,ambiguous
16.33,141,intermediate_plastic
16.33,142,epithelial_like
16.33,143,epithelial_like
16.33,144,epithelial_like
16.33,145,epithelial_like
16.33,146,epithelial_like
16.33,147,epithelial_like
16.33,148,epithelial_like
16.33,149,ambiguous
16.33,150,ambiguous
16.33,151,epithelial_like
16.33,152,ambiguous
16.33,153,epithelial_like
16.33,154,epithelial_like
16.33,155,epithelial_like
16.33,156,epithelial_like
16.33,157,epithelial_like
16.33,158,ambiguous
16.33,159,intermediate_plastic
16.33,160,intermediate_plastic
16.33,161,epithelial_like
16.33,162,intermediate_plastic
16.33,163,epithelial_like
16.33,164,intermediate_plastic
16.33,165,epithelial_like
16.33,166,ambiguous
16.33,167,ambiguous
16.33,168,intermediate_plastic
16.33,169,epithelial_like
16.33,170,ambiguous
16.33,171,epithelial_like
16.33,172,epithelial_like
16.33,173,epithelial_like
16.33,174,epithelial_like
16.33,175,intermediate_plastic
16.33,176,intermediate_plastic
16.33,177,intermediate_plastic
16.33,178,epithelial_like
16.33,179,ambiguous
16.33,180,ambiguous
16.33,181,ambiguous
16.33,182,intermediate_plastic
16.33,183,epithelial_like
16.33,184,intermediate_plastic
16.33,185,ambiguous
16.33,186,intermediate_plastic
16.33,187,intermediate_plastic
16.33,188,intermediate_plastic
16.33,189,epithelial_like
16.33,190,epithelial_like
16.33,191,epithelial_like
16.33,192,epithelial_like
16.33,193,epithelial_like
16.33,194,intermediate_plastic
16.33,195,epithelial_like
16.33,196,ambiguous
16.33,197,intermediate_plastic
16.33,198,epithelial_like
16.33,199,epithelial_like
16.33,200,intermediate_plastic
16.33,201,intermediate_plastic
16.33,202,epithelial_like
16.33,203,epithelial_like
16.33,204,epithelial_like
16.33,205,intermediate_plastic
16.33,206,epithelial_like
16.33,207,epithelial_like
16.33,208,epithelial_like
16.33,209,epithelial_like
16.33,210,ambiguous
16.33,211,epithelial_like
16.33,212,epithelial_like
16.33,213,intermediate_plastic
16.33,214,epithelial_like
16.33,215,epithelial_like
16.33,216,epithelial_like
16.33,217,ambiguous
16.33,218,epithelial_like
16.33,219,epithelial_like
16.33,220,epithelial_like
16.33,221,intermediate_plastic
16.33,222,ambiguous
16.33,223,epithelial_like
16.33,224,epithelial_like
16.33,225,epithelial_like
16.33,226,epithelial_like
16.33,227,ambiguous
16.33,228,epithelial_like
16.33,229,epithelial_like
16.33,230,intermediate_plastic
16.33,231,epithelial_like
16.33,232,ambiguous
16.33,233,hADSCs
16.33,234,ambiguous
16.33,235,epithelial_like
16.33,236,epithelial_like
16.33,237,epithelial_like
16.33,238,ambiguous
16.33,239,epithelial_like
16.33,240,intermediate_plastic
16.33,241,intermediate_plastic
16.33,242,epithelial_like
16.33,243,ambiguous
16.33,244,intermediate_plastic
16.33,245,epithelial_like
16.33,246,intermediate_plastic
16.33,247,epithelial_like
16.33,248,intermediate_plastic
16.33,249,epithelial_like
16.33,250,epithelial_like
16.33,251,epithelial_like
16.33,252,intermediate_plastic
16.33,253,ambiguous
16.33,254,epithelial_like
16.33,255,epithelial_like
16.33,256,epithelial_like
16.33,257,epithelial_like
16.33,258,ambiguous
16.33,259,intermediate_plastic
16.33,260,ambiguous
16.33,261,epithelial_like
16.33,262,intermediate_plastic
16.33,263,epithelial_like
16.33,264,epithelial_like
16.33,265,epithelial_like
16.33,266,intermediate_plastic
16.33,267,epithelial_like
16.33,268,epithelial_like
16.33,269,ambiguous
16.33,270,intermediate_plastic
16.33,271,epithelial_like
16.33,272,intermediate_plastic
16.33,273,epithelial_like
16.33,274,intermediate_plastic
16.33,275,ambiguous
16.33,276,ambiguous
16.33,277,intermediate_plastic
16.33,278,epithelial_like
16.33,279,epithelial_like
16.33,280,intermediate_plastic
16.33,281,epithelial_like
16.33,282,ambiguous
16.33,283,epithelial_like
16.33,284,ambiguous
16.33,285,epithelial_like
16.33,286,epithelial_like
16.33,287,intermediate_plastic
16.33,288,intermediate_plastic
16.33,289,epithelial_like
16.33,290,ambiguous
16.33,291,intermediate_plastic
16.33,292,epithelial_like
16.33,293,epithelial_like
16.33,294,ambiguous
16.33,295,epithelial_like
16.33,296,ambiguous
16.33,297,epithelial_like
16.33,298,ambiguous
16.33,299,epithelial_like
16.33,300,ambiguous
16.33,301,epithelial_like
16.33,302,epithelial_like
16.33,303,epithelial_like
16.33,304,epithelial_like
16.33,305,epithelial_like
16.33,306,epithelial_like
16.33,307,epithelial_like
16.33,308,intermediate_plastic
16.33,309,intermediate_plastic
16.33,310,epithelial_like
16.33,311,intermediate_plastic
16.33,312,epithelial_like
16.33,313,intermediate_plastic
16.33,314,ambiguous
16.33,315,ambiguous
16.33,316,epithelial_like
16.33,317,epithelial_like
16.33,318,intermediate_plastic
16.33,319,epithelial_like
16.33,320,epithelial_like
16.33,321,epithelial_like
16.33,322,epithelial_like
16.33,323,ambiguous
16.33,324,epithelial_like
16.33,325,ambiguous
16.33,326,intermediate_plastic
16.33,327,intermediate_plastic
16.33,328,ambiguous
16.33,329,epithelial_like
16.33,330,epithelial_like
16.33,331,ambiguous
16.33,332,intermediate_plastic
16.33,333,ambiguous
16.33,334,epithelial_like
16.33,335,epithelial_like
16.33,336,epithelial_like
16.33,337,ambiguous
16.33,338,ambiguous
16.33,339,epithelial_like
16.33,340,epithelial_like
16.33,341,epithelial_like
16.33,342,epithelial_like
16.33,343,epithelial_like
16.33,344,intermediate_plastic
16.33,345,epithelial_like
16.33,346,intermediate_plastic
16.33,347,epithelial_like
16.33,348,intermediate_plastic
16.33,349,ambiguous
16.33,350,epithelial_like
16.33,351,intermediate_plastic
16.33,352,epithelial_like
16.33,353,ambiguous
16.33,354,intermediate_plastic
16.33,355,ambiguous
16.33,356,epithelial_like
16.33,357,intermediate_plastic
16.33,358,intermediate_plastic
16.33,359,ambiguous
16.33,360,intermediate_plastic
16.33,361,ambiguous
16.33,362,epithelial_like
16.33,363,epithelial_like
16.33,364,epithelial_like
16.33,365,intermediate_plastic
16.33,366,epithelial_like
16.33,367,epithelial_like
16.33,368,epithelial_like
16.33,369,epithelial_like
16.33,370,intermediate_plastic
16.33,371,epithelial_like
16.33,372,intermediate_plastic
16.33,373,epithelial_like
16.33,374,intermediate_plastic
16.33,375,epithelial_like
16.33,376,epithelial_like
16.33,377,epithelial_like
16.33,378,intermediate_plastic
16.33,379,epithelial_like
16.33,380,epithelial_like
16.33,381,intermediate_plastic
16.33,382,intermediate_plastic
16.33,383,epithelial_like
16.33,384,epithelial_like
16.33,385,epithelial_like
16.33,386,ambiguous
16.33,387,ambiguous
16.33,388,intermediate_plastic
16.33,389,epithelial_like
16.33,390,epithelial_like
16.33,391,epithelial_like
16.33,392,intermediate_plastic
16.33,393,epithelial_like
16.33,394,ambiguous
16.33,395,epithelial_like
16.33,396,epithelial_like
16.33,397,intermediate_plastic
16.33,398,epithelial_like
16.33,399,epithelial_like
16.33,400,intermediate_plastic
16.33,401,ambiguous
16.33,402,epithelial_like
16.33,403,intermediate_plastic
16.33,404,epithelial_like
16.33,405,epithelial_like
16.33,406,epithelial_like
16.33,407,epithelial_like
16.33,408,epithelial_like
16.33,409,intermediate_plastic
16.33,410,epithelial_like
16.33,411,epithelial_like
16.33,412,ambiguous
16.33,413,epithelial_like
16.33,414,ambiguous
16.33,415,epithelial_like
16.33,416,epithelial_like
16.33,417,intermediate_plastic
16.33,418,intermediate_plastic
16.33,419,epithelial_like
16.33,420,epithelial_like
16.33,421,ambiguous
16.33,422,epithelial_like
16.33,423,epithelial_like
16.33,424,epithelial_like
16.33,425,ambiguous
16.33,426,ambiguous
16.33,427,epithelial_like
16.33,428,ambiguous
16.33,429,intermediate_plastic
16.33,430,epithelial_like
16.33,431,epithelial_like
16.33,432,hADSCs
16.33,433,hADSCs
16.33,434,ambiguous
16.33,435,epithelial_like
16.33,436,intermediate_plastic
16.33,437,ambiguous
16.33,438,ambiguous
16.33,439,ambiguous
16.33,440,ambiguous
16.33,441,epithelial_like
16.33,442,ambiguous
16.33,443,ambiguous
16.33,444,epithelial_like
16.33,445,intermediate_plastic
16.33,446,epithelial_like
16.33,447,epithelial_like
16.33,448,epithelial_like
16.33,449,epithelial_like
16.33,450,ambiguous
16.33,451,ambiguous
16.33,452,epithelial_like
16.33,453,ambiguous
16.33,454,intermediate_plastic
16.33,455,epithelial_like
16.33,456,epithelial_like
16.33,457,intermediate_plastic
16.33,458,ambiguous
16.33,459,epithelial_like
16.33,460,epithelial_like
16.33,461,intermediate_plastic
16.33,462,epithelial_like
16.33,463,epithelial_like
16.33,464,epithelial_like
16.33,465,epithelial_like
16.33,466,intermediate_plastic
16.33,467,ambiguous
16.33,468,ambiguous
16.33,469,epithelial_like
16.33,470,epithelial_like
16.33,471,epithelial_like
16.33,472,epithelial_like
16.33,473,epithelial_like
16.33,474,epithelial_like
16.33,475,epithelial_like
16.33,476,epithelial_like
16.33,477,epithelial_like
16.33,478,epithelial_like
16.33,479,epithelial_like
16.33,480,epithelial_like
16.33,481,epithelial_like
16.33,482,intermediate_plastic
16.33,483,epithelial_like
16.33,484,ambiguous
16.33,485,epithelial_like
16.33,486,epithelial_like
16.33,487,intermediate_plastic
16.33,488,epithelial_like
16.33,489,intermediate_plastic
16.33,490,epithelial_like
16.33,491,epithelial_like
16.33,492,intermediate_plastic
16.33,493,intermediate_plastic
16.33,494,epithelial_like
16.33,495,ambiguous
16.33,496,epithelial_like
16.33,497,intermediate_plastic
16.33,498,epithelial_like
16.33,499,epithelial_like
16.33,500,ambiguous
16.33,501,epithelial_like
16.33,502,epithelial_like
16.33,503,epithelial_like
16.33,504,ambiguous
16.33,505,epithelial_like
16.33,506,epithelial_like
16.33,507,epithelial_like
16.33,508,epithelial_like
16.33,509,intermediate_plastic
16.33,510,intermediate_plastic
16.33,511,ambiguous
16.33,512,ambiguous
16.33,513,intermediate_plastic
16.33,514,intermediate_plastic
16.33,515,ambiguous
16.33,516,ambiguous
16.33,517,epithelial_like
16.33,518,epithelial_like
16.33,519,intermediate_plastic
16.33,520,epithelial_like
16.33,521,ambiguous
16.33,522,epithelial_like
16.33,523,epithelial_like
16.33,524,intermediate_plastic
16.33,525,ambiguous
16.33,526,intermediate_plastic
16.33,527,epithelial_like
16.33,528,epithelial_like
16.33,529,epithelial_like
16.33,530,epithelial_like
16.33,531,epithelial_like
16.33,532,epithelial_like
16.33,533,epithelial_like
16.33,534,epithelial_like
16.33,535,ambiguous
16.33,536,epithelial_like
16.33,537,epithelial_like
16.33,538,epithelial_like
16.33,539,ambiguous
16.33,540,epithelial_like
16.33,541,hADSCs
16.33,542,epithelial_like
16.33,543,intermediate_plastic
16.33,544,epithelial_like
16.33,545,intermediate_plastic
16.33,546,intermediate_plastic
16.33,547,epithelial_like
16.33,548,epithelial_like
16.33,549,intermediate_plastic
16.33,550,epithelial_like
16.33,551,epithelial_like
16.33,552,intermediate_plastic
16.33,553,epithelial_like
16.33,554,ambiguous
16.33,555,epithelial_like
16.33,556,intermediate_plastic
16.33,557,epithelial_like
16.33,558,epithelial_like
16.33,559,ambiguous
16.33,560,epithelial_like
16.33,561,ambiguous
16.33,562,epithelial_like
16.33,563,epithelial_like
16.33,564,intermediate_plastic
16.33,565,epithelial_like
16.33,566,epithelial_like
16.33,567,intermediate_plastic
16.33,568,intermediate_plastic
16.33,569,epithelial_like
16.33,570,ambiguous
16.33,571,ambiguous
16.33,572,epithelial_like
16.33,573,ambiguous
16.33,574,intermediate_plastic
16.33,575,epithelial_like
16.33,576,intermediate_plastic
16.33,577,intermediate_plastic
16.33,578,epithelial_like
16.33,579,epithelial_like
16.33,580,epithelial_like
16.33,581,epithelial_like
16.33,582,ambiguous
16.33,583,epithelial_like
16.33,584,ambiguous
16.33,585,intermediate_plastic
16.33,586,intermediate_plastic
16.33,587,epithelial_like
16.33,588,intermediate_plastic
16.33,589,ambiguous
16.33,590,epithelial_like
16.33,591,epithelial_like
16.33,592,ambiguous
16.33,593,ambiguous
16.33,594,epithelial_like
16.33,595,ambiguous
16.33,596,epithelial_like
16.33,597,intermediate_plastic
16.33,598,epithelial_like
16.33,599,epithelial_like
16.33,600,intermediate_plastic
16.33,601,epithelial_like
16.33,602,epithelial_like
16.33,603,ambiguous
16.33,604,epithelial_like
16.33,605,intermediate_plastic
16.33,606,ambiguous
16.33,607,epithelial_like
16.33,608,epithelial_like
16.33,609,epithelial_like
16.33,610,epithelial_like
16.33,611,ambiguous
16.33,612,ambiguous
16.33,613,ambiguous
16.33,614,intermediate_plastic
16.33,615,ambiguous
16.33,616,epithelial_like
16.33,617,intermediate_plastic
16.33,618,epithelial_like
16.33,619,epithelial_like
16.33,620,intermediate_plastic
16.33,621,epithelial_like
16.33,622,intermediate_plastic
16.33,623,ambiguous
16.33,624,intermediate_plastic
16.33,625,intermediate_plastic
16.33,626,epithelial_like
16.33,627,epithelial_like
16.33,628,ambiguous
16.33,629,epithelial_like
16.33,630,epithelial_like
16.33,631,epithelial_like
16.33,632,ambiguous
16.33,633,epithelial_like
16.33,634,epithelial_like
16.33,635,epithelial_like
16.33,636,intermediate_plastic
16.33,637,ambiguous
16.33,638,ambiguous
16.33,639,ambiguous
16.33,640,epithelial_like
16.33,641,ambiguous
16.33,642,intermediate_plastic
16.33,643,epithelial_like
16.33,644,epithelial_like
16.33,645,epithelial_like
16.33,646,epithelial_like
16.33,647,intermediate_plastic
16.33,648,epithelial_like
16.33,649,epithelial_like
16.33,650,ambiguous
16.33,651,epithelial_like
16.33,652,ambiguous
16.33,653,epithelial_like
16.33,654,intermediate_plastic
16.33,655,epithelial_like
16.33,656,epithelial_like
16.33,657,epithelial_like
16.33,658,epithelial_like
16.33,659,epithelial_like
16.33,660,epithelial_like
16.33,661,epithelial_like
16.33,662,epithelial_like
16.33,663,ambiguous
16.33,664,ambiguous
16.33,665,ambiguous
16.33,666,epithelial_like
16.33,667,epithelial_like
16.33,668,epithelial_like
16.33,669,epithelial_like
16.33,670,epithelial_like
16.33,671,epithelial_like
16.33,672,intermediate_plastic
16.33,673,epithelial_like
16.33,674,intermediate_plastic
16.33,675,epithelial_like
16.33,676,epithelial_like
16.33,677,epithelial_like
16.33,678,intermediate_plastic
16.33,679,epithelial_like
16.33,680,epithelial_like
16.33,681,epithelial_like
16.33,682,intermediate_plastic
16.33,683,epithelial_like
16.33,684,ambiguous
16.33,685,intermediate_plastic
16.33,686,epithelial_like
16.33,687,epithelial_like
16.33,688,ambiguous
16.33,689,ambiguous
16.33,690,ambiguous
16.33,691,ambiguous
16.33,692,epithelial_like
16.33,693,epithelial_like
16.33,694,intermediate_plastic
16.33,695,intermediate_plastic
16.33,696,epithelial_like
16.33,697,ambiguous
16.33,698,epithelial_like
16.33,699,intermediate_plastic
16.33,700,intermediate_plastic
16.33,701,epithelial_like
16.33,702,epithelial_like
16.33,703,epithelial_like
16.33,704,epithelial_like
16.33,705,ambiguous
16.33,706,epithelial_like
16.33,707,epithelial_like
16.33,708,epithelial_like
16.33,709,ambiguous
16.33,710,epithelial_like
16.33,711,epithelial_like
16.33,712,epithelial_like
16.33,713,epithelial_like
16.33,714,intermediate_plastic
16.33,715,intermediate_plastic
16.33,716,epithelial_like
16.33,717,epithelial_like
16.33,718,epithelial_like
16.33,719,intermediate_plastic
16.33,720,intermediate_plastic
16.33,721,epithelial_like
16.33,722,ambiguous
16.33,723,intermediate_plastic
16.33,724,ambiguous
16.33,725,epithelial_like
16.33,726,ambiguous
16.33,727,epithelial_like
16.33,728,epithelial_like
16.33,729,intermediate_plastic
16.33,730,epithelial_like
16.33,731,intermediate_plastic
16.33,732,epithelial_like
16.33,733,epithelial_like
16.33,734,epithelial_like
16.33,735,intermediate_plastic
16.33,736,epithelial_like
16.33,737,epithelial_like
16.33,738,intermediate_plastic
16.33,739,epithelial_like
16.33,740,intermediate_plastic
16.33,741,epithelial_like
16.33,742,intermediate_plastic
16.33,743,ambiguous
16.33,744,ambiguous
16.33,745,epithelial_like
16.33,746,epithelial_like
16.33,747,ambiguous
16.33,748,epithelial_like
16.33,749,intermediate_plastic
16.33,750,ambiguous
16.33,751,intermediate_plastic
16.33,752,intermediate_plastic
16.33,753,epithelial_like
16.33,754,epithelial_like
16.33,755,epithelial_like
16.33,756,epithelial_like
16.33,757,epithelial_like
16.33,758,epithelial_like
16.33,759,intermediate_plastic
16.33,760,ambiguous
16.33,761,epithelial_like
16.33,762,ambiguous
16.33,763,intermediate_plastic
16.33,764,ambiguous
16.33,765,epithelial_like
16.33,766,ambiguous
16.33,767,epithelial_like
16.33,768,intermediate_plastic
16.33,769,intermediate_plastic
16.33,770,intermediate_plastic
16.33,771,ambiguous
16.33,772,epithelial_like
16.33,773,epithelial_like
16.33,774,intermediate_plastic
16.33,775,ambiguous
16.33,776,epithelial_like
16.33,777,epithelial_like
16.33,778,epithelial_like
16.33,779,ambiguous
16.33,780,epithelial_like
16.33,781,epithelial_like
16.33,782,epithelial_like
16.33,783,intermediate_plastic
16.33,784,ambiguous
16.33,785,epithelial_like
16.33,786,intermediate_plastic
16.33,787,ambiguous
16.33,788,epithelial_like
16.33,789,epithelial_like
16.33,790,epithelial_like
16.33,791,epithelial_like
16.33,792,epithelial_like
16.33,793,epithelial_like
16.33,794,ambiguous
16.33,795,intermediate_plastic
16.33,796,ambiguous
16.33,797,epithelial_like
16.33,798,epithelial_like
16.33,799,ambiguous
16.33,800,ambiguous
16.33,801,ambiguous
16.33,802,ambiguous
16.33,803,ambiguous
16.33,804,epithelial_like
16.33,805,ambiguous
16.33,806,ambiguous
16.33,807,ambiguous
16.33,808,epithelial_like
16.33,809,ambiguous
16.33,810,epithelial_like
16.33,811,epithelial_like
16.33,812,epithelial_like
16.33,813,ambiguous
16.33,814,epithelial_like
16.33,815,epithelial_like
16.33,816,intermediate_plastic
16.33,817,epithelial_like
16.33,818,epithelial_like
16.33,819,ambiguous
16.33,820,intermediate_plastic
16.33,821,ambiguous
16.33,822,intermediate_plastic
16.33,823,epithelial_like
16.33,824,ambiguous
16.33,825,ambiguous
16.33,826,epithelial_like
16.33,827,ambiguous
16.33,828,ambiguous
16.33,829,intermediate_plastic
16.33,830,epithelial_like
16.33,831,intermediate_plastic
16.33,832,epithelial_like
16.33,833,ambiguous
16.33,834,ambiguous
16.33,835,intermediate_plastic
16.33,836,intermediate_plastic
16.33,837,ambiguous
16.33,838,epithelial_like
16.33,839,intermediate_plastic
16.33,840,epithelial_like
16.33,841,epithelial_like
16.33,842,epithelial_like
16.33,843,epithelial_like
16.33,844,epithelial_like
16.33,845,epithelial_like
16.33,846,intermediate_plastic
16.33,847,intermediate_plastic
16.33,848,ambiguous
16.33,849,epithelial_like
16.33,850,ambiguous
16.33,851,ambiguous
16.33,852,intermediate_plastic
16.33,853,ambiguous
16.33,854,epithelial_like
16.33,855,intermediate_plastic
16.33,856,intermediate_plastic
16.33,857,intermediate_plastic
16.33,858,epithelial_like
16.33,859,intermediate_plastic
16.33,860,intermediate_plastic
16.33,861,epithelial_like
16.33,862,epithelial_like
16.33,863,epithelial_like
16.33,864,epithelial_like
16.33,865,intermediate_plastic
16.33,866,intermediate_plastic
16.33,867,epithelial_like
16.33,868,intermediate_plastic
16.33,869,epithelial_like
16.33,870,epithelial_like
16.33,871,epithelial_like
16.33,872,ambiguous
16.33,873,ambiguous
16.33,874,ambiguous
16.33,875,epithelial_like
16.33,876,intermediate_plastic
16.33,877,epithelial_like
16.33,878,epithelial_like
16.33,879,epithelial_like
16.33,880,intermediate_plastic
16.33,881,intermediate_plastic
16.33,882,intermediate_plastic
16.33,883,epithelial_like
16.33,884,epithelial_like
16.33,885,intermediate_plastic
16.33,886,ambiguous
16.33,887,intermediate_plastic
16.33,888,epithelial_like
16.33,889,ambiguous
16.33,890,epithelial_like
16.33,891,ambiguous
16.33,892,epithelial_like
16.33,893,epithelial_like
16.33,894,epithelial_like
16.33,895,ambiguous
16.33,896,epithelial_like
16.33,897,epithelial_like
16.33,898,intermediate_plastic
16.33,899,epithelial_like
16.33,900,ambiguous
16.33,901,epithelial_like
16.33,902,intermediate_plastic
16.33,903,epithelial_like
16.33,904,ambiguous
16.33,905,epithelial_like
16.33,906,epithelial_like
16.33,907,epithelial_like
16.33,908,ambiguous
16.33,909,ambiguous
16.33,910,epithelial_like
16.33,911,epithelial_like
16.33,912,intermediate_plastic
16.33,913,epithelial_like
16.33,914,epithelial_like
16.33,915,intermediate_plastic
16.33,916,epithelial_like
16.33,917,intermediate_plastic
16.33,918,epithelial_like
16.33,919,intermediate_plastic
16.33,920,epithelial_like
16.33,921,ambiguous
16.33,922,ambiguous
16.33,923,intermediate_plastic
16.33,924,epithelial_like
16.33,925,epithelial_like
16.33,926,epithelial_like
16.33,927,epithelial_like
16.33,928,epithelial_like
16.33,929,intermediate_plastic
16.33,930,intermediate_plastic
16.33,931,epithelial_like
16.33,932,ambiguous
16.33,933,epithelial_like
16.33,934,epithelial_like
16.33,935,epithelial_like
16.33,936,ambiguous
16.33,937,ambiguous
16.33,938,epithelial_like
16.33,939,ambiguous
16.33,940,epithelial_like
16.33,941,epithelial_like
16.33,942,ambiguous
16.33,943,epithelial_like
16.33,944,ambiguous
16.33,945,ambiguous
16.33,946,intermediate_plastic
16.33,947,epithelial_like
16.33,948,intermediate_plastic
16.33,949,epithelial_like
16.33,950,epithelial_like
16.33,951,epithelial_like
16.33,952,intermediate_plastic
16.33,953,epithelial_like
16.33,954,ambiguous
16.33,955,intermediate_plastic
16.33,956,epithelial_like
16.33,957,epithelial_like
16.33,958,intermediate_plastic
16.33,959,epithelial_like
16.33,960,ambiguous
16.33,961,intermediate_plastic
16.33,962,intermediate_plastic
16.33,963,intermediate_plastic
16.33,964,epithelial_like
16.33,965,epithelial_like
16.33,966,epithelial_like
16.33,967,ambiguous
16.33,968,intermediate_plastic
16.33,969,intermediate_plastic
16.33,970,epithelial_like
16.33,971,epithelial_like
16.33,972,epithelial_like
16.33,973,epithelial_like
16.33,974,epithelial_like
16.33,975,ambiguous
16.33,976,epithelial_like
16.33,977,intermediate_plastic
16.33,978,intermediate_plastic
16.33,979,ambiguous
16.33,980,epithelial_like
16.33,981,intermediate_plastic
16.33,982,epithelial_like
16.33,983,intermediate_plastic
16.33,984,epithelial_like
16.33,985,epithelial_like
16.33,986,intermediate_plastic
16.33,987,ambiguous
16.33,988,epithelial_like
16.33,989,ambiguous
16.33,990,epithelial_like
16.33,991,epithelial_like
16.33,992,epithelial_like
16.33,993,epithelial_like
16.33,994,epithelial_like
16.33,995,ambiguous
16.33,996,epithelial_like
16.33,997,epithelial_like
16.33,998,epithelial_like
16.33,999,intermediate_plastic
16.33,1000,epithelial_like
16.33,1001,epithelial_like
16.33,1002,epithelial_like
16.33,1003,intermediate_plastic
16.33,1004,epithelial_like
16.33,1005,epithelial_like
16.33,1006,ambiguous
16.33,1007,epithelial_like
16.33,1008,epithelial_like
16.33,1009,epithelial_like
16.33,1010,ambiguous
16.33,1011,intermediate_plastic
16.33,1012,epithelial_like
16.33,1013,epithelial_like
16.33,1014,epithelial_like
16.33,1015,epithelial_like
16.33,1016,epithelial_like
16.33,1017,ambiguous
16.33,1018,intermediate_plastic
16.33,1019,epithelial_like
16.33,1020,epithelial_like
16.33,1021,epithelial_like
16.33,1022,epithelial_like
16.33,1023,intermediate_plastic
16.33,1024,epithelial_like
16.33,1025,ambiguous
16.33,1026,epithelial_like
16.33,1027,epithelial_like
16.33,1028,ambiguous
16.33,1029,ambiguous
16.33,1030,intermediate_plastic
16.33,1031,epithelial_like
16.33,1032,intermediate_plastic
16.33,1033,intermediate_plastic
16.33,1034,epithelial_like
16.33,1035,epithelial_like
16.33,1036,epithelial_like
16.33,1037,epithelial_like
16.33,1038,epithelial_like
16.33,1039,epithelial_like
16.33,1040,epithelial_like
16.33,1041,epithelial_like
16.33,1042,ambiguous
16.33,1043,intermediate_plastic
16.33,1044,epithelial_like
16.33,1045,epithelial_like
16.33,1046,intermediate_plastic
16.33,1047,epithelial_like
16.33,1048,ambiguous
16.33,1049,ambiguous
16.33,1050,epithelial_like
16.33,1051,epithelial_like
16.33,1052,ambiguous
16.33,1053,epithelial_like
16.33,1054,ambiguous
16.33,1055,intermediate_plastic
16.33,1056,epithelial_like
16.33,1057,ambiguous
16.33,1058,epithelial_like
16.33,1059,ambiguous
16.33,1060,intermediate_plastic
16.33,1061,epithelial_like
16.33,1062,epithelial_like
16.33,1063,epithelial_like
16.33,1064,ambiguous
16.33,1065,intermediate_plastic
16.33,1066,epithelial_like
16.33,1067,epithelial_like
16.33,1068,epithelial_like
16.33,1069,epithelial_like
16.33,1070,epithelial_like
16.33,1071,epithelial_like
16.33,1072,epithelial_like
16.33,1073,ambiguous
16.33,1074,epithelial_like
16.33,1075,intermediate_plastic
16.33,1076,ambiguous
16.33,1077,intermediate_plastic
16.33,1078,epithelial_like
16.33,1079,epithelial_like
16.33,1080,epithelial_like
16.33,1081,ambiguous
16.33,1082,epithelial_like
16.33,1083,intermediate_plastic
16.33,1084,epithelial_like
16.33,1085,epithelial_like
16.33,1086,ambiguous
16.33,1087,ambiguous
16.33,1088,epithelial_like
16.33,1089,epithelial_like
16.33,1090,epithelial_like
16.33,1091,ambiguous
16.33,1092,epithelial_like
16.33,1093,ambiguous
16.33,1094,epithelial_like
16.33,1095,epithelial_like
16.33,1096,epithelial_like
16.33,1097,epithelial_like
16.33,1098,epithelial_like
16.33,1099,epithelial_like
16.33,1100,epithelial_like
16.33,1101,ambiguous
16.33,1102,ambiguous
16.33,1103,hADSCs
16.33,1104,epithelial_like
16.33,1105,intermediate_plastic
16.33,1106,epithelial_like
16.33,1107,epithelial_like
16.33,1108,epithelial_like
16.33,1109,epithelial_like
16.33,1110,intermediate_plastic
16.33,1111,epithelial_like
16.33,1112,epithelial_like
16.33,1113,ambiguous
16.33,1114,ambiguous
16.33,1115,intermediate_plastic
16.33,1116,epithelial_like
16.33,1117,intermediate_plastic
16.33,1118,epithelial_like
16.33,1119,ambiguous
16.33,1120,intermediate_plastic
16.33,1121,intermediate_plastic
16.33,1122,intermediate_plastic
16.33,1123,intermediate_plastic
16.33,1124,intermediate_plastic
16.33,1125,epithelial_like
16.33,1126,epithelial_like
16.33,1127,epithelial_like
16.33,1128,epithelial_like
16.33,1129,epithelial_like
16.33,1130,epithelial_like
16.33,1131,ambiguous
16.33,1132,ambiguous
16.33,1133,epithelial_like
16.33,1134,intermediate_plastic
16.33,1135,epithelial_like
16.33,1136,epithelial_like
16.33,1137,intermediate_plastic
16.33,1138,epithelial_like
16.33,1139,ambiguous
16.33,1140,epithelial_like
16.33,1141,epithelial_like
16.33,1142,epithelial_like
16.33,1143,ambiguous
16.33,1144,epithelial_like
16.33,1145,intermediate_plastic
16.33,1146,epithelial_like
16.33,1147,ambiguous
16.33,1148,epithelial_like
16.33,1149,epithelial_like
16.33,1150,ambiguous
16.33,1151,epithelial_like
16.33,1152,epithelial_like
16.33,1153,epithelial_like
16.33,1154,epithelial_like
16.33,1155,epithelial_like
16.33,1156,epithelial_like
16.33,1157,epithelial_like
16.33,1158,ambiguous
16.33,1159,epithelial_like
16.33,1160,epithelial_like
16.33,1161,epithelial_like
16.33,1162,ambiguous
16.33,1163,epithelial_like
16.33,1164,intermediate_plastic
16.33,1165,epithelial_like
16.33,1166,ambiguous
16.33,1167,ambiguous
16.33,1168,intermediate_plastic
16.33,1169,intermediate_plastic
16.33,1170,epithelial_like
16.33,1171,epithelial_like
16.33,1172,epithelial_like
16.33,1173,ambiguous
16.33,1174,ambiguous
16.33,1175,intermediate_plastic
16.33,1176,epithelial_like
16.33,1177,epithelial_like
16.33,1178,epithelial_like
16.33,1179,epithelial_like
16.33,1180,epithelial_like
16.33,1181,epithelial_like
16.33,1182,epithelial_like
16.33,1183,epithelial_like
16.33,1184,epithelial_like
16.33,1185,ambiguous
16.33,1186,epithelial_like
16.33,1187,intermediate_plastic
16.33,1188,ambiguous
16.33,1189,intermediate_plastic
16.33,1190,intermediate_plastic
16.33,1191,ambiguous
16.33,1192,epithelial_like
16.33,1193,intermediate_plastic
16.33,1194,epithelial_like
16.33,1195,ambiguous
16.33,1196,epithelial_like
16.33,1197,epithelial_like
16.33,1198,epithelial_like
16.33,1199,intermediate_plastic
16.33,1200,epithelial_like
16.33,1201,intermediate_plastic
16.33,1202,intermediate_plastic
16.33,1203,intermediate_plastic
16.33,1204,epithelial_like
16.33,1205,epithelial_like
16.33,1206,epithelial_like
16.33,1207,epithelial_like
16.33,1208,epithelial_like
16.33,1209,epithelial_like
16.33,1210,epithelial_like
16.33,1211,epithelial_like
16.33,1212,intermediate_plastic
16.33,1213,intermediate_plastic
16.33,1214,ambiguous
16.33,1215,intermediate_plastic
16.33,1216,ambiguous
16.33,1217,ambiguous
16.33,1218,intermediate_plastic
16.33,1219,intermediate_plastic
16.33,1220,epithelial_like
16.33,1221,epithelial_like
16.33,1222,ambiguous
16.33,1223,epithelial_like
16.33,1224,epithelial_like
16.33,1225,epithelial_like
16.33,1226,ambiguous
16.33,1227,intermediate_plastic
16.33,1228,epithelial_like
16.33,1229,epithelial_like
16.33,1230,intermediate_plastic
16.33,1231,epithelial_like
16.33,1232,ambiguous
16.33,1233,epithelial_like
16.33,1234,intermediate_plastic
16.33,1235,epithelial_like
16.33,1236,ambiguous
16.33,1237,epithelial_like
16.33,1238,epithelial_like
16.33,1239,epithelial_like
16.33,1240,ambiguous
16.33,1241,intermediate_plastic
16.33,1242,epithelial_like
16.33,1243,intermediate_plastic
16.33,1244,epithelial_like
16.33,1245,epithelial_like
16.33,1246,epithelial_like
16.33,1247,ambiguous
16.33,1248,ambiguous
16.33,1249,epithelial_like
16.33,1250,intermediate_plastic
16.33,1251,epithelial_like
16.33,1252,epithelial_like
16.33,1253,epithelial_like
16.33,1254,ambiguous
16.33,1255,epithelial_like
16.33,1256,epithelial_like
16.33,1257,epithelial_like
16.33,1258,ambiguous
16.33,1259,intermediate_plastic
16.33,1260,intermediate_plastic
16.33,1261,epithelial_like
16.33,1262,epithelial_like
16.33,1263,epithelial_like
16.33,1264,ambiguous
16.33,1265,ambiguous
16.33,1266,ambiguous
16.33,1267,intermediate_plastic
16.33,1268,intermediate_plastic
16.33,1269,epithelial_like
16.33,1270,intermediate_plastic
16.33,1271,intermediate_plastic
16.33,1272,ambiguous
16.33,1273,epithelial_like
16.33,1274,epithelial_like
16.33,1275,epithelial_like
16.33,1276,intermediate_plastic
16.33,1277,intermediate_plastic
16.33,1278,epithelial_like
16.33,1279,ambiguous
16.33,1280,ambiguous
16.33,1281,ambiguous
16.33,1282,ambiguous
16.33,1283,intermediate_plastic
16.33,1284,ambiguous
16.33,1285,ambiguous
16.33,1286,epithelial_like
16.33,1287,epithelial_like
16.33,1288,epithelial_like
16.33,1289,intermediate_plastic
16.33,1290,epithelial_like
16.33,1291,epithelial_like
16.33,1292,intermediate_plastic
16.33,1293,intermediate_plastic
16.33,1294,epithelial_like
16.33,1295,epithelial_like
16.33,1296,epithelial_like
16.33,1297,epithelial_like
16.33,1298,epithelial_like
16.33,1299,ambiguous
16.33,1300,epithelial_like
16.33,1301,epithelial_like
16.33,1302,epithelial_like
16.33,1303,ambiguous
16.33,1304,epithelial_like
16.33,1305,epithelial_like
16.33,1306,intermediate_plastic
16.33,1307,ambiguous
16.33,1308,ambiguous
16.33,1309,ambiguous
16.33,1310,epithelial_like
16.33,1311,ambiguous
16.33,1312,epithelial_like
16.33,1313,ambiguous
16.33,1314,intermediate_plastic
16.33,1315,ambiguous
16.33,1316,epithelial_like
16.33,1317,epithelial_like
16.33,1318,ambiguous
16.33,1319,intermediate_plastic
16.33,1320,epithelial_like
16.33,1321,epithelial_like
16.33,1322,epithelial_like
16.33,1323,epithelial_like
16.33,1324,ambiguous
16.33,1325,epithelial_like
16.33,1326,epithelial_like
16.33,1327,ambiguous
16.33,1328,epithelial_like
16.33,1329,ambiguous
16.33,1330,epithelial_like
16.33,1331,epithelial_like
16.33,1332,ambiguous
16.33,1333,ambiguous
16.33,1334,epithelial_like
16.33,1335,epithelial_like
16.33,1336,ambiguous
16.33,1337,intermediate_plastic
16.33,1338,epithelial_like
16.33,1339,epithelial_like
16.33,1340,epithelial_like
16.33,1341,epithelial_like
16.33,1342,ambiguous
16.33,1343,epithelial_like
16.33,1344,epithelial_like
16.33,1345,epithelial_like
16.33,1346,intermediate_plastic
16.33,1347,ambiguous
16.33,1348,epithelial_like
16.33,1349,epithelial_like
16.33,1350,intermediate_plastic
16.33,1351,intermediate_plastic
16.33,1352,epithelial_like
16.33,1353,epithelial_like
16.33,1354,epithelial_like
16.33,1355,ambiguous
16.33,1356,epithelial_like
16.33,1357,intermediate_plastic
16.33,1358,epithelial_like
16.33,1359,epithelial_like
16.33,1360,ambiguous
16.33,1361,intermediate_plastic
16.33,1362,intermediate_plastic
16.33,1363,epithelial_like
16.33,1364,epithelial_like
16.33,1365,epithelial_like
16.33,1366,epithelial_like
16.33,1367,epithelial_like
16.33,1368,ambiguous
16.33,1369,epithelial_like
16.33,1370,epithelial_like
16.33,1371,ambiguous
16.33,1372,ambiguous
16.33,1373,ambiguous
16.33,1374,epithelial_like
16.33,1375,epithelial_like
16.33,1376,ambiguous
16.33,1377,intermediate_plastic
16.33,1378,epithelial_like
16.33,1379,ambiguous
16.33,1380,intermediate_plastic
16.33,1381,intermediate_plastic
16.33,1382,intermediate_plastic
16.33,1383,intermediate_plastic
16.33,1384,epithelial_like
16.33,1385,epithelial_like
16.33,1386,epithelial_like
16.33,1387,ambiguous
16.33,1388,ambiguous
16.33,1389,ambiguous
16.33,1390,epithelial_like
16.33,1391,ambiguous
16.33,1392,intermediate_plastic
16.33,1393,ambiguous
16.33,1394,epithelial_like
16.33,1395,ambiguous
16.33,1396,ambiguous
16.33,1397,epithelial_like
16.33,1398,epithelial_like
16.33,1399,epithelial_like
16.33,1400,epithelial_like
16.33,1401,epithelial_like
16.33,1402,intermediate_plastic
16.33,1403,intermediate_plastic
16.33,1404,epithelial_like
16.33,1405,intermediate_plastic
16.33,1406,epithelial_like
16.33,1407,intermediate_plastic
16.33,1408,epithelial_like
16.33,1409,hADSCs
16.33,1410,epithelial_like
16.33,1411,ambiguous
16.33,1412,ambiguous
16.33,1413,epithelial_like
16.33,1414,intermediate_plastic
16.33,1415,intermediate_plastic
16.33,1416,ambiguous
16.33,1417,epithelial_like
16.33,1418,epithelial_like
16.33,1419,ambiguous
16.33,1420,epithelial_like
16.33,1421,intermediate_plastic
16.33,1422,epithelial_like
16.33,1423,intermediate_plastic
16.33,1424,intermediate_plastic
16.33,1425,epithelial_like
16.33,1426,ambiguous
16.33,1427,epithelial_like
16.33,1428,intermediate_plastic
16.33,1429,epithelial_like
16.33,1430,epithelial_like
16.33,1431,ambiguous
16.33,1432,ambiguous
16.33,1433,intermediate_plastic
16.33,1434,epithelial_like
16.33,1435,epithelial_like
16.33,1436,ambiguous
16.33,1437,epithelial_like
16.33,1438,epithelial_like
16.33,1439,epithelial_like
16.33,1440,epithelial_like
16.33,1441,intermediate_plastic
16.33,1442,epithelial_like
16.33,1443,epithelial_like
16.33,1444,epithelial_like
16.33,1445,intermediate_plastic
16.33,1446,epithelial_like
16.33,1447,ambiguous
16.33,1448,ambiguous
16.33,1449,intermediate_plastic
16.33,1450,epithelial_like
16.33,1451,intermediate_plastic
16.33,1452,intermediate_plastic
16.33,1453,ambiguous
16.33,1454,epithelial_like
16.33,1455,intermediate_plastic
16.33,1456,epithelial_like
16.33,1457,epithelial_like
16.33,1458,intermediate_plastic
16.33,1459,epithelial_like
16.33,1460,intermediate_plastic
16.33,1461,ambiguous
16.33,1462,epithelial_like
16.33,1463,epithelial_like
16.33,1464,ambiguous
16.33,1465,epithelial_like
16.33,1466,epithelial_like
16.33,1467,epithelial_like
16.33,1468,epithelial_like
16.33,1469,intermediate_plastic
16.33,1470,ambiguous
16.33,1471,epithelial_like
16.33,1472,ambiguous
16.33,1473,epithelial_like
16.33,1474,intermediate_plastic
16.33,1475,ambiguous
16.33,1476,epithelial_like
16.33,1477,ambiguous
16.33,1478,ambiguous
16.33,1479,epithelial_like
16.33,1480,epithelial_like
16.33,1481,epithelial_like
16.33,1482,epithelial_like
16.33,1483,epithelial_like
16.33,1484,epithelial_like
16.33,1485,epithelial_like
16.33,1486,ambiguous
16.33,1487,intermediate_plastic
16.33,1488,epithelial_like
16.33,1489,ambiguous
16.33,1490,epithelial_like
16.33,1491,ambiguous
16.33,1492,ambiguous
16.33,1493,epithelial_like
16.33,1494,ambiguous
16.33,1495,epithelial_like
16.33,1496,epithelial_like
16.33,1497,epithelial_like
16.33,1498,epithelial_like
16.33,1499,ambiguous
16.33,1500,epithelial_like
16.33,1501,epithelial_like
16.33,1502,epithelial_like
16.33,1503,epithelial_like
16.33,1504,ambiguous
16.33,1505,epithelial_like
16.33,1506,ambiguous
16.33,1507,epithelial_like
16.33,1508,ambiguous
16.33,1509,epithelial_like
16.33,1510,epithelial_like
16.33,1511,ambiguous
16.33,1512,epithelial_like
16.33,1513,ambiguous
16.33,1514,epithelial_like
16.33,1515,epithelial_like
16.33,1516,ambiguous
16.33,1517,epithelial_like
16.33,1518,epithelial_like
16.33,1519,epithelial_like
16.33,1520,epithelial_like
16.33,1521,ambiguous
16.33,1522,ambiguous
16.33,1523,epithelial_like
16.33,1524,ambiguous
16.33,1525,epithelial_like
16.33,1526,epithelial_like
16.33,1527,epithelial_like
16.33,1528,epithelial_like
16.33,1529,ambiguous
16.33,1530,epithelial_like
16.33,1531,epithelial_like
16.33,1532,ambiguous
16.33,1533,ambiguous
16.33,1534,ambiguous
16.33,1535,epithelial_like
16.33,1536,intermediate_plastic
16.33,1537,intermediate_plastic
16.33,1538,ambiguous
16.33,1539,epithelial_like
16.33,1540,epithelial_like
16.33,1541,ambiguous
16.33,1542,intermediate_plastic
16.33,1543,ambiguous
16.33,1544,epithelial_like
16.33,1545,ambiguous
16.33,1546,epithelial_like
16.33,1547,intermediate_plastic
16.33,1548,intermediate_plastic
16.33,1549,ambiguous
16.33,1550,epithelial_like
16.33,1551,epithelial_like
16.33,1552,epithelial_like
16.33,1553,epithelial_like
16.33,1554,ambiguous
16.33,1555,ambiguous
16.33,1556,epithelial_like
16.33,1557,ambiguous
16.33,1558,epithelial_like
16.33,1559,epithelial_like
16.33,1560,ambiguous
16.33,1561,intermediate_plastic
16.33,1562,epithelial_like
16.33,1563,epithelial_like
16.33,1564,epithelial_like
16.33,1565,epithelial_like
16.33,1566,ambiguous
16.33,1567,epithelial_like
16.33,1568,ambiguous
16.33,1569,intermediate_plastic
16.33,1570,epithelial_like
16.33,1571,intermediate_plastic
16.33,1572,epithelial_like
16.33,1573,epithelial_like
16.33,1574,epithelial_like
16.33,1575,epithelial_like
16.33,1576,epithelial_like
16.33,1577,epithelial_like
16.33,1578,ambiguous
16.33,1579,intermediate_plastic
16.33,1580,epithelial_like
16.33,1581,epithelial_like
16.33,1582,epithelial_like
16.33,1583,epithelial_like
16.33,1584,epithelial_like
16.33,1585,intermediate_plastic
16.33,1586,epithelial_like
16.33,1587,epithelial_like
16.33,1588,intermediate_plastic
16.33,1589,epithelial_like
16.33,1590,epithelial_like
16.33,1591,ambiguous
16.33,1592,epithelial_like
16.33,1593,epithelial_like
16.33,1594,intermediate_plastic
16.33,1595,intermediate_plastic
16.33,1596,intermediate_plastic
16.33,1597,intermediate_plastic
16.33,1598,epithelial_like
16.33,1599,epithelial_like
16.33,1600,epithelial_like
16.33,1601,epithelial_like
16.33,1602,epithelial_like
16.33,1603,epithelial_like
16.33,1604,epithelial_like
16.33,1605,epithelial_like
16.33,1606,epithelial_like
16.33,1607,ambiguous
16.33,1608,intermediate_plastic
16.33,1609,epithelial_like
16.33,1610,epithelial_like
16.33,1611,epithelial_like
16.33,1612,epithelial_like
16.33,1613,epithelial_like
16.33,1614,epithelial_like
16.33,1615,intermediate_plastic
16.33,1616,ambiguous
16.33,1617,ambiguous
16.33,1618,ambiguous
16.33,1619,epithelial_like
16.33,1620,epithelial_like
16.33,1621,epithelial_like
16.33,1622,epithelial_like
16.33,1623,epithelial_like
16.33,1624,epithelial_like
16.33,1625,ambiguous
16.33,1626,intermediate_plastic
16.33,1627,intermediate_plastic
16.33,1628,epithelial_like
16.33,1629,intermediate_plastic
16.33,1630,ambiguous
16.33,1631,intermediate_plastic
16.33,1632,intermediate_plastic
16.33,1633,intermediate_plastic
16.33,1634,ambiguous
16.33,1635,ambiguous
16.33,1636,epithelial_like
16.33,1637,epithelial_like
16.33,1638,ambiguous
16.33,1639,epithelial_like
16.33,1640,intermediate_plastic
16.33,1641,intermediate_plastic
16.33,1642,epithelial_like
16.33,1643,epithelial_like
16.33,1644,intermediate_plastic
16.33,1645,ambiguous
16.33,1646,epithelial_like
16.33,1647,intermediate_plastic
16.33,1648,epithelial_like
16.33,1649,epithelial_like
16.33,1650,ambiguous
16.33,1651,intermediate_plastic
16.33,1652,intermediate_plastic
16.33,1653,ambiguous
16.33,1654,ambiguous
16.33,1655,intermediate_plastic
16.33,1656,epithelial_like
16.33,1657,intermediate_plastic
16.33,1658,ambiguous
16.33,1659,intermediate_plastic
16.33,1660,epithelial_like
16.33,1661,ambiguous
16.33,1662,intermediate_plastic
16.33,1663,epithelial_like
16.33,1664,ambiguous
16.33,1665,epithelial_like
16.33,1666,epithelial_like
16.33,1667,epithelial_like
16.33,1668,intermediate_plastic
16.33,1669,epithelial_like
16.33,1670,ambiguous
16.33,1671,intermediate_plastic
16.33,1672,epithelial_like
16.33,1673,ambiguous
16.33,1674,epithelial_like
16.33,1675,intermediate_plastic
16.33,1676,epithelial_like
16.33,1677,ambiguous
16.33,1678,ambiguous
16.33,1679,epithelial_like
16.33,1680,intermediate_plastic
16.33,1681,ambiguous
16.33,1682,ambiguous
16.33,1683,epithelial_like
16.33,1684,intermediate_plastic
16.33,1685,epithelial_like
16.33,1686,ambiguous
16.33,1687,epithelial_like
16.33,1688,epithelial_like
16.33,1689,ambiguous
16.33,1690,epithelial_like
16.33,1691,intermediate_plastic
16.33,1692,epithelial_like
16.33,1693,epithelial_like
16.33,1694,epithelial_like
16.33,1695,epithelial_like
16.33,1696,epithelial_like
16.33,1697,epithelial_like
16.33,1698,epithelial_like
16.33,1699,ambiguous
16.33,1700,epithelial_like
16.33,1701,epithelial_like
16.33,1702,ambiguous
16.33,1703,epithelial_like
16.33,1704,epithelial_like
16.33,1705,ambiguous
16.33,1706,epithelial_like
16.33,1707,intermediate_plastic
16.33,1708,ambiguous
16.33,1709,intermediate_plastic
16.33,1710,epithelial_like
16.33,1711,epithelial_like
16.33,1712,intermediate_plastic
16.33,1713,epithelial_like
16.33,1714,epithelial_like
16.33,1715,ambiguous
16.33,1716,ambiguous
16.33,1717,intermediate_plastic
16.33,1718,ambiguous
16.33,1719,epithelial_like
16.33,1720,epithelial_like
16.33,1721,ambiguous
16.33,1722,epithelial_like
16.33,1723,intermediate_plastic
16.33,1724,epithelial_like
16.33,1725,epithelial_like
16.33,1726,intermediate_plastic
16.33,1727,ambiguous
16.33,1728,ambiguous
16.33,1729,epithelial_like
16.33,1730,ambiguous
16.33,1731,epithelial_like
16.33,1732,epithelial_like
16.33,1733,ambiguous
16.33,1734,ambiguous
16.33,1735,ambiguous
16.33,1736,intermediate_plastic
16.33,1737,ambiguous
16.33,1738,epithelial_like
16.33,1739,intermediate_plastic
16.33,1740,epithelial_like
16.33,1741,epithelial_like
16.33,1742,epithelial_like
16.33,1743,epithelial_like
16.33,1744,epithelial_like
16.33,1745,epithelial_like
16.33,1746,epithelial_like
16.33,1747,epithelial_like
16.33,1748,epithelial_like
16.33,1749,epithelial_like
16.33,1750,epithelial_like
16.33,1751,epithelial_like
16.33,1752,epithelial_like
16.33,1753,epithelial_like
16.33,1754,ambiguous
16.33,1755,intermediate_plastic
16.33,1756,intermediate_plastic
16.33,1757,intermediate_plastic
16.33,1758,ambiguous
16.33,1759,epithelial_like
16.33,1760,intermediate_plastic
16.33,1761,epithelial_like
16.33,1762,intermediate_plastic
16.33,1763,ambiguous
16.33,1764,intermediate_plastic
16.33,1765,ambiguous
16.33,1766,epithelial_like
16.33,1767,epithelial_like
16.33,1768,intermediate_plastic
16.33,1769,ambiguous
16.33,1770,intermediate_plastic
16.33,1771,epithelial_like
16.33,1772,ambiguous
16.33,1773,ambiguous
16.33,1774,epithelial_like
16.33,1775,epithelial_like
16.33,1776,epithelial_like
16.33,1777,intermediate_plastic
16.33,1778,ambiguous
16.33,1779,epithelial_like
16.33,1780,epithelial_like
16.33,1781,ambiguous
16.33,1782,epithelial_like
16.33,1783,epithelial_like
16.33,1784,ambiguous
16.33,1785,epithelial_like
16.33,1786,ambiguous
16.33,1787,intermediate_plastic
16.33,1788,epithelial_like
16.33,1789,epithelial_like
16.33,1790,ambiguous
16.33,1791,intermediate_plastic
16.33,1792,ambiguous
16.33,1793,epithelial_like
16.33,1794,epithelial_like
16.33,1795,epithelial_like
16.33,1796,intermediate_plastic
16.33,1797,ambiguous
16.33,1798,epithelial_like
16.33,1799,epithelial_like
16.33,1800,ambiguous
16.33,1801,intermediate_plastic
16.33,1802,intermediate_plastic
16.33,1803,intermediate_plastic
16.33,1804,epithelial_like
16.33,1805,epithelial_like
16.33,1806,epithelial_like
16.33,1807,intermediate_plastic
16.33,1808,intermediate_plastic
16.33,1809,epithelial_like
16.33,1810,epithelial_like
16.33,1811,ambiguous
16.33,1812,intermediate_plastic
16.33,1813,ambiguous
16.33,1814,epithelial_like
16.33,1815,intermediate_plastic
16.33,1816,epithelial_like
16.33,1817,epithelial_like
16.33,1818,epithelial_like
16.33,1819,epithelial_like
16.33,1820,intermediate_plastic
16.33,1821,ambiguous
16.33,1822,ambiguous
16.33,1823,epithelial_like
16.33,1824,epithelial_like
16.33,1825,epithelial_like
16.33,1826,epithelial_like
16.33,1827,ambiguous
16.33,1828,epithelial_like
16.33,1829,ambiguous
16.33,1830,intermediate_plastic
16.33,1831,epithelial_like
16.33,1832,epithelial_like
16.33,1833,epithelial_like
16.33,1834,ambiguous
16.33,1835,intermediate_plastic
16.33,1836,epithelial_like
16.33,1837,intermediate_plastic
16.33,1838,intermediate_plastic
16.33,1839,ambiguous
16.33,1840,epithelial_like
16.33,1841,epithelial_like
16.33,1842,epithelial_like
16.33,1843,ambiguous
16.33,1844,epithelial_like
16.33,1845,ambiguous
16.33,1846,epithelial_like
16.33,1847,epithelial_like
16.33,1848,epithelial_like
16.33,1849,ambiguous
16.33,1850,intermediate_plastic
16.33,1851,epithelial_like
16.33,1852,epithelial_like
16.33,1853,epithelial_like
16.33,1854,intermediate_plastic
16.33,1855,epithelial_like
16.33,1856,epithelial_like
16.33,1857,epithelial_like
16.33,1858,ambiguous
16.33,1859,ambiguous
16.33,1860,epithelial_like
16.33,1861,epithelial_like
16.33,1862,epithelial_like
16.33,1863,ambiguous
16.33,1864,epithelial_like
16.33,1865,ambiguous
16.33,1866,epithelial_like
16.33,1867,epithelial_like
16.33,1868,ambiguous
16.33,1869,ambiguous
16.33,1870,epithelial_like
16.33,1871,intermediate_plastic
16.33,1872,ambiguous
16.33,1873,epithelial_like
16.33,1874,epithelial_like
16.33,1875,epithelial_like
16.33,1876,intermediate_plastic
16.33,1877,epithelial_like
16.33,1878,intermediate_plastic
16.33,1879,ambiguous
16.33,1880,epithelial_like
16.33,1881,epithelial_like
16.33,1882,intermediate_plastic
16.33,1883,epithelial_like
16.33,1884,ambiguous
16.33,1885,intermediate_plastic
16.33,1886,epithelial_like
16.33,1887,ambiguous
16.33,1888,epithelial_like
16.33,1889,epithelial_like
16.33,1890,epithelial_like
16.33,1891,epithelial_like
16.33,1892,epithelial_like
16.33,1893,intermediate_plastic
16.33,1894,epithelial_like
16.33,1895,epithelial_like
16.33,1896,epithelial_like
16.33,1897,intermediate_plastic
16.33,1898,intermediate_plastic
16.33,1899,epithelial_like
16.33,1900,epithelial_like
16.33,1901,epithelial_like
16.33,1902,epithelial_like
16.33,1903,epithelial_like
16.33,1904,epithelial_like
16.33,1905,epithelial_like
16.33,1906,epithelial_like
16.33,1907,epithelial_like
16.33,1908,epithelial_like
16.33,1909,epithelial_like
16.33,1910,ambiguous
16.33,1911,epithelial_like
16.33,1912,epithelial_like
16.33,1913,epithelial_like
16.33,1914,ambiguous
16.33,1915,epithelial_like
16.33,1916,ambiguous
16.33,1917,intermediate_plastic
16.33,1918,epithelial_like
16.33,1919,ambiguous
16.33,1920,epithelial_like
16.33,1921,epithelial_like
16.33,1922,epithelial_like
16.33,1923,epithelial_like
16.33,1924,epithelial_like
16.33,1925,epithelial_like
16.33,1926,intermediate_plastic
16.33,1927,intermediate_plastic
16.33,1928,epithelial_like
16.33,1929,intermediate_plastic
16.33,1930,epithelial_like
16.33,1931,intermediate_plastic
16.33,1932,epithelial_like
16.33,1933,epithelial_like
16.33,1934,epithelial_like
16.33,1935,ambiguous
16.33,1936,epithelial_like
16.33,1937,epithelial_like
16.33,1938,intermediate_plastic
16.33,1939,epithelial_like
16.33,1940,epithelial_like
16.33,1941,epithelial_like
16.33,1942,epithelial_like
16.33,1943,ambiguous
16.33,1944,ambiguous
16.33,1945,intermediate_plastic
16.33,1946,epithelial_like
16.33,1947,intermediate_plastic
16.33,1948,epithelial_like
16.33,1949,ambiguous
16.33,1950,epithelial_like
16.33,1951,ambiguous
16.33,1952,intermediate_plastic
16.33,1953,epithelial_like
16.33,1954,epithelial_like
16.33,1955,intermediate_plastic
16.33,1956,ambiguous
16.33,1957,intermediate_plastic
16.33,1958,epithelial_like
16.33,1959,intermediate_plastic
16.33,1960,ambiguous
16.33,1961,epithelial_like
16.33,1962,intermediate_plastic
16.33,1963,epithelial_like
16.33,1964,epithelial_like
16.33,1965,epithelial_like
16.33,1966,epithelial_like
16.33,1967,epithelial_like
16.33,1968,intermediate_plastic
16.33,1969,ambiguous
16.33,1970,epithelial_like
16.33,1971,epithelial_like
16.33,1972,intermediate_plastic
16.33,1973,epithelial_like
16.33,1974,ambiguous
16.33,1975,epithelial_like
16.33,1976,intermediate_plastic
16.33,1977,epithelial_like
16.33,1978,epithelial_like
16.33,1979,epithelial_like
16.33,1980,intermediate_plastic
16.33,1981,ambiguous
16.33,1982,intermediate_plastic
16.33,1983,ambiguous
16.33,1984,ambiguous
16.33,1985,epithelial_like
16.33,1986,intermediate_plastic
16.33,1987,epithelial_like
16.33,1988,intermediate_plastic
16.33,1989,intermediate_plastic
16.33,1990,ambiguous
16.33,1991,epithelial_like
16.33,1992,epithelial_like
16.33,1993,ambiguous
16.33,1994,epithelial_like
16.33,1995,epithelial_like
16.33,1996,epithelial_like
16.33,1997,epithelial_like
16.33,1998,epithelial_like
16.33,1999,epithelial_like
16.67,0,ambiguous
16.67,1,ambiguous
16.67,2,intermediate_plastic
16.67,3,ambiguous
16.67,4,epithelial_like
16.67,5,ambiguous
16.67,6,ambiguous
16.67,7,epithelial_like
16.67,8,epithelial_like
16.67,9,epithelial_like
16.67,10,epithelial_like
16.67,11,intermediate_plastic
16.67,12,ambiguous
16.67,13,ambiguous
16.67,14,epithelial_like
16.67,15,epithelial_like
16.67,16,intermediate_plastic
16.67,17,ambiguous
16.67,18,intermediate_plastic
16.67,19,intermediate_plastic
16.67,20,epithelial_like
16.67,21,epithelial_like
16.67,22,epithelial_like
16.67,23,intermediate_plastic
16.67,24,intermediate_plastic
16.67,25,epithelial_like
16.67,26,epithelial_like
16.67,27,ambiguous
16.67,28,epithelial_like
16.67,29,intermediate_plastic
16.67,30,epithelial_like
16.67,31,ambiguous
16.67,32,ambiguous
16.67,33,ambiguous
16.67,34,epithelial_like
16.67,35,intermediate_plastic
16.67,36,intermediate_plastic
16.67,37,epithelial_like
16.67,38,ambiguous
16.67,39,epithelial_like
16.67,40,intermediate_plastic
16.67,41,epithelial_like
16.67,42,epithelial_like
16.67,43,epithelial_like
16.67,44,epithelial_like
16.67,45,epithelial_like
16.67,46,epithelial_like
16.67,47,ambiguous
16.67,48,epithelial_like
16.67,49,epithelial_like
16.67,50,ambiguous
16.67,51,ambiguous
16.67,52,ambiguous
16.67,53,epithelial_like
16.67,54,epithelial_like
16.67,55,epithelial_like
16.67,56,epithelial_like
16.67,57,intermediate_plastic
16.67,58,epithelial_like
16.67,59,epithelial_like
16.67,60,epithelial_like
16.67,61,epithelial_like
16.67,62,epithelial_like
16.67,63,epithelial_like
16.67,64,epithelial_like
16.67,65,intermediate_plastic
16.67,66,epithelial_like
16.67,67,intermediate_plastic
16.67,68,epithelial_like
16.67,69,epithelial_like
16.67,70,epithelial_like
16.67,71,intermediate_plastic
16.67,72,epithelial_like
16.67,73,ambiguous
16.67,74,ambiguous
16.67,75,ambiguous
16.67,76,ambiguous
16.67,77,ambiguous
16.67,78,epithelial_like
16.67,79,epithelial_like
16.67,80,epithelial_like
16.67,81,epithelial_like
16.67,82,epithelial_like
16.67,83,ambiguous
16.67,84,ambiguous
16.67,85,epithelial_like
16.67,86,epithelial_like
16.67,87,epithelial_like
16.67,88,epithelial_like
16.67,89,epithelial_like
16.67,90,ambiguous
16.67,91,ambiguous
16.67,92,epithelial_like
16.67,93,ambiguous
16.67,94,intermediate_plastic
16.67,95,ambiguous
16.67,96,epithelial_like
16.67,97,epithelial_like
16.67,98,ambiguous
16.67,99,intermediate_plastic
16.67,100,epithelial_like
16.67,101,ambiguous
16.67,102,epithelial_like
16.67,103,intermediate_plastic
16.67,104,ambiguous
16.67,105,ambiguous
16.67,106,epithelial_like
16.67,107,epithelial_like
16.67,108,epithelial_like
16.67,109,ambiguous
16.67,110,intermediate_plastic
16.67,111,epithelial_like
16.67,112,intermediate_plastic
16.67,113,epithelial_like
16.67,114,intermediate_plastic
16.67,115,intermediate_plastic
16.67,116,ambiguous
16.67,117,epithelial_like
16.67,118,epithelial_like
16.67,119,ambiguous
16.67,120,epithelial_like
16.67,121,epithelial_like
16.67,122,intermediate_plastic
16.67,123,ambiguous
16.67,124,epithelial_like
16.67,125,epithelial_like
16.67,126,epithelial_like
16.67,127,intermediate_plastic
16.67,128,epithelial_like
16.67,129,ambiguous
16.67,130,epithelial_like
16.67,131,ambiguous
16.67,132,ambiguous
16.67,133,ambiguous
16.67,134,epithelial_like
16.67,135,epithelial_like
16.67,136,intermediate_plastic
16.67,137,intermediate_plastic
16.67,138,epithelial_like
16.67,139,ambiguous
16.67,140,intermediate_plastic
16.67,141,intermediate_plastic
16.67,142,epithelial_like
16.67,143,ambiguous
16.67,144,epithelial_like
16.67,145,intermediate_plastic
16.67,146,epithelial_like
16.67,147,epithelial_like
16.67,148,epithelial_like
16.67,149,ambiguous
16.67,150,epithelial_like
16.67,151,epithelial_like
16.67,152,ambiguous
16.67,153,ambiguous
16.67,154,epithelial_like
16.67,155,epithelial_like
16.67,156,epithelial_like
16.67,157,epithelial_like
16.67,158,ambiguous
16.67,159,intermediate_plastic
16.67,160,intermediate_plastic
16.67,161,epithelial_like
16.67,162,intermediate_plastic
16.67,163,epithelial_like
16.67,164,intermediate_plastic
16.67,165,epithelial_like
16.67,166,ambiguous
16.67,167,epithelial_like
16.67,168,intermediate_plastic
16.67,169,ambiguous
16.67,170,ambiguous
16.67,171,epithelial_like
16.67,172,epithelial_like
16.67,173,epithelial_like
16.67,174,epithelial_like
16.67,175,intermediate_plastic
16.67,176,intermediate_plastic
16.67,177,intermediate_plastic
16.67,178,epithelial_like
16.67,179,intermediate_plastic
16.67,180,ambiguous
16.67,181,ambiguous
16.67,182,intermediate_plastic
16.67,183,epithelial_like
16.67,184,intermediate_plastic
16.67,185,ambiguous
16.67,186,intermediate_plastic
16.67,187,intermediate_plastic
16.67,188,intermediate_plastic
16.67,189,epithelial_like
16.67,190,epithelial_like
16.67,191,epithelial_like
16.67,192,epithelial_like
16.67,193,epithelial_like
16.67,194,intermediate_plastic
16.67,195,epithelial_like
16.67,196,ambiguous
16.67,197,intermediate_plastic
16.67,198,epithelial_like
16.67,199,epithelial_like
16.67,200,intermediate_plastic
16.67,201,intermediate_plastic
16.67,202,epithelial_like
16.67,203,epithelial_like
16.67,204,epithelial_like
16.67,205,intermediate_plastic
16.67,206,epithelial_like
16.67,207,epithelial_like
16.67,208,epithelial_like
16.67,209,epithelial_like
16.67,210,epithelial_like
16.67,211,epithelial_like
16.67,212,epithelial_like
16.67,213,intermediate_plastic
16.67,214,epithelial_like
16.67,215,epithelial_like
16.67,216,epithelial_like
16.67,217,intermediate_plastic
16.67,218,epithelial_like
16.67,219,epithelial_like
16.67,220,epithelial_like
16.67,221,intermediate_plastic
16.67,222,ambiguous
16.67,223,ambiguous
16.67,224,epithelial_like
16.67,225,epithelial_like
16.67,226,epithelial_like
16.67,227,ambiguous
16.67,228,epithelial_like
16.67,229,epithelial_like
16.67,230,intermediate_plastic
16.67,231,epithelial_like
16.67,232,epithelial_like
16.67,233,hADSCs
16.67,234,ambiguous
16.67,235,epithelial_like
16.67,236,epithelial_like
16.67,237,epithelial_like
16.67,238,ambiguous
16.67,239,epithelial_like
16.67,240,intermediate_plastic
16.67,241,intermediate_plastic
16.67,242,ambiguous
16.67,243,ambiguous
16.67,244,intermediate_plastic
16.67,245,epithelial_like
16.67,246,intermediate_plastic
16.67,247,epithelial_like
16.67,248,intermediate_plastic
16.67,249,epithelial_like
16.67,250,epithelial_like
16.67,251,epithelial_like
16.67,252,intermediate_plastic
16.67,253,epithelial_like
16.67,254,epithelial_like
16.67,255,epithelial_like
16.67,256,epithelial_like
16.67,257,epithelial_like
16.67,258,ambiguous
16.67,259,intermediate_plastic
16.67,260,ambiguous
16.67,261,epithelial_like
16.67,262,intermediate_plastic
16.67,263,epithelial_like
16.67,264,epithelial_like
16.67,265,epithelial_like
16.67,266,intermediate_plastic
16.67,267,epithelial_like
16.67,268,epithelial_like
16.67,269,ambiguous
16.67,270,intermediate_plastic
16.67,271,epithelial_like
16.67,272,intermediate_plastic
16.67,273,epithelial_like
16.67,274,intermediate_plastic
16.67,275,ambiguous
16.67,276,ambiguous
16.67,277,intermediate_plastic
16.67,278,epithelial_like
16.67,279,ambiguous
16.67,280,intermediate_plastic
16.67,281,epithelial_like
16.67,282,ambiguous
16.67,283,epithelial_like
16.67,284,ambiguous
16.67,285,epithelial_like
16.67,286,epithelial_like
16.67,287,intermediate_plastic
16.67,288,intermediate_plastic
16.67,289,epithelial_like
16.67,290,ambiguous
16.67,291,intermediate_plastic
16.67,292,epithelial_like
16.67,293,epithelial_like
16.67,294,ambiguous
16.67,295,epithelial_like
16.67,296,ambiguous
16.67,297,ambiguous
16.67,298,epithelial_like
16.67,299,epithelial_like
16.67,300,ambiguous
16.67,301,epithelial_like
16.67,302,epithelial_like
16.67,303,epithelial_like
16.67,304,epithelial_like
16.67,305,epithelial_like
16.67,306,epithelial_like
16.67,307,epithelial_like
16.67,308,intermediate_plastic
16.67,309,intermediate_plastic
16.67,310,epithelial_like
16.67,311,intermediate_plastic
16.67,312,epithelial_like
16.67,313,ambiguous
16.67,314,ambiguous
16.67,315,ambiguous
16.67,316,epithelial_like
16.67,317,epithelial_like
16.67,318,intermediate_plastic
16.67,319,epithelial_like
16.67,320,epithelial_like
16.67,321,epithelial_like
16.67,322,epithelial_like
16.67,323,ambiguous
16.67,324,epithelial_like
16.67,325,ambiguous
16.67,326,intermediate_plastic
16.67,327,intermediate_plastic
16.67,328,ambiguous
16.67,329,epithelial_like
16.67,330,epithelial_like
16.67,331,ambiguous
16.67,332,intermediate_plastic
16.67,333,ambiguous
16.67,334,epithelial_like
16.67,335,epithelial_like
16.67,336,epithelial_like
16.67,337,ambiguous
16.67,338,ambiguous
16.67,339,epithelial_like
16.67,340,epithelial_like
16.67,341,epithelial_like
16.67,342,epithelial_like
16.67,343,epithelial_like
16.67,344,intermediate_plastic
16.67,345,epithelial_like
16.67,346,intermediate_plastic
16.67,347,epithelial_like
16.67,348,intermediate_plastic
16.67,349,ambiguous
16.67,350,epithelial_like
16.67,351,intermediate_plastic
16.67,352,epithelial_like
16.67,353,ambiguous
16.67,354,intermediate_plastic
16.67,355,ambiguous
16.67,356,epithelial_like
16.67,357,intermediate_plastic
16.67,358,intermediate_plastic
16.67,359,ambiguous
16.67,360,intermediate_plastic
16.67,361,epithelial_like
16.67,362,epithelial_like
16.67,363,epithelial_like
16.67,364,ambiguous
16.67,365,intermediate_plastic
16.67,366,epithelial_like
16.67,367,epithelial_like
16.67,368,ambiguous
16.67,369,epithelial_like
16.67,370,intermediate_plastic
16.67,371,epithelial_like
16.67,372,intermediate_plastic
16.67,373,epithelial_like
16.67,374,intermediate_plastic
16.67,375,epithelial_like
16.67,376,epithelial_like
16.67,377,epithelial_like
16.67,378,intermediate_plastic
16.67,379,epithelial_like
16.67,380,epithelial_like
16.67,381,intermediate_plastic
16.67,382,ambiguous
16.67,383,epithelial_like
16.67,384,epithelial_like
16.67,385,epithelial_like
16.67,386,ambiguous
16.67,387,ambiguous
16.67,388,intermediate_plastic
16.67,389,epithelial_like
16.67,390,epithelial_like
16.67,391,ambiguous
16.67,392,ambiguous
16.67,393,epithelial_like
16.67,394,intermediate_plastic
16.67,395,epithelial_like
16.67,396,epithelial_like
16.67,397,epithelial_like
16.67,398,epithelial_like
16.67,399,epithelial_like
16.67,400,intermediate_plastic
16.67,401,intermediate_plastic
16.67,402,epithelial_like
16.67,403,intermediate_plastic
16.67,404,epithelial_like
16.67,405,epithelial_like
16.67,406,epithelial_like
16.67,407,epithelial_like
16.67,408,epithelial_like
16.67,409,intermediate_plastic
16.67,410,epithelial_like
16.67,411,epithelial_like
16.67,412,ambiguous
16.67,413,epithelial_like
16.67,414,ambiguous
16.67,415,epithelial_like
16.67,416,epithelial_like
16.67,417,intermediate_plastic
16.67,418,intermediate_plastic
16.67,419,epithelial_like
16.67,420,epithelial_like
16.67,421,ambiguous
16.67,422,epithelial_like
16.67,423,epithelial_like
16.67,424,epithelial_like
16.67,425,ambiguous
16.67,426,intermediate_plastic
16.67,427,epithelial_like
16.67,428,intermediate_plastic
16.67,429,intermediate_plastic
16.67,430,ambiguous
16.67,431,epithelial_like
16.67,432,hADSCs
16.67,433,hADSCs
16.67,434,ambiguous
16.67,435,epithelial_like
16.67,436,ambiguous
16.67,437,epithelial_like
16.67,438,epithelial_like
16.67,439,ambiguous
16.67,440,ambiguous
16.67,441,epithelial_like
16.67,442,ambiguous
16.67,443,epithelial_like
16.67,444,epithelial_like
16.67,445,intermediate_plastic
16.67,446,epithelial_like
16.67,447,epithelial_like
16.67,448,epithelial_like
16.67,449,epithelial_like
16.67,450,ambiguous
16.67,451,ambiguous
16.67,452,ambiguous
16.67,453,ambiguous
16.67,454,intermediate_plastic
16.67,455,epithelial_like
16.67,456,epithelial_like
16.67,457,intermediate_plastic
16.67,458,ambiguous
16.67,459,epithelial_like
16.67,460,epithelial_like
16.67,461,intermediate_plastic
16.67,462,epithelial_like
16.67,463,epithelial_like
16.67,464,epithelial_like
16.67,465,epithelial_like
16.67,466,ambiguous
16.67,467,ambiguous
16.67,468,ambiguous
16.67,469,epithelial_like
16.67,470,epithelial_like
16.67,471,epithelial_like
16.67,472,ambiguous
16.67,473,epithelial_like
16.67,474,epithelial_like
16.67,475,epithelial_like
16.67,476,ambiguous
16.67,477,epithelial_like
16.67,478,epithelial_like
16.67,479,epithelial_like
16.67,480,ambiguous
16.67,481,epithelial_like
16.67,482,intermediate_plastic
16.67,483,epithelial_like
16.67,484,ambiguous
16.67,485,epithelial_like
16.67,486,epithelial_like
16.67,487,intermediate_plastic
16.67,488,epithelial_like
16.67,489,intermediate_plastic
16.67,490,epithelial_like
16.67,491,epithelial_like
16.67,492,intermediate_plastic
16.67,493,intermediate_plastic
16.67,494,epithelial_like
16.67,495,epithelial_like
16.67,496,epithelial_like
16.67,497,intermediate_plastic
16.67,498,epithelial_like
16.67,499,ambiguous
16.67,500,ambiguous
16.67,501,epithelial_like
16.67,502,epithelial_like
16.67,503,epithelial_like
16.67,504,ambiguous
16.67,505,epithelial_like
16.67,506,epithelial_like
16.67,507,epithelial_like
16.67,508,epithelial_like
16.67,509,intermediate_plastic
16.67,510,ambiguous
16.67,511,epithelial_like
16.67,512,intermediate_plastic
16.67,513,intermediate_plastic
16.67,514,intermediate_plastic
16.67,515,epithelial_like
16.67,516,ambiguous
16.67,517,epithelial_like
16.67,518,epithelial_like
16.67,519,intermediate_plastic
16.67,520,epithelial_like
16.67,521,ambiguous
16.67,522,epithelial_like
16.67,523,epithelial_like
16.67,524,intermediate_plastic
16.67,525,epithelial_like
16.67,526,intermediate_plastic
16.67,527,ambiguous
16.67,528,epithelial_like
16.67,529,epithelial_like
16.67,530,epithelial_like
16.67,531,epithelial_like
16.67,532,epithelial_like
16.67,533,epithelial_like
16.67,534,epithelial_like
16.67,535,ambiguous
16.67,536,epithelial_like
16.67,537,epithelial_like
16.67,538,epithelial_like
16.67,539,ambiguous
16.67,540,epithelial_like
16.67,541,intermediate_plastic
16.67,542,epithelial_like
16.67,543,intermediate_plastic
16.67,544,ambiguous
16.67,545,ambiguous
16.67,546,intermediate_plastic
16.67,547,epithelial_like
16.67,548,epithelial_like
16.67,549,intermediate_plastic
16.67,550,epithelial_like
16.67,551,epithelial_like
16.67,552,intermediate_plastic
16.67,553,epithelial_like
16.67,554,intermediate_plastic
16.67,555,epithelial_like
16.67,556,intermediate_plastic
16.67,557,epithelial_like
16.67,558,epithelial_like
16.67,559,epithelial_like
16.67,560,epithelial_like
16.67,561,ambiguous
16.67,562,epithelial_like
16.67,563,epithelial_like
16.67,564,intermediate_plastic
16.67,565,ambiguous
16.67,566,epithelial_like
16.67,567,intermediate_plastic
16.67,568,intermediate_plastic
16.67,569,epithelial_like
16.67,570,ambiguous
16.67,571,ambiguous
16.67,572,epithelial_like
16.67,573,ambiguous
16.67,574,intermediate_plastic
16.67,575,epithelial_like
16.67,576,intermediate_plastic
16.67,577,intermediate_plastic
16.67,578,epithelial_like
16.67,579,epithelial_like
16.67,580,epithelial_like
16.67,581,epithelial_like
16.67,582,ambiguous
16.67,583,epithelial_like
16.67,584,ambiguous
16.67,585,intermediate_plastic
16.67,586,intermediate_plastic
16.67,587,epithelial_like
16.67,588,intermediate_plastic
16.67,589,ambiguous
16.67,590,ambiguous
16.67,591,epithelial_like
16.67,592,ambiguous
16.67,593,ambiguous
16.67,594,epithelial_like
16.67,595,ambiguous
16.67,596,epithelial_like
16.67,597,intermediate_plastic
16.67,598,epithelial_like
16.67,599,epithelial_like
16.67,600,intermediate_plastic
16.67,601,epithelial_like
16.67,602,epithelial_like
16.67,603,ambiguous
16.67,604,epithelial_like
16.67,605,intermediate_plastic
16.67,606,epithelial_like
16.67,607,epithelial_like
16.67,608,epithelial_like
16.67,609,epithelial_like
16.67,610,epithelial_like
16.67,611,ambiguous
16.67,612,ambiguous
16.67,613,intermediate_plastic
16.67,614,intermediate_plastic
16.67,615,intermediate_plastic
16.67,616,epithelial_like
16.67,617,intermediate_plastic
16.67,618,epithelial_like
16.67,619,epithelial_like
16.67,620,intermediate_plastic
16.67,621,epithelial_like
16.67,622,intermediate_plastic
16.67,623,epithelial_like
16.67,624,intermediate_plastic
16.67,625,intermediate_plastic
16.67,626,epithelial_like
16.67,627,epithelial_like
16.67,628,ambiguous
16.67,629,epithelial_like
16.67,630,epithelial_like
16.67,631,epithelial_like
16.67,632,ambiguous
16.67,633,epithelial_like
16.67,634,epithelial_like
16.67,635,epithelial_like
16.67,636,intermediate_plastic
16.67,637,ambiguous
16.67,638,ambiguous
16.67,639,ambiguous
16.67,640,epithelial_like
16.67,641,epithelial_like
16.67,642,intermediate_plastic
16.67,643,epithelial_like
16.67,644,epithelial_like
16.67,645,epithelial_like
16.67,646,epithelial_like
16.67,647,intermediate_plastic
16.67,648,epithelial_like
16.67,649,epithelial_like
16.67,650,ambiguous
16.67,651,epithelial_like
16.67,652,ambiguous
16.67,653,epithelial_like
16.67,654,intermediate_plastic
16.67,655,epithelial_like
16.67,656,epithelial_like
16.67,657,epithelial_like
16.67,658,epithelial_like
16.67,659,epithelial_like
16.67,660,epithelial_like
16.67,661,epithelial_like
16.67,662,epithelial_like
16.67,663,epithelial_like
16.67,664,epithelial_like
16.67,665,ambiguous
16.67,666,epithelial_like
16.67,667,epithelial_like
16.67,668,epithelial_like
16.67,669,epithelial_like
16.67,670,epithelial_like
16.67,671,epithelial_like
16.67,672,ambiguous
16.67,673,epithelial_like
16.67,674,intermediate_plastic
16.67,675,epithelial_like
16.67,676,epithelial_like
16.67,677,epithelial_like
16.67,678,intermediate_plastic
16.67,679,epithelial_like
16.67,680,epithelial_like
16.67,681,epithelial_like
16.67,682,intermediate_plastic
16.67,683,ambiguous
16.67,684,ambiguous
16.67,685,intermediate_plastic
16.67,686,epithelial_like
16.67,687,epithelial_like
16.67,688,ambiguous
16.67,689,ambiguous
16.67,690,ambiguous
16.67,691,ambiguous
16.67,692,ambiguous
16.67,693,epithelial_like
16.67,694,intermediate_plastic
16.67,695,intermediate_plastic
16.67,696,epithelial_like
16.67,697,epithelial_like
16.67,698,epithelial_like
16.67,699,ambiguous
16.67,700,intermediate_plastic
16.67,701,epithelial_like
16.67,702,epithelial_like
16.67,703,epithelial_like
16.67,704,ambiguous
16.67,705,epithelial_like
16.67,706,epithelial_like
16.67,707,epithelial_like
16.67,708,ambiguous
16.67,709,ambiguous
16.67,710,ambiguous
16.67,711,epithelial_like
16.67,712,epithelial_like
16.67,713,epithelial_like
16.67,714,intermediate_plastic
16.67,715,intermediate_plastic
16.67,716,epithelial_like
16.67,717,epithelial_like
16.67,718,ambiguous
16.67,719,intermediate_plastic
16.67,720,intermediate_plastic
16.67,721,epithelial_like
16.67,722,ambiguous
16.67,723,intermediate_plastic
16.67,724,ambiguous
16.67,725,epithelial_like
16.67,726,ambiguous
16.67,727,epithelial_like
16.67,728,epithelial_like
16.67,729,intermediate_plastic
16.67,730,epithelial_like
16.67,731,intermediate_plastic
16.67,732,epithelial_like
16.67,733,epithelial_like
16.67,734,epithelial_like
16.67,735,intermediate_plastic
16.67,736,epithelial_like
16.67,737,epithelial_like
16.67,738,intermediate_plastic
16.67,739,epithelial_like
16.67,740,ambiguous
16.67,741,epithelial_like
16.67,742,intermediate_plastic
16.67,743,ambiguous
16.67,744,ambiguous
16.67,745,epithelial_like
16.67,746,epithelial_like
16.67,747,ambiguous
16.67,748,epithelial_like
16.67,749,intermediate_plastic
16.67,750,ambiguous
16.67,751,intermediate_plastic
16.67,752,intermediate_plastic
16.67,753,ambiguous
16.67,754,epithelial_like
16.67,755,epithelial_like
16.67,756,epithelial_like
16.67,757,epithelial_like
16.67,758,epithelial_like
16.67,759,intermediate_plastic
16.67,760,epithelial_like
16.67,761,epithelial_like
16.67,762,intermediate_plastic
16.67,763,intermediate_plastic
16.67,764,intermediate_plastic
16.67,765,epithelial_like
16.67,766,ambiguous
16.67,767,epithelial_like
16.67,768,intermediate_plastic
16.67,769,intermediate_plastic
16.67,770,intermediate_plastic
16.67,771,ambiguous
16.67,772,ambiguous
16.67,773,epithelial_like
16.67,774,ambiguous
16.67,775,ambiguous
16.67,776,ambiguous
16.67,777,epithelial_like
16.67,778,epithelial_like
16.67,779,ambiguous
16.67,780,epithelial_like
16.67,781,epithelial_like
16.67,782,epithelial_like
16.67,783,intermediate_plastic
16.67,784,ambiguous
16.67,785,epithelial_like
16.67,786,intermediate_plastic
16.67,787,ambiguous
16.67,788,epithelial_like
16.67,789,epithelial_like
16.67,790,epithelial_like
16.67,791,epithelial_like
16.67,792,ambiguous
16.67,793,epithelial_like
16.67,794,ambiguous
16.67,795,intermediate_plastic
16.67,796,ambiguous
16.67,797,epithelial_like
16.67,798,epithelial_like
16.67,799,ambiguous
16.67,800,ambiguous
16.67,801,intermediate_plastic
16.67,802,epithelial_like
16.67,803,ambiguous
16.67,804,epithelial_like
16.67,805,ambiguous
16.67,806,ambiguous
16.67,807,ambiguous
16.67,808,ambiguous
16.67,809,ambiguous
16.67,810,epithelial_like
16.67,811,epithelial_like
16.67,812,epithelial_like
16.67,813,ambiguous
16.67,814,epithelial_like
16.67,815,epithelial_like
16.67,816,intermediate_plastic
16.67,817,ambiguous
16.67,818,epithelial_like
16.67,819,ambiguous
16.67,820,intermediate_plastic
16.67,821,epithelial_like
16.67,822,intermediate_plastic
16.67,823,epithelial_like
16.67,824,epithelial_like
16.67,825,ambiguous
16.67,826,epithelial_like
16.67,827,ambiguous
16.67,828,ambiguous
16.67,829,intermediate_plastic
16.67,830,epithelial_like
16.67,831,intermediate_plastic
16.67,832,epithelial_like
16.67,833,ambiguous
16.67,834,ambiguous
16.67,835,ambiguous
16.67,836,intermediate_plastic
16.67,837,ambiguous
16.67,838,epithelial_like
16.67,839,intermediate_plastic
16.67,840,epithelial_like
16.67,841,epithelial_like
16.67,842,epithelial_like
16.67,843,epithelial_like
16.67,844,epithelial_like
16.67,845,epithelial_like
16.67,846,intermediate_plastic
16.67,847,intermediate_plastic
16.67,848,ambiguous
16.67,849,epithelial_like
16.67,850,epithelial_like
16.67,851,ambiguous
16.67,852,intermediate_plastic
16.67,853,ambiguous
16.67,854,epithelial_like
16.67,855,ambiguous
16.67,856,intermediate_plastic
16.67,857,intermediate_plastic
16.67,858,epithelial_like
16.67,859,intermediate_plastic
16.67,860,intermediate_plastic
16.67,861,epithelial_like
16.67,862,epithelial_like
16.67,863,epithelial_like
16.67,864,epithelial_like
16.67,865,ambiguous
16.67,866,intermediate_plastic
16.67,867,epithelial_like
16.67,868,intermediate_plastic
16.67,869,epithelial_like
16.67,870,epithelial_like
16.67,871,epithelial_like
16.67,872,ambiguous
16.67,873,epithelial_like
16.67,874,ambiguous
16.67,875,epithelial_like
16.67,876,intermediate_plastic
16.67,877,ambiguous
16.67,878,epithelial_like
16.67,879,epithelial_like
16.67,880,intermediate_plastic
16.67,881,intermediate_plastic
16.67,882,intermediate_plastic
16.67,883,epithelial_like
16.67,884,epithelial_like
16.67,885,intermediate_plastic
16.67,886,ambiguous
16.67,887,intermediate_plastic
16.67,888,epithelial_like
16.67,889,ambiguous
16.67,890,epithelial_like
16.67,891,ambiguous
16.67,892,ambiguous
16.67,893,epithelial_like
16.67,894,epithelial_like
16.67,895,ambiguous
16.67,896,epithelial_like
16.67,897,epithelial_like
16.67,898,intermediate_plastic
16.67,899,epithelial_like
16.67,900,ambiguous
16.67,901,epithelial_like
16.67,902,intermediate_plastic
16.67,903,ambiguous
16.67,904,ambiguous
16.67,905,epithelial_like
16.67,906,ambiguous
16.67,907,epithelial_like
16.67,908,ambiguous
16.67,909,ambiguous
16.67,910,epithelial_like
16.67,911,epithelial_like
16.67,912,intermediate_plastic
16.67,913,epithelial_like
16.67,914,epithelial_like
16.67,915,intermediate_plastic
16.67,916,epithelial_like
16.67,917,intermediate_plastic
16.67,918,epithelial_like
16.67,919,intermediate_plastic
16.67,920,epithelial_like
16.67,921,ambiguous
16.67,922,ambiguous
16.67,923,intermediate_plastic
16.67,924,epithelial_like
16.67,925,epithelial_like
16.67,926,epithelial_like
16.67,927,epithelial_like
16.67,928,epithelial_like
16.67,929,ambiguous
16.67,930,intermediate_plastic
16.67,931,epithelial_like
16.67,932,ambiguous
16.67,933,epithelial_like
16.67,934,epithelial_like
16.67,935,epithelial_like
16.67,936,ambiguous
16.67,937,ambiguous
16.67,938,epithelial_like
16.67,939,ambiguous
16.67,940,epithelial_like
16.67,941,epithelial_like
16.67,942,epithelial_like
16.67,943,epithelial_like
16.67,944,ambiguous
16.67,945,ambiguous
16.67,946,intermediate_plastic
16.67,947,epithelial_like
16.67,948,intermediate_plastic
16.67,949,epithelial_like
16.67,950,epithelial_like
16.67,951,epithelial_like
16.67,952,ambiguous
16.67,953,ambiguous
16.67,954,ambiguous
16.67,955,intermediate_plastic
16.67,956,ambiguous
16.67,957,epithelial_like
16.67,958,intermediate_plastic
16.67,959,epithelial_like
16.67,960,epithelial_like
16.67,961,intermediate_plastic
16.67,962,intermediate_plastic
16.67,963,intermediate_plastic
16.67,964,epithelial_like
16.67,965,epithelial_like
16.67,966,ambiguous
16.67,967,epithelial_like
16.67,968,intermediate_plastic
16.67,969,intermediate_plastic
16.67,970,epithelial_like
16.67,971,epithelial_like
16.67,972,epithelial_like
16.67,973,epithelial_like
16.67,974,epithelial_like
16.67,975,ambiguous
16.67,976,epithelial_like
16.67,977,intermediate_plastic
16.67,978,intermediate_plastic
16.67,979,intermediate_plastic
16.67,980,epithelial_like
16.67,981,intermediate_plastic
16.67,982,epithelial_like
16.67,983,intermediate_plastic
16.67,984,epithelial_like
16.67,985,ambiguous
16.67,986,intermediate_plastic
16.67,987,ambiguous
16.67,988,epithelial_like
16.67,989,ambiguous
16.67,990,epithelial_like
16.67,991,epithelial_like
16.67,992,epithelial_like
16.67,993,ambiguous
16.67,994,epithelial_like
16.67,995,ambiguous
16.67,996,ambiguous
16.67,997,epithelial_like
16.67,998,epithelial_like
16.67,999,intermediate_plastic
16.67,1000,ambiguous
16.67,1001,epithelial_like
16.67,1002,epithelial_like
16.67,1003,intermediate_plastic
16.67,1004,epithelial_like
16.67,1005,epithelial_like
16.67,1006,ambiguous
16.67,1007,epithelial_like
16.67,1008,epithelial_like
16.67,1009,epithelial_like
16.67,1010,ambiguous
16.67,1011,intermediate_plastic
16.67,1012,epithelial_like
16.67,1013,epithelial_like
16.67,1014,epithelial_like
16.67,1015,epithelial_like
16.67,1016,epithelial_like
16.67,1017,ambiguous
16.67,1018,intermediate_plastic
16.67,1019,epithelial_like
16.67,1020,ambiguous
16.67,1021,epithelial_like
16.67,1022,epithelial_like
16.67,1023,ambiguous
16.67,1024,epithelial_like
16.67,1025,ambiguous
16.67,1026,epithelial_like
16.67,1027,epithelial_like
16.67,1028,epithelial_like
16.67,1029,ambiguous
16.67,1030,intermediate_plastic
16.67,1031,epithelial_like
16.67,1032,intermediate_plastic
16.67,1033,intermediate_plastic
16.67,1034,epithelial_like
16.67,1035,epithelial_like
16.67,1036,epithelial_like
16.67,1037,epithelial_like
16.67,1038,epithelial_like
16.67,1039,epithelial_like
16.67,1040,epithelial_like
16.67,1041,epithelial_like
16.67,1042,ambiguous
16.67,1043,intermediate_plastic
16.67,1044,epithelial_like
16.67,1045,epithelial_like
16.67,1046,intermediate_plastic
16.67,1047,epithelial_like
16.67,1048,epithelial_like
16.67,1049,ambiguous
16.67,1050,ambiguous
16.67,1051,epithelial_like
16.67,1052,epithelial_like
16.67,1053,epithelial_like
16.67,1054,ambiguous
16.67,1055,intermediate_plastic
16.67,1056,epithelial_like
16.67,1057,epithelial_like
16.67,1058,epithelial_like
16.67,1059,ambiguous
16.67,1060,ambiguous
16.67,1061,ambiguous
16.67,1062,epithelial_like
16.67,1063,epithelial_like
16.67,1064,ambiguous
16.67,1065,intermediate_plastic
16.67,1066,epithelial_like
16.67,1067,epithelial_like
16.67,1068,epithelial_like
16.67,1069,epithelial_like
16.67,1070,epithelial_like
16.67,1071,epithelial_like
16.67,1072,epithelial_like
16.67,1073,ambiguous
16.67,1074,epithelial_like
16.67,1075,intermediate_plastic
16.67,1076,ambiguous
16.67,1077,intermediate_plastic
16.67,1078,epithelial_like
16.67,1079,epithelial_like
16.67,1080,epithelial_like
16.67,1081,ambiguous
16.67,1082,epithelial_like
16.67,1083,ambiguous
16.67,1084,epithelial_like
16.67,1085,epithelial_like
16.67,1086,ambiguous
16.67,1087,ambiguous
16.67,1088,epithelial_like
16.67,1089,epithelial_like
16.67,1090,epithelial_like
16.67,1091,ambiguous
16.67,1092,epithelial_like
16.67,1093,ambiguous
16.67,1094,ambiguous
16.67,1095,epithelial_like
16.67,1096,epithelial_like
16.67,1097,epithelial_like
16.67,1098,epithelial_like
16.67,1099,epithelial_like
16.67,1100,epithelial_like
16.67,1101,ambiguous
16.67,1102,ambiguous
16.67,1103,hADSCs
16.67,1104,epithelial_like
16.67,1105,intermediate_plastic
16.67,1106,epithelial_like
16.67,1107,epithelial_like
16.67,1108,epithelial_like
16.67,1109,epithelial_like
16.67,1110,intermediate_plastic
16.67,1111,epithelial_like
16.67,1112,epithelial_like
16.67,1113,ambiguous
16.67,1114,ambiguous
16.67,1115,intermediate_plastic
16.67,1116,epithelial_like
16.67,1117,intermediate_plastic
16.67,1118,epithelial_like
16.67,1119,epithelial_like
16.67,1120,ambiguous
16.67,1121,intermediate_plastic
16.67,1122,intermediate_plastic
16.67,1123,intermediate_plastic
16.67,1124,intermediate_plastic
16.67,1125,epithelial_like
16.67,1126,ambiguous
16.67,1127,epithelial_like
16.67,1128,epithelial_like
16.67,1129,epithelial_like
16.67,1130,epithelial_like
16.67,1131,ambiguous
16.67,1132,ambiguous
16.67,1133,epithelial_like
16.67,1134,intermediate_plastic
16.67,1135,epithelial_like
16.67,1136,epithelial_like
16.67,1137,intermediate_plastic
16.67,1138,ambiguous
16.67,1139,ambiguous
16.67,1140,epithelial_like
16.67,1141,epithelial_like
16.67,1142,epithelial_like
16.67,1143,epithelial_like
16.67,1144,epithelial_like
16.67,1145,intermediate_plastic
16.67,1146,epithelial_like
16.67,1147,ambiguous
16.67,1148,epithelial_like
16.67,1149,epithelial_like
16.67,1150,ambiguous
16.67,1151,epithelial_like
16.67,1152,epithelial_like
16.67,1153,epithelial_like
16.67,1154,epithelial_like
16.67,1155,epithelial_like
16.67,1156,epithelial_like
16.67,1157,epithelial_like
16.67,1158,epithelial_like
16.67,1159,ambiguous
16.67,1160,ambiguous
16.67,1161,epithelial_like
16.67,1162,ambiguous
16.67,1163,epithelial_like
16.67,1164,intermediate_plastic
16.67,1165,epithelial_like
16.67,1166,ambiguous
16.67,1167,intermediate_plastic
16.67,1168,intermediate_plastic
16.67,1169,intermediate_plastic
16.67,1170,epithelial_like
16.67,1171,epithelial_like
16.67,1172,epithelial_like
16.67,1173,ambiguous
16.67,1174,ambiguous
16.67,1175,intermediate_plastic
16.67,1176,epithelial_like
16.67,1177,epithelial_like
16.67,1178,epithelial_like
16.67,1179,epithelial_like
16.67,1180,epithelial_like
16.67,1181,epithelial_like
16.67,1182,epithelial_like
16.67,1183,epithelial_like
16.67,1184,epithelial_like
16.67,1185,ambiguous
16.67,1186,epithelial_like
16.67,1187,ambiguous
16.67,1188,epithelial_like
16.67,1189,ambiguous
16.67,1190,intermediate_plastic
16.67,1191,epithelial_like
16.67,1192,epithelial_like
16.67,1193,intermediate_plastic
16.67,1194,epithelial_like
16.67,1195,ambiguous
16.67,1196,epithelial_like
16.67,1197,epithelial_like
16.67,1198,epithelial_like
16.67,1199,intermediate_plastic
16.67,1200,epithelial_like
16.67,1201,intermediate_plastic
16.67,1202,intermediate_plastic
16.67,1203,intermediate_plastic
16.67,1204,epithelial_like
16.67,1205,epithelial_like
16.67,1206,epithelial_like
16.67,1207,epithelial_like
16.67,1208,epithelial_like
16.67,1209,epithelial_like
16.67,1210,epithelial_like
16.67,1211,ambiguous
16.67,1212,intermediate_plastic
16.67,1213,intermediate_plastic
16.67,1214,epithelial_like
16.67,1215,intermediate_plastic
16.67,1216,ambiguous
16.67,1217,ambiguous
16.67,1218,intermediate_plastic
16.67,1219,intermediate_plastic
16.67,1220,epithelial_like
16.67,1221,epithelial_like
16.67,1222,ambiguous
16.67,1223,epithelial_like
16.67,1224,epithelial_like
16.67,1225,epithelial_like
16.67,1226,ambiguous
16.67,1227,intermediate_plastic
16.67,1228,epithelial_like
16.67,1229,epithelial_like
16.67,1230,intermediate_plastic
16.67,1231,epithelial_like
16.67,1232,ambiguous
16.67,1233,epithelial_like
16.67,1234,intermediate_plastic
16.67,1235,epithelial_like
16.67,1236,ambiguous
16.67,1237,epithelial_like
16.67,1238,epithelial_like
16.67,1239,epithelial_like
16.67,1240,ambiguous
16.67,1241,ambiguous
16.67,1242,ambiguous
16.67,1243,intermediate_plastic
16.67,1244,epithelial_like
16.67,1245,epithelial_like
16.67,1246,epithelial_like
16.67,1247,ambiguous
16.67,1248,ambiguous
16.67,1249,epithelial_like
16.67,1250,intermediate_plastic
16.67,1251,epithelial_like
16.67,1252,epithelial_like
16.67,1253,epithelial_like
16.67,1254,ambiguous
16.67,1255,epithelial_like
16.67,1256,epithelial_like
16.67,1257,epithelial_like
16.67,1258,ambiguous
16.67,1259,ambiguous
16.67,1260,intermediate_plastic
16.67,1261,epithelial_like
16.67,1262,epithelial_like
16.67,1263,epithelial_like
16.67,1264,ambiguous
16.67,1265,ambiguous
16.67,1266,intermediate_plastic
16.67,1267,intermediate_plastic
16.67,1268,ambiguous
16.67,1269,epithelial_like
16.67,1270,intermediate_plastic
16.67,1271,intermediate_plastic
16.67,1272,epithelial_like
16.67,1273,epithelial_like
16.67,1274,epithelial_like
16.67,1275,epithelial_like
16.67,1276,intermediate_plastic
16.67,1277,intermediate_plastic
16.67,1278,epithelial_like
16.67,1279,ambiguous
16.67,1280,ambiguous
16.67,1281,epithelial_like
16.67,1282,ambiguous
16.67,1283,intermediate_plastic
16.67,1284,epithelial_like
16.67,1285,ambiguous
16.67,1286,epithelial_like
16.67,1287,epithelial_like
16.67,1288,epithelial_like
16.67,1289,intermediate_plastic
16.67,1290,ambiguous
16.67,1291,epithelial_like
16.67,1292,intermediate_plastic
16.67,1293,intermediate_plastic
16.67,1294,epithelial_like
16.67,1295,ambiguous
16.67,1296,epithelial_like
16.67,1297,epithelial_like
16.67,1298,epithelial_like
16.67,1299,epithelial_like
16.67,1300,epithelial_like
16.67,1301,epithelial_like
16.67,1302,epithelial_like
16.67,1303,ambiguous
16.67,1304,epithelial_like
16.67,1305,epithelial_like
16.67,1306,intermediate_plastic
16.67,1307,ambiguous
16.67,1308,ambiguous
16.67,1309,ambiguous
16.67,1310,epithelial_like
16.67,1311,ambiguous
16.67,1312,epithelial_like
16.67,1313,ambiguous
16.67,1314,intermediate_plastic
16.67,1315,ambiguous
16.67,1316,epithelial_like
16.67,1317,epithelial_like
16.67,1318,ambiguous
16.67,1319,intermediate_plastic
16.67,1320,epithelial_like
16.67,1321,epithelial_like
16.67,1322,epithelial_like
16.67,1323,ambiguous
16.67,1324,ambiguous
16.67,1325,ambiguous
16.67,1326,epithelial_like
16.67,1327,ambiguous
16.67,1328,epithelial_like
16.67,1329,ambiguous
16.67,1330,epithelial_like
16.67,1331,epithelial_like
16.67,1332,ambiguous
16.67,1333,ambiguous
16.67,1334,epithelial_like
16.67,1335,epithelial_like
16.67,1336,ambiguous
16.67,1337,intermediate_plastic
16.67,1338,epithelial_like
16.67,1339,epithelial_like
16.67,1340,epithelial_like
16.67,1341,epithelial_like
16.67,1342,ambiguous
16.67,1343,epithelial_like
16.67,1344,epithelial_like
16.67,1345,epithelial_like
16.67,1346,intermediate_plastic
16.67,1347,ambiguous
16.67,1348,epithelial_like
16.67,1349,epithelial_like
16.67,1350,intermediate_plastic
16.67,1351,intermediate_plastic
16.67,1352,epithelial_like
16.67,1353,epithelial_like
16.67,1354,epithelial_like
16.67,1355,ambiguous
16.67,1356,epithelial_like
16.67,1357,intermediate_plastic
16.67,1358,epithelial_like
16.67,1359,epithelial_like
16.67,1360,epithelial_like
16.67,1361,intermediate_plastic
16.67,1362,intermediate_plastic
16.67,1363,epithelial_like
16.67,1364,epithelial_like
16.67,1365,epithelial_like
16.67,1366,epithelial_like
16.67,1367,epithelial_like
16.67,1368,ambiguous
16.67,1369,epithelial_like
16.67,1370,epithelial_like
16.67,1371,ambiguous
16.67,1372,ambiguous
16.67,1373,ambiguous
16.67,1374,epithelial_like
16.67,1375,epithelial_like
16.67,1376,ambiguous
16.67,1377,intermediate_plastic
16.67,1378,epithelial_like
16.67,1379,ambiguous
16.67,1380,intermediate_plastic
16.67,1381,intermediate_plastic
16.67,1382,epithelial_like
16.67,1383,ambiguous
16.67,1384,epithelial_like
16.67,1385,ambiguous
16.67,1386,epithelial_like
16.67,1387,ambiguous
16.67,1388,ambiguous
16.67,1389,intermediate_plastic
16.67,1390,epithelial_like
16.67,1391,ambiguous
16.67,1392,intermediate_plastic
16.67,1393,ambiguous
16.67,1394,epithelial_like
16.67,1395,ambiguous
16.67,1396,ambiguous
16.67,1397,epithelial_like
16.67,1398,epithelial_like
16.67,1399,epithelial_like
16.67,1400,epithelial_like
16.67,1401,epithelial_like
16.67,1402,intermediate_plastic
16.67,1403,intermediate_plastic
16.67,1404,epithelial_like
16.67,1405,intermediate_plastic
16.67,1406,epithelial_like
16.67,1407,intermediate_plastic
16.67,1408,epithelial_like
16.67,1409,hADSCs
16.67,1410,ambiguous
16.67,1411,ambiguous
16.67,1412,epithelial_like
16.67,1413,epithelial_like
16.67,1414,ambiguous
16.67,1415,intermediate_plastic
16.67,1416,epithelial_like
16.67,1417,epithelial_like
16.67,1418,epithelial_like
16.67,1419,intermediate_plastic
16.67,1420,epithelial_like
16.67,1421,intermediate_plastic
16.67,1422,epithelial_like
16.67,1423,ambiguous
16.67,1424,intermediate_plastic
16.67,1425,epithelial_like
16.67,1426,ambiguous
16.67,1427,epithelial_like
16.67,1428,ambiguous
16.67,1429,epithelial_like
16.67,1430,epithelial_like
16.67,1431,ambiguous
16.67,1432,ambiguous
16.67,1433,intermediate_plastic
16.67,1434,epithelial_like
16.67,1435,epithelial_like
16.67,1436,ambiguous
16.67,1437,epithelial_like
16.67,1438,epithelial_like
16.67,1439,epithelial_like
16.67,1440,epithelial_like
16.67,1441,intermediate_plastic
16.67,1442,epithelial_like
16.67,1443,epithelial_like
16.67,1444,epithelial_like
16.67,1445,intermediate_plastic
16.67,1446,epithelial_like
16.67,1447,ambiguous
16.67,1448,epithelial_like
16.67,1449,intermediate_plastic
16.67,1450,epithelial_like
16.67,1451,intermediate_plastic
16.67,1452,intermediate_plastic
16.67,1453,ambiguous
16.67,1454,epithelial_like
16.67,1455,intermediate_plastic
16.67,1456,epithelial_like
16.67,1457,epithelial_like
16.67,1458,intermediate_plastic
16.67,1459,epithelial_like
16.67,1460,intermediate_plastic
16.67,1461,ambiguous
16.67,1462,epithelial_like
16.67,1463,epithelial_like
16.67,1464,ambiguous
16.67,1465,epithelial_like
16.67,1466,epithelial_like
16.67,1467,epithelial_like
16.67,1468,epithelial_like
16.67,1469,intermediate_plastic
16.67,1470,ambiguous
16.67,1471,epithelial_like
16.67,1472,ambiguous
16.67,1473,epithelial_like
16.67,1474,ambiguous
16.67,1475,epithelial_like
16.67,1476,epithelial_like
16.67,1477,intermediate_plastic
16.67,1478,epithelial_like
16.67,1479,epithelial_like
16.67,1480,epithelial_like
16.67,1481,epithelial_like
16.67,1482,epithelial_like
16.67,1483,epithelial_like
16.67,1484,epithelial_like
16.67,1485,epithelial_like
16.67,1486,ambiguous
16.67,1487,intermediate_plastic
16.67,1488,epithelial_like
16.67,1489,epithelial_like
16.67,1490,epithelial_like
16.67,1491,ambiguous
16.67,1492,ambiguous
16.67,1493,epithelial_like
16.67,1494,epithelial_like
16.67,1495,epithelial_like
16.67,1496,epithelial_like
16.67,1497,epithelial_like
16.67,1498,epithelial_like
16.67,1499,ambiguous
16.67,1500,epithelial_like
16.67,1501,epithelial_like
16.67,1502,ambiguous
16.67,1503,epithelial_like
16.67,1504,ambiguous
16.67,1505,ambiguous
16.67,1506,ambiguous
16.67,1507,epithelial_like
16.67,1508,ambiguous
16.67,1509,epithelial_like
16.67,1510,ambiguous
16.67,1511,ambiguous
16.67,1512,ambiguous
16.67,1513,ambiguous
16.67,1514,epithelial_like
16.67,1515,epithelial_like
16.67,1516,epithelial_like
16.67,1517,epithelial_like
16.67,1518,epithelial_like
16.67,1519,epithelial_like
16.67,1520,epithelial_like
16.67,1521,ambiguous
16.67,1522,ambiguous
16.67,1523,epithelial_like
16.67,1524,ambiguous
16.67,1525,epithelial_like
16.67,1526,epithelial_like
16.67,1527,epithelial_like
16.67,1528,epithelial_like
16.67,1529,ambiguous
16.67,1530,epithelial_like
16.67,1531,epithelial_like
16.67,1532,ambiguous
16.67,1533,ambiguous
16.67,1534,intermediate_plastic
16.67,1535,epithelial_like
16.67,1536,intermediate_plastic
16.67,1537,intermediate_plastic
16.67,1538,epithelial_like
16.67,1539,epithelial_like
16.67,1540,epithelial_like
16.67,1541,ambiguous
16.67,1542,intermediate_plastic
16.67,1543,ambiguous
16.67,1544,epithelial_like
16.67,1545,epithelial_like
16.67,1546,epithelial_like
16.67,1547,intermediate_plastic
16.67,1548,intermediate_plastic
16.67,1549,epithelial_like
16.67,1550,ambiguous
16.67,1551,epithelial_like
16.67,1552,epithelial_like
16.67,1553,epithelial_like
16.67,1554,ambiguous
16.67,1555,epithelial_like
16.67,1556,epithelial_like
16.67,1557,ambiguous
16.67,1558,epithelial_like
16.67,1559,epithelial_like
16.67,1560,ambiguous
16.67,1561,intermediate_plastic
16.67,1562,epithelial_like
16.67,1563,epithelial_like
16.67,1564,ambiguous
16.67,1565,epithelial_like
16.67,1566,ambiguous
16.67,1567,epithelial_like
16.67,1568,epithelial_like
16.67,1569,intermediate_plastic
16.67,1570,epithelial_like
16.67,1571,intermediate_plastic
16.67,1572,epithelial_like
16.67,1573,epithelial_like
16.67,1574,ambiguous
16.67,1575,epithelial_like
16.67,1576,ambiguous
16.67,1577,epithelial_like
16.67,1578,intermediate_plastic
16.67,1579,intermediate_plastic
16.67,1580,epithelial_like
16.67,1581,ambiguous
16.67,1582,epithelial_like
16.67,1583,epithelial_like
16.67,1584,epithelial_like
16.67,1585,intermediate_plastic
16.67,1586,epithelial_like
16.67,1587,epithelial_like
16.67,1588,ambiguous
16.67,1589,epithelial_like
16.67,1590,epithelial_like
16.67,1591,ambiguous
16.67,1592,epithelial_like
16.67,1593,epithelial_like
16.67,1594,intermediate_plastic
16.67,1595,intermediate_plastic
16.67,1596,intermediate_plastic
16.67,1597,intermediate_plastic
16.67,1598,epithelial_like
16.67,1599,ambiguous
16.67,1600,intermediate_plastic
16.67,1601,epithelial_like
16.67,1602,epithelial_like
16.67,1603,ambiguous
16.67,1604,epithelial_like
16.67,1605,epithelial_like
16.67,1606,epithelial_like
16.67,1607,ambiguous
16.67,1608,intermediate_plastic
16.67,1609,epithelial_like
16.67,1610,epithelial_like
16.67,1611,ambiguous
16.67,1612,epithelial_like
16.67,1613,epithelial_like
16.67,1614,epithelial_like
16.67,1615,hADSCs
16.67,1616,epithelial_like
16.67,1617,ambiguous
16.67,1618,ambiguous
16.67,1619,epithelial_like
16.67,1620,epithelial_like
16.67,1621,ambiguous
16.67,1622,epithelial_like
16.67,1623,epithelial_like
16.67,1624,epithelial_like
16.67,1625,ambiguous
16.67,1626,intermediate_plastic
16.67,1627,intermediate_plastic
16.67,1628,ambiguous
16.67,1629,intermediate_plastic
16.67,1630,ambiguous
16.67,1631,intermediate_plastic
16.67,1632,intermediate_plastic
16.67,1633,intermediate_plastic
16.67,1634,epithelial_like
16.67,1635,epithelial_like
16.67,1636,epithelial_like
16.67,1637,epithelial_like
16.67,1638,ambiguous
16.67,1639,epithelial_like
16.67,1640,intermediate_plastic
16.67,1641,intermediate_plastic
16.67,1642,epithelial_like
16.67,1643,epithelial_like
16.67,1644,intermediate_plastic
16.67,1645,ambiguous
16.67,1646,epithelial_like
16.67,1647,ambiguous
16.67,1648,epithelial_like
16.67,1649,epithelial_like
16.67,1650,ambiguous
16.67,1651,intermediate_plastic
16.67,1652,intermediate_plastic
16.67,1653,ambiguous
16.67,1654,epithelial_like
16.67,1655,intermediate_plastic
16.67,1656,epithelial_like
16.67,1657,ambiguous
16.67,1658,ambiguous
16.67,1659,intermediate_plastic
16.67,1660,ambiguous
16.67,1661,ambiguous
16.67,1662,intermediate_plastic
16.67,1663,epithelial_like
16.67,1664,epithelial_like
16.67,1665,epithelial_like
16.67,1666,ambiguous
16.67,1667,epithelial_like
16.67,1668,intermediate_plastic
16.67,1669,epithelial_like
16.67,1670,intermediate_plastic
16.67,1671,intermediate_plastic
16.67,1672,epithelial_like
16.67,1673,ambiguous
16.67,1674,epithelial_like
16.67,1675,intermediate_plastic
16.67,1676,epithelial_like
16.67,1677,ambiguous
16.67,1678,ambiguous
16.67,1679,ambiguous
16.67,1680,intermediate_plastic
16.67,1681,ambiguous
16.67,1682,ambiguous
16.67,1683,epithelial_like
16.67,1684,intermediate_plastic
16.67,1685,ambiguous
16.67,1686,intermediate_plastic
16.67,1687,epithelial_like
16.67,1688,epithelial_like
16.67,1689,ambiguous
16.67,1690,epithelial_like
16.67,1691,intermediate_plastic
16.67,1692,epithelial_like
16.67,1693,epithelial_like
16.67,1694,epithelial_like
16.67,1695,epithelial_like
16.67,1696,ambiguous
16.67,1697,epithelial_like
16.67,1698,epithelial_like
16.67,1699,ambiguous
16.67,1700,epithelial_like
16.67,1701,epithelial_like
16.67,1702,ambiguous
16.67,1703,epithelial_like
16.67,1704,epithelial_like
16.67,1705,ambiguous
16.67,1706,epithelial_like
16.67,1707,intermediate_plastic
16.67,1708,ambiguous
16.67,1709,intermediate_plastic
16.67,1710,epithelial_like
16.67,1711,ambiguous
16.67,1712,intermediate_plastic
16.67,1713,epithelial_like
16.67,1714,epithelial_like
16.67,1715,ambiguous
16.67,1716,ambiguous
16.67,1717,intermediate_plastic
16.67,1718,ambiguous
16.67,1719,epithelial_like
16.67,1720,epithelial_like
16.67,1721,ambiguous
16.67,1722,ambiguous
16.67,1723,intermediate_plastic
16.67,1724,epithelial_like
16.67,1725,epithelial_like
16.67,1726,intermediate_plastic
16.67,1727,ambiguous
16.67,1728,ambiguous
16.67,1729,epithelial_like
16.67,1730,ambiguous
16.67,1731,epithelial_like
16.67,1732,epithelial_like
16.67,1733,intermediate_plastic
16.67,1734,intermediate_plastic
16.67,1735,ambiguous
16.67,1736,intermediate_plastic
16.67,1737,ambiguous
16.67,1738,epithelial_like
16.67,1739,intermediate_plastic
16.67,1740,epithelial_like
16.67,1741,epithelial_like
16.67,1742,epithelial_like
16.67,1743,epithelial_like
16.67,1744,epithelial_like
16.67,1745,epithelial_like
16.67,1746,epithelial_like
16.67,1747,epithelial_like
16.67,1748,epithelial_like
16.67,1749,epithelial_like
16.67,1750,epithelial_like
16.67,1751,ambiguous
16.67,1752,epithelial_like
16.67,1753,epithelial_like
16.67,1754,ambiguous
16.67,1755,intermediate_plastic
16.67,1756,intermediate_plastic
16.67,1757,intermediate_plastic
16.67,1758,ambiguous
16.67,1759,ambiguous
16.67,1760,intermediate_plastic
16.67,1761,epithelial_like
16.67,1762,intermediate_plastic
16.67,1763,epithelial_like
16.67,1764,intermediate_plastic
16.67,1765,ambiguous
16.67,1766,epithelial_like
16.67,1767,epithelial_like
16.67,1768,intermediate_plastic
16.67,1769,ambiguous
16.67,1770,intermediate_plastic
16.67,1771,epithelial_like
16.67,1772,ambiguous
16.67,1773,ambiguous
16.67,1774,epithelial_like
16.67,1775,epithelial_like
16.67,1776,epithelial_like
16.67,1777,intermediate_plastic
16.67,1778,ambiguous
16.67,1779,epithelial_like
16.67,1780,epithelial_like
16.67,1781,epithelial_like
16.67,1782,epithelial_like
16.67,1783,epithelial_like
16.67,1784,ambiguous
16.67,1785,epithelial_like
16.67,1786,ambiguous
16.67,1787,intermediate_plastic
16.67,1788,epithelial_like
16.67,1789,epithelial_like
16.67,1790,epithelial_like
16.67,1791,intermediate_plastic
16.67,1792,ambiguous
16.67,1793,epithelial_like
16.67,1794,epithelial_like
16.67,1795,epithelial_like
16.67,1796,intermediate_plastic
16.67,1797,ambiguous
16.67,1798,epithelial_like
16.67,1799,epithelial_like
16.67,1800,ambiguous
16.67,1801,intermediate_plastic
16.67,1802,intermediate_plastic
16.67,1803,intermediate_plastic
16.67,1804,epithelial_like
16.67,1805,epithelial_like
16.67,1806,epithelial_like
16.67,1807,intermediate_plastic
16.67,1808,intermediate_plastic
16.67,1809,epithelial_like
16.67,1810,epithelial_like
16.67,1811,ambiguous
16.67,1812,intermediate_plastic
16.67,1813,ambiguous
16.67,1814,epithelial_like
16.67,1815,ambiguous
16.67,1816,epithelial_like
16.67,1817,epithelial_like
16.67,1818,epithelial_like
16.67,1819,ambiguous
16.67,1820,intermediate_plastic
16.67,1821,ambiguous
16.67,1822,ambiguous
16.67,1823,epithelial_like
16.67,1824,epithelial_like
16.67,1825,epithelial_like
16.67,1826,epithelial_like
16.67,1827,ambiguous
16.67,1828,epithelial_like
16.67,1829,ambiguous
16.67,1830,intermediate_plastic
16.67,1831,epithelial_like
16.67,1832,ambiguous
16.67,1833,ambiguous
16.67,1834,ambiguous
16.67,1835,intermediate_plastic
16.67,1836,epithelial_like
16.67,1837,intermediate_plastic
16.67,1838,intermediate_plastic
16.67,1839,ambiguous
16.67,1840,epithelial_like
16.67,1841,epithelial_like
16.67,1842,epithelial_like
16.67,1843,ambiguous
16.67,1844,epithelial_like
16.67,1845,ambiguous
16.67,1846,epithelial_like
16.67,1847,epithelial_like
16.67,1848,epithelial_like
16.67,1849,ambiguous
16.67,1850,intermediate_plastic
16.67,1851,epithelial_like
16.67,1852,epithelial_like
16.67,1853,epithelial_like
16.67,1854,intermediate_plastic
16.67,1855,epithelial_like
16.67,1856,epithelial_like
16.67,1857,epithelial_like
16.67,1858,ambiguous
16.67,1859,epithelial_like
16.67,1860,epithelial_like
16.67,1861,epithelial_like
16.67,1862,epithelial_like
16.67,1863,ambiguous
16.67,1864,epithelial_like
16.67,1865,epithelial_like
16.67,1866,epithelial_like
16.67,1867,epithelial_like
16.67,1868,ambiguous
16.67,1869,ambiguous
16.67,1870,epithelial_like
16.67,1871,intermediate_plastic
16.67,1872,ambiguous
16.67,1873,epithelial_like
16.67,1874,epithelial_like
16.67,1875,epithelial_like
16.67,1876,intermediate_plastic
16.67,1877,epithelial_like
16.67,1878,intermediate_plastic
16.67,1879,epithelial_like
16.67,1880,ambiguous
16.67,1881,epithelial_like
16.67,1882,intermediate_plastic
16.67,1883,epithelial_like
16.67,1884,epithelial_like
16.67,1885,intermediate_plastic
16.67,1886,epithelial_like
16.67,1887,ambiguous
16.67,1888,epithelial_like
16.67,1889,epithelial_like
16.67,1890,epithelial_like
16.67,1891,epithelial_like
16.67,1892,epithelial_like
16.67,1893,intermediate_plastic
16.67,1894,epithelial_like
16.67,1895,epithelial_like
16.67,1896,epithelial_like
16.67,1897,intermediate_plastic
16.67,1898,intermediate_plastic
16.67,1899,epithelial_like
16.67,1900,epithelial_like
16.67,1901,epithelial_like
16.67,1902,epithelial_like
16.67,1903,epithelial_like
16.67,1904,epithelial_like
16.67,1905,epithelial_like
16.67,1906,epithelial_like
16.67,1907,epithelial_like
16.67,1908,epithelial_like
16.67,1909,epithelial_like
16.67,1910,intermediate_plastic
16.67,1911,epithelial_like
16.67,1912,epithelial_like
16.67,1913,epithelial_like
16.67,1914,ambiguous
16.67,1915,epithelial_like
16.67,1916,intermediate_plastic
16.67,1917,intermediate_plastic
16.67,1918,epithelial_like
16.67,1919,epithelial_like
16.67,1920,epithelial_like
16.67,1921,epithelial_like
16.67,1922,epithelial_like
16.67,1923,epithelial_like
16.67,1924,ambiguous
16.67,1925,epithelial_like
16.67,1926,intermediate_plastic
16.67,1927,ambiguous
16.67,1928,epithelial_like
16.67,1929,intermediate_plastic
16.67,1930,epithelial_like
16.67,1931,intermediate_plastic
16.67,1932,epithelial_like
16.67,1933,epithelial_like
16.67,1934,epithelial_like
16.67,1935,epithelial_like
16.67,1936,epithelial_like
16.67,1937,epithelial_like
16.67,1938,intermediate_plastic
16.67,1939,epithelial_like
16.67,1940,epithelial_like
16.67,1941,epithelial_like
16.67,1942,epithelial_like
16.67,1943,intermediate_plastic
16.67,1944,ambiguous
16.67,1945,intermediate_plastic
16.67,1946,epithelial_like
16.67,1947,intermediate_plastic
16.67,1948,epithelial_like
16.67,1949,ambiguous
16.67,1950,epithelial_like
16.67,1951,intermediate_plastic
16.67,1952,intermediate_plastic
16.67,1953,epithelial_like
16.67,1954,epithelial_like
16.67,1955,intermediate_plastic
16.67,1956,ambiguous
16.67,1957,intermediate_plastic
16.67,1958,epithelial_like
16.67,1959,intermediate_plastic
16.67,1960,ambiguous
16.67,1961,epithelial_like
16.67,1962,intermediate_plastic
16.67,1963,epithelial_like
16.67,1964,epithelial_like
16.67,1965,epithelial_like
16.67,1966,ambiguous
16.67,1967,epithelial_like
16.67,1968,intermediate_plastic
16.67,1969,ambiguous
16.67,1970,epithelial_like
16.67,1971,epithelial_like
16.67,1972,intermediate_plastic
16.67,1973,epithelial_like
16.67,1974,ambiguous
16.67,1975,epithelial_like
16.67,1976,intermediate_plastic
16.67,1977,epithelial_like
16.67,1978,epithelial_like
16.67,1979,epithelial_like
16.67,1980,intermediate_plastic
16.67,1981,ambiguous
16.67,1982,intermediate_plastic
16.67,1983,intermediate_plastic
16.67,1984,ambiguous
16.67,1985,epithelial_like
16.67,1986,intermediate_plastic
16.67,1987,epithelial_like
16.67,1988,intermediate_plastic
16.67,1989,intermediate_plastic
16.67,1990,epithelial_like
16.67,1991,epithelial_like
16.67,1992,epithelial_like
16.67,1993,ambiguous
16.67,1994,epithelial_like
16.67,1995,epithelial_like
16.67,1996,epithelial_like
16.67,1997,epithelial_like
16.67,1998,epithelial_like
16.67,1999,epithelial_like
17.0,0,epithelial_like
17.0,1,epithelial_like
17.0,2,intermediate_plastic
17.0,3,ambiguous
17.0,4,epithelial_like
17.0,5,ambiguous
17.0,6,ambiguous
17.0,7,epithelial_like
17.0,8,epithelial_like
17.0,9,epithelial_like
17.0,10,epithelial_like
17.0,11,intermediate_plastic
17.0,12,ambiguous
17.0,13,ambiguous
17.0,14,epithelial_like
17.0,15,epithelial_like
17.0,16,intermediate_plastic
17.0,17,ambiguous
17.0,18,intermediate_plastic
17.0,19,intermediate_plastic
17.0,20,epithelial_like
17.0,21,epithelial_like
17.0,22,epithelial_like
17.0,23,ambiguous
17.0,24,intermediate_plastic
17.0,25,ambiguous
17.0,26,epithelial_like
17.0,27,ambiguous
17.0,28,epithelial_like
17.0,29,intermediate_plastic
17.0,30,epithelial_like
17.0,31,ambiguous
17.0,32,ambiguous
17.0,33,ambiguous
17.0,34,epithelial_like
17.0,35,intermediate_plastic
17.0,36,intermediate_plastic
17.0,37,ambiguous
17.0,38,ambiguous
17.0,39,epithelial_like
17.0,40,intermediate_plastic
17.0,41,epithelial_like
17.0,42,epithelial_like
17.0,43,epithelial_like
17.0,44,epithelial_like
17.0,45,epithelial_like
17.0,46,epithelial_like
17.0,47,ambiguous
17.0,48,ambiguous
17.0,49,epithelial_like
17.0,50,epithelial_like
17.0,51,intermediate_plastic
17.0,52,intermediate_plastic
17.0,53,epithelial_like
17.0,54,epithelial_like
17.0,55,epithelial_like
17.0,56,epithelial_like
17.0,57,intermediate_plastic
17.0,58,epithelial_like
17.0,59,ambiguous
17.0,60,epithelial_like
17.0,61,epithelial_like
17.0,62,epithelial_like
17.0,63,epithelial_like
17.0,64,epithelial_like
17.0,65,intermediate_plastic
17.0,66,epithelial_like
17.0,67,intermediate_plastic
17.0,68,epithelial_like
17.0,69,ambiguous
17.0,70,epithelial_like
17.0,71,intermediate_plastic
17.0,72,epithelial_like
17.0,73,ambiguous
17.0,74,ambiguous
17.0,75,ambiguous
17.0,76,ambiguous
17.0,77,ambiguous
17.0,78,epithelial_like
17.0,79,epithelial_like
17.0,80,epithelial_like
17.0,81,epithelial_like
17.0,82,epithelial_like
17.0,83,ambiguous
17.0,84,ambiguous
17.0,85,epithelial_like
17.0,86,epithelial_like
17.0,87,epithelial_like
17.0,88,epithelial_like
17.0,89,epithelial_like
17.0,90,epithelial_like
17.0,91,epithelial_like
17.0,92,epithelial_like
17.0,93,ambiguous
17.0,94,intermediate_plastic
17.0,95,ambiguous
17.0,96,ambiguous
17.0,97,epithelial_like
17.0,98,epithelial_like
17.0,99,intermediate_plastic
17.0,100,epithelial_like
17.0,101,ambiguous
17.0,102,epithelial_like
17.0,103,intermediate_plastic
17.0,104,epithelial_like
17.0,105,ambiguous
17.0,106,epithelial_like
17.0,107,epithelial_like
17.0,108,hADSCs
17.0,109,ambiguous
17.0,110,intermediate_plastic
17.0,111,epithelial_like
17.0,112,intermediate_plastic
17.0,113,epithelial_like
17.0,114,intermediate_plastic
17.0,115,intermediate_plastic
17.0,116,ambiguous
17.0,117,epithelial_like
17.0,118,ambiguous
17.0,119,intermediate_plastic
17.0,120,epithelial_like
17.0,121,epithelial_like
17.0,122,intermediate_plastic
17.0,123,epithelial_like
17.0,124,epithelial_like
17.0,125,epithelial_like
17.0,126,epithelial_like
17.0,127,intermediate_plastic
17.0,128,epithelial_like
17.0,129,ambiguous
17.0,130,epithelial_like
17.0,131,ambiguous
17.0,132,ambiguous
17.0,133,ambiguous
17.0,134,epithelial_like
17.0,135,epithelial_like
17.0,136,intermediate_plastic
17.0,137,intermediate_plastic
17.0,138,epithelial_like
17.0,139,intermediate_plastic
17.0,140,intermediate_plastic
17.0,141,intermediate_plastic
17.0,142,epithelial_like
17.0,143,epithelial_like
17.0,144,epithelial_like
17.0,145,ambiguous
17.0,146,epithelial_like
17.0,147,epithelial_like
17.0,148,epithelial_like
17.0,149,ambiguous
17.0,150,epithelial_like
17.0,151,epithelial_like
17.0,152,ambiguous
17.0,153,ambiguous
17.0,154,epithelial_like
17.0,155,epithelial_like
17.0,156,epithelial_like
17.0,157,epithelial_like
17.0,158,ambiguous
17.0,159,intermediate_plastic
17.0,160,intermediate_plastic
17.0,161,epithelial_like
17.0,162,intermediate_plastic
17.0,163,epithelial_like
17.0,164,intermediate_plastic
17.0,165,ambiguous
17.0,166,ambiguous
17.0,167,ambiguous
17.0,168,intermediate_plastic
17.0,169,ambiguous
17.0,170,ambiguous
17.0,171,epithelial_like
17.0,172,epithelial_like
17.0,173,epithelial_like
17.0,174,epithelial_like
17.0,175,intermediate_plastic
17.0,176,intermediate_plastic
17.0,177,intermediate_plastic
17.0,178,epithelial_like
17.0,179,intermediate_plastic
17.0,180,ambiguous
17.0,181,intermediate_plastic
17.0,182,intermediate_plastic
17.0,183,epithelial_like
17.0,184,intermediate_plastic
17.0,185,epithelial_like
17.0,186,intermediate_plastic
17.0,187,intermediate_plastic
17.0,188,intermediate_plastic
17.0,189,epithelial_like
17.0,190,epithelial_like
17.0,191,epithelial_like
17.0,192,epithelial_like
17.0,193,epithelial_like
17.0,194,intermediate_plastic
17.0,195,epithelial_like
17.0,196,ambiguous
17.0,197,ambiguous
17.0,198,epithelial_like
17.0,199,epithelial_like
17.0,200,intermediate_plastic
17.0,201,intermediate_plastic
17.0,202,epithelial_like
17.0,203,epithelial_like
17.0,204,epithelial_like
17.0,205,intermediate_plastic
17.0,206,epithelial_like
17.0,207,epithelial_like
17.0,208,epithelial_like
17.0,209,epithelial_like
17.0,210,ambiguous
17.0,211,epithelial_like
17.0,212,epithelial_like
17.0,213,ambiguous
17.0,214,ambiguous
17.0,215,epithelial_like
17.0,216,epithelial_like
17.0,217,ambiguous
17.0,218,ambiguous
17.0,219,epithelial_like
17.0,220,epithelial_like
17.0,221,intermediate_plastic
17.0,222,ambiguous
17.0,223,ambiguous
17.0,224,epithelial_like
17.0,225,epithelial_like
17.0,226,epithelial_like
17.0,227,ambiguous
17.0,228,epithelial_like
17.0,229,epithelial_like
17.0,230,intermediate_plastic
17.0,231,epithelial_like
17.0,232,ambiguous
17.0,233,hADSCs
17.0,234,ambiguous
17.0,235,epithelial_like
17.0,236,epithelial_like
17.0,237,epithelial_like
17.0,238,ambiguous
17.0,239,epithelial_like
17.0,240,intermediate_plastic
17.0,241,intermediate_plastic
17.0,242,epithelial_like
17.0,243,ambiguous
17.0,244,intermediate_plastic
17.0,245,epithelial_like
17.0,246,ambiguous
17.0,247,epithelial_like
17.0,248,intermediate_plastic
17.0,249,epithelial_like
17.0,250,ambiguous
17.0,251,epithelial_like
17.0,252,intermediate_plastic
17.0,253,ambiguous
17.0,254,epithelial_like
17.0,255,epithelial_like
17.0,256,epithelial_like
17.0,257,epithelial_like
17.0,258,ambiguous
17.0,259,intermediate_plastic
17.0,260,ambiguous
17.0,261,epithelial_like
17.0,262,intermediate_plastic
17.0,263,epithelial_like
17.0,264,epithelial_like
17.0,265,epithelial_like
17.0,266,intermediate_plastic
17.0,267,epithelial_like
17.0,268,epithelial_like
17.0,269,epithelial_like
17.0,270,intermediate_plastic
17.0,271,epithelial_like
17.0,272,intermediate_plastic
17.0,273,epithelial_like
17.0,274,intermediate_plastic
17.0,275,ambiguous
17.0,276,ambiguous
17.0,277,ambiguous
17.0,278,epithelial_like
17.0,279,ambiguous
17.0,280,intermediate_plastic
17.0,281,epithelial_like
17.0,282,ambiguous
17.0,283,epithelial_like
17.0,284,ambiguous
17.0,285,epithelial_like
17.0,286,epithelial_like
17.0,287,intermediate_plastic
17.0,288,intermediate_plastic
17.0,289,epithelial_like
17.0,290,ambiguous
17.0,291,intermediate_plastic
17.0,292,epithelial_like
17.0,293,epithelial_like
17.0,294,ambiguous
17.0,295,epithelial_like
17.0,296,epithelial_like
17.0,297,ambiguous
17.0,298,epithelial_like
17.0,299,epithelial_like
17.0,300,epithelial_like
17.0,301,epithelial_like
17.0,302,epithelial_like
17.0,303,epithelial_like
17.0,304,epithelial_like
17.0,305,epithelial_like
17.0,306,epithelial_like
17.0,307,epithelial_like
17.0,308,ambiguous
17.0,309,intermediate_plastic
17.0,310,epithelial_like
17.0,311,intermediate_plastic
17.0,312,epithelial_like
17.0,313,intermediate_plastic
17.0,314,ambiguous
17.0,315,ambiguous
17.0,316,epithelial_like
17.0,317,ambiguous
17.0,318,intermediate_plastic
17.0,319,epithelial_like
17.0,320,epithelial_like
17.0,321,epithelial_like
17.0,322,ambiguous
17.0,323,ambiguous
17.0,324,epithelial_like
17.0,325,ambiguous
17.0,326,intermediate_plastic
17.0,327,ambiguous
17.0,328,ambiguous
17.0,329,epithelial_like
17.0,330,epithelial_like
17.0,331,epithelial_like
17.0,332,intermediate_plastic
17.0,333,ambiguous
17.0,334,epithelial_like
17.0,335,epithelial_like
17.0,336,epithelial_like
17.0,337,ambiguous
17.0,338,epithelial_like
17.0,339,epithelial_like
17.0,340,ambiguous
17.0,341,epithelial_like
17.0,342,epithelial_like
17.0,343,epithelial_like
17.0,344,intermediate_plastic
17.0,345,epithelial_like
17.0,346,intermediate_plastic
17.0,347,epithelial_like
17.0,348,intermediate_plastic
17.0,349,ambiguous
17.0,350,epithelial_like
17.0,351,intermediate_plastic
17.0,352,epithelial_like
17.0,353,ambiguous
17.0,354,intermediate_plastic
17.0,355,ambiguous
17.0,356,epithelial_like
17.0,357,intermediate_plastic
17.0,358,intermediate_plastic
17.0,359,epithelial_like
17.0,360,intermediate_plastic
17.0,361,epithelial_like
17.0,362,epithelial_like
17.0,363,epithelial_like
17.0,364,ambiguous
17.0,365,intermediate_plastic
17.0,366,epithelial_like
17.0,367,epithelial_like
17.0,368,epithelial_like
17.0,369,epithelial_like
17.0,370,intermediate_plastic
17.0,371,epithelial_like
17.0,372,intermediate_plastic
17.0,373,epithelial_like
17.0,374,intermediate_plastic
17.0,375,epithelial_like
17.0,376,epithelial_like
17.0,377,epithelial_like
17.0,378,intermediate_plastic
17.0,379,epithelial_like
17.0,380,epithelial_like
17.0,381,intermediate_plastic
17.0,382,intermediate_plastic
17.0,383,epithelial_like
17.0,384,epithelial_like
17.0,385,epithelial_like
17.0,386,intermediate_plastic
17.0,387,intermediate_plastic
17.0,388,intermediate_plastic
17.0,389,epithelial_like
17.0,390,epithelial_like
17.0,391,epithelial_like
17.0,392,ambiguous
17.0,393,epithelial_like
17.0,394,ambiguous
17.0,395,epithelial_like
17.0,396,epithelial_like
17.0,397,epithelial_like
17.0,398,epithelial_like
17.0,399,epithelial_like
17.0,400,intermediate_plastic
17.0,401,intermediate_plastic
17.0,402,epithelial_like
17.0,403,intermediate_plastic
17.0,404,epithelial_like
17.0,405,ambiguous
17.0,406,epithelial_like
17.0,407,epithelial_like
17.0,408,epithelial_like
17.0,409,ambiguous
17.0,410,epithelial_like
17.0,411,epithelial_like
17.0,412,ambiguous
17.0,413,epithelial_like
17.0,414,intermediate_plastic
17.0,415,epithelial_like
17.0,416,epithelial_like
17.0,417,ambiguous
17.0,418,intermediate_plastic
17.0,419,epithelial_like
17.0,420,epithelial_like
17.0,421,ambiguous
17.0,422,epithelial_like
17.0,423,epithelial_like
17.0,424,epithelial_like
17.0,425,ambiguous
17.0,426,intermediate_plastic
17.0,427,epithelial_like
17.0,428,intermediate_plastic
17.0,429,intermediate_plastic
17.0,430,ambiguous
17.0,431,epithelial_like
17.0,432,hADSCs
17.0,433,hADSCs
17.0,434,ambiguous
17.0,435,epithelial_like
17.0,436,ambiguous
17.0,437,ambiguous
17.0,438,epithelial_like
17.0,439,ambiguous
17.0,440,ambiguous
17.0,441,epithelial_like
17.0,442,ambiguous
17.0,443,ambiguous
17.0,444,epithelial_like
17.0,445,intermediate_plastic
17.0,446,epithelial_like
17.0,447,epithelial_like
17.0,448,epithelial_like
17.0,449,epithelial_like
17.0,450,ambiguous
17.0,451,ambiguous
17.0,452,epithelial_like
17.0,453,ambiguous
17.0,454,intermediate_plastic
17.0,455,epithelial_like
17.0,456,epithelial_like
17.0,457,intermediate_plastic
17.0,458,ambiguous
17.0,459,epithelial_like
17.0,460,epithelial_like
17.0,461,intermediate_plastic
17.0,462,epithelial_like
17.0,463,epithelial_like
17.0,464,epithelial_like
17.0,465,epithelial_like
17.0,466,intermediate_plastic
17.0,467,ambiguous
17.0,468,ambiguous
17.0,469,epithelial_like
17.0,470,epithelial_like
17.0,471,epithelial_like
17.0,472,epithelial_like
17.0,473,epithelial_like
17.0,474,epithelial_like
17.0,475,epithelial_like
17.0,476,epithelial_like
17.0,477,epithelial_like
17.0,478,epithelial_like
17.0,479,epithelial_like
17.0,480,ambiguous
17.0,481,epithelial_like
17.0,482,intermediate_plastic
17.0,483,epithelial_like
17.0,484,ambiguous
17.0,485,epithelial_like
17.0,486,epithelial_like
17.0,487,intermediate_plastic
17.0,488,epithelial_like
17.0,489,intermediate_plastic
17.0,490,epithelial_like
17.0,491,epithelial_like
17.0,492,intermediate_plastic
17.0,493,intermediate_plastic
17.0,494,epithelial_like
17.0,495,epithelial_like
17.0,496,epithelial_like
17.0,497,intermediate_plastic
17.0,498,epithelial_like
17.0,499,epithelial_like
17.0,500,ambiguous
17.0,501,epithelial_like
17.0,502,epithelial_like
17.0,503,epithelial_like
17.0,504,ambiguous
17.0,505,epithelial_like
17.0,506,epithelial_like
17.0,507,ambiguous
17.0,508,ambiguous
17.0,509,intermediate_plastic
17.0,510,ambiguous
17.0,511,ambiguous
17.0,512,intermediate_plastic
17.0,513,intermediate_plastic
17.0,514,intermediate_plastic
17.0,515,ambiguous
17.0,516,ambiguous
17.0,517,epithelial_like
17.0,518,epithelial_like
17.0,519,intermediate_plastic
17.0,520,epithelial_like
17.0,521,ambiguous
17.0,522,epithelial_like
17.0,523,epithelial_like
17.0,524,intermediate_plastic
17.0,525,ambiguous
17.0,526,intermediate_plastic
17.0,527,ambiguous
17.0,528,epithelial_like
17.0,529,epithelial_like
17.0,530,epithelial_like
17.0,531,epithelial_like
17.0,532,epithelial_like
17.0,533,epithelial_like
17.0,534,epithelial_like
17.0,535,ambiguous
17.0,536,epithelial_like
17.0,537,epithelial_like
17.0,538,epithelial_like
17.0,539,intermediate_plastic
17.0,540,epithelial_like
17.0,541,intermediate_plastic
17.0,542,epithelial_like
17.0,543,intermediate_plastic
17.0,544,epithelial_like
17.0,545,intermediate_plastic
17.0,546,intermediate_plastic
17.0,547,epithelial_like
17.0,548,epithelial_like
17.0,549,intermediate_plastic
17.0,550,epithelial_like
17.0,551,epithelial_like
17.0,552,intermediate_plastic
17.0,553,epithelial_like
17.0,554,ambiguous
17.0,555,epithelial_like
17.0,556,intermediate_plastic
17.0,557,epithelial_like
17.0,558,epithelial_like
17.0,559,ambiguous
17.0,560,epithelial_like
17.0,561,ambiguous
17.0,562,epithelial_like
17.0,563,epithelial_like
17.0,564,intermediate_plastic
17.0,565,epithelial_like
17.0,566,ambiguous
17.0,567,intermediate_plastic
17.0,568,intermediate_plastic
17.0,569,epithelial_like
17.0,570,ambiguous
17.0,571,ambiguous
17.0,572,epithelial_like
17.0,573,ambiguous
17.0,574,intermediate_plastic
17.0,575,epithelial_like
17.0,576,intermediate_plastic
17.0,577,intermediate_plastic
17.0,578,epithelial_like
17.0,579,epithelial_like
17.0,580,epithelial_like
17.0,581,epithelial_like
17.0,582,ambiguous
17.0,583,epithelial_like
17.0,584,ambiguous
17.0,585,intermediate_plastic
17.0,586,intermediate_plastic
17.0,587,epithelial_like
17.0,588,intermediate_plastic
17.0,589,ambiguous
17.0,590,ambiguous
17.0,591,epithelial_like
17.0,592,ambiguous
17.0,593,ambiguous
17.0,594,epithelial_like
17.0,595,ambiguous
17.0,596,epithelial_like
17.0,597,intermediate_plastic
17.0,598,ambiguous
17.0,599,epithelial_like
17.0,600,intermediate_plastic
17.0,601,ambiguous
17.0,602,epithelial_like
17.0,603,ambiguous
17.0,604,epithelial_like
17.0,605,intermediate_plastic
17.0,606,ambiguous
17.0,607,epithelial_like
17.0,608,epithelial_like
17.0,609,epithelial_like
17.0,610,epithelial_like
17.0,611,epithelial_like
17.0,612,ambiguous
17.0,613,ambiguous
17.0,614,intermediate_plastic
17.0,615,intermediate_plastic
17.0,616,epithelial_like
17.0,617,intermediate_plastic
17.0,618,epithelial_like
17.0,619,epithelial_like
17.0,620,intermediate_plastic
17.0,621,epithelial_like
17.0,622,intermediate_plastic
17.0,623,ambiguous
17.0,624,intermediate_plastic
17.0,625,intermediate_plastic
17.0,626,epithelial_like
17.0,627,epithelial_like
17.0,628,epithelial_like
17.0,629,epithelial_like
17.0,630,epithelial_like
17.0,631,epithelial_like
17.0,632,ambiguous
17.0,633,epithelial_like
17.0,634,epithelial_like
17.0,635,epithelial_like
17.0,636,intermediate_plastic
17.0,637,ambiguous
17.0,638,ambiguous
17.0,639,ambiguous
17.0,640,epithelial_like
17.0,641,ambiguous
17.0,642,intermediate_plastic
17.0,643,epithelial_like
17.0,644,epithelial_like
17.0,645,epithelial_like
17.0,646,epithelial_like
17.0,647,intermediate_plastic
17.0,648,epithelial_like
17.0,649,epithelial_like
17.0,650,epithelial_like
17.0,651,epithelial_like
17.0,652,ambiguous
17.0,653,epithelial_like
17.0,654,intermediate_plastic
17.0,655,epithelial_like
17.0,656,epithelial_like
17.0,657,epithelial_like
17.0,658,epithelial_like
17.0,659,epithelial_like
17.0,660,epithelial_like
17.0,661,epithelial_like
17.0,662,epithelial_like
17.0,663,epithelial_like
17.0,664,epithelial_like
17.0,665,ambiguous
17.0,666,epithelial_like
17.0,667,epithelial_like
17.0,668,epithelial_like
17.0,669,epithelial_like
17.0,670,epithelial_like
17.0,671,epithelial_like
17.0,672,intermediate_plastic
17.0,673,epithelial_like
17.0,674,intermediate_plastic
17.0,675,epithelial_like
17.0,676,epithelial_like
17.0,677,epithelial_like
17.0,678,intermediate_plastic
17.0,679,epithelial_like
17.0,680,epithelial_like
17.0,681,epithelial_like
17.0,682,intermediate_plastic
17.0,683,epithelial_like
17.0,684,ambiguous
17.0,685,intermediate_plastic
17.0,686,epithelial_like
17.0,687,epithelial_like
17.0,688,ambiguous
17.0,689,ambiguous
17.0,690,ambiguous
17.0,691,ambiguous
17.0,692,epithelial_like
17.0,693,epithelial_like
17.0,694,intermediate_plastic
17.0,695,intermediate_plastic
17.0,696,epithelial_like
17.0,697,ambiguous
17.0,698,epithelial_like
17.0,699,ambiguous
17.0,700,intermediate_plastic
17.0,701,epithelial_like
17.0,702,epithelial_like
17.0,703,epithelial_like
17.0,704,epithelial_like
17.0,705,epithelial_like
17.0,706,epithelial_like
17.0,707,epithelial_like
17.0,708,ambiguous
17.0,709,ambiguous
17.0,710,epithelial_like
17.0,711,epithelial_like
17.0,712,epithelial_like
17.0,713,epithelial_like
17.0,714,intermediate_plastic
17.0,715,intermediate_plastic
17.0,716,epithelial_like
17.0,717,epithelial_like
17.0,718,ambiguous
17.0,719,intermediate_plastic
17.0,720,intermediate_plastic
17.0,721,epithelial_like
17.0,722,ambiguous
17.0,723,intermediate_plastic
17.0,724,intermediate_plastic
17.0,725,epithelial_like
17.0,726,ambiguous
17.0,727,epithelial_like
17.0,728,epithelial_like
17.0,729,intermediate_plastic
17.0,730,epithelial_like
17.0,731,intermediate_plastic
17.0,732,epithelial_like
17.0,733,epithelial_like
17.0,734,ambiguous
17.0,735,intermediate_plastic
17.0,736,epithelial_like
17.0,737,epithelial_like
17.0,738,intermediate_plastic
17.0,739,epithelial_like
17.0,740,intermediate_plastic
17.0,741,epithelial_like
17.0,742,ambiguous
17.0,743,ambiguous
17.0,744,ambiguous
17.0,745,epithelial_like
17.0,746,epithelial_like
17.0,747,ambiguous
17.0,748,epithelial_like
17.0,749,intermediate_plastic
17.0,750,ambiguous
17.0,751,intermediate_plastic
17.0,752,intermediate_plastic
17.0,753,epithelial_like
17.0,754,epithelial_like
17.0,755,epithelial_like
17.0,756,ambiguous
17.0,757,epithelial_like
17.0,758,epithelial_like
17.0,759,intermediate_plastic
17.0,760,epithelial_like
17.0,761,epithelial_like
17.0,762,ambiguous
17.0,763,intermediate_plastic
17.0,764,intermediate_plastic
17.0,765,epithelial_like
17.0,766,ambiguous
17.0,767,ambiguous
17.0,768,intermediate_plastic
17.0,769,intermediate_plastic
17.0,770,intermediate_plastic
17.0,771,ambiguous
17.0,772,epithelial_like
17.0,773,epithelial_like
17.0,774,intermediate_plastic
17.0,775,ambiguous
17.0,776,epithelial_like
17.0,777,epithelial_like
17.0,778,epithelial_like
17.0,779,ambiguous
17.0,780,epithelial_like
17.0,781,epithelial_like
17.0,782,epithelial_like
17.0,783,ambiguous
17.0,784,ambiguous
17.0,785,epithelial_like
17.0,786,intermediate_plastic
17.0,787,ambiguous
17.0,788,epithelial_like
17.0,789,epithelial_like
17.0,790,epithelial_like
17.0,791,epithelial_like
17.0,792,ambiguous
17.0,793,epithelial_like
17.0,794,ambiguous
17.0,795,intermediate_plastic
17.0,796,ambiguous
17.0,797,epithelial_like
17.0,798,epithelial_like
17.0,799,ambiguous
17.0,800,ambiguous
17.0,801,intermediate_plastic
17.0,802,ambiguous
17.0,803,ambiguous
17.0,804,epithelial_like
17.0,805,ambiguous
17.0,806,ambiguous
17.0,807,ambiguous
17.0,808,epithelial_like
17.0,809,ambiguous
17.0,810,epithelial_like
17.0,811,epithelial_like
17.0,812,epithelial_like
17.0,813,ambiguous
17.0,814,epithelial_like
17.0,815,epithelial_like
17.0,816,intermediate_plastic
17.0,817,epithelial_like
17.0,818,epithelial_like
17.0,819,ambiguous
17.0,820,intermediate_plastic
17.0,821,ambiguous
17.0,822,intermediate_plastic
17.0,823,epithelial_like
17.0,824,epithelial_like
17.0,825,ambiguous
17.0,826,epithelial_like
17.0,827,ambiguous
17.0,828,ambiguous
17.0,829,intermediate_plastic
17.0,830,epithelial_like
17.0,831,intermediate_plastic
17.0,832,epithelial_like
17.0,833,ambiguous
17.0,834,ambiguous
17.0,835,ambiguous
17.0,836,intermediate_plastic
17.0,837,ambiguous
17.0,838,epithelial_like
17.0,839,intermediate_plastic
17.0,840,epithelial_like
17.0,841,epithelial_like
17.0,842,epithelial_like
17.0,843,ambiguous
17.0,844,epithelial_like
17.0,845,epithelial_like
17.0,846,intermediate_plastic
17.0,847,intermediate_plastic
17.0,848,ambiguous
17.0,849,epithelial_like
17.0,850,epithelial_like
17.0,851,ambiguous
17.0,852,intermediate_plastic
17.0,853,intermediate_plastic
17.0,854,epithelial_like
17.0,855,ambiguous
17.0,856,intermediate_plastic
17.0,857,intermediate_plastic
17.0,858,epithelial_like
17.0,859,intermediate_plastic
17.0,860,intermediate_plastic
17.0,861,epithelial_like
17.0,862,epithelial_like
17.0,863,epithelial_like
17.0,864,epithelial_like
17.0,865,ambiguous
17.0,866,intermediate_plastic
17.0,867,epithelial_like
17.0,868,intermediate_plastic
17.0,869,epithelial_like
17.0,870,epithelial_like
17.0,871,epithelial_like
17.0,872,epithelial_like
17.0,873,epithelial_like
17.0,874,ambiguous
17.0,875,epithelial_like
17.0,876,intermediate_plastic
17.0,877,ambiguous
17.0,878,epithelial_like
17.0,879,epithelial_like
17.0,880,intermediate_plastic
17.0,881,intermediate_plastic
17.0,882,intermediate_plastic
17.0,883,epithelial_like
17.0,884,epithelial_like
17.0,885,intermediate_plastic
17.0,886,ambiguous
17.0,887,ambiguous
17.0,888,epithelial_like
17.0,889,epithelial_like
17.0,890,epithelial_like
17.0,891,ambiguous
17.0,892,ambiguous
17.0,893,epithelial_like
17.0,894,ambiguous
17.0,895,ambiguous
17.0,896,epithelial_like
17.0,897,epithelial_like
17.0,898,intermediate_plastic
17.0,899,epithelial_like
17.0,900,ambiguous
17.0,901,epithelial_like
17.0,902,intermediate_plastic
17.0,903,ambiguous
17.0,904,intermediate_plastic
17.0,905,epithelial_like
17.0,906,ambiguous
17.0,907,epithelial_like
17.0,908,intermediate_plastic
17.0,909,ambiguous
17.0,910,epithelial_like
17.0,911,epithelial_like
17.0,912,intermediate_plastic
17.0,913,epithelial_like
17.0,914,epithelial_like
17.0,915,ambiguous
17.0,916,epithelial_like
17.0,917,intermediate_plastic
17.0,918,epithelial_like
17.0,919,intermediate_plastic
17.0,920,epithelial_like
17.0,921,ambiguous
17.0,922,epithelial_like
17.0,923,intermediate_plastic
17.0,924,epithelial_like
17.0,925,epithelial_like
17.0,926,epithelial_like
17.0,927,epithelial_like
17.0,928,epithelial_like
17.0,929,intermediate_plastic
17.0,930,intermediate_plastic
17.0,931,epithelial_like
17.0,932,ambiguous
17.0,933,epithelial_like
17.0,934,epithelial_like
17.0,935,epithelial_like
17.0,936,ambiguous
17.0,937,ambiguous
17.0,938,epithelial_like
17.0,939,ambiguous
17.0,940,epithelial_like
17.0,941,epithelial_like
17.0,942,epithelial_like
17.0,943,epithelial_like
17.0,944,ambiguous
17.0,945,ambiguous
17.0,946,intermediate_plastic
17.0,947,epithelial_like
17.0,948,intermediate_plastic
17.0,949,epithelial_like
17.0,950,epithelial_like
17.0,951,epithelial_like
17.0,952,intermediate_plastic
17.0,953,ambiguous
17.0,954,ambiguous
17.0,955,intermediate_plastic
17.0,956,epithelial_like
17.0,957,epithelial_like
17.0,958,intermediate_plastic
17.0,959,epithelial_like
17.0,960,epithelial_like
17.0,961,intermediate_plastic
17.0,962,intermediate_plastic
17.0,963,intermediate_plastic
17.0,964,epithelial_like
17.0,965,epithelial_like
17.0,966,ambiguous
17.0,967,epithelial_like
17.0,968,intermediate_plastic
17.0,969,intermediate_plastic
17.0,970,epithelial_like
17.0,971,epithelial_like
17.0,972,epithelial_like
17.0,973,epithelial_like
17.0,974,epithelial_like
17.0,975,ambiguous
17.0,976,epithelial_like
17.0,977,intermediate_plastic
17.0,978,intermediate_plastic
17.0,979,intermediate_plastic
17.0,980,epithelial_like
17.0,981,intermediate_plastic
17.0,982,epithelial_like
17.0,983,intermediate_plastic
17.0,984,epithelial_like
17.0,985,ambiguous
17.0,986,intermediate_plastic
17.0,987,ambiguous
17.0,988,epithelial_like
17.0,989,ambiguous
17.0,990,epithelial_like
17.0,991,epithelial_like
17.0,992,epithelial_like
17.0,993,ambiguous
17.0,994,epithelial_like
17.0,995,ambiguous
17.0,996,ambiguous
17.0,997,ambiguous
17.0,998,epithelial_like
17.0,999,intermediate_plastic
17.0,1000,epithelial_like
17.0,1001,epithelial_like
17.0,1002,epithelial_like
17.0,1003,intermediate_plastic
17.0,1004,epithelial_like
17.0,1005,epithelial_like
17.0,1006,intermediate_plastic
17.0,1007,epithelial_like
17.0,1008,epithelial_like
17.0,1009,ambiguous
17.0,1010,ambiguous
17.0,1011,intermediate_plastic
17.0,1012,epithelial_like
17.0,1013,epithelial_like
17.0,1014,epithelial_like
17.0,1015,epithelial_like
17.0,1016,epithelial_like
17.0,1017,ambiguous
17.0,1018,intermediate_plastic
17.0,1019,ambiguous
17.0,1020,epithelial_like
17.0,1021,epithelial_like
17.0,1022,epithelial_like
17.0,1023,intermediate_plastic
17.0,1024,epithelial_like
17.0,1025,ambiguous
17.0,1026,epithelial_like
17.0,1027,epithelial_like
17.0,1028,ambiguous
17.0,1029,epithelial_like
17.0,1030,intermediate_plastic
17.0,1031,ambiguous
17.0,1032,intermediate_plastic
17.0,1033,intermediate_plastic
17.0,1034,epithelial_like
17.0,1035,epithelial_like
17.0,1036,epithelial_like
17.0,1037,epithelial_like
17.0,1038,epithelial_like
17.0,1039,epithelial_like
17.0,1040,epithelial_like
17.0,1041,epithelial_like
17.0,1042,ambiguous
17.0,1043,intermediate_plastic
17.0,1044,epithelial_like
17.0,1045,epithelial_like
17.0,1046,intermediate_plastic
17.0,1047,epithelial_like
17.0,1048,ambiguous
17.0,1049,ambiguous
17.0,1050,ambiguous
17.0,1051,epithelial_like
17.0,1052,epithelial_like
17.0,1053,epithelial_like
17.0,1054,intermediate_plastic
17.0,1055,ambiguous
17.0,1056,epithelial_like
17.0,1057,ambiguous
17.0,1058,epithelial_like
17.0,1059,ambiguous
17.0,1060,ambiguous
17.0,1061,ambiguous
17.0,1062,epithelial_like
17.0,1063,epithelial_like
17.0,1064,epithelial_like
17.0,1065,intermediate_plastic
17.0,1066,epithelial_like
17.0,1067,epithelial_like
17.0,1068,epithelial_like
17.0,1069,epithelial_like
17.0,1070,epithelial_like
17.0,1071,epithelial_like
17.0,1072,epithelial_like
17.0,1073,ambiguous
17.0,1074,epithelial_like
17.0,1075,intermediate_plastic
17.0,1076,ambiguous
17.0,1077,intermediate_plastic
17.0,1078,epithelial_like
17.0,1079,epithelial_like
17.0,1080,epithelial_like
17.0,1081,ambiguous
17.0,1082,epithelial_like
17.0,1083,intermediate_plastic
17.0,1084,epithelial_like
17.0,1085,epithelial_like
17.0,1086,ambiguous
17.0,1087,ambiguous
17.0,1088,epithelial_like
17.0,1089,epithelial_like
17.0,1090,epithelial_like
17.0,1091,intermediate_plastic
17.0,1092,epithelial_like
17.0,1093,ambiguous
17.0,1094,epithelial_like
17.0,1095,epithelial_like
17.0,1096,epithelial_like
17.0,1097,epithelial_like
17.0,1098,epithelial_like
17.0,1099,epithelial_like
17.0,1100,epithelial_like
17.0,1101,ambiguous
17.0,1102,ambiguous
17.0,1103,hADSCs
17.0,1104,epithelial_like
17.0,1105,intermediate_plastic
17.0,1106,epithelial_like
17.0,1107,epithelial_like
17.0,1108,epithelial_like
17.0,1109,epithelial_like
17.0,1110,intermediate_plastic
17.0,1111,epithelial_like
17.0,1112,epithelial_like
17.0,1113,intermediate_plastic
17.0,1114,ambiguous
17.0,1115,intermediate_plastic
17.0,1116,epithelial_like
17.0,1117,intermediate_plastic
17.0,1118,epithelial_like
17.0,1119,ambiguous
17.0,1120,intermediate_plastic
17.0,1121,intermediate_plastic
17.0,1122,intermediate_plastic
17.0,1123,intermediate_plastic
17.0,1124,intermediate_plastic
17.0,1125,epithelial_like
17.0,1126,ambiguous
17.0,1127,epithelial_like
17.0,1128,epithelial_like
17.0,1129,epithelial_like
17.0,1130,epithelial_like
17.0,1131,epithelial_like
17.0,1132,ambiguous
17.0,1133,epithelial_like
17.0,1134,intermediate_plastic
17.0,1135,epithelial_like
17.0,1136,epithelial_like
17.0,1137,intermediate_plastic
17.0,1138,epithelial_like
17.0,1139,ambiguous
17.0,1140,epithelial_like
17.0,1141,epithelial_like
17.0,1142,epithelial_like
17.0,1143,epithelial_like
17.0,1144,ambiguous
17.0,1145,intermediate_plastic
17.0,1146,epithelial_like
17.0,1147,ambiguous
17.0,1148,epithelial_like
17.0,1149,epithelial_like
17.0,1150,ambiguous
17.0,1151,epithelial_like
17.0,1152,epithelial_like
17.0,1153,epithelial_like
17.0,1154,epithelial_like
17.0,1155,epithelial_like
17.0,1156,epithelial_like
17.0,1157,epithelial_like
17.0,1158,ambiguous
17.0,1159,ambiguous
17.0,1160,epithelial_like
17.0,1161,epithelial_like
17.0,1162,epithelial_like
17.0,1163,epithelial_like
17.0,1164,intermediate_plastic
17.0,1165,epithelial_like
17.0,1166,ambiguous
17.0,1167,intermediate_plastic
17.0,1168,intermediate_plastic
17.0,1169,intermediate_plastic
17.0,1170,epithelial_like
17.0,1171,epithelial_like
17.0,1172,epithelial_like
17.0,1173,intermediate_plastic
17.0,1174,ambiguous
17.0,1175,intermediate_plastic
17.0,1176,epithelial_like
17.0,1177,epithelial_like
17.0,1178,epithelial_like
17.0,1179,epithelial_like
17.0,1180,epithelial_like
17.0,1181,epithelial_like
17.0,1182,epithelial_like
17.0,1183,ambiguous
17.0,1184,epithelial_like
17.0,1185,ambiguous
17.0,1186,epithelial_like
17.0,1187,ambiguous
17.0,1188,ambiguous
17.0,1189,ambiguous
17.0,1190,intermediate_plastic
17.0,1191,ambiguous
17.0,1192,epithelial_like
17.0,1193,intermediate_plastic
17.0,1194,epithelial_like
17.0,1195,ambiguous
17.0,1196,epithelial_like
17.0,1197,epithelial_like
17.0,1198,epithelial_like
17.0,1199,intermediate_plastic
17.0,1200,ambiguous
17.0,1201,intermediate_plastic
17.0,1202,intermediate_plastic
17.0,1203,intermediate_plastic
17.0,1204,epithelial_like
17.0,1205,epithelial_like
17.0,1206,epithelial_like
17.0,1207,epithelial_like
17.0,1208,epithelial_like
17.0,1209,epithelial_like
17.0,1210,epithelial_like
17.0,1211,ambiguous
17.0,1212,intermediate_plastic
17.0,1213,intermediate_plastic
17.0,1214,epithelial_like
17.0,1215,intermediate_plastic
17.0,1216,ambiguous
17.0,1217,epithelial_like
17.0,1218,intermediate_plastic
17.0,1219,intermediate_plastic
17.0,1220,epithelial_like
17.0,1221,epithelial_like
17.0,1222,ambiguous
17.0,1223,epithelial_like
17.0,1224,epithelial_like
17.0,1225,epithelial_like
17.0,1226,ambiguous
17.0,1227,intermediate_plastic
17.0,1228,epithelial_like
17.0,1229,epithelial_like
17.0,1230,intermediate_plastic
17.0,1231,epithelial_like
17.0,1232,ambiguous
17.0,1233,epithelial_like
17.0,1234,intermediate_plastic
17.0,1235,epithelial_like
17.0,1236,ambiguous
17.0,1237,epithelial_like
17.0,1238,epithelial_like
17.0,1239,epithelial_like
17.0,1240,ambiguous
17.0,1241,intermediate_plastic
17.0,1242,ambiguous
17.0,1243,intermediate_plastic
17.0,1244,epithelial_like
17.0,1245,epithelial_like
17.0,1246,epithelial_like
17.0,1247,ambiguous
17.0,1248,ambiguous
17.0,1249,epithelial_like
17.0,1250,intermediate_plastic
17.0,1251,epithelial_like
17.0,1252,epithelial_like
17.0,1253,ambiguous
17.0,1254,ambiguous
17.0,1255,epithelial_like
17.0,1256,epithelial_like
17.0,1257,epithelial_like
17.0,1258,ambiguous
17.0,1259,intermediate_plastic
17.0,1260,intermediate_plastic
17.0,1261,ambiguous
17.0,1262,epithelial_like
17.0,1263,epithelial_like
17.0,1264,ambiguous
17.0,1265,ambiguous
17.0,1266,intermediate_plastic
17.0,1267,intermediate_plastic
17.0,1268,ambiguous
17.0,1269,epithelial_like
17.0,1270,intermediate_plastic
17.0,1271,intermediate_plastic
17.0,1272,ambiguous
17.0,1273,epithelial_like
17.0,1274,ambiguous
17.0,1275,epithelial_like
17.0,1276,intermediate_plastic
17.0,1277,intermediate_plastic
17.0,1278,epithelial_like
17.0,1279,ambiguous
17.0,1280,ambiguous
17.0,1281,ambiguous
17.0,1282,epithelial_like
17.0,1283,intermediate_plastic
17.0,1284,epithelial_like
17.0,1285,ambiguous
17.0,1286,epithelial_like
17.0,1287,epithelial_like
17.0,1288,epithelial_like
17.0,1289,ambiguous
17.0,1290,ambiguous
17.0,1291,epithelial_like
17.0,1292,intermediate_plastic
17.0,1293,ambiguous
17.0,1294,ambiguous
17.0,1295,epithelial_like
17.0,1296,epithelial_like
17.0,1297,epithelial_like
17.0,1298,epithelial_like
17.0,1299,ambiguous
17.0,1300,epithelial_like
17.0,1301,epithelial_like
17.0,1302,epithelial_like
17.0,1303,ambiguous
17.0,1304,epithelial_like
17.0,1305,epithelial_like
17.0,1306,intermediate_plastic
17.0,1307,ambiguous
17.0,1308,ambiguous
17.0,1309,ambiguous
17.0,1310,epithelial_like
17.0,1311,ambiguous
17.0,1312,epithelial_like
17.0,1313,ambiguous
17.0,1314,intermediate_plastic
17.0,1315,ambiguous
17.0,1316,epithelial_like
17.0,1317,epithelial_like
17.0,1318,ambiguous
17.0,1319,intermediate_plastic
17.0,1320,epithelial_like
17.0,1321,epithelial_like
17.0,1322,epithelial_like
17.0,1323,epithelial_like
17.0,1324,ambiguous
17.0,1325,ambiguous
17.0,1326,epithelial_like
17.0,1327,ambiguous
17.0,1328,epithelial_like
17.0,1329,ambiguous
17.0,1330,epithelial_like
17.0,1331,epithelial_like
17.0,1332,ambiguous
17.0,1333,ambiguous
17.0,1334,epithelial_like
17.0,1335,epithelial_like
17.0,1336,ambiguous
17.0,1337,intermediate_plastic
17.0,1338,epithelial_like
17.0,1339,epithelial_like
17.0,1340,epithelial_like
17.0,1341,epithelial_like
17.0,1342,ambiguous
17.0,1343,epithelial_like
17.0,1344,epithelial_like
17.0,1345,epithelial_like
17.0,1346,intermediate_plastic
17.0,1347,ambiguous
17.0,1348,epithelial_like
17.0,1349,epithelial_like
17.0,1350,intermediate_plastic
17.0,1351,intermediate_plastic
17.0,1352,epithelial_like
17.0,1353,epithelial_like
17.0,1354,epithelial_like
17.0,1355,ambiguous
17.0,1356,epithelial_like
17.0,1357,intermediate_plastic
17.0,1358,epithelial_like
17.0,1359,epithelial_like
17.0,1360,epithelial_like
17.0,1361,intermediate_plastic
17.0,1362,intermediate_plastic
17.0,1363,epithelial_like
17.0,1364,epithelial_like
17.0,1365,epithelial_like
17.0,1366,epithelial_like
17.0,1367,epithelial_like
17.0,1368,ambiguous
17.0,1369,epithelial_like
17.0,1370,epithelial_like
17.0,1371,ambiguous
17.0,1372,ambiguous
17.0,1373,ambiguous
17.0,1374,epithelial_like
17.0,1375,epithelial_like
17.0,1376,ambiguous
17.0,1377,intermediate_plastic
17.0,1378,epithelial_like
17.0,1379,ambiguous
17.0,1380,intermediate_plastic
17.0,1381,intermediate_plastic
17.0,1382,epithelial_like
17.0,1383,intermediate_plastic
17.0,1384,epithelial_like
17.0,1385,epithelial_like
17.0,1386,epithelial_like
17.0,1387,ambiguous
17.0,1388,intermediate_plastic
17.0,1389,intermediate_plastic
17.0,1390,epithelial_like
17.0,1391,hADSCs
17.0,1392,intermediate_plastic
17.0,1393,ambiguous
17.0,1394,epithelial_like
17.0,1395,epithelial_like
17.0,1396,ambiguous
17.0,1397,epithelial_like
17.0,1398,epithelial_like
17.0,1399,epithelial_like
17.0,1400,epithelial_like
17.0,1401,epithelial_like
17.0,1402,intermediate_plastic
17.0,1403,intermediate_plastic
17.0,1404,epithelial_like
17.0,1405,intermediate_plastic
17.0,1406,epithelial_like
17.0,1407,intermediate_plastic
17.0,1408,epithelial_like
17.0,1409,intermediate_plastic
17.0,1410,epithelial_like
17.0,1411,ambiguous
17.0,1412,epithelial_like
17.0,1413,epithelial_like
17.0,1414,intermediate_plastic
17.0,1415,intermediate_plastic
17.0,1416,epithelial_like
17.0,1417,epithelial_like
17.0,1418,epithelial_like
17.0,1419,intermediate_plastic
17.0,1420,epithelial_like
17.0,1421,intermediate_plastic
17.0,1422,epithelial_like
17.0,1423,intermediate_plastic
17.0,1424,intermediate_plastic
17.0,1425,epithelial_like
17.0,1426,ambiguous
17.0,1427,epithelial_like
17.0,1428,intermediate_plastic
17.0,1429,epithelial_like
17.0,1430,epithelial_like
17.0,1431,ambiguous
17.0,1432,ambiguous
17.0,1433,intermediate_plastic
17.0,1434,epithelial_like
17.0,1435,epithelial_like
17.0,1436,epithelial_like
17.0,1437,epithelial_like
17.0,1438,epithelial_like
17.0,1439,epithelial_like
17.0,1440,epithelial_like
17.0,1441,intermediate_plastic
17.0,1442,ambiguous
17.0,1443,epithelial_like
17.0,1444,epithelial_like
17.0,1445,intermediate_plastic
17.0,1446,epithelial_like
17.0,1447,ambiguous
17.0,1448,epithelial_like
17.0,1449,intermediate_plastic
17.0,1450,epithelial_like
17.0,1451,intermediate_plastic
17.0,1452,intermediate_plastic
17.0,1453,ambiguous
17.0,1454,epithelial_like
17.0,1455,intermediate_plastic
17.0,1456,epithelial_like
17.0,1457,epithelial_like
17.0,1458,intermediate_plastic
17.0,1459,epithelial_like
17.0,1460,intermediate_plastic
17.0,1461,intermediate_plastic
17.0,1462,epithelial_like
17.0,1463,epithelial_like
17.0,1464,ambiguous
17.0,1465,ambiguous
17.0,1466,epithelial_like
17.0,1467,epithelial_like
17.0,1468,epithelial_like
17.0,1469,intermediate_plastic
17.0,1470,ambiguous
17.0,1471,epithelial_like
17.0,1472,ambiguous
17.0,1473,epithelial_like
17.0,1474,ambiguous
17.0,1475,epithelial_like
17.0,1476,epithelial_like
17.0,1477,intermediate_plastic
17.0,1478,ambiguous
17.0,1479,epithelial_like
17.0,1480,epithelial_like
17.0,1481,epithelial_like
17.0,1482,epithelial_like
17.0,1483,epithelial_like
17.0,1484,epithelial_like
17.0,1485,epithelial_like
17.0,1486,ambiguous
17.0,1487,intermediate_plastic
17.0,1488,epithelial_like
17.0,1489,ambiguous
17.0,1490,epithelial_like
17.0,1491,ambiguous
17.0,1492,ambiguous
17.0,1493,ambiguous
17.0,1494,ambiguous
17.0,1495,epithelial_like
17.0,1496,ambiguous
17.0,1497,epithelial_like
17.0,1498,epithelial_like
17.0,1499,ambiguous
17.0,1500,epithelial_like
17.0,1501,epithelial_like
17.0,1502,ambiguous
17.0,1503,epithelial_like
17.0,1504,ambiguous
17.0,1505,ambiguous
17.0,1506,epithelial_like
17.0,1507,epithelial_like
17.0,1508,epithelial_like
17.0,1509,epithelial_like
17.0,1510,epithelial_like
17.0,1511,ambiguous
17.0,1512,ambiguous
17.0,1513,ambiguous
17.0,1514,epithelial_like
17.0,1515,epithelial_like
17.0,1516,epithelial_like
17.0,1517,epithelial_like
17.0,1518,epithelial_like
17.0,1519,epithelial_like
17.0,1520,epithelial_like
17.0,1521,ambiguous
17.0,1522,ambiguous
17.0,1523,epithelial_like
17.0,1524,intermediate_plastic
17.0,1525,epithelial_like
17.0,1526,epithelial_like
17.0,1527,epithelial_like
17.0,1528,epithelial_like
17.0,1529,ambiguous
17.0,1530,epithelial_like
17.0,1531,epithelial_like
17.0,1532,ambiguous
17.0,1533,ambiguous
17.0,1534,ambiguous
17.0,1535,epithelial_like
17.0,1536,intermediate_plastic
17.0,1537,intermediate_plastic
17.0,1538,ambiguous
17.0,1539,epithelial_like
17.0,1540,epithelial_like
17.0,1541,ambiguous
17.0,1542,intermediate_plastic
17.0,1543,ambiguous
17.0,1544,epithelial_like
17.0,1545,epithelial_like
17.0,1546,epithelial_like
17.0,1547,intermediate_plastic
17.0,1548,intermediate_plastic
17.0,1549,epithelial_like
17.0,1550,epithelial_like
17.0,1551,epithelial_like
17.0,1552,epithelial_like
17.0,1553,epithelial_like
17.0,1554,ambiguous
17.0,1555,epithelial_like
17.0,1556,epithelial_like
17.0,1557,ambiguous
17.0,1558,epithelial_like
17.0,1559,epithelial_like
17.0,1560,epithelial_like
17.0,1561,intermediate_plastic
17.0,1562,epithelial_like
17.0,1563,epithelial_like
17.0,1564,epithelial_like
17.0,1565,epithelial_like
17.0,1566,ambiguous
17.0,1567,epithelial_like
17.0,1568,epithelial_like
17.0,1569,intermediate_plastic
17.0,1570,epithelial_like
17.0,1571,intermediate_plastic
17.0,1572,epithelial_like
17.0,1573,epithelial_like
17.0,1574,epithelial_like
17.0,1575,epithelial_like
17.0,1576,epithelial_like
17.0,1577,epithelial_like
17.0,1578,ambiguous
17.0,1579,intermediate_plastic
17.0,1580,epithelial_like
17.0,1581,ambiguous
17.0,1582,epithelial_like
17.0,1583,epithelial_like
17.0,1584,epithelial_like
17.0,1585,intermediate_plastic
17.0,1586,epithelial_like
17.0,1587,epithelial_like
17.0,1588,ambiguous
17.0,1589,epithelial_like
17.0,1590,epithelial_like
17.0,1591,ambiguous
17.0,1592,epithelial_like
17.0,1593,epithelial_like
17.0,1594,epithelial_like
17.0,1595,intermediate_plastic
17.0,1596,intermediate_plastic
17.0,1597,intermediate_plastic
17.0,1598,epithelial_like
17.0,1599,epithelial_like
17.0,1600,ambiguous
17.0,1601,epithelial_like
17.0,1602,epithelial_like
17.0,1603,ambiguous
17.0,1604,epithelial_like
17.0,1605,ambiguous
17.0,1606,ambiguous
17.0,1607,epithelial_like
17.0,1608,intermediate_plastic
17.0,1609,epithelial_like
17.0,1610,epithelial_like
17.0,1611,epithelial_like
17.0,1612,epithelial_like
17.0,1613,epithelial_like
17.0,1614,epithelial_like
17.0,1615,intermediate_plastic
17.0,1616,ambiguous
17.0,1617,ambiguous
17.0,1618,ambiguous
17.0,1619,epithelial_like
17.0,1620,epithelial_like
17.0,1621,ambiguous
17.0,1622,epithelial_like
17.0,1623,epithelial_like
17.0,1624,epithelial_like
17.0,1625,ambiguous
17.0,1626,intermediate_plastic
17.0,1627,intermediate_plastic
17.0,1628,ambiguous
17.0,1629,ambiguous
17.0,1630,intermediate_plastic
17.0,1631,ambiguous
17.0,1632,intermediate_plastic
17.0,1633,intermediate_plastic
17.0,1634,epithelial_like
17.0,1635,ambiguous
17.0,1636,epithelial_like
17.0,1637,epithelial_like
17.0,1638,ambiguous
17.0,1639,epithelial_like
17.0,1640,intermediate_plastic
17.0,1641,intermediate_plastic
17.0,1642,epithelial_like
17.0,1643,epithelial_like
17.0,1644,intermediate_plastic
17.0,1645,ambiguous
17.0,1646,epithelial_like
17.0,1647,ambiguous
17.0,1648,epithelial_like
17.0,1649,epithelial_like
17.0,1650,epithelial_like
17.0,1651,intermediate_plastic
17.0,1652,intermediate_plastic
17.0,1653,ambiguous
17.0,1654,epithelial_like
17.0,1655,intermediate_plastic
17.0,1656,epithelial_like
17.0,1657,ambiguous
17.0,1658,ambiguous
17.0,1659,intermediate_plastic
17.0,1660,epithelial_like
17.0,1661,ambiguous
17.0,1662,intermediate_plastic
17.0,1663,ambiguous
17.0,1664,epithelial_like
17.0,1665,epithelial_like
17.0,1666,ambiguous
17.0,1667,epithelial_like
17.0,1668,intermediate_plastic
17.0,1669,epithelial_like
17.0,1670,intermediate_plastic
17.0,1671,intermediate_plastic
17.0,1672,epithelial_like
17.0,1673,ambiguous
17.0,1674,epithelial_like
17.0,1675,intermediate_plastic
17.0,1676,epithelial_like
17.0,1677,ambiguous
17.0,1678,ambiguous
17.0,1679,ambiguous
17.0,1680,intermediate_plastic
17.0,1681,intermediate_plastic
17.0,1682,ambiguous
17.0,1683,epithelial_like
17.0,1684,intermediate_plastic
17.0,1685,epithelial_like
17.0,1686,ambiguous
17.0,1687,epithelial_like
17.0,1688,epithelial_like
17.0,1689,ambiguous
17.0,1690,epithelial_like
17.0,1691,intermediate_plastic
17.0,1692,epithelial_like
17.0,1693,epithelial_like
17.0,1694,epithelial_like
17.0,1695,epithelial_like
17.0,1696,ambiguous
17.0,1697,epithelial_like
17.0,1698,epithelial_like
17.0,1699,ambiguous
17.0,1700,epithelial_like
17.0,1701,epithelial_like
17.0,1702,ambiguous
17.0,1703,epithelial_like
17.0,1704,epithelial_like
17.0,1705,ambiguous
17.0,1706,epithelial_like
17.0,1707,intermediate_plastic
17.0,1708,ambiguous
17.0,1709,intermediate_plastic
17.0,1710,epithelial_like
17.0,1711,ambiguous
17.0,1712,intermediate_plastic
17.0,1713,epithelial_like
17.0,1714,epithelial_like
17.0,1715,ambiguous
17.0,1716,ambiguous
17.0,1717,intermediate_plastic
17.0,1718,ambiguous
17.0,1719,epithelial_like
17.0,1720,epithelial_like
17.0,1721,ambiguous
17.0,1722,epithelial_like
17.0,1723,intermediate_plastic
17.0,1724,epithelial_like
17.0,1725,epithelial_like
17.0,1726,intermediate_plastic
17.0,1727,intermediate_plastic
17.0,1728,ambiguous
17.0,1729,epithelial_like
17.0,1730,ambiguous
17.0,1731,epithelial_like
17.0,1732,epithelial_like
17.0,1733,intermediate_plastic
17.0,1734,intermediate_plastic
17.0,1735,ambiguous
17.0,1736,intermediate_plastic
17.0,1737,ambiguous
17.0,1738,epithelial_like
17.0,1739,intermediate_plastic
17.0,1740,epithelial_like
17.0,1741,epithelial_like
17.0,1742,epithelial_like
17.0,1743,epithelial_like
17.0,1744,epithelial_like
17.0,1745,epithelial_like
17.0,1746,epithelial_like
17.0,1747,epithelial_like
17.0,1748,epithelial_like
17.0,1749,epithelial_like
17.0,1750,epithelial_like
17.0,1751,epithelial_like
17.0,1752,epithelial_like
17.0,1753,epithelial_like
17.0,1754,ambiguous
17.0,1755,ambiguous
17.0,1756,intermediate_plastic
17.0,1757,intermediate_plastic
17.0,1758,ambiguous
17.0,1759,ambiguous
17.0,1760,intermediate_plastic
17.0,1761,epithelial_like
17.0,1762,intermediate_plastic
17.0,1763,ambiguous
17.0,1764,intermediate_plastic
17.0,1765,ambiguous
17.0,1766,epithelial_like
17.0,1767,epithelial_like
17.0,1768,intermediate_plastic
17.0,1769,ambiguous
17.0,1770,intermediate_plastic
17.0,1771,epithelial_like
17.0,1772,ambiguous
17.0,1773,ambiguous
17.0,1774,ambiguous
17.0,1775,epithelial_like
17.0,1776,epithelial_like
17.0,1777,intermediate_plastic
17.0,1778,ambiguous
17.0,1779,ambiguous
17.0,1780,ambiguous
17.0,1781,epithelial_like
17.0,1782,epithelial_like
17.0,1783,epithelial_like
17.0,1784,ambiguous
17.0,1785,epithelial_like
17.0,1786,ambiguous
17.0,1787,intermediate_plastic
17.0,1788,epithelial_like
17.0,1789,epithelial_like
17.0,1790,epithelial_like
17.0,1791,intermediate_plastic
17.0,1792,intermediate_plastic
17.0,1793,epithelial_like
17.0,1794,epithelial_like
17.0,1795,epithelial_like
17.0,1796,intermediate_plastic
17.0,1797,ambiguous
17.0,1798,epithelial_like
17.0,1799,epithelial_like
17.0,1800,ambiguous
17.0,1801,intermediate_plastic
17.0,1802,intermediate_plastic
17.0,1803,intermediate_plastic
17.0,1804,epithelial_like
17.0,1805,epithelial_like
17.0,1806,epithelial_like
17.0,1807,intermediate_plastic
17.0,1808,intermediate_plastic
17.0,1809,epithelial_like
17.0,1810,epithelial_like
17.0,1811,ambiguous
17.0,1812,intermediate_plastic
17.0,1813,ambiguous
17.0,1814,epithelial_like
17.0,1815,ambiguous
17.0,1816,epithelial_like
17.0,1817,epithelial_like
17.0,1818,epithelial_like
17.0,1819,epithelial_like
17.0,1820,intermediate_plastic
17.0,1821,ambiguous
17.0,1822,ambiguous
17.0,1823,epithelial_like
17.0,1824,ambiguous
17.0,1825,epithelial_like
17.0,1826,epithelial_like
17.0,1827,ambiguous
17.0,1828,epithelial_like
17.0,1829,ambiguous
17.0,1830,intermediate_plastic
17.0,1831,epithelial_like
17.0,1832,ambiguous
17.0,1833,epithelial_like
17.0,1834,ambiguous
17.0,1835,intermediate_plastic
17.0,1836,epithelial_like
17.0,1837,intermediate_plastic
17.0,1838,intermediate_plastic
17.0,1839,epithelial_like
17.0,1840,epithelial_like
17.0,1841,epithelial_like
17.0,1842,epithelial_like
17.0,1843,ambiguous
17.0,1844,epithelial_like
17.0,1845,ambiguous
17.0,1846,epithelial_like
17.0,1847,epithelial_like
17.0,1848,epithelial_like
17.0,1849,ambiguous
17.0,1850,intermediate_plastic
17.0,1851,epithelial_like
17.0,1852,epithelial_like
17.0,1853,epithelial_like
17.0,1854,intermediate_plastic
17.0,1855,epithelial_like
17.0,1856,epithelial_like
17.0,1857,epithelial_like
17.0,1858,ambiguous
17.0,1859,ambiguous
17.0,1860,epithelial_like
17.0,1861,epithelial_like
17.0,1862,epithelial_like
17.0,1863,ambiguous
17.0,1864,epithelial_like
17.0,1865,epithelial_like
17.0,1866,epithelial_like
17.0,1867,epithelial_like
17.0,1868,ambiguous
17.0,1869,ambiguous
17.0,1870,epithelial_like
17.0,1871,intermediate_plastic
17.0,1872,ambiguous
17.0,1873,epithelial_like
17.0,1874,epithelial_like
17.0,1875,epithelial_like
17.0,1876,intermediate_plastic
17.0,1877,epithelial_like
17.0,1878,intermediate_plastic
17.0,1879,ambiguous
17.0,1880,epithelial_like
17.0,1881,epithelial_like
17.0,1882,intermediate_plastic
17.0,1883,epithelial_like
17.0,1884,epithelial_like
17.0,1885,intermediate_plastic
17.0,1886,epithelial_like
17.0,1887,ambiguous
17.0,1888,epithelial_like
17.0,1889,epithelial_like
17.0,1890,epithelial_like
17.0,1891,epithelial_like
17.0,1892,epithelial_like
17.0,1893,intermediate_plastic
17.0,1894,epithelial_like
17.0,1895,epithelial_like
17.0,1896,epithelial_like
17.0,1897,intermediate_plastic
17.0,1898,ambiguous
17.0,1899,epithelial_like
17.0,1900,epithelial_like
17.0,1901,epithelial_like
17.0,1902,epithelial_like
17.0,1903,epithelial_like
17.0,1904,epithelial_like
17.0,1905,epithelial_like
17.0,1906,epithelial_like
17.0,1907,epithelial_like
17.0,1908,epithelial_like
17.0,1909,epithelial_like
17.0,1910,ambiguous
17.0,1911,epithelial_like
17.0,1912,epithelial_like
17.0,1913,epithelial_like
17.0,1914,ambiguous
17.0,1915,epithelial_like
17.0,1916,ambiguous
17.0,1917,intermediate_plastic
17.0,1918,epithelial_like
17.0,1919,epithelial_like
17.0,1920,epithelial_like
17.0,1921,epithelial_like
17.0,1922,epithelial_like
17.0,1923,epithelial_like
17.0,1924,epithelial_like
17.0,1925,epithelial_like
17.0,1926,intermediate_plastic
17.0,1927,ambiguous
17.0,1928,epithelial_like
17.0,1929,intermediate_plastic
17.0,1930,epithelial_like
17.0,1931,intermediate_plastic
17.0,1932,epithelial_like
17.0,1933,epithelial_like
17.0,1934,epithelial_like
17.0,1935,epithelial_like
17.0,1936,epithelial_like
17.0,1937,epithelial_like
17.0,1938,intermediate_plastic
17.0,1939,epithelial_like
17.0,1940,epithelial_like
17.0,1941,epithelial_like
17.0,1942,epithelial_like
17.0,1943,ambiguous
17.0,1944,ambiguous
17.0,1945,intermediate_plastic
17.0,1946,epithelial_like
17.0,1947,intermediate_plastic
17.0,1948,epithelial_like
17.0,1949,ambiguous
17.0,1950,epithelial_like
17.0,1951,intermediate_plastic
17.0,1952,intermediate_plastic
17.0,1953,epithelial_like
17.0,1954,epithelial_like
17.0,1955,intermediate_plastic
17.0,1956,ambiguous
17.0,1957,intermediate_plastic
17.0,1958,epithelial_like
17.0,1959,intermediate_plastic
17.0,1960,ambiguous
17.0,1961,epithelial_like
17.0,1962,ambiguous
17.0,1963,epithelial_like
17.0,1964,epithelial_like
17.0,1965,epithelial_like
17.0,1966,epithelial_like
17.0,1967,epithelial_like
17.0,1968,intermediate_plastic
17.0,1969,epithelial_like
17.0,1970,epithelial_like
17.0,1971,epithelial_like
17.0,1972,intermediate_plastic
17.0,1973,epithelial_like
17.0,1974,ambiguous
17.0,1975,epithelial_like
17.0,1976,intermediate_plastic
17.0,1977,epithelial_like
17.0,1978,epithelial_like
17.0,1979,epithelial_like
17.0,1980,intermediate_plastic
17.0,1981,ambiguous
17.0,1982,intermediate_plastic
17.0,1983,ambiguous
17.0,1984,intermediate_plastic
17.0,1985,epithelial_like
17.0,1986,intermediate_plastic
17.0,1987,epithelial_like
17.0,1988,intermediate_plastic
17.0,1989,intermediate_plastic
17.0,1990,ambiguous
17.0,1991,epithelial_like
17.0,1992,epithelial_like
17.0,1993,ambiguous
17.0,1994,epithelial_like
17.0,1995,epithelial_like
17.0,1996,epithelial_like
17.0,1997,epithelial_like
17.0,1998,epithelial_like
17.0,1999,epithelial_like
18.0,0,epithelial_like
18.0,1,epithelial_like
18.0,2,intermediate_plastic
18.0,3,ambiguous
18.0,4,epithelial_like
18.0,5,ambiguous
18.0,6,ambiguous
18.0,7,epithelial_like
18.0,8,epithelial_like
18.0,9,epithelial_like
18.0,10,epithelial_like
18.0,11,intermediate_plastic
18.0,12,ambiguous
18.0,13,intermediate_plastic
18.0,14,epithelial_like
18.0,15,epithelial_like
18.0,16,intermediate_plastic
18.0,17,ambiguous
18.0,18,intermediate_plastic
18.0,19,intermediate_plastic
18.0,20,epithelial_like
18.0,21,epithelial_like
18.0,22,epithelial_like
18.0,23,intermediate_plastic
18.0,24,intermediate_plastic
18.0,25,epithelial_like
18.0,26,epithelial_like
18.0,27,ambiguous
18.0,28,epithelial_like
18.0,29,intermediate_plastic
18.0,30,epithelial_like
18.0,31,ambiguous
18.0,32,ambiguous
18.0,33,ambiguous
18.0,34,epithelial_like
18.0,35,intermediate_plastic
18.0,36,intermediate_plastic
18.0,37,ambiguous
18.0,38,ambiguous
18.0,39,epithelial_like
18.0,40,intermediate_plastic
18.0,41,ambiguous
18.0,42,epithelial_like
18.0,43,epithelial_like
18.0,44,epithelial_like
18.0,45,epithelial_like
18.0,46,epithelial_like
18.0,47,ambiguous
18.0,48,epithelial_like
18.0,49,epithelial_like
18.0,50,epithelial_like
18.0,51,ambiguous
18.0,52,ambiguous
18.0,53,epithelial_like
18.0,54,epithelial_like
18.0,55,epithelial_like
18.0,56,epithelial_like
18.0,57,intermediate_plastic
18.0,58,epithelial_like
18.0,59,epithelial_like
18.0,60,epithelial_like
18.0,61,epithelial_like
18.0,62,epithelial_like
18.0,63,epithelial_like
18.0,64,epithelial_like
18.0,65,intermediate_plastic
18.0,66,epithelial_like
18.0,67,intermediate_plastic
18.0,68,epithelial_like
18.0,69,ambiguous
18.0,70,epithelial_like
18.0,71,intermediate_plastic
18.0,72,epithelial_like
18.0,73,ambiguous
18.0,74,ambiguous
18.0,75,ambiguous
18.0,76,intermediate_plastic
18.0,77,intermediate_plastic
18.0,78,epithelial_like
18.0,79,epithelial_like
18.0,80,epithelial_like
18.0,81,epithelial_like
18.0,82,epithelial_like
18.0,83,ambiguous
18.0,84,intermediate_plastic
18.0,85,epithelial_like
18.0,86,ambiguous
18.0,87,epithelial_like
18.0,88,epithelial_like
18.0,89,epithelial_like
18.0,90,ambiguous
18.0,91,ambiguous
18.0,92,ambiguous
18.0,93,ambiguous
18.0,94,intermediate_plastic
18.0,95,epithelial_like
18.0,96,epithelial_like
18.0,97,epithelial_like
18.0,98,epithelial_like
18.0,99,intermediate_plastic
18.0,100,epithelial_like
18.0,101,ambiguous
18.0,102,epithelial_like
18.0,103,intermediate_plastic
18.0,104,ambiguous
18.0,105,intermediate_plastic
18.0,106,epithelial_like
18.0,107,epithelial_like
18.0,108,ambiguous
18.0,109,intermediate_plastic
18.0,110,ambiguous
18.0,111,ambiguous
18.0,112,intermediate_plastic
18.0,113,epithelial_like
18.0,114,intermediate_plastic
18.0,115,intermediate_plastic
18.0,116,ambiguous
18.0,117,epithelial_like
18.0,118,ambiguous
18.0,119,ambiguous
18.0,120,ambiguous
18.0,121,epithelial_like
18.0,122,intermediate_plastic
18.0,123,ambiguous
18.0,124,epithelial_like
18.0,125,epithelial_like
18.0,126,epithelial_like
18.0,127,intermediate_plastic
18.0,128,epithelial_like
18.0,129,ambiguous
18.0,130,epithelial_like
18.0,131,ambiguous
18.0,132,epithelial_like
18.0,133,ambiguous
18.0,134,epithelial_like
18.0,135,epithelial_like
18.0,136,intermediate_plastic
18.0,137,intermediate_plastic
18.0,138,epithelial_like
18.0,139,intermediate_plastic
18.0,140,ambiguous
18.0,141,intermediate_plastic
18.0,142,epithelial_like
18.0,143,ambiguous
18.0,144,epithelial_like
18.0,145,intermediate_plastic
18.0,146,epithelial_like
18.0,147,ambiguous
18.0,148,epithelial_like
18.0,149,ambiguous
18.0,150,ambiguous
18.0,151,epithelial_like
18.0,152,ambiguous
18.0,153,epithelial_like
18.0,154,epithelial_like
18.0,155,epithelial_like
18.0,156,epithelial_like
18.0,157,epithelial_like
18.0,158,ambiguous
18.0,159,intermediate_plastic
18.0,160,intermediate_plastic
18.0,161,epithelial_like
18.0,162,intermediate_plastic
18.0,163,ambiguous
18.0,164,intermediate_plastic
18.0,165,epithelial_like
18.0,166,ambiguous
18.0,167,ambiguous
18.0,168,intermediate_plastic
18.0,169,ambiguous
18.0,170,ambiguous
18.0,171,epithelial_like
18.0,172,epithelial_like
18.0,173,epithelial_like
18.0,174,epithelial_like
18.0,175,intermediate_plastic
18.0,176,intermediate_plastic
18.0,177,intermediate_plastic
18.0,178,epithelial_like
18.0,179,intermediate_plastic
18.0,180,ambiguous
18.0,181,intermediate_plastic
18.0,182,intermediate_plastic
18.0,183,epithelial_like
18.0,184,intermediate_plastic
18.0,185,ambiguous
18.0,186,intermediate_plastic
18.0,187,intermediate_plastic
18.0,188,intermediate_plastic
18.0,189,epithelial_like
18.0,190,epithelial_like
18.0,191,epithelial_like
18.0,192,epithelial_like
18.0,193,epithelial_like
18.0,194,intermediate_plastic
18.0,195,epithelial_like
18.0,196,ambiguous
18.0,197,ambiguous
18.0,198,epithelial_like
18.0,199,epithelial_like
18.0,200,intermediate_plastic
18.0,201,intermediate_plastic
18.0,202,epithelial_like
18.0,203,epithelial_like
18.0,204,epithelial_like
18.0,205,intermediate_plastic
18.0,206,epithelial_like
18.0,207,epithelial_like
18.0,208,epithelial_like
18.0,209,epithelial_like
18.0,210,epithelial_like
18.0,211,epithelial_like
18.0,212,epithelial_like
18.0,213,intermediate_plastic
18.0,214,epithelial_like
18.0,215,epithelial_like
18.0,216,epithelial_like
18.0,217,ambiguous
18.0,218,epithelial_like
18.0,219,epithelial_like
18.0,220,epithelial_like
18.0,221,intermediate_plastic
18.0,222,ambiguous
18.0,223,intermediate_plastic
18.0,224,epithelial_like
18.0,225,epithelial_like
18.0,226,epithelial_like
18.0,227,intermediate_plastic
18.0,228,epithelial_like
18.0,229,epithelial_like
18.0,230,ambiguous
18.0,231,epithelial_like
18.0,232,ambiguous
18.0,233,hADSCs
18.0,234,ambiguous
18.0,235,epithelial_like
18.0,236,epithelial_like
18.0,237,epithelial_like
18.0,238,ambiguous
18.0,239,epithelial_like
18.0,240,ambiguous
18.0,241,intermediate_plastic
18.0,242,epithelial_like
18.0,243,ambiguous
18.0,244,intermediate_plastic
18.0,245,epithelial_like
18.0,246,intermediate_plastic
18.0,247,epithelial_like
18.0,248,intermediate_plastic
18.0,249,epithelial_like
18.0,250,epithelial_like
18.0,251,epithelial_like
18.0,252,intermediate_plastic
18.0,253,epithelial_like
18.0,254,epithelial_like
18.0,255,epithelial_like
18.0,256,epithelial_like
18.0,257,epithelial_like
18.0,258,ambiguous
18.0,259,intermediate_plastic
18.0,260,ambiguous
18.0,261,epithelial_like
18.0,262,intermediate_plastic
18.0,263,epithelial_like
18.0,264,epithelial_like
18.0,265,epithelial_like
18.0,266,intermediate_plastic
18.0,267,epithelial_like
18.0,268,epithelial_like
18.0,269,ambiguous
18.0,270,intermediate_plastic
18.0,271,epithelial_like
18.0,272,intermediate_plastic
18.0,273,epithelial_like
18.0,274,intermediate_plastic
18.0,275,ambiguous
18.0,276,ambiguous
18.0,277,intermediate_plastic
18.0,278,epithelial_like
18.0,279,epithelial_like
18.0,280,intermediate_plastic
18.0,281,epithelial_like
18.0,282,ambiguous
18.0,283,epithelial_like
18.0,284,ambiguous
18.0,285,epithelial_like
18.0,286,epithelial_like
18.0,287,intermediate_plastic
18.0,288,intermediate_plastic
18.0,289,epithelial_like
18.0,290,ambiguous
18.0,291,intermediate_plastic
18.0,292,epithelial_like
18.0,293,epithelial_like
18.0,294,ambiguous
18.0,295,epithelial_like
18.0,296,ambiguous
18.0,297,ambiguous
18.0,298,ambiguous
18.0,299,epithelial_like
18.0,300,epithelial_like
18.0,301,epithelial_like
18.0,302,epithelial_like
18.0,303,epithelial_like
18.0,304,epithelial_like
18.0,305,epithelial_like
18.0,306,epithelial_like
18.0,307,epithelial_like
18.0,308,intermediate_plastic
18.0,309,intermediate_plastic
18.0,310,epithelial_like
18.0,311,intermediate_plastic
18.0,312,ambiguous
18.0,313,intermediate_plastic
18.0,314,ambiguous
18.0,315,ambiguous
18.0,316,epithelial_like
18.0,317,epithelial_like
18.0,318,intermediate_plastic
18.0,319,epithelial_like
18.0,320,epithelial_like
18.0,321,epithelial_like
18.0,322,epithelial_like
18.0,323,ambiguous
18.0,324,epithelial_like
18.0,325,ambiguous
18.0,326,intermediate_plastic
18.0,327,intermediate_plastic
18.0,328,ambiguous
18.0,329,ambiguous
18.0,330,epithelial_like
18.0,331,ambiguous
18.0,332,intermediate_plastic
18.0,333,ambiguous
18.0,334,epithelial_like
18.0,335,epithelial_like
18.0,336,epithelial_like
18.0,337,ambiguous
18.0,338,intermediate_plastic
18.0,339,epithelial_like
18.0,340,ambiguous
18.0,341,epithelial_like
18.0,342,epithelial_like
18.0,343,epithelial_like
18.0,344,intermediate_plastic
18.0,345,epithelial_like
18.0,346,intermediate_plastic
18.0,347,epithelial_like
18.0,348,intermediate_plastic
18.0,349,ambiguous
18.0,350,epithelial_like
18.0,351,intermediate_plastic
18.0,352,epithelial_like
18.0,353,ambiguous
18.0,354,intermediate_plastic
18.0,355,ambiguous
18.0,356,epithelial_like
18.0,357,intermediate_plastic
18.0,358,intermediate_plastic
18.0,359,ambiguous
18.0,360,intermediate_plastic
18.0,361,ambiguous
18.0,362,epithelial_like
18.0,363,epithelial_like
18.0,364,ambiguous
18.0,365,intermediate_plastic
18.0,366,epithelial_like
18.0,367,epithelial_like
18.0,368,ambiguous
18.0,369,epithelial_like
18.0,370,intermediate_plastic
18.0,371,epithelial_like
18.0,372,intermediate_plastic
18.0,373,epithelial_like
18.0,374,intermediate_plastic
18.0,375,epithelial_like
18.0,376,epithelial_like
18.0,377,epithelial_like
18.0,378,intermediate_plastic
18.0,379,epithelial_like
18.0,380,epithelial_like
18.0,381,intermediate_plastic
18.0,382,ambiguous
18.0,383,epithelial_like
18.0,384,epithelial_like
18.0,385,epithelial_like
18.0,386,ambiguous
18.0,387,intermediate_plastic
18.0,388,intermediate_plastic
18.0,389,epithelial_like
18.0,390,epithelial_like
18.0,391,epithelial_like
18.0,392,ambiguous
18.0,393,epithelial_like
18.0,394,ambiguous
18.0,395,epithelial_like
18.0,396,epithelial_like
18.0,397,ambiguous
18.0,398,epithelial_like
18.0,399,epithelial_like
18.0,400,intermediate_plastic
18.0,401,intermediate_plastic
18.0,402,ambiguous
18.0,403,intermediate_plastic
18.0,404,epithelial_like
18.0,405,epithelial_like
18.0,406,epithelial_like
18.0,407,epithelial_like
18.0,408,epithelial_like
18.0,409,intermediate_plastic
18.0,410,epithelial_like
18.0,411,ambiguous
18.0,412,ambiguous
18.0,413,epithelial_like
18.0,414,intermediate_plastic
18.0,415,ambiguous
18.0,416,epithelial_like
18.0,417,intermediate_plastic
18.0,418,intermediate_plastic
18.0,419,epithelial_like
18.0,420,epithelial_like
18.0,421,ambiguous
18.0,422,epithelial_like
18.0,423,epithelial_like
18.0,424,epithelial_like
18.0,425,ambiguous
18.0,426,intermediate_plastic
18.0,427,epithelial_like
18.0,428,ambiguous
18.0,429,intermediate_plastic
18.0,430,ambiguous
18.0,431,epithelial_like
18.0,432,hADSCs
18.0,433,intermediate_plastic
18.0,434,ambiguous
18.0,435,epithelial_like
18.0,436,ambiguous
18.0,437,ambiguous
18.0,438,ambiguous
18.0,439,ambiguous
18.0,440,ambiguous
18.0,441,epithelial_like
18.0,442,ambiguous
18.0,443,epithelial_like
18.0,444,epithelial_like
18.0,445,intermediate_plastic
18.0,446,epithelial_like
18.0,447,epithelial_like
18.0,448,epithelial_like
18.0,449,epithelial_like
18.0,450,ambiguous
18.0,451,ambiguous
18.0,452,epithelial_like
18.0,453,ambiguous
18.0,454,intermediate_plastic
18.0,455,epithelial_like
18.0,456,epithelial_like
18.0,457,intermediate_plastic
18.0,458,ambiguous
18.0,459,epithelial_like
18.0,460,epithelial_like
18.0,461,intermediate_plastic
18.0,462,epithelial_like
18.0,463,epithelial_like
18.0,464,epithelial_like
18.0,465,epithelial_like
18.0,466,intermediate_plastic
18.0,467,ambiguous
18.0,468,ambiguous
18.0,469,epithelial_like
18.0,470,ambiguous
18.0,471,epithelial_like
18.0,472,epithelial_like
18.0,473,epithelial_like
18.0,474,epithelial_like
18.0,475,epithelial_like
18.0,476,epithelial_like
18.0,477,epithelial_like
18.0,478,epithelial_like
18.0,479,epithelial_like
18.0,480,ambiguous
18.0,481,epithelial_like
18.0,482,intermediate_plastic
18.0,483,epithelial_like
18.0,484,ambiguous
18.0,485,epithelial_like
18.0,486,epithelial_like
18.0,487,intermediate_plastic
18.0,488,epithelial_like
18.0,489,intermediate_plastic
18.0,490,ambiguous
18.0,491,epithelial_like
18.0,492,intermediate_plastic
18.0,493,intermediate_plastic
18.0,494,epithelial_like
18.0,495,epithelial_like
18.0,496,epithelial_like
18.0,497,intermediate_plastic
18.0,498,epithelial_like
18.0,499,ambiguous
18.0,500,ambiguous
18.0,501,epithelial_like
18.0,502,epithelial_like
18.0,503,epithelial_like
18.0,504,ambiguous
18.0,505,epithelial_like
18.0,506,epithelial_like
18.0,507,epithelial_like
18.0,508,ambiguous
18.0,509,intermediate_plastic
18.0,510,ambiguous
18.0,511,ambiguous
18.0,512,intermediate_plastic
18.0,513,intermediate_plastic
18.0,514,intermediate_plastic
18.0,515,ambiguous
18.0,516,ambiguous
18.0,517,epithelial_like
18.0,518,epithelial_like
18.0,519,intermediate_plastic
18.0,520,epithelial_like
18.0,521,ambiguous
18.0,522,ambiguous
18.0,523,epithelial_like
18.0,524,intermediate_plastic
18.0,525,epithelial_like
18.0,526,intermediate_plastic
18.0,527,epithelial_like
18.0,528,ambiguous
18.0,529,epithelial_like
18.0,530,epithelial_like
18.0,531,epithelial_like
18.0,532,epithelial_like
18.0,533,epithelial_like
18.0,534,epithelial_like
18.0,535,ambiguous
18.0,536,epithelial_like
18.0,537,epithelial_like
18.0,538,epithelial_like
18.0,539,ambiguous
18.0,540,ambiguous
18.0,541,intermediate_plastic
18.0,542,epithelial_like
18.0,543,intermediate_plastic
18.0,544,epithelial_like
18.0,545,intermediate_plastic
18.0,546,intermediate_plastic
18.0,547,epithelial_like
18.0,548,epithelial_like
18.0,549,intermediate_plastic
18.0,550,epithelial_like
18.0,551,epithelial_like
18.0,552,intermediate_plastic
18.0,553,ambiguous
18.0,554,intermediate_plastic
18.0,555,epithelial_like
18.0,556,intermediate_plastic
18.0,557,epithelial_like
18.0,558,epithelial_like
18.0,559,ambiguous
18.0,560,epithelial_like
18.0,561,ambiguous
18.0,562,epithelial_like
18.0,563,epithelial_like
18.0,564,intermediate_plastic
18.0,565,epithelial_like
18.0,566,ambiguous
18.0,567,intermediate_plastic
18.0,568,intermediate_plastic
18.0,569,epithelial_like
18.0,570,ambiguous
18.0,571,ambiguous
18.0,572,epithelial_like
18.0,573,ambiguous
18.0,574,intermediate_plastic
18.0,575,epithelial_like
18.0,576,intermediate_plastic
18.0,577,intermediate_plastic
18.0,578,epithelial_like
18.0,579,epithelial_like
18.0,580,epithelial_like
18.0,581,ambiguous
18.0,582,ambiguous
18.0,583,epithelial_like
18.0,584,ambiguous
18.0,585,intermediate_plastic
18.0,586,intermediate_plastic
18.0,587,epithelial_like
18.0,588,intermediate_plastic
18.0,589,ambiguous
18.0,590,epithelial_like
18.0,591,epithelial_like
18.0,592,intermediate_plastic
18.0,593,ambiguous
18.0,594,epithelial_like
18.0,595,ambiguous
18.0,596,epithelial_like
18.0,597,intermediate_plastic
18.0,598,epithelial_like
18.0,599,epithelial_like
18.0,600,intermediate_plastic
18.0,601,ambiguous
18.0,602,epithelial_like
18.0,603,ambiguous
18.0,604,epithelial_like
18.0,605,intermediate_plastic
18.0,606,epithelial_like
18.0,607,epithelial_like
18.0,608,epithelial_like
18.0,609,epithelial_like
18.0,610,epithelial_like
18.0,611,ambiguous
18.0,612,ambiguous
18.0,613,intermediate_plastic
18.0,614,intermediate_plastic
18.0,615,intermediate_plastic
18.0,616,epithelial_like
18.0,617,intermediate_plastic
18.0,618,epithelial_like
18.0,619,epithelial_like
18.0,620,intermediate_plastic
18.0,621,epithelial_like
18.0,622,intermediate_plastic
18.0,623,ambiguous
18.0,624,intermediate_plastic
18.0,625,intermediate_plastic
18.0,626,epithelial_like
18.0,627,epithelial_like
18.0,628,epithelial_like
18.0,629,epithelial_like
18.0,630,epithelial_like
18.0,631,epithelial_like
18.0,632,ambiguous
18.0,633,epithelial_like
18.0,634,epithelial_like
18.0,635,epithelial_like
18.0,636,intermediate_plastic
18.0,637,ambiguous
18.0,638,ambiguous
18.0,639,ambiguous
18.0,640,epithelial_like
18.0,641,ambiguous
18.0,642,intermediate_plastic
18.0,643,epithelial_like
18.0,644,epithelial_like
18.0,645,epithelial_like
18.0,646,ambiguous
18.0,647,intermediate_plastic
18.0,648,epithelial_like
18.0,649,epithelial_like
18.0,650,epithelial_like
18.0,651,epithelial_like
18.0,652,ambiguous
18.0,653,epithelial_like
18.0,654,intermediate_plastic
18.0,655,ambiguous
18.0,656,epithelial_like
18.0,657,epithelial_like
18.0,658,epithelial_like
18.0,659,epithelial_like
18.0,660,epithelial_like
18.0,661,epithelial_like
18.0,662,epithelial_like
18.0,663,epithelial_like
18.0,664,epithelial_like
18.0,665,ambiguous
18.0,666,epithelial_like
18.0,667,epithelial_like
18.0,668,epithelial_like
18.0,669,epithelial_like
18.0,670,epithelial_like
18.0,671,epithelial_like
18.0,672,intermediate_plastic
18.0,673,epithelial_like
18.0,674,intermediate_plastic
18.0,675,epithelial_like
18.0,676,epithelial_like
18.0,677,epithelial_like
18.0,678,intermediate_plastic
18.0,679,ambiguous
18.0,680,epithelial_like
18.0,681,epithelial_like
18.0,682,intermediate_plastic
18.0,683,epithelial_like
18.0,684,ambiguous
18.0,685,intermediate_plastic
18.0,686,epithelial_like
18.0,687,epithelial_like
18.0,688,ambiguous
18.0,689,ambiguous
18.0,690,ambiguous
18.0,691,ambiguous
18.0,692,epithelial_like
18.0,693,epithelial_like
18.0,694,intermediate_plastic
18.0,695,intermediate_plastic
18.0,696,epithelial_like
18.0,697,ambiguous
18.0,698,epithelial_like
18.0,699,intermediate_plastic
18.0,700,intermediate_plastic
18.0,701,epithelial_like
18.0,702,epithelial_like
18.0,703,epithelial_like
18.0,704,ambiguous
18.0,705,ambiguous
18.0,706,epithelial_like
18.0,707,epithelial_like
18.0,708,ambiguous
18.0,709,ambiguous
18.0,710,epithelial_like
18.0,711,epithelial_like
18.0,712,epithelial_like
18.0,713,epithelial_like
18.0,714,intermediate_plastic
18.0,715,intermediate_plastic
18.0,716,epithelial_like
18.0,717,epithelial_like
18.0,718,epithelial_like
18.0,719,intermediate_plastic
18.0,720,intermediate_plastic
18.0,721,ambiguous
18.0,722,ambiguous
18.0,723,intermediate_plastic
18.0,724,ambiguous
18.0,725,epithelial_like
18.0,726,ambiguous
18.0,727,epithelial_like
18.0,728,epithelial_like
18.0,729,intermediate_plastic
18.0,730,epithelial_like
18.0,731,intermediate_plastic
18.0,732,epithelial_like
18.0,733,ambiguous
18.0,734,ambiguous
18.0,735,intermediate_plastic
18.0,736,epithelial_like
18.0,737,epithelial_like
18.0,738,intermediate_plastic
18.0,739,epithelial_like
18.0,740,ambiguous
18.0,741,epithelial_like
18.0,742,ambiguous
18.0,743,ambiguous
18.0,744,ambiguous
18.0,745,epithelial_like
18.0,746,epithelial_like
18.0,747,ambiguous
18.0,748,epithelial_like
18.0,749,intermediate_plastic
18.0,750,ambiguous
18.0,751,intermediate_plastic
18.0,752,intermediate_plastic
18.0,753,epithelial_like
18.0,754,epithelial_like
18.0,755,epithelial_like
18.0,756,ambiguous
18.0,757,epithelial_like
18.0,758,epithelial_like
18.0,759,intermediate_plastic
18.0,760,ambiguous
18.0,761,epithelial_like
18.0,762,ambiguous
18.0,763,intermediate_plastic
18.0,764,intermediate_plastic
18.0,765,epithelial_like
18.0,766,ambiguous
18.0,767,epithelial_like
18.0,768,intermediate_plastic
18.0,769,intermediate_plastic
18.0,770,intermediate_plastic
18.0,771,ambiguous
18.0,772,ambiguous
18.0,773,epithelial_like
18.0,774,intermediate_plastic
18.0,775,ambiguous
18.0,776,ambiguous
18.0,777,epithelial_like
18.0,778,epithelial_like
18.0,779,epithelial_like
18.0,780,epithelial_like
18.0,781,epithelial_like
18.0,782,epithelial_like
18.0,783,intermediate_plastic
18.0,784,ambiguous
18.0,785,epithelial_like
18.0,786,intermediate_plastic
18.0,787,ambiguous
18.0,788,epithelial_like
18.0,789,epithelial_like
18.0,790,epithelial_like
18.0,791,epithelial_like
18.0,792,epithelial_like
18.0,793,epithelial_like
18.0,794,ambiguous
18.0,795,ambiguous
18.0,796,ambiguous
18.0,797,epithelial_like
18.0,798,epithelial_like
18.0,799,ambiguous
18.0,800,intermediate_plastic
18.0,801,ambiguous
18.0,802,ambiguous
18.0,803,ambiguous
18.0,804,epithelial_like
18.0,805,ambiguous
18.0,806,ambiguous
18.0,807,intermediate_plastic
18.0,808,ambiguous
18.0,809,ambiguous
18.0,810,epithelial_like
18.0,811,epithelial_like
18.0,812,epithelial_like
18.0,813,ambiguous
18.0,814,epithelial_like
18.0,815,epithelial_like
18.0,816,intermediate_plastic
18.0,817,epithelial_like
18.0,818,epithelial_like
18.0,819,intermediate_plastic
18.0,820,intermediate_plastic
18.0,821,ambiguous
18.0,822,intermediate_plastic
18.0,823,epithelial_like
18.0,824,epithelial_like
18.0,825,ambiguous
18.0,826,epithelial_like
18.0,827,ambiguous
18.0,828,ambiguous
18.0,829,intermediate_plastic
18.0,830,epithelial_like
18.0,831,intermediate_plastic
18.0,832,epithelial_like
18.0,833,ambiguous
18.0,834,ambiguous
18.0,835,ambiguous
18.0,836,intermediate_plastic
18.0,837,epithelial_like
18.0,838,epithelial_like
18.0,839,intermediate_plastic
18.0,840,epithelial_like
18.0,841,epithelial_like
18.0,842,epithelial_like
18.0,843,epithelial_like
18.0,844,epithelial_like
18.0,845,epithelial_like
18.0,846,intermediate_plastic
18.0,847,intermediate_plastic
18.0,848,ambiguous
18.0,849,epithelial_like
18.0,850,ambiguous
18.0,851,ambiguous
18.0,852,ambiguous
18.0,853,ambiguous
18.0,854,epithelial_like
18.0,855,ambiguous
18.0,856,intermediate_plastic
18.0,857,ambiguous
18.0,858,epithelial_like
18.0,859,intermediate_plastic
18.0,860,intermediate_plastic
18.0,861,epithelial_like
18.0,862,epithelial_like
18.0,863,epithelial_like
18.0,864,epithelial_like
18.0,865,ambiguous
18.0,866,intermediate_plastic
18.0,867,epithelial_like
18.0,868,intermediate_plastic
18.0,869,epithelial_like
18.0,870,epithelial_like
18.0,871,epithelial_like
18.0,872,ambiguous
18.0,873,ambiguous
18.0,874,ambiguous
18.0,875,epithelial_like
18.0,876,intermediate_plastic
18.0,877,ambiguous
18.0,878,epithelial_like
18.0,879,epithelial_like
18.0,880,intermediate_plastic
18.0,881,ambiguous
18.0,882,ambiguous
18.0,883,epithelial_like
18.0,884,epithelial_like
18.0,885,ambiguous
18.0,886,ambiguous
18.0,887,ambiguous
18.0,888,epithelial_like
18.0,889,ambiguous
18.0,890,epithelial_like
18.0,891,ambiguous
18.0,892,ambiguous
18.0,893,epithelial_like
18.0,894,ambiguous
18.0,895,ambiguous
18.0,896,epithelial_like
18.0,897,epithelial_like
18.0,898,intermediate_plastic
18.0,899,epithelial_like
18.0,900,ambiguous
18.0,901,epithelial_like
18.0,902,intermediate_plastic
18.0,903,ambiguous
18.0,904,ambiguous
18.0,905,epithelial_like
18.0,906,epithelial_like
18.0,907,epithelial_like
18.0,908,intermediate_plastic
18.0,909,ambiguous
18.0,910,epithelial_like
18.0,911,epithelial_like
18.0,912,intermediate_plastic
18.0,913,epithelial_like
18.0,914,epithelial_like
18.0,915,ambiguous
18.0,916,epithelial_like
18.0,917,intermediate_plastic
18.0,918,epithelial_like
18.0,919,intermediate_plastic
18.0,920,epithelial_like
18.0,921,intermediate_plastic
18.0,922,ambiguous
18.0,923,intermediate_plastic
18.0,924,epithelial_like
18.0,925,epithelial_like
18.0,926,epithelial_like
18.0,927,epithelial_like
18.0,928,epithelial_like
18.0,929,intermediate_plastic
18.0,930,intermediate_plastic
18.0,931,epithelial_like
18.0,932,ambiguous
18.0,933,epithelial_like
18.0,934,epithelial_like
18.0,935,epithelial_like
18.0,936,intermediate_plastic
18.0,937,ambiguous
18.0,938,epithelial_like
18.0,939,ambiguous
18.0,940,epithelial_like
18.0,941,epithelial_like
18.0,942,epithelial_like
18.0,943,epithelial_like
18.0,944,ambiguous
18.0,945,ambiguous
18.0,946,intermediate_plastic
18.0,947,epithelial_like
18.0,948,intermediate_plastic
18.0,949,epithelial_like
18.0,950,epithelial_like
18.0,951,epithelial_like
18.0,952,intermediate_plastic
18.0,953,ambiguous
18.0,954,ambiguous
18.0,955,intermediate_plastic
18.0,956,ambiguous
18.0,957,epithelial_like
18.0,958,intermediate_plastic
18.0,959,epithelial_like
18.0,960,epithelial_like
18.0,961,intermediate_plastic
18.0,962,intermediate_plastic
18.0,963,intermediate_plastic
18.0,964,epithelial_like
18.0,965,epithelial_like
18.0,966,ambiguous
18.0,967,ambiguous
18.0,968,intermediate_plastic
18.0,969,intermediate_plastic
18.0,970,epithelial_like
18.0,971,ambiguous
18.0,972,epithelial_like
18.0,973,epithelial_like
18.0,974,epithelial_like
18.0,975,ambiguous
18.0,976,epithelial_like
18.0,977,intermediate_plastic
18.0,978,intermediate_plastic
18.0,979,intermediate_plastic
18.0,980,epithelial_like
18.0,981,intermediate_plastic
18.0,982,epithelial_like
18.0,983,intermediate_plastic
18.0,984,epithelial_like
18.0,985,ambiguous
18.0,986,intermediate_plastic
18.0,987,ambiguous
18.0,988,epithelial_like
18.0,989,ambiguous
18.0,990,epithelial_like
18.0,991,epithelial_like
18.0,992,epithelial_like
18.0,993,ambiguous
18.0,994,epithelial_like
18.0,995,ambiguous
18.0,996,ambiguous
18.0,997,epithelial_like
18.0,998,epithelial_like
18.0,999,intermediate_plastic
18.0,1000,epithelial_like
18.0,1001,epithelial_like
18.0,1002,epithelial_like
18.0,1003,intermediate_plastic
18.0,1004,epithelial_like
18.0,1005,epithelial_like
18.0,1006,intermediate_plastic
18.0,1007,epithelial_like
18.0,1008,ambiguous
18.0,1009,ambiguous
18.0,1010,ambiguous
18.0,1011,intermediate_plastic
18.0,1012,epithelial_like
18.0,1013,epithelial_like
18.0,1014,epithelial_like
18.0,1015,epithelial_like
18.0,1016,epithelial_like
18.0,1017,ambiguous
18.0,1018,intermediate_plastic
18.0,1019,epithelial_like
18.0,1020,ambiguous
18.0,1021,epithelial_like
18.0,1022,epithelial_like
18.0,1023,intermediate_plastic
18.0,1024,epithelial_like
18.0,1025,ambiguous
18.0,1026,epithelial_like
18.0,1027,epithelial_like
18.0,1028,ambiguous
18.0,1029,ambiguous
18.0,1030,intermediate_plastic
18.0,1031,ambiguous
18.0,1032,intermediate_plastic
18.0,1033,intermediate_plastic
18.0,1034,epithelial_like
18.0,1035,epithelial_like
18.0,1036,epithelial_like
18.0,1037,epithelial_like
18.0,1038,epithelial_like
18.0,1039,epithelial_like
18.0,1040,epithelial_like
18.0,1041,epithelial_like
18.0,1042,ambiguous
18.0,1043,intermediate_plastic
18.0,1044,epithelial_like
18.0,1045,epithelial_like
18.0,1046,intermediate_plastic
18.0,1047,epithelial_like
18.0,1048,ambiguous
18.0,1049,ambiguous
18.0,1050,ambiguous
18.0,1051,epithelial_like
18.0,1052,ambiguous
18.0,1053,epithelial_like
18.0,1054,ambiguous
18.0,1055,ambiguous
18.0,1056,epithelial_like
18.0,1057,ambiguous
18.0,1058,epithelial_like
18.0,1059,ambiguous
18.0,1060,intermediate_plastic
18.0,1061,epithelial_like
18.0,1062,epithelial_like
18.0,1063,epithelial_like
18.0,1064,ambiguous
18.0,1065,intermediate_plastic
18.0,1066,ambiguous
18.0,1067,epithelial_like
18.0,1068,epithelial_like
18.0,1069,epithelial_like
18.0,1070,epithelial_like
18.0,1071,epithelial_like
18.0,1072,epithelial_like
18.0,1073,ambiguous
18.0,1074,epithelial_like
18.0,1075,intermediate_plastic
18.0,1076,ambiguous
18.0,1077,intermediate_plastic
18.0,1078,epithelial_like
18.0,1079,epithelial_like
18.0,1080,epithelial_like
18.0,1081,ambiguous
18.0,1082,epithelial_like
18.0,1083,ambiguous
18.0,1084,epithelial_like
18.0,1085,epithelial_like
18.0,1086,ambiguous
18.0,1087,intermediate_plastic
18.0,1088,epithelial_like
18.0,1089,epithelial_like
18.0,1090,epithelial_like
18.0,1091,ambiguous
18.0,1092,epithelial_like
18.0,1093,ambiguous
18.0,1094,epithelial_like
18.0,1095,epithelial_like
18.0,1096,epithelial_like
18.0,1097,ambiguous
18.0,1098,epithelial_like
18.0,1099,epithelial_like
18.0,1100,epithelial_like
18.0,1101,ambiguous
18.0,1102,ambiguous
18.0,1103,intermediate_plastic
18.0,1104,epithelial_like
18.0,1105,intermediate_plastic
18.0,1106,epithelial_like
18.0,1107,epithelial_like
18.0,1108,epithelial_like
18.0,1109,epithelial_like
18.0,1110,intermediate_plastic
18.0,1111,epithelial_like
18.0,1112,epithelial_like
18.0,1113,intermediate_plastic
18.0,1114,ambiguous
18.0,1115,intermediate_plastic
18.0,1116,epithelial_like
18.0,1117,intermediate_plastic
18.0,1118,epithelial_like
18.0,1119,epithelial_like
18.0,1120,intermediate_plastic
18.0,1121,intermediate_plastic
18.0,1122,intermediate_plastic
18.0,1123,intermediate_plastic
18.0,1124,intermediate_plastic
18.0,1125,epithelial_like
18.0,1126,ambiguous
18.0,1127,epithelial_like
18.0,1128,epithelial_like
18.0,1129,epithelial_like
18.0,1130,epithelial_like
18.0,1131,ambiguous
18.0,1132,ambiguous
18.0,1133,epithelial_like
18.0,1134,intermediate_plastic
18.0,1135,epithelial_like
18.0,1136,epithelial_like
18.0,1137,intermediate_plastic
18.0,1138,ambiguous
18.0,1139,ambiguous
18.0,1140,epithelial_like
18.0,1141,epithelial_like
18.0,1142,epithelial_like
18.0,1143,epithelial_like
18.0,1144,epithelial_like
18.0,1145,intermediate_plastic
18.0,1146,epithelial_like
18.0,1147,ambiguous
18.0,1148,epithelial_like
18.0,1149,epithelial_like
18.0,1150,ambiguous
18.0,1151,epithelial_like
18.0,1152,epithelial_like
18.0,1153,epithelial_like
18.0,1154,epithelial_like
18.0,1155,ambiguous
18.0,1156,ambiguous
18.0,1157,epithelial_like
18.0,1158,ambiguous
18.0,1159,ambiguous
18.0,1160,ambiguous
18.0,1161,epithelial_like
18.0,1162,epithelial_like
18.0,1163,epithelial_like
18.0,1164,intermediate_plastic
18.0,1165,epithelial_like
18.0,1166,ambiguous
18.0,1167,ambiguous
18.0,1168,intermediate_plastic
18.0,1169,intermediate_plastic
18.0,1170,epithelial_like
18.0,1171,epithelial_like
18.0,1172,epithelial_like
18.0,1173,ambiguous
18.0,1174,ambiguous
18.0,1175,intermediate_plastic
18.0,1176,epithelial_like
18.0,1177,epithelial_like
18.0,1178,epithelial_like
18.0,1179,epithelial_like
18.0,1180,epithelial_like
18.0,1181,epithelial_like
18.0,1182,epithelial_like
18.0,1183,ambiguous
18.0,1184,epithelial_like
18.0,1185,ambiguous
18.0,1186,epithelial_like
18.0,1187,ambiguous
18.0,1188,ambiguous
18.0,1189,ambiguous
18.0,1190,intermediate_plastic
18.0,1191,ambiguous
18.0,1192,epithelial_like
18.0,1193,intermediate_plastic
18.0,1194,epithelial_like
18.0,1195,ambiguous
18.0,1196,epithelial_like
18.0,1197,epithelial_like
18.0,1198,epithelial_like
18.0,1199,intermediate_plastic
18.0,1200,epithelial_like
18.0,1201,intermediate_plastic
18.0,1202,intermediate_plastic
18.0,1203,intermediate_plastic
18.0,1204,epithelial_like
18.0,1205,epithelial_like
18.0,1206,epithelial_like
18.0,1207,epithelial_like
18.0,1208,epithelial_like
18.0,1209,epithelial_like
18.0,1210,epithelial_like
18.0,1211,ambiguous
18.0,1212,intermediate_plastic
18.0,1213,intermediate_plastic
18.0,1214,ambiguous
18.0,1215,intermediate_plastic
18.0,1216,ambiguous
18.0,1217,ambiguous
18.0,1218,epithelial_like
18.0,1219,intermediate_plastic
18.0,1220,epithelial_like
18.0,1221,epithelial_like
18.0,1222,ambiguous
18.0,1223,epithelial_like
18.0,1224,epithelial_like
18.0,1225,ambiguous
18.0,1226,intermediate_plastic
18.0,1227,intermediate_plastic
18.0,1228,epithelial_like
18.0,1229,epithelial_like
18.0,1230,intermediate_plastic
18.0,1231,epithelial_like
18.0,1232,ambiguous
18.0,1233,epithelial_like
18.0,1234,intermediate_plastic
18.0,1235,epithelial_like
18.0,1236,epithelial_like
18.0,1237,epithelial_like
18.0,1238,epithelial_like
18.0,1239,epithelial_like
18.0,1240,ambiguous
18.0,1241,intermediate_plastic
18.0,1242,ambiguous
18.0,1243,intermediate_plastic
18.0,1244,epithelial_like
18.0,1245,epithelial_like
18.0,1246,epithelial_like
18.0,1247,intermediate_plastic
18.0,1248,ambiguous
18.0,1249,epithelial_like
18.0,1250,intermediate_plastic
18.0,1251,epithelial_like
18.0,1252,epithelial_like
18.0,1253,ambiguous
18.0,1254,ambiguous
18.0,1255,epithelial_like
18.0,1256,epithelial_like
18.0,1257,epithelial_like
18.0,1258,ambiguous
18.0,1259,intermediate_plastic
18.0,1260,intermediate_plastic
18.0,1261,ambiguous
18.0,1262,epithelial_like
18.0,1263,epithelial_like
18.0,1264,ambiguous
18.0,1265,ambiguous
18.0,1266,intermediate_plastic
18.0,1267,intermediate_plastic
18.0,1268,ambiguous
18.0,1269,epithelial_like
18.0,1270,intermediate_plastic
18.0,1271,intermediate_plastic
18.0,1272,ambiguous
18.0,1273,epithelial_like
18.0,1274,epithelial_like
18.0,1275,epithelial_like
18.0,1276,intermediate_plastic
18.0,1277,intermediate_plastic
18.0,1278,epithelial_like
18.0,1279,ambiguous
18.0,1280,intermediate_plastic
18.0,1281,epithelial_like
18.0,1282,ambiguous
18.0,1283,intermediate_plastic
18.0,1284,ambiguous
18.0,1285,ambiguous
18.0,1286,epithelial_like
18.0,1287,epithelial_like
18.0,1288,epithelial_like
18.0,1289,intermediate_plastic
18.0,1290,ambiguous
18.0,1291,epithelial_like
18.0,1292,intermediate_plastic
18.0,1293,intermediate_plastic
18.0,1294,epithelial_like
18.0,1295,epithelial_like
18.0,1296,epithelial_like
18.0,1297,epithelial_like
18.0,1298,epithelial_like
18.0,1299,ambiguous
18.0,1300,epithelial_like
18.0,1301,epithelial_like
18.0,1302,epithelial_like
18.0,1303,epithelial_like
18.0,1304,epithelial_like
18.0,1305,epithelial_like
18.0,1306,intermediate_plastic
18.0,1307,ambiguous
18.0,1308,ambiguous
18.0,1309,ambiguous
18.0,1310,epithelial_like
18.0,1311,ambiguous
18.0,1312,epithelial_like
18.0,1313,ambiguous
18.0,1314,intermediate_plastic
18.0,1315,ambiguous
18.0,1316,epithelial_like
18.0,1317,epithelial_like
18.0,1318,ambiguous
18.0,1319,intermediate_plastic
18.0,1320,epithelial_like
18.0,1321,epithelial_like
18.0,1322,epithelial_like
18.0,1323,ambiguous
18.0,1324,ambiguous
18.0,1325,ambiguous
18.0,1326,epithelial_like
18.0,1327,ambiguous
18.0,1328,epithelial_like
18.0,1329,ambiguous
18.0,1330,epithelial_like
18.0,1331,epithelial_like
18.0,1332,ambiguous
18.0,1333,ambiguous
18.0,1334,epithelial_like
18.0,1335,epithelial_like
18.0,1336,ambiguous
18.0,1337,intermediate_plastic
18.0,1338,epithelial_like
18.0,1339,epithelial_like
18.0,1340,epithelial_like
18.0,1341,epithelial_like
18.0,1342,ambiguous
18.0,1343,epithelial_like
18.0,1344,epithelial_like
18.0,1345,epithelial_like
18.0,1346,intermediate_plastic
18.0,1347,ambiguous
18.0,1348,ambiguous
18.0,1349,epithelial_like
18.0,1350,intermediate_plastic
18.0,1351,intermediate_plastic
18.0,1352,epithelial_like
18.0,1353,epithelial_like
18.0,1354,epithelial_like
18.0,1355,ambiguous
18.0,1356,epithelial_like
18.0,1357,intermediate_plastic
18.0,1358,epithelial_like
18.0,1359,epithelial_like
18.0,1360,ambiguous
18.0,1361,intermediate_plastic
18.0,1362,intermediate_plastic
18.0,1363,epithelial_like
18.0,1364,epithelial_like
18.0,1365,epithelial_like
18.0,1366,epithelial_like
18.0,1367,epithelial_like
18.0,1368,ambiguous
18.0,1369,epithelial_like
18.0,1370,epithelial_like
18.0,1371,ambiguous
18.0,1372,ambiguous
18.0,1373,ambiguous
18.0,1374,epithelial_like
18.0,1375,epithelial_like
18.0,1376,ambiguous
18.0,1377,intermediate_plastic
18.0,1378,epithelial_like
18.0,1379,ambiguous
18.0,1380,intermediate_plastic
18.0,1381,intermediate_plastic
18.0,1382,ambiguous
18.0,1383,intermediate_plastic
18.0,1384,epithelial_like
18.0,1385,ambiguous
18.0,1386,epithelial_like
18.0,1387,ambiguous
18.0,1388,ambiguous
18.0,1389,intermediate_plastic
18.0,1390,epithelial_like
18.0,1391,ambiguous
18.0,1392,intermediate_plastic
18.0,1393,ambiguous
18.0,1394,epithelial_like
18.0,1395,epithelial_like
18.0,1396,ambiguous
18.0,1397,epithelial_like
18.0,1398,epithelial_like
18.0,1399,epithelial_like
18.0,1400,epithelial_like
18.0,1401,epithelial_like
18.0,1402,intermediate_plastic
18.0,1403,intermediate_plastic
18.0,1404,epithelial_like
18.0,1405,intermediate_plastic
18.0,1406,epithelial_like
18.0,1407,intermediate_plastic
18.0,1408,epithelial_like
18.0,1409,intermediate_plastic
18.0,1410,epithelial_like
18.0,1411,ambiguous
18.0,1412,epithelial_like
18.0,1413,ambiguous
18.0,1414,ambiguous
18.0,1415,intermediate_plastic
18.0,1416,epithelial_like
18.0,1417,epithelial_like
18.0,1418,epithelial_like
18.0,1419,ambiguous
18.0,1420,epithelial_like
18.0,1421,intermediate_plastic
18.0,1422,epithelial_like
18.0,1423,intermediate_plastic
18.0,1424,intermediate_plastic
18.0,1425,epithelial_like
18.0,1426,ambiguous
18.0,1427,epithelial_like
18.0,1428,intermediate_plastic
18.0,1429,epithelial_like
18.0,1430,ambiguous
18.0,1431,intermediate_plastic
18.0,1432,ambiguous
18.0,1433,intermediate_plastic
18.0,1434,epithelial_like
18.0,1435,epithelial_like
18.0,1436,ambiguous
18.0,1437,epithelial_like
18.0,1438,epithelial_like
18.0,1439,epithelial_like
18.0,1440,epithelial_like
18.0,1441,intermediate_plastic
18.0,1442,ambiguous
18.0,1443,epithelial_like
18.0,1444,epithelial_like
18.0,1445,intermediate_plastic
18.0,1446,epithelial_like
18.0,1447,ambiguous
18.0,1448,epithelial_like
18.0,1449,intermediate_plastic
18.0,1450,epithelial_like
18.0,1451,intermediate_plastic
18.0,1452,intermediate_plastic
18.0,1453,ambiguous
18.0,1454,epithelial_like
18.0,1455,intermediate_plastic
18.0,1456,epithelial_like
18.0,1457,epithelial_like
18.0,1458,intermediate_plastic
18.0,1459,epithelial_like
18.0,1460,intermediate_plastic
18.0,1461,intermediate_plastic
18.0,1462,epithelial_like
18.0,1463,epithelial_like
18.0,1464,ambiguous
18.0,1465,ambiguous
18.0,1466,epithelial_like
18.0,1467,epithelial_like
18.0,1468,epithelial_like
18.0,1469,intermediate_plastic
18.0,1470,ambiguous
18.0,1471,epithelial_like
18.0,1472,intermediate_plastic
18.0,1473,epithelial_like
18.0,1474,intermediate_plastic
18.0,1475,ambiguous
18.0,1476,epithelial_like
18.0,1477,ambiguous
18.0,1478,epithelial_like
18.0,1479,epithelial_like
18.0,1480,epithelial_like
18.0,1481,epithelial_like
18.0,1482,epithelial_like
18.0,1483,epithelial_like
18.0,1484,epithelial_like
18.0,1485,epithelial_like
18.0,1486,ambiguous
18.0,1487,intermediate_plastic
18.0,1488,ambiguous
18.0,1489,ambiguous
18.0,1490,epithelial_like
18.0,1491,ambiguous
18.0,1492,ambiguous
18.0,1493,epithelial_like
18.0,1494,ambiguous
18.0,1495,epithelial_like
18.0,1496,epithelial_like
18.0,1497,epithelial_like
18.0,1498,ambiguous
18.0,1499,ambiguous
18.0,1500,epithelial_like
18.0,1501,epithelial_like
18.0,1502,ambiguous
18.0,1503,epithelial_like
18.0,1504,ambiguous
18.0,1505,ambiguous
18.0,1506,ambiguous
18.0,1507,epithelial_like
18.0,1508,epithelial_like
18.0,1509,epithelial_like
18.0,1510,epithelial_like
18.0,1511,intermediate_plastic
18.0,1512,ambiguous
18.0,1513,ambiguous
18.0,1514,epithelial_like
18.0,1515,epithelial_like
18.0,1516,epithelial_like
18.0,1517,epithelial_like
18.0,1518,epithelial_like
18.0,1519,epithelial_like
18.0,1520,epithelial_like
18.0,1521,ambiguous
18.0,1522,ambiguous
18.0,1523,epithelial_like
18.0,1524,intermediate_plastic
18.0,1525,epithelial_like
18.0,1526,epithelial_like
18.0,1527,epithelial_like
18.0,1528,epithelial_like
18.0,1529,ambiguous
18.0,1530,epithelial_like
18.0,1531,epithelial_like
18.0,1532,ambiguous
18.0,1533,intermediate_plastic
18.0,1534,ambiguous
18.0,1535,epithelial_like
18.0,1536,intermediate_plastic
18.0,1537,intermediate_plastic
18.0,1538,ambiguous
18.0,1539,epithelial_like
18.0,1540,epithelial_like
18.0,1541,ambiguous
18.0,1542,intermediate_plastic
18.0,1543,ambiguous
18.0,1544,epithelial_like
18.0,1545,epithelial_like
18.0,1546,epithelial_like
18.0,1547,intermediate_plastic
18.0,1548,intermediate_plastic
18.0,1549,ambiguous
18.0,1550,ambiguous
18.0,1551,epithelial_like
18.0,1552,epithelial_like
18.0,1553,epithelial_like
18.0,1554,ambiguous
18.0,1555,epithelial_like
18.0,1556,epithelial_like
18.0,1557,ambiguous
18.0,1558,epithelial_like
18.0,1559,epithelial_like
18.0,1560,epithelial_like
18.0,1561,intermediate_plastic
18.0,1562,epithelial_like
18.0,1563,epithelial_like
18.0,1564,ambiguous
18.0,1565,epithelial_like
18.0,1566,intermediate_plastic
18.0,1567,epithelial_like
18.0,1568,epithelial_like
18.0,1569,intermediate_plastic
18.0,1570,epithelial_like
18.0,1571,intermediate_plastic
18.0,1572,epithelial_like
18.0,1573,epithelial_like
18.0,1574,ambiguous
18.0,1575,epithelial_like
18.0,1576,ambiguous
18.0,1577,epithelial_like
18.0,1578,ambiguous
18.0,1579,intermediate_plastic
18.0,1580,epithelial_like
18.0,1581,ambiguous
18.0,1582,epithelial_like
18.0,1583,epithelial_like
18.0,1584,epithelial_like
18.0,1585,intermediate_plastic
18.0,1586,epithelial_like
18.0,1587,ambiguous
18.0,1588,ambiguous
18.0,1589,epithelial_like
18.0,1590,epithelial_like
18.0,1591,ambiguous
18.0,1592,epithelial_like
18.0,1593,epithelial_like
18.0,1594,intermediate_plastic
18.0,1595,intermediate_plastic
18.0,1596,intermediate_plastic
18.0,1597,intermediate_plastic
18.0,1598,epithelial_like
18.0,1599,epithelial_like
18.0,1600,ambiguous
18.0,1601,epithelial_like
18.0,1602,epithelial_like
18.0,1603,ambiguous
18.0,1604,epithelial_like
18.0,1605,ambiguous
18.0,1606,epithelial_like
18.0,1607,ambiguous
18.0,1608,intermediate_plastic
18.0,1609,epithelial_like
18.0,1610,epithelial_like
18.0,1611,epithelial_like
18.0,1612,epithelial_like
18.0,1613,epithelial_like
18.0,1614,epithelial_like
18.0,1615,hADSCs
18.0,1616,ambiguous
18.0,1617,ambiguous
18.0,1618,ambiguous
18.0,1619,epithelial_like
18.0,1620,epithelial_like
18.0,1621,ambiguous
18.0,1622,epithelial_like
18.0,1623,epithelial_like
18.0,1624,epithelial_like
18.0,1625,ambiguous
18.0,1626,intermediate_plastic
18.0,1627,intermediate_plastic
18.0,1628,ambiguous
18.0,1629,intermediate_plastic
18.0,1630,ambiguous
18.0,1631,intermediate_plastic
18.0,1632,intermediate_plastic
18.0,1633,intermediate_plastic
18.0,1634,epithelial_like
18.0,1635,epithelial_like
18.0,1636,epithelial_like
18.0,1637,epithelial_like
18.0,1638,ambiguous
18.0,1639,epithelial_like
18.0,1640,intermediate_plastic
18.0,1641,intermediate_plastic
18.0,1642,ambiguous
18.0,1643,epithelial_like
18.0,1644,intermediate_plastic
18.0,1645,ambiguous
18.0,1646,epithelial_like
18.0,1647,ambiguous
18.0,1648,epithelial_like
18.0,1649,epithelial_like
18.0,1650,epithelial_like
18.0,1651,intermediate_plastic
18.0,1652,intermediate_plastic
18.0,1653,ambiguous
18.0,1654,epithelial_like
18.0,1655,intermediate_plastic
18.0,1656,epithelial_like
18.0,1657,ambiguous
18.0,1658,ambiguous
18.0,1659,intermediate_plastic
18.0,1660,epithelial_like
18.0,1661,ambiguous
18.0,1662,intermediate_plastic
18.0,1663,epithelial_like
18.0,1664,ambiguous
18.0,1665,epithelial_like
18.0,1666,ambiguous
18.0,1667,epithelial_like
18.0,1668,intermediate_plastic
18.0,1669,epithelial_like
18.0,1670,intermediate_plastic
18.0,1671,intermediate_plastic
18.0,1672,epithelial_like
18.0,1673,ambiguous
18.0,1674,epithelial_like
18.0,1675,intermediate_plastic
18.0,1676,epithelial_like
18.0,1677,ambiguous
18.0,1678,ambiguous
18.0,1679,ambiguous
18.0,1680,intermediate_plastic
18.0,1681,ambiguous
18.0,1682,ambiguous
18.0,1683,epithelial_like
18.0,1684,intermediate_plastic
18.0,1685,epithelial_like
18.0,1686,ambiguous
18.0,1687,epithelial_like
18.0,1688,epithelial_like
18.0,1689,ambiguous
18.0,1690,epithelial_like
18.0,1691,intermediate_plastic
18.0,1692,epithelial_like
18.0,1693,epithelial_like
18.0,1694,ambiguous
18.0,1695,epithelial_like
18.0,1696,ambiguous
18.0,1697,epithelial_like
18.0,1698,epithelial_like
18.0,1699,ambiguous
18.0,1700,epithelial_like
18.0,1701,epithelial_like
18.0,1702,ambiguous
18.0,1703,epithelial_like
18.0,1704,epithelial_like
18.0,1705,ambiguous
18.0,1706,epithelial_like
18.0,1707,intermediate_plastic
18.0,1708,ambiguous
18.0,1709,intermediate_plastic
18.0,1710,epithelial_like
18.0,1711,ambiguous
18.0,1712,intermediate_plastic
18.0,1713,epithelial_like
18.0,1714,epithelial_like
18.0,1715,ambiguous
18.0,1716,epithelial_like
18.0,1717,intermediate_plastic
18.0,1718,ambiguous
18.0,1719,epithelial_like
18.0,1720,epithelial_like
18.0,1721,ambiguous
18.0,1722,epithelial_like
18.0,1723,intermediate_plastic
18.0,1724,epithelial_like
18.0,1725,epithelial_like
18.0,1726,intermediate_plastic
18.0,1727,intermediate_plastic
18.0,1728,ambiguous
18.0,1729,epithelial_like
18.0,1730,ambiguous
18.0,1731,epithelial_like
18.0,1732,epithelial_like
18.0,1733,ambiguous
18.0,1734,intermediate_plastic
18.0,1735,ambiguous
18.0,1736,intermediate_plastic
18.0,1737,ambiguous
18.0,1738,epithelial_like
18.0,1739,ambiguous
18.0,1740,epithelial_like
18.0,1741,epithelial_like
18.0,1742,epithelial_like
18.0,1743,epithelial_like
18.0,1744,ambiguous
18.0,1745,epithelial_like
18.0,1746,epithelial_like
18.0,1747,epithelial_like
18.0,1748,epithelial_like
18.0,1749,epithelial_like
18.0,1750,epithelial_like
18.0,1751,epithelial_like
18.0,1752,epithelial_like
18.0,1753,epithelial_like
18.0,1754,ambiguous
18.0,1755,ambiguous
18.0,1756,intermediate_plastic
18.0,1757,intermediate_plastic
18.0,1758,ambiguous
18.0,1759,ambiguous
18.0,1760,intermediate_plastic
18.0,1761,epithelial_like
18.0,1762,intermediate_plastic
18.0,1763,ambiguous
18.0,1764,intermediate_plastic
18.0,1765,ambiguous
18.0,1766,epithelial_like
18.0,1767,epithelial_like
18.0,1768,intermediate_plastic
18.0,1769,ambiguous
18.0,1770,intermediate_plastic
18.0,1771,epithelial_like
18.0,1772,ambiguous
18.0,1773,ambiguous
18.0,1774,epithelial_like
18.0,1775,epithelial_like
18.0,1776,epithelial_like
18.0,1777,intermediate_plastic
18.0,1778,ambiguous
18.0,1779,ambiguous
18.0,1780,epithelial_like
18.0,1781,ambiguous
18.0,1782,epithelial_like
18.0,1783,epithelial_like
18.0,1784,ambiguous
18.0,1785,epithelial_like
18.0,1786,ambiguous
18.0,1787,ambiguous
18.0,1788,ambiguous
18.0,1789,epithelial_like
18.0,1790,epithelial_like
18.0,1791,intermediate_plastic
18.0,1792,ambiguous
18.0,1793,epithelial_like
18.0,1794,epithelial_like
18.0,1795,epithelial_like
18.0,1796,intermediate_plastic
18.0,1797,ambiguous
18.0,1798,epithelial_like
18.0,1799,epithelial_like
18.0,1800,epithelial_like
18.0,1801,intermediate_plastic
18.0,1802,intermediate_plastic
18.0,1803,intermediate_plastic
18.0,1804,epithelial_like
18.0,1805,epithelial_like
18.0,1806,epithelial_like
18.0,1807,intermediate_plastic
18.0,1808,intermediate_plastic
18.0,1809,epithelial_like
18.0,1810,epithelial_like
18.0,1811,ambiguous
18.0,1812,intermediate_plastic
18.0,1813,ambiguous
18.0,1814,epithelial_like
18.0,1815,intermediate_plastic
18.0,1816,epithelial_like
18.0,1817,epithelial_like
18.0,1818,epithelial_like
18.0,1819,ambiguous
18.0,1820,intermediate_plastic
18.0,1821,ambiguous
18.0,1822,ambiguous
18.0,1823,epithelial_like
18.0,1824,epithelial_like
18.0,1825,ambiguous
18.0,1826,epithelial_like
18.0,1827,ambiguous
18.0,1828,epithelial_like
18.0,1829,ambiguous
18.0,1830,intermediate_plastic
18.0,1831,epithelial_like
18.0,1832,ambiguous
18.0,1833,ambiguous
18.0,1834,ambiguous
18.0,1835,intermediate_plastic
18.0,1836,epithelial_like
18.0,1837,intermediate_plastic
18.0,1838,intermediate_plastic
18.0,1839,ambiguous
18.0,1840,epithelial_like
18.0,1841,epithelial_like
18.0,1842,epithelial_like
18.0,1843,ambiguous
18.0,1844,epithelial_like
18.0,1845,ambiguous
18.0,1846,epithelial_like
18.0,1847,epithelial_like
18.0,1848,epithelial_like
18.0,1849,ambiguous
18.0,1850,intermediate_plastic
18.0,1851,epithelial_like
18.0,1852,epithelial_like
18.0,1853,epithelial_like
18.0,1854,intermediate_plastic
18.0,1855,epithelial_like
18.0,1856,epithelial_like
18.0,1857,epithelial_like
18.0,1858,ambiguous
18.0,1859,ambiguous
18.0,1860,epithelial_like
18.0,1861,epithelial_like
18.0,1862,epithelial_like
18.0,1863,ambiguous
18.0,1864,epithelial_like
18.0,1865,epithelial_like
18.0,1866,epithelial_like
18.0,1867,epithelial_like
18.0,1868,ambiguous
18.0,1869,ambiguous
18.0,1870,epithelial_like
18.0,1871,intermediate_plastic
18.0,1872,ambiguous
18.0,1873,epithelial_like
18.0,1874,epithelial_like
18.0,1875,epithelial_like
18.0,1876,intermediate_plastic
18.0,1877,epithelial_like
18.0,1878,intermediate_plastic
18.0,1879,ambiguous
18.0,1880,ambiguous
18.0,1881,epithelial_like
18.0,1882,intermediate_plastic
18.0,1883,epithelial_like
18.0,1884,ambiguous
18.0,1885,intermediate_plastic
18.0,1886,epithelial_like
18.0,1887,ambiguous
18.0,1888,epithelial_like
18.0,1889,epithelial_like
18.0,1890,epithelial_like
18.0,1891,epithelial_like
18.0,1892,epithelial_like
18.0,1893,intermediate_plastic
18.0,1894,epithelial_like
18.0,1895,ambiguous
18.0,1896,epithelial_like
18.0,1897,intermediate_plastic
18.0,1898,intermediate_plastic
18.0,1899,epithelial_like
18.0,1900,epithelial_like
18.0,1901,epithelial_like
18.0,1902,epithelial_like
18.0,1903,epithelial_like
18.0,1904,epithelial_like
18.0,1905,epithelial_like
18.0,1906,epithelial_like
18.0,1907,epithelial_like
18.0,1908,epithelial_like
18.0,1909,epithelial_like
18.0,1910,ambiguous
18.0,1911,epithelial_like
18.0,1912,epithelial_like
18.0,1913,epithelial_like
18.0,1914,ambiguous
18.0,1915,epithelial_like
18.0,1916,intermediate_plastic
18.0,1917,intermediate_plastic
18.0,1918,epithelial_like
18.0,1919,epithelial_like
18.0,1920,epithelial_like
18.0,1921,epithelial_like
18.0,1922,epithelial_like
18.0,1923,epithelial_like
18.0,1924,epithelial_like
18.0,1925,epithelial_like
18.0,1926,intermediate_plastic
18.0,1927,ambiguous
18.0,1928,epithelial_like
18.0,1929,intermediate_plastic
18.0,1930,epithelial_like
18.0,1931,intermediate_plastic
18.0,1932,epithelial_like
18.0,1933,epithelial_like
18.0,1934,epithelial_like
18.0,1935,epithelial_like
18.0,1936,epithelial_like
18.0,1937,epithelial_like
18.0,1938,intermediate_plastic
18.0,1939,epithelial_like
18.0,1940,epithelial_like
18.0,1941,epithelial_like
18.0,1942,epithelial_like
18.0,1943,intermediate_plastic
18.0,1944,ambiguous
18.0,1945,intermediate_plastic
18.0,1946,epithelial_like
18.0,1947,intermediate_plastic
18.0,1948,epithelial_like
18.0,1949,ambiguous
18.0,1950,epithelial_like
18.0,1951,intermediate_plastic
18.0,1952,intermediate_plastic
18.0,1953,epithelial_like
18.0,1954,epithelial_like
18.0,1955,intermediate_plastic
18.0,1956,ambiguous
18.0,1957,intermediate_plastic
18.0,1958,epithelial_like
18.0,1959,intermediate_plastic
18.0,1960,epithelial_like
18.0,1961,epithelial_like
18.0,1962,intermediate_plastic
18.0,1963,epithelial_like
18.0,1964,epithelial_like
18.0,1965,epithelial_like
18.0,1966,ambiguous
18.0,1967,epithelial_like
18.0,1968,intermediate_plastic
18.0,1969,ambiguous
18.0,1970,epithelial_like
18.0,1971,epithelial_like
18.0,1972,intermediate_plastic
18.0,1973,epithelial_like
18.0,1974,epithelial_like
18.0,1975,epithelial_like
18.0,1976,intermediate_plastic
18.0,1977,epithelial_like
18.0,1978,epithelial_like
18.0,1979,epithelial_like
18.0,1980,intermediate_plastic
18.0,1981,ambiguous
18.0,1982,intermediate_plastic
18.0,1983,intermediate_plastic
18.0,1984,intermediate_plastic
18.0,1985,epithelial_like
18.0,1986,intermediate_plastic
18.0,1987,epithelial_like
18.0,1988,intermediate_plastic
18.0,1989,intermediate_plastic
18.0,1990,ambiguous
18.0,1991,epithelial_like
18.0,1992,epithelial_like
18.0,1993,ambiguous
18.0,1994,epithelial_like
18.0,1995,epithelial_like
18.0,1996,epithelial_like
18.0,1997,epithelial_like
18.0,1998,epithelial_like
18.0,1999,epithelial_like
20.0,0,epithelial_like
20.0,1,ambiguous
20.0,2,intermediate_plastic
20.0,3,ambiguous
20.0,4,epithelial_like
20.0,5,ambiguous
20.0,6,ambiguous
20.0,7,epithelial_like
20.0,8,epithelial_like
20.0,9,epithelial_like
20.0,10,epithelial_like
20.0,11,intermediate_plastic
20.0,12,ambiguous
20.0,13,ambiguous
20.0,14,epithelial_like
20.0,15,epithelial_like
20.0,16,intermediate_plastic
20.0,17,ambiguous
20.0,18,intermediate_plastic
20.0,19,intermediate_plastic
20.0,20,epithelial_like
20.0,21,epithelial_like
20.0,22,epithelial_like
20.0,23,intermediate_plastic
20.0,24,intermediate_plastic
20.0,25,ambiguous
20.0,26,epithelial_like
20.0,27,ambiguous
20.0,28,ambiguous
20.0,29,intermediate_plastic
20.0,30,epithelial_like
20.0,31,ambiguous
20.0,32,ambiguous
20.0,33,intermediate_plastic
20.0,34,epithelial_like
20.0,35,intermediate_plastic
20.0,36,intermediate_plastic
20.0,37,ambiguous
20.0,38,ambiguous
20.0,39,epithelial_like
20.0,40,intermediate_plastic
20.0,41,epithelial_like
20.0,42,epithelial_like
20.0,43,epithelial_like
20.0,44,epithelial_like
20.0,45,epithelial_like
20.0,46,epithelial_like
20.0,47,ambiguous
20.0,48,ambiguous
20.0,49,epithelial_like
20.0,50,ambiguous
20.0,51,ambiguous
20.0,52,ambiguous
20.0,53,epithelial_like
20.0,54,epithelial_like
20.0,55,epithelial_like
20.0,56,ambiguous
20.0,57,intermediate_plastic
20.0,58,ambiguous
20.0,59,epithelial_like
20.0,60,epithelial_like
20.0,61,epithelial_like
20.0,62,epithelial_like
20.0,63,epithelial_like
20.0,64,ambiguous
20.0,65,intermediate_plastic
20.0,66,epithelial_like
20.0,67,intermediate_plastic
20.0,68,epithelial_like
20.0,69,ambiguous
20.0,70,epithelial_like
20.0,71,intermediate_plastic
20.0,72,epithelial_like
20.0,73,ambiguous
20.0,74,ambiguous
20.0,75,ambiguous
20.0,76,intermediate_plastic
20.0,77,ambiguous
20.0,78,epithelial_like
20.0,79,epithelial_like
20.0,80,epithelial_like
20.0,81,epithelial_like
20.0,82,epithelial_like
20.0,83,ambiguous
20.0,84,ambiguous
20.0,85,epithelial_like
20.0,86,ambiguous
20.0,87,epithelial_like
20.0,88,epithelial_like
20.0,89,ambiguous
20.0,90,ambiguous
20.0,91,ambiguous
20.0,92,ambiguous
20.0,93,ambiguous
20.0,94,intermediate_plastic
20.0,95,ambiguous
20.0,96,epithelial_like
20.0,97,epithelial_like
20.0,98,ambiguous
20.0,99,intermediate_plastic
20.0,100,epithelial_like
20.0,101,ambiguous
20.0,102,epithelial_like
20.0,103,intermediate_plastic
20.0,104,ambiguous
20.0,105,ambiguous
20.0,106,epithelial_like
20.0,107,ambiguous
20.0,108,epithelial_like
20.0,109,ambiguous
20.0,110,intermediate_plastic
20.0,111,ambiguous
20.0,112,intermediate_plastic
20.0,113,epithelial_like
20.0,114,intermediate_plastic
20.0,115,intermediate_plastic
20.0,116,ambiguous
20.0,117,epithelial_like
20.0,118,ambiguous
20.0,119,intermediate_plastic
20.0,120,epithelial_like
20.0,121,ambiguous
20.0,122,intermediate_plastic
20.0,123,epithelial_like
20.0,124,epithelial_like
20.0,125,epithelial_like
20.0,126,epithelial_like
20.0,127,intermediate_plastic
20.0,128,ambiguous
20.0,129,ambiguous
20.0,130,epithelial_like
20.0,131,ambiguous
20.0,132,ambiguous
20.0,133,ambiguous
20.0,134,epithelial_like
20.0,135,epithelial_like
20.0,136,intermediate_plastic
20.0,137,intermediate_plastic
20.0,138,ambiguous
20.0,139,intermediate_plastic
20.0,140,intermediate_plastic
20.0,141,intermediate_plastic
20.0,142,epithelial_like
20.0,143,ambiguous
20.0,144,ambiguous
20.0,145,intermediate_plastic
20.0,146,epithelial_like
20.0,147,epithelial_like
20.0,148,epithelial_like
20.0,149,intermediate_plastic
20.0,150,ambiguous
20.0,151,ambiguous
20.0,152,ambiguous
20.0,153,ambiguous
20.0,154,epithelial_like
20.0,155,epithelial_like
20.0,156,epithelial_like
20.0,157,ambiguous
20.0,158,ambiguous
20.0,159,intermediate_plastic
20.0,160,intermediate_plastic
20.0,161,epithelial_like
20.0,162,intermediate_plastic
20.0,163,ambiguous
20.0,164,intermediate_plastic
20.0,165,epithelial_like
20.0,166,ambiguous
20.0,167,ambiguous
20.0,168,intermediate_plastic
20.0,169,ambiguous
20.0,170,ambiguous
20.0,171,epithelial_like
20.0,172,epithelial_like
20.0,173,epithelial_like
20.0,174,epithelial_like
20.0,175,intermediate_plastic
20.0,176,intermediate_plastic
20.0,177,intermediate_plastic
20.0,178,epithelial_like
20.0,179,intermediate_plastic
20.0,180,intermediate_plastic
20.0,181,intermediate_plastic
20.0,182,intermediate_plastic
20.0,183,epithelial_like
20.0,184,intermediate_plastic
20.0,185,ambiguous
20.0,186,intermediate_plastic
20.0,187,intermediate_plastic
20.0,188,intermediate_plastic
20.0,189,epithelial_like
20.0,190,ambiguous
20.0,191,epithelial_like
20.0,192,epithelial_like
20.0,193,epithelial_like
20.0,194,intermediate_plastic
20.0,195,epithelial_like
20.0,196,ambiguous
20.0,197,intermediate_plastic
20.0,198,epithelial_like
20.0,199,epithelial_like
20.0,200,intermediate_plastic
20.0,201,intermediate_plastic
20.0,202,epithelial_like
20.0,203,epithelial_like
20.0,204,epithelial_like
20.0,205,intermediate_plastic
20.0,206,epithelial_like
20.0,207,epithelial_like
20.0,208,epithelial_like
20.0,209,epithelial_like
20.0,210,ambiguous
20.0,211,epithelial_like
20.0,212,epithelial_like
20.0,213,intermediate_plastic
20.0,214,epithelial_like
20.0,215,epithelial_like
20.0,216,epithelial_like
20.0,217,intermediate_plastic
20.0,218,ambiguous
20.0,219,epithelial_like
20.0,220,epithelial_like
20.0,221,intermediate_plastic
20.0,222,ambiguous
20.0,223,ambiguous
20.0,224,epithelial_like
20.0,225,epithelial_like
20.0,226,epithelial_like
20.0,227,ambiguous
20.0,228,epithelial_like
20.0,229,epithelial_like
20.0,230,intermediate_plastic
20.0,231,ambiguous
20.0,232,ambiguous
20.0,233,intermediate_plastic
20.0,234,ambiguous
20.0,235,epithelial_like
20.0,236,epithelial_like
20.0,237,epithelial_like
20.0,238,ambiguous
20.0,239,epithelial_like
20.0,240,intermediate_plastic
20.0,241,intermediate_plastic
20.0,242,epithelial_like
20.0,243,ambiguous
20.0,244,intermediate_plastic
20.0,245,epithelial_like
20.0,246,intermediate_plastic
20.0,247,epithelial_like
20.0,248,intermediate_plastic
20.0,249,epithelial_like
20.0,250,epithelial_like
20.0,251,epithelial_like
20.0,252,intermediate_plastic
20.0,253,epithelial_like
20.0,254,epithelial_like
20.0,255,epithelial_like
20.0,256,epithelial_like
20.0,257,epithelial_like
20.0,258,ambiguous
20.0,259,ambiguous
20.0,260,epithelial_like
20.0,261,epithelial_like
20.0,262,intermediate_plastic
20.0,263,ambiguous
20.0,264,epithelial_like
20.0,265,epithelial_like
20.0,266,intermediate_plastic
20.0,267,epithelial_like
20.0,268,epithelial_like
20.0,269,ambiguous
20.0,270,intermediate_plastic
20.0,271,ambiguous
20.0,272,intermediate_plastic
20.0,273,epithelial_like
20.0,274,intermediate_plastic
20.0,275,ambiguous
20.0,276,intermediate_plastic
20.0,277,intermediate_plastic
20.0,278,epithelial_like
20.0,279,epithelial_like
20.0,280,intermediate_plastic
20.0,281,epithelial_like
20.0,282,ambiguous
20.0,283,epithelial_like
20.0,284,ambiguous
20.0,285,epithelial_like
20.0,286,epithelial_like
20.0,287,intermediate_plastic
20.0,288,intermediate_plastic
20.0,289,epithelial_like
20.0,290,intermediate_plastic
20.0,291,intermediate_plastic
20.0,292,epithelial_like
20.0,293,epithelial_like
20.0,294,ambiguous
20.0,295,epithelial_like
20.0,296,ambiguous
20.0,297,ambiguous
20.0,298,epithelial_like
20.0,299,ambiguous
20.0,300,ambiguous
20.0,301,epithelial_like
20.0,302,epithelial_like
20.0,303,epithelial_like
20.0,304,ambiguous
20.0,305,ambiguous
20.0,306,ambiguous
20.0,307,epithelial_like
20.0,308,intermediate_plastic
20.0,309,intermediate_plastic
20.0,310,epithelial_like
20.0,311,intermediate_plastic
20.0,312,epithelial_like
20.0,313,intermediate_plastic
20.0,314,ambiguous
20.0,315,ambiguous
20.0,316,epithelial_like
20.0,317,epithelial_like
20.0,318,intermediate_plastic
20.0,319,epithelial_like
20.0,320,epithelial_like
20.0,321,epithelial_like
20.0,322,epithelial_like
20.0,323,ambiguous
20.0,324,ambiguous
20.0,325,ambiguous
20.0,326,intermediate_plastic
20.0,327,intermediate_plastic
20.0,328,ambiguous
20.0,329,epithelial_like
20.0,330,ambiguous
20.0,331,ambiguous
20.0,332,intermediate_plastic
20.0,333,epithelial_like
20.0,334,epithelial_like
20.0,335,epithelial_like
20.0,336,ambiguous
20.0,337,ambiguous
20.0,338,ambiguous
20.0,339,epithelial_like
20.0,340,epithelial_like
20.0,341,epithelial_like
20.0,342,ambiguous
20.0,343,epithelial_like
20.0,344,intermediate_plastic
20.0,345,epithelial_like
20.0,346,intermediate_plastic
20.0,347,epithelial_like
20.0,348,intermediate_plastic
20.0,349,ambiguous
20.0,350,epithelial_like
20.0,351,intermediate_plastic
20.0,352,epithelial_like
20.0,353,ambiguous
20.0,354,intermediate_plastic
20.0,355,intermediate_plastic
20.0,356,epithelial_like
20.0,357,intermediate_plastic
20.0,358,intermediate_plastic
20.0,359,ambiguous
20.0,360,intermediate_plastic
20.0,361,ambiguous
20.0,362,epithelial_like
20.0,363,epithelial_like
20.0,364,ambiguous
20.0,365,intermediate_plastic
20.0,366,epithelial_like
20.0,367,epithelial_like
20.0,368,ambiguous
20.0,369,epithelial_like
20.0,370,intermediate_plastic
20.0,371,epithelial_like
20.0,372,intermediate_plastic
20.0,373,epithelial_like
20.0,374,intermediate_plastic
20.0,375,epithelial_like
20.0,376,epithelial_like
20.0,377,epithelial_like
20.0,378,intermediate_plastic
20.0,379,epithelial_like
20.0,380,epithelial_like
20.0,381,intermediate_plastic
20.0,382,intermediate_plastic
20.0,383,epithelial_like
20.0,384,epithelial_like
20.0,385,epithelial_like
20.0,386,ambiguous
20.0,387,ambiguous
20.0,388,intermediate_plastic
20.0,389,epithelial_like
20.0,390,epithelial_like
20.0,391,epithelial_like
20.0,392,intermediate_plastic
20.0,393,epithelial_like
20.0,394,ambiguous
20.0,395,epithelial_like
20.0,396,epithelial_like
20.0,397,intermediate_plastic
20.0,398,epithelial_like
20.0,399,epithelial_like
20.0,400,intermediate_plastic
20.0,401,ambiguous
20.0,402,epithelial_like
20.0,403,intermediate_plastic
20.0,404,epithelial_like
20.0,405,ambiguous
20.0,406,epithelial_like
20.0,407,epithelial_like
20.0,408,epithelial_like
20.0,409,intermediate_plastic
20.0,410,ambiguous
20.0,411,ambiguous
20.0,412,ambiguous
20.0,413,epithelial_like
20.0,414,intermediate_plastic
20.0,415,ambiguous
20.0,416,epithelial_like
20.0,417,intermediate_plastic
20.0,418,intermediate_plastic
20.0,419,epithelial_like
20.0,420,epithelial_like
20.0,421,ambiguous
20.0,422,ambiguous
20.0,423,epithelial_like
20.0,424,epithelial_like
20.0,425,ambiguous
20.0,426,intermediate_plastic
20.0,427,ambiguous
20.0,428,ambiguous
20.0,429,intermediate_plastic
20.0,430,ambiguous
20.0,431,epithelial_like
20.0,432,hADSCs
20.0,433,intermediate_plastic
20.0,434,ambiguous
20.0,435,epithelial_like
20.0,436,ambiguous
20.0,437,epithelial_like
20.0,438,ambiguous
20.0,439,intermediate_plastic
20.0,440,ambiguous
20.0,441,epithelial_like
20.0,442,ambiguous
20.0,443,ambiguous
20.0,444,epithelial_like
20.0,445,intermediate_plastic
20.0,446,epithelial_like
20.0,447,epithelial_like
20.0,448,ambiguous
20.0,449,epithelial_like
20.0,450,ambiguous
20.0,451,ambiguous
20.0,452,epithelial_like
20.0,453,ambiguous
20.0,454,intermediate_plastic
20.0,455,epithelial_like
20.0,456,epithelial_like
20.0,457,intermediate_plastic
20.0,458,ambiguous
20.0,459,epithelial_like
20.0,460,ambiguous
20.0,461,intermediate_plastic
20.0,462,epithelial_like
20.0,463,epithelial_like
20.0,464,epithelial_like
20.0,465,epithelial_like
20.0,466,intermediate_plastic
20.0,467,ambiguous
20.0,468,ambiguous
20.0,469,epithelial_like
20.0,470,ambiguous
20.0,471,epithelial_like
20.0,472,ambiguous
20.0,473,epithelial_like
20.0,474,epithelial_like
20.0,475,epithelial_like
20.0,476,ambiguous
20.0,477,epithelial_like
20.0,478,epithelial_like
20.0,479,epithelial_like
20.0,480,ambiguous
20.0,481,epithelial_like
20.0,482,intermediate_plastic
20.0,483,epithelial_like
20.0,484,ambiguous
20.0,485,epithelial_like
20.0,486,epithelial_like
20.0,487,intermediate_plastic
20.0,488,epithelial_like
20.0,489,intermediate_plastic
20.0,490,ambiguous
20.0,491,epithelial_like
20.0,492,intermediate_plastic
20.0,493,ambiguous
20.0,494,epithelial_like
20.0,495,epithelial_like
20.0,496,epithelial_like
20.0,497,intermediate_plastic
20.0,498,epithelial_like
20.0,499,ambiguous
20.0,500,ambiguous
20.0,501,epithelial_like
20.0,502,ambiguous
20.0,503,epithelial_like
20.0,504,ambiguous
20.0,505,epithelial_like
20.0,506,epithelial_like
20.0,507,ambiguous
20.0,508,ambiguous
20.0,509,intermediate_plastic
20.0,510,intermediate_plastic
20.0,511,ambiguous
20.0,512,intermediate_plastic
20.0,513,intermediate_plastic
20.0,514,intermediate_plastic
20.0,515,ambiguous
20.0,516,ambiguous
20.0,517,epithelial_like
20.0,518,ambiguous
20.0,519,intermediate_plastic
20.0,520,epithelial_like
20.0,521,ambiguous
20.0,522,epithelial_like
20.0,523,epithelial_like
20.0,524,intermediate_plastic
20.0,525,ambiguous
20.0,526,intermediate_plastic
20.0,527,ambiguous
20.0,528,epithelial_like
20.0,529,epithelial_like
20.0,530,epithelial_like
20.0,531,epithelial_like
20.0,532,ambiguous
20.0,533,epithelial_like
20.0,534,epithelial_like
20.0,535,ambiguous
20.0,536,epithelial_like
20.0,537,epithelial_like
20.0,538,epithelial_like
20.0,539,ambiguous
20.0,540,ambiguous
20.0,541,intermediate_plastic
20.0,542,ambiguous
20.0,543,intermediate_plastic
20.0,544,ambiguous
20.0,545,intermediate_plastic
20.0,546,intermediate_plastic
20.0,547,epithelial_like
20.0,548,epithelial_like
20.0,549,intermediate_plastic
20.0,550,epithelial_like
20.0,551,ambiguous
20.0,552,intermediate_plastic
20.0,553,epithelial_like
20.0,554,intermediate_plastic
20.0,555,epithelial_like
20.0,556,intermediate_plastic
20.0,557,epithelial_like
20.0,558,epithelial_like
20.0,559,ambiguous
20.0,560,epithelial_like
20.0,561,ambiguous
20.0,562,epithelial_like
20.0,563,epithelial_like
20.0,564,intermediate_plastic
20.0,565,ambiguous
20.0,566,ambiguous
20.0,567,intermediate_plastic
20.0,568,intermediate_plastic
20.0,569,epithelial_like
20.0,570,ambiguous
20.0,571,ambiguous
20.0,572,epithelial_like
20.0,573,ambiguous
20.0,574,intermediate_plastic
20.0,575,epithelial_like
20.0,576,intermediate_plastic
20.0,577,intermediate_plastic
20.0,578,ambiguous
20.0,579,epithelial_like
20.0,580,epithelial_like
20.0,581,epithelial_like
20.0,582,ambiguous
20.0,583,epithelial_like
20.0,584,ambiguous
20.0,585,intermediate_plastic
20.0,586,intermediate_plastic
20.0,587,epithelial_like
20.0,588,intermediate_plastic
20.0,589,ambiguous
20.0,590,ambiguous
20.0,591,epithelial_like
20.0,592,ambiguous
20.0,593,ambiguous
20.0,594,epithelial_like
20.0,595,ambiguous
20.0,596,epithelial_like
20.0,597,intermediate_plastic
20.0,598,ambiguous
20.0,599,epithelial_like
20.0,600,intermediate_plastic
20.0,601,ambiguous
20.0,602,epithelial_like
20.0,603,ambiguous
20.0,604,epithelial_like
20.0,605,intermediate_plastic
20.0,606,ambiguous
20.0,607,epithelial_like
20.0,608,epithelial_like
20.0,609,epithelial_like
20.0,610,epithelial_like
20.0,611,ambiguous
20.0,612,ambiguous
20.0,613,intermediate_plastic
20.0,614,intermediate_plastic
20.0,615,intermediate_plastic
20.0,616,epithelial_like
20.0,617,intermediate_plastic
20.0,618,epithelial_like
20.0,619,epithelial_like
20.0,620,intermediate_plastic
20.0,621,epithelial_like
20.0,622,intermediate_plastic
20.0,623,epithelial_like
20.0,624,intermediate_plastic
20.0,625,intermediate_plastic
20.0,626,epithelial_like
20.0,627,epithelial_like
20.0,628,ambiguous
20.0,629,epithelial_like
20.0,630,epithelial_like
20.0,631,epithelial_like
20.0,632,ambiguous
20.0,633,epithelial_like
20.0,634,epithelial_like
20.0,635,epithelial_like
20.0,636,intermediate_plastic
20.0,637,intermediate_plastic
20.0,638,ambiguous
20.0,639,ambiguous
20.0,640,ambiguous
20.0,641,epithelial_like
20.0,642,intermediate_plastic
20.0,643,epithelial_like
20.0,644,epithelial_like
20.0,645,epithelial_like
20.0,646,ambiguous
20.0,647,intermediate_plastic
20.0,648,epithelial_like
20.0,649,epithelial_like
20.0,650,ambiguous
20.0,651,ambiguous
20.0,652,epithelial_like
20.0,653,ambiguous
20.0,654,intermediate_plastic
20.0,655,ambiguous
20.0,656,epithelial_like
20.0,657,epithelial_like
20.0,658,epithelial_like
20.0,659,epithelial_like
20.0,660,epithelial_like
20.0,661,epithelial_like
20.0,662,epithelial_like
20.0,663,ambiguous
20.0,664,ambiguous
20.0,665,ambiguous
20.0,666,epithelial_like
20.0,667,ambiguous
20.0,668,epithelial_like
20.0,669,epithelial_like
20.0,670,epithelial_like
20.0,671,epithelial_like
20.0,672,intermediate_plastic
20.0,673,epithelial_like
20.0,674,intermediate_plastic
20.0,675,epithelial_like
20.0,676,epithelial_like
20.0,677,epithelial_like
20.0,678,intermediate_plastic
20.0,679,ambiguous
20.0,680,epithelial_like
20.0,681,epithelial_like
20.0,682,intermediate_plastic
20.0,683,ambiguous
20.0,684,ambiguous
20.0,685,intermediate_plastic
20.0,686,epithelial_like
20.0,687,epithelial_like
20.0,688,epithelial_like
20.0,689,ambiguous
20.0,690,ambiguous
20.0,691,intermediate_plastic
20.0,692,ambiguous
20.0,693,epithelial_like
20.0,694,intermediate_plastic
20.0,695,intermediate_plastic
20.0,696,epithelial_like
20.0,697,ambiguous
20.0,698,epithelial_like
20.0,699,intermediate_plastic
20.0,700,intermediate_plastic
20.0,701,epithelial_like
20.0,702,ambiguous
20.0,703,epithelial_like
20.0,704,ambiguous
20.0,705,epithelial_like
20.0,706,epithelial_like
20.0,707,epithelial_like
20.0,708,ambiguous
20.0,709,ambiguous
20.0,710,ambiguous
20.0,711,epithelial_like
20.0,712,epithelial_like
20.0,713,epithelial_like
20.0,714,intermediate_plastic
20.0,715,intermediate_plastic
20.0,716,epithelial_like
20.0,717,epithelial_like
20.0,718,epithelial_like
20.0,719,intermediate_plastic
20.0,720,intermediate_plastic
20.0,721,epithelial_like
20.0,722,ambiguous
20.0,723,intermediate_plastic
20.0,724,ambiguous
20.0,725,epithelial_like
20.0,726,ambiguous
20.0,727,epithelial_like
20.0,728,epithelial_like
20.0,729,intermediate_plastic
20.0,730,epithelial_like
20.0,731,intermediate_plastic
20.0,732,epithelial_like
20.0,733,epithelial_like
20.0,734,ambiguous
20.0,735,intermediate_plastic
20.0,736,epithelial_like
20.0,737,epithelial_like
20.0,738,intermediate_plastic
20.0,739,epithelial_like
20.0,740,ambiguous
20.0,741,epithelial_like
20.0,742,intermediate_plastic
20.0,743,ambiguous
20.0,744,ambiguous
20.0,745,epithelial_like
20.0,746,epithelial_like
20.0,747,ambiguous
20.0,748,epithelial_like
20.0,749,intermediate_plastic
20.0,750,ambiguous
20.0,751,intermediate_plastic
20.0,752,intermediate_plastic
20.0,753,ambiguous
20.0,754,epithelial_like
20.0,755,epithelial_like
20.0,756,ambiguous
20.0,757,epithelial_like
20.0,758,epithelial_like
20.0,759,intermediate_plastic
20.0,760,ambiguous
20.0,761,epithelial_like
20.0,762,intermediate_plastic
20.0,763,intermediate_plastic
20.0,764,intermediate_plastic
20.0,765,epithelial_like
20.0,766,ambiguous
20.0,767,ambiguous
20.0,768,intermediate_plastic
20.0,769,intermediate_plastic
20.0,770,intermediate_plastic
20.0,771,ambiguous
20.0,772,ambiguous
20.0,773,epithelial_like
20.0,774,intermediate_plastic
20.0,775,ambiguous
20.0,776,ambiguous
20.0,777,epithelial_like
20.0,778,epithelial_like
20.0,779,ambiguous
20.0,780,epithelial_like
20.0,781,epithelial_like
20.0,782,epithelial_like
20.0,783,intermediate_plastic
20.0,784,ambiguous
20.0,785,epithelial_like
20.0,786,intermediate_plastic
20.0,787,ambiguous
20.0,788,epithelial_like
20.0,789,epithelial_like
20.0,790,epithelial_like
20.0,791,epithelial_like
20.0,792,ambiguous
20.0,793,epithelial_like
20.0,794,ambiguous
20.0,795,intermediate_plastic
20.0,796,ambiguous
20.0,797,epithelial_like
20.0,798,epithelial_like
20.0,799,ambiguous
20.0,800,intermediate_plastic
20.0,801,intermediate_plastic
20.0,802,ambiguous
20.0,803,ambiguous
20.0,804,epithelial_like
20.0,805,ambiguous
20.0,806,ambiguous
20.0,807,intermediate_plastic
20.0,808,epithelial_like
20.0,809,intermediate_plastic
20.0,810,epithelial_like
20.0,811,epithelial_like
20.0,812,epithelial_like
20.0,813,ambiguous
20.0,814,epithelial_like
20.0,815,epithelial_like
20.0,816,intermediate_plastic
20.0,817,ambiguous
20.0,818,epithelial_like
20.0,819,intermediate_plastic
20.0,820,intermediate_plastic
20.0,821,epithelial_like
20.0,822,intermediate_plastic
20.0,823,ambiguous
20.0,824,epithelial_like
20.0,825,ambiguous
20.0,826,epithelial_like
20.0,827,ambiguous
20.0,828,ambiguous
20.0,829,intermediate_plastic
20.0,830,epithelial_like
20.0,831,intermediate_plastic
20.0,832,epithelial_like
20.0,833,ambiguous
20.0,834,ambiguous
20.0,835,epithelial_like
20.0,836,intermediate_plastic
20.0,837,ambiguous
20.0,838,epithelial_like
20.0,839,intermediate_plastic
20.0,840,epithelial_like
20.0,841,epithelial_like
20.0,842,epithelial_like
20.0,843,epithelial_like
20.0,844,epithelial_like
20.0,845,ambiguous
20.0,846,intermediate_plastic
20.0,847,intermediate_plastic
20.0,848,ambiguous
20.0,849,epithelial_like
20.0,850,ambiguous
20.0,851,intermediate_plastic
20.0,852,intermediate_plastic
20.0,853,intermediate_plastic
20.0,854,epithelial_like
20.0,855,ambiguous
20.0,856,intermediate_plastic
20.0,857,intermediate_plastic
20.0,858,epithelial_like
20.0,859,intermediate_plastic
20.0,860,intermediate_plastic
20.0,861,epithelial_like
20.0,862,epithelial_like
20.0,863,epithelial_like
20.0,864,epithelial_like
20.0,865,intermediate_plastic
20.0,866,intermediate_plastic
20.0,867,epithelial_like
20.0,868,intermediate_plastic
20.0,869,epithelial_like
20.0,870,epithelial_like
20.0,871,epithelial_like
20.0,872,ambiguous
20.0,873,epithelial_like
20.0,874,ambiguous
20.0,875,epithelial_like
20.0,876,intermediate_plastic
20.0,877,ambiguous
20.0,878,epithelial_like
20.0,879,epithelial_like
20.0,880,intermediate_plastic
20.0,881,intermediate_plastic
20.0,882,intermediate_plastic
20.0,883,epithelial_like
20.0,884,epithelial_like
20.0,885,intermediate_plastic
20.0,886,ambiguous
20.0,887,ambiguous
20.0,888,epithelial_like
20.0,889,ambiguous
20.0,890,epithelial_like
20.0,891,ambiguous
20.0,892,ambiguous
20.0,893,epithelial_like
20.0,894,ambiguous
20.0,895,ambiguous
20.0,896,epithelial_like
20.0,897,epithelial_like
20.0,898,intermediate_plastic
20.0,899,epithelial_like
20.0,900,ambiguous
20.0,901,epithelial_like
20.0,902,intermediate_plastic
20.0,903,ambiguous
20.0,904,intermediate_plastic
20.0,905,epithelial_like
20.0,906,ambiguous
20.0,907,epithelial_like
20.0,908,intermediate_plastic
20.0,909,intermediate_plastic
20.0,910,epithelial_like
20.0,911,epithelial_like
20.0,912,intermediate_plastic
20.0,913,epithelial_like
20.0,914,epithelial_like
20.0,915,intermediate_plastic
20.0,916,epithelial_like
20.0,917,intermediate_plastic
20.0,918,epithelial_like
20.0,919,intermediate_plastic
20.0,920,epithelial_like
20.0,921,ambiguous
20.0,922,ambiguous
20.0,923,intermediate_plastic
20.0,924,epithelial_like
20.0,925,epithelial_like
20.0,926,epithelial_like
20.0,927,epithelial_like
20.0,928,epithelial_like
20.0,929,intermediate_plastic
20.0,930,intermediate_plastic
20.0,931,epithelial_like
20.0,932,ambiguous
20.0,933,epithelial_like
20.0,934,epithelial_like
20.0,935,ambiguous
20.0,936,ambiguous
20.0,937,ambiguous
20.0,938,epithelial_like
20.0,939,ambiguous
20.0,940,epithelial_like
20.0,941,epithelial_like
20.0,942,ambiguous
20.0,943,epithelial_like
20.0,944,epithelial_like
20.0,945,intermediate_plastic
20.0,946,intermediate_plastic
20.0,947,epithelial_like
20.0,948,intermediate_plastic
20.0,949,epithelial_like
20.0,950,epithelial_like
20.0,951,epithelial_like
20.0,952,intermediate_plastic
20.0,953,ambiguous
20.0,954,ambiguous
20.0,955,intermediate_plastic
20.0,956,ambiguous
20.0,957,ambiguous
20.0,958,intermediate_plastic
20.0,959,epithelial_like
20.0,960,epithelial_like
20.0,961,intermediate_plastic
20.0,962,intermediate_plastic
20.0,963,intermediate_plastic
20.0,964,epithelial_like
20.0,965,epithelial_like
20.0,966,ambiguous
20.0,967,epithelial_like
20.0,968,intermediate_plastic
20.0,969,intermediate_plastic
20.0,970,epithelial_like
20.0,971,ambiguous
20.0,972,epithelial_like
20.0,973,epithelial_like
20.0,974,epithelial_like
20.0,975,intermediate_plastic
20.0,976,epithelial_like
20.0,977,intermediate_plastic
20.0,978,intermediate_plastic
20.0,979,intermediate_plastic
20.0,980,epithelial_like
20.0,981,intermediate_plastic
20.0,982,epithelial_like
20.0,983,intermediate_plastic
20.0,984,epithelial_like
20.0,985,ambiguous
20.0,986,intermediate_plastic
20.0,987,ambiguous
20.0,988,epithelial_like
20.0,989,ambiguous
20.0,990,epithelial_like
20.0,991,epithelial_like
20.0,992,epithelial_like
20.0,993,ambiguous
20.0,994,epithelial_like
20.0,995,ambiguous
20.0,996,ambiguous
20.0,997,epithelial_like
20.0,998,epithelial_like
20.0,999,intermediate_plastic
20.0,1000,ambiguous
20.0,1001,epithelial_like
20.0,1002,epithelial_like
20.0,1003,intermediate_plastic
20.0,1004,epithelial_like
20.0,1005,epithelial_like
20.0,1006,ambiguous
20.0,1007,epithelial_like
20.0,1008,ambiguous
20.0,1009,ambiguous
20.0,1010,ambiguous
20.0,1011,intermediate_plastic
20.0,1012,epithelial_like
20.0,1013,epithelial_like
20.0,1014,epithelial_like
20.0,1015,epithelial_like
20.0,1016,epithelial_like
20.0,1017,ambiguous
20.0,1018,intermediate_plastic
20.0,1019,epithelial_like
20.0,1020,ambiguous
20.0,1021,epithelial_like
20.0,1022,epithelial_like
20.0,1023,intermediate_plastic
20.0,1024,epithelial_like
20.0,1025,ambiguous
20.0,1026,epithelial_like
20.0,1027,epithelial_like
20.0,1028,ambiguous
20.0,1029,ambiguous
20.0,1030,intermediate_plastic
20.0,1031,ambiguous
20.0,1032,intermediate_plastic
20.0,1033,intermediate_plastic
20.0,1034,epithelial_like
20.0,1035,epithelial_like
20.0,1036,epithelial_like
20.0,1037,epithelial_like
20.0,1038,epithelial_like
20.0,1039,epithelial_like
20.0,1040,ambiguous
20.0,1041,epithelial_like
20.0,1042,ambiguous
20.0,1043,intermediate_plastic
20.0,1044,epithelial_like
20.0,1045,epithelial_like
20.0,1046,intermediate_plastic
20.0,1047,epithelial_like
20.0,1048,ambiguous
20.0,1049,ambiguous
20.0,1050,ambiguous
20.0,1051,epithelial_like
20.0,1052,ambiguous
20.0,1053,epithelial_like
20.0,1054,ambiguous
20.0,1055,ambiguous
20.0,1056,epithelial_like
20.0,1057,ambiguous
20.0,1058,epithelial_like
20.0,1059,ambiguous
20.0,1060,ambiguous
20.0,1061,ambiguous
20.0,1062,epithelial_like
20.0,1063,epithelial_like
20.0,1064,ambiguous
20.0,1065,intermediate_plastic
20.0,1066,epithelial_like
20.0,1067,epithelial_like
20.0,1068,ambiguous
20.0,1069,epithelial_like
20.0,1070,epithelial_like
20.0,1071,epithelial_like
20.0,1072,ambiguous
20.0,1073,ambiguous
20.0,1074,epithelial_like
20.0,1075,intermediate_plastic
20.0,1076,ambiguous
20.0,1077,intermediate_plastic
20.0,1078,epithelial_like
20.0,1079,epithelial_like
20.0,1080,epithelial_like
20.0,1081,intermediate_plastic
20.0,1082,epithelial_like
20.0,1083,intermediate_plastic
20.0,1084,epithelial_like
20.0,1085,epithelial_like
20.0,1086,ambiguous
20.0,1087,intermediate_plastic
20.0,1088,epithelial_like
20.0,1089,epithelial_like
20.0,1090,ambiguous
20.0,1091,intermediate_plastic
20.0,1092,epithelial_like
20.0,1093,ambiguous
20.0,1094,ambiguous
20.0,1095,epithelial_like
20.0,1096,epithelial_like
20.0,1097,ambiguous
20.0,1098,epithelial_like
20.0,1099,epithelial_like
20.0,1100,epithelial_like
20.0,1101,ambiguous
20.0,1102,ambiguous
20.0,1103,intermediate_plastic
20.0,1104,epithelial_like
20.0,1105,intermediate_plastic
20.0,1106,epithelial_like
20.0,1107,epithelial_like
20.0,1108,epithelial_like
20.0,1109,epithelial_like
20.0,1110,intermediate_plastic
20.0,1111,epithelial_like
20.0,1112,epithelial_like
20.0,1113,intermediate_plastic
20.0,1114,ambiguous
20.0,1115,intermediate_plastic
20.0,1116,epithelial_like
20.0,1117,intermediate_plastic
20.0,1118,epithelial_like
20.0,1119,ambiguous
20.0,1120,intermediate_plastic
20.0,1121,intermediate_plastic
20.0,1122,intermediate_plastic
20.0,1123,intermediate_plastic
20.0,1124,intermediate_plastic
20.0,1125,epithelial_like
20.0,1126,epithelial_like
20.0,1127,epithelial_like
20.0,1128,epithelial_like
20.0,1129,epithelial_like
20.0,1130,epithelial_like
20.0,1131,ambiguous
20.0,1132,ambiguous
20.0,1133,epithelial_like
20.0,1134,intermediate_plastic
20.0,1135,epithelial_like
20.0,1136,epithelial_like
20.0,1137,intermediate_plastic
20.0,1138,ambiguous
20.0,1139,ambiguous
20.0,1140,epithelial_like
20.0,1141,epithelial_like
20.0,1142,epithelial_like
20.0,1143,epithelial_like
20.0,1144,ambiguous
20.0,1145,intermediate_plastic
20.0,1146,epithelial_like
20.0,1147,intermediate_plastic
20.0,1148,epithelial_like
20.0,1149,epithelial_like
20.0,1150,ambiguous
20.0,1151,epithelial_like
20.0,1152,epithelial_like
20.0,1153,epithelial_like
20.0,1154,epithelial_like
20.0,1155,ambiguous
20.0,1156,ambiguous
20.0,1157,epithelial_like
20.0,1158,ambiguous
20.0,1159,ambiguous
20.0,1160,epithelial_like
20.0,1161,epithelial_like
20.0,1162,epithelial_like
20.0,1163,epithelial_like
20.0,1164,intermediate_plastic
20.0,1165,epithelial_like
20.0,1166,ambiguous
20.0,1167,intermediate_plastic
20.0,1168,intermediate_plastic
20.0,1169,intermediate_plastic
20.0,1170,ambiguous
20.0,1171,epithelial_like
20.0,1172,epithelial_like
20.0,1173,intermediate_plastic
20.0,1174,ambiguous
20.0,1175,intermediate_plastic
20.0,1176,epithelial_like
20.0,1177,epithelial_like
20.0,1178,epithelial_like
20.0,1179,epithelial_like
20.0,1180,epithelial_like
20.0,1181,epithelial_like
20.0,1182,epithelial_like
20.0,1183,ambiguous
20.0,1184,ambiguous
20.0,1185,ambiguous
20.0,1186,ambiguous
20.0,1187,intermediate_plastic
20.0,1188,ambiguous
20.0,1189,intermediate_plastic
20.0,1190,intermediate_plastic
20.0,1191,ambiguous
20.0,1192,epithelial_like
20.0,1193,intermediate_plastic
20.0,1194,epithelial_like
20.0,1195,ambiguous
20.0,1196,epithelial_like
20.0,1197,epithelial_like
20.0,1198,epithelial_like
20.0,1199,intermediate_plastic
20.0,1200,epithelial_like
20.0,1201,intermediate_plastic
20.0,1202,intermediate_plastic
20.0,1203,intermediate_plastic
20.0,1204,epithelial_like
20.0,1205,epithelial_like
20.0,1206,epithelial_like
20.0,1207,epithelial_like
20.0,1208,epithelial_like
20.0,1209,epithelial_like
20.0,1210,ambiguous
20.0,1211,epithelial_like
20.0,1212,intermediate_plastic
20.0,1213,intermediate_plastic
20.0,1214,epithelial_like
20.0,1215,intermediate_plastic
20.0,1216,ambiguous
20.0,1217,ambiguous
20.0,1218,intermediate_plastic
20.0,1219,intermediate_plastic
20.0,1220,epithelial_like
20.0,1221,epithelial_like
20.0,1222,intermediate_plastic
20.0,1223,epithelial_like
20.0,1224,epithelial_like
20.0,1225,epithelial_like
20.0,1226,ambiguous
20.0,1227,intermediate_plastic
20.0,1228,epithelial_like
20.0,1229,epithelial_like
20.0,1230,intermediate_plastic
20.0,1231,epithelial_like
20.0,1232,ambiguous
20.0,1233,epithelial_like
20.0,1234,intermediate_plastic
20.0,1235,epithelial_like
20.0,1236,ambiguous
20.0,1237,epithelial_like
20.0,1238,epithelial_like
20.0,1239,epithelial_like
20.0,1240,ambiguous
20.0,1241,intermediate_plastic
20.0,1242,ambiguous
20.0,1243,intermediate_plastic
20.0,1244,epithelial_like
20.0,1245,epithelial_like
20.0,1246,epithelial_like
20.0,1247,ambiguous
20.0,1248,ambiguous
20.0,1249,epithelial_like
20.0,1250,intermediate_plastic
20.0,1251,epithelial_like
20.0,1252,epithelial_like
20.0,1253,ambiguous
20.0,1254,ambiguous
20.0,1255,ambiguous
20.0,1256,ambiguous
20.0,1257,epithelial_like
20.0,1258,ambiguous
20.0,1259,intermediate_plastic
20.0,1260,intermediate_plastic
20.0,1261,ambiguous
20.0,1262,epithelial_like
20.0,1263,epithelial_like
20.0,1264,intermediate_plastic
20.0,1265,ambiguous
20.0,1266,intermediate_plastic
20.0,1267,intermediate_plastic
20.0,1268,intermediate_plastic
20.0,1269,epithelial_like
20.0,1270,intermediate_plastic
20.0,1271,intermediate_plastic
20.0,1272,epithelial_like
20.0,1273,epithelial_like
20.0,1274,ambiguous
20.0,1275,epithelial_like
20.0,1276,intermediate_plastic
20.0,1277,intermediate_plastic
20.0,1278,epithelial_like
20.0,1279,intermediate_plastic
20.0,1280,intermediate_plastic
20.0,1281,ambiguous
20.0,1282,ambiguous
20.0,1283,intermediate_plastic
20.0,1284,ambiguous
20.0,1285,ambiguous
20.0,1286,epithelial_like
20.0,1287,ambiguous
20.0,1288,epithelial_like
20.0,1289,intermediate_plastic
20.0,1290,ambiguous
20.0,1291,epithelial_like
20.0,1292,intermediate_plastic
20.0,1293,intermediate_plastic
20.0,1294,epithelial_like
20.0,1295,ambiguous
20.0,1296,epithelial_like
20.0,1297,epithelial_like
20.0,1298,epithelial_like
20.0,1299,ambiguous
20.0,1300,epithelial_like
20.0,1301,epithelial_like
20.0,1302,ambiguous
20.0,1303,ambiguous
20.0,1304,epithelial_like
20.0,1305,epithelial_like
20.0,1306,intermediate_plastic
20.0,1307,ambiguous
20.0,1308,ambiguous
20.0,1309,ambiguous
20.0,1310,epithelial_like
20.0,1311,ambiguous
20.0,1312,epithelial_like
20.0,1313,ambiguous
20.0,1314,intermediate_plastic
20.0,1315,ambiguous
20.0,1316,epithelial_like
20.0,1317,epithelial_like
20.0,1318,ambiguous
20.0,1319,intermediate_plastic
20.0,1320,epithelial_like
20.0,1321,epithelial_like
20.0,1322,ambiguous
20.0,1323,ambiguous
20.0,1324,ambiguous
20.0,1325,ambiguous
20.0,1326,epithelial_like
20.0,1327,ambiguous
20.0,1328,epithelial_like
20.0,1329,ambiguous
20.0,1330,ambiguous
20.0,1331,ambiguous
20.0,1332,ambiguous
20.0,1333,intermediate_plastic
20.0,1334,epithelial_like
20.0,1335,epithelial_like
20.0,1336,intermediate_plastic
20.0,1337,intermediate_plastic
20.0,1338,epithelial_like
20.0,1339,epithelial_like
20.0,1340,epithelial_like
20.0,1341,epithelial_like
20.0,1342,ambiguous
20.0,1343,epithelial_like
20.0,1344,ambiguous
20.0,1345,epithelial_like
20.0,1346,intermediate_plastic
20.0,1347,ambiguous
20.0,1348,ambiguous
20.0,1349,epithelial_like
20.0,1350,intermediate_plastic
20.0,1351,intermediate_plastic
20.0,1352,epithelial_like
20.0,1353,epithelial_like
20.0,1354,epithelial_like
20.0,1355,ambiguous
20.0,1356,epithelial_like
20.0,1357,intermediate_plastic
20.0,1358,epithelial_like
20.0,1359,epithelial_like
20.0,1360,ambiguous
20.0,1361,intermediate_plastic
20.0,1362,intermediate_plastic
20.0,1363,epithelial_like
20.0,1364,epithelial_like
20.0,1365,epithelial_like
20.0,1366,epithelial_like
20.0,1367,epithelial_like
20.0,1368,ambiguous
20.0,1369,epithelial_like
20.0,1370,epithelial_like
20.0,1371,intermediate_plastic
20.0,1372,ambiguous
20.0,1373,ambiguous
20.0,1374,epithelial_like
20.0,1375,epithelial_like
20.0,1376,ambiguous
20.0,1377,intermediate_plastic
20.0,1378,epithelial_like
20.0,1379,ambiguous
20.0,1380,intermediate_plastic
20.0,1381,intermediate_plastic
20.0,1382,ambiguous
20.0,1383,intermediate_plastic
20.0,1384,epithelial_like
20.0,1385,epithelial_like
20.0,1386,epithelial_like
20.0,1387,ambiguous
20.0,1388,intermediate_plastic
20.0,1389,intermediate_plastic
20.0,1390,epithelial_like
20.0,1391,ambiguous
20.0,1392,intermediate_plastic
20.0,1393,ambiguous
20.0,1394,epithelial_like
20.0,1395,ambiguous
20.0,1396,ambiguous
20.0,1397,epithelial_like
20.0,1398,epithelial_like
20.0,1399,epithelial_like
20.0,1400,epithelial_like
20.0,1401,epithelial_like
20.0,1402,intermediate_plastic
20.0,1403,intermediate_plastic
20.0,1404,epithelial_like
20.0,1405,intermediate_plastic
20.0,1406,epithelial_like
20.0,1407,intermediate_plastic
20.0,1408,epithelial_like
20.0,1409,intermediate_plastic
20.0,1410,ambiguous
20.0,1411,ambiguous
20.0,1412,ambiguous
20.0,1413,ambiguous
20.0,1414,intermediate_plastic
20.0,1415,intermediate_plastic
20.0,1416,epithelial_like
20.0,1417,epithelial_like
20.0,1418,epithelial_like
20.0,1419,intermediate_plastic
20.0,1420,epithelial_like
20.0,1421,intermediate_plastic
20.0,1422,epithelial_like
20.0,1423,intermediate_plastic
20.0,1424,intermediate_plastic
20.0,1425,ambiguous
20.0,1426,ambiguous
20.0,1427,epithelial_like
20.0,1428,intermediate_plastic
20.0,1429,epithelial_like
20.0,1430,ambiguous
20.0,1431,intermediate_plastic
20.0,1432,ambiguous
20.0,1433,intermediate_plastic
20.0,1434,epithelial_like
20.0,1435,epithelial_like
20.0,1436,ambiguous
20.0,1437,epithelial_like
20.0,1438,epithelial_like
20.0,1439,epithelial_like
20.0,1440,epithelial_like
20.0,1441,intermediate_plastic
20.0,1442,ambiguous
20.0,1443,ambiguous
20.0,1444,epithelial_like
20.0,1445,intermediate_plastic
20.0,1446,epithelial_like
20.0,1447,intermediate_plastic
20.0,1448,ambiguous
20.0,1449,intermediate_plastic
20.0,1450,epithelial_like
20.0,1451,intermediate_plastic
20.0,1452,intermediate_plastic
20.0,1453,ambiguous
20.0,1454,epithelial_like
20.0,1455,intermediate_plastic
20.0,1456,epithelial_like
20.0,1457,epithelial_like
20.0,1458,intermediate_plastic
20.0,1459,epithelial_like
20.0,1460,intermediate_plastic
20.0,1461,ambiguous
20.0,1462,ambiguous
20.0,1463,epithelial_like
20.0,1464,ambiguous
20.0,1465,ambiguous
20.0,1466,epithelial_like
20.0,1467,epithelial_like
20.0,1468,epithelial_like
20.0,1469,intermediate_plastic
20.0,1470,ambiguous
20.0,1471,epithelial_like
20.0,1472,intermediate_plastic
20.0,1473,epithelial_like
20.0,1474,ambiguous
20.0,1475,epithelial_like
20.0,1476,epithelial_like
20.0,1477,ambiguous
20.0,1478,ambiguous
20.0,1479,epithelial_like
20.0,1480,epithelial_like
20.0,1481,epithelial_like
20.0,1482,ambiguous
20.0,1483,epithelial_like
20.0,1484,epithelial_like
20.0,1485,ambiguous
20.0,1486,ambiguous
20.0,1487,intermediate_plastic
20.0,1488,epithelial_like
20.0,1489,ambiguous
20.0,1490,epithelial_like
20.0,1491,ambiguous
20.0,1492,ambiguous
20.0,1493,epithelial_like
20.0,1494,ambiguous
20.0,1495,epithelial_like
20.0,1496,ambiguous
20.0,1497,epithelial_like
20.0,1498,epithelial_like
20.0,1499,ambiguous
20.0,1500,epithelial_like
20.0,1501,epithelial_like
20.0,1502,ambiguous
20.0,1503,epithelial_like
20.0,1504,ambiguous
20.0,1505,ambiguous
20.0,1506,ambiguous
20.0,1507,epithelial_like
20.0,1508,intermediate_plastic
20.0,1509,epithelial_like
20.0,1510,ambiguous
20.0,1511,intermediate_plastic
20.0,1512,ambiguous
20.0,1513,ambiguous
20.0,1514,epithelial_like
20.0,1515,epithelial_like
20.0,1516,epithelial_like
20.0,1517,epithelial_like
20.0,1518,epithelial_like
20.0,1519,epithelial_like
20.0,1520,ambiguous
20.0,1521,ambiguous
20.0,1522,intermediate_plastic
20.0,1523,epithelial_like
20.0,1524,ambiguous
20.0,1525,epithelial_like
20.0,1526,epithelial_like
20.0,1527,ambiguous
20.0,1528,epithelial_like
20.0,1529,ambiguous
20.0,1530,ambiguous
20.0,1531,epithelial_like
20.0,1532,ambiguous
20.0,1533,ambiguous
20.0,1534,intermediate_plastic
20.0,1535,epithelial_like
20.0,1536,intermediate_plastic
20.0,1537,intermediate_plastic
20.0,1538,ambiguous
20.0,1539,epithelial_like
20.0,1540,epithelial_like
20.0,1541,ambiguous
20.0,1542,intermediate_plastic
20.0,1543,ambiguous
20.0,1544,epithelial_like
20.0,1545,ambiguous
20.0,1546,epithelial_like
20.0,1547,intermediate_plastic
20.0,1548,intermediate_plastic
20.0,1549,ambiguous
20.0,1550,epithelial_like
20.0,1551,epithelial_like
20.0,1552,epithelial_like
20.0,1553,epithelial_like
20.0,1554,ambiguous
20.0,1555,ambiguous
20.0,1556,epithelial_like
20.0,1557,ambiguous
20.0,1558,epithelial_like
20.0,1559,epithelial_like
20.0,1560,epithelial_like
20.0,1561,intermediate_plastic
20.0,1562,ambiguous
20.0,1563,epithelial_like
20.0,1564,ambiguous
20.0,1565,epithelial_like
20.0,1566,ambiguous
20.0,1567,ambiguous
20.0,1568,ambiguous
20.0,1569,intermediate_plastic
20.0,1570,epithelial_like
20.0,1571,ambiguous
20.0,1572,epithelial_like
20.0,1573,epithelial_like
20.0,1574,ambiguous
20.0,1575,epithelial_like
20.0,1576,ambiguous
20.0,1577,epithelial_like
20.0,1578,ambiguous
20.0,1579,intermediate_plastic
20.0,1580,epithelial_like
20.0,1581,ambiguous
20.0,1582,epithelial_like
20.0,1583,epithelial_like
20.0,1584,epithelial_like
20.0,1585,intermediate_plastic
20.0,1586,epithelial_like
20.0,1587,ambiguous
20.0,1588,ambiguous
20.0,1589,epithelial_like
20.0,1590,epithelial_like
20.0,1591,ambiguous
20.0,1592,epithelial_like
20.0,1593,epithelial_like
20.0,1594,intermediate_plastic
20.0,1595,intermediate_plastic
20.0,1596,intermediate_plastic
20.0,1597,intermediate_plastic
20.0,1598,epithelial_like
20.0,1599,epithelial_like
20.0,1600,intermediate_plastic
20.0,1601,epithelial_like
20.0,1602,epithelial_like
20.0,1603,ambiguous
20.0,1604,epithelial_like
20.0,1605,ambiguous
20.0,1606,epithelial_like
20.0,1607,ambiguous
20.0,1608,intermediate_plastic
20.0,1609,epithelial_like
20.0,1610,epithelial_like
20.0,1611,epithelial_like
20.0,1612,epithelial_like
20.0,1613,epithelial_like
20.0,1614,epithelial_like
20.0,1615,intermediate_plastic
20.0,1616,ambiguous
20.0,1617,ambiguous
20.0,1618,ambiguous
20.0,1619,epithelial_like
20.0,1620,epithelial_like
20.0,1621,ambiguous
20.0,1622,epithelial_like
20.0,1623,epithelial_like
20.0,1624,epithelial_like
20.0,1625,intermediate_plastic
20.0,1626,intermediate_plastic
20.0,1627,intermediate_plastic
20.0,1628,ambiguous
20.0,1629,intermediate_plastic
20.0,1630,intermediate_plastic
20.0,1631,intermediate_plastic
20.0,1632,intermediate_plastic
20.0,1633,intermediate_plastic
20.0,1634,ambiguous
20.0,1635,ambiguous
20.0,1636,epithelial_like
20.0,1637,epithelial_like
20.0,1638,ambiguous
20.0,1639,epithelial_like
20.0,1640,intermediate_plastic
20.0,1641,intermediate_plastic
20.0,1642,ambiguous
20.0,1643,epithelial_like
20.0,1644,intermediate_plastic
20.0,1645,ambiguous
20.0,1646,epithelial_like
20.0,1647,ambiguous
20.0,1648,epithelial_like
20.0,1649,epithelial_like
20.0,1650,ambiguous
20.0,1651,intermediate_plastic
20.0,1652,intermediate_plastic
20.0,1653,ambiguous
20.0,1654,epithelial_like
20.0,1655,intermediate_plastic
20.0,1656,epithelial_like
20.0,1657,intermediate_plastic
20.0,1658,ambiguous
20.0,1659,intermediate_plastic
20.0,1660,ambiguous
20.0,1661,ambiguous
20.0,1662,intermediate_plastic
20.0,1663,epithelial_like
20.0,1664,ambiguous
20.0,1665,epithelial_like
20.0,1666,ambiguous
20.0,1667,epithelial_like
20.0,1668,intermediate_plastic
20.0,1669,epithelial_like
20.0,1670,intermediate_plastic
20.0,1671,intermediate_plastic
20.0,1672,ambiguous
20.0,1673,ambiguous
20.0,1674,epithelial_like
20.0,1675,intermediate_plastic
20.0,1676,epithelial_like
20.0,1677,ambiguous
20.0,1678,ambiguous
20.0,1679,ambiguous
20.0,1680,intermediate_plastic
20.0,1681,ambiguous
20.0,1682,intermediate_plastic
20.0,1683,epithelial_like
20.0,1684,intermediate_plastic
20.0,1685,epithelial_like
20.0,1686,ambiguous
20.0,1687,ambiguous
20.0,1688,epithelial_like
20.0,1689,ambiguous
20.0,1690,epithelial_like
20.0,1691,intermediate_plastic
20.0,1692,epithelial_like
20.0,1693,epithelial_like
20.0,1694,ambiguous
20.0,1695,epithelial_like
20.0,1696,ambiguous
20.0,1697,epithelial_like
20.0,1698,epithelial_like
20.0,1699,ambiguous
20.0,1700,epithelial_like
20.0,1701,epithelial_like
20.0,1702,ambiguous
20.0,1703,epithelial_like
20.0,1704,epithelial_like
20.0,1705,ambiguous
20.0,1706,epithelial_like
20.0,1707,intermediate_plastic
20.0,1708,ambiguous
20.0,1709,intermediate_plastic
20.0,1710,epithelial_like
20.0,1711,ambiguous
20.0,1712,intermediate_plastic
20.0,1713,epithelial_like
20.0,1714,ambiguous
20.0,1715,ambiguous
20.0,1716,epithelial_like
20.0,1717,intermediate_plastic
20.0,1718,ambiguous
20.0,1719,epithelial_like
20.0,1720,epithelial_like
20.0,1721,ambiguous
20.0,1722,epithelial_like
20.0,1723,intermediate_plastic
20.0,1724,epithelial_like
20.0,1725,epithelial_like
20.0,1726,intermediate_plastic
20.0,1727,intermediate_plastic
20.0,1728,ambiguous
20.0,1729,epithelial_like
20.0,1730,ambiguous
20.0,1731,epithelial_like
20.0,1732,epithelial_like
20.0,1733,intermediate_plastic
20.0,1734,ambiguous
20.0,1735,intermediate_plastic
20.0,1736,intermediate_plastic
20.0,1737,ambiguous
20.0,1738,epithelial_like
20.0,1739,intermediate_plastic
20.0,1740,epithelial_like
20.0,1741,epithelial_like
20.0,1742,epithelial_like
20.0,1743,epithelial_like
20.0,1744,ambiguous
20.0,1745,epithelial_like
20.0,1746,epithelial_like
20.0,1747,epithelial_like
20.0,1748,epithelial_like
20.0,1749,epithelial_like
20.0,1750,epithelial_like
20.0,1751,epithelial_like
20.0,1752,epithelial_like
20.0,1753,epithelial_like
20.0,1754,ambiguous
20.0,1755,intermediate_plastic
20.0,1756,intermediate_plastic
20.0,1757,intermediate_plastic
20.0,1758,ambiguous
20.0,1759,ambiguous
20.0,1760,intermediate_plastic
20.0,1761,epithelial_like
20.0,1762,intermediate_plastic
20.0,1763,epithelial_like
20.0,1764,intermediate_plastic
20.0,1765,ambiguous
20.0,1766,epithelial_like
20.0,1767,epithelial_like
20.0,1768,intermediate_plastic
20.0,1769,ambiguous
20.0,1770,intermediate_plastic
20.0,1771,epithelial_like
20.0,1772,ambiguous
20.0,1773,ambiguous
20.0,1774,ambiguous
20.0,1775,epithelial_like
20.0,1776,epithelial_like
20.0,1777,intermediate_plastic
20.0,1778,ambiguous
20.0,1779,ambiguous
20.0,1780,epithelial_like
20.0,1781,ambiguous
20.0,1782,epithelial_like
20.0,1783,epithelial_like
20.0,1784,intermediate_plastic
20.0,1785,epithelial_like
20.0,1786,ambiguous
20.0,1787,intermediate_plastic
20.0,1788,epithelial_like
20.0,1789,epithelial_like
20.0,1790,ambiguous
20.0,1791,intermediate_plastic
20.0,1792,intermediate_plastic
20.0,1793,epithelial_like
20.0,1794,epithelial_like
20.0,1795,ambiguous
20.0,1796,intermediate_plastic
20.0,1797,ambiguous
20.0,1798,epithelial_like
20.0,1799,epithelial_like
20.0,1800,ambiguous
20.0,1801,intermediate_plastic
20.0,1802,intermediate_plastic
20.0,1803,intermediate_plastic
20.0,1804,epithelial_like
20.0,1805,epithelial_like
20.0,1806,epithelial_like
20.0,1807,intermediate_plastic
20.0,1808,intermediate_plastic
20.0,1809,epithelial_like
20.0,1810,epithelial_like
20.0,1811,ambiguous
20.0,1812,intermediate_plastic
20.0,1813,ambiguous
20.0,1814,epithelial_like
20.0,1815,intermediate_plastic
20.0,1816,epithelial_like
20.0,1817,epithelial_like
20.0,1818,epithelial_like
20.0,1819,ambiguous
20.0,1820,intermediate_plastic
20.0,1821,ambiguous
20.0,1822,ambiguous
20.0,1823,epithelial_like
20.0,1824,ambiguous
20.0,1825,ambiguous
20.0,1826,epithelial_like
20.0,1827,ambiguous
20.0,1828,epithelial_like
20.0,1829,ambiguous
20.0,1830,intermediate_plastic
20.0,1831,epithelial_like
20.0,1832,ambiguous
20.0,1833,ambiguous
20.0,1834,ambiguous
20.0,1835,intermediate_plastic
20.0,1836,epithelial_like
20.0,1837,intermediate_plastic
20.0,1838,intermediate_plastic
20.0,1839,ambiguous
20.0,1840,epithelial_like
20.0,1841,epithelial_like
20.0,1842,epithelial_like
20.0,1843,ambiguous
20.0,1844,epithelial_like
20.0,1845,ambiguous
20.0,1846,epithelial_like
20.0,1847,epithelial_like
20.0,1848,epithelial_like
20.0,1849,ambiguous
20.0,1850,intermediate_plastic
20.0,1851,ambiguous
20.0,1852,epithelial_like
20.0,1853,epithelial_like
20.0,1854,intermediate_plastic
20.0,1855,epithelial_like
20.0,1856,epithelial_like
20.0,1857,epithelial_like
20.0,1858,ambiguous
20.0,1859,ambiguous
20.0,1860,epithelial_like
20.0,1861,epithelial_like
20.0,1862,epithelial_like
20.0,1863,ambiguous
20.0,1864,epithelial_like
20.0,1865,epithelial_like
20.0,1866,ambiguous
20.0,1867,epithelial_like
20.0,1868,ambiguous
20.0,1869,ambiguous
20.0,1870,epithelial_like
20.0,1871,intermediate_plastic
20.0,1872,ambiguous
20.0,1873,epithelial_like
20.0,1874,epithelial_like
20.0,1875,epithelial_like
20.0,1876,intermediate_plastic
20.0,1877,epithelial_like
20.0,1878,intermediate_plastic
20.0,1879,ambiguous
20.0,1880,ambiguous
20.0,1881,epithelial_like
20.0,1882,intermediate_plastic
20.0,1883,epithelial_like
20.0,1884,epithelial_like
20.0,1885,intermediate_plastic
20.0,1886,epithelial_like
20.0,1887,ambiguous
20.0,1888,epithelial_like
20.0,1889,epithelial_like
20.0,1890,epithelial_like
20.0,1891,epithelial_like
20.0,1892,ambiguous
20.0,1893,intermediate_plastic
20.0,1894,epithelial_like
20.0,1895,epithelial_like
20.0,1896,epithelial_like
20.0,1897,intermediate_plastic
20.0,1898,ambiguous
20.0,1899,epithelial_like
20.0,1900,epithelial_like
20.0,1901,epithelial_like
20.0,1902,epithelial_like
20.0,1903,epithelial_like
20.0,1904,epithelial_like
20.0,1905,epithelial_like
20.0,1906,ambiguous
20.0,1907,epithelial_like
20.0,1908,epithelial_like
20.0,1909,epithelial_like
20.0,1910,intermediate_plastic
20.0,1911,epithelial_like
20.0,1912,epithelial_like
20.0,1913,epithelial_like
20.0,1914,epithelial_like
20.0,1915,epithelial_like
20.0,1916,ambiguous
20.0,1917,intermediate_plastic
20.0,1918,epithelial_like
20.0,1919,epithelial_like
20.0,1920,epithelial_like
20.0,1921,epithelial_like
20.0,1922,epithelial_like
20.0,1923,epithelial_like
20.0,1924,epithelial_like
20.0,1925,epithelial_like
20.0,1926,intermediate_plastic
20.0,1927,ambiguous
20.0,1928,epithelial_like
20.0,1929,intermediate_plastic
20.0,1930,epithelial_like
20.0,1931,intermediate_plastic
20.0,1932,epithelial_like
20.0,1933,epithelial_like
20.0,1934,epithelial_like
20.0,1935,epithelial_like
20.0,1936,ambiguous
20.0,1937,epithelial_like
20.0,1938,intermediate_plastic
20.0,1939,epithelial_like
20.0,1940,epithelial_like
20.0,1941,epithelial_like
20.0,1942,epithelial_like
20.0,1943,intermediate_plastic
20.0,1944,ambiguous
20.0,1945,intermediate_plastic
20.0,1946,epithelial_like
20.0,1947,intermediate_plastic
20.0,1948,epithelial_like
20.0,1949,ambiguous
20.0,1950,epithelial_like
20.0,1951,intermediate_plastic
20.0,1952,intermediate_plastic
20.0,1953,epithelial_like
20.0,1954,epithelial_like
20.0,1955,intermediate_plastic
20.0,1956,ambiguous
20.0,1957,intermediate_plastic
20.0,1958,epithelial_like
20.0,1959,intermediate_plastic
20.0,1960,ambiguous
20.0,1961,epithelial_like
20.0,1962,intermediate_plastic
20.0,1963,ambiguous
20.0,1964,epithelial_like
20.0,1965,epithelial_like
20.0,1966,ambiguous
20.0,1967,epithelial_like
20.0,1968,intermediate_plastic
20.0,1969,ambiguous
20.0,1970,epithelial_like
20.0,1971,epithelial_like
20.0,1972,intermediate_plastic
20.0,1973,epithelial_like
20.0,1974,ambiguous
20.0,1975,epithelial_like
20.0,1976,intermediate_plastic
20.0,1977,epithelial_like
20.0,1978,epithelial_like
20.0,1979,epithelial_like
20.0,1980,intermediate_plastic
20.0,1981,ambiguous
20.0,1982,intermediate_plastic
20.0,1983,ambiguous
20.0,1984,intermediate_plastic
20.0,1985,epithelial_like
20.0,1986,intermediate_plastic
20.0,1987,epithelial_like
20.0,1988,intermediate_plastic
20.0,1989,intermediate_plastic
20.0,1990,epithelial_like
20.0,1991,epithelial_like
20.0,1992,epithelial_like
20.0,1993,ambiguous
20.0,1994,epithelial_like
20.0,1995,epithelial_like
20.0,1996,ambiguous
20.0,1997,epithelial_like
20.0,1998,epithelial_like
20.0,1999,epithelial_like
22.0,0,ambiguous
22.0,1,ambiguous
22.0,2,intermediate_plastic
22.0,3,ambiguous
22.0,4,epithelial_like
22.0,5,ambiguous
22.0,6,ambiguous
22.0,7,epithelial_like
22.0,8,epithelial_like
22.0,9,epithelial_like
22.0,10,epithelial_like
22.0,11,intermediate_plastic
22.0,12,ambiguous
22.0,13,ambiguous
22.0,14,epithelial_like
22.0,15,epithelial_like
22.0,16,intermediate_plastic
22.0,17,ambiguous
22.0,18,intermediate_plastic
22.0,19,intermediate_plastic
22.0,20,epithelial_like
22.0,21,epithelial_like
22.0,22,epithelial_like
22.0,23,intermediate_plastic
22.0,24,intermediate_plastic
22.0,25,ambiguous
22.0,26,epithelial_like
22.0,27,ambiguous
22.0,28,epithelial_like
22.0,29,intermediate_plastic
22.0,30,epithelial_like
22.0,31,ambiguous
22.0,32,ambiguous
22.0,33,ambiguous
22.0,34,ambiguous
22.0,35,intermediate_plastic
22.0,36,intermediate_plastic
22.0,37,ambiguous
22.0,38,ambiguous
22.0,39,epithelial_like
22.0,40,intermediate_plastic
22.0,41,epithelial_like
22.0,42,ambiguous
22.0,43,ambiguous
22.0,44,ambiguous
22.0,45,epithelial_like
22.0,46,epithelial_like
22.0,47,ambiguous
22.0,48,ambiguous
22.0,49,epithelial_like
22.0,50,ambiguous
22.0,51,intermediate_plastic
22.0,52,ambiguous
22.0,53,epithelial_like
22.0,54,epithelial_like
22.0,55,epithelial_like
22.0,56,ambiguous
22.0,57,intermediate_plastic
22.0,58,ambiguous
22.0,59,epithelial_like
22.0,60,ambiguous
22.0,61,epithelial_like
22.0,62,epithelial_like
22.0,63,epithelial_like
22.0,64,epithelial_like
22.0,65,intermediate_plastic
22.0,66,epithelial_like
22.0,67,intermediate_plastic
22.0,68,ambiguous
22.0,69,ambiguous
22.0,70,epithelial_like
22.0,71,intermediate_plastic
22.0,72,epithelial_like
22.0,73,intermediate_plastic
22.0,74,ambiguous
22.0,75,ambiguous
22.0,76,ambiguous
22.0,77,ambiguous
22.0,78,epithelial_like
22.0,79,epithelial_like
22.0,80,epithelial_like
22.0,81,epithelial_like
22.0,82,epithelial_like
22.0,83,ambiguous
22.0,84,ambiguous
22.0,85,epithelial_like
22.0,86,epithelial_like
22.0,87,epithelial_like
22.0,88,epithelial_like
22.0,89,ambiguous
22.0,90,ambiguous
22.0,91,intermediate_plastic
22.0,92,ambiguous
22.0,93,intermediate_plastic
22.0,94,intermediate_plastic
22.0,95,epithelial_like
22.0,96,ambiguous
22.0,97,epithelial_like
22.0,98,intermediate_plastic
22.0,99,intermediate_plastic
22.0,100,epithelial_like
22.0,101,intermediate_plastic
22.0,102,epithelial_like
22.0,103,intermediate_plastic
22.0,104,ambiguous
22.0,105,intermediate_plastic
22.0,106,epithelial_like
22.0,107,epithelial_like
22.0,108,ambiguous
22.0,109,intermediate_plastic
22.0,110,intermediate_plastic
22.0,111,ambiguous
22.0,112,intermediate_plastic
22.0,113,epithelial_like
22.0,114,intermediate_plastic
22.0,115,intermediate_plastic
22.0,116,ambiguous
22.0,117,epithelial_like
22.0,118,ambiguous
22.0,119,intermediate_plastic
22.0,120,ambiguous
22.0,121,ambiguous
22.0,122,intermediate_plastic
22.0,123,ambiguous
22.0,124,epithelial_like
22.0,125,epithelial_like
22.0,126,epithelial_like
22.0,127,intermediate_plastic
22.0,128,ambiguous
22.0,129,intermediate_plastic
22.0,130,epithelial_like
22.0,131,ambiguous
22.0,132,epithelial_like
22.0,133,ambiguous
22.0,134,epithelial_like
22.0,135,epithelial_like
22.0,136,intermediate_plastic
22.0,137,intermediate_plastic
22.0,138,epithelial_like
22.0,139,ambiguous
22.0,140,intermediate_plastic
22.0,141,intermediate_plastic
22.0,142,epithelial_like
22.0,143,ambiguous
22.0,144,ambiguous
22.0,145,intermediate_plastic
22.0,146,epithelial_like
22.0,147,ambiguous
22.0,148,epithelial_like
22.0,149,intermediate_plastic
22.0,150,ambiguous
22.0,151,ambiguous
22.0,152,ambiguous
22.0,153,ambiguous
22.0,154,ambiguous
22.0,155,epithelial_like
22.0,156,epithelial_like
22.0,157,ambiguous
22.0,158,ambiguous
22.0,159,intermediate_plastic
22.0,160,intermediate_plastic
22.0,161,epithelial_like
22.0,162,intermediate_plastic
22.0,163,ambiguous
22.0,164,intermediate_plastic
22.0,165,ambiguous
22.0,166,ambiguous
22.0,167,ambiguous
22.0,168,intermediate_plastic
22.0,169,intermediate_plastic
22.0,170,ambiguous
22.0,171,epithelial_like
22.0,172,epithelial_like
22.0,173,epithelial_like
22.0,174,epithelial_like
22.0,175,intermediate_plastic
22.0,176,intermediate_plastic
22.0,177,intermediate_plastic
22.0,178,epithelial_like
22.0,179,intermediate_plastic
22.0,180,intermediate_plastic
22.0,181,ambiguous
22.0,182,intermediate_plastic
22.0,183,epithelial_like
22.0,184,intermediate_plastic
22.0,185,ambiguous
22.0,186,intermediate_plastic
22.0,187,intermediate_plastic
22.0,188,intermediate_plastic
22.0,189,epithelial_like
22.0,190,ambiguous
22.0,191,epithelial_like
22.0,192,epithelial_like
22.0,193,epithelial_like
22.0,194,intermediate_plastic
22.0,195,epithelial_like
22.0,196,ambiguous
22.0,197,intermediate_plastic
22.0,198,epithelial_like
22.0,199,epithelial_like
22.0,200,intermediate_plastic
22.0,201,intermediate_plastic
22.0,202,epithelial_like
22.0,203,epithelial_like
22.0,204,epithelial_like
22.0,205,intermediate_plastic
22.0,206,epithelial_like
22.0,207,epithelial_like
22.0,208,epithelial_like
22.0,209,epithelial_like
22.0,210,ambiguous
22.0,211,epithelial_like
22.0,212,epithelial_like
22.0,213,ambiguous
22.0,214,ambiguous
22.0,215,epithelial_like
22.0,216,epithelial_like
22.0,217,intermediate_plastic
22.0,218,ambiguous
22.0,219,epithelial_like
22.0,220,ambiguous
22.0,221,intermediate_plastic
22.0,222,ambiguous
22.0,223,intermediate_plastic
22.0,224,epithelial_like
22.0,225,epithelial_like
22.0,226,epithelial_like
22.0,227,intermediate_plastic
22.0,228,epithelial_like
22.0,229,epithelial_like
22.0,230,intermediate_plastic
22.0,231,ambiguous
22.0,232,ambiguous
22.0,233,intermediate_plastic
22.0,234,ambiguous
22.0,235,epithelial_like
22.0,236,epithelial_like
22.0,237,epithelial_like
22.0,238,ambiguous
22.0,239,epithelial_like
22.0,240,intermediate_plastic
22.0,241,intermediate_plastic
22.0,242,ambiguous
22.0,243,ambiguous
22.0,244,intermediate_plastic
22.0,245,epithelial_like
22.0,246,intermediate_plastic
22.0,247,ambiguous
22.0,248,intermediate_plastic
22.0,249,epithelial_like
22.0,250,ambiguous
22.0,251,epithelial_like
22.0,252,intermediate_plastic
22.0,253,ambiguous
22.0,254,epithelial_like
22.0,255,epithelial_like
22.0,256,epithelial_like
22.0,257,epithelial_like
22.0,258,ambiguous
22.0,259,intermediate_plastic
22.0,260,ambiguous
22.0,261,epithelial_like
22.0,262,intermediate_plastic
22.0,263,ambiguous
22.0,264,epithelial_like
22.0,265,epithelial_like
22.0,266,intermediate_plastic
22.0,267,epithelial_like
22.0,268,ambiguous
22.0,269,ambiguous
22.0,270,intermediate_plastic
22.0,271,epithelial_like
22.0,272,intermediate_plastic
22.0,273,epithelial_like
22.0,274,intermediate_plastic
22.0,275,intermediate_plastic
22.0,276,ambiguous
22.0,277,intermediate_plastic
22.0,278,epithelial_like
22.0,279,ambiguous
22.0,280,intermediate_plastic
22.0,281,epithelial_like
22.0,282,ambiguous
22.0,283,epithelial_like
22.0,284,ambiguous
22.0,285,epithelial_like
22.0,286,epithelial_like
22.0,287,intermediate_plastic
22.0,288,intermediate_plastic
22.0,289,ambiguous
22.0,290,intermediate_plastic
22.0,291,intermediate_plastic
22.0,292,epithelial_like
22.0,293,epithelial_like
22.0,294,ambiguous
22.0,295,epithelial_like
22.0,296,ambiguous
22.0,297,ambiguous
22.0,298,epithelial_like
22.0,299,ambiguous
22.0,300,ambiguous
22.0,301,ambiguous
22.0,302,ambiguous
22.0,303,ambiguous
22.0,304,ambiguous
22.0,305,epithelial_like
22.0,306,ambiguous
22.0,307,epithelial_like
22.0,308,intermediate_plastic
22.0,309,intermediate_plastic
22.0,310,epithelial_like
22.0,311,intermediate_plastic
22.0,312,epithelial_like
22.0,313,intermediate_plastic
22.0,314,ambiguous
22.0,315,ambiguous
22.0,316,epithelial_like
22.0,317,epithelial_like
22.0,318,intermediate_plastic
22.0,319,epithelial_like
22.0,320,epithelial_like
22.0,321,epithelial_like
22.0,322,ambiguous
22.0,323,ambiguous
22.0,324,ambiguous
22.0,325,ambiguous
22.0,326,intermediate_plastic
22.0,327,ambiguous
22.0,328,ambiguous
22.0,329,ambiguous
22.0,330,ambiguous
22.0,331,ambiguous
22.0,332,intermediate_plastic
22.0,333,ambiguous
22.0,334,epithelial_like
22.0,335,epithelial_like
22.0,336,ambiguous
22.0,337,ambiguous
22.0,338,ambiguous
22.0,339,epithelial_like
22.0,340,ambiguous
22.0,341,ambiguous
22.0,342,ambiguous
22.0,343,epithelial_like
22.0,344,intermediate_plastic
22.0,345,ambiguous
22.0,346,intermediate_plastic
22.0,347,epithelial_like
22.0,348,intermediate_plastic
22.0,349,ambiguous
22.0,350,ambiguous
22.0,351,intermediate_plastic
22.0,352,ambiguous
22.0,353,ambiguous
22.0,354,intermediate_plastic
22.0,355,intermediate_plastic
22.0,356,epithelial_like
22.0,357,intermediate_plastic
22.0,358,intermediate_plastic
22.0,359,ambiguous
22.0,360,intermediate_plastic
22.0,361,ambiguous
22.0,362,epithelial_like
22.0,363,epithelial_like
22.0,364,intermediate_plastic
22.0,365,intermediate_plastic
22.0,366,epithelial_like
22.0,367,epithelial_like
22.0,368,ambiguous
22.0,369,epithelial_like
22.0,370,intermediate_plastic
22.0,371,epithelial_like
22.0,372,intermediate_plastic
22.0,373,epithelial_like
22.0,374,intermediate_plastic
22.0,375,epithelial_like
22.0,376,epithelial_like
22.0,377,ambiguous
22.0,378,intermediate_plastic
22.0,379,epithelial_like
22.0,380,epithelial_like
22.0,381,intermediate_plastic
22.0,382,ambiguous
22.0,383,epithelial_like
22.0,384,ambiguous
22.0,385,epithelial_like
22.0,386,ambiguous
22.0,387,intermediate_plastic
22.0,388,intermediate_plastic
22.0,389,epithelial_like
22.0,390,epithelial_like
22.0,391,epithelial_like
22.0,392,intermediate_plastic
22.0,393,epithelial_like
22.0,394,ambiguous
22.0,395,epithelial_like
22.0,396,epithelial_like
22.0,397,intermediate_plastic
22.0,398,epithelial_like
22.0,399,epithelial_like
22.0,400,intermediate_plastic
22.0,401,ambiguous
22.0,402,ambiguous
22.0,403,intermediate_plastic
22.0,404,epithelial_like
22.0,405,ambiguous
22.0,406,epithelial_like
22.0,407,epithelial_like
22.0,408,epithelial_like
22.0,409,ambiguous
22.0,410,epithelial_like
22.0,411,ambiguous
22.0,412,ambiguous
22.0,413,epithelial_like
22.0,414,intermediate_plastic
22.0,415,ambiguous
22.0,416,epithelial_like
22.0,417,intermediate_plastic
22.0,418,intermediate_plastic
22.0,419,epithelial_like
22.0,420,epithelial_like
22.0,421,intermediate_plastic
22.0,422,epithelial_like
22.0,423,epithelial_like
22.0,424,ambiguous
22.0,425,ambiguous
22.0,426,intermediate_plastic
22.0,427,ambiguous
22.0,428,intermediate_plastic
22.0,429,intermediate_plastic
22.0,430,ambiguous
22.0,431,epithelial_like
22.0,432,hADSCs
22.0,433,intermediate_plastic
22.0,434,ambiguous
22.0,435,epithelial_like
22.0,436,ambiguous
22.0,437,ambiguous
22.0,438,ambiguous
22.0,439,intermediate_plastic
22.0,440,ambiguous
22.0,441,epithelial_like
22.0,442,ambiguous
22.0,443,ambiguous
22.0,444,ambiguous
22.0,445,intermediate_plastic
22.0,446,epithelial_like
22.0,447,epithelial_like
22.0,448,epithelial_like
22.0,449,epithelial_like
22.0,450,ambiguous
22.0,451,ambiguous
22.0,452,ambiguous
22.0,453,ambiguous
22.0,454,intermediate_plastic
22.0,455,epithelial_like
22.0,456,epithelial_like
22.0,457,intermediate_plastic
22.0,458,ambiguous
22.0,459,epithelial_like
22.0,460,ambiguous
22.0,461,intermediate_plastic
22.0,462,epithelial_like
22.0,463,epithelial_like
22.0,464,epithelial_like
22.0,465,ambiguous
22.0,466,ambiguous
22.0,467,ambiguous
22.0,468,ambiguous
22.0,469,epithelial_like
22.0,470,ambiguous
22.0,471,epithelial_like
22.0,472,epithelial_like
22.0,473,ambiguous
22.0,474,ambiguous
22.0,475,epithelial_like
22.0,476,epithelial_like
22.0,477,epithelial_like
22.0,478,epithelial_like
22.0,479,epithelial_like
22.0,480,epithelial_like
22.0,481,epithelial_like
22.0,482,intermediate_plastic
22.0,483,epithelial_like
22.0,484,ambiguous
22.0,485,epithelial_like
22.0,486,epithelial_like
22.0,487,intermediate_plastic
22.0,488,epithelial_like
22.0,489,intermediate_plastic
22.0,490,ambiguous
22.0,491,epithelial_like
22.0,492,intermediate_plastic
22.0,493,intermediate_plastic
22.0,494,epithelial_like
22.0,495,ambiguous
22.0,496,epithelial_like
22.0,497,intermediate_plastic
22.0,498,epithelial_like
22.0,499,ambiguous
22.0,500,ambiguous
22.0,501,epithelial_like
22.0,502,ambiguous
22.0,503,epithelial_like
22.0,504,ambiguous
22.0,505,epithelial_like
22.0,506,epithelial_like
22.0,507,ambiguous
22.0,508,ambiguous
22.0,509,intermediate_plastic
22.0,510,intermediate_plastic
22.0,511,ambiguous
22.0,512,intermediate_plastic
22.0,513,intermediate_plastic
22.0,514,intermediate_plastic
22.0,515,ambiguous
22.0,516,ambiguous
22.0,517,epithelial_like
22.0,518,epithelial_like
22.0,519,intermediate_plastic
22.0,520,epithelial_like
22.0,521,ambiguous
22.0,522,epithelial_like
22.0,523,epithelial_like
22.0,524,intermediate_plastic
22.0,525,ambiguous
22.0,526,intermediate_plastic
22.0,527,ambiguous
22.0,528,epithelial_like
22.0,529,epithelial_like
22.0,530,epithelial_like
22.0,531,epithelial_like
22.0,532,epithelial_like
22.0,533,epithelial_like
22.0,534,epithelial_like
22.0,535,ambiguous
22.0,536,epithelial_like
22.0,537,epithelial_like
22.0,538,epithelial_like
22.0,539,intermediate_plastic
22.0,540,epithelial_like
22.0,541,intermediate_plastic
22.0,542,ambiguous
22.0,543,intermediate_plastic
22.0,544,epithelial_like
22.0,545,intermediate_plastic
22.0,546,intermediate_plastic
22.0,547,epithelial_like
22.0,548,epithelial_like
22.0,549,intermediate_plastic
22.0,550,epithelial_like
22.0,551,ambiguous
22.0,552,intermediate_plastic
22.0,553,epithelial_like
22.0,554,intermediate_plastic
22.0,555,epithelial_like
22.0,556,intermediate_plastic
22.0,557,epithelial_like
22.0,558,ambiguous
22.0,559,ambiguous
22.0,560,epithelial_like
22.0,561,ambiguous
22.0,562,epithelial_like
22.0,563,epithelial_like
22.0,564,intermediate_plastic
22.0,565,ambiguous
22.0,566,ambiguous
22.0,567,intermediate_plastic
22.0,568,intermediate_plastic
22.0,569,epithelial_like
22.0,570,ambiguous
22.0,571,ambiguous
22.0,572,ambiguous
22.0,573,ambiguous
22.0,574,intermediate_plastic
22.0,575,epithelial_like
22.0,576,intermediate_plastic
22.0,577,intermediate_plastic
22.0,578,ambiguous
22.0,579,epithelial_like
22.0,580,epithelial_like
22.0,581,ambiguous
22.0,582,ambiguous
22.0,583,epithelial_like
22.0,584,ambiguous
22.0,585,intermediate_plastic
22.0,586,intermediate_plastic
22.0,587,epithelial_like
22.0,588,intermediate_plastic
22.0,589,ambiguous
22.0,590,ambiguous
22.0,591,epithelial_like
22.0,592,ambiguous
22.0,593,ambiguous
22.0,594,epithelial_like
22.0,595,ambiguous
22.0,596,epithelial_like
22.0,597,intermediate_plastic
22.0,598,ambiguous
22.0,599,epithelial_like
22.0,600,intermediate_plastic
22.0,601,ambiguous
22.0,602,epithelial_like
22.0,603,ambiguous
22.0,604,epithelial_like
22.0,605,intermediate_plastic
22.0,606,ambiguous
22.0,607,epithelial_like
22.0,608,ambiguous
22.0,609,epithelial_like
22.0,610,epithelial_like
22.0,611,ambiguous
22.0,612,ambiguous
22.0,613,intermediate_plastic
22.0,614,intermediate_plastic
22.0,615,intermediate_plastic
22.0,616,epithelial_like
22.0,617,intermediate_plastic
22.0,618,epithelial_like
22.0,619,epithelial_like
22.0,620,intermediate_plastic
22.0,621,epithelial_like
22.0,622,intermediate_plastic
22.0,623,ambiguous
22.0,624,intermediate_plastic
22.0,625,intermediate_plastic
22.0,626,epithelial_like
22.0,627,epithelial_like
22.0,628,ambiguous
22.0,629,epithelial_like
22.0,630,epithelial_like
22.0,631,epithelial_like
22.0,632,ambiguous
22.0,633,epithelial_like
22.0,634,epithelial_like
22.0,635,epithelial_like
22.0,636,intermediate_plastic
22.0,637,ambiguous
22.0,638,ambiguous
22.0,639,ambiguous
22.0,640,epithelial_like
22.0,641,ambiguous
22.0,642,intermediate_plastic
22.0,643,epithelial_like
22.0,644,epithelial_like
22.0,645,epithelial_like
22.0,646,ambiguous
22.0,647,intermediate_plastic
22.0,648,epithelial_like
22.0,649,epithelial_like
22.0,650,ambiguous
22.0,651,ambiguous
22.0,652,ambiguous
22.0,653,ambiguous
22.0,654,intermediate_plastic
22.0,655,ambiguous
22.0,656,epithelial_like
22.0,657,epithelial_like
22.0,658,epithelial_like
22.0,659,epithelial_like
22.0,660,epithelial_like
22.0,661,epithelial_like
22.0,662,epithelial_like
22.0,663,ambiguous
22.0,664,ambiguous
22.0,665,ambiguous
22.0,666,ambiguous
22.0,667,epithelial_like
22.0,668,ambiguous
22.0,669,epithelial_like
22.0,670,epithelial_like
22.0,671,ambiguous
22.0,672,intermediate_plastic
22.0,673,epithelial_like
22.0,674,intermediate_plastic
22.0,675,epithelial_like
22.0,676,epithelial_like
22.0,677,ambiguous
22.0,678,intermediate_plastic
22.0,679,ambiguous
22.0,680,epithelial_like
22.0,681,epithelial_like
22.0,682,intermediate_plastic
22.0,683,ambiguous
22.0,684,ambiguous
22.0,685,intermediate_plastic
22.0,686,epithelial_like
22.0,687,epithelial_like
22.0,688,ambiguous
22.0,689,ambiguous
22.0,690,ambiguous
22.0,691,intermediate_plastic
22.0,692,ambiguous
22.0,693,epithelial_like
22.0,694,intermediate_plastic
22.0,695,intermediate_plastic
22.0,696,ambiguous
22.0,697,ambiguous
22.0,698,epithelial_like
22.0,699,intermediate_plastic
22.0,700,intermediate_plastic
22.0,701,epithelial_like
22.0,702,epithelial_like
22.0,703,epithelial_like
22.0,704,ambiguous
22.0,705,epithelial_like
22.0,706,epithelial_like
22.0,707,epithelial_like
22.0,708,ambiguous
22.0,709,ambiguous
22.0,710,epithelial_like
22.0,711,epithelial_like
22.0,712,ambiguous
22.0,713,epithelial_like
22.0,714,intermediate_plastic
22.0,715,intermediate_plastic
22.0,716,epithelial_like
22.0,717,epithelial_like
22.0,718,ambiguous
22.0,719,intermediate_plastic
22.0,720,intermediate_plastic
22.0,721,ambiguous
22.0,722,ambiguous
22.0,723,intermediate_plastic
22.0,724,ambiguous
22.0,725,epithelial_like
22.0,726,ambiguous
22.0,727,epithelial_like
22.0,728,epithelial_like
22.0,729,intermediate_plastic
22.0,730,epithelial_like
22.0,731,intermediate_plastic
22.0,732,epithelial_like
22.0,733,epithelial_like
22.0,734,epithelial_like
22.0,735,intermediate_plastic
22.0,736,epithelial_like
22.0,737,epithelial_like
22.0,738,intermediate_plastic
22.0,739,epithelial_like
22.0,740,intermediate_plastic
22.0,741,epithelial_like
22.0,742,intermediate_plastic
22.0,743,ambiguous
22.0,744,ambiguous
22.0,745,epithelial_like
22.0,746,epithelial_like
22.0,747,ambiguous
22.0,748,ambiguous
22.0,749,intermediate_plastic
22.0,750,ambiguous
22.0,751,intermediate_plastic
22.0,752,intermediate_plastic
22.0,753,ambiguous
22.0,754,epithelial_like
22.0,755,epithelial_like
22.0,756,ambiguous
22.0,757,epithelial_like
22.0,758,epithelial_like
22.0,759,intermediate_plastic
22.0,760,ambiguous
22.0,761,epithelial_like
22.0,762,intermediate_plastic
22.0,763,intermediate_plastic
22.0,764,intermediate_plastic
22.0,765,epithelial_like
22.0,766,intermediate_plastic
22.0,767,ambiguous
22.0,768,intermediate_plastic
22.0,769,intermediate_plastic
22.0,770,intermediate_plastic
22.0,771,ambiguous
22.0,772,ambiguous
22.0,773,epithelial_like
22.0,774,intermediate_plastic
22.0,775,ambiguous
22.0,776,ambiguous
22.0,777,epithelial_like
22.0,778,epithelial_like
22.0,779,epithelial_like
22.0,780,epithelial_like
22.0,781,epithelial_like
22.0,782,epithelial_like
22.0,783,intermediate_plastic
22.0,784,ambiguous
22.0,785,epithelial_like
22.0,786,intermediate_plastic
22.0,787,ambiguous
22.0,788,epithelial_like
22.0,789,epithelial_like
22.0,790,ambiguous
22.0,791,epithelial_like
22.0,792,ambiguous
22.0,793,ambiguous
22.0,794,ambiguous
22.0,795,intermediate_plastic
22.0,796,ambiguous
22.0,797,epithelial_like
22.0,798,epithelial_like
22.0,799,ambiguous
22.0,800,ambiguous
22.0,801,ambiguous
22.0,802,ambiguous
22.0,803,ambiguous
22.0,804,epithelial_like
22.0,805,ambiguous
22.0,806,ambiguous
22.0,807,intermediate_plastic
22.0,808,ambiguous
22.0,809,intermediate_plastic
22.0,810,epithelial_like
22.0,811,epithelial_like
22.0,812,epithelial_like
22.0,813,ambiguous
22.0,814,epithelial_like
22.0,815,epithelial_like
22.0,816,intermediate_plastic
22.0,817,epithelial_like
22.0,818,epithelial_like
22.0,819,intermediate_plastic
22.0,820,intermediate_plastic
22.0,821,ambiguous
22.0,822,intermediate_plastic
22.0,823,epithelial_like
22.0,824,epithelial_like
22.0,825,ambiguous
22.0,826,ambiguous
22.0,827,ambiguous
22.0,828,ambiguous
22.0,829,intermediate_plastic
22.0,830,epithelial_like
22.0,831,intermediate_plastic
22.0,832,epithelial_like
22.0,833,ambiguous
22.0,834,ambiguous
22.0,835,ambiguous
22.0,836,intermediate_plastic
22.0,837,ambiguous
22.0,838,epithelial_like
22.0,839,intermediate_plastic
22.0,840,epithelial_like
22.0,841,ambiguous
22.0,842,epithelial_like
22.0,843,ambiguous
22.0,844,epithelial_like
22.0,845,epithelial_like
22.0,846,intermediate_plastic
22.0,847,intermediate_plastic
22.0,848,intermediate_plastic
22.0,849,epithelial_like
22.0,850,ambiguous
22.0,851,intermediate_plastic
22.0,852,intermediate_plastic
22.0,853,intermediate_plastic
22.0,854,epithelial_like
22.0,855,intermediate_plastic
22.0,856,intermediate_plastic
22.0,857,intermediate_plastic
22.0,858,epithelial_like
22.0,859,intermediate_plastic
22.0,860,intermediate_plastic
22.0,861,epithelial_like
22.0,862,epithelial_like
22.0,863,ambiguous
22.0,864,epithelial_like
22.0,865,ambiguous
22.0,866,intermediate_plastic
22.0,867,epithelial_like
22.0,868,intermediate_plastic
22.0,869,epithelial_like
22.0,870,epithelial_like
22.0,871,epithelial_like
22.0,872,ambiguous
22.0,873,ambiguous
22.0,874,ambiguous
22.0,875,epithelial_like
22.0,876,intermediate_plastic
22.0,877,ambiguous
22.0,878,epithelial_like
22.0,879,epithelial_like
22.0,880,intermediate_plastic
22.0,881,intermediate_plastic
22.0,882,intermediate_plastic
22.0,883,epithelial_like
22.0,884,epithelial_like
22.0,885,intermediate_plastic
22.0,886,ambiguous
22.0,887,intermediate_plastic
22.0,888,epithelial_like
22.0,889,ambiguous
22.0,890,epithelial_like
22.0,891,ambiguous
22.0,892,ambiguous
22.0,893,epithelial_like
22.0,894,ambiguous
22.0,895,ambiguous
22.0,896,epithelial_like
22.0,897,epithelial_like
22.0,898,intermediate_plastic
22.0,899,epithelial_like
22.0,900,ambiguous
22.0,901,epithelial_like
22.0,902,intermediate_plastic
22.0,903,ambiguous
22.0,904,ambiguous
22.0,905,epithelial_like
22.0,906,ambiguous
22.0,907,epithelial_like
22.0,908,intermediate_plastic
22.0,909,ambiguous
22.0,910,epithelial_like
22.0,911,epithelial_like
22.0,912,intermediate_plastic
22.0,913,epithelial_like
22.0,914,epithelial_like
22.0,915,ambiguous
22.0,916,epithelial_like
22.0,917,intermediate_plastic
22.0,918,epithelial_like
22.0,919,intermediate_plastic
22.0,920,epithelial_like
22.0,921,ambiguous
22.0,922,ambiguous
22.0,923,intermediate_plastic
22.0,924,epithelial_like
22.0,925,epithelial_like
22.0,926,epithelial_like
22.0,927,epithelial_like
22.0,928,epithelial_like
22.0,929,intermediate_plastic
22.0,930,intermediate_plastic
22.0,931,epithelial_like
22.0,932,ambiguous
22.0,933,epithelial_like
22.0,934,epithelial_like
22.0,935,epithelial_like
22.0,936,ambiguous
22.0,937,ambiguous
22.0,938,epithelial_like
22.0,939,ambiguous
22.0,940,epithelial_like
22.0,941,epithelial_like
22.0,942,ambiguous
22.0,943,epithelial_like
22.0,944,ambiguous
22.0,945,ambiguous
22.0,946,intermediate_plastic
22.0,947,epithelial_like
22.0,948,intermediate_plastic
22.0,949,epithelial_like
22.0,950,epithelial_like
22.0,951,ambiguous
22.0,952,intermediate_plastic
22.0,953,ambiguous
22.0,954,ambiguous
22.0,955,intermediate_plastic
22.0,956,ambiguous
22.0,957,ambiguous
22.0,958,intermediate_plastic
22.0,959,epithelial_like
22.0,960,epithelial_like
22.0,961,intermediate_plastic
22.0,962,intermediate_plastic
22.0,963,intermediate_plastic
22.0,964,epithelial_like
22.0,965,epithelial_like
22.0,966,epithelial_like
22.0,967,ambiguous
22.0,968,intermediate_plastic
22.0,969,intermediate_plastic
22.0,970,epithelial_like
22.0,971,ambiguous
22.0,972,epithelial_like
22.0,973,epithelial_like
22.0,974,epithelial_like
22.0,975,intermediate_plastic
22.0,976,epithelial_like
22.0,977,intermediate_plastic
22.0,978,intermediate_plastic
22.0,979,ambiguous
22.0,980,epithelial_like
22.0,981,intermediate_plastic
22.0,982,epithelial_like
22.0,983,intermediate_plastic
22.0,984,epithelial_like
22.0,985,ambiguous
22.0,986,intermediate_plastic
22.0,987,ambiguous
22.0,988,epithelial_like
22.0,989,ambiguous
22.0,990,epithelial_like
22.0,991,epithelial_like
22.0,992,epithelial_like
22.0,993,ambiguous
22.0,994,epithelial_like
22.0,995,ambiguous
22.0,996,ambiguous
22.0,997,epithelial_like
22.0,998,epithelial_like
22.0,999,intermediate_plastic
22.0,1000,ambiguous
22.0,1001,ambiguous
22.0,1002,epithelial_like
22.0,1003,intermediate_plastic
22.0,1004,epithelial_like
22.0,1005,epithelial_like
22.0,1006,ambiguous
22.0,1007,epithelial_like
22.0,1008,ambiguous
22.0,1009,ambiguous
22.0,1010,ambiguous
22.0,1011,intermediate_plastic
22.0,1012,epithelial_like
22.0,1013,epithelial_like
22.0,1014,epithelial_like
22.0,1015,epithelial_like
22.0,1016,epithelial_like
22.0,1017,ambiguous
22.0,1018,intermediate_plastic
22.0,1019,ambiguous
22.0,1020,epithelial_like
22.0,1021,epithelial_like
22.0,1022,epithelial_like
22.0,1023,intermediate_plastic
22.0,1024,epithelial_like
22.0,1025,ambiguous
22.0,1026,epithelial_like
22.0,1027,epithelial_like
22.0,1028,ambiguous
22.0,1029,ambiguous
22.0,1030,intermediate_plastic
22.0,1031,ambiguous
22.0,1032,intermediate_plastic
22.0,1033,intermediate_plastic
22.0,1034,epithelial_like
22.0,1035,epithelial_like
22.0,1036,epithelial_like
22.0,1037,epithelial_like
22.0,1038,epithelial_like
22.0,1039,epithelial_like
22.0,1040,epithelial_like
22.0,1041,epithelial_like
22.0,1042,ambiguous
22.0,1043,intermediate_plastic
22.0,1044,epithelial_like
22.0,1045,epithelial_like
22.0,1046,intermediate_plastic
22.0,1047,epithelial_like
22.0,1048,ambiguous
22.0,1049,ambiguous
22.0,1050,ambiguous
22.0,1051,epithelial_like
22.0,1052,ambiguous
22.0,1053,epithelial_like
22.0,1054,intermediate_plastic
22.0,1055,intermediate_plastic
22.0,1056,epithelial_like
22.0,1057,ambiguous
22.0,1058,epithelial_like
22.0,1059,ambiguous
22.0,1060,intermediate_plastic
22.0,1061,ambiguous
22.0,1062,epithelial_like
22.0,1063,epithelial_like
22.0,1064,ambiguous
22.0,1065,intermediate_plastic
22.0,1066,ambiguous
22.0,1067,epithelial_like
22.0,1068,ambiguous
22.0,1069,epithelial_like
22.0,1070,epithelial_like
22.0,1071,ambiguous
22.0,1072,epithelial_like
22.0,1073,ambiguous
22.0,1074,epithelial_like
22.0,1075,intermediate_plastic
22.0,1076,ambiguous
22.0,1077,intermediate_plastic
22.0,1078,epithelial_like
22.0,1079,epithelial_like
22.0,1080,epithelial_like
22.0,1081,ambiguous
22.0,1082,epithelial_like
22.0,1083,intermediate_plastic
22.0,1084,epithelial_like
22.0,1085,epithelial_like
22.0,1086,ambiguous
22.0,1087,intermediate_plastic
22.0,1088,epithelial_like
22.0,1089,epithelial_like
22.0,1090,epithelial_like
22.0,1091,intermediate_plastic
22.0,1092,ambiguous
22.0,1093,ambiguous
22.0,1094,ambiguous
22.0,1095,epithelial_like
22.0,1096,epithelial_like
22.0,1097,ambiguous
22.0,1098,epithelial_like
22.0,1099,epithelial_like
22.0,1100,epithelial_like
22.0,1101,ambiguous
22.0,1102,ambiguous
22.0,1103,intermediate_plastic
22.0,1104,epithelial_like
22.0,1105,intermediate_plastic
22.0,1106,epithelial_like
22.0,1107,epithelial_like
22.0,1108,epithelial_like
22.0,1109,epithelial_like
22.0,1110,intermediate_plastic
22.0,1111,epithelial_like
22.0,1112,epithelial_like
22.0,1113,intermediate_plastic
22.0,1114,ambiguous
22.0,1115,intermediate_plastic
22.0,1116,ambiguous
22.0,1117,intermediate_plastic
22.0,1118,epithelial_like
22.0,1119,ambiguous
22.0,1120,intermediate_plastic
22.0,1121,intermediate_plastic
22.0,1122,intermediate_plastic
22.0,1123,intermediate_plastic
22.0,1124,intermediate_plastic
22.0,1125,epithelial_like
22.0,1126,ambiguous
22.0,1127,epithelial_like
22.0,1128,epithelial_like
22.0,1129,epithelial_like
22.0,1130,epithelial_like
22.0,1131,ambiguous
22.0,1132,ambiguous
22.0,1133,epithelial_like
22.0,1134,intermediate_plastic
22.0,1135,epithelial_like
22.0,1136,epithelial_like
22.0,1137,intermediate_plastic
22.0,1138,ambiguous
22.0,1139,ambiguous
22.0,1140,epithelial_like
22.0,1141,epithelial_like
22.0,1142,epithelial_like
22.0,1143,epithelial_like
22.0,1144,ambiguous
22.0,1145,intermediate_plastic
22.0,1146,epithelial_like
22.0,1147,ambiguous
22.0,1148,epithelial_like
22.0,1149,epithelial_like
22.0,1150,ambiguous
22.0,1151,epithelial_like
22.0,1152,epithelial_like
22.0,1153,epithelial_like
22.0,1154,epithelial_like
22.0,1155,ambiguous
22.0,1156,ambiguous
22.0,1157,epithelial_like
22.0,1158,ambiguous
22.0,1159,epithelial_like
22.0,1160,ambiguous
22.0,1161,epithelial_like
22.0,1162,epithelial_like
22.0,1163,epithelial_like
22.0,1164,intermediate_plastic
22.0,1165,epithelial_like
22.0,1166,ambiguous
22.0,1167,intermediate_plastic
22.0,1168,intermediate_plastic
22.0,1169,intermediate_plastic
22.0,1170,ambiguous
22.0,1171,epithelial_like
22.0,1172,epithelial_like
22.0,1173,intermediate_plastic
22.0,1174,ambiguous
22.0,1175,intermediate_plastic
22.0,1176,ambiguous
22.0,1177,epithelial_like
22.0,1178,epithelial_like
22.0,1179,epithelial_like
22.0,1180,epithelial_like
22.0,1181,epithelial_like
22.0,1182,epithelial_like
22.0,1183,ambiguous
22.0,1184,epithelial_like
22.0,1185,ambiguous
22.0,1186,epithelial_like
22.0,1187,intermediate_plastic
22.0,1188,epithelial_like
22.0,1189,ambiguous
22.0,1190,intermediate_plastic
22.0,1191,ambiguous
22.0,1192,epithelial_like
22.0,1193,intermediate_plastic
22.0,1194,epithelial_like
22.0,1195,ambiguous
22.0,1196,epithelial_like
22.0,1197,epithelial_like
22.0,1198,epithelial_like
22.0,1199,intermediate_plastic
22.0,1200,epithelial_like
22.0,1201,intermediate_plastic
22.0,1202,intermediate_plastic
22.0,1203,intermediate_plastic
22.0,1204,epithelial_like
22.0,1205,epithelial_like
22.0,1206,epithelial_like
22.0,1207,epithelial_like
22.0,1208,epithelial_like
22.0,1209,epithelial_like
22.0,1210,ambiguous
22.0,1211,ambiguous
22.0,1212,intermediate_plastic
22.0,1213,intermediate_plastic
22.0,1214,epithelial_like
22.0,1215,intermediate_plastic
22.0,1216,ambiguous
22.0,1217,ambiguous
22.0,1218,ambiguous
22.0,1219,intermediate_plastic
22.0,1220,epithelial_like
22.0,1221,epithelial_like
22.0,1222,ambiguous
22.0,1223,epithelial_like
22.0,1224,epithelial_like
22.0,1225,epithelial_like
22.0,1226,ambiguous
22.0,1227,intermediate_plastic
22.0,1228,epithelial_like
22.0,1229,epithelial_like
22.0,1230,intermediate_plastic
22.0,1231,epithelial_like
22.0,1232,ambiguous
22.0,1233,epithelial_like
22.0,1234,intermediate_plastic
22.0,1235,epithelial_like
22.0,1236,ambiguous
22.0,1237,epithelial_like
22.0,1238,epithelial_like
22.0,1239,ambiguous
22.0,1240,ambiguous
22.0,1241,intermediate_plastic
22.0,1242,ambiguous
22.0,1243,intermediate_plastic
22.0,1244,ambiguous
22.0,1245,epithelial_like
22.0,1246,epithelial_like
22.0,1247,intermediate_plastic
22.0,1248,ambiguous
22.0,1249,epithelial_like
22.0,1250,intermediate_plastic
22.0,1251,epithelial_like
22.0,1252,epithelial_like
22.0,1253,ambiguous
22.0,1254,ambiguous
22.0,1255,epithelial_like
22.0,1256,ambiguous
22.0,1257,epithelial_like
22.0,1258,ambiguous
22.0,1259,intermediate_plastic
22.0,1260,intermediate_plastic
22.0,1261,intermediate_plastic
22.0,1262,epithelial_like
22.0,1263,epithelial_like
22.0,1264,intermediate_plastic
22.0,1265,ambiguous
22.0,1266,ambiguous
22.0,1267,intermediate_plastic
22.0,1268,intermediate_plastic
22.0,1269,epithelial_like
22.0,1270,intermediate_plastic
22.0,1271,intermediate_plastic
22.0,1272,ambiguous
22.0,1273,epithelial_like
22.0,1274,epithelial_like
22.0,1275,epithelial_like
22.0,1276,intermediate_plastic
22.0,1277,intermediate_plastic
22.0,1278,epithelial_like
22.0,1279,ambiguous
22.0,1280,ambiguous
22.0,1281,ambiguous
22.0,1282,epithelial_like
22.0,1283,intermediate_plastic
22.0,1284,ambiguous
22.0,1285,intermediate_plastic
22.0,1286,epithelial_like
22.0,1287,ambiguous
22.0,1288,epithelial_like
22.0,1289,intermediate_plastic
22.0,1290,ambiguous
22.0,1291,epithelial_like
22.0,1292,intermediate_plastic
22.0,1293,intermediate_plastic
22.0,1294,epithelial_like
22.0,1295,ambiguous
22.0,1296,epithelial_like
22.0,1297,epithelial_like
22.0,1298,epithelial_like
22.0,1299,ambiguous
22.0,1300,epithelial_like
22.0,1301,epithelial_like
22.0,1302,epithelial_like
22.0,1303,ambiguous
22.0,1304,epithelial_like
22.0,1305,ambiguous
22.0,1306,intermediate_plastic
22.0,1307,intermediate_plastic
22.0,1308,ambiguous
22.0,1309,ambiguous
22.0,1310,ambiguous
22.0,1311,intermediate_plastic
22.0,1312,epithelial_like
22.0,1313,ambiguous
22.0,1314,intermediate_plastic
22.0,1315,ambiguous
22.0,1316,epithelial_like
22.0,1317,epithelial_like
22.0,1318,ambiguous
22.0,1319,intermediate_plastic
22.0,1320,epithelial_like
22.0,1321,epithelial_like
22.0,1322,epithelial_like
22.0,1323,ambiguous
22.0,1324,ambiguous
22.0,1325,epithelial_like
22.0,1326,epithelial_like
22.0,1327,ambiguous
22.0,1328,epithelial_like
22.0,1329,ambiguous
22.0,1330,ambiguous
22.0,1331,ambiguous
22.0,1332,intermediate_plastic
22.0,1333,intermediate_plastic
22.0,1334,epithelial_like
22.0,1335,epithelial_like
22.0,1336,ambiguous
22.0,1337,intermediate_plastic
22.0,1338,epithelial_like
22.0,1339,epithelial_like
22.0,1340,epithelial_like
22.0,1341,epithelial_like
22.0,1342,ambiguous
22.0,1343,ambiguous
22.0,1344,epithelial_like
22.0,1345,epithelial_like
22.0,1346,intermediate_plastic
22.0,1347,ambiguous
22.0,1348,ambiguous
22.0,1349,epithelial_like
22.0,1350,intermediate_plastic
22.0,1351,intermediate_plastic
22.0,1352,epithelial_like
22.0,1353,epithelial_like
22.0,1354,epithelial_like
22.0,1355,ambiguous
22.0,1356,epithelial_like
22.0,1357,intermediate_plastic
22.0,1358,epithelial_like
22.0,1359,epithelial_like
22.0,1360,ambiguous
22.0,1361,intermediate_plastic
22.0,1362,intermediate_plastic
22.0,1363,epithelial_like
22.0,1364,epithelial_like
22.0,1365,epithelial_like
22.0,1366,epithelial_like
22.0,1367,epithelial_like
22.0,1368,ambiguous
22.0,1369,epithelial_like
22.0,1370,ambiguous
22.0,1371,intermediate_plastic
22.0,1372,ambiguous
22.0,1373,ambiguous
22.0,1374,epithelial_like
22.0,1375,epithelial_like
22.0,1376,ambiguous
22.0,1377,intermediate_plastic
22.0,1378,epithelial_like
22.0,1379,ambiguous
22.0,1380,intermediate_plastic
22.0,1381,intermediate_plastic
22.0,1382,ambiguous
22.0,1383,intermediate_plastic
22.0,1384,epithelial_like
22.0,1385,ambiguous
22.0,1386,epithelial_like
22.0,1387,ambiguous
22.0,1388,ambiguous
22.0,1389,intermediate_plastic
22.0,1390,epithelial_like
22.0,1391,intermediate_plastic
22.0,1392,intermediate_plastic
22.0,1393,ambiguous
22.0,1394,epithelial_like
22.0,1395,ambiguous
22.0,1396,ambiguous
22.0,1397,epithelial_like
22.0,1398,ambiguous
22.0,1399,epithelial_like
22.0,1400,epithelial_like
22.0,1401,epithelial_like
22.0,1402,intermediate_plastic
22.0,1403,intermediate_plastic
22.0,1404,epithelial_like
22.0,1405,intermediate_plastic
22.0,1406,epithelial_like
22.0,1407,intermediate_plastic
22.0,1408,epithelial_like
22.0,1409,intermediate_plastic
22.0,1410,ambiguous
22.0,1411,intermediate_plastic
22.0,1412,epithelial_like
22.0,1413,ambiguous
22.0,1414,intermediate_plastic
22.0,1415,intermediate_plastic
22.0,1416,epithelial_like
22.0,1417,epithelial_like
22.0,1418,epithelial_like
22.0,1419,intermediate_plastic
22.0,1420,epithelial_like
22.0,1421,intermediate_plastic
22.0,1422,epithelial_like
22.0,1423,intermediate_plastic
22.0,1424,intermediate_plastic
22.0,1425,ambiguous
22.0,1426,ambiguous
22.0,1427,epithelial_like
22.0,1428,intermediate_plastic
22.0,1429,epithelial_like
22.0,1430,ambiguous
22.0,1431,intermediate_plastic
22.0,1432,ambiguous
22.0,1433,intermediate_plastic
22.0,1434,epithelial_like
22.0,1435,epithelial_like
22.0,1436,ambiguous
22.0,1437,epithelial_like
22.0,1438,epithelial_like
22.0,1439,epithelial_like
22.0,1440,epithelial_like
22.0,1441,intermediate_plastic
22.0,1442,ambiguous
22.0,1443,ambiguous
22.0,1444,epithelial_like
22.0,1445,intermediate_plastic
22.0,1446,ambiguous
22.0,1447,ambiguous
22.0,1448,ambiguous
22.0,1449,intermediate_plastic
22.0,1450,epithelial_like
22.0,1451,intermediate_plastic
22.0,1452,intermediate_plastic
22.0,1453,ambiguous
22.0,1454,ambiguous
22.0,1455,intermediate_plastic
22.0,1456,epithelial_like
22.0,1457,epithelial_like
22.0,1458,intermediate_plastic
22.0,1459,epithelial_like
22.0,1460,intermediate_plastic
22.0,1461,intermediate_plastic
22.0,1462,ambiguous
22.0,1463,epithelial_like
22.0,1464,ambiguous
22.0,1465,ambiguous
22.0,1466,epithelial_like
22.0,1467,ambiguous
22.0,1468,ambiguous
22.0,1469,intermediate_plastic
22.0,1470,ambiguous
22.0,1471,epithelial_like
22.0,1472,intermediate_plastic
22.0,1473,epithelial_like
22.0,1474,intermediate_plastic
22.0,1475,ambiguous
22.0,1476,epithelial_like
22.0,1477,intermediate_plastic
22.0,1478,ambiguous
22.0,1479,epithelial_like
22.0,1480,epithelial_like
22.0,1481,ambiguous
22.0,1482,ambiguous
22.0,1483,epithelial_like
22.0,1484,epithelial_like
22.0,1485,epithelial_like
22.0,1486,ambiguous
22.0,1487,intermediate_plastic
22.0,1488,ambiguous
22.0,1489,ambiguous
22.0,1490,epithelial_like
22.0,1491,ambiguous
22.0,1492,ambiguous
22.0,1493,ambiguous
22.0,1494,ambiguous
22.0,1495,ambiguous
22.0,1496,intermediate_plastic
22.0,1497,epithelial_like
22.0,1498,epithelial_like
22.0,1499,intermediate_plastic
22.0,1500,epithelial_like
22.0,1501,epithelial_like
22.0,1502,ambiguous
22.0,1503,epithelial_like
22.0,1504,ambiguous
22.0,1505,ambiguous
22.0,1506,ambiguous
22.0,1507,epithelial_like
22.0,1508,ambiguous
22.0,1509,epithelial_like
22.0,1510,ambiguous
22.0,1511,ambiguous
22.0,1512,ambiguous
22.0,1513,ambiguous
22.0,1514,epithelial_like
22.0,1515,epithelial_like
22.0,1516,ambiguous
22.0,1517,epithelial_like
22.0,1518,epithelial_like
22.0,1519,epithelial_like
22.0,1520,epithelial_like
22.0,1521,ambiguous
22.0,1522,intermediate_plastic
22.0,1523,ambiguous
22.0,1524,intermediate_plastic
22.0,1525,epithelial_like
22.0,1526,epithelial_like
22.0,1527,ambiguous
22.0,1528,epithelial_like
22.0,1529,ambiguous
22.0,1530,ambiguous
22.0,1531,epithelial_like
22.0,1532,ambiguous
22.0,1533,intermediate_plastic
22.0,1534,intermediate_plastic
22.0,1535,ambiguous
22.0,1536,intermediate_plastic
22.0,1537,intermediate_plastic
22.0,1538,ambiguous
22.0,1539,epithelial_like
22.0,1540,epithelial_like
22.0,1541,ambiguous
22.0,1542,intermediate_plastic
22.0,1543,ambiguous
22.0,1544,ambiguous
22.0,1545,epithelial_like
22.0,1546,epithelial_like
22.0,1547,intermediate_plastic
22.0,1548,intermediate_plastic
22.0,1549,ambiguous
22.0,1550,ambiguous
22.0,1551,epithelial_like
22.0,1552,epithelial_like
22.0,1553,epithelial_like
22.0,1554,ambiguous
22.0,1555,ambiguous
22.0,1556,epithelial_like
22.0,1557,ambiguous
22.0,1558,epithelial_like
22.0,1559,epithelial_like
22.0,1560,ambiguous
22.0,1561,intermediate_plastic
22.0,1562,epithelial_like
22.0,1563,ambiguous
22.0,1564,ambiguous
22.0,1565,epithelial_like
22.0,1566,ambiguous
22.0,1567,ambiguous
22.0,1568,ambiguous
22.0,1569,intermediate_plastic
22.0,1570,epithelial_like
22.0,1571,intermediate_plastic
22.0,1572,epithelial_like
22.0,1573,epithelial_like
22.0,1574,epithelial_like
22.0,1575,epithelial_like
22.0,1576,ambiguous
22.0,1577,epithelial_like
22.0,1578,ambiguous
22.0,1579,intermediate_plastic
22.0,1580,epithelial_like
22.0,1581,ambiguous
22.0,1582,epithelial_like
22.0,1583,epithelial_like
22.0,1584,epithelial_like
22.0,1585,intermediate_plastic
22.0,1586,epithelial_like
22.0,1587,epithelial_like
22.0,1588,intermediate_plastic
22.0,1589,epithelial_like
22.0,1590,epithelial_like
22.0,1591,ambiguous
22.0,1592,epithelial_like
22.0,1593,epithelial_like
22.0,1594,intermediate_plastic
22.0,1595,intermediate_plastic
22.0,1596,ambiguous
22.0,1597,intermediate_plastic
22.0,1598,epithelial_like
22.0,1599,ambiguous
22.0,1600,ambiguous
22.0,1601,epithelial_like
22.0,1602,epithelial_like
22.0,1603,ambiguous
22.0,1604,epithelial_like
22.0,1605,ambiguous
22.0,1606,ambiguous
22.0,1607,intermediate_plastic
22.0,1608,intermediate_plastic
22.0,1609,epithelial_like
22.0,1610,epithelial_like
22.0,1611,ambiguous
22.0,1612,ambiguous
22.0,1613,epithelial_like
22.0,1614,epithelial_like
22.0,1615,intermediate_plastic
22.0,1616,ambiguous
22.0,1617,ambiguous
22.0,1618,ambiguous
22.0,1619,epithelial_like
22.0,1620,epithelial_like
22.0,1621,ambiguous
22.0,1622,epithelial_like
22.0,1623,epithelial_like
22.0,1624,epithelial_like
22.0,1625,ambiguous
22.0,1626,intermediate_plastic
22.0,1627,intermediate_plastic
22.0,1628,ambiguous
22.0,1629,intermediate_plastic
22.0,1630,intermediate_plastic
22.0,1631,ambiguous
22.0,1632,intermediate_plastic
22.0,1633,intermediate_plastic
22.0,1634,ambiguous
22.0,1635,ambiguous
22.0,1636,epithelial_like
22.0,1637,epithelial_like
22.0,1638,ambiguous
22.0,1639,epithelial_like
22.0,1640,intermediate_plastic
22.0,1641,intermediate_plastic
22.0,1642,ambiguous
22.0,1643,epithelial_like
22.0,1644,intermediate_plastic
22.0,1645,intermediate_plastic
22.0,1646,epithelial_like
22.0,1647,ambiguous
22.0,1648,epithelial_like
22.0,1649,epithelial_like
22.0,1650,ambiguous
22.0,1651,intermediate_plastic
22.0,1652,intermediate_plastic
22.0,1653,ambiguous
22.0,1654,epithelial_like
22.0,1655,intermediate_plastic
22.0,1656,epithelial_like
22.0,1657,ambiguous
22.0,1658,ambiguous
22.0,1659,intermediate_plastic
22.0,1660,intermediate_plastic
22.0,1661,ambiguous
22.0,1662,intermediate_plastic
22.0,1663,epithelial_like
22.0,1664,ambiguous
22.0,1665,epithelial_like
22.0,1666,ambiguous
22.0,1667,epithelial_like
22.0,1668,intermediate_plastic
22.0,1669,ambiguous
22.0,1670,intermediate_plastic
22.0,1671,intermediate_plastic
22.0,1672,epithelial_like
22.0,1673,ambiguous
22.0,1674,epithelial_like
22.0,1675,intermediate_plastic
22.0,1676,epithelial_like
22.0,1677,ambiguous
22.0,1678,ambiguous
22.0,1679,ambiguous
22.0,1680,intermediate_plastic
22.0,1681,ambiguous
22.0,1682,intermediate_plastic
22.0,1683,ambiguous
22.0,1684,intermediate_plastic
22.0,1685,ambiguous
22.0,1686,ambiguous
22.0,1687,epithelial_like
22.0,1688,epithelial_like
22.0,1689,ambiguous
22.0,1690,epithelial_like
22.0,1691,intermediate_plastic
22.0,1692,epithelial_like
22.0,1693,epithelial_like
22.0,1694,ambiguous
22.0,1695,epithelial_like
22.0,1696,ambiguous
22.0,1697,epithelial_like
22.0,1698,epithelial_like
22.0,1699,ambiguous
22.0,1700,epithelial_like
22.0,1701,epithelial_like
22.0,1702,ambiguous
22.0,1703,epithelial_like
22.0,1704,epithelial_like
22.0,1705,ambiguous
22.0,1706,epithelial_like
22.0,1707,intermediate_plastic
22.0,1708,ambiguous
22.0,1709,intermediate_plastic
22.0,1710,epithelial_like
22.0,1711,ambiguous
22.0,1712,intermediate_plastic
22.0,1713,epithelial_like
22.0,1714,ambiguous
22.0,1715,ambiguous
22.0,1716,ambiguous
22.0,1717,intermediate_plastic
22.0,1718,ambiguous
22.0,1719,epithelial_like
22.0,1720,ambiguous
22.0,1721,ambiguous
22.0,1722,epithelial_like
22.0,1723,intermediate_plastic
22.0,1724,epithelial_like
22.0,1725,epithelial_like
22.0,1726,intermediate_plastic
22.0,1727,intermediate_plastic
22.0,1728,ambiguous
22.0,1729,epithelial_like
22.0,1730,ambiguous
22.0,1731,epithelial_like
22.0,1732,ambiguous
22.0,1733,intermediate_plastic
22.0,1734,intermediate_plastic
22.0,1735,intermediate_plastic
22.0,1736,intermediate_plastic
22.0,1737,ambiguous
22.0,1738,epithelial_like
22.0,1739,intermediate_plastic
22.0,1740,epithelial_like
22.0,1741,epithelial_like
22.0,1742,epithelial_like
22.0,1743,epithelial_like
22.0,1744,ambiguous
22.0,1745,epithelial_like
22.0,1746,epithelial_like
22.0,1747,epithelial_like
22.0,1748,epithelial_like
22.0,1749,epithelial_like
22.0,1750,epithelial_like
22.0,1751,ambiguous
22.0,1752,epithelial_like
22.0,1753,epithelial_like
22.0,1754,ambiguous
22.0,1755,ambiguous
22.0,1756,intermediate_plastic
22.0,1757,intermediate_plastic
22.0,1758,ambiguous
22.0,1759,ambiguous
22.0,1760,intermediate_plastic
22.0,1761,epithelial_like
22.0,1762,intermediate_plastic
22.0,1763,ambiguous
22.0,1764,intermediate_plastic
22.0,1765,ambiguous
22.0,1766,epithelial_like
22.0,1767,epithelial_like
22.0,1768,intermediate_plastic
22.0,1769,intermediate_plastic
22.0,1770,intermediate_plastic
22.0,1771,epithelial_like
22.0,1772,ambiguous
22.0,1773,intermediate_plastic
22.0,1774,ambiguous
22.0,1775,epithelial_like
22.0,1776,ambiguous
22.0,1777,intermediate_plastic
22.0,1778,intermediate_plastic
22.0,1779,ambiguous
22.0,1780,ambiguous
22.0,1781,ambiguous
22.0,1782,epithelial_like
22.0,1783,ambiguous
22.0,1784,intermediate_plastic
22.0,1785,intermediate_plastic
22.0,1786,ambiguous
22.0,1787,intermediate_plastic
22.0,1788,epithelial_like
22.0,1789,ambiguous
22.0,1790,ambiguous
22.0,1791,intermediate_plastic
22.0,1792,intermediate_plastic
22.0,1793,epithelial_like
22.0,1794,ambiguous
22.0,1795,epithelial_like
22.0,1796,intermediate_plastic
22.0,1797,ambiguous
22.0,1798,epithelial_like
22.0,1799,epithelial_like
22.0,1800,epithelial_like
22.0,1801,intermediate_plastic
22.0,1802,intermediate_plastic
22.0,1803,intermediate_plastic
22.0,1804,epithelial_like
22.0,1805,epithelial_like
22.0,1806,epithelial_like
22.0,1807,intermediate_plastic
22.0,1808,intermediate_plastic
22.0,1809,epithelial_like
22.0,1810,epithelial_like
22.0,1811,ambiguous
22.0,1812,intermediate_plastic
22.0,1813,intermediate_plastic
22.0,1814,ambiguous
22.0,1815,ambiguous
22.0,1816,epithelial_like
22.0,1817,epithelial_like
22.0,1818,epithelial_like
22.0,1819,ambiguous
22.0,1820,intermediate_plastic
22.0,1821,ambiguous
22.0,1822,ambiguous
22.0,1823,epithelial_like
22.0,1824,ambiguous
22.0,1825,ambiguous
22.0,1826,epithelial_like
22.0,1827,ambiguous
22.0,1828,epithelial_like
22.0,1829,ambiguous
22.0,1830,intermediate_plastic
22.0,1831,epithelial_like
22.0,1832,ambiguous
22.0,1833,ambiguous
22.0,1834,ambiguous
22.0,1835,intermediate_plastic
22.0,1836,ambiguous
22.0,1837,intermediate_plastic
22.0,1838,intermediate_plastic
22.0,1839,ambiguous
22.0,1840,epithelial_like
22.0,1841,epithelial_like
22.0,1842,epithelial_like
22.0,1843,ambiguous
22.0,1844,epithelial_like
22.0,1845,ambiguous
22.0,1846,epithelial_like
22.0,1847,epithelial_like
22.0,1848,epithelial_like
22.0,1849,ambiguous
22.0,1850,intermediate_plastic
22.0,1851,epithelial_like
22.0,1852,epithelial_like
22.0,1853,epithelial_like
22.0,1854,intermediate_plastic
22.0,1855,epithelial_like
22.0,1856,epithelial_like
22.0,1857,epithelial_like
22.0,1858,ambiguous
22.0,1859,ambiguous
22.0,1860,epithelial_like
22.0,1861,epithelial_like
22.0,1862,epithelial_like
22.0,1863,ambiguous
22.0,1864,epithelial_like
22.0,1865,epithelial_like
22.0,1866,ambiguous
22.0,1867,epithelial_like
22.0,1868,ambiguous
22.0,1869,ambiguous
22.0,1870,epithelial_like
22.0,1871,intermediate_plastic
22.0,1872,ambiguous
22.0,1873,epithelial_like
22.0,1874,epithelial_like
22.0,1875,ambiguous
22.0,1876,intermediate_plastic
22.0,1877,epithelial_like
22.0,1878,intermediate_plastic
22.0,1879,ambiguous
22.0,1880,ambiguous
22.0,1881,epithelial_like
22.0,1882,intermediate_plastic
22.0,1883,ambiguous
22.0,1884,ambiguous
22.0,1885,intermediate_plastic
22.0,1886,epithelial_like
22.0,1887,ambiguous
22.0,1888,epithelial_like
22.0,1889,epithelial_like
22.0,1890,epithelial_like
22.0,1891,epithelial_like
22.0,1892,ambiguous
22.0,1893,intermediate_plastic
22.0,1894,epithelial_like
22.0,1895,ambiguous
22.0,1896,epithelial_like
22.0,1897,intermediate_plastic
22.0,1898,intermediate_plastic
22.0,1899,epithelial_like
22.0,1900,epithelial_like
22.0,1901,epithelial_like
22.0,1902,epithelial_like
22.0,1903,epithelial_like
22.0,1904,epithelial_like
22.0,1905,epithelial_like
22.0,1906,epithelial_like
22.0,1907,epithelial_like
22.0,1908,epithelial_like
22.0,1909,epithelial_like
22.0,1910,ambiguous
22.0,1911,epithelial_like
22.0,1912,epithelial_like
22.0,1913,epithelial_like
22.0,1914,ambiguous
22.0,1915,epithelial_like
22.0,1916,ambiguous
22.0,1917,intermediate_plastic
22.0,1918,epithelial_like
22.0,1919,epithelial_like
22.0,1920,epithelial_like
22.0,1921,epithelial_like
22.0,1922,epithelial_like
22.0,1923,epithelial_like
22.0,1924,ambiguous
22.0,1925,ambiguous
22.0,1926,intermediate_plastic
22.0,1927,intermediate_plastic
22.0,1928,epithelial_like
22.0,1929,intermediate_plastic
22.0,1930,epithelial_like
22.0,1931,intermediate_plastic
22.0,1932,epithelial_like
22.0,1933,epithelial_like
22.0,1934,epithelial_like
22.0,1935,ambiguous
22.0,1936,epithelial_like
22.0,1937,epithelial_like
22.0,1938,intermediate_plastic
22.0,1939,epithelial_like
22.0,1940,epithelial_like
22.0,1941,ambiguous
22.0,1942,epithelial_like
22.0,1943,ambiguous
22.0,1944,ambiguous
22.0,1945,intermediate_plastic
22.0,1946,epithelial_like
22.0,1947,intermediate_plastic
22.0,1948,epithelial_like
22.0,1949,ambiguous
22.0,1950,epithelial_like
22.0,1951,intermediate_plastic
22.0,1952,intermediate_plastic
22.0,1953,epithelial_like
22.0,1954,epithelial_like
22.0,1955,intermediate_plastic
22.0,1956,ambiguous
22.0,1957,intermediate_plastic
22.0,1958,epithelial_like
22.0,1959,intermediate_plastic
22.0,1960,ambiguous
22.0,1961,epithelial_like
22.0,1962,intermediate_plastic
22.0,1963,ambiguous
22.0,1964,epithelial_like
22.0,1965,epithelial_like
22.0,1966,ambiguous
22.0,1967,epithelial_like
22.0,1968,intermediate_plastic
22.0,1969,ambiguous
22.0,1970,ambiguous
22.0,1971,epithelial_like
22.0,1972,intermediate_plastic
22.0,1973,epithelial_like
22.0,1974,ambiguous
22.0,1975,epithelial_like
22.0,1976,intermediate_plastic
22.0,1977,epithelial_like
22.0,1978,epithelial_like
22.0,1979,epithelial_like
22.0,1980,intermediate_plastic
22.0,1981,ambiguous
22.0,1982,intermediate_plastic
22.0,1983,intermediate_plastic
22.0,1984,intermediate_plastic
22.0,1985,epithelial_like
22.0,1986,intermediate_plastic
22.0,1987,epithelial_like
22.0,1988,intermediate_plastic
22.0,1989,intermediate_plastic
22.0,1990,ambiguous
22.0,1991,epithelial_like
22.0,1992,epithelial_like
22.0,1993,ambiguous
22.0,1994,epithelial_like
22.0,1995,epithelial_like
22.0,1996,ambiguous
22.0,1997,epithelial_like
22.0,1998,epithelial_like
22.0,1999,epithelial_like
24.0,0,ambiguous
24.0,1,ambiguous
24.0,2,intermediate_plastic
24.0,3,ambiguous
24.0,4,epithelial_like
24.0,5,ambiguous
24.0,6,ambiguous
24.0,7,ambiguous
24.0,8,epithelial_like
24.0,9,epithelial_like
24.0,10,epithelial_like
24.0,11,intermediate_plastic
24.0,12,ambiguous
24.0,13,intermediate_plastic
24.0,14,epithelial_like
24.0,15,epithelial_like
24.0,16,intermediate_plastic
24.0,17,ambiguous
24.0,18,intermediate_plastic
24.0,19,intermediate_plastic
24.0,20,epithelial_like
24.0,21,epithelial_like
24.0,22,epithelial_like
24.0,23,intermediate_plastic
24.0,24,intermediate_plastic
24.0,25,epithelial_like
24.0,26,epithelial_like
24.0,27,ambiguous
24.0,28,ambiguous
24.0,29,intermediate_plastic
24.0,30,epithelial_like
24.0,31,ambiguous
24.0,32,ambiguous
24.0,33,intermediate_plastic
24.0,34,ambiguous
24.0,35,intermediate_plastic
24.0,36,intermediate_plastic
24.0,37,ambiguous
24.0,38,intermediate_plastic
24.0,39,epithelial_like
24.0,40,intermediate_plastic
24.0,41,ambiguous
24.0,42,epithelial_like
24.0,43,epithelial_like
24.0,44,epithelial_like
24.0,45,epithelial_like
24.0,46,ambiguous
24.0,47,ambiguous
24.0,48,ambiguous
24.0,49,epithelial_like
24.0,50,ambiguous
24.0,51,intermediate_plastic
24.0,52,intermediate_plastic
24.0,53,epithelial_like
24.0,54,ambiguous
24.0,55,epithelial_like
24.0,56,epithelial_like
24.0,57,intermediate_plastic
24.0,58,epithelial_like
24.0,59,ambiguous
24.0,60,ambiguous
24.0,61,epithelial_like
24.0,62,epithelial_like
24.0,63,epithelial_like
24.0,64,epithelial_like
24.0,65,intermediate_plastic
24.0,66,epithelial_like
24.0,67,intermediate_plastic
24.0,68,ambiguous
24.0,69,ambiguous
24.0,70,epithelial_like
24.0,71,intermediate_plastic
24.0,72,epithelial_like
24.0,73,ambiguous
24.0,74,ambiguous
24.0,75,ambiguous
24.0,76,ambiguous
24.0,77,intermediate_plastic
24.0,78,ambiguous
24.0,79,epithelial_like
24.0,80,ambiguous
24.0,81,epithelial_like
24.0,82,epithelial_like
24.0,83,ambiguous
24.0,84,intermediate_plastic
24.0,85,epithelial_like
24.0,86,ambiguous
24.0,87,epithelial_like
24.0,88,epithelial_like
24.0,89,epithelial_like
24.0,90,ambiguous
24.0,91,intermediate_plastic
24.0,92,ambiguous
24.0,93,intermediate_plastic
24.0,94,intermediate_plastic
24.0,95,ambiguous
24.0,96,ambiguous
24.0,97,epithelial_like
24.0,98,ambiguous
24.0,99,intermediate_plastic
24.0,100,epithelial_like
24.0,101,ambiguous
24.0,102,epithelial_like
24.0,103,intermediate_plastic
24.0,104,ambiguous
24.0,105,intermediate_plastic
24.0,106,epithelial_like
24.0,107,ambiguous
24.0,108,ambiguous
24.0,109,intermediate_plastic
24.0,110,intermediate_plastic
24.0,111,epithelial_like
24.0,112,intermediate_plastic
24.0,113,epithelial_like
24.0,114,intermediate_plastic
24.0,115,intermediate_plastic
24.0,116,ambiguous
24.0,117,epithelial_like
24.0,118,ambiguous
24.0,119,intermediate_plastic
24.0,120,ambiguous
24.0,121,ambiguous
24.0,122,intermediate_plastic
24.0,123,ambiguous
24.0,124,epithelial_like
24.0,125,epithelial_like
24.0,126,ambiguous
24.0,127,intermediate_plastic
24.0,128,epithelial_like
24.0,129,intermediate_plastic
24.0,130,epithelial_like
24.0,131,ambiguous
24.0,132,ambiguous
24.0,133,ambiguous
24.0,134,epithelial_like
24.0,135,ambiguous
24.0,136,intermediate_plastic
24.0,137,intermediate_plastic
24.0,138,ambiguous
24.0,139,intermediate_plastic
24.0,140,intermediate_plastic
24.0,141,intermediate_plastic
24.0,142,epithelial_like
24.0,143,ambiguous
24.0,144,epithelial_like
24.0,145,intermediate_plastic
24.0,146,epithelial_like
24.0,147,epithelial_like
24.0,148,epithelial_like
24.0,149,intermediate_plastic
24.0,150,ambiguous
24.0,151,epithelial_like
24.0,152,ambiguous
24.0,153,ambiguous
24.0,154,epithelial_like
24.0,155,epithelial_like
24.0,156,epithelial_like
24.0,157,epithelial_like
24.0,158,ambiguous
24.0,159,intermediate_plastic
24.0,160,intermediate_plastic
24.0,161,epithelial_like
24.0,162,intermediate_plastic
24.0,163,ambiguous
24.0,164,intermediate_plastic
24.0,165,ambiguous
24.0,166,ambiguous
24.0,167,ambiguous
24.0,168,intermediate_plastic
24.0,169,ambiguous
24.0,170,ambiguous
24.0,171,ambiguous
24.0,172,ambiguous
24.0,173,epithelial_like
24.0,174,ambiguous
24.0,175,intermediate_plastic
24.0,176,intermediate_plastic
24.0,177,intermediate_plastic
24.0,178,epithelial_like
24.0,179,intermediate_plastic
24.0,180,intermediate_plastic
24.0,181,intermediate_plastic
24.0,182,intermediate_plastic
24.0,183,epithelial_like
24.0,184,intermediate_plastic
24.0,185,ambiguous
24.0,186,intermediate_plastic
24.0,187,intermediate_plastic
24.0,188,intermediate_plastic
24.0,189,epithelial_like
24.0,190,ambiguous
24.0,191,ambiguous
24.0,192,ambiguous
24.0,193,epithelial_like
24.0,194,intermediate_plastic
24.0,195,epithelial_like
24.0,196,ambiguous
24.0,197,intermediate_plastic
24.0,198,epithelial_like
24.0,199,epithelial_like
24.0,200,intermediate_plastic
24.0,201,intermediate_plastic
24.0,202,epithelial_like
24.0,203,epithelial_like
24.0,204,epithelial_like
24.0,205,intermediate_plastic
24.0,206,epithelial_like
24.0,207,epithelial_like
24.0,208,ambiguous
24.0,209,epithelial_like
24.0,210,ambiguous
24.0,211,epithelial_like
24.0,212,epithelial_like
24.0,213,intermediate_plastic
24.0,214,ambiguous
24.0,215,epithelial_like
24.0,216,epithelial_like
24.0,217,intermediate_plastic
24.0,218,ambiguous
24.0,219,epithelial_like
24.0,220,ambiguous
24.0,221,intermediate_plastic
24.0,222,ambiguous
24.0,223,ambiguous
24.0,224,epithelial_like
24.0,225,epithelial_like
24.0,226,epithelial_like
24.0,227,intermediate_plastic
24.0,228,epithelial_like
24.0,229,epithelial_like
24.0,230,intermediate_plastic
24.0,231,ambiguous
24.0,232,ambiguous
24.0,233,intermediate_plastic
24.0,234,ambiguous
24.0,235,epithelial_like
24.0,236,epithelial_like
24.0,237,epithelial_like
24.0,238,ambiguous
24.0,239,epithelial_like
24.0,240,intermediate_plastic
24.0,241,intermediate_plastic
24.0,242,ambiguous
24.0,243,ambiguous
24.0,244,intermediate_plastic
24.0,245,epithelial_like
24.0,246,intermediate_plastic
24.0,247,ambiguous
24.0,248,intermediate_plastic
24.0,249,epithelial_like
24.0,250,epithelial_like
24.0,251,epithelial_like
24.0,252,intermediate_plastic
24.0,253,ambiguous
24.0,254,epithelial_like
24.0,255,epithelial_like
24.0,256,epithelial_like
24.0,257,epithelial_like
24.0,258,ambiguous
24.0,259,intermediate_plastic
24.0,260,ambiguous
24.0,261,epithelial_like
24.0,262,intermediate_plastic
24.0,263,epithelial_like
24.0,264,epithelial_like
24.0,265,epithelial_like
24.0,266,intermediate_plastic
24.0,267,ambiguous
24.0,268,epithelial_like
24.0,269,ambiguous
24.0,270,intermediate_plastic
24.0,271,ambiguous
24.0,272,intermediate_plastic
24.0,273,ambiguous
24.0,274,intermediate_plastic
24.0,275,ambiguous
24.0,276,ambiguous
24.0,277,ambiguous
24.0,278,epithelial_like
24.0,279,ambiguous
24.0,280,intermediate_plastic
24.0,281,epithelial_like
24.0,282,ambiguous
24.0,283,ambiguous
24.0,284,ambiguous
24.0,285,epithelial_like
24.0,286,epithelial_like
24.0,287,intermediate_plastic
24.0,288,intermediate_plastic
24.0,289,ambiguous
24.0,290,intermediate_plastic
24.0,291,intermediate_plastic
24.0,292,epithelial_like
24.0,293,epithelial_like
24.0,294,ambiguous
24.0,295,epithelial_like
24.0,296,ambiguous
24.0,297,ambiguous
24.0,298,ambiguous
24.0,299,ambiguous
24.0,300,ambiguous
24.0,301,epithelial_like
24.0,302,epithelial_like
24.0,303,ambiguous
24.0,304,ambiguous
24.0,305,epithelial_like
24.0,306,ambiguous
24.0,307,epithelial_like
24.0,308,intermediate_plastic
24.0,309,intermediate_plastic
24.0,310,epithelial_like
24.0,311,intermediate_plastic
24.0,312,ambiguous
24.0,313,intermediate_plastic
24.0,314,ambiguous
24.0,315,ambiguous
24.0,316,epithelial_like
24.0,317,epithelial_like
24.0,318,intermediate_plastic
24.0,319,epithelial_like
24.0,320,epithelial_like
24.0,321,epithelial_like
24.0,322,ambiguous
24.0,323,ambiguous
24.0,324,epithelial_like
24.0,325,ambiguous
24.0,326,intermediate_plastic
24.0,327,intermediate_plastic
24.0,328,ambiguous
24.0,329,epithelial_like
24.0,330,epithelial_like
24.0,331,ambiguous
24.0,332,intermediate_plastic
24.0,333,ambiguous
24.0,334,epithelial_like
24.0,335,epithelial_like
24.0,336,ambiguous
24.0,337,ambiguous
24.0,338,ambiguous
24.0,339,epithelial_like
24.0,340,ambiguous
24.0,341,epithelial_like
24.0,342,ambiguous
24.0,343,ambiguous
24.0,344,intermediate_plastic
24.0,345,epithelial_like
24.0,346,intermediate_plastic
24.0,347,epithelial_like
24.0,348,intermediate_plastic
24.0,349,ambiguous
24.0,350,ambiguous
24.0,351,intermediate_plastic
24.0,352,ambiguous
24.0,353,ambiguous
24.0,354,intermediate_plastic
24.0,355,ambiguous
24.0,356,epithelial_like
24.0,357,intermediate_plastic
24.0,358,intermediate_plastic
24.0,359,ambiguous
24.0,360,intermediate_plastic
24.0,361,ambiguous
24.0,362,ambiguous
24.0,363,ambiguous
24.0,364,intermediate_plastic
24.0,365,intermediate_plastic
24.0,366,epithelial_like
24.0,367,epithelial_like
24.0,368,ambiguous
24.0,369,epithelial_like
24.0,370,intermediate_plastic
24.0,371,epithelial_like
24.0,372,intermediate_plastic
24.0,373,epithelial_like
24.0,374,intermediate_plastic
24.0,375,epithelial_like
24.0,376,epithelial_like
24.0,377,epithelial_like
24.0,378,intermediate_plastic
24.0,379,epithelial_like
24.0,380,epithelial_like
24.0,381,intermediate_plastic
24.0,382,intermediate_plastic
24.0,383,epithelial_like
24.0,384,epithelial_like
24.0,385,epithelial_like
24.0,386,ambiguous
24.0,387,intermediate_plastic
24.0,388,intermediate_plastic
24.0,389,epithelial_like
24.0,390,epithelial_like
24.0,391,epithelial_like
24.0,392,intermediate_plastic
24.0,393,epithelial_like
24.0,394,ambiguous
24.0,395,epithelial_like
24.0,396,epithelial_like
24.0,397,ambiguous
24.0,398,epithelial_like
24.0,399,ambiguous
24.0,400,intermediate_plastic
24.0,401,ambiguous
24.0,402,epithelial_like
24.0,403,intermediate_plastic
24.0,404,epithelial_like
24.0,405,ambiguous
24.0,406,epithelial_like
24.0,407,epithelial_like
24.0,408,epithelial_like
24.0,409,intermediate_plastic
24.0,410,ambiguous
24.0,411,ambiguous
24.0,412,ambiguous
24.0,413,epithelial_like
24.0,414,intermediate_plastic
24.0,415,ambiguous
24.0,416,epithelial_like
24.0,417,intermediate_plastic
24.0,418,intermediate_plastic
24.0,419,ambiguous
24.0,420,epithelial_like
24.0,421,intermediate_plastic
24.0,422,epithelial_like
24.0,423,epithelial_like
24.0,424,epithelial_like
24.0,425,ambiguous
24.0,426,intermediate_plastic
24.0,427,ambiguous
24.0,428,intermediate_plastic
24.0,429,intermediate_plastic
24.0,430,ambiguous
24.0,431,ambiguous
24.0,432,intermediate_plastic
24.0,433,intermediate_plastic
24.0,434,ambiguous
24.0,435,ambiguous
24.0,436,intermediate_plastic
24.0,437,ambiguous
24.0,438,ambiguous
24.0,439,intermediate_plastic
24.0,440,ambiguous
24.0,441,epithelial_like
24.0,442,intermediate_plastic
24.0,443,ambiguous
24.0,444,epithelial_like
24.0,445,intermediate_plastic
24.0,446,epithelial_like
24.0,447,epithelial_like
24.0,448,ambiguous
24.0,449,epithelial_like
24.0,450,ambiguous
24.0,451,ambiguous
24.0,452,ambiguous
24.0,453,ambiguous
24.0,454,intermediate_plastic
24.0,455,epithelial_like
24.0,456,epithelial_like
24.0,457,intermediate_plastic
24.0,458,ambiguous
24.0,459,epithelial_like
24.0,460,ambiguous
24.0,461,intermediate_plastic
24.0,462,ambiguous
24.0,463,epithelial_like
24.0,464,epithelial_like
24.0,465,epithelial_like
24.0,466,intermediate_plastic
24.0,467,ambiguous
24.0,468,ambiguous
24.0,469,epithelial_like
24.0,470,ambiguous
24.0,471,epithelial_like
24.0,472,epithelial_like
24.0,473,ambiguous
24.0,474,epithelial_like
24.0,475,epithelial_like
24.0,476,ambiguous
24.0,477,epithelial_like
24.0,478,epithelial_like
24.0,479,epithelial_like
24.0,480,ambiguous
24.0,481,epithelial_like
24.0,482,intermediate_plastic
24.0,483,epithelial_like
24.0,484,intermediate_plastic
24.0,485,epithelial_like
24.0,486,ambiguous
24.0,487,intermediate_plastic
24.0,488,epithelial_like
24.0,489,intermediate_plastic
24.0,490,ambiguous
24.0,491,epithelial_like
24.0,492,intermediate_plastic
24.0,493,ambiguous
24.0,494,epithelial_like
24.0,495,ambiguous
24.0,496,epithelial_like
24.0,497,intermediate_plastic
24.0,498,epithelial_like
24.0,499,ambiguous
24.0,500,ambiguous
24.0,501,epithelial_like
24.0,502,epithelial_like
24.0,503,epithelial_like
24.0,504,ambiguous
24.0,505,epithelial_like
24.0,506,epithelial_like
24.0,507,ambiguous
24.0,508,ambiguous
24.0,509,intermediate_plastic
24.0,510,intermediate_plastic
24.0,511,ambiguous
24.0,512,intermediate_plastic
24.0,513,intermediate_plastic
24.0,514,intermediate_plastic
24.0,515,ambiguous
24.0,516,ambiguous
24.0,517,epithelial_like
24.0,518,ambiguous
24.0,519,intermediate_plastic
24.0,520,epithelial_like
24.0,521,ambiguous
24.0,522,ambiguous
24.0,523,epithelial_like
24.0,524,intermediate_plastic
24.0,525,epithelial_like
24.0,526,intermediate_plastic
24.0,527,ambiguous
24.0,528,ambiguous
24.0,529,epithelial_like
24.0,530,epithelial_like
24.0,531,epithelial_like
24.0,532,epithelial_like
24.0,533,epithelial_like
24.0,534,epithelial_like
24.0,535,ambiguous
24.0,536,epithelial_like
24.0,537,ambiguous
24.0,538,ambiguous
24.0,539,intermediate_plastic
24.0,540,ambiguous
24.0,541,intermediate_plastic
24.0,542,ambiguous
24.0,543,intermediate_plastic
24.0,544,ambiguous
24.0,545,intermediate_plastic
24.0,546,intermediate_plastic
24.0,547,epithelial_like
24.0,548,epithelial_like
24.0,549,intermediate_plastic
24.0,550,epithelial_like
24.0,551,ambiguous
24.0,552,intermediate_plastic
24.0,553,epithelial_like
24.0,554,intermediate_plastic
24.0,555,epithelial_like
24.0,556,intermediate_plastic
24.0,557,epithelial_like
24.0,558,ambiguous
24.0,559,ambiguous
24.0,560,epithelial_like
24.0,561,ambiguous
24.0,562,ambiguous
24.0,563,epithelial_like
24.0,564,intermediate_plastic
24.0,565,ambiguous
24.0,566,ambiguous
24.0,567,intermediate_plastic
24.0,568,intermediate_plastic
24.0,569,epithelial_like
24.0,570,ambiguous
24.0,571,intermediate_plastic
24.0,572,epithelial_like
24.0,573,ambiguous
24.0,574,intermediate_plastic
24.0,575,epithelial_like
24.0,576,intermediate_plastic
24.0,577,intermediate_plastic
24.0,578,epithelial_like
24.0,579,epithelial_like
24.0,580,epithelial_like
24.0,581,ambiguous
24.0,582,ambiguous
24.0,583,epithelial_like
24.0,584,ambiguous
24.0,585,intermediate_plastic
24.0,586,intermediate_plastic
24.0,587,epithelial_like
24.0,588,intermediate_plastic
24.0,589,ambiguous
24.0,590,epithelial_like
24.0,591,epithelial_like
24.0,592,intermediate_plastic
24.0,593,ambiguous
24.0,594,ambiguous
24.0,595,ambiguous
24.0,596,epithelial_like
24.0,597,intermediate_plastic
24.0,598,ambiguous
24.0,599,epithelial_like
24.0,600,intermediate_plastic
24.0,601,epithelial_like
24.0,602,epithelial_like
24.0,603,ambiguous
24.0,604,epithelial_like
24.0,605,intermediate_plastic
24.0,606,ambiguous
24.0,607,epithelial_like
24.0,608,ambiguous
24.0,609,epithelial_like
24.0,610,ambiguous
24.0,611,ambiguous
24.0,612,ambiguous
24.0,613,intermediate_plastic
24.0,614,intermediate_plastic
24.0,615,intermediate_plastic
24.0,616,epithelial_like
24.0,617,intermediate_plastic
24.0,618,epithelial_like
24.0,619,epithelial_like
24.0,620,intermediate_plastic
24.0,621,epithelial_like
24.0,622,intermediate_plastic
24.0,623,ambiguous
24.0,624,intermediate_plastic
24.0,625,intermediate_plastic
24.0,626,ambiguous
24.0,627,epithelial_like
24.0,628,ambiguous
24.0,629,epithelial_like
24.0,630,epithelial_like
24.0,631,epithelial_like
24.0,632,ambiguous
24.0,633,epithelial_like
24.0,634,epithelial_like
24.0,635,epithelial_like
24.0,636,intermediate_plastic
24.0,637,ambiguous
24.0,638,ambiguous
24.0,639,ambiguous
24.0,640,ambiguous
24.0,641,ambiguous
24.0,642,intermediate_plastic
24.0,643,epithelial_like
24.0,644,epithelial_like
24.0,645,epithelial_like
24.0,646,ambiguous
24.0,647,intermediate_plastic
24.0,648,ambiguous
24.0,649,ambiguous
24.0,650,ambiguous
24.0,651,ambiguous
24.0,652,ambiguous
24.0,653,ambiguous
24.0,654,intermediate_plastic
24.0,655,ambiguous
24.0,656,epithelial_like
24.0,657,epithelial_like
24.0,658,epithelial_like
24.0,659,epithelial_like
24.0,660,epithelial_like
24.0,661,ambiguous
24.0,662,epithelial_like
24.0,663,ambiguous
24.0,664,epithelial_like
24.0,665,ambiguous
24.0,666,ambiguous
24.0,667,ambiguous
24.0,668,ambiguous
24.0,669,ambiguous
24.0,670,ambiguous
24.0,671,epithelial_like
24.0,672,intermediate_plastic
24.0,673,epithelial_like
24.0,674,intermediate_plastic
24.0,675,epithelial_like
24.0,676,epithelial_like
24.0,677,ambiguous
24.0,678,intermediate_plastic
24.0,679,ambiguous
24.0,680,epithelial_like
24.0,681,epithelial_like
24.0,682,intermediate_plastic
24.0,683,ambiguous
24.0,684,ambiguous
24.0,685,intermediate_plastic
24.0,686,epithelial_like
24.0,687,epithelial_like
24.0,688,ambiguous
24.0,689,ambiguous
24.0,690,ambiguous
24.0,691,ambiguous
24.0,692,ambiguous
24.0,693,epithelial_like
24.0,694,intermediate_plastic
24.0,695,intermediate_plastic
24.0,696,ambiguous
24.0,697,ambiguous
24.0,698,epithelial_like
24.0,699,intermediate_plastic
24.0,700,intermediate_plastic
24.0,701,epithelial_like
24.0,702,ambiguous
24.0,703,epithelial_like
24.0,704,epithelial_like
24.0,705,ambiguous
24.0,706,epithelial_like
24.0,707,epithelial_like
24.0,708,ambiguous
24.0,709,ambiguous
24.0,710,epithelial_like
24.0,711,epithelial_like
24.0,712,ambiguous
24.0,713,ambiguous
24.0,714,intermediate_plastic
24.0,715,intermediate_plastic
24.0,716,ambiguous
24.0,717,epithelial_like
24.0,718,ambiguous
24.0,719,intermediate_plastic
24.0,720,intermediate_plastic
24.0,721,epithelial_like
24.0,722,ambiguous
24.0,723,intermediate_plastic
24.0,724,ambiguous
24.0,725,epithelial_like
24.0,726,ambiguous
24.0,727,epithelial_like
24.0,728,epithelial_like
24.0,729,intermediate_plastic
24.0,730,epithelial_like
24.0,731,intermediate_plastic
24.0,732,epithelial_like
24.0,733,ambiguous
24.0,734,ambiguous
24.0,735,intermediate_plastic
24.0,736,epithelial_like
24.0,737,epithelial_like
24.0,738,intermediate_plastic
24.0,739,epithelial_like
24.0,740,intermediate_plastic
24.0,741,epithelial_like
24.0,742,ambiguous
24.0,743,ambiguous
24.0,744,ambiguous
24.0,745,epithelial_like
24.0,746,epithelial_like
24.0,747,ambiguous
24.0,748,epithelial_like
24.0,749,intermediate_plastic
24.0,750,ambiguous
24.0,751,intermediate_plastic
24.0,752,intermediate_plastic
24.0,753,ambiguous
24.0,754,epithelial_like
24.0,755,epithelial_like
24.0,756,ambiguous
24.0,757,epithelial_like
24.0,758,epithelial_like
24.0,759,intermediate_plastic
24.0,760,ambiguous
24.0,761,epithelial_like
24.0,762,intermediate_plastic
24.0,763,intermediate_plastic
24.0,764,intermediate_plastic
24.0,765,ambiguous
24.0,766,intermediate_plastic
24.0,767,ambiguous
24.0,768,intermediate_plastic
24.0,769,intermediate_plastic
24.0,770,intermediate_plastic
24.0,771,ambiguous
24.0,772,ambiguous
24.0,773,epithelial_like
24.0,774,intermediate_plastic
24.0,775,ambiguous
24.0,776,ambiguous
24.0,777,ambiguous
24.0,778,epithelial_like
24.0,779,ambiguous
24.0,780,ambiguous
24.0,781,epithelial_like
24.0,782,epithelial_like
24.0,783,intermediate_plastic
24.0,784,ambiguous
24.0,785,ambiguous
24.0,786,intermediate_plastic
24.0,787,intermediate_plastic
24.0,788,ambiguous
24.0,789,epithelial_like
24.0,790,ambiguous
24.0,791,ambiguous
24.0,792,ambiguous
24.0,793,ambiguous
24.0,794,intermediate_plastic
24.0,795,intermediate_plastic
24.0,796,ambiguous
24.0,797,epithelial_like
24.0,798,epithelial_like
24.0,799,ambiguous
24.0,800,intermediate_plastic
24.0,801,intermediate_plastic
24.0,802,ambiguous
24.0,803,ambiguous
24.0,804,epithelial_like
24.0,805,intermediate_plastic
24.0,806,ambiguous
24.0,807,intermediate_plastic
24.0,808,ambiguous
24.0,809,ambiguous
24.0,810,epithelial_like
24.0,811,epithelial_like
24.0,812,epithelial_like
24.0,813,ambiguous
24.0,814,ambiguous
24.0,815,epithelial_like
24.0,816,intermediate_plastic
24.0,817,ambiguous
24.0,818,epithelial_like
24.0,819,intermediate_plastic
24.0,820,intermediate_plastic
24.0,821,ambiguous
24.0,822,intermediate_plastic
24.0,823,ambiguous
24.0,824,ambiguous
24.0,825,ambiguous
24.0,826,epithelial_like
24.0,827,ambiguous
24.0,828,ambiguous
24.0,829,intermediate_plastic
24.0,830,epithelial_like
24.0,831,intermediate_plastic
24.0,832,epithelial_like
24.0,833,ambiguous
24.0,834,ambiguous
24.0,835,ambiguous
24.0,836,intermediate_plastic
24.0,837,ambiguous
24.0,838,epithelial_like
24.0,839,intermediate_plastic
24.0,840,epithelial_like
24.0,841,ambiguous
24.0,842,epithelial_like
24.0,843,epithelial_like
24.0,844,epithelial_like
24.0,845,epithelial_like
24.0,846,intermediate_plastic
24.0,847,intermediate_plastic
24.0,848,ambiguous
24.0,849,epithelial_like
24.0,850,ambiguous
24.0,851,intermediate_plastic
24.0,852,intermediate_plastic
24.0,853,intermediate_plastic
24.0,854,epithelial_like
24.0,855,intermediate_plastic
24.0,856,intermediate_plastic
24.0,857,intermediate_plastic
24.0,858,epithelial_like
24.0,859,intermediate_plastic
24.0,860,intermediate_plastic
24.0,861,epithelial_like
24.0,862,epithelial_like
24.0,863,epithelial_like
24.0,864,epithelial_like
24.0,865,ambiguous
24.0,866,intermediate_plastic
24.0,867,epithelial_like
24.0,868,intermediate_plastic
24.0,869,epithelial_like
24.0,870,epithelial_like
24.0,871,epithelial_like
24.0,872,ambiguous
24.0,873,ambiguous
24.0,874,ambiguous
24.0,875,epithelial_like
24.0,876,intermediate_plastic
24.0,877,ambiguous
24.0,878,epithelial_like
24.0,879,epithelial_like
24.0,880,intermediate_plastic
24.0,881,intermediate_plastic
24.0,882,intermediate_plastic
24.0,883,epithelial_like
24.0,884,epithelial_like
24.0,885,intermediate_plastic
24.0,886,ambiguous
24.0,887,ambiguous
24.0,888,epithelial_like
24.0,889,ambiguous
24.0,890,epithelial_like
24.0,891,ambiguous
24.0,892,ambiguous
24.0,893,epithelial_like
24.0,894,ambiguous
24.0,895,ambiguous
24.0,896,epithelial_like
24.0,897,ambiguous
24.0,898,intermediate_plastic
24.0,899,epithelial_like
24.0,900,ambiguous
24.0,901,epithelial_like
24.0,902,intermediate_plastic
24.0,903,ambiguous
24.0,904,intermediate_plastic
24.0,905,epithelial_like
24.0,906,ambiguous
24.0,907,epithelial_like
24.0,908,ambiguous
24.0,909,ambiguous
24.0,910,epithelial_like
24.0,911,epithelial_like
24.0,912,intermediate_plastic
24.0,913,epithelial_like
24.0,914,epithelial_like
24.0,915,intermediate_plastic
24.0,916,epithelial_like
24.0,917,intermediate_plastic
24.0,918,epithelial_like
24.0,919,intermediate_plastic
24.0,920,ambiguous
24.0,921,intermediate_plastic
24.0,922,ambiguous
24.0,923,intermediate_plastic
24.0,924,epithelial_like
24.0,925,epithelial_like
24.0,926,epithelial_like
24.0,927,epithelial_like
24.0,928,epithelial_like
24.0,929,intermediate_plastic
24.0,930,intermediate_plastic
24.0,931,ambiguous
24.0,932,ambiguous
24.0,933,epithelial_like
24.0,934,epithelial_like
24.0,935,ambiguous
24.0,936,ambiguous
24.0,937,intermediate_plastic
24.0,938,epithelial_like
24.0,939,ambiguous
24.0,940,epithelial_like
24.0,941,epithelial_like
24.0,942,epithelial_like
24.0,943,epithelial_like
24.0,944,ambiguous
24.0,945,ambiguous
24.0,946,intermediate_plastic
24.0,947,epithelial_like
24.0,948,intermediate_plastic
24.0,949,epithelial_like
24.0,950,epithelial_like
24.0,951,epithelial_like
24.0,952,intermediate_plastic
24.0,953,ambiguous
24.0,954,ambiguous
24.0,955,intermediate_plastic
24.0,956,ambiguous
24.0,957,ambiguous
24.0,958,intermediate_plastic
24.0,959,epithelial_like
24.0,960,epithelial_like
24.0,961,intermediate_plastic
24.0,962,intermediate_plastic
24.0,963,intermediate_plastic
24.0,964,epithelial_like
24.0,965,epithelial_like
24.0,966,ambiguous
24.0,967,ambiguous
24.0,968,intermediate_plastic
24.0,969,intermediate_plastic
24.0,970,epithelial_like
24.0,971,ambiguous
24.0,972,epithelial_like
24.0,973,epithelial_like
24.0,974,epithelial_like
24.0,975,intermediate_plastic
24.0,976,epithelial_like
24.0,977,intermediate_plastic
24.0,978,intermediate_plastic
24.0,979,ambiguous
24.0,980,epithelial_like
24.0,981,intermediate_plastic
24.0,982,epithelial_like
24.0,983,intermediate_plastic
24.0,984,epithelial_like
24.0,985,ambiguous
24.0,986,intermediate_plastic
24.0,987,ambiguous
24.0,988,ambiguous
24.0,989,ambiguous
24.0,990,epithelial_like
24.0,991,epithelial_like
24.0,992,epithelial_like
24.0,993,ambiguous
24.0,994,epithelial_like
24.0,995,ambiguous
24.0,996,ambiguous
24.0,997,epithelial_like
24.0,998,epithelial_like
24.0,999,intermediate_plastic
24.0,1000,ambiguous
24.0,1001,epithelial_like
24.0,1002,epithelial_like
24.0,1003,intermediate_plastic
24.0,1004,epithelial_like
24.0,1005,epithelial_like
24.0,1006,intermediate_plastic
24.0,1007,ambiguous
24.0,1008,ambiguous
24.0,1009,ambiguous
24.0,1010,ambiguous
24.0,1011,intermediate_plastic
24.0,1012,epithelial_like
24.0,1013,epithelial_like
24.0,1014,epithelial_like
24.0,1015,epithelial_like
24.0,1016,epithelial_like
24.0,1017,ambiguous
24.0,1018,intermediate_plastic
24.0,1019,ambiguous
24.0,1020,epithelial_like
24.0,1021,ambiguous
24.0,1022,epithelial_like
24.0,1023,intermediate_plastic
24.0,1024,epithelial_like
24.0,1025,intermediate_plastic
24.0,1026,epithelial_like
24.0,1027,epithelial_like
24.0,1028,ambiguous
24.0,1029,ambiguous
24.0,1030,intermediate_plastic
24.0,1031,ambiguous
24.0,1032,intermediate_plastic
24.0,1033,intermediate_plastic
24.0,1034,epithelial_like
24.0,1035,epithelial_like
24.0,1036,epithelial_like
24.0,1037,epithelial_like
24.0,1038,epithelial_like
24.0,1039,epithelial_like
24.0,1040,epithelial_like
24.0,1041,epithelial_like
24.0,1042,ambiguous
24.0,1043,intermediate_plastic
24.0,1044,epithelial_like
24.0,1045,epithelial_like
24.0,1046,intermediate_plastic
24.0,1047,epithelial_like
24.0,1048,ambiguous
24.0,1049,ambiguous
24.0,1050,ambiguous
24.0,1051,epithelial_like
24.0,1052,ambiguous
24.0,1053,epithelial_like
24.0,1054,intermediate_plastic
24.0,1055,intermediate_plastic
24.0,1056,epithelial_like
24.0,1057,ambiguous
24.0,1058,epithelial_like
24.0,1059,ambiguous
24.0,1060,intermediate_plastic
24.0,1061,epithelial_like
24.0,1062,epithelial_like
24.0,1063,epithelial_like
24.0,1064,ambiguous
24.0,1065,intermediate_plastic
24.0,1066,ambiguous
24.0,1067,epithelial_like
24.0,1068,ambiguous
24.0,1069,epithelial_like
24.0,1070,epithelial_like
24.0,1071,epithelial_like
24.0,1072,ambiguous
24.0,1073,ambiguous
24.0,1074,epithelial_like
24.0,1075,intermediate_plastic
24.0,1076,ambiguous
24.0,1077,intermediate_plastic
24.0,1078,epithelial_like
24.0,1079,epithelial_like
24.0,1080,epithelial_like
24.0,1081,intermediate_plastic
24.0,1082,epithelial_like
24.0,1083,intermediate_plastic
24.0,1084,epithelial_like
24.0,1085,epithelial_like
24.0,1086,ambiguous
24.0,1087,intermediate_plastic
24.0,1088,epithelial_like
24.0,1089,epithelial_like
24.0,1090,ambiguous
24.0,1091,intermediate_plastic
24.0,1092,epithelial_like
24.0,1093,ambiguous
24.0,1094,epithelial_like
24.0,1095,epithelial_like
24.0,1096,epithelial_like
24.0,1097,intermediate_plastic
24.0,1098,epithelial_like
24.0,1099,epithelial_like
24.0,1100,epithelial_like
24.0,1101,intermediate_plastic
24.0,1102,ambiguous
24.0,1103,intermediate_plastic
24.0,1104,epithelial_like
24.0,1105,intermediate_plastic
24.0,1106,epithelial_like
24.0,1107,epithelial_like
24.0,1108,epithelial_like
24.0,1109,epithelial_like
24.0,1110,intermediate_plastic
24.0,1111,epithelial_like
24.0,1112,epithelial_like
24.0,1113,intermediate_plastic
24.0,1114,ambiguous
24.0,1115,intermediate_plastic
24.0,1116,epithelial_like
24.0,1117,intermediate_plastic
24.0,1118,epithelial_like
24.0,1119,ambiguous
24.0,1120,intermediate_plastic
24.0,1121,intermediate_plastic
24.0,1122,intermediate_plastic
24.0,1123,intermediate_plastic
24.0,1124,intermediate_plastic
24.0,1125,epithelial_like
24.0,1126,ambiguous
24.0,1127,epithelial_like
24.0,1128,epithelial_like
24.0,1129,epithelial_like
24.0,1130,epithelial_like
24.0,1131,ambiguous
24.0,1132,ambiguous
24.0,1133,ambiguous
24.0,1134,intermediate_plastic
24.0,1135,epithelial_like
24.0,1136,ambiguous
24.0,1137,intermediate_plastic
24.0,1138,ambiguous
24.0,1139,ambiguous
24.0,1140,epithelial_like
24.0,1141,epithelial_like
24.0,1142,ambiguous
24.0,1143,ambiguous
24.0,1144,ambiguous
24.0,1145,intermediate_plastic
24.0,1146,epithelial_like
24.0,1147,ambiguous
24.0,1148,epithelial_like
24.0,1149,epithelial_like
24.0,1150,ambiguous
24.0,1151,epithelial_like
24.0,1152,ambiguous
24.0,1153,epithelial_like
24.0,1154,epithelial_like
24.0,1155,intermediate_plastic
24.0,1156,ambiguous
24.0,1157,epithelial_like
24.0,1158,ambiguous
24.0,1159,ambiguous
24.0,1160,ambiguous
24.0,1161,epithelial_like
24.0,1162,ambiguous
24.0,1163,epithelial_like
24.0,1164,intermediate_plastic
24.0,1165,epithelial_like
24.0,1166,ambiguous
24.0,1167,intermediate_plastic
24.0,1168,intermediate_plastic
24.0,1169,intermediate_plastic
24.0,1170,ambiguous
24.0,1171,epithelial_like
24.0,1172,epithelial_like
24.0,1173,intermediate_plastic
24.0,1174,ambiguous
24.0,1175,intermediate_plastic
24.0,1176,ambiguous
24.0,1177,epithelial_like
24.0,1178,epithelial_like
24.0,1179,ambiguous
24.0,1180,epithelial_like
24.0,1181,epithelial_like
24.0,1182,epithelial_like
24.0,1183,ambiguous
24.0,1184,ambiguous
24.0,1185,ambiguous
24.0,1186,ambiguous
24.0,1187,ambiguous
24.0,1188,ambiguous
24.0,1189,intermediate_plastic
24.0,1190,intermediate_plastic
24.0,1191,ambiguous
24.0,1192,epithelial_like
24.0,1193,intermediate_plastic
24.0,1194,epithelial_like
24.0,1195,ambiguous
24.0,1196,epithelial_like
24.0,1197,epithelial_like
24.0,1198,epithelial_like
24.0,1199,intermediate_plastic
24.0,1200,epithelial_like
24.0,1201,intermediate_plastic
24.0,1202,intermediate_plastic
24.0,1203,intermediate_plastic
24.0,1204,epithelial_like
24.0,1205,epithelial_like
24.0,1206,epithelial_like
24.0,1207,epithelial_like
24.0,1208,epithelial_like
24.0,1209,epithelial_like
24.0,1210,epithelial_like
24.0,1211,ambiguous
24.0,1212,intermediate_plastic
24.0,1213,intermediate_plastic
24.0,1214,ambiguous
24.0,1215,intermediate_plastic
24.0,1216,ambiguous
24.0,1217,ambiguous
24.0,1218,intermediate_plastic
24.0,1219,intermediate_plastic
24.0,1220,epithelial_like
24.0,1221,epithelial_like
24.0,1222,intermediate_plastic
24.0,1223,ambiguous
24.0,1224,ambiguous
24.0,1225,ambiguous
24.0,1226,ambiguous
24.0,1227,intermediate_plastic
24.0,1228,epithelial_like
24.0,1229,epithelial_like
24.0,1230,intermediate_plastic
24.0,1231,epithelial_like
24.0,1232,ambiguous
24.0,1233,ambiguous
24.0,1234,intermediate_plastic
24.0,1235,epithelial_like
24.0,1236,ambiguous
24.0,1237,epithelial_like
24.0,1238,epithelial_like
24.0,1239,ambiguous
24.0,1240,ambiguous
24.0,1241,intermediate_plastic
24.0,1242,ambiguous
24.0,1243,intermediate_plastic
24.0,1244,ambiguous
24.0,1245,epithelial_like
24.0,1246,epithelial_like
24.0,1247,ambiguous
24.0,1248,ambiguous
24.0,1249,epithelial_like
24.0,1250,intermediate_plastic
24.0,1251,epithelial_like
24.0,1252,epithelial_like
24.0,1253,ambiguous
24.0,1254,intermediate_plastic
24.0,1255,epithelial_like
24.0,1256,ambiguous
24.0,1257,epithelial_like
24.0,1258,ambiguous
24.0,1259,intermediate_plastic
24.0,1260,intermediate_plastic
24.0,1261,intermediate_plastic
24.0,1262,epithelial_like
24.0,1263,epithelial_like
24.0,1264,intermediate_plastic
24.0,1265,intermediate_plastic
24.0,1266,intermediate_plastic
24.0,1267,intermediate_plastic
24.0,1268,intermediate_plastic
24.0,1269,epithelial_like
24.0,1270,intermediate_plastic
24.0,1271,intermediate_plastic
24.0,1272,ambiguous
24.0,1273,epithelial_like
24.0,1274,ambiguous
24.0,1275,epithelial_like
24.0,1276,intermediate_plastic
24.0,1277,intermediate_plastic
24.0,1278,epithelial_like
24.0,1279,intermediate_plastic
24.0,1280,intermediate_plastic
24.0,1281,intermediate_plastic
24.0,1282,ambiguous
24.0,1283,intermediate_plastic
24.0,1284,ambiguous
24.0,1285,intermediate_plastic
24.0,1286,epithelial_like
24.0,1287,ambiguous
24.0,1288,epithelial_like
24.0,1289,intermediate_plastic
24.0,1290,ambiguous
24.0,1291,ambiguous
24.0,1292,intermediate_plastic
24.0,1293,intermediate_plastic
24.0,1294,epithelial_like
24.0,1295,ambiguous
24.0,1296,epithelial_like
24.0,1297,epithelial_like
24.0,1298,epithelial_like
24.0,1299,ambiguous
24.0,1300,epithelial_like
24.0,1301,ambiguous
24.0,1302,ambiguous
24.0,1303,ambiguous
24.0,1304,epithelial_like
24.0,1305,ambiguous
24.0,1306,intermediate_plastic
24.0,1307,intermediate_plastic
24.0,1308,ambiguous
24.0,1309,ambiguous
24.0,1310,epithelial_like
24.0,1311,ambiguous
24.0,1312,epithelial_like
24.0,1313,ambiguous
24.0,1314,intermediate_plastic
24.0,1315,ambiguous
24.0,1316,epithelial_like
24.0,1317,epithelial_like
24.0,1318,ambiguous
24.0,1319,intermediate_plastic
24.0,1320,epithelial_like
24.0,1321,epithelial_like
24.0,1322,epithelial_like
24.0,1323,ambiguous
24.0,1324,ambiguous
24.0,1325,epithelial_like
24.0,1326,epithelial_like
24.0,1327,ambiguous
24.0,1328,epithelial_like
24.0,1329,ambiguous
24.0,1330,epithelial_like
24.0,1331,ambiguous
24.0,1332,intermediate_plastic
24.0,1333,intermediate_plastic
24.0,1334,epithelial_like
24.0,1335,epithelial_like
24.0,1336,intermediate_plastic
24.0,1337,intermediate_plastic
24.0,1338,epithelial_like
24.0,1339,epithelial_like
24.0,1340,epithelial_like
24.0,1341,epithelial_like
24.0,1342,ambiguous
24.0,1343,ambiguous
24.0,1344,ambiguous
24.0,1345,epithelial_like
24.0,1346,intermediate_plastic
24.0,1347,ambiguous
24.0,1348,ambiguous
24.0,1349,epithelial_like
24.0,1350,intermediate_plastic
24.0,1351,intermediate_plastic
24.0,1352,epithelial_like
24.0,1353,epithelial_like
24.0,1354,epithelial_like
24.0,1355,ambiguous
24.0,1356,epithelial_like
24.0,1357,intermediate_plastic
24.0,1358,epithelial_like
24.0,1359,epithelial_like
24.0,1360,ambiguous
24.0,1361,intermediate_plastic
24.0,1362,intermediate_plastic
24.0,1363,epithelial_like
24.0,1364,epithelial_like
24.0,1365,ambiguous
24.0,1366,epithelial_like
24.0,1367,epithelial_like
24.0,1368,ambiguous
24.0,1369,epithelial_like
24.0,1370,ambiguous
24.0,1371,intermediate_plastic
24.0,1372,ambiguous
24.0,1373,ambiguous
24.0,1374,epithelial_like
24.0,1375,ambiguous
24.0,1376,ambiguous
24.0,1377,intermediate_plastic
24.0,1378,epithelial_like
24.0,1379,ambiguous
24.0,1380,intermediate_plastic
24.0,1381,intermediate_plastic
24.0,1382,intermediate_plastic
24.0,1383,intermediate_plastic
24.0,1384,ambiguous
24.0,1385,ambiguous
24.0,1386,epithelial_like
24.0,1387,ambiguous
24.0,1388,intermediate_plastic
24.0,1389,intermediate_plastic
24.0,1390,epithelial_like
24.0,1391,intermediate_plastic
24.0,1392,intermediate_plastic
24.0,1393,ambiguous
24.0,1394,ambiguous
24.0,1395,ambiguous
24.0,1396,intermediate_plastic
24.0,1397,epithelial_like
24.0,1398,epithelial_like
24.0,1399,epithelial_like
24.0,1400,epithelial_like
24.0,1401,epithelial_like
24.0,1402,intermediate_plastic
24.0,1403,intermediate_plastic
24.0,1404,epithelial_like
24.0,1405,intermediate_plastic
24.0,1406,epithelial_like
24.0,1407,intermediate_plastic
24.0,1408,epithelial_like
24.0,1409,intermediate_plastic
24.0,1410,ambiguous
24.0,1411,ambiguous
24.0,1412,ambiguous
24.0,1413,ambiguous
24.0,1414,intermediate_plastic
24.0,1415,intermediate_plastic
24.0,1416,epithelial_like
24.0,1417,ambiguous
24.0,1418,epithelial_like
24.0,1419,intermediate_plastic
24.0,1420,epithelial_like
24.0,1421,intermediate_plastic
24.0,1422,epithelial_like
24.0,1423,intermediate_plastic
24.0,1424,intermediate_plastic
24.0,1425,ambiguous
24.0,1426,ambiguous
24.0,1427,epithelial_like
24.0,1428,intermediate_plastic
24.0,1429,epithelial_like
24.0,1430,ambiguous
24.0,1431,intermediate_plastic
24.0,1432,ambiguous
24.0,1433,intermediate_plastic
24.0,1434,epithelial_like
24.0,1435,ambiguous
24.0,1436,ambiguous
24.0,1437,epithelial_like
24.0,1438,epithelial_like
24.0,1439,epithelial_like
24.0,1440,epithelial_like
24.0,1441,intermediate_plastic
24.0,1442,ambiguous
24.0,1443,epithelial_like
24.0,1444,epithelial_like
24.0,1445,intermediate_plastic
24.0,1446,ambiguous
24.0,1447,intermediate_plastic
24.0,1448,ambiguous
24.0,1449,intermediate_plastic
24.0,1450,epithelial_like
24.0,1451,intermediate_plastic
24.0,1452,intermediate_plastic
24.0,1453,ambiguous
24.0,1454,epithelial_like
24.0,1455,intermediate_plastic
24.0,1456,epithelial_like
24.0,1457,epithelial_like
24.0,1458,intermediate_plastic
24.0,1459,epithelial_like
24.0,1460,intermediate_plastic
24.0,1461,intermediate_plastic
24.0,1462,ambiguous
24.0,1463,epithelial_like
24.0,1464,ambiguous
24.0,1465,ambiguous
24.0,1466,epithelial_like
24.0,1467,ambiguous
24.0,1468,ambiguous
24.0,1469,intermediate_plastic
24.0,1470,ambiguous
24.0,1471,epithelial_like
24.0,1472,intermediate_plastic
24.0,1473,epithelial_like
24.0,1474,ambiguous
24.0,1475,ambiguous
24.0,1476,ambiguous
24.0,1477,intermediate_plastic
24.0,1478,epithelial_like
24.0,1479,epithelial_like
24.0,1480,epithelial_like
24.0,1481,epithelial_like
24.0,1482,ambiguous
24.0,1483,epithelial_like
24.0,1484,epithelial_like
24.0,1485,intermediate_plastic
24.0,1486,ambiguous
24.0,1487,intermediate_plastic
24.0,1488,ambiguous
24.0,1489,ambiguous
24.0,1490,epithelial_like
24.0,1491,ambiguous
24.0,1492,intermediate_plastic
24.0,1493,ambiguous
24.0,1494,ambiguous
24.0,1495,epithelial_like
24.0,1496,ambiguous
24.0,1497,epithelial_like
24.0,1498,epithelial_like
24.0,1499,ambiguous
24.0,1500,epithelial_like
24.0,1501,epithelial_like
24.0,1502,intermediate_plastic
24.0,1503,epithelial_like
24.0,1504,ambiguous
24.0,1505,ambiguous
24.0,1506,ambiguous
24.0,1507,epithelial_like
24.0,1508,ambiguous
24.0,1509,epithelial_like
24.0,1510,ambiguous
24.0,1511,intermediate_plastic
24.0,1512,ambiguous
24.0,1513,ambiguous
24.0,1514,ambiguous
24.0,1515,ambiguous
24.0,1516,ambiguous
24.0,1517,ambiguous
24.0,1518,epithelial_like
24.0,1519,epithelial_like
24.0,1520,epithelial_like
24.0,1521,ambiguous
24.0,1522,ambiguous
24.0,1523,ambiguous
24.0,1524,intermediate_plastic
24.0,1525,epithelial_like
24.0,1526,epithelial_like
24.0,1527,epithelial_like
24.0,1528,epithelial_like
24.0,1529,ambiguous
24.0,1530,ambiguous
24.0,1531,epithelial_like
24.0,1532,ambiguous
24.0,1533,intermediate_plastic
24.0,1534,intermediate_plastic
24.0,1535,ambiguous
24.0,1536,intermediate_plastic
24.0,1537,intermediate_plastic
24.0,1538,ambiguous
24.0,1539,epithelial_like
24.0,1540,epithelial_like
24.0,1541,ambiguous
24.0,1542,intermediate_plastic
24.0,1543,ambiguous
24.0,1544,ambiguous
24.0,1545,ambiguous
24.0,1546,epithelial_like
24.0,1547,intermediate_plastic
24.0,1548,intermediate_plastic
24.0,1549,ambiguous
24.0,1550,ambiguous
24.0,1551,ambiguous
24.0,1552,ambiguous
24.0,1553,epithelial_like
24.0,1554,ambiguous
24.0,1555,ambiguous
24.0,1556,epithelial_like
24.0,1557,ambiguous
24.0,1558,epithelial_like
24.0,1559,epithelial_like
24.0,1560,ambiguous
24.0,1561,intermediate_plastic
24.0,1562,ambiguous
24.0,1563,ambiguous
24.0,1564,ambiguous
24.0,1565,epithelial_like
24.0,1566,intermediate_plastic
24.0,1567,ambiguous
24.0,1568,ambiguous
24.0,1569,intermediate_plastic
24.0,1570,epithelial_like
24.0,1571,ambiguous
24.0,1572,epithelial_like
24.0,1573,epithelial_like
24.0,1574,epithelial_like
24.0,1575,ambiguous
24.0,1576,ambiguous
24.0,1577,epithelial_like
24.0,1578,intermediate_plastic
24.0,1579,intermediate_plastic
24.0,1580,epithelial_like
24.0,1581,ambiguous
24.0,1582,epithelial_like
24.0,1583,epithelial_like
24.0,1584,epithelial_like
24.0,1585,intermediate_plastic
24.0,1586,epithelial_like
24.0,1587,ambiguous
24.0,1588,intermediate_plastic
24.0,1589,ambiguous
24.0,1590,epithelial_like
24.0,1591,ambiguous
24.0,1592,epithelial_like
24.0,1593,epithelial_like
24.0,1594,intermediate_plastic
24.0,1595,intermediate_plastic
24.0,1596,intermediate_plastic
24.0,1597,intermediate_plastic
24.0,1598,epithelial_like
24.0,1599,ambiguous
24.0,1600,ambiguous
24.0,1601,epithelial_like
24.0,1602,epithelial_like
24.0,1603,ambiguous
24.0,1604,epithelial_like
24.0,1605,ambiguous
24.0,1606,ambiguous
24.0,1607,ambiguous
24.0,1608,intermediate_plastic
24.0,1609,ambiguous
24.0,1610,epithelial_like
24.0,1611,ambiguous
24.0,1612,epithelial_like
24.0,1613,epithelial_like
24.0,1614,epithelial_like
24.0,1615,intermediate_plastic
24.0,1616,ambiguous
24.0,1617,intermediate_plastic
24.0,1618,ambiguous
24.0,1619,epithelial_like
24.0,1620,epithelial_like
24.0,1621,ambiguous
24.0,1622,epithelial_like
24.0,1623,epithelial_like
24.0,1624,epithelial_like
24.0,1625,ambiguous
24.0,1626,intermediate_plastic
24.0,1627,intermediate_plastic
24.0,1628,ambiguous
24.0,1629,intermediate_plastic
24.0,1630,intermediate_plastic
24.0,1631,intermediate_plastic
24.0,1632,intermediate_plastic
24.0,1633,intermediate_plastic
24.0,1634,ambiguous
24.0,1635,ambiguous
24.0,1636,epithelial_like
24.0,1637,epithelial_like
24.0,1638,ambiguous
24.0,1639,epithelial_like
24.0,1640,intermediate_plastic
24.0,1641,intermediate_plastic
24.0,1642,ambiguous
24.0,1643,epithelial_like
24.0,1644,intermediate_plastic
24.0,1645,ambiguous
24.0,1646,epithelial_like
24.0,1647,ambiguous
24.0,1648,epithelial_like
24.0,1649,epithelial_like
24.0,1650,ambiguous
24.0,1651,intermediate_plastic
24.0,1652,intermediate_plastic
24.0,1653,ambiguous
24.0,1654,ambiguous
24.0,1655,intermediate_plastic
24.0,1656,epithelial_like
24.0,1657,ambiguous
24.0,1658,ambiguous
24.0,1659,intermediate_plastic
24.0,1660,intermediate_plastic
24.0,1661,ambiguous
24.0,1662,intermediate_plastic
24.0,1663,ambiguous
24.0,1664,ambiguous
24.0,1665,epithelial_like
24.0,1666,epithelial_like
24.0,1667,epithelial_like
24.0,1668,intermediate_plastic
24.0,1669,ambiguous
24.0,1670,intermediate_plastic
24.0,1671,intermediate_plastic
24.0,1672,ambiguous
24.0,1673,ambiguous
24.0,1674,epithelial_like
24.0,1675,intermediate_plastic
24.0,1676,epithelial_like
24.0,1677,ambiguous
24.0,1678,intermediate_plastic
24.0,1679,ambiguous
24.0,1680,intermediate_plastic
24.0,1681,ambiguous
24.0,1682,intermediate_plastic
24.0,1683,ambiguous
24.0,1684,intermediate_plastic
24.0,1685,epithelial_like
24.0,1686,ambiguous
24.0,1687,epithelial_like
24.0,1688,epithelial_like
24.0,1689,intermediate_plastic
24.0,1690,ambiguous
24.0,1691,intermediate_plastic
24.0,1692,epithelial_like
24.0,1693,epithelial_like
24.0,1694,ambiguous
24.0,1695,epithelial_like
24.0,1696,ambiguous
24.0,1697,epithelial_like
24.0,1698,epithelial_like
24.0,1699,intermediate_plastic
24.0,1700,epithelial_like
24.0,1701,epithelial_like
24.0,1702,ambiguous
24.0,1703,epithelial_like
24.0,1704,epithelial_like
24.0,1705,ambiguous
24.0,1706,epithelial_like
24.0,1707,intermediate_plastic
24.0,1708,ambiguous
24.0,1709,intermediate_plastic
24.0,1710,ambiguous
24.0,1711,intermediate_plastic
24.0,1712,intermediate_plastic
24.0,1713,epithelial_like
24.0,1714,ambiguous
24.0,1715,ambiguous
24.0,1716,ambiguous
24.0,1717,intermediate_plastic
24.0,1718,intermediate_plastic
24.0,1719,epithelial_like
24.0,1720,epithelial_like
24.0,1721,ambiguous
24.0,1722,ambiguous
24.0,1723,intermediate_plastic
24.0,1724,epithelial_like
24.0,1725,epithelial_like
24.0,1726,intermediate_plastic
24.0,1727,intermediate_plastic
24.0,1728,ambiguous
24.0,1729,epithelial_like
24.0,1730,ambiguous
24.0,1731,epithelial_like
24.0,1732,ambiguous
24.0,1733,ambiguous
24.0,1734,intermediate_plastic
24.0,1735,intermediate_plastic
24.0,1736,intermediate_plastic
24.0,1737,ambiguous
24.0,1738,epithelial_like
24.0,1739,intermediate_plastic
24.0,1740,epithelial_like
24.0,1741,epithelial_like
24.0,1742,epithelial_like
24.0,1743,epithelial_like
24.0,1744,ambiguous
24.0,1745,ambiguous
24.0,1746,ambiguous
24.0,1747,epithelial_like
24.0,1748,epithelial_like
24.0,1749,ambiguous
24.0,1750,epithelial_like
24.0,1751,ambiguous
24.0,1752,epithelial_like
24.0,1753,epithelial_like
24.0,1754,ambiguous
24.0,1755,intermediate_plastic
24.0,1756,intermediate_plastic
24.0,1757,intermediate_plastic
24.0,1758,ambiguous
24.0,1759,ambiguous
24.0,1760,intermediate_plastic
24.0,1761,epithelial_like
24.0,1762,intermediate_plastic
24.0,1763,ambiguous
24.0,1764,intermediate_plastic
24.0,1765,intermediate_plastic
24.0,1766,epithelial_like
24.0,1767,epithelial_like
24.0,1768,intermediate_plastic
24.0,1769,intermediate_plastic
24.0,1770,intermediate_plastic
24.0,1771,epithelial_like
24.0,1772,ambiguous
24.0,1773,ambiguous
24.0,1774,ambiguous
24.0,1775,ambiguous
24.0,1776,epithelial_like
24.0,1777,intermediate_plastic
24.0,1778,intermediate_plastic
24.0,1779,ambiguous
24.0,1780,epithelial_like
24.0,1781,ambiguous
24.0,1782,epithelial_like
24.0,1783,ambiguous
24.0,1784,intermediate_plastic
24.0,1785,epithelial_like
24.0,1786,ambiguous
24.0,1787,intermediate_plastic
24.0,1788,ambiguous
24.0,1789,epithelial_like
24.0,1790,ambiguous
24.0,1791,intermediate_plastic
24.0,1792,intermediate_plastic
24.0,1793,epithelial_like
24.0,1794,epithelial_like
24.0,1795,ambiguous
24.0,1796,intermediate_plastic
24.0,1797,ambiguous
24.0,1798,epithelial_like
24.0,1799,epithelial_like
24.0,1800,ambiguous
24.0,1801,intermediate_plastic
24.0,1802,intermediate_plastic
24.0,1803,intermediate_plastic
24.0,1804,epithelial_like
24.0,1805,epithelial_like
24.0,1806,ambiguous
24.0,1807,intermediate_plastic
24.0,1808,intermediate_plastic
24.0,1809,epithelial_like
24.0,1810,epithelial_like
24.0,1811,ambiguous
24.0,1812,intermediate_plastic
24.0,1813,ambiguous
24.0,1814,ambiguous
24.0,1815,intermediate_plastic
24.0,1816,epithelial_like
24.0,1817,epithelial_like
24.0,1818,epithelial_like
24.0,1819,ambiguous
24.0,1820,intermediate_plastic
24.0,1821,ambiguous
24.0,1822,ambiguous
24.0,1823,epithelial_like
24.0,1824,ambiguous
24.0,1825,ambiguous
24.0,1826,ambiguous
24.0,1827,ambiguous
24.0,1828,ambiguous
24.0,1829,ambiguous
24.0,1830,intermediate_plastic
24.0,1831,epithelial_like
24.0,1832,ambiguous
24.0,1833,ambiguous
24.0,1834,ambiguous
24.0,1835,intermediate_plastic
24.0,1836,epithelial_like
24.0,1837,intermediate_plastic
24.0,1838,intermediate_plastic
24.0,1839,ambiguous
24.0,1840,epithelial_like
24.0,1841,epithelial_like
24.0,1842,epithelial_like
24.0,1843,ambiguous
24.0,1844,epithelial_like
24.0,1845,ambiguous
24.0,1846,epithelial_like
24.0,1847,epithelial_like
24.0,1848,epithelial_like
24.0,1849,ambiguous
24.0,1850,intermediate_plastic
24.0,1851,epithelial_like
24.0,1852,ambiguous
24.0,1853,epithelial_like
24.0,1854,intermediate_plastic
24.0,1855,epithelial_like
24.0,1856,epithelial_like
24.0,1857,epithelial_like
24.0,1858,ambiguous
24.0,1859,ambiguous
24.0,1860,epithelial_like
24.0,1861,epithelial_like
24.0,1862,epithelial_like
24.0,1863,ambiguous
24.0,1864,epithelial_like
24.0,1865,ambiguous
24.0,1866,ambiguous
24.0,1867,epithelial_like
24.0,1868,ambiguous
24.0,1869,ambiguous
24.0,1870,epithelial_like
24.0,1871,intermediate_plastic
24.0,1872,ambiguous
24.0,1873,epithelial_like
24.0,1874,epithelial_like
24.0,1875,epithelial_like
24.0,1876,intermediate_plastic
24.0,1877,epithelial_like
24.0,1878,intermediate_plastic
24.0,1879,ambiguous
24.0,1880,ambiguous
24.0,1881,epithelial_like
24.0,1882,intermediate_plastic
24.0,1883,epithelial_like
24.0,1884,ambiguous
24.0,1885,intermediate_plastic
24.0,1886,epithelial_like
24.0,1887,ambiguous
24.0,1888,epithelial_like
24.0,1889,epithelial_like
24.0,1890,epithelial_like
24.0,1891,epithelial_like
24.0,1892,ambiguous
24.0,1893,intermediate_plastic
24.0,1894,epithelial_like
24.0,1895,epithelial_like
24.0,1896,epithelial_like
24.0,1897,intermediate_plastic
24.0,1898,intermediate_plastic
24.0,1899,epithelial_like
24.0,1900,epithelial_like
24.0,1901,epithelial_like
24.0,1902,epithelial_like
24.0,1903,epithelial_like
24.0,1904,epithelial_like
24.0,1905,epithelial_like
24.0,1906,epithelial_like
24.0,1907,epithelial_like
24.0,1908,epithelial_like
24.0,1909,epithelial_like
24.0,1910,intermediate_plastic
24.0,1911,epithelial_like
24.0,1912,epithelial_like
24.0,1913,epithelial_like
24.0,1914,epithelial_like
24.0,1915,epithelial_like
24.0,1916,intermediate_plastic
24.0,1917,intermediate_plastic
24.0,1918,epithelial_like
24.0,1919,ambiguous
24.0,1920,epithelial_like
24.0,1921,epithelial_like
24.0,1922,epithelial_like
24.0,1923,ambiguous
24.0,1924,ambiguous
24.0,1925,epithelial_like
24.0,1926,intermediate_plastic
24.0,1927,ambiguous
24.0,1928,ambiguous
24.0,1929,intermediate_plastic
24.0,1930,epithelial_like
24.0,1931,intermediate_plastic
24.0,1932,epithelial_like
24.0,1933,epithelial_like
24.0,1934,ambiguous
24.0,1935,ambiguous
24.0,1936,ambiguous
24.0,1937,epithelial_like
24.0,1938,intermediate_plastic
24.0,1939,epithelial_like
24.0,1940,epithelial_like
24.0,1941,ambiguous
24.0,1942,epithelial_like
24.0,1943,intermediate_plastic
24.0,1944,ambiguous
24.0,1945,intermediate_plastic
24.0,1946,epithelial_like
24.0,1947,intermediate_plastic
24.0,1948,epithelial_like
24.0,1949,intermediate_plastic
24.0,1950,epithelial_like
24.0,1951,intermediate_plastic
24.0,1952,intermediate_plastic
24.0,1953,epithelial_like
24.0,1954,epithelial_like
24.0,1955,intermediate_plastic
24.0,1956,ambiguous
24.0,1957,intermediate_plastic
24.0,1958,epithelial_like
24.0,1959,intermediate_plastic
24.0,1960,ambiguous
24.0,1961,ambiguous
24.0,1962,intermediate_plastic
24.0,1963,ambiguous
24.0,1964,epithelial_like
24.0,1965,ambiguous
24.0,1966,ambiguous
24.0,1967,epithelial_like
24.0,1968,intermediate_plastic
24.0,1969,ambiguous
24.0,1970,epithelial_like
24.0,1971,ambiguous
24.0,1972,intermediate_plastic
24.0,1973,epithelial_like
24.0,1974,ambiguous
24.0,1975,epithelial_like
24.0,1976,intermediate_plastic
24.0,1977,epithelial_like
24.0,1978,ambiguous
24.0,1979,ambiguous
24.0,1980,intermediate_plastic
24.0,1981,ambiguous
24.0,1982,intermediate_plastic
24.0,1983,intermediate_plastic
24.0,1984,intermediate_plastic
24.0,1985,ambiguous
24.0,1986,intermediate_plastic
24.0,1987,epithelial_like
24.0,1988,intermediate_plastic
24.0,1989,intermediate_plastic
24.0,1990,ambiguous
24.0,1991,epithelial_like
24.0,1992,epithelial_like
24.0,1993,ambiguous
24.0,1994,epithelial_like
24.0,1995,epithelial_like
24.0,1996,ambiguous
24.0,1997,epithelial_like
24.0,1998,ambiguous
24.0,1999,epithelial_like
28.0,0,ambiguous
28.0,1,ambiguous
28.0,2,intermediate_plastic
28.0,3,ambiguous
28.0,4,epithelial_like
28.0,5,ambiguous
28.0,6,ambiguous
28.0,7,ambiguous
28.0,8,epithelial_like
28.0,9,epithelial_like
28.0,10,epithelial_like
28.0,11,intermediate_plastic
28.0,12,intermediate_plastic
28.0,13,intermediate_plastic
28.0,14,epithelial_like
28.0,15,ambiguous
28.0,16,intermediate_plastic
28.0,17,ambiguous
28.0,18,intermediate_plastic
28.0,19,intermediate_plastic
28.0,20,ambiguous
28.0,21,epithelial_like
28.0,22,ambiguous
28.0,23,intermediate_plastic
28.0,24,intermediate_plastic
28.0,25,ambiguous
28.0,26,epithelial_like
28.0,27,ambiguous
28.0,28,ambiguous
28.0,29,intermediate_plastic
28.0,30,epithelial_like
28.0,31,intermediate_plastic
28.0,32,ambiguous
28.0,33,intermediate_plastic
28.0,34,ambiguous
28.0,35,intermediate_plastic
28.0,36,intermediate_plastic
28.0,37,ambiguous
28.0,38,ambiguous
28.0,39,ambiguous
28.0,40,intermediate_plastic
28.0,41,ambiguous
28.0,42,ambiguous
28.0,43,epithelial_like
28.0,44,epithelial_like
28.0,45,epithelial_like
28.0,46,ambiguous
28.0,47,ambiguous
28.0,48,ambiguous
28.0,49,epithelial_like
28.0,50,ambiguous
28.0,51,intermediate_plastic
28.0,52,intermediate_plastic
28.0,53,epithelial_like
28.0,54,ambiguous
28.0,55,epithelial_like
28.0,56,ambiguous
28.0,57,intermediate_plastic
28.0,58,ambiguous
28.0,59,ambiguous
28.0,60,ambiguous
28.0,61,epithelial_like
28.0,62,ambiguous
28.0,63,epithelial_like
28.0,64,ambiguous
28.0,65,intermediate_plastic
28.0,66,ambiguous
28.0,67,intermediate_plastic
28.0,68,ambiguous
28.0,69,epithelial_like
28.0,70,epithelial_like
28.0,71,intermediate_plastic
28.0,72,ambiguous
28.0,73,intermediate_plastic
28.0,74,ambiguous
28.0,75,ambiguous
28.0,76,intermediate_plastic
28.0,77,intermediate_plastic
28.0,78,ambiguous
28.0,79,epithelial_like
28.0,80,ambiguous
28.0,81,epithelial_like
28.0,82,epithelial_like
28.0,83,ambiguous
28.0,84,intermediate_plastic
28.0,85,ambiguous
28.0,86,ambiguous
28.0,87,epithelial_like
28.0,88,epithelial_like
28.0,89,epithelial_like
28.0,90,ambiguous
28.0,91,intermediate_plastic
28.0,92,ambiguous
28.0,93,intermediate_plastic
28.0,94,intermediate_plastic
28.0,95,ambiguous
28.0,96,ambiguous
28.0,97,epithelial_like
28.0,98,intermediate_plastic
28.0,99,intermediate_plastic
28.0,100,epithelial_like
28.0,101,ambiguous
28.0,102,ambiguous
28.0,103,intermediate_plastic
28.0,104,ambiguous
28.0,105,intermediate_plastic
28.0,106,epithelial_like
28.0,107,ambiguous
28.0,108,intermediate_plastic
28.0,109,intermediate_plastic
28.0,110,intermediate_plastic
28.0,111,ambiguous
28.0,112,intermediate_plastic
28.0,113,epithelial_like
28.0,114,intermediate_plastic
28.0,115,intermediate_plastic
28.0,116,ambiguous
28.0,117,epithelial_like
28.0,118,ambiguous
28.0,119,intermediate_plastic
28.0,120,ambiguous
28.0,121,ambiguous
28.0,122,intermediate_plastic
28.0,123,ambiguous
28.0,124,epithelial_like
28.0,125,epithelial_like
28.0,126,epithelial_like
28.0,127,intermediate_plastic
28.0,128,ambiguous
28.0,129,intermediate_plastic
28.0,130,epithelial_like
28.0,131,ambiguous
28.0,132,ambiguous
28.0,133,ambiguous
28.0,134,epithelial_like
28.0,135,ambiguous
28.0,136,intermediate_plastic
28.0,137,intermediate_plastic
28.0,138,ambiguous
28.0,139,intermediate_plastic
28.0,140,intermediate_plastic
28.0,141,intermediate_plastic
28.0,142,epithelial_like
28.0,143,ambiguous
28.0,144,ambiguous
28.0,145,intermediate_plastic
28.0,146,epithelial_like
28.0,147,ambiguous
28.0,148,epithelial_like
28.0,149,intermediate_plastic
28.0,150,ambiguous
28.0,151,ambiguous
28.0,152,ambiguous
28.0,153,ambiguous
28.0,154,ambiguous
28.0,155,epithelial_like
28.0,156,epithelial_like
28.0,157,epithelial_like
28.0,158,ambiguous
28.0,159,intermediate_plastic
28.0,160,intermediate_plastic
28.0,161,ambiguous
28.0,162,intermediate_plastic
28.0,163,ambiguous
28.0,164,intermediate_plastic
28.0,165,epithelial_like
28.0,166,ambiguous
28.0,167,ambiguous
28.0,168,intermediate_plastic
28.0,169,ambiguous
28.0,170,ambiguous
28.0,171,epithelial_like
28.0,172,ambiguous
28.0,173,epithelial_like
28.0,174,ambiguous
28.0,175,intermediate_plastic
28.0,176,intermediate_plastic
28.0,177,intermediate_plastic
28.0,178,epithelial_like
28.0,179,intermediate_plastic
28.0,180,intermediate_plastic
28.0,181,intermediate_plastic
28.0,182,intermediate_plastic
28.0,183,epithelial_like
28.0,184,intermediate_plastic
28.0,185,ambiguous
28.0,186,intermediate_plastic
28.0,187,intermediate_plastic
28.0,188,intermediate_plastic
28.0,189,epithelial_like
28.0,190,ambiguous
28.0,191,ambiguous
28.0,192,ambiguous
28.0,193,epithelial_like
28.0,194,intermediate_plastic
28.0,195,epithelial_like
28.0,196,ambiguous
28.0,197,intermediate_plastic
28.0,198,epithelial_like
28.0,199,epithelial_like
28.0,200,intermediate_plastic
28.0,201,intermediate_plastic
28.0,202,epithelial_like
28.0,203,epithelial_like
28.0,204,epithelial_like
28.0,205,intermediate_plastic
28.0,206,epithelial_like
28.0,207,epithelial_like
28.0,208,epithelial_like
28.0,209,epithelial_like
28.0,210,ambiguous
28.0,211,epithelial_like
28.0,212,ambiguous
28.0,213,intermediate_plastic
28.0,214,ambiguous
28.0,215,ambiguous
28.0,216,epithelial_like
28.0,217,intermediate_plastic
28.0,218,ambiguous
28.0,219,epithelial_like
28.0,220,epithelial_like
28.0,221,intermediate_plastic
28.0,222,ambiguous
28.0,223,intermediate_plastic
28.0,224,epithelial_like
28.0,225,ambiguous
28.0,226,epithelial_like
28.0,227,intermediate_plastic
28.0,228,ambiguous
28.0,229,epithelial_like
28.0,230,intermediate_plastic
28.0,231,epithelial_like
28.0,232,ambiguous
28.0,233,intermediate_plastic
28.0,234,ambiguous
28.0,235,epithelial_like
28.0,236,epithelial_like
28.0,237,epithelial_like
28.0,238,ambiguous
28.0,239,epithelial_like
28.0,240,intermediate_plastic
28.0,241,intermediate_plastic
28.0,242,epithelial_like
28.0,243,ambiguous
28.0,244,intermediate_plastic
28.0,245,epithelial_like
28.0,246,intermediate_plastic
28.0,247,ambiguous
28.0,248,intermediate_plastic
28.0,249,epithelial_like
28.0,250,ambiguous
28.0,251,epithelial_like
28.0,252,intermediate_plastic
28.0,253,ambiguous
28.0,254,epithelial_like
28.0,255,epithelial_like
28.0,256,epithelial_like
28.0,257,epithelial_like
28.0,258,ambiguous
28.0,259,intermediate_plastic
28.0,260,ambiguous
28.0,261,epithelial_like
28.0,262,intermediate_plastic
28.0,263,ambiguous
28.0,264,epithelial_like
28.0,265,epithelial_like
28.0,266,intermediate_plastic
28.0,267,ambiguous
28.0,268,ambiguous
28.0,269,ambiguous
28.0,270,intermediate_plastic
28.0,271,ambiguous
28.0,272,intermediate_plastic
28.0,273,ambiguous
28.0,274,intermediate_plastic
28.0,275,ambiguous
28.0,276,ambiguous
28.0,277,intermediate_plastic
28.0,278,ambiguous
28.0,279,ambiguous
28.0,280,intermediate_plastic
28.0,281,epithelial_like
28.0,282,ambiguous
28.0,283,epithelial_like
28.0,284,ambiguous
28.0,285,ambiguous
28.0,286,ambiguous
28.0,287,intermediate_plastic
28.0,288,intermediate_plastic
28.0,289,epithelial_like
28.0,290,ambiguous
28.0,291,intermediate_plastic
28.0,292,epithelial_like
28.0,293,epithelial_like
28.0,294,ambiguous
28.0,295,epithelial_like
28.0,296,ambiguous
28.0,297,ambiguous
28.0,298,ambiguous
28.0,299,epithelial_like
28.0,300,ambiguous
28.0,301,ambiguous
28.0,302,ambiguous
28.0,303,epithelial_like
28.0,304,ambiguous
28.0,305,ambiguous
28.0,306,ambiguous
28.0,307,epithelial_like
28.0,308,intermediate_plastic
28.0,309,intermediate_plastic
28.0,310,ambiguous
28.0,311,intermediate_plastic
28.0,312,ambiguous
28.0,313,intermediate_plastic
28.0,314,ambiguous
28.0,315,ambiguous
28.0,316,epithelial_like
28.0,317,epithelial_like
28.0,318,intermediate_plastic
28.0,319,epithelial_like
28.0,320,epithelial_like
28.0,321,epithelial_like
28.0,322,ambiguous
28.0,323,intermediate_plastic
28.0,324,ambiguous
28.0,325,ambiguous
28.0,326,intermediate_plastic
28.0,327,intermediate_plastic
28.0,328,ambiguous
28.0,329,ambiguous
28.0,330,ambiguous
28.0,331,ambiguous
28.0,332,intermediate_plastic
28.0,333,ambiguous
28.0,334,epithelial_like
28.0,335,epithelial_like
28.0,336,epithelial_like
28.0,337,ambiguous
28.0,338,ambiguous
28.0,339,epithelial_like
28.0,340,ambiguous
28.0,341,ambiguous
28.0,342,ambiguous
28.0,343,ambiguous
28.0,344,intermediate_plastic
28.0,345,epithelial_like
28.0,346,intermediate_plastic
28.0,347,epithelial_like
28.0,348,intermediate_plastic
28.0,349,ambiguous
28.0,350,epithelial_like
28.0,351,intermediate_plastic
28.0,352,ambiguous
28.0,353,ambiguous
28.0,354,intermediate_plastic
28.0,355,intermediate_plastic
28.0,356,epithelial_like
28.0,357,intermediate_plastic
28.0,358,intermediate_plastic
28.0,359,ambiguous
28.0,360,intermediate_plastic
28.0,361,ambiguous
28.0,362,epithelial_like
28.0,363,ambiguous
28.0,364,intermediate_plastic
28.0,365,intermediate_plastic
28.0,366,epithelial_like
28.0,367,epithelial_like
28.0,368,ambiguous
28.0,369,epithelial_like
28.0,370,intermediate_plastic
28.0,371,epithelial_like
28.0,372,intermediate_plastic
28.0,373,epithelial_like
28.0,374,intermediate_plastic
28.0,375,epithelial_like
28.0,376,epithelial_like
28.0,377,epithelial_like
28.0,378,intermediate_plastic
28.0,379,epithelial_like
28.0,380,epithelial_like
28.0,381,intermediate_plastic
28.0,382,intermediate_plastic
28.0,383,epithelial_like
28.0,384,epithelial_like
28.0,385,ambiguous
28.0,386,ambiguous
28.0,387,intermediate_plastic
28.0,388,intermediate_plastic
28.0,389,epithelial_like
28.0,390,ambiguous
28.0,391,ambiguous
28.0,392,ambiguous
28.0,393,ambiguous
28.0,394,intermediate_plastic
28.0,395,epithelial_like
28.0,396,ambiguous
28.0,397,intermediate_plastic
28.0,398,epithelial_like
28.0,399,ambiguous
28.0,400,intermediate_plastic
28.0,401,intermediate_plastic
28.0,402,ambiguous
28.0,403,intermediate_plastic
28.0,404,epithelial_like
28.0,405,ambiguous
28.0,406,epithelial_like
28.0,407,epithelial_like
28.0,408,epithelial_like
28.0,409,intermediate_plastic
28.0,410,ambiguous
28.0,411,ambiguous
28.0,412,ambiguous
28.0,413,epithelial_like
28.0,414,intermediate_plastic
28.0,415,ambiguous
28.0,416,epithelial_like
28.0,417,intermediate_plastic
28.0,418,intermediate_plastic
28.0,419,ambiguous
28.0,420,epithelial_like
28.0,421,intermediate_plastic
28.0,422,ambiguous
28.0,423,ambiguous
28.0,424,ambiguous
28.0,425,intermediate_plastic
28.0,426,intermediate_plastic
28.0,427,ambiguous
28.0,428,intermediate_plastic
28.0,429,intermediate_plastic
28.0,430,ambiguous
28.0,431,epithelial_like
28.0,432,intermediate_plastic
28.0,433,intermediate_plastic
28.0,434,ambiguous
28.0,435,epithelial_like
28.0,436,intermediate_plastic
28.0,437,ambiguous
28.0,438,ambiguous
28.0,439,intermediate_plastic
28.0,440,ambiguous
28.0,441,epithelial_like
28.0,442,intermediate_plastic
28.0,443,ambiguous
28.0,444,ambiguous
28.0,445,intermediate_plastic
28.0,446,epithelial_like
28.0,447,epithelial_like
28.0,448,ambiguous
28.0,449,epithelial_like
28.0,450,ambiguous
28.0,451,ambiguous
28.0,452,ambiguous
28.0,453,ambiguous
28.0,454,intermediate_plastic
28.0,455,epithelial_like
28.0,456,epithelial_like
28.0,457,intermediate_plastic
28.0,458,ambiguous
28.0,459,ambiguous
28.0,460,ambiguous
28.0,461,intermediate_plastic
28.0,462,epithelial_like
28.0,463,epithelial_like
28.0,464,ambiguous
28.0,465,ambiguous
28.0,466,intermediate_plastic
28.0,467,ambiguous
28.0,468,intermediate_plastic
28.0,469,epithelial_like
28.0,470,ambiguous
28.0,471,ambiguous
28.0,472,epithelial_like
28.0,473,ambiguous
28.0,474,epithelial_like
28.0,475,ambiguous
28.0,476,ambiguous
28.0,477,epithelial_like
28.0,478,epithelial_like
28.0,479,epithelial_like
28.0,480,ambiguous
28.0,481,epithelial_like
28.0,482,intermediate_plastic
28.0,483,epithelial_like
28.0,484,intermediate_plastic
28.0,485,ambiguous
28.0,486,epithelial_like
28.0,487,intermediate_plastic
28.0,488,epithelial_like
28.0,489,intermediate_plastic
28.0,490,ambiguous
28.0,491,epithelial_like
28.0,492,intermediate_plastic
28.0,493,intermediate_plastic
28.0,494,epithelial_like
28.0,495,ambiguous
28.0,496,epithelial_like
28.0,497,intermediate_plastic
28.0,498,ambiguous
28.0,499,ambiguous
28.0,500,intermediate_plastic
28.0,501,epithelial_like
28.0,502,ambiguous
28.0,503,epithelial_like
28.0,504,ambiguous
28.0,505,ambiguous
28.0,506,epithelial_like
28.0,507,ambiguous
28.0,508,ambiguous
28.0,509,intermediate_plastic
28.0,510,intermediate_plastic
28.0,511,ambiguous
28.0,512,intermediate_plastic
28.0,513,intermediate_plastic
28.0,514,intermediate_plastic
28.0,515,ambiguous
28.0,516,ambiguous
28.0,517,epithelial_like
28.0,518,ambiguous
28.0,519,intermediate_plastic
28.0,520,epithelial_like
28.0,521,ambiguous
28.0,522,epithelial_like
28.0,523,epithelial_like
28.0,524,intermediate_plastic
28.0,525,ambiguous
28.0,526,intermediate_plastic
28.0,527,ambiguous
28.0,528,ambiguous
28.0,529,epithelial_like
28.0,530,epithelial_like
28.0,531,epithelial_like
28.0,532,ambiguous
28.0,533,epithelial_like
28.0,534,ambiguous
28.0,535,ambiguous
28.0,536,epithelial_like
28.0,537,epithelial_like
28.0,538,ambiguous
28.0,539,intermediate_plastic
28.0,540,ambiguous
28.0,541,intermediate_plastic
28.0,542,ambiguous
28.0,543,intermediate_plastic
28.0,544,ambiguous
28.0,545,intermediate_plastic
28.0,546,intermediate_plastic
28.0,547,epithelial_like
28.0,548,epithelial_like
28.0,549,intermediate_plastic
28.0,550,epithelial_like
28.0,551,ambiguous
28.0,552,intermediate_plastic
28.0,553,ambiguous
28.0,554,intermediate_plastic
28.0,555,epithelial_like
28.0,556,intermediate_plastic
28.0,557,epithelial_like
28.0,558,ambiguous
28.0,559,ambiguous
28.0,560,epithelial_like
28.0,561,ambiguous
28.0,562,ambiguous
28.0,563,ambiguous
28.0,564,intermediate_plastic
28.0,565,ambiguous
28.0,566,intermediate_plastic
28.0,567,intermediate_plastic
28.0,568,intermediate_plastic
28.0,569,epithelial_like
28.0,570,ambiguous
28.0,571,ambiguous
28.0,572,ambiguous
28.0,573,ambiguous
28.0,574,intermediate_plastic
28.0,575,epithelial_like
28.0,576,intermediate_plastic
28.0,577,intermediate_plastic
28.0,578,ambiguous
28.0,579,epithelial_like
28.0,580,epithelial_like
28.0,581,ambiguous
28.0,582,ambiguous
28.0,583,epithelial_like
28.0,584,ambiguous
28.0,585,intermediate_plastic
28.0,586,intermediate_plastic
28.0,587,epithelial_like
28.0,588,intermediate_plastic
28.0,589,ambiguous
28.0,590,ambiguous
28.0,591,epithelial_like
28.0,592,intermediate_plastic
28.0,593,intermediate_plastic
28.0,594,ambiguous
28.0,595,ambiguous
28.0,596,epithelial_like
28.0,597,intermediate_plastic
28.0,598,ambiguous
28.0,599,epithelial_like
28.0,600,intermediate_plastic
28.0,601,ambiguous
28.0,602,epithelial_like
28.0,603,ambiguous
28.0,604,epithelial_like
28.0,605,intermediate_plastic
28.0,606,ambiguous
28.0,607,epithelial_like
28.0,608,epithelial_like
28.0,609,epithelial_like
28.0,610,ambiguous
28.0,611,intermediate_plastic
28.0,612,ambiguous
28.0,613,intermediate_plastic
28.0,614,intermediate_plastic
28.0,615,intermediate_plastic
28.0,616,epithelial_like
28.0,617,intermediate_plastic
28.0,618,epithelial_like
28.0,619,ambiguous
28.0,620,intermediate_plastic
28.0,621,epithelial_like
28.0,622,intermediate_plastic
28.0,623,ambiguous
28.0,624,intermediate_plastic
28.0,625,intermediate_plastic
28.0,626,ambiguous
28.0,627,epithelial_like
28.0,628,ambiguous
28.0,629,ambiguous
28.0,630,epithelial_like
28.0,631,epithelial_like
28.0,632,ambiguous
28.0,633,epithelial_like
28.0,634,epithelial_like
28.0,635,epithelial_like
28.0,636,intermediate_plastic
28.0,637,intermediate_plastic
28.0,638,ambiguous
28.0,639,ambiguous
28.0,640,ambiguous
28.0,641,ambiguous
28.0,642,intermediate_plastic
28.0,643,ambiguous
28.0,644,epithelial_like
28.0,645,epithelial_like
28.0,646,ambiguous
28.0,647,intermediate_plastic
28.0,648,epithelial_like
28.0,649,epithelial_like
28.0,650,ambiguous
28.0,651,ambiguous
28.0,652,ambiguous
28.0,653,ambiguous
28.0,654,intermediate_plastic
28.0,655,ambiguous
28.0,656,ambiguous
28.0,657,ambiguous
28.0,658,epithelial_like
28.0,659,epithelial_like
28.0,660,epithelial_like
28.0,661,ambiguous
28.0,662,epithelial_like
28.0,663,ambiguous
28.0,664,ambiguous
28.0,665,ambiguous
28.0,666,ambiguous
28.0,667,ambiguous
28.0,668,ambiguous
28.0,669,ambiguous
28.0,670,ambiguous
28.0,671,ambiguous
28.0,672,intermediate_plastic
28.0,673,epithelial_like
28.0,674,intermediate_plastic
28.0,675,ambiguous
28.0,676,epithelial_like
28.0,677,ambiguous
28.0,678,intermediate_plastic
28.0,679,ambiguous
28.0,680,epithelial_like
28.0,681,epithelial_like
28.0,682,intermediate_plastic
28.0,683,ambiguous
28.0,684,ambiguous
28.0,685,intermediate_plastic
28.0,686,ambiguous
28.0,687,epithelial_like
28.0,688,ambiguous
28.0,689,ambiguous
28.0,690,ambiguous
28.0,691,intermediate_plastic
28.0,692,ambiguous
28.0,693,ambiguous
28.0,694,intermediate_plastic
28.0,695,intermediate_plastic
28.0,696,ambiguous
28.0,697,ambiguous
28.0,698,epithelial_like
28.0,699,intermediate_plastic
28.0,700,intermediate_plastic
28.0,701,epithelial_like
28.0,702,ambiguous
28.0,703,epithelial_like
28.0,704,ambiguous
28.0,705,ambiguous
28.0,706,epithelial_like
28.0,707,ambiguous
28.0,708,ambiguous
28.0,709,intermediate_plastic
28.0,710,ambiguous
28.0,711,epithelial_like
28.0,712,epithelial_like
28.0,713,epithelial_like
28.0,714,intermediate_plastic
28.0,715,intermediate_plastic
28.0,716,ambiguous
28.0,717,epithelial_like
28.0,718,ambiguous
28.0,719,intermediate_plastic
28.0,720,intermediate_plastic
28.0,721,ambiguous
28.0,722,ambiguous
28.0,723,intermediate_plastic
28.0,724,ambiguous
28.0,725,ambiguous
28.0,726,ambiguous
28.0,727,epithelial_like
28.0,728,epithelial_like
28.0,729,intermediate_plastic
28.0,730,ambiguous
28.0,731,intermediate_plastic
28.0,732,ambiguous
28.0,733,ambiguous
28.0,734,ambiguous
28.0,735,intermediate_plastic
28.0,736,epithelial_like
28.0,737,epithelial_like
28.0,738,intermediate_plastic
28.0,739,epithelial_like
28.0,740,ambiguous
28.0,741,epithelial_like
28.0,742,intermediate_plastic
28.0,743,ambiguous
28.0,744,ambiguous
28.0,745,epithelial_like
28.0,746,ambiguous
28.0,747,ambiguous
28.0,748,ambiguous
28.0,749,intermediate_plastic
28.0,750,ambiguous
28.0,751,intermediate_plastic
28.0,752,intermediate_plastic
28.0,753,ambiguous
28.0,754,epithelial_like
28.0,755,ambiguous
28.0,756,ambiguous
28.0,757,epithelial_like
28.0,758,epithelial_like
28.0,759,intermediate_plastic
28.0,760,ambiguous
28.0,761,epithelial_like
28.0,762,intermediate_plastic
28.0,763,intermediate_plastic
28.0,764,intermediate_plastic
28.0,765,epithelial_like
28.0,766,intermediate_plastic
28.0,767,ambiguous
28.0,768,intermediate_plastic
28.0,769,intermediate_plastic
28.0,770,intermediate_plastic
28.0,771,ambiguous
28.0,772,ambiguous
28.0,773,ambiguous
28.0,774,intermediate_plastic
28.0,775,ambiguous
28.0,776,ambiguous
28.0,777,epithelial_like
28.0,778,epithelial_like
28.0,779,ambiguous
28.0,780,ambiguous
28.0,781,epithelial_like
28.0,782,ambiguous
28.0,783,intermediate_plastic
28.0,784,ambiguous
28.0,785,epithelial_like
28.0,786,intermediate_plastic
28.0,787,ambiguous
28.0,788,ambiguous
28.0,789,epithelial_like
28.0,790,epithelial_like
28.0,791,ambiguous
28.0,792,ambiguous
28.0,793,ambiguous
28.0,794,intermediate_plastic
28.0,795,intermediate_plastic
28.0,796,ambiguous
28.0,797,epithelial_like
28.0,798,epithelial_like
28.0,799,ambiguous
28.0,800,intermediate_plastic
28.0,801,intermediate_plastic
28.0,802,ambiguous
28.0,803,ambiguous
28.0,804,epithelial_like
28.0,805,intermediate_plastic
28.0,806,ambiguous
28.0,807,intermediate_plastic
28.0,808,ambiguous
28.0,809,intermediate_plastic
28.0,810,epithelial_like
28.0,811,epithelial_like
28.0,812,epithelial_like
28.0,813,intermediate_plastic
28.0,814,ambiguous
28.0,815,epithelial_like
28.0,816,intermediate_plastic
28.0,817,ambiguous
28.0,818,epithelial_like
28.0,819,intermediate_plastic
28.0,820,intermediate_plastic
28.0,821,ambiguous
28.0,822,intermediate_plastic
28.0,823,ambiguous
28.0,824,ambiguous
28.0,825,ambiguous
28.0,826,ambiguous
28.0,827,ambiguous
28.0,828,ambiguous
28.0,829,intermediate_plastic
28.0,830,epithelial_like
28.0,831,intermediate_plastic
28.0,832,epithelial_like
28.0,833,intermediate_plastic
28.0,834,ambiguous
28.0,835,intermediate_plastic
28.0,836,intermediate_plastic
28.0,837,ambiguous
28.0,838,epithelial_like
28.0,839,intermediate_plastic
28.0,840,epithelial_like
28.0,841,ambiguous
28.0,842,epithelial_like
28.0,843,ambiguous
28.0,844,epithelial_like
28.0,845,ambiguous
28.0,846,intermediate_plastic
28.0,847,intermediate_plastic
28.0,848,intermediate_plastic
28.0,849,epithelial_like
28.0,850,ambiguous
28.0,851,intermediate_plastic
28.0,852,intermediate_plastic
28.0,853,intermediate_plastic
28.0,854,epithelial_like
28.0,855,ambiguous
28.0,856,intermediate_plastic
28.0,857,intermediate_plastic
28.0,858,epithelial_like
28.0,859,intermediate_plastic
28.0,860,intermediate_plastic
28.0,861,epithelial_like
28.0,862,ambiguous
28.0,863,ambiguous
28.0,864,epithelial_like
28.0,865,intermediate_plastic
28.0,866,intermediate_plastic
28.0,867,epithelial_like
28.0,868,intermediate_plastic
28.0,869,epithelial_like
28.0,870,epithelial_like
28.0,871,epithelial_like
28.0,872,ambiguous
28.0,873,ambiguous
28.0,874,ambiguous
28.0,875,ambiguous
28.0,876,intermediate_plastic
28.0,877,ambiguous
28.0,878,epithelial_like
28.0,879,epithelial_like
28.0,880,intermediate_plastic
28.0,881,intermediate_plastic
28.0,882,intermediate_plastic
28.0,883,epithelial_like
28.0,884,epithelial_like
28.0,885,intermediate_plastic
28.0,886,ambiguous
28.0,887,ambiguous
28.0,888,epithelial_like
28.0,889,ambiguous
28.0,890,epithelial_like
28.0,891,ambiguous
28.0,892,ambiguous
28.0,893,ambiguous
28.0,894,ambiguous
28.0,895,ambiguous
28.0,896,epithelial_like
28.0,897,epithelial_like
28.0,898,intermediate_plastic
28.0,899,epithelial_like
28.0,900,intermediate_plastic
28.0,901,epithelial_like
28.0,902,intermediate_plastic
28.0,903,ambiguous
28.0,904,intermediate_plastic
28.0,905,epithelial_like
28.0,906,ambiguous
28.0,907,epithelial_like
28.0,908,intermediate_plastic
28.0,909,intermediate_plastic
28.0,910,epithelial_like
28.0,911,epithelial_like
28.0,912,intermediate_plastic
28.0,913,epithelial_like
28.0,914,ambiguous
28.0,915,intermediate_plastic
28.0,916,epithelial_like
28.0,917,intermediate_plastic
28.0,918,epithelial_like
28.0,919,intermediate_plastic
28.0,920,epithelial_like
28.0,921,intermediate_plastic
28.0,922,ambiguous
28.0,923,intermediate_plastic
28.0,924,epithelial_like
28.0,925,epithelial_like
28.0,926,epithelial_like
28.0,927,epithelial_like
28.0,928,epithelial_like
28.0,929,intermediate_plastic
28.0,930,intermediate_plastic
28.0,931,ambiguous
28.0,932,intermediate_plastic
28.0,933,epithelial_like
28.0,934,epithelial_like
28.0,935,epithelial_like
28.0,936,intermediate_plastic
28.0,937,intermediate_plastic
28.0,938,epithelial_like
28.0,939,ambiguous
28.0,940,epithelial_like
28.0,941,ambiguous
28.0,942,ambiguous
28.0,943,ambiguous
28.0,944,ambiguous
28.0,945,intermediate_plastic
28.0,946,intermediate_plastic
28.0,947,epithelial_like
28.0,948,intermediate_plastic
28.0,949,epithelial_like
28.0,950,epithelial_like
28.0,951,epithelial_like
28.0,952,intermediate_plastic
28.0,953,ambiguous
28.0,954,ambiguous
28.0,955,intermediate_plastic
28.0,956,ambiguous
28.0,957,ambiguous
28.0,958,intermediate_plastic
28.0,959,epithelial_like
28.0,960,epithelial_like
28.0,961,intermediate_plastic
28.0,962,intermediate_plastic
28.0,963,intermediate_plastic
28.0,964,epithelial_like
28.0,965,epithelial_like
28.0,966,ambiguous
28.0,967,ambiguous
28.0,968,intermediate_plastic
28.0,969,intermediate_plastic
28.0,970,epithelial_like
28.0,971,ambiguous
28.0,972,epithelial_like
28.0,973,ambiguous
28.0,974,ambiguous
28.0,975,intermediate_plastic
28.0,976,ambiguous
28.0,977,intermediate_plastic
28.0,978,intermediate_plastic
28.0,979,intermediate_plastic
28.0,980,epithelial_like
28.0,981,intermediate_plastic
28.0,982,ambiguous
28.0,983,intermediate_plastic
28.0,984,epithelial_like
28.0,985,ambiguous
28.0,986,intermediate_plastic
28.0,987,ambiguous
28.0,988,ambiguous
28.0,989,ambiguous
28.0,990,epithelial_like
28.0,991,epithelial_like
28.0,992,epithelial_like
28.0,993,ambiguous
28.0,994,epithelial_like
28.0,995,ambiguous
28.0,996,ambiguous
28.0,997,ambiguous
28.0,998,epithelial_like
28.0,999,intermediate_plastic
28.0,1000,ambiguous
28.0,1001,epithelial_like
28.0,1002,epithelial_like
28.0,1003,intermediate_plastic
28.0,1004,epithelial_like
28.0,1005,epithelial_like
28.0,1006,intermediate_plastic
28.0,1007,epithelial_like
28.0,1008,ambiguous
28.0,1009,ambiguous
28.0,1010,ambiguous
28.0,1011,intermediate_plastic
28.0,1012,ambiguous
28.0,1013,epithelial_like
28.0,1014,epithelial_like
28.0,1015,epithelial_like
28.0,1016,ambiguous
28.0,1017,ambiguous
28.0,1018,intermediate_plastic
28.0,1019,epithelial_like
28.0,1020,ambiguous
28.0,1021,ambiguous
28.0,1022,epithelial_like
28.0,1023,intermediate_plastic
28.0,1024,epithelial_like
28.0,1025,ambiguous
28.0,1026,epithelial_like
28.0,1027,ambiguous
28.0,1028,ambiguous
28.0,1029,ambiguous
28.0,1030,intermediate_plastic
28.0,1031,ambiguous
28.0,1032,intermediate_plastic
28.0,1033,intermediate_plastic
28.0,1034,epithelial_like
28.0,1035,epithelial_like
28.0,1036,epithelial_like
28.0,1037,epithelial_like
28.0,1038,epithelial_like
28.0,1039,ambiguous
28.0,1040,ambiguous
28.0,1041,epithelial_like
28.0,1042,ambiguous
28.0,1043,intermediate_plastic
28.0,1044,epithelial_like
28.0,1045,ambiguous
28.0,1046,intermediate_plastic
28.0,1047,epithelial_like
28.0,1048,ambiguous
28.0,1049,ambiguous
28.0,1050,ambiguous
28.0,1051,epithelial_like
28.0,1052,ambiguous
28.0,1053,epithelial_like
28.0,1054,intermediate_plastic
28.0,1055,intermediate_plastic
28.0,1056,epithelial_like
28.0,1057,ambiguous
28.0,1058,epithelial_like
28.0,1059,intermediate_plastic
28.0,1060,ambiguous
28.0,1061,epithelial_like
28.0,1062,ambiguous
28.0,1063,epithelial_like
28.0,1064,ambiguous
28.0,1065,intermediate_plastic
28.0,1066,ambiguous
28.0,1067,ambiguous
28.0,1068,ambiguous
28.0,1069,ambiguous
28.0,1070,epithelial_like
28.0,1071,ambiguous
28.0,1072,ambiguous
28.0,1073,ambiguous
28.0,1074,epithelial_like
28.0,1075,intermediate_plastic
28.0,1076,intermediate_plastic
28.0,1077,intermediate_plastic
28.0,1078,epithelial_like
28.0,1079,epithelial_like
28.0,1080,epithelial_like
28.0,1081,intermediate_plastic
28.0,1082,epithelial_like
28.0,1083,intermediate_plastic
28.0,1084,epithelial_like
28.0,1085,epithelial_like
28.0,1086,ambiguous
28.0,1087,intermediate_plastic
28.0,1088,ambiguous
28.0,1089,epithelial_like
28.0,1090,epithelial_like
28.0,1091,intermediate_plastic
28.0,1092,ambiguous
28.0,1093,ambiguous
28.0,1094,ambiguous
28.0,1095,epithelial_like
28.0,1096,epithelial_like
28.0,1097,ambiguous
28.0,1098,epithelial_like
28.0,1099,epithelial_like
28.0,1100,epithelial_like
28.0,1101,intermediate_plastic
28.0,1102,intermediate_plastic
28.0,1103,intermediate_plastic
28.0,1104,epithelial_like
28.0,1105,intermediate_plastic
28.0,1106,ambiguous
28.0,1107,epithelial_like
28.0,1108,epithelial_like
28.0,1109,epithelial_like
28.0,1110,intermediate_plastic
28.0,1111,epithelial_like
28.0,1112,epithelial_like
28.0,1113,intermediate_plastic
28.0,1114,ambiguous
28.0,1115,intermediate_plastic
28.0,1116,ambiguous
28.0,1117,intermediate_plastic
28.0,1118,epithelial_like
28.0,1119,ambiguous
28.0,1120,intermediate_plastic
28.0,1121,intermediate_plastic
28.0,1122,intermediate_plastic
28.0,1123,intermediate_plastic
28.0,1124,intermediate_plastic
28.0,1125,epithelial_like
28.0,1126,ambiguous
28.0,1127,ambiguous
28.0,1128,epithelial_like
28.0,1129,epithelial_like
28.0,1130,epithelial_like
28.0,1131,ambiguous
28.0,1132,ambiguous
28.0,1133,ambiguous
28.0,1134,intermediate_plastic
28.0,1135,epithelial_like
28.0,1136,ambiguous
28.0,1137,intermediate_plastic
28.0,1138,ambiguous
28.0,1139,ambiguous
28.0,1140,epithelial_like
28.0,1141,ambiguous
28.0,1142,epithelial_like
28.0,1143,ambiguous
28.0,1144,ambiguous
28.0,1145,intermediate_plastic
28.0,1146,epithelial_like
28.0,1147,ambiguous
28.0,1148,epithelial_like
28.0,1149,epithelial_like
28.0,1150,ambiguous
28.0,1151,epithelial_like
28.0,1152,epithelial_like
28.0,1153,epithelial_like
28.0,1154,epithelial_like
28.0,1155,intermediate_plastic
28.0,1156,ambiguous
28.0,1157,epithelial_like
28.0,1158,ambiguous
28.0,1159,ambiguous
28.0,1160,ambiguous
28.0,1161,ambiguous
28.0,1162,ambiguous
28.0,1163,epithelial_like
28.0,1164,intermediate_plastic
28.0,1165,epithelial_like
28.0,1166,intermediate_plastic
28.0,1167,intermediate_plastic
28.0,1168,intermediate_plastic
28.0,1169,intermediate_plastic
28.0,1170,ambiguous
28.0,1171,ambiguous
28.0,1172,epithelial_like
28.0,1173,intermediate_plastic
28.0,1174,ambiguous
28.0,1175,intermediate_plastic
28.0,1176,ambiguous
28.0,1177,ambiguous
28.0,1178,epithelial_like
28.0,1179,ambiguous
28.0,1180,epithelial_like
28.0,1181,epithelial_like
28.0,1182,ambiguous
28.0,1183,ambiguous
28.0,1184,ambiguous
28.0,1185,ambiguous
28.0,1186,ambiguous
28.0,1187,intermediate_plastic
28.0,1188,ambiguous
28.0,1189,intermediate_plastic
28.0,1190,intermediate_plastic
28.0,1191,ambiguous
28.0,1192,epithelial_like
28.0,1193,intermediate_plastic
28.0,1194,epithelial_like
28.0,1195,ambiguous
28.0,1196,ambiguous
28.0,1197,epithelial_like
28.0,1198,epithelial_like
28.0,1199,intermediate_plastic
28.0,1200,ambiguous
28.0,1201,intermediate_plastic
28.0,1202,intermediate_plastic
28.0,1203,intermediate_plastic
28.0,1204,epithelial_like
28.0,1205,ambiguous
28.0,1206,epithelial_like
28.0,1207,epithelial_like
28.0,1208,ambiguous
28.0,1209,epithelial_like
28.0,1210,ambiguous
28.0,1211,ambiguous
28.0,1212,intermediate_plastic
28.0,1213,intermediate_plastic
28.0,1214,ambiguous
28.0,1215,intermediate_plastic
28.0,1216,intermediate_plastic
28.0,1217,ambiguous
28.0,1218,intermediate_plastic
28.0,1219,intermediate_plastic
28.0,1220,epithelial_like
28.0,1221,epithelial_like
28.0,1222,intermediate_plastic
28.0,1223,epithelial_like
28.0,1224,ambiguous
28.0,1225,ambiguous
28.0,1226,ambiguous
28.0,1227,intermediate_plastic
28.0,1228,epithelial_like
28.0,1229,epithelial_like
28.0,1230,intermediate_plastic
28.0,1231,epithelial_like
28.0,1232,ambiguous
28.0,1233,ambiguous
28.0,1234,intermediate_plastic
28.0,1235,ambiguous
28.0,1236,ambiguous
28.0,1237,epithelial_like
28.0,1238,epithelial_like
28.0,1239,ambiguous
28.0,1240,ambiguous
28.0,1241,intermediate_plastic
28.0,1242,ambiguous
28.0,1243,intermediate_plastic
28.0,1244,ambiguous
28.0,1245,epithelial_like
28.0,1246,epithelial_like
28.0,1247,ambiguous
28.0,1248,ambiguous
28.0,1249,epithelial_like
28.0,1250,intermediate_plastic
28.0,1251,epithelial_like
28.0,1252,ambiguous
28.0,1253,ambiguous
28.0,1254,ambiguous
28.0,1255,ambiguous
28.0,1256,ambiguous
28.0,1257,epithelial_like
28.0,1258,ambiguous
28.0,1259,intermediate_plastic
28.0,1260,intermediate_plastic
28.0,1261,intermediate_plastic
28.0,1262,epithelial_like
28.0,1263,epithelial_like
28.0,1264,intermediate_plastic
28.0,1265,intermediate_plastic
28.0,1266,intermediate_plastic
28.0,1267,intermediate_plastic
28.0,1268,intermediate_plastic
28.0,1269,epithelial_like
28.0,1270,intermediate_plastic
28.0,1271,intermediate_plastic
28.0,1272,ambiguous
28.0,1273,epithelial_like
28.0,1274,ambiguous
28.0,1275,ambiguous
28.0,1276,intermediate_plastic
28.0,1277,intermediate_plastic
28.0,1278,epithelial_like
28.0,1279,intermediate_plastic
28.0,1280,intermediate_plastic
28.0,1281,intermediate_plastic
28.0,1282,ambiguous
28.0,1283,intermediate_plastic
28.0,1284,ambiguous
28.0,1285,intermediate_plastic
28.0,1286,epithelial_like
28.0,1287,ambiguous
28.0,1288,epithelial_like
28.0,1289,intermediate_plastic
28.0,1290,ambiguous
28.0,1291,ambiguous
28.0,1292,intermediate_plastic
28.0,1293,intermediate_plastic
28.0,1294,ambiguous
28.0,1295,ambiguous
28.0,1296,epithelial_like
28.0,1297,epithelial_like
28.0,1298,epithelial_like
28.0,1299,ambiguous
28.0,1300,epithelial_like
28.0,1301,epithelial_like
28.0,1302,ambiguous
28.0,1303,ambiguous
28.0,1304,ambiguous
28.0,1305,ambiguous
28.0,1306,intermediate_plastic
28.0,1307,intermediate_plastic
28.0,1308,intermediate_plastic
28.0,1309,ambiguous
28.0,1310,epithelial_like
28.0,1311,intermediate_plastic
28.0,1312,epithelial_like
28.0,1313,ambiguous
28.0,1314,intermediate_plastic
28.0,1315,intermediate_plastic
28.0,1316,epithelial_like
28.0,1317,epithelial_like
28.0,1318,ambiguous
28.0,1319,intermediate_plastic
28.0,1320,epithelial_like
28.0,1321,epithelial_like
28.0,1322,epithelial_like
28.0,1323,ambiguous
28.0,1324,ambiguous
28.0,1325,ambiguous
28.0,1326,epithelial_like
28.0,1327,ambiguous
28.0,1328,ambiguous
28.0,1329,intermediate_plastic
28.0,1330,ambiguous
28.0,1331,ambiguous
28.0,1332,ambiguous
28.0,1333,intermediate_plastic
28.0,1334,epithelial_like
28.0,1335,epithelial_like
28.0,1336,intermediate_plastic
28.0,1337,intermediate_plastic
28.0,1338,epithelial_like
28.0,1339,epithelial_like
28.0,1340,epithelial_like
28.0,1341,epithelial_like
28.0,1342,ambiguous
28.0,1343,ambiguous
28.0,1344,ambiguous
28.0,1345,epithelial_like
28.0,1346,intermediate_plastic
28.0,1347,ambiguous
28.0,1348,ambiguous
28.0,1349,epithelial_like
28.0,1350,intermediate_plastic
28.0,1351,intermediate_plastic
28.0,1352,ambiguous
28.0,1353,epithelial_like
28.0,1354,epithelial_like
28.0,1355,ambiguous
28.0,1356,epithelial_like
28.0,1357,intermediate_plastic
28.0,1358,epithelial_like
28.0,1359,ambiguous
28.0,1360,ambiguous
28.0,1361,intermediate_plastic
28.0,1362,intermediate_plastic
28.0,1363,epithelial_like
28.0,1364,epithelial_like
28.0,1365,ambiguous
28.0,1366,epithelial_like
28.0,1367,epithelial_like
28.0,1368,ambiguous
28.0,1369,ambiguous
28.0,1370,ambiguous
28.0,1371,intermediate_plastic
28.0,1372,ambiguous
28.0,1373,ambiguous
28.0,1374,epithelial_like
28.0,1375,epithelial_like
28.0,1376,intermediate_plastic
28.0,1377,intermediate_plastic
28.0,1378,epithelial_like
28.0,1379,ambiguous
28.0,1380,intermediate_plastic
28.0,1381,intermediate_plastic
28.0,1382,intermediate_plastic
28.0,1383,intermediate_plastic
28.0,1384,ambiguous
28.0,1385,ambiguous
28.0,1386,ambiguous
28.0,1387,ambiguous
28.0,1388,intermediate_plastic
28.0,1389,intermediate_plastic
28.0,1390,epithelial_like
28.0,1391,intermediate_plastic
28.0,1392,intermediate_plastic
28.0,1393,intermediate_plastic
28.0,1394,epithelial_like
28.0,1395,epithelial_like
28.0,1396,ambiguous
28.0,1397,epithelial_like
28.0,1398,ambiguous
28.0,1399,epithelial_like
28.0,1400,ambiguous
28.0,1401,epithelial_like
28.0,1402,intermediate_plastic
28.0,1403,intermediate_plastic
28.0,1404,ambiguous
28.0,1405,intermediate_plastic
28.0,1406,epithelial_like
28.0,1407,intermediate_plastic
28.0,1408,epithelial_like
28.0,1409,intermediate_plastic
28.0,1410,ambiguous
28.0,1411,ambiguous
28.0,1412,ambiguous
28.0,1413,ambiguous
28.0,1414,intermediate_plastic
28.0,1415,intermediate_plastic
28.0,1416,ambiguous
28.0,1417,ambiguous
28.0,1418,epithelial_like
28.0,1419,intermediate_plastic
28.0,1420,epithelial_like
28.0,1421,intermediate_plastic
28.0,1422,epithelial_like
28.0,1423,intermediate_plastic
28.0,1424,intermediate_plastic
28.0,1425,epithelial_like
28.0,1426,ambiguous
28.0,1427,ambiguous
28.0,1428,intermediate_plastic
28.0,1429,epithelial_like
28.0,1430,ambiguous
28.0,1431,intermediate_plastic
28.0,1432,ambiguous
28.0,1433,intermediate_plastic
28.0,1434,epithelial_like
28.0,1435,epithelial_like
28.0,1436,ambiguous
28.0,1437,ambiguous
28.0,1438,epithelial_like
28.0,1439,epithelial_like
28.0,1440,epithelial_like
28.0,1441,intermediate_plastic
28.0,1442,ambiguous
28.0,1443,ambiguous
28.0,1444,ambiguous
28.0,1445,intermediate_plastic
28.0,1446,ambiguous
28.0,1447,intermediate_plastic
28.0,1448,ambiguous
28.0,1449,intermediate_plastic
28.0,1450,ambiguous
28.0,1451,intermediate_plastic
28.0,1452,intermediate_plastic
28.0,1453,ambiguous
28.0,1454,epithelial_like
28.0,1455,intermediate_plastic
28.0,1456,epithelial_like
28.0,1457,epithelial_like
28.0,1458,intermediate_plastic
28.0,1459,epithelial_like
28.0,1460,intermediate_plastic
28.0,1461,intermediate_plastic
28.0,1462,ambiguous
28.0,1463,epithelial_like
28.0,1464,ambiguous
28.0,1465,ambiguous
28.0,1466,epithelial_like
28.0,1467,ambiguous
28.0,1468,ambiguous
28.0,1469,intermediate_plastic
28.0,1470,ambiguous
28.0,1471,epithelial_like
28.0,1472,intermediate_plastic
28.0,1473,ambiguous
28.0,1474,ambiguous
28.0,1475,ambiguous
28.0,1476,ambiguous
28.0,1477,intermediate_plastic
28.0,1478,ambiguous
28.0,1479,ambiguous
28.0,1480,epithelial_like
28.0,1481,epithelial_like
28.0,1482,epithelial_like
28.0,1483,ambiguous
28.0,1484,epithelial_like
28.0,1485,intermediate_plastic
28.0,1486,ambiguous
28.0,1487,intermediate_plastic
28.0,1488,ambiguous
28.0,1489,ambiguous
28.0,1490,epithelial_like
28.0,1491,ambiguous
28.0,1492,ambiguous
28.0,1493,ambiguous
28.0,1494,ambiguous
28.0,1495,ambiguous
28.0,1496,intermediate_plastic
28.0,1497,epithelial_like
28.0,1498,ambiguous
28.0,1499,intermediate_plastic
28.0,1500,epithelial_like
28.0,1501,epithelial_like
28.0,1502,ambiguous
28.0,1503,ambiguous
28.0,1504,ambiguous
28.0,1505,ambiguous
28.0,1506,ambiguous
28.0,1507,epithelial_like
28.0,1508,intermediate_plastic
28.0,1509,epithelial_like
28.0,1510,ambiguous
28.0,1511,intermediate_plastic
28.0,1512,ambiguous
28.0,1513,ambiguous
28.0,1514,ambiguous
28.0,1515,ambiguous
28.0,1516,ambiguous
28.0,1517,ambiguous
28.0,1518,epithelial_like
28.0,1519,epithelial_like
28.0,1520,ambiguous
28.0,1521,intermediate_plastic
28.0,1522,intermediate_plastic
28.0,1523,ambiguous
28.0,1524,intermediate_plastic
28.0,1525,epithelial_like
28.0,1526,ambiguous
28.0,1527,ambiguous
28.0,1528,epithelial_like
28.0,1529,intermediate_plastic
28.0,1530,ambiguous
28.0,1531,epithelial_like
28.0,1532,ambiguous
28.0,1533,intermediate_plastic
28.0,1534,intermediate_plastic
28.0,1535,ambiguous
28.0,1536,intermediate_plastic
28.0,1537,intermediate_plastic
28.0,1538,ambiguous
28.0,1539,epithelial_like
28.0,1540,epithelial_like
28.0,1541,intermediate_plastic
28.0,1542,intermediate_plastic
28.0,1543,ambiguous
28.0,1544,ambiguous
28.0,1545,ambiguous
28.0,1546,epithelial_like
28.0,1547,intermediate_plastic
28.0,1548,intermediate_plastic
28.0,1549,ambiguous
28.0,1550,ambiguous
28.0,1551,ambiguous
28.0,1552,ambiguous
28.0,1553,epithelial_like
28.0,1554,ambiguous
28.0,1555,ambiguous
28.0,1556,ambiguous
28.0,1557,ambiguous
28.0,1558,epithelial_like
28.0,1559,epithelial_like
28.0,1560,ambiguous
28.0,1561,intermediate_plastic
28.0,1562,ambiguous
28.0,1563,ambiguous
28.0,1564,ambiguous
28.0,1565,epithelial_like
28.0,1566,ambiguous
28.0,1567,ambiguous
28.0,1568,ambiguous
28.0,1569,intermediate_plastic
28.0,1570,epithelial_like
28.0,1571,intermediate_plastic
28.0,1572,epithelial_like
28.0,1573,epithelial_like
28.0,1574,ambiguous
28.0,1575,ambiguous
28.0,1576,intermediate_plastic
28.0,1577,epithelial_like
28.0,1578,intermediate_plastic
28.0,1579,intermediate_plastic
28.0,1580,epithelial_like
28.0,1581,ambiguous
28.0,1582,ambiguous
28.0,1583,epithelial_like
28.0,1584,epithelial_like
28.0,1585,intermediate_plastic
28.0,1586,epithelial_like
28.0,1587,ambiguous
28.0,1588,intermediate_plastic
28.0,1589,ambiguous
28.0,1590,epithelial_like
28.0,1591,ambiguous
28.0,1592,epithelial_like
28.0,1593,epithelial_like
28.0,1594,intermediate_plastic
28.0,1595,intermediate_plastic
28.0,1596,intermediate_plastic
28.0,1597,intermediate_plastic
28.0,1598,epithelial_like
28.0,1599,ambiguous
28.0,1600,ambiguous
28.0,1601,epithelial_like
28.0,1602,epithelial_like
28.0,1603,ambiguous
28.0,1604,epithelial_like
28.0,1605,ambiguous
28.0,1606,ambiguous
28.0,1607,intermediate_plastic
28.0,1608,intermediate_plastic
28.0,1609,ambiguous
28.0,1610,epithelial_like
28.0,1611,ambiguous
28.0,1612,ambiguous
28.0,1613,epithelial_like
28.0,1614,epithelial_like
28.0,1615,intermediate_plastic
28.0,1616,ambiguous
28.0,1617,ambiguous
28.0,1618,ambiguous
28.0,1619,epithelial_like
28.0,1620,epithelial_like
28.0,1621,ambiguous
28.0,1622,epithelial_like
28.0,1623,epithelial_like
28.0,1624,epithelial_like
28.0,1625,ambiguous
28.0,1626,intermediate_plastic
28.0,1627,intermediate_plastic
28.0,1628,ambiguous
28.0,1629,intermediate_plastic
28.0,1630,intermediate_plastic
28.0,1631,intermediate_plastic
28.0,1632,intermediate_plastic
28.0,1633,intermediate_plastic
28.0,1634,ambiguous
28.0,1635,ambiguous
28.0,1636,epithelial_like
28.0,1637,ambiguous
28.0,1638,ambiguous
28.0,1639,epithelial_like
28.0,1640,intermediate_plastic
28.0,1641,intermediate_plastic
28.0,1642,ambiguous
28.0,1643,epithelial_like
28.0,1644,intermediate_plastic
28.0,1645,intermediate_plastic
28.0,1646,epithelial_like
28.0,1647,intermediate_plastic
28.0,1648,epithelial_like
28.0,1649,epithelial_like
28.0,1650,ambiguous
28.0,1651,intermediate_plastic
28.0,1652,intermediate_plastic
28.0,1653,ambiguous
28.0,1654,epithelial_like
28.0,1655,intermediate_plastic
28.0,1656,ambiguous
28.0,1657,intermediate_plastic
28.0,1658,ambiguous
28.0,1659,intermediate_plastic
28.0,1660,intermediate_plastic
28.0,1661,ambiguous
28.0,1662,intermediate_plastic
28.0,1663,ambiguous
28.0,1664,ambiguous
28.0,1665,epithelial_like
28.0,1666,ambiguous
28.0,1667,epithelial_like
28.0,1668,intermediate_plastic
28.0,1669,epithelial_like
28.0,1670,intermediate_plastic
28.0,1671,intermediate_plastic
28.0,1672,ambiguous
28.0,1673,ambiguous
28.0,1674,ambiguous
28.0,1675,intermediate_plastic
28.0,1676,epithelial_like
28.0,1677,ambiguous
28.0,1678,ambiguous
28.0,1679,ambiguous
28.0,1680,intermediate_plastic
28.0,1681,ambiguous
28.0,1682,intermediate_plastic
28.0,1683,ambiguous
28.0,1684,intermediate_plastic
28.0,1685,ambiguous
28.0,1686,intermediate_plastic
28.0,1687,epithelial_like
28.0,1688,epithelial_like
28.0,1689,intermediate_plastic
28.0,1690,epithelial_like
28.0,1691,intermediate_plastic
28.0,1692,epithelial_like
28.0,1693,epithelial_like
28.0,1694,ambiguous
28.0,1695,epithelial_like
28.0,1696,ambiguous
28.0,1697,epithelial_like
28.0,1698,epithelial_like
28.0,1699,intermediate_plastic
28.0,1700,epithelial_like
28.0,1701,epithelial_like
28.0,1702,ambiguous
28.0,1703,epithelial_like
28.0,1704,ambiguous
28.0,1705,ambiguous
28.0,1706,epithelial_like
28.0,1707,intermediate_plastic
28.0,1708,ambiguous
28.0,1709,intermediate_plastic
28.0,1710,epithelial_like
28.0,1711,intermediate_plastic
28.0,1712,intermediate_plastic
28.0,1713,ambiguous
28.0,1714,ambiguous
28.0,1715,ambiguous
28.0,1716,ambiguous
28.0,1717,intermediate_plastic
28.0,1718,ambiguous
28.0,1719,epithelial_like
28.0,1720,ambiguous
28.0,1721,ambiguous
28.0,1722,ambiguous
28.0,1723,intermediate_plastic
28.0,1724,epithelial_like
28.0,1725,epithelial_like
28.0,1726,intermediate_plastic
28.0,1727,intermediate_plastic
28.0,1728,intermediate_plastic
28.0,1729,epithelial_like
28.0,1730,ambiguous
28.0,1731,ambiguous
28.0,1732,ambiguous
28.0,1733,intermediate_plastic
28.0,1734,intermediate_plastic
28.0,1735,ambiguous
28.0,1736,intermediate_plastic
28.0,1737,ambiguous
28.0,1738,epithelial_like
28.0,1739,intermediate_plastic
28.0,1740,epithelial_like
28.0,1741,ambiguous
28.0,1742,epithelial_like
28.0,1743,epithelial_like
28.0,1744,ambiguous
28.0,1745,ambiguous
28.0,1746,epithelial_like
28.0,1747,epithelial_like
28.0,1748,ambiguous
28.0,1749,epithelial_like
28.0,1750,epithelial_like
28.0,1751,ambiguous
28.0,1752,epithelial_like
28.0,1753,ambiguous
28.0,1754,ambiguous
28.0,1755,intermediate_plastic
28.0,1756,intermediate_plastic
28.0,1757,intermediate_plastic
28.0,1758,ambiguous
28.0,1759,ambiguous
28.0,1760,intermediate_plastic
28.0,1761,ambiguous
28.0,1762,intermediate_plastic
28.0,1763,ambiguous
28.0,1764,intermediate_plastic
28.0,1765,ambiguous
28.0,1766,epithelial_like
28.0,1767,epithelial_like
28.0,1768,intermediate_plastic
28.0,1769,intermediate_plastic
28.0,1770,intermediate_plastic
28.0,1771,epithelial_like
28.0,1772,ambiguous
28.0,1773,intermediate_plastic
28.0,1774,ambiguous
28.0,1775,epithelial_like
28.0,1776,ambiguous
28.0,1777,intermediate_plastic
28.0,1778,intermediate_plastic
28.0,1779,ambiguous
28.0,1780,ambiguous
28.0,1781,ambiguous
28.0,1782,ambiguous
28.0,1783,ambiguous
28.0,1784,intermediate_plastic
28.0,1785,ambiguous
28.0,1786,ambiguous
28.0,1787,intermediate_plastic
28.0,1788,ambiguous
28.0,1789,epithelial_like
28.0,1790,ambiguous
28.0,1791,intermediate_plastic
28.0,1792,intermediate_plastic
28.0,1793,ambiguous
28.0,1794,ambiguous
28.0,1795,ambiguous
28.0,1796,intermediate_plastic
28.0,1797,ambiguous
28.0,1798,epithelial_like
28.0,1799,epithelial_like
28.0,1800,ambiguous
28.0,1801,intermediate_plastic
28.0,1802,intermediate_plastic
28.0,1803,intermediate_plastic
28.0,1804,epithelial_like
28.0,1805,epithelial_like
28.0,1806,ambiguous
28.0,1807,intermediate_plastic
28.0,1808,intermediate_plastic
28.0,1809,epithelial_like
28.0,1810,epithelial_like
28.0,1811,ambiguous
28.0,1812,intermediate_plastic
28.0,1813,intermediate_plastic
28.0,1814,epithelial_like
28.0,1815,intermediate_plastic
28.0,1816,epithelial_like
28.0,1817,epithelial_like
28.0,1818,ambiguous
28.0,1819,ambiguous
28.0,1820,intermediate_plastic
28.0,1821,ambiguous
28.0,1822,intermediate_plastic
28.0,1823,epithelial_like
28.0,1824,ambiguous
28.0,1825,ambiguous
28.0,1826,ambiguous
28.0,1827,intermediate_plastic
28.0,1828,epithelial_like
28.0,1829,ambiguous
28.0,1830,intermediate_plastic
28.0,1831,epithelial_like
28.0,1832,ambiguous
28.0,1833,ambiguous
28.0,1834,ambiguous
28.0,1835,intermediate_plastic
28.0,1836,ambiguous
28.0,1837,intermediate_plastic
28.0,1838,intermediate_plastic
28.0,1839,ambiguous
28.0,1840,ambiguous
28.0,1841,epithelial_like
28.0,1842,epithelial_like
28.0,1843,ambiguous
28.0,1844,epithelial_like
28.0,1845,ambiguous
28.0,1846,epithelial_like
28.0,1847,epithelial_like
28.0,1848,epithelial_like
28.0,1849,ambiguous
28.0,1850,intermediate_plastic
28.0,1851,ambiguous
28.0,1852,ambiguous
28.0,1853,epithelial_like
28.0,1854,intermediate_plastic
28.0,1855,epithelial_like
28.0,1856,epithelial_like
28.0,1857,ambiguous
28.0,1858,ambiguous
28.0,1859,ambiguous
28.0,1860,epithelial_like
28.0,1861,epithelial_like
28.0,1862,epithelial_like
28.0,1863,ambiguous
28.0,1864,epithelial_like
28.0,1865,ambiguous
28.0,1866,ambiguous
28.0,1867,epithelial_like
28.0,1868,ambiguous
28.0,1869,ambiguous
28.0,1870,epithelial_like
28.0,1871,intermediate_plastic
28.0,1872,ambiguous
28.0,1873,ambiguous
28.0,1874,ambiguous
28.0,1875,ambiguous
28.0,1876,intermediate_plastic
28.0,1877,epithelial_like
28.0,1878,intermediate_plastic
28.0,1879,ambiguous
28.0,1880,ambiguous
28.0,1881,ambiguous
28.0,1882,intermediate_plastic
28.0,1883,epithelial_like
28.0,1884,ambiguous
28.0,1885,intermediate_plastic
28.0,1886,ambiguous
28.0,1887,intermediate_plastic
28.0,1888,epithelial_like
28.0,1889,epithelial_like
28.0,1890,epithelial_like
28.0,1891,epithelial_like
28.0,1892,ambiguous
28.0,1893,intermediate_plastic
28.0,1894,epithelial_like
28.0,1895,epithelial_like
28.0,1896,ambiguous
28.0,1897,intermediate_plastic
28.0,1898,intermediate_plastic
28.0,1899,epithelial_like
28.0,1900,epithelial_like
28.0,1901,epithelial_like
28.0,1902,epithelial_like
28.0,1903,epithelial_like
28.0,1904,epithelial_like
28.0,1905,epithelial_like
28.0,1906,ambiguous
28.0,1907,epithelial_like
28.0,1908,epithelial_like
28.0,1909,ambiguous
28.0,1910,intermediate_plastic
28.0,1911,epithelial_like
28.0,1912,epithelial_like
28.0,1913,epithelial_like
28.0,1914,ambiguous
28.0,1915,epithelial_like
28.0,1916,intermediate_plastic
28.0,1917,intermediate_plastic
28.0,1918,epithelial_like
28.0,1919,epithelial_like
28.0,1920,epithelial_like
28.0,1921,epithelial_like
28.0,1922,epithelial_like
28.0,1923,epithelial_like
28.0,1924,ambiguous
28.0,1925,ambiguous
28.0,1926,intermediate_plastic
28.0,1927,ambiguous
28.0,1928,epithelial_like
28.0,1929,intermediate_plastic
28.0,1930,epithelial_like
28.0,1931,intermediate_plastic
28.0,1932,epithelial_like
28.0,1933,epithelial_like
28.0,1934,epithelial_like
28.0,1935,ambiguous
28.0,1936,epithelial_like
28.0,1937,epithelial_like
28.0,1938,intermediate_plastic
28.0,1939,epithelial_like
28.0,1940,epithelial_like
28.0,1941,ambiguous
28.0,1942,epithelial_like
28.0,1943,intermediate_plastic
28.0,1944,ambiguous
28.0,1945,intermediate_plastic
28.0,1946,epithelial_like
28.0,1947,intermediate_plastic
28.0,1948,epithelial_like
28.0,1949,intermediate_plastic
28.0,1950,ambiguous
28.0,1951,intermediate_plastic
28.0,1952,intermediate_plastic
28.0,1953,epithelial_like
28.0,1954,epithelial_like
28.0,1955,intermediate_plastic
28.0,1956,ambiguous
28.0,1957,intermediate_plastic
28.0,1958,epithelial_like
28.0,1959,intermediate_plastic
28.0,1960,ambiguous
28.0,1961,epithelial_like
28.0,1962,intermediate_plastic
28.0,1963,ambiguous
28.0,1964,epithelial_like
28.0,1965,ambiguous
28.0,1966,ambiguous
28.0,1967,ambiguous
28.0,1968,intermediate_plastic
28.0,1969,ambiguous
28.0,1970,ambiguous
28.0,1971,epithelial_like
28.0,1972,intermediate_plastic
28.0,1973,epithelial_like
28.0,1974,ambiguous
28.0,1975,ambiguous
28.0,1976,intermediate_plastic
28.0,1977,epithelial_like
28.0,1978,epithelial_like
28.0,1979,ambiguous
28.0,1980,intermediate_plastic
28.0,1981,ambiguous
28.0,1982,intermediate_plastic
28.0,1983,intermediate_plastic
28.0,1984,intermediate_plastic
28.0,1985,ambiguous
28.0,1986,intermediate_plastic
28.0,1987,ambiguous
28.0,1988,intermediate_plastic
28.0,1989,intermediate_plastic
28.0,1990,ambiguous
28.0,1991,epithelial_like
28.0,1992,epithelial_like
28.0,1993,intermediate_plastic
28.0,1994,epithelial_like
28.0,1995,epithelial_like
28.0,1996,ambiguous
28.0,1997,ambiguous
28.0,1998,ambiguous
28.0,1999,epithelial_like
30.0,0,ambiguous
30.0,1,ambiguous
30.0,2,intermediate_plastic
30.0,3,ambiguous
30.0,4,epithelial_like
30.0,5,ambiguous
30.0,6,intermediate_plastic
30.0,7,epithelial_like
30.0,8,epithelial_like
30.0,9,epithelial_like
30.0,10,epithelial_like
30.0,11,intermediate_plastic
30.0,12,intermediate_plastic
30.0,13,intermediate_plastic
30.0,14,epithelial_like
30.0,15,ambiguous
30.0,16,intermediate_plastic
30.0,17,ambiguous
30.0,18,intermediate_plastic
30.0,19,intermediate_plastic
30.0,20,epithelial_like
30.0,21,ambiguous
30.0,22,ambiguous
30.0,23,intermediate_plastic
30.0,24,intermediate_plastic
30.0,25,ambiguous
30.0,26,epithelial_like
30.0,27,ambiguous
30.0,28,ambiguous
30.0,29,intermediate_plastic
30.0,30,ambiguous
30.0,31,intermediate_plastic
30.0,32,ambiguous
30.0,33,ambiguous
30.0,34,ambiguous
30.0,35,intermediate_plastic
30.0,36,intermediate_plastic
30.0,37,ambiguous
30.0,38,ambiguous
30.0,39,epithelial_like
30.0,40,intermediate_plastic
30.0,41,ambiguous
30.0,42,ambiguous
30.0,43,ambiguous
30.0,44,ambiguous
30.0,45,epithelial_like
30.0,46,ambiguous
30.0,47,ambiguous
30.0,48,ambiguous
30.0,49,epithelial_like
30.0,50,ambiguous
30.0,51,intermediate_plastic
30.0,52,intermediate_plastic
30.0,53,epithelial_like
30.0,54,epithelial_like
30.0,55,epithelial_like
30.0,56,ambiguous
30.0,57,intermediate_plastic
30.0,58,ambiguous
30.0,59,epithelial_like
30.0,60,ambiguous
30.0,61,epithelial_like
30.0,62,epithelial_like
30.0,63,epithelial_like
30.0,64,ambiguous
30.0,65,intermediate_plastic
30.0,66,epithelial_like
30.0,67,intermediate_plastic
30.0,68,ambiguous
30.0,69,ambiguous
30.0,70,epithelial_like
30.0,71,intermediate_plastic
30.0,72,epithelial_like
30.0,73,intermediate_plastic
30.0,74,intermediate_plastic
30.0,75,intermediate_plastic
30.0,76,ambiguous
30.0,77,intermediate_plastic
30.0,78,ambiguous
30.0,79,epithelial_like
30.0,80,ambiguous
30.0,81,epithelial_like
30.0,82,epithelial_like
30.0,83,ambiguous
30.0,84,intermediate_plastic
30.0,85,ambiguous
30.0,86,ambiguous
30.0,87,epithelial_like
30.0,88,ambiguous
30.0,89,epithelial_like
30.0,90,ambiguous
30.0,91,intermediate_plastic
30.0,92,ambiguous
30.0,93,intermediate_plastic
30.0,94,intermediate_plastic
30.0,95,ambiguous
30.0,96,ambiguous
30.0,97,epithelial_like
30.0,98,ambiguous
30.0,99,intermediate_plastic
30.0,100,epithelial_like
30.0,101,intermediate_plastic
30.0,102,epithelial_like
30.0,103,intermediate_plastic
30.0,104,ambiguous
30.0,105,intermediate_plastic
30.0,106,epithelial_like
30.0,107,ambiguous
30.0,108,intermediate_plastic
30.0,109,intermediate_plastic
30.0,110,intermediate_plastic
30.0,111,epithelial_like
30.0,112,intermediate_plastic
30.0,113,epithelial_like
30.0,114,intermediate_plastic
30.0,115,intermediate_plastic
30.0,116,ambiguous
30.0,117,ambiguous
30.0,118,ambiguous
30.0,119,intermediate_plastic
30.0,120,ambiguous
30.0,121,ambiguous
30.0,122,intermediate_plastic
30.0,123,ambiguous
30.0,124,epithelial_like
30.0,125,ambiguous
30.0,126,epithelial_like
30.0,127,intermediate_plastic
30.0,128,ambiguous
30.0,129,intermediate_plastic
30.0,130,epithelial_like
30.0,131,ambiguous
30.0,132,ambiguous
30.0,133,ambiguous
30.0,134,epithelial_like
30.0,135,epithelial_like
30.0,136,intermediate_plastic
30.0,137,intermediate_plastic
30.0,138,epithelial_like
30.0,139,intermediate_plastic
30.0,140,intermediate_plastic
30.0,141,intermediate_plastic
30.0,142,epithelial_like
30.0,143,ambiguous
30.0,144,epithelial_like
30.0,145,intermediate_plastic
30.0,146,epithelial_like
30.0,147,ambiguous
30.0,148,epithelial_like
30.0,149,intermediate_plastic
30.0,150,ambiguous
30.0,151,ambiguous
30.0,152,ambiguous
30.0,153,ambiguous
30.0,154,epithelial_like
30.0,155,ambiguous
30.0,156,epithelial_like
30.0,157,epithelial_like
30.0,158,ambiguous
30.0,159,intermediate_plastic
30.0,160,intermediate_plastic
30.0,161,ambiguous
30.0,162,intermediate_plastic
30.0,163,ambiguous
30.0,164,intermediate_plastic
30.0,165,epithelial_like
30.0,166,ambiguous
30.0,167,ambiguous
30.0,168,intermediate_plastic
30.0,169,ambiguous
30.0,170,ambiguous
30.0,171,ambiguous
30.0,172,ambiguous
30.0,173,ambiguous
30.0,174,ambiguous
30.0,175,intermediate_plastic
30.0,176,intermediate_plastic
30.0,177,intermediate_plastic
30.0,178,epithelial_like
30.0,179,intermediate_plastic
30.0,180,intermediate_plastic
30.0,181,intermediate_plastic
30.0,182,intermediate_plastic
30.0,183,ambiguous
30.0,184,intermediate_plastic
30.0,185,ambiguous
30.0,186,intermediate_plastic
30.0,187,intermediate_plastic
30.0,188,intermediate_plastic
30.0,189,epithelial_like
30.0,190,ambiguous
30.0,191,ambiguous
30.0,192,ambiguous
30.0,193,epithelial_like
30.0,194,intermediate_plastic
30.0,195,epithelial_like
30.0,196,ambiguous
30.0,197,intermediate_plastic
30.0,198,epithelial_like
30.0,199,ambiguous
30.0,200,intermediate_plastic
30.0,201,intermediate_plastic
30.0,202,epithelial_like
30.0,203,epithelial_like
30.0,204,epithelial_like
30.0,205,intermediate_plastic
30.0,206,epithelial_like
30.0,207,epithelial_like
30.0,208,ambiguous
30.0,209,epithelial_like
30.0,210,ambiguous
30.0,211,ambiguous
30.0,212,epithelial_like
30.0,213,intermediate_plastic
30.0,214,ambiguous
30.0,215,ambiguous
30.0,216,epithelial_like
30.0,217,intermediate_plastic
30.0,218,epithelial_like
30.0,219,epithelial_like
30.0,220,ambiguous
30.0,221,intermediate_plastic
30.0,222,ambiguous
30.0,223,intermediate_plastic
30.0,224,epithelial_like
30.0,225,ambiguous
30.0,226,ambiguous
30.0,227,intermediate_plastic
30.0,228,ambiguous
30.0,229,epithelial_like
30.0,230,intermediate_plastic
30.0,231,ambiguous
30.0,232,ambiguous
30.0,233,intermediate_plastic
30.0,234,ambiguous
30.0,235,ambiguous
30.0,236,epithelial_like
30.0,237,ambiguous
30.0,238,ambiguous
30.0,239,epithelial_like
30.0,240,intermediate_plastic
30.0,241,intermediate_plastic
30.0,242,ambiguous
30.0,243,ambiguous
30.0,244,intermediate_plastic
30.0,245,epithelial_like
30.0,246,intermediate_plastic
30.0,247,ambiguous
30.0,248,intermediate_plastic
30.0,249,ambiguous
30.0,250,ambiguous
30.0,251,epithelial_like
30.0,252,intermediate_plastic
30.0,253,ambiguous
30.0,254,epithelial_like
30.0,255,epithelial_like
30.0,256,epithelial_like
30.0,257,epithelial_like
30.0,258,ambiguous
30.0,259,intermediate_plastic
30.0,260,intermediate_plastic
30.0,261,epithelial_like
30.0,262,intermediate_plastic
30.0,263,ambiguous
30.0,264,epithelial_like
30.0,265,epithelial_like
30.0,266,intermediate_plastic
30.0,267,ambiguous
30.0,268,ambiguous
30.0,269,ambiguous
30.0,270,intermediate_plastic
30.0,271,epithelial_like
30.0,272,intermediate_plastic
30.0,273,ambiguous
30.0,274,intermediate_plastic
30.0,275,intermediate_plastic
30.0,276,intermediate_plastic
30.0,277,intermediate_plastic
30.0,278,ambiguous
30.0,279,ambiguous
30.0,280,intermediate_plastic
30.0,281,epithelial_like
30.0,282,ambiguous
30.0,283,epithelial_like
30.0,284,ambiguous
30.0,285,epithelial_like
30.0,286,ambiguous
30.0,287,intermediate_plastic
30.0,288,intermediate_plastic
30.0,289,ambiguous
30.0,290,ambiguous
30.0,291,intermediate_plastic
30.0,292,epithelial_like
30.0,293,epithelial_like
30.0,294,ambiguous
30.0,295,epithelial_like
30.0,296,ambiguous
30.0,297,ambiguous
30.0,298,ambiguous
30.0,299,ambiguous
30.0,300,ambiguous
30.0,301,ambiguous
30.0,302,ambiguous
30.0,303,epithelial_like
30.0,304,ambiguous
30.0,305,ambiguous
30.0,306,ambiguous
30.0,307,epithelial_like
30.0,308,intermediate_plastic
30.0,309,intermediate_plastic
30.0,310,epithelial_like
30.0,311,intermediate_plastic
30.0,312,ambiguous
30.0,313,intermediate_plastic
30.0,314,ambiguous
30.0,315,ambiguous
30.0,316,ambiguous
30.0,317,epithelial_like
30.0,318,intermediate_plastic
30.0,319,epithelial_like
30.0,320,epithelial_like
30.0,321,ambiguous
30.0,322,ambiguous
30.0,323,intermediate_plastic
30.0,324,ambiguous
30.0,325,ambiguous
30.0,326,intermediate_plastic
30.0,327,intermediate_plastic
30.0,328,ambiguous
30.0,329,ambiguous
30.0,330,ambiguous
30.0,331,ambiguous
30.0,332,intermediate_plastic
30.0,333,ambiguous
30.0,334,epithelial_like
30.0,335,epithelial_like
30.0,336,ambiguous
30.0,337,ambiguous
30.0,338,ambiguous
30.0,339,ambiguous
30.0,340,ambiguous
30.0,341,ambiguous
30.0,342,ambiguous
30.0,343,ambiguous
30.0,344,intermediate_plastic
30.0,345,ambiguous
30.0,346,intermediate_plastic
30.0,347,ambiguous
30.0,348,intermediate_plastic
30.0,349,ambiguous
30.0,350,ambiguous
30.0,351,intermediate_plastic
30.0,352,ambiguous
30.0,353,ambiguous
30.0,354,intermediate_plastic
30.0,355,intermediate_plastic
30.0,356,ambiguous
30.0,357,intermediate_plastic
30.0,358,intermediate_plastic
30.0,359,ambiguous
30.0,360,intermediate_plastic
30.0,361,ambiguous
30.0,362,epithelial_like
30.0,363,epithelial_like
30.0,364,intermediate_plastic
30.0,365,intermediate_plastic
30.0,366,epithelial_like
30.0,367,ambiguous
30.0,368,ambiguous
30.0,369,epithelial_like
30.0,370,intermediate_plastic
30.0,371,ambiguous
30.0,372,intermediate_plastic
30.0,373,ambiguous
30.0,374,intermediate_plastic
30.0,375,ambiguous
30.0,376,epithelial_like
30.0,377,ambiguous
30.0,378,intermediate_plastic
30.0,379,epithelial_like
30.0,380,epithelial_like
30.0,381,intermediate_plastic
30.0,382,intermediate_plastic
30.0,383,epithelial_like
30.0,384,epithelial_like
30.0,385,epithelial_like
30.0,386,ambiguous
30.0,387,intermediate_plastic
30.0,388,intermediate_plastic
30.0,389,epithelial_like
30.0,390,ambiguous
30.0,391,ambiguous
30.0,392,intermediate_plastic
30.0,393,epithelial_like
30.0,394,intermediate_plastic
30.0,395,ambiguous
30.0,396,epithelial_like
30.0,397,ambiguous
30.0,398,ambiguous
30.0,399,ambiguous
30.0,400,intermediate_plastic
30.0,401,intermediate_plastic
30.0,402,ambiguous
30.0,403,intermediate_plastic
30.0,404,epithelial_like
30.0,405,ambiguous
30.0,406,ambiguous
30.0,407,ambiguous
30.0,408,ambiguous
30.0,409,intermediate_plastic
30.0,410,ambiguous
30.0,411,ambiguous
30.0,412,intermediate_plastic
30.0,413,ambiguous
30.0,414,intermediate_plastic
30.0,415,ambiguous
30.0,416,epithelial_like
30.0,417,intermediate_plastic
30.0,418,intermediate_plastic
30.0,419,ambiguous
30.0,420,epithelial_like
30.0,421,intermediate_plastic
30.0,422,ambiguous
30.0,423,ambiguous
30.0,424,ambiguous
30.0,425,intermediate_plastic
30.0,426,intermediate_plastic
30.0,427,epithelial_like
30.0,428,intermediate_plastic
30.0,429,intermediate_plastic
30.0,430,ambiguous
30.0,431,ambiguous
30.0,432,intermediate_plastic
30.0,433,intermediate_plastic
30.0,434,ambiguous
30.0,435,ambiguous
30.0,436,intermediate_plastic
30.0,437,ambiguous
30.0,438,ambiguous
30.0,439,intermediate_plastic
30.0,440,ambiguous
30.0,441,epithelial_like
30.0,442,intermediate_plastic
30.0,443,ambiguous
30.0,444,ambiguous
30.0,445,intermediate_plastic
30.0,446,epithelial_like
30.0,447,epithelial_like
30.0,448,ambiguous
30.0,449,ambiguous
30.0,450,ambiguous
30.0,451,ambiguous
30.0,452,ambiguous
30.0,453,ambiguous
30.0,454,intermediate_plastic
30.0,455,epithelial_like
30.0,456,ambiguous
30.0,457,intermediate_plastic
30.0,458,ambiguous
30.0,459,epithelial_like
30.0,460,ambiguous
30.0,461,intermediate_plastic
30.0,462,epithelial_like
30.0,463,epithelial_like
30.0,464,ambiguous
30.0,465,ambiguous
30.0,466,intermediate_plastic
30.0,467,ambiguous
30.0,468,intermediate_plastic
30.0,469,epithelial_like
30.0,470,ambiguous
30.0,471,epithelial_like
30.0,472,ambiguous
30.0,473,ambiguous
30.0,474,ambiguous
30.0,475,ambiguous
30.0,476,ambiguous
30.0,477,epithelial_like
30.0,478,epithelial_like
30.0,479,epithelial_like
30.0,480,ambiguous
30.0,481,epithelial_like
30.0,482,intermediate_plastic
30.0,483,ambiguous
30.0,484,ambiguous
30.0,485,ambiguous
30.0,486,ambiguous
30.0,487,intermediate_plastic
30.0,488,epithelial_like
30.0,489,intermediate_plastic
30.0,490,ambiguous
30.0,491,ambiguous
30.0,492,intermediate_plastic
30.0,493,intermediate_plastic
30.0,494,epithelial_like
30.0,495,ambiguous
30.0,496,epithelial_like
30.0,497,intermediate_plastic
30.0,498,ambiguous
30.0,499,ambiguous
30.0,500,intermediate_plastic
30.0,501,epithelial_like
30.0,502,ambiguous
30.0,503,epithelial_like
30.0,504,ambiguous
30.0,505,epithelial_like
30.0,506,epithelial_like
30.0,507,ambiguous
30.0,508,ambiguous
30.0,509,intermediate_plastic
30.0,510,intermediate_plastic
30.0,511,ambiguous
30.0,512,intermediate_plastic
30.0,513,intermediate_plastic
30.0,514,intermediate_plastic
30.0,515,ambiguous
30.0,516,intermediate_plastic
30.0,517,epithelial_like
30.0,518,ambiguous
30.0,519,intermediate_plastic
30.0,520,epithelial_like
30.0,521,ambiguous
30.0,522,epithelial_like
30.0,523,epithelial_like
30.0,524,intermediate_plastic
30.0,525,ambiguous
30.0,526,intermediate_plastic
30.0,527,ambiguous
30.0,528,epithelial_like
30.0,529,epithelial_like
30.0,530,ambiguous
30.0,531,ambiguous
30.0,532,ambiguous
30.0,533,epithelial_like
30.0,534,epithelial_like
30.0,535,ambiguous
30.0,536,epithelial_like
30.0,537,ambiguous
30.0,538,ambiguous
30.0,539,intermediate_plastic
30.0,540,epithelial_like
30.0,541,intermediate_plastic
30.0,542,ambiguous
30.0,543,intermediate_plastic
30.0,544,ambiguous
30.0,545,intermediate_plastic
30.0,546,intermediate_plastic
30.0,547,ambiguous
30.0,548,epithelial_like
30.0,549,intermediate_plastic
30.0,550,epithelial_like
30.0,551,ambiguous
30.0,552,intermediate_plastic
30.0,553,ambiguous
30.0,554,intermediate_plastic
30.0,555,epithelial_like
30.0,556,intermediate_plastic
30.0,557,epithelial_like
30.0,558,epithelial_like
30.0,559,ambiguous
30.0,560,epithelial_like
30.0,561,ambiguous
30.0,562,epithelial_like
30.0,563,ambiguous
30.0,564,intermediate_plastic
30.0,565,ambiguous
30.0,566,intermediate_plastic
30.0,567,intermediate_plastic
30.0,568,intermediate_plastic
30.0,569,epithelial_like
30.0,570,ambiguous
30.0,571,intermediate_plastic
30.0,572,epithelial_like
30.0,573,ambiguous
30.0,574,intermediate_plastic
30.0,575,epithelial_like
30.0,576,intermediate_plastic
30.0,577,intermediate_plastic
30.0,578,ambiguous
30.0,579,epithelial_like
30.0,580,epithelial_like
30.0,581,ambiguous
30.0,582,ambiguous
30.0,583,epithelial_like
30.0,584,ambiguous
30.0,585,intermediate_plastic
30.0,586,intermediate_plastic
30.0,587,epithelial_like
30.0,588,intermediate_plastic
30.0,589,ambiguous
30.0,590,ambiguous
30.0,591,epithelial_like
30.0,592,intermediate_plastic
30.0,593,intermediate_plastic
30.0,594,ambiguous
30.0,595,ambiguous
30.0,596,ambiguous
30.0,597,intermediate_plastic
30.0,598,ambiguous
30.0,599,epithelial_like
30.0,600,intermediate_plastic
30.0,601,ambiguous
30.0,602,epithelial_like
30.0,603,ambiguous
30.0,604,ambiguous
30.0,605,intermediate_plastic
30.0,606,ambiguous
30.0,607,epithelial_like
30.0,608,ambiguous
30.0,609,epithelial_like
30.0,610,ambiguous
30.0,611,intermediate_plastic
30.0,612,ambiguous
30.0,613,intermediate_plastic
30.0,614,intermediate_plastic
30.0,615,intermediate_plastic
30.0,616,epithelial_like
30.0,617,intermediate_plastic
30.0,618,epithelial_like
30.0,619,epithelial_like
30.0,620,intermediate_plastic
30.0,621,epithelial_like
30.0,622,intermediate_plastic
30.0,623,ambiguous
30.0,624,intermediate_plastic
30.0,625,intermediate_plastic
30.0,626,ambiguous
30.0,627,epithelial_like
30.0,628,ambiguous
30.0,629,epithelial_like
30.0,630,epithelial_like
30.0,631,epithelial_like
30.0,632,ambiguous
30.0,633,epithelial_like
30.0,634,ambiguous
30.0,635,epithelial_like
30.0,636,intermediate_plastic
30.0,637,intermediate_plastic
30.0,638,ambiguous
30.0,639,ambiguous
30.0,640,ambiguous
30.0,641,ambiguous
30.0,642,intermediate_plastic
30.0,643,ambiguous
30.0,644,epithelial_like
30.0,645,epithelial_like
30.0,646,ambiguous
30.0,647,intermediate_plastic
30.0,648,ambiguous
30.0,649,epithelial_like
30.0,650,ambiguous
30.0,651,ambiguous
30.0,652,ambiguous
30.0,653,ambiguous
30.0,654,intermediate_plastic
30.0,655,ambiguous
30.0,656,epithelial_like
30.0,657,epithelial_like
30.0,658,epithelial_like
30.0,659,ambiguous
30.0,660,epithelial_like
30.0,661,ambiguous
30.0,662,epithelial_like
30.0,663,ambiguous
30.0,664,ambiguous
30.0,665,ambiguous
30.0,666,ambiguous
30.0,667,ambiguous
30.0,668,ambiguous
30.0,669,epithelial_like
30.0,670,epithelial_like
30.0,671,ambiguous
30.0,672,intermediate_plastic
30.0,673,ambiguous
30.0,674,intermediate_plastic
30.0,675,ambiguous
30.0,676,epithelial_like
30.0,677,ambiguous
30.0,678,intermediate_plastic
30.0,679,ambiguous
30.0,680,ambiguous
30.0,681,epithelial_like
30.0,682,intermediate_plastic
30.0,683,ambiguous
30.0,684,ambiguous
30.0,685,intermediate_plastic
30.0,686,epithelial_like
30.0,687,ambiguous
30.0,688,ambiguous
30.0,689,ambiguous
30.0,690,ambiguous
30.0,691,intermediate_plastic
30.0,692,ambiguous
30.0,693,ambiguous
30.0,694,intermediate_plastic
30.0,695,intermediate_plastic
30.0,696,ambiguous
30.0,697,ambiguous
30.0,698,epithelial_like
30.0,699,intermediate_plastic
30.0,700,intermediate_plastic
30.0,701,ambiguous
30.0,702,ambiguous
30.0,703,epithelial_like
30.0,704,ambiguous
30.0,705,ambiguous
30.0,706,epithelial_like
30.0,707,epithelial_like
30.0,708,ambiguous
30.0,709,intermediate_plastic
30.0,710,ambiguous
30.0,711,epithelial_like
30.0,712,ambiguous
30.0,713,ambiguous
30.0,714,intermediate_plastic
30.0,715,intermediate_plastic
30.0,716,ambiguous
30.0,717,epithelial_like
30.0,718,ambiguous
30.0,719,intermediate_plastic
30.0,720,intermediate_plastic
30.0,721,ambiguous
30.0,722,ambiguous
30.0,723,intermediate_plastic
30.0,724,intermediate_plastic
30.0,725,ambiguous
30.0,726,ambiguous
30.0,727,ambiguous
30.0,728,epithelial_like
30.0,729,intermediate_plastic
30.0,730,ambiguous
30.0,731,intermediate_plastic
30.0,732,ambiguous
30.0,733,ambiguous
30.0,734,ambiguous
30.0,735,intermediate_plastic
30.0,736,epithelial_like
30.0,737,ambiguous
30.0,738,intermediate_plastic
30.0,739,ambiguous
30.0,740,ambiguous
30.0,741,epithelial_like
30.0,742,intermediate_plastic
30.0,743,ambiguous
30.0,744,ambiguous
30.0,745,ambiguous
30.0,746,ambiguous
30.0,747,intermediate_plastic
30.0,748,epithelial_like
30.0,749,intermediate_plastic
30.0,750,ambiguous
30.0,751,intermediate_plastic
30.0,752,intermediate_plastic
30.0,753,ambiguous
30.0,754,epithelial_like
30.0,755,epithelial_like
30.0,756,ambiguous
30.0,757,epithelial_like
30.0,758,epithelial_like
30.0,759,intermediate_plastic
30.0,760,ambiguous
30.0,761,epithelial_like
30.0,762,intermediate_plastic
30.0,763,intermediate_plastic
30.0,764,intermediate_plastic
30.0,765,ambiguous
30.0,766,intermediate_plastic
30.0,767,ambiguous
30.0,768,intermediate_plastic
30.0,769,intermediate_plastic
30.0,770,intermediate_plastic
30.0,771,ambiguous
30.0,772,ambiguous
30.0,773,ambiguous
30.0,774,intermediate_plastic
30.0,775,intermediate_plastic
30.0,776,ambiguous
30.0,777,ambiguous
30.0,778,epithelial_like
30.0,779,ambiguous
30.0,780,ambiguous
30.0,781,ambiguous
30.0,782,epithelial_like
30.0,783,intermediate_plastic
30.0,784,ambiguous
30.0,785,ambiguous
30.0,786,intermediate_plastic
30.0,787,ambiguous
30.0,788,ambiguous
30.0,789,ambiguous
30.0,790,ambiguous
30.0,791,ambiguous
30.0,792,ambiguous
30.0,793,ambiguous
30.0,794,intermediate_plastic
30.0,795,intermediate_plastic
30.0,796,ambiguous
30.0,797,epithelial_like
30.0,798,ambiguous
30.0,799,ambiguous
30.0,800,intermediate_plastic
30.0,801,intermediate_plastic
30.0,802,ambiguous
30.0,803,ambiguous
30.0,804,ambiguous
30.0,805,intermediate_plastic
30.0,806,ambiguous
30.0,807,intermediate_plastic
30.0,808,ambiguous
30.0,809,ambiguous
30.0,810,epithelial_like
30.0,811,epithelial_like
30.0,812,epithelial_like
30.0,813,intermediate_plastic
30.0,814,ambiguous
30.0,815,ambiguous
30.0,816,intermediate_plastic
30.0,817,ambiguous
30.0,818,epithelial_like
30.0,819,intermediate_plastic
30.0,820,intermediate_plastic
30.0,821,ambiguous
30.0,822,intermediate_plastic
30.0,823,ambiguous
30.0,824,ambiguous
30.0,825,ambiguous
30.0,826,ambiguous
30.0,827,ambiguous
30.0,828,ambiguous
30.0,829,intermediate_plastic
30.0,830,epithelial_like
30.0,831,intermediate_plastic
30.0,832,epithelial_like
30.0,833,intermediate_plastic
30.0,834,ambiguous
30.0,835,ambiguous
30.0,836,intermediate_plastic
30.0,837,ambiguous
30.0,838,epithelial_like
30.0,839,intermediate_plastic
30.0,840,epithelial_like
30.0,841,ambiguous
30.0,842,ambiguous
30.0,843,ambiguous
30.0,844,epithelial_like
30.0,845,ambiguous
30.0,846,intermediate_plastic
30.0,847,intermediate_plastic
30.0,848,intermediate_plastic
30.0,849,ambiguous
30.0,850,ambiguous
30.0,851,intermediate_plastic
30.0,852,intermediate_plastic
30.0,853,intermediate_plastic
30.0,854,epithelial_like
30.0,855,intermediate_plastic
30.0,856,intermediate_plastic
30.0,857,intermediate_plastic
30.0,858,epithelial_like
30.0,859,intermediate_plastic
30.0,860,intermediate_plastic
30.0,861,epithelial_like
30.0,862,ambiguous
30.0,863,ambiguous
30.0,864,ambiguous
30.0,865,ambiguous
30.0,866,intermediate_plastic
30.0,867,epithelial_like
30.0,868,intermediate_plastic
30.0,869,ambiguous
30.0,870,epithelial_like
30.0,871,epithelial_like
30.0,872,ambiguous
30.0,873,ambiguous
30.0,874,ambiguous
30.0,875,epithelial_like
30.0,876,intermediate_plastic
30.0,877,ambiguous
30.0,878,ambiguous
30.0,879,epithelial_like
30.0,880,intermediate_plastic
30.0,881,intermediate_plastic
30.0,882,intermediate_plastic
30.0,883,epithelial_like
30.0,884,ambiguous
30.0,885,intermediate_plastic
30.0,886,ambiguous
30.0,887,intermediate_plastic
30.0,888,epithelial_like
30.0,889,ambiguous
30.0,890,epithelial_like
30.0,891,ambiguous
30.0,892,ambiguous
30.0,893,ambiguous
30.0,894,ambiguous
30.0,895,ambiguous
30.0,896,epithelial_like
30.0,897,ambiguous
30.0,898,intermediate_plastic
30.0,899,epithelial_like
30.0,900,ambiguous
30.0,901,epithelial_like
30.0,902,intermediate_plastic
30.0,903,ambiguous
30.0,904,intermediate_plastic
30.0,905,ambiguous
30.0,906,ambiguous
30.0,907,ambiguous
30.0,908,intermediate_plastic
30.0,909,intermediate_plastic
30.0,910,epithelial_like
30.0,911,epithelial_like
30.0,912,intermediate_plastic
30.0,913,epithelial_like
30.0,914,epithelial_like
30.0,915,intermediate_plastic
30.0,916,epithelial_like
30.0,917,intermediate_plastic
30.0,918,epithelial_like
30.0,919,intermediate_plastic
30.0,920,epithelial_like
30.0,921,intermediate_plastic
30.0,922,ambiguous
30.0,923,intermediate_plastic
30.0,924,epithelial_like
30.0,925,epithelial_like
30.0,926,ambiguous
30.0,927,epithelial_like
30.0,928,epithelial_like
30.0,929,intermediate_plastic
30.0,930,intermediate_plastic
30.0,931,ambiguous
30.0,932,ambiguous
30.0,933,epithelial_like
30.0,934,epithelial_like
30.0,935,ambiguous
30.0,936,intermediate_plastic
30.0,937,intermediate_plastic
30.0,938,epithelial_like
30.0,939,ambiguous
30.0,940,epithelial_like
30.0,941,epithelial_like
30.0,942,ambiguous
30.0,943,epithelial_like
30.0,944,ambiguous
30.0,945,intermediate_plastic
30.0,946,intermediate_plastic
30.0,947,epithelial_like
30.0,948,intermediate_plastic
30.0,949,epithelial_like
30.0,950,epithelial_like
30.0,951,ambiguous
30.0,952,intermediate_plastic
30.0,953,ambiguous
30.0,954,ambiguous
30.0,955,intermediate_plastic
30.0,956,ambiguous
30.0,957,ambiguous
30.0,958,intermediate_plastic
30.0,959,epithelial_like
30.0,960,ambiguous
30.0,961,intermediate_plastic
30.0,962,intermediate_plastic
30.0,963,intermediate_plastic
30.0,964,epithelial_like
30.0,965,epithelial_like
30.0,966,ambiguous
30.0,967,ambiguous
30.0,968,intermediate_plastic
30.0,969,intermediate_plastic
30.0,970,ambiguous
30.0,971,ambiguous
30.0,972,epithelial_like
30.0,973,ambiguous
30.0,974,ambiguous
30.0,975,intermediate_plastic
30.0,976,ambiguous
30.0,977,intermediate_plastic
30.0,978,intermediate_plastic
30.0,979,intermediate_plastic
30.0,980,ambiguous
30.0,981,intermediate_plastic
30.0,982,ambiguous
30.0,983,intermediate_plastic
30.0,984,epithelial_like
30.0,985,ambiguous
30.0,986,intermediate_plastic
30.0,987,ambiguous
30.0,988,ambiguous
30.0,989,intermediate_plastic
30.0,990,ambiguous
30.0,991,epithelial_like
30.0,992,ambiguous
30.0,993,ambiguous
30.0,994,epithelial_like
30.0,995,ambiguous
30.0,996,ambiguous
30.0,997,ambiguous
30.0,998,epithelial_like
30.0,999,intermediate_plastic
30.0,1000,ambiguous
30.0,1001,ambiguous
30.0,1002,epithelial_like
30.0,1003,intermediate_plastic
30.0,1004,epithelial_like
30.0,1005,ambiguous
30.0,1006,ambiguous
30.0,1007,epithelial_like
30.0,1008,ambiguous
30.0,1009,ambiguous
30.0,1010,ambiguous
30.0,1011,intermediate_plastic
30.0,1012,ambiguous
30.0,1013,epithelial_like
30.0,1014,ambiguous
30.0,1015,epithelial_like
30.0,1016,ambiguous
30.0,1017,ambiguous
30.0,1018,intermediate_plastic
30.0,1019,ambiguous
30.0,1020,ambiguous
30.0,1021,epithelial_like
30.0,1022,epithelial_like
30.0,1023,intermediate_plastic
30.0,1024,epithelial_like
30.0,1025,intermediate_plastic
30.0,1026,ambiguous
30.0,1027,ambiguous
30.0,1028,ambiguous
30.0,1029,ambiguous
30.0,1030,intermediate_plastic
30.0,1031,ambiguous
30.0,1032,intermediate_plastic
30.0,1033,intermediate_plastic
30.0,1034,epithelial_like
30.0,1035,epithelial_like
30.0,1036,epithelial_like
30.0,1037,ambiguous
30.0,1038,epithelial_like
30.0,1039,epithelial_like
30.0,1040,epithelial_like
30.0,1041,epithelial_like
30.0,1042,ambiguous
30.0,1043,intermediate_plastic
30.0,1044,epithelial_like
30.0,1045,epithelial_like
30.0,1046,intermediate_plastic
30.0,1047,epithelial_like
30.0,1048,ambiguous
30.0,1049,intermediate_plastic
30.0,1050,ambiguous
30.0,1051,epithelial_like
30.0,1052,ambiguous
30.0,1053,epithelial_like
30.0,1054,intermediate_plastic
30.0,1055,intermediate_plastic
30.0,1056,epithelial_like
30.0,1057,ambiguous
30.0,1058,ambiguous
30.0,1059,intermediate_plastic
30.0,1060,intermediate_plastic
30.0,1061,ambiguous
30.0,1062,epithelial_like
30.0,1063,epithelial_like
30.0,1064,ambiguous
30.0,1065,intermediate_plastic
30.0,1066,ambiguous
30.0,1067,epithelial_like
30.0,1068,ambiguous
30.0,1069,ambiguous
30.0,1070,epithelial_like
30.0,1071,ambiguous
30.0,1072,ambiguous
30.0,1073,ambiguous
30.0,1074,epithelial_like
30.0,1075,intermediate_plastic
30.0,1076,ambiguous
30.0,1077,intermediate_plastic
30.0,1078,epithelial_like
30.0,1079,epithelial_like
30.0,1080,epithelial_like
30.0,1081,intermediate_plastic
30.0,1082,epithelial_like
30.0,1083,intermediate_plastic
30.0,1084,epithelial_like
30.0,1085,epithelial_like
30.0,1086,ambiguous
30.0,1087,intermediate_plastic
30.0,1088,epithelial_like
30.0,1089,epithelial_like
30.0,1090,ambiguous
30.0,1091,intermediate_plastic
30.0,1092,ambiguous
30.0,1093,ambiguous
30.0,1094,ambiguous
30.0,1095,epithelial_like
30.0,1096,ambiguous
30.0,1097,intermediate_plastic
30.0,1098,epithelial_like
30.0,1099,epithelial_like
30.0,1100,epithelial_like
30.0,1101,intermediate_plastic
30.0,1102,intermediate_plastic
30.0,1103,intermediate_plastic
30.0,1104,epithelial_like
30.0,1105,intermediate_plastic
30.0,1106,epithelial_like
30.0,1107,epithelial_like
30.0,1108,epithelial_like
30.0,1109,ambiguous
30.0,1110,intermediate_plastic
30.0,1111,epithelial_like
30.0,1112,epithelial_like
30.0,1113,intermediate_plastic
30.0,1114,intermediate_plastic
30.0,1115,intermediate_plastic
30.0,1116,ambiguous
30.0,1117,intermediate_plastic
30.0,1118,epithelial_like
30.0,1119,ambiguous
30.0,1120,intermediate_plastic
30.0,1121,intermediate_plastic
30.0,1122,intermediate_plastic
30.0,1123,intermediate_plastic
30.0,1124,intermediate_plastic
30.0,1125,epithelial_like
30.0,1126,ambiguous
30.0,1127,epithelial_like
30.0,1128,ambiguous
30.0,1129,ambiguous
30.0,1130,epithelial_like
30.0,1131,ambiguous
30.0,1132,ambiguous
30.0,1133,epithelial_like
30.0,1134,intermediate_plastic
30.0,1135,epithelial_like
30.0,1136,ambiguous
30.0,1137,intermediate_plastic
30.0,1138,ambiguous
30.0,1139,ambiguous
30.0,1140,epithelial_like
30.0,1141,ambiguous
30.0,1142,epithelial_like
30.0,1143,ambiguous
30.0,1144,ambiguous
30.0,1145,intermediate_plastic
30.0,1146,epithelial_like
30.0,1147,ambiguous
30.0,1148,epithelial_like
30.0,1149,epithelial_like
30.0,1150,ambiguous
30.0,1151,epithelial_like
30.0,1152,epithelial_like
30.0,1153,epithelial_like
30.0,1154,epithelial_like
30.0,1155,intermediate_plastic
30.0,1156,epithelial_like
30.0,1157,epithelial_like
30.0,1158,ambiguous
30.0,1159,ambiguous
30.0,1160,ambiguous
30.0,1161,ambiguous
30.0,1162,ambiguous
30.0,1163,ambiguous
30.0,1164,intermediate_plastic
30.0,1165,epithelial_like
30.0,1166,intermediate_plastic
30.0,1167,intermediate_plastic
30.0,1168,intermediate_plastic
30.0,1169,intermediate_plastic
30.0,1170,epithelial_like
30.0,1171,ambiguous
30.0,1172,epithelial_like
30.0,1173,intermediate_plastic
30.0,1174,ambiguous
30.0,1175,intermediate_plastic
30.0,1176,ambiguous
30.0,1177,ambiguous
30.0,1178,epithelial_like
30.0,1179,epithelial_like
30.0,1180,epithelial_like
30.0,1181,epithelial_like
30.0,1182,ambiguous
30.0,1183,ambiguous
30.0,1184,ambiguous
30.0,1185,ambiguous
30.0,1186,ambiguous
30.0,1187,ambiguous
30.0,1188,ambiguous
30.0,1189,intermediate_plastic
30.0,1190,intermediate_plastic
30.0,1191,ambiguous
30.0,1192,epithelial_like
30.0,1193,intermediate_plastic
30.0,1194,epithelial_like
30.0,1195,ambiguous
30.0,1196,epithelial_like
30.0,1197,ambiguous
30.0,1198,epithelial_like
30.0,1199,intermediate_plastic
30.0,1200,epithelial_like
30.0,1201,intermediate_plastic
30.0,1202,intermediate_plastic
30.0,1203,intermediate_plastic
30.0,1204,epithelial_like
30.0,1205,ambiguous
30.0,1206,epithelial_like
30.0,1207,ambiguous
30.0,1208,ambiguous
30.0,1209,epithelial_like
30.0,1210,epithelial_like
30.0,1211,ambiguous
30.0,1212,intermediate_plastic
30.0,1213,intermediate_plastic
30.0,1214,ambiguous
30.0,1215,intermediate_plastic
30.0,1216,intermediate_plastic
30.0,1217,ambiguous
30.0,1218,intermediate_plastic
30.0,1219,intermediate_plastic
30.0,1220,epithelial_like
30.0,1221,epithelial_like
30.0,1222,intermediate_plastic
30.0,1223,ambiguous
30.0,1224,ambiguous
30.0,1225,ambiguous
30.0,1226,intermediate_plastic
30.0,1227,intermediate_plastic
30.0,1228,epithelial_like
30.0,1229,epithelial_like
30.0,1230,intermediate_plastic
30.0,1231,epithelial_like
30.0,1232,ambiguous
30.0,1233,ambiguous
30.0,1234,intermediate_plastic
30.0,1235,epithelial_like
30.0,1236,ambiguous
30.0,1237,epithelial_like
30.0,1238,epithelial_like
30.0,1239,ambiguous
30.0,1240,ambiguous
30.0,1241,intermediate_plastic
30.0,1242,ambiguous
30.0,1243,intermediate_plastic
30.0,1244,ambiguous
30.0,1245,epithelial_like
30.0,1246,epithelial_like
30.0,1247,intermediate_plastic
30.0,1248,ambiguous
30.0,1249,epithelial_like
30.0,1250,intermediate_plastic
30.0,1251,epithelial_like
30.0,1252,epithelial_like
30.0,1253,ambiguous
30.0,1254,intermediate_plastic
30.0,1255,ambiguous
30.0,1256,ambiguous
30.0,1257,epithelial_like
30.0,1258,ambiguous
30.0,1259,intermediate_plastic
30.0,1260,intermediate_plastic
30.0,1261,intermediate_plastic
30.0,1262,ambiguous
30.0,1263,epithelial_like
30.0,1264,intermediate_plastic
30.0,1265,ambiguous
30.0,1266,intermediate_plastic
30.0,1267,intermediate_plastic
30.0,1268,intermediate_plastic
30.0,1269,epithelial_like
30.0,1270,intermediate_plastic
30.0,1271,intermediate_plastic
30.0,1272,ambiguous
30.0,1273,epithelial_like
30.0,1274,ambiguous
30.0,1275,ambiguous
30.0,1276,intermediate_plastic
30.0,1277,intermediate_plastic
30.0,1278,epithelial_like
30.0,1279,intermediate_plastic
30.0,1280,intermediate_plastic
30.0,1281,intermediate_plastic
30.0,1282,ambiguous
30.0,1283,intermediate_plastic
30.0,1284,ambiguous
30.0,1285,intermediate_plastic
30.0,1286,epithelial_like
30.0,1287,ambiguous
30.0,1288,epithelial_like
30.0,1289,intermediate_plastic
30.0,1290,ambiguous
30.0,1291,ambiguous
30.0,1292,intermediate_plastic
30.0,1293,intermediate_plastic
30.0,1294,epithelial_like
30.0,1295,ambiguous
30.0,1296,epithelial_like
30.0,1297,epithelial_like
30.0,1298,epithelial_like
30.0,1299,ambiguous
30.0,1300,epithelial_like
30.0,1301,epithelial_like
30.0,1302,ambiguous
30.0,1303,ambiguous
30.0,1304,ambiguous
30.0,1305,ambiguous
30.0,1306,intermediate_plastic
30.0,1307,intermediate_plastic
30.0,1308,ambiguous
30.0,1309,ambiguous
30.0,1310,ambiguous
30.0,1311,intermediate_plastic
30.0,1312,epithelial_like
30.0,1313,ambiguous
30.0,1314,intermediate_plastic
30.0,1315,ambiguous
30.0,1316,ambiguous
30.0,1317,ambiguous
30.0,1318,ambiguous
30.0,1319,intermediate_plastic
30.0,1320,epithelial_like
30.0,1321,epithelial_like
30.0,1322,ambiguous
30.0,1323,ambiguous
30.0,1324,ambiguous
30.0,1325,ambiguous
30.0,1326,ambiguous
30.0,1327,ambiguous
30.0,1328,ambiguous
30.0,1329,intermediate_plastic
30.0,1330,ambiguous
30.0,1331,ambiguous
30.0,1332,intermediate_plastic
30.0,1333,intermediate_plastic
30.0,1334,ambiguous
30.0,1335,epithelial_like
30.0,1336,intermediate_plastic
30.0,1337,intermediate_plastic
30.0,1338,epithelial_like
30.0,1339,epithelial_like
30.0,1340,epithelial_like
30.0,1341,epithelial_like
30.0,1342,ambiguous
30.0,1343,ambiguous
30.0,1344,ambiguous
30.0,1345,epithelial_like
30.0,1346,intermediate_plastic
30.0,1347,ambiguous
30.0,1348,ambiguous
30.0,1349,epithelial_like
30.0,1350,intermediate_plastic
30.0,1351,intermediate_plastic
30.0,1352,ambiguous
30.0,1353,epithelial_like
30.0,1354,epithelial_like
30.0,1355,ambiguous
30.0,1356,epithelial_like
30.0,1357,intermediate_plastic
30.0,1358,epithelial_like
30.0,1359,ambiguous
30.0,1360,ambiguous
30.0,1361,intermediate_plastic
30.0,1362,intermediate_plastic
30.0,1363,epithelial_like
30.0,1364,epithelial_like
30.0,1365,ambiguous
30.0,1366,epithelial_like
30.0,1367,epithelial_like
30.0,1368,ambiguous
30.0,1369,ambiguous
30.0,1370,ambiguous
30.0,1371,intermediate_plastic
30.0,1372,ambiguous
30.0,1373,ambiguous
30.0,1374,ambiguous
30.0,1375,ambiguous
30.0,1376,intermediate_plastic
30.0,1377,intermediate_plastic
30.0,1378,ambiguous
30.0,1379,ambiguous
30.0,1380,intermediate_plastic
30.0,1381,intermediate_plastic
30.0,1382,intermediate_plastic
30.0,1383,intermediate_plastic
30.0,1384,ambiguous
30.0,1385,ambiguous
30.0,1386,ambiguous
30.0,1387,ambiguous
30.0,1388,intermediate_plastic
30.0,1389,intermediate_plastic
30.0,1390,epithelial_like
30.0,1391,ambiguous
30.0,1392,intermediate_plastic
30.0,1393,intermediate_plastic
30.0,1394,ambiguous
30.0,1395,ambiguous
30.0,1396,ambiguous
30.0,1397,epithelial_like
30.0,1398,ambiguous
30.0,1399,ambiguous
30.0,1400,epithelial_like
30.0,1401,ambiguous
30.0,1402,intermediate_plastic
30.0,1403,intermediate_plastic
30.0,1404,ambiguous
30.0,1405,intermediate_plastic
30.0,1406,ambiguous
30.0,1407,intermediate_plastic
30.0,1408,epithelial_like
30.0,1409,intermediate_plastic
30.0,1410,ambiguous
30.0,1411,intermediate_plastic
30.0,1412,ambiguous
30.0,1413,ambiguous
30.0,1414,intermediate_plastic
30.0,1415,intermediate_plastic
30.0,1416,ambiguous
30.0,1417,ambiguous
30.0,1418,epithelial_like
30.0,1419,intermediate_plastic
30.0,1420,ambiguous
30.0,1421,intermediate_plastic
30.0,1422,epithelial_like
30.0,1423,intermediate_plastic
30.0,1424,intermediate_plastic
30.0,1425,ambiguous
30.0,1426,ambiguous
30.0,1427,ambiguous
30.0,1428,intermediate_plastic
30.0,1429,epithelial_like
30.0,1430,ambiguous
30.0,1431,intermediate_plastic
30.0,1432,ambiguous
30.0,1433,intermediate_plastic
30.0,1434,epithelial_like
30.0,1435,ambiguous
30.0,1436,ambiguous
30.0,1437,ambiguous
30.0,1438,epithelial_like
30.0,1439,epithelial_like
30.0,1440,ambiguous
30.0,1441,intermediate_plastic
30.0,1442,ambiguous
30.0,1443,ambiguous
30.0,1444,ambiguous
30.0,1445,intermediate_plastic
30.0,1446,ambiguous
30.0,1447,intermediate_plastic
30.0,1448,ambiguous
30.0,1449,intermediate_plastic
30.0,1450,ambiguous
30.0,1451,intermediate_plastic
30.0,1452,intermediate_plastic
30.0,1453,intermediate_plastic
30.0,1454,ambiguous
30.0,1455,intermediate_plastic
30.0,1456,epithelial_like
30.0,1457,epithelial_like
30.0,1458,intermediate_plastic
30.0,1459,epithelial_like
30.0,1460,intermediate_plastic
30.0,1461,intermediate_plastic
30.0,1462,ambiguous
30.0,1463,epithelial_like
30.0,1464,ambiguous
30.0,1465,ambiguous
30.0,1466,epithelial_like
30.0,1467,ambiguous
30.0,1468,ambiguous
30.0,1469,intermediate_plastic
30.0,1470,intermediate_plastic
30.0,1471,epithelial_like
30.0,1472,intermediate_plastic
30.0,1473,ambiguous
30.0,1474,ambiguous
30.0,1475,ambiguous
30.0,1476,ambiguous
30.0,1477,intermediate_plastic
30.0,1478,ambiguous
30.0,1479,epithelial_like
30.0,1480,ambiguous
30.0,1481,epithelial_like
30.0,1482,ambiguous
30.0,1483,epithelial_like
30.0,1484,epithelial_like
30.0,1485,intermediate_plastic
30.0,1486,ambiguous
30.0,1487,intermediate_plastic
30.0,1488,ambiguous
30.0,1489,ambiguous
30.0,1490,epithelial_like
30.0,1491,ambiguous
30.0,1492,ambiguous
30.0,1493,ambiguous
30.0,1494,ambiguous
30.0,1495,ambiguous
30.0,1496,intermediate_plastic
30.0,1497,ambiguous
30.0,1498,ambiguous
30.0,1499,intermediate_plastic
30.0,1500,epithelial_like
30.0,1501,epithelial_like
30.0,1502,ambiguous
30.0,1503,epithelial_like
30.0,1504,ambiguous
30.0,1505,intermediate_plastic
30.0,1506,ambiguous
30.0,1507,epithelial_like
30.0,1508,ambiguous
30.0,1509,epithelial_like
30.0,1510,ambiguous
30.0,1511,intermediate_plastic
30.0,1512,ambiguous
30.0,1513,ambiguous
30.0,1514,ambiguous
30.0,1515,ambiguous
30.0,1516,ambiguous
30.0,1517,ambiguous
30.0,1518,epithelial_like
30.0,1519,epithelial_like
30.0,1520,ambiguous
30.0,1521,ambiguous
30.0,1522,intermediate_plastic
30.0,1523,ambiguous
30.0,1524,ambiguous
30.0,1525,epithelial_like
30.0,1526,ambiguous
30.0,1527,epithelial_like
30.0,1528,ambiguous
30.0,1529,intermediate_plastic
30.0,1530,ambiguous
30.0,1531,epithelial_like
30.0,1532,ambiguous
30.0,1533,intermediate_plastic
30.0,1534,intermediate_plastic
30.0,1535,epithelial_like
30.0,1536,intermediate_plastic
30.0,1537,intermediate_plastic
30.0,1538,ambiguous
30.0,1539,epithelial_like
30.0,1540,epithelial_like
30.0,1541,ambiguous
30.0,1542,intermediate_plastic
30.0,1543,ambiguous
30.0,1544,ambiguous
30.0,1545,ambiguous
30.0,1546,epithelial_like
30.0,1547,intermediate_plastic
30.0,1548,intermediate_plastic
30.0,1549,ambiguous
30.0,1550,ambiguous
30.0,1551,ambiguous
30.0,1552,ambiguous
30.0,1553,epithelial_like
30.0,1554,ambiguous
30.0,1555,ambiguous
30.0,1556,ambiguous
30.0,1557,ambiguous
30.0,1558,epithelial_like
30.0,1559,epithelial_like
30.0,1560,ambiguous
30.0,1561,intermediate_plastic
30.0,1562,ambiguous
30.0,1563,ambiguous
30.0,1564,ambiguous
30.0,1565,ambiguous
30.0,1566,intermediate_plastic
30.0,1567,ambiguous
30.0,1568,ambiguous
30.0,1569,intermediate_plastic
30.0,1570,ambiguous
30.0,1571,intermediate_plastic
30.0,1572,epithelial_like
30.0,1573,epithelial_like
30.0,1574,ambiguous
30.0,1575,ambiguous
30.0,1576,intermediate_plastic
30.0,1577,epithelial_like
30.0,1578,intermediate_plastic
30.0,1579,intermediate_plastic
30.0,1580,ambiguous
30.0,1581,ambiguous
30.0,1582,epithelial_like
30.0,1583,epithelial_like
30.0,1584,epithelial_like
30.0,1585,intermediate_plastic
30.0,1586,ambiguous
30.0,1587,ambiguous
30.0,1588,intermediate_plastic
30.0,1589,ambiguous
30.0,1590,ambiguous
30.0,1591,ambiguous
30.0,1592,epithelial_like
30.0,1593,epithelial_like
30.0,1594,intermediate_plastic
30.0,1595,intermediate_plastic
30.0,1596,intermediate_plastic
30.0,1597,intermediate_plastic
30.0,1598,epithelial_like
30.0,1599,ambiguous
30.0,1600,ambiguous
30.0,1601,ambiguous
30.0,1602,epithelial_like
30.0,1603,ambiguous
30.0,1604,epithelial_like
30.0,1605,ambiguous
30.0,1606,ambiguous
30.0,1607,intermediate_plastic
30.0,1608,intermediate_plastic
30.0,1609,ambiguous
30.0,1610,epithelial_like
30.0,1611,ambiguous
30.0,1612,ambiguous
30.0,1613,epithelial_like
30.0,1614,epithelial_like
30.0,1615,intermediate_plastic
30.0,1616,ambiguous
30.0,1617,ambiguous
30.0,1618,ambiguous
30.0,1619,epithelial_like
30.0,1620,epithelial_like
30.0,1621,ambiguous
30.0,1622,epithelial_like
30.0,1623,epithelial_like
30.0,1624,epithelial_like
30.0,1625,ambiguous
30.0,1626,intermediate_plastic
30.0,1627,intermediate_plastic
30.0,1628,ambiguous
30.0,1629,intermediate_plastic
30.0,1630,intermediate_plastic
30.0,1631,intermediate_plastic
30.0,1632,intermediate_plastic
30.0,1633,intermediate_plastic
30.0,1634,ambiguous
30.0,1635,ambiguous
30.0,1636,epithelial_like
30.0,1637,ambiguous
30.0,1638,ambiguous
30.0,1639,ambiguous
30.0,1640,intermediate_plastic
30.0,1641,intermediate_plastic
30.0,1642,ambiguous
30.0,1643,epithelial_like
30.0,1644,intermediate_plastic
30.0,1645,intermediate_plastic
30.0,1646,ambiguous
30.0,1647,ambiguous
30.0,1648,epithelial_like
30.0,1649,epithelial_like
30.0,1650,ambiguous
30.0,1651,intermediate_plastic
30.0,1652,intermediate_plastic
30.0,1653,ambiguous
30.0,1654,ambiguous
30.0,1655,intermediate_plastic
30.0,1656,ambiguous
30.0,1657,intermediate_plastic
30.0,1658,ambiguous
30.0,1659,intermediate_plastic
30.0,1660,intermediate_plastic
30.0,1661,ambiguous
30.0,1662,intermediate_plastic
30.0,1663,ambiguous
30.0,1664,ambiguous
30.0,1665,epithelial_like
30.0,1666,ambiguous
30.0,1667,epithelial_like
30.0,1668,intermediate_plastic
30.0,1669,ambiguous
30.0,1670,intermediate_plastic
30.0,1671,intermediate_plastic
30.0,1672,ambiguous
30.0,1673,ambiguous
30.0,1674,ambiguous
30.0,1675,intermediate_plastic
30.0,1676,ambiguous
30.0,1677,ambiguous
30.0,1678,ambiguous
30.0,1679,ambiguous
30.0,1680,intermediate_plastic
30.0,1681,ambiguous
30.0,1682,intermediate_plastic
30.0,1683,ambiguous
30.0,1684,intermediate_plastic
30.0,1685,ambiguous
30.0,1686,intermediate_plastic
30.0,1687,epithelial_like
30.0,1688,epithelial_like
30.0,1689,intermediate_plastic
30.0,1690,ambiguous
30.0,1691,intermediate_plastic
30.0,1692,epithelial_like
30.0,1693,ambiguous
30.0,1694,intermediate_plastic
30.0,1695,epithelial_like
30.0,1696,ambiguous
30.0,1697,epithelial_like
30.0,1698,ambiguous
30.0,1699,intermediate_plastic
30.0,1700,epithelial_like
30.0,1701,epithelial_like
30.0,1702,ambiguous
30.0,1703,epithelial_like
30.0,1704,ambiguous
30.0,1705,ambiguous
30.0,1706,epithelial_like
30.0,1707,intermediate_plastic
30.0,1708,ambiguous
30.0,1709,intermediate_plastic
30.0,1710,ambiguous
30.0,1711,ambiguous
30.0,1712,intermediate_plastic
30.0,1713,ambiguous
30.0,1714,ambiguous
30.0,1715,ambiguous
30.0,1716,ambiguous
30.0,1717,intermediate_plastic
30.0,1718,ambiguous
30.0,1719,epithelial_like
30.0,1720,ambiguous
30.0,1721,ambiguous
30.0,1722,ambiguous
30.0,1723,intermediate_plastic
30.0,1724,epithelial_like
30.0,1725,epithelial_like
30.0,1726,intermediate_plastic
30.0,1727,intermediate_plastic
30.0,1728,intermediate_plastic
30.0,1729,epithelial_like
30.0,1730,ambiguous
30.0,1731,ambiguous
30.0,1732,ambiguous
30.0,1733,intermediate_plastic
30.0,1734,intermediate_plastic
30.0,1735,intermediate_plastic
30.0,1736,intermediate_plastic
30.0,1737,ambiguous
30.0,1738,epithelial_like
30.0,1739,intermediate_plastic
30.0,1740,epithelial_like
30.0,1741,ambiguous
30.0,1742,ambiguous
30.0,1743,epithelial_like
30.0,1744,ambiguous
30.0,1745,ambiguous
30.0,1746,ambiguous
30.0,1747,epithelial_like
30.0,1748,ambiguous
30.0,1749,ambiguous
30.0,1750,epithelial_like
30.0,1751,epithelial_like
30.0,1752,epithelial_like
30.0,1753,ambiguous
30.0,1754,ambiguous
30.0,1755,intermediate_plastic
30.0,1756,intermediate_plastic
30.0,1757,intermediate_plastic
30.0,1758,ambiguous
30.0,1759,ambiguous
30.0,1760,intermediate_plastic
30.0,1761,ambiguous
30.0,1762,intermediate_plastic
30.0,1763,ambiguous
30.0,1764,intermediate_plastic
30.0,1765,ambiguous
30.0,1766,ambiguous
30.0,1767,ambiguous
30.0,1768,intermediate_plastic
30.0,1769,intermediate_plastic
30.0,1770,intermediate_plastic
30.0,1771,epithelial_like
30.0,1772,ambiguous
30.0,1773,intermediate_plastic
30.0,1774,ambiguous
30.0,1775,epithelial_like
30.0,1776,ambiguous
30.0,1777,intermediate_plastic
30.0,1778,intermediate_plastic
30.0,1779,ambiguous
30.0,1780,ambiguous
30.0,1781,ambiguous
30.0,1782,ambiguous
30.0,1783,epithelial_like
30.0,1784,intermediate_plastic
30.0,1785,intermediate_plastic
30.0,1786,ambiguous
30.0,1787,intermediate_plastic
30.0,1788,ambiguous
30.0,1789,ambiguous
30.0,1790,ambiguous
30.0,1791,intermediate_plastic
30.0,1792,ambiguous
30.0,1793,ambiguous
30.0,1794,ambiguous
30.0,1795,epithelial_like
30.0,1796,intermediate_plastic
30.0,1797,intermediate_plastic
30.0,1798,ambiguous
30.0,1799,epithelial_like
30.0,1800,ambiguous
30.0,1801,intermediate_plastic
30.0,1802,intermediate_plastic
30.0,1803,intermediate_plastic
30.0,1804,ambiguous
30.0,1805,epithelial_like
30.0,1806,ambiguous
30.0,1807,intermediate_plastic
30.0,1808,intermediate_plastic
30.0,1809,epithelial_like
30.0,1810,epithelial_like
30.0,1811,ambiguous
30.0,1812,intermediate_plastic
30.0,1813,intermediate_plastic
30.0,1814,epithelial_like
30.0,1815,intermediate_plastic
30.0,1816,ambiguous
30.0,1817,epithelial_like
30.0,1818,ambiguous
30.0,1819,ambiguous
30.0,1820,intermediate_plastic
30.0,1821,ambiguous
30.0,1822,intermediate_plastic
30.0,1823,ambiguous
30.0,1824,ambiguous
30.0,1825,ambiguous
30.0,1826,ambiguous
30.0,1827,ambiguous
30.0,1828,ambiguous
30.0,1829,ambiguous
30.0,1830,intermediate_plastic
30.0,1831,ambiguous
30.0,1832,ambiguous
30.0,1833,ambiguous
30.0,1834,ambiguous
30.0,1835,intermediate_plastic
30.0,1836,ambiguous
30.0,1837,intermediate_plastic
30.0,1838,intermediate_plastic
30.0,1839,ambiguous
30.0,1840,ambiguous
30.0,1841,epithelial_like
30.0,1842,epithelial_like
30.0,1843,intermediate_plastic
30.0,1844,ambiguous
30.0,1845,ambiguous
30.0,1846,epithelial_like
30.0,1847,epithelial_like
30.0,1848,epithelial_like
30.0,1849,ambiguous
30.0,1850,intermediate_plastic
30.0,1851,ambiguous
30.0,1852,ambiguous
30.0,1853,epithelial_like
30.0,1854,intermediate_plastic
30.0,1855,epithelial_like
30.0,1856,ambiguous
30.0,1857,epithelial_like
30.0,1858,ambiguous
30.0,1859,intermediate_plastic
30.0,1860,epithelial_like
30.0,1861,epithelial_like
30.0,1862,ambiguous
30.0,1863,ambiguous
30.0,1864,ambiguous
30.0,1865,ambiguous
30.0,1866,intermediate_plastic
30.0,1867,epithelial_like
30.0,1868,ambiguous
30.0,1869,ambiguous
30.0,1870,epithelial_like
30.0,1871,intermediate_plastic
30.0,1872,ambiguous
30.0,1873,epithelial_like
30.0,1874,epithelial_like
30.0,1875,ambiguous
30.0,1876,intermediate_plastic
30.0,1877,ambiguous
30.0,1878,intermediate_plastic
30.0,1879,ambiguous
30.0,1880,ambiguous
30.0,1881,epithelial_like
30.0,1882,intermediate_plastic
30.0,1883,ambiguous
30.0,1884,ambiguous
30.0,1885,intermediate_plastic
30.0,1886,epithelial_like
30.0,1887,ambiguous
30.0,1888,epithelial_like
30.0,1889,epithelial_like
30.0,1890,epithelial_like
30.0,1891,ambiguous
30.0,1892,ambiguous
30.0,1893,intermediate_plastic
30.0,1894,epithelial_like
30.0,1895,ambiguous
30.0,1896,epithelial_like
30.0,1897,intermediate_plastic
30.0,1898,intermediate_plastic
30.0,1899,ambiguous
30.0,1900,epithelial_like
30.0,1901,ambiguous
30.0,1902,epithelial_like
30.0,1903,ambiguous
30.0,1904,epithelial_like
30.0,1905,ambiguous
30.0,1906,ambiguous
30.0,1907,epithelial_like
30.0,1908,epithelial_like
30.0,1909,ambiguous
30.0,1910,intermediate_plastic
30.0,1911,epithelial_like
30.0,1912,epithelial_like
30.0,1913,ambiguous
30.0,1914,ambiguous
30.0,1915,epithelial_like
30.0,1916,intermediate_plastic
30.0,1917,intermediate_plastic
30.0,1918,ambiguous
30.0,1919,ambiguous
30.0,1920,epithelial_like
30.0,1921,epithelial_like
30.0,1922,epithelial_like
30.0,1923,ambiguous
30.0,1924,epithelial_like
30.0,1925,epithelial_like
30.0,1926,intermediate_plastic
30.0,1927,intermediate_plastic
30.0,1928,ambiguous
30.0,1929,intermediate_plastic
30.0,1930,ambiguous
30.0,1931,intermediate_plastic
30.0,1932,epithelial_like
30.0,1933,epithelial_like
30.0,1934,ambiguous
30.0,1935,ambiguous
30.0,1936,epithelial_like
30.0,1937,epithelial_like
30.0,1938,intermediate_plastic
30.0,1939,epithelial_like
30.0,1940,epithelial_like
30.0,1941,ambiguous
30.0,1942,epithelial_like
30.0,1943,intermediate_plastic
30.0,1944,ambiguous
30.0,1945,intermediate_plastic
30.0,1946,ambiguous
30.0,1947,intermediate_plastic
30.0,1948,epithelial_like
30.0,1949,intermediate_plastic
30.0,1950,ambiguous
30.0,1951,intermediate_plastic
30.0,1952,intermediate_plastic
30.0,1953,epithelial_like
30.0,1954,epithelial_like
30.0,1955,intermediate_plastic
30.0,1956,ambiguous
30.0,1957,intermediate_plastic
30.0,1958,epithelial_like
30.0,1959,intermediate_plastic
30.0,1960,ambiguous
30.0,1961,ambiguous
30.0,1962,intermediate_plastic
30.0,1963,ambiguous
30.0,1964,epithelial_like
30.0,1965,ambiguous
30.0,1966,ambiguous
30.0,1967,ambiguous
30.0,1968,intermediate_plastic
30.0,1969,ambiguous
30.0,1970,ambiguous
30.0,1971,ambiguous
30.0,1972,intermediate_plastic
30.0,1973,epithelial_like
30.0,1974,ambiguous
30.0,1975,epithelial_like
30.0,1976,intermediate_plastic
30.0,1977,ambiguous
30.0,1978,ambiguous
30.0,1979,ambiguous
30.0,1980,intermediate_plastic
30.0,1981,intermediate_plastic
30.0,1982,intermediate_plastic
30.0,1983,intermediate_plastic
30.0,1984,intermediate_plastic
30.0,1985,ambiguous
30.0,1986,intermediate_plastic
30.0,1987,ambiguous
30.0,1988,intermediate_plastic
30.0,1989,intermediate_plastic
30.0,1990,ambiguous
30.0,1991,ambiguous
30.0,1992,epithelial_like
30.0,1993,ambiguous
30.0,1994,epithelial_like
30.0,1995,epithelial_like
30.0,1996,ambiguous
30.0,1997,epithelial_like
30.0,1998,ambiguous
30.0,1999,epithelial_like
