projected_timepoint,cell_idx,projected_cluster_label
0.0,0,iPSC
0.0,1,iPSC
0.0,2,MEF
0.0,3,MEF
0.0,4,MEF
0.0,5,MEF
0.0,6,MEF
0.0,7,MEF
0.0,8,MEF
0.0,9,MEF
0.0,10,MEF
0.0,11,MEF
0.0,12,MEF
0.0,13,MEF
0.0,14,MEF
0.0,15,MEF
0.0,16,MEF
0.0,17,MEF
0.0,18,MEF
0.0,19,MEF
0.0,20,MEF
0.0,21,MEF
0.0,22,MEF
0.0,23,MEF
0.0,24,MEF
0.0,25,MEF
0.0,26,MEF
0.0,27,MEF
0.0,28,MEF
0.0,29,MEF
0.0,30,MEF
0.0,31,MEF
0.0,32,MEF
0.0,33,MEF
0.0,34,MEF
0.0,35,MEF
0.0,36,MEF
0.0,37,MEF
0.0,38,MEF
0.0,39,MEF
0.0,40,MEF
0.0,41,MEF
0.0,42,MEF
0.0,43,MEF
0.0,44,MEF
0.0,45,MEF
0.0,46,MEF
0.0,47,MEF
0.0,48,MEF
0.0,49,MEF
0.0,50,MEF
0.0,51,MEF
0.0,52,MEF
0.0,53,MEF
0.0,54,MEF
0.0,55,MEF
0.0,56,iPSC
0.0,57,MEF
0.0,58,MEF
0.0,59,MEF
0.0,60,MEF
0.0,61,MEF
0.0,62,MEF
0.0,63,MEF
0.0,64,MEF
0.0,65,MEF
0.0,66,MEF
0.0,67,MEF
0.0,68,MEF
0.0,69,MEF
0.0,70,MEF
0.0,71,MEF
0.0,72,MEF
0.0,73,MEF
0.0,74,MEF
0.0,75,MEF
0.0,76,MEF
0.0,77,MEF
0.0,78,MEF
0.0,79,MEF
0.0,80,MEF
0.0,81,MEF
0.0,82,MEF
0.0,83,MEF
0.0,84,MEF
0.0,85,MEF
0.0,86,MEF
0.0,87,MEF
0.0,88,MEF
0.0,89,MEF
0.0,90,MEF
0.0,91,MEF
0.0,92,MEF
0.0,93,MEF
0.0,94,MEF
0.0,95,iPSC
0.0,96,MEF
0.0,97,MEF
0.0,98,MEF
0.0,99,MEF
0.0,100,MEF
0.0,101,MEF
0.0,102,MEF
0.0,103,MEF
0.0,104,MEF
0.0,105,MEF
0.0,106,MEF
0.0,107,MEF
0.0,108,MEF
0.0,109,MEF
0.0,110,MEF
0.0,111,MEF
0.0,112,MEF
0.0,113,MEF
0.0,114,MEF
0.0,115,MEF
0.0,116,iPSC
0.0,117,MEF
0.0,118,MEF
0.0,119,MEF
0.0,120,MEF
0.0,121,MEF
0.0,122,MEF
0.0,123,MEF
0.0,124,MEF
0.0,125,MEF
0.0,126,MEF
0.0,127,MEF
0.0,128,MEF
0.0,129,MEF
0.0,130,MEF
0.0,131,MEF
0.0,132,MEF
0.0,133,MEF
0.0,134,MEF
0.0,135,MEF
0.0,136,MEF
0.0,137,MEF
0.0,138,MEF
0.0,139,MEF
0.0,140,MEF
0.0,141,MEF
0.0,142,MEF
0.0,143,MEF
0.0,144,MEF
0.0,145,MEF
0.0,146,MEF
0.0,147,MEF
0.0,148,MEF
0.0,149,MEF
0.0,150,MEF
0.0,151,MEF
0.0,152,MEF
0.0,153,MEF
0.0,154,MEF
0.0,155,MEF
0.0,156,MEF
0.0,157,MEF
0.0,158,MEF
0.0,159,MEF
0.0,160,MEF
0.0,161,MEF
0.0,162,MEF
0.0,163,MEF
0.0,164,MEF
0.0,165,MEF
0.0,166,MEF
0.0,167,MEF
0.0,168,MEF
0.0,169,MEF
0.0,170,epithelial_like
0.0,171,MEF
0.0,172,MEF
0.0,173,MEF
0.0,174,MEF
0.0,175,MEF
0.0,176,MEF
0.0,177,MEF
0.0,178,MEF
0.0,179,MEF
0.0,180,MEF
0.0,181,MEF
0.0,182,MEF
0.0,183,MEF
0.0,184,MEF
0.0,185,MEF
0.0,186,MEF
0.0,187,MEF
0.0,188,MEF
0.0,189,MEF
0.0,190,MEF
0.0,191,MEF
0.0,192,MEF
0.0,193,MEF
0.0,194,MEF
0.0,195,MEF
0.0,196,MEF
0.0,197,MEF
0.0,198,MEF
0.0,199,MEF
0.0,200,MEF
0.0,201,MEF
0.0,202,MEF
0.0,203,MEF
0.0,204,MEF
0.0,205,MEF
0.0,206,MEF
0.0,207,MEF
0.0,208,MEF
0.0,209,MEF
0.0,210,MEF
0.0,211,MEF
0.0,212,MEF
0.0,213,MEF
0.0,214,MEF
0.0,215,MEF
0.0,216,MEF
0.0,217,MEF
0.0,218,MEF
0.0,219,MEF
0.0,220,MEF
0.0,221,MEF
0.0,222,MEF
0.0,223,MEF
0.0,224,MEF
0.0,225,MEF
0.0,226,MEF
0.0,227,MEF
0.0,228,MEF
0.0,229,MEF
0.0,230,MEF
0.0,231,MEF
0.0,232,MEF
0.0,233,MEF
0.0,234,MEF
0.0,235,MEF
0.0,236,MEF
0.0,237,MEF
0.0,238,MEF
0.0,239,MEF
0.0,240,MEF
0.0,241,MEF
0.0,242,MEF
0.0,243,MEF
0.0,244,MEF
0.0,245,MEF
0.0,246,MEF
0.0,247,MEF
0.0,248,MEF
0.0,249,MEF
0.0,250,MEF
0.0,251,MEF
0.0,252,MEF
0.0,253,MEF
0.0,254,MEF
0.0,255,MEF
0.0,256,MEF
0.0,257,MEF
0.0,258,MEF
0.0,259,MEF
0.0,260,MEF
0.0,261,MEF
0.0,262,MEF
0.0,263,MEF
0.0,264,MEF
0.0,265,MEF
0.0,266,MEF
0.0,267,MEF
0.0,268,MEF
0.0,269,MEF
0.0,270,MEF
0.0,271,MEF
0.0,272,MEF
0.0,273,MEF
0.0,274,MEF
0.0,275,MEF
0.0,276,MEF
0.0,277,MEF
0.0,278,MEF
0.0,279,MEF
0.0,280,MEF
0.0,281,MEF
0.0,282,MEF
0.0,283,MEF
0.0,284,MEF
0.0,285,MEF
0.0,286,MEF
0.0,287,MEF
0.0,288,MEF
0.0,289,MEF
0.0,290,MEF
0.0,291,MEF
0.0,292,MEF
0.0,293,MEF
0.0,294,MEF
0.0,295,MEF
0.0,296,MEF
0.0,297,MEF
0.0,298,MEF
0.0,299,MEF
0.0,300,MEF
0.0,301,MEF
0.0,302,MEF
0.0,303,MEF
0.0,304,MEF
0.0,305,MEF
0.0,306,MEF
0.0,307,MEF
0.0,308,MEF
0.0,309,MEF
0.0,310,MEF
0.0,311,MEF
0.0,312,MEF
0.0,313,MEF
0.0,314,MEF
0.0,315,MEF
0.0,316,MEF
0.0,317,MEF
0.0,318,MEF
0.0,319,MEF
0.0,320,MEF
0.0,321,MEF
0.0,322,MEF
0.0,323,MEF
0.0,324,MEF
0.0,325,MEF
0.0,326,MEF
0.0,327,MEF
0.0,328,MEF
0.0,329,MEF
0.0,330,MEF
0.0,331,MEF
0.0,332,MEF
0.0,333,MEF
0.0,334,MEF
0.0,335,MEF
0.0,336,MEF
0.0,337,MEF
0.0,338,MEF
0.0,339,MEF
0.0,340,MEF
0.0,341,MEF
0.0,342,MEF
0.0,343,MEF
0.0,344,MEF
0.0,345,MEF
0.0,346,MEF
0.0,347,MEF
0.0,348,MEF
0.0,349,MEF
0.0,350,MEF
0.0,351,MEF
0.0,352,MEF
0.0,353,MEF
0.0,354,MEF
0.0,355,MEF
0.0,356,MEF
0.0,357,MEF
0.0,358,MEF
0.0,359,MEF
0.0,360,MEF
0.0,361,MEF
0.0,362,MEF
0.0,363,MEF
0.0,364,MEF
0.0,365,MEF
0.0,366,MEF
0.0,367,MEF
0.0,368,MEF
0.0,369,MEF
0.0,370,MEF
0.0,371,MEF
0.0,372,MEF
0.0,373,MEF
0.0,374,MEF
0.0,375,MEF
0.0,376,MEF
0.0,377,MEF
0.0,378,MEF
0.0,379,MEF
0.0,380,MEF
0.0,381,MEF
0.0,382,MEF
0.0,383,MEF
0.0,384,MEF
0.0,385,MEF
0.0,386,MEF
0.0,387,MEF
0.0,388,MEF
0.0,389,MEF
0.0,390,MEF
0.0,391,MEF
0.0,392,MEF
0.0,393,MEF
0.0,394,MEF
0.0,395,MEF
0.0,396,MEF
0.0,397,MEF
0.0,398,MEF
0.0,399,MEF
0.0,400,MEF
0.0,401,MEF
0.0,402,MEF
0.0,403,MEF
0.0,404,MEF
0.0,405,MEF
0.0,406,MEF
0.0,407,MEF
0.0,408,MEF
0.0,409,MEF
0.0,410,MEF
0.0,411,MEF
0.0,412,MEF
0.0,413,MEF
0.0,414,MEF
0.0,415,MEF
0.0,416,MEF
0.0,417,MEF
0.0,418,MEF
0.0,419,MEF
0.0,420,MEF
0.0,421,MEF
0.0,422,MEF
0.0,423,MEF
0.0,424,MEF
0.0,425,MEF
0.0,426,MEF
0.0,427,MEF
0.0,428,MEF
0.0,429,MEF
0.0,430,MEF
0.0,431,MEF
0.0,432,MEF
0.0,433,MEF
0.0,434,MEF
0.0,435,MEF
0.0,436,MEF
0.0,437,MEF
0.0,438,MEF
0.0,439,MEF
0.0,440,MEF
0.0,441,MEF
0.0,442,MEF
0.0,443,MEF
0.0,444,MEF
0.0,445,MEF
0.0,446,MEF
0.0,447,MEF
0.0,448,MEF
0.0,449,MEF
0.0,450,MEF
0.0,451,MEF
0.0,452,MEF
0.0,453,MEF
0.0,454,MEF
0.0,455,MEF
0.0,456,MEF
0.0,457,MEF
0.0,458,MEF
0.0,459,MEF
0.0,460,MEF
0.0,461,MEF
0.0,462,MEF
0.0,463,MEF
0.0,464,MEF
0.0,465,MEF
0.0,466,MEF
0.0,467,MEF
0.0,468,MEF
0.0,469,MEF
0.0,470,MEF
0.0,471,MEF
0.0,472,MEF
0.0,473,MEF
0.0,474,MEF
0.0,475,MEF
0.0,476,MEF
0.0,477,MEF
0.0,478,MEF
0.0,479,MEF
0.0,480,MEF
0.0,481,MEF
0.0,482,MEF
0.0,483,MEF
0.0,484,MEF
0.0,485,MEF
0.0,486,MEF
0.0,487,MEF
0.0,488,MEF
0.0,489,MEF
0.0,490,MEF
0.0,491,MEF
0.0,492,MEF
0.0,493,MEF
0.0,494,MEF
0.0,495,MEF
0.0,496,MEF
0.0,497,MEF
0.0,498,MEF
0.0,499,MEF
0.0,500,MEF
0.0,501,MEF
0.0,502,MEF
0.0,503,MEF
0.0,504,MEF
0.0,505,MEF
0.0,506,MEF
0.0,507,MEF
0.0,508,MEF
0.0,509,MEF
0.0,510,MEF
0.0,511,MEF
0.0,512,MEF
0.0,513,MEF
0.0,514,MEF
0.0,515,MEF
0.0,516,MEF
0.0,517,MEF
0.0,518,MEF
0.0,519,MEF
0.0,520,MEF
0.0,521,MEF
0.0,522,MEF
0.0,523,MEF
0.0,524,MEF
0.0,525,MEF
0.0,526,MEF
0.0,527,MEF
0.0,528,MEF
0.0,529,MEF
0.0,530,MEF
0.0,531,MEF
0.0,532,MEF
0.0,533,MEF
0.0,534,iPSC
0.0,535,MEF
0.0,536,MEF
0.0,537,MEF
0.0,538,MEF
0.0,539,MEF
0.0,540,MEF
0.0,541,MEF
0.0,542,MEF
0.0,543,MEF
0.0,544,MEF
0.0,545,MEF
0.0,546,MEF
0.0,547,MEF
0.0,548,MEF
0.0,549,MEF
0.0,550,MEF
0.0,551,MEF
0.0,552,MEF
0.0,553,MEF
0.0,554,MEF
0.0,555,MEF
0.0,556,MEF
0.0,557,MEF
0.0,558,MEF
0.0,559,MEF
0.0,560,MEF
0.0,561,MEF
0.0,562,MEF
0.0,563,MEF
0.0,564,MEF
0.0,565,MEF
0.0,566,MEF
0.0,567,MEF
0.0,568,MEF
0.0,569,MEF
0.0,570,MEF
0.0,571,MEF
0.0,572,MEF
0.0,573,MEF
0.0,574,MEF
0.0,575,MEF
0.0,576,MEF
0.0,577,MEF
0.0,578,MEF
0.0,579,MEF
0.0,580,MEF
0.0,581,iPSC
0.0,582,MEF
0.0,583,MEF
0.0,584,MEF
0.0,585,MEF
0.0,586,MEF
0.0,587,MEF
0.0,588,MEF
0.0,589,MEF
0.0,590,MEF
0.0,591,MEF
0.0,592,MEF
0.0,593,MEF
0.0,594,MEF
0.0,595,MEF
0.0,596,MEF
0.0,597,MEF
0.0,598,MEF
0.0,599,MEF
0.0,600,MEF
0.0,601,MEF
0.0,602,MEF
0.0,603,MEF
0.0,604,MEF
0.0,605,MEF
0.0,606,MEF
0.0,607,MEF
0.0,608,MEF
0.0,609,MEF
0.0,610,MEF
0.0,611,MEF
0.0,612,MEF
0.0,613,MEF
0.0,614,MEF
0.0,615,MEF
0.0,616,MEF
0.0,617,MEF
0.0,618,MEF
0.0,619,MEF
0.0,620,MEF
0.0,621,MEF
0.0,622,MEF
0.0,623,MEF
0.0,624,MEF
0.0,625,MEF
0.0,626,MEF
0.0,627,MEF
0.0,628,MEF
0.0,629,MEF
0.0,630,MEF
0.0,631,MEF
0.0,632,MEF
0.0,633,MEF
0.0,634,MEF
0.0,635,MEF
0.0,636,MEF
0.0,637,MEF
0.0,638,MEF
0.0,639,MEF
0.0,640,MEF
0.0,641,MEF
0.0,642,MEF
0.0,643,MEF
0.0,644,MEF
0.0,645,MEF
0.0,646,MEF
0.0,647,MEF
0.0,648,MEF
0.0,649,MEF
0.0,650,MEF
0.0,651,MEF
0.0,652,MEF
0.0,653,MEF
0.0,654,MEF
0.0,655,MEF
0.0,656,MEF
0.0,657,MEF
0.0,658,MEF
0.0,659,MEF
0.0,660,MEF
0.0,661,MEF
0.0,662,MEF
0.0,663,MEF
0.0,664,MEF
0.0,665,MEF
0.0,666,MEF
0.0,667,MEF
0.0,668,MEF
0.0,669,MEF
0.0,670,MEF
0.0,671,MEF
0.0,672,MEF
0.0,673,MEF
0.0,674,MEF
0.0,675,MEF
0.0,676,MEF
0.0,677,MEF
0.0,678,MEF
0.0,679,MEF
0.0,680,MEF
0.0,681,MEF
0.0,682,MEF
0.0,683,MEF
0.0,684,MEF
0.0,685,MEF
0.0,686,MEF
0.0,687,MEF
0.0,688,MEF
0.0,689,MEF
0.0,690,MEF
0.0,691,MEF
0.0,692,MEF
0.0,693,MEF
0.0,694,MEF
0.0,695,MEF
0.0,696,MEF
0.0,697,MEF
0.0,698,MEF
0.0,699,MEF
0.0,700,MEF
0.0,701,MEF
0.0,702,MEF
0.0,703,MEF
0.0,704,MEF
0.0,705,MEF
0.0,706,MEF
0.0,707,MEF
0.0,708,MEF
0.0,709,MEF
0.0,710,MEF
0.0,711,MEF
0.0,712,MEF
0.0,713,MEF
0.0,714,MEF
0.0,715,MEF
0.0,716,MEF
0.0,717,MEF
0.0,718,MEF
0.0,719,MEF
0.0,720,MEF
0.0,721,MEF
0.0,722,MEF
0.0,723,MEF
0.0,724,MEF
0.0,725,MEF
0.0,726,MEF
0.0,727,MEF
0.0,728,MEF
0.0,729,MEF
0.0,730,MEF
0.0,731,MEF
0.0,732,MEF
0.0,733,MEF
0.0,734,MEF
0.0,735,MEF
0.0,736,MEF
0.0,737,MEF
0.0,738,MEF
0.0,739,MEF
0.0,740,MEF
0.0,741,MEF
0.0,742,MEF
0.0,743,MEF
0.0,744,MEF
0.0,745,MEF
0.0,746,MEF
0.0,747,MEF
0.0,748,MEF
0.0,749,MEF
0.0,750,MEF
0.0,751,MEF
0.0,752,MEF
0.0,753,MEF
0.0,754,MEF
0.0,755,MEF
0.0,756,MEF
0.0,757,MEF
0.0,758,MEF
0.0,759,MEF
0.0,760,MEF
0.0,761,MEF
0.0,762,MEF
0.0,763,MEF
0.0,764,MEF
0.0,765,MEF
0.0,766,MEF
0.0,767,MEF
0.0,768,MEF
0.0,769,MEF
0.0,770,MEF
0.0,771,MEF
0.0,772,MEF
0.0,773,MEF
0.0,774,MEF
0.0,775,MEF
0.0,776,MEF
0.0,777,MEF
0.0,778,MEF
0.0,779,MEF
0.0,780,MEF
0.0,781,MEF
0.0,782,MEF
0.0,783,MEF
0.0,784,MEF
0.0,785,MEF
0.0,786,MEF
0.0,787,MEF
0.0,788,MEF
0.0,789,MEF
0.0,790,MEF
0.0,791,MEF
0.0,792,MEF
0.0,793,MEF
0.0,794,MEF
0.0,795,MEF
0.0,796,MEF
0.0,797,MEF
0.0,798,MEF
0.0,799,MEF
0.0,800,MEF
0.0,801,MEF
0.0,802,MEF
0.0,803,MEF
0.0,804,MEF
0.0,805,MEF
0.0,806,MEF
0.0,807,MEF
0.0,808,MEF
0.0,809,MEF
0.0,810,MEF
0.0,811,MEF
0.0,812,MEF
0.0,813,MEF
0.0,814,MEF
0.0,815,MEF
0.0,816,MEF
0.0,817,MEF
0.0,818,MEF
0.0,819,MEF
0.0,820,MEF
0.0,821,MEF
0.0,822,MEF
0.0,823,MEF
0.0,824,MEF
0.0,825,MEF
0.0,826,MEF
0.0,827,MEF
0.0,828,MEF
0.0,829,MEF
0.0,830,MEF
0.0,831,MEF
0.0,832,MEF
0.0,833,MEF
0.0,834,MEF
0.0,835,MEF
0.0,836,MEF
0.0,837,MEF
0.0,838,MEF
0.0,839,MEF
0.0,840,MEF
0.0,841,MEF
0.0,842,MEF
0.0,843,MEF
0.0,844,MEF
0.0,845,MEF
0.0,846,MEF
0.0,847,MEF
0.0,848,MEF
0.0,849,MEF
0.0,850,MEF
0.0,851,MEF
0.0,852,MEF
0.0,853,MEF
0.0,854,MEF
0.0,855,MEF
0.0,856,MEF
0.0,857,MEF
0.0,858,MEF
0.0,859,MEF
0.0,860,MEF
0.0,861,MEF
0.0,862,MEF
0.0,863,MEF
0.0,864,MEF
0.0,865,MEF
0.0,866,MEF
0.0,867,MEF
0.0,868,MEF
0.0,869,MEF
0.0,870,MEF
0.0,871,MEF
0.0,872,MEF
0.0,873,MEF
0.0,874,MEF
0.0,875,MEF
0.0,876,MEF
0.0,877,MEF
0.0,878,MEF
0.0,879,MEF
0.0,880,MEF
0.0,881,MEF
0.0,882,MEF
0.0,883,MEF
0.0,884,MEF
0.0,885,MEF
0.0,886,MEF
0.0,887,MEF
0.0,888,MEF
0.0,889,MEF
0.0,890,MEF
0.0,891,MEF
0.0,892,MEF
0.0,893,MEF
0.0,894,MEF
0.0,895,MEF
0.0,896,MEF
0.0,897,MEF
0.0,898,MEF
0.0,899,MEF
0.0,900,MEF
0.0,901,MEF
0.0,902,iPSC
0.0,903,MEF
0.0,904,MEF
0.0,905,MEF
0.0,906,MEF
0.0,907,MEF
0.0,908,MEF
0.0,909,MEF
0.0,910,MEF
0.0,911,MEF
0.0,912,MEF
0.0,913,MEF
0.0,914,MEF
0.0,915,MEF
0.0,916,MEF
0.0,917,MEF
0.0,918,MEF
0.0,919,MEF
0.0,920,MEF
0.0,921,MEF
0.0,922,MEF
0.0,923,MEF
0.0,924,MEF
0.0,925,MEF
0.0,926,MEF
0.0,927,MEF
0.0,928,MEF
0.0,929,MEF
0.0,930,MEF
0.0,931,epithelial_like
0.0,932,MEF
0.0,933,MEF
0.0,934,MEF
0.0,935,MEF
0.0,936,MEF
0.0,937,MEF
0.0,938,MEF
0.0,939,epithelial_like
0.0,940,MEF
0.0,941,MEF
0.0,942,MEF
0.0,943,MEF
0.0,944,MEF
0.0,945,MEF
0.0,946,MEF
0.0,947,MEF
0.0,948,MEF
0.0,949,MEF
0.0,950,MEF
0.0,951,MEF
0.0,952,MEF
0.0,953,MEF
0.0,954,MEF
0.0,955,MEF
0.0,956,MEF
0.0,957,MEF
0.0,958,MEF
0.0,959,MEF
0.0,960,MEF
0.0,961,MEF
0.0,962,MEF
0.0,963,MEF
0.0,964,MEF
0.0,965,MEF
0.0,966,MEF
0.0,967,MEF
0.0,968,MEF
0.0,969,MEF
0.0,970,MEF
0.0,971,MEF
0.0,972,MEF
0.0,973,MEF
0.0,974,MEF
0.0,975,MEF
0.0,976,MEF
0.0,977,MEF
0.0,978,MEF
0.0,979,MEF
0.0,980,MEF
0.0,981,MEF
0.0,982,MEF
0.0,983,MEF
0.0,984,MEF
0.0,985,MEF
0.0,986,MEF
0.0,987,MEF
0.0,988,MEF
0.0,989,MEF
0.0,990,MEF
0.0,991,MEF
0.0,992,MEF
0.0,993,MEF
0.0,994,MEF
0.0,995,MEF
0.0,996,MEF
0.0,997,MEF
0.0,998,MEF
0.0,999,MEF
0.0,1000,MEF
0.0,1001,MEF
0.0,1002,MEF
0.0,1003,MEF
0.0,1004,MEF
0.0,1005,MEF
0.0,1006,iPSC
0.0,1007,MEF
0.0,1008,MEF
0.0,1009,MEF
0.0,1010,MEF
0.0,1011,MEF
0.0,1012,MEF
0.0,1013,MEF
0.0,1014,MEF
0.0,1015,MEF
0.0,1016,MEF
0.0,1017,MEF
0.0,1018,MEF
0.0,1019,MEF
0.0,1020,MEF
0.0,1021,MEF
0.0,1022,MEF
0.0,1023,MEF
0.0,1024,MEF
0.0,1025,MEF
0.0,1026,MEF
0.0,1027,MEF
0.0,1028,MEF
0.0,1029,MEF
0.0,1030,MEF
0.0,1031,MEF
0.0,1032,MEF
0.0,1033,MEF
0.0,1034,MEF
0.0,1035,MEF
0.0,1036,MEF
0.0,1037,MEF
0.0,1038,MEF
0.0,1039,MEF
0.0,1040,MEF
0.0,1041,MEF
0.0,1042,MEF
0.0,1043,MEF
0.0,1044,MEF
0.0,1045,MEF
0.0,1046,MEF
0.0,1047,MEF
0.0,1048,MEF
0.0,1049,MEF
0.0,1050,MEF
0.0,1051,MEF
0.0,1052,MEF
0.0,1053,MEF
0.0,1054,MEF
0.0,1055,MEF
0.0,1056,MEF
0.0,1057,MEF
0.0,1058,MEF
0.0,1059,MEF
0.0,1060,MEF
0.0,1061,MEF
0.0,1062,MEF
0.0,1063,MEF
0.0,1064,MEF
0.0,1065,MEF
0.0,1066,MEF
0.0,1067,MEF
0.0,1068,MEF
0.0,1069,MEF
0.0,1070,MEF
0.0,1071,MEF
0.0,1072,MEF
0.0,1073,MEF
0.0,1074,MEF
0.0,1075,MEF
0.0,1076,MEF
0.0,1077,MEF
0.0,1078,MEF
0.0,1079,MEF
0.0,1080,MEF
0.0,1081,MEF
0.0,1082,MEF
0.0,1083,MEF
0.0,1084,MEF
0.0,1085,MEF
0.0,1086,MEF
0.0,1087,MEF
0.0,1088,MEF
0.0,1089,MEF
0.0,1090,epithelial_like
0.0,1091,epithelial_like
0.0,1092,MEF
0.0,1093,MEF
0.0,1094,MEF
0.0,1095,MEF
0.0,1096,MEF
0.0,1097,MEF
0.0,1098,MEF
0.0,1099,MEF
0.0,1100,MEF
0.0,1101,MEF
0.0,1102,MEF
0.0,1103,MEF
0.0,1104,MEF
0.0,1105,MEF
0.0,1106,MEF
0.0,1107,MEF
0.0,1108,MEF
0.0,1109,MEF
0.0,1110,MEF
0.0,1111,MEF
0.0,1112,MEF
0.0,1113,MEF
0.0,1114,MEF
0.0,1115,MEF
0.0,1116,MEF
0.0,1117,MEF
0.0,1118,MEF
0.0,1119,MEF
0.0,1120,MEF
0.0,1121,MEF
0.0,1122,MEF
0.0,1123,MEF
0.0,1124,MEF
0.0,1125,MEF
0.0,1126,MEF
0.0,1127,MEF
0.0,1128,MEF
0.0,1129,MEF
0.0,1130,MEF
0.0,1131,MEF
0.0,1132,MEF
0.0,1133,MEF
0.0,1134,MEF
0.0,1135,MEF
0.0,1136,MEF
0.0,1137,MEF
0.0,1138,MEF
0.0,1139,MEF
0.0,1140,MEF
0.0,1141,MEF
0.0,1142,MEF
0.0,1143,MEF
0.0,1144,MEF
0.0,1145,MEF
0.0,1146,MEF
0.0,1147,MEF
0.0,1148,MEF
0.0,1149,MEF
0.0,1150,MEF
0.0,1151,MEF
0.0,1152,MEF
0.0,1153,MEF
0.0,1154,MEF
0.0,1155,MEF
0.0,1156,MEF
0.0,1157,MEF
0.0,1158,MEF
0.0,1159,MEF
0.0,1160,MEF
0.0,1161,MEF
0.0,1162,MEF
0.0,1163,MEF
0.0,1164,MEF
0.0,1165,MEF
0.0,1166,MEF
0.0,1167,MEF
0.0,1168,MEF
0.0,1169,MEF
0.0,1170,MEF
0.0,1171,MEF
0.0,1172,MEF
0.0,1173,MEF
0.0,1174,MEF
0.0,1175,MEF
0.0,1176,MEF
0.0,1177,MEF
0.0,1178,MEF
0.0,1179,MEF
0.0,1180,MEF
0.0,1181,MEF
0.0,1182,MEF
0.0,1183,MEF
0.0,1184,MEF
0.0,1185,MEF
0.0,1186,MEF
0.0,1187,MEF
0.0,1188,MEF
0.0,1189,MEF
0.0,1190,MEF
0.0,1191,MEF
0.0,1192,MEF
0.0,1193,MEF
0.0,1194,MEF
0.0,1195,MEF
0.0,1196,MEF
0.0,1197,MEF
0.0,1198,MEF
0.0,1199,MEF
0.0,1200,MEF
0.0,1201,MEF
0.0,1202,MEF
0.0,1203,MEF
0.0,1204,MEF
0.0,1205,MEF
0.0,1206,MEF
0.0,1207,MEF
0.0,1208,MEF
0.0,1209,MEF
0.0,1210,MEF
0.0,1211,MEF
0.0,1212,MEF
0.0,1213,MEF
0.0,1214,MEF
0.0,1215,MEF
0.0,1216,MEF
0.0,1217,MEF
0.0,1218,MEF
0.0,1219,MEF
0.0,1220,MEF
0.0,1221,MEF
0.0,1222,MEF
0.0,1223,MEF
0.0,1224,MEF
0.0,1225,MEF
0.0,1226,MEF
0.0,1227,MEF
0.0,1228,MEF
0.0,1229,MEF
0.0,1230,MEF
0.0,1231,MEF
0.0,1232,MEF
0.0,1233,MEF
0.0,1234,MEF
0.0,1235,MEF
0.0,1236,MEF
0.0,1237,MEF
0.0,1238,MEF
0.0,1239,MEF
0.0,1240,MEF
0.0,1241,MEF
0.0,1242,MEF
0.0,1243,MEF
0.0,1244,MEF
0.0,1245,MEF
0.0,1246,MEF
0.0,1247,MEF
0.0,1248,MEF
0.0,1249,MEF
0.0,1250,MEF
0.0,1251,MEF
0.0,1252,MEF
0.0,1253,MEF
0.0,1254,MEF
0.0,1255,MEF
0.0,1256,MEF
0.0,1257,MEF
0.0,1258,MEF
0.0,1259,MEF
0.0,1260,MEF
0.0,1261,MEF
0.0,1262,MEF
0.0,1263,MEF
0.0,1264,MEF
0.0,1265,MEF
0.0,1266,MEF
0.0,1267,MEF
0.0,1268,MEF
0.0,1269,MEF
0.0,1270,MEF
0.0,1271,MEF
0.0,1272,MEF
0.0,1273,MEF
0.0,1274,MEF
0.0,1275,MEF
0.0,1276,MEF
0.0,1277,iPSC
0.0,1278,MEF
0.0,1279,epithelial_like
0.0,1280,MEF
0.0,1281,MEF
0.0,1282,MEF
0.0,1283,MEF
0.0,1284,MEF
0.0,1285,MEF
0.0,1286,MEF
0.0,1287,MEF
0.0,1288,MEF
0.0,1289,MEF
0.0,1290,MEF
0.0,1291,MEF
0.0,1292,MEF
0.0,1293,MEF
0.0,1294,MEF
0.0,1295,MEF
0.0,1296,MEF
0.0,1297,MEF
0.0,1298,MEF
0.0,1299,MEF
0.0,1300,MEF
0.0,1301,MEF
0.0,1302,MEF
0.0,1303,MEF
0.0,1304,MEF
0.0,1305,MEF
0.0,1306,MEF
0.0,1307,MEF
0.0,1308,MEF
0.0,1309,MEF
0.0,1310,MEF
0.0,1311,MEF
0.0,1312,MEF
0.0,1313,MEF
0.0,1314,MEF
0.0,1315,MEF
0.0,1316,MEF
0.0,1317,MEF
0.0,1318,MEF
0.0,1319,MEF
0.0,1320,MEF
0.0,1321,MEF
0.0,1322,MEF
0.0,1323,MEF
0.0,1324,MEF
0.0,1325,MEF
0.0,1326,MEF
0.0,1327,MEF
0.0,1328,MEF
0.0,1329,MEF
0.0,1330,MEF
0.0,1331,MEF
0.0,1332,MEF
0.0,1333,MEF
0.0,1334,MEF
0.0,1335,MEF
0.0,1336,MEF
0.0,1337,MEF
0.0,1338,MEF
0.0,1339,MEF
0.0,1340,MEF
0.0,1341,MEF
0.0,1342,MEF
0.0,1343,MEF
0.0,1344,MEF
0.0,1345,MEF
0.0,1346,MEF
0.0,1347,MEF
0.0,1348,MEF
0.0,1349,MEF
0.0,1350,MEF
0.0,1351,MEF
0.0,1352,MEF
0.0,1353,MEF
0.0,1354,MEF
0.0,1355,MEF
0.0,1356,epithelial_like
0.0,1357,MEF
0.0,1358,MEF
0.0,1359,MEF
0.0,1360,MEF
0.0,1361,MEF
0.0,1362,MEF
0.0,1363,MEF
0.0,1364,MEF
0.0,1365,MEF
0.0,1366,MEF
0.0,1367,MEF
0.0,1368,MEF
0.0,1369,MEF
0.0,1370,MEF
0.0,1371,MEF
0.0,1372,MEF
0.0,1373,MEF
0.0,1374,MEF
0.0,1375,MEF
0.0,1376,MEF
0.0,1377,MEF
0.0,1378,MEF
0.0,1379,MEF
0.0,1380,MEF
0.0,1381,MEF
0.0,1382,MEF
0.0,1383,MEF
0.0,1384,MEF
0.0,1385,MEF
0.0,1386,MEF
0.0,1387,MEF
0.0,1388,MEF
0.0,1389,MEF
0.0,1390,MEF
0.0,1391,MEF
0.0,1392,MEF
0.0,1393,MEF
0.0,1394,MEF
0.0,1395,MEF
0.0,1396,MEF
0.0,1397,MEF
0.0,1398,MEF
0.0,1399,MEF
0.0,1400,MEF
0.0,1401,MEF
0.0,1402,MEF
0.0,1403,MEF
0.0,1404,MEF
0.0,1405,MEF
0.0,1406,MEF
0.0,1407,MEF
0.0,1408,MEF
0.0,1409,MEF
0.0,1410,MEF
0.0,1411,MEF
0.0,1412,MEF
0.0,1413,MEF
0.0,1414,MEF
0.0,1415,MEF
0.0,1416,MEF
0.0,1417,MEF
0.0,1418,MEF
0.0,1419,MEF
0.0,1420,MEF
0.0,1421,MEF
0.0,1422,MEF
0.0,1423,MEF
0.0,1424,MEF
0.0,1425,MEF
0.0,1426,MEF
0.0,1427,MEF
0.0,1428,MEF
0.0,1429,MEF
0.0,1430,MEF
0.0,1431,MEF
0.0,1432,MEF
0.0,1433,MEF
0.0,1434,MEF
0.0,1435,MEF
0.0,1436,MEF
0.0,1437,MEF
0.0,1438,MEF
0.0,1439,MEF
0.0,1440,MEF
0.0,1441,MEF
0.0,1442,MEF
0.0,1443,MEF
0.0,1444,MEF
0.0,1445,MEF
0.0,1446,MEF
0.0,1447,MEF
0.0,1448,MEF
0.0,1449,MEF
0.0,1450,MEF
0.0,1451,MEF
0.0,1452,MEF
0.0,1453,MEF
0.0,1454,MEF
0.0,1455,MEF
0.0,1456,MEF
0.0,1457,MEF
0.0,1458,MEF
0.0,1459,MEF
0.0,1460,MEF
0.0,1461,MEF
0.0,1462,MEF
0.0,1463,MEF
0.0,1464,MEF
0.0,1465,MEF
0.0,1466,MEF
0.0,1467,MEF
0.0,1468,MEF
0.0,1469,MEF
0.0,1470,MEF
0.0,1471,MEF
0.0,1472,MEF
0.0,1473,MEF
0.0,1474,MEF
0.0,1475,MEF
0.0,1476,MEF
0.0,1477,MEF
0.0,1478,MEF
0.0,1479,MEF
0.0,1480,MEF
0.0,1481,MEF
0.0,1482,MEF
0.0,1483,MEF
0.0,1484,MEF
0.0,1485,MEF
0.0,1486,MEF
0.0,1487,MEF
0.0,1488,MEF
0.0,1489,MEF
0.0,1490,MEF
0.0,1491,MEF
0.0,1492,MEF
0.0,1493,MEF
0.0,1494,MEF
0.0,1495,MEF
0.0,1496,MEF
0.0,1497,MEF
0.0,1498,MEF
0.0,1499,MEF
0.0,1500,iPSC
0.0,1501,MEF
0.0,1502,MEF
0.0,1503,MEF
0.0,1504,MEF
0.0,1505,MEF
0.0,1506,MEF
0.0,1507,MEF
0.0,1508,MEF
0.0,1509,MEF
0.0,1510,MEF
0.0,1511,MEF
0.0,1512,MEF
0.0,1513,MEF
0.0,1514,MEF
0.0,1515,MEF
0.0,1516,MEF
0.0,1517,MEF
0.0,1518,MEF
0.0,1519,MEF
0.0,1520,MEF
0.0,1521,MEF
0.0,1522,MEF
0.0,1523,MEF
0.0,1524,MEF
0.0,1525,MEF
0.0,1526,MEF
0.0,1527,MEF
0.0,1528,MEF
0.0,1529,MEF
0.0,1530,MEF
0.0,1531,MEF
0.0,1532,MEF
0.0,1533,MEF
0.0,1534,MEF
0.0,1535,MEF
0.0,1536,MEF
0.0,1537,MEF
0.0,1538,MEF
0.0,1539,MEF
0.0,1540,epithelial_like
0.0,1541,MEF
0.0,1542,MEF
0.0,1543,MEF
0.0,1544,MEF
0.0,1545,MEF
0.0,1546,MEF
0.0,1547,MEF
0.0,1548,MEF
0.0,1549,MEF
0.0,1550,MEF
0.0,1551,MEF
0.0,1552,MEF
0.0,1553,MEF
0.0,1554,MEF
0.0,1555,MEF
0.0,1556,MEF
0.0,1557,MEF
0.0,1558,MEF
0.0,1559,MEF
0.0,1560,iPSC
0.0,1561,MEF
0.0,1562,MEF
0.0,1563,MEF
0.0,1564,MEF
0.0,1565,MEF
0.0,1566,MEF
0.0,1567,MEF
0.0,1568,MEF
0.0,1569,MEF
0.0,1570,MEF
0.0,1571,MEF
0.0,1572,MEF
0.0,1573,MEF
0.0,1574,MEF
0.0,1575,MEF
0.0,1576,MEF
0.0,1577,MEF
0.0,1578,MEF
0.0,1579,MEF
0.0,1580,MEF
0.0,1581,MEF
0.0,1582,MEF
0.0,1583,MEF
0.0,1584,MEF
0.0,1585,MEF
0.0,1586,MEF
0.0,1587,MEF
0.0,1588,MEF
0.0,1589,MEF
0.0,1590,MEF
0.0,1591,MEF
0.0,1592,MEF
0.0,1593,MEF
0.0,1594,MEF
0.0,1595,MEF
0.0,1596,MEF
0.0,1597,MEF
0.0,1598,MEF
0.0,1599,MEF
0.0,1600,MEF
0.0,1601,MEF
0.0,1602,MEF
0.0,1603,MEF
0.0,1604,MEF
0.0,1605,MEF
0.0,1606,MEF
0.0,1607,MEF
0.0,1608,MEF
0.0,1609,MEF
0.0,1610,MEF
0.0,1611,MEF
0.0,1612,MEF
0.0,1613,MEF
0.0,1614,MEF
0.0,1615,MEF
0.0,1616,MEF
0.0,1617,MEF
0.0,1618,MEF
0.0,1619,MEF
0.0,1620,MEF
0.0,1621,MEF
0.0,1622,MEF
0.0,1623,MEF
0.0,1624,MEF
0.0,1625,MEF
0.0,1626,MEF
0.0,1627,MEF
0.0,1628,MEF
0.0,1629,MEF
0.0,1630,MEF
0.0,1631,MEF
0.0,1632,MEF
0.0,1633,MEF
0.0,1634,MEF
0.0,1635,MEF
0.0,1636,MEF
0.0,1637,MEF
0.0,1638,MEF
0.0,1639,MEF
0.0,1640,MEF
0.0,1641,MEF
0.0,1642,MEF
0.0,1643,MEF
0.0,1644,MEF
0.0,1645,MEF
0.0,1646,MEF
0.0,1647,MEF
0.0,1648,MEF
0.0,1649,MEF
0.0,1650,MEF
0.0,1651,MEF
0.0,1652,MEF
0.0,1653,MEF
0.0,1654,MEF
0.0,1655,MEF
0.0,1656,MEF
0.0,1657,MEF
0.0,1658,MEF
0.0,1659,MEF
0.0,1660,MEF
0.0,1661,MEF
0.0,1662,MEF
0.0,1663,MEF
0.0,1664,MEF
0.0,1665,MEF
0.0,1666,MEF
0.0,1667,MEF
0.0,1668,MEF
0.0,1669,MEF
0.0,1670,MEF
0.0,1671,MEF
0.0,1672,MEF
0.0,1673,MEF
0.0,1674,MEF
0.0,1675,MEF
0.0,1676,MEF
0.0,1677,MEF
0.0,1678,MEF
0.0,1679,MEF
0.0,1680,MEF
0.0,1681,MEF
0.0,1682,MEF
0.0,1683,MEF
0.0,1684,MEF
0.0,1685,MEF
0.0,1686,MEF
0.0,1687,MEF
0.0,1688,MEF
0.0,1689,MEF
0.0,1690,MEF
0.0,1691,MEF
0.0,1692,MEF
0.0,1693,MEF
0.0,1694,MEF
0.0,1695,MEF
0.0,1696,MEF
0.0,1697,MEF
0.0,1698,MEF
0.0,1699,MEF
0.0,1700,MEF
0.0,1701,MEF
0.0,1702,MEF
0.0,1703,MEF
0.0,1704,MEF
0.0,1705,MEF
0.0,1706,MEF
0.0,1707,MEF
0.0,1708,MEF
0.0,1709,MEF
0.0,1710,MEF
0.0,1711,MEF
0.0,1712,MEF
0.0,1713,MEF
0.0,1714,MEF
0.0,1715,MEF
0.0,1716,MEF
0.0,1717,MEF
0.0,1718,MEF
0.0,1719,MEF
0.0,1720,MEF
0.0,1721,MEF
0.0,1722,MEF
0.0,1723,MEF
0.0,1724,MEF
0.0,1725,MEF
0.0,1726,MEF
0.0,1727,MEF
0.0,1728,MEF
0.0,1729,MEF
0.0,1730,MEF
0.0,1731,MEF
0.0,1732,MEF
0.0,1733,MEF
0.0,1734,MEF
0.0,1735,MEF
0.0,1736,epithelial_like
0.0,1737,epithelial_like
0.0,1738,MEF
0.0,1739,MEF
0.0,1740,MEF
0.0,1741,MEF
0.0,1742,MEF
0.0,1743,MEF
0.0,1744,MEF
0.0,1745,MEF
0.0,1746,MEF
0.0,1747,MEF
0.0,1748,MEF
0.0,1749,MEF
0.0,1750,MEF
0.0,1751,MEF
0.0,1752,MEF
0.0,1753,MEF
0.0,1754,MEF
0.0,1755,MEF
0.0,1756,MEF
0.0,1757,MEF
0.0,1758,MEF
0.0,1759,MEF
0.0,1760,MEF
0.0,1761,MEF
0.0,1762,MEF
0.0,1763,MEF
0.0,1764,MEF
0.0,1765,MEF
0.0,1766,MEF
0.0,1767,MEF
0.0,1768,MEF
0.0,1769,MEF
0.0,1770,MEF
0.0,1771,MEF
0.0,1772,MEF
0.0,1773,MEF
0.0,1774,MEF
0.0,1775,MEF
0.0,1776,MEF
0.0,1777,MEF
0.0,1778,MEF
0.0,1779,MEF
0.0,1780,MEF
0.0,1781,MEF
0.0,1782,MEF
0.0,1783,MEF
0.0,1784,MEF
0.0,1785,MEF
0.0,1786,MEF
0.0,1787,MEF
0.0,1788,MEF
0.0,1789,MEF
0.0,1790,MEF
0.0,1791,MEF
0.0,1792,MEF
0.0,1793,MEF
0.0,1794,MEF
0.0,1795,MEF
0.0,1796,MEF
0.0,1797,MEF
0.0,1798,MEF
0.0,1799,MEF
0.0,1800,MEF
0.0,1801,MEF
0.0,1802,MEF
0.0,1803,MEF
0.0,1804,MEF
0.0,1805,MEF
0.0,1806,MEF
0.0,1807,MEF
0.0,1808,MEF
0.0,1809,MEF
0.0,1810,MEF
0.0,1811,MEF
0.0,1812,MEF
0.0,1813,MEF
0.0,1814,MEF
0.0,1815,MEF
0.0,1816,MEF
0.0,1817,MEF
0.0,1818,MEF
0.0,1819,MEF
0.0,1820,MEF
0.0,1821,MEF
0.0,1822,MEF
0.0,1823,MEF
0.0,1824,MEF
0.0,1825,MEF
0.0,1826,MEF
0.0,1827,MEF
0.0,1828,MEF
0.0,1829,MEF
0.0,1830,MEF
0.0,1831,MEF
0.0,1832,MEF
0.0,1833,MEF
0.0,1834,MEF
0.0,1835,MEF
0.0,1836,MEF
0.0,1837,MEF
0.0,1838,MEF
0.0,1839,MEF
0.0,1840,MEF
0.0,1841,MEF
0.0,1842,MEF
0.0,1843,MEF
0.0,1844,MEF
0.0,1845,MEF
0.0,1846,MEF
0.0,1847,MEF
0.0,1848,MEF
0.0,1849,MEF
0.0,1850,MEF
0.0,1851,MEF
0.0,1852,MEF
0.0,1853,MEF
0.0,1854,MEF
0.0,1855,MEF
0.0,1856,MEF
0.0,1857,MEF
0.0,1858,MEF
0.0,1859,MEF
0.0,1860,MEF
0.0,1861,MEF
0.0,1862,MEF
0.0,1863,MEF
0.0,1864,MEF
0.0,1865,MEF
0.0,1866,MEF
0.0,1867,iPSC
0.0,1868,MEF
0.0,1869,MEF
0.0,1870,MEF
0.0,1871,MEF
0.0,1872,MEF
0.0,1873,MEF
0.0,1874,MEF
0.0,1875,MEF
0.0,1876,MEF
0.0,1877,MEF
0.0,1878,MEF
0.0,1879,MEF
0.0,1880,MEF
0.0,1881,MEF
0.0,1882,MEF
0.0,1883,MEF
0.0,1884,MEF
0.0,1885,MEF
0.0,1886,MEF
0.0,1887,MEF
0.0,1888,MEF
0.0,1889,MEF
0.0,1890,MEF
0.0,1891,MEF
0.0,1892,MEF
0.0,1893,MEF
0.0,1894,MEF
0.0,1895,MEF
0.0,1896,MEF
0.0,1897,MEF
0.0,1898,MEF
0.0,1899,MEF
0.0,1900,MEF
0.0,1901,MEF
0.0,1902,MEF
0.0,1903,MEF
0.0,1904,MEF
0.0,1905,MEF
0.0,1906,MEF
0.0,1907,MEF
0.0,1908,MEF
0.0,1909,MEF
0.0,1910,MEF
0.0,1911,MEF
0.0,1912,MEF
0.0,1913,MEF
0.0,1914,MEF
0.0,1915,MEF
0.0,1916,MEF
0.0,1917,MEF
0.0,1918,MEF
0.0,1919,MEF
0.0,1920,MEF
0.0,1921,MEF
0.0,1922,MEF
0.0,1923,MEF
0.0,1924,MEF
0.0,1925,MEF
0.0,1926,MEF
0.0,1927,iPSC
0.0,1928,MEF
0.0,1929,MEF
0.0,1930,MEF
0.0,1931,MEF
0.0,1932,MEF
0.0,1933,MEF
0.0,1934,MEF
0.0,1935,MEF
0.0,1936,MEF
0.0,1937,MEF
0.0,1938,MEF
0.0,1939,MEF
0.0,1940,MEF
0.0,1941,MEF
0.0,1942,MEF
0.0,1943,MEF
0.0,1944,MEF
0.0,1945,MEF
0.0,1946,MEF
0.0,1947,MEF
0.0,1948,MEF
0.0,1949,MEF
0.0,1950,MEF
0.0,1951,MEF
0.0,1952,MEF
0.0,1953,MEF
0.0,1954,MEF
0.0,1955,MEF
0.0,1956,MEF
0.0,1957,MEF
0.0,1958,MEF
0.0,1959,MEF
0.0,1960,MEF
0.0,1961,MEF
0.0,1962,MEF
0.0,1963,MEF
0.0,1964,MEF
0.0,1965,MEF
0.0,1966,MEF
0.0,1967,MEF
0.0,1968,iPSC
0.0,1969,MEF
0.0,1970,MEF
0.0,1971,MEF
0.0,1972,MEF
0.0,1973,MEF
0.0,1974,MEF
0.0,1975,MEF
0.0,1976,MEF
0.0,1977,MEF
0.0,1978,MEF
0.0,1979,MEF
0.0,1980,MEF
0.0,1981,MEF
0.0,1982,MEF
0.0,1983,MEF
0.0,1984,MEF
0.0,1985,MEF
0.0,1986,MEF
0.0,1987,MEF
0.0,1988,MEF
0.0,1989,MEF
0.0,1990,MEF
0.0,1991,MEF
0.0,1992,MEF
0.0,1993,MEF
0.0,1994,MEF
0.0,1995,MEF
0.0,1996,MEF
0.0,1997,MEF
0.0,1998,MEF
0.0,1999,MEF
4.0,2000,MEF
4.0,2001,MEF
4.0,2002,MEF
4.0,2003,MEF
4.0,2004,iPSC
4.0,2005,iPSC
4.0,2006,epithelial_like
4.0,2007,epithelial_like
4.0,2008,MEF
4.0,2009,epithelial_like
4.0,2010,epithelial_like
4.0,2011,iPSC
4.0,2012,iPSC
4.0,2013,MEF
4.0,2014,epithelial_like
4.0,2015,epithelial_like
4.0,2016,epithelial_like
4.0,2017,MEF
4.0,2018,intermediate_plastic
4.0,2019,intermediate_plastic
4.0,2020,epithelial_like
4.0,2021,MEF
4.0,2022,epithelial_like
4.0,2023,iPSC
4.0,2024,epithelial_like
4.0,2025,epithelial_like
4.0,2026,epithelial_like
4.0,2027,epithelial_like
4.0,2028,MEF
4.0,2029,epithelial_like
4.0,2030,iPSC
4.0,2031,epithelial_like
4.0,2032,epithelial_like
4.0,2033,MEF
4.0,2034,iPSC
4.0,2035,epithelial_like
4.0,2036,epithelial_like
4.0,2037,MEF
4.0,2038,epithelial_like
4.0,2039,MEF
4.0,2040,epithelial_like
4.0,2041,epithelial_like
4.0,2042,MEF
4.0,2043,epithelial_like
4.0,2044,epithelial_like
4.0,2045,MEF
4.0,2046,epithelial_like
4.0,2047,MEF
4.0,2048,epithelial_like
4.0,2049,epithelial_like
4.0,2050,MEF
4.0,2051,MEF
4.0,2052,iPSC
4.0,2053,MEF
4.0,2054,MEF
4.0,2055,MEF
4.0,2056,epithelial_like
4.0,2057,MEF
4.0,2058,iPSC
4.0,2059,epithelial_like
4.0,2060,MEF
4.0,2061,MEF
4.0,2062,epithelial_like
4.0,2063,epithelial_like
4.0,2064,epithelial_like
4.0,2065,MEF
4.0,2066,epithelial_like
4.0,2067,intermediate_plastic
4.0,2068,intermediate_plastic
4.0,2069,MEF
4.0,2070,epithelial_like
4.0,2071,intermediate_plastic
4.0,2072,MEF
4.0,2073,MEF
4.0,2074,MEF
4.0,2075,MEF
4.0,2076,iPSC
4.0,2077,MEF
4.0,2078,epithelial_like
4.0,2079,epithelial_like
4.0,2080,epithelial_like
4.0,2081,epithelial_like
4.0,2082,epithelial_like
4.0,2083,epithelial_like
4.0,2084,epithelial_like
4.0,2085,iPSC
4.0,2086,iPSC
4.0,2087,epithelial_like
4.0,2088,epithelial_like
4.0,2089,MEF
4.0,2090,epithelial_like
4.0,2091,intermediate_plastic
4.0,2092,intermediate_plastic
4.0,2093,intermediate_plastic
4.0,2094,epithelial_like
4.0,2095,iPSC
4.0,2096,iPSC
4.0,2097,intermediate_plastic
4.0,2098,iPSC
4.0,2099,iPSC
4.0,2100,epithelial_like
4.0,2101,epithelial_like
4.0,2102,iPSC
4.0,2103,epithelial_like
4.0,2104,epithelial_like
4.0,2105,MEF
4.0,2106,MEF
4.0,2107,intermediate_plastic
4.0,2108,MEF
4.0,2109,iPSC
4.0,2110,iPSC
4.0,2111,iPSC
4.0,2112,iPSC
4.0,2113,epithelial_like
4.0,2114,epithelial_like
4.0,2115,epithelial_like
4.0,2116,epithelial_like
4.0,2117,epithelial_like
4.0,2118,iPSC
4.0,2119,epithelial_like
4.0,2120,iPSC
4.0,2121,epithelial_like
4.0,2122,MEF
4.0,2123,epithelial_like
4.0,2124,epithelial_like
4.0,2125,epithelial_like
4.0,2126,epithelial_like
4.0,2127,MEF
4.0,2128,iPSC
4.0,2129,MEF
4.0,2130,epithelial_like
4.0,2131,intermediate_plastic
4.0,2132,epithelial_like
4.0,2133,epithelial_like
4.0,2134,epithelial_like
4.0,2135,iPSC
4.0,2136,MEF
4.0,2137,MEF
4.0,2138,MEF
4.0,2139,epithelial_like
4.0,2140,epithelial_like
4.0,2141,epithelial_like
4.0,2142,iPSC
4.0,2143,iPSC
4.0,2144,epithelial_like
4.0,2145,MEF
4.0,2146,epithelial_like
4.0,2147,epithelial_like
4.0,2148,MEF
4.0,2149,MEF
4.0,2150,iPSC
4.0,2151,iPSC
4.0,2152,MEF
4.0,2153,epithelial_like
4.0,2154,MEF
4.0,2155,epithelial_like
4.0,2156,epithelial_like
4.0,2157,MEF
4.0,2158,MEF
4.0,2159,epithelial_like
4.0,2160,intermediate_plastic
4.0,2161,MEF
4.0,2162,epithelial_like
4.0,2163,intermediate_plastic
4.0,2164,intermediate_plastic
4.0,2165,epithelial_like
4.0,2166,MEF
4.0,2167,MEF
4.0,2168,MEF
4.0,2169,MEF
4.0,2170,epithelial_like
4.0,2171,MEF
4.0,2172,MEF
4.0,2173,iPSC
4.0,2174,MEF
4.0,2175,epithelial_like
4.0,2176,MEF
4.0,2177,iPSC
4.0,2178,MEF
4.0,2179,epithelial_like
4.0,2180,epithelial_like
4.0,2181,epithelial_like
4.0,2182,epithelial_like
4.0,2183,epithelial_like
4.0,2184,MEF
4.0,2185,epithelial_like
4.0,2186,epithelial_like
4.0,2187,epithelial_like
4.0,2188,epithelial_like
4.0,2189,epithelial_like
4.0,2190,epithelial_like
4.0,2191,epithelial_like
4.0,2192,iPSC
4.0,2193,epithelial_like
4.0,2194,MEF
4.0,2195,epithelial_like
4.0,2196,intermediate_plastic
4.0,2197,epithelial_like
4.0,2198,MEF
4.0,2199,MEF
4.0,2200,epithelial_like
4.0,2201,epithelial_like
4.0,2202,epithelial_like
4.0,2203,MEF
4.0,2204,epithelial_like
4.0,2205,MEF
4.0,2206,epithelial_like
4.0,2207,epithelial_like
4.0,2208,MEF
4.0,2209,MEF
4.0,2210,epithelial_like
4.0,2211,epithelial_like
4.0,2212,MEF
4.0,2213,epithelial_like
4.0,2214,MEF
4.0,2215,epithelial_like
4.0,2216,epithelial_like
4.0,2217,iPSC
4.0,2218,intermediate_plastic
4.0,2219,intermediate_plastic
4.0,2220,MEF
4.0,2221,epithelial_like
4.0,2222,epithelial_like
4.0,2223,epithelial_like
4.0,2224,epithelial_like
4.0,2225,epithelial_like
4.0,2226,epithelial_like
4.0,2227,MEF
4.0,2228,intermediate_plastic
4.0,2229,MEF
4.0,2230,MEF
4.0,2231,epithelial_like
4.0,2232,MEF
4.0,2233,MEF
4.0,2234,MEF
4.0,2235,MEF
4.0,2236,epithelial_like
4.0,2237,MEF
4.0,2238,epithelial_like
4.0,2239,MEF
4.0,2240,epithelial_like
4.0,2241,MEF
4.0,2242,iPSC
4.0,2243,MEF
4.0,2244,epithelial_like
4.0,2245,intermediate_plastic
4.0,2246,epithelial_like
4.0,2247,epithelial_like
4.0,2248,MEF
4.0,2249,epithelial_like
4.0,2250,iPSC
4.0,2251,epithelial_like
4.0,2252,MEF
4.0,2253,MEF
4.0,2254,epithelial_like
4.0,2255,epithelial_like
4.0,2256,iPSC
4.0,2257,epithelial_like
4.0,2258,epithelial_like
4.0,2259,epithelial_like
4.0,2260,epithelial_like
4.0,2261,MEF
4.0,2262,epithelial_like
4.0,2263,MEF
4.0,2264,epithelial_like
4.0,2265,epithelial_like
4.0,2266,intermediate_plastic
4.0,2267,MEF
4.0,2268,epithelial_like
4.0,2269,epithelial_like
4.0,2270,epithelial_like
4.0,2271,epithelial_like
4.0,2272,intermediate_plastic
4.0,2273,epithelial_like
4.0,2274,epithelial_like
4.0,2275,epithelial_like
4.0,2276,epithelial_like
4.0,2277,epithelial_like
4.0,2278,epithelial_like
4.0,2279,epithelial_like
4.0,2280,epithelial_like
4.0,2281,iPSC
4.0,2282,epithelial_like
4.0,2283,epithelial_like
4.0,2284,epithelial_like
4.0,2285,MEF
4.0,2286,epithelial_like
4.0,2287,intermediate_plastic
4.0,2288,epithelial_like
4.0,2289,epithelial_like
4.0,2290,epithelial_like
4.0,2291,epithelial_like
4.0,2292,epithelial_like
4.0,2293,epithelial_like
4.0,2294,MEF
4.0,2295,epithelial_like
4.0,2296,MEF
4.0,2297,iPSC
4.0,2298,iPSC
4.0,2299,intermediate_plastic
4.0,2300,iPSC
4.0,2301,MEF
4.0,2302,MEF
4.0,2303,iPSC
4.0,2304,epithelial_like
4.0,2305,epithelial_like
4.0,2306,epithelial_like
4.0,2307,epithelial_like
4.0,2308,epithelial_like
4.0,2309,epithelial_like
4.0,2310,MEF
4.0,2311,epithelial_like
4.0,2312,iPSC
4.0,2313,epithelial_like
4.0,2314,epithelial_like
4.0,2315,MEF
4.0,2316,epithelial_like
4.0,2317,MEF
4.0,2318,epithelial_like
4.0,2319,MEF
4.0,2320,epithelial_like
4.0,2321,MEF
4.0,2322,epithelial_like
4.0,2323,iPSC
4.0,2324,epithelial_like
4.0,2325,MEF
4.0,2326,MEF
4.0,2327,MEF
4.0,2328,epithelial_like
4.0,2329,MEF
4.0,2330,MEF
4.0,2331,iPSC
4.0,2332,epithelial_like
4.0,2333,MEF
4.0,2334,MEF
4.0,2335,epithelial_like
4.0,2336,intermediate_plastic
4.0,2337,intermediate_plastic
4.0,2338,epithelial_like
4.0,2339,epithelial_like
4.0,2340,epithelial_like
4.0,2341,epithelial_like
4.0,2342,MEF
4.0,2343,epithelial_like
4.0,2344,intermediate_plastic
4.0,2345,epithelial_like
4.0,2346,epithelial_like
4.0,2347,MEF
4.0,2348,epithelial_like
4.0,2349,epithelial_like
4.0,2350,epithelial_like
4.0,2351,iPSC
4.0,2352,MEF
4.0,2353,MEF
4.0,2354,epithelial_like
4.0,2355,epithelial_like
4.0,2356,MEF
4.0,2357,epithelial_like
4.0,2358,epithelial_like
4.0,2359,iPSC
4.0,2360,iPSC
4.0,2361,epithelial_like
4.0,2362,epithelial_like
4.0,2363,epithelial_like
4.0,2364,MEF
4.0,2365,epithelial_like
4.0,2366,MEF
4.0,2367,epithelial_like
4.0,2368,intermediate_plastic
4.0,2369,MEF
4.0,2370,epithelial_like
4.0,2371,MEF
4.0,2372,MEF
4.0,2373,MEF
4.0,2374,MEF
4.0,2375,epithelial_like
4.0,2376,MEF
4.0,2377,MEF
4.0,2378,epithelial_like
4.0,2379,epithelial_like
4.0,2380,epithelial_like
4.0,2381,epithelial_like
4.0,2382,MEF
4.0,2383,MEF
4.0,2384,epithelial_like
4.0,2385,intermediate_plastic
4.0,2386,MEF
4.0,2387,epithelial_like
4.0,2388,epithelial_like
4.0,2389,epithelial_like
4.0,2390,iPSC
4.0,2391,epithelial_like
4.0,2392,epithelial_like
4.0,2393,iPSC
4.0,2394,iPSC
4.0,2395,epithelial_like
4.0,2396,epithelial_like
4.0,2397,MEF
4.0,2398,iPSC
4.0,2399,epithelial_like
4.0,2400,epithelial_like
4.0,2401,MEF
4.0,2402,epithelial_like
4.0,2403,iPSC
4.0,2404,iPSC
4.0,2405,iPSC
4.0,2406,epithelial_like
4.0,2407,epithelial_like
4.0,2408,epithelial_like
4.0,2409,epithelial_like
4.0,2410,epithelial_like
4.0,2411,epithelial_like
4.0,2412,MEF
4.0,2413,epithelial_like
4.0,2414,MEF
4.0,2415,MEF
4.0,2416,MEF
4.0,2417,MEF
4.0,2418,MEF
4.0,2419,MEF
4.0,2420,MEF
4.0,2421,epithelial_like
4.0,2422,epithelial_like
4.0,2423,epithelial_like
4.0,2424,MEF
4.0,2425,MEF
4.0,2426,epithelial_like
4.0,2427,iPSC
4.0,2428,iPSC
4.0,2429,iPSC
4.0,2430,epithelial_like
4.0,2431,epithelial_like
4.0,2432,epithelial_like
4.0,2433,MEF
4.0,2434,MEF
4.0,2435,epithelial_like
4.0,2436,iPSC
4.0,2437,epithelial_like
4.0,2438,intermediate_plastic
4.0,2439,iPSC
4.0,2440,iPSC
4.0,2441,epithelial_like
4.0,2442,iPSC
4.0,2443,MEF
4.0,2444,MEF
4.0,2445,intermediate_plastic
4.0,2446,iPSC
4.0,2447,epithelial_like
4.0,2448,epithelial_like
4.0,2449,iPSC
4.0,2450,epithelial_like
4.0,2451,epithelial_like
4.0,2452,epithelial_like
4.0,2453,MEF
4.0,2454,MEF
4.0,2455,epithelial_like
4.0,2456,epithelial_like
4.0,2457,epithelial_like
4.0,2458,epithelial_like
4.0,2459,epithelial_like
4.0,2460,epithelial_like
4.0,2461,intermediate_plastic
4.0,2462,iPSC
4.0,2463,MEF
4.0,2464,iPSC
4.0,2465,epithelial_like
4.0,2466,iPSC
4.0,2467,epithelial_like
4.0,2468,epithelial_like
4.0,2469,epithelial_like
4.0,2470,epithelial_like
4.0,2471,epithelial_like
4.0,2472,epithelial_like
4.0,2473,epithelial_like
4.0,2474,iPSC
4.0,2475,iPSC
4.0,2476,epithelial_like
4.0,2477,epithelial_like
4.0,2478,epithelial_like
4.0,2479,MEF
4.0,2480,intermediate_plastic
4.0,2481,MEF
4.0,2482,epithelial_like
4.0,2483,MEF
4.0,2484,MEF
4.0,2485,iPSC
4.0,2486,MEF
4.0,2487,iPSC
4.0,2488,iPSC
4.0,2489,MEF
4.0,2490,MEF
4.0,2491,MEF
4.0,2492,MEF
4.0,2493,MEF
4.0,2494,epithelial_like
4.0,2495,epithelial_like
4.0,2496,iPSC
4.0,2497,intermediate_plastic
4.0,2498,MEF
4.0,2499,MEF
4.0,2500,MEF
4.0,2501,epithelial_like
4.0,2502,epithelial_like
4.0,2503,MEF
4.0,2504,iPSC
4.0,2505,MEF
4.0,2506,epithelial_like
4.0,2507,epithelial_like
4.0,2508,MEF
4.0,2509,epithelial_like
4.0,2510,epithelial_like
4.0,2511,epithelial_like
4.0,2512,epithelial_like
4.0,2513,epithelial_like
4.0,2514,epithelial_like
4.0,2515,MEF
4.0,2516,MEF
4.0,2517,MEF
4.0,2518,epithelial_like
4.0,2519,iPSC
4.0,2520,epithelial_like
4.0,2521,epithelial_like
4.0,2522,epithelial_like
4.0,2523,epithelial_like
4.0,2524,epithelial_like
4.0,2525,MEF
4.0,2526,epithelial_like
4.0,2527,epithelial_like
4.0,2528,epithelial_like
4.0,2529,intermediate_plastic
4.0,2530,epithelial_like
4.0,2531,epithelial_like
4.0,2532,MEF
4.0,2533,intermediate_plastic
4.0,2534,epithelial_like
4.0,2535,MEF
4.0,2536,epithelial_like
4.0,2537,MEF
4.0,2538,epithelial_like
4.0,2539,epithelial_like
4.0,2540,iPSC
4.0,2541,iPSC
4.0,2542,iPSC
4.0,2543,epithelial_like
4.0,2544,epithelial_like
4.0,2545,iPSC
4.0,2546,MEF
4.0,2547,MEF
4.0,2548,epithelial_like
4.0,2549,epithelial_like
4.0,2550,iPSC
4.0,2551,iPSC
4.0,2552,MEF
4.0,2553,epithelial_like
4.0,2554,epithelial_like
4.0,2555,epithelial_like
4.0,2556,MEF
4.0,2557,MEF
4.0,2558,epithelial_like
4.0,2559,epithelial_like
4.0,2560,epithelial_like
4.0,2561,epithelial_like
4.0,2562,epithelial_like
4.0,2563,epithelial_like
4.0,2564,epithelial_like
4.0,2565,iPSC
4.0,2566,epithelial_like
4.0,2567,epithelial_like
4.0,2568,MEF
4.0,2569,MEF
4.0,2570,epithelial_like
4.0,2571,epithelial_like
4.0,2572,epithelial_like
4.0,2573,MEF
4.0,2574,epithelial_like
4.0,2575,epithelial_like
4.0,2576,MEF
4.0,2577,epithelial_like
4.0,2578,epithelial_like
4.0,2579,intermediate_plastic
4.0,2580,epithelial_like
4.0,2581,MEF
4.0,2582,MEF
4.0,2583,epithelial_like
4.0,2584,MEF
4.0,2585,epithelial_like
4.0,2586,epithelial_like
4.0,2587,epithelial_like
4.0,2588,MEF
4.0,2589,epithelial_like
4.0,2590,epithelial_like
4.0,2591,MEF
4.0,2592,epithelial_like
4.0,2593,epithelial_like
4.0,2594,intermediate_plastic
4.0,2595,epithelial_like
4.0,2596,epithelial_like
4.0,2597,iPSC
4.0,2598,epithelial_like
4.0,2599,MEF
4.0,2600,MEF
4.0,2601,MEF
4.0,2602,MEF
4.0,2603,MEF
4.0,2604,MEF
4.0,2605,epithelial_like
4.0,2606,epithelial_like
4.0,2607,epithelial_like
4.0,2608,MEF
4.0,2609,epithelial_like
4.0,2610,epithelial_like
4.0,2611,MEF
4.0,2612,MEF
4.0,2613,MEF
4.0,2614,MEF
4.0,2615,epithelial_like
4.0,2616,epithelial_like
4.0,2617,epithelial_like
4.0,2618,MEF
4.0,2619,iPSC
4.0,2620,MEF
4.0,2621,epithelial_like
4.0,2622,epithelial_like
4.0,2623,MEF
4.0,2624,epithelial_like
4.0,2625,iPSC
4.0,2626,epithelial_like
4.0,2627,epithelial_like
4.0,2628,epithelial_like
4.0,2629,epithelial_like
4.0,2630,epithelial_like
4.0,2631,iPSC
4.0,2632,epithelial_like
4.0,2633,epithelial_like
4.0,2634,epithelial_like
4.0,2635,epithelial_like
4.0,2636,epithelial_like
4.0,2637,epithelial_like
4.0,2638,MEF
4.0,2639,MEF
4.0,2640,epithelial_like
4.0,2641,epithelial_like
4.0,2642,epithelial_like
4.0,2643,epithelial_like
4.0,2644,intermediate_plastic
4.0,2645,MEF
4.0,2646,epithelial_like
4.0,2647,epithelial_like
4.0,2648,epithelial_like
4.0,2649,MEF
4.0,2650,epithelial_like
4.0,2651,epithelial_like
4.0,2652,epithelial_like
4.0,2653,epithelial_like
4.0,2654,MEF
4.0,2655,MEF
4.0,2656,epithelial_like
4.0,2657,epithelial_like
4.0,2658,epithelial_like
4.0,2659,epithelial_like
4.0,2660,epithelial_like
4.0,2661,epithelial_like
4.0,2662,MEF
4.0,2663,MEF
4.0,2664,MEF
4.0,2665,epithelial_like
4.0,2666,epithelial_like
4.0,2667,epithelial_like
4.0,2668,epithelial_like
4.0,2669,epithelial_like
4.0,2670,epithelial_like
4.0,2671,intermediate_plastic
4.0,2672,epithelial_like
4.0,2673,epithelial_like
4.0,2674,epithelial_like
4.0,2675,epithelial_like
4.0,2676,epithelial_like
4.0,2677,iPSC
4.0,2678,epithelial_like
4.0,2679,epithelial_like
4.0,2680,epithelial_like
4.0,2681,epithelial_like
4.0,2682,MEF
4.0,2683,epithelial_like
4.0,2684,epithelial_like
4.0,2685,MEF
4.0,2686,epithelial_like
4.0,2687,epithelial_like
4.0,2688,epithelial_like
4.0,2689,epithelial_like
4.0,2690,MEF
4.0,2691,MEF
4.0,2692,MEF
4.0,2693,epithelial_like
4.0,2694,MEF
4.0,2695,MEF
4.0,2696,intermediate_plastic
4.0,2697,epithelial_like
4.0,2698,epithelial_like
4.0,2699,MEF
4.0,2700,epithelial_like
4.0,2701,MEF
4.0,2702,MEF
4.0,2703,iPSC
4.0,2704,epithelial_like
4.0,2705,epithelial_like
4.0,2706,MEF
4.0,2707,MEF
4.0,2708,epithelial_like
4.0,2709,epithelial_like
4.0,2710,epithelial_like
4.0,2711,iPSC
4.0,2712,epithelial_like
4.0,2713,iPSC
4.0,2714,MEF
4.0,2715,epithelial_like
4.0,2716,intermediate_plastic
4.0,2717,MEF
4.0,2718,epithelial_like
4.0,2719,epithelial_like
4.0,2720,epithelial_like
4.0,2721,epithelial_like
4.0,2722,epithelial_like
4.0,2723,epithelial_like
4.0,2724,intermediate_plastic
4.0,2725,epithelial_like
4.0,2726,intermediate_plastic
4.0,2727,MEF
4.0,2728,epithelial_like
4.0,2729,MEF
4.0,2730,epithelial_like
4.0,2731,MEF
4.0,2732,intermediate_plastic
4.0,2733,iPSC
4.0,2734,epithelial_like
4.0,2735,epithelial_like
4.0,2736,intermediate_plastic
4.0,2737,iPSC
4.0,2738,intermediate_plastic
4.0,2739,iPSC
4.0,2740,iPSC
4.0,2741,epithelial_like
4.0,2742,epithelial_like
4.0,2743,epithelial_like
4.0,2744,epithelial_like
4.0,2745,iPSC
4.0,2746,MEF
4.0,2747,epithelial_like
4.0,2748,MEF
4.0,2749,MEF
4.0,2750,MEF
4.0,2751,epithelial_like
4.0,2752,epithelial_like
4.0,2753,epithelial_like
4.0,2754,MEF
4.0,2755,MEF
4.0,2756,epithelial_like
4.0,2757,MEF
4.0,2758,iPSC
4.0,2759,epithelial_like
4.0,2760,epithelial_like
4.0,2761,epithelial_like
4.0,2762,epithelial_like
4.0,2763,intermediate_plastic
4.0,2764,intermediate_plastic
4.0,2765,epithelial_like
4.0,2766,intermediate_plastic
4.0,2767,iPSC
4.0,2768,iPSC
4.0,2769,epithelial_like
4.0,2770,epithelial_like
4.0,2771,MEF
4.0,2772,MEF
4.0,2773,epithelial_like
4.0,2774,iPSC
4.0,2775,MEF
4.0,2776,MEF
4.0,2777,epithelial_like
4.0,2778,epithelial_like
4.0,2779,epithelial_like
4.0,2780,MEF
4.0,2781,MEF
4.0,2782,epithelial_like
4.0,2783,MEF
4.0,2784,epithelial_like
4.0,2785,iPSC
4.0,2786,epithelial_like
4.0,2787,epithelial_like
4.0,2788,epithelial_like
4.0,2789,epithelial_like
4.0,2790,epithelial_like
4.0,2791,epithelial_like
4.0,2792,epithelial_like
4.0,2793,epithelial_like
4.0,2794,epithelial_like
4.0,2795,epithelial_like
4.0,2796,epithelial_like
4.0,2797,epithelial_like
4.0,2798,epithelial_like
4.0,2799,iPSC
4.0,2800,epithelial_like
4.0,2801,MEF
4.0,2802,epithelial_like
4.0,2803,MEF
4.0,2804,epithelial_like
4.0,2805,MEF
4.0,2806,iPSC
4.0,2807,iPSC
4.0,2808,iPSC
4.0,2809,epithelial_like
4.0,2810,MEF
4.0,2811,epithelial_like
4.0,2812,epithelial_like
4.0,2813,epithelial_like
4.0,2814,intermediate_plastic
4.0,2815,MEF
4.0,2816,epithelial_like
4.0,2817,epithelial_like
4.0,2818,epithelial_like
4.0,2819,epithelial_like
4.0,2820,epithelial_like
4.0,2821,epithelial_like
4.0,2822,epithelial_like
4.0,2823,MEF
4.0,2824,MEF
4.0,2825,MEF
4.0,2826,MEF
4.0,2827,MEF
4.0,2828,MEF
4.0,2829,MEF
4.0,2830,intermediate_plastic
4.0,2831,intermediate_plastic
4.0,2832,intermediate_plastic
4.0,2833,epithelial_like
4.0,2834,MEF
4.0,2835,MEF
4.0,2836,MEF
4.0,2837,epithelial_like
4.0,2838,iPSC
4.0,2839,iPSC
4.0,2840,MEF
4.0,2841,MEF
4.0,2842,MEF
4.0,2843,epithelial_like
4.0,2844,epithelial_like
4.0,2845,iPSC
4.0,2846,iPSC
4.0,2847,MEF
4.0,2848,epithelial_like
4.0,2849,iPSC
4.0,2850,epithelial_like
4.0,2851,iPSC
4.0,2852,iPSC
4.0,2853,epithelial_like
4.0,2854,epithelial_like
4.0,2855,epithelial_like
4.0,2856,epithelial_like
4.0,2857,epithelial_like
4.0,2858,epithelial_like
4.0,2859,epithelial_like
4.0,2860,intermediate_plastic
4.0,2861,epithelial_like
4.0,2862,epithelial_like
4.0,2863,MEF
4.0,2864,epithelial_like
4.0,2865,MEF
4.0,2866,MEF
4.0,2867,epithelial_like
4.0,2868,epithelial_like
4.0,2869,MEF
4.0,2870,epithelial_like
4.0,2871,epithelial_like
4.0,2872,epithelial_like
4.0,2873,iPSC
4.0,2874,intermediate_plastic
4.0,2875,iPSC
4.0,2876,iPSC
4.0,2877,MEF
4.0,2878,epithelial_like
4.0,2879,epithelial_like
4.0,2880,MEF
4.0,2881,epithelial_like
4.0,2882,epithelial_like
4.0,2883,iPSC
4.0,2884,MEF
4.0,2885,epithelial_like
4.0,2886,epithelial_like
4.0,2887,epithelial_like
4.0,2888,epithelial_like
4.0,2889,intermediate_plastic
4.0,2890,epithelial_like
4.0,2891,MEF
4.0,2892,iPSC
4.0,2893,MEF
4.0,2894,MEF
4.0,2895,epithelial_like
4.0,2896,iPSC
4.0,2897,epithelial_like
4.0,2898,epithelial_like
4.0,2899,epithelial_like
4.0,2900,epithelial_like
4.0,2901,epithelial_like
4.0,2902,epithelial_like
4.0,2903,epithelial_like
4.0,2904,epithelial_like
4.0,2905,intermediate_plastic
4.0,2906,epithelial_like
4.0,2907,epithelial_like
4.0,2908,MEF
4.0,2909,iPSC
4.0,2910,MEF
4.0,2911,MEF
4.0,2912,epithelial_like
4.0,2913,epithelial_like
4.0,2914,epithelial_like
4.0,2915,epithelial_like
4.0,2916,MEF
4.0,2917,epithelial_like
4.0,2918,MEF
4.0,2919,MEF
4.0,2920,intermediate_plastic
4.0,2921,epithelial_like
4.0,2922,iPSC
4.0,2923,epithelial_like
4.0,2924,epithelial_like
4.0,2925,epithelial_like
4.0,2926,epithelial_like
4.0,2927,MEF
4.0,2928,epithelial_like
4.0,2929,MEF
4.0,2930,MEF
4.0,2931,MEF
4.0,2932,intermediate_plastic
4.0,2933,epithelial_like
4.0,2934,MEF
4.0,2935,epithelial_like
4.0,2936,epithelial_like
4.0,2937,epithelial_like
4.0,2938,epithelial_like
4.0,2939,epithelial_like
4.0,2940,epithelial_like
4.0,2941,intermediate_plastic
4.0,2942,epithelial_like
4.0,2943,iPSC
4.0,2944,epithelial_like
4.0,2945,epithelial_like
4.0,2946,epithelial_like
4.0,2947,epithelial_like
4.0,2948,MEF
4.0,2949,epithelial_like
4.0,2950,MEF
4.0,2951,iPSC
4.0,2952,epithelial_like
4.0,2953,MEF
4.0,2954,epithelial_like
4.0,2955,iPSC
4.0,2956,MEF
4.0,2957,epithelial_like
4.0,2958,epithelial_like
4.0,2959,epithelial_like
4.0,2960,epithelial_like
4.0,2961,epithelial_like
4.0,2962,epithelial_like
4.0,2963,MEF
4.0,2964,epithelial_like
4.0,2965,epithelial_like
4.0,2966,intermediate_plastic
4.0,2967,MEF
4.0,2968,epithelial_like
4.0,2969,epithelial_like
4.0,2970,MEF
4.0,2971,MEF
4.0,2972,epithelial_like
4.0,2973,epithelial_like
4.0,2974,epithelial_like
4.0,2975,MEF
4.0,2976,epithelial_like
4.0,2977,epithelial_like
4.0,2978,epithelial_like
4.0,2979,epithelial_like
4.0,2980,epithelial_like
4.0,2981,iPSC
4.0,2982,iPSC
4.0,2983,MEF
4.0,2984,MEF
4.0,2985,epithelial_like
4.0,2986,iPSC
4.0,2987,epithelial_like
4.0,2988,iPSC
4.0,2989,intermediate_plastic
4.0,2990,MEF
4.0,2991,epithelial_like
4.0,2992,MEF
4.0,2993,MEF
4.0,2994,epithelial_like
4.0,2995,MEF
4.0,2996,epithelial_like
4.0,2997,epithelial_like
4.0,2998,MEF
4.0,2999,epithelial_like
4.0,3000,MEF
4.0,3001,iPSC
4.0,3002,epithelial_like
4.0,3003,iPSC
4.0,3004,iPSC
4.0,3005,iPSC
4.0,3006,iPSC
4.0,3007,MEF
4.0,3008,epithelial_like
4.0,3009,epithelial_like
4.0,3010,intermediate_plastic
4.0,3011,MEF
4.0,3012,intermediate_plastic
4.0,3013,epithelial_like
4.0,3014,epithelial_like
4.0,3015,epithelial_like
4.0,3016,iPSC
4.0,3017,iPSC
4.0,3018,epithelial_like
4.0,3019,epithelial_like
4.0,3020,epithelial_like
4.0,3021,intermediate_plastic
4.0,3022,epithelial_like
4.0,3023,epithelial_like
4.0,3024,iPSC
4.0,3025,epithelial_like
4.0,3026,iPSC
4.0,3027,iPSC
4.0,3028,MEF
4.0,3029,epithelial_like
4.0,3030,epithelial_like
4.0,3031,epithelial_like
4.0,3032,epithelial_like
4.0,3033,epithelial_like
4.0,3034,epithelial_like
4.0,3035,MEF
4.0,3036,iPSC
4.0,3037,iPSC
4.0,3038,iPSC
4.0,3039,epithelial_like
4.0,3040,epithelial_like
4.0,3041,MEF
4.0,3042,intermediate_plastic
4.0,3043,epithelial_like
4.0,3044,MEF
4.0,3045,MEF
4.0,3046,epithelial_like
4.0,3047,epithelial_like
4.0,3048,epithelial_like
4.0,3049,epithelial_like
4.0,3050,MEF
4.0,3051,epithelial_like
4.0,3052,epithelial_like
4.0,3053,MEF
4.0,3054,MEF
4.0,3055,intermediate_plastic
4.0,3056,epithelial_like
4.0,3057,MEF
4.0,3058,iPSC
4.0,3059,MEF
4.0,3060,epithelial_like
4.0,3061,intermediate_plastic
4.0,3062,epithelial_like
4.0,3063,epithelial_like
4.0,3064,epithelial_like
4.0,3065,iPSC
4.0,3066,MEF
4.0,3067,MEF
4.0,3068,epithelial_like
4.0,3069,MEF
4.0,3070,epithelial_like
4.0,3071,iPSC
4.0,3072,iPSC
4.0,3073,MEF
4.0,3074,epithelial_like
4.0,3075,epithelial_like
4.0,3076,epithelial_like
4.0,3077,epithelial_like
4.0,3078,iPSC
4.0,3079,epithelial_like
4.0,3080,MEF
4.0,3081,MEF
4.0,3082,MEF
4.0,3083,MEF
4.0,3084,epithelial_like
4.0,3085,epithelial_like
4.0,3086,epithelial_like
4.0,3087,MEF
4.0,3088,epithelial_like
4.0,3089,intermediate_plastic
4.0,3090,epithelial_like
4.0,3091,epithelial_like
4.0,3092,epithelial_like
4.0,3093,MEF
4.0,3094,epithelial_like
4.0,3095,MEF
4.0,3096,epithelial_like
4.0,3097,epithelial_like
4.0,3098,epithelial_like
4.0,3099,epithelial_like
4.0,3100,MEF
4.0,3101,epithelial_like
4.0,3102,MEF
4.0,3103,MEF
4.0,3104,iPSC
4.0,3105,intermediate_plastic
4.0,3106,epithelial_like
4.0,3107,MEF
4.0,3108,epithelial_like
4.0,3109,epithelial_like
4.0,3110,epithelial_like
4.0,3111,intermediate_plastic
4.0,3112,intermediate_plastic
4.0,3113,epithelial_like
4.0,3114,MEF
4.0,3115,epithelial_like
4.0,3116,epithelial_like
4.0,3117,epithelial_like
4.0,3118,epithelial_like
4.0,3119,epithelial_like
4.0,3120,iPSC
4.0,3121,MEF
4.0,3122,iPSC
4.0,3123,MEF
4.0,3124,iPSC
4.0,3125,epithelial_like
4.0,3126,iPSC
4.0,3127,MEF
4.0,3128,intermediate_plastic
4.0,3129,MEF
4.0,3130,MEF
4.0,3131,MEF
4.0,3132,epithelial_like
4.0,3133,epithelial_like
4.0,3134,epithelial_like
4.0,3135,iPSC
4.0,3136,intermediate_plastic
4.0,3137,epithelial_like
4.0,3138,epithelial_like
4.0,3139,epithelial_like
4.0,3140,MEF
4.0,3141,epithelial_like
4.0,3142,MEF
4.0,3143,MEF
4.0,3144,iPSC
4.0,3145,intermediate_plastic
4.0,3146,epithelial_like
4.0,3147,epithelial_like
4.0,3148,epithelial_like
4.0,3149,MEF
4.0,3150,MEF
4.0,3151,epithelial_like
4.0,3152,epithelial_like
4.0,3153,epithelial_like
4.0,3154,epithelial_like
4.0,3155,epithelial_like
4.0,3156,iPSC
4.0,3157,epithelial_like
4.0,3158,epithelial_like
4.0,3159,MEF
4.0,3160,iPSC
4.0,3161,iPSC
4.0,3162,epithelial_like
4.0,3163,epithelial_like
4.0,3164,MEF
4.0,3165,MEF
4.0,3166,iPSC
4.0,3167,epithelial_like
4.0,3168,MEF
4.0,3169,epithelial_like
4.0,3170,epithelial_like
4.0,3171,MEF
4.0,3172,epithelial_like
4.0,3173,iPSC
4.0,3174,iPSC
4.0,3175,iPSC
4.0,3176,MEF
4.0,3177,MEF
4.0,3178,MEF
4.0,3179,MEF
4.0,3180,iPSC
4.0,3181,iPSC
4.0,3182,epithelial_like
4.0,3183,epithelial_like
4.0,3184,MEF
4.0,3185,iPSC
4.0,3186,epithelial_like
4.0,3187,iPSC
4.0,3188,epithelial_like
4.0,3189,epithelial_like
4.0,3190,MEF
4.0,3191,epithelial_like
4.0,3192,intermediate_plastic
4.0,3193,epithelial_like
4.0,3194,MEF
4.0,3195,iPSC
4.0,3196,iPSC
4.0,3197,epithelial_like
4.0,3198,epithelial_like
4.0,3199,epithelial_like
4.0,3200,epithelial_like
4.0,3201,epithelial_like
4.0,3202,epithelial_like
4.0,3203,epithelial_like
4.0,3204,epithelial_like
4.0,3205,intermediate_plastic
4.0,3206,epithelial_like
4.0,3207,intermediate_plastic
4.0,3208,MEF
4.0,3209,epithelial_like
4.0,3210,MEF
4.0,3211,MEF
4.0,3212,epithelial_like
4.0,3213,epithelial_like
4.0,3214,MEF
4.0,3215,MEF
4.0,3216,epithelial_like
4.0,3217,MEF
4.0,3218,MEF
4.0,3219,iPSC
4.0,3220,epithelial_like
4.0,3221,epithelial_like
4.0,3222,epithelial_like
4.0,3223,epithelial_like
4.0,3224,epithelial_like
4.0,3225,MEF
4.0,3226,MEF
4.0,3227,epithelial_like
4.0,3228,epithelial_like
4.0,3229,epithelial_like
4.0,3230,MEF
4.0,3231,iPSC
4.0,3232,MEF
4.0,3233,epithelial_like
4.0,3234,MEF
4.0,3235,epithelial_like
4.0,3236,epithelial_like
4.0,3237,iPSC
4.0,3238,epithelial_like
4.0,3239,epithelial_like
4.0,3240,iPSC
4.0,3241,iPSC
4.0,3242,epithelial_like
4.0,3243,epithelial_like
4.0,3244,MEF
4.0,3245,epithelial_like
4.0,3246,epithelial_like
4.0,3247,epithelial_like
4.0,3248,epithelial_like
4.0,3249,epithelial_like
4.0,3250,epithelial_like
4.0,3251,epithelial_like
4.0,3252,MEF
4.0,3253,epithelial_like
4.0,3254,epithelial_like
4.0,3255,epithelial_like
4.0,3256,iPSC
4.0,3257,iPSC
4.0,3258,MEF
4.0,3259,epithelial_like
4.0,3260,epithelial_like
4.0,3261,MEF
4.0,3262,epithelial_like
4.0,3263,epithelial_like
4.0,3264,MEF
4.0,3265,MEF
4.0,3266,iPSC
4.0,3267,epithelial_like
4.0,3268,epithelial_like
4.0,3269,intermediate_plastic
4.0,3270,epithelial_like
4.0,3271,epithelial_like
4.0,3272,MEF
4.0,3273,MEF
4.0,3274,MEF
4.0,3275,iPSC
4.0,3276,iPSC
4.0,3277,iPSC
4.0,3278,epithelial_like
4.0,3279,intermediate_plastic
4.0,3280,MEF
4.0,3281,MEF
4.0,3282,epithelial_like
4.0,3283,iPSC
4.0,3284,epithelial_like
4.0,3285,MEF
4.0,3286,epithelial_like
4.0,3287,epithelial_like
4.0,3288,iPSC
4.0,3289,MEF
4.0,3290,epithelial_like
4.0,3291,epithelial_like
4.0,3292,epithelial_like
4.0,3293,iPSC
4.0,3294,MEF
4.0,3295,epithelial_like
4.0,3296,MEF
4.0,3297,MEF
4.0,3298,epithelial_like
4.0,3299,epithelial_like
4.0,3300,epithelial_like
4.0,3301,iPSC
4.0,3302,iPSC
4.0,3303,MEF
4.0,3304,MEF
4.0,3305,epithelial_like
4.0,3306,iPSC
4.0,3307,epithelial_like
4.0,3308,epithelial_like
4.0,3309,epithelial_like
4.0,3310,epithelial_like
4.0,3311,epithelial_like
4.0,3312,MEF
4.0,3313,MEF
4.0,3314,epithelial_like
4.0,3315,epithelial_like
4.0,3316,MEF
4.0,3317,intermediate_plastic
4.0,3318,epithelial_like
4.0,3319,MEF
4.0,3320,MEF
4.0,3321,MEF
4.0,3322,epithelial_like
4.0,3323,epithelial_like
4.0,3324,epithelial_like
4.0,3325,epithelial_like
4.0,3326,epithelial_like
4.0,3327,epithelial_like
4.0,3328,epithelial_like
4.0,3329,MEF
4.0,3330,epithelial_like
4.0,3331,iPSC
4.0,3332,MEF
4.0,3333,epithelial_like
4.0,3334,epithelial_like
4.0,3335,epithelial_like
4.0,3336,MEF
4.0,3337,epithelial_like
4.0,3338,epithelial_like
4.0,3339,epithelial_like
4.0,3340,epithelial_like
4.0,3341,epithelial_like
4.0,3342,iPSC
4.0,3343,MEF
4.0,3344,epithelial_like
4.0,3345,epithelial_like
4.0,3346,epithelial_like
4.0,3347,epithelial_like
4.0,3348,intermediate_plastic
4.0,3349,epithelial_like
4.0,3350,epithelial_like
4.0,3351,MEF
4.0,3352,MEF
4.0,3353,MEF
4.0,3354,epithelial_like
4.0,3355,MEF
4.0,3356,MEF
4.0,3357,MEF
4.0,3358,MEF
4.0,3359,iPSC
4.0,3360,MEF
4.0,3361,MEF
4.0,3362,epithelial_like
4.0,3363,epithelial_like
4.0,3364,epithelial_like
4.0,3365,epithelial_like
4.0,3366,epithelial_like
4.0,3367,MEF
4.0,3368,epithelial_like
4.0,3369,MEF
4.0,3370,MEF
4.0,3371,epithelial_like
4.0,3372,MEF
4.0,3373,epithelial_like
4.0,3374,epithelial_like
4.0,3375,iPSC
4.0,3376,epithelial_like
4.0,3377,epithelial_like
4.0,3378,MEF
4.0,3379,MEF
4.0,3380,epithelial_like
4.0,3381,epithelial_like
4.0,3382,epithelial_like
4.0,3383,iPSC
4.0,3384,iPSC
4.0,3385,iPSC
4.0,3386,iPSC
4.0,3387,epithelial_like
4.0,3388,epithelial_like
4.0,3389,iPSC
4.0,3390,MEF
4.0,3391,epithelial_like
4.0,3392,epithelial_like
4.0,3393,epithelial_like
4.0,3394,MEF
4.0,3395,MEF
4.0,3396,MEF
4.0,3397,epithelial_like
4.0,3398,epithelial_like
4.0,3399,intermediate_plastic
4.0,3400,epithelial_like
4.0,3401,MEF
4.0,3402,epithelial_like
4.0,3403,epithelial_like
4.0,3404,epithelial_like
4.0,3405,iPSC
4.0,3406,iPSC
4.0,3407,iPSC
4.0,3408,iPSC
4.0,3409,MEF
4.0,3410,MEF
4.0,3411,iPSC
4.0,3412,iPSC
4.0,3413,MEF
4.0,3414,MEF
4.0,3415,iPSC
4.0,3416,iPSC
4.0,3417,iPSC
4.0,3418,MEF
4.0,3419,epithelial_like
4.0,3420,epithelial_like
4.0,3421,epithelial_like
4.0,3422,epithelial_like
4.0,3423,epithelial_like
4.0,3424,epithelial_like
4.0,3425,MEF
4.0,3426,epithelial_like
4.0,3427,epithelial_like
4.0,3428,epithelial_like
4.0,3429,epithelial_like
4.0,3430,MEF
4.0,3431,MEF
4.0,3432,epithelial_like
4.0,3433,intermediate_plastic
4.0,3434,MEF
4.0,3435,MEF
4.0,3436,iPSC
4.0,3437,epithelial_like
4.0,3438,MEF
4.0,3439,MEF
4.0,3440,epithelial_like
4.0,3441,epithelial_like
4.0,3442,MEF
4.0,3443,epithelial_like
4.0,3444,epithelial_like
4.0,3445,MEF
4.0,3446,epithelial_like
4.0,3447,iPSC
4.0,3448,iPSC
4.0,3449,MEF
4.0,3450,epithelial_like
4.0,3451,epithelial_like
4.0,3452,epithelial_like
4.0,3453,epithelial_like
4.0,3454,epithelial_like
4.0,3455,epithelial_like
4.0,3456,epithelial_like
4.0,3457,epithelial_like
4.0,3458,intermediate_plastic
4.0,3459,epithelial_like
4.0,3460,epithelial_like
4.0,3461,epithelial_like
4.0,3462,epithelial_like
4.0,3463,epithelial_like
4.0,3464,epithelial_like
4.0,3465,epithelial_like
4.0,3466,MEF
4.0,3467,epithelial_like
4.0,3468,iPSC
4.0,3469,MEF
4.0,3470,epithelial_like
4.0,3471,MEF
4.0,3472,iPSC
4.0,3473,epithelial_like
4.0,3474,MEF
4.0,3475,MEF
4.0,3476,iPSC
4.0,3477,MEF
4.0,3478,iPSC
4.0,3479,epithelial_like
4.0,3480,MEF
4.0,3481,epithelial_like
4.0,3482,epithelial_like
4.0,3483,MEF
4.0,3484,MEF
4.0,3485,epithelial_like
4.0,3486,epithelial_like
4.0,3487,epithelial_like
4.0,3488,iPSC
4.0,3489,MEF
4.0,3490,iPSC
4.0,3491,iPSC
4.0,3492,epithelial_like
4.0,3493,MEF
4.0,3494,MEF
4.0,3495,epithelial_like
4.0,3496,iPSC
4.0,3497,iPSC
4.0,3498,iPSC
4.0,3499,iPSC
4.0,3500,iPSC
4.0,3501,epithelial_like
4.0,3502,MEF
4.0,3503,iPSC
4.0,3504,MEF
4.0,3505,epithelial_like
4.0,3506,iPSC
4.0,3507,MEF
4.0,3508,iPSC
4.0,3509,epithelial_like
4.0,3510,epithelial_like
4.0,3511,epithelial_like
4.0,3512,iPSC
4.0,3513,epithelial_like
4.0,3514,epithelial_like
4.0,3515,epithelial_like
4.0,3516,iPSC
4.0,3517,epithelial_like
4.0,3518,epithelial_like
4.0,3519,MEF
4.0,3520,MEF
4.0,3521,iPSC
4.0,3522,MEF
4.0,3523,iPSC
4.0,3524,MEF
4.0,3525,epithelial_like
4.0,3526,MEF
4.0,3527,epithelial_like
4.0,3528,MEF
4.0,3529,iPSC
4.0,3530,intermediate_plastic
4.0,3531,MEF
4.0,3532,iPSC
4.0,3533,epithelial_like
4.0,3534,epithelial_like
4.0,3535,iPSC
4.0,3536,iPSC
4.0,3537,epithelial_like
4.0,3538,iPSC
4.0,3539,MEF
4.0,3540,MEF
4.0,3541,iPSC
4.0,3542,MEF
4.0,3543,MEF
4.0,3544,MEF
4.0,3545,MEF
4.0,3546,epithelial_like
4.0,3547,epithelial_like
4.0,3548,intermediate_plastic
4.0,3549,MEF
4.0,3550,MEF
4.0,3551,epithelial_like
4.0,3552,iPSC
4.0,3553,MEF
4.0,3554,MEF
4.0,3555,epithelial_like
4.0,3556,MEF
4.0,3557,epithelial_like
4.0,3558,epithelial_like
4.0,3559,MEF
4.0,3560,epithelial_like
4.0,3561,MEF
4.0,3562,MEF
4.0,3563,MEF
4.0,3564,MEF
4.0,3565,MEF
4.0,3566,MEF
4.0,3567,epithelial_like
4.0,3568,epithelial_like
4.0,3569,epithelial_like
4.0,3570,epithelial_like
4.0,3571,epithelial_like
4.0,3572,epithelial_like
4.0,3573,epithelial_like
4.0,3574,MEF
4.0,3575,epithelial_like
4.0,3576,MEF
4.0,3577,intermediate_plastic
4.0,3578,MEF
4.0,3579,iPSC
4.0,3580,epithelial_like
4.0,3581,epithelial_like
4.0,3582,MEF
4.0,3583,epithelial_like
4.0,3584,MEF
4.0,3585,iPSC
4.0,3586,epithelial_like
4.0,3587,epithelial_like
4.0,3588,iPSC
4.0,3589,iPSC
4.0,3590,iPSC
4.0,3591,iPSC
4.0,3592,MEF
4.0,3593,MEF
4.0,3594,MEF
4.0,3595,MEF
4.0,3596,MEF
4.0,3597,epithelial_like
4.0,3598,epithelial_like
4.0,3599,epithelial_like
4.0,3600,epithelial_like
4.0,3601,MEF
4.0,3602,MEF
4.0,3603,iPSC
4.0,3604,iPSC
4.0,3605,MEF
4.0,3606,MEF
4.0,3607,epithelial_like
4.0,3608,iPSC
4.0,3609,epithelial_like
4.0,3610,MEF
4.0,3611,epithelial_like
4.0,3612,epithelial_like
4.0,3613,intermediate_plastic
4.0,3614,epithelial_like
4.0,3615,MEF
4.0,3616,epithelial_like
4.0,3617,epithelial_like
4.0,3618,MEF
4.0,3619,MEF
4.0,3620,MEF
4.0,3621,epithelial_like
4.0,3622,iPSC
4.0,3623,iPSC
4.0,3624,MEF
4.0,3625,MEF
4.0,3626,epithelial_like
4.0,3627,iPSC
4.0,3628,MEF
4.0,3629,epithelial_like
4.0,3630,epithelial_like
4.0,3631,epithelial_like
4.0,3632,MEF
4.0,3633,MEF
4.0,3634,epithelial_like
4.0,3635,epithelial_like
4.0,3636,epithelial_like
4.0,3637,epithelial_like
4.0,3638,MEF
4.0,3639,MEF
4.0,3640,epithelial_like
4.0,3641,intermediate_plastic
4.0,3642,iPSC
4.0,3643,MEF
4.0,3644,epithelial_like
4.0,3645,iPSC
4.0,3646,epithelial_like
4.0,3647,epithelial_like
4.0,3648,epithelial_like
4.0,3649,epithelial_like
4.0,3650,epithelial_like
4.0,3651,MEF
4.0,3652,intermediate_plastic
4.0,3653,epithelial_like
4.0,3654,MEF
4.0,3655,epithelial_like
4.0,3656,MEF
4.0,3657,MEF
4.0,3658,epithelial_like
4.0,3659,MEF
4.0,3660,intermediate_plastic
4.0,3661,epithelial_like
4.0,3662,epithelial_like
4.0,3663,iPSC
4.0,3664,iPSC
4.0,3665,iPSC
4.0,3666,MEF
4.0,3667,iPSC
4.0,3668,MEF
4.0,3669,epithelial_like
4.0,3670,MEF
4.0,3671,iPSC
4.0,3672,iPSC
4.0,3673,epithelial_like
4.0,3674,MEF
4.0,3675,epithelial_like
4.0,3676,epithelial_like
4.0,3677,epithelial_like
4.0,3678,MEF
4.0,3679,epithelial_like
4.0,3680,epithelial_like
4.0,3681,epithelial_like
4.0,3682,epithelial_like
4.0,3683,MEF
4.0,3684,iPSC
4.0,3685,epithelial_like
4.0,3686,MEF
4.0,3687,epithelial_like
4.0,3688,MEF
4.0,3689,intermediate_plastic
4.0,3690,MEF
4.0,3691,epithelial_like
4.0,3692,intermediate_plastic
4.0,3693,epithelial_like
4.0,3694,epithelial_like
4.0,3695,MEF
4.0,3696,MEF
4.0,3697,iPSC
4.0,3698,epithelial_like
4.0,3699,iPSC
4.0,3700,MEF
4.0,3701,iPSC
4.0,3702,epithelial_like
4.0,3703,MEF
4.0,3704,epithelial_like
4.0,3705,MEF
4.0,3706,epithelial_like
4.0,3707,MEF
4.0,3708,epithelial_like
4.0,3709,epithelial_like
4.0,3710,epithelial_like
4.0,3711,epithelial_like
4.0,3712,iPSC
4.0,3713,MEF
4.0,3714,epithelial_like
4.0,3715,iPSC
4.0,3716,iPSC
4.0,3717,MEF
4.0,3718,MEF
4.0,3719,epithelial_like
4.0,3720,epithelial_like
4.0,3721,MEF
4.0,3722,epithelial_like
4.0,3723,epithelial_like
4.0,3724,MEF
4.0,3725,iPSC
4.0,3726,iPSC
4.0,3727,MEF
4.0,3728,MEF
4.0,3729,MEF
4.0,3730,epithelial_like
4.0,3731,epithelial_like
4.0,3732,epithelial_like
4.0,3733,epithelial_like
4.0,3734,iPSC
4.0,3735,epithelial_like
4.0,3736,epithelial_like
4.0,3737,iPSC
4.0,3738,iPSC
4.0,3739,iPSC
4.0,3740,epithelial_like
4.0,3741,iPSC
4.0,3742,iPSC
4.0,3743,intermediate_plastic
4.0,3744,epithelial_like
4.0,3745,epithelial_like
4.0,3746,epithelial_like
4.0,3747,epithelial_like
4.0,3748,iPSC
4.0,3749,iPSC
4.0,3750,intermediate_plastic
4.0,3751,intermediate_plastic
4.0,3752,MEF
4.0,3753,epithelial_like
4.0,3754,MEF
4.0,3755,MEF
4.0,3756,epithelial_like
4.0,3757,MEF
4.0,3758,epithelial_like
4.0,3759,MEF
4.0,3760,iPSC
4.0,3761,MEF
4.0,3762,epithelial_like
4.0,3763,iPSC
4.0,3764,MEF
4.0,3765,epithelial_like
4.0,3766,epithelial_like
4.0,3767,epithelial_like
4.0,3768,MEF
4.0,3769,iPSC
4.0,3770,iPSC
4.0,3771,iPSC
4.0,3772,iPSC
4.0,3773,MEF
4.0,3774,MEF
4.0,3775,epithelial_like
4.0,3776,epithelial_like
4.0,3777,iPSC
4.0,3778,epithelial_like
4.0,3779,MEF
4.0,3780,epithelial_like
4.0,3781,epithelial_like
4.0,3782,epithelial_like
4.0,3783,epithelial_like
4.0,3784,epithelial_like
4.0,3785,epithelial_like
4.0,3786,iPSC
4.0,3787,iPSC
4.0,3788,MEF
4.0,3789,MEF
4.0,3790,epithelial_like
4.0,3791,epithelial_like
4.0,3792,epithelial_like
4.0,3793,epithelial_like
4.0,3794,epithelial_like
4.0,3795,epithelial_like
4.0,3796,iPSC
4.0,3797,epithelial_like
4.0,3798,epithelial_like
4.0,3799,intermediate_plastic
4.0,3800,MEF
4.0,3801,epithelial_like
4.0,3802,epithelial_like
4.0,3803,intermediate_plastic
4.0,3804,epithelial_like
4.0,3805,epithelial_like
4.0,3806,MEF
4.0,3807,MEF
4.0,3808,MEF
4.0,3809,MEF
4.0,3810,epithelial_like
4.0,3811,epithelial_like
4.0,3812,epithelial_like
4.0,3813,epithelial_like
4.0,3814,epithelial_like
4.0,3815,epithelial_like
4.0,3816,epithelial_like
4.0,3817,iPSC
4.0,3818,MEF
4.0,3819,epithelial_like
4.0,3820,iPSC
4.0,3821,epithelial_like
4.0,3822,MEF
4.0,3823,epithelial_like
4.0,3824,iPSC
4.0,3825,epithelial_like
4.0,3826,epithelial_like
4.0,3827,epithelial_like
4.0,3828,MEF
4.0,3829,epithelial_like
4.0,3830,MEF
4.0,3831,MEF
4.0,3832,epithelial_like
4.0,3833,iPSC
4.0,3834,iPSC
4.0,3835,epithelial_like
4.0,3836,MEF
4.0,3837,intermediate_plastic
4.0,3838,MEF
4.0,3839,epithelial_like
4.0,3840,epithelial_like
4.0,3841,iPSC
4.0,3842,epithelial_like
4.0,3843,epithelial_like
4.0,3844,iPSC
4.0,3845,MEF
4.0,3846,MEF
4.0,3847,MEF
4.0,3848,iPSC
4.0,3849,MEF
4.0,3850,MEF
4.0,3851,epithelial_like
4.0,3852,epithelial_like
4.0,3853,epithelial_like
4.0,3854,epithelial_like
4.0,3855,epithelial_like
4.0,3856,iPSC
4.0,3857,MEF
4.0,3858,epithelial_like
4.0,3859,epithelial_like
4.0,3860,MEF
4.0,3861,iPSC
4.0,3862,epithelial_like
4.0,3863,epithelial_like
4.0,3864,epithelial_like
4.0,3865,epithelial_like
4.0,3866,epithelial_like
4.0,3867,intermediate_plastic
4.0,3868,epithelial_like
4.0,3869,epithelial_like
4.0,3870,epithelial_like
4.0,3871,epithelial_like
4.0,3872,iPSC
4.0,3873,MEF
4.0,3874,MEF
4.0,3875,epithelial_like
4.0,3876,MEF
4.0,3877,MEF
4.0,3878,epithelial_like
4.0,3879,epithelial_like
4.0,3880,MEF
4.0,3881,MEF
4.0,3882,epithelial_like
4.0,3883,MEF
4.0,3884,epithelial_like
4.0,3885,epithelial_like
4.0,3886,epithelial_like
4.0,3887,MEF
4.0,3888,epithelial_like
4.0,3889,MEF
4.0,3890,MEF
4.0,3891,epithelial_like
4.0,3892,epithelial_like
4.0,3893,epithelial_like
4.0,3894,iPSC
4.0,3895,MEF
4.0,3896,iPSC
4.0,3897,epithelial_like
4.0,3898,epithelial_like
4.0,3899,epithelial_like
4.0,3900,epithelial_like
4.0,3901,epithelial_like
4.0,3902,MEF
4.0,3903,MEF
4.0,3904,intermediate_plastic
4.0,3905,epithelial_like
4.0,3906,iPSC
4.0,3907,epithelial_like
4.0,3908,MEF
4.0,3909,intermediate_plastic
4.0,3910,epithelial_like
4.0,3911,epithelial_like
4.0,3912,epithelial_like
4.0,3913,MEF
4.0,3914,MEF
4.0,3915,iPSC
4.0,3916,MEF
4.0,3917,iPSC
4.0,3918,MEF
4.0,3919,iPSC
4.0,3920,epithelial_like
4.0,3921,epithelial_like
4.0,3922,MEF
4.0,3923,intermediate_plastic
4.0,3924,epithelial_like
4.0,3925,intermediate_plastic
4.0,3926,MEF
4.0,3927,MEF
4.0,3928,iPSC
4.0,3929,epithelial_like
4.0,3930,epithelial_like
4.0,3931,epithelial_like
4.0,3932,MEF
4.0,3933,MEF
4.0,3934,epithelial_like
4.0,3935,epithelial_like
4.0,3936,epithelial_like
4.0,3937,epithelial_like
4.0,3938,epithelial_like
4.0,3939,epithelial_like
4.0,3940,iPSC
4.0,3941,epithelial_like
4.0,3942,iPSC
4.0,3943,iPSC
4.0,3944,MEF
4.0,3945,epithelial_like
4.0,3946,epithelial_like
4.0,3947,MEF
4.0,3948,epithelial_like
4.0,3949,epithelial_like
4.0,3950,epithelial_like
4.0,3951,epithelial_like
4.0,3952,epithelial_like
4.0,3953,iPSC
4.0,3954,epithelial_like
4.0,3955,epithelial_like
4.0,3956,epithelial_like
4.0,3957,epithelial_like
4.0,3958,epithelial_like
4.0,3959,epithelial_like
4.0,3960,MEF
4.0,3961,iPSC
4.0,3962,epithelial_like
4.0,3963,epithelial_like
4.0,3964,epithelial_like
4.0,3965,epithelial_like
4.0,3966,intermediate_plastic
4.0,3967,MEF
4.0,3968,epithelial_like
4.0,3969,intermediate_plastic
4.0,3970,iPSC
4.0,3971,epithelial_like
4.0,3972,epithelial_like
4.0,3973,epithelial_like
4.0,3974,MEF
4.0,3975,epithelial_like
4.0,3976,iPSC
4.0,3977,iPSC
4.0,3978,iPSC
4.0,3979,epithelial_like
4.0,3980,MEF
4.0,3981,intermediate_plastic
4.0,3982,epithelial_like
4.0,3983,intermediate_plastic
4.0,3984,MEF
4.0,3985,epithelial_like
4.0,3986,iPSC
4.0,3987,iPSC
4.0,3988,epithelial_like
4.0,3989,epithelial_like
4.0,3990,epithelial_like
4.0,3991,iPSC
4.0,3992,MEF
4.0,3993,MEF
4.0,3994,iPSC
4.0,3995,epithelial_like
4.0,3996,epithelial_like
4.0,3997,epithelial_like
4.0,3998,epithelial_like
4.0,3999,epithelial_like
8.0,4000,iPSC
8.0,4001,epithelial_like
8.0,4002,iPSC
8.0,4003,iPSC
8.0,4004,iPSC
8.0,4005,iPSC
8.0,4006,intermediate_plastic
8.0,4007,epithelial_like
8.0,4008,iPSC
8.0,4009,iPSC
8.0,4010,epithelial_like
8.0,4011,epithelial_like
8.0,4012,iPSC
8.0,4013,epithelial_like
8.0,4014,iPSC
8.0,4015,iPSC
8.0,4016,iPSC
8.0,4017,iPSC
8.0,4018,iPSC
8.0,4019,epithelial_like
8.0,4020,epithelial_like
8.0,4021,iPSC
8.0,4022,iPSC
8.0,4023,epithelial_like
8.0,4024,epithelial_like
8.0,4025,epithelial_like
8.0,4026,intermediate_plastic
8.0,4027,iPSC
8.0,4028,epithelial_like
8.0,4029,epithelial_like
8.0,4030,epithelial_like
8.0,4031,MEF
8.0,4032,epithelial_like
8.0,4033,epithelial_like
8.0,4034,MEF
8.0,4035,epithelial_like
8.0,4036,intermediate_plastic
8.0,4037,epithelial_like
8.0,4038,iPSC
8.0,4039,iPSC
8.0,4040,epithelial_like
8.0,4041,iPSC
8.0,4042,epithelial_like
8.0,4043,MEF
8.0,4044,epithelial_like
8.0,4045,epithelial_like
8.0,4046,iPSC
8.0,4047,iPSC
8.0,4048,intermediate_plastic
8.0,4049,epithelial_like
8.0,4050,epithelial_like
8.0,4051,iPSC
8.0,4052,intermediate_plastic
8.0,4053,epithelial_like
8.0,4054,epithelial_like
8.0,4055,epithelial_like
8.0,4056,epithelial_like
8.0,4057,epithelial_like
8.0,4058,epithelial_like
8.0,4059,iPSC
8.0,4060,epithelial_like
8.0,4061,iPSC
8.0,4062,epithelial_like
8.0,4063,epithelial_like
8.0,4064,iPSC
8.0,4065,iPSC
8.0,4066,intermediate_plastic
8.0,4067,epithelial_like
8.0,4068,iPSC
8.0,4069,intermediate_plastic
8.0,4070,iPSC
8.0,4071,epithelial_like
8.0,4072,epithelial_like
8.0,4073,epithelial_like
8.0,4074,epithelial_like
8.0,4075,epithelial_like
8.0,4076,epithelial_like
8.0,4077,epithelial_like
8.0,4078,iPSC
8.0,4079,iPSC
8.0,4080,epithelial_like
8.0,4081,epithelial_like
8.0,4082,intermediate_plastic
8.0,4083,iPSC
8.0,4084,intermediate_plastic
8.0,4085,epithelial_like
8.0,4086,iPSC
8.0,4087,epithelial_like
8.0,4088,iPSC
8.0,4089,intermediate_plastic
8.0,4090,epithelial_like
8.0,4091,epithelial_like
8.0,4092,iPSC
8.0,4093,iPSC
8.0,4094,epithelial_like
8.0,4095,iPSC
8.0,4096,MEF
8.0,4097,iPSC
8.0,4098,iPSC
8.0,4099,iPSC
8.0,4100,epithelial_like
8.0,4101,iPSC
8.0,4102,intermediate_plastic
8.0,4103,epithelial_like
8.0,4104,epithelial_like
8.0,4105,epithelial_like
8.0,4106,epithelial_like
8.0,4107,epithelial_like
8.0,4108,epithelial_like
8.0,4109,iPSC
8.0,4110,epithelial_like
8.0,4111,epithelial_like
8.0,4112,intermediate_plastic
8.0,4113,epithelial_like
8.0,4114,epithelial_like
8.0,4115,iPSC
8.0,4116,iPSC
8.0,4117,epithelial_like
8.0,4118,epithelial_like
8.0,4119,epithelial_like
8.0,4120,iPSC
8.0,4121,iPSC
8.0,4122,epithelial_like
8.0,4123,iPSC
8.0,4124,epithelial_like
8.0,4125,iPSC
8.0,4126,iPSC
8.0,4127,iPSC
8.0,4128,intermediate_plastic
8.0,4129,iPSC
8.0,4130,MEF
8.0,4131,epithelial_like
8.0,4132,iPSC
8.0,4133,intermediate_plastic
8.0,4134,iPSC
8.0,4135,iPSC
8.0,4136,intermediate_plastic
8.0,4137,epithelial_like
8.0,4138,epithelial_like
8.0,4139,iPSC
8.0,4140,epithelial_like
8.0,4141,epithelial_like
8.0,4142,iPSC
8.0,4143,epithelial_like
8.0,4144,epithelial_like
8.0,4145,iPSC
8.0,4146,epithelial_like
8.0,4147,epithelial_like
8.0,4148,intermediate_plastic
8.0,4149,iPSC
8.0,4150,iPSC
8.0,4151,iPSC
8.0,4152,intermediate_plastic
8.0,4153,epithelial_like
8.0,4154,epithelial_like
8.0,4155,iPSC
8.0,4156,intermediate_plastic
8.0,4157,iPSC
8.0,4158,iPSC
8.0,4159,epithelial_like
8.0,4160,iPSC
8.0,4161,epithelial_like
8.0,4162,epithelial_like
8.0,4163,epithelial_like
8.0,4164,iPSC
8.0,4165,iPSC
8.0,4166,epithelial_like
8.0,4167,intermediate_plastic
8.0,4168,epithelial_like
8.0,4169,iPSC
8.0,4170,iPSC
8.0,4171,iPSC
8.0,4172,MEF
8.0,4173,intermediate_plastic
8.0,4174,iPSC
8.0,4175,iPSC
8.0,4176,epithelial_like
8.0,4177,epithelial_like
8.0,4178,epithelial_like
8.0,4179,epithelial_like
8.0,4180,epithelial_like
8.0,4181,iPSC
8.0,4182,intermediate_plastic
8.0,4183,epithelial_like
8.0,4184,epithelial_like
8.0,4185,iPSC
8.0,4186,epithelial_like
8.0,4187,iPSC
8.0,4188,iPSC
8.0,4189,iPSC
8.0,4190,iPSC
8.0,4191,iPSC
8.0,4192,iPSC
8.0,4193,epithelial_like
8.0,4194,epithelial_like
8.0,4195,MEF
8.0,4196,MEF
8.0,4197,iPSC
8.0,4198,intermediate_plastic
8.0,4199,iPSC
8.0,4200,iPSC
8.0,4201,epithelial_like
8.0,4202,intermediate_plastic
8.0,4203,epithelial_like
8.0,4204,iPSC
8.0,4205,epithelial_like
8.0,4206,intermediate_plastic
8.0,4207,epithelial_like
8.0,4208,epithelial_like
8.0,4209,MEF
8.0,4210,iPSC
8.0,4211,epithelial_like
8.0,4212,epithelial_like
8.0,4213,epithelial_like
8.0,4214,epithelial_like
8.0,4215,iPSC
8.0,4216,epithelial_like
8.0,4217,iPSC
8.0,4218,iPSC
8.0,4219,iPSC
8.0,4220,iPSC
8.0,4221,epithelial_like
8.0,4222,iPSC
8.0,4223,iPSC
8.0,4224,iPSC
8.0,4225,iPSC
8.0,4226,iPSC
8.0,4227,iPSC
8.0,4228,iPSC
8.0,4229,epithelial_like
8.0,4230,epithelial_like
8.0,4231,epithelial_like
8.0,4232,epithelial_like
8.0,4233,epithelial_like
8.0,4234,intermediate_plastic
8.0,4235,iPSC
8.0,4236,iPSC
8.0,4237,iPSC
8.0,4238,iPSC
8.0,4239,iPSC
8.0,4240,epithelial_like
8.0,4241,epithelial_like
8.0,4242,iPSC
8.0,4243,MEF
8.0,4244,iPSC
8.0,4245,iPSC
8.0,4246,epithelial_like
8.0,4247,iPSC
8.0,4248,epithelial_like
8.0,4249,iPSC
8.0,4250,iPSC
8.0,4251,iPSC
8.0,4252,iPSC
8.0,4253,epithelial_like
8.0,4254,epithelial_like
8.0,4255,epithelial_like
8.0,4256,iPSC
8.0,4257,iPSC
8.0,4258,iPSC
8.0,4259,epithelial_like
8.0,4260,epithelial_like
8.0,4261,iPSC
8.0,4262,iPSC
8.0,4263,iPSC
8.0,4264,epithelial_like
8.0,4265,iPSC
8.0,4266,iPSC
8.0,4267,epithelial_like
8.0,4268,iPSC
8.0,4269,epithelial_like
8.0,4270,epithelial_like
8.0,4271,iPSC
8.0,4272,iPSC
8.0,4273,epithelial_like
8.0,4274,epithelial_like
8.0,4275,epithelial_like
8.0,4276,iPSC
8.0,4277,iPSC
8.0,4278,epithelial_like
8.0,4279,iPSC
8.0,4280,epithelial_like
8.0,4281,iPSC
8.0,4282,iPSC
8.0,4283,intermediate_plastic
8.0,4284,epithelial_like
8.0,4285,epithelial_like
8.0,4286,epithelial_like
8.0,4287,epithelial_like
8.0,4288,iPSC
8.0,4289,epithelial_like
8.0,4290,epithelial_like
8.0,4291,epithelial_like
8.0,4292,epithelial_like
8.0,4293,epithelial_like
8.0,4294,iPSC
8.0,4295,iPSC
8.0,4296,iPSC
8.0,4297,iPSC
8.0,4298,intermediate_plastic
8.0,4299,epithelial_like
8.0,4300,iPSC
8.0,4301,epithelial_like
8.0,4302,epithelial_like
8.0,4303,intermediate_plastic
8.0,4304,epithelial_like
8.0,4305,intermediate_plastic
8.0,4306,MEF
8.0,4307,iPSC
8.0,4308,iPSC
8.0,4309,epithelial_like
8.0,4310,iPSC
8.0,4311,iPSC
8.0,4312,epithelial_like
8.0,4313,iPSC
8.0,4314,epithelial_like
8.0,4315,iPSC
8.0,4316,epithelial_like
8.0,4317,epithelial_like
8.0,4318,epithelial_like
8.0,4319,epithelial_like
8.0,4320,epithelial_like
8.0,4321,epithelial_like
8.0,4322,epithelial_like
8.0,4323,epithelial_like
8.0,4324,epithelial_like
8.0,4325,epithelial_like
8.0,4326,iPSC
8.0,4327,iPSC
8.0,4328,iPSC
8.0,4329,intermediate_plastic
8.0,4330,intermediate_plastic
8.0,4331,iPSC
8.0,4332,epithelial_like
8.0,4333,epithelial_like
8.0,4334,intermediate_plastic
8.0,4335,iPSC
8.0,4336,epithelial_like
8.0,4337,epithelial_like
8.0,4338,MEF
8.0,4339,MEF
8.0,4340,epithelial_like
8.0,4341,epithelial_like
8.0,4342,iPSC
8.0,4343,epithelial_like
8.0,4344,iPSC
8.0,4345,iPSC
8.0,4346,iPSC
8.0,4347,epithelial_like
8.0,4348,epithelial_like
8.0,4349,epithelial_like
8.0,4350,epithelial_like
8.0,4351,epithelial_like
8.0,4352,intermediate_plastic
8.0,4353,epithelial_like
8.0,4354,epithelial_like
8.0,4355,MEF
8.0,4356,epithelial_like
8.0,4357,intermediate_plastic
8.0,4358,intermediate_plastic
8.0,4359,epithelial_like
8.0,4360,intermediate_plastic
8.0,4361,intermediate_plastic
8.0,4362,iPSC
8.0,4363,iPSC
8.0,4364,MEF
8.0,4365,iPSC
8.0,4366,epithelial_like
8.0,4367,iPSC
8.0,4368,iPSC
8.0,4369,intermediate_plastic
8.0,4370,iPSC
8.0,4371,epithelial_like
8.0,4372,MEF
8.0,4373,iPSC
8.0,4374,iPSC
8.0,4375,iPSC
8.0,4376,iPSC
8.0,4377,iPSC
8.0,4378,epithelial_like
8.0,4379,iPSC
8.0,4380,iPSC
8.0,4381,epithelial_like
8.0,4382,iPSC
8.0,4383,iPSC
8.0,4384,iPSC
8.0,4385,intermediate_plastic
8.0,4386,iPSC
8.0,4387,iPSC
8.0,4388,iPSC
8.0,4389,iPSC
8.0,4390,iPSC
8.0,4391,epithelial_like
8.0,4392,epithelial_like
8.0,4393,iPSC
8.0,4394,iPSC
8.0,4395,MEF
8.0,4396,epithelial_like
8.0,4397,epithelial_like
8.0,4398,iPSC
8.0,4399,iPSC
8.0,4400,epithelial_like
8.0,4401,iPSC
8.0,4402,epithelial_like
8.0,4403,iPSC
8.0,4404,iPSC
8.0,4405,iPSC
8.0,4406,iPSC
8.0,4407,epithelial_like
8.0,4408,iPSC
8.0,4409,intermediate_plastic
8.0,4410,epithelial_like
8.0,4411,epithelial_like
8.0,4412,intermediate_plastic
8.0,4413,iPSC
8.0,4414,epithelial_like
8.0,4415,iPSC
8.0,4416,epithelial_like
8.0,4417,epithelial_like
8.0,4418,iPSC
8.0,4419,epithelial_like
8.0,4420,iPSC
8.0,4421,epithelial_like
8.0,4422,epithelial_like
8.0,4423,iPSC
8.0,4424,iPSC
8.0,4425,epithelial_like
8.0,4426,epithelial_like
8.0,4427,epithelial_like
8.0,4428,epithelial_like
8.0,4429,iPSC
8.0,4430,epithelial_like
8.0,4431,intermediate_plastic
8.0,4432,iPSC
8.0,4433,intermediate_plastic
8.0,4434,epithelial_like
8.0,4435,epithelial_like
8.0,4436,epithelial_like
8.0,4437,epithelial_like
8.0,4438,iPSC
8.0,4439,epithelial_like
8.0,4440,iPSC
8.0,4441,iPSC
8.0,4442,epithelial_like
8.0,4443,intermediate_plastic
8.0,4444,intermediate_plastic
8.0,4445,epithelial_like
8.0,4446,epithelial_like
8.0,4447,MEF
8.0,4448,epithelial_like
8.0,4449,iPSC
8.0,4450,epithelial_like
8.0,4451,iPSC
8.0,4452,intermediate_plastic
8.0,4453,epithelial_like
8.0,4454,epithelial_like
8.0,4455,epithelial_like
8.0,4456,iPSC
8.0,4457,epithelial_like
8.0,4458,epithelial_like
8.0,4459,epithelial_like
8.0,4460,epithelial_like
8.0,4461,iPSC
8.0,4462,epithelial_like
8.0,4463,epithelial_like
8.0,4464,iPSC
8.0,4465,epithelial_like
8.0,4466,epithelial_like
8.0,4467,iPSC
8.0,4468,epithelial_like
8.0,4469,intermediate_plastic
8.0,4470,epithelial_like
8.0,4471,iPSC
8.0,4472,iPSC
8.0,4473,epithelial_like
8.0,4474,iPSC
8.0,4475,epithelial_like
8.0,4476,MEF
8.0,4477,epithelial_like
8.0,4478,iPSC
8.0,4479,iPSC
8.0,4480,iPSC
8.0,4481,epithelial_like
8.0,4482,epithelial_like
8.0,4483,epithelial_like
8.0,4484,iPSC
8.0,4485,epithelial_like
8.0,4486,epithelial_like
8.0,4487,iPSC
8.0,4488,iPSC
8.0,4489,iPSC
8.0,4490,epithelial_like
8.0,4491,iPSC
8.0,4492,epithelial_like
8.0,4493,epithelial_like
8.0,4494,iPSC
8.0,4495,iPSC
8.0,4496,epithelial_like
8.0,4497,iPSC
8.0,4498,epithelial_like
8.0,4499,epithelial_like
8.0,4500,epithelial_like
8.0,4501,iPSC
8.0,4502,iPSC
8.0,4503,intermediate_plastic
8.0,4504,epithelial_like
8.0,4505,iPSC
8.0,4506,MEF
8.0,4507,iPSC
8.0,4508,epithelial_like
8.0,4509,epithelial_like
8.0,4510,epithelial_like
8.0,4511,epithelial_like
8.0,4512,epithelial_like
8.0,4513,intermediate_plastic
8.0,4514,iPSC
8.0,4515,iPSC
8.0,4516,epithelial_like
8.0,4517,epithelial_like
8.0,4518,epithelial_like
8.0,4519,intermediate_plastic
8.0,4520,epithelial_like
8.0,4521,iPSC
8.0,4522,epithelial_like
8.0,4523,epithelial_like
8.0,4524,iPSC
8.0,4525,epithelial_like
8.0,4526,epithelial_like
8.0,4527,iPSC
8.0,4528,epithelial_like
8.0,4529,epithelial_like
8.0,4530,MEF
8.0,4531,MEF
8.0,4532,epithelial_like
8.0,4533,iPSC
8.0,4534,iPSC
8.0,4535,iPSC
8.0,4536,epithelial_like
8.0,4537,MEF
8.0,4538,iPSC
8.0,4539,iPSC
8.0,4540,epithelial_like
8.0,4541,epithelial_like
8.0,4542,epithelial_like
8.0,4543,iPSC
8.0,4544,epithelial_like
8.0,4545,iPSC
8.0,4546,epithelial_like
8.0,4547,iPSC
8.0,4548,epithelial_like
8.0,4549,iPSC
8.0,4550,epithelial_like
8.0,4551,iPSC
8.0,4552,epithelial_like
8.0,4553,epithelial_like
8.0,4554,iPSC
8.0,4555,iPSC
8.0,4556,epithelial_like
8.0,4557,iPSC
8.0,4558,epithelial_like
8.0,4559,epithelial_like
8.0,4560,iPSC
8.0,4561,epithelial_like
8.0,4562,epithelial_like
8.0,4563,iPSC
8.0,4564,epithelial_like
8.0,4565,epithelial_like
8.0,4566,epithelial_like
8.0,4567,iPSC
8.0,4568,epithelial_like
8.0,4569,epithelial_like
8.0,4570,epithelial_like
8.0,4571,epithelial_like
8.0,4572,iPSC
8.0,4573,epithelial_like
8.0,4574,iPSC
8.0,4575,epithelial_like
8.0,4576,epithelial_like
8.0,4577,iPSC
8.0,4578,iPSC
8.0,4579,iPSC
8.0,4580,epithelial_like
8.0,4581,iPSC
8.0,4582,iPSC
8.0,4583,epithelial_like
8.0,4584,epithelial_like
8.0,4585,epithelial_like
8.0,4586,epithelial_like
8.0,4587,iPSC
8.0,4588,iPSC
8.0,4589,iPSC
8.0,4590,iPSC
8.0,4591,MEF
8.0,4592,MEF
8.0,4593,iPSC
8.0,4594,epithelial_like
8.0,4595,iPSC
8.0,4596,epithelial_like
8.0,4597,epithelial_like
8.0,4598,iPSC
8.0,4599,iPSC
8.0,4600,iPSC
8.0,4601,iPSC
8.0,4602,epithelial_like
8.0,4603,epithelial_like
8.0,4604,epithelial_like
8.0,4605,intermediate_plastic
8.0,4606,iPSC
8.0,4607,epithelial_like
8.0,4608,iPSC
8.0,4609,iPSC
8.0,4610,iPSC
8.0,4611,iPSC
8.0,4612,MEF
8.0,4613,intermediate_plastic
8.0,4614,epithelial_like
8.0,4615,MEF
8.0,4616,epithelial_like
8.0,4617,epithelial_like
8.0,4618,iPSC
8.0,4619,iPSC
8.0,4620,iPSC
8.0,4621,epithelial_like
8.0,4622,epithelial_like
8.0,4623,epithelial_like
8.0,4624,epithelial_like
8.0,4625,epithelial_like
8.0,4626,iPSC
8.0,4627,iPSC
8.0,4628,iPSC
8.0,4629,iPSC
8.0,4630,epithelial_like
8.0,4631,epithelial_like
8.0,4632,epithelial_like
8.0,4633,intermediate_plastic
8.0,4634,intermediate_plastic
8.0,4635,iPSC
8.0,4636,iPSC
8.0,4637,epithelial_like
8.0,4638,intermediate_plastic
8.0,4639,intermediate_plastic
8.0,4640,intermediate_plastic
8.0,4641,epithelial_like
8.0,4642,epithelial_like
8.0,4643,iPSC
8.0,4644,epithelial_like
8.0,4645,MEF
8.0,4646,iPSC
8.0,4647,epithelial_like
8.0,4648,intermediate_plastic
8.0,4649,epithelial_like
8.0,4650,epithelial_like
8.0,4651,iPSC
8.0,4652,epithelial_like
8.0,4653,iPSC
8.0,4654,intermediate_plastic
8.0,4655,epithelial_like
8.0,4656,iPSC
8.0,4657,iPSC
8.0,4658,epithelial_like
8.0,4659,epithelial_like
8.0,4660,epithelial_like
8.0,4661,epithelial_like
8.0,4662,iPSC
8.0,4663,iPSC
8.0,4664,iPSC
8.0,4665,iPSC
8.0,4666,intermediate_plastic
8.0,4667,iPSC
8.0,4668,epithelial_like
8.0,4669,epithelial_like
8.0,4670,iPSC
8.0,4671,iPSC
8.0,4672,iPSC
8.0,4673,epithelial_like
8.0,4674,epithelial_like
8.0,4675,iPSC
8.0,4676,epithelial_like
8.0,4677,iPSC
8.0,4678,iPSC
8.0,4679,intermediate_plastic
8.0,4680,epithelial_like
8.0,4681,iPSC
8.0,4682,intermediate_plastic
8.0,4683,intermediate_plastic
8.0,4684,iPSC
8.0,4685,epithelial_like
8.0,4686,iPSC
8.0,4687,intermediate_plastic
8.0,4688,intermediate_plastic
8.0,4689,iPSC
8.0,4690,epithelial_like
8.0,4691,epithelial_like
8.0,4692,epithelial_like
8.0,4693,iPSC
8.0,4694,epithelial_like
8.0,4695,iPSC
8.0,4696,iPSC
8.0,4697,iPSC
8.0,4698,MEF
8.0,4699,MEF
8.0,4700,iPSC
8.0,4701,epithelial_like
8.0,4702,epithelial_like
8.0,4703,iPSC
8.0,4704,epithelial_like
8.0,4705,intermediate_plastic
8.0,4706,epithelial_like
8.0,4707,iPSC
8.0,4708,iPSC
8.0,4709,iPSC
8.0,4710,epithelial_like
8.0,4711,epithelial_like
8.0,4712,iPSC
8.0,4713,iPSC
8.0,4714,epithelial_like
8.0,4715,epithelial_like
8.0,4716,iPSC
8.0,4717,epithelial_like
8.0,4718,iPSC
8.0,4719,intermediate_plastic
8.0,4720,epithelial_like
8.0,4721,iPSC
8.0,4722,iPSC
8.0,4723,iPSC
8.0,4724,iPSC
8.0,4725,iPSC
8.0,4726,intermediate_plastic
8.0,4727,intermediate_plastic
8.0,4728,iPSC
8.0,4729,epithelial_like
8.0,4730,epithelial_like
8.0,4731,epithelial_like
8.0,4732,epithelial_like
8.0,4733,intermediate_plastic
8.0,4734,iPSC
8.0,4735,epithelial_like
8.0,4736,intermediate_plastic
8.0,4737,epithelial_like
8.0,4738,iPSC
8.0,4739,iPSC
8.0,4740,epithelial_like
8.0,4741,epithelial_like
8.0,4742,MEF
8.0,4743,iPSC
8.0,4744,iPSC
8.0,4745,iPSC
8.0,4746,epithelial_like
8.0,4747,iPSC
8.0,4748,epithelial_like
8.0,4749,iPSC
8.0,4750,iPSC
8.0,4751,epithelial_like
8.0,4752,iPSC
8.0,4753,iPSC
8.0,4754,epithelial_like
8.0,4755,intermediate_plastic
8.0,4756,MEF
8.0,4757,iPSC
8.0,4758,epithelial_like
8.0,4759,iPSC
8.0,4760,epithelial_like
8.0,4761,iPSC
8.0,4762,iPSC
8.0,4763,iPSC
8.0,4764,iPSC
8.0,4765,epithelial_like
8.0,4766,iPSC
8.0,4767,epithelial_like
8.0,4768,iPSC
8.0,4769,iPSC
8.0,4770,iPSC
8.0,4771,iPSC
8.0,4772,iPSC
8.0,4773,iPSC
8.0,4774,epithelial_like
8.0,4775,iPSC
8.0,4776,epithelial_like
8.0,4777,epithelial_like
8.0,4778,epithelial_like
8.0,4779,iPSC
8.0,4780,epithelial_like
8.0,4781,epithelial_like
8.0,4782,iPSC
8.0,4783,iPSC
8.0,4784,iPSC
8.0,4785,intermediate_plastic
8.0,4786,iPSC
8.0,4787,iPSC
8.0,4788,iPSC
8.0,4789,iPSC
8.0,4790,epithelial_like
8.0,4791,iPSC
8.0,4792,epithelial_like
8.0,4793,iPSC
8.0,4794,iPSC
8.0,4795,intermediate_plastic
8.0,4796,epithelial_like
8.0,4797,epithelial_like
8.0,4798,epithelial_like
8.0,4799,epithelial_like
8.0,4800,epithelial_like
8.0,4801,epithelial_like
8.0,4802,iPSC
8.0,4803,iPSC
8.0,4804,iPSC
8.0,4805,epithelial_like
8.0,4806,MEF
8.0,4807,MEF
8.0,4808,intermediate_plastic
8.0,4809,intermediate_plastic
8.0,4810,epithelial_like
8.0,4811,MEF
8.0,4812,epithelial_like
8.0,4813,iPSC
8.0,4814,iPSC
8.0,4815,iPSC
8.0,4816,epithelial_like
8.0,4817,iPSC
8.0,4818,epithelial_like
8.0,4819,epithelial_like
8.0,4820,epithelial_like
8.0,4821,epithelial_like
8.0,4822,epithelial_like
8.0,4823,iPSC
8.0,4824,iPSC
8.0,4825,iPSC
8.0,4826,iPSC
8.0,4827,intermediate_plastic
8.0,4828,iPSC
8.0,4829,epithelial_like
8.0,4830,epithelial_like
8.0,4831,epithelial_like
8.0,4832,iPSC
8.0,4833,epithelial_like
8.0,4834,epithelial_like
8.0,4835,epithelial_like
8.0,4836,epithelial_like
8.0,4837,iPSC
8.0,4838,iPSC
8.0,4839,epithelial_like
8.0,4840,epithelial_like
8.0,4841,epithelial_like
8.0,4842,epithelial_like
8.0,4843,MEF
8.0,4844,MEF
8.0,4845,iPSC
8.0,4846,iPSC
8.0,4847,iPSC
8.0,4848,iPSC
8.0,4849,iPSC
8.0,4850,epithelial_like
8.0,4851,intermediate_plastic
8.0,4852,epithelial_like
8.0,4853,epithelial_like
8.0,4854,epithelial_like
8.0,4855,epithelial_like
8.0,4856,epithelial_like
8.0,4857,iPSC
8.0,4858,iPSC
8.0,4859,epithelial_like
8.0,4860,epithelial_like
8.0,4861,iPSC
8.0,4862,epithelial_like
8.0,4863,iPSC
8.0,4864,iPSC
8.0,4865,epithelial_like
8.0,4866,iPSC
8.0,4867,epithelial_like
8.0,4868,epithelial_like
8.0,4869,epithelial_like
8.0,4870,MEF
8.0,4871,epithelial_like
8.0,4872,intermediate_plastic
8.0,4873,iPSC
8.0,4874,iPSC
8.0,4875,iPSC
8.0,4876,epithelial_like
8.0,4877,epithelial_like
8.0,4878,iPSC
8.0,4879,MEF
8.0,4880,iPSC
8.0,4881,iPSC
8.0,4882,iPSC
8.0,4883,epithelial_like
8.0,4884,epithelial_like
8.0,4885,epithelial_like
8.0,4886,epithelial_like
8.0,4887,epithelial_like
8.0,4888,epithelial_like
8.0,4889,iPSC
8.0,4890,epithelial_like
8.0,4891,epithelial_like
8.0,4892,iPSC
8.0,4893,iPSC
8.0,4894,MEF
8.0,4895,iPSC
8.0,4896,iPSC
8.0,4897,iPSC
8.0,4898,epithelial_like
8.0,4899,epithelial_like
8.0,4900,MEF
8.0,4901,iPSC
8.0,4902,iPSC
8.0,4903,iPSC
8.0,4904,iPSC
8.0,4905,iPSC
8.0,4906,iPSC
8.0,4907,iPSC
8.0,4908,iPSC
8.0,4909,iPSC
8.0,4910,epithelial_like
8.0,4911,epithelial_like
8.0,4912,epithelial_like
8.0,4913,epithelial_like
8.0,4914,iPSC
8.0,4915,intermediate_plastic
8.0,4916,intermediate_plastic
8.0,4917,intermediate_plastic
8.0,4918,MEF
8.0,4919,intermediate_plastic
8.0,4920,epithelial_like
8.0,4921,iPSC
8.0,4922,MEF
8.0,4923,iPSC
8.0,4924,iPSC
8.0,4925,iPSC
8.0,4926,intermediate_plastic
8.0,4927,epithelial_like
8.0,4928,epithelial_like
8.0,4929,epithelial_like
8.0,4930,intermediate_plastic
8.0,4931,iPSC
8.0,4932,epithelial_like
8.0,4933,epithelial_like
8.0,4934,epithelial_like
8.0,4935,intermediate_plastic
8.0,4936,epithelial_like
8.0,4937,iPSC
8.0,4938,epithelial_like
8.0,4939,iPSC
8.0,4940,iPSC
8.0,4941,iPSC
8.0,4942,epithelial_like
8.0,4943,epithelial_like
8.0,4944,epithelial_like
8.0,4945,iPSC
8.0,4946,intermediate_plastic
8.0,4947,iPSC
8.0,4948,epithelial_like
8.0,4949,iPSC
8.0,4950,MEF
8.0,4951,epithelial_like
8.0,4952,iPSC
8.0,4953,epithelial_like
8.0,4954,epithelial_like
8.0,4955,epithelial_like
8.0,4956,iPSC
8.0,4957,iPSC
8.0,4958,epithelial_like
8.0,4959,iPSC
8.0,4960,epithelial_like
8.0,4961,epithelial_like
8.0,4962,iPSC
8.0,4963,epithelial_like
8.0,4964,epithelial_like
8.0,4965,epithelial_like
8.0,4966,epithelial_like
8.0,4967,iPSC
8.0,4968,intermediate_plastic
8.0,4969,intermediate_plastic
8.0,4970,epithelial_like
8.0,4971,epithelial_like
8.0,4972,epithelial_like
8.0,4973,epithelial_like
8.0,4974,intermediate_plastic
8.0,4975,iPSC
8.0,4976,epithelial_like
8.0,4977,iPSC
8.0,4978,iPSC
8.0,4979,epithelial_like
8.0,4980,epithelial_like
8.0,4981,epithelial_like
8.0,4982,epithelial_like
8.0,4983,epithelial_like
8.0,4984,intermediate_plastic
8.0,4985,epithelial_like
8.0,4986,epithelial_like
8.0,4987,iPSC
8.0,4988,iPSC
8.0,4989,epithelial_like
8.0,4990,epithelial_like
8.0,4991,iPSC
8.0,4992,epithelial_like
8.0,4993,epithelial_like
8.0,4994,epithelial_like
8.0,4995,epithelial_like
8.0,4996,epithelial_like
8.0,4997,epithelial_like
8.0,4998,iPSC
8.0,4999,epithelial_like
8.0,5000,MEF
8.0,5001,iPSC
8.0,5002,epithelial_like
8.0,5003,epithelial_like
8.0,5004,epithelial_like
8.0,5005,iPSC
8.0,5006,iPSC
8.0,5007,iPSC
8.0,5008,iPSC
8.0,5009,iPSC
8.0,5010,epithelial_like
8.0,5011,iPSC
8.0,5012,iPSC
8.0,5013,epithelial_like
8.0,5014,epithelial_like
8.0,5015,epithelial_like
8.0,5016,iPSC
8.0,5017,iPSC
8.0,5018,epithelial_like
8.0,5019,epithelial_like
8.0,5020,MEF
8.0,5021,epithelial_like
8.0,5022,epithelial_like
8.0,5023,epithelial_like
8.0,5024,iPSC
8.0,5025,epithelial_like
8.0,5026,intermediate_plastic
8.0,5027,iPSC
8.0,5028,iPSC
8.0,5029,intermediate_plastic
8.0,5030,iPSC
8.0,5031,iPSC
8.0,5032,iPSC
8.0,5033,epithelial_like
8.0,5034,epithelial_like
8.0,5035,epithelial_like
8.0,5036,iPSC
8.0,5037,epithelial_like
8.0,5038,epithelial_like
8.0,5039,iPSC
8.0,5040,MEF
8.0,5041,epithelial_like
8.0,5042,epithelial_like
8.0,5043,iPSC
8.0,5044,iPSC
8.0,5045,epithelial_like
8.0,5046,iPSC
8.0,5047,epithelial_like
8.0,5048,MEF
8.0,5049,iPSC
8.0,5050,epithelial_like
8.0,5051,epithelial_like
8.0,5052,epithelial_like
8.0,5053,epithelial_like
8.0,5054,iPSC
8.0,5055,iPSC
8.0,5056,epithelial_like
8.0,5057,epithelial_like
8.0,5058,MEF
8.0,5059,epithelial_like
8.0,5060,epithelial_like
8.0,5061,epithelial_like
8.0,5062,epithelial_like
8.0,5063,iPSC
8.0,5064,iPSC
8.0,5065,epithelial_like
8.0,5066,epithelial_like
8.0,5067,epithelial_like
8.0,5068,intermediate_plastic
8.0,5069,epithelial_like
8.0,5070,epithelial_like
8.0,5071,epithelial_like
8.0,5072,iPSC
8.0,5073,iPSC
8.0,5074,iPSC
8.0,5075,epithelial_like
8.0,5076,iPSC
8.0,5077,iPSC
8.0,5078,iPSC
8.0,5079,epithelial_like
8.0,5080,iPSC
8.0,5081,epithelial_like
8.0,5082,iPSC
8.0,5083,epithelial_like
8.0,5084,iPSC
8.0,5085,iPSC
8.0,5086,epithelial_like
8.0,5087,iPSC
8.0,5088,epithelial_like
8.0,5089,epithelial_like
8.0,5090,iPSC
8.0,5091,iPSC
8.0,5092,MEF
8.0,5093,epithelial_like
8.0,5094,iPSC
8.0,5095,iPSC
8.0,5096,iPSC
8.0,5097,epithelial_like
8.0,5098,epithelial_like
8.0,5099,epithelial_like
8.0,5100,epithelial_like
8.0,5101,epithelial_like
8.0,5102,iPSC
8.0,5103,epithelial_like
8.0,5104,iPSC
8.0,5105,epithelial_like
8.0,5106,intermediate_plastic
8.0,5107,iPSC
8.0,5108,epithelial_like
8.0,5109,epithelial_like
8.0,5110,epithelial_like
8.0,5111,epithelial_like
8.0,5112,epithelial_like
8.0,5113,epithelial_like
8.0,5114,epithelial_like
8.0,5115,iPSC
8.0,5116,iPSC
8.0,5117,iPSC
8.0,5118,iPSC
8.0,5119,iPSC
8.0,5120,epithelial_like
8.0,5121,iPSC
8.0,5122,iPSC
8.0,5123,epithelial_like
8.0,5124,intermediate_plastic
8.0,5125,iPSC
8.0,5126,iPSC
8.0,5127,intermediate_plastic
8.0,5128,iPSC
8.0,5129,intermediate_plastic
8.0,5130,iPSC
8.0,5131,epithelial_like
8.0,5132,epithelial_like
8.0,5133,epithelial_like
8.0,5134,iPSC
8.0,5135,epithelial_like
8.0,5136,epithelial_like
8.0,5137,epithelial_like
8.0,5138,epithelial_like
8.0,5139,iPSC
8.0,5140,epithelial_like
8.0,5141,intermediate_plastic
8.0,5142,epithelial_like
8.0,5143,iPSC
8.0,5144,iPSC
8.0,5145,iPSC
8.0,5146,epithelial_like
8.0,5147,epithelial_like
8.0,5148,epithelial_like
8.0,5149,epithelial_like
8.0,5150,epithelial_like
8.0,5151,epithelial_like
8.0,5152,epithelial_like
8.0,5153,epithelial_like
8.0,5154,iPSC
8.0,5155,iPSC
8.0,5156,intermediate_plastic
8.0,5157,iPSC
8.0,5158,iPSC
8.0,5159,epithelial_like
8.0,5160,iPSC
8.0,5161,iPSC
8.0,5162,intermediate_plastic
8.0,5163,epithelial_like
8.0,5164,intermediate_plastic
8.0,5165,iPSC
8.0,5166,epithelial_like
8.0,5167,epithelial_like
8.0,5168,epithelial_like
8.0,5169,epithelial_like
8.0,5170,epithelial_like
8.0,5171,epithelial_like
8.0,5172,epithelial_like
8.0,5173,intermediate_plastic
8.0,5174,epithelial_like
8.0,5175,iPSC
8.0,5176,iPSC
8.0,5177,intermediate_plastic
8.0,5178,intermediate_plastic
8.0,5179,iPSC
8.0,5180,iPSC
8.0,5181,epithelial_like
8.0,5182,iPSC
8.0,5183,iPSC
8.0,5184,epithelial_like
8.0,5185,epithelial_like
8.0,5186,epithelial_like
8.0,5187,epithelial_like
8.0,5188,epithelial_like
8.0,5189,epithelial_like
8.0,5190,MEF
8.0,5191,intermediate_plastic
8.0,5192,epithelial_like
8.0,5193,epithelial_like
8.0,5194,iPSC
8.0,5195,iPSC
8.0,5196,iPSC
8.0,5197,iPSC
8.0,5198,iPSC
8.0,5199,epithelial_like
8.0,5200,intermediate_plastic
8.0,5201,intermediate_plastic
8.0,5202,epithelial_like
8.0,5203,iPSC
8.0,5204,MEF
8.0,5205,iPSC
8.0,5206,intermediate_plastic
8.0,5207,iPSC
8.0,5208,iPSC
8.0,5209,iPSC
8.0,5210,intermediate_plastic
8.0,5211,iPSC
8.0,5212,iPSC
8.0,5213,iPSC
8.0,5214,epithelial_like
8.0,5215,iPSC
8.0,5216,iPSC
8.0,5217,iPSC
8.0,5218,epithelial_like
8.0,5219,epithelial_like
8.0,5220,epithelial_like
8.0,5221,iPSC
8.0,5222,epithelial_like
8.0,5223,iPSC
8.0,5224,iPSC
8.0,5225,iPSC
8.0,5226,epithelial_like
8.0,5227,epithelial_like
8.0,5228,iPSC
8.0,5229,iPSC
8.0,5230,epithelial_like
8.0,5231,iPSC
8.0,5232,iPSC
8.0,5233,intermediate_plastic
8.0,5234,epithelial_like
8.0,5235,iPSC
8.0,5236,iPSC
8.0,5237,epithelial_like
8.0,5238,epithelial_like
8.0,5239,epithelial_like
8.0,5240,epithelial_like
8.0,5241,epithelial_like
8.0,5242,epithelial_like
8.0,5243,iPSC
8.0,5244,epithelial_like
8.0,5245,epithelial_like
8.0,5246,epithelial_like
8.0,5247,iPSC
8.0,5248,iPSC
8.0,5249,epithelial_like
8.0,5250,intermediate_plastic
8.0,5251,iPSC
8.0,5252,epithelial_like
8.0,5253,epithelial_like
8.0,5254,epithelial_like
8.0,5255,iPSC
8.0,5256,epithelial_like
8.0,5257,iPSC
8.0,5258,iPSC
8.0,5259,iPSC
8.0,5260,iPSC
8.0,5261,iPSC
8.0,5262,iPSC
8.0,5263,epithelial_like
8.0,5264,epithelial_like
8.0,5265,iPSC
8.0,5266,epithelial_like
8.0,5267,iPSC
8.0,5268,epithelial_like
8.0,5269,epithelial_like
8.0,5270,epithelial_like
8.0,5271,intermediate_plastic
8.0,5272,epithelial_like
8.0,5273,epithelial_like
8.0,5274,iPSC
8.0,5275,iPSC
8.0,5276,epithelial_like
8.0,5277,iPSC
8.0,5278,iPSC
8.0,5279,iPSC
8.0,5280,epithelial_like
8.0,5281,iPSC
8.0,5282,iPSC
8.0,5283,epithelial_like
8.0,5284,iPSC
8.0,5285,epithelial_like
8.0,5286,iPSC
8.0,5287,epithelial_like
8.0,5288,iPSC
8.0,5289,epithelial_like
8.0,5290,iPSC
8.0,5291,epithelial_like
8.0,5292,MEF
8.0,5293,epithelial_like
8.0,5294,epithelial_like
8.0,5295,epithelial_like
8.0,5296,epithelial_like
8.0,5297,epithelial_like
8.0,5298,epithelial_like
8.0,5299,intermediate_plastic
8.0,5300,iPSC
8.0,5301,iPSC
8.0,5302,iPSC
8.0,5303,MEF
8.0,5304,MEF
8.0,5305,epithelial_like
8.0,5306,epithelial_like
8.0,5307,intermediate_plastic
8.0,5308,intermediate_plastic
8.0,5309,epithelial_like
8.0,5310,epithelial_like
8.0,5311,iPSC
8.0,5312,iPSC
8.0,5313,iPSC
8.0,5314,iPSC
8.0,5315,epithelial_like
8.0,5316,epithelial_like
8.0,5317,epithelial_like
8.0,5318,iPSC
8.0,5319,epithelial_like
8.0,5320,epithelial_like
8.0,5321,epithelial_like
8.0,5322,epithelial_like
8.0,5323,iPSC
8.0,5324,epithelial_like
8.0,5325,iPSC
8.0,5326,iPSC
8.0,5327,iPSC
8.0,5328,iPSC
8.0,5329,intermediate_plastic
8.0,5330,iPSC
8.0,5331,epithelial_like
8.0,5332,iPSC
8.0,5333,iPSC
8.0,5334,epithelial_like
8.0,5335,epithelial_like
8.0,5336,epithelial_like
8.0,5337,iPSC
8.0,5338,epithelial_like
8.0,5339,epithelial_like
8.0,5340,epithelial_like
8.0,5341,intermediate_plastic
8.0,5342,epithelial_like
8.0,5343,epithelial_like
8.0,5344,iPSC
8.0,5345,intermediate_plastic
8.0,5346,epithelial_like
8.0,5347,epithelial_like
8.0,5348,epithelial_like
8.0,5349,epithelial_like
8.0,5350,iPSC
8.0,5351,MEF
8.0,5352,iPSC
8.0,5353,iPSC
8.0,5354,intermediate_plastic
8.0,5355,epithelial_like
8.0,5356,epithelial_like
8.0,5357,intermediate_plastic
8.0,5358,epithelial_like
8.0,5359,intermediate_plastic
8.0,5360,epithelial_like
8.0,5361,epithelial_like
8.0,5362,iPSC
8.0,5363,epithelial_like
8.0,5364,iPSC
8.0,5365,epithelial_like
8.0,5366,intermediate_plastic
8.0,5367,iPSC
8.0,5368,epithelial_like
8.0,5369,epithelial_like
8.0,5370,iPSC
8.0,5371,epithelial_like
8.0,5372,iPSC
8.0,5373,MEF
8.0,5374,iPSC
8.0,5375,intermediate_plastic
8.0,5376,intermediate_plastic
8.0,5377,iPSC
8.0,5378,iPSC
8.0,5379,iPSC
8.0,5380,epithelial_like
8.0,5381,MEF
8.0,5382,iPSC
8.0,5383,iPSC
8.0,5384,epithelial_like
8.0,5385,epithelial_like
8.0,5386,iPSC
8.0,5387,iPSC
8.0,5388,epithelial_like
8.0,5389,MEF
8.0,5390,epithelial_like
8.0,5391,epithelial_like
8.0,5392,iPSC
8.0,5393,epithelial_like
8.0,5394,epithelial_like
8.0,5395,iPSC
8.0,5396,iPSC
8.0,5397,epithelial_like
8.0,5398,epithelial_like
8.0,5399,epithelial_like
8.0,5400,iPSC
8.0,5401,epithelial_like
8.0,5402,iPSC
8.0,5403,epithelial_like
8.0,5404,iPSC
8.0,5405,intermediate_plastic
8.0,5406,epithelial_like
8.0,5407,iPSC
8.0,5408,intermediate_plastic
8.0,5409,intermediate_plastic
8.0,5410,iPSC
8.0,5411,epithelial_like
8.0,5412,iPSC
8.0,5413,iPSC
8.0,5414,iPSC
8.0,5415,iPSC
8.0,5416,iPSC
8.0,5417,epithelial_like
8.0,5418,epithelial_like
8.0,5419,epithelial_like
8.0,5420,iPSC
8.0,5421,iPSC
8.0,5422,iPSC
8.0,5423,iPSC
8.0,5424,epithelial_like
8.0,5425,MEF
8.0,5426,iPSC
8.0,5427,iPSC
8.0,5428,epithelial_like
8.0,5429,epithelial_like
8.0,5430,iPSC
8.0,5431,iPSC
8.0,5432,iPSC
8.0,5433,iPSC
8.0,5434,iPSC
8.0,5435,epithelial_like
8.0,5436,epithelial_like
8.0,5437,MEF
8.0,5438,iPSC
8.0,5439,iPSC
8.0,5440,epithelial_like
8.0,5441,epithelial_like
8.0,5442,iPSC
8.0,5443,MEF
8.0,5444,epithelial_like
8.0,5445,epithelial_like
8.0,5446,epithelial_like
8.0,5447,epithelial_like
8.0,5448,iPSC
8.0,5449,epithelial_like
8.0,5450,iPSC
8.0,5451,iPSC
8.0,5452,intermediate_plastic
8.0,5453,iPSC
8.0,5454,iPSC
8.0,5455,epithelial_like
8.0,5456,iPSC
8.0,5457,epithelial_like
8.0,5458,epithelial_like
8.0,5459,iPSC
8.0,5460,MEF
8.0,5461,iPSC
8.0,5462,iPSC
8.0,5463,iPSC
8.0,5464,iPSC
8.0,5465,epithelial_like
8.0,5466,iPSC
8.0,5467,epithelial_like
8.0,5468,iPSC
8.0,5469,epithelial_like
8.0,5470,MEF
8.0,5471,MEF
8.0,5472,epithelial_like
8.0,5473,epithelial_like
8.0,5474,iPSC
8.0,5475,iPSC
8.0,5476,intermediate_plastic
8.0,5477,intermediate_plastic
8.0,5478,epithelial_like
8.0,5479,iPSC
8.0,5480,epithelial_like
8.0,5481,intermediate_plastic
8.0,5482,epithelial_like
8.0,5483,epithelial_like
8.0,5484,iPSC
8.0,5485,iPSC
8.0,5486,iPSC
8.0,5487,epithelial_like
8.0,5488,epithelial_like
8.0,5489,epithelial_like
8.0,5490,epithelial_like
8.0,5491,iPSC
8.0,5492,epithelial_like
8.0,5493,epithelial_like
8.0,5494,iPSC
8.0,5495,epithelial_like
8.0,5496,epithelial_like
8.0,5497,epithelial_like
8.0,5498,iPSC
8.0,5499,epithelial_like
8.0,5500,iPSC
8.0,5501,iPSC
8.0,5502,MEF
8.0,5503,MEF
8.0,5504,epithelial_like
8.0,5505,epithelial_like
8.0,5506,iPSC
8.0,5507,epithelial_like
8.0,5508,iPSC
8.0,5509,iPSC
8.0,5510,iPSC
8.0,5511,iPSC
8.0,5512,iPSC
8.0,5513,intermediate_plastic
8.0,5514,epithelial_like
8.0,5515,MEF
8.0,5516,iPSC
8.0,5517,epithelial_like
8.0,5518,epithelial_like
8.0,5519,iPSC
8.0,5520,epithelial_like
8.0,5521,epithelial_like
8.0,5522,epithelial_like
8.0,5523,epithelial_like
8.0,5524,epithelial_like
8.0,5525,epithelial_like
8.0,5526,epithelial_like
8.0,5527,iPSC
8.0,5528,iPSC
8.0,5529,epithelial_like
8.0,5530,iPSC
8.0,5531,iPSC
8.0,5532,epithelial_like
8.0,5533,epithelial_like
8.0,5534,epithelial_like
8.0,5535,epithelial_like
8.0,5536,iPSC
8.0,5537,epithelial_like
8.0,5538,epithelial_like
8.0,5539,epithelial_like
8.0,5540,iPSC
8.0,5541,iPSC
8.0,5542,epithelial_like
8.0,5543,iPSC
8.0,5544,iPSC
8.0,5545,iPSC
8.0,5546,epithelial_like
8.0,5547,iPSC
8.0,5548,iPSC
8.0,5549,epithelial_like
8.0,5550,iPSC
8.0,5551,iPSC
8.0,5552,iPSC
8.0,5553,epithelial_like
8.0,5554,epithelial_like
8.0,5555,iPSC
8.0,5556,iPSC
8.0,5557,intermediate_plastic
8.0,5558,iPSC
8.0,5559,iPSC
8.0,5560,epithelial_like
8.0,5561,epithelial_like
8.0,5562,epithelial_like
8.0,5563,epithelial_like
8.0,5564,epithelial_like
8.0,5565,iPSC
8.0,5566,MEF
8.0,5567,MEF
8.0,5568,iPSC
8.0,5569,epithelial_like
8.0,5570,epithelial_like
8.0,5571,epithelial_like
8.0,5572,epithelial_like
8.0,5573,MEF
8.0,5574,epithelial_like
8.0,5575,epithelial_like
8.0,5576,epithelial_like
8.0,5577,epithelial_like
8.0,5578,iPSC
8.0,5579,epithelial_like
8.0,5580,epithelial_like
8.0,5581,epithelial_like
8.0,5582,iPSC
8.0,5583,epithelial_like
8.0,5584,epithelial_like
8.0,5585,iPSC
8.0,5586,epithelial_like
8.0,5587,epithelial_like
8.0,5588,iPSC
8.0,5589,iPSC
8.0,5590,iPSC
8.0,5591,iPSC
8.0,5592,epithelial_like
8.0,5593,iPSC
8.0,5594,epithelial_like
8.0,5595,iPSC
8.0,5596,epithelial_like
8.0,5597,epithelial_like
8.0,5598,epithelial_like
8.0,5599,epithelial_like
8.0,5600,iPSC
8.0,5601,epithelial_like
8.0,5602,epithelial_like
8.0,5603,epithelial_like
8.0,5604,epithelial_like
8.0,5605,iPSC
8.0,5606,iPSC
8.0,5607,iPSC
8.0,5608,epithelial_like
8.0,5609,MEF
8.0,5610,iPSC
8.0,5611,MEF
8.0,5612,iPSC
8.0,5613,iPSC
8.0,5614,iPSC
8.0,5615,iPSC
8.0,5616,epithelial_like
8.0,5617,epithelial_like
8.0,5618,epithelial_like
8.0,5619,epithelial_like
8.0,5620,epithelial_like
8.0,5621,epithelial_like
8.0,5622,iPSC
8.0,5623,epithelial_like
8.0,5624,iPSC
8.0,5625,epithelial_like
8.0,5626,epithelial_like
8.0,5627,iPSC
8.0,5628,epithelial_like
8.0,5629,iPSC
8.0,5630,epithelial_like
8.0,5631,intermediate_plastic
8.0,5632,epithelial_like
8.0,5633,epithelial_like
8.0,5634,epithelial_like
8.0,5635,iPSC
8.0,5636,MEF
8.0,5637,iPSC
8.0,5638,iPSC
8.0,5639,iPSC
8.0,5640,intermediate_plastic
8.0,5641,iPSC
8.0,5642,iPSC
8.0,5643,epithelial_like
8.0,5644,epithelial_like
8.0,5645,iPSC
8.0,5646,epithelial_like
8.0,5647,iPSC
8.0,5648,iPSC
8.0,5649,iPSC
8.0,5650,epithelial_like
8.0,5651,epithelial_like
8.0,5652,epithelial_like
8.0,5653,iPSC
8.0,5654,iPSC
8.0,5655,iPSC
8.0,5656,iPSC
8.0,5657,epithelial_like
8.0,5658,epithelial_like
8.0,5659,MEF
8.0,5660,epithelial_like
8.0,5661,iPSC
8.0,5662,iPSC
8.0,5663,epithelial_like
8.0,5664,iPSC
8.0,5665,epithelial_like
8.0,5666,iPSC
8.0,5667,epithelial_like
8.0,5668,epithelial_like
8.0,5669,iPSC
8.0,5670,epithelial_like
8.0,5671,epithelial_like
8.0,5672,epithelial_like
8.0,5673,epithelial_like
8.0,5674,iPSC
8.0,5675,iPSC
8.0,5676,epithelial_like
8.0,5677,MEF
8.0,5678,epithelial_like
8.0,5679,iPSC
8.0,5680,iPSC
8.0,5681,epithelial_like
8.0,5682,iPSC
8.0,5683,iPSC
8.0,5684,iPSC
8.0,5685,epithelial_like
8.0,5686,epithelial_like
8.0,5687,iPSC
8.0,5688,iPSC
8.0,5689,epithelial_like
8.0,5690,epithelial_like
8.0,5691,iPSC
8.0,5692,epithelial_like
8.0,5693,iPSC
8.0,5694,epithelial_like
8.0,5695,epithelial_like
8.0,5696,intermediate_plastic
8.0,5697,iPSC
8.0,5698,epithelial_like
8.0,5699,iPSC
8.0,5700,epithelial_like
8.0,5701,epithelial_like
8.0,5702,iPSC
8.0,5703,iPSC
8.0,5704,iPSC
8.0,5705,epithelial_like
8.0,5706,iPSC
8.0,5707,epithelial_like
8.0,5708,iPSC
8.0,5709,iPSC
8.0,5710,epithelial_like
8.0,5711,epithelial_like
8.0,5712,iPSC
8.0,5713,iPSC
8.0,5714,MEF
8.0,5715,MEF
8.0,5716,iPSC
8.0,5717,iPSC
8.0,5718,epithelial_like
8.0,5719,epithelial_like
8.0,5720,epithelial_like
8.0,5721,epithelial_like
8.0,5722,iPSC
8.0,5723,iPSC
8.0,5724,intermediate_plastic
8.0,5725,epithelial_like
8.0,5726,iPSC
8.0,5727,iPSC
8.0,5728,epithelial_like
8.0,5729,iPSC
8.0,5730,iPSC
8.0,5731,epithelial_like
8.0,5732,epithelial_like
8.0,5733,iPSC
8.0,5734,epithelial_like
8.0,5735,iPSC
8.0,5736,iPSC
8.0,5737,iPSC
8.0,5738,epithelial_like
8.0,5739,epithelial_like
8.0,5740,iPSC
8.0,5741,epithelial_like
8.0,5742,MEF
8.0,5743,iPSC
8.0,5744,iPSC
8.0,5745,iPSC
8.0,5746,epithelial_like
8.0,5747,iPSC
8.0,5748,epithelial_like
8.0,5749,iPSC
8.0,5750,epithelial_like
8.0,5751,epithelial_like
8.0,5752,epithelial_like
8.0,5753,iPSC
8.0,5754,epithelial_like
8.0,5755,iPSC
8.0,5756,iPSC
8.0,5757,epithelial_like
8.0,5758,iPSC
8.0,5759,epithelial_like
8.0,5760,iPSC
8.0,5761,epithelial_like
8.0,5762,iPSC
8.0,5763,iPSC
8.0,5764,epithelial_like
8.0,5765,intermediate_plastic
8.0,5766,iPSC
8.0,5767,epithelial_like
8.0,5768,epithelial_like
8.0,5769,iPSC
8.0,5770,iPSC
8.0,5771,epithelial_like
8.0,5772,epithelial_like
8.0,5773,epithelial_like
8.0,5774,epithelial_like
8.0,5775,iPSC
8.0,5776,iPSC
8.0,5777,epithelial_like
8.0,5778,iPSC
8.0,5779,iPSC
8.0,5780,iPSC
8.0,5781,iPSC
8.0,5782,iPSC
8.0,5783,intermediate_plastic
8.0,5784,iPSC
8.0,5785,intermediate_plastic
8.0,5786,iPSC
8.0,5787,epithelial_like
8.0,5788,iPSC
8.0,5789,iPSC
8.0,5790,epithelial_like
8.0,5791,epithelial_like
8.0,5792,iPSC
8.0,5793,iPSC
8.0,5794,epithelial_like
8.0,5795,epithelial_like
8.0,5796,epithelial_like
8.0,5797,epithelial_like
8.0,5798,epithelial_like
8.0,5799,epithelial_like
8.0,5800,epithelial_like
8.0,5801,epithelial_like
8.0,5802,epithelial_like
8.0,5803,epithelial_like
8.0,5804,epithelial_like
8.0,5805,iPSC
8.0,5806,iPSC
8.0,5807,iPSC
8.0,5808,epithelial_like
8.0,5809,intermediate_plastic
8.0,5810,epithelial_like
8.0,5811,iPSC
8.0,5812,iPSC
8.0,5813,epithelial_like
8.0,5814,epithelial_like
8.0,5815,epithelial_like
8.0,5816,intermediate_plastic
8.0,5817,intermediate_plastic
8.0,5818,iPSC
8.0,5819,intermediate_plastic
8.0,5820,MEF
8.0,5821,iPSC
8.0,5822,epithelial_like
8.0,5823,epithelial_like
8.0,5824,iPSC
8.0,5825,epithelial_like
8.0,5826,iPSC
8.0,5827,epithelial_like
8.0,5828,epithelial_like
8.0,5829,epithelial_like
8.0,5830,epithelial_like
8.0,5831,iPSC
8.0,5832,iPSC
8.0,5833,epithelial_like
8.0,5834,iPSC
8.0,5835,epithelial_like
8.0,5836,epithelial_like
8.0,5837,intermediate_plastic
8.0,5838,iPSC
8.0,5839,iPSC
8.0,5840,iPSC
8.0,5841,epithelial_like
8.0,5842,MEF
8.0,5843,iPSC
8.0,5844,iPSC
8.0,5845,epithelial_like
8.0,5846,epithelial_like
8.0,5847,epithelial_like
8.0,5848,iPSC
8.0,5849,iPSC
8.0,5850,epithelial_like
8.0,5851,epithelial_like
8.0,5852,iPSC
8.0,5853,epithelial_like
8.0,5854,intermediate_plastic
8.0,5855,epithelial_like
8.0,5856,iPSC
8.0,5857,epithelial_like
8.0,5858,epithelial_like
8.0,5859,epithelial_like
8.0,5860,iPSC
8.0,5861,iPSC
8.0,5862,MEF
8.0,5863,iPSC
8.0,5864,iPSC
8.0,5865,iPSC
8.0,5866,epithelial_like
8.0,5867,epithelial_like
8.0,5868,epithelial_like
8.0,5869,iPSC
8.0,5870,epithelial_like
8.0,5871,epithelial_like
8.0,5872,iPSC
8.0,5873,MEF
8.0,5874,iPSC
8.0,5875,epithelial_like
8.0,5876,epithelial_like
8.0,5877,epithelial_like
8.0,5878,epithelial_like
8.0,5879,epithelial_like
8.0,5880,epithelial_like
8.0,5881,iPSC
8.0,5882,iPSC
8.0,5883,MEF
8.0,5884,intermediate_plastic
8.0,5885,epithelial_like
8.0,5886,epithelial_like
8.0,5887,intermediate_plastic
8.0,5888,epithelial_like
8.0,5889,iPSC
8.0,5890,epithelial_like
8.0,5891,iPSC
8.0,5892,iPSC
8.0,5893,iPSC
8.0,5894,epithelial_like
8.0,5895,epithelial_like
8.0,5896,epithelial_like
8.0,5897,epithelial_like
8.0,5898,epithelial_like
8.0,5899,epithelial_like
8.0,5900,iPSC
8.0,5901,MEF
8.0,5902,iPSC
8.0,5903,epithelial_like
8.0,5904,iPSC
8.0,5905,iPSC
8.0,5906,epithelial_like
8.0,5907,epithelial_like
8.0,5908,iPSC
8.0,5909,iPSC
8.0,5910,intermediate_plastic
8.0,5911,epithelial_like
8.0,5912,iPSC
8.0,5913,iPSC
8.0,5914,epithelial_like
8.0,5915,epithelial_like
8.0,5916,epithelial_like
8.0,5917,iPSC
8.0,5918,iPSC
8.0,5919,iPSC
8.0,5920,iPSC
8.0,5921,epithelial_like
8.0,5922,epithelial_like
8.0,5923,epithelial_like
8.0,5924,epithelial_like
8.0,5925,iPSC
8.0,5926,iPSC
8.0,5927,epithelial_like
8.0,5928,iPSC
8.0,5929,MEF
8.0,5930,intermediate_plastic
8.0,5931,epithelial_like
8.0,5932,iPSC
8.0,5933,iPSC
8.0,5934,iPSC
8.0,5935,iPSC
8.0,5936,iPSC
8.0,5937,iPSC
8.0,5938,epithelial_like
8.0,5939,iPSC
8.0,5940,iPSC
8.0,5941,epithelial_like
8.0,5942,iPSC
8.0,5943,epithelial_like
8.0,5944,iPSC
8.0,5945,epithelial_like
8.0,5946,epithelial_like
8.0,5947,iPSC
8.0,5948,epithelial_like
8.0,5949,epithelial_like
8.0,5950,intermediate_plastic
8.0,5951,intermediate_plastic
8.0,5952,intermediate_plastic
8.0,5953,epithelial_like
8.0,5954,epithelial_like
8.0,5955,epithelial_like
8.0,5956,epithelial_like
8.0,5957,epithelial_like
8.0,5958,epithelial_like
8.0,5959,iPSC
8.0,5960,epithelial_like
8.0,5961,epithelial_like
8.0,5962,iPSC
8.0,5963,iPSC
8.0,5964,iPSC
8.0,5965,epithelial_like
8.0,5966,MEF
8.0,5967,intermediate_plastic
8.0,5968,iPSC
8.0,5969,iPSC
8.0,5970,epithelial_like
8.0,5971,iPSC
8.0,5972,epithelial_like
8.0,5973,intermediate_plastic
8.0,5974,intermediate_plastic
8.0,5975,intermediate_plastic
8.0,5976,intermediate_plastic
8.0,5977,iPSC
8.0,5978,epithelial_like
8.0,5979,intermediate_plastic
8.0,5980,iPSC
8.0,5981,iPSC
8.0,5982,iPSC
8.0,5983,epithelial_like
8.0,5984,epithelial_like
8.0,5985,epithelial_like
8.0,5986,epithelial_like
8.0,5987,MEF
8.0,5988,MEF
8.0,5989,iPSC
8.0,5990,epithelial_like
8.0,5991,epithelial_like
8.0,5992,iPSC
8.0,5993,epithelial_like
8.0,5994,epithelial_like
8.0,5995,epithelial_like
8.0,5996,epithelial_like
8.0,5997,iPSC
8.0,5998,iPSC
8.0,5999,intermediate_plastic
12.0,6000,iPSC
12.0,6001,iPSC
12.0,6002,iPSC
12.0,6003,iPSC
12.0,6004,iPSC
12.0,6005,iPSC
12.0,6006,iPSC
12.0,6007,iPSC
12.0,6008,epithelial_like
12.0,6009,epithelial_like
12.0,6010,epithelial_like
12.0,6011,iPSC
12.0,6012,iPSC
12.0,6013,epithelial_like
12.0,6014,iPSC
12.0,6015,iPSC
12.0,6016,iPSC
12.0,6017,iPSC
12.0,6018,epithelial_like
12.0,6019,epithelial_like
12.0,6020,iPSC
12.0,6021,iPSC
12.0,6022,iPSC
12.0,6023,epithelial_like
12.0,6024,iPSC
12.0,6025,epithelial_like
12.0,6026,iPSC
12.0,6027,iPSC
12.0,6028,iPSC
12.0,6029,iPSC
12.0,6030,iPSC
12.0,6031,iPSC
12.0,6032,iPSC
12.0,6033,iPSC
12.0,6034,iPSC
12.0,6035,iPSC
12.0,6036,iPSC
12.0,6037,iPSC
12.0,6038,intermediate_plastic
12.0,6039,iPSC
12.0,6040,iPSC
12.0,6041,iPSC
12.0,6042,iPSC
12.0,6043,epithelial_like
12.0,6044,iPSC
12.0,6045,iPSC
12.0,6046,iPSC
12.0,6047,iPSC
12.0,6048,iPSC
12.0,6049,iPSC
12.0,6050,iPSC
12.0,6051,iPSC
12.0,6052,iPSC
12.0,6053,epithelial_like
12.0,6054,iPSC
12.0,6055,iPSC
12.0,6056,iPSC
12.0,6057,iPSC
12.0,6058,intermediate_plastic
12.0,6059,iPSC
12.0,6060,iPSC
12.0,6061,epithelial_like
12.0,6062,iPSC
12.0,6063,iPSC
12.0,6064,iPSC
12.0,6065,iPSC
12.0,6066,iPSC
12.0,6067,epithelial_like
12.0,6068,intermediate_plastic
12.0,6069,intermediate_plastic
12.0,6070,iPSC
12.0,6071,iPSC
12.0,6072,epithelial_like
12.0,6073,iPSC
12.0,6074,epithelial_like
12.0,6075,iPSC
12.0,6076,intermediate_plastic
12.0,6077,epithelial_like
12.0,6078,iPSC
12.0,6079,iPSC
12.0,6080,iPSC
12.0,6081,epithelial_like
12.0,6082,intermediate_plastic
12.0,6083,epithelial_like
12.0,6084,iPSC
12.0,6085,iPSC
12.0,6086,iPSC
12.0,6087,iPSC
12.0,6088,intermediate_plastic
12.0,6089,iPSC
12.0,6090,iPSC
12.0,6091,iPSC
12.0,6092,epithelial_like
12.0,6093,iPSC
12.0,6094,iPSC
12.0,6095,iPSC
12.0,6096,iPSC
12.0,6097,iPSC
12.0,6098,iPSC
12.0,6099,iPSC
12.0,6100,iPSC
12.0,6101,iPSC
12.0,6102,iPSC
12.0,6103,iPSC
12.0,6104,epithelial_like
12.0,6105,iPSC
12.0,6106,epithelial_like
12.0,6107,iPSC
12.0,6108,iPSC
12.0,6109,iPSC
12.0,6110,iPSC
12.0,6111,epithelial_like
12.0,6112,iPSC
12.0,6113,intermediate_plastic
12.0,6114,iPSC
12.0,6115,iPSC
12.0,6116,epithelial_like
12.0,6117,epithelial_like
12.0,6118,iPSC
12.0,6119,iPSC
12.0,6120,iPSC
12.0,6121,iPSC
12.0,6122,iPSC
12.0,6123,epithelial_like
12.0,6124,iPSC
12.0,6125,epithelial_like
12.0,6126,iPSC
12.0,6127,iPSC
12.0,6128,intermediate_plastic
12.0,6129,iPSC
12.0,6130,iPSC
12.0,6131,iPSC
12.0,6132,iPSC
12.0,6133,iPSC
12.0,6134,iPSC
12.0,6135,MEF
12.0,6136,epithelial_like
12.0,6137,epithelial_like
12.0,6138,iPSC
12.0,6139,iPSC
12.0,6140,iPSC
12.0,6141,iPSC
12.0,6142,iPSC
12.0,6143,iPSC
12.0,6144,iPSC
12.0,6145,iPSC
12.0,6146,iPSC
12.0,6147,iPSC
12.0,6148,iPSC
12.0,6149,iPSC
12.0,6150,iPSC
12.0,6151,iPSC
12.0,6152,iPSC
12.0,6153,iPSC
12.0,6154,iPSC
12.0,6155,epithelial_like
12.0,6156,iPSC
12.0,6157,iPSC
12.0,6158,epithelial_like
12.0,6159,iPSC
12.0,6160,iPSC
12.0,6161,iPSC
12.0,6162,iPSC
12.0,6163,iPSC
12.0,6164,iPSC
12.0,6165,iPSC
12.0,6166,epithelial_like
12.0,6167,iPSC
12.0,6168,iPSC
12.0,6169,iPSC
12.0,6170,iPSC
12.0,6171,iPSC
12.0,6172,iPSC
12.0,6173,intermediate_plastic
12.0,6174,epithelial_like
12.0,6175,iPSC
12.0,6176,epithelial_like
12.0,6177,iPSC
12.0,6178,iPSC
12.0,6179,iPSC
12.0,6180,iPSC
12.0,6181,iPSC
12.0,6182,iPSC
12.0,6183,iPSC
12.0,6184,iPSC
12.0,6185,iPSC
12.0,6186,iPSC
12.0,6187,iPSC
12.0,6188,MEF
12.0,6189,MEF
12.0,6190,iPSC
12.0,6191,iPSC
12.0,6192,intermediate_plastic
12.0,6193,intermediate_plastic
12.0,6194,iPSC
12.0,6195,iPSC
12.0,6196,iPSC
12.0,6197,intermediate_plastic
12.0,6198,iPSC
12.0,6199,iPSC
12.0,6200,iPSC
12.0,6201,iPSC
12.0,6202,epithelial_like
12.0,6203,iPSC
12.0,6204,iPSC
12.0,6205,MEF
12.0,6206,iPSC
12.0,6207,iPSC
12.0,6208,iPSC
12.0,6209,iPSC
12.0,6210,iPSC
12.0,6211,iPSC
12.0,6212,iPSC
12.0,6213,iPSC
12.0,6214,iPSC
12.0,6215,epithelial_like
12.0,6216,epithelial_like
12.0,6217,iPSC
12.0,6218,iPSC
12.0,6219,iPSC
12.0,6220,iPSC
12.0,6221,epithelial_like
12.0,6222,iPSC
12.0,6223,intermediate_plastic
12.0,6224,iPSC
12.0,6225,epithelial_like
12.0,6226,iPSC
12.0,6227,iPSC
12.0,6228,iPSC
12.0,6229,epithelial_like
12.0,6230,iPSC
12.0,6231,epithelial_like
12.0,6232,epithelial_like
12.0,6233,iPSC
12.0,6234,intermediate_plastic
12.0,6235,MEF
12.0,6236,iPSC
12.0,6237,iPSC
12.0,6238,epithelial_like
12.0,6239,epithelial_like
12.0,6240,iPSC
12.0,6241,iPSC
12.0,6242,iPSC
12.0,6243,epithelial_like
12.0,6244,iPSC
12.0,6245,iPSC
12.0,6246,iPSC
12.0,6247,iPSC
12.0,6248,iPSC
12.0,6249,iPSC
12.0,6250,iPSC
12.0,6251,epithelial_like
12.0,6252,MEF
12.0,6253,epithelial_like
12.0,6254,iPSC
12.0,6255,iPSC
12.0,6256,iPSC
12.0,6257,iPSC
12.0,6258,iPSC
12.0,6259,iPSC
12.0,6260,iPSC
12.0,6261,iPSC
12.0,6262,iPSC
12.0,6263,iPSC
12.0,6264,iPSC
12.0,6265,iPSC
12.0,6266,iPSC
12.0,6267,iPSC
12.0,6268,iPSC
12.0,6269,epithelial_like
12.0,6270,epithelial_like
12.0,6271,iPSC
12.0,6272,iPSC
12.0,6273,epithelial_like
12.0,6274,epithelial_like
12.0,6275,iPSC
12.0,6276,iPSC
12.0,6277,iPSC
12.0,6278,iPSC
12.0,6279,iPSC
12.0,6280,iPSC
12.0,6281,iPSC
12.0,6282,iPSC
12.0,6283,iPSC
12.0,6284,iPSC
12.0,6285,iPSC
12.0,6286,epithelial_like
12.0,6287,iPSC
12.0,6288,iPSC
12.0,6289,iPSC
12.0,6290,iPSC
12.0,6291,iPSC
12.0,6292,iPSC
12.0,6293,iPSC
12.0,6294,epithelial_like
12.0,6295,intermediate_plastic
12.0,6296,iPSC
12.0,6297,epithelial_like
12.0,6298,iPSC
12.0,6299,iPSC
12.0,6300,iPSC
12.0,6301,iPSC
12.0,6302,epithelial_like
12.0,6303,intermediate_plastic
12.0,6304,epithelial_like
12.0,6305,iPSC
12.0,6306,iPSC
12.0,6307,iPSC
12.0,6308,iPSC
12.0,6309,iPSC
12.0,6310,iPSC
12.0,6311,iPSC
12.0,6312,iPSC
12.0,6313,iPSC
12.0,6314,iPSC
12.0,6315,iPSC
12.0,6316,iPSC
12.0,6317,iPSC
12.0,6318,iPSC
12.0,6319,epithelial_like
12.0,6320,epithelial_like
12.0,6321,iPSC
12.0,6322,iPSC
12.0,6323,iPSC
12.0,6324,intermediate_plastic
12.0,6325,iPSC
12.0,6326,epithelial_like
12.0,6327,epithelial_like
12.0,6328,epithelial_like
12.0,6329,iPSC
12.0,6330,iPSC
12.0,6331,iPSC
12.0,6332,epithelial_like
12.0,6333,epithelial_like
12.0,6334,iPSC
12.0,6335,iPSC
12.0,6336,iPSC
12.0,6337,iPSC
12.0,6338,iPSC
12.0,6339,iPSC
12.0,6340,epithelial_like
12.0,6341,intermediate_plastic
12.0,6342,iPSC
12.0,6343,iPSC
12.0,6344,iPSC
12.0,6345,iPSC
12.0,6346,iPSC
12.0,6347,iPSC
12.0,6348,iPSC
12.0,6349,iPSC
12.0,6350,iPSC
12.0,6351,iPSC
12.0,6352,iPSC
12.0,6353,iPSC
12.0,6354,iPSC
12.0,6355,iPSC
12.0,6356,iPSC
12.0,6357,iPSC
12.0,6358,iPSC
12.0,6359,iPSC
12.0,6360,intermediate_plastic
12.0,6361,iPSC
12.0,6362,iPSC
12.0,6363,iPSC
12.0,6364,iPSC
12.0,6365,iPSC
12.0,6366,iPSC
12.0,6367,iPSC
12.0,6368,iPSC
12.0,6369,iPSC
12.0,6370,iPSC
12.0,6371,iPSC
12.0,6372,iPSC
12.0,6373,iPSC
12.0,6374,iPSC
12.0,6375,iPSC
12.0,6376,intermediate_plastic
12.0,6377,iPSC
12.0,6378,epithelial_like
12.0,6379,iPSC
12.0,6380,iPSC
12.0,6381,iPSC
12.0,6382,epithelial_like
12.0,6383,epithelial_like
12.0,6384,iPSC
12.0,6385,iPSC
12.0,6386,iPSC
12.0,6387,iPSC
12.0,6388,iPSC
12.0,6389,epithelial_like
12.0,6390,iPSC
12.0,6391,MEF
12.0,6392,epithelial_like
12.0,6393,epithelial_like
12.0,6394,epithelial_like
12.0,6395,iPSC
12.0,6396,iPSC
12.0,6397,epithelial_like
12.0,6398,iPSC
12.0,6399,epithelial_like
12.0,6400,iPSC
12.0,6401,iPSC
12.0,6402,iPSC
12.0,6403,iPSC
12.0,6404,epithelial_like
12.0,6405,epithelial_like
12.0,6406,intermediate_plastic
12.0,6407,iPSC
12.0,6408,iPSC
12.0,6409,iPSC
12.0,6410,iPSC
12.0,6411,iPSC
12.0,6412,iPSC
12.0,6413,iPSC
12.0,6414,iPSC
12.0,6415,iPSC
12.0,6416,iPSC
12.0,6417,iPSC
12.0,6418,intermediate_plastic
12.0,6419,intermediate_plastic
12.0,6420,iPSC
12.0,6421,iPSC
12.0,6422,epithelial_like
12.0,6423,epithelial_like
12.0,6424,iPSC
12.0,6425,iPSC
12.0,6426,iPSC
12.0,6427,iPSC
12.0,6428,epithelial_like
12.0,6429,iPSC
12.0,6430,iPSC
12.0,6431,iPSC
12.0,6432,intermediate_plastic
12.0,6433,iPSC
12.0,6434,iPSC
12.0,6435,iPSC
12.0,6436,iPSC
12.0,6437,iPSC
12.0,6438,iPSC
12.0,6439,iPSC
12.0,6440,epithelial_like
12.0,6441,epithelial_like
12.0,6442,epithelial_like
12.0,6443,iPSC
12.0,6444,iPSC
12.0,6445,epithelial_like
12.0,6446,iPSC
12.0,6447,iPSC
12.0,6448,iPSC
12.0,6449,epithelial_like
12.0,6450,iPSC
12.0,6451,epithelial_like
12.0,6452,iPSC
12.0,6453,iPSC
12.0,6454,iPSC
12.0,6455,iPSC
12.0,6456,intermediate_plastic
12.0,6457,epithelial_like
12.0,6458,epithelial_like
12.0,6459,MEF
12.0,6460,epithelial_like
12.0,6461,intermediate_plastic
12.0,6462,iPSC
12.0,6463,epithelial_like
12.0,6464,iPSC
12.0,6465,iPSC
12.0,6466,iPSC
12.0,6467,iPSC
12.0,6468,intermediate_plastic
12.0,6469,iPSC
12.0,6470,epithelial_like
12.0,6471,epithelial_like
12.0,6472,iPSC
12.0,6473,iPSC
12.0,6474,epithelial_like
12.0,6475,epithelial_like
12.0,6476,iPSC
12.0,6477,iPSC
12.0,6478,iPSC
12.0,6479,iPSC
12.0,6480,iPSC
12.0,6481,epithelial_like
12.0,6482,iPSC
12.0,6483,iPSC
12.0,6484,iPSC
12.0,6485,iPSC
12.0,6486,iPSC
12.0,6487,iPSC
12.0,6488,iPSC
12.0,6489,iPSC
12.0,6490,iPSC
12.0,6491,iPSC
12.0,6492,iPSC
12.0,6493,iPSC
12.0,6494,epithelial_like
12.0,6495,iPSC
12.0,6496,epithelial_like
12.0,6497,epithelial_like
12.0,6498,iPSC
12.0,6499,iPSC
12.0,6500,iPSC
12.0,6501,iPSC
12.0,6502,iPSC
12.0,6503,iPSC
12.0,6504,iPSC
12.0,6505,iPSC
12.0,6506,iPSC
12.0,6507,epithelial_like
12.0,6508,iPSC
12.0,6509,iPSC
12.0,6510,iPSC
12.0,6511,iPSC
12.0,6512,iPSC
12.0,6513,iPSC
12.0,6514,iPSC
12.0,6515,iPSC
12.0,6516,iPSC
12.0,6517,iPSC
12.0,6518,iPSC
12.0,6519,iPSC
12.0,6520,iPSC
12.0,6521,iPSC
12.0,6522,iPSC
12.0,6523,iPSC
12.0,6524,iPSC
12.0,6525,iPSC
12.0,6526,iPSC
12.0,6527,iPSC
12.0,6528,iPSC
12.0,6529,iPSC
12.0,6530,iPSC
12.0,6531,epithelial_like
12.0,6532,iPSC
12.0,6533,iPSC
12.0,6534,iPSC
12.0,6535,iPSC
12.0,6536,iPSC
12.0,6537,iPSC
12.0,6538,iPSC
12.0,6539,iPSC
12.0,6540,epithelial_like
12.0,6541,iPSC
12.0,6542,iPSC
12.0,6543,epithelial_like
12.0,6544,iPSC
12.0,6545,iPSC
12.0,6546,epithelial_like
12.0,6547,iPSC
12.0,6548,iPSC
12.0,6549,epithelial_like
12.0,6550,iPSC
12.0,6551,epithelial_like
12.0,6552,iPSC
12.0,6553,epithelial_like
12.0,6554,iPSC
12.0,6555,iPSC
12.0,6556,intermediate_plastic
12.0,6557,intermediate_plastic
12.0,6558,iPSC
12.0,6559,MEF
12.0,6560,iPSC
12.0,6561,iPSC
12.0,6562,iPSC
12.0,6563,iPSC
12.0,6564,iPSC
12.0,6565,intermediate_plastic
12.0,6566,iPSC
12.0,6567,iPSC
12.0,6568,iPSC
12.0,6569,intermediate_plastic
12.0,6570,iPSC
12.0,6571,iPSC
12.0,6572,iPSC
12.0,6573,iPSC
12.0,6574,MEF
12.0,6575,iPSC
12.0,6576,intermediate_plastic
12.0,6577,iPSC
12.0,6578,iPSC
12.0,6579,iPSC
12.0,6580,intermediate_plastic
12.0,6581,iPSC
12.0,6582,epithelial_like
12.0,6583,epithelial_like
12.0,6584,iPSC
12.0,6585,iPSC
12.0,6586,epithelial_like
12.0,6587,iPSC
12.0,6588,iPSC
12.0,6589,MEF
12.0,6590,iPSC
12.0,6591,iPSC
12.0,6592,iPSC
12.0,6593,iPSC
12.0,6594,intermediate_plastic
12.0,6595,iPSC
12.0,6596,iPSC
12.0,6597,iPSC
12.0,6598,iPSC
12.0,6599,iPSC
12.0,6600,iPSC
12.0,6601,iPSC
12.0,6602,iPSC
12.0,6603,iPSC
12.0,6604,iPSC
12.0,6605,iPSC
12.0,6606,epithelial_like
12.0,6607,iPSC
12.0,6608,iPSC
12.0,6609,iPSC
12.0,6610,epithelial_like
12.0,6611,iPSC
12.0,6612,iPSC
12.0,6613,iPSC
12.0,6614,iPSC
12.0,6615,iPSC
12.0,6616,iPSC
12.0,6617,epithelial_like
12.0,6618,epithelial_like
12.0,6619,iPSC
12.0,6620,iPSC
12.0,6621,iPSC
12.0,6622,iPSC
12.0,6623,iPSC
12.0,6624,iPSC
12.0,6625,iPSC
12.0,6626,epithelial_like
12.0,6627,iPSC
12.0,6628,iPSC
12.0,6629,iPSC
12.0,6630,iPSC
12.0,6631,iPSC
12.0,6632,iPSC
12.0,6633,epithelial_like
12.0,6634,iPSC
12.0,6635,iPSC
12.0,6636,epithelial_like
12.0,6637,iPSC
12.0,6638,iPSC
12.0,6639,iPSC
12.0,6640,iPSC
12.0,6641,iPSC
12.0,6642,iPSC
12.0,6643,iPSC
12.0,6644,iPSC
12.0,6645,iPSC
12.0,6646,iPSC
12.0,6647,intermediate_plastic
12.0,6648,iPSC
12.0,6649,iPSC
12.0,6650,MEF
12.0,6651,intermediate_plastic
12.0,6652,iPSC
12.0,6653,iPSC
12.0,6654,iPSC
12.0,6655,MEF
12.0,6656,epithelial_like
12.0,6657,epithelial_like
12.0,6658,iPSC
12.0,6659,iPSC
12.0,6660,iPSC
12.0,6661,epithelial_like
12.0,6662,epithelial_like
12.0,6663,intermediate_plastic
12.0,6664,intermediate_plastic
12.0,6665,iPSC
12.0,6666,intermediate_plastic
12.0,6667,iPSC
12.0,6668,iPSC
12.0,6669,iPSC
12.0,6670,iPSC
12.0,6671,iPSC
12.0,6672,iPSC
12.0,6673,iPSC
12.0,6674,iPSC
12.0,6675,iPSC
12.0,6676,iPSC
12.0,6677,iPSC
12.0,6678,intermediate_plastic
12.0,6679,epithelial_like
12.0,6680,intermediate_plastic
12.0,6681,iPSC
12.0,6682,iPSC
12.0,6683,iPSC
12.0,6684,epithelial_like
12.0,6685,iPSC
12.0,6686,epithelial_like
12.0,6687,iPSC
12.0,6688,MEF
12.0,6689,iPSC
12.0,6690,iPSC
12.0,6691,iPSC
12.0,6692,iPSC
12.0,6693,iPSC
12.0,6694,intermediate_plastic
12.0,6695,MEF
12.0,6696,epithelial_like
12.0,6697,iPSC
12.0,6698,iPSC
12.0,6699,iPSC
12.0,6700,iPSC
12.0,6701,iPSC
12.0,6702,iPSC
12.0,6703,iPSC
12.0,6704,iPSC
12.0,6705,epithelial_like
12.0,6706,epithelial_like
12.0,6707,iPSC
12.0,6708,intermediate_plastic
12.0,6709,iPSC
12.0,6710,iPSC
12.0,6711,iPSC
12.0,6712,iPSC
12.0,6713,iPSC
12.0,6714,iPSC
12.0,6715,iPSC
12.0,6716,epithelial_like
12.0,6717,iPSC
12.0,6718,intermediate_plastic
12.0,6719,iPSC
12.0,6720,iPSC
12.0,6721,iPSC
12.0,6722,iPSC
12.0,6723,iPSC
12.0,6724,iPSC
12.0,6725,iPSC
12.0,6726,iPSC
12.0,6727,iPSC
12.0,6728,iPSC
12.0,6729,iPSC
12.0,6730,iPSC
12.0,6731,iPSC
12.0,6732,iPSC
12.0,6733,iPSC
12.0,6734,MEF
12.0,6735,iPSC
12.0,6736,iPSC
12.0,6737,iPSC
12.0,6738,iPSC
12.0,6739,iPSC
12.0,6740,iPSC
12.0,6741,iPSC
12.0,6742,iPSC
12.0,6743,iPSC
12.0,6744,iPSC
12.0,6745,epithelial_like
12.0,6746,iPSC
12.0,6747,iPSC
12.0,6748,iPSC
12.0,6749,iPSC
12.0,6750,iPSC
12.0,6751,iPSC
12.0,6752,iPSC
12.0,6753,iPSC
12.0,6754,iPSC
12.0,6755,intermediate_plastic
12.0,6756,iPSC
12.0,6757,iPSC
12.0,6758,iPSC
12.0,6759,iPSC
12.0,6760,epithelial_like
12.0,6761,iPSC
12.0,6762,iPSC
12.0,6763,iPSC
12.0,6764,iPSC
12.0,6765,epithelial_like
12.0,6766,epithelial_like
12.0,6767,iPSC
12.0,6768,iPSC
12.0,6769,iPSC
12.0,6770,iPSC
12.0,6771,iPSC
12.0,6772,iPSC
12.0,6773,iPSC
12.0,6774,iPSC
12.0,6775,iPSC
12.0,6776,intermediate_plastic
12.0,6777,iPSC
12.0,6778,iPSC
12.0,6779,iPSC
12.0,6780,MEF
12.0,6781,MEF
12.0,6782,epithelial_like
12.0,6783,epithelial_like
12.0,6784,iPSC
12.0,6785,MEF
12.0,6786,iPSC
12.0,6787,iPSC
12.0,6788,iPSC
12.0,6789,iPSC
12.0,6790,iPSC
12.0,6791,iPSC
12.0,6792,intermediate_plastic
12.0,6793,iPSC
12.0,6794,epithelial_like
12.0,6795,iPSC
12.0,6796,iPSC
12.0,6797,iPSC
12.0,6798,iPSC
12.0,6799,iPSC
12.0,6800,iPSC
12.0,6801,iPSC
12.0,6802,intermediate_plastic
12.0,6803,intermediate_plastic
12.0,6804,MEF
12.0,6805,iPSC
12.0,6806,epithelial_like
12.0,6807,epithelial_like
12.0,6808,epithelial_like
12.0,6809,epithelial_like
12.0,6810,intermediate_plastic
12.0,6811,iPSC
12.0,6812,iPSC
12.0,6813,intermediate_plastic
12.0,6814,iPSC
12.0,6815,iPSC
12.0,6816,epithelial_like
12.0,6817,iPSC
12.0,6818,epithelial_like
12.0,6819,iPSC
12.0,6820,iPSC
12.0,6821,intermediate_plastic
12.0,6822,epithelial_like
12.0,6823,iPSC
12.0,6824,iPSC
12.0,6825,iPSC
12.0,6826,iPSC
12.0,6827,iPSC
12.0,6828,iPSC
12.0,6829,iPSC
12.0,6830,iPSC
12.0,6831,epithelial_like
12.0,6832,epithelial_like
12.0,6833,epithelial_like
12.0,6834,epithelial_like
12.0,6835,iPSC
12.0,6836,iPSC
12.0,6837,iPSC
12.0,6838,iPSC
12.0,6839,iPSC
12.0,6840,iPSC
12.0,6841,iPSC
12.0,6842,iPSC
12.0,6843,iPSC
12.0,6844,epithelial_like
12.0,6845,iPSC
12.0,6846,iPSC
12.0,6847,iPSC
12.0,6848,iPSC
12.0,6849,iPSC
12.0,6850,iPSC
12.0,6851,iPSC
12.0,6852,epithelial_like
12.0,6853,iPSC
12.0,6854,iPSC
12.0,6855,iPSC
12.0,6856,epithelial_like
12.0,6857,iPSC
12.0,6858,iPSC
12.0,6859,intermediate_plastic
12.0,6860,iPSC
12.0,6861,iPSC
12.0,6862,intermediate_plastic
12.0,6863,MEF
12.0,6864,iPSC
12.0,6865,iPSC
12.0,6866,iPSC
12.0,6867,iPSC
12.0,6868,iPSC
12.0,6869,iPSC
12.0,6870,iPSC
12.0,6871,epithelial_like
12.0,6872,epithelial_like
12.0,6873,epithelial_like
12.0,6874,intermediate_plastic
12.0,6875,iPSC
12.0,6876,iPSC
12.0,6877,iPSC
12.0,6878,iPSC
12.0,6879,iPSC
12.0,6880,iPSC
12.0,6881,iPSC
12.0,6882,iPSC
12.0,6883,iPSC
12.0,6884,epithelial_like
12.0,6885,iPSC
12.0,6886,iPSC
12.0,6887,iPSC
12.0,6888,iPSC
12.0,6889,iPSC
12.0,6890,iPSC
12.0,6891,iPSC
12.0,6892,iPSC
12.0,6893,intermediate_plastic
12.0,6894,intermediate_plastic
12.0,6895,iPSC
12.0,6896,iPSC
12.0,6897,iPSC
12.0,6898,iPSC
12.0,6899,iPSC
12.0,6900,iPSC
12.0,6901,iPSC
12.0,6902,epithelial_like
12.0,6903,iPSC
12.0,6904,epithelial_like
12.0,6905,iPSC
12.0,6906,iPSC
12.0,6907,iPSC
12.0,6908,epithelial_like
12.0,6909,iPSC
12.0,6910,iPSC
12.0,6911,iPSC
12.0,6912,iPSC
12.0,6913,iPSC
12.0,6914,iPSC
12.0,6915,iPSC
12.0,6916,iPSC
12.0,6917,iPSC
12.0,6918,iPSC
12.0,6919,intermediate_plastic
12.0,6920,iPSC
12.0,6921,iPSC
12.0,6922,iPSC
12.0,6923,iPSC
12.0,6924,iPSC
12.0,6925,iPSC
12.0,6926,iPSC
12.0,6927,iPSC
12.0,6928,epithelial_like
12.0,6929,epithelial_like
12.0,6930,iPSC
12.0,6931,iPSC
12.0,6932,iPSC
12.0,6933,epithelial_like
12.0,6934,iPSC
12.0,6935,iPSC
12.0,6936,iPSC
12.0,6937,iPSC
12.0,6938,epithelial_like
12.0,6939,epithelial_like
12.0,6940,iPSC
12.0,6941,iPSC
12.0,6942,iPSC
12.0,6943,iPSC
12.0,6944,MEF
12.0,6945,MEF
12.0,6946,iPSC
12.0,6947,iPSC
12.0,6948,iPSC
12.0,6949,iPSC
12.0,6950,iPSC
12.0,6951,iPSC
12.0,6952,iPSC
12.0,6953,iPSC
12.0,6954,epithelial_like
12.0,6955,iPSC
12.0,6956,iPSC
12.0,6957,iPSC
12.0,6958,iPSC
12.0,6959,iPSC
12.0,6960,iPSC
12.0,6961,iPSC
12.0,6962,iPSC
12.0,6963,iPSC
12.0,6964,iPSC
12.0,6965,iPSC
12.0,6966,iPSC
12.0,6967,intermediate_plastic
12.0,6968,iPSC
12.0,6969,iPSC
12.0,6970,iPSC
12.0,6971,iPSC
12.0,6972,epithelial_like
12.0,6973,iPSC
12.0,6974,iPSC
12.0,6975,intermediate_plastic
12.0,6976,MEF
12.0,6977,iPSC
12.0,6978,iPSC
12.0,6979,epithelial_like
12.0,6980,epithelial_like
12.0,6981,iPSC
12.0,6982,iPSC
12.0,6983,iPSC
12.0,6984,iPSC
12.0,6985,epithelial_like
12.0,6986,epithelial_like
12.0,6987,iPSC
12.0,6988,iPSC
12.0,6989,iPSC
12.0,6990,intermediate_plastic
12.0,6991,iPSC
12.0,6992,iPSC
12.0,6993,iPSC
12.0,6994,iPSC
12.0,6995,iPSC
12.0,6996,epithelial_like
12.0,6997,epithelial_like
12.0,6998,epithelial_like
12.0,6999,iPSC
12.0,7000,iPSC
12.0,7001,iPSC
12.0,7002,iPSC
12.0,7003,intermediate_plastic
12.0,7004,iPSC
12.0,7005,iPSC
12.0,7006,epithelial_like
12.0,7007,iPSC
12.0,7008,epithelial_like
12.0,7009,iPSC
12.0,7010,iPSC
12.0,7011,epithelial_like
12.0,7012,epithelial_like
12.0,7013,iPSC
12.0,7014,iPSC
12.0,7015,iPSC
12.0,7016,iPSC
12.0,7017,iPSC
12.0,7018,epithelial_like
12.0,7019,iPSC
12.0,7020,iPSC
12.0,7021,iPSC
12.0,7022,epithelial_like
12.0,7023,iPSC
12.0,7024,iPSC
12.0,7025,epithelial_like
12.0,7026,iPSC
12.0,7027,iPSC
12.0,7028,iPSC
12.0,7029,iPSC
12.0,7030,iPSC
12.0,7031,iPSC
12.0,7032,iPSC
12.0,7033,epithelial_like
12.0,7034,iPSC
12.0,7035,iPSC
12.0,7036,iPSC
12.0,7037,iPSC
12.0,7038,iPSC
12.0,7039,epithelial_like
12.0,7040,iPSC
12.0,7041,iPSC
12.0,7042,iPSC
12.0,7043,iPSC
12.0,7044,iPSC
12.0,7045,iPSC
12.0,7046,iPSC
12.0,7047,iPSC
12.0,7048,iPSC
12.0,7049,iPSC
12.0,7050,intermediate_plastic
12.0,7051,iPSC
12.0,7052,iPSC
12.0,7053,epithelial_like
12.0,7054,iPSC
12.0,7055,iPSC
12.0,7056,iPSC
12.0,7057,epithelial_like
12.0,7058,epithelial_like
12.0,7059,iPSC
12.0,7060,iPSC
12.0,7061,iPSC
12.0,7062,iPSC
12.0,7063,iPSC
12.0,7064,iPSC
12.0,7065,epithelial_like
12.0,7066,epithelial_like
12.0,7067,iPSC
12.0,7068,epithelial_like
12.0,7069,iPSC
12.0,7070,iPSC
12.0,7071,iPSC
12.0,7072,epithelial_like
12.0,7073,iPSC
12.0,7074,iPSC
12.0,7075,iPSC
12.0,7076,epithelial_like
12.0,7077,intermediate_plastic
12.0,7078,epithelial_like
12.0,7079,iPSC
12.0,7080,iPSC
12.0,7081,iPSC
12.0,7082,iPSC
12.0,7083,iPSC
12.0,7084,iPSC
12.0,7085,iPSC
12.0,7086,iPSC
12.0,7087,iPSC
12.0,7088,iPSC
12.0,7089,epithelial_like
12.0,7090,iPSC
12.0,7091,iPSC
12.0,7092,iPSC
12.0,7093,iPSC
12.0,7094,iPSC
12.0,7095,iPSC
12.0,7096,intermediate_plastic
12.0,7097,intermediate_plastic
12.0,7098,epithelial_like
12.0,7099,epithelial_like
12.0,7100,iPSC
12.0,7101,iPSC
12.0,7102,epithelial_like
12.0,7103,iPSC
12.0,7104,iPSC
12.0,7105,iPSC
12.0,7106,epithelial_like
12.0,7107,epithelial_like
12.0,7108,epithelial_like
12.0,7109,iPSC
12.0,7110,iPSC
12.0,7111,iPSC
12.0,7112,epithelial_like
12.0,7113,iPSC
12.0,7114,iPSC
12.0,7115,iPSC
12.0,7116,iPSC
12.0,7117,iPSC
12.0,7118,MEF
12.0,7119,epithelial_like
12.0,7120,iPSC
12.0,7121,iPSC
12.0,7122,iPSC
12.0,7123,epithelial_like
12.0,7124,iPSC
12.0,7125,iPSC
12.0,7126,iPSC
12.0,7127,iPSC
12.0,7128,iPSC
12.0,7129,iPSC
12.0,7130,iPSC
12.0,7131,iPSC
12.0,7132,iPSC
12.0,7133,iPSC
12.0,7134,intermediate_plastic
12.0,7135,iPSC
12.0,7136,iPSC
12.0,7137,iPSC
12.0,7138,epithelial_like
12.0,7139,intermediate_plastic
12.0,7140,epithelial_like
12.0,7141,intermediate_plastic
12.0,7142,iPSC
12.0,7143,iPSC
12.0,7144,iPSC
12.0,7145,iPSC
12.0,7146,iPSC
12.0,7147,iPSC
12.0,7148,epithelial_like
12.0,7149,iPSC
12.0,7150,iPSC
12.0,7151,iPSC
12.0,7152,iPSC
12.0,7153,iPSC
12.0,7154,iPSC
12.0,7155,iPSC
12.0,7156,iPSC
12.0,7157,intermediate_plastic
12.0,7158,iPSC
12.0,7159,iPSC
12.0,7160,iPSC
12.0,7161,iPSC
12.0,7162,intermediate_plastic
12.0,7163,epithelial_like
12.0,7164,iPSC
12.0,7165,iPSC
12.0,7166,iPSC
12.0,7167,epithelial_like
12.0,7168,intermediate_plastic
12.0,7169,iPSC
12.0,7170,iPSC
12.0,7171,iPSC
12.0,7172,intermediate_plastic
12.0,7173,iPSC
12.0,7174,iPSC
12.0,7175,iPSC
12.0,7176,epithelial_like
12.0,7177,iPSC
12.0,7178,iPSC
12.0,7179,iPSC
12.0,7180,iPSC
12.0,7181,epithelial_like
12.0,7182,MEF
12.0,7183,epithelial_like
12.0,7184,iPSC
12.0,7185,iPSC
12.0,7186,intermediate_plastic
12.0,7187,iPSC
12.0,7188,iPSC
12.0,7189,iPSC
12.0,7190,iPSC
12.0,7191,iPSC
12.0,7192,iPSC
12.0,7193,iPSC
12.0,7194,iPSC
12.0,7195,iPSC
12.0,7196,iPSC
12.0,7197,iPSC
12.0,7198,iPSC
12.0,7199,iPSC
12.0,7200,iPSC
12.0,7201,epithelial_like
12.0,7202,epithelial_like
12.0,7203,iPSC
12.0,7204,iPSC
12.0,7205,epithelial_like
12.0,7206,iPSC
12.0,7207,iPSC
12.0,7208,epithelial_like
12.0,7209,intermediate_plastic
12.0,7210,iPSC
12.0,7211,iPSC
12.0,7212,iPSC
12.0,7213,iPSC
12.0,7214,iPSC
12.0,7215,iPSC
12.0,7216,iPSC
12.0,7217,iPSC
12.0,7218,MEF
12.0,7219,iPSC
12.0,7220,iPSC
12.0,7221,epithelial_like
12.0,7222,iPSC
12.0,7223,iPSC
12.0,7224,intermediate_plastic
12.0,7225,intermediate_plastic
12.0,7226,intermediate_plastic
12.0,7227,iPSC
12.0,7228,epithelial_like
12.0,7229,epithelial_like
12.0,7230,MEF
12.0,7231,intermediate_plastic
12.0,7232,iPSC
12.0,7233,iPSC
12.0,7234,epithelial_like
12.0,7235,iPSC
12.0,7236,iPSC
12.0,7237,iPSC
12.0,7238,epithelial_like
12.0,7239,iPSC
12.0,7240,iPSC
12.0,7241,iPSC
12.0,7242,iPSC
12.0,7243,iPSC
12.0,7244,iPSC
12.0,7245,iPSC
12.0,7246,epithelial_like
12.0,7247,iPSC
12.0,7248,epithelial_like
12.0,7249,iPSC
12.0,7250,epithelial_like
12.0,7251,iPSC
12.0,7252,iPSC
12.0,7253,iPSC
12.0,7254,epithelial_like
12.0,7255,epithelial_like
12.0,7256,iPSC
12.0,7257,iPSC
12.0,7258,iPSC
12.0,7259,epithelial_like
12.0,7260,iPSC
12.0,7261,epithelial_like
12.0,7262,epithelial_like
12.0,7263,iPSC
12.0,7264,iPSC
12.0,7265,epithelial_like
12.0,7266,intermediate_plastic
12.0,7267,epithelial_like
12.0,7268,iPSC
12.0,7269,iPSC
12.0,7270,epithelial_like
12.0,7271,iPSC
12.0,7272,iPSC
12.0,7273,iPSC
12.0,7274,iPSC
12.0,7275,iPSC
12.0,7276,iPSC
12.0,7277,epithelial_like
12.0,7278,iPSC
12.0,7279,iPSC
12.0,7280,iPSC
12.0,7281,iPSC
12.0,7282,iPSC
12.0,7283,iPSC
12.0,7284,iPSC
12.0,7285,iPSC
12.0,7286,iPSC
12.0,7287,iPSC
12.0,7288,iPSC
12.0,7289,iPSC
12.0,7290,epithelial_like
12.0,7291,iPSC
12.0,7292,epithelial_like
12.0,7293,iPSC
12.0,7294,iPSC
12.0,7295,iPSC
12.0,7296,iPSC
12.0,7297,MEF
12.0,7298,iPSC
12.0,7299,iPSC
12.0,7300,iPSC
12.0,7301,iPSC
12.0,7302,iPSC
12.0,7303,iPSC
12.0,7304,iPSC
12.0,7305,epithelial_like
12.0,7306,iPSC
12.0,7307,epithelial_like
12.0,7308,iPSC
12.0,7309,iPSC
12.0,7310,iPSC
12.0,7311,iPSC
12.0,7312,iPSC
12.0,7313,iPSC
12.0,7314,iPSC
12.0,7315,iPSC
12.0,7316,iPSC
12.0,7317,iPSC
12.0,7318,iPSC
12.0,7319,iPSC
12.0,7320,MEF
12.0,7321,iPSC
12.0,7322,iPSC
12.0,7323,iPSC
12.0,7324,iPSC
12.0,7325,iPSC
12.0,7326,iPSC
12.0,7327,iPSC
12.0,7328,iPSC
12.0,7329,iPSC
12.0,7330,epithelial_like
12.0,7331,iPSC
12.0,7332,iPSC
12.0,7333,iPSC
12.0,7334,iPSC
12.0,7335,iPSC
12.0,7336,iPSC
12.0,7337,intermediate_plastic
12.0,7338,iPSC
12.0,7339,iPSC
12.0,7340,iPSC
12.0,7341,iPSC
12.0,7342,iPSC
12.0,7343,epithelial_like
12.0,7344,iPSC
12.0,7345,iPSC
12.0,7346,iPSC
12.0,7347,epithelial_like
12.0,7348,intermediate_plastic
12.0,7349,iPSC
12.0,7350,iPSC
12.0,7351,intermediate_plastic
12.0,7352,iPSC
12.0,7353,iPSC
12.0,7354,iPSC
12.0,7355,iPSC
12.0,7356,iPSC
12.0,7357,iPSC
12.0,7358,iPSC
12.0,7359,iPSC
12.0,7360,intermediate_plastic
12.0,7361,iPSC
12.0,7362,epithelial_like
12.0,7363,iPSC
12.0,7364,intermediate_plastic
12.0,7365,iPSC
12.0,7366,iPSC
12.0,7367,iPSC
12.0,7368,iPSC
12.0,7369,iPSC
12.0,7370,iPSC
12.0,7371,iPSC
12.0,7372,iPSC
12.0,7373,iPSC
12.0,7374,intermediate_plastic
12.0,7375,epithelial_like
12.0,7376,iPSC
12.0,7377,epithelial_like
12.0,7378,iPSC
12.0,7379,iPSC
12.0,7380,iPSC
12.0,7381,epithelial_like
12.0,7382,iPSC
12.0,7383,iPSC
12.0,7384,iPSC
12.0,7385,iPSC
12.0,7386,iPSC
12.0,7387,iPSC
12.0,7388,iPSC
12.0,7389,iPSC
12.0,7390,epithelial_like
12.0,7391,iPSC
12.0,7392,iPSC
12.0,7393,iPSC
12.0,7394,iPSC
12.0,7395,iPSC
12.0,7396,iPSC
12.0,7397,iPSC
12.0,7398,iPSC
12.0,7399,iPSC
12.0,7400,epithelial_like
12.0,7401,iPSC
12.0,7402,iPSC
12.0,7403,iPSC
12.0,7404,iPSC
12.0,7405,intermediate_plastic
12.0,7406,iPSC
12.0,7407,iPSC
12.0,7408,iPSC
12.0,7409,iPSC
12.0,7410,iPSC
12.0,7411,iPSC
12.0,7412,iPSC
12.0,7413,iPSC
12.0,7414,iPSC
12.0,7415,iPSC
12.0,7416,iPSC
12.0,7417,iPSC
12.0,7418,iPSC
12.0,7419,iPSC
12.0,7420,epithelial_like
12.0,7421,iPSC
12.0,7422,iPSC
12.0,7423,iPSC
12.0,7424,iPSC
12.0,7425,iPSC
12.0,7426,iPSC
12.0,7427,iPSC
12.0,7428,iPSC
12.0,7429,iPSC
12.0,7430,epithelial_like
12.0,7431,epithelial_like
12.0,7432,epithelial_like
12.0,7433,iPSC
12.0,7434,iPSC
12.0,7435,iPSC
12.0,7436,iPSC
12.0,7437,iPSC
12.0,7438,iPSC
12.0,7439,iPSC
12.0,7440,epithelial_like
12.0,7441,iPSC
12.0,7442,epithelial_like
12.0,7443,iPSC
12.0,7444,iPSC
12.0,7445,iPSC
12.0,7446,iPSC
12.0,7447,iPSC
12.0,7448,iPSC
12.0,7449,iPSC
12.0,7450,iPSC
12.0,7451,iPSC
12.0,7452,iPSC
12.0,7453,iPSC
12.0,7454,epithelial_like
12.0,7455,iPSC
12.0,7456,iPSC
12.0,7457,iPSC
12.0,7458,iPSC
12.0,7459,iPSC
12.0,7460,iPSC
12.0,7461,epithelial_like
12.0,7462,epithelial_like
12.0,7463,epithelial_like
12.0,7464,epithelial_like
12.0,7465,iPSC
12.0,7466,iPSC
12.0,7467,epithelial_like
12.0,7468,iPSC
12.0,7469,iPSC
12.0,7470,iPSC
12.0,7471,epithelial_like
12.0,7472,iPSC
12.0,7473,iPSC
12.0,7474,iPSC
12.0,7475,iPSC
12.0,7476,iPSC
12.0,7477,iPSC
12.0,7478,iPSC
12.0,7479,iPSC
12.0,7480,iPSC
12.0,7481,iPSC
12.0,7482,iPSC
12.0,7483,intermediate_plastic
12.0,7484,iPSC
12.0,7485,iPSC
12.0,7486,iPSC
12.0,7487,iPSC
12.0,7488,epithelial_like
12.0,7489,intermediate_plastic
12.0,7490,iPSC
12.0,7491,iPSC
12.0,7492,iPSC
12.0,7493,iPSC
12.0,7494,epithelial_like
12.0,7495,epithelial_like
12.0,7496,iPSC
12.0,7497,iPSC
12.0,7498,iPSC
12.0,7499,iPSC
12.0,7500,iPSC
12.0,7501,iPSC
12.0,7502,epithelial_like
12.0,7503,iPSC
12.0,7504,iPSC
12.0,7505,iPSC
12.0,7506,epithelial_like
12.0,7507,epithelial_like
12.0,7508,iPSC
12.0,7509,iPSC
12.0,7510,iPSC
12.0,7511,iPSC
12.0,7512,epithelial_like
12.0,7513,epithelial_like
12.0,7514,iPSC
12.0,7515,iPSC
12.0,7516,iPSC
12.0,7517,iPSC
12.0,7518,iPSC
12.0,7519,iPSC
12.0,7520,epithelial_like
12.0,7521,iPSC
12.0,7522,iPSC
12.0,7523,iPSC
12.0,7524,iPSC
12.0,7525,iPSC
12.0,7526,iPSC
12.0,7527,iPSC
12.0,7528,iPSC
12.0,7529,iPSC
12.0,7530,iPSC
12.0,7531,iPSC
12.0,7532,iPSC
12.0,7533,iPSC
12.0,7534,iPSC
12.0,7535,iPSC
12.0,7536,iPSC
12.0,7537,iPSC
12.0,7538,iPSC
12.0,7539,iPSC
12.0,7540,iPSC
12.0,7541,iPSC
12.0,7542,iPSC
12.0,7543,iPSC
12.0,7544,iPSC
12.0,7545,iPSC
12.0,7546,iPSC
12.0,7547,iPSC
12.0,7548,MEF
12.0,7549,iPSC
12.0,7550,iPSC
12.0,7551,iPSC
12.0,7552,iPSC
12.0,7553,iPSC
12.0,7554,intermediate_plastic
12.0,7555,iPSC
12.0,7556,iPSC
12.0,7557,epithelial_like
12.0,7558,iPSC
12.0,7559,iPSC
12.0,7560,iPSC
12.0,7561,iPSC
12.0,7562,iPSC
12.0,7563,epithelial_like
12.0,7564,iPSC
12.0,7565,epithelial_like
12.0,7566,epithelial_like
12.0,7567,iPSC
12.0,7568,epithelial_like
12.0,7569,iPSC
12.0,7570,iPSC
12.0,7571,iPSC
12.0,7572,iPSC
12.0,7573,intermediate_plastic
12.0,7574,epithelial_like
12.0,7575,iPSC
12.0,7576,iPSC
12.0,7577,iPSC
12.0,7578,iPSC
12.0,7579,iPSC
12.0,7580,iPSC
12.0,7581,iPSC
12.0,7582,iPSC
12.0,7583,intermediate_plastic
12.0,7584,iPSC
12.0,7585,iPSC
12.0,7586,iPSC
12.0,7587,iPSC
12.0,7588,iPSC
12.0,7589,iPSC
12.0,7590,iPSC
12.0,7591,iPSC
12.0,7592,iPSC
12.0,7593,iPSC
12.0,7594,MEF
12.0,7595,epithelial_like
12.0,7596,intermediate_plastic
12.0,7597,iPSC
12.0,7598,iPSC
12.0,7599,iPSC
12.0,7600,epithelial_like
12.0,7601,epithelial_like
12.0,7602,iPSC
12.0,7603,iPSC
12.0,7604,epithelial_like
12.0,7605,epithelial_like
12.0,7606,epithelial_like
12.0,7607,epithelial_like
12.0,7608,iPSC
12.0,7609,epithelial_like
12.0,7610,epithelial_like
12.0,7611,iPSC
12.0,7612,iPSC
12.0,7613,iPSC
12.0,7614,iPSC
12.0,7615,iPSC
12.0,7616,MEF
12.0,7617,epithelial_like
12.0,7618,iPSC
12.0,7619,iPSC
12.0,7620,iPSC
12.0,7621,iPSC
12.0,7622,iPSC
12.0,7623,iPSC
12.0,7624,iPSC
12.0,7625,iPSC
12.0,7626,iPSC
12.0,7627,iPSC
12.0,7628,iPSC
12.0,7629,iPSC
12.0,7630,epithelial_like
12.0,7631,iPSC
12.0,7632,iPSC
12.0,7633,iPSC
12.0,7634,iPSC
12.0,7635,iPSC
12.0,7636,iPSC
12.0,7637,iPSC
12.0,7638,epithelial_like
12.0,7639,iPSC
12.0,7640,iPSC
12.0,7641,iPSC
12.0,7642,iPSC
12.0,7643,iPSC
12.0,7644,iPSC
12.0,7645,iPSC
12.0,7646,iPSC
12.0,7647,intermediate_plastic
12.0,7648,iPSC
12.0,7649,iPSC
12.0,7650,iPSC
12.0,7651,iPSC
12.0,7652,iPSC
12.0,7653,epithelial_like
12.0,7654,iPSC
12.0,7655,iPSC
12.0,7656,iPSC
12.0,7657,iPSC
12.0,7658,iPSC
12.0,7659,iPSC
12.0,7660,iPSC
12.0,7661,iPSC
12.0,7662,iPSC
12.0,7663,iPSC
12.0,7664,iPSC
12.0,7665,epithelial_like
12.0,7666,iPSC
12.0,7667,iPSC
12.0,7668,iPSC
12.0,7669,epithelial_like
12.0,7670,iPSC
12.0,7671,iPSC
12.0,7672,iPSC
12.0,7673,epithelial_like
12.0,7674,epithelial_like
12.0,7675,iPSC
12.0,7676,epithelial_like
12.0,7677,iPSC
12.0,7678,MEF
12.0,7679,iPSC
12.0,7680,epithelial_like
12.0,7681,iPSC
12.0,7682,iPSC
12.0,7683,iPSC
12.0,7684,iPSC
12.0,7685,epithelial_like
12.0,7686,iPSC
12.0,7687,iPSC
12.0,7688,iPSC
12.0,7689,iPSC
12.0,7690,MEF
12.0,7691,iPSC
12.0,7692,epithelial_like
12.0,7693,iPSC
12.0,7694,iPSC
12.0,7695,epithelial_like
12.0,7696,epithelial_like
12.0,7697,iPSC
12.0,7698,epithelial_like
12.0,7699,iPSC
12.0,7700,iPSC
12.0,7701,iPSC
12.0,7702,epithelial_like
12.0,7703,intermediate_plastic
12.0,7704,iPSC
12.0,7705,iPSC
12.0,7706,iPSC
12.0,7707,iPSC
12.0,7708,iPSC
12.0,7709,epithelial_like
12.0,7710,iPSC
12.0,7711,iPSC
12.0,7712,iPSC
12.0,7713,iPSC
12.0,7714,iPSC
12.0,7715,iPSC
12.0,7716,iPSC
12.0,7717,iPSC
12.0,7718,iPSC
12.0,7719,epithelial_like
12.0,7720,epithelial_like
12.0,7721,iPSC
12.0,7722,iPSC
12.0,7723,iPSC
12.0,7724,iPSC
12.0,7725,iPSC
12.0,7726,iPSC
12.0,7727,iPSC
12.0,7728,iPSC
12.0,7729,iPSC
12.0,7730,epithelial_like
12.0,7731,epithelial_like
12.0,7732,iPSC
12.0,7733,iPSC
12.0,7734,epithelial_like
12.0,7735,epithelial_like
12.0,7736,iPSC
12.0,7737,iPSC
12.0,7738,iPSC
12.0,7739,iPSC
12.0,7740,epithelial_like
12.0,7741,iPSC
12.0,7742,intermediate_plastic
12.0,7743,epithelial_like
12.0,7744,iPSC
12.0,7745,epithelial_like
12.0,7746,iPSC
12.0,7747,iPSC
12.0,7748,iPSC
12.0,7749,iPSC
12.0,7750,iPSC
12.0,7751,iPSC
12.0,7752,iPSC
12.0,7753,epithelial_like
12.0,7754,epithelial_like
12.0,7755,iPSC
12.0,7756,iPSC
12.0,7757,epithelial_like
12.0,7758,iPSC
12.0,7759,iPSC
12.0,7760,iPSC
12.0,7761,iPSC
12.0,7762,epithelial_like
12.0,7763,iPSC
12.0,7764,epithelial_like
12.0,7765,iPSC
12.0,7766,iPSC
12.0,7767,iPSC
12.0,7768,epithelial_like
12.0,7769,iPSC
12.0,7770,epithelial_like
12.0,7771,iPSC
12.0,7772,epithelial_like
12.0,7773,epithelial_like
12.0,7774,iPSC
12.0,7775,intermediate_plastic
12.0,7776,iPSC
12.0,7777,epithelial_like
12.0,7778,iPSC
12.0,7779,iPSC
12.0,7780,iPSC
12.0,7781,epithelial_like
12.0,7782,iPSC
12.0,7783,iPSC
12.0,7784,iPSC
12.0,7785,iPSC
12.0,7786,intermediate_plastic
12.0,7787,epithelial_like
12.0,7788,iPSC
12.0,7789,iPSC
12.0,7790,epithelial_like
12.0,7791,intermediate_plastic
12.0,7792,iPSC
12.0,7793,iPSC
12.0,7794,iPSC
12.0,7795,epithelial_like
12.0,7796,iPSC
12.0,7797,MEF
12.0,7798,iPSC
12.0,7799,epithelial_like
12.0,7800,iPSC
12.0,7801,epithelial_like
12.0,7802,iPSC
12.0,7803,iPSC
12.0,7804,iPSC
12.0,7805,iPSC
12.0,7806,epithelial_like
12.0,7807,intermediate_plastic
12.0,7808,iPSC
12.0,7809,iPSC
12.0,7810,iPSC
12.0,7811,iPSC
12.0,7812,epithelial_like
12.0,7813,iPSC
12.0,7814,iPSC
12.0,7815,iPSC
12.0,7816,iPSC
12.0,7817,iPSC
12.0,7818,iPSC
12.0,7819,iPSC
12.0,7820,iPSC
12.0,7821,epithelial_like
12.0,7822,iPSC
12.0,7823,iPSC
12.0,7824,epithelial_like
12.0,7825,iPSC
12.0,7826,iPSC
12.0,7827,iPSC
12.0,7828,iPSC
12.0,7829,epithelial_like
12.0,7830,iPSC
12.0,7831,iPSC
12.0,7832,iPSC
12.0,7833,iPSC
12.0,7834,iPSC
12.0,7835,iPSC
12.0,7836,iPSC
12.0,7837,iPSC
12.0,7838,iPSC
12.0,7839,iPSC
12.0,7840,iPSC
12.0,7841,iPSC
12.0,7842,iPSC
12.0,7843,iPSC
12.0,7844,iPSC
12.0,7845,intermediate_plastic
12.0,7846,iPSC
12.0,7847,iPSC
12.0,7848,iPSC
12.0,7849,iPSC
12.0,7850,iPSC
12.0,7851,iPSC
12.0,7852,iPSC
12.0,7853,iPSC
12.0,7854,iPSC
12.0,7855,iPSC
12.0,7856,epithelial_like
12.0,7857,iPSC
12.0,7858,intermediate_plastic
12.0,7859,epithelial_like
12.0,7860,iPSC
12.0,7861,iPSC
12.0,7862,intermediate_plastic
12.0,7863,iPSC
12.0,7864,iPSC
12.0,7865,iPSC
12.0,7866,iPSC
12.0,7867,iPSC
12.0,7868,iPSC
12.0,7869,iPSC
12.0,7870,iPSC
12.0,7871,iPSC
12.0,7872,epithelial_like
12.0,7873,epithelial_like
12.0,7874,iPSC
12.0,7875,iPSC
12.0,7876,iPSC
12.0,7877,iPSC
12.0,7878,iPSC
12.0,7879,iPSC
12.0,7880,iPSC
12.0,7881,iPSC
12.0,7882,iPSC
12.0,7883,iPSC
12.0,7884,iPSC
12.0,7885,iPSC
12.0,7886,iPSC
12.0,7887,iPSC
12.0,7888,iPSC
12.0,7889,iPSC
12.0,7890,iPSC
12.0,7891,iPSC
12.0,7892,MEF
12.0,7893,iPSC
12.0,7894,iPSC
12.0,7895,intermediate_plastic
12.0,7896,iPSC
12.0,7897,epithelial_like
12.0,7898,epithelial_like
12.0,7899,epithelial_like
12.0,7900,epithelial_like
12.0,7901,epithelial_like
12.0,7902,iPSC
12.0,7903,iPSC
12.0,7904,iPSC
12.0,7905,iPSC
12.0,7906,epithelial_like
12.0,7907,iPSC
12.0,7908,iPSC
12.0,7909,epithelial_like
12.0,7910,iPSC
12.0,7911,iPSC
12.0,7912,iPSC
12.0,7913,iPSC
12.0,7914,iPSC
12.0,7915,MEF
12.0,7916,iPSC
12.0,7917,iPSC
12.0,7918,iPSC
12.0,7919,iPSC
12.0,7920,iPSC
12.0,7921,iPSC
12.0,7922,intermediate_plastic
12.0,7923,MEF
12.0,7924,iPSC
12.0,7925,iPSC
12.0,7926,iPSC
12.0,7927,iPSC
12.0,7928,iPSC
12.0,7929,iPSC
12.0,7930,iPSC
12.0,7931,iPSC
12.0,7932,iPSC
12.0,7933,iPSC
12.0,7934,iPSC
12.0,7935,iPSC
12.0,7936,iPSC
12.0,7937,iPSC
12.0,7938,iPSC
12.0,7939,iPSC
12.0,7940,iPSC
12.0,7941,iPSC
12.0,7942,iPSC
12.0,7943,intermediate_plastic
12.0,7944,iPSC
12.0,7945,iPSC
12.0,7946,iPSC
12.0,7947,iPSC
12.0,7948,iPSC
12.0,7949,iPSC
12.0,7950,iPSC
12.0,7951,iPSC
12.0,7952,iPSC
12.0,7953,epithelial_like
12.0,7954,iPSC
12.0,7955,epithelial_like
12.0,7956,iPSC
12.0,7957,iPSC
12.0,7958,iPSC
12.0,7959,iPSC
12.0,7960,iPSC
12.0,7961,iPSC
12.0,7962,iPSC
12.0,7963,intermediate_plastic
12.0,7964,iPSC
12.0,7965,iPSC
12.0,7966,iPSC
12.0,7967,iPSC
12.0,7968,iPSC
12.0,7969,MEF
12.0,7970,MEF
12.0,7971,iPSC
12.0,7972,epithelial_like
12.0,7973,iPSC
12.0,7974,epithelial_like
12.0,7975,epithelial_like
12.0,7976,iPSC
12.0,7977,iPSC
12.0,7978,iPSC
12.0,7979,intermediate_plastic
12.0,7980,epithelial_like
12.0,7981,intermediate_plastic
12.0,7982,iPSC
12.0,7983,intermediate_plastic
12.0,7984,iPSC
12.0,7985,intermediate_plastic
12.0,7986,iPSC
12.0,7987,iPSC
12.0,7988,epithelial_like
12.0,7989,iPSC
12.0,7990,iPSC
12.0,7991,iPSC
12.0,7992,iPSC
12.0,7993,iPSC
12.0,7994,iPSC
12.0,7995,iPSC
12.0,7996,iPSC
12.0,7997,iPSC
12.0,7998,epithelial_like
12.0,7999,epithelial_like
16.0,8000,iPSC
16.0,8001,iPSC
16.0,8002,iPSC
16.0,8003,iPSC
16.0,8004,iPSC
16.0,8005,iPSC
16.0,8006,iPSC
16.0,8007,iPSC
16.0,8008,iPSC
16.0,8009,iPSC
16.0,8010,iPSC
16.0,8011,iPSC
16.0,8012,iPSC
16.0,8013,iPSC
16.0,8014,iPSC
16.0,8015,iPSC
16.0,8016,iPSC
16.0,8017,iPSC
16.0,8018,iPSC
16.0,8019,iPSC
16.0,8020,iPSC
16.0,8021,iPSC
16.0,8022,iPSC
16.0,8023,iPSC
16.0,8024,iPSC
16.0,8025,iPSC
16.0,8026,iPSC
16.0,8027,iPSC
16.0,8028,iPSC
16.0,8029,iPSC
16.0,8030,iPSC
16.0,8031,iPSC
16.0,8032,iPSC
16.0,8033,iPSC
16.0,8034,iPSC
16.0,8035,iPSC
16.0,8036,iPSC
16.0,8037,iPSC
16.0,8038,iPSC
16.0,8039,iPSC
16.0,8040,iPSC
16.0,8041,iPSC
16.0,8042,iPSC
16.0,8043,iPSC
16.0,8044,iPSC
16.0,8045,iPSC
16.0,8046,iPSC
16.0,8047,iPSC
16.0,8048,iPSC
16.0,8049,iPSC
16.0,8050,iPSC
16.0,8051,iPSC
16.0,8052,iPSC
16.0,8053,iPSC
16.0,8054,iPSC
16.0,8055,iPSC
16.0,8056,iPSC
16.0,8057,iPSC
16.0,8058,iPSC
16.0,8059,MEF
16.0,8060,MEF
16.0,8061,iPSC
16.0,8062,iPSC
16.0,8063,iPSC
16.0,8064,iPSC
16.0,8065,iPSC
16.0,8066,iPSC
16.0,8067,iPSC
16.0,8068,iPSC
16.0,8069,iPSC
16.0,8070,iPSC
16.0,8071,iPSC
16.0,8072,iPSC
16.0,8073,iPSC
16.0,8074,iPSC
16.0,8075,iPSC
16.0,8076,iPSC
16.0,8077,epithelial_like
16.0,8078,iPSC
16.0,8079,iPSC
16.0,8080,iPSC
16.0,8081,iPSC
16.0,8082,iPSC
16.0,8083,iPSC
16.0,8084,iPSC
16.0,8085,iPSC
16.0,8086,iPSC
16.0,8087,iPSC
16.0,8088,iPSC
16.0,8089,iPSC
16.0,8090,iPSC
16.0,8091,iPSC
16.0,8092,iPSC
16.0,8093,iPSC
16.0,8094,iPSC
16.0,8095,iPSC
16.0,8096,iPSC
16.0,8097,iPSC
16.0,8098,iPSC
16.0,8099,iPSC
16.0,8100,iPSC
16.0,8101,iPSC
16.0,8102,iPSC
16.0,8103,iPSC
16.0,8104,iPSC
16.0,8105,iPSC
16.0,8106,iPSC
16.0,8107,iPSC
16.0,8108,iPSC
16.0,8109,iPSC
16.0,8110,iPSC
16.0,8111,iPSC
16.0,8112,iPSC
16.0,8113,iPSC
16.0,8114,iPSC
16.0,8115,iPSC
16.0,8116,iPSC
16.0,8117,iPSC
16.0,8118,iPSC
16.0,8119,iPSC
16.0,8120,iPSC
16.0,8121,iPSC
16.0,8122,iPSC
16.0,8123,iPSC
16.0,8124,iPSC
16.0,8125,iPSC
16.0,8126,iPSC
16.0,8127,iPSC
16.0,8128,iPSC
16.0,8129,iPSC
16.0,8130,iPSC
16.0,8131,iPSC
16.0,8132,iPSC
16.0,8133,iPSC
16.0,8134,iPSC
16.0,8135,iPSC
16.0,8136,epithelial_like
16.0,8137,iPSC
16.0,8138,iPSC
16.0,8139,iPSC
16.0,8140,iPSC
16.0,8141,iPSC
16.0,8142,iPSC
16.0,8143,iPSC
16.0,8144,iPSC
16.0,8145,iPSC
16.0,8146,iPSC
16.0,8147,iPSC
16.0,8148,iPSC
16.0,8149,iPSC
16.0,8150,iPSC
16.0,8151,iPSC
16.0,8152,iPSC
16.0,8153,iPSC
16.0,8154,iPSC
16.0,8155,iPSC
16.0,8156,iPSC
16.0,8157,iPSC
16.0,8158,iPSC
16.0,8159,iPSC
16.0,8160,iPSC
16.0,8161,iPSC
16.0,8162,iPSC
16.0,8163,iPSC
16.0,8164,iPSC
16.0,8165,iPSC
16.0,8166,iPSC
16.0,8167,iPSC
16.0,8168,iPSC
16.0,8169,iPSC
16.0,8170,iPSC
16.0,8171,iPSC
16.0,8172,iPSC
16.0,8173,iPSC
16.0,8174,iPSC
16.0,8175,iPSC
16.0,8176,iPSC
16.0,8177,iPSC
16.0,8178,iPSC
16.0,8179,iPSC
16.0,8180,iPSC
16.0,8181,iPSC
16.0,8182,iPSC
16.0,8183,iPSC
16.0,8184,iPSC
16.0,8185,iPSC
16.0,8186,iPSC
16.0,8187,iPSC
16.0,8188,iPSC
16.0,8189,iPSC
16.0,8190,iPSC
16.0,8191,iPSC
16.0,8192,iPSC
16.0,8193,iPSC
16.0,8194,iPSC
16.0,8195,iPSC
16.0,8196,iPSC
16.0,8197,MEF
16.0,8198,iPSC
16.0,8199,iPSC
16.0,8200,iPSC
16.0,8201,iPSC
16.0,8202,iPSC
16.0,8203,iPSC
16.0,8204,iPSC
16.0,8205,MEF
16.0,8206,iPSC
16.0,8207,iPSC
16.0,8208,iPSC
16.0,8209,iPSC
16.0,8210,iPSC
16.0,8211,iPSC
16.0,8212,iPSC
16.0,8213,iPSC
16.0,8214,iPSC
16.0,8215,iPSC
16.0,8216,iPSC
16.0,8217,iPSC
16.0,8218,iPSC
16.0,8219,iPSC
16.0,8220,iPSC
16.0,8221,iPSC
16.0,8222,iPSC
16.0,8223,MEF
16.0,8224,iPSC
16.0,8225,iPSC
16.0,8226,iPSC
16.0,8227,iPSC
16.0,8228,iPSC
16.0,8229,iPSC
16.0,8230,iPSC
16.0,8231,iPSC
16.0,8232,iPSC
16.0,8233,iPSC
16.0,8234,iPSC
16.0,8235,iPSC
16.0,8236,iPSC
16.0,8237,iPSC
16.0,8238,iPSC
16.0,8239,iPSC
16.0,8240,iPSC
16.0,8241,iPSC
16.0,8242,iPSC
16.0,8243,iPSC
16.0,8244,iPSC
16.0,8245,iPSC
16.0,8246,iPSC
16.0,8247,iPSC
16.0,8248,iPSC
16.0,8249,iPSC
16.0,8250,iPSC
16.0,8251,iPSC
16.0,8252,iPSC
16.0,8253,iPSC
16.0,8254,iPSC
16.0,8255,iPSC
16.0,8256,iPSC
16.0,8257,iPSC
16.0,8258,iPSC
16.0,8259,iPSC
16.0,8260,iPSC
16.0,8261,iPSC
16.0,8262,iPSC
16.0,8263,iPSC
16.0,8264,iPSC
16.0,8265,iPSC
16.0,8266,iPSC
16.0,8267,iPSC
16.0,8268,iPSC
16.0,8269,iPSC
16.0,8270,iPSC
16.0,8271,iPSC
16.0,8272,iPSC
16.0,8273,iPSC
16.0,8274,iPSC
16.0,8275,iPSC
16.0,8276,iPSC
16.0,8277,iPSC
16.0,8278,iPSC
16.0,8279,iPSC
16.0,8280,iPSC
16.0,8281,iPSC
16.0,8282,iPSC
16.0,8283,iPSC
16.0,8284,iPSC
16.0,8285,iPSC
16.0,8286,iPSC
16.0,8287,iPSC
16.0,8288,MEF
16.0,8289,iPSC
16.0,8290,iPSC
16.0,8291,iPSC
16.0,8292,iPSC
16.0,8293,iPSC
16.0,8294,iPSC
16.0,8295,iPSC
16.0,8296,iPSC
16.0,8297,iPSC
16.0,8298,iPSC
16.0,8299,iPSC
16.0,8300,iPSC
16.0,8301,iPSC
16.0,8302,iPSC
16.0,8303,iPSC
16.0,8304,iPSC
16.0,8305,iPSC
16.0,8306,iPSC
16.0,8307,MEF
16.0,8308,iPSC
16.0,8309,iPSC
16.0,8310,iPSC
16.0,8311,iPSC
16.0,8312,iPSC
16.0,8313,MEF
16.0,8314,MEF
16.0,8315,iPSC
16.0,8316,iPSC
16.0,8317,iPSC
16.0,8318,iPSC
16.0,8319,iPSC
16.0,8320,iPSC
16.0,8321,iPSC
16.0,8322,iPSC
16.0,8323,iPSC
16.0,8324,iPSC
16.0,8325,iPSC
16.0,8326,iPSC
16.0,8327,iPSC
16.0,8328,iPSC
16.0,8329,iPSC
16.0,8330,iPSC
16.0,8331,iPSC
16.0,8332,iPSC
16.0,8333,iPSC
16.0,8334,iPSC
16.0,8335,iPSC
16.0,8336,iPSC
16.0,8337,iPSC
16.0,8338,iPSC
16.0,8339,epithelial_like
16.0,8340,iPSC
16.0,8341,iPSC
16.0,8342,iPSC
16.0,8343,iPSC
16.0,8344,iPSC
16.0,8345,iPSC
16.0,8346,iPSC
16.0,8347,iPSC
16.0,8348,iPSC
16.0,8349,iPSC
16.0,8350,epithelial_like
16.0,8351,iPSC
16.0,8352,iPSC
16.0,8353,iPSC
16.0,8354,iPSC
16.0,8355,iPSC
16.0,8356,epithelial_like
16.0,8357,iPSC
16.0,8358,iPSC
16.0,8359,iPSC
16.0,8360,iPSC
16.0,8361,iPSC
16.0,8362,iPSC
16.0,8363,iPSC
16.0,8364,iPSC
16.0,8365,iPSC
16.0,8366,iPSC
16.0,8367,iPSC
16.0,8368,iPSC
16.0,8369,iPSC
16.0,8370,iPSC
16.0,8371,epithelial_like
16.0,8372,iPSC
16.0,8373,iPSC
16.0,8374,iPSC
16.0,8375,iPSC
16.0,8376,iPSC
16.0,8377,iPSC
16.0,8378,iPSC
16.0,8379,iPSC
16.0,8380,iPSC
16.0,8381,iPSC
16.0,8382,iPSC
16.0,8383,iPSC
16.0,8384,iPSC
16.0,8385,iPSC
16.0,8386,iPSC
16.0,8387,iPSC
16.0,8388,iPSC
16.0,8389,iPSC
16.0,8390,iPSC
16.0,8391,iPSC
16.0,8392,iPSC
16.0,8393,iPSC
16.0,8394,iPSC
16.0,8395,iPSC
16.0,8396,iPSC
16.0,8397,iPSC
16.0,8398,iPSC
16.0,8399,iPSC
16.0,8400,iPSC
16.0,8401,iPSC
16.0,8402,iPSC
16.0,8403,iPSC
16.0,8404,iPSC
16.0,8405,epithelial_like
16.0,8406,iPSC
16.0,8407,iPSC
16.0,8408,iPSC
16.0,8409,iPSC
16.0,8410,iPSC
16.0,8411,iPSC
16.0,8412,epithelial_like
16.0,8413,iPSC
16.0,8414,epithelial_like
16.0,8415,iPSC
16.0,8416,iPSC
16.0,8417,iPSC
16.0,8418,iPSC
16.0,8419,iPSC
16.0,8420,iPSC
16.0,8421,iPSC
16.0,8422,iPSC
16.0,8423,iPSC
16.0,8424,iPSC
16.0,8425,iPSC
16.0,8426,iPSC
16.0,8427,iPSC
16.0,8428,iPSC
16.0,8429,iPSC
16.0,8430,iPSC
16.0,8431,intermediate_plastic
16.0,8432,intermediate_plastic
16.0,8433,iPSC
16.0,8434,iPSC
16.0,8435,iPSC
16.0,8436,iPSC
16.0,8437,iPSC
16.0,8438,epithelial_like
16.0,8439,iPSC
16.0,8440,iPSC
16.0,8441,iPSC
16.0,8442,MEF
16.0,8443,intermediate_plastic
16.0,8444,iPSC
16.0,8445,iPSC
16.0,8446,iPSC
16.0,8447,iPSC
16.0,8448,iPSC
16.0,8449,iPSC
16.0,8450,iPSC
16.0,8451,iPSC
16.0,8452,iPSC
16.0,8453,iPSC
16.0,8454,iPSC
16.0,8455,iPSC
16.0,8456,iPSC
16.0,8457,iPSC
16.0,8458,iPSC
16.0,8459,iPSC
16.0,8460,iPSC
16.0,8461,iPSC
16.0,8462,iPSC
16.0,8463,iPSC
16.0,8464,iPSC
16.0,8465,iPSC
16.0,8466,iPSC
16.0,8467,iPSC
16.0,8468,iPSC
16.0,8469,epithelial_like
16.0,8470,iPSC
16.0,8471,iPSC
16.0,8472,iPSC
16.0,8473,iPSC
16.0,8474,iPSC
16.0,8475,iPSC
16.0,8476,iPSC
16.0,8477,iPSC
16.0,8478,iPSC
16.0,8479,iPSC
16.0,8480,iPSC
16.0,8481,iPSC
16.0,8482,iPSC
16.0,8483,iPSC
16.0,8484,iPSC
16.0,8485,iPSC
16.0,8486,iPSC
16.0,8487,iPSC
16.0,8488,iPSC
16.0,8489,iPSC
16.0,8490,iPSC
16.0,8491,iPSC
16.0,8492,epithelial_like
16.0,8493,iPSC
16.0,8494,iPSC
16.0,8495,iPSC
16.0,8496,iPSC
16.0,8497,iPSC
16.0,8498,iPSC
16.0,8499,iPSC
16.0,8500,iPSC
16.0,8501,iPSC
16.0,8502,iPSC
16.0,8503,iPSC
16.0,8504,iPSC
16.0,8505,iPSC
16.0,8506,iPSC
16.0,8507,iPSC
16.0,8508,iPSC
16.0,8509,iPSC
16.0,8510,iPSC
16.0,8511,iPSC
16.0,8512,iPSC
16.0,8513,iPSC
16.0,8514,iPSC
16.0,8515,iPSC
16.0,8516,iPSC
16.0,8517,iPSC
16.0,8518,iPSC
16.0,8519,MEF
16.0,8520,iPSC
16.0,8521,iPSC
16.0,8522,iPSC
16.0,8523,iPSC
16.0,8524,iPSC
16.0,8525,iPSC
16.0,8526,iPSC
16.0,8527,iPSC
16.0,8528,iPSC
16.0,8529,iPSC
16.0,8530,iPSC
16.0,8531,iPSC
16.0,8532,iPSC
16.0,8533,iPSC
16.0,8534,iPSC
16.0,8535,iPSC
16.0,8536,iPSC
16.0,8537,iPSC
16.0,8538,iPSC
16.0,8539,iPSC
16.0,8540,iPSC
16.0,8541,MEF
16.0,8542,iPSC
16.0,8543,iPSC
16.0,8544,iPSC
16.0,8545,iPSC
16.0,8546,iPSC
16.0,8547,iPSC
16.0,8548,iPSC
16.0,8549,iPSC
16.0,8550,iPSC
16.0,8551,iPSC
16.0,8552,iPSC
16.0,8553,iPSC
16.0,8554,iPSC
16.0,8555,iPSC
16.0,8556,iPSC
16.0,8557,iPSC
16.0,8558,iPSC
16.0,8559,iPSC
16.0,8560,iPSC
16.0,8561,MEF
16.0,8562,iPSC
16.0,8563,iPSC
16.0,8564,iPSC
16.0,8565,iPSC
16.0,8566,iPSC
16.0,8567,iPSC
16.0,8568,iPSC
16.0,8569,epithelial_like
16.0,8570,iPSC
16.0,8571,iPSC
16.0,8572,iPSC
16.0,8573,iPSC
16.0,8574,iPSC
16.0,8575,iPSC
16.0,8576,epithelial_like
16.0,8577,epithelial_like
16.0,8578,iPSC
16.0,8579,iPSC
16.0,8580,iPSC
16.0,8581,iPSC
16.0,8582,iPSC
16.0,8583,iPSC
16.0,8584,iPSC
16.0,8585,iPSC
16.0,8586,iPSC
16.0,8587,iPSC
16.0,8588,iPSC
16.0,8589,iPSC
16.0,8590,iPSC
16.0,8591,iPSC
16.0,8592,iPSC
16.0,8593,iPSC
16.0,8594,iPSC
16.0,8595,iPSC
16.0,8596,iPSC
16.0,8597,iPSC
16.0,8598,iPSC
16.0,8599,iPSC
16.0,8600,iPSC
16.0,8601,iPSC
16.0,8602,iPSC
16.0,8603,iPSC
16.0,8604,iPSC
16.0,8605,iPSC
16.0,8606,iPSC
16.0,8607,iPSC
16.0,8608,iPSC
16.0,8609,iPSC
16.0,8610,iPSC
16.0,8611,iPSC
16.0,8612,iPSC
16.0,8613,iPSC
16.0,8614,iPSC
16.0,8615,iPSC
16.0,8616,iPSC
16.0,8617,iPSC
16.0,8618,iPSC
16.0,8619,iPSC
16.0,8620,iPSC
16.0,8621,iPSC
16.0,8622,iPSC
16.0,8623,iPSC
16.0,8624,epithelial_like
16.0,8625,iPSC
16.0,8626,iPSC
16.0,8627,iPSC
16.0,8628,iPSC
16.0,8629,iPSC
16.0,8630,iPSC
16.0,8631,iPSC
16.0,8632,iPSC
16.0,8633,iPSC
16.0,8634,iPSC
16.0,8635,iPSC
16.0,8636,iPSC
16.0,8637,iPSC
16.0,8638,iPSC
16.0,8639,iPSC
16.0,8640,iPSC
16.0,8641,iPSC
16.0,8642,iPSC
16.0,8643,iPSC
16.0,8644,iPSC
16.0,8645,iPSC
16.0,8646,iPSC
16.0,8647,intermediate_plastic
16.0,8648,iPSC
16.0,8649,iPSC
16.0,8650,iPSC
16.0,8651,iPSC
16.0,8652,iPSC
16.0,8653,iPSC
16.0,8654,iPSC
16.0,8655,iPSC
16.0,8656,iPSC
16.0,8657,epithelial_like
16.0,8658,iPSC
16.0,8659,iPSC
16.0,8660,iPSC
16.0,8661,iPSC
16.0,8662,iPSC
16.0,8663,iPSC
16.0,8664,iPSC
16.0,8665,iPSC
16.0,8666,iPSC
16.0,8667,iPSC
16.0,8668,iPSC
16.0,8669,iPSC
16.0,8670,iPSC
16.0,8671,iPSC
16.0,8672,iPSC
16.0,8673,iPSC
16.0,8674,iPSC
16.0,8675,iPSC
16.0,8676,iPSC
16.0,8677,iPSC
16.0,8678,iPSC
16.0,8679,iPSC
16.0,8680,iPSC
16.0,8681,iPSC
16.0,8682,iPSC
16.0,8683,iPSC
16.0,8684,iPSC
16.0,8685,iPSC
16.0,8686,iPSC
16.0,8687,iPSC
16.0,8688,iPSC
16.0,8689,iPSC
16.0,8690,iPSC
16.0,8691,iPSC
16.0,8692,iPSC
16.0,8693,iPSC
16.0,8694,iPSC
16.0,8695,iPSC
16.0,8696,iPSC
16.0,8697,iPSC
16.0,8698,iPSC
16.0,8699,iPSC
16.0,8700,iPSC
16.0,8701,iPSC
16.0,8702,iPSC
16.0,8703,iPSC
16.0,8704,epithelial_like
16.0,8705,iPSC
16.0,8706,iPSC
16.0,8707,iPSC
16.0,8708,iPSC
16.0,8709,iPSC
16.0,8710,iPSC
16.0,8711,iPSC
16.0,8712,iPSC
16.0,8713,iPSC
16.0,8714,iPSC
16.0,8715,iPSC
16.0,8716,iPSC
16.0,8717,iPSC
16.0,8718,iPSC
16.0,8719,iPSC
16.0,8720,iPSC
16.0,8721,iPSC
16.0,8722,iPSC
16.0,8723,iPSC
16.0,8724,iPSC
16.0,8725,iPSC
16.0,8726,iPSC
16.0,8727,iPSC
16.0,8728,iPSC
16.0,8729,iPSC
16.0,8730,iPSC
16.0,8731,iPSC
16.0,8732,iPSC
16.0,8733,iPSC
16.0,8734,iPSC
16.0,8735,iPSC
16.0,8736,iPSC
16.0,8737,iPSC
16.0,8738,iPSC
16.0,8739,iPSC
16.0,8740,iPSC
16.0,8741,iPSC
16.0,8742,iPSC
16.0,8743,iPSC
16.0,8744,iPSC
16.0,8745,iPSC
16.0,8746,iPSC
16.0,8747,iPSC
16.0,8748,iPSC
16.0,8749,iPSC
16.0,8750,iPSC
16.0,8751,iPSC
16.0,8752,iPSC
16.0,8753,iPSC
16.0,8754,iPSC
16.0,8755,iPSC
16.0,8756,iPSC
16.0,8757,iPSC
16.0,8758,iPSC
16.0,8759,epithelial_like
16.0,8760,MEF
16.0,8761,iPSC
16.0,8762,iPSC
16.0,8763,iPSC
16.0,8764,iPSC
16.0,8765,iPSC
16.0,8766,iPSC
16.0,8767,iPSC
16.0,8768,iPSC
16.0,8769,iPSC
16.0,8770,iPSC
16.0,8771,iPSC
16.0,8772,iPSC
16.0,8773,iPSC
16.0,8774,iPSC
16.0,8775,iPSC
16.0,8776,iPSC
16.0,8777,iPSC
16.0,8778,iPSC
16.0,8779,iPSC
16.0,8780,iPSC
16.0,8781,iPSC
16.0,8782,iPSC
16.0,8783,iPSC
16.0,8784,iPSC
16.0,8785,iPSC
16.0,8786,iPSC
16.0,8787,iPSC
16.0,8788,iPSC
16.0,8789,iPSC
16.0,8790,iPSC
16.0,8791,iPSC
16.0,8792,iPSC
16.0,8793,iPSC
16.0,8794,iPSC
16.0,8795,iPSC
16.0,8796,iPSC
16.0,8797,iPSC
16.0,8798,iPSC
16.0,8799,iPSC
16.0,8800,iPSC
16.0,8801,iPSC
16.0,8802,iPSC
16.0,8803,iPSC
16.0,8804,iPSC
16.0,8805,iPSC
16.0,8806,iPSC
16.0,8807,intermediate_plastic
16.0,8808,iPSC
16.0,8809,iPSC
16.0,8810,iPSC
16.0,8811,iPSC
16.0,8812,MEF
16.0,8813,iPSC
16.0,8814,iPSC
16.0,8815,iPSC
16.0,8816,iPSC
16.0,8817,intermediate_plastic
16.0,8818,iPSC
16.0,8819,iPSC
16.0,8820,iPSC
16.0,8821,iPSC
16.0,8822,MEF
16.0,8823,iPSC
16.0,8824,iPSC
16.0,8825,iPSC
16.0,8826,iPSC
16.0,8827,iPSC
16.0,8828,iPSC
16.0,8829,iPSC
16.0,8830,iPSC
16.0,8831,iPSC
16.0,8832,iPSC
16.0,8833,iPSC
16.0,8834,iPSC
16.0,8835,iPSC
16.0,8836,iPSC
16.0,8837,iPSC
16.0,8838,iPSC
16.0,8839,iPSC
16.0,8840,iPSC
16.0,8841,iPSC
16.0,8842,iPSC
16.0,8843,iPSC
16.0,8844,iPSC
16.0,8845,iPSC
16.0,8846,iPSC
16.0,8847,intermediate_plastic
16.0,8848,intermediate_plastic
16.0,8849,iPSC
16.0,8850,iPSC
16.0,8851,iPSC
16.0,8852,iPSC
16.0,8853,iPSC
16.0,8854,iPSC
16.0,8855,iPSC
16.0,8856,iPSC
16.0,8857,iPSC
16.0,8858,iPSC
16.0,8859,iPSC
16.0,8860,iPSC
16.0,8861,iPSC
16.0,8862,iPSC
16.0,8863,iPSC
16.0,8864,iPSC
16.0,8865,iPSC
16.0,8866,iPSC
16.0,8867,iPSC
16.0,8868,iPSC
16.0,8869,iPSC
16.0,8870,iPSC
16.0,8871,iPSC
16.0,8872,iPSC
16.0,8873,iPSC
16.0,8874,iPSC
16.0,8875,iPSC
16.0,8876,iPSC
16.0,8877,iPSC
16.0,8878,iPSC
16.0,8879,iPSC
16.0,8880,iPSC
16.0,8881,iPSC
16.0,8882,intermediate_plastic
16.0,8883,iPSC
16.0,8884,iPSC
16.0,8885,iPSC
16.0,8886,iPSC
16.0,8887,iPSC
16.0,8888,iPSC
16.0,8889,iPSC
16.0,8890,iPSC
16.0,8891,iPSC
16.0,8892,iPSC
16.0,8893,iPSC
16.0,8894,epithelial_like
16.0,8895,epithelial_like
16.0,8896,iPSC
16.0,8897,iPSC
16.0,8898,iPSC
16.0,8899,iPSC
16.0,8900,iPSC
16.0,8901,iPSC
16.0,8902,iPSC
16.0,8903,iPSC
16.0,8904,iPSC
16.0,8905,iPSC
16.0,8906,iPSC
16.0,8907,iPSC
16.0,8908,iPSC
16.0,8909,iPSC
16.0,8910,iPSC
16.0,8911,iPSC
16.0,8912,iPSC
16.0,8913,iPSC
16.0,8914,iPSC
16.0,8915,iPSC
16.0,8916,iPSC
16.0,8917,iPSC
16.0,8918,iPSC
16.0,8919,iPSC
16.0,8920,iPSC
16.0,8921,iPSC
16.0,8922,iPSC
16.0,8923,iPSC
16.0,8924,iPSC
16.0,8925,iPSC
16.0,8926,iPSC
16.0,8927,iPSC
16.0,8928,iPSC
16.0,8929,iPSC
16.0,8930,iPSC
16.0,8931,iPSC
16.0,8932,iPSC
16.0,8933,iPSC
16.0,8934,iPSC
16.0,8935,iPSC
16.0,8936,iPSC
16.0,8937,iPSC
16.0,8938,iPSC
16.0,8939,iPSC
16.0,8940,iPSC
16.0,8941,iPSC
16.0,8942,iPSC
16.0,8943,iPSC
16.0,8944,iPSC
16.0,8945,iPSC
16.0,8946,iPSC
16.0,8947,iPSC
16.0,8948,iPSC
16.0,8949,iPSC
16.0,8950,iPSC
16.0,8951,iPSC
16.0,8952,iPSC
16.0,8953,iPSC
16.0,8954,iPSC
16.0,8955,iPSC
16.0,8956,iPSC
16.0,8957,iPSC
16.0,8958,iPSC
16.0,8959,iPSC
16.0,8960,iPSC
16.0,8961,iPSC
16.0,8962,iPSC
16.0,8963,iPSC
16.0,8964,iPSC
16.0,8965,iPSC
16.0,8966,iPSC
16.0,8967,iPSC
16.0,8968,iPSC
16.0,8969,iPSC
16.0,8970,iPSC
16.0,8971,iPSC
16.0,8972,iPSC
16.0,8973,iPSC
16.0,8974,iPSC
16.0,8975,iPSC
16.0,8976,iPSC
16.0,8977,iPSC
16.0,8978,iPSC
16.0,8979,iPSC
16.0,8980,iPSC
16.0,8981,iPSC
16.0,8982,iPSC
16.0,8983,iPSC
16.0,8984,iPSC
16.0,8985,iPSC
16.0,8986,iPSC
16.0,8987,iPSC
16.0,8988,iPSC
16.0,8989,iPSC
16.0,8990,iPSC
16.0,8991,iPSC
16.0,8992,epithelial_like
16.0,8993,iPSC
16.0,8994,iPSC
16.0,8995,iPSC
16.0,8996,iPSC
16.0,8997,iPSC
16.0,8998,iPSC
16.0,8999,iPSC
16.0,9000,iPSC
16.0,9001,iPSC
16.0,9002,iPSC
16.0,9003,iPSC
16.0,9004,iPSC
16.0,9005,iPSC
16.0,9006,iPSC
16.0,9007,iPSC
16.0,9008,iPSC
16.0,9009,iPSC
16.0,9010,iPSC
16.0,9011,iPSC
16.0,9012,iPSC
16.0,9013,iPSC
16.0,9014,iPSC
16.0,9015,iPSC
16.0,9016,iPSC
16.0,9017,iPSC
16.0,9018,iPSC
16.0,9019,iPSC
16.0,9020,iPSC
16.0,9021,MEF
16.0,9022,iPSC
16.0,9023,iPSC
16.0,9024,iPSC
16.0,9025,iPSC
16.0,9026,iPSC
16.0,9027,iPSC
16.0,9028,iPSC
16.0,9029,iPSC
16.0,9030,iPSC
16.0,9031,iPSC
16.0,9032,iPSC
16.0,9033,iPSC
16.0,9034,iPSC
16.0,9035,iPSC
16.0,9036,iPSC
16.0,9037,iPSC
16.0,9038,iPSC
16.0,9039,iPSC
16.0,9040,iPSC
16.0,9041,iPSC
16.0,9042,iPSC
16.0,9043,MEF
16.0,9044,MEF
16.0,9045,iPSC
16.0,9046,iPSC
16.0,9047,iPSC
16.0,9048,iPSC
16.0,9049,iPSC
16.0,9050,iPSC
16.0,9051,iPSC
16.0,9052,iPSC
16.0,9053,iPSC
16.0,9054,iPSC
16.0,9055,iPSC
16.0,9056,iPSC
16.0,9057,iPSC
16.0,9058,iPSC
16.0,9059,iPSC
16.0,9060,iPSC
16.0,9061,iPSC
16.0,9062,iPSC
16.0,9063,iPSC
16.0,9064,iPSC
16.0,9065,iPSC
16.0,9066,iPSC
16.0,9067,iPSC
16.0,9068,iPSC
16.0,9069,iPSC
16.0,9070,iPSC
16.0,9071,iPSC
16.0,9072,iPSC
16.0,9073,iPSC
16.0,9074,iPSC
16.0,9075,iPSC
16.0,9076,iPSC
16.0,9077,iPSC
16.0,9078,iPSC
16.0,9079,iPSC
16.0,9080,iPSC
16.0,9081,iPSC
16.0,9082,epithelial_like
16.0,9083,iPSC
16.0,9084,iPSC
16.0,9085,iPSC
16.0,9086,iPSC
16.0,9087,iPSC
16.0,9088,iPSC
16.0,9089,iPSC
16.0,9090,iPSC
16.0,9091,iPSC
16.0,9092,iPSC
16.0,9093,iPSC
16.0,9094,iPSC
16.0,9095,iPSC
16.0,9096,iPSC
16.0,9097,iPSC
16.0,9098,MEF
16.0,9099,iPSC
16.0,9100,iPSC
16.0,9101,iPSC
16.0,9102,iPSC
16.0,9103,iPSC
16.0,9104,iPSC
16.0,9105,iPSC
16.0,9106,iPSC
16.0,9107,iPSC
16.0,9108,iPSC
16.0,9109,iPSC
16.0,9110,iPSC
16.0,9111,iPSC
16.0,9112,iPSC
16.0,9113,iPSC
16.0,9114,iPSC
16.0,9115,iPSC
16.0,9116,iPSC
16.0,9117,intermediate_plastic
16.0,9118,intermediate_plastic
16.0,9119,iPSC
16.0,9120,iPSC
16.0,9121,iPSC
16.0,9122,iPSC
16.0,9123,iPSC
16.0,9124,iPSC
16.0,9125,iPSC
16.0,9126,iPSC
16.0,9127,epithelial_like
16.0,9128,iPSC
16.0,9129,iPSC
16.0,9130,iPSC
16.0,9131,iPSC
16.0,9132,iPSC
16.0,9133,iPSC
16.0,9134,iPSC
16.0,9135,iPSC
16.0,9136,iPSC
16.0,9137,iPSC
16.0,9138,iPSC
16.0,9139,iPSC
16.0,9140,iPSC
16.0,9141,iPSC
16.0,9142,iPSC
16.0,9143,iPSC
16.0,9144,iPSC
16.0,9145,iPSC
16.0,9146,iPSC
16.0,9147,iPSC
16.0,9148,iPSC
16.0,9149,iPSC
16.0,9150,iPSC
16.0,9151,iPSC
16.0,9152,iPSC
16.0,9153,iPSC
16.0,9154,iPSC
16.0,9155,iPSC
16.0,9156,iPSC
16.0,9157,iPSC
16.0,9158,iPSC
16.0,9159,iPSC
16.0,9160,iPSC
16.0,9161,MEF
16.0,9162,iPSC
16.0,9163,iPSC
16.0,9164,iPSC
16.0,9165,iPSC
16.0,9166,iPSC
16.0,9167,iPSC
16.0,9168,iPSC
16.0,9169,iPSC
16.0,9170,iPSC
16.0,9171,iPSC
16.0,9172,iPSC
16.0,9173,iPSC
16.0,9174,iPSC
16.0,9175,iPSC
16.0,9176,iPSC
16.0,9177,iPSC
16.0,9178,iPSC
16.0,9179,iPSC
16.0,9180,iPSC
16.0,9181,iPSC
16.0,9182,iPSC
16.0,9183,iPSC
16.0,9184,iPSC
16.0,9185,iPSC
16.0,9186,iPSC
16.0,9187,iPSC
16.0,9188,iPSC
16.0,9189,iPSC
16.0,9190,iPSC
16.0,9191,iPSC
16.0,9192,iPSC
16.0,9193,iPSC
16.0,9194,iPSC
16.0,9195,iPSC
16.0,9196,iPSC
16.0,9197,iPSC
16.0,9198,iPSC
16.0,9199,iPSC
16.0,9200,iPSC
16.0,9201,iPSC
16.0,9202,iPSC
16.0,9203,iPSC
16.0,9204,iPSC
16.0,9205,iPSC
16.0,9206,iPSC
16.0,9207,iPSC
16.0,9208,iPSC
16.0,9209,iPSC
16.0,9210,iPSC
16.0,9211,iPSC
16.0,9212,iPSC
16.0,9213,iPSC
16.0,9214,iPSC
16.0,9215,iPSC
16.0,9216,iPSC
16.0,9217,iPSC
16.0,9218,iPSC
16.0,9219,iPSC
16.0,9220,iPSC
16.0,9221,iPSC
16.0,9222,iPSC
16.0,9223,iPSC
16.0,9224,iPSC
16.0,9225,iPSC
16.0,9226,iPSC
16.0,9227,iPSC
16.0,9228,iPSC
16.0,9229,iPSC
16.0,9230,iPSC
16.0,9231,iPSC
16.0,9232,iPSC
16.0,9233,iPSC
16.0,9234,iPSC
16.0,9235,epithelial_like
16.0,9236,epithelial_like
16.0,9237,iPSC
16.0,9238,iPSC
16.0,9239,iPSC
16.0,9240,iPSC
16.0,9241,iPSC
16.0,9242,iPSC
16.0,9243,iPSC
16.0,9244,iPSC
16.0,9245,iPSC
16.0,9246,iPSC
16.0,9247,iPSC
16.0,9248,iPSC
16.0,9249,iPSC
16.0,9250,iPSC
16.0,9251,iPSC
16.0,9252,iPSC
16.0,9253,iPSC
16.0,9254,iPSC
16.0,9255,iPSC
16.0,9256,iPSC
16.0,9257,iPSC
16.0,9258,iPSC
16.0,9259,iPSC
16.0,9260,iPSC
16.0,9261,iPSC
16.0,9262,iPSC
16.0,9263,iPSC
16.0,9264,iPSC
16.0,9265,iPSC
16.0,9266,iPSC
16.0,9267,iPSC
16.0,9268,iPSC
16.0,9269,iPSC
16.0,9270,iPSC
16.0,9271,iPSC
16.0,9272,iPSC
16.0,9273,iPSC
16.0,9274,iPSC
16.0,9275,iPSC
16.0,9276,iPSC
16.0,9277,iPSC
16.0,9278,iPSC
16.0,9279,iPSC
16.0,9280,iPSC
16.0,9281,iPSC
16.0,9282,intermediate_plastic
16.0,9283,iPSC
16.0,9284,iPSC
16.0,9285,iPSC
16.0,9286,iPSC
16.0,9287,iPSC
16.0,9288,iPSC
16.0,9289,iPSC
16.0,9290,iPSC
16.0,9291,iPSC
16.0,9292,iPSC
16.0,9293,iPSC
16.0,9294,iPSC
16.0,9295,iPSC
16.0,9296,iPSC
16.0,9297,iPSC
16.0,9298,iPSC
16.0,9299,iPSC
16.0,9300,iPSC
16.0,9301,iPSC
16.0,9302,iPSC
16.0,9303,iPSC
16.0,9304,iPSC
16.0,9305,iPSC
16.0,9306,iPSC
16.0,9307,iPSC
16.0,9308,iPSC
16.0,9309,iPSC
16.0,9310,iPSC
16.0,9311,iPSC
16.0,9312,iPSC
16.0,9313,iPSC
16.0,9314,iPSC
16.0,9315,iPSC
16.0,9316,iPSC
16.0,9317,iPSC
16.0,9318,iPSC
16.0,9319,iPSC
16.0,9320,iPSC
16.0,9321,iPSC
16.0,9322,iPSC
16.0,9323,iPSC
16.0,9324,iPSC
16.0,9325,iPSC
16.0,9326,iPSC
16.0,9327,iPSC
16.0,9328,iPSC
16.0,9329,iPSC
16.0,9330,iPSC
16.0,9331,iPSC
16.0,9332,iPSC
16.0,9333,iPSC
16.0,9334,iPSC
16.0,9335,MEF
16.0,9336,iPSC
16.0,9337,iPSC
16.0,9338,iPSC
16.0,9339,iPSC
16.0,9340,iPSC
16.0,9341,iPSC
16.0,9342,iPSC
16.0,9343,iPSC
16.0,9344,iPSC
16.0,9345,iPSC
16.0,9346,iPSC
16.0,9347,iPSC
16.0,9348,iPSC
16.0,9349,iPSC
16.0,9350,iPSC
16.0,9351,iPSC
16.0,9352,iPSC
16.0,9353,iPSC
16.0,9354,iPSC
16.0,9355,iPSC
16.0,9356,iPSC
16.0,9357,iPSC
16.0,9358,iPSC
16.0,9359,iPSC
16.0,9360,iPSC
16.0,9361,iPSC
16.0,9362,iPSC
16.0,9363,iPSC
16.0,9364,iPSC
16.0,9365,iPSC
16.0,9366,iPSC
16.0,9367,iPSC
16.0,9368,iPSC
16.0,9369,iPSC
16.0,9370,iPSC
16.0,9371,iPSC
16.0,9372,iPSC
16.0,9373,iPSC
16.0,9374,MEF
16.0,9375,iPSC
16.0,9376,iPSC
16.0,9377,iPSC
16.0,9378,iPSC
16.0,9379,iPSC
16.0,9380,iPSC
16.0,9381,iPSC
16.0,9382,iPSC
16.0,9383,iPSC
16.0,9384,iPSC
16.0,9385,iPSC
16.0,9386,iPSC
16.0,9387,iPSC
16.0,9388,iPSC
16.0,9389,iPSC
16.0,9390,iPSC
16.0,9391,iPSC
16.0,9392,iPSC
16.0,9393,iPSC
16.0,9394,iPSC
16.0,9395,iPSC
16.0,9396,iPSC
16.0,9397,iPSC
16.0,9398,iPSC
16.0,9399,iPSC
16.0,9400,iPSC
16.0,9401,iPSC
16.0,9402,iPSC
16.0,9403,iPSC
16.0,9404,iPSC
16.0,9405,iPSC
16.0,9406,iPSC
16.0,9407,iPSC
16.0,9408,iPSC
16.0,9409,iPSC
16.0,9410,iPSC
16.0,9411,iPSC
16.0,9412,iPSC
16.0,9413,iPSC
16.0,9414,iPSC
16.0,9415,iPSC
16.0,9416,iPSC
16.0,9417,iPSC
16.0,9418,iPSC
16.0,9419,iPSC
16.0,9420,iPSC
16.0,9421,iPSC
16.0,9422,iPSC
16.0,9423,iPSC
16.0,9424,iPSC
16.0,9425,iPSC
16.0,9426,iPSC
16.0,9427,iPSC
16.0,9428,iPSC
16.0,9429,iPSC
16.0,9430,iPSC
16.0,9431,intermediate_plastic
16.0,9432,iPSC
16.0,9433,iPSC
16.0,9434,iPSC
16.0,9435,MEF
16.0,9436,MEF
16.0,9437,iPSC
16.0,9438,iPSC
16.0,9439,iPSC
16.0,9440,iPSC
16.0,9441,iPSC
16.0,9442,iPSC
16.0,9443,iPSC
16.0,9444,iPSC
16.0,9445,iPSC
16.0,9446,iPSC
16.0,9447,iPSC
16.0,9448,iPSC
16.0,9449,iPSC
16.0,9450,iPSC
16.0,9451,iPSC
16.0,9452,iPSC
16.0,9453,iPSC
16.0,9454,iPSC
16.0,9455,iPSC
16.0,9456,iPSC
16.0,9457,iPSC
16.0,9458,iPSC
16.0,9459,iPSC
16.0,9460,iPSC
16.0,9461,iPSC
16.0,9462,iPSC
16.0,9463,iPSC
16.0,9464,iPSC
16.0,9465,iPSC
16.0,9466,iPSC
16.0,9467,iPSC
16.0,9468,iPSC
16.0,9469,iPSC
16.0,9470,iPSC
16.0,9471,iPSC
16.0,9472,iPSC
16.0,9473,iPSC
16.0,9474,iPSC
16.0,9475,iPSC
16.0,9476,iPSC
16.0,9477,iPSC
16.0,9478,iPSC
16.0,9479,iPSC
16.0,9480,iPSC
16.0,9481,iPSC
16.0,9482,iPSC
16.0,9483,iPSC
16.0,9484,iPSC
16.0,9485,iPSC
16.0,9486,iPSC
16.0,9487,iPSC
16.0,9488,iPSC
16.0,9489,iPSC
16.0,9490,iPSC
16.0,9491,iPSC
16.0,9492,iPSC
16.0,9493,iPSC
16.0,9494,iPSC
16.0,9495,iPSC
16.0,9496,iPSC
16.0,9497,iPSC
16.0,9498,iPSC
16.0,9499,iPSC
16.0,9500,iPSC
16.0,9501,iPSC
16.0,9502,iPSC
16.0,9503,iPSC
16.0,9504,iPSC
16.0,9505,iPSC
16.0,9506,iPSC
16.0,9507,iPSC
16.0,9508,iPSC
16.0,9509,iPSC
16.0,9510,iPSC
16.0,9511,iPSC
16.0,9512,iPSC
16.0,9513,iPSC
16.0,9514,iPSC
16.0,9515,iPSC
16.0,9516,iPSC
16.0,9517,iPSC
16.0,9518,iPSC
16.0,9519,iPSC
16.0,9520,iPSC
16.0,9521,iPSC
16.0,9522,iPSC
16.0,9523,iPSC
16.0,9524,iPSC
16.0,9525,iPSC
16.0,9526,iPSC
16.0,9527,iPSC
16.0,9528,iPSC
16.0,9529,iPSC
16.0,9530,iPSC
16.0,9531,iPSC
16.0,9532,iPSC
16.0,9533,iPSC
16.0,9534,iPSC
16.0,9535,iPSC
16.0,9536,iPSC
16.0,9537,iPSC
16.0,9538,iPSC
16.0,9539,iPSC
16.0,9540,iPSC
16.0,9541,iPSC
16.0,9542,iPSC
16.0,9543,iPSC
16.0,9544,epithelial_like
16.0,9545,iPSC
16.0,9546,iPSC
16.0,9547,iPSC
16.0,9548,iPSC
16.0,9549,iPSC
16.0,9550,iPSC
16.0,9551,iPSC
16.0,9552,iPSC
16.0,9553,iPSC
16.0,9554,iPSC
16.0,9555,iPSC
16.0,9556,iPSC
16.0,9557,iPSC
16.0,9558,iPSC
16.0,9559,iPSC
16.0,9560,iPSC
16.0,9561,iPSC
16.0,9562,iPSC
16.0,9563,iPSC
16.0,9564,iPSC
16.0,9565,iPSC
16.0,9566,iPSC
16.0,9567,iPSC
16.0,9568,iPSC
16.0,9569,iPSC
16.0,9570,iPSC
16.0,9571,iPSC
16.0,9572,iPSC
16.0,9573,iPSC
16.0,9574,iPSC
16.0,9575,iPSC
16.0,9576,iPSC
16.0,9577,iPSC
16.0,9578,iPSC
16.0,9579,iPSC
16.0,9580,iPSC
16.0,9581,iPSC
16.0,9582,epithelial_like
16.0,9583,iPSC
16.0,9584,iPSC
16.0,9585,iPSC
16.0,9586,iPSC
16.0,9587,epithelial_like
16.0,9588,epithelial_like
16.0,9589,epithelial_like
16.0,9590,iPSC
16.0,9591,iPSC
16.0,9592,iPSC
16.0,9593,iPSC
16.0,9594,iPSC
16.0,9595,iPSC
16.0,9596,iPSC
16.0,9597,iPSC
16.0,9598,iPSC
16.0,9599,iPSC
16.0,9600,iPSC
16.0,9601,iPSC
16.0,9602,iPSC
16.0,9603,iPSC
16.0,9604,iPSC
16.0,9605,iPSC
16.0,9606,iPSC
16.0,9607,iPSC
16.0,9608,iPSC
16.0,9609,iPSC
16.0,9610,iPSC
16.0,9611,iPSC
16.0,9612,iPSC
16.0,9613,iPSC
16.0,9614,iPSC
16.0,9615,iPSC
16.0,9616,iPSC
16.0,9617,iPSC
16.0,9618,iPSC
16.0,9619,iPSC
16.0,9620,iPSC
16.0,9621,iPSC
16.0,9622,iPSC
16.0,9623,iPSC
16.0,9624,iPSC
16.0,9625,iPSC
16.0,9626,iPSC
16.0,9627,iPSC
16.0,9628,iPSC
16.0,9629,iPSC
16.0,9630,iPSC
16.0,9631,iPSC
16.0,9632,iPSC
16.0,9633,epithelial_like
16.0,9634,iPSC
16.0,9635,iPSC
16.0,9636,iPSC
16.0,9637,iPSC
16.0,9638,iPSC
16.0,9639,iPSC
16.0,9640,iPSC
16.0,9641,epithelial_like
16.0,9642,iPSC
16.0,9643,iPSC
16.0,9644,iPSC
16.0,9645,iPSC
16.0,9646,iPSC
16.0,9647,iPSC
16.0,9648,iPSC
16.0,9649,iPSC
16.0,9650,iPSC
16.0,9651,iPSC
16.0,9652,iPSC
16.0,9653,iPSC
16.0,9654,iPSC
16.0,9655,iPSC
16.0,9656,iPSC
16.0,9657,iPSC
16.0,9658,iPSC
16.0,9659,iPSC
16.0,9660,iPSC
16.0,9661,iPSC
16.0,9662,iPSC
16.0,9663,iPSC
16.0,9664,iPSC
16.0,9665,iPSC
16.0,9666,iPSC
16.0,9667,iPSC
16.0,9668,iPSC
16.0,9669,iPSC
16.0,9670,iPSC
16.0,9671,iPSC
16.0,9672,iPSC
16.0,9673,iPSC
16.0,9674,iPSC
16.0,9675,epithelial_like
16.0,9676,iPSC
16.0,9677,iPSC
16.0,9678,iPSC
16.0,9679,iPSC
16.0,9680,iPSC
16.0,9681,iPSC
16.0,9682,iPSC
16.0,9683,iPSC
16.0,9684,iPSC
16.0,9685,iPSC
16.0,9686,iPSC
16.0,9687,iPSC
16.0,9688,iPSC
16.0,9689,iPSC
16.0,9690,iPSC
16.0,9691,iPSC
16.0,9692,iPSC
16.0,9693,iPSC
16.0,9694,iPSC
16.0,9695,iPSC
16.0,9696,iPSC
16.0,9697,iPSC
16.0,9698,iPSC
16.0,9699,iPSC
16.0,9700,iPSC
16.0,9701,iPSC
16.0,9702,iPSC
16.0,9703,iPSC
16.0,9704,iPSC
16.0,9705,iPSC
16.0,9706,iPSC
16.0,9707,iPSC
16.0,9708,iPSC
16.0,9709,iPSC
16.0,9710,iPSC
16.0,9711,iPSC
16.0,9712,iPSC
16.0,9713,iPSC
16.0,9714,iPSC
16.0,9715,iPSC
16.0,9716,iPSC
16.0,9717,iPSC
16.0,9718,iPSC
16.0,9719,iPSC
16.0,9720,iPSC
16.0,9721,iPSC
16.0,9722,iPSC
16.0,9723,iPSC
16.0,9724,iPSC
16.0,9725,iPSC
16.0,9726,iPSC
16.0,9727,iPSC
16.0,9728,MEF
16.0,9729,iPSC
16.0,9730,iPSC
16.0,9731,iPSC
16.0,9732,iPSC
16.0,9733,iPSC
16.0,9734,iPSC
16.0,9735,iPSC
16.0,9736,iPSC
16.0,9737,iPSC
16.0,9738,iPSC
16.0,9739,iPSC
16.0,9740,iPSC
16.0,9741,iPSC
16.0,9742,iPSC
16.0,9743,iPSC
16.0,9744,MEF
16.0,9745,MEF
16.0,9746,iPSC
16.0,9747,iPSC
16.0,9748,iPSC
16.0,9749,iPSC
16.0,9750,iPSC
16.0,9751,iPSC
16.0,9752,iPSC
16.0,9753,iPSC
16.0,9754,iPSC
16.0,9755,iPSC
16.0,9756,iPSC
16.0,9757,iPSC
16.0,9758,iPSC
16.0,9759,iPSC
16.0,9760,iPSC
16.0,9761,iPSC
16.0,9762,iPSC
16.0,9763,iPSC
16.0,9764,iPSC
16.0,9765,iPSC
16.0,9766,iPSC
16.0,9767,iPSC
16.0,9768,iPSC
16.0,9769,iPSC
16.0,9770,iPSC
16.0,9771,iPSC
16.0,9772,iPSC
16.0,9773,iPSC
16.0,9774,iPSC
16.0,9775,iPSC
16.0,9776,iPSC
16.0,9777,iPSC
16.0,9778,iPSC
16.0,9779,iPSC
16.0,9780,iPSC
16.0,9781,iPSC
16.0,9782,iPSC
16.0,9783,iPSC
16.0,9784,iPSC
16.0,9785,iPSC
16.0,9786,iPSC
16.0,9787,epithelial_like
16.0,9788,iPSC
16.0,9789,iPSC
16.0,9790,iPSC
16.0,9791,iPSC
16.0,9792,epithelial_like
16.0,9793,epithelial_like
16.0,9794,iPSC
16.0,9795,iPSC
16.0,9796,iPSC
16.0,9797,iPSC
16.0,9798,iPSC
16.0,9799,iPSC
16.0,9800,iPSC
16.0,9801,iPSC
16.0,9802,iPSC
16.0,9803,iPSC
16.0,9804,iPSC
16.0,9805,iPSC
16.0,9806,iPSC
16.0,9807,iPSC
16.0,9808,intermediate_plastic
16.0,9809,iPSC
16.0,9810,iPSC
16.0,9811,iPSC
16.0,9812,iPSC
16.0,9813,iPSC
16.0,9814,iPSC
16.0,9815,iPSC
16.0,9816,iPSC
16.0,9817,iPSC
16.0,9818,iPSC
16.0,9819,iPSC
16.0,9820,iPSC
16.0,9821,iPSC
16.0,9822,iPSC
16.0,9823,iPSC
16.0,9824,iPSC
16.0,9825,iPSC
16.0,9826,iPSC
16.0,9827,iPSC
16.0,9828,iPSC
16.0,9829,intermediate_plastic
16.0,9830,iPSC
16.0,9831,iPSC
16.0,9832,iPSC
16.0,9833,epithelial_like
16.0,9834,iPSC
16.0,9835,iPSC
16.0,9836,iPSC
16.0,9837,iPSC
16.0,9838,iPSC
16.0,9839,iPSC
16.0,9840,iPSC
16.0,9841,iPSC
16.0,9842,iPSC
16.0,9843,intermediate_plastic
16.0,9844,iPSC
16.0,9845,iPSC
16.0,9846,iPSC
16.0,9847,iPSC
16.0,9848,iPSC
16.0,9849,iPSC
16.0,9850,MEF
16.0,9851,iPSC
16.0,9852,iPSC
16.0,9853,iPSC
16.0,9854,iPSC
16.0,9855,iPSC
16.0,9856,iPSC
16.0,9857,iPSC
16.0,9858,iPSC
16.0,9859,iPSC
16.0,9860,iPSC
16.0,9861,iPSC
16.0,9862,iPSC
16.0,9863,iPSC
16.0,9864,iPSC
16.0,9865,iPSC
16.0,9866,iPSC
16.0,9867,iPSC
16.0,9868,iPSC
16.0,9869,iPSC
16.0,9870,iPSC
16.0,9871,iPSC
16.0,9872,iPSC
16.0,9873,iPSC
16.0,9874,iPSC
16.0,9875,iPSC
16.0,9876,iPSC
16.0,9877,iPSC
16.0,9878,iPSC
16.0,9879,iPSC
16.0,9880,epithelial_like
16.0,9881,iPSC
16.0,9882,iPSC
16.0,9883,iPSC
16.0,9884,iPSC
16.0,9885,iPSC
16.0,9886,iPSC
16.0,9887,iPSC
16.0,9888,iPSC
16.0,9889,iPSC
16.0,9890,iPSC
16.0,9891,iPSC
16.0,9892,iPSC
16.0,9893,iPSC
16.0,9894,iPSC
16.0,9895,iPSC
16.0,9896,iPSC
16.0,9897,iPSC
16.0,9898,iPSC
16.0,9899,iPSC
16.0,9900,iPSC
16.0,9901,iPSC
16.0,9902,iPSC
16.0,9903,iPSC
16.0,9904,iPSC
16.0,9905,iPSC
16.0,9906,iPSC
16.0,9907,iPSC
16.0,9908,intermediate_plastic
16.0,9909,iPSC
16.0,9910,iPSC
16.0,9911,iPSC
16.0,9912,iPSC
16.0,9913,iPSC
16.0,9914,iPSC
16.0,9915,iPSC
16.0,9916,iPSC
16.0,9917,iPSC
16.0,9918,iPSC
16.0,9919,iPSC
16.0,9920,iPSC
16.0,9921,iPSC
16.0,9922,iPSC
16.0,9923,iPSC
16.0,9924,iPSC
16.0,9925,MEF
16.0,9926,iPSC
16.0,9927,iPSC
16.0,9928,iPSC
16.0,9929,iPSC
16.0,9930,iPSC
16.0,9931,iPSC
16.0,9932,iPSC
16.0,9933,iPSC
16.0,9934,epithelial_like
16.0,9935,iPSC
16.0,9936,iPSC
16.0,9937,iPSC
16.0,9938,iPSC
16.0,9939,iPSC
16.0,9940,iPSC
16.0,9941,iPSC
16.0,9942,iPSC
16.0,9943,iPSC
16.0,9944,iPSC
16.0,9945,iPSC
16.0,9946,iPSC
16.0,9947,iPSC
16.0,9948,iPSC
16.0,9949,iPSC
16.0,9950,iPSC
16.0,9951,iPSC
16.0,9952,iPSC
16.0,9953,iPSC
16.0,9954,iPSC
16.0,9955,iPSC
16.0,9956,iPSC
16.0,9957,iPSC
16.0,9958,iPSC
16.0,9959,iPSC
16.0,9960,iPSC
16.0,9961,iPSC
16.0,9962,iPSC
16.0,9963,iPSC
16.0,9964,iPSC
16.0,9965,iPSC
16.0,9966,iPSC
16.0,9967,iPSC
16.0,9968,iPSC
16.0,9969,iPSC
16.0,9970,iPSC
16.0,9971,iPSC
16.0,9972,iPSC
16.0,9973,iPSC
16.0,9974,iPSC
16.0,9975,iPSC
16.0,9976,iPSC
16.0,9977,iPSC
16.0,9978,iPSC
16.0,9979,iPSC
16.0,9980,iPSC
16.0,9981,iPSC
16.0,9982,iPSC
16.0,9983,iPSC
16.0,9984,iPSC
16.0,9985,iPSC
16.0,9986,iPSC
16.0,9987,iPSC
16.0,9988,iPSC
16.0,9989,iPSC
16.0,9990,iPSC
16.0,9991,iPSC
16.0,9992,iPSC
16.0,9993,iPSC
16.0,9994,iPSC
16.0,9995,iPSC
16.0,9996,iPSC
16.0,9997,iPSC
16.0,9998,epithelial_like
16.0,9999,iPSC
