projected_timepoint,cell_idx,projected_cluster_label
0.5,0,hADSCs
0.5,1,hADSCs
0.5,2,epithelial_like
0.5,3,hADSCs
0.5,4,intermediate_plastic
0.5,5,epithelial_like
0.5,6,hADSCs
0.5,7,hADSCs
0.5,8,hADSCs
0.5,9,hCiPS
0.5,10,hADSCs
0.5,11,hADSCs
0.5,12,intermediate_plastic
0.5,13,epithelial_like
0.5,14,hADSCs
0.5,15,epithelial_like
0.5,16,hADSCs
0.5,17,hADSCs
0.5,18,hADSCs
0.5,19,hADSCs
0.5,20,hADSCs
0.5,21,hADSCs
0.5,22,hADSCs
0.5,23,hADSCs
0.5,24,intermediate_plastic
0.5,25,hADSCs
0.5,26,hADSCs
0.5,27,hADSCs
0.5,28,hADSCs
0.5,29,intermediate_plastic
0.5,30,intermediate_plastic
0.5,31,epithelial_like
0.5,32,hADSCs
0.5,33,hADSCs
0.5,34,epithelial_like
0.5,35,epithelial_like
0.5,36,epithelial_like
0.5,37,hADSCs
0.5,38,hADSCs
0.5,39,epithelial_like
0.5,40,epithelial_like
0.5,41,hADSCs
0.5,42,hADSCs
0.5,43,hADSCs
0.5,44,hADSCs
0.5,45,epithelial_like
0.5,46,epithelial_like
0.5,47,hADSCs
0.5,48,hADSCs
0.5,49,hADSCs
0.5,50,hADSCs
0.5,51,hADSCs
0.5,52,epithelial_like
0.5,53,hADSCs
0.5,54,intermediate_plastic
0.5,55,intermediate_plastic
0.5,56,ambiguous
0.5,57,hADSCs
0.5,58,hADSCs
0.5,59,intermediate_plastic
0.5,60,epithelial_like
0.5,61,hADSCs
0.5,62,hADSCs
0.5,63,hADSCs
0.5,64,epithelial_like
0.5,65,hADSCs
0.5,66,epithelial_like
0.5,67,epithelial_like
0.5,68,epithelial_like
0.5,69,epithelial_like
0.5,70,hADSCs
0.5,71,hADSCs
0.5,72,hADSCs
0.5,73,hADSCs
0.5,74,intermediate_plastic
0.5,75,hADSCs
0.5,76,epithelial_like
0.5,77,hADSCs
0.5,78,hCiPS
0.5,79,hADSCs
0.5,80,hADSCs
0.5,81,hCiPS
0.5,82,epithelial_like
0.5,83,epithelial_like
0.5,84,hADSCs
0.5,85,epithelial_like
0.5,86,hADSCs
0.5,87,hADSCs
0.5,88,hADSCs
0.5,89,hADSCs
0.5,90,epithelial_like
0.5,91,epithelial_like
0.5,92,hADSCs
0.5,93,hADSCs
0.5,94,hADSCs
0.5,95,epithelial_like
0.5,96,hADSCs
0.5,97,hADSCs
0.5,98,intermediate_plastic
0.5,99,hADSCs
0.5,100,hADSCs
0.5,101,hADSCs
0.5,102,hADSCs
0.5,103,hADSCs
0.5,104,hADSCs
0.5,105,hADSCs
0.5,106,hADSCs
0.5,107,hADSCs
0.5,108,hADSCs
0.5,109,intermediate_plastic
0.5,110,intermediate_plastic
0.5,111,epithelial_like
0.5,112,hADSCs
0.5,113,hADSCs
0.5,114,hADSCs
0.5,115,epithelial_like
0.5,116,hADSCs
0.5,117,hADSCs
0.5,118,hCiPS
0.5,119,hADSCs
0.5,120,epithelial_like
0.5,121,hADSCs
0.5,122,hADSCs
0.5,123,hADSCs
0.5,124,hADSCs
0.5,125,hADSCs
0.5,126,hADSCs
0.5,127,hADSCs
0.5,128,hADSCs
0.5,129,hADSCs
0.5,130,hADSCs
0.5,131,hADSCs
0.5,132,hADSCs
0.5,133,hADSCs
0.5,134,hADSCs
0.5,135,hADSCs
0.5,136,hADSCs
0.5,137,hADSCs
0.5,138,epithelial_like
0.5,139,hADSCs
0.5,140,hADSCs
0.5,141,hADSCs
0.5,142,hADSCs
0.5,143,hADSCs
0.5,144,hADSCs
0.5,145,hADSCs
0.5,146,hADSCs
0.5,147,hADSCs
0.5,148,hADSCs
0.5,149,epithelial_like
0.5,150,epithelial_like
0.5,151,hADSCs
0.5,152,epithelial_like
0.5,153,hADSCs
0.5,154,epithelial_like
0.5,155,hADSCs
0.5,156,hADSCs
0.5,157,hADSCs
0.5,158,hADSCs
0.5,159,hADSCs
0.5,160,hADSCs
0.5,161,hADSCs
0.5,162,hADSCs
0.5,163,hADSCs
0.5,164,hADSCs
0.5,165,hADSCs
0.5,166,hADSCs
0.5,167,hADSCs
0.5,168,hADSCs
0.5,169,hADSCs
0.5,170,intermediate_plastic
0.5,171,hADSCs
0.5,172,hADSCs
0.5,173,hADSCs
0.5,174,hADSCs
0.5,175,hADSCs
0.5,176,hADSCs
0.5,177,hCiPS
0.5,178,hADSCs
0.5,179,hADSCs
0.5,180,hADSCs
0.5,181,hADSCs
0.5,182,hADSCs
0.5,183,hADSCs
0.5,184,hADSCs
0.5,185,hADSCs
0.5,186,hADSCs
0.5,187,hADSCs
0.5,188,hADSCs
0.5,189,hADSCs
0.5,190,intermediate_plastic
0.5,191,hADSCs
0.5,192,hADSCs
0.5,193,intermediate_plastic
0.5,194,intermediate_plastic
0.5,195,intermediate_plastic
0.5,196,intermediate_plastic
0.5,197,hADSCs
0.5,198,hADSCs
0.5,199,intermediate_plastic
0.5,200,intermediate_plastic
0.5,201,intermediate_plastic
0.5,202,hADSCs
0.5,203,hADSCs
0.5,204,hADSCs
0.5,205,intermediate_plastic
0.5,206,hADSCs
0.5,207,epithelial_like
0.5,208,intermediate_plastic
0.5,209,hADSCs
0.5,210,hADSCs
0.5,211,hADSCs
0.5,212,hADSCs
0.5,213,hADSCs
0.5,214,hADSCs
0.5,215,hADSCs
0.5,216,hADSCs
0.5,217,hADSCs
0.5,218,epithelial_like
0.5,219,hADSCs
0.5,220,intermediate_plastic
0.5,221,hCiPS
0.5,222,hADSCs
0.5,223,hADSCs
0.5,224,hADSCs
0.5,225,epithelial_like
0.5,226,hADSCs
0.5,227,hADSCs
0.5,228,epithelial_like
0.5,229,epithelial_like
0.5,230,epithelial_like
0.5,231,epithelial_like
0.5,232,hADSCs
0.5,233,epithelial_like
0.5,234,hADSCs
0.5,235,epithelial_like
0.5,236,epithelial_like
0.5,237,hADSCs
0.5,238,hADSCs
0.5,239,hADSCs
0.5,240,hADSCs
0.5,241,hADSCs
0.5,242,intermediate_plastic
0.5,243,hADSCs
0.5,244,hADSCs
0.5,245,hADSCs
0.5,246,hADSCs
0.5,247,hADSCs
0.5,248,hADSCs
0.5,249,hADSCs
0.5,250,hADSCs
0.5,251,intermediate_plastic
0.5,252,hADSCs
0.5,253,hADSCs
0.5,254,intermediate_plastic
0.5,255,hADSCs
0.5,256,hADSCs
0.5,257,hADSCs
0.5,258,hADSCs
0.5,259,hADSCs
0.5,260,hADSCs
0.5,261,hADSCs
0.5,262,epithelial_like
0.5,263,hADSCs
0.5,264,epithelial_like
0.5,265,epithelial_like
0.5,266,intermediate_plastic
0.5,267,hADSCs
0.5,268,hADSCs
0.5,269,hADSCs
0.5,270,hADSCs
0.5,271,epithelial_like
0.5,272,epithelial_like
0.5,273,hADSCs
0.5,274,hADSCs
0.5,275,intermediate_plastic
0.5,276,hADSCs
0.5,277,hADSCs
0.5,278,hADSCs
0.5,279,hADSCs
0.5,280,hADSCs
0.5,281,hADSCs
0.5,282,hADSCs
0.5,283,intermediate_plastic
0.5,284,hADSCs
0.5,285,hADSCs
0.5,286,hADSCs
0.5,287,hADSCs
0.5,288,intermediate_plastic
0.5,289,epithelial_like
0.5,290,intermediate_plastic
0.5,291,hADSCs
0.5,292,hADSCs
0.5,293,epithelial_like
0.5,294,hADSCs
0.5,295,hADSCs
0.5,296,hADSCs
0.5,297,hADSCs
0.5,298,hADSCs
0.5,299,epithelial_like
0.5,300,hADSCs
0.5,301,hADSCs
0.5,302,hADSCs
0.5,303,hADSCs
0.5,304,hADSCs
0.5,305,hADSCs
0.5,306,hADSCs
0.5,307,hADSCs
0.5,308,hCiPS
0.5,309,hADSCs
0.5,310,epithelial_like
0.5,311,epithelial_like
0.5,312,hADSCs
0.5,313,hADSCs
0.5,314,hADSCs
0.5,315,hADSCs
0.5,316,epithelial_like
0.5,317,hADSCs
0.5,318,hADSCs
0.5,319,hADSCs
0.5,320,hADSCs
0.5,321,hADSCs
0.5,322,hADSCs
0.5,323,hADSCs
0.5,324,hADSCs
0.5,325,hADSCs
0.5,326,intermediate_plastic
0.5,327,hADSCs
0.5,328,hADSCs
0.5,329,hADSCs
0.5,330,hADSCs
0.5,331,hADSCs
0.5,332,hADSCs
0.5,333,epithelial_like
0.5,334,hADSCs
0.5,335,epithelial_like
0.5,336,hADSCs
0.5,337,hADSCs
0.5,338,hADSCs
0.5,339,hADSCs
0.5,340,hADSCs
0.5,341,epithelial_like
0.5,342,hADSCs
0.5,343,epithelial_like
0.5,344,epithelial_like
0.5,345,hADSCs
0.5,346,hADSCs
0.5,347,hADSCs
0.5,348,hADSCs
0.5,349,hADSCs
0.5,350,intermediate_plastic
0.5,351,hADSCs
0.5,352,hADSCs
0.5,353,hADSCs
0.5,354,hADSCs
0.5,355,hADSCs
0.5,356,hADSCs
0.5,357,hADSCs
0.5,358,intermediate_plastic
0.5,359,hCiPS
0.5,360,hADSCs
0.5,361,epithelial_like
0.5,362,epithelial_like
0.5,363,hADSCs
0.5,364,intermediate_plastic
0.5,365,intermediate_plastic
0.5,366,hADSCs
0.5,367,hADSCs
0.5,368,hADSCs
0.5,369,epithelial_like
0.5,370,hADSCs
0.5,371,epithelial_like
0.5,372,epithelial_like
0.5,373,hADSCs
0.5,374,hADSCs
0.5,375,epithelial_like
0.5,376,epithelial_like
0.5,377,hADSCs
0.5,378,hADSCs
0.5,379,intermediate_plastic
0.5,380,hADSCs
0.5,381,hADSCs
0.5,382,hADSCs
0.5,383,hADSCs
0.5,384,hCiPS
0.5,385,hCiPS
0.5,386,hADSCs
0.5,387,hADSCs
0.5,388,intermediate_plastic
0.5,389,intermediate_plastic
0.5,390,hADSCs
0.5,391,hADSCs
0.5,392,hADSCs
0.5,393,hADSCs
0.5,394,hADSCs
0.5,395,epithelial_like
0.5,396,hCiPS
0.5,397,epithelial_like
0.5,398,hADSCs
0.5,399,epithelial_like
0.5,400,hADSCs
0.5,401,hADSCs
0.5,402,hADSCs
0.5,403,hADSCs
0.5,404,hADSCs
0.5,405,hADSCs
0.5,406,hADSCs
0.5,407,hADSCs
0.5,408,hADSCs
0.5,409,hADSCs
0.5,410,hADSCs
0.5,411,hADSCs
0.5,412,hADSCs
0.5,413,hADSCs
0.5,414,hADSCs
0.5,415,hADSCs
0.5,416,hADSCs
0.5,417,hADSCs
0.5,418,hADSCs
0.5,419,hADSCs
0.5,420,hADSCs
0.5,421,epithelial_like
0.5,422,hADSCs
0.5,423,epithelial_like
0.5,424,intermediate_plastic
0.5,425,epithelial_like
0.5,426,hADSCs
0.5,427,hADSCs
0.5,428,epithelial_like
0.5,429,epithelial_like
0.5,430,hCiPS
0.5,431,hADSCs
0.5,432,epithelial_like
0.5,433,hADSCs
0.5,434,hADSCs
0.5,435,hADSCs
0.5,436,hCiPS
0.5,437,intermediate_plastic
0.5,438,hADSCs
0.5,439,hADSCs
0.5,440,hADSCs
0.5,441,hADSCs
0.5,442,hADSCs
0.5,443,epithelial_like
0.5,444,epithelial_like
0.5,445,hADSCs
0.5,446,hADSCs
0.5,447,hADSCs
0.5,448,hADSCs
0.5,449,hADSCs
0.5,450,hADSCs
0.5,451,epithelial_like
0.5,452,hADSCs
0.5,453,intermediate_plastic
0.5,454,hADSCs
0.5,455,hADSCs
0.5,456,hADSCs
0.5,457,hADSCs
0.5,458,hADSCs
0.5,459,hADSCs
0.5,460,hADSCs
0.5,461,hADSCs
0.5,462,hADSCs
0.5,463,hADSCs
0.5,464,epithelial_like
0.5,465,intermediate_plastic
0.5,466,hADSCs
0.5,467,epithelial_like
0.5,468,hADSCs
0.5,469,hADSCs
0.5,470,hADSCs
0.5,471,hADSCs
0.5,472,hADSCs
0.5,473,hADSCs
0.5,474,hADSCs
0.5,475,hCiPS
0.5,476,hCiPS
0.5,477,hADSCs
0.5,478,hADSCs
0.5,479,hADSCs
0.5,480,hADSCs
0.5,481,hADSCs
0.5,482,hADSCs
0.5,483,intermediate_plastic
0.5,484,epithelial_like
0.5,485,hADSCs
0.5,486,hADSCs
0.5,487,hADSCs
0.5,488,hADSCs
0.5,489,hADSCs
0.5,490,hADSCs
0.5,491,hADSCs
0.5,492,hCiPS
0.5,493,hCiPS
0.5,494,intermediate_plastic
0.5,495,intermediate_plastic
0.5,496,hADSCs
0.5,497,hADSCs
0.5,498,epithelial_like
0.5,499,hADSCs
0.5,500,hADSCs
0.5,501,hADSCs
0.5,502,hADSCs
0.5,503,hADSCs
0.5,504,hADSCs
0.5,505,hCiPS
0.5,506,hCiPS
0.5,507,hADSCs
0.5,508,hADSCs
0.5,509,hADSCs
0.5,510,hADSCs
0.5,511,hADSCs
0.5,512,hADSCs
0.5,513,epithelial_like
0.5,514,epithelial_like
0.5,515,epithelial_like
0.5,516,hADSCs
0.5,517,hADSCs
0.5,518,hADSCs
0.5,519,hCiPS
0.5,520,hADSCs
0.5,521,hADSCs
0.5,522,hADSCs
0.5,523,hADSCs
0.5,524,hADSCs
0.5,525,hADSCs
0.5,526,epithelial_like
0.5,527,hADSCs
0.5,528,hADSCs
0.5,529,hADSCs
0.5,530,hADSCs
0.5,531,hADSCs
0.5,532,intermediate_plastic
0.5,533,epithelial_like
0.5,534,epithelial_like
0.5,535,hADSCs
0.5,536,hADSCs
0.5,537,hADSCs
0.5,538,hADSCs
0.5,539,hADSCs
0.5,540,hADSCs
0.5,541,hADSCs
0.5,542,ambiguous
0.5,543,ambiguous
0.5,544,hADSCs
0.5,545,hADSCs
0.5,546,hADSCs
0.5,547,epithelial_like
0.5,548,intermediate_plastic
0.5,549,hADSCs
0.5,550,hADSCs
0.5,551,hADSCs
0.5,552,hADSCs
0.5,553,hADSCs
0.5,554,hADSCs
0.5,555,hADSCs
0.5,556,epithelial_like
0.5,557,epithelial_like
0.5,558,hADSCs
0.5,559,hADSCs
0.5,560,hADSCs
0.5,561,hADSCs
0.5,562,hADSCs
0.5,563,hADSCs
0.5,564,hADSCs
0.5,565,hADSCs
0.5,566,hADSCs
0.5,567,epithelial_like
0.5,568,epithelial_like
0.5,569,epithelial_like
0.5,570,epithelial_like
0.5,571,epithelial_like
0.5,572,ambiguous
0.5,573,ambiguous
0.5,574,epithelial_like
0.5,575,epithelial_like
0.5,576,epithelial_like
0.5,577,hADSCs
0.5,578,hADSCs
0.5,579,intermediate_plastic
0.5,580,hADSCs
0.5,581,hADSCs
0.5,582,hADSCs
0.5,583,hADSCs
0.5,584,hADSCs
0.5,585,hADSCs
0.5,586,hADSCs
0.5,587,epithelial_like
0.5,588,hADSCs
0.5,589,hADSCs
0.5,590,hADSCs
0.5,591,hADSCs
0.5,592,hADSCs
0.5,593,hADSCs
0.5,594,intermediate_plastic
0.5,595,hADSCs
0.5,596,hADSCs
0.5,597,hADSCs
0.5,598,hADSCs
0.5,599,hADSCs
0.5,600,hADSCs
0.5,601,hADSCs
0.5,602,hADSCs
0.5,603,hADSCs
0.5,604,hADSCs
0.5,605,hADSCs
0.5,606,hADSCs
0.5,607,hADSCs
0.5,608,hADSCs
0.5,609,hADSCs
0.5,610,hADSCs
0.5,611,hADSCs
0.5,612,hADSCs
0.5,613,hADSCs
0.5,614,hCiPS
0.5,615,hADSCs
0.5,616,hADSCs
0.5,617,hADSCs
0.5,618,hADSCs
0.5,619,hADSCs
0.5,620,epithelial_like
0.5,621,intermediate_plastic
0.5,622,hADSCs
0.5,623,hADSCs
0.5,624,hADSCs
0.5,625,hCiPS
0.5,626,hADSCs
0.5,627,hADSCs
0.5,628,hADSCs
0.5,629,hADSCs
0.5,630,hADSCs
0.5,631,hADSCs
0.5,632,hADSCs
0.5,633,hADSCs
0.5,634,hADSCs
0.5,635,hADSCs
0.5,636,hADSCs
0.5,637,hADSCs
0.5,638,hADSCs
0.5,639,hCiPS
0.5,640,hADSCs
0.5,641,epithelial_like
0.5,642,epithelial_like
0.5,643,epithelial_like
0.5,644,hADSCs
0.5,645,hADSCs
0.5,646,hADSCs
0.5,647,hADSCs
0.5,648,epithelial_like
0.5,649,hADSCs
0.5,650,hADSCs
0.5,651,epithelial_like
0.5,652,hADSCs
0.5,653,hADSCs
0.5,654,epithelial_like
0.5,655,hADSCs
0.5,656,hADSCs
0.5,657,hADSCs
0.5,658,hADSCs
0.5,659,intermediate_plastic
0.5,660,hADSCs
0.5,661,intermediate_plastic
0.5,662,hCiPS
0.5,663,hCiPS
0.5,664,hADSCs
0.5,665,hADSCs
0.5,666,hADSCs
0.5,667,hADSCs
0.5,668,hADSCs
0.5,669,hADSCs
0.5,670,hADSCs
0.5,671,hADSCs
0.5,672,hADSCs
0.5,673,hADSCs
0.5,674,hADSCs
0.5,675,hADSCs
0.5,676,intermediate_plastic
0.5,677,intermediate_plastic
0.5,678,hADSCs
0.5,679,hCiPS
0.5,680,hADSCs
0.5,681,intermediate_plastic
0.5,682,hADSCs
0.5,683,hADSCs
0.5,684,hADSCs
0.5,685,hADSCs
0.5,686,hADSCs
0.5,687,hADSCs
0.5,688,hADSCs
0.5,689,hADSCs
0.5,690,hADSCs
0.5,691,epithelial_like
0.5,692,hADSCs
0.5,693,hADSCs
0.5,694,hADSCs
0.5,695,hADSCs
0.5,696,hADSCs
0.5,697,hADSCs
0.5,698,hADSCs
0.5,699,hADSCs
0.5,700,hCiPS
0.5,701,hADSCs
0.5,702,intermediate_plastic
0.5,703,intermediate_plastic
0.5,704,intermediate_plastic
0.5,705,epithelial_like
0.5,706,hADSCs
0.5,707,hADSCs
0.5,708,hADSCs
0.5,709,hADSCs
0.5,710,epithelial_like
0.5,711,epithelial_like
0.5,712,hADSCs
0.5,713,epithelial_like
0.5,714,hADSCs
0.5,715,hADSCs
0.5,716,hADSCs
0.5,717,hADSCs
0.5,718,intermediate_plastic
0.5,719,hADSCs
0.5,720,hADSCs
0.5,721,hADSCs
0.5,722,hADSCs
0.5,723,hADSCs
0.5,724,hADSCs
0.5,725,hADSCs
0.5,726,hADSCs
0.5,727,epithelial_like
0.5,728,hADSCs
0.5,729,hADSCs
0.5,730,hADSCs
0.5,731,hADSCs
0.5,732,hADSCs
0.5,733,epithelial_like
0.5,734,hADSCs
0.5,735,epithelial_like
0.5,736,epithelial_like
0.5,737,hADSCs
0.5,738,hADSCs
0.5,739,hADSCs
0.5,740,hADSCs
0.5,741,hADSCs
0.5,742,hADSCs
0.5,743,hADSCs
0.5,744,epithelial_like
0.5,745,hADSCs
0.5,746,hADSCs
0.5,747,hADSCs
0.5,748,intermediate_plastic
0.5,749,epithelial_like
0.5,750,hADSCs
0.5,751,hADSCs
0.5,752,hADSCs
0.5,753,hADSCs
0.5,754,hADSCs
0.5,755,hADSCs
0.5,756,epithelial_like
0.5,757,epithelial_like
0.5,758,hADSCs
0.5,759,epithelial_like
0.5,760,intermediate_plastic
0.5,761,hADSCs
0.5,762,hADSCs
0.5,763,hADSCs
0.5,764,hADSCs
0.5,765,hADSCs
0.5,766,hADSCs
0.5,767,hADSCs
0.5,768,hADSCs
0.5,769,epithelial_like
0.5,770,epithelial_like
0.5,771,hADSCs
0.5,772,hADSCs
0.5,773,hADSCs
0.5,774,hADSCs
0.5,775,hADSCs
0.5,776,hADSCs
0.5,777,hADSCs
0.5,778,hADSCs
0.5,779,epithelial_like
0.5,780,epithelial_like
0.5,781,epithelial_like
0.5,782,epithelial_like
0.5,783,hCiPS
0.5,784,hCiPS
0.5,785,hCiPS
0.5,786,hCiPS
0.5,787,epithelial_like
0.5,788,epithelial_like
0.5,789,hADSCs
0.5,790,hADSCs
0.5,791,hADSCs
0.5,792,hADSCs
0.5,793,epithelial_like
0.5,794,hADSCs
0.5,795,hADSCs
0.5,796,hADSCs
0.5,797,hADSCs
0.5,798,intermediate_plastic
0.5,799,intermediate_plastic
0.5,800,intermediate_plastic
0.5,801,intermediate_plastic
0.5,802,intermediate_plastic
0.5,803,hADSCs
0.5,804,hADSCs
0.5,805,hADSCs
0.5,806,hADSCs
0.5,807,hADSCs
0.5,808,hADSCs
0.5,809,hADSCs
0.5,810,epithelial_like
0.5,811,epithelial_like
0.5,812,hADSCs
0.5,813,hCiPS
0.5,814,hADSCs
0.5,815,hADSCs
0.5,816,hADSCs
0.5,817,hADSCs
0.5,818,epithelial_like
0.5,819,hADSCs
0.5,820,hADSCs
0.5,821,hADSCs
0.5,822,hADSCs
0.5,823,hADSCs
0.5,824,hADSCs
0.5,825,hADSCs
0.5,826,hADSCs
0.5,827,hADSCs
0.5,828,hADSCs
0.5,829,hADSCs
0.5,830,hADSCs
0.5,831,hADSCs
0.5,832,hADSCs
0.5,833,hADSCs
0.5,834,hADSCs
0.5,835,hADSCs
0.5,836,hADSCs
0.5,837,hADSCs
0.5,838,hADSCs
0.5,839,hADSCs
0.5,840,hADSCs
0.5,841,intermediate_plastic
0.5,842,intermediate_plastic
0.5,843,hADSCs
0.5,844,hADSCs
0.5,845,hADSCs
0.5,846,hADSCs
0.5,847,hADSCs
0.5,848,hADSCs
0.5,849,hADSCs
0.5,850,intermediate_plastic
0.5,851,epithelial_like
0.5,852,hADSCs
0.5,853,hADSCs
0.5,854,hADSCs
0.5,855,epithelial_like
0.5,856,hADSCs
0.5,857,intermediate_plastic
0.5,858,hADSCs
0.5,859,hADSCs
0.5,860,hADSCs
0.5,861,hADSCs
0.5,862,hADSCs
0.5,863,hADSCs
0.5,864,hADSCs
0.5,865,hADSCs
0.5,866,epithelial_like
0.5,867,epithelial_like
0.5,868,hCiPS
0.5,869,hADSCs
0.5,870,hADSCs
0.5,871,hADSCs
0.5,872,hADSCs
0.5,873,hADSCs
0.5,874,hADSCs
0.5,875,epithelial_like
0.5,876,hADSCs
0.5,877,hCiPS
0.5,878,hCiPS
0.5,879,hADSCs
0.5,880,hADSCs
0.5,881,hADSCs
0.5,882,hADSCs
0.5,883,hADSCs
0.5,884,hADSCs
0.5,885,hADSCs
0.5,886,hADSCs
0.5,887,hADSCs
0.5,888,epithelial_like
0.5,889,hADSCs
0.5,890,hADSCs
0.5,891,hADSCs
0.5,892,hCiPS
0.5,893,epithelial_like
0.5,894,hADSCs
0.5,895,hADSCs
0.5,896,intermediate_plastic
0.5,897,hADSCs
0.5,898,hADSCs
0.5,899,hADSCs
0.5,900,hADSCs
0.5,901,epithelial_like
0.5,902,epithelial_like
0.5,903,hADSCs
0.5,904,hADSCs
0.5,905,hADSCs
0.5,906,hCiPS
0.5,907,hADSCs
0.5,908,hADSCs
0.5,909,hADSCs
0.5,910,hADSCs
0.5,911,hADSCs
0.5,912,hADSCs
0.5,913,epithelial_like
0.5,914,epithelial_like
0.5,915,epithelial_like
0.5,916,hADSCs
0.5,917,hADSCs
0.5,918,hADSCs
0.5,919,hADSCs
0.5,920,hADSCs
0.5,921,hCiPS
0.5,922,hADSCs
0.5,923,hADSCs
0.5,924,hADSCs
0.5,925,hADSCs
0.5,926,hADSCs
0.5,927,hADSCs
0.5,928,hADSCs
0.5,929,hADSCs
0.5,930,hADSCs
0.5,931,hADSCs
0.5,932,epithelial_like
0.5,933,intermediate_plastic
0.5,934,hCiPS
0.5,935,hADSCs
0.5,936,hADSCs
0.5,937,intermediate_plastic
0.5,938,intermediate_plastic
0.5,939,hADSCs
0.5,940,hADSCs
0.5,941,hADSCs
0.5,942,hADSCs
0.5,943,hADSCs
0.5,944,hADSCs
0.5,945,hADSCs
0.5,946,hADSCs
0.5,947,hADSCs
0.5,948,hADSCs
0.5,949,hADSCs
0.5,950,epithelial_like
0.5,951,hADSCs
0.5,952,hADSCs
0.5,953,hADSCs
0.5,954,hADSCs
0.5,955,hADSCs
0.5,956,epithelial_like
0.5,957,epithelial_like
0.5,958,intermediate_plastic
0.5,959,hADSCs
0.5,960,hADSCs
0.5,961,hADSCs
0.5,962,hCiPS
0.5,963,hADSCs
0.5,964,hADSCs
0.5,965,epithelial_like
0.5,966,epithelial_like
0.5,967,hADSCs
0.5,968,hADSCs
0.5,969,hADSCs
0.5,970,hADSCs
0.5,971,hADSCs
0.5,972,hCiPS
0.5,973,hADSCs
0.5,974,hADSCs
0.5,975,hADSCs
0.5,976,hADSCs
0.5,977,hADSCs
0.5,978,epithelial_like
0.5,979,epithelial_like
0.5,980,hADSCs
0.5,981,hCiPS
0.5,982,epithelial_like
0.5,983,hADSCs
0.5,984,hADSCs
0.5,985,hCiPS
0.5,986,intermediate_plastic
0.5,987,epithelial_like
0.5,988,hADSCs
0.5,989,hADSCs
0.5,990,hADSCs
0.5,991,intermediate_plastic
0.5,992,hADSCs
0.5,993,hADSCs
0.5,994,hADSCs
0.5,995,hADSCs
0.5,996,hADSCs
0.5,997,hADSCs
0.5,998,hADSCs
0.5,999,hADSCs
0.5,1000,hADSCs
0.5,1001,hADSCs
0.5,1002,hADSCs
0.5,1003,hADSCs
0.5,1004,hADSCs
0.5,1005,hADSCs
0.5,1006,hADSCs
0.5,1007,hADSCs
0.5,1008,hADSCs
0.5,1009,hADSCs
0.5,1010,hADSCs
0.5,1011,hADSCs
0.5,1012,epithelial_like
0.5,1013,hADSCs
0.5,1014,hADSCs
0.5,1015,hADSCs
0.5,1016,hADSCs
0.5,1017,hADSCs
0.5,1018,hADSCs
0.5,1019,epithelial_like
0.5,1020,hADSCs
0.5,1021,hADSCs
0.5,1022,hADSCs
0.5,1023,hADSCs
0.5,1024,hADSCs
0.5,1025,hADSCs
0.5,1026,hCiPS
0.5,1027,hADSCs
0.5,1028,hADSCs
0.5,1029,hADSCs
0.5,1030,hADSCs
0.5,1031,hADSCs
0.5,1032,hADSCs
0.5,1033,hADSCs
0.5,1034,hADSCs
0.5,1035,hADSCs
0.5,1036,hADSCs
0.5,1037,hADSCs
0.5,1038,hADSCs
0.5,1039,hADSCs
0.5,1040,hADSCs
0.5,1041,hADSCs
0.5,1042,hADSCs
0.5,1043,hADSCs
0.5,1044,hADSCs
0.5,1045,hADSCs
0.5,1046,epithelial_like
0.5,1047,hADSCs
0.5,1048,hADSCs
0.5,1049,epithelial_like
0.5,1050,hADSCs
0.5,1051,hADSCs
0.5,1052,hADSCs
0.5,1053,hADSCs
0.5,1054,hADSCs
0.5,1055,epithelial_like
0.5,1056,epithelial_like
0.5,1057,epithelial_like
0.5,1058,epithelial_like
0.5,1059,hADSCs
0.5,1060,hADSCs
0.5,1061,hADSCs
0.5,1062,hADSCs
0.5,1063,hADSCs
0.5,1064,epithelial_like
0.5,1065,hADSCs
0.5,1066,epithelial_like
0.5,1067,hADSCs
0.5,1068,hADSCs
0.5,1069,hADSCs
0.5,1070,hADSCs
0.5,1071,hADSCs
0.5,1072,epithelial_like
0.5,1073,hADSCs
0.5,1074,hADSCs
0.5,1075,hADSCs
0.5,1076,intermediate_plastic
0.5,1077,intermediate_plastic
0.5,1078,hADSCs
0.5,1079,hADSCs
0.5,1080,epithelial_like
0.5,1081,hADSCs
0.5,1082,hADSCs
0.5,1083,hADSCs
0.5,1084,hADSCs
0.5,1085,epithelial_like
0.5,1086,epithelial_like
0.5,1087,hADSCs
0.5,1088,hADSCs
0.5,1089,hADSCs
0.5,1090,hADSCs
0.5,1091,hADSCs
0.5,1092,hADSCs
0.5,1093,hADSCs
0.5,1094,hCiPS
0.5,1095,hCiPS
0.5,1096,hADSCs
0.5,1097,epithelial_like
0.5,1098,hADSCs
0.5,1099,hADSCs
0.5,1100,hADSCs
0.5,1101,epithelial_like
0.5,1102,hADSCs
0.5,1103,hADSCs
0.5,1104,hADSCs
0.5,1105,hADSCs
0.5,1106,hADSCs
0.5,1107,intermediate_plastic
0.5,1108,hADSCs
0.5,1109,hADSCs
0.5,1110,epithelial_like
0.5,1111,epithelial_like
0.5,1112,hADSCs
0.5,1113,hADSCs
0.5,1114,hADSCs
0.5,1115,hADSCs
0.5,1116,hADSCs
0.5,1117,intermediate_plastic
0.5,1118,hADSCs
0.5,1119,hADSCs
0.5,1120,hADSCs
0.5,1121,hADSCs
0.5,1122,epithelial_like
0.5,1123,hADSCs
0.5,1124,epithelial_like
0.5,1125,hADSCs
0.5,1126,hADSCs
0.5,1127,hADSCs
0.5,1128,hADSCs
0.5,1129,hADSCs
0.5,1130,epithelial_like
0.5,1131,hADSCs
0.5,1132,hADSCs
0.5,1133,hADSCs
0.5,1134,hADSCs
0.5,1135,epithelial_like
0.5,1136,epithelial_like
0.5,1137,hADSCs
0.5,1138,hADSCs
0.5,1139,hADSCs
0.5,1140,hADSCs
0.5,1141,epithelial_like
0.5,1142,epithelial_like
0.5,1143,hADSCs
0.5,1144,hCiPS
0.5,1145,hADSCs
0.5,1146,epithelial_like
0.5,1147,hADSCs
0.5,1148,hADSCs
0.5,1149,hADSCs
0.5,1150,hADSCs
0.5,1151,epithelial_like
0.5,1152,hADSCs
0.5,1153,hADSCs
0.5,1154,hADSCs
0.5,1155,hADSCs
0.5,1156,hADSCs
0.5,1157,epithelial_like
0.5,1158,hADSCs
0.5,1159,epithelial_like
0.5,1160,epithelial_like
0.5,1161,hADSCs
0.5,1162,hADSCs
0.5,1163,hADSCs
0.5,1164,epithelial_like
0.5,1165,hADSCs
0.5,1166,hADSCs
0.5,1167,hCiPS
0.5,1168,hCiPS
0.5,1169,hADSCs
0.5,1170,epithelial_like
0.5,1171,hADSCs
0.5,1172,hADSCs
0.5,1173,hADSCs
0.5,1174,hADSCs
0.5,1175,hADSCs
0.5,1176,hADSCs
0.5,1177,hADSCs
0.5,1178,hADSCs
0.5,1179,hADSCs
0.5,1180,hADSCs
0.5,1181,hADSCs
0.5,1182,epithelial_like
0.5,1183,hADSCs
0.5,1184,intermediate_plastic
0.5,1185,hADSCs
0.5,1186,hADSCs
0.5,1187,hADSCs
0.5,1188,hADSCs
0.5,1189,epithelial_like
0.5,1190,hADSCs
0.5,1191,hADSCs
0.5,1192,hADSCs
0.5,1193,hADSCs
0.5,1194,hADSCs
0.5,1195,hCiPS
0.5,1196,hADSCs
0.5,1197,hADSCs
0.5,1198,hADSCs
0.5,1199,hADSCs
0.5,1200,hADSCs
0.5,1201,hADSCs
0.5,1202,epithelial_like
0.5,1203,epithelial_like
0.5,1204,hADSCs
0.5,1205,epithelial_like
0.5,1206,epithelial_like
0.5,1207,hADSCs
0.5,1208,epithelial_like
0.5,1209,hADSCs
0.5,1210,epithelial_like
0.5,1211,hADSCs
0.5,1212,hADSCs
0.5,1213,hADSCs
0.5,1214,intermediate_plastic
0.5,1215,hADSCs
0.5,1216,hADSCs
0.5,1217,hADSCs
0.5,1218,hADSCs
0.5,1219,hADSCs
0.5,1220,epithelial_like
0.5,1221,epithelial_like
0.5,1222,hADSCs
0.5,1223,hADSCs
0.5,1224,hADSCs
0.5,1225,hADSCs
0.5,1226,hADSCs
0.5,1227,hADSCs
0.5,1228,hADSCs
0.5,1229,hADSCs
0.5,1230,intermediate_plastic
0.5,1231,intermediate_plastic
0.5,1232,epithelial_like
0.5,1233,intermediate_plastic
0.5,1234,hADSCs
0.5,1235,hADSCs
0.5,1236,hADSCs
0.5,1237,intermediate_plastic
0.5,1238,intermediate_plastic
0.5,1239,hADSCs
0.5,1240,epithelial_like
0.5,1241,hADSCs
0.5,1242,hCiPS
0.5,1243,hADSCs
0.5,1244,hADSCs
0.5,1245,hADSCs
0.5,1246,epithelial_like
0.5,1247,hADSCs
0.5,1248,ambiguous
0.5,1249,epithelial_like
0.5,1250,epithelial_like
0.5,1251,intermediate_plastic
0.5,1252,hCiPS
0.5,1253,epithelial_like
0.5,1254,hADSCs
0.5,1255,hADSCs
0.5,1256,hADSCs
0.5,1257,hADSCs
0.5,1258,epithelial_like
0.5,1259,epithelial_like
0.5,1260,hADSCs
0.5,1261,hADSCs
0.5,1262,hCiPS
0.5,1263,intermediate_plastic
0.5,1264,hADSCs
0.5,1265,hADSCs
0.5,1266,epithelial_like
0.5,1267,epithelial_like
0.5,1268,hADSCs
0.5,1269,hADSCs
0.5,1270,epithelial_like
0.5,1271,hADSCs
0.5,1272,hADSCs
0.5,1273,hADSCs
0.5,1274,hADSCs
0.5,1275,hADSCs
0.5,1276,hADSCs
0.5,1277,hADSCs
0.5,1278,hADSCs
0.5,1279,intermediate_plastic
0.5,1280,hADSCs
0.5,1281,hADSCs
0.5,1282,hADSCs
0.5,1283,hADSCs
0.5,1284,epithelial_like
0.5,1285,hADSCs
0.5,1286,hADSCs
0.5,1287,hADSCs
0.5,1288,epithelial_like
0.5,1289,epithelial_like
0.5,1290,hADSCs
0.5,1291,hADSCs
0.5,1292,epithelial_like
0.5,1293,hADSCs
0.5,1294,ambiguous
0.5,1295,hADSCs
0.5,1296,hADSCs
0.5,1297,epithelial_like
0.5,1298,hADSCs
0.5,1299,hADSCs
0.5,1300,hADSCs
0.5,1301,hADSCs
0.5,1302,hADSCs
0.5,1303,hADSCs
0.5,1304,hADSCs
0.5,1305,hADSCs
0.5,1306,hADSCs
0.5,1307,hADSCs
0.5,1308,epithelial_like
0.5,1309,hADSCs
0.5,1310,hADSCs
0.5,1311,hADSCs
0.5,1312,hADSCs
0.5,1313,hADSCs
0.5,1314,hADSCs
0.5,1315,hADSCs
0.5,1316,hADSCs
0.5,1317,hADSCs
0.5,1318,hADSCs
0.5,1319,hADSCs
0.5,1320,hADSCs
0.5,1321,intermediate_plastic
0.5,1322,epithelial_like
0.5,1323,intermediate_plastic
0.5,1324,hADSCs
0.5,1325,hADSCs
0.5,1326,epithelial_like
0.5,1327,epithelial_like
0.5,1328,hADSCs
0.5,1329,hADSCs
0.5,1330,hADSCs
0.5,1331,hADSCs
0.5,1332,hADSCs
0.5,1333,epithelial_like
0.5,1334,hCiPS
0.5,1335,hADSCs
0.5,1336,hADSCs
0.5,1337,hADSCs
0.5,1338,hADSCs
0.5,1339,epithelial_like
0.5,1340,hADSCs
0.5,1341,hCiPS
0.5,1342,hADSCs
0.5,1343,hADSCs
0.5,1344,hADSCs
0.5,1345,hADSCs
0.5,1346,hADSCs
0.5,1347,epithelial_like
0.5,1348,epithelial_like
0.5,1349,hADSCs
0.5,1350,hADSCs
0.5,1351,hADSCs
0.5,1352,hADSCs
0.5,1353,hADSCs
0.5,1354,hADSCs
0.5,1355,hADSCs
0.5,1356,epithelial_like
0.5,1357,hADSCs
0.5,1358,hADSCs
0.5,1359,hADSCs
0.5,1360,hADSCs
0.5,1361,hADSCs
0.5,1362,hADSCs
0.5,1363,hADSCs
0.5,1364,hADSCs
0.5,1365,hADSCs
0.5,1366,hADSCs
0.5,1367,hADSCs
0.5,1368,hADSCs
0.5,1369,hADSCs
0.5,1370,epithelial_like
0.5,1371,hADSCs
0.5,1372,hADSCs
0.5,1373,hADSCs
0.5,1374,hADSCs
0.5,1375,intermediate_plastic
0.5,1376,hADSCs
0.5,1377,hADSCs
0.5,1378,hADSCs
0.5,1379,hADSCs
0.5,1380,epithelial_like
0.5,1381,hADSCs
0.5,1382,hADSCs
0.5,1383,epithelial_like
0.5,1384,intermediate_plastic
0.5,1385,epithelial_like
0.5,1386,epithelial_like
0.5,1387,epithelial_like
0.5,1388,hADSCs
0.5,1389,epithelial_like
0.5,1390,hADSCs
0.5,1391,hADSCs
0.5,1392,hADSCs
0.5,1393,epithelial_like
0.5,1394,hADSCs
0.5,1395,ambiguous
0.5,1396,hADSCs
0.5,1397,epithelial_like
0.5,1398,hADSCs
0.5,1399,hADSCs
0.5,1400,hADSCs
0.5,1401,hADSCs
0.5,1402,hADSCs
0.5,1403,hADSCs
0.5,1404,epithelial_like
0.5,1405,epithelial_like
0.5,1406,hADSCs
0.5,1407,hADSCs
0.5,1408,intermediate_plastic
0.5,1409,hADSCs
0.5,1410,hADSCs
0.5,1411,hADSCs
0.5,1412,epithelial_like
0.5,1413,epithelial_like
0.5,1414,hADSCs
0.5,1415,epithelial_like
0.5,1416,epithelial_like
0.5,1417,epithelial_like
0.5,1418,epithelial_like
0.5,1419,hADSCs
0.5,1420,hADSCs
0.5,1421,hADSCs
0.5,1422,ambiguous
0.5,1423,ambiguous
0.5,1424,epithelial_like
0.5,1425,epithelial_like
0.5,1426,epithelial_like
0.5,1427,epithelial_like
0.5,1428,hADSCs
0.5,1429,hADSCs
0.5,1430,hADSCs
0.5,1431,epithelial_like
0.5,1432,hADSCs
0.5,1433,hADSCs
0.5,1434,hADSCs
0.5,1435,hADSCs
0.5,1436,hADSCs
0.5,1437,hADSCs
0.5,1438,hADSCs
0.5,1439,hADSCs
0.5,1440,epithelial_like
0.5,1441,hADSCs
0.5,1442,hADSCs
0.5,1443,hCiPS
0.5,1444,intermediate_plastic
0.5,1445,hADSCs
0.5,1446,intermediate_plastic
0.5,1447,hADSCs
0.5,1448,hADSCs
0.5,1449,hADSCs
0.5,1450,hADSCs
0.5,1451,hADSCs
0.5,1452,hADSCs
0.5,1453,hADSCs
0.5,1454,hADSCs
0.5,1455,hADSCs
0.5,1456,intermediate_plastic
0.5,1457,hADSCs
0.5,1458,hCiPS
0.5,1459,hADSCs
0.5,1460,hADSCs
0.5,1461,hADSCs
0.5,1462,hADSCs
0.5,1463,hADSCs
0.5,1464,hADSCs
0.5,1465,hCiPS
0.5,1466,hADSCs
0.5,1467,hADSCs
0.5,1468,hADSCs
0.5,1469,hADSCs
0.5,1470,hADSCs
0.5,1471,hADSCs
0.5,1472,hCiPS
0.5,1473,hADSCs
0.5,1474,hADSCs
0.5,1475,hADSCs
0.5,1476,hADSCs
0.5,1477,hADSCs
0.5,1478,hADSCs
0.5,1479,hADSCs
0.5,1480,hADSCs
0.5,1481,epithelial_like
0.5,1482,hADSCs
0.5,1483,hADSCs
0.5,1484,hADSCs
0.5,1485,hADSCs
0.5,1486,hADSCs
0.5,1487,intermediate_plastic
0.5,1488,hADSCs
0.5,1489,hADSCs
0.5,1490,hADSCs
0.5,1491,hADSCs
0.5,1492,intermediate_plastic
0.5,1493,hADSCs
0.5,1494,hADSCs
0.5,1495,hADSCs
0.5,1496,epithelial_like
0.5,1497,epithelial_like
0.5,1498,epithelial_like
0.5,1499,hADSCs
0.5,1500,hADSCs
0.5,1501,hADSCs
0.5,1502,hADSCs
0.5,1503,hADSCs
0.5,1504,hADSCs
0.5,1505,hADSCs
0.5,1506,hADSCs
0.5,1507,hADSCs
0.5,1508,hADSCs
0.5,1509,hADSCs
0.5,1510,hADSCs
0.5,1511,hADSCs
0.5,1512,hADSCs
0.5,1513,hADSCs
0.5,1514,hADSCs
0.5,1515,epithelial_like
0.5,1516,hADSCs
0.5,1517,epithelial_like
0.5,1518,epithelial_like
0.5,1519,hCiPS
0.5,1520,intermediate_plastic
0.5,1521,epithelial_like
0.5,1522,epithelial_like
0.5,1523,epithelial_like
0.5,1524,epithelial_like
0.5,1525,hADSCs
0.5,1526,hADSCs
0.5,1527,hADSCs
0.5,1528,hADSCs
0.5,1529,hADSCs
0.5,1530,epithelial_like
0.5,1531,hADSCs
0.5,1532,hADSCs
0.5,1533,hADSCs
0.5,1534,hADSCs
0.5,1535,hADSCs
0.5,1536,hADSCs
0.5,1537,hADSCs
0.5,1538,hADSCs
0.5,1539,hADSCs
0.5,1540,hADSCs
0.5,1541,hADSCs
0.5,1542,hADSCs
0.5,1543,hADSCs
0.5,1544,hADSCs
0.5,1545,hADSCs
0.5,1546,epithelial_like
0.5,1547,hADSCs
0.5,1548,hADSCs
0.5,1549,hADSCs
0.5,1550,hADSCs
0.5,1551,hADSCs
0.5,1552,epithelial_like
0.5,1553,hADSCs
0.5,1554,hADSCs
0.5,1555,hADSCs
0.5,1556,hADSCs
0.5,1557,hADSCs
0.5,1558,hADSCs
0.5,1559,hADSCs
0.5,1560,hADSCs
0.5,1561,hADSCs
0.5,1562,hADSCs
0.5,1563,hADSCs
0.5,1564,hADSCs
0.5,1565,epithelial_like
0.5,1566,epithelial_like
0.5,1567,epithelial_like
0.5,1568,hADSCs
0.5,1569,epithelial_like
0.5,1570,epithelial_like
0.5,1571,hADSCs
0.5,1572,hADSCs
0.5,1573,hADSCs
0.5,1574,epithelial_like
0.5,1575,hADSCs
0.5,1576,hADSCs
0.5,1577,hADSCs
0.5,1578,epithelial_like
0.5,1579,hADSCs
0.5,1580,epithelial_like
0.5,1581,epithelial_like
0.5,1582,hADSCs
0.5,1583,hADSCs
0.5,1584,hADSCs
0.5,1585,hADSCs
0.5,1586,hADSCs
0.5,1587,epithelial_like
0.5,1588,hADSCs
0.5,1589,hADSCs
0.5,1590,intermediate_plastic
0.5,1591,hADSCs
0.5,1592,hCiPS
0.5,1593,hADSCs
0.5,1594,hADSCs
0.5,1595,hADSCs
0.5,1596,hCiPS
0.5,1597,hADSCs
0.5,1598,hADSCs
0.5,1599,hADSCs
0.5,1600,hADSCs
0.5,1601,hADSCs
0.5,1602,hADSCs
0.5,1603,hADSCs
0.5,1604,hADSCs
0.5,1605,hADSCs
0.5,1606,epithelial_like
0.5,1607,epithelial_like
0.5,1608,hADSCs
0.5,1609,hADSCs
0.5,1610,hADSCs
0.5,1611,hADSCs
0.5,1612,hADSCs
0.5,1613,hADSCs
0.5,1614,hADSCs
0.5,1615,hADSCs
0.5,1616,hADSCs
0.5,1617,hADSCs
0.5,1618,hADSCs
0.5,1619,hADSCs
0.5,1620,hADSCs
0.5,1621,hADSCs
0.5,1622,epithelial_like
0.5,1623,epithelial_like
0.5,1624,epithelial_like
0.5,1625,epithelial_like
0.5,1626,epithelial_like
0.5,1627,hADSCs
0.5,1628,hADSCs
0.5,1629,hADSCs
0.5,1630,hADSCs
0.5,1631,hADSCs
0.5,1632,hADSCs
0.5,1633,hADSCs
0.5,1634,hADSCs
0.5,1635,epithelial_like
0.5,1636,hADSCs
0.5,1637,hADSCs
0.5,1638,hADSCs
0.5,1639,ambiguous
0.5,1640,hADSCs
0.5,1641,epithelial_like
0.5,1642,hADSCs
0.5,1643,hADSCs
0.5,1644,hADSCs
0.5,1645,hADSCs
0.5,1646,hADSCs
0.5,1647,hADSCs
0.5,1648,hADSCs
0.5,1649,hADSCs
0.5,1650,hADSCs
0.5,1651,hADSCs
0.5,1652,hADSCs
0.5,1653,hCiPS
0.5,1654,hADSCs
0.5,1655,hADSCs
0.5,1656,hADSCs
0.5,1657,hADSCs
0.5,1658,hCiPS
0.5,1659,hCiPS
0.5,1660,hADSCs
0.5,1661,hCiPS
0.5,1662,hADSCs
0.5,1663,hCiPS
0.5,1664,hADSCs
0.5,1665,hADSCs
0.5,1666,hADSCs
0.5,1667,intermediate_plastic
0.5,1668,intermediate_plastic
0.5,1669,hADSCs
0.5,1670,hADSCs
0.5,1671,hADSCs
0.5,1672,hADSCs
0.5,1673,hADSCs
0.5,1674,hADSCs
0.5,1675,intermediate_plastic
0.5,1676,hADSCs
0.5,1677,hADSCs
0.5,1678,hADSCs
0.5,1679,hADSCs
0.5,1680,hADSCs
0.5,1681,epithelial_like
0.5,1682,hADSCs
0.5,1683,hCiPS
0.5,1684,hADSCs
0.5,1685,hCiPS
0.5,1686,hADSCs
0.5,1687,intermediate_plastic
0.5,1688,hADSCs
0.5,1689,epithelial_like
0.5,1690,epithelial_like
0.5,1691,intermediate_plastic
0.5,1692,hADSCs
0.5,1693,hADSCs
0.5,1694,hADSCs
0.5,1695,hADSCs
0.5,1696,hCiPS
0.5,1697,intermediate_plastic
0.5,1698,hADSCs
0.5,1699,hADSCs
0.5,1700,hADSCs
0.5,1701,epithelial_like
0.5,1702,hADSCs
0.5,1703,epithelial_like
0.5,1704,hADSCs
0.5,1705,hADSCs
0.5,1706,intermediate_plastic
0.5,1707,hADSCs
0.5,1708,hADSCs
0.5,1709,hADSCs
0.5,1710,hADSCs
0.5,1711,hADSCs
0.5,1712,hADSCs
0.5,1713,hADSCs
0.5,1714,hADSCs
0.5,1715,hADSCs
0.5,1716,hADSCs
0.5,1717,hADSCs
0.5,1718,hADSCs
0.5,1719,intermediate_plastic
0.5,1720,intermediate_plastic
0.5,1721,intermediate_plastic
0.5,1722,hADSCs
0.5,1723,hADSCs
0.5,1724,hADSCs
0.5,1725,hADSCs
0.5,1726,hADSCs
0.5,1727,hADSCs
0.5,1728,hADSCs
0.5,1729,ambiguous
0.5,1730,hADSCs
0.5,1731,hADSCs
0.5,1732,epithelial_like
0.5,1733,epithelial_like
0.5,1734,hADSCs
0.5,1735,hADSCs
0.5,1736,hADSCs
0.5,1737,hADSCs
0.5,1738,hADSCs
0.5,1739,epithelial_like
0.5,1740,hADSCs
0.5,1741,epithelial_like
0.5,1742,epithelial_like
0.5,1743,epithelial_like
0.5,1744,hADSCs
0.5,1745,epithelial_like
0.5,1746,hADSCs
0.5,1747,epithelial_like
0.5,1748,hADSCs
0.5,1749,hADSCs
0.5,1750,hADSCs
0.5,1751,hADSCs
0.5,1752,hADSCs
0.5,1753,hADSCs
0.5,1754,epithelial_like
0.5,1755,hADSCs
0.5,1756,hADSCs
0.5,1757,hADSCs
0.5,1758,hADSCs
0.5,1759,intermediate_plastic
0.5,1760,hADSCs
0.5,1761,hCiPS
0.5,1762,hCiPS
0.5,1763,hADSCs
0.5,1764,hADSCs
0.5,1765,hADSCs
0.5,1766,hADSCs
0.5,1767,hADSCs
0.5,1768,hCiPS
0.5,1769,hADSCs
0.5,1770,hADSCs
0.5,1771,hADSCs
0.5,1772,hADSCs
0.5,1773,hADSCs
0.5,1774,hADSCs
0.5,1775,hADSCs
0.5,1776,hADSCs
0.5,1777,hADSCs
0.5,1778,intermediate_plastic
0.5,1779,epithelial_like
0.5,1780,hADSCs
0.5,1781,hADSCs
0.5,1782,epithelial_like
0.5,1783,epithelial_like
0.5,1784,epithelial_like
0.5,1785,epithelial_like
0.5,1786,hADSCs
0.5,1787,epithelial_like
0.5,1788,epithelial_like
0.5,1789,epithelial_like
0.5,1790,intermediate_plastic
0.5,1791,hADSCs
0.5,1792,epithelial_like
0.5,1793,hADSCs
0.5,1794,hADSCs
0.5,1795,hADSCs
0.5,1796,intermediate_plastic
0.5,1797,hCiPS
0.5,1798,epithelial_like
0.5,1799,epithelial_like
0.5,1800,hADSCs
0.5,1801,hADSCs
0.5,1802,epithelial_like
0.5,1803,hADSCs
0.5,1804,intermediate_plastic
0.5,1805,epithelial_like
0.5,1806,epithelial_like
0.5,1807,hADSCs
0.5,1808,hADSCs
0.5,1809,hADSCs
0.5,1810,hCiPS
0.5,1811,hADSCs
0.5,1812,hADSCs
0.5,1813,hADSCs
0.5,1814,hADSCs
0.5,1815,hADSCs
0.5,1816,hADSCs
0.5,1817,epithelial_like
0.5,1818,epithelial_like
0.5,1819,hADSCs
0.5,1820,hADSCs
0.5,1821,hADSCs
0.5,1822,epithelial_like
0.5,1823,intermediate_plastic
0.5,1824,hADSCs
0.5,1825,hADSCs
0.5,1826,hADSCs
0.5,1827,epithelial_like
0.5,1828,hCiPS
0.5,1829,hCiPS
0.5,1830,hADSCs
0.5,1831,epithelial_like
0.5,1832,hCiPS
0.5,1833,epithelial_like
0.5,1834,epithelial_like
0.5,1835,epithelial_like
0.5,1836,epithelial_like
0.5,1837,hADSCs
0.5,1838,hADSCs
0.5,1839,hADSCs
0.5,1840,hADSCs
0.5,1841,hADSCs
0.5,1842,hADSCs
0.5,1843,hADSCs
0.5,1844,epithelial_like
0.5,1845,hADSCs
0.5,1846,hADSCs
0.5,1847,epithelial_like
0.5,1848,intermediate_plastic
0.5,1849,hADSCs
0.5,1850,hADSCs
0.5,1851,hADSCs
0.5,1852,hADSCs
0.5,1853,hADSCs
0.5,1854,hADSCs
0.5,1855,hADSCs
0.5,1856,epithelial_like
0.5,1857,hADSCs
0.5,1858,hADSCs
0.5,1859,hADSCs
0.5,1860,hADSCs
0.5,1861,hADSCs
0.5,1862,hADSCs
0.5,1863,hADSCs
0.5,1864,hADSCs
0.5,1865,hADSCs
0.5,1866,intermediate_plastic
0.5,1867,hADSCs
0.5,1868,hADSCs
0.5,1869,epithelial_like
0.5,1870,epithelial_like
0.5,1871,hADSCs
0.5,1872,hADSCs
0.5,1873,hADSCs
0.5,1874,epithelial_like
0.5,1875,hADSCs
0.5,1876,epithelial_like
0.5,1877,hADSCs
0.5,1878,hCiPS
0.5,1879,epithelial_like
0.5,1880,hADSCs
0.5,1881,hADSCs
0.5,1882,hADSCs
0.5,1883,hADSCs
0.5,1884,hADSCs
0.5,1885,intermediate_plastic
0.5,1886,intermediate_plastic
0.5,1887,epithelial_like
0.5,1888,epithelial_like
0.5,1889,intermediate_plastic
0.5,1890,hADSCs
0.5,1891,hADSCs
0.5,1892,hADSCs
0.5,1893,hADSCs
0.5,1894,hADSCs
0.5,1895,hADSCs
0.5,1896,hCiPS
0.5,1897,hADSCs
0.5,1898,hADSCs
0.5,1899,hADSCs
0.5,1900,hADSCs
0.5,1901,hADSCs
0.5,1902,hADSCs
0.5,1903,hADSCs
0.5,1904,hADSCs
0.5,1905,hADSCs
0.5,1906,hADSCs
0.5,1907,hADSCs
0.5,1908,hADSCs
0.5,1909,hADSCs
0.5,1910,hADSCs
0.5,1911,intermediate_plastic
0.5,1912,hADSCs
0.5,1913,hADSCs
0.5,1914,hADSCs
0.5,1915,hADSCs
0.5,1916,hADSCs
0.5,1917,hADSCs
0.5,1918,hADSCs
0.5,1919,hADSCs
0.5,1920,epithelial_like
0.5,1921,hADSCs
0.5,1922,hADSCs
0.5,1923,hADSCs
0.5,1924,hADSCs
0.5,1925,hADSCs
0.5,1926,hADSCs
0.5,1927,hADSCs
0.5,1928,intermediate_plastic
0.5,1929,intermediate_plastic
0.5,1930,hADSCs
0.5,1931,hADSCs
0.5,1932,hADSCs
0.5,1933,hADSCs
0.5,1934,hADSCs
0.5,1935,hADSCs
0.5,1936,hADSCs
0.5,1937,hADSCs
0.5,1938,epithelial_like
0.5,1939,epithelial_like
0.5,1940,epithelial_like
0.5,1941,hADSCs
0.5,1942,intermediate_plastic
0.5,1943,hADSCs
0.5,1944,epithelial_like
0.5,1945,hCiPS
0.5,1946,hADSCs
0.5,1947,hCiPS
0.5,1948,intermediate_plastic
0.5,1949,hADSCs
0.5,1950,hADSCs
0.5,1951,hADSCs
0.5,1952,hADSCs
0.5,1953,epithelial_like
0.5,1954,hADSCs
0.5,1955,hADSCs
0.5,1956,hADSCs
0.5,1957,hADSCs
0.5,1958,epithelial_like
0.5,1959,hADSCs
0.5,1960,hADSCs
0.5,1961,hADSCs
0.5,1962,hADSCs
0.5,1963,hADSCs
0.5,1964,hADSCs
0.5,1965,hCiPS
0.5,1966,hCiPS
0.5,1967,hCiPS
0.5,1968,intermediate_plastic
0.5,1969,hADSCs
0.5,1970,hADSCs
0.5,1971,hADSCs
0.5,1972,intermediate_plastic
0.5,1973,intermediate_plastic
0.5,1974,epithelial_like
0.5,1975,hADSCs
0.5,1976,hADSCs
0.5,1977,hADSCs
0.5,1978,hADSCs
0.5,1979,hADSCs
0.5,1980,hADSCs
0.5,1981,hADSCs
0.5,1982,hADSCs
0.5,1983,hADSCs
0.5,1984,hADSCs
0.5,1985,hADSCs
0.5,1986,hADSCs
0.5,1987,hADSCs
0.5,1988,hADSCs
0.5,1989,intermediate_plastic
0.5,1990,epithelial_like
0.5,1991,hADSCs
0.5,1992,hADSCs
0.5,1993,hADSCs
0.5,1994,hADSCs
0.5,1995,hADSCs
0.5,1996,hADSCs
0.5,1997,hADSCs
0.5,1998,hADSCs
0.5,1999,hADSCs
2.0,2000,hADSCs
2.0,2001,hADSCs
2.0,2002,hADSCs
2.0,2003,hADSCs
2.0,2004,hADSCs
2.0,2005,hADSCs
2.0,2006,hADSCs
2.0,2007,hADSCs
2.0,2008,epithelial_like
2.0,2009,hADSCs
2.0,2010,epithelial_like
2.0,2011,hADSCs
2.0,2012,hADSCs
2.0,2013,hADSCs
2.0,2014,intermediate_plastic
2.0,2015,hADSCs
2.0,2016,hADSCs
2.0,2017,hADSCs
2.0,2018,hADSCs
2.0,2019,hADSCs
2.0,2020,epithelial_like
2.0,2021,epithelial_like
2.0,2022,hADSCs
2.0,2023,hADSCs
2.0,2024,hADSCs
2.0,2025,hADSCs
2.0,2026,epithelial_like
2.0,2027,hADSCs
2.0,2028,hADSCs
2.0,2029,hADSCs
2.0,2030,hADSCs
2.0,2031,intermediate_plastic
2.0,2032,hADSCs
2.0,2033,hADSCs
2.0,2034,hADSCs
2.0,2035,hADSCs
2.0,2036,hADSCs
2.0,2037,hADSCs
2.0,2038,hADSCs
2.0,2039,hADSCs
2.0,2040,hADSCs
2.0,2041,hADSCs
2.0,2042,epithelial_like
2.0,2043,hADSCs
2.0,2044,hADSCs
2.0,2045,epithelial_like
2.0,2046,epithelial_like
2.0,2047,hADSCs
2.0,2048,hADSCs
2.0,2049,hADSCs
2.0,2050,epithelial_like
2.0,2051,hADSCs
2.0,2052,epithelial_like
2.0,2053,epithelial_like
2.0,2054,hADSCs
2.0,2055,epithelial_like
2.0,2056,hADSCs
2.0,2057,hADSCs
2.0,2058,epithelial_like
2.0,2059,epithelial_like
2.0,2060,epithelial_like
2.0,2061,epithelial_like
2.0,2062,hADSCs
2.0,2063,hADSCs
2.0,2064,hADSCs
2.0,2065,hADSCs
2.0,2066,epithelial_like
2.0,2067,hADSCs
2.0,2068,hADSCs
2.0,2069,hADSCs
2.0,2070,epithelial_like
2.0,2071,epithelial_like
2.0,2072,hADSCs
2.0,2073,epithelial_like
2.0,2074,hADSCs
2.0,2075,epithelial_like
2.0,2076,hADSCs
2.0,2077,hADSCs
2.0,2078,hADSCs
2.0,2079,hADSCs
2.0,2080,epithelial_like
2.0,2081,epithelial_like
2.0,2082,hADSCs
2.0,2083,hADSCs
2.0,2084,hADSCs
2.0,2085,hADSCs
2.0,2086,hADSCs
2.0,2087,hADSCs
2.0,2088,epithelial_like
2.0,2089,hADSCs
2.0,2090,epithelial_like
2.0,2091,epithelial_like
2.0,2092,hADSCs
2.0,2093,hADSCs
2.0,2094,hADSCs
2.0,2095,hADSCs
2.0,2096,epithelial_like
2.0,2097,hADSCs
2.0,2098,hADSCs
2.0,2099,hADSCs
2.0,2100,hADSCs
2.0,2101,hADSCs
2.0,2102,epithelial_like
2.0,2103,intermediate_plastic
2.0,2104,hADSCs
2.0,2105,hADSCs
2.0,2106,hADSCs
2.0,2107,epithelial_like
2.0,2108,hADSCs
2.0,2109,hADSCs
2.0,2110,epithelial_like
2.0,2111,epithelial_like
2.0,2112,epithelial_like
2.0,2113,epithelial_like
2.0,2114,epithelial_like
2.0,2115,hADSCs
2.0,2116,hADSCs
2.0,2117,epithelial_like
2.0,2118,hADSCs
2.0,2119,hADSCs
2.0,2120,epithelial_like
2.0,2121,epithelial_like
2.0,2122,epithelial_like
2.0,2123,hADSCs
2.0,2124,hADSCs
2.0,2125,epithelial_like
2.0,2126,epithelial_like
2.0,2127,hADSCs
2.0,2128,hADSCs
2.0,2129,hADSCs
2.0,2130,epithelial_like
2.0,2131,hADSCs
2.0,2132,hADSCs
2.0,2133,hADSCs
2.0,2134,hADSCs
2.0,2135,epithelial_like
2.0,2136,hADSCs
2.0,2137,hADSCs
2.0,2138,hADSCs
2.0,2139,hADSCs
2.0,2140,hADSCs
2.0,2141,epithelial_like
2.0,2142,hADSCs
2.0,2143,hADSCs
2.0,2144,hADSCs
2.0,2145,epithelial_like
2.0,2146,hADSCs
2.0,2147,hADSCs
2.0,2148,hADSCs
2.0,2149,epithelial_like
2.0,2150,epithelial_like
2.0,2151,hADSCs
2.0,2152,hADSCs
2.0,2153,hADSCs
2.0,2154,hADSCs
2.0,2155,hADSCs
2.0,2156,hADSCs
2.0,2157,hADSCs
2.0,2158,hADSCs
2.0,2159,hADSCs
2.0,2160,epithelial_like
2.0,2161,hADSCs
2.0,2162,epithelial_like
2.0,2163,hADSCs
2.0,2164,hADSCs
2.0,2165,hADSCs
2.0,2166,epithelial_like
2.0,2167,epithelial_like
2.0,2168,hADSCs
2.0,2169,hADSCs
2.0,2170,hADSCs
2.0,2171,hADSCs
2.0,2172,epithelial_like
2.0,2173,hADSCs
2.0,2174,hADSCs
2.0,2175,hADSCs
2.0,2176,epithelial_like
2.0,2177,epithelial_like
2.0,2178,epithelial_like
2.0,2179,epithelial_like
2.0,2180,epithelial_like
2.0,2181,epithelial_like
2.0,2182,epithelial_like
2.0,2183,hADSCs
2.0,2184,epithelial_like
2.0,2185,hADSCs
2.0,2186,hADSCs
2.0,2187,hADSCs
2.0,2188,hADSCs
2.0,2189,epithelial_like
2.0,2190,hADSCs
2.0,2191,hADSCs
2.0,2192,hADSCs
2.0,2193,hADSCs
2.0,2194,hADSCs
2.0,2195,epithelial_like
2.0,2196,epithelial_like
2.0,2197,hADSCs
2.0,2198,hADSCs
2.0,2199,hADSCs
2.0,2200,hADSCs
2.0,2201,epithelial_like
2.0,2202,hADSCs
2.0,2203,hADSCs
2.0,2204,hADSCs
2.0,2205,hADSCs
2.0,2206,epithelial_like
2.0,2207,hADSCs
2.0,2208,hADSCs
2.0,2209,hADSCs
2.0,2210,epithelial_like
2.0,2211,hADSCs
2.0,2212,hADSCs
2.0,2213,epithelial_like
2.0,2214,epithelial_like
2.0,2215,epithelial_like
2.0,2216,hADSCs
2.0,2217,hADSCs
2.0,2218,hADSCs
2.0,2219,hADSCs
2.0,2220,hADSCs
2.0,2221,epithelial_like
2.0,2222,epithelial_like
2.0,2223,hADSCs
2.0,2224,hADSCs
2.0,2225,hADSCs
2.0,2226,hADSCs
2.0,2227,hADSCs
2.0,2228,hADSCs
2.0,2229,hADSCs
2.0,2230,hADSCs
2.0,2231,hADSCs
2.0,2232,hADSCs
2.0,2233,hADSCs
2.0,2234,hADSCs
2.0,2235,hADSCs
2.0,2236,hADSCs
2.0,2237,hADSCs
2.0,2238,hADSCs
2.0,2239,hADSCs
2.0,2240,hADSCs
2.0,2241,hADSCs
2.0,2242,hADSCs
2.0,2243,hADSCs
2.0,2244,epithelial_like
2.0,2245,epithelial_like
2.0,2246,epithelial_like
2.0,2247,epithelial_like
2.0,2248,epithelial_like
2.0,2249,hADSCs
2.0,2250,hADSCs
2.0,2251,hADSCs
2.0,2252,hADSCs
2.0,2253,hADSCs
2.0,2254,hADSCs
2.0,2255,hADSCs
2.0,2256,hADSCs
2.0,2257,epithelial_like
2.0,2258,epithelial_like
2.0,2259,epithelial_like
2.0,2260,epithelial_like
2.0,2261,hADSCs
2.0,2262,hADSCs
2.0,2263,hADSCs
2.0,2264,hADSCs
2.0,2265,hADSCs
2.0,2266,hADSCs
2.0,2267,hADSCs
2.0,2268,hADSCs
2.0,2269,hADSCs
2.0,2270,hADSCs
2.0,2271,hADSCs
2.0,2272,hADSCs
2.0,2273,hADSCs
2.0,2274,epithelial_like
2.0,2275,epithelial_like
2.0,2276,epithelial_like
2.0,2277,epithelial_like
2.0,2278,hADSCs
2.0,2279,hADSCs
2.0,2280,hADSCs
2.0,2281,hADSCs
2.0,2282,hADSCs
2.0,2283,epithelial_like
2.0,2284,hADSCs
2.0,2285,epithelial_like
2.0,2286,hADSCs
2.0,2287,epithelial_like
2.0,2288,epithelial_like
2.0,2289,hADSCs
2.0,2290,hADSCs
2.0,2291,epithelial_like
2.0,2292,epithelial_like
2.0,2293,hADSCs
2.0,2294,hADSCs
2.0,2295,epithelial_like
2.0,2296,epithelial_like
2.0,2297,hADSCs
2.0,2298,hADSCs
2.0,2299,epithelial_like
2.0,2300,epithelial_like
2.0,2301,hADSCs
2.0,2302,hADSCs
2.0,2303,hADSCs
2.0,2304,hADSCs
2.0,2305,hADSCs
2.0,2306,epithelial_like
2.0,2307,hADSCs
2.0,2308,hADSCs
2.0,2309,hADSCs
2.0,2310,hADSCs
2.0,2311,hADSCs
2.0,2312,hADSCs
2.0,2313,hADSCs
2.0,2314,hADSCs
2.0,2315,epithelial_like
2.0,2316,epithelial_like
2.0,2317,epithelial_like
2.0,2318,epithelial_like
2.0,2319,epithelial_like
2.0,2320,epithelial_like
2.0,2321,epithelial_like
2.0,2322,epithelial_like
2.0,2323,epithelial_like
2.0,2324,epithelial_like
2.0,2325,epithelial_like
2.0,2326,epithelial_like
2.0,2327,hADSCs
2.0,2328,hADSCs
2.0,2329,hADSCs
2.0,2330,hADSCs
2.0,2331,hADSCs
2.0,2332,hADSCs
2.0,2333,hADSCs
2.0,2334,hADSCs
2.0,2335,hADSCs
2.0,2336,epithelial_like
2.0,2337,epithelial_like
2.0,2338,epithelial_like
2.0,2339,epithelial_like
2.0,2340,epithelial_like
2.0,2341,hADSCs
2.0,2342,hADSCs
2.0,2343,epithelial_like
2.0,2344,hADSCs
2.0,2345,hADSCs
2.0,2346,hADSCs
2.0,2347,epithelial_like
2.0,2348,hADSCs
2.0,2349,hADSCs
2.0,2350,hADSCs
2.0,2351,hADSCs
2.0,2352,hADSCs
2.0,2353,epithelial_like
2.0,2354,hADSCs
2.0,2355,epithelial_like
2.0,2356,hADSCs
2.0,2357,hADSCs
2.0,2358,hADSCs
2.0,2359,epithelial_like
2.0,2360,hADSCs
2.0,2361,hADSCs
2.0,2362,hADSCs
2.0,2363,hADSCs
2.0,2364,epithelial_like
2.0,2365,hADSCs
2.0,2366,epithelial_like
2.0,2367,hADSCs
2.0,2368,hADSCs
2.0,2369,hADSCs
2.0,2370,epithelial_like
2.0,2371,hADSCs
2.0,2372,hADSCs
2.0,2373,epithelial_like
2.0,2374,epithelial_like
2.0,2375,hADSCs
2.0,2376,epithelial_like
2.0,2377,hADSCs
2.0,2378,epithelial_like
2.0,2379,hADSCs
2.0,2380,hADSCs
2.0,2381,hADSCs
2.0,2382,epithelial_like
2.0,2383,epithelial_like
2.0,2384,hADSCs
2.0,2385,hADSCs
2.0,2386,hADSCs
2.0,2387,hADSCs
2.0,2388,hADSCs
2.0,2389,epithelial_like
2.0,2390,epithelial_like
2.0,2391,epithelial_like
2.0,2392,hADSCs
2.0,2393,epithelial_like
2.0,2394,epithelial_like
2.0,2395,epithelial_like
2.0,2396,hADSCs
2.0,2397,hADSCs
2.0,2398,hADSCs
2.0,2399,epithelial_like
2.0,2400,hADSCs
2.0,2401,hADSCs
2.0,2402,epithelial_like
2.0,2403,hADSCs
2.0,2404,hADSCs
2.0,2405,hADSCs
2.0,2406,hADSCs
2.0,2407,hADSCs
2.0,2408,epithelial_like
2.0,2409,hADSCs
2.0,2410,hADSCs
2.0,2411,hADSCs
2.0,2412,hADSCs
2.0,2413,hADSCs
2.0,2414,hADSCs
2.0,2415,hADSCs
2.0,2416,hADSCs
2.0,2417,epithelial_like
2.0,2418,epithelial_like
2.0,2419,epithelial_like
2.0,2420,hADSCs
2.0,2421,epithelial_like
2.0,2422,epithelial_like
2.0,2423,epithelial_like
2.0,2424,hADSCs
2.0,2425,hADSCs
2.0,2426,epithelial_like
2.0,2427,epithelial_like
2.0,2428,hADSCs
2.0,2429,hADSCs
2.0,2430,hADSCs
2.0,2431,epithelial_like
2.0,2432,epithelial_like
2.0,2433,hADSCs
2.0,2434,hADSCs
2.0,2435,hADSCs
2.0,2436,epithelial_like
2.0,2437,hADSCs
2.0,2438,hADSCs
2.0,2439,epithelial_like
2.0,2440,epithelial_like
2.0,2441,epithelial_like
2.0,2442,epithelial_like
2.0,2443,hADSCs
2.0,2444,hADSCs
2.0,2445,hADSCs
2.0,2446,hADSCs
2.0,2447,hADSCs
2.0,2448,hADSCs
2.0,2449,epithelial_like
2.0,2450,epithelial_like
2.0,2451,epithelial_like
2.0,2452,epithelial_like
2.0,2453,epithelial_like
2.0,2454,hADSCs
2.0,2455,hADSCs
2.0,2456,epithelial_like
2.0,2457,epithelial_like
2.0,2458,hADSCs
2.0,2459,hADSCs
2.0,2460,epithelial_like
2.0,2461,epithelial_like
2.0,2462,hADSCs
2.0,2463,hADSCs
2.0,2464,hADSCs
2.0,2465,epithelial_like
2.0,2466,hADSCs
2.0,2467,hADSCs
2.0,2468,hADSCs
2.0,2469,hADSCs
2.0,2470,hADSCs
2.0,2471,hADSCs
2.0,2472,hADSCs
2.0,2473,hADSCs
2.0,2474,hADSCs
2.0,2475,hADSCs
2.0,2476,hADSCs
2.0,2477,hADSCs
2.0,2478,hADSCs
2.0,2479,hADSCs
2.0,2480,hADSCs
2.0,2481,hADSCs
2.0,2482,hADSCs
2.0,2483,epithelial_like
2.0,2484,epithelial_like
2.0,2485,hADSCs
2.0,2486,hADSCs
2.0,2487,hADSCs
2.0,2488,hADSCs
2.0,2489,hADSCs
2.0,2490,hADSCs
2.0,2491,hADSCs
2.0,2492,hADSCs
2.0,2493,hADSCs
2.0,2494,hADSCs
2.0,2495,hADSCs
2.0,2496,hADSCs
2.0,2497,hADSCs
2.0,2498,hADSCs
2.0,2499,hADSCs
2.0,2500,hADSCs
2.0,2501,hADSCs
2.0,2502,epithelial_like
2.0,2503,hADSCs
2.0,2504,epithelial_like
2.0,2505,hADSCs
2.0,2506,hADSCs
2.0,2507,hADSCs
2.0,2508,hADSCs
2.0,2509,hADSCs
2.0,2510,hADSCs
2.0,2511,hADSCs
2.0,2512,hADSCs
2.0,2513,intermediate_plastic
2.0,2514,epithelial_like
2.0,2515,hADSCs
2.0,2516,hADSCs
2.0,2517,hADSCs
2.0,2518,epithelial_like
2.0,2519,hADSCs
2.0,2520,hADSCs
2.0,2521,hADSCs
2.0,2522,epithelial_like
2.0,2523,hADSCs
2.0,2524,hADSCs
2.0,2525,epithelial_like
2.0,2526,hADSCs
2.0,2527,epithelial_like
2.0,2528,hADSCs
2.0,2529,epithelial_like
2.0,2530,hADSCs
2.0,2531,epithelial_like
2.0,2532,epithelial_like
2.0,2533,epithelial_like
2.0,2534,hADSCs
2.0,2535,hADSCs
2.0,2536,epithelial_like
2.0,2537,hADSCs
2.0,2538,epithelial_like
2.0,2539,epithelial_like
2.0,2540,epithelial_like
2.0,2541,epithelial_like
2.0,2542,hADSCs
2.0,2543,hADSCs
2.0,2544,hADSCs
2.0,2545,epithelial_like
2.0,2546,hADSCs
2.0,2547,epithelial_like
2.0,2548,hADSCs
2.0,2549,hADSCs
2.0,2550,epithelial_like
2.0,2551,epithelial_like
2.0,2552,hADSCs
2.0,2553,hADSCs
2.0,2554,hADSCs
2.0,2555,epithelial_like
2.0,2556,hADSCs
2.0,2557,epithelial_like
2.0,2558,hADSCs
2.0,2559,hADSCs
2.0,2560,epithelial_like
2.0,2561,epithelial_like
2.0,2562,epithelial_like
2.0,2563,hADSCs
2.0,2564,hADSCs
2.0,2565,epithelial_like
2.0,2566,hADSCs
2.0,2567,hADSCs
2.0,2568,hADSCs
2.0,2569,epithelial_like
2.0,2570,hADSCs
2.0,2571,hADSCs
2.0,2572,intermediate_plastic
2.0,2573,hADSCs
2.0,2574,epithelial_like
2.0,2575,hADSCs
2.0,2576,epithelial_like
2.0,2577,hADSCs
2.0,2578,epithelial_like
2.0,2579,epithelial_like
2.0,2580,hADSCs
2.0,2581,hADSCs
2.0,2582,hADSCs
2.0,2583,epithelial_like
2.0,2584,hADSCs
2.0,2585,hADSCs
2.0,2586,hADSCs
2.0,2587,hADSCs
2.0,2588,hADSCs
2.0,2589,hADSCs
2.0,2590,hADSCs
2.0,2591,hADSCs
2.0,2592,hADSCs
2.0,2593,hADSCs
2.0,2594,hADSCs
2.0,2595,hADSCs
2.0,2596,hADSCs
2.0,2597,hADSCs
2.0,2598,epithelial_like
2.0,2599,epithelial_like
2.0,2600,hADSCs
2.0,2601,epithelial_like
2.0,2602,epithelial_like
2.0,2603,epithelial_like
2.0,2604,hADSCs
2.0,2605,hADSCs
2.0,2606,hADSCs
2.0,2607,epithelial_like
2.0,2608,hADSCs
2.0,2609,epithelial_like
2.0,2610,epithelial_like
2.0,2611,epithelial_like
2.0,2612,epithelial_like
2.0,2613,epithelial_like
2.0,2614,epithelial_like
2.0,2615,hADSCs
2.0,2616,hADSCs
2.0,2617,hADSCs
2.0,2618,intermediate_plastic
2.0,2619,hADSCs
2.0,2620,epithelial_like
2.0,2621,epithelial_like
2.0,2622,hADSCs
2.0,2623,hADSCs
2.0,2624,hADSCs
2.0,2625,hADSCs
2.0,2626,hADSCs
2.0,2627,hADSCs
2.0,2628,epithelial_like
2.0,2629,hADSCs
2.0,2630,epithelial_like
2.0,2631,epithelial_like
2.0,2632,hADSCs
2.0,2633,hADSCs
2.0,2634,epithelial_like
2.0,2635,epithelial_like
2.0,2636,hADSCs
2.0,2637,hADSCs
2.0,2638,hADSCs
2.0,2639,hADSCs
2.0,2640,epithelial_like
2.0,2641,hADSCs
2.0,2642,hADSCs
2.0,2643,hADSCs
2.0,2644,intermediate_plastic
2.0,2645,hADSCs
2.0,2646,intermediate_plastic
2.0,2647,hADSCs
2.0,2648,epithelial_like
2.0,2649,hADSCs
2.0,2650,epithelial_like
2.0,2651,epithelial_like
2.0,2652,epithelial_like
2.0,2653,hADSCs
2.0,2654,hADSCs
2.0,2655,hADSCs
2.0,2656,hADSCs
2.0,2657,hADSCs
2.0,2658,hADSCs
2.0,2659,hADSCs
2.0,2660,hADSCs
2.0,2661,hADSCs
2.0,2662,hADSCs
2.0,2663,hADSCs
2.0,2664,hADSCs
2.0,2665,epithelial_like
2.0,2666,hADSCs
2.0,2667,epithelial_like
2.0,2668,epithelial_like
2.0,2669,hADSCs
2.0,2670,hADSCs
2.0,2671,hADSCs
2.0,2672,hADSCs
2.0,2673,hADSCs
2.0,2674,hADSCs
2.0,2675,epithelial_like
2.0,2676,epithelial_like
2.0,2677,hADSCs
2.0,2678,hADSCs
2.0,2679,hADSCs
2.0,2680,hADSCs
2.0,2681,hADSCs
2.0,2682,epithelial_like
2.0,2683,hADSCs
2.0,2684,hADSCs
2.0,2685,epithelial_like
2.0,2686,hADSCs
2.0,2687,hADSCs
2.0,2688,epithelial_like
2.0,2689,hADSCs
2.0,2690,hADSCs
2.0,2691,epithelial_like
2.0,2692,epithelial_like
2.0,2693,epithelial_like
2.0,2694,epithelial_like
2.0,2695,hADSCs
2.0,2696,hADSCs
2.0,2697,hADSCs
2.0,2698,hADSCs
2.0,2699,hADSCs
2.0,2700,hADSCs
2.0,2701,hADSCs
2.0,2702,hADSCs
2.0,2703,hADSCs
2.0,2704,hADSCs
2.0,2705,epithelial_like
2.0,2706,hADSCs
2.0,2707,hADSCs
2.0,2708,hADSCs
2.0,2709,hADSCs
2.0,2710,hADSCs
2.0,2711,hADSCs
2.0,2712,epithelial_like
2.0,2713,hADSCs
2.0,2714,epithelial_like
2.0,2715,epithelial_like
2.0,2716,hADSCs
2.0,2717,epithelial_like
2.0,2718,epithelial_like
2.0,2719,epithelial_like
2.0,2720,epithelial_like
2.0,2721,epithelial_like
2.0,2722,epithelial_like
2.0,2723,epithelial_like
2.0,2724,hADSCs
2.0,2725,hADSCs
2.0,2726,epithelial_like
2.0,2727,hADSCs
2.0,2728,epithelial_like
2.0,2729,epithelial_like
2.0,2730,epithelial_like
2.0,2731,hADSCs
2.0,2732,hADSCs
2.0,2733,epithelial_like
2.0,2734,epithelial_like
2.0,2735,epithelial_like
2.0,2736,hADSCs
2.0,2737,hADSCs
2.0,2738,hADSCs
2.0,2739,hADSCs
2.0,2740,hADSCs
2.0,2741,hADSCs
2.0,2742,hADSCs
2.0,2743,hADSCs
2.0,2744,hADSCs
2.0,2745,hADSCs
2.0,2746,hADSCs
2.0,2747,hADSCs
2.0,2748,hADSCs
2.0,2749,epithelial_like
2.0,2750,hADSCs
2.0,2751,epithelial_like
2.0,2752,hADSCs
2.0,2753,hADSCs
2.0,2754,hADSCs
2.0,2755,hADSCs
2.0,2756,hADSCs
2.0,2757,hADSCs
2.0,2758,hADSCs
2.0,2759,epithelial_like
2.0,2760,epithelial_like
2.0,2761,epithelial_like
2.0,2762,hADSCs
2.0,2763,hADSCs
2.0,2764,hADSCs
2.0,2765,epithelial_like
2.0,2766,hADSCs
2.0,2767,hADSCs
2.0,2768,hADSCs
2.0,2769,hADSCs
2.0,2770,hADSCs
2.0,2771,epithelial_like
2.0,2772,hADSCs
2.0,2773,epithelial_like
2.0,2774,hADSCs
2.0,2775,hADSCs
2.0,2776,hADSCs
2.0,2777,hADSCs
2.0,2778,hADSCs
2.0,2779,hADSCs
2.0,2780,hADSCs
2.0,2781,hADSCs
2.0,2782,epithelial_like
2.0,2783,epithelial_like
2.0,2784,epithelial_like
2.0,2785,epithelial_like
2.0,2786,epithelial_like
2.0,2787,hADSCs
2.0,2788,hADSCs
2.0,2789,hADSCs
2.0,2790,hADSCs
2.0,2791,epithelial_like
2.0,2792,hADSCs
2.0,2793,hADSCs
2.0,2794,hADSCs
2.0,2795,epithelial_like
2.0,2796,epithelial_like
2.0,2797,hADSCs
2.0,2798,hADSCs
2.0,2799,epithelial_like
2.0,2800,epithelial_like
2.0,2801,epithelial_like
2.0,2802,epithelial_like
2.0,2803,hADSCs
2.0,2804,epithelial_like
2.0,2805,epithelial_like
2.0,2806,epithelial_like
2.0,2807,epithelial_like
2.0,2808,epithelial_like
2.0,2809,hADSCs
2.0,2810,hADSCs
2.0,2811,hADSCs
2.0,2812,hADSCs
2.0,2813,hADSCs
2.0,2814,hADSCs
2.0,2815,hADSCs
2.0,2816,hADSCs
2.0,2817,epithelial_like
2.0,2818,epithelial_like
2.0,2819,epithelial_like
2.0,2820,hADSCs
2.0,2821,hADSCs
2.0,2822,epithelial_like
2.0,2823,epithelial_like
2.0,2824,epithelial_like
2.0,2825,hADSCs
2.0,2826,epithelial_like
2.0,2827,epithelial_like
2.0,2828,epithelial_like
2.0,2829,epithelial_like
2.0,2830,epithelial_like
2.0,2831,hADSCs
2.0,2832,hADSCs
2.0,2833,epithelial_like
2.0,2834,hADSCs
2.0,2835,hADSCs
2.0,2836,hADSCs
2.0,2837,hADSCs
2.0,2838,epithelial_like
2.0,2839,hADSCs
2.0,2840,hADSCs
2.0,2841,epithelial_like
2.0,2842,epithelial_like
2.0,2843,hADSCs
2.0,2844,hADSCs
2.0,2845,hADSCs
2.0,2846,epithelial_like
2.0,2847,epithelial_like
2.0,2848,hADSCs
2.0,2849,epithelial_like
2.0,2850,epithelial_like
2.0,2851,hADSCs
2.0,2852,hADSCs
2.0,2853,epithelial_like
2.0,2854,hADSCs
2.0,2855,epithelial_like
2.0,2856,hADSCs
2.0,2857,hADSCs
2.0,2858,hADSCs
2.0,2859,hADSCs
2.0,2860,hADSCs
2.0,2861,epithelial_like
2.0,2862,epithelial_like
2.0,2863,hADSCs
2.0,2864,epithelial_like
2.0,2865,hADSCs
2.0,2866,hADSCs
2.0,2867,hADSCs
2.0,2868,hADSCs
2.0,2869,hADSCs
2.0,2870,hADSCs
2.0,2871,hADSCs
2.0,2872,hADSCs
2.0,2873,hADSCs
2.0,2874,hADSCs
2.0,2875,hADSCs
2.0,2876,hADSCs
2.0,2877,hADSCs
2.0,2878,hADSCs
2.0,2879,hADSCs
2.0,2880,hADSCs
2.0,2881,hADSCs
2.0,2882,hADSCs
2.0,2883,hADSCs
2.0,2884,hADSCs
2.0,2885,hADSCs
2.0,2886,hADSCs
2.0,2887,hADSCs
2.0,2888,epithelial_like
2.0,2889,hADSCs
2.0,2890,epithelial_like
2.0,2891,epithelial_like
2.0,2892,hADSCs
2.0,2893,epithelial_like
2.0,2894,epithelial_like
2.0,2895,epithelial_like
2.0,2896,intermediate_plastic
2.0,2897,intermediate_plastic
2.0,2898,hADSCs
2.0,2899,hADSCs
2.0,2900,hADSCs
2.0,2901,hADSCs
2.0,2902,hADSCs
2.0,2903,hADSCs
2.0,2904,hADSCs
2.0,2905,hADSCs
2.0,2906,hADSCs
2.0,2907,hADSCs
2.0,2908,hADSCs
2.0,2909,hADSCs
2.0,2910,hADSCs
2.0,2911,hADSCs
2.0,2912,hADSCs
2.0,2913,hADSCs
2.0,2914,epithelial_like
2.0,2915,epithelial_like
2.0,2916,epithelial_like
2.0,2917,hADSCs
2.0,2918,hADSCs
2.0,2919,hADSCs
2.0,2920,hADSCs
2.0,2921,hADSCs
2.0,2922,hADSCs
2.0,2923,hADSCs
2.0,2924,hADSCs
2.0,2925,hADSCs
2.0,2926,hADSCs
2.0,2927,hADSCs
2.0,2928,hADSCs
2.0,2929,hADSCs
2.0,2930,hADSCs
2.0,2931,hADSCs
2.0,2932,hADSCs
2.0,2933,epithelial_like
2.0,2934,hADSCs
2.0,2935,hADSCs
2.0,2936,epithelial_like
2.0,2937,hADSCs
2.0,2938,hADSCs
2.0,2939,hADSCs
2.0,2940,hADSCs
2.0,2941,hADSCs
2.0,2942,epithelial_like
2.0,2943,hADSCs
2.0,2944,hADSCs
2.0,2945,hADSCs
2.0,2946,hADSCs
2.0,2947,hADSCs
2.0,2948,hADSCs
2.0,2949,hADSCs
2.0,2950,hADSCs
2.0,2951,hADSCs
2.0,2952,hADSCs
2.0,2953,epithelial_like
2.0,2954,hADSCs
2.0,2955,hADSCs
2.0,2956,hADSCs
2.0,2957,hADSCs
2.0,2958,hADSCs
2.0,2959,epithelial_like
2.0,2960,hADSCs
2.0,2961,hADSCs
2.0,2962,hADSCs
2.0,2963,hADSCs
2.0,2964,epithelial_like
2.0,2965,epithelial_like
2.0,2966,hADSCs
2.0,2967,hADSCs
2.0,2968,epithelial_like
2.0,2969,hADSCs
2.0,2970,epithelial_like
2.0,2971,epithelial_like
2.0,2972,epithelial_like
2.0,2973,hADSCs
2.0,2974,hADSCs
2.0,2975,hADSCs
2.0,2976,hADSCs
2.0,2977,hADSCs
2.0,2978,epithelial_like
2.0,2979,epithelial_like
2.0,2980,hADSCs
2.0,2981,epithelial_like
2.0,2982,epithelial_like
2.0,2983,hADSCs
2.0,2984,epithelial_like
2.0,2985,hADSCs
2.0,2986,epithelial_like
2.0,2987,epithelial_like
2.0,2988,hADSCs
2.0,2989,hADSCs
2.0,2990,epithelial_like
2.0,2991,hADSCs
2.0,2992,hADSCs
2.0,2993,hADSCs
2.0,2994,hADSCs
2.0,2995,epithelial_like
2.0,2996,hADSCs
2.0,2997,epithelial_like
2.0,2998,epithelial_like
2.0,2999,epithelial_like
2.0,3000,epithelial_like
2.0,3001,hADSCs
2.0,3002,hADSCs
2.0,3003,epithelial_like
2.0,3004,hADSCs
2.0,3005,hADSCs
2.0,3006,hADSCs
2.0,3007,hADSCs
2.0,3008,hADSCs
2.0,3009,hADSCs
2.0,3010,hADSCs
2.0,3011,hADSCs
2.0,3012,hADSCs
2.0,3013,hADSCs
2.0,3014,hADSCs
2.0,3015,hADSCs
2.0,3016,hADSCs
2.0,3017,hADSCs
2.0,3018,epithelial_like
2.0,3019,epithelial_like
2.0,3020,hADSCs
2.0,3021,hADSCs
2.0,3022,epithelial_like
2.0,3023,hADSCs
2.0,3024,hADSCs
2.0,3025,hADSCs
2.0,3026,epithelial_like
2.0,3027,hADSCs
2.0,3028,hADSCs
2.0,3029,hADSCs
2.0,3030,hADSCs
2.0,3031,epithelial_like
2.0,3032,hADSCs
2.0,3033,hADSCs
2.0,3034,epithelial_like
2.0,3035,epithelial_like
2.0,3036,hADSCs
2.0,3037,hADSCs
2.0,3038,hADSCs
2.0,3039,hADSCs
2.0,3040,hADSCs
2.0,3041,epithelial_like
2.0,3042,hADSCs
2.0,3043,hADSCs
2.0,3044,hADSCs
2.0,3045,hADSCs
2.0,3046,hADSCs
2.0,3047,hADSCs
2.0,3048,hADSCs
2.0,3049,hADSCs
2.0,3050,epithelial_like
2.0,3051,epithelial_like
2.0,3052,hADSCs
2.0,3053,epithelial_like
2.0,3054,hADSCs
2.0,3055,hADSCs
2.0,3056,hADSCs
2.0,3057,hADSCs
2.0,3058,hADSCs
2.0,3059,hADSCs
2.0,3060,hADSCs
2.0,3061,hADSCs
2.0,3062,hADSCs
2.0,3063,hADSCs
2.0,3064,hADSCs
2.0,3065,hADSCs
2.0,3066,hADSCs
2.0,3067,hADSCs
2.0,3068,hADSCs
2.0,3069,epithelial_like
2.0,3070,epithelial_like
2.0,3071,hADSCs
2.0,3072,epithelial_like
2.0,3073,epithelial_like
2.0,3074,hADSCs
2.0,3075,hADSCs
2.0,3076,hADSCs
2.0,3077,hADSCs
2.0,3078,epithelial_like
2.0,3079,hADSCs
2.0,3080,hADSCs
2.0,3081,hADSCs
2.0,3082,epithelial_like
2.0,3083,hADSCs
2.0,3084,hADSCs
2.0,3085,epithelial_like
2.0,3086,hADSCs
2.0,3087,hADSCs
2.0,3088,hADSCs
2.0,3089,hADSCs
2.0,3090,hADSCs
2.0,3091,hADSCs
2.0,3092,hADSCs
2.0,3093,epithelial_like
2.0,3094,hADSCs
2.0,3095,hADSCs
2.0,3096,epithelial_like
2.0,3097,hADSCs
2.0,3098,hADSCs
2.0,3099,hADSCs
2.0,3100,hADSCs
2.0,3101,hADSCs
2.0,3102,hADSCs
2.0,3103,epithelial_like
2.0,3104,hADSCs
2.0,3105,hADSCs
2.0,3106,epithelial_like
2.0,3107,hADSCs
2.0,3108,hADSCs
2.0,3109,hADSCs
2.0,3110,epithelial_like
2.0,3111,hADSCs
2.0,3112,hADSCs
2.0,3113,epithelial_like
2.0,3114,hADSCs
2.0,3115,hADSCs
2.0,3116,epithelial_like
2.0,3117,hADSCs
2.0,3118,hADSCs
2.0,3119,epithelial_like
2.0,3120,hADSCs
2.0,3121,epithelial_like
2.0,3122,epithelial_like
2.0,3123,epithelial_like
2.0,3124,epithelial_like
2.0,3125,hADSCs
2.0,3126,hADSCs
2.0,3127,hADSCs
2.0,3128,hADSCs
2.0,3129,hADSCs
2.0,3130,hADSCs
2.0,3131,hADSCs
2.0,3132,hADSCs
2.0,3133,hADSCs
2.0,3134,hADSCs
2.0,3135,epithelial_like
2.0,3136,epithelial_like
2.0,3137,hADSCs
2.0,3138,hADSCs
2.0,3139,hADSCs
2.0,3140,hADSCs
2.0,3141,hADSCs
2.0,3142,epithelial_like
2.0,3143,hADSCs
2.0,3144,hADSCs
2.0,3145,hADSCs
2.0,3146,epithelial_like
2.0,3147,epithelial_like
2.0,3148,epithelial_like
2.0,3149,hADSCs
2.0,3150,hADSCs
2.0,3151,epithelial_like
2.0,3152,hADSCs
2.0,3153,epithelial_like
2.0,3154,epithelial_like
2.0,3155,epithelial_like
2.0,3156,epithelial_like
2.0,3157,epithelial_like
2.0,3158,hADSCs
2.0,3159,epithelial_like
2.0,3160,hADSCs
2.0,3161,hADSCs
2.0,3162,hADSCs
2.0,3163,hADSCs
2.0,3164,epithelial_like
2.0,3165,hADSCs
2.0,3166,hADSCs
2.0,3167,hADSCs
2.0,3168,hADSCs
2.0,3169,hADSCs
2.0,3170,epithelial_like
2.0,3171,epithelial_like
2.0,3172,epithelial_like
2.0,3173,hADSCs
2.0,3174,epithelial_like
2.0,3175,epithelial_like
2.0,3176,epithelial_like
2.0,3177,epithelial_like
2.0,3178,epithelial_like
2.0,3179,epithelial_like
2.0,3180,hADSCs
2.0,3181,hADSCs
2.0,3182,hADSCs
2.0,3183,hADSCs
2.0,3184,hADSCs
2.0,3185,hADSCs
2.0,3186,hADSCs
2.0,3187,hADSCs
2.0,3188,hADSCs
2.0,3189,hADSCs
2.0,3190,epithelial_like
2.0,3191,hADSCs
2.0,3192,hADSCs
2.0,3193,hADSCs
2.0,3194,epithelial_like
2.0,3195,epithelial_like
2.0,3196,epithelial_like
2.0,3197,hADSCs
2.0,3198,hADSCs
2.0,3199,hADSCs
2.0,3200,hADSCs
2.0,3201,hADSCs
2.0,3202,hADSCs
2.0,3203,epithelial_like
2.0,3204,epithelial_like
2.0,3205,hADSCs
2.0,3206,hADSCs
2.0,3207,hADSCs
2.0,3208,hADSCs
2.0,3209,hADSCs
2.0,3210,hADSCs
2.0,3211,hADSCs
2.0,3212,epithelial_like
2.0,3213,epithelial_like
2.0,3214,hADSCs
2.0,3215,hADSCs
2.0,3216,hADSCs
2.0,3217,hADSCs
2.0,3218,hADSCs
2.0,3219,epithelial_like
2.0,3220,hADSCs
2.0,3221,hADSCs
2.0,3222,hADSCs
2.0,3223,hADSCs
2.0,3224,hADSCs
2.0,3225,hADSCs
2.0,3226,hADSCs
2.0,3227,epithelial_like
2.0,3228,epithelial_like
2.0,3229,hADSCs
2.0,3230,hADSCs
2.0,3231,hADSCs
2.0,3232,hADSCs
2.0,3233,epithelial_like
2.0,3234,epithelial_like
2.0,3235,epithelial_like
2.0,3236,epithelial_like
2.0,3237,hADSCs
2.0,3238,hADSCs
2.0,3239,epithelial_like
2.0,3240,epithelial_like
2.0,3241,epithelial_like
2.0,3242,hADSCs
2.0,3243,hADSCs
2.0,3244,epithelial_like
2.0,3245,hADSCs
2.0,3246,epithelial_like
2.0,3247,hADSCs
2.0,3248,epithelial_like
2.0,3249,epithelial_like
2.0,3250,epithelial_like
2.0,3251,epithelial_like
2.0,3252,hADSCs
2.0,3253,hADSCs
2.0,3254,hADSCs
2.0,3255,epithelial_like
2.0,3256,epithelial_like
2.0,3257,epithelial_like
2.0,3258,epithelial_like
2.0,3259,epithelial_like
2.0,3260,hADSCs
2.0,3261,hADSCs
2.0,3262,hADSCs
2.0,3263,hADSCs
2.0,3264,hADSCs
2.0,3265,hADSCs
2.0,3266,hADSCs
2.0,3267,hADSCs
2.0,3268,hADSCs
2.0,3269,epithelial_like
2.0,3270,epithelial_like
2.0,3271,hADSCs
2.0,3272,hADSCs
2.0,3273,hADSCs
2.0,3274,epithelial_like
2.0,3275,epithelial_like
2.0,3276,epithelial_like
2.0,3277,epithelial_like
2.0,3278,hADSCs
2.0,3279,epithelial_like
2.0,3280,hADSCs
2.0,3281,hADSCs
2.0,3282,hADSCs
2.0,3283,hADSCs
2.0,3284,epithelial_like
2.0,3285,hADSCs
2.0,3286,hADSCs
2.0,3287,epithelial_like
2.0,3288,hADSCs
2.0,3289,epithelial_like
2.0,3290,hADSCs
2.0,3291,hADSCs
2.0,3292,hADSCs
2.0,3293,hADSCs
2.0,3294,hADSCs
2.0,3295,epithelial_like
2.0,3296,hADSCs
2.0,3297,hADSCs
2.0,3298,hADSCs
2.0,3299,hADSCs
2.0,3300,epithelial_like
2.0,3301,hADSCs
2.0,3302,hADSCs
2.0,3303,epithelial_like
2.0,3304,epithelial_like
2.0,3305,hADSCs
2.0,3306,epithelial_like
2.0,3307,epithelial_like
2.0,3308,hADSCs
2.0,3309,hADSCs
2.0,3310,hADSCs
2.0,3311,hADSCs
2.0,3312,hADSCs
2.0,3313,epithelial_like
2.0,3314,hADSCs
2.0,3315,hADSCs
2.0,3316,hADSCs
2.0,3317,epithelial_like
2.0,3318,epithelial_like
2.0,3319,hADSCs
2.0,3320,hADSCs
2.0,3321,epithelial_like
2.0,3322,epithelial_like
2.0,3323,hADSCs
2.0,3324,hADSCs
2.0,3325,hADSCs
2.0,3326,hADSCs
2.0,3327,hADSCs
2.0,3328,hADSCs
2.0,3329,hADSCs
2.0,3330,hADSCs
2.0,3331,hADSCs
2.0,3332,hADSCs
2.0,3333,epithelial_like
2.0,3334,epithelial_like
2.0,3335,epithelial_like
2.0,3336,epithelial_like
2.0,3337,epithelial_like
2.0,3338,hADSCs
2.0,3339,hADSCs
2.0,3340,epithelial_like
2.0,3341,hADSCs
2.0,3342,epithelial_like
2.0,3343,hADSCs
2.0,3344,hADSCs
2.0,3345,hADSCs
2.0,3346,hADSCs
2.0,3347,hADSCs
2.0,3348,hADSCs
2.0,3349,epithelial_like
2.0,3350,hADSCs
2.0,3351,epithelial_like
2.0,3352,epithelial_like
2.0,3353,epithelial_like
2.0,3354,hADSCs
2.0,3355,hADSCs
2.0,3356,hADSCs
2.0,3357,hADSCs
2.0,3358,hADSCs
2.0,3359,hADSCs
2.0,3360,epithelial_like
2.0,3361,epithelial_like
2.0,3362,hADSCs
2.0,3363,hADSCs
2.0,3364,hADSCs
2.0,3365,hADSCs
2.0,3366,hADSCs
2.0,3367,hADSCs
2.0,3368,epithelial_like
2.0,3369,hADSCs
2.0,3370,hADSCs
2.0,3371,epithelial_like
2.0,3372,hADSCs
2.0,3373,hADSCs
2.0,3374,hADSCs
2.0,3375,hADSCs
2.0,3376,hADSCs
2.0,3377,epithelial_like
2.0,3378,hADSCs
2.0,3379,hADSCs
2.0,3380,hADSCs
2.0,3381,hADSCs
2.0,3382,hADSCs
2.0,3383,hADSCs
2.0,3384,hADSCs
2.0,3385,hADSCs
2.0,3386,hADSCs
2.0,3387,hADSCs
2.0,3388,epithelial_like
2.0,3389,hADSCs
2.0,3390,epithelial_like
2.0,3391,hADSCs
2.0,3392,epithelial_like
2.0,3393,epithelial_like
2.0,3394,hADSCs
2.0,3395,hADSCs
2.0,3396,epithelial_like
2.0,3397,epithelial_like
2.0,3398,hADSCs
2.0,3399,hADSCs
2.0,3400,hADSCs
2.0,3401,hADSCs
2.0,3402,hADSCs
2.0,3403,hADSCs
2.0,3404,hADSCs
2.0,3405,epithelial_like
2.0,3406,hADSCs
2.0,3407,epithelial_like
2.0,3408,epithelial_like
2.0,3409,epithelial_like
2.0,3410,hADSCs
2.0,3411,hADSCs
2.0,3412,epithelial_like
2.0,3413,epithelial_like
2.0,3414,hADSCs
2.0,3415,hADSCs
2.0,3416,epithelial_like
2.0,3417,epithelial_like
2.0,3418,epithelial_like
2.0,3419,hADSCs
2.0,3420,epithelial_like
2.0,3421,hADSCs
2.0,3422,hADSCs
2.0,3423,hADSCs
2.0,3424,hADSCs
2.0,3425,epithelial_like
2.0,3426,epithelial_like
2.0,3427,hADSCs
2.0,3428,epithelial_like
2.0,3429,hADSCs
2.0,3430,epithelial_like
2.0,3431,epithelial_like
2.0,3432,hADSCs
2.0,3433,hADSCs
2.0,3434,hADSCs
2.0,3435,hADSCs
2.0,3436,epithelial_like
2.0,3437,hADSCs
2.0,3438,hADSCs
2.0,3439,hADSCs
2.0,3440,hADSCs
2.0,3441,hADSCs
2.0,3442,hADSCs
2.0,3443,hADSCs
2.0,3444,hADSCs
2.0,3445,hADSCs
2.0,3446,hADSCs
2.0,3447,epithelial_like
2.0,3448,hADSCs
2.0,3449,hADSCs
2.0,3450,hADSCs
2.0,3451,epithelial_like
2.0,3452,hADSCs
2.0,3453,hADSCs
2.0,3454,hADSCs
2.0,3455,hADSCs
2.0,3456,hADSCs
2.0,3457,hADSCs
2.0,3458,hADSCs
2.0,3459,hADSCs
2.0,3460,hADSCs
2.0,3461,hADSCs
2.0,3462,hADSCs
2.0,3463,hADSCs
2.0,3464,hADSCs
2.0,3465,epithelial_like
2.0,3466,hADSCs
2.0,3467,hADSCs
2.0,3468,hADSCs
2.0,3469,epithelial_like
2.0,3470,epithelial_like
2.0,3471,hADSCs
2.0,3472,hADSCs
2.0,3473,epithelial_like
2.0,3474,hADSCs
2.0,3475,hADSCs
2.0,3476,hADSCs
2.0,3477,hADSCs
2.0,3478,hADSCs
2.0,3479,hADSCs
2.0,3480,epithelial_like
2.0,3481,hADSCs
2.0,3482,hADSCs
2.0,3483,hADSCs
2.0,3484,hADSCs
2.0,3485,hADSCs
2.0,3486,hADSCs
2.0,3487,hADSCs
2.0,3488,hADSCs
2.0,3489,epithelial_like
2.0,3490,hADSCs
2.0,3491,hADSCs
2.0,3492,hADSCs
2.0,3493,hADSCs
2.0,3494,hADSCs
2.0,3495,hADSCs
2.0,3496,hADSCs
2.0,3497,hADSCs
2.0,3498,hADSCs
2.0,3499,hADSCs
2.0,3500,hADSCs
2.0,3501,epithelial_like
2.0,3502,epithelial_like
2.0,3503,hADSCs
2.0,3504,epithelial_like
2.0,3505,hADSCs
2.0,3506,hADSCs
2.0,3507,hADSCs
2.0,3508,hADSCs
2.0,3509,hADSCs
2.0,3510,hADSCs
2.0,3511,hADSCs
2.0,3512,epithelial_like
2.0,3513,hADSCs
2.0,3514,hADSCs
2.0,3515,epithelial_like
2.0,3516,hADSCs
2.0,3517,hADSCs
2.0,3518,epithelial_like
2.0,3519,hADSCs
2.0,3520,hADSCs
2.0,3521,epithelial_like
2.0,3522,hADSCs
2.0,3523,hADSCs
2.0,3524,hADSCs
2.0,3525,hADSCs
2.0,3526,hADSCs
2.0,3527,hADSCs
2.0,3528,hCiPS
2.0,3529,hADSCs
2.0,3530,hADSCs
2.0,3531,hADSCs
2.0,3532,hADSCs
2.0,3533,intermediate_plastic
2.0,3534,hADSCs
2.0,3535,epithelial_like
2.0,3536,epithelial_like
2.0,3537,hADSCs
2.0,3538,hADSCs
2.0,3539,epithelial_like
2.0,3540,hADSCs
2.0,3541,epithelial_like
2.0,3542,hADSCs
2.0,3543,hADSCs
2.0,3544,hADSCs
2.0,3545,epithelial_like
2.0,3546,epithelial_like
2.0,3547,hADSCs
2.0,3548,intermediate_plastic
2.0,3549,hADSCs
2.0,3550,epithelial_like
2.0,3551,epithelial_like
2.0,3552,hADSCs
2.0,3553,hADSCs
2.0,3554,hADSCs
2.0,3555,hADSCs
2.0,3556,epithelial_like
2.0,3557,hADSCs
2.0,3558,hADSCs
2.0,3559,hADSCs
2.0,3560,epithelial_like
2.0,3561,hADSCs
2.0,3562,hADSCs
2.0,3563,hADSCs
2.0,3564,hADSCs
2.0,3565,hADSCs
2.0,3566,hADSCs
2.0,3567,hADSCs
2.0,3568,hADSCs
2.0,3569,hADSCs
2.0,3570,epithelial_like
2.0,3571,hADSCs
2.0,3572,hADSCs
2.0,3573,hADSCs
2.0,3574,hADSCs
2.0,3575,epithelial_like
2.0,3576,epithelial_like
2.0,3577,hADSCs
2.0,3578,hADSCs
2.0,3579,hADSCs
2.0,3580,epithelial_like
2.0,3581,hADSCs
2.0,3582,hADSCs
2.0,3583,hADSCs
2.0,3584,hADSCs
2.0,3585,hADSCs
2.0,3586,epithelial_like
2.0,3587,hADSCs
2.0,3588,hADSCs
2.0,3589,hADSCs
2.0,3590,hADSCs
2.0,3591,hADSCs
2.0,3592,hADSCs
2.0,3593,hADSCs
2.0,3594,hADSCs
2.0,3595,epithelial_like
2.0,3596,epithelial_like
2.0,3597,hADSCs
2.0,3598,hADSCs
2.0,3599,hADSCs
2.0,3600,epithelial_like
2.0,3601,hADSCs
2.0,3602,hADSCs
2.0,3603,hADSCs
2.0,3604,hADSCs
2.0,3605,hADSCs
2.0,3606,hADSCs
2.0,3607,hADSCs
2.0,3608,hADSCs
2.0,3609,hADSCs
2.0,3610,epithelial_like
2.0,3611,hADSCs
2.0,3612,hADSCs
2.0,3613,hADSCs
2.0,3614,hADSCs
2.0,3615,hADSCs
2.0,3616,hADSCs
2.0,3617,hADSCs
2.0,3618,hADSCs
2.0,3619,hADSCs
2.0,3620,hADSCs
2.0,3621,hADSCs
2.0,3622,hADSCs
2.0,3623,hADSCs
2.0,3624,epithelial_like
2.0,3625,hADSCs
2.0,3626,hADSCs
2.0,3627,hADSCs
2.0,3628,epithelial_like
2.0,3629,hADSCs
2.0,3630,epithelial_like
2.0,3631,hADSCs
2.0,3632,epithelial_like
2.0,3633,hADSCs
2.0,3634,hADSCs
2.0,3635,epithelial_like
2.0,3636,epithelial_like
2.0,3637,hADSCs
2.0,3638,hADSCs
2.0,3639,hADSCs
2.0,3640,hADSCs
2.0,3641,epithelial_like
2.0,3642,hADSCs
2.0,3643,hADSCs
2.0,3644,epithelial_like
2.0,3645,hADSCs
2.0,3646,hADSCs
2.0,3647,hADSCs
2.0,3648,hADSCs
2.0,3649,epithelial_like
2.0,3650,hADSCs
2.0,3651,epithelial_like
2.0,3652,hADSCs
2.0,3653,epithelial_like
2.0,3654,epithelial_like
2.0,3655,hADSCs
2.0,3656,hADSCs
2.0,3657,hADSCs
2.0,3658,epithelial_like
2.0,3659,hADSCs
2.0,3660,hADSCs
2.0,3661,hADSCs
2.0,3662,hADSCs
2.0,3663,hADSCs
2.0,3664,hADSCs
2.0,3665,hADSCs
2.0,3666,epithelial_like
2.0,3667,hADSCs
2.0,3668,epithelial_like
2.0,3669,intermediate_plastic
2.0,3670,epithelial_like
2.0,3671,hADSCs
2.0,3672,hADSCs
2.0,3673,hADSCs
2.0,3674,hADSCs
2.0,3675,hADSCs
2.0,3676,hADSCs
2.0,3677,hADSCs
2.0,3678,hADSCs
2.0,3679,epithelial_like
2.0,3680,epithelial_like
2.0,3681,hADSCs
2.0,3682,hADSCs
2.0,3683,hADSCs
2.0,3684,hADSCs
2.0,3685,hADSCs
2.0,3686,intermediate_plastic
2.0,3687,hADSCs
2.0,3688,epithelial_like
2.0,3689,hADSCs
2.0,3690,hADSCs
2.0,3691,hADSCs
2.0,3692,hADSCs
2.0,3693,hADSCs
2.0,3694,hADSCs
2.0,3695,epithelial_like
2.0,3696,epithelial_like
2.0,3697,epithelial_like
2.0,3698,hADSCs
2.0,3699,hADSCs
2.0,3700,hADSCs
2.0,3701,hADSCs
2.0,3702,hADSCs
2.0,3703,hADSCs
2.0,3704,hADSCs
2.0,3705,hADSCs
2.0,3706,hADSCs
2.0,3707,hADSCs
2.0,3708,hADSCs
2.0,3709,hADSCs
2.0,3710,hADSCs
2.0,3711,hADSCs
2.0,3712,hADSCs
2.0,3713,hADSCs
2.0,3714,hADSCs
2.0,3715,hADSCs
2.0,3716,hADSCs
2.0,3717,hADSCs
2.0,3718,hADSCs
2.0,3719,hADSCs
2.0,3720,hADSCs
2.0,3721,hADSCs
2.0,3722,hADSCs
2.0,3723,hADSCs
2.0,3724,epithelial_like
2.0,3725,hADSCs
2.0,3726,epithelial_like
2.0,3727,hADSCs
2.0,3728,hADSCs
2.0,3729,hADSCs
2.0,3730,hADSCs
2.0,3731,hADSCs
2.0,3732,epithelial_like
2.0,3733,epithelial_like
2.0,3734,hADSCs
2.0,3735,hADSCs
2.0,3736,hADSCs
2.0,3737,hADSCs
2.0,3738,hADSCs
2.0,3739,hADSCs
2.0,3740,epithelial_like
2.0,3741,epithelial_like
2.0,3742,epithelial_like
2.0,3743,epithelial_like
2.0,3744,hADSCs
2.0,3745,hADSCs
2.0,3746,hADSCs
2.0,3747,hADSCs
2.0,3748,hADSCs
2.0,3749,hADSCs
2.0,3750,hADSCs
2.0,3751,hADSCs
2.0,3752,hADSCs
2.0,3753,hADSCs
2.0,3754,epithelial_like
2.0,3755,epithelial_like
2.0,3756,epithelial_like
2.0,3757,hADSCs
2.0,3758,hADSCs
2.0,3759,epithelial_like
2.0,3760,hADSCs
2.0,3761,hADSCs
2.0,3762,epithelial_like
2.0,3763,epithelial_like
2.0,3764,epithelial_like
2.0,3765,hADSCs
2.0,3766,hADSCs
2.0,3767,hADSCs
2.0,3768,hADSCs
2.0,3769,epithelial_like
2.0,3770,epithelial_like
2.0,3771,epithelial_like
2.0,3772,hADSCs
2.0,3773,epithelial_like
2.0,3774,epithelial_like
2.0,3775,epithelial_like
2.0,3776,hADSCs
2.0,3777,epithelial_like
2.0,3778,epithelial_like
2.0,3779,epithelial_like
2.0,3780,hADSCs
2.0,3781,hADSCs
2.0,3782,hADSCs
2.0,3783,hADSCs
2.0,3784,hADSCs
2.0,3785,epithelial_like
2.0,3786,hADSCs
2.0,3787,hADSCs
2.0,3788,hADSCs
2.0,3789,hADSCs
2.0,3790,hADSCs
2.0,3791,hADSCs
2.0,3792,hADSCs
2.0,3793,epithelial_like
2.0,3794,hADSCs
2.0,3795,hADSCs
2.0,3796,epithelial_like
2.0,3797,hADSCs
2.0,3798,epithelial_like
2.0,3799,hADSCs
2.0,3800,hADSCs
2.0,3801,epithelial_like
2.0,3802,epithelial_like
2.0,3803,intermediate_plastic
2.0,3804,hADSCs
2.0,3805,epithelial_like
2.0,3806,epithelial_like
2.0,3807,epithelial_like
2.0,3808,epithelial_like
2.0,3809,hADSCs
2.0,3810,hADSCs
2.0,3811,hADSCs
2.0,3812,hADSCs
2.0,3813,hADSCs
2.0,3814,hADSCs
2.0,3815,hADSCs
2.0,3816,hADSCs
2.0,3817,hADSCs
2.0,3818,hADSCs
2.0,3819,hADSCs
2.0,3820,hADSCs
2.0,3821,hADSCs
2.0,3822,hADSCs
2.0,3823,epithelial_like
2.0,3824,epithelial_like
2.0,3825,epithelial_like
2.0,3826,hADSCs
2.0,3827,epithelial_like
2.0,3828,epithelial_like
2.0,3829,hADSCs
2.0,3830,hADSCs
2.0,3831,epithelial_like
2.0,3832,hADSCs
2.0,3833,epithelial_like
2.0,3834,epithelial_like
2.0,3835,epithelial_like
2.0,3836,epithelial_like
2.0,3837,hADSCs
2.0,3838,hADSCs
2.0,3839,hADSCs
2.0,3840,epithelial_like
2.0,3841,hADSCs
2.0,3842,hADSCs
2.0,3843,hADSCs
2.0,3844,hADSCs
2.0,3845,hADSCs
2.0,3846,hADSCs
2.0,3847,hADSCs
2.0,3848,hADSCs
2.0,3849,epithelial_like
2.0,3850,hADSCs
2.0,3851,hADSCs
2.0,3852,hADSCs
2.0,3853,hADSCs
2.0,3854,epithelial_like
2.0,3855,epithelial_like
2.0,3856,hADSCs
2.0,3857,hADSCs
2.0,3858,hADSCs
2.0,3859,hADSCs
2.0,3860,epithelial_like
2.0,3861,hADSCs
2.0,3862,hADSCs
2.0,3863,hADSCs
2.0,3864,epithelial_like
2.0,3865,hADSCs
2.0,3866,hADSCs
2.0,3867,hADSCs
2.0,3868,epithelial_like
2.0,3869,epithelial_like
2.0,3870,hADSCs
2.0,3871,epithelial_like
2.0,3872,epithelial_like
2.0,3873,hADSCs
2.0,3874,hADSCs
2.0,3875,epithelial_like
2.0,3876,epithelial_like
2.0,3877,epithelial_like
2.0,3878,hADSCs
2.0,3879,hADSCs
2.0,3880,hADSCs
2.0,3881,hADSCs
2.0,3882,hADSCs
2.0,3883,hADSCs
2.0,3884,hADSCs
2.0,3885,hADSCs
2.0,3886,hADSCs
2.0,3887,hADSCs
2.0,3888,hADSCs
2.0,3889,epithelial_like
2.0,3890,epithelial_like
2.0,3891,epithelial_like
2.0,3892,epithelial_like
2.0,3893,hADSCs
2.0,3894,hADSCs
2.0,3895,epithelial_like
2.0,3896,epithelial_like
2.0,3897,epithelial_like
2.0,3898,hADSCs
2.0,3899,hADSCs
2.0,3900,epithelial_like
2.0,3901,hADSCs
2.0,3902,hADSCs
2.0,3903,hADSCs
2.0,3904,hADSCs
2.0,3905,epithelial_like
2.0,3906,hADSCs
2.0,3907,hADSCs
2.0,3908,hADSCs
2.0,3909,hADSCs
2.0,3910,hADSCs
2.0,3911,epithelial_like
2.0,3912,epithelial_like
2.0,3913,hADSCs
2.0,3914,hADSCs
2.0,3915,hADSCs
2.0,3916,hADSCs
2.0,3917,hADSCs
2.0,3918,hADSCs
2.0,3919,hADSCs
2.0,3920,intermediate_plastic
2.0,3921,hADSCs
2.0,3922,hADSCs
2.0,3923,hADSCs
2.0,3924,hADSCs
2.0,3925,hADSCs
2.0,3926,hADSCs
2.0,3927,hADSCs
2.0,3928,hADSCs
2.0,3929,hADSCs
2.0,3930,epithelial_like
2.0,3931,hADSCs
2.0,3932,hADSCs
2.0,3933,hADSCs
2.0,3934,hADSCs
2.0,3935,hADSCs
2.0,3936,hADSCs
2.0,3937,hADSCs
2.0,3938,epithelial_like
2.0,3939,epithelial_like
2.0,3940,hADSCs
2.0,3941,hADSCs
2.0,3942,hADSCs
2.0,3943,hADSCs
2.0,3944,hADSCs
2.0,3945,hADSCs
2.0,3946,hADSCs
2.0,3947,epithelial_like
2.0,3948,hADSCs
2.0,3949,hADSCs
2.0,3950,hADSCs
2.0,3951,hADSCs
2.0,3952,hADSCs
2.0,3953,hADSCs
2.0,3954,hADSCs
2.0,3955,hADSCs
2.0,3956,hADSCs
2.0,3957,hADSCs
2.0,3958,epithelial_like
2.0,3959,hADSCs
2.0,3960,hADSCs
2.0,3961,hADSCs
2.0,3962,hADSCs
2.0,3963,hADSCs
2.0,3964,hADSCs
2.0,3965,hADSCs
2.0,3966,hADSCs
2.0,3967,hADSCs
2.0,3968,epithelial_like
2.0,3969,epithelial_like
2.0,3970,hADSCs
2.0,3971,hADSCs
2.0,3972,hADSCs
2.0,3973,epithelial_like
2.0,3974,hADSCs
2.0,3975,hADSCs
2.0,3976,intermediate_plastic
2.0,3977,hADSCs
2.0,3978,hADSCs
2.0,3979,hADSCs
2.0,3980,hADSCs
2.0,3981,hADSCs
2.0,3982,hADSCs
2.0,3983,hADSCs
2.0,3984,hADSCs
2.0,3985,hADSCs
2.0,3986,hADSCs
2.0,3987,hADSCs
2.0,3988,hADSCs
2.0,3989,epithelial_like
2.0,3990,epithelial_like
2.0,3991,epithelial_like
2.0,3992,hADSCs
2.0,3993,hADSCs
2.0,3994,hADSCs
2.0,3995,hADSCs
2.0,3996,hADSCs
2.0,3997,hADSCs
2.0,3998,hADSCs
2.0,3999,hADSCs
4.0,4000,epithelial_like
4.0,4001,hADSCs
4.0,4002,epithelial_like
4.0,4003,epithelial_like
4.0,4004,epithelial_like
4.0,4005,epithelial_like
4.0,4006,intermediate_plastic
4.0,4007,epithelial_like
4.0,4008,epithelial_like
4.0,4009,epithelial_like
4.0,4010,epithelial_like
4.0,4011,epithelial_like
4.0,4012,epithelial_like
4.0,4013,epithelial_like
4.0,4014,epithelial_like
4.0,4015,hADSCs
4.0,4016,hADSCs
4.0,4017,epithelial_like
4.0,4018,epithelial_like
4.0,4019,epithelial_like
4.0,4020,epithelial_like
4.0,4021,epithelial_like
4.0,4022,epithelial_like
4.0,4023,epithelial_like
4.0,4024,epithelial_like
4.0,4025,epithelial_like
4.0,4026,epithelial_like
4.0,4027,epithelial_like
4.0,4028,epithelial_like
4.0,4029,epithelial_like
4.0,4030,hADSCs
4.0,4031,hADSCs
4.0,4032,epithelial_like
4.0,4033,epithelial_like
4.0,4034,epithelial_like
4.0,4035,epithelial_like
4.0,4036,hADSCs
4.0,4037,epithelial_like
4.0,4038,epithelial_like
4.0,4039,epithelial_like
4.0,4040,hADSCs
4.0,4041,epithelial_like
4.0,4042,epithelial_like
4.0,4043,epithelial_like
4.0,4044,epithelial_like
4.0,4045,hADSCs
4.0,4046,hADSCs
4.0,4047,hADSCs
4.0,4048,epithelial_like
4.0,4049,epithelial_like
4.0,4050,epithelial_like
4.0,4051,epithelial_like
4.0,4052,epithelial_like
4.0,4053,epithelial_like
4.0,4054,epithelial_like
4.0,4055,epithelial_like
4.0,4056,epithelial_like
4.0,4057,epithelial_like
4.0,4058,epithelial_like
4.0,4059,ambiguous
4.0,4060,hADSCs
4.0,4061,epithelial_like
4.0,4062,hADSCs
4.0,4063,hADSCs
4.0,4064,hADSCs
4.0,4065,hADSCs
4.0,4066,epithelial_like
4.0,4067,hADSCs
4.0,4068,hADSCs
4.0,4069,hADSCs
4.0,4070,epithelial_like
4.0,4071,epithelial_like
4.0,4072,epithelial_like
4.0,4073,epithelial_like
4.0,4074,epithelial_like
4.0,4075,epithelial_like
4.0,4076,epithelial_like
4.0,4077,epithelial_like
4.0,4078,epithelial_like
4.0,4079,hADSCs
4.0,4080,hADSCs
4.0,4081,hADSCs
4.0,4082,hADSCs
4.0,4083,hADSCs
4.0,4084,epithelial_like
4.0,4085,hADSCs
4.0,4086,epithelial_like
4.0,4087,hADSCs
4.0,4088,epithelial_like
4.0,4089,hADSCs
4.0,4090,hADSCs
4.0,4091,hADSCs
4.0,4092,epithelial_like
4.0,4093,epithelial_like
4.0,4094,epithelial_like
4.0,4095,epithelial_like
4.0,4096,hADSCs
4.0,4097,intermediate_plastic
4.0,4098,hADSCs
4.0,4099,epithelial_like
4.0,4100,epithelial_like
4.0,4101,hADSCs
4.0,4102,epithelial_like
4.0,4103,hADSCs
4.0,4104,epithelial_like
4.0,4105,epithelial_like
4.0,4106,epithelial_like
4.0,4107,epithelial_like
4.0,4108,epithelial_like
4.0,4109,epithelial_like
4.0,4110,epithelial_like
4.0,4111,epithelial_like
4.0,4112,epithelial_like
4.0,4113,epithelial_like
4.0,4114,hADSCs
4.0,4115,epithelial_like
4.0,4116,epithelial_like
4.0,4117,epithelial_like
4.0,4118,epithelial_like
4.0,4119,epithelial_like
4.0,4120,hADSCs
4.0,4121,epithelial_like
4.0,4122,hADSCs
4.0,4123,epithelial_like
4.0,4124,hADSCs
4.0,4125,epithelial_like
4.0,4126,epithelial_like
4.0,4127,hADSCs
4.0,4128,hADSCs
4.0,4129,epithelial_like
4.0,4130,hADSCs
4.0,4131,epithelial_like
4.0,4132,hADSCs
4.0,4133,epithelial_like
4.0,4134,hADSCs
4.0,4135,epithelial_like
4.0,4136,hADSCs
4.0,4137,epithelial_like
4.0,4138,hADSCs
4.0,4139,hADSCs
4.0,4140,epithelial_like
4.0,4141,epithelial_like
4.0,4142,epithelial_like
4.0,4143,epithelial_like
4.0,4144,epithelial_like
4.0,4145,epithelial_like
4.0,4146,hADSCs
4.0,4147,epithelial_like
4.0,4148,epithelial_like
4.0,4149,epithelial_like
4.0,4150,epithelial_like
4.0,4151,hADSCs
4.0,4152,epithelial_like
4.0,4153,epithelial_like
4.0,4154,epithelial_like
4.0,4155,hADSCs
4.0,4156,hADSCs
4.0,4157,epithelial_like
4.0,4158,epithelial_like
4.0,4159,epithelial_like
4.0,4160,epithelial_like
4.0,4161,epithelial_like
4.0,4162,epithelial_like
4.0,4163,epithelial_like
4.0,4164,epithelial_like
4.0,4165,hADSCs
4.0,4166,epithelial_like
4.0,4167,hADSCs
4.0,4168,hADSCs
4.0,4169,epithelial_like
4.0,4170,epithelial_like
4.0,4171,epithelial_like
4.0,4172,epithelial_like
4.0,4173,epithelial_like
4.0,4174,hADSCs
4.0,4175,epithelial_like
4.0,4176,epithelial_like
4.0,4177,hADSCs
4.0,4178,epithelial_like
4.0,4179,epithelial_like
4.0,4180,hADSCs
4.0,4181,epithelial_like
4.0,4182,epithelial_like
4.0,4183,hADSCs
4.0,4184,epithelial_like
4.0,4185,hADSCs
4.0,4186,epithelial_like
4.0,4187,epithelial_like
4.0,4188,epithelial_like
4.0,4189,epithelial_like
4.0,4190,hADSCs
4.0,4191,hADSCs
4.0,4192,hADSCs
4.0,4193,hADSCs
4.0,4194,epithelial_like
4.0,4195,hADSCs
4.0,4196,epithelial_like
4.0,4197,hADSCs
4.0,4198,hADSCs
4.0,4199,hADSCs
4.0,4200,epithelial_like
4.0,4201,epithelial_like
4.0,4202,epithelial_like
4.0,4203,hADSCs
4.0,4204,hADSCs
4.0,4205,epithelial_like
4.0,4206,epithelial_like
4.0,4207,epithelial_like
4.0,4208,epithelial_like
4.0,4209,epithelial_like
4.0,4210,epithelial_like
4.0,4211,epithelial_like
4.0,4212,hADSCs
4.0,4213,epithelial_like
4.0,4214,epithelial_like
4.0,4215,epithelial_like
4.0,4216,epithelial_like
4.0,4217,epithelial_like
4.0,4218,hADSCs
4.0,4219,epithelial_like
4.0,4220,epithelial_like
4.0,4221,hADSCs
4.0,4222,hADSCs
4.0,4223,ambiguous
4.0,4224,epithelial_like
4.0,4225,epithelial_like
4.0,4226,hADSCs
4.0,4227,epithelial_like
4.0,4228,epithelial_like
4.0,4229,hADSCs
4.0,4230,epithelial_like
4.0,4231,epithelial_like
4.0,4232,hADSCs
4.0,4233,hADSCs
4.0,4234,epithelial_like
4.0,4235,epithelial_like
4.0,4236,epithelial_like
4.0,4237,hADSCs
4.0,4238,epithelial_like
4.0,4239,epithelial_like
4.0,4240,epithelial_like
4.0,4241,epithelial_like
4.0,4242,epithelial_like
4.0,4243,epithelial_like
4.0,4244,epithelial_like
4.0,4245,epithelial_like
4.0,4246,epithelial_like
4.0,4247,epithelial_like
4.0,4248,epithelial_like
4.0,4249,epithelial_like
4.0,4250,epithelial_like
4.0,4251,epithelial_like
4.0,4252,epithelial_like
4.0,4253,epithelial_like
4.0,4254,epithelial_like
4.0,4255,hADSCs
4.0,4256,epithelial_like
4.0,4257,epithelial_like
4.0,4258,hADSCs
4.0,4259,hADSCs
4.0,4260,hADSCs
4.0,4261,epithelial_like
4.0,4262,hADSCs
4.0,4263,hADSCs
4.0,4264,epithelial_like
4.0,4265,hADSCs
4.0,4266,epithelial_like
4.0,4267,epithelial_like
4.0,4268,epithelial_like
4.0,4269,epithelial_like
4.0,4270,hADSCs
4.0,4271,hADSCs
4.0,4272,epithelial_like
4.0,4273,hADSCs
4.0,4274,hADSCs
4.0,4275,hADSCs
4.0,4276,epithelial_like
4.0,4277,hADSCs
4.0,4278,hADSCs
4.0,4279,epithelial_like
4.0,4280,epithelial_like
4.0,4281,hADSCs
4.0,4282,epithelial_like
4.0,4283,hADSCs
4.0,4284,hADSCs
4.0,4285,hADSCs
4.0,4286,epithelial_like
4.0,4287,epithelial_like
4.0,4288,epithelial_like
4.0,4289,epithelial_like
4.0,4290,epithelial_like
4.0,4291,epithelial_like
4.0,4292,hADSCs
4.0,4293,hADSCs
4.0,4294,hADSCs
4.0,4295,hADSCs
4.0,4296,epithelial_like
4.0,4297,hADSCs
4.0,4298,epithelial_like
4.0,4299,epithelial_like
4.0,4300,epithelial_like
4.0,4301,epithelial_like
4.0,4302,epithelial_like
4.0,4303,epithelial_like
4.0,4304,hADSCs
4.0,4305,epithelial_like
4.0,4306,hADSCs
4.0,4307,epithelial_like
4.0,4308,epithelial_like
4.0,4309,epithelial_like
4.0,4310,hADSCs
4.0,4311,epithelial_like
4.0,4312,epithelial_like
4.0,4313,epithelial_like
4.0,4314,hADSCs
4.0,4315,hADSCs
4.0,4316,epithelial_like
4.0,4317,epithelial_like
4.0,4318,epithelial_like
4.0,4319,hADSCs
4.0,4320,hADSCs
4.0,4321,epithelial_like
4.0,4322,hADSCs
4.0,4323,epithelial_like
4.0,4324,epithelial_like
4.0,4325,epithelial_like
4.0,4326,hADSCs
4.0,4327,epithelial_like
4.0,4328,hADSCs
4.0,4329,hADSCs
4.0,4330,epithelial_like
4.0,4331,epithelial_like
4.0,4332,hADSCs
4.0,4333,epithelial_like
4.0,4334,epithelial_like
4.0,4335,epithelial_like
4.0,4336,hADSCs
4.0,4337,epithelial_like
4.0,4338,hADSCs
4.0,4339,hADSCs
4.0,4340,epithelial_like
4.0,4341,epithelial_like
4.0,4342,epithelial_like
4.0,4343,hADSCs
4.0,4344,epithelial_like
4.0,4345,epithelial_like
4.0,4346,epithelial_like
4.0,4347,epithelial_like
4.0,4348,epithelial_like
4.0,4349,hADSCs
4.0,4350,hADSCs
4.0,4351,epithelial_like
4.0,4352,hADSCs
4.0,4353,hADSCs
4.0,4354,hADSCs
4.0,4355,epithelial_like
4.0,4356,hADSCs
4.0,4357,hADSCs
4.0,4358,hADSCs
4.0,4359,epithelial_like
4.0,4360,hADSCs
4.0,4361,epithelial_like
4.0,4362,epithelial_like
4.0,4363,hADSCs
4.0,4364,hADSCs
4.0,4365,hADSCs
4.0,4366,hADSCs
4.0,4367,epithelial_like
4.0,4368,epithelial_like
4.0,4369,epithelial_like
4.0,4370,epithelial_like
4.0,4371,epithelial_like
4.0,4372,epithelial_like
4.0,4373,epithelial_like
4.0,4374,epithelial_like
4.0,4375,epithelial_like
4.0,4376,epithelial_like
4.0,4377,epithelial_like
4.0,4378,epithelial_like
4.0,4379,hADSCs
4.0,4380,epithelial_like
4.0,4381,epithelial_like
4.0,4382,epithelial_like
4.0,4383,epithelial_like
4.0,4384,epithelial_like
4.0,4385,epithelial_like
4.0,4386,hADSCs
4.0,4387,hADSCs
4.0,4388,epithelial_like
4.0,4389,epithelial_like
4.0,4390,epithelial_like
4.0,4391,epithelial_like
4.0,4392,hADSCs
4.0,4393,hADSCs
4.0,4394,epithelial_like
4.0,4395,epithelial_like
4.0,4396,hADSCs
4.0,4397,epithelial_like
4.0,4398,epithelial_like
4.0,4399,epithelial_like
4.0,4400,epithelial_like
4.0,4401,hADSCs
4.0,4402,epithelial_like
4.0,4403,epithelial_like
4.0,4404,epithelial_like
4.0,4405,epithelial_like
4.0,4406,epithelial_like
4.0,4407,epithelial_like
4.0,4408,epithelial_like
4.0,4409,epithelial_like
4.0,4410,epithelial_like
4.0,4411,epithelial_like
4.0,4412,hADSCs
4.0,4413,hADSCs
4.0,4414,epithelial_like
4.0,4415,hADSCs
4.0,4416,epithelial_like
4.0,4417,epithelial_like
4.0,4418,epithelial_like
4.0,4419,epithelial_like
4.0,4420,epithelial_like
4.0,4421,epithelial_like
4.0,4422,epithelial_like
4.0,4423,epithelial_like
4.0,4424,epithelial_like
4.0,4425,epithelial_like
4.0,4426,epithelial_like
4.0,4427,epithelial_like
4.0,4428,epithelial_like
4.0,4429,hADSCs
4.0,4430,hADSCs
4.0,4431,epithelial_like
4.0,4432,epithelial_like
4.0,4433,epithelial_like
4.0,4434,epithelial_like
4.0,4435,hADSCs
4.0,4436,hADSCs
4.0,4437,epithelial_like
4.0,4438,epithelial_like
4.0,4439,hADSCs
4.0,4440,epithelial_like
4.0,4441,epithelial_like
4.0,4442,epithelial_like
4.0,4443,epithelial_like
4.0,4444,epithelial_like
4.0,4445,epithelial_like
4.0,4446,hADSCs
4.0,4447,hADSCs
4.0,4448,epithelial_like
4.0,4449,epithelial_like
4.0,4450,epithelial_like
4.0,4451,hADSCs
4.0,4452,epithelial_like
4.0,4453,hADSCs
4.0,4454,epithelial_like
4.0,4455,epithelial_like
4.0,4456,epithelial_like
4.0,4457,hADSCs
4.0,4458,hADSCs
4.0,4459,epithelial_like
4.0,4460,epithelial_like
4.0,4461,epithelial_like
4.0,4462,epithelial_like
4.0,4463,epithelial_like
4.0,4464,epithelial_like
4.0,4465,epithelial_like
4.0,4466,hADSCs
4.0,4467,hADSCs
4.0,4468,hADSCs
4.0,4469,hADSCs
4.0,4470,hADSCs
4.0,4471,epithelial_like
4.0,4472,epithelial_like
4.0,4473,hADSCs
4.0,4474,epithelial_like
4.0,4475,epithelial_like
4.0,4476,epithelial_like
4.0,4477,epithelial_like
4.0,4478,hADSCs
4.0,4479,epithelial_like
4.0,4480,epithelial_like
4.0,4481,hADSCs
4.0,4482,hADSCs
4.0,4483,epithelial_like
4.0,4484,epithelial_like
4.0,4485,epithelial_like
4.0,4486,hADSCs
4.0,4487,hADSCs
4.0,4488,epithelial_like
4.0,4489,epithelial_like
4.0,4490,epithelial_like
4.0,4491,hADSCs
4.0,4492,epithelial_like
4.0,4493,epithelial_like
4.0,4494,epithelial_like
4.0,4495,hADSCs
4.0,4496,epithelial_like
4.0,4497,hADSCs
4.0,4498,intermediate_plastic
4.0,4499,intermediate_plastic
4.0,4500,epithelial_like
4.0,4501,epithelial_like
4.0,4502,epithelial_like
4.0,4503,epithelial_like
4.0,4504,epithelial_like
4.0,4505,epithelial_like
4.0,4506,epithelial_like
4.0,4507,epithelial_like
4.0,4508,epithelial_like
4.0,4509,epithelial_like
4.0,4510,epithelial_like
4.0,4511,epithelial_like
4.0,4512,hADSCs
4.0,4513,hADSCs
4.0,4514,hADSCs
4.0,4515,epithelial_like
4.0,4516,epithelial_like
4.0,4517,epithelial_like
4.0,4518,epithelial_like
4.0,4519,epithelial_like
4.0,4520,hADSCs
4.0,4521,epithelial_like
4.0,4522,epithelial_like
4.0,4523,epithelial_like
4.0,4524,epithelial_like
4.0,4525,epithelial_like
4.0,4526,epithelial_like
4.0,4527,epithelial_like
4.0,4528,hADSCs
4.0,4529,epithelial_like
4.0,4530,epithelial_like
4.0,4531,epithelial_like
4.0,4532,epithelial_like
4.0,4533,hADSCs
4.0,4534,epithelial_like
4.0,4535,hADSCs
4.0,4536,epithelial_like
4.0,4537,epithelial_like
4.0,4538,epithelial_like
4.0,4539,epithelial_like
4.0,4540,hADSCs
4.0,4541,hADSCs
4.0,4542,epithelial_like
4.0,4543,hADSCs
4.0,4544,epithelial_like
4.0,4545,epithelial_like
4.0,4546,hADSCs
4.0,4547,hADSCs
4.0,4548,epithelial_like
4.0,4549,epithelial_like
4.0,4550,intermediate_plastic
4.0,4551,epithelial_like
4.0,4552,hADSCs
4.0,4553,hADSCs
4.0,4554,epithelial_like
4.0,4555,epithelial_like
4.0,4556,epithelial_like
4.0,4557,epithelial_like
4.0,4558,hADSCs
4.0,4559,hADSCs
4.0,4560,epithelial_like
4.0,4561,epithelial_like
4.0,4562,epithelial_like
4.0,4563,epithelial_like
4.0,4564,epithelial_like
4.0,4565,epithelial_like
4.0,4566,epithelial_like
4.0,4567,epithelial_like
4.0,4568,epithelial_like
4.0,4569,epithelial_like
4.0,4570,epithelial_like
4.0,4571,epithelial_like
4.0,4572,epithelial_like
4.0,4573,hADSCs
4.0,4574,epithelial_like
4.0,4575,epithelial_like
4.0,4576,hADSCs
4.0,4577,epithelial_like
4.0,4578,epithelial_like
4.0,4579,epithelial_like
4.0,4580,epithelial_like
4.0,4581,epithelial_like
4.0,4582,hADSCs
4.0,4583,epithelial_like
4.0,4584,hADSCs
4.0,4585,epithelial_like
4.0,4586,epithelial_like
4.0,4587,epithelial_like
4.0,4588,epithelial_like
4.0,4589,epithelial_like
4.0,4590,epithelial_like
4.0,4591,epithelial_like
4.0,4592,epithelial_like
4.0,4593,epithelial_like
4.0,4594,hADSCs
4.0,4595,epithelial_like
4.0,4596,hADSCs
4.0,4597,epithelial_like
4.0,4598,epithelial_like
4.0,4599,epithelial_like
4.0,4600,hADSCs
4.0,4601,epithelial_like
4.0,4602,epithelial_like
4.0,4603,epithelial_like
4.0,4604,hADSCs
4.0,4605,epithelial_like
4.0,4606,epithelial_like
4.0,4607,epithelial_like
4.0,4608,hADSCs
4.0,4609,hADSCs
4.0,4610,epithelial_like
4.0,4611,epithelial_like
4.0,4612,epithelial_like
4.0,4613,epithelial_like
4.0,4614,hADSCs
4.0,4615,hADSCs
4.0,4616,hADSCs
4.0,4617,epithelial_like
4.0,4618,epithelial_like
4.0,4619,epithelial_like
4.0,4620,epithelial_like
4.0,4621,epithelial_like
4.0,4622,epithelial_like
4.0,4623,hADSCs
4.0,4624,epithelial_like
4.0,4625,epithelial_like
4.0,4626,hADSCs
4.0,4627,hADSCs
4.0,4628,epithelial_like
4.0,4629,epithelial_like
4.0,4630,epithelial_like
4.0,4631,epithelial_like
4.0,4632,epithelial_like
4.0,4633,hADSCs
4.0,4634,hADSCs
4.0,4635,intermediate_plastic
4.0,4636,intermediate_plastic
4.0,4637,epithelial_like
4.0,4638,epithelial_like
4.0,4639,hADSCs
4.0,4640,epithelial_like
4.0,4641,epithelial_like
4.0,4642,hADSCs
4.0,4643,epithelial_like
4.0,4644,epithelial_like
4.0,4645,hADSCs
4.0,4646,epithelial_like
4.0,4647,epithelial_like
4.0,4648,epithelial_like
4.0,4649,hADSCs
4.0,4650,hADSCs
4.0,4651,epithelial_like
4.0,4652,epithelial_like
4.0,4653,epithelial_like
4.0,4654,epithelial_like
4.0,4655,hADSCs
4.0,4656,hADSCs
4.0,4657,epithelial_like
4.0,4658,hADSCs
4.0,4659,epithelial_like
4.0,4660,epithelial_like
4.0,4661,epithelial_like
4.0,4662,epithelial_like
4.0,4663,epithelial_like
4.0,4664,epithelial_like
4.0,4665,epithelial_like
4.0,4666,hADSCs
4.0,4667,hADSCs
4.0,4668,epithelial_like
4.0,4669,epithelial_like
4.0,4670,hADSCs
4.0,4671,epithelial_like
4.0,4672,epithelial_like
4.0,4673,epithelial_like
4.0,4674,hADSCs
4.0,4675,epithelial_like
4.0,4676,epithelial_like
4.0,4677,epithelial_like
4.0,4678,hADSCs
4.0,4679,epithelial_like
4.0,4680,hADSCs
4.0,4681,hADSCs
4.0,4682,epithelial_like
4.0,4683,hADSCs
4.0,4684,epithelial_like
4.0,4685,epithelial_like
4.0,4686,epithelial_like
4.0,4687,hADSCs
4.0,4688,hADSCs
4.0,4689,hADSCs
4.0,4690,hADSCs
4.0,4691,epithelial_like
4.0,4692,hADSCs
4.0,4693,hADSCs
4.0,4694,epithelial_like
4.0,4695,epithelial_like
4.0,4696,epithelial_like
4.0,4697,epithelial_like
4.0,4698,epithelial_like
4.0,4699,epithelial_like
4.0,4700,hADSCs
4.0,4701,hADSCs
4.0,4702,hADSCs
4.0,4703,hADSCs
4.0,4704,epithelial_like
4.0,4705,epithelial_like
4.0,4706,epithelial_like
4.0,4707,hADSCs
4.0,4708,hADSCs
4.0,4709,hADSCs
4.0,4710,hADSCs
4.0,4711,hADSCs
4.0,4712,epithelial_like
4.0,4713,epithelial_like
4.0,4714,epithelial_like
4.0,4715,epithelial_like
4.0,4716,hADSCs
4.0,4717,epithelial_like
4.0,4718,epithelial_like
4.0,4719,epithelial_like
4.0,4720,epithelial_like
4.0,4721,epithelial_like
4.0,4722,epithelial_like
4.0,4723,hADSCs
4.0,4724,hADSCs
4.0,4725,epithelial_like
4.0,4726,epithelial_like
4.0,4727,epithelial_like
4.0,4728,epithelial_like
4.0,4729,epithelial_like
4.0,4730,epithelial_like
4.0,4731,epithelial_like
4.0,4732,epithelial_like
4.0,4733,epithelial_like
4.0,4734,epithelial_like
4.0,4735,hADSCs
4.0,4736,hADSCs
4.0,4737,hADSCs
4.0,4738,hADSCs
4.0,4739,epithelial_like
4.0,4740,epithelial_like
4.0,4741,hADSCs
4.0,4742,epithelial_like
4.0,4743,hADSCs
4.0,4744,epithelial_like
4.0,4745,hADSCs
4.0,4746,epithelial_like
4.0,4747,hADSCs
4.0,4748,epithelial_like
4.0,4749,epithelial_like
4.0,4750,epithelial_like
4.0,4751,epithelial_like
4.0,4752,epithelial_like
4.0,4753,epithelial_like
4.0,4754,epithelial_like
4.0,4755,epithelial_like
4.0,4756,epithelial_like
4.0,4757,hADSCs
4.0,4758,hADSCs
4.0,4759,hADSCs
4.0,4760,epithelial_like
4.0,4761,epithelial_like
4.0,4762,epithelial_like
4.0,4763,hADSCs
4.0,4764,epithelial_like
4.0,4765,epithelial_like
4.0,4766,epithelial_like
4.0,4767,epithelial_like
4.0,4768,epithelial_like
4.0,4769,hADSCs
4.0,4770,epithelial_like
4.0,4771,hADSCs
4.0,4772,epithelial_like
4.0,4773,epithelial_like
4.0,4774,epithelial_like
4.0,4775,hADSCs
4.0,4776,epithelial_like
4.0,4777,epithelial_like
4.0,4778,epithelial_like
4.0,4779,hADSCs
4.0,4780,hADSCs
4.0,4781,hADSCs
4.0,4782,epithelial_like
4.0,4783,hADSCs
4.0,4784,hADSCs
4.0,4785,epithelial_like
4.0,4786,hADSCs
4.0,4787,epithelial_like
4.0,4788,epithelial_like
4.0,4789,hADSCs
4.0,4790,epithelial_like
4.0,4791,hADSCs
4.0,4792,epithelial_like
4.0,4793,epithelial_like
4.0,4794,epithelial_like
4.0,4795,epithelial_like
4.0,4796,epithelial_like
4.0,4797,hADSCs
4.0,4798,epithelial_like
4.0,4799,epithelial_like
4.0,4800,epithelial_like
4.0,4801,epithelial_like
4.0,4802,hADSCs
4.0,4803,epithelial_like
4.0,4804,hADSCs
4.0,4805,epithelial_like
4.0,4806,epithelial_like
4.0,4807,epithelial_like
4.0,4808,epithelial_like
4.0,4809,epithelial_like
4.0,4810,epithelial_like
4.0,4811,epithelial_like
4.0,4812,epithelial_like
4.0,4813,epithelial_like
4.0,4814,epithelial_like
4.0,4815,epithelial_like
4.0,4816,hADSCs
4.0,4817,epithelial_like
4.0,4818,epithelial_like
4.0,4819,epithelial_like
4.0,4820,hADSCs
4.0,4821,epithelial_like
4.0,4822,epithelial_like
4.0,4823,epithelial_like
4.0,4824,epithelial_like
4.0,4825,epithelial_like
4.0,4826,epithelial_like
4.0,4827,hADSCs
4.0,4828,epithelial_like
4.0,4829,epithelial_like
4.0,4830,epithelial_like
4.0,4831,hADSCs
4.0,4832,hADSCs
4.0,4833,epithelial_like
4.0,4834,epithelial_like
4.0,4835,epithelial_like
4.0,4836,epithelial_like
4.0,4837,hADSCs
4.0,4838,epithelial_like
4.0,4839,epithelial_like
4.0,4840,epithelial_like
4.0,4841,epithelial_like
4.0,4842,epithelial_like
4.0,4843,epithelial_like
4.0,4844,hADSCs
4.0,4845,epithelial_like
4.0,4846,epithelial_like
4.0,4847,hADSCs
4.0,4848,hADSCs
4.0,4849,epithelial_like
4.0,4850,epithelial_like
4.0,4851,epithelial_like
4.0,4852,epithelial_like
4.0,4853,hADSCs
4.0,4854,hADSCs
4.0,4855,epithelial_like
4.0,4856,epithelial_like
4.0,4857,epithelial_like
4.0,4858,epithelial_like
4.0,4859,epithelial_like
4.0,4860,epithelial_like
4.0,4861,epithelial_like
4.0,4862,epithelial_like
4.0,4863,epithelial_like
4.0,4864,epithelial_like
4.0,4865,hADSCs
4.0,4866,hADSCs
4.0,4867,hADSCs
4.0,4868,epithelial_like
4.0,4869,epithelial_like
4.0,4870,hADSCs
4.0,4871,epithelial_like
4.0,4872,epithelial_like
4.0,4873,epithelial_like
4.0,4874,epithelial_like
4.0,4875,hADSCs
4.0,4876,hADSCs
4.0,4877,hADSCs
4.0,4878,hADSCs
4.0,4879,hADSCs
4.0,4880,epithelial_like
4.0,4881,epithelial_like
4.0,4882,epithelial_like
4.0,4883,hADSCs
4.0,4884,epithelial_like
4.0,4885,epithelial_like
4.0,4886,epithelial_like
4.0,4887,hADSCs
4.0,4888,epithelial_like
4.0,4889,epithelial_like
4.0,4890,epithelial_like
4.0,4891,hADSCs
4.0,4892,hADSCs
4.0,4893,hADSCs
4.0,4894,epithelial_like
4.0,4895,hADSCs
4.0,4896,epithelial_like
4.0,4897,epithelial_like
4.0,4898,hADSCs
4.0,4899,epithelial_like
4.0,4900,epithelial_like
4.0,4901,hADSCs
4.0,4902,hADSCs
4.0,4903,hADSCs
4.0,4904,intermediate_plastic
4.0,4905,epithelial_like
4.0,4906,epithelial_like
4.0,4907,epithelial_like
4.0,4908,hADSCs
4.0,4909,epithelial_like
4.0,4910,epithelial_like
4.0,4911,hADSCs
4.0,4912,hADSCs
4.0,4913,hADSCs
4.0,4914,hADSCs
4.0,4915,hADSCs
4.0,4916,epithelial_like
4.0,4917,epithelial_like
4.0,4918,epithelial_like
4.0,4919,hADSCs
4.0,4920,epithelial_like
4.0,4921,epithelial_like
4.0,4922,epithelial_like
4.0,4923,epithelial_like
4.0,4924,epithelial_like
4.0,4925,epithelial_like
4.0,4926,hADSCs
4.0,4927,epithelial_like
4.0,4928,epithelial_like
4.0,4929,hADSCs
4.0,4930,epithelial_like
4.0,4931,hADSCs
4.0,4932,epithelial_like
4.0,4933,hADSCs
4.0,4934,hADSCs
4.0,4935,epithelial_like
4.0,4936,epithelial_like
4.0,4937,epithelial_like
4.0,4938,epithelial_like
4.0,4939,epithelial_like
4.0,4940,epithelial_like
4.0,4941,epithelial_like
4.0,4942,hADSCs
4.0,4943,epithelial_like
4.0,4944,epithelial_like
4.0,4945,hADSCs
4.0,4946,epithelial_like
4.0,4947,hADSCs
4.0,4948,epithelial_like
4.0,4949,epithelial_like
4.0,4950,epithelial_like
4.0,4951,hADSCs
4.0,4952,hADSCs
4.0,4953,hADSCs
4.0,4954,epithelial_like
4.0,4955,hADSCs
4.0,4956,epithelial_like
4.0,4957,hADSCs
4.0,4958,epithelial_like
4.0,4959,hADSCs
4.0,4960,hADSCs
4.0,4961,hADSCs
4.0,4962,intermediate_plastic
4.0,4963,epithelial_like
4.0,4964,epithelial_like
4.0,4965,epithelial_like
4.0,4966,epithelial_like
4.0,4967,epithelial_like
4.0,4968,hADSCs
4.0,4969,hADSCs
4.0,4970,hADSCs
4.0,4971,hADSCs
4.0,4972,hADSCs
4.0,4973,hADSCs
4.0,4974,epithelial_like
4.0,4975,hADSCs
4.0,4976,epithelial_like
4.0,4977,epithelial_like
4.0,4978,epithelial_like
4.0,4979,epithelial_like
4.0,4980,intermediate_plastic
4.0,4981,epithelial_like
4.0,4982,epithelial_like
4.0,4983,epithelial_like
4.0,4984,epithelial_like
4.0,4985,hADSCs
4.0,4986,epithelial_like
4.0,4987,epithelial_like
4.0,4988,epithelial_like
4.0,4989,epithelial_like
4.0,4990,hADSCs
4.0,4991,hADSCs
4.0,4992,epithelial_like
4.0,4993,epithelial_like
4.0,4994,epithelial_like
4.0,4995,hADSCs
4.0,4996,intermediate_plastic
4.0,4997,hADSCs
4.0,4998,hADSCs
4.0,4999,epithelial_like
4.0,5000,epithelial_like
4.0,5001,epithelial_like
4.0,5002,epithelial_like
4.0,5003,epithelial_like
4.0,5004,epithelial_like
4.0,5005,epithelial_like
4.0,5006,hADSCs
4.0,5007,hADSCs
4.0,5008,epithelial_like
4.0,5009,hADSCs
4.0,5010,hADSCs
4.0,5011,hADSCs
4.0,5012,hADSCs
4.0,5013,hADSCs
4.0,5014,hADSCs
4.0,5015,hADSCs
4.0,5016,epithelial_like
4.0,5017,hADSCs
4.0,5018,epithelial_like
4.0,5019,epithelial_like
4.0,5020,epithelial_like
4.0,5021,hADSCs
4.0,5022,hADSCs
4.0,5023,epithelial_like
4.0,5024,hADSCs
4.0,5025,hADSCs
4.0,5026,epithelial_like
4.0,5027,hADSCs
4.0,5028,epithelial_like
4.0,5029,epithelial_like
4.0,5030,epithelial_like
4.0,5031,epithelial_like
4.0,5032,epithelial_like
4.0,5033,epithelial_like
4.0,5034,epithelial_like
4.0,5035,epithelial_like
4.0,5036,epithelial_like
4.0,5037,epithelial_like
4.0,5038,epithelial_like
4.0,5039,epithelial_like
4.0,5040,epithelial_like
4.0,5041,epithelial_like
4.0,5042,epithelial_like
4.0,5043,epithelial_like
4.0,5044,epithelial_like
4.0,5045,epithelial_like
4.0,5046,epithelial_like
4.0,5047,epithelial_like
4.0,5048,hADSCs
4.0,5049,epithelial_like
4.0,5050,epithelial_like
4.0,5051,epithelial_like
4.0,5052,epithelial_like
4.0,5053,epithelial_like
4.0,5054,epithelial_like
4.0,5055,epithelial_like
4.0,5056,epithelial_like
4.0,5057,hADSCs
4.0,5058,hADSCs
4.0,5059,epithelial_like
4.0,5060,hADSCs
4.0,5061,epithelial_like
4.0,5062,epithelial_like
4.0,5063,epithelial_like
4.0,5064,hADSCs
4.0,5065,epithelial_like
4.0,5066,epithelial_like
4.0,5067,epithelial_like
4.0,5068,epithelial_like
4.0,5069,hADSCs
4.0,5070,epithelial_like
4.0,5071,hADSCs
4.0,5072,epithelial_like
4.0,5073,epithelial_like
4.0,5074,hADSCs
4.0,5075,hADSCs
4.0,5076,epithelial_like
4.0,5077,hADSCs
4.0,5078,epithelial_like
4.0,5079,hADSCs
4.0,5080,epithelial_like
4.0,5081,epithelial_like
4.0,5082,epithelial_like
4.0,5083,epithelial_like
4.0,5084,epithelial_like
4.0,5085,epithelial_like
4.0,5086,epithelial_like
4.0,5087,hADSCs
4.0,5088,epithelial_like
4.0,5089,epithelial_like
4.0,5090,hADSCs
4.0,5091,hADSCs
4.0,5092,epithelial_like
4.0,5093,epithelial_like
4.0,5094,hADSCs
4.0,5095,epithelial_like
4.0,5096,hADSCs
4.0,5097,hADSCs
4.0,5098,hADSCs
4.0,5099,epithelial_like
4.0,5100,hADSCs
4.0,5101,epithelial_like
4.0,5102,epithelial_like
4.0,5103,hADSCs
4.0,5104,hADSCs
4.0,5105,epithelial_like
4.0,5106,epithelial_like
4.0,5107,epithelial_like
4.0,5108,epithelial_like
4.0,5109,epithelial_like
4.0,5110,epithelial_like
4.0,5111,epithelial_like
4.0,5112,hADSCs
4.0,5113,hADSCs
4.0,5114,epithelial_like
4.0,5115,epithelial_like
4.0,5116,hADSCs
4.0,5117,epithelial_like
4.0,5118,epithelial_like
4.0,5119,epithelial_like
4.0,5120,hADSCs
4.0,5121,epithelial_like
4.0,5122,hADSCs
4.0,5123,epithelial_like
4.0,5124,intermediate_plastic
4.0,5125,epithelial_like
4.0,5126,epithelial_like
4.0,5127,hADSCs
4.0,5128,epithelial_like
4.0,5129,epithelial_like
4.0,5130,epithelial_like
4.0,5131,epithelial_like
4.0,5132,hADSCs
4.0,5133,epithelial_like
4.0,5134,epithelial_like
4.0,5135,epithelial_like
4.0,5136,epithelial_like
4.0,5137,epithelial_like
4.0,5138,epithelial_like
4.0,5139,epithelial_like
4.0,5140,hADSCs
4.0,5141,hADSCs
4.0,5142,epithelial_like
4.0,5143,epithelial_like
4.0,5144,hADSCs
4.0,5145,epithelial_like
4.0,5146,hADSCs
4.0,5147,epithelial_like
4.0,5148,epithelial_like
4.0,5149,epithelial_like
4.0,5150,epithelial_like
4.0,5151,epithelial_like
4.0,5152,epithelial_like
4.0,5153,hADSCs
4.0,5154,epithelial_like
4.0,5155,epithelial_like
4.0,5156,epithelial_like
4.0,5157,epithelial_like
4.0,5158,hADSCs
4.0,5159,epithelial_like
4.0,5160,epithelial_like
4.0,5161,hADSCs
4.0,5162,epithelial_like
4.0,5163,epithelial_like
4.0,5164,hADSCs
4.0,5165,epithelial_like
4.0,5166,epithelial_like
4.0,5167,epithelial_like
4.0,5168,hADSCs
4.0,5169,hADSCs
4.0,5170,epithelial_like
4.0,5171,hADSCs
4.0,5172,epithelial_like
4.0,5173,hADSCs
4.0,5174,hADSCs
4.0,5175,hADSCs
4.0,5176,epithelial_like
4.0,5177,epithelial_like
4.0,5178,epithelial_like
4.0,5179,epithelial_like
4.0,5180,hADSCs
4.0,5181,epithelial_like
4.0,5182,epithelial_like
4.0,5183,hADSCs
4.0,5184,epithelial_like
4.0,5185,epithelial_like
4.0,5186,epithelial_like
4.0,5187,hADSCs
4.0,5188,hADSCs
4.0,5189,hADSCs
4.0,5190,epithelial_like
4.0,5191,epithelial_like
4.0,5192,hADSCs
4.0,5193,hADSCs
4.0,5194,hADSCs
4.0,5195,epithelial_like
4.0,5196,hADSCs
4.0,5197,epithelial_like
4.0,5198,hADSCs
4.0,5199,epithelial_like
4.0,5200,epithelial_like
4.0,5201,hADSCs
4.0,5202,epithelial_like
4.0,5203,hADSCs
4.0,5204,epithelial_like
4.0,5205,hADSCs
4.0,5206,hADSCs
4.0,5207,epithelial_like
4.0,5208,epithelial_like
4.0,5209,hADSCs
4.0,5210,epithelial_like
4.0,5211,epithelial_like
4.0,5212,hADSCs
4.0,5213,epithelial_like
4.0,5214,epithelial_like
4.0,5215,epithelial_like
4.0,5216,epithelial_like
4.0,5217,epithelial_like
4.0,5218,epithelial_like
4.0,5219,epithelial_like
4.0,5220,epithelial_like
4.0,5221,epithelial_like
4.0,5222,epithelial_like
4.0,5223,epithelial_like
4.0,5224,hADSCs
4.0,5225,hADSCs
4.0,5226,hADSCs
4.0,5227,epithelial_like
4.0,5228,epithelial_like
4.0,5229,hADSCs
4.0,5230,hADSCs
4.0,5231,epithelial_like
4.0,5232,epithelial_like
4.0,5233,hADSCs
4.0,5234,hADSCs
4.0,5235,epithelial_like
4.0,5236,epithelial_like
4.0,5237,epithelial_like
4.0,5238,epithelial_like
4.0,5239,epithelial_like
4.0,5240,epithelial_like
4.0,5241,epithelial_like
4.0,5242,epithelial_like
4.0,5243,epithelial_like
4.0,5244,hADSCs
4.0,5245,epithelial_like
4.0,5246,hADSCs
4.0,5247,epithelial_like
4.0,5248,epithelial_like
4.0,5249,hADSCs
4.0,5250,epithelial_like
4.0,5251,hADSCs
4.0,5252,hADSCs
4.0,5253,hADSCs
4.0,5254,epithelial_like
4.0,5255,hADSCs
4.0,5256,epithelial_like
4.0,5257,epithelial_like
4.0,5258,epithelial_like
4.0,5259,epithelial_like
4.0,5260,epithelial_like
4.0,5261,epithelial_like
4.0,5262,hADSCs
4.0,5263,hADSCs
4.0,5264,hADSCs
4.0,5265,epithelial_like
4.0,5266,hADSCs
4.0,5267,epithelial_like
4.0,5268,epithelial_like
4.0,5269,epithelial_like
4.0,5270,hADSCs
4.0,5271,hADSCs
4.0,5272,epithelial_like
4.0,5273,epithelial_like
4.0,5274,epithelial_like
4.0,5275,epithelial_like
4.0,5276,epithelial_like
4.0,5277,epithelial_like
4.0,5278,hADSCs
4.0,5279,hADSCs
4.0,5280,epithelial_like
4.0,5281,hADSCs
4.0,5282,epithelial_like
4.0,5283,epithelial_like
4.0,5284,epithelial_like
4.0,5285,epithelial_like
4.0,5286,epithelial_like
4.0,5287,hADSCs
4.0,5288,hADSCs
4.0,5289,epithelial_like
4.0,5290,epithelial_like
4.0,5291,hADSCs
4.0,5292,hADSCs
4.0,5293,epithelial_like
4.0,5294,epithelial_like
4.0,5295,epithelial_like
4.0,5296,epithelial_like
4.0,5297,epithelial_like
4.0,5298,epithelial_like
4.0,5299,epithelial_like
4.0,5300,hADSCs
4.0,5301,hADSCs
4.0,5302,epithelial_like
4.0,5303,hADSCs
4.0,5304,hADSCs
4.0,5305,hADSCs
4.0,5306,hADSCs
4.0,5307,hADSCs
4.0,5308,hADSCs
4.0,5309,epithelial_like
4.0,5310,epithelial_like
4.0,5311,hADSCs
4.0,5312,hADSCs
4.0,5313,epithelial_like
4.0,5314,epithelial_like
4.0,5315,epithelial_like
4.0,5316,epithelial_like
4.0,5317,epithelial_like
4.0,5318,epithelial_like
4.0,5319,epithelial_like
4.0,5320,epithelial_like
4.0,5321,hADSCs
4.0,5322,epithelial_like
4.0,5323,hADSCs
4.0,5324,epithelial_like
4.0,5325,epithelial_like
4.0,5326,epithelial_like
4.0,5327,epithelial_like
4.0,5328,hADSCs
4.0,5329,hADSCs
4.0,5330,epithelial_like
4.0,5331,epithelial_like
4.0,5332,epithelial_like
4.0,5333,epithelial_like
4.0,5334,epithelial_like
4.0,5335,epithelial_like
4.0,5336,hADSCs
4.0,5337,epithelial_like
4.0,5338,epithelial_like
4.0,5339,epithelial_like
4.0,5340,hADSCs
4.0,5341,epithelial_like
4.0,5342,epithelial_like
4.0,5343,epithelial_like
4.0,5344,epithelial_like
4.0,5345,epithelial_like
4.0,5346,epithelial_like
4.0,5347,epithelial_like
4.0,5348,epithelial_like
4.0,5349,epithelial_like
4.0,5350,epithelial_like
4.0,5351,hADSCs
4.0,5352,hADSCs
4.0,5353,hADSCs
4.0,5354,hADSCs
4.0,5355,hADSCs
4.0,5356,hADSCs
4.0,5357,epithelial_like
4.0,5358,epithelial_like
4.0,5359,epithelial_like
4.0,5360,hADSCs
4.0,5361,epithelial_like
4.0,5362,hADSCs
4.0,5363,hADSCs
4.0,5364,epithelial_like
4.0,5365,epithelial_like
4.0,5366,epithelial_like
4.0,5367,epithelial_like
4.0,5368,epithelial_like
4.0,5369,epithelial_like
4.0,5370,hADSCs
4.0,5371,hADSCs
4.0,5372,epithelial_like
4.0,5373,epithelial_like
4.0,5374,hADSCs
4.0,5375,hADSCs
4.0,5376,hADSCs
4.0,5377,epithelial_like
4.0,5378,epithelial_like
4.0,5379,hADSCs
4.0,5380,epithelial_like
4.0,5381,hADSCs
4.0,5382,epithelial_like
4.0,5383,epithelial_like
4.0,5384,epithelial_like
4.0,5385,epithelial_like
4.0,5386,hADSCs
4.0,5387,epithelial_like
4.0,5388,hADSCs
4.0,5389,hADSCs
4.0,5390,epithelial_like
4.0,5391,epithelial_like
4.0,5392,epithelial_like
4.0,5393,epithelial_like
4.0,5394,epithelial_like
4.0,5395,epithelial_like
4.0,5396,epithelial_like
4.0,5397,hADSCs
4.0,5398,hADSCs
4.0,5399,epithelial_like
4.0,5400,epithelial_like
4.0,5401,hADSCs
4.0,5402,epithelial_like
4.0,5403,epithelial_like
4.0,5404,hADSCs
4.0,5405,hADSCs
4.0,5406,hADSCs
4.0,5407,epithelial_like
4.0,5408,epithelial_like
4.0,5409,epithelial_like
4.0,5410,epithelial_like
4.0,5411,epithelial_like
4.0,5412,epithelial_like
4.0,5413,epithelial_like
4.0,5414,epithelial_like
4.0,5415,epithelial_like
4.0,5416,epithelial_like
4.0,5417,epithelial_like
4.0,5418,epithelial_like
4.0,5419,epithelial_like
4.0,5420,epithelial_like
4.0,5421,hADSCs
4.0,5422,hADSCs
4.0,5423,epithelial_like
4.0,5424,epithelial_like
4.0,5425,epithelial_like
4.0,5426,epithelial_like
4.0,5427,epithelial_like
4.0,5428,hADSCs
4.0,5429,hADSCs
4.0,5430,epithelial_like
4.0,5431,epithelial_like
4.0,5432,hADSCs
4.0,5433,epithelial_like
4.0,5434,epithelial_like
4.0,5435,epithelial_like
4.0,5436,epithelial_like
4.0,5437,epithelial_like
4.0,5438,epithelial_like
4.0,5439,epithelial_like
4.0,5440,epithelial_like
4.0,5441,epithelial_like
4.0,5442,hADSCs
4.0,5443,hADSCs
4.0,5444,epithelial_like
4.0,5445,hADSCs
4.0,5446,epithelial_like
4.0,5447,epithelial_like
4.0,5448,hADSCs
4.0,5449,hADSCs
4.0,5450,epithelial_like
4.0,5451,epithelial_like
4.0,5452,hADSCs
4.0,5453,epithelial_like
4.0,5454,epithelial_like
4.0,5455,epithelial_like
4.0,5456,epithelial_like
4.0,5457,epithelial_like
4.0,5458,hADSCs
4.0,5459,epithelial_like
4.0,5460,hADSCs
4.0,5461,hADSCs
4.0,5462,hADSCs
4.0,5463,epithelial_like
4.0,5464,epithelial_like
4.0,5465,hADSCs
4.0,5466,epithelial_like
4.0,5467,hADSCs
4.0,5468,epithelial_like
4.0,5469,epithelial_like
4.0,5470,epithelial_like
4.0,5471,epithelial_like
4.0,5472,epithelial_like
4.0,5473,epithelial_like
4.0,5474,hADSCs
4.0,5475,hADSCs
4.0,5476,hADSCs
4.0,5477,epithelial_like
4.0,5478,epithelial_like
4.0,5479,epithelial_like
4.0,5480,epithelial_like
4.0,5481,hADSCs
4.0,5482,hADSCs
4.0,5483,hADSCs
4.0,5484,epithelial_like
4.0,5485,epithelial_like
4.0,5486,hADSCs
4.0,5487,epithelial_like
4.0,5488,epithelial_like
4.0,5489,hADSCs
4.0,5490,epithelial_like
4.0,5491,epithelial_like
4.0,5492,hADSCs
4.0,5493,hADSCs
4.0,5494,hADSCs
4.0,5495,epithelial_like
4.0,5496,epithelial_like
4.0,5497,epithelial_like
4.0,5498,hADSCs
4.0,5499,hADSCs
4.0,5500,epithelial_like
4.0,5501,epithelial_like
4.0,5502,epithelial_like
4.0,5503,epithelial_like
4.0,5504,epithelial_like
4.0,5505,hADSCs
4.0,5506,epithelial_like
4.0,5507,epithelial_like
4.0,5508,epithelial_like
4.0,5509,epithelial_like
4.0,5510,epithelial_like
4.0,5511,epithelial_like
4.0,5512,hADSCs
4.0,5513,epithelial_like
4.0,5514,epithelial_like
4.0,5515,epithelial_like
4.0,5516,hADSCs
4.0,5517,hADSCs
4.0,5518,epithelial_like
4.0,5519,hADSCs
4.0,5520,epithelial_like
4.0,5521,epithelial_like
4.0,5522,hADSCs
4.0,5523,hADSCs
4.0,5524,epithelial_like
4.0,5525,hADSCs
4.0,5526,epithelial_like
4.0,5527,hADSCs
4.0,5528,epithelial_like
4.0,5529,epithelial_like
4.0,5530,epithelial_like
4.0,5531,epithelial_like
4.0,5532,hADSCs
4.0,5533,epithelial_like
4.0,5534,hADSCs
4.0,5535,hADSCs
4.0,5536,epithelial_like
4.0,5537,epithelial_like
4.0,5538,epithelial_like
4.0,5539,epithelial_like
4.0,5540,hADSCs
4.0,5541,hADSCs
4.0,5542,epithelial_like
4.0,5543,intermediate_plastic
4.0,5544,hADSCs
4.0,5545,epithelial_like
4.0,5546,epithelial_like
4.0,5547,epithelial_like
4.0,5548,hADSCs
4.0,5549,hADSCs
4.0,5550,hADSCs
4.0,5551,epithelial_like
4.0,5552,epithelial_like
4.0,5553,epithelial_like
4.0,5554,epithelial_like
4.0,5555,epithelial_like
4.0,5556,epithelial_like
4.0,5557,hADSCs
4.0,5558,epithelial_like
4.0,5559,hADSCs
4.0,5560,epithelial_like
4.0,5561,epithelial_like
4.0,5562,epithelial_like
4.0,5563,epithelial_like
4.0,5564,epithelial_like
4.0,5565,epithelial_like
4.0,5566,epithelial_like
4.0,5567,hADSCs
4.0,5568,epithelial_like
4.0,5569,hADSCs
4.0,5570,epithelial_like
4.0,5571,epithelial_like
4.0,5572,epithelial_like
4.0,5573,epithelial_like
4.0,5574,epithelial_like
4.0,5575,epithelial_like
4.0,5576,epithelial_like
4.0,5577,epithelial_like
4.0,5578,epithelial_like
4.0,5579,hADSCs
4.0,5580,epithelial_like
4.0,5581,epithelial_like
4.0,5582,hADSCs
4.0,5583,epithelial_like
4.0,5584,epithelial_like
4.0,5585,epithelial_like
4.0,5586,intermediate_plastic
4.0,5587,epithelial_like
4.0,5588,hADSCs
4.0,5589,epithelial_like
4.0,5590,epithelial_like
4.0,5591,hADSCs
4.0,5592,hADSCs
4.0,5593,epithelial_like
4.0,5594,epithelial_like
4.0,5595,epithelial_like
4.0,5596,epithelial_like
4.0,5597,epithelial_like
4.0,5598,epithelial_like
4.0,5599,hADSCs
4.0,5600,epithelial_like
4.0,5601,hADSCs
4.0,5602,epithelial_like
4.0,5603,epithelial_like
4.0,5604,epithelial_like
4.0,5605,epithelial_like
4.0,5606,epithelial_like
4.0,5607,epithelial_like
4.0,5608,epithelial_like
4.0,5609,epithelial_like
4.0,5610,epithelial_like
4.0,5611,epithelial_like
4.0,5612,hADSCs
4.0,5613,hADSCs
4.0,5614,epithelial_like
4.0,5615,hADSCs
4.0,5616,epithelial_like
4.0,5617,epithelial_like
4.0,5618,epithelial_like
4.0,5619,epithelial_like
4.0,5620,epithelial_like
4.0,5621,epithelial_like
4.0,5622,epithelial_like
4.0,5623,epithelial_like
4.0,5624,epithelial_like
4.0,5625,epithelial_like
4.0,5626,epithelial_like
4.0,5627,epithelial_like
4.0,5628,epithelial_like
4.0,5629,epithelial_like
4.0,5630,hADSCs
4.0,5631,hADSCs
4.0,5632,hADSCs
4.0,5633,hADSCs
4.0,5634,epithelial_like
4.0,5635,epithelial_like
4.0,5636,hADSCs
4.0,5637,epithelial_like
4.0,5638,epithelial_like
4.0,5639,epithelial_like
4.0,5640,epithelial_like
4.0,5641,epithelial_like
4.0,5642,epithelial_like
4.0,5643,epithelial_like
4.0,5644,hADSCs
4.0,5645,hADSCs
4.0,5646,epithelial_like
4.0,5647,epithelial_like
4.0,5648,epithelial_like
4.0,5649,epithelial_like
4.0,5650,hADSCs
4.0,5651,hADSCs
4.0,5652,epithelial_like
4.0,5653,epithelial_like
4.0,5654,epithelial_like
4.0,5655,hADSCs
4.0,5656,hADSCs
4.0,5657,epithelial_like
4.0,5658,epithelial_like
4.0,5659,epithelial_like
4.0,5660,hADSCs
4.0,5661,epithelial_like
4.0,5662,epithelial_like
4.0,5663,epithelial_like
4.0,5664,intermediate_plastic
4.0,5665,hADSCs
4.0,5666,epithelial_like
4.0,5667,epithelial_like
4.0,5668,epithelial_like
4.0,5669,epithelial_like
4.0,5670,epithelial_like
4.0,5671,epithelial_like
4.0,5672,epithelial_like
4.0,5673,hADSCs
4.0,5674,hADSCs
4.0,5675,hADSCs
4.0,5676,epithelial_like
4.0,5677,hADSCs
4.0,5678,epithelial_like
4.0,5679,epithelial_like
4.0,5680,epithelial_like
4.0,5681,epithelial_like
4.0,5682,epithelial_like
4.0,5683,epithelial_like
4.0,5684,epithelial_like
4.0,5685,hADSCs
4.0,5686,hADSCs
4.0,5687,hADSCs
4.0,5688,epithelial_like
4.0,5689,epithelial_like
4.0,5690,epithelial_like
4.0,5691,epithelial_like
4.0,5692,hADSCs
4.0,5693,hADSCs
4.0,5694,epithelial_like
4.0,5695,epithelial_like
4.0,5696,hADSCs
4.0,5697,hADSCs
4.0,5698,hADSCs
4.0,5699,hADSCs
4.0,5700,hADSCs
4.0,5701,hADSCs
4.0,5702,hADSCs
4.0,5703,epithelial_like
4.0,5704,epithelial_like
4.0,5705,epithelial_like
4.0,5706,hADSCs
4.0,5707,epithelial_like
4.0,5708,epithelial_like
4.0,5709,hADSCs
4.0,5710,epithelial_like
4.0,5711,epithelial_like
4.0,5712,epithelial_like
4.0,5713,epithelial_like
4.0,5714,hADSCs
4.0,5715,epithelial_like
4.0,5716,hADSCs
4.0,5717,epithelial_like
4.0,5718,epithelial_like
4.0,5719,epithelial_like
4.0,5720,epithelial_like
4.0,5721,hADSCs
4.0,5722,epithelial_like
4.0,5723,hADSCs
4.0,5724,epithelial_like
4.0,5725,epithelial_like
4.0,5726,hADSCs
4.0,5727,epithelial_like
4.0,5728,epithelial_like
4.0,5729,hADSCs
4.0,5730,epithelial_like
4.0,5731,epithelial_like
4.0,5732,hADSCs
4.0,5733,epithelial_like
4.0,5734,epithelial_like
4.0,5735,epithelial_like
4.0,5736,hADSCs
4.0,5737,epithelial_like
4.0,5738,epithelial_like
4.0,5739,hADSCs
4.0,5740,epithelial_like
4.0,5741,hADSCs
4.0,5742,hADSCs
4.0,5743,hADSCs
4.0,5744,hADSCs
4.0,5745,epithelial_like
4.0,5746,epithelial_like
4.0,5747,epithelial_like
4.0,5748,epithelial_like
4.0,5749,hADSCs
4.0,5750,epithelial_like
4.0,5751,epithelial_like
4.0,5752,epithelial_like
4.0,5753,epithelial_like
4.0,5754,epithelial_like
4.0,5755,epithelial_like
4.0,5756,epithelial_like
4.0,5757,epithelial_like
4.0,5758,epithelial_like
4.0,5759,epithelial_like
4.0,5760,epithelial_like
4.0,5761,hADSCs
4.0,5762,hADSCs
4.0,5763,hADSCs
4.0,5764,hADSCs
4.0,5765,epithelial_like
4.0,5766,epithelial_like
4.0,5767,epithelial_like
4.0,5768,hADSCs
4.0,5769,epithelial_like
4.0,5770,epithelial_like
4.0,5771,epithelial_like
4.0,5772,epithelial_like
4.0,5773,epithelial_like
4.0,5774,epithelial_like
4.0,5775,epithelial_like
4.0,5776,epithelial_like
4.0,5777,epithelial_like
4.0,5778,epithelial_like
4.0,5779,epithelial_like
4.0,5780,hADSCs
4.0,5781,epithelial_like
4.0,5782,hADSCs
4.0,5783,hADSCs
4.0,5784,epithelial_like
4.0,5785,epithelial_like
4.0,5786,epithelial_like
4.0,5787,epithelial_like
4.0,5788,epithelial_like
4.0,5789,epithelial_like
4.0,5790,epithelial_like
4.0,5791,epithelial_like
4.0,5792,hADSCs
4.0,5793,epithelial_like
4.0,5794,epithelial_like
4.0,5795,epithelial_like
4.0,5796,epithelial_like
4.0,5797,epithelial_like
4.0,5798,epithelial_like
4.0,5799,epithelial_like
4.0,5800,epithelial_like
4.0,5801,epithelial_like
4.0,5802,epithelial_like
4.0,5803,epithelial_like
4.0,5804,epithelial_like
4.0,5805,hADSCs
4.0,5806,epithelial_like
4.0,5807,epithelial_like
4.0,5808,epithelial_like
4.0,5809,hADSCs
4.0,5810,hADSCs
4.0,5811,hADSCs
4.0,5812,epithelial_like
4.0,5813,epithelial_like
4.0,5814,epithelial_like
4.0,5815,epithelial_like
4.0,5816,epithelial_like
4.0,5817,epithelial_like
4.0,5818,hADSCs
4.0,5819,hADSCs
4.0,5820,epithelial_like
4.0,5821,epithelial_like
4.0,5822,epithelial_like
4.0,5823,epithelial_like
4.0,5824,epithelial_like
4.0,5825,epithelial_like
4.0,5826,hADSCs
4.0,5827,epithelial_like
4.0,5828,hADSCs
4.0,5829,hADSCs
4.0,5830,hADSCs
4.0,5831,epithelial_like
4.0,5832,epithelial_like
4.0,5833,epithelial_like
4.0,5834,epithelial_like
4.0,5835,epithelial_like
4.0,5836,epithelial_like
4.0,5837,epithelial_like
4.0,5838,epithelial_like
4.0,5839,epithelial_like
4.0,5840,epithelial_like
4.0,5841,epithelial_like
4.0,5842,epithelial_like
4.0,5843,epithelial_like
4.0,5844,epithelial_like
4.0,5845,epithelial_like
4.0,5846,epithelial_like
4.0,5847,epithelial_like
4.0,5848,hADSCs
4.0,5849,hADSCs
4.0,5850,epithelial_like
4.0,5851,epithelial_like
4.0,5852,epithelial_like
4.0,5853,epithelial_like
4.0,5854,hADSCs
4.0,5855,epithelial_like
4.0,5856,epithelial_like
4.0,5857,hADSCs
4.0,5858,epithelial_like
4.0,5859,epithelial_like
4.0,5860,epithelial_like
4.0,5861,epithelial_like
4.0,5862,epithelial_like
4.0,5863,epithelial_like
4.0,5864,epithelial_like
4.0,5865,epithelial_like
4.0,5866,epithelial_like
4.0,5867,epithelial_like
4.0,5868,hADSCs
4.0,5869,hADSCs
4.0,5870,hADSCs
4.0,5871,hADSCs
4.0,5872,epithelial_like
4.0,5873,hADSCs
4.0,5874,epithelial_like
4.0,5875,hADSCs
4.0,5876,epithelial_like
4.0,5877,epithelial_like
4.0,5878,epithelial_like
4.0,5879,epithelial_like
4.0,5880,hADSCs
4.0,5881,hADSCs
4.0,5882,hADSCs
4.0,5883,epithelial_like
4.0,5884,hADSCs
4.0,5885,hADSCs
4.0,5886,epithelial_like
4.0,5887,hADSCs
4.0,5888,epithelial_like
4.0,5889,hADSCs
4.0,5890,hADSCs
4.0,5891,epithelial_like
4.0,5892,epithelial_like
4.0,5893,epithelial_like
4.0,5894,epithelial_like
4.0,5895,epithelial_like
4.0,5896,epithelial_like
4.0,5897,epithelial_like
4.0,5898,epithelial_like
4.0,5899,epithelial_like
4.0,5900,epithelial_like
4.0,5901,hADSCs
4.0,5902,hADSCs
4.0,5903,epithelial_like
4.0,5904,epithelial_like
4.0,5905,epithelial_like
4.0,5906,hADSCs
4.0,5907,hADSCs
4.0,5908,hADSCs
4.0,5909,epithelial_like
4.0,5910,epithelial_like
4.0,5911,epithelial_like
4.0,5912,epithelial_like
4.0,5913,hADSCs
4.0,5914,epithelial_like
4.0,5915,epithelial_like
4.0,5916,epithelial_like
4.0,5917,epithelial_like
4.0,5918,epithelial_like
4.0,5919,hADSCs
4.0,5920,hADSCs
4.0,5921,hADSCs
4.0,5922,epithelial_like
4.0,5923,hADSCs
4.0,5924,epithelial_like
4.0,5925,epithelial_like
4.0,5926,epithelial_like
4.0,5927,hADSCs
4.0,5928,hADSCs
4.0,5929,epithelial_like
4.0,5930,epithelial_like
4.0,5931,hADSCs
4.0,5932,epithelial_like
4.0,5933,hADSCs
4.0,5934,epithelial_like
4.0,5935,epithelial_like
4.0,5936,hADSCs
4.0,5937,hADSCs
4.0,5938,hADSCs
4.0,5939,epithelial_like
4.0,5940,epithelial_like
4.0,5941,epithelial_like
4.0,5942,epithelial_like
4.0,5943,epithelial_like
4.0,5944,hADSCs
4.0,5945,epithelial_like
4.0,5946,hADSCs
4.0,5947,hADSCs
4.0,5948,epithelial_like
4.0,5949,hADSCs
4.0,5950,epithelial_like
4.0,5951,epithelial_like
4.0,5952,epithelial_like
4.0,5953,epithelial_like
4.0,5954,epithelial_like
4.0,5955,hADSCs
4.0,5956,hADSCs
4.0,5957,epithelial_like
4.0,5958,epithelial_like
4.0,5959,epithelial_like
4.0,5960,epithelial_like
4.0,5961,hADSCs
4.0,5962,hADSCs
4.0,5963,hADSCs
4.0,5964,hADSCs
4.0,5965,hADSCs
4.0,5966,hADSCs
4.0,5967,hADSCs
4.0,5968,epithelial_like
4.0,5969,epithelial_like
4.0,5970,hADSCs
4.0,5971,epithelial_like
4.0,5972,epithelial_like
4.0,5973,epithelial_like
4.0,5974,epithelial_like
4.0,5975,epithelial_like
4.0,5976,epithelial_like
4.0,5977,hADSCs
4.0,5978,hADSCs
4.0,5979,epithelial_like
4.0,5980,hADSCs
4.0,5981,epithelial_like
4.0,5982,epithelial_like
4.0,5983,epithelial_like
4.0,5984,hADSCs
4.0,5985,epithelial_like
4.0,5986,epithelial_like
4.0,5987,hADSCs
4.0,5988,hADSCs
4.0,5989,epithelial_like
4.0,5990,epithelial_like
4.0,5991,epithelial_like
4.0,5992,hADSCs
4.0,5993,epithelial_like
4.0,5994,epithelial_like
4.0,5995,epithelial_like
4.0,5996,epithelial_like
4.0,5997,epithelial_like
4.0,5998,epithelial_like
4.0,5999,hADSCs
8.0,6000,epithelial_like
8.0,6001,epithelial_like
8.0,6002,epithelial_like
8.0,6003,epithelial_like
8.0,6004,epithelial_like
8.0,6005,epithelial_like
8.0,6006,hADSCs
8.0,6007,epithelial_like
8.0,6008,epithelial_like
8.0,6009,epithelial_like
8.0,6010,epithelial_like
8.0,6011,epithelial_like
8.0,6012,hADSCs
8.0,6013,epithelial_like
8.0,6014,epithelial_like
8.0,6015,epithelial_like
8.0,6016,epithelial_like
8.0,6017,epithelial_like
8.0,6018,epithelial_like
8.0,6019,epithelial_like
8.0,6020,epithelial_like
8.0,6021,epithelial_like
8.0,6022,epithelial_like
8.0,6023,epithelial_like
8.0,6024,epithelial_like
8.0,6025,hADSCs
8.0,6026,epithelial_like
8.0,6027,intermediate_plastic
8.0,6028,epithelial_like
8.0,6029,epithelial_like
8.0,6030,epithelial_like
8.0,6031,epithelial_like
8.0,6032,epithelial_like
8.0,6033,epithelial_like
8.0,6034,epithelial_like
8.0,6035,epithelial_like
8.0,6036,epithelial_like
8.0,6037,epithelial_like
8.0,6038,epithelial_like
8.0,6039,epithelial_like
8.0,6040,epithelial_like
8.0,6041,epithelial_like
8.0,6042,epithelial_like
8.0,6043,hADSCs
8.0,6044,epithelial_like
8.0,6045,epithelial_like
8.0,6046,epithelial_like
8.0,6047,epithelial_like
8.0,6048,epithelial_like
8.0,6049,epithelial_like
8.0,6050,epithelial_like
8.0,6051,epithelial_like
8.0,6052,epithelial_like
8.0,6053,epithelial_like
8.0,6054,epithelial_like
8.0,6055,epithelial_like
8.0,6056,epithelial_like
8.0,6057,epithelial_like
8.0,6058,epithelial_like
8.0,6059,epithelial_like
8.0,6060,epithelial_like
8.0,6061,epithelial_like
8.0,6062,epithelial_like
8.0,6063,epithelial_like
8.0,6064,epithelial_like
8.0,6065,hADSCs
8.0,6066,epithelial_like
8.0,6067,epithelial_like
8.0,6068,epithelial_like
8.0,6069,epithelial_like
8.0,6070,epithelial_like
8.0,6071,epithelial_like
8.0,6072,epithelial_like
8.0,6073,epithelial_like
8.0,6074,epithelial_like
8.0,6075,epithelial_like
8.0,6076,epithelial_like
8.0,6077,epithelial_like
8.0,6078,epithelial_like
8.0,6079,epithelial_like
8.0,6080,epithelial_like
8.0,6081,epithelial_like
8.0,6082,epithelial_like
8.0,6083,epithelial_like
8.0,6084,epithelial_like
8.0,6085,epithelial_like
8.0,6086,epithelial_like
8.0,6087,epithelial_like
8.0,6088,epithelial_like
8.0,6089,epithelial_like
8.0,6090,epithelial_like
8.0,6091,epithelial_like
8.0,6092,epithelial_like
8.0,6093,epithelial_like
8.0,6094,epithelial_like
8.0,6095,epithelial_like
8.0,6096,epithelial_like
8.0,6097,epithelial_like
8.0,6098,epithelial_like
8.0,6099,epithelial_like
8.0,6100,hADSCs
8.0,6101,epithelial_like
8.0,6102,epithelial_like
8.0,6103,epithelial_like
8.0,6104,epithelial_like
8.0,6105,epithelial_like
8.0,6106,epithelial_like
8.0,6107,hADSCs
8.0,6108,epithelial_like
8.0,6109,epithelial_like
8.0,6110,epithelial_like
8.0,6111,epithelial_like
8.0,6112,epithelial_like
8.0,6113,epithelial_like
8.0,6114,epithelial_like
8.0,6115,epithelial_like
8.0,6116,epithelial_like
8.0,6117,epithelial_like
8.0,6118,epithelial_like
8.0,6119,epithelial_like
8.0,6120,epithelial_like
8.0,6121,epithelial_like
8.0,6122,epithelial_like
8.0,6123,epithelial_like
8.0,6124,hADSCs
8.0,6125,epithelial_like
8.0,6126,epithelial_like
8.0,6127,epithelial_like
8.0,6128,epithelial_like
8.0,6129,epithelial_like
8.0,6130,epithelial_like
8.0,6131,hADSCs
8.0,6132,epithelial_like
8.0,6133,epithelial_like
8.0,6134,epithelial_like
8.0,6135,epithelial_like
8.0,6136,epithelial_like
8.0,6137,epithelial_like
8.0,6138,epithelial_like
8.0,6139,epithelial_like
8.0,6140,epithelial_like
8.0,6141,epithelial_like
8.0,6142,epithelial_like
8.0,6143,epithelial_like
8.0,6144,hADSCs
8.0,6145,epithelial_like
8.0,6146,epithelial_like
8.0,6147,epithelial_like
8.0,6148,epithelial_like
8.0,6149,epithelial_like
8.0,6150,epithelial_like
8.0,6151,epithelial_like
8.0,6152,epithelial_like
8.0,6153,epithelial_like
8.0,6154,epithelial_like
8.0,6155,epithelial_like
8.0,6156,epithelial_like
8.0,6157,epithelial_like
8.0,6158,epithelial_like
8.0,6159,epithelial_like
8.0,6160,epithelial_like
8.0,6161,epithelial_like
8.0,6162,epithelial_like
8.0,6163,epithelial_like
8.0,6164,epithelial_like
8.0,6165,hADSCs
8.0,6166,epithelial_like
8.0,6167,epithelial_like
8.0,6168,epithelial_like
8.0,6169,epithelial_like
8.0,6170,epithelial_like
8.0,6171,epithelial_like
8.0,6172,epithelial_like
8.0,6173,epithelial_like
8.0,6174,epithelial_like
8.0,6175,epithelial_like
8.0,6176,epithelial_like
8.0,6177,epithelial_like
8.0,6178,epithelial_like
8.0,6179,epithelial_like
8.0,6180,epithelial_like
8.0,6181,hADSCs
8.0,6182,epithelial_like
8.0,6183,epithelial_like
8.0,6184,epithelial_like
8.0,6185,epithelial_like
8.0,6186,epithelial_like
8.0,6187,epithelial_like
8.0,6188,epithelial_like
8.0,6189,epithelial_like
8.0,6190,epithelial_like
8.0,6191,epithelial_like
8.0,6192,epithelial_like
8.0,6193,hADSCs
8.0,6194,epithelial_like
8.0,6195,epithelial_like
8.0,6196,epithelial_like
8.0,6197,epithelial_like
8.0,6198,epithelial_like
8.0,6199,epithelial_like
8.0,6200,epithelial_like
8.0,6201,epithelial_like
8.0,6202,epithelial_like
8.0,6203,epithelial_like
8.0,6204,epithelial_like
8.0,6205,epithelial_like
8.0,6206,epithelial_like
8.0,6207,epithelial_like
8.0,6208,epithelial_like
8.0,6209,hADSCs
8.0,6210,epithelial_like
8.0,6211,epithelial_like
8.0,6212,epithelial_like
8.0,6213,epithelial_like
8.0,6214,hADSCs
8.0,6215,hADSCs
8.0,6216,hADSCs
8.0,6217,epithelial_like
8.0,6218,epithelial_like
8.0,6219,epithelial_like
8.0,6220,epithelial_like
8.0,6221,epithelial_like
8.0,6222,epithelial_like
8.0,6223,hADSCs
8.0,6224,epithelial_like
8.0,6225,epithelial_like
8.0,6226,epithelial_like
8.0,6227,epithelial_like
8.0,6228,epithelial_like
8.0,6229,epithelial_like
8.0,6230,epithelial_like
8.0,6231,epithelial_like
8.0,6232,epithelial_like
8.0,6233,epithelial_like
8.0,6234,epithelial_like
8.0,6235,epithelial_like
8.0,6236,epithelial_like
8.0,6237,epithelial_like
8.0,6238,epithelial_like
8.0,6239,epithelial_like
8.0,6240,epithelial_like
8.0,6241,hADSCs
8.0,6242,epithelial_like
8.0,6243,epithelial_like
8.0,6244,epithelial_like
8.0,6245,epithelial_like
8.0,6246,epithelial_like
8.0,6247,epithelial_like
8.0,6248,epithelial_like
8.0,6249,intermediate_plastic
8.0,6250,epithelial_like
8.0,6251,epithelial_like
8.0,6252,epithelial_like
8.0,6253,hADSCs
8.0,6254,epithelial_like
8.0,6255,epithelial_like
8.0,6256,hADSCs
8.0,6257,epithelial_like
8.0,6258,epithelial_like
8.0,6259,epithelial_like
8.0,6260,epithelial_like
8.0,6261,epithelial_like
8.0,6262,epithelial_like
8.0,6263,epithelial_like
8.0,6264,epithelial_like
8.0,6265,epithelial_like
8.0,6266,epithelial_like
8.0,6267,epithelial_like
8.0,6268,hADSCs
8.0,6269,epithelial_like
8.0,6270,epithelial_like
8.0,6271,hADSCs
8.0,6272,epithelial_like
8.0,6273,epithelial_like
8.0,6274,epithelial_like
8.0,6275,epithelial_like
8.0,6276,epithelial_like
8.0,6277,epithelial_like
8.0,6278,epithelial_like
8.0,6279,epithelial_like
8.0,6280,epithelial_like
8.0,6281,epithelial_like
8.0,6282,epithelial_like
8.0,6283,epithelial_like
8.0,6284,epithelial_like
8.0,6285,epithelial_like
8.0,6286,epithelial_like
8.0,6287,epithelial_like
8.0,6288,epithelial_like
8.0,6289,epithelial_like
8.0,6290,epithelial_like
8.0,6291,epithelial_like
8.0,6292,epithelial_like
8.0,6293,epithelial_like
8.0,6294,epithelial_like
8.0,6295,epithelial_like
8.0,6296,epithelial_like
8.0,6297,epithelial_like
8.0,6298,epithelial_like
8.0,6299,epithelial_like
8.0,6300,epithelial_like
8.0,6301,hADSCs
8.0,6302,epithelial_like
8.0,6303,hADSCs
8.0,6304,epithelial_like
8.0,6305,epithelial_like
8.0,6306,epithelial_like
8.0,6307,epithelial_like
8.0,6308,epithelial_like
8.0,6309,epithelial_like
8.0,6310,epithelial_like
8.0,6311,epithelial_like
8.0,6312,epithelial_like
8.0,6313,epithelial_like
8.0,6314,epithelial_like
8.0,6315,epithelial_like
8.0,6316,epithelial_like
8.0,6317,epithelial_like
8.0,6318,epithelial_like
8.0,6319,epithelial_like
8.0,6320,epithelial_like
8.0,6321,epithelial_like
8.0,6322,epithelial_like
8.0,6323,epithelial_like
8.0,6324,epithelial_like
8.0,6325,epithelial_like
8.0,6326,epithelial_like
8.0,6327,epithelial_like
8.0,6328,epithelial_like
8.0,6329,hADSCs
8.0,6330,epithelial_like
8.0,6331,epithelial_like
8.0,6332,epithelial_like
8.0,6333,epithelial_like
8.0,6334,epithelial_like
8.0,6335,epithelial_like
8.0,6336,epithelial_like
8.0,6337,hADSCs
8.0,6338,hADSCs
8.0,6339,epithelial_like
8.0,6340,epithelial_like
8.0,6341,epithelial_like
8.0,6342,epithelial_like
8.0,6343,hADSCs
8.0,6344,epithelial_like
8.0,6345,epithelial_like
8.0,6346,epithelial_like
8.0,6347,epithelial_like
8.0,6348,epithelial_like
8.0,6349,epithelial_like
8.0,6350,epithelial_like
8.0,6351,epithelial_like
8.0,6352,epithelial_like
8.0,6353,hADSCs
8.0,6354,epithelial_like
8.0,6355,epithelial_like
8.0,6356,epithelial_like
8.0,6357,epithelial_like
8.0,6358,epithelial_like
8.0,6359,epithelial_like
8.0,6360,epithelial_like
8.0,6361,epithelial_like
8.0,6362,epithelial_like
8.0,6363,epithelial_like
8.0,6364,epithelial_like
8.0,6365,epithelial_like
8.0,6366,hADSCs
8.0,6367,hADSCs
8.0,6368,epithelial_like
8.0,6369,epithelial_like
8.0,6370,epithelial_like
8.0,6371,epithelial_like
8.0,6372,epithelial_like
8.0,6373,epithelial_like
8.0,6374,epithelial_like
8.0,6375,epithelial_like
8.0,6376,epithelial_like
8.0,6377,epithelial_like
8.0,6378,epithelial_like
8.0,6379,epithelial_like
8.0,6380,hADSCs
8.0,6381,epithelial_like
8.0,6382,epithelial_like
8.0,6383,epithelial_like
8.0,6384,epithelial_like
8.0,6385,epithelial_like
8.0,6386,epithelial_like
8.0,6387,hADSCs
8.0,6388,epithelial_like
8.0,6389,epithelial_like
8.0,6390,epithelial_like
8.0,6391,epithelial_like
8.0,6392,epithelial_like
8.0,6393,epithelial_like
8.0,6394,epithelial_like
8.0,6395,epithelial_like
8.0,6396,epithelial_like
8.0,6397,epithelial_like
8.0,6398,epithelial_like
8.0,6399,epithelial_like
8.0,6400,epithelial_like
8.0,6401,epithelial_like
8.0,6402,epithelial_like
8.0,6403,epithelial_like
8.0,6404,hADSCs
8.0,6405,epithelial_like
8.0,6406,epithelial_like
8.0,6407,epithelial_like
8.0,6408,epithelial_like
8.0,6409,epithelial_like
8.0,6410,epithelial_like
8.0,6411,epithelial_like
8.0,6412,epithelial_like
8.0,6413,epithelial_like
8.0,6414,epithelial_like
8.0,6415,epithelial_like
8.0,6416,epithelial_like
8.0,6417,epithelial_like
8.0,6418,epithelial_like
8.0,6419,epithelial_like
8.0,6420,epithelial_like
8.0,6421,epithelial_like
8.0,6422,epithelial_like
8.0,6423,epithelial_like
8.0,6424,epithelial_like
8.0,6425,epithelial_like
8.0,6426,epithelial_like
8.0,6427,epithelial_like
8.0,6428,epithelial_like
8.0,6429,epithelial_like
8.0,6430,epithelial_like
8.0,6431,epithelial_like
8.0,6432,epithelial_like
8.0,6433,epithelial_like
8.0,6434,epithelial_like
8.0,6435,epithelial_like
8.0,6436,epithelial_like
8.0,6437,epithelial_like
8.0,6438,epithelial_like
8.0,6439,epithelial_like
8.0,6440,hADSCs
8.0,6441,epithelial_like
8.0,6442,epithelial_like
8.0,6443,epithelial_like
8.0,6444,epithelial_like
8.0,6445,epithelial_like
8.0,6446,epithelial_like
8.0,6447,epithelial_like
8.0,6448,epithelial_like
8.0,6449,epithelial_like
8.0,6450,epithelial_like
8.0,6451,epithelial_like
8.0,6452,epithelial_like
8.0,6453,epithelial_like
8.0,6454,epithelial_like
8.0,6455,epithelial_like
8.0,6456,epithelial_like
8.0,6457,epithelial_like
8.0,6458,epithelial_like
8.0,6459,epithelial_like
8.0,6460,epithelial_like
8.0,6461,epithelial_like
8.0,6462,epithelial_like
8.0,6463,epithelial_like
8.0,6464,epithelial_like
8.0,6465,epithelial_like
8.0,6466,epithelial_like
8.0,6467,epithelial_like
8.0,6468,epithelial_like
8.0,6469,epithelial_like
8.0,6470,epithelial_like
8.0,6471,epithelial_like
8.0,6472,epithelial_like
8.0,6473,epithelial_like
8.0,6474,epithelial_like
8.0,6475,epithelial_like
8.0,6476,hADSCs
8.0,6477,epithelial_like
8.0,6478,epithelial_like
8.0,6479,epithelial_like
8.0,6480,epithelial_like
8.0,6481,epithelial_like
8.0,6482,epithelial_like
8.0,6483,epithelial_like
8.0,6484,epithelial_like
8.0,6485,epithelial_like
8.0,6486,epithelial_like
8.0,6487,epithelial_like
8.0,6488,hADSCs
8.0,6489,epithelial_like
8.0,6490,epithelial_like
8.0,6491,epithelial_like
8.0,6492,hADSCs
8.0,6493,epithelial_like
8.0,6494,epithelial_like
8.0,6495,epithelial_like
8.0,6496,epithelial_like
8.0,6497,epithelial_like
8.0,6498,epithelial_like
8.0,6499,epithelial_like
8.0,6500,epithelial_like
8.0,6501,epithelial_like
8.0,6502,epithelial_like
8.0,6503,epithelial_like
8.0,6504,epithelial_like
8.0,6505,epithelial_like
8.0,6506,epithelial_like
8.0,6507,epithelial_like
8.0,6508,epithelial_like
8.0,6509,epithelial_like
8.0,6510,epithelial_like
8.0,6511,epithelial_like
8.0,6512,epithelial_like
8.0,6513,epithelial_like
8.0,6514,epithelial_like
8.0,6515,epithelial_like
8.0,6516,epithelial_like
8.0,6517,epithelial_like
8.0,6518,epithelial_like
8.0,6519,epithelial_like
8.0,6520,epithelial_like
8.0,6521,epithelial_like
8.0,6522,epithelial_like
8.0,6523,epithelial_like
8.0,6524,epithelial_like
8.0,6525,epithelial_like
8.0,6526,epithelial_like
8.0,6527,epithelial_like
8.0,6528,epithelial_like
8.0,6529,epithelial_like
8.0,6530,epithelial_like
8.0,6531,epithelial_like
8.0,6532,epithelial_like
8.0,6533,epithelial_like
8.0,6534,epithelial_like
8.0,6535,epithelial_like
8.0,6536,epithelial_like
8.0,6537,epithelial_like
8.0,6538,epithelial_like
8.0,6539,epithelial_like
8.0,6540,epithelial_like
8.0,6541,epithelial_like
8.0,6542,epithelial_like
8.0,6543,epithelial_like
8.0,6544,epithelial_like
8.0,6545,epithelial_like
8.0,6546,epithelial_like
8.0,6547,epithelial_like
8.0,6548,epithelial_like
8.0,6549,epithelial_like
8.0,6550,hADSCs
8.0,6551,epithelial_like
8.0,6552,hADSCs
8.0,6553,epithelial_like
8.0,6554,epithelial_like
8.0,6555,epithelial_like
8.0,6556,epithelial_like
8.0,6557,epithelial_like
8.0,6558,epithelial_like
8.0,6559,epithelial_like
8.0,6560,epithelial_like
8.0,6561,epithelial_like
8.0,6562,epithelial_like
8.0,6563,epithelial_like
8.0,6564,epithelial_like
8.0,6565,epithelial_like
8.0,6566,epithelial_like
8.0,6567,epithelial_like
8.0,6568,epithelial_like
8.0,6569,epithelial_like
8.0,6570,epithelial_like
8.0,6571,epithelial_like
8.0,6572,epithelial_like
8.0,6573,epithelial_like
8.0,6574,epithelial_like
8.0,6575,epithelial_like
8.0,6576,epithelial_like
8.0,6577,epithelial_like
8.0,6578,epithelial_like
8.0,6579,epithelial_like
8.0,6580,hADSCs
8.0,6581,epithelial_like
8.0,6582,epithelial_like
8.0,6583,epithelial_like
8.0,6584,epithelial_like
8.0,6585,epithelial_like
8.0,6586,epithelial_like
8.0,6587,epithelial_like
8.0,6588,epithelial_like
8.0,6589,epithelial_like
8.0,6590,epithelial_like
8.0,6591,epithelial_like
8.0,6592,epithelial_like
8.0,6593,epithelial_like
8.0,6594,epithelial_like
8.0,6595,epithelial_like
8.0,6596,epithelial_like
8.0,6597,epithelial_like
8.0,6598,epithelial_like
8.0,6599,epithelial_like
8.0,6600,epithelial_like
8.0,6601,epithelial_like
8.0,6602,epithelial_like
8.0,6603,epithelial_like
8.0,6604,epithelial_like
8.0,6605,hADSCs
8.0,6606,epithelial_like
8.0,6607,hADSCs
8.0,6608,epithelial_like
8.0,6609,epithelial_like
8.0,6610,hADSCs
8.0,6611,epithelial_like
8.0,6612,epithelial_like
8.0,6613,epithelial_like
8.0,6614,epithelial_like
8.0,6615,epithelial_like
8.0,6616,epithelial_like
8.0,6617,epithelial_like
8.0,6618,epithelial_like
8.0,6619,hADSCs
8.0,6620,epithelial_like
8.0,6621,epithelial_like
8.0,6622,epithelial_like
8.0,6623,epithelial_like
8.0,6624,epithelial_like
8.0,6625,epithelial_like
8.0,6626,epithelial_like
8.0,6627,epithelial_like
8.0,6628,epithelial_like
8.0,6629,epithelial_like
8.0,6630,epithelial_like
8.0,6631,epithelial_like
8.0,6632,epithelial_like
8.0,6633,hADSCs
8.0,6634,epithelial_like
8.0,6635,hADSCs
8.0,6636,epithelial_like
8.0,6637,hADSCs
8.0,6638,epithelial_like
8.0,6639,epithelial_like
8.0,6640,epithelial_like
8.0,6641,epithelial_like
8.0,6642,epithelial_like
8.0,6643,epithelial_like
8.0,6644,epithelial_like
8.0,6645,epithelial_like
8.0,6646,epithelial_like
8.0,6647,epithelial_like
8.0,6648,hADSCs
8.0,6649,epithelial_like
8.0,6650,epithelial_like
8.0,6651,epithelial_like
8.0,6652,hADSCs
8.0,6653,epithelial_like
8.0,6654,epithelial_like
8.0,6655,epithelial_like
8.0,6656,epithelial_like
8.0,6657,epithelial_like
8.0,6658,epithelial_like
8.0,6659,epithelial_like
8.0,6660,intermediate_plastic
8.0,6661,intermediate_plastic
8.0,6662,epithelial_like
8.0,6663,epithelial_like
8.0,6664,epithelial_like
8.0,6665,epithelial_like
8.0,6666,epithelial_like
8.0,6667,epithelial_like
8.0,6668,epithelial_like
8.0,6669,hADSCs
8.0,6670,epithelial_like
8.0,6671,epithelial_like
8.0,6672,epithelial_like
8.0,6673,epithelial_like
8.0,6674,epithelial_like
8.0,6675,epithelial_like
8.0,6676,epithelial_like
8.0,6677,epithelial_like
8.0,6678,epithelial_like
8.0,6679,epithelial_like
8.0,6680,epithelial_like
8.0,6681,hADSCs
8.0,6682,hADSCs
8.0,6683,epithelial_like
8.0,6684,epithelial_like
8.0,6685,epithelial_like
8.0,6686,epithelial_like
8.0,6687,epithelial_like
8.0,6688,epithelial_like
8.0,6689,epithelial_like
8.0,6690,epithelial_like
8.0,6691,epithelial_like
8.0,6692,hADSCs
8.0,6693,epithelial_like
8.0,6694,hADSCs
8.0,6695,epithelial_like
8.0,6696,epithelial_like
8.0,6697,epithelial_like
8.0,6698,epithelial_like
8.0,6699,epithelial_like
8.0,6700,epithelial_like
8.0,6701,epithelial_like
8.0,6702,epithelial_like
8.0,6703,epithelial_like
8.0,6704,epithelial_like
8.0,6705,epithelial_like
8.0,6706,epithelial_like
8.0,6707,epithelial_like
8.0,6708,epithelial_like
8.0,6709,epithelial_like
8.0,6710,epithelial_like
8.0,6711,epithelial_like
8.0,6712,epithelial_like
8.0,6713,epithelial_like
8.0,6714,epithelial_like
8.0,6715,epithelial_like
8.0,6716,epithelial_like
8.0,6717,epithelial_like
8.0,6718,epithelial_like
8.0,6719,epithelial_like
8.0,6720,epithelial_like
8.0,6721,epithelial_like
8.0,6722,epithelial_like
8.0,6723,epithelial_like
8.0,6724,epithelial_like
8.0,6725,epithelial_like
8.0,6726,hADSCs
8.0,6727,epithelial_like
8.0,6728,epithelial_like
8.0,6729,epithelial_like
8.0,6730,hADSCs
8.0,6731,hADSCs
8.0,6732,epithelial_like
8.0,6733,epithelial_like
8.0,6734,epithelial_like
8.0,6735,epithelial_like
8.0,6736,epithelial_like
8.0,6737,epithelial_like
8.0,6738,epithelial_like
8.0,6739,epithelial_like
8.0,6740,epithelial_like
8.0,6741,epithelial_like
8.0,6742,epithelial_like
8.0,6743,epithelial_like
8.0,6744,epithelial_like
8.0,6745,hADSCs
8.0,6746,intermediate_plastic
8.0,6747,intermediate_plastic
8.0,6748,epithelial_like
8.0,6749,epithelial_like
8.0,6750,epithelial_like
8.0,6751,epithelial_like
8.0,6752,epithelial_like
8.0,6753,epithelial_like
8.0,6754,epithelial_like
8.0,6755,epithelial_like
8.0,6756,epithelial_like
8.0,6757,epithelial_like
8.0,6758,epithelial_like
8.0,6759,epithelial_like
8.0,6760,epithelial_like
8.0,6761,epithelial_like
8.0,6762,epithelial_like
8.0,6763,epithelial_like
8.0,6764,epithelial_like
8.0,6765,epithelial_like
8.0,6766,epithelial_like
8.0,6767,epithelial_like
8.0,6768,epithelial_like
8.0,6769,epithelial_like
8.0,6770,epithelial_like
8.0,6771,epithelial_like
8.0,6772,epithelial_like
8.0,6773,epithelial_like
8.0,6774,epithelial_like
8.0,6775,epithelial_like
8.0,6776,epithelial_like
8.0,6777,epithelial_like
8.0,6778,epithelial_like
8.0,6779,epithelial_like
8.0,6780,hADSCs
8.0,6781,hADSCs
8.0,6782,epithelial_like
8.0,6783,epithelial_like
8.0,6784,epithelial_like
8.0,6785,epithelial_like
8.0,6786,epithelial_like
8.0,6787,epithelial_like
8.0,6788,epithelial_like
8.0,6789,epithelial_like
8.0,6790,epithelial_like
8.0,6791,epithelial_like
8.0,6792,epithelial_like
8.0,6793,epithelial_like
8.0,6794,epithelial_like
8.0,6795,epithelial_like
8.0,6796,hADSCs
8.0,6797,hADSCs
8.0,6798,epithelial_like
8.0,6799,epithelial_like
8.0,6800,hADSCs
8.0,6801,hADSCs
8.0,6802,epithelial_like
8.0,6803,epithelial_like
8.0,6804,epithelial_like
8.0,6805,epithelial_like
8.0,6806,hADSCs
8.0,6807,epithelial_like
8.0,6808,epithelial_like
8.0,6809,epithelial_like
8.0,6810,epithelial_like
8.0,6811,epithelial_like
8.0,6812,epithelial_like
8.0,6813,epithelial_like
8.0,6814,epithelial_like
8.0,6815,epithelial_like
8.0,6816,epithelial_like
8.0,6817,intermediate_plastic
8.0,6818,epithelial_like
8.0,6819,epithelial_like
8.0,6820,epithelial_like
8.0,6821,epithelial_like
8.0,6822,epithelial_like
8.0,6823,hADSCs
8.0,6824,epithelial_like
8.0,6825,epithelial_like
8.0,6826,epithelial_like
8.0,6827,hADSCs
8.0,6828,hADSCs
8.0,6829,epithelial_like
8.0,6830,epithelial_like
8.0,6831,epithelial_like
8.0,6832,epithelial_like
8.0,6833,hADSCs
8.0,6834,epithelial_like
8.0,6835,epithelial_like
8.0,6836,epithelial_like
8.0,6837,epithelial_like
8.0,6838,epithelial_like
8.0,6839,epithelial_like
8.0,6840,epithelial_like
8.0,6841,epithelial_like
8.0,6842,epithelial_like
8.0,6843,epithelial_like
8.0,6844,epithelial_like
8.0,6845,epithelial_like
8.0,6846,epithelial_like
8.0,6847,epithelial_like
8.0,6848,epithelial_like
8.0,6849,epithelial_like
8.0,6850,epithelial_like
8.0,6851,epithelial_like
8.0,6852,epithelial_like
8.0,6853,epithelial_like
8.0,6854,epithelial_like
8.0,6855,epithelial_like
8.0,6856,epithelial_like
8.0,6857,epithelial_like
8.0,6858,epithelial_like
8.0,6859,epithelial_like
8.0,6860,epithelial_like
8.0,6861,epithelial_like
8.0,6862,epithelial_like
8.0,6863,hADSCs
8.0,6864,epithelial_like
8.0,6865,epithelial_like
8.0,6866,epithelial_like
8.0,6867,epithelial_like
8.0,6868,epithelial_like
8.0,6869,epithelial_like
8.0,6870,epithelial_like
8.0,6871,epithelial_like
8.0,6872,epithelial_like
8.0,6873,epithelial_like
8.0,6874,epithelial_like
8.0,6875,epithelial_like
8.0,6876,epithelial_like
8.0,6877,epithelial_like
8.0,6878,epithelial_like
8.0,6879,epithelial_like
8.0,6880,epithelial_like
8.0,6881,epithelial_like
8.0,6882,epithelial_like
8.0,6883,epithelial_like
8.0,6884,epithelial_like
8.0,6885,epithelial_like
8.0,6886,epithelial_like
8.0,6887,epithelial_like
8.0,6888,epithelial_like
8.0,6889,epithelial_like
8.0,6890,epithelial_like
8.0,6891,epithelial_like
8.0,6892,epithelial_like
8.0,6893,epithelial_like
8.0,6894,epithelial_like
8.0,6895,epithelial_like
8.0,6896,epithelial_like
8.0,6897,epithelial_like
8.0,6898,epithelial_like
8.0,6899,epithelial_like
8.0,6900,epithelial_like
8.0,6901,epithelial_like
8.0,6902,epithelial_like
8.0,6903,hADSCs
8.0,6904,epithelial_like
8.0,6905,epithelial_like
8.0,6906,epithelial_like
8.0,6907,epithelial_like
8.0,6908,epithelial_like
8.0,6909,epithelial_like
8.0,6910,epithelial_like
8.0,6911,hADSCs
8.0,6912,epithelial_like
8.0,6913,epithelial_like
8.0,6914,epithelial_like
8.0,6915,epithelial_like
8.0,6916,epithelial_like
8.0,6917,epithelial_like
8.0,6918,epithelial_like
8.0,6919,epithelial_like
8.0,6920,epithelial_like
8.0,6921,epithelial_like
8.0,6922,epithelial_like
8.0,6923,epithelial_like
8.0,6924,hADSCs
8.0,6925,epithelial_like
8.0,6926,epithelial_like
8.0,6927,epithelial_like
8.0,6928,epithelial_like
8.0,6929,intermediate_plastic
8.0,6930,intermediate_plastic
8.0,6931,epithelial_like
8.0,6932,hADSCs
8.0,6933,epithelial_like
8.0,6934,epithelial_like
8.0,6935,epithelial_like
8.0,6936,epithelial_like
8.0,6937,hADSCs
8.0,6938,epithelial_like
8.0,6939,epithelial_like
8.0,6940,epithelial_like
8.0,6941,epithelial_like
8.0,6942,epithelial_like
8.0,6943,epithelial_like
8.0,6944,epithelial_like
8.0,6945,epithelial_like
8.0,6946,epithelial_like
8.0,6947,epithelial_like
8.0,6948,epithelial_like
8.0,6949,epithelial_like
8.0,6950,epithelial_like
8.0,6951,epithelial_like
8.0,6952,hADSCs
8.0,6953,epithelial_like
8.0,6954,epithelial_like
8.0,6955,epithelial_like
8.0,6956,epithelial_like
8.0,6957,epithelial_like
8.0,6958,epithelial_like
8.0,6959,epithelial_like
8.0,6960,epithelial_like
8.0,6961,epithelial_like
8.0,6962,epithelial_like
8.0,6963,epithelial_like
8.0,6964,epithelial_like
8.0,6965,epithelial_like
8.0,6966,epithelial_like
8.0,6967,epithelial_like
8.0,6968,epithelial_like
8.0,6969,epithelial_like
8.0,6970,epithelial_like
8.0,6971,epithelial_like
8.0,6972,epithelial_like
8.0,6973,epithelial_like
8.0,6974,epithelial_like
8.0,6975,epithelial_like
8.0,6976,epithelial_like
8.0,6977,epithelial_like
8.0,6978,epithelial_like
8.0,6979,epithelial_like
8.0,6980,epithelial_like
8.0,6981,epithelial_like
8.0,6982,epithelial_like
8.0,6983,epithelial_like
8.0,6984,hADSCs
8.0,6985,epithelial_like
8.0,6986,epithelial_like
8.0,6987,epithelial_like
8.0,6988,epithelial_like
8.0,6989,epithelial_like
8.0,6990,epithelial_like
8.0,6991,epithelial_like
8.0,6992,epithelial_like
8.0,6993,epithelial_like
8.0,6994,epithelial_like
8.0,6995,epithelial_like
8.0,6996,epithelial_like
8.0,6997,epithelial_like
8.0,6998,epithelial_like
8.0,6999,epithelial_like
8.0,7000,epithelial_like
8.0,7001,epithelial_like
8.0,7002,epithelial_like
8.0,7003,epithelial_like
8.0,7004,hADSCs
8.0,7005,epithelial_like
8.0,7006,epithelial_like
8.0,7007,epithelial_like
8.0,7008,epithelial_like
8.0,7009,epithelial_like
8.0,7010,epithelial_like
8.0,7011,epithelial_like
8.0,7012,epithelial_like
8.0,7013,epithelial_like
8.0,7014,epithelial_like
8.0,7015,epithelial_like
8.0,7016,epithelial_like
8.0,7017,epithelial_like
8.0,7018,hADSCs
8.0,7019,epithelial_like
8.0,7020,epithelial_like
8.0,7021,epithelial_like
8.0,7022,epithelial_like
8.0,7023,epithelial_like
8.0,7024,epithelial_like
8.0,7025,epithelial_like
8.0,7026,epithelial_like
8.0,7027,epithelial_like
8.0,7028,epithelial_like
8.0,7029,epithelial_like
8.0,7030,epithelial_like
8.0,7031,epithelial_like
8.0,7032,epithelial_like
8.0,7033,epithelial_like
8.0,7034,epithelial_like
8.0,7035,epithelial_like
8.0,7036,epithelial_like
8.0,7037,epithelial_like
8.0,7038,epithelial_like
8.0,7039,epithelial_like
8.0,7040,epithelial_like
8.0,7041,epithelial_like
8.0,7042,epithelial_like
8.0,7043,epithelial_like
8.0,7044,hADSCs
8.0,7045,hADSCs
8.0,7046,hADSCs
8.0,7047,epithelial_like
8.0,7048,epithelial_like
8.0,7049,epithelial_like
8.0,7050,epithelial_like
8.0,7051,epithelial_like
8.0,7052,hADSCs
8.0,7053,epithelial_like
8.0,7054,epithelial_like
8.0,7055,epithelial_like
8.0,7056,epithelial_like
8.0,7057,epithelial_like
8.0,7058,epithelial_like
8.0,7059,hADSCs
8.0,7060,epithelial_like
8.0,7061,epithelial_like
8.0,7062,epithelial_like
8.0,7063,epithelial_like
8.0,7064,epithelial_like
8.0,7065,epithelial_like
8.0,7066,epithelial_like
8.0,7067,epithelial_like
8.0,7068,epithelial_like
8.0,7069,epithelial_like
8.0,7070,epithelial_like
8.0,7071,epithelial_like
8.0,7072,hADSCs
8.0,7073,epithelial_like
8.0,7074,epithelial_like
8.0,7075,epithelial_like
8.0,7076,epithelial_like
8.0,7077,epithelial_like
8.0,7078,epithelial_like
8.0,7079,epithelial_like
8.0,7080,epithelial_like
8.0,7081,hADSCs
8.0,7082,hADSCs
8.0,7083,epithelial_like
8.0,7084,epithelial_like
8.0,7085,epithelial_like
8.0,7086,epithelial_like
8.0,7087,hADSCs
8.0,7088,hADSCs
8.0,7089,epithelial_like
8.0,7090,epithelial_like
8.0,7091,epithelial_like
8.0,7092,epithelial_like
8.0,7093,epithelial_like
8.0,7094,epithelial_like
8.0,7095,epithelial_like
8.0,7096,epithelial_like
8.0,7097,epithelial_like
8.0,7098,epithelial_like
8.0,7099,epithelial_like
8.0,7100,epithelial_like
8.0,7101,intermediate_plastic
8.0,7102,epithelial_like
8.0,7103,epithelial_like
8.0,7104,epithelial_like
8.0,7105,epithelial_like
8.0,7106,epithelial_like
8.0,7107,epithelial_like
8.0,7108,epithelial_like
8.0,7109,epithelial_like
8.0,7110,epithelial_like
8.0,7111,epithelial_like
8.0,7112,epithelial_like
8.0,7113,epithelial_like
8.0,7114,epithelial_like
8.0,7115,epithelial_like
8.0,7116,hADSCs
8.0,7117,epithelial_like
8.0,7118,epithelial_like
8.0,7119,epithelial_like
8.0,7120,hADSCs
8.0,7121,epithelial_like
8.0,7122,epithelial_like
8.0,7123,epithelial_like
8.0,7124,epithelial_like
8.0,7125,hADSCs
8.0,7126,epithelial_like
8.0,7127,epithelial_like
8.0,7128,epithelial_like
8.0,7129,epithelial_like
8.0,7130,epithelial_like
8.0,7131,epithelial_like
8.0,7132,epithelial_like
8.0,7133,epithelial_like
8.0,7134,epithelial_like
8.0,7135,epithelial_like
8.0,7136,epithelial_like
8.0,7137,epithelial_like
8.0,7138,epithelial_like
8.0,7139,epithelial_like
8.0,7140,epithelial_like
8.0,7141,hADSCs
8.0,7142,epithelial_like
8.0,7143,epithelial_like
8.0,7144,epithelial_like
8.0,7145,epithelial_like
8.0,7146,epithelial_like
8.0,7147,epithelial_like
8.0,7148,epithelial_like
8.0,7149,epithelial_like
8.0,7150,epithelial_like
8.0,7151,epithelial_like
8.0,7152,epithelial_like
8.0,7153,epithelial_like
8.0,7154,epithelial_like
8.0,7155,epithelial_like
8.0,7156,epithelial_like
8.0,7157,epithelial_like
8.0,7158,epithelial_like
8.0,7159,epithelial_like
8.0,7160,epithelial_like
8.0,7161,epithelial_like
8.0,7162,epithelial_like
8.0,7163,epithelial_like
8.0,7164,epithelial_like
8.0,7165,epithelial_like
8.0,7166,epithelial_like
8.0,7167,epithelial_like
8.0,7168,epithelial_like
8.0,7169,epithelial_like
8.0,7170,epithelial_like
8.0,7171,epithelial_like
8.0,7172,hADSCs
8.0,7173,epithelial_like
8.0,7174,epithelial_like
8.0,7175,epithelial_like
8.0,7176,hADSCs
8.0,7177,epithelial_like
8.0,7178,epithelial_like
8.0,7179,epithelial_like
8.0,7180,epithelial_like
8.0,7181,epithelial_like
8.0,7182,epithelial_like
8.0,7183,hADSCs
8.0,7184,hADSCs
8.0,7185,epithelial_like
8.0,7186,epithelial_like
8.0,7187,epithelial_like
8.0,7188,hADSCs
8.0,7189,hADSCs
8.0,7190,epithelial_like
8.0,7191,epithelial_like
8.0,7192,epithelial_like
8.0,7193,epithelial_like
8.0,7194,epithelial_like
8.0,7195,epithelial_like
8.0,7196,epithelial_like
8.0,7197,epithelial_like
8.0,7198,epithelial_like
8.0,7199,epithelial_like
8.0,7200,epithelial_like
8.0,7201,epithelial_like
8.0,7202,epithelial_like
8.0,7203,epithelial_like
8.0,7204,epithelial_like
8.0,7205,epithelial_like
8.0,7206,epithelial_like
8.0,7207,epithelial_like
8.0,7208,epithelial_like
8.0,7209,epithelial_like
8.0,7210,hADSCs
8.0,7211,epithelial_like
8.0,7212,epithelial_like
8.0,7213,epithelial_like
8.0,7214,epithelial_like
8.0,7215,epithelial_like
8.0,7216,epithelial_like
8.0,7217,epithelial_like
8.0,7218,hADSCs
8.0,7219,epithelial_like
8.0,7220,epithelial_like
8.0,7221,epithelial_like
8.0,7222,epithelial_like
8.0,7223,epithelial_like
8.0,7224,epithelial_like
8.0,7225,epithelial_like
8.0,7226,epithelial_like
8.0,7227,epithelial_like
8.0,7228,epithelial_like
8.0,7229,epithelial_like
8.0,7230,epithelial_like
8.0,7231,epithelial_like
8.0,7232,epithelial_like
8.0,7233,epithelial_like
8.0,7234,epithelial_like
8.0,7235,epithelial_like
8.0,7236,epithelial_like
8.0,7237,epithelial_like
8.0,7238,epithelial_like
8.0,7239,epithelial_like
8.0,7240,epithelial_like
8.0,7241,epithelial_like
8.0,7242,epithelial_like
8.0,7243,epithelial_like
8.0,7244,epithelial_like
8.0,7245,epithelial_like
8.0,7246,epithelial_like
8.0,7247,epithelial_like
8.0,7248,epithelial_like
8.0,7249,epithelial_like
8.0,7250,epithelial_like
8.0,7251,hADSCs
8.0,7252,epithelial_like
8.0,7253,epithelial_like
8.0,7254,epithelial_like
8.0,7255,epithelial_like
8.0,7256,epithelial_like
8.0,7257,epithelial_like
8.0,7258,epithelial_like
8.0,7259,epithelial_like
8.0,7260,epithelial_like
8.0,7261,hADSCs
8.0,7262,epithelial_like
8.0,7263,epithelial_like
8.0,7264,epithelial_like
8.0,7265,hADSCs
8.0,7266,epithelial_like
8.0,7267,ambiguous
8.0,7268,epithelial_like
8.0,7269,epithelial_like
8.0,7270,epithelial_like
8.0,7271,epithelial_like
8.0,7272,epithelial_like
8.0,7273,epithelial_like
8.0,7274,epithelial_like
8.0,7275,epithelial_like
8.0,7276,epithelial_like
8.0,7277,epithelial_like
8.0,7278,epithelial_like
8.0,7279,epithelial_like
8.0,7280,epithelial_like
8.0,7281,epithelial_like
8.0,7282,epithelial_like
8.0,7283,epithelial_like
8.0,7284,epithelial_like
8.0,7285,epithelial_like
8.0,7286,epithelial_like
8.0,7287,epithelial_like
8.0,7288,epithelial_like
8.0,7289,epithelial_like
8.0,7290,epithelial_like
8.0,7291,epithelial_like
8.0,7292,hADSCs
8.0,7293,epithelial_like
8.0,7294,epithelial_like
8.0,7295,epithelial_like
8.0,7296,epithelial_like
8.0,7297,epithelial_like
8.0,7298,epithelial_like
8.0,7299,hADSCs
8.0,7300,hADSCs
8.0,7301,epithelial_like
8.0,7302,epithelial_like
8.0,7303,epithelial_like
8.0,7304,epithelial_like
8.0,7305,hADSCs
8.0,7306,epithelial_like
8.0,7307,epithelial_like
8.0,7308,hADSCs
8.0,7309,epithelial_like
8.0,7310,epithelial_like
8.0,7311,epithelial_like
8.0,7312,epithelial_like
8.0,7313,epithelial_like
8.0,7314,epithelial_like
8.0,7315,epithelial_like
8.0,7316,hADSCs
8.0,7317,hADSCs
8.0,7318,hADSCs
8.0,7319,epithelial_like
8.0,7320,epithelial_like
8.0,7321,epithelial_like
8.0,7322,epithelial_like
8.0,7323,hADSCs
8.0,7324,epithelial_like
8.0,7325,epithelial_like
8.0,7326,epithelial_like
8.0,7327,epithelial_like
8.0,7328,epithelial_like
8.0,7329,epithelial_like
8.0,7330,epithelial_like
8.0,7331,epithelial_like
8.0,7332,hADSCs
8.0,7333,epithelial_like
8.0,7334,epithelial_like
8.0,7335,epithelial_like
8.0,7336,epithelial_like
8.0,7337,hADSCs
8.0,7338,epithelial_like
8.0,7339,epithelial_like
8.0,7340,epithelial_like
8.0,7341,epithelial_like
8.0,7342,epithelial_like
8.0,7343,epithelial_like
8.0,7344,epithelial_like
8.0,7345,epithelial_like
8.0,7346,epithelial_like
8.0,7347,epithelial_like
8.0,7348,epithelial_like
8.0,7349,epithelial_like
8.0,7350,epithelial_like
8.0,7351,epithelial_like
8.0,7352,epithelial_like
8.0,7353,epithelial_like
8.0,7354,hADSCs
8.0,7355,epithelial_like
8.0,7356,hADSCs
8.0,7357,hADSCs
8.0,7358,hADSCs
8.0,7359,epithelial_like
8.0,7360,epithelial_like
8.0,7361,epithelial_like
8.0,7362,epithelial_like
8.0,7363,epithelial_like
8.0,7364,epithelial_like
8.0,7365,epithelial_like
8.0,7366,epithelial_like
8.0,7367,epithelial_like
8.0,7368,epithelial_like
8.0,7369,epithelial_like
8.0,7370,epithelial_like
8.0,7371,epithelial_like
8.0,7372,epithelial_like
8.0,7373,epithelial_like
8.0,7374,epithelial_like
8.0,7375,epithelial_like
8.0,7376,epithelial_like
8.0,7377,epithelial_like
8.0,7378,epithelial_like
8.0,7379,epithelial_like
8.0,7380,epithelial_like
8.0,7381,epithelial_like
8.0,7382,epithelial_like
8.0,7383,epithelial_like
8.0,7384,epithelial_like
8.0,7385,epithelial_like
8.0,7386,epithelial_like
8.0,7387,epithelial_like
8.0,7388,epithelial_like
8.0,7389,epithelial_like
8.0,7390,epithelial_like
8.0,7391,epithelial_like
8.0,7392,epithelial_like
8.0,7393,hADSCs
8.0,7394,epithelial_like
8.0,7395,epithelial_like
8.0,7396,epithelial_like
8.0,7397,epithelial_like
8.0,7398,epithelial_like
8.0,7399,hADSCs
8.0,7400,epithelial_like
8.0,7401,epithelial_like
8.0,7402,hADSCs
8.0,7403,epithelial_like
8.0,7404,epithelial_like
8.0,7405,hADSCs
8.0,7406,epithelial_like
8.0,7407,epithelial_like
8.0,7408,hADSCs
8.0,7409,epithelial_like
8.0,7410,epithelial_like
8.0,7411,epithelial_like
8.0,7412,epithelial_like
8.0,7413,hADSCs
8.0,7414,hADSCs
8.0,7415,epithelial_like
8.0,7416,epithelial_like
8.0,7417,epithelial_like
8.0,7418,epithelial_like
8.0,7419,epithelial_like
8.0,7420,epithelial_like
8.0,7421,hADSCs
8.0,7422,epithelial_like
8.0,7423,hADSCs
8.0,7424,epithelial_like
8.0,7425,epithelial_like
8.0,7426,epithelial_like
8.0,7427,hADSCs
8.0,7428,epithelial_like
8.0,7429,epithelial_like
8.0,7430,epithelial_like
8.0,7431,epithelial_like
8.0,7432,epithelial_like
8.0,7433,epithelial_like
8.0,7434,epithelial_like
8.0,7435,epithelial_like
8.0,7436,epithelial_like
8.0,7437,epithelial_like
8.0,7438,epithelial_like
8.0,7439,epithelial_like
8.0,7440,epithelial_like
8.0,7441,epithelial_like
8.0,7442,epithelial_like
8.0,7443,epithelial_like
8.0,7444,epithelial_like
8.0,7445,epithelial_like
8.0,7446,epithelial_like
8.0,7447,epithelial_like
8.0,7448,epithelial_like
8.0,7449,hADSCs
8.0,7450,hADSCs
8.0,7451,epithelial_like
8.0,7452,epithelial_like
8.0,7453,epithelial_like
8.0,7454,epithelial_like
8.0,7455,epithelial_like
8.0,7456,epithelial_like
8.0,7457,epithelial_like
8.0,7458,epithelial_like
8.0,7459,epithelial_like
8.0,7460,epithelial_like
8.0,7461,epithelial_like
8.0,7462,epithelial_like
8.0,7463,epithelial_like
8.0,7464,epithelial_like
8.0,7465,hADSCs
8.0,7466,epithelial_like
8.0,7467,epithelial_like
8.0,7468,epithelial_like
8.0,7469,epithelial_like
8.0,7470,hADSCs
8.0,7471,epithelial_like
8.0,7472,epithelial_like
8.0,7473,epithelial_like
8.0,7474,epithelial_like
8.0,7475,epithelial_like
8.0,7476,epithelial_like
8.0,7477,epithelial_like
8.0,7478,epithelial_like
8.0,7479,epithelial_like
8.0,7480,epithelial_like
8.0,7481,epithelial_like
8.0,7482,epithelial_like
8.0,7483,epithelial_like
8.0,7484,epithelial_like
8.0,7485,epithelial_like
8.0,7486,epithelial_like
8.0,7487,epithelial_like
8.0,7488,epithelial_like
8.0,7489,epithelial_like
8.0,7490,epithelial_like
8.0,7491,epithelial_like
8.0,7492,epithelial_like
8.0,7493,epithelial_like
8.0,7494,hADSCs
8.0,7495,epithelial_like
8.0,7496,epithelial_like
8.0,7497,epithelial_like
8.0,7498,epithelial_like
8.0,7499,epithelial_like
8.0,7500,epithelial_like
8.0,7501,epithelial_like
8.0,7502,epithelial_like
8.0,7503,epithelial_like
8.0,7504,epithelial_like
8.0,7505,epithelial_like
8.0,7506,epithelial_like
8.0,7507,epithelial_like
8.0,7508,epithelial_like
8.0,7509,epithelial_like
8.0,7510,epithelial_like
8.0,7511,epithelial_like
8.0,7512,epithelial_like
8.0,7513,epithelial_like
8.0,7514,epithelial_like
8.0,7515,epithelial_like
8.0,7516,epithelial_like
8.0,7517,epithelial_like
8.0,7518,epithelial_like
8.0,7519,epithelial_like
8.0,7520,epithelial_like
8.0,7521,epithelial_like
8.0,7522,epithelial_like
8.0,7523,epithelial_like
8.0,7524,epithelial_like
8.0,7525,epithelial_like
8.0,7526,epithelial_like
8.0,7527,epithelial_like
8.0,7528,epithelial_like
8.0,7529,epithelial_like
8.0,7530,epithelial_like
8.0,7531,epithelial_like
8.0,7532,epithelial_like
8.0,7533,epithelial_like
8.0,7534,epithelial_like
8.0,7535,epithelial_like
8.0,7536,epithelial_like
8.0,7537,epithelial_like
8.0,7538,epithelial_like
8.0,7539,epithelial_like
8.0,7540,epithelial_like
8.0,7541,epithelial_like
8.0,7542,epithelial_like
8.0,7543,epithelial_like
8.0,7544,epithelial_like
8.0,7545,epithelial_like
8.0,7546,epithelial_like
8.0,7547,epithelial_like
8.0,7548,epithelial_like
8.0,7549,epithelial_like
8.0,7550,epithelial_like
8.0,7551,epithelial_like
8.0,7552,epithelial_like
8.0,7553,epithelial_like
8.0,7554,epithelial_like
8.0,7555,hADSCs
8.0,7556,hADSCs
8.0,7557,epithelial_like
8.0,7558,epithelial_like
8.0,7559,epithelial_like
8.0,7560,epithelial_like
8.0,7561,epithelial_like
8.0,7562,epithelial_like
8.0,7563,epithelial_like
8.0,7564,epithelial_like
8.0,7565,epithelial_like
8.0,7566,hADSCs
8.0,7567,epithelial_like
8.0,7568,epithelial_like
8.0,7569,epithelial_like
8.0,7570,epithelial_like
8.0,7571,epithelial_like
8.0,7572,epithelial_like
8.0,7573,epithelial_like
8.0,7574,epithelial_like
8.0,7575,hADSCs
8.0,7576,epithelial_like
8.0,7577,epithelial_like
8.0,7578,epithelial_like
8.0,7579,epithelial_like
8.0,7580,epithelial_like
8.0,7581,epithelial_like
8.0,7582,hADSCs
8.0,7583,epithelial_like
8.0,7584,hADSCs
8.0,7585,epithelial_like
8.0,7586,epithelial_like
8.0,7587,epithelial_like
8.0,7588,epithelial_like
8.0,7589,epithelial_like
8.0,7590,epithelial_like
8.0,7591,hADSCs
8.0,7592,hADSCs
8.0,7593,epithelial_like
8.0,7594,epithelial_like
8.0,7595,epithelial_like
8.0,7596,epithelial_like
8.0,7597,hADSCs
8.0,7598,hADSCs
8.0,7599,hADSCs
8.0,7600,epithelial_like
8.0,7601,epithelial_like
8.0,7602,epithelial_like
8.0,7603,epithelial_like
8.0,7604,epithelial_like
8.0,7605,epithelial_like
8.0,7606,epithelial_like
8.0,7607,epithelial_like
8.0,7608,hADSCs
8.0,7609,epithelial_like
8.0,7610,epithelial_like
8.0,7611,epithelial_like
8.0,7612,epithelial_like
8.0,7613,epithelial_like
8.0,7614,epithelial_like
8.0,7615,epithelial_like
8.0,7616,epithelial_like
8.0,7617,epithelial_like
8.0,7618,epithelial_like
8.0,7619,epithelial_like
8.0,7620,epithelial_like
8.0,7621,epithelial_like
8.0,7622,epithelial_like
8.0,7623,epithelial_like
8.0,7624,epithelial_like
8.0,7625,epithelial_like
8.0,7626,epithelial_like
8.0,7627,epithelial_like
8.0,7628,epithelial_like
8.0,7629,epithelial_like
8.0,7630,hADSCs
8.0,7631,epithelial_like
8.0,7632,epithelial_like
8.0,7633,epithelial_like
8.0,7634,epithelial_like
8.0,7635,epithelial_like
8.0,7636,hADSCs
8.0,7637,epithelial_like
8.0,7638,epithelial_like
8.0,7639,epithelial_like
8.0,7640,epithelial_like
8.0,7641,hADSCs
8.0,7642,epithelial_like
8.0,7643,epithelial_like
8.0,7644,epithelial_like
8.0,7645,epithelial_like
8.0,7646,epithelial_like
8.0,7647,hADSCs
8.0,7648,epithelial_like
8.0,7649,epithelial_like
8.0,7650,epithelial_like
8.0,7651,epithelial_like
8.0,7652,epithelial_like
8.0,7653,epithelial_like
8.0,7654,hADSCs
8.0,7655,hADSCs
8.0,7656,epithelial_like
8.0,7657,hADSCs
8.0,7658,epithelial_like
8.0,7659,epithelial_like
8.0,7660,epithelial_like
8.0,7661,epithelial_like
8.0,7662,epithelial_like
8.0,7663,epithelial_like
8.0,7664,epithelial_like
8.0,7665,epithelial_like
8.0,7666,epithelial_like
8.0,7667,epithelial_like
8.0,7668,hADSCs
8.0,7669,epithelial_like
8.0,7670,epithelial_like
8.0,7671,epithelial_like
8.0,7672,epithelial_like
8.0,7673,epithelial_like
8.0,7674,epithelial_like
8.0,7675,epithelial_like
8.0,7676,epithelial_like
8.0,7677,epithelial_like
8.0,7678,epithelial_like
8.0,7679,epithelial_like
8.0,7680,epithelial_like
8.0,7681,epithelial_like
8.0,7682,epithelial_like
8.0,7683,epithelial_like
8.0,7684,epithelial_like
8.0,7685,epithelial_like
8.0,7686,epithelial_like
8.0,7687,hADSCs
8.0,7688,epithelial_like
8.0,7689,epithelial_like
8.0,7690,epithelial_like
8.0,7691,epithelial_like
8.0,7692,epithelial_like
8.0,7693,epithelial_like
8.0,7694,epithelial_like
8.0,7695,hADSCs
8.0,7696,epithelial_like
8.0,7697,epithelial_like
8.0,7698,epithelial_like
8.0,7699,epithelial_like
8.0,7700,epithelial_like
8.0,7701,epithelial_like
8.0,7702,epithelial_like
8.0,7703,epithelial_like
8.0,7704,epithelial_like
8.0,7705,epithelial_like
8.0,7706,epithelial_like
8.0,7707,epithelial_like
8.0,7708,epithelial_like
8.0,7709,epithelial_like
8.0,7710,epithelial_like
8.0,7711,hADSCs
8.0,7712,epithelial_like
8.0,7713,epithelial_like
8.0,7714,hADSCs
8.0,7715,epithelial_like
8.0,7716,epithelial_like
8.0,7717,epithelial_like
8.0,7718,epithelial_like
8.0,7719,hADSCs
8.0,7720,epithelial_like
8.0,7721,epithelial_like
8.0,7722,epithelial_like
8.0,7723,epithelial_like
8.0,7724,epithelial_like
8.0,7725,epithelial_like
8.0,7726,epithelial_like
8.0,7727,epithelial_like
8.0,7728,epithelial_like
8.0,7729,epithelial_like
8.0,7730,epithelial_like
8.0,7731,epithelial_like
8.0,7732,epithelial_like
8.0,7733,hADSCs
8.0,7734,epithelial_like
8.0,7735,epithelial_like
8.0,7736,epithelial_like
8.0,7737,epithelial_like
8.0,7738,epithelial_like
8.0,7739,epithelial_like
8.0,7740,epithelial_like
8.0,7741,epithelial_like
8.0,7742,hADSCs
8.0,7743,hADSCs
8.0,7744,epithelial_like
8.0,7745,epithelial_like
8.0,7746,epithelial_like
8.0,7747,epithelial_like
8.0,7748,epithelial_like
8.0,7749,epithelial_like
8.0,7750,epithelial_like
8.0,7751,epithelial_like
8.0,7752,epithelial_like
8.0,7753,epithelial_like
8.0,7754,epithelial_like
8.0,7755,epithelial_like
8.0,7756,hADSCs
8.0,7757,epithelial_like
8.0,7758,hADSCs
8.0,7759,epithelial_like
8.0,7760,hADSCs
8.0,7761,epithelial_like
8.0,7762,epithelial_like
8.0,7763,epithelial_like
8.0,7764,epithelial_like
8.0,7765,epithelial_like
8.0,7766,epithelial_like
8.0,7767,epithelial_like
8.0,7768,epithelial_like
8.0,7769,hADSCs
8.0,7770,epithelial_like
8.0,7771,epithelial_like
8.0,7772,epithelial_like
8.0,7773,epithelial_like
8.0,7774,epithelial_like
8.0,7775,epithelial_like
8.0,7776,epithelial_like
8.0,7777,epithelial_like
8.0,7778,epithelial_like
8.0,7779,epithelial_like
8.0,7780,epithelial_like
8.0,7781,hADSCs
8.0,7782,epithelial_like
8.0,7783,hADSCs
8.0,7784,epithelial_like
8.0,7785,epithelial_like
8.0,7786,epithelial_like
8.0,7787,epithelial_like
8.0,7788,epithelial_like
8.0,7789,epithelial_like
8.0,7790,epithelial_like
8.0,7791,hADSCs
8.0,7792,hADSCs
8.0,7793,epithelial_like
8.0,7794,epithelial_like
8.0,7795,epithelial_like
8.0,7796,epithelial_like
8.0,7797,epithelial_like
8.0,7798,epithelial_like
8.0,7799,epithelial_like
8.0,7800,epithelial_like
8.0,7801,epithelial_like
8.0,7802,epithelial_like
8.0,7803,epithelial_like
8.0,7804,epithelial_like
8.0,7805,epithelial_like
8.0,7806,epithelial_like
8.0,7807,epithelial_like
8.0,7808,epithelial_like
8.0,7809,epithelial_like
8.0,7810,hADSCs
8.0,7811,epithelial_like
8.0,7812,epithelial_like
8.0,7813,epithelial_like
8.0,7814,epithelial_like
8.0,7815,epithelial_like
8.0,7816,epithelial_like
8.0,7817,epithelial_like
8.0,7818,epithelial_like
8.0,7819,epithelial_like
8.0,7820,epithelial_like
8.0,7821,epithelial_like
8.0,7822,epithelial_like
8.0,7823,epithelial_like
8.0,7824,epithelial_like
8.0,7825,epithelial_like
8.0,7826,intermediate_plastic
8.0,7827,intermediate_plastic
8.0,7828,epithelial_like
8.0,7829,epithelial_like
8.0,7830,hADSCs
8.0,7831,hADSCs
8.0,7832,epithelial_like
8.0,7833,epithelial_like
8.0,7834,epithelial_like
8.0,7835,epithelial_like
8.0,7836,epithelial_like
8.0,7837,epithelial_like
8.0,7838,epithelial_like
8.0,7839,epithelial_like
8.0,7840,epithelial_like
8.0,7841,epithelial_like
8.0,7842,epithelial_like
8.0,7843,epithelial_like
8.0,7844,epithelial_like
8.0,7845,epithelial_like
8.0,7846,epithelial_like
8.0,7847,epithelial_like
8.0,7848,epithelial_like
8.0,7849,epithelial_like
8.0,7850,epithelial_like
8.0,7851,epithelial_like
8.0,7852,epithelial_like
8.0,7853,epithelial_like
8.0,7854,epithelial_like
8.0,7855,epithelial_like
8.0,7856,epithelial_like
8.0,7857,epithelial_like
8.0,7858,hADSCs
8.0,7859,epithelial_like
8.0,7860,epithelial_like
8.0,7861,epithelial_like
8.0,7862,epithelial_like
8.0,7863,epithelial_like
8.0,7864,epithelial_like
8.0,7865,epithelial_like
8.0,7866,epithelial_like
8.0,7867,hADSCs
8.0,7868,epithelial_like
8.0,7869,epithelial_like
8.0,7870,hADSCs
8.0,7871,epithelial_like
8.0,7872,epithelial_like
8.0,7873,epithelial_like
8.0,7874,epithelial_like
8.0,7875,epithelial_like
8.0,7876,epithelial_like
8.0,7877,hADSCs
8.0,7878,epithelial_like
8.0,7879,hADSCs
8.0,7880,hADSCs
8.0,7881,epithelial_like
8.0,7882,epithelial_like
8.0,7883,epithelial_like
8.0,7884,epithelial_like
8.0,7885,epithelial_like
8.0,7886,epithelial_like
8.0,7887,epithelial_like
8.0,7888,epithelial_like
8.0,7889,epithelial_like
8.0,7890,epithelial_like
8.0,7891,epithelial_like
8.0,7892,epithelial_like
8.0,7893,epithelial_like
8.0,7894,epithelial_like
8.0,7895,epithelial_like
8.0,7896,epithelial_like
8.0,7897,epithelial_like
8.0,7898,epithelial_like
8.0,7899,hADSCs
8.0,7900,hADSCs
8.0,7901,hADSCs
8.0,7902,epithelial_like
8.0,7903,epithelial_like
8.0,7904,epithelial_like
8.0,7905,hADSCs
8.0,7906,epithelial_like
8.0,7907,epithelial_like
8.0,7908,epithelial_like
8.0,7909,epithelial_like
8.0,7910,epithelial_like
8.0,7911,epithelial_like
8.0,7912,hADSCs
8.0,7913,epithelial_like
8.0,7914,epithelial_like
8.0,7915,epithelial_like
8.0,7916,epithelial_like
8.0,7917,epithelial_like
8.0,7918,epithelial_like
8.0,7919,epithelial_like
8.0,7920,epithelial_like
8.0,7921,epithelial_like
8.0,7922,epithelial_like
8.0,7923,epithelial_like
8.0,7924,epithelial_like
8.0,7925,epithelial_like
8.0,7926,epithelial_like
8.0,7927,epithelial_like
8.0,7928,epithelial_like
8.0,7929,epithelial_like
8.0,7930,epithelial_like
8.0,7931,epithelial_like
8.0,7932,epithelial_like
8.0,7933,epithelial_like
8.0,7934,epithelial_like
8.0,7935,epithelial_like
8.0,7936,epithelial_like
8.0,7937,epithelial_like
8.0,7938,epithelial_like
8.0,7939,hADSCs
8.0,7940,epithelial_like
8.0,7941,epithelial_like
8.0,7942,epithelial_like
8.0,7943,epithelial_like
8.0,7944,epithelial_like
8.0,7945,epithelial_like
8.0,7946,epithelial_like
8.0,7947,epithelial_like
8.0,7948,epithelial_like
8.0,7949,epithelial_like
8.0,7950,epithelial_like
8.0,7951,epithelial_like
8.0,7952,epithelial_like
8.0,7953,epithelial_like
8.0,7954,epithelial_like
8.0,7955,hADSCs
8.0,7956,hADSCs
8.0,7957,epithelial_like
8.0,7958,epithelial_like
8.0,7959,hADSCs
8.0,7960,hADSCs
8.0,7961,epithelial_like
8.0,7962,epithelial_like
8.0,7963,epithelial_like
8.0,7964,epithelial_like
8.0,7965,epithelial_like
8.0,7966,hADSCs
8.0,7967,epithelial_like
8.0,7968,epithelial_like
8.0,7969,epithelial_like
8.0,7970,epithelial_like
8.0,7971,epithelial_like
8.0,7972,epithelial_like
8.0,7973,hADSCs
8.0,7974,epithelial_like
8.0,7975,epithelial_like
8.0,7976,epithelial_like
8.0,7977,epithelial_like
8.0,7978,epithelial_like
8.0,7979,epithelial_like
8.0,7980,epithelial_like
8.0,7981,epithelial_like
8.0,7982,epithelial_like
8.0,7983,epithelial_like
8.0,7984,epithelial_like
8.0,7985,epithelial_like
8.0,7986,epithelial_like
8.0,7987,epithelial_like
8.0,7988,epithelial_like
8.0,7989,epithelial_like
8.0,7990,epithelial_like
8.0,7991,epithelial_like
8.0,7992,epithelial_like
8.0,7993,epithelial_like
8.0,7994,epithelial_like
8.0,7995,epithelial_like
8.0,7996,epithelial_like
8.0,7997,hADSCs
8.0,7998,epithelial_like
8.0,7999,epithelial_like
12.0,8000,epithelial_like
12.0,8001,epithelial_like
12.0,8002,epithelial_like
12.0,8003,hADSCs
12.0,8004,epithelial_like
12.0,8005,hADSCs
12.0,8006,epithelial_like
12.0,8007,epithelial_like
12.0,8008,epithelial_like
12.0,8009,hADSCs
12.0,8010,epithelial_like
12.0,8011,hADSCs
12.0,8012,epithelial_like
12.0,8013,epithelial_like
12.0,8014,epithelial_like
12.0,8015,epithelial_like
12.0,8016,epithelial_like
12.0,8017,epithelial_like
12.0,8018,epithelial_like
12.0,8019,epithelial_like
12.0,8020,epithelial_like
12.0,8021,hADSCs
12.0,8022,epithelial_like
12.0,8023,epithelial_like
12.0,8024,epithelial_like
12.0,8025,epithelial_like
12.0,8026,epithelial_like
12.0,8027,epithelial_like
12.0,8028,epithelial_like
12.0,8029,epithelial_like
12.0,8030,epithelial_like
12.0,8031,epithelial_like
12.0,8032,epithelial_like
12.0,8033,epithelial_like
12.0,8034,epithelial_like
12.0,8035,epithelial_like
12.0,8036,epithelial_like
12.0,8037,epithelial_like
12.0,8038,epithelial_like
12.0,8039,epithelial_like
12.0,8040,epithelial_like
12.0,8041,epithelial_like
12.0,8042,epithelial_like
12.0,8043,epithelial_like
12.0,8044,epithelial_like
12.0,8045,epithelial_like
12.0,8046,epithelial_like
12.0,8047,epithelial_like
12.0,8048,epithelial_like
12.0,8049,epithelial_like
12.0,8050,epithelial_like
12.0,8051,epithelial_like
12.0,8052,epithelial_like
12.0,8053,hADSCs
12.0,8054,epithelial_like
12.0,8055,epithelial_like
12.0,8056,epithelial_like
12.0,8057,epithelial_like
12.0,8058,epithelial_like
12.0,8059,epithelial_like
12.0,8060,epithelial_like
12.0,8061,epithelial_like
12.0,8062,epithelial_like
12.0,8063,epithelial_like
12.0,8064,epithelial_like
12.0,8065,epithelial_like
12.0,8066,epithelial_like
12.0,8067,epithelial_like
12.0,8068,epithelial_like
12.0,8069,epithelial_like
12.0,8070,epithelial_like
12.0,8071,epithelial_like
12.0,8072,epithelial_like
12.0,8073,epithelial_like
12.0,8074,epithelial_like
12.0,8075,epithelial_like
12.0,8076,epithelial_like
12.0,8077,epithelial_like
12.0,8078,epithelial_like
12.0,8079,epithelial_like
12.0,8080,epithelial_like
12.0,8081,hADSCs
12.0,8082,epithelial_like
12.0,8083,epithelial_like
12.0,8084,epithelial_like
12.0,8085,epithelial_like
12.0,8086,epithelial_like
12.0,8087,epithelial_like
12.0,8088,epithelial_like
12.0,8089,epithelial_like
12.0,8090,epithelial_like
12.0,8091,epithelial_like
12.0,8092,epithelial_like
12.0,8093,epithelial_like
12.0,8094,epithelial_like
12.0,8095,epithelial_like
12.0,8096,epithelial_like
12.0,8097,epithelial_like
12.0,8098,epithelial_like
12.0,8099,epithelial_like
12.0,8100,epithelial_like
12.0,8101,epithelial_like
12.0,8102,epithelial_like
12.0,8103,epithelial_like
12.0,8104,epithelial_like
12.0,8105,epithelial_like
12.0,8106,epithelial_like
12.0,8107,epithelial_like
12.0,8108,epithelial_like
12.0,8109,epithelial_like
12.0,8110,epithelial_like
12.0,8111,epithelial_like
12.0,8112,epithelial_like
12.0,8113,epithelial_like
12.0,8114,epithelial_like
12.0,8115,epithelial_like
12.0,8116,epithelial_like
12.0,8117,epithelial_like
12.0,8118,epithelial_like
12.0,8119,epithelial_like
12.0,8120,epithelial_like
12.0,8121,epithelial_like
12.0,8122,epithelial_like
12.0,8123,epithelial_like
12.0,8124,epithelial_like
12.0,8125,epithelial_like
12.0,8126,epithelial_like
12.0,8127,hADSCs
12.0,8128,hADSCs
12.0,8129,hADSCs
12.0,8130,hADSCs
12.0,8131,epithelial_like
12.0,8132,epithelial_like
12.0,8133,epithelial_like
12.0,8134,epithelial_like
12.0,8135,epithelial_like
12.0,8136,epithelial_like
12.0,8137,epithelial_like
12.0,8138,epithelial_like
12.0,8139,epithelial_like
12.0,8140,epithelial_like
12.0,8141,epithelial_like
12.0,8142,hADSCs
12.0,8143,epithelial_like
12.0,8144,epithelial_like
12.0,8145,epithelial_like
12.0,8146,epithelial_like
12.0,8147,epithelial_like
12.0,8148,epithelial_like
12.0,8149,hADSCs
12.0,8150,epithelial_like
12.0,8151,epithelial_like
12.0,8152,epithelial_like
12.0,8153,epithelial_like
12.0,8154,epithelial_like
12.0,8155,epithelial_like
12.0,8156,epithelial_like
12.0,8157,epithelial_like
12.0,8158,epithelial_like
12.0,8159,epithelial_like
12.0,8160,epithelial_like
12.0,8161,epithelial_like
12.0,8162,epithelial_like
12.0,8163,epithelial_like
12.0,8164,epithelial_like
12.0,8165,epithelial_like
12.0,8166,epithelial_like
12.0,8167,hADSCs
12.0,8168,epithelial_like
12.0,8169,epithelial_like
12.0,8170,epithelial_like
12.0,8171,epithelial_like
12.0,8172,epithelial_like
12.0,8173,hADSCs
12.0,8174,epithelial_like
12.0,8175,epithelial_like
12.0,8176,epithelial_like
12.0,8177,epithelial_like
12.0,8178,epithelial_like
12.0,8179,epithelial_like
12.0,8180,epithelial_like
12.0,8181,epithelial_like
12.0,8182,epithelial_like
12.0,8183,epithelial_like
12.0,8184,epithelial_like
12.0,8185,epithelial_like
12.0,8186,epithelial_like
12.0,8187,epithelial_like
12.0,8188,epithelial_like
12.0,8189,epithelial_like
12.0,8190,epithelial_like
12.0,8191,epithelial_like
12.0,8192,epithelial_like
12.0,8193,epithelial_like
12.0,8194,epithelial_like
12.0,8195,epithelial_like
12.0,8196,hADSCs
12.0,8197,epithelial_like
12.0,8198,epithelial_like
12.0,8199,epithelial_like
12.0,8200,hADSCs
12.0,8201,epithelial_like
12.0,8202,epithelial_like
12.0,8203,epithelial_like
12.0,8204,epithelial_like
12.0,8205,epithelial_like
12.0,8206,epithelial_like
12.0,8207,epithelial_like
12.0,8208,epithelial_like
12.0,8209,epithelial_like
12.0,8210,epithelial_like
12.0,8211,epithelial_like
12.0,8212,epithelial_like
12.0,8213,epithelial_like
12.0,8214,epithelial_like
12.0,8215,epithelial_like
12.0,8216,epithelial_like
12.0,8217,epithelial_like
12.0,8218,epithelial_like
12.0,8219,epithelial_like
12.0,8220,epithelial_like
12.0,8221,epithelial_like
12.0,8222,epithelial_like
12.0,8223,epithelial_like
12.0,8224,epithelial_like
12.0,8225,epithelial_like
12.0,8226,epithelial_like
12.0,8227,epithelial_like
12.0,8228,epithelial_like
12.0,8229,epithelial_like
12.0,8230,epithelial_like
12.0,8231,epithelial_like
12.0,8232,epithelial_like
12.0,8233,epithelial_like
12.0,8234,epithelial_like
12.0,8235,epithelial_like
12.0,8236,epithelial_like
12.0,8237,epithelial_like
12.0,8238,epithelial_like
12.0,8239,epithelial_like
12.0,8240,epithelial_like
12.0,8241,epithelial_like
12.0,8242,epithelial_like
12.0,8243,epithelial_like
12.0,8244,epithelial_like
12.0,8245,epithelial_like
12.0,8246,epithelial_like
12.0,8247,epithelial_like
12.0,8248,epithelial_like
12.0,8249,epithelial_like
12.0,8250,epithelial_like
12.0,8251,epithelial_like
12.0,8252,epithelial_like
12.0,8253,epithelial_like
12.0,8254,epithelial_like
12.0,8255,epithelial_like
12.0,8256,epithelial_like
12.0,8257,hADSCs
12.0,8258,epithelial_like
12.0,8259,epithelial_like
12.0,8260,epithelial_like
12.0,8261,epithelial_like
12.0,8262,epithelial_like
12.0,8263,epithelial_like
12.0,8264,epithelial_like
12.0,8265,epithelial_like
12.0,8266,epithelial_like
12.0,8267,epithelial_like
12.0,8268,epithelial_like
12.0,8269,epithelial_like
12.0,8270,epithelial_like
12.0,8271,epithelial_like
12.0,8272,epithelial_like
12.0,8273,epithelial_like
12.0,8274,epithelial_like
12.0,8275,epithelial_like
12.0,8276,epithelial_like
12.0,8277,epithelial_like
12.0,8278,epithelial_like
12.0,8279,epithelial_like
12.0,8280,epithelial_like
12.0,8281,epithelial_like
12.0,8282,epithelial_like
12.0,8283,epithelial_like
12.0,8284,epithelial_like
12.0,8285,epithelial_like
12.0,8286,epithelial_like
12.0,8287,epithelial_like
12.0,8288,epithelial_like
12.0,8289,epithelial_like
12.0,8290,epithelial_like
12.0,8291,epithelial_like
12.0,8292,epithelial_like
12.0,8293,epithelial_like
12.0,8294,epithelial_like
12.0,8295,epithelial_like
12.0,8296,epithelial_like
12.0,8297,epithelial_like
12.0,8298,epithelial_like
12.0,8299,epithelial_like
12.0,8300,epithelial_like
12.0,8301,epithelial_like
12.0,8302,epithelial_like
12.0,8303,epithelial_like
12.0,8304,epithelial_like
12.0,8305,epithelial_like
12.0,8306,epithelial_like
12.0,8307,epithelial_like
12.0,8308,epithelial_like
12.0,8309,epithelial_like
12.0,8310,epithelial_like
12.0,8311,epithelial_like
12.0,8312,epithelial_like
12.0,8313,epithelial_like
12.0,8314,epithelial_like
12.0,8315,epithelial_like
12.0,8316,epithelial_like
12.0,8317,epithelial_like
12.0,8318,epithelial_like
12.0,8319,epithelial_like
12.0,8320,epithelial_like
12.0,8321,epithelial_like
12.0,8322,epithelial_like
12.0,8323,hADSCs
12.0,8324,epithelial_like
12.0,8325,epithelial_like
12.0,8326,epithelial_like
12.0,8327,epithelial_like
12.0,8328,epithelial_like
12.0,8329,epithelial_like
12.0,8330,epithelial_like
12.0,8331,epithelial_like
12.0,8332,epithelial_like
12.0,8333,epithelial_like
12.0,8334,hADSCs
12.0,8335,epithelial_like
12.0,8336,epithelial_like
12.0,8337,hADSCs
12.0,8338,epithelial_like
12.0,8339,epithelial_like
12.0,8340,epithelial_like
12.0,8341,epithelial_like
12.0,8342,epithelial_like
12.0,8343,epithelial_like
12.0,8344,epithelial_like
12.0,8345,epithelial_like
12.0,8346,epithelial_like
12.0,8347,hADSCs
12.0,8348,epithelial_like
12.0,8349,epithelial_like
12.0,8350,epithelial_like
12.0,8351,epithelial_like
12.0,8352,epithelial_like
12.0,8353,epithelial_like
12.0,8354,epithelial_like
12.0,8355,epithelial_like
12.0,8356,epithelial_like
12.0,8357,epithelial_like
12.0,8358,epithelial_like
12.0,8359,epithelial_like
12.0,8360,epithelial_like
12.0,8361,epithelial_like
12.0,8362,epithelial_like
12.0,8363,epithelial_like
12.0,8364,epithelial_like
12.0,8365,epithelial_like
12.0,8366,epithelial_like
12.0,8367,epithelial_like
12.0,8368,epithelial_like
12.0,8369,epithelial_like
12.0,8370,epithelial_like
12.0,8371,epithelial_like
12.0,8372,epithelial_like
12.0,8373,hADSCs
12.0,8374,epithelial_like
12.0,8375,epithelial_like
12.0,8376,epithelial_like
12.0,8377,epithelial_like
12.0,8378,epithelial_like
12.0,8379,epithelial_like
12.0,8380,epithelial_like
12.0,8381,epithelial_like
12.0,8382,epithelial_like
12.0,8383,epithelial_like
12.0,8384,epithelial_like
12.0,8385,epithelial_like
12.0,8386,epithelial_like
12.0,8387,epithelial_like
12.0,8388,epithelial_like
12.0,8389,epithelial_like
12.0,8390,epithelial_like
12.0,8391,epithelial_like
12.0,8392,hADSCs
12.0,8393,epithelial_like
12.0,8394,epithelial_like
12.0,8395,epithelial_like
12.0,8396,epithelial_like
12.0,8397,epithelial_like
12.0,8398,epithelial_like
12.0,8399,epithelial_like
12.0,8400,epithelial_like
12.0,8401,epithelial_like
12.0,8402,epithelial_like
12.0,8403,epithelial_like
12.0,8404,epithelial_like
12.0,8405,epithelial_like
12.0,8406,epithelial_like
12.0,8407,epithelial_like
12.0,8408,epithelial_like
12.0,8409,epithelial_like
12.0,8410,epithelial_like
12.0,8411,epithelial_like
12.0,8412,epithelial_like
12.0,8413,epithelial_like
12.0,8414,epithelial_like
12.0,8415,hADSCs
12.0,8416,epithelial_like
12.0,8417,epithelial_like
12.0,8418,epithelial_like
12.0,8419,epithelial_like
12.0,8420,epithelial_like
12.0,8421,epithelial_like
12.0,8422,epithelial_like
12.0,8423,epithelial_like
12.0,8424,epithelial_like
12.0,8425,epithelial_like
12.0,8426,epithelial_like
12.0,8427,epithelial_like
12.0,8428,epithelial_like
12.0,8429,epithelial_like
12.0,8430,epithelial_like
12.0,8431,epithelial_like
12.0,8432,epithelial_like
12.0,8433,epithelial_like
12.0,8434,epithelial_like
12.0,8435,epithelial_like
12.0,8436,epithelial_like
12.0,8437,epithelial_like
12.0,8438,epithelial_like
12.0,8439,epithelial_like
12.0,8440,epithelial_like
12.0,8441,epithelial_like
12.0,8442,epithelial_like
12.0,8443,epithelial_like
12.0,8444,epithelial_like
12.0,8445,epithelial_like
12.0,8446,epithelial_like
12.0,8447,hADSCs
12.0,8448,epithelial_like
12.0,8449,epithelial_like
12.0,8450,epithelial_like
12.0,8451,epithelial_like
12.0,8452,epithelial_like
12.0,8453,epithelial_like
12.0,8454,epithelial_like
12.0,8455,epithelial_like
12.0,8456,epithelial_like
12.0,8457,epithelial_like
12.0,8458,epithelial_like
12.0,8459,epithelial_like
12.0,8460,epithelial_like
12.0,8461,epithelial_like
12.0,8462,epithelial_like
12.0,8463,epithelial_like
12.0,8464,hADSCs
12.0,8465,epithelial_like
12.0,8466,epithelial_like
12.0,8467,epithelial_like
12.0,8468,epithelial_like
12.0,8469,epithelial_like
12.0,8470,epithelial_like
12.0,8471,epithelial_like
12.0,8472,epithelial_like
12.0,8473,epithelial_like
12.0,8474,epithelial_like
12.0,8475,epithelial_like
12.0,8476,epithelial_like
12.0,8477,epithelial_like
12.0,8478,epithelial_like
12.0,8479,epithelial_like
12.0,8480,epithelial_like
12.0,8481,epithelial_like
12.0,8482,epithelial_like
12.0,8483,epithelial_like
12.0,8484,epithelial_like
12.0,8485,epithelial_like
12.0,8486,epithelial_like
12.0,8487,epithelial_like
12.0,8488,epithelial_like
12.0,8489,epithelial_like
12.0,8490,epithelial_like
12.0,8491,epithelial_like
12.0,8492,epithelial_like
12.0,8493,epithelial_like
12.0,8494,epithelial_like
12.0,8495,epithelial_like
12.0,8496,epithelial_like
12.0,8497,epithelial_like
12.0,8498,epithelial_like
12.0,8499,epithelial_like
12.0,8500,epithelial_like
12.0,8501,epithelial_like
12.0,8502,epithelial_like
12.0,8503,epithelial_like
12.0,8504,epithelial_like
12.0,8505,epithelial_like
12.0,8506,epithelial_like
12.0,8507,epithelial_like
12.0,8508,epithelial_like
12.0,8509,epithelial_like
12.0,8510,epithelial_like
12.0,8511,epithelial_like
12.0,8512,epithelial_like
12.0,8513,epithelial_like
12.0,8514,epithelial_like
12.0,8515,epithelial_like
12.0,8516,epithelial_like
12.0,8517,hADSCs
12.0,8518,hADSCs
12.0,8519,epithelial_like
12.0,8520,epithelial_like
12.0,8521,epithelial_like
12.0,8522,epithelial_like
12.0,8523,epithelial_like
12.0,8524,hADSCs
12.0,8525,hADSCs
12.0,8526,epithelial_like
12.0,8527,epithelial_like
12.0,8528,epithelial_like
12.0,8529,epithelial_like
12.0,8530,epithelial_like
12.0,8531,epithelial_like
12.0,8532,epithelial_like
12.0,8533,epithelial_like
12.0,8534,epithelial_like
12.0,8535,epithelial_like
12.0,8536,epithelial_like
12.0,8537,epithelial_like
12.0,8538,epithelial_like
12.0,8539,epithelial_like
12.0,8540,hADSCs
12.0,8541,epithelial_like
12.0,8542,epithelial_like
12.0,8543,epithelial_like
12.0,8544,epithelial_like
12.0,8545,epithelial_like
12.0,8546,epithelial_like
12.0,8547,epithelial_like
12.0,8548,epithelial_like
12.0,8549,epithelial_like
12.0,8550,epithelial_like
12.0,8551,epithelial_like
12.0,8552,epithelial_like
12.0,8553,epithelial_like
12.0,8554,epithelial_like
12.0,8555,epithelial_like
12.0,8556,epithelial_like
12.0,8557,epithelial_like
12.0,8558,epithelial_like
12.0,8559,epithelial_like
12.0,8560,hADSCs
12.0,8561,epithelial_like
12.0,8562,epithelial_like
12.0,8563,epithelial_like
12.0,8564,epithelial_like
12.0,8565,epithelial_like
12.0,8566,epithelial_like
12.0,8567,epithelial_like
12.0,8568,epithelial_like
12.0,8569,hADSCs
12.0,8570,epithelial_like
12.0,8571,epithelial_like
12.0,8572,epithelial_like
12.0,8573,epithelial_like
12.0,8574,epithelial_like
12.0,8575,epithelial_like
12.0,8576,epithelial_like
12.0,8577,epithelial_like
12.0,8578,epithelial_like
12.0,8579,epithelial_like
12.0,8580,epithelial_like
12.0,8581,hADSCs
12.0,8582,epithelial_like
12.0,8583,epithelial_like
12.0,8584,epithelial_like
12.0,8585,hADSCs
12.0,8586,hADSCs
12.0,8587,epithelial_like
12.0,8588,epithelial_like
12.0,8589,epithelial_like
12.0,8590,epithelial_like
12.0,8591,epithelial_like
12.0,8592,epithelial_like
12.0,8593,epithelial_like
12.0,8594,epithelial_like
12.0,8595,epithelial_like
12.0,8596,hADSCs
12.0,8597,epithelial_like
12.0,8598,epithelial_like
12.0,8599,epithelial_like
12.0,8600,epithelial_like
12.0,8601,epithelial_like
12.0,8602,epithelial_like
12.0,8603,epithelial_like
12.0,8604,epithelial_like
12.0,8605,epithelial_like
12.0,8606,epithelial_like
12.0,8607,hADSCs
12.0,8608,hADSCs
12.0,8609,epithelial_like
12.0,8610,epithelial_like
12.0,8611,epithelial_like
12.0,8612,epithelial_like
12.0,8613,epithelial_like
12.0,8614,epithelial_like
12.0,8615,epithelial_like
12.0,8616,epithelial_like
12.0,8617,epithelial_like
12.0,8618,epithelial_like
12.0,8619,epithelial_like
12.0,8620,epithelial_like
12.0,8621,epithelial_like
12.0,8622,epithelial_like
12.0,8623,epithelial_like
12.0,8624,epithelial_like
12.0,8625,epithelial_like
12.0,8626,epithelial_like
12.0,8627,epithelial_like
12.0,8628,epithelial_like
12.0,8629,epithelial_like
12.0,8630,epithelial_like
12.0,8631,epithelial_like
12.0,8632,epithelial_like
12.0,8633,epithelial_like
12.0,8634,epithelial_like
12.0,8635,hADSCs
12.0,8636,hADSCs
12.0,8637,epithelial_like
12.0,8638,epithelial_like
12.0,8639,epithelial_like
12.0,8640,intermediate_plastic
12.0,8641,epithelial_like
12.0,8642,epithelial_like
12.0,8643,epithelial_like
12.0,8644,epithelial_like
12.0,8645,epithelial_like
12.0,8646,epithelial_like
12.0,8647,epithelial_like
12.0,8648,epithelial_like
12.0,8649,epithelial_like
12.0,8650,epithelial_like
12.0,8651,epithelial_like
12.0,8652,epithelial_like
12.0,8653,epithelial_like
12.0,8654,epithelial_like
12.0,8655,epithelial_like
12.0,8656,epithelial_like
12.0,8657,epithelial_like
12.0,8658,epithelial_like
12.0,8659,epithelial_like
12.0,8660,epithelial_like
12.0,8661,epithelial_like
12.0,8662,epithelial_like
12.0,8663,epithelial_like
12.0,8664,epithelial_like
12.0,8665,epithelial_like
12.0,8666,hADSCs
12.0,8667,epithelial_like
12.0,8668,epithelial_like
12.0,8669,epithelial_like
12.0,8670,epithelial_like
12.0,8671,epithelial_like
12.0,8672,epithelial_like
12.0,8673,epithelial_like
12.0,8674,epithelial_like
12.0,8675,epithelial_like
12.0,8676,epithelial_like
12.0,8677,hADSCs
12.0,8678,epithelial_like
12.0,8679,epithelial_like
12.0,8680,epithelial_like
12.0,8681,epithelial_like
12.0,8682,epithelial_like
12.0,8683,epithelial_like
12.0,8684,epithelial_like
12.0,8685,epithelial_like
12.0,8686,epithelial_like
12.0,8687,epithelial_like
12.0,8688,epithelial_like
12.0,8689,epithelial_like
12.0,8690,epithelial_like
12.0,8691,epithelial_like
12.0,8692,epithelial_like
12.0,8693,epithelial_like
12.0,8694,epithelial_like
12.0,8695,epithelial_like
12.0,8696,epithelial_like
12.0,8697,epithelial_like
12.0,8698,epithelial_like
12.0,8699,epithelial_like
12.0,8700,epithelial_like
12.0,8701,epithelial_like
12.0,8702,hADSCs
12.0,8703,epithelial_like
12.0,8704,epithelial_like
12.0,8705,epithelial_like
12.0,8706,epithelial_like
12.0,8707,epithelial_like
12.0,8708,epithelial_like
12.0,8709,epithelial_like
12.0,8710,hADSCs
12.0,8711,epithelial_like
12.0,8712,epithelial_like
12.0,8713,epithelial_like
12.0,8714,epithelial_like
12.0,8715,hADSCs
12.0,8716,epithelial_like
12.0,8717,epithelial_like
12.0,8718,epithelial_like
12.0,8719,epithelial_like
12.0,8720,epithelial_like
12.0,8721,epithelial_like
12.0,8722,epithelial_like
12.0,8723,epithelial_like
12.0,8724,epithelial_like
12.0,8725,epithelial_like
12.0,8726,epithelial_like
12.0,8727,epithelial_like
12.0,8728,epithelial_like
12.0,8729,epithelial_like
12.0,8730,epithelial_like
12.0,8731,epithelial_like
12.0,8732,hADSCs
12.0,8733,hADSCs
12.0,8734,epithelial_like
12.0,8735,epithelial_like
12.0,8736,epithelial_like
12.0,8737,epithelial_like
12.0,8738,epithelial_like
12.0,8739,epithelial_like
12.0,8740,epithelial_like
12.0,8741,epithelial_like
12.0,8742,epithelial_like
12.0,8743,epithelial_like
12.0,8744,epithelial_like
12.0,8745,epithelial_like
12.0,8746,epithelial_like
12.0,8747,epithelial_like
12.0,8748,epithelial_like
12.0,8749,epithelial_like
12.0,8750,epithelial_like
12.0,8751,epithelial_like
12.0,8752,epithelial_like
12.0,8753,epithelial_like
12.0,8754,hADSCs
12.0,8755,hADSCs
12.0,8756,epithelial_like
12.0,8757,hADSCs
12.0,8758,epithelial_like
12.0,8759,epithelial_like
12.0,8760,epithelial_like
12.0,8761,epithelial_like
12.0,8762,epithelial_like
12.0,8763,epithelial_like
12.0,8764,epithelial_like
12.0,8765,epithelial_like
12.0,8766,hADSCs
12.0,8767,epithelial_like
12.0,8768,epithelial_like
12.0,8769,epithelial_like
12.0,8770,epithelial_like
12.0,8771,epithelial_like
12.0,8772,epithelial_like
12.0,8773,epithelial_like
12.0,8774,epithelial_like
12.0,8775,epithelial_like
12.0,8776,epithelial_like
12.0,8777,epithelial_like
12.0,8778,epithelial_like
12.0,8779,epithelial_like
12.0,8780,epithelial_like
12.0,8781,epithelial_like
12.0,8782,hADSCs
12.0,8783,epithelial_like
12.0,8784,epithelial_like
12.0,8785,epithelial_like
12.0,8786,epithelial_like
12.0,8787,epithelial_like
12.0,8788,epithelial_like
12.0,8789,epithelial_like
12.0,8790,epithelial_like
12.0,8791,epithelial_like
12.0,8792,epithelial_like
12.0,8793,hADSCs
12.0,8794,epithelial_like
12.0,8795,epithelial_like
12.0,8796,epithelial_like
12.0,8797,epithelial_like
12.0,8798,epithelial_like
12.0,8799,epithelial_like
12.0,8800,epithelial_like
12.0,8801,epithelial_like
12.0,8802,epithelial_like
12.0,8803,epithelial_like
12.0,8804,epithelial_like
12.0,8805,epithelial_like
12.0,8806,epithelial_like
12.0,8807,epithelial_like
12.0,8808,epithelial_like
12.0,8809,epithelial_like
12.0,8810,epithelial_like
12.0,8811,epithelial_like
12.0,8812,epithelial_like
12.0,8813,epithelial_like
12.0,8814,epithelial_like
12.0,8815,epithelial_like
12.0,8816,epithelial_like
12.0,8817,epithelial_like
12.0,8818,epithelial_like
12.0,8819,epithelial_like
12.0,8820,epithelial_like
12.0,8821,epithelial_like
12.0,8822,epithelial_like
12.0,8823,epithelial_like
12.0,8824,epithelial_like
12.0,8825,epithelial_like
12.0,8826,epithelial_like
12.0,8827,epithelial_like
12.0,8828,epithelial_like
12.0,8829,epithelial_like
12.0,8830,epithelial_like
12.0,8831,epithelial_like
12.0,8832,hADSCs
12.0,8833,hADSCs
12.0,8834,epithelial_like
12.0,8835,epithelial_like
12.0,8836,hADSCs
12.0,8837,epithelial_like
12.0,8838,epithelial_like
12.0,8839,epithelial_like
12.0,8840,epithelial_like
12.0,8841,epithelial_like
12.0,8842,hADSCs
12.0,8843,epithelial_like
12.0,8844,epithelial_like
12.0,8845,epithelial_like
12.0,8846,epithelial_like
12.0,8847,hADSCs
12.0,8848,hADSCs
12.0,8849,epithelial_like
12.0,8850,epithelial_like
12.0,8851,epithelial_like
12.0,8852,epithelial_like
12.0,8853,epithelial_like
12.0,8854,epithelial_like
12.0,8855,epithelial_like
12.0,8856,epithelial_like
12.0,8857,epithelial_like
12.0,8858,epithelial_like
12.0,8859,hADSCs
12.0,8860,hADSCs
12.0,8861,epithelial_like
12.0,8862,epithelial_like
12.0,8863,epithelial_like
12.0,8864,epithelial_like
12.0,8865,epithelial_like
12.0,8866,epithelial_like
12.0,8867,epithelial_like
12.0,8868,epithelial_like
12.0,8869,epithelial_like
12.0,8870,epithelial_like
12.0,8871,epithelial_like
12.0,8872,epithelial_like
12.0,8873,epithelial_like
12.0,8874,epithelial_like
12.0,8875,epithelial_like
12.0,8876,epithelial_like
12.0,8877,hADSCs
12.0,8878,epithelial_like
12.0,8879,epithelial_like
12.0,8880,epithelial_like
12.0,8881,epithelial_like
12.0,8882,epithelial_like
12.0,8883,epithelial_like
12.0,8884,epithelial_like
12.0,8885,epithelial_like
12.0,8886,epithelial_like
12.0,8887,epithelial_like
12.0,8888,epithelial_like
12.0,8889,epithelial_like
12.0,8890,hADSCs
12.0,8891,epithelial_like
12.0,8892,epithelial_like
12.0,8893,epithelial_like
12.0,8894,hADSCs
12.0,8895,hADSCs
12.0,8896,epithelial_like
12.0,8897,epithelial_like
12.0,8898,hADSCs
12.0,8899,epithelial_like
12.0,8900,epithelial_like
12.0,8901,epithelial_like
12.0,8902,epithelial_like
12.0,8903,epithelial_like
12.0,8904,hADSCs
12.0,8905,epithelial_like
12.0,8906,epithelial_like
12.0,8907,epithelial_like
12.0,8908,epithelial_like
12.0,8909,epithelial_like
12.0,8910,epithelial_like
12.0,8911,epithelial_like
12.0,8912,epithelial_like
12.0,8913,epithelial_like
12.0,8914,epithelial_like
12.0,8915,epithelial_like
12.0,8916,epithelial_like
12.0,8917,epithelial_like
12.0,8918,epithelial_like
12.0,8919,epithelial_like
12.0,8920,epithelial_like
12.0,8921,epithelial_like
12.0,8922,epithelial_like
12.0,8923,epithelial_like
12.0,8924,epithelial_like
12.0,8925,epithelial_like
12.0,8926,epithelial_like
12.0,8927,epithelial_like
12.0,8928,epithelial_like
12.0,8929,epithelial_like
12.0,8930,epithelial_like
12.0,8931,epithelial_like
12.0,8932,epithelial_like
12.0,8933,epithelial_like
12.0,8934,epithelial_like
12.0,8935,epithelial_like
12.0,8936,epithelial_like
12.0,8937,epithelial_like
12.0,8938,epithelial_like
12.0,8939,epithelial_like
12.0,8940,epithelial_like
12.0,8941,epithelial_like
12.0,8942,epithelial_like
12.0,8943,epithelial_like
12.0,8944,epithelial_like
12.0,8945,epithelial_like
12.0,8946,epithelial_like
12.0,8947,epithelial_like
12.0,8948,epithelial_like
12.0,8949,epithelial_like
12.0,8950,epithelial_like
12.0,8951,epithelial_like
12.0,8952,hADSCs
12.0,8953,hADSCs
12.0,8954,epithelial_like
12.0,8955,epithelial_like
12.0,8956,epithelial_like
12.0,8957,epithelial_like
12.0,8958,epithelial_like
12.0,8959,epithelial_like
12.0,8960,epithelial_like
12.0,8961,epithelial_like
12.0,8962,epithelial_like
12.0,8963,epithelial_like
12.0,8964,epithelial_like
12.0,8965,epithelial_like
12.0,8966,epithelial_like
12.0,8967,epithelial_like
12.0,8968,epithelial_like
12.0,8969,epithelial_like
12.0,8970,epithelial_like
12.0,8971,epithelial_like
12.0,8972,epithelial_like
12.0,8973,epithelial_like
12.0,8974,epithelial_like
12.0,8975,epithelial_like
12.0,8976,epithelial_like
12.0,8977,epithelial_like
12.0,8978,epithelial_like
12.0,8979,epithelial_like
12.0,8980,epithelial_like
12.0,8981,epithelial_like
12.0,8982,epithelial_like
12.0,8983,epithelial_like
12.0,8984,epithelial_like
12.0,8985,epithelial_like
12.0,8986,epithelial_like
12.0,8987,epithelial_like
12.0,8988,epithelial_like
12.0,8989,epithelial_like
12.0,8990,epithelial_like
12.0,8991,epithelial_like
12.0,8992,epithelial_like
12.0,8993,epithelial_like
12.0,8994,epithelial_like
12.0,8995,epithelial_like
12.0,8996,epithelial_like
12.0,8997,epithelial_like
12.0,8998,epithelial_like
12.0,8999,epithelial_like
12.0,9000,epithelial_like
12.0,9001,epithelial_like
12.0,9002,epithelial_like
12.0,9003,epithelial_like
12.0,9004,epithelial_like
12.0,9005,epithelial_like
12.0,9006,epithelial_like
12.0,9007,epithelial_like
12.0,9008,epithelial_like
12.0,9009,epithelial_like
12.0,9010,epithelial_like
12.0,9011,epithelial_like
12.0,9012,epithelial_like
12.0,9013,epithelial_like
12.0,9014,epithelial_like
12.0,9015,epithelial_like
12.0,9016,epithelial_like
12.0,9017,epithelial_like
12.0,9018,epithelial_like
12.0,9019,epithelial_like
12.0,9020,epithelial_like
12.0,9021,epithelial_like
12.0,9022,epithelial_like
12.0,9023,epithelial_like
12.0,9024,epithelial_like
12.0,9025,epithelial_like
12.0,9026,epithelial_like
12.0,9027,hADSCs
12.0,9028,epithelial_like
12.0,9029,epithelial_like
12.0,9030,epithelial_like
12.0,9031,epithelial_like
12.0,9032,epithelial_like
12.0,9033,epithelial_like
12.0,9034,epithelial_like
12.0,9035,epithelial_like
12.0,9036,epithelial_like
12.0,9037,epithelial_like
12.0,9038,epithelial_like
12.0,9039,epithelial_like
12.0,9040,epithelial_like
12.0,9041,epithelial_like
12.0,9042,epithelial_like
12.0,9043,epithelial_like
12.0,9044,epithelial_like
12.0,9045,epithelial_like
12.0,9046,epithelial_like
12.0,9047,epithelial_like
12.0,9048,epithelial_like
12.0,9049,epithelial_like
12.0,9050,epithelial_like
12.0,9051,epithelial_like
12.0,9052,epithelial_like
12.0,9053,epithelial_like
12.0,9054,epithelial_like
12.0,9055,epithelial_like
12.0,9056,epithelial_like
12.0,9057,epithelial_like
12.0,9058,epithelial_like
12.0,9059,epithelial_like
12.0,9060,epithelial_like
12.0,9061,epithelial_like
12.0,9062,epithelial_like
12.0,9063,epithelial_like
12.0,9064,epithelial_like
12.0,9065,epithelial_like
12.0,9066,epithelial_like
12.0,9067,epithelial_like
12.0,9068,epithelial_like
12.0,9069,epithelial_like
12.0,9070,epithelial_like
12.0,9071,epithelial_like
12.0,9072,epithelial_like
12.0,9073,epithelial_like
12.0,9074,epithelial_like
12.0,9075,epithelial_like
12.0,9076,epithelial_like
12.0,9077,epithelial_like
12.0,9078,epithelial_like
12.0,9079,epithelial_like
12.0,9080,epithelial_like
12.0,9081,epithelial_like
12.0,9082,epithelial_like
12.0,9083,epithelial_like
12.0,9084,epithelial_like
12.0,9085,epithelial_like
12.0,9086,epithelial_like
12.0,9087,epithelial_like
12.0,9088,epithelial_like
12.0,9089,epithelial_like
12.0,9090,epithelial_like
12.0,9091,epithelial_like
12.0,9092,epithelial_like
12.0,9093,epithelial_like
12.0,9094,epithelial_like
12.0,9095,epithelial_like
12.0,9096,epithelial_like
12.0,9097,epithelial_like
12.0,9098,epithelial_like
12.0,9099,epithelial_like
12.0,9100,epithelial_like
12.0,9101,epithelial_like
12.0,9102,epithelial_like
12.0,9103,epithelial_like
12.0,9104,epithelial_like
12.0,9105,epithelial_like
12.0,9106,epithelial_like
12.0,9107,epithelial_like
12.0,9108,epithelial_like
12.0,9109,epithelial_like
12.0,9110,epithelial_like
12.0,9111,epithelial_like
12.0,9112,epithelial_like
12.0,9113,epithelial_like
12.0,9114,hADSCs
12.0,9115,epithelial_like
12.0,9116,epithelial_like
12.0,9117,epithelial_like
12.0,9118,epithelial_like
12.0,9119,hADSCs
12.0,9120,hADSCs
12.0,9121,epithelial_like
12.0,9122,epithelial_like
12.0,9123,epithelial_like
12.0,9124,epithelial_like
12.0,9125,hADSCs
12.0,9126,epithelial_like
12.0,9127,epithelial_like
12.0,9128,epithelial_like
12.0,9129,epithelial_like
12.0,9130,epithelial_like
12.0,9131,epithelial_like
12.0,9132,epithelial_like
12.0,9133,epithelial_like
12.0,9134,epithelial_like
12.0,9135,epithelial_like
12.0,9136,epithelial_like
12.0,9137,epithelial_like
12.0,9138,epithelial_like
12.0,9139,hADSCs
12.0,9140,hADSCs
12.0,9141,epithelial_like
12.0,9142,hADSCs
12.0,9143,epithelial_like
12.0,9144,epithelial_like
12.0,9145,epithelial_like
12.0,9146,epithelial_like
12.0,9147,epithelial_like
12.0,9148,epithelial_like
12.0,9149,epithelial_like
12.0,9150,epithelial_like
12.0,9151,epithelial_like
12.0,9152,epithelial_like
12.0,9153,epithelial_like
12.0,9154,epithelial_like
12.0,9155,epithelial_like
12.0,9156,epithelial_like
12.0,9157,epithelial_like
12.0,9158,epithelial_like
12.0,9159,epithelial_like
12.0,9160,epithelial_like
12.0,9161,epithelial_like
12.0,9162,epithelial_like
12.0,9163,epithelial_like
12.0,9164,epithelial_like
12.0,9165,epithelial_like
12.0,9166,epithelial_like
12.0,9167,epithelial_like
12.0,9168,epithelial_like
12.0,9169,epithelial_like
12.0,9170,epithelial_like
12.0,9171,epithelial_like
12.0,9172,epithelial_like
12.0,9173,hADSCs
12.0,9174,epithelial_like
12.0,9175,epithelial_like
12.0,9176,epithelial_like
12.0,9177,epithelial_like
12.0,9178,epithelial_like
12.0,9179,epithelial_like
12.0,9180,epithelial_like
12.0,9181,epithelial_like
12.0,9182,epithelial_like
12.0,9183,epithelial_like
12.0,9184,epithelial_like
12.0,9185,epithelial_like
12.0,9186,epithelial_like
12.0,9187,hADSCs
12.0,9188,epithelial_like
12.0,9189,epithelial_like
12.0,9190,hADSCs
12.0,9191,hADSCs
12.0,9192,epithelial_like
12.0,9193,epithelial_like
12.0,9194,hADSCs
12.0,9195,hADSCs
12.0,9196,epithelial_like
12.0,9197,epithelial_like
12.0,9198,epithelial_like
12.0,9199,epithelial_like
12.0,9200,epithelial_like
12.0,9201,epithelial_like
12.0,9202,epithelial_like
12.0,9203,epithelial_like
12.0,9204,epithelial_like
12.0,9205,epithelial_like
12.0,9206,epithelial_like
12.0,9207,epithelial_like
12.0,9208,epithelial_like
12.0,9209,epithelial_like
12.0,9210,epithelial_like
12.0,9211,epithelial_like
12.0,9212,epithelial_like
12.0,9213,epithelial_like
12.0,9214,epithelial_like
12.0,9215,epithelial_like
12.0,9216,hADSCs
12.0,9217,hADSCs
12.0,9218,epithelial_like
12.0,9219,epithelial_like
12.0,9220,epithelial_like
12.0,9221,epithelial_like
12.0,9222,epithelial_like
12.0,9223,epithelial_like
12.0,9224,epithelial_like
12.0,9225,epithelial_like
12.0,9226,epithelial_like
12.0,9227,epithelial_like
12.0,9228,epithelial_like
12.0,9229,epithelial_like
12.0,9230,epithelial_like
12.0,9231,hADSCs
12.0,9232,hADSCs
12.0,9233,epithelial_like
12.0,9234,epithelial_like
12.0,9235,epithelial_like
12.0,9236,epithelial_like
12.0,9237,hADSCs
12.0,9238,epithelial_like
12.0,9239,epithelial_like
12.0,9240,epithelial_like
12.0,9241,epithelial_like
12.0,9242,epithelial_like
12.0,9243,hADSCs
12.0,9244,epithelial_like
12.0,9245,epithelial_like
12.0,9246,epithelial_like
12.0,9247,epithelial_like
12.0,9248,epithelial_like
12.0,9249,epithelial_like
12.0,9250,epithelial_like
12.0,9251,epithelial_like
12.0,9252,epithelial_like
12.0,9253,epithelial_like
12.0,9254,epithelial_like
12.0,9255,ambiguous
12.0,9256,epithelial_like
12.0,9257,hADSCs
12.0,9258,epithelial_like
12.0,9259,epithelial_like
12.0,9260,epithelial_like
12.0,9261,epithelial_like
12.0,9262,epithelial_like
12.0,9263,epithelial_like
12.0,9264,epithelial_like
12.0,9265,epithelial_like
12.0,9266,epithelial_like
12.0,9267,epithelial_like
12.0,9268,epithelial_like
12.0,9269,epithelial_like
12.0,9270,epithelial_like
12.0,9271,hADSCs
12.0,9272,epithelial_like
12.0,9273,epithelial_like
12.0,9274,epithelial_like
12.0,9275,epithelial_like
12.0,9276,epithelial_like
12.0,9277,epithelial_like
12.0,9278,epithelial_like
12.0,9279,epithelial_like
12.0,9280,epithelial_like
12.0,9281,epithelial_like
12.0,9282,epithelial_like
12.0,9283,epithelial_like
12.0,9284,epithelial_like
12.0,9285,epithelial_like
12.0,9286,epithelial_like
12.0,9287,epithelial_like
12.0,9288,epithelial_like
12.0,9289,epithelial_like
12.0,9290,hADSCs
12.0,9291,epithelial_like
12.0,9292,epithelial_like
12.0,9293,epithelial_like
12.0,9294,epithelial_like
12.0,9295,epithelial_like
12.0,9296,epithelial_like
12.0,9297,epithelial_like
12.0,9298,epithelial_like
12.0,9299,epithelial_like
12.0,9300,epithelial_like
12.0,9301,epithelial_like
12.0,9302,epithelial_like
12.0,9303,epithelial_like
12.0,9304,epithelial_like
12.0,9305,epithelial_like
12.0,9306,epithelial_like
12.0,9307,epithelial_like
12.0,9308,epithelial_like
12.0,9309,epithelial_like
12.0,9310,epithelial_like
12.0,9311,epithelial_like
12.0,9312,epithelial_like
12.0,9313,epithelial_like
12.0,9314,epithelial_like
12.0,9315,epithelial_like
12.0,9316,epithelial_like
12.0,9317,epithelial_like
12.0,9318,epithelial_like
12.0,9319,epithelial_like
12.0,9320,epithelial_like
12.0,9321,epithelial_like
12.0,9322,hADSCs
12.0,9323,epithelial_like
12.0,9324,epithelial_like
12.0,9325,epithelial_like
12.0,9326,epithelial_like
12.0,9327,epithelial_like
12.0,9328,epithelial_like
12.0,9329,epithelial_like
12.0,9330,epithelial_like
12.0,9331,epithelial_like
12.0,9332,epithelial_like
12.0,9333,epithelial_like
12.0,9334,hADSCs
12.0,9335,epithelial_like
12.0,9336,epithelial_like
12.0,9337,epithelial_like
12.0,9338,epithelial_like
12.0,9339,epithelial_like
12.0,9340,epithelial_like
12.0,9341,epithelial_like
12.0,9342,epithelial_like
12.0,9343,epithelial_like
12.0,9344,epithelial_like
12.0,9345,epithelial_like
12.0,9346,epithelial_like
12.0,9347,epithelial_like
12.0,9348,epithelial_like
12.0,9349,epithelial_like
12.0,9350,epithelial_like
12.0,9351,epithelial_like
12.0,9352,epithelial_like
12.0,9353,epithelial_like
12.0,9354,epithelial_like
12.0,9355,hADSCs
12.0,9356,hADSCs
12.0,9357,epithelial_like
12.0,9358,epithelial_like
12.0,9359,epithelial_like
12.0,9360,epithelial_like
12.0,9361,epithelial_like
12.0,9362,epithelial_like
12.0,9363,epithelial_like
12.0,9364,epithelial_like
12.0,9365,epithelial_like
12.0,9366,epithelial_like
12.0,9367,epithelial_like
12.0,9368,epithelial_like
12.0,9369,epithelial_like
12.0,9370,epithelial_like
12.0,9371,epithelial_like
12.0,9372,epithelial_like
12.0,9373,epithelial_like
12.0,9374,hADSCs
12.0,9375,epithelial_like
12.0,9376,epithelial_like
12.0,9377,epithelial_like
12.0,9378,epithelial_like
12.0,9379,epithelial_like
12.0,9380,epithelial_like
12.0,9381,epithelial_like
12.0,9382,epithelial_like
12.0,9383,epithelial_like
12.0,9384,epithelial_like
12.0,9385,epithelial_like
12.0,9386,hADSCs
12.0,9387,epithelial_like
12.0,9388,epithelial_like
12.0,9389,epithelial_like
12.0,9390,epithelial_like
12.0,9391,epithelial_like
12.0,9392,epithelial_like
12.0,9393,epithelial_like
12.0,9394,epithelial_like
12.0,9395,epithelial_like
12.0,9396,epithelial_like
12.0,9397,epithelial_like
12.0,9398,epithelial_like
12.0,9399,epithelial_like
12.0,9400,epithelial_like
12.0,9401,epithelial_like
12.0,9402,epithelial_like
12.0,9403,epithelial_like
12.0,9404,epithelial_like
12.0,9405,epithelial_like
12.0,9406,epithelial_like
12.0,9407,epithelial_like
12.0,9408,epithelial_like
12.0,9409,epithelial_like
12.0,9410,epithelial_like
12.0,9411,epithelial_like
12.0,9412,epithelial_like
12.0,9413,epithelial_like
12.0,9414,epithelial_like
12.0,9415,epithelial_like
12.0,9416,epithelial_like
12.0,9417,epithelial_like
12.0,9418,epithelial_like
12.0,9419,epithelial_like
12.0,9420,epithelial_like
12.0,9421,epithelial_like
12.0,9422,epithelial_like
12.0,9423,epithelial_like
12.0,9424,epithelial_like
12.0,9425,epithelial_like
12.0,9426,epithelial_like
12.0,9427,hADSCs
12.0,9428,epithelial_like
12.0,9429,epithelial_like
12.0,9430,epithelial_like
12.0,9431,epithelial_like
12.0,9432,epithelial_like
12.0,9433,epithelial_like
12.0,9434,epithelial_like
12.0,9435,epithelial_like
12.0,9436,epithelial_like
12.0,9437,epithelial_like
12.0,9438,epithelial_like
12.0,9439,epithelial_like
12.0,9440,epithelial_like
12.0,9441,epithelial_like
12.0,9442,hADSCs
12.0,9443,hADSCs
12.0,9444,epithelial_like
12.0,9445,epithelial_like
12.0,9446,epithelial_like
12.0,9447,epithelial_like
12.0,9448,epithelial_like
12.0,9449,epithelial_like
12.0,9450,epithelial_like
12.0,9451,epithelial_like
12.0,9452,epithelial_like
12.0,9453,epithelial_like
12.0,9454,epithelial_like
12.0,9455,epithelial_like
12.0,9456,epithelial_like
12.0,9457,epithelial_like
12.0,9458,epithelial_like
12.0,9459,epithelial_like
12.0,9460,epithelial_like
12.0,9461,epithelial_like
12.0,9462,epithelial_like
12.0,9463,epithelial_like
12.0,9464,epithelial_like
12.0,9465,epithelial_like
12.0,9466,epithelial_like
12.0,9467,epithelial_like
12.0,9468,epithelial_like
12.0,9469,epithelial_like
12.0,9470,epithelial_like
12.0,9471,epithelial_like
12.0,9472,epithelial_like
12.0,9473,epithelial_like
12.0,9474,epithelial_like
12.0,9475,epithelial_like
12.0,9476,epithelial_like
12.0,9477,epithelial_like
12.0,9478,epithelial_like
12.0,9479,epithelial_like
12.0,9480,epithelial_like
12.0,9481,epithelial_like
12.0,9482,epithelial_like
12.0,9483,epithelial_like
12.0,9484,epithelial_like
12.0,9485,epithelial_like
12.0,9486,epithelial_like
12.0,9487,epithelial_like
12.0,9488,epithelial_like
12.0,9489,epithelial_like
12.0,9490,epithelial_like
12.0,9491,epithelial_like
12.0,9492,epithelial_like
12.0,9493,epithelial_like
12.0,9494,epithelial_like
12.0,9495,epithelial_like
12.0,9496,epithelial_like
12.0,9497,epithelial_like
12.0,9498,epithelial_like
12.0,9499,epithelial_like
12.0,9500,epithelial_like
12.0,9501,epithelial_like
12.0,9502,epithelial_like
12.0,9503,hADSCs
12.0,9504,hADSCs
12.0,9505,epithelial_like
12.0,9506,epithelial_like
12.0,9507,epithelial_like
12.0,9508,epithelial_like
12.0,9509,epithelial_like
12.0,9510,epithelial_like
12.0,9511,epithelial_like
12.0,9512,epithelial_like
12.0,9513,epithelial_like
12.0,9514,epithelial_like
12.0,9515,epithelial_like
12.0,9516,epithelial_like
12.0,9517,epithelial_like
12.0,9518,epithelial_like
12.0,9519,epithelial_like
12.0,9520,hADSCs
12.0,9521,hADSCs
12.0,9522,epithelial_like
12.0,9523,epithelial_like
12.0,9524,epithelial_like
12.0,9525,epithelial_like
12.0,9526,epithelial_like
12.0,9527,epithelial_like
12.0,9528,epithelial_like
12.0,9529,epithelial_like
12.0,9530,epithelial_like
12.0,9531,epithelial_like
12.0,9532,epithelial_like
12.0,9533,epithelial_like
12.0,9534,epithelial_like
12.0,9535,epithelial_like
12.0,9536,epithelial_like
12.0,9537,epithelial_like
12.0,9538,epithelial_like
12.0,9539,epithelial_like
12.0,9540,epithelial_like
12.0,9541,hADSCs
12.0,9542,epithelial_like
12.0,9543,epithelial_like
12.0,9544,epithelial_like
12.0,9545,epithelial_like
12.0,9546,epithelial_like
12.0,9547,epithelial_like
12.0,9548,epithelial_like
12.0,9549,epithelial_like
12.0,9550,epithelial_like
12.0,9551,epithelial_like
12.0,9552,epithelial_like
12.0,9553,epithelial_like
12.0,9554,epithelial_like
12.0,9555,epithelial_like
12.0,9556,epithelial_like
12.0,9557,epithelial_like
12.0,9558,epithelial_like
12.0,9559,epithelial_like
12.0,9560,hADSCs
12.0,9561,epithelial_like
12.0,9562,epithelial_like
12.0,9563,epithelial_like
12.0,9564,epithelial_like
12.0,9565,epithelial_like
12.0,9566,epithelial_like
12.0,9567,epithelial_like
12.0,9568,epithelial_like
12.0,9569,epithelial_like
12.0,9570,epithelial_like
12.0,9571,epithelial_like
12.0,9572,epithelial_like
12.0,9573,epithelial_like
12.0,9574,epithelial_like
12.0,9575,epithelial_like
12.0,9576,epithelial_like
12.0,9577,epithelial_like
12.0,9578,epithelial_like
12.0,9579,epithelial_like
12.0,9580,epithelial_like
12.0,9581,epithelial_like
12.0,9582,epithelial_like
12.0,9583,epithelial_like
12.0,9584,epithelial_like
12.0,9585,epithelial_like
12.0,9586,epithelial_like
12.0,9587,epithelial_like
12.0,9588,epithelial_like
12.0,9589,epithelial_like
12.0,9590,epithelial_like
12.0,9591,epithelial_like
12.0,9592,epithelial_like
12.0,9593,epithelial_like
12.0,9594,epithelial_like
12.0,9595,epithelial_like
12.0,9596,epithelial_like
12.0,9597,epithelial_like
12.0,9598,epithelial_like
12.0,9599,epithelial_like
12.0,9600,epithelial_like
12.0,9601,epithelial_like
12.0,9602,epithelial_like
12.0,9603,hADSCs
12.0,9604,epithelial_like
12.0,9605,epithelial_like
12.0,9606,epithelial_like
12.0,9607,epithelial_like
12.0,9608,epithelial_like
12.0,9609,epithelial_like
12.0,9610,epithelial_like
12.0,9611,epithelial_like
12.0,9612,epithelial_like
12.0,9613,epithelial_like
12.0,9614,hADSCs
12.0,9615,hADSCs
12.0,9616,hADSCs
12.0,9617,epithelial_like
12.0,9618,epithelial_like
12.0,9619,epithelial_like
12.0,9620,epithelial_like
12.0,9621,epithelial_like
12.0,9622,epithelial_like
12.0,9623,epithelial_like
12.0,9624,epithelial_like
12.0,9625,epithelial_like
12.0,9626,epithelial_like
12.0,9627,hADSCs
12.0,9628,epithelial_like
12.0,9629,epithelial_like
12.0,9630,epithelial_like
12.0,9631,epithelial_like
12.0,9632,epithelial_like
12.0,9633,epithelial_like
12.0,9634,epithelial_like
12.0,9635,epithelial_like
12.0,9636,epithelial_like
12.0,9637,epithelial_like
12.0,9638,epithelial_like
12.0,9639,epithelial_like
12.0,9640,hADSCs
12.0,9641,epithelial_like
12.0,9642,epithelial_like
12.0,9643,epithelial_like
12.0,9644,epithelial_like
12.0,9645,epithelial_like
12.0,9646,epithelial_like
12.0,9647,hADSCs
12.0,9648,epithelial_like
12.0,9649,epithelial_like
12.0,9650,epithelial_like
12.0,9651,epithelial_like
12.0,9652,epithelial_like
12.0,9653,hADSCs
12.0,9654,epithelial_like
12.0,9655,epithelial_like
12.0,9656,epithelial_like
12.0,9657,epithelial_like
12.0,9658,epithelial_like
12.0,9659,epithelial_like
12.0,9660,epithelial_like
12.0,9661,epithelial_like
12.0,9662,epithelial_like
12.0,9663,epithelial_like
12.0,9664,epithelial_like
12.0,9665,epithelial_like
12.0,9666,epithelial_like
12.0,9667,epithelial_like
12.0,9668,epithelial_like
12.0,9669,epithelial_like
12.0,9670,epithelial_like
12.0,9671,epithelial_like
12.0,9672,epithelial_like
12.0,9673,epithelial_like
12.0,9674,epithelial_like
12.0,9675,epithelial_like
12.0,9676,epithelial_like
12.0,9677,hADSCs
12.0,9678,hADSCs
12.0,9679,epithelial_like
12.0,9680,epithelial_like
12.0,9681,epithelial_like
12.0,9682,epithelial_like
12.0,9683,epithelial_like
12.0,9684,epithelial_like
12.0,9685,epithelial_like
12.0,9686,epithelial_like
12.0,9687,hADSCs
12.0,9688,epithelial_like
12.0,9689,epithelial_like
12.0,9690,hADSCs
12.0,9691,epithelial_like
12.0,9692,epithelial_like
12.0,9693,epithelial_like
12.0,9694,hADSCs
12.0,9695,epithelial_like
12.0,9696,epithelial_like
12.0,9697,epithelial_like
12.0,9698,epithelial_like
12.0,9699,epithelial_like
12.0,9700,epithelial_like
12.0,9701,epithelial_like
12.0,9702,epithelial_like
12.0,9703,epithelial_like
12.0,9704,epithelial_like
12.0,9705,epithelial_like
12.0,9706,epithelial_like
12.0,9707,epithelial_like
12.0,9708,epithelial_like
12.0,9709,epithelial_like
12.0,9710,epithelial_like
12.0,9711,hADSCs
12.0,9712,epithelial_like
12.0,9713,epithelial_like
12.0,9714,epithelial_like
12.0,9715,epithelial_like
12.0,9716,hADSCs
12.0,9717,epithelial_like
12.0,9718,epithelial_like
12.0,9719,epithelial_like
12.0,9720,epithelial_like
12.0,9721,epithelial_like
12.0,9722,hADSCs
12.0,9723,epithelial_like
12.0,9724,epithelial_like
12.0,9725,epithelial_like
12.0,9726,epithelial_like
12.0,9727,epithelial_like
12.0,9728,epithelial_like
12.0,9729,epithelial_like
12.0,9730,epithelial_like
12.0,9731,epithelial_like
12.0,9732,epithelial_like
12.0,9733,epithelial_like
12.0,9734,epithelial_like
12.0,9735,epithelial_like
12.0,9736,epithelial_like
12.0,9737,epithelial_like
12.0,9738,epithelial_like
12.0,9739,epithelial_like
12.0,9740,hADSCs
12.0,9741,hADSCs
12.0,9742,epithelial_like
12.0,9743,epithelial_like
12.0,9744,epithelial_like
12.0,9745,epithelial_like
12.0,9746,epithelial_like
12.0,9747,epithelial_like
12.0,9748,epithelial_like
12.0,9749,epithelial_like
12.0,9750,epithelial_like
12.0,9751,epithelial_like
12.0,9752,epithelial_like
12.0,9753,epithelial_like
12.0,9754,epithelial_like
12.0,9755,epithelial_like
12.0,9756,epithelial_like
12.0,9757,epithelial_like
12.0,9758,epithelial_like
12.0,9759,epithelial_like
12.0,9760,epithelial_like
12.0,9761,epithelial_like
12.0,9762,epithelial_like
12.0,9763,epithelial_like
12.0,9764,epithelial_like
12.0,9765,epithelial_like
12.0,9766,epithelial_like
12.0,9767,epithelial_like
12.0,9768,epithelial_like
12.0,9769,epithelial_like
12.0,9770,epithelial_like
12.0,9771,epithelial_like
12.0,9772,epithelial_like
12.0,9773,epithelial_like
12.0,9774,epithelial_like
12.0,9775,epithelial_like
12.0,9776,epithelial_like
12.0,9777,epithelial_like
12.0,9778,epithelial_like
12.0,9779,epithelial_like
12.0,9780,epithelial_like
12.0,9781,epithelial_like
12.0,9782,epithelial_like
12.0,9783,epithelial_like
12.0,9784,epithelial_like
12.0,9785,hADSCs
12.0,9786,epithelial_like
12.0,9787,epithelial_like
12.0,9788,epithelial_like
12.0,9789,epithelial_like
12.0,9790,epithelial_like
12.0,9791,epithelial_like
12.0,9792,epithelial_like
12.0,9793,epithelial_like
12.0,9794,hADSCs
12.0,9795,epithelial_like
12.0,9796,epithelial_like
12.0,9797,epithelial_like
12.0,9798,epithelial_like
12.0,9799,epithelial_like
12.0,9800,epithelial_like
12.0,9801,epithelial_like
12.0,9802,epithelial_like
12.0,9803,epithelial_like
12.0,9804,hADSCs
12.0,9805,epithelial_like
12.0,9806,epithelial_like
12.0,9807,epithelial_like
12.0,9808,epithelial_like
12.0,9809,epithelial_like
12.0,9810,epithelial_like
12.0,9811,epithelial_like
12.0,9812,epithelial_like
12.0,9813,epithelial_like
12.0,9814,epithelial_like
12.0,9815,epithelial_like
12.0,9816,epithelial_like
12.0,9817,epithelial_like
12.0,9818,epithelial_like
12.0,9819,epithelial_like
12.0,9820,epithelial_like
12.0,9821,epithelial_like
12.0,9822,epithelial_like
12.0,9823,epithelial_like
12.0,9824,epithelial_like
12.0,9825,epithelial_like
12.0,9826,epithelial_like
12.0,9827,epithelial_like
12.0,9828,epithelial_like
12.0,9829,epithelial_like
12.0,9830,epithelial_like
12.0,9831,epithelial_like
12.0,9832,epithelial_like
12.0,9833,epithelial_like
12.0,9834,epithelial_like
12.0,9835,epithelial_like
12.0,9836,hADSCs
12.0,9837,epithelial_like
12.0,9838,epithelial_like
12.0,9839,epithelial_like
12.0,9840,epithelial_like
12.0,9841,hADSCs
12.0,9842,epithelial_like
12.0,9843,epithelial_like
12.0,9844,epithelial_like
12.0,9845,epithelial_like
12.0,9846,epithelial_like
12.0,9847,epithelial_like
12.0,9848,epithelial_like
12.0,9849,epithelial_like
12.0,9850,epithelial_like
12.0,9851,epithelial_like
12.0,9852,epithelial_like
12.0,9853,hADSCs
12.0,9854,epithelial_like
12.0,9855,epithelial_like
12.0,9856,epithelial_like
12.0,9857,epithelial_like
12.0,9858,epithelial_like
12.0,9859,epithelial_like
12.0,9860,epithelial_like
12.0,9861,epithelial_like
12.0,9862,epithelial_like
12.0,9863,epithelial_like
12.0,9864,epithelial_like
12.0,9865,epithelial_like
12.0,9866,epithelial_like
12.0,9867,epithelial_like
12.0,9868,epithelial_like
12.0,9869,epithelial_like
12.0,9870,epithelial_like
12.0,9871,epithelial_like
12.0,9872,epithelial_like
12.0,9873,epithelial_like
12.0,9874,epithelial_like
12.0,9875,epithelial_like
12.0,9876,epithelial_like
12.0,9877,epithelial_like
12.0,9878,epithelial_like
12.0,9879,epithelial_like
12.0,9880,epithelial_like
12.0,9881,epithelial_like
12.0,9882,epithelial_like
12.0,9883,epithelial_like
12.0,9884,epithelial_like
12.0,9885,epithelial_like
12.0,9886,hADSCs
12.0,9887,hADSCs
12.0,9888,epithelial_like
12.0,9889,epithelial_like
12.0,9890,epithelial_like
12.0,9891,epithelial_like
12.0,9892,epithelial_like
12.0,9893,epithelial_like
12.0,9894,epithelial_like
12.0,9895,epithelial_like
12.0,9896,epithelial_like
12.0,9897,epithelial_like
12.0,9898,epithelial_like
12.0,9899,epithelial_like
12.0,9900,epithelial_like
12.0,9901,epithelial_like
12.0,9902,epithelial_like
12.0,9903,epithelial_like
12.0,9904,hADSCs
12.0,9905,epithelial_like
12.0,9906,epithelial_like
12.0,9907,epithelial_like
12.0,9908,epithelial_like
12.0,9909,epithelial_like
12.0,9910,epithelial_like
12.0,9911,epithelial_like
12.0,9912,epithelial_like
12.0,9913,epithelial_like
12.0,9914,epithelial_like
12.0,9915,epithelial_like
12.0,9916,hADSCs
12.0,9917,hADSCs
12.0,9918,epithelial_like
12.0,9919,hADSCs
12.0,9920,epithelial_like
12.0,9921,epithelial_like
12.0,9922,epithelial_like
12.0,9923,epithelial_like
12.0,9924,epithelial_like
12.0,9925,epithelial_like
12.0,9926,epithelial_like
12.0,9927,epithelial_like
12.0,9928,epithelial_like
12.0,9929,hADSCs
12.0,9930,epithelial_like
12.0,9931,epithelial_like
12.0,9932,epithelial_like
12.0,9933,epithelial_like
12.0,9934,hADSCs
12.0,9935,epithelial_like
12.0,9936,epithelial_like
12.0,9937,hADSCs
12.0,9938,epithelial_like
12.0,9939,epithelial_like
12.0,9940,epithelial_like
12.0,9941,epithelial_like
12.0,9942,epithelial_like
12.0,9943,epithelial_like
12.0,9944,epithelial_like
12.0,9945,epithelial_like
12.0,9946,epithelial_like
12.0,9947,epithelial_like
12.0,9948,epithelial_like
12.0,9949,epithelial_like
12.0,9950,epithelial_like
12.0,9951,epithelial_like
12.0,9952,epithelial_like
12.0,9953,epithelial_like
12.0,9954,epithelial_like
12.0,9955,epithelial_like
12.0,9956,hADSCs
12.0,9957,epithelial_like
12.0,9958,epithelial_like
12.0,9959,epithelial_like
12.0,9960,epithelial_like
12.0,9961,epithelial_like
12.0,9962,epithelial_like
12.0,9963,epithelial_like
12.0,9964,epithelial_like
12.0,9965,epithelial_like
12.0,9966,hADSCs
12.0,9967,epithelial_like
12.0,9968,epithelial_like
12.0,9969,epithelial_like
12.0,9970,hADSCs
12.0,9971,epithelial_like
12.0,9972,epithelial_like
12.0,9973,epithelial_like
12.0,9974,epithelial_like
12.0,9975,epithelial_like
12.0,9976,epithelial_like
12.0,9977,epithelial_like
12.0,9978,epithelial_like
12.0,9979,epithelial_like
12.0,9980,epithelial_like
12.0,9981,epithelial_like
12.0,9982,epithelial_like
12.0,9983,epithelial_like
12.0,9984,epithelial_like
12.0,9985,epithelial_like
12.0,9986,epithelial_like
12.0,9987,epithelial_like
12.0,9988,epithelial_like
12.0,9989,epithelial_like
12.0,9990,epithelial_like
12.0,9991,epithelial_like
12.0,9992,epithelial_like
12.0,9993,epithelial_like
12.0,9994,hADSCs
12.0,9995,epithelial_like
12.0,9996,epithelial_like
12.0,9997,epithelial_like
12.0,9998,epithelial_like
12.0,9999,epithelial_like
16.0,10000,epithelial_like
16.0,10001,epithelial_like
16.0,10002,hADSCs
16.0,10003,epithelial_like
16.0,10004,epithelial_like
16.0,10005,epithelial_like
16.0,10006,hADSCs
16.0,10007,epithelial_like
16.0,10008,epithelial_like
16.0,10009,epithelial_like
16.0,10010,hADSCs
16.0,10011,epithelial_like
16.0,10012,epithelial_like
16.0,10013,epithelial_like
16.0,10014,epithelial_like
16.0,10015,epithelial_like
16.0,10016,epithelial_like
16.0,10017,epithelial_like
16.0,10018,epithelial_like
16.0,10019,epithelial_like
16.0,10020,epithelial_like
16.0,10021,epithelial_like
16.0,10022,hADSCs
16.0,10023,epithelial_like
16.0,10024,epithelial_like
16.0,10025,epithelial_like
16.0,10026,epithelial_like
16.0,10027,epithelial_like
16.0,10028,epithelial_like
16.0,10029,epithelial_like
16.0,10030,epithelial_like
16.0,10031,epithelial_like
16.0,10032,epithelial_like
16.0,10033,hADSCs
16.0,10034,epithelial_like
16.0,10035,epithelial_like
16.0,10036,epithelial_like
16.0,10037,epithelial_like
16.0,10038,epithelial_like
16.0,10039,epithelial_like
16.0,10040,hADSCs
16.0,10041,epithelial_like
16.0,10042,epithelial_like
16.0,10043,epithelial_like
16.0,10044,intermediate_plastic
16.0,10045,epithelial_like
16.0,10046,epithelial_like
16.0,10047,epithelial_like
16.0,10048,epithelial_like
16.0,10049,epithelial_like
16.0,10050,epithelial_like
16.0,10051,epithelial_like
16.0,10052,hADSCs
16.0,10053,hADSCs
16.0,10054,hADSCs
16.0,10055,hADSCs
16.0,10056,epithelial_like
16.0,10057,epithelial_like
16.0,10058,epithelial_like
16.0,10059,epithelial_like
16.0,10060,epithelial_like
16.0,10061,epithelial_like
16.0,10062,epithelial_like
16.0,10063,epithelial_like
16.0,10064,intermediate_plastic
16.0,10065,epithelial_like
16.0,10066,epithelial_like
16.0,10067,hADSCs
16.0,10068,epithelial_like
16.0,10069,epithelial_like
16.0,10070,epithelial_like
16.0,10071,epithelial_like
16.0,10072,epithelial_like
16.0,10073,epithelial_like
16.0,10074,epithelial_like
16.0,10075,epithelial_like
16.0,10076,epithelial_like
16.0,10077,epithelial_like
16.0,10078,epithelial_like
16.0,10079,epithelial_like
16.0,10080,epithelial_like
16.0,10081,epithelial_like
16.0,10082,epithelial_like
16.0,10083,hADSCs
16.0,10084,hADSCs
16.0,10085,hADSCs
16.0,10086,epithelial_like
16.0,10087,epithelial_like
16.0,10088,epithelial_like
16.0,10089,epithelial_like
16.0,10090,epithelial_like
16.0,10091,epithelial_like
16.0,10092,epithelial_like
16.0,10093,epithelial_like
16.0,10094,hADSCs
16.0,10095,hADSCs
16.0,10096,epithelial_like
16.0,10097,epithelial_like
16.0,10098,epithelial_like
16.0,10099,epithelial_like
16.0,10100,epithelial_like
16.0,10101,epithelial_like
16.0,10102,epithelial_like
16.0,10103,epithelial_like
16.0,10104,epithelial_like
16.0,10105,epithelial_like
16.0,10106,epithelial_like
16.0,10107,epithelial_like
16.0,10108,hADSCs
16.0,10109,epithelial_like
16.0,10110,epithelial_like
16.0,10111,epithelial_like
16.0,10112,epithelial_like
16.0,10113,epithelial_like
16.0,10114,epithelial_like
16.0,10115,epithelial_like
16.0,10116,epithelial_like
16.0,10117,epithelial_like
16.0,10118,hADSCs
16.0,10119,epithelial_like
16.0,10120,epithelial_like
16.0,10121,epithelial_like
16.0,10122,epithelial_like
16.0,10123,epithelial_like
16.0,10124,epithelial_like
16.0,10125,epithelial_like
16.0,10126,epithelial_like
16.0,10127,epithelial_like
16.0,10128,epithelial_like
16.0,10129,epithelial_like
16.0,10130,epithelial_like
16.0,10131,epithelial_like
16.0,10132,epithelial_like
16.0,10133,epithelial_like
16.0,10134,hADSCs
16.0,10135,hADSCs
16.0,10136,epithelial_like
16.0,10137,epithelial_like
16.0,10138,epithelial_like
16.0,10139,epithelial_like
16.0,10140,epithelial_like
16.0,10141,epithelial_like
16.0,10142,hADSCs
16.0,10143,hADSCs
16.0,10144,hADSCs
16.0,10145,epithelial_like
16.0,10146,epithelial_like
16.0,10147,epithelial_like
16.0,10148,epithelial_like
16.0,10149,epithelial_like
16.0,10150,epithelial_like
16.0,10151,epithelial_like
16.0,10152,epithelial_like
16.0,10153,epithelial_like
16.0,10154,epithelial_like
16.0,10155,epithelial_like
16.0,10156,epithelial_like
16.0,10157,epithelial_like
16.0,10158,epithelial_like
16.0,10159,epithelial_like
16.0,10160,epithelial_like
16.0,10161,epithelial_like
16.0,10162,epithelial_like
16.0,10163,epithelial_like
16.0,10164,epithelial_like
16.0,10165,epithelial_like
16.0,10166,epithelial_like
16.0,10167,epithelial_like
16.0,10168,epithelial_like
16.0,10169,epithelial_like
16.0,10170,hADSCs
16.0,10171,hADSCs
16.0,10172,epithelial_like
16.0,10173,epithelial_like
16.0,10174,epithelial_like
16.0,10175,epithelial_like
16.0,10176,epithelial_like
16.0,10177,epithelial_like
16.0,10178,epithelial_like
16.0,10179,epithelial_like
16.0,10180,epithelial_like
16.0,10181,epithelial_like
16.0,10182,epithelial_like
16.0,10183,epithelial_like
16.0,10184,epithelial_like
16.0,10185,epithelial_like
16.0,10186,epithelial_like
16.0,10187,hADSCs
16.0,10188,epithelial_like
16.0,10189,epithelial_like
16.0,10190,epithelial_like
16.0,10191,hADSCs
16.0,10192,hADSCs
16.0,10193,epithelial_like
16.0,10194,epithelial_like
16.0,10195,epithelial_like
16.0,10196,epithelial_like
16.0,10197,epithelial_like
16.0,10198,epithelial_like
16.0,10199,epithelial_like
16.0,10200,epithelial_like
16.0,10201,hADSCs
16.0,10202,epithelial_like
16.0,10203,epithelial_like
16.0,10204,epithelial_like
16.0,10205,epithelial_like
16.0,10206,epithelial_like
16.0,10207,hADSCs
16.0,10208,epithelial_like
16.0,10209,epithelial_like
16.0,10210,epithelial_like
16.0,10211,epithelial_like
16.0,10212,epithelial_like
16.0,10213,epithelial_like
16.0,10214,epithelial_like
16.0,10215,epithelial_like
16.0,10216,epithelial_like
16.0,10217,epithelial_like
16.0,10218,epithelial_like
16.0,10219,epithelial_like
16.0,10220,epithelial_like
16.0,10221,epithelial_like
16.0,10222,epithelial_like
16.0,10223,hADSCs
16.0,10224,epithelial_like
16.0,10225,epithelial_like
16.0,10226,epithelial_like
16.0,10227,hADSCs
16.0,10228,hADSCs
16.0,10229,hADSCs
16.0,10230,hADSCs
16.0,10231,epithelial_like
16.0,10232,epithelial_like
16.0,10233,epithelial_like
16.0,10234,epithelial_like
16.0,10235,epithelial_like
16.0,10236,epithelial_like
16.0,10237,epithelial_like
16.0,10238,epithelial_like
16.0,10239,ambiguous
16.0,10240,epithelial_like
16.0,10241,epithelial_like
16.0,10242,epithelial_like
16.0,10243,epithelial_like
16.0,10244,epithelial_like
16.0,10245,epithelial_like
16.0,10246,epithelial_like
16.0,10247,epithelial_like
16.0,10248,epithelial_like
16.0,10249,epithelial_like
16.0,10250,epithelial_like
16.0,10251,epithelial_like
16.0,10252,epithelial_like
16.0,10253,epithelial_like
16.0,10254,epithelial_like
16.0,10255,epithelial_like
16.0,10256,hADSCs
16.0,10257,ambiguous
16.0,10258,epithelial_like
16.0,10259,epithelial_like
16.0,10260,epithelial_like
16.0,10261,epithelial_like
16.0,10262,epithelial_like
16.0,10263,epithelial_like
16.0,10264,epithelial_like
16.0,10265,epithelial_like
16.0,10266,epithelial_like
16.0,10267,epithelial_like
16.0,10268,epithelial_like
16.0,10269,epithelial_like
16.0,10270,epithelial_like
16.0,10271,epithelial_like
16.0,10272,epithelial_like
16.0,10273,epithelial_like
16.0,10274,epithelial_like
16.0,10275,epithelial_like
16.0,10276,hADSCs
16.0,10277,epithelial_like
16.0,10278,epithelial_like
16.0,10279,hADSCs
16.0,10280,epithelial_like
16.0,10281,epithelial_like
16.0,10282,epithelial_like
16.0,10283,hADSCs
16.0,10284,epithelial_like
16.0,10285,epithelial_like
16.0,10286,epithelial_like
16.0,10287,epithelial_like
16.0,10288,epithelial_like
16.0,10289,epithelial_like
16.0,10290,epithelial_like
16.0,10291,epithelial_like
16.0,10292,epithelial_like
16.0,10293,epithelial_like
16.0,10294,epithelial_like
16.0,10295,epithelial_like
16.0,10296,epithelial_like
16.0,10297,epithelial_like
16.0,10298,epithelial_like
16.0,10299,epithelial_like
16.0,10300,hADSCs
16.0,10301,epithelial_like
16.0,10302,hADSCs
16.0,10303,epithelial_like
16.0,10304,epithelial_like
16.0,10305,epithelial_like
16.0,10306,epithelial_like
16.0,10307,epithelial_like
16.0,10308,epithelial_like
16.0,10309,epithelial_like
16.0,10310,epithelial_like
16.0,10311,epithelial_like
16.0,10312,epithelial_like
16.0,10313,epithelial_like
16.0,10314,epithelial_like
16.0,10315,hADSCs
16.0,10316,epithelial_like
16.0,10317,epithelial_like
16.0,10318,epithelial_like
16.0,10319,epithelial_like
16.0,10320,epithelial_like
16.0,10321,epithelial_like
16.0,10322,epithelial_like
16.0,10323,epithelial_like
16.0,10324,epithelial_like
16.0,10325,epithelial_like
16.0,10326,hADSCs
16.0,10327,epithelial_like
16.0,10328,hADSCs
16.0,10329,hADSCs
16.0,10330,epithelial_like
16.0,10331,epithelial_like
16.0,10332,epithelial_like
16.0,10333,epithelial_like
16.0,10334,epithelial_like
16.0,10335,epithelial_like
16.0,10336,epithelial_like
16.0,10337,epithelial_like
16.0,10338,epithelial_like
16.0,10339,epithelial_like
16.0,10340,epithelial_like
16.0,10341,epithelial_like
16.0,10342,epithelial_like
16.0,10343,epithelial_like
16.0,10344,epithelial_like
16.0,10345,epithelial_like
16.0,10346,epithelial_like
16.0,10347,epithelial_like
16.0,10348,epithelial_like
16.0,10349,epithelial_like
16.0,10350,epithelial_like
16.0,10351,epithelial_like
16.0,10352,epithelial_like
16.0,10353,epithelial_like
16.0,10354,hADSCs
16.0,10355,hADSCs
16.0,10356,epithelial_like
16.0,10357,epithelial_like
16.0,10358,epithelial_like
16.0,10359,epithelial_like
16.0,10360,epithelial_like
16.0,10361,epithelial_like
16.0,10362,epithelial_like
16.0,10363,epithelial_like
16.0,10364,epithelial_like
16.0,10365,epithelial_like
16.0,10366,epithelial_like
16.0,10367,epithelial_like
16.0,10368,epithelial_like
16.0,10369,epithelial_like
16.0,10370,epithelial_like
16.0,10371,epithelial_like
16.0,10372,epithelial_like
16.0,10373,epithelial_like
16.0,10374,epithelial_like
16.0,10375,epithelial_like
16.0,10376,epithelial_like
16.0,10377,epithelial_like
16.0,10378,epithelial_like
16.0,10379,epithelial_like
16.0,10380,epithelial_like
16.0,10381,epithelial_like
16.0,10382,epithelial_like
16.0,10383,epithelial_like
16.0,10384,epithelial_like
16.0,10385,epithelial_like
16.0,10386,epithelial_like
16.0,10387,epithelial_like
16.0,10388,epithelial_like
16.0,10389,epithelial_like
16.0,10390,epithelial_like
16.0,10391,epithelial_like
16.0,10392,epithelial_like
16.0,10393,hADSCs
16.0,10394,epithelial_like
16.0,10395,epithelial_like
16.0,10396,hADSCs
16.0,10397,epithelial_like
16.0,10398,epithelial_like
16.0,10399,epithelial_like
16.0,10400,epithelial_like
16.0,10401,hADSCs
16.0,10402,epithelial_like
16.0,10403,hADSCs
16.0,10404,epithelial_like
16.0,10405,epithelial_like
16.0,10406,epithelial_like
16.0,10407,epithelial_like
16.0,10408,epithelial_like
16.0,10409,epithelial_like
16.0,10410,epithelial_like
16.0,10411,epithelial_like
16.0,10412,epithelial_like
16.0,10413,epithelial_like
16.0,10414,epithelial_like
16.0,10415,epithelial_like
16.0,10416,epithelial_like
16.0,10417,epithelial_like
16.0,10418,epithelial_like
16.0,10419,hADSCs
16.0,10420,epithelial_like
16.0,10421,epithelial_like
16.0,10422,epithelial_like
16.0,10423,epithelial_like
16.0,10424,epithelial_like
16.0,10425,hADSCs
16.0,10426,epithelial_like
16.0,10427,epithelial_like
16.0,10428,epithelial_like
16.0,10429,epithelial_like
16.0,10430,epithelial_like
16.0,10431,epithelial_like
16.0,10432,hADSCs
16.0,10433,epithelial_like
16.0,10434,epithelial_like
16.0,10435,epithelial_like
16.0,10436,epithelial_like
16.0,10437,epithelial_like
16.0,10438,epithelial_like
16.0,10439,epithelial_like
16.0,10440,epithelial_like
16.0,10441,hADSCs
16.0,10442,epithelial_like
16.0,10443,epithelial_like
16.0,10444,epithelial_like
16.0,10445,epithelial_like
16.0,10446,epithelial_like
16.0,10447,epithelial_like
16.0,10448,hADSCs
16.0,10449,hADSCs
16.0,10450,epithelial_like
16.0,10451,epithelial_like
16.0,10452,epithelial_like
16.0,10453,epithelial_like
16.0,10454,epithelial_like
16.0,10455,epithelial_like
16.0,10456,epithelial_like
16.0,10457,epithelial_like
16.0,10458,epithelial_like
16.0,10459,epithelial_like
16.0,10460,hADSCs
16.0,10461,epithelial_like
16.0,10462,epithelial_like
16.0,10463,epithelial_like
16.0,10464,epithelial_like
16.0,10465,epithelial_like
16.0,10466,epithelial_like
16.0,10467,hADSCs
16.0,10468,epithelial_like
16.0,10469,epithelial_like
16.0,10470,epithelial_like
16.0,10471,epithelial_like
16.0,10472,epithelial_like
16.0,10473,epithelial_like
16.0,10474,epithelial_like
16.0,10475,epithelial_like
16.0,10476,epithelial_like
16.0,10477,epithelial_like
16.0,10478,epithelial_like
16.0,10479,epithelial_like
16.0,10480,epithelial_like
16.0,10481,epithelial_like
16.0,10482,epithelial_like
16.0,10483,epithelial_like
16.0,10484,hADSCs
16.0,10485,epithelial_like
16.0,10486,hADSCs
16.0,10487,epithelial_like
16.0,10488,epithelial_like
16.0,10489,epithelial_like
16.0,10490,epithelial_like
16.0,10491,epithelial_like
16.0,10492,epithelial_like
16.0,10493,epithelial_like
16.0,10494,epithelial_like
16.0,10495,epithelial_like
16.0,10496,epithelial_like
16.0,10497,epithelial_like
16.0,10498,epithelial_like
16.0,10499,epithelial_like
16.0,10500,epithelial_like
16.0,10501,epithelial_like
16.0,10502,epithelial_like
16.0,10503,hADSCs
16.0,10504,epithelial_like
16.0,10505,epithelial_like
16.0,10506,epithelial_like
16.0,10507,epithelial_like
16.0,10508,hADSCs
16.0,10509,hADSCs
16.0,10510,epithelial_like
16.0,10511,epithelial_like
16.0,10512,hADSCs
16.0,10513,epithelial_like
16.0,10514,epithelial_like
16.0,10515,hADSCs
16.0,10516,hADSCs
16.0,10517,epithelial_like
16.0,10518,epithelial_like
16.0,10519,hADSCs
16.0,10520,epithelial_like
16.0,10521,epithelial_like
16.0,10522,epithelial_like
16.0,10523,epithelial_like
16.0,10524,epithelial_like
16.0,10525,epithelial_like
16.0,10526,epithelial_like
16.0,10527,hADSCs
16.0,10528,epithelial_like
16.0,10529,epithelial_like
16.0,10530,epithelial_like
16.0,10531,epithelial_like
16.0,10532,epithelial_like
16.0,10533,epithelial_like
16.0,10534,epithelial_like
16.0,10535,epithelial_like
16.0,10536,epithelial_like
16.0,10537,epithelial_like
16.0,10538,epithelial_like
16.0,10539,epithelial_like
16.0,10540,epithelial_like
16.0,10541,epithelial_like
16.0,10542,epithelial_like
16.0,10543,epithelial_like
16.0,10544,hADSCs
16.0,10545,epithelial_like
16.0,10546,epithelial_like
16.0,10547,epithelial_like
16.0,10548,epithelial_like
16.0,10549,epithelial_like
16.0,10550,epithelial_like
16.0,10551,epithelial_like
16.0,10552,epithelial_like
16.0,10553,epithelial_like
16.0,10554,epithelial_like
16.0,10555,epithelial_like
16.0,10556,epithelial_like
16.0,10557,epithelial_like
16.0,10558,epithelial_like
16.0,10559,epithelial_like
16.0,10560,epithelial_like
16.0,10561,epithelial_like
16.0,10562,epithelial_like
16.0,10563,epithelial_like
16.0,10564,hADSCs
16.0,10565,epithelial_like
16.0,10566,epithelial_like
16.0,10567,epithelial_like
16.0,10568,hADSCs
16.0,10569,epithelial_like
16.0,10570,epithelial_like
16.0,10571,epithelial_like
16.0,10572,epithelial_like
16.0,10573,hADSCs
16.0,10574,hADSCs
16.0,10575,epithelial_like
16.0,10576,epithelial_like
16.0,10577,epithelial_like
16.0,10578,epithelial_like
16.0,10579,epithelial_like
16.0,10580,epithelial_like
16.0,10581,epithelial_like
16.0,10582,epithelial_like
16.0,10583,epithelial_like
16.0,10584,epithelial_like
16.0,10585,epithelial_like
16.0,10586,epithelial_like
16.0,10587,epithelial_like
16.0,10588,epithelial_like
16.0,10589,epithelial_like
16.0,10590,hADSCs
16.0,10591,epithelial_like
16.0,10592,epithelial_like
16.0,10593,epithelial_like
16.0,10594,epithelial_like
16.0,10595,epithelial_like
16.0,10596,epithelial_like
16.0,10597,hADSCs
16.0,10598,epithelial_like
16.0,10599,epithelial_like
16.0,10600,epithelial_like
16.0,10601,epithelial_like
16.0,10602,epithelial_like
16.0,10603,epithelial_like
16.0,10604,epithelial_like
16.0,10605,epithelial_like
16.0,10606,epithelial_like
16.0,10607,epithelial_like
16.0,10608,epithelial_like
16.0,10609,epithelial_like
16.0,10610,epithelial_like
16.0,10611,epithelial_like
16.0,10612,epithelial_like
16.0,10613,epithelial_like
16.0,10614,epithelial_like
16.0,10615,epithelial_like
16.0,10616,epithelial_like
16.0,10617,epithelial_like
16.0,10618,epithelial_like
16.0,10619,epithelial_like
16.0,10620,epithelial_like
16.0,10621,epithelial_like
16.0,10622,epithelial_like
16.0,10623,epithelial_like
16.0,10624,epithelial_like
16.0,10625,epithelial_like
16.0,10626,epithelial_like
16.0,10627,epithelial_like
16.0,10628,epithelial_like
16.0,10629,epithelial_like
16.0,10630,epithelial_like
16.0,10631,epithelial_like
16.0,10632,epithelial_like
16.0,10633,epithelial_like
16.0,10634,epithelial_like
16.0,10635,epithelial_like
16.0,10636,epithelial_like
16.0,10637,epithelial_like
16.0,10638,epithelial_like
16.0,10639,epithelial_like
16.0,10640,epithelial_like
16.0,10641,epithelial_like
16.0,10642,epithelial_like
16.0,10643,epithelial_like
16.0,10644,epithelial_like
16.0,10645,epithelial_like
16.0,10646,epithelial_like
16.0,10647,epithelial_like
16.0,10648,epithelial_like
16.0,10649,epithelial_like
16.0,10650,epithelial_like
16.0,10651,hADSCs
16.0,10652,epithelial_like
16.0,10653,epithelial_like
16.0,10654,hADSCs
16.0,10655,epithelial_like
16.0,10656,epithelial_like
16.0,10657,epithelial_like
16.0,10658,epithelial_like
16.0,10659,hADSCs
16.0,10660,hADSCs
16.0,10661,epithelial_like
16.0,10662,epithelial_like
16.0,10663,epithelial_like
16.0,10664,epithelial_like
16.0,10665,epithelial_like
16.0,10666,hADSCs
16.0,10667,epithelial_like
16.0,10668,hADSCs
16.0,10669,epithelial_like
16.0,10670,epithelial_like
16.0,10671,hADSCs
16.0,10672,epithelial_like
16.0,10673,epithelial_like
16.0,10674,epithelial_like
16.0,10675,epithelial_like
16.0,10676,hADSCs
16.0,10677,epithelial_like
16.0,10678,epithelial_like
16.0,10679,epithelial_like
16.0,10680,epithelial_like
16.0,10681,hADSCs
16.0,10682,hADSCs
16.0,10683,epithelial_like
16.0,10684,epithelial_like
16.0,10685,epithelial_like
16.0,10686,epithelial_like
16.0,10687,epithelial_like
16.0,10688,epithelial_like
16.0,10689,epithelial_like
16.0,10690,epithelial_like
16.0,10691,epithelial_like
16.0,10692,epithelial_like
16.0,10693,epithelial_like
16.0,10694,epithelial_like
16.0,10695,hADSCs
16.0,10696,epithelial_like
16.0,10697,epithelial_like
16.0,10698,epithelial_like
16.0,10699,epithelial_like
16.0,10700,epithelial_like
16.0,10701,epithelial_like
16.0,10702,epithelial_like
16.0,10703,epithelial_like
16.0,10704,epithelial_like
16.0,10705,epithelial_like
16.0,10706,epithelial_like
16.0,10707,epithelial_like
16.0,10708,hADSCs
16.0,10709,epithelial_like
16.0,10710,epithelial_like
16.0,10711,hADSCs
16.0,10712,epithelial_like
16.0,10713,epithelial_like
16.0,10714,epithelial_like
16.0,10715,epithelial_like
16.0,10716,epithelial_like
16.0,10717,epithelial_like
16.0,10718,epithelial_like
16.0,10719,epithelial_like
16.0,10720,epithelial_like
16.0,10721,epithelial_like
16.0,10722,epithelial_like
16.0,10723,epithelial_like
16.0,10724,epithelial_like
16.0,10725,epithelial_like
16.0,10726,epithelial_like
16.0,10727,epithelial_like
16.0,10728,epithelial_like
16.0,10729,epithelial_like
16.0,10730,epithelial_like
16.0,10731,epithelial_like
16.0,10732,epithelial_like
16.0,10733,epithelial_like
16.0,10734,epithelial_like
16.0,10735,epithelial_like
16.0,10736,epithelial_like
16.0,10737,epithelial_like
16.0,10738,epithelial_like
16.0,10739,epithelial_like
16.0,10740,epithelial_like
16.0,10741,epithelial_like
16.0,10742,epithelial_like
16.0,10743,epithelial_like
16.0,10744,epithelial_like
16.0,10745,epithelial_like
16.0,10746,hADSCs
16.0,10747,hADSCs
16.0,10748,epithelial_like
16.0,10749,epithelial_like
16.0,10750,epithelial_like
16.0,10751,epithelial_like
16.0,10752,hADSCs
16.0,10753,epithelial_like
16.0,10754,epithelial_like
16.0,10755,epithelial_like
16.0,10756,hADSCs
16.0,10757,epithelial_like
16.0,10758,epithelial_like
16.0,10759,epithelial_like
16.0,10760,epithelial_like
16.0,10761,epithelial_like
16.0,10762,epithelial_like
16.0,10763,epithelial_like
16.0,10764,epithelial_like
16.0,10765,epithelial_like
16.0,10766,epithelial_like
16.0,10767,epithelial_like
16.0,10768,epithelial_like
16.0,10769,epithelial_like
16.0,10770,epithelial_like
16.0,10771,epithelial_like
16.0,10772,epithelial_like
16.0,10773,epithelial_like
16.0,10774,epithelial_like
16.0,10775,epithelial_like
16.0,10776,epithelial_like
16.0,10777,epithelial_like
16.0,10778,hADSCs
16.0,10779,epithelial_like
16.0,10780,epithelial_like
16.0,10781,epithelial_like
16.0,10782,epithelial_like
16.0,10783,epithelial_like
16.0,10784,epithelial_like
16.0,10785,epithelial_like
16.0,10786,epithelial_like
16.0,10787,epithelial_like
16.0,10788,epithelial_like
16.0,10789,epithelial_like
16.0,10790,epithelial_like
16.0,10791,epithelial_like
16.0,10792,epithelial_like
16.0,10793,epithelial_like
16.0,10794,epithelial_like
16.0,10795,epithelial_like
16.0,10796,epithelial_like
16.0,10797,epithelial_like
16.0,10798,hADSCs
16.0,10799,epithelial_like
16.0,10800,epithelial_like
16.0,10801,epithelial_like
16.0,10802,epithelial_like
16.0,10803,epithelial_like
16.0,10804,epithelial_like
16.0,10805,epithelial_like
16.0,10806,epithelial_like
16.0,10807,epithelial_like
16.0,10808,epithelial_like
16.0,10809,epithelial_like
16.0,10810,epithelial_like
16.0,10811,hADSCs
16.0,10812,epithelial_like
16.0,10813,epithelial_like
16.0,10814,hADSCs
16.0,10815,epithelial_like
16.0,10816,epithelial_like
16.0,10817,epithelial_like
16.0,10818,epithelial_like
16.0,10819,epithelial_like
16.0,10820,epithelial_like
16.0,10821,epithelial_like
16.0,10822,hADSCs
16.0,10823,hADSCs
16.0,10824,epithelial_like
16.0,10825,epithelial_like
16.0,10826,epithelial_like
16.0,10827,epithelial_like
16.0,10828,epithelial_like
16.0,10829,epithelial_like
16.0,10830,epithelial_like
16.0,10831,epithelial_like
16.0,10832,epithelial_like
16.0,10833,hADSCs
16.0,10834,epithelial_like
16.0,10835,hADSCs
16.0,10836,epithelial_like
16.0,10837,hADSCs
16.0,10838,epithelial_like
16.0,10839,epithelial_like
16.0,10840,epithelial_like
16.0,10841,epithelial_like
16.0,10842,epithelial_like
16.0,10843,hADSCs
16.0,10844,hADSCs
16.0,10845,epithelial_like
16.0,10846,epithelial_like
16.0,10847,epithelial_like
16.0,10848,epithelial_like
16.0,10849,epithelial_like
16.0,10850,epithelial_like
16.0,10851,epithelial_like
16.0,10852,hADSCs
16.0,10853,epithelial_like
16.0,10854,epithelial_like
16.0,10855,epithelial_like
16.0,10856,epithelial_like
16.0,10857,epithelial_like
16.0,10858,hADSCs
16.0,10859,epithelial_like
16.0,10860,epithelial_like
16.0,10861,epithelial_like
16.0,10862,epithelial_like
16.0,10863,epithelial_like
16.0,10864,epithelial_like
16.0,10865,epithelial_like
16.0,10866,epithelial_like
16.0,10867,hADSCs
16.0,10868,epithelial_like
16.0,10869,epithelial_like
16.0,10870,epithelial_like
16.0,10871,epithelial_like
16.0,10872,epithelial_like
16.0,10873,epithelial_like
16.0,10874,epithelial_like
16.0,10875,epithelial_like
16.0,10876,epithelial_like
16.0,10877,epithelial_like
16.0,10878,hADSCs
16.0,10879,hADSCs
16.0,10880,epithelial_like
16.0,10881,epithelial_like
16.0,10882,epithelial_like
16.0,10883,epithelial_like
16.0,10884,epithelial_like
16.0,10885,epithelial_like
16.0,10886,epithelial_like
16.0,10887,epithelial_like
16.0,10888,hADSCs
16.0,10889,hADSCs
16.0,10890,epithelial_like
16.0,10891,epithelial_like
16.0,10892,epithelial_like
16.0,10893,epithelial_like
16.0,10894,epithelial_like
16.0,10895,epithelial_like
16.0,10896,epithelial_like
16.0,10897,epithelial_like
16.0,10898,epithelial_like
16.0,10899,epithelial_like
16.0,10900,epithelial_like
16.0,10901,epithelial_like
16.0,10902,epithelial_like
16.0,10903,epithelial_like
16.0,10904,epithelial_like
16.0,10905,epithelial_like
16.0,10906,hADSCs
16.0,10907,epithelial_like
16.0,10908,epithelial_like
16.0,10909,epithelial_like
16.0,10910,epithelial_like
16.0,10911,epithelial_like
16.0,10912,epithelial_like
16.0,10913,epithelial_like
16.0,10914,epithelial_like
16.0,10915,epithelial_like
16.0,10916,epithelial_like
16.0,10917,epithelial_like
16.0,10918,epithelial_like
16.0,10919,epithelial_like
16.0,10920,epithelial_like
16.0,10921,epithelial_like
16.0,10922,epithelial_like
16.0,10923,epithelial_like
16.0,10924,epithelial_like
16.0,10925,epithelial_like
16.0,10926,epithelial_like
16.0,10927,epithelial_like
16.0,10928,epithelial_like
16.0,10929,epithelial_like
16.0,10930,epithelial_like
16.0,10931,epithelial_like
16.0,10932,epithelial_like
16.0,10933,epithelial_like
16.0,10934,epithelial_like
16.0,10935,epithelial_like
16.0,10936,hADSCs
16.0,10937,hADSCs
16.0,10938,epithelial_like
16.0,10939,hADSCs
16.0,10940,epithelial_like
16.0,10941,epithelial_like
16.0,10942,epithelial_like
16.0,10943,epithelial_like
16.0,10944,epithelial_like
16.0,10945,epithelial_like
16.0,10946,epithelial_like
16.0,10947,epithelial_like
16.0,10948,epithelial_like
16.0,10949,epithelial_like
16.0,10950,epithelial_like
16.0,10951,epithelial_like
16.0,10952,hADSCs
16.0,10953,epithelial_like
16.0,10954,epithelial_like
16.0,10955,hADSCs
16.0,10956,epithelial_like
16.0,10957,epithelial_like
16.0,10958,hADSCs
16.0,10959,hADSCs
16.0,10960,hADSCs
16.0,10961,epithelial_like
16.0,10962,epithelial_like
16.0,10963,epithelial_like
16.0,10964,epithelial_like
16.0,10965,epithelial_like
16.0,10966,epithelial_like
16.0,10967,epithelial_like
16.0,10968,epithelial_like
16.0,10969,epithelial_like
16.0,10970,epithelial_like
16.0,10971,epithelial_like
16.0,10972,epithelial_like
16.0,10973,epithelial_like
16.0,10974,epithelial_like
16.0,10975,epithelial_like
16.0,10976,epithelial_like
16.0,10977,epithelial_like
16.0,10978,epithelial_like
16.0,10979,epithelial_like
16.0,10980,hADSCs
16.0,10981,epithelial_like
16.0,10982,epithelial_like
16.0,10983,epithelial_like
16.0,10984,hADSCs
16.0,10985,epithelial_like
16.0,10986,epithelial_like
16.0,10987,epithelial_like
16.0,10988,hADSCs
16.0,10989,epithelial_like
16.0,10990,epithelial_like
16.0,10991,epithelial_like
16.0,10992,epithelial_like
16.0,10993,epithelial_like
16.0,10994,epithelial_like
16.0,10995,epithelial_like
16.0,10996,epithelial_like
16.0,10997,epithelial_like
16.0,10998,epithelial_like
16.0,10999,epithelial_like
16.0,11000,epithelial_like
16.0,11001,epithelial_like
16.0,11002,epithelial_like
16.0,11003,epithelial_like
16.0,11004,epithelial_like
16.0,11005,epithelial_like
16.0,11006,epithelial_like
16.0,11007,epithelial_like
16.0,11008,epithelial_like
16.0,11009,epithelial_like
16.0,11010,epithelial_like
16.0,11011,epithelial_like
16.0,11012,epithelial_like
16.0,11013,epithelial_like
16.0,11014,hADSCs
16.0,11015,epithelial_like
16.0,11016,epithelial_like
16.0,11017,epithelial_like
16.0,11018,epithelial_like
16.0,11019,hADSCs
16.0,11020,hADSCs
16.0,11021,epithelial_like
16.0,11022,epithelial_like
16.0,11023,epithelial_like
16.0,11024,epithelial_like
16.0,11025,epithelial_like
16.0,11026,epithelial_like
16.0,11027,epithelial_like
16.0,11028,epithelial_like
16.0,11029,epithelial_like
16.0,11030,epithelial_like
16.0,11031,epithelial_like
16.0,11032,epithelial_like
16.0,11033,hADSCs
16.0,11034,hADSCs
16.0,11035,epithelial_like
16.0,11036,epithelial_like
16.0,11037,epithelial_like
16.0,11038,epithelial_like
16.0,11039,epithelial_like
16.0,11040,epithelial_like
16.0,11041,epithelial_like
16.0,11042,hADSCs
16.0,11043,epithelial_like
16.0,11044,epithelial_like
16.0,11045,epithelial_like
16.0,11046,hADSCs
16.0,11047,epithelial_like
16.0,11048,epithelial_like
16.0,11049,epithelial_like
16.0,11050,epithelial_like
16.0,11051,hADSCs
16.0,11052,epithelial_like
16.0,11053,epithelial_like
16.0,11054,epithelial_like
16.0,11055,hADSCs
16.0,11056,epithelial_like
16.0,11057,epithelial_like
16.0,11058,epithelial_like
16.0,11059,epithelial_like
16.0,11060,epithelial_like
16.0,11061,epithelial_like
16.0,11062,epithelial_like
16.0,11063,epithelial_like
16.0,11064,hADSCs
16.0,11065,hADSCs
16.0,11066,hADSCs
16.0,11067,epithelial_like
16.0,11068,epithelial_like
16.0,11069,epithelial_like
16.0,11070,epithelial_like
16.0,11071,epithelial_like
16.0,11072,epithelial_like
16.0,11073,epithelial_like
16.0,11074,epithelial_like
16.0,11075,epithelial_like
16.0,11076,hADSCs
16.0,11077,epithelial_like
16.0,11078,epithelial_like
16.0,11079,epithelial_like
16.0,11080,epithelial_like
16.0,11081,epithelial_like
16.0,11082,epithelial_like
16.0,11083,epithelial_like
16.0,11084,epithelial_like
16.0,11085,epithelial_like
16.0,11086,epithelial_like
16.0,11087,epithelial_like
16.0,11088,epithelial_like
16.0,11089,epithelial_like
16.0,11090,epithelial_like
16.0,11091,epithelial_like
16.0,11092,epithelial_like
16.0,11093,epithelial_like
16.0,11094,epithelial_like
16.0,11095,epithelial_like
16.0,11096,epithelial_like
16.0,11097,epithelial_like
16.0,11098,epithelial_like
16.0,11099,epithelial_like
16.0,11100,epithelial_like
16.0,11101,epithelial_like
16.0,11102,epithelial_like
16.0,11103,epithelial_like
16.0,11104,epithelial_like
16.0,11105,epithelial_like
16.0,11106,epithelial_like
16.0,11107,epithelial_like
16.0,11108,epithelial_like
16.0,11109,epithelial_like
16.0,11110,epithelial_like
16.0,11111,epithelial_like
16.0,11112,hADSCs
16.0,11113,hADSCs
16.0,11114,epithelial_like
16.0,11115,epithelial_like
16.0,11116,epithelial_like
16.0,11117,epithelial_like
16.0,11118,epithelial_like
16.0,11119,epithelial_like
16.0,11120,epithelial_like
16.0,11121,epithelial_like
16.0,11122,epithelial_like
16.0,11123,epithelial_like
16.0,11124,epithelial_like
16.0,11125,epithelial_like
16.0,11126,epithelial_like
16.0,11127,epithelial_like
16.0,11128,epithelial_like
16.0,11129,epithelial_like
16.0,11130,epithelial_like
16.0,11131,epithelial_like
16.0,11132,epithelial_like
16.0,11133,epithelial_like
16.0,11134,epithelial_like
16.0,11135,epithelial_like
16.0,11136,epithelial_like
16.0,11137,epithelial_like
16.0,11138,epithelial_like
16.0,11139,epithelial_like
16.0,11140,epithelial_like
16.0,11141,epithelial_like
16.0,11142,epithelial_like
16.0,11143,epithelial_like
16.0,11144,epithelial_like
16.0,11145,epithelial_like
16.0,11146,epithelial_like
16.0,11147,hADSCs
16.0,11148,epithelial_like
16.0,11149,epithelial_like
16.0,11150,epithelial_like
16.0,11151,epithelial_like
16.0,11152,epithelial_like
16.0,11153,epithelial_like
16.0,11154,epithelial_like
16.0,11155,epithelial_like
16.0,11156,epithelial_like
16.0,11157,epithelial_like
16.0,11158,epithelial_like
16.0,11159,epithelial_like
16.0,11160,epithelial_like
16.0,11161,epithelial_like
16.0,11162,epithelial_like
16.0,11163,epithelial_like
16.0,11164,epithelial_like
16.0,11165,epithelial_like
16.0,11166,epithelial_like
16.0,11167,epithelial_like
16.0,11168,epithelial_like
16.0,11169,epithelial_like
16.0,11170,epithelial_like
16.0,11171,epithelial_like
16.0,11172,epithelial_like
16.0,11173,epithelial_like
16.0,11174,epithelial_like
16.0,11175,hADSCs
16.0,11176,hADSCs
16.0,11177,epithelial_like
16.0,11178,epithelial_like
16.0,11179,epithelial_like
16.0,11180,epithelial_like
16.0,11181,epithelial_like
16.0,11182,hADSCs
16.0,11183,hADSCs
16.0,11184,epithelial_like
16.0,11185,epithelial_like
16.0,11186,hADSCs
16.0,11187,epithelial_like
16.0,11188,epithelial_like
16.0,11189,epithelial_like
16.0,11190,epithelial_like
16.0,11191,epithelial_like
16.0,11192,epithelial_like
16.0,11193,epithelial_like
16.0,11194,epithelial_like
16.0,11195,epithelial_like
16.0,11196,epithelial_like
16.0,11197,hADSCs
16.0,11198,epithelial_like
16.0,11199,hADSCs
16.0,11200,epithelial_like
16.0,11201,epithelial_like
16.0,11202,epithelial_like
16.0,11203,epithelial_like
16.0,11204,epithelial_like
16.0,11205,epithelial_like
16.0,11206,hADSCs
16.0,11207,epithelial_like
16.0,11208,epithelial_like
16.0,11209,epithelial_like
16.0,11210,epithelial_like
16.0,11211,epithelial_like
16.0,11212,epithelial_like
16.0,11213,epithelial_like
16.0,11214,epithelial_like
16.0,11215,epithelial_like
16.0,11216,epithelial_like
16.0,11217,epithelial_like
16.0,11218,epithelial_like
16.0,11219,epithelial_like
16.0,11220,epithelial_like
16.0,11221,epithelial_like
16.0,11222,epithelial_like
16.0,11223,epithelial_like
16.0,11224,epithelial_like
16.0,11225,epithelial_like
16.0,11226,hADSCs
16.0,11227,hADSCs
16.0,11228,epithelial_like
16.0,11229,epithelial_like
16.0,11230,epithelial_like
16.0,11231,epithelial_like
16.0,11232,epithelial_like
16.0,11233,epithelial_like
16.0,11234,epithelial_like
16.0,11235,epithelial_like
16.0,11236,hADSCs
16.0,11237,epithelial_like
16.0,11238,epithelial_like
16.0,11239,epithelial_like
16.0,11240,epithelial_like
16.0,11241,epithelial_like
16.0,11242,epithelial_like
16.0,11243,epithelial_like
16.0,11244,epithelial_like
16.0,11245,epithelial_like
16.0,11246,hADSCs
16.0,11247,hADSCs
16.0,11248,hADSCs
16.0,11249,epithelial_like
16.0,11250,epithelial_like
16.0,11251,epithelial_like
16.0,11252,epithelial_like
16.0,11253,epithelial_like
16.0,11254,epithelial_like
16.0,11255,epithelial_like
16.0,11256,hADSCs
16.0,11257,epithelial_like
16.0,11258,epithelial_like
16.0,11259,epithelial_like
16.0,11260,epithelial_like
16.0,11261,hADSCs
16.0,11262,epithelial_like
16.0,11263,epithelial_like
16.0,11264,epithelial_like
16.0,11265,epithelial_like
16.0,11266,epithelial_like
16.0,11267,epithelial_like
16.0,11268,epithelial_like
16.0,11269,epithelial_like
16.0,11270,epithelial_like
16.0,11271,epithelial_like
16.0,11272,epithelial_like
16.0,11273,epithelial_like
16.0,11274,epithelial_like
16.0,11275,epithelial_like
16.0,11276,epithelial_like
16.0,11277,epithelial_like
16.0,11278,epithelial_like
16.0,11279,epithelial_like
16.0,11280,epithelial_like
16.0,11281,epithelial_like
16.0,11282,epithelial_like
16.0,11283,epithelial_like
16.0,11284,epithelial_like
16.0,11285,epithelial_like
16.0,11286,epithelial_like
16.0,11287,epithelial_like
16.0,11288,epithelial_like
16.0,11289,epithelial_like
16.0,11290,hADSCs
16.0,11291,epithelial_like
16.0,11292,hADSCs
16.0,11293,epithelial_like
16.0,11294,epithelial_like
16.0,11295,epithelial_like
16.0,11296,epithelial_like
16.0,11297,epithelial_like
16.0,11298,hADSCs
16.0,11299,epithelial_like
16.0,11300,epithelial_like
16.0,11301,epithelial_like
16.0,11302,epithelial_like
16.0,11303,epithelial_like
16.0,11304,epithelial_like
16.0,11305,epithelial_like
16.0,11306,epithelial_like
16.0,11307,epithelial_like
16.0,11308,epithelial_like
16.0,11309,epithelial_like
16.0,11310,epithelial_like
16.0,11311,epithelial_like
16.0,11312,epithelial_like
16.0,11313,epithelial_like
16.0,11314,hADSCs
16.0,11315,epithelial_like
16.0,11316,epithelial_like
16.0,11317,epithelial_like
16.0,11318,epithelial_like
16.0,11319,epithelial_like
16.0,11320,epithelial_like
16.0,11321,epithelial_like
16.0,11322,epithelial_like
16.0,11323,epithelial_like
16.0,11324,epithelial_like
16.0,11325,epithelial_like
16.0,11326,epithelial_like
16.0,11327,epithelial_like
16.0,11328,epithelial_like
16.0,11329,epithelial_like
16.0,11330,epithelial_like
16.0,11331,hADSCs
16.0,11332,hADSCs
16.0,11333,epithelial_like
16.0,11334,epithelial_like
16.0,11335,epithelial_like
16.0,11336,epithelial_like
16.0,11337,epithelial_like
16.0,11338,epithelial_like
16.0,11339,epithelial_like
16.0,11340,epithelial_like
16.0,11341,hCiPS
16.0,11342,epithelial_like
16.0,11343,epithelial_like
16.0,11344,epithelial_like
16.0,11345,epithelial_like
16.0,11346,epithelial_like
16.0,11347,epithelial_like
16.0,11348,epithelial_like
16.0,11349,epithelial_like
16.0,11350,epithelial_like
16.0,11351,epithelial_like
16.0,11352,epithelial_like
16.0,11353,epithelial_like
16.0,11354,epithelial_like
16.0,11355,epithelial_like
16.0,11356,epithelial_like
16.0,11357,epithelial_like
16.0,11358,epithelial_like
16.0,11359,epithelial_like
16.0,11360,epithelial_like
16.0,11361,epithelial_like
16.0,11362,epithelial_like
16.0,11363,hADSCs
16.0,11364,hADSCs
16.0,11365,epithelial_like
16.0,11366,epithelial_like
16.0,11367,epithelial_like
16.0,11368,epithelial_like
16.0,11369,hADSCs
16.0,11370,epithelial_like
16.0,11371,epithelial_like
16.0,11372,hADSCs
16.0,11373,epithelial_like
16.0,11374,epithelial_like
16.0,11375,hADSCs
16.0,11376,epithelial_like
16.0,11377,epithelial_like
16.0,11378,epithelial_like
16.0,11379,epithelial_like
16.0,11380,hADSCs
16.0,11381,hADSCs
16.0,11382,hADSCs
16.0,11383,epithelial_like
16.0,11384,epithelial_like
16.0,11385,epithelial_like
16.0,11386,epithelial_like
16.0,11387,hCiPS
16.0,11388,hADSCs
16.0,11389,hADSCs
16.0,11390,epithelial_like
16.0,11391,epithelial_like
16.0,11392,epithelial_like
16.0,11393,epithelial_like
16.0,11394,epithelial_like
16.0,11395,epithelial_like
16.0,11396,epithelial_like
16.0,11397,epithelial_like
16.0,11398,epithelial_like
16.0,11399,epithelial_like
16.0,11400,epithelial_like
16.0,11401,epithelial_like
16.0,11402,epithelial_like
16.0,11403,epithelial_like
16.0,11404,hADSCs
16.0,11405,epithelial_like
16.0,11406,epithelial_like
16.0,11407,epithelial_like
16.0,11408,epithelial_like
16.0,11409,epithelial_like
16.0,11410,epithelial_like
16.0,11411,epithelial_like
16.0,11412,epithelial_like
16.0,11413,epithelial_like
16.0,11414,epithelial_like
16.0,11415,epithelial_like
16.0,11416,hADSCs
16.0,11417,epithelial_like
16.0,11418,epithelial_like
16.0,11419,hADSCs
16.0,11420,epithelial_like
16.0,11421,epithelial_like
16.0,11422,epithelial_like
16.0,11423,epithelial_like
16.0,11424,epithelial_like
16.0,11425,epithelial_like
16.0,11426,epithelial_like
16.0,11427,epithelial_like
16.0,11428,epithelial_like
16.0,11429,epithelial_like
16.0,11430,epithelial_like
16.0,11431,epithelial_like
16.0,11432,epithelial_like
16.0,11433,epithelial_like
16.0,11434,epithelial_like
16.0,11435,epithelial_like
16.0,11436,epithelial_like
16.0,11437,epithelial_like
16.0,11438,epithelial_like
16.0,11439,epithelial_like
16.0,11440,epithelial_like
16.0,11441,hADSCs
16.0,11442,epithelial_like
16.0,11443,epithelial_like
16.0,11444,epithelial_like
16.0,11445,epithelial_like
16.0,11446,epithelial_like
16.0,11447,epithelial_like
16.0,11448,epithelial_like
16.0,11449,epithelial_like
16.0,11450,epithelial_like
16.0,11451,epithelial_like
16.0,11452,epithelial_like
16.0,11453,epithelial_like
16.0,11454,epithelial_like
16.0,11455,epithelial_like
16.0,11456,epithelial_like
16.0,11457,epithelial_like
16.0,11458,epithelial_like
16.0,11459,epithelial_like
16.0,11460,epithelial_like
16.0,11461,epithelial_like
16.0,11462,epithelial_like
16.0,11463,epithelial_like
16.0,11464,epithelial_like
16.0,11465,epithelial_like
16.0,11466,epithelial_like
16.0,11467,epithelial_like
16.0,11468,epithelial_like
16.0,11469,epithelial_like
16.0,11470,epithelial_like
16.0,11471,epithelial_like
16.0,11472,epithelial_like
16.0,11473,epithelial_like
16.0,11474,epithelial_like
16.0,11475,epithelial_like
16.0,11476,epithelial_like
16.0,11477,epithelial_like
16.0,11478,epithelial_like
16.0,11479,hADSCs
16.0,11480,epithelial_like
16.0,11481,epithelial_like
16.0,11482,epithelial_like
16.0,11483,epithelial_like
16.0,11484,epithelial_like
16.0,11485,epithelial_like
16.0,11486,epithelial_like
16.0,11487,epithelial_like
16.0,11488,hADSCs
16.0,11489,epithelial_like
16.0,11490,epithelial_like
16.0,11491,epithelial_like
16.0,11492,epithelial_like
16.0,11493,epithelial_like
16.0,11494,hADSCs
16.0,11495,epithelial_like
16.0,11496,epithelial_like
16.0,11497,epithelial_like
16.0,11498,epithelial_like
16.0,11499,epithelial_like
16.0,11500,epithelial_like
16.0,11501,epithelial_like
16.0,11502,epithelial_like
16.0,11503,hADSCs
16.0,11504,hADSCs
16.0,11505,epithelial_like
16.0,11506,epithelial_like
16.0,11507,epithelial_like
16.0,11508,epithelial_like
16.0,11509,epithelial_like
16.0,11510,epithelial_like
16.0,11511,epithelial_like
16.0,11512,epithelial_like
16.0,11513,epithelial_like
16.0,11514,epithelial_like
16.0,11515,epithelial_like
16.0,11516,epithelial_like
16.0,11517,epithelial_like
16.0,11518,epithelial_like
16.0,11519,epithelial_like
16.0,11520,hADSCs
16.0,11521,epithelial_like
16.0,11522,epithelial_like
16.0,11523,hADSCs
16.0,11524,hADSCs
16.0,11525,epithelial_like
16.0,11526,epithelial_like
16.0,11527,epithelial_like
16.0,11528,epithelial_like
16.0,11529,hADSCs
16.0,11530,hADSCs
16.0,11531,epithelial_like
16.0,11532,epithelial_like
16.0,11533,epithelial_like
16.0,11534,epithelial_like
16.0,11535,epithelial_like
16.0,11536,hADSCs
16.0,11537,epithelial_like
16.0,11538,epithelial_like
16.0,11539,epithelial_like
16.0,11540,epithelial_like
16.0,11541,hADSCs
16.0,11542,hADSCs
16.0,11543,epithelial_like
16.0,11544,epithelial_like
16.0,11545,epithelial_like
16.0,11546,epithelial_like
16.0,11547,epithelial_like
16.0,11548,epithelial_like
16.0,11549,epithelial_like
16.0,11550,hADSCs
16.0,11551,hADSCs
16.0,11552,epithelial_like
16.0,11553,epithelial_like
16.0,11554,epithelial_like
16.0,11555,epithelial_like
16.0,11556,epithelial_like
16.0,11557,epithelial_like
16.0,11558,epithelial_like
16.0,11559,hADSCs
16.0,11560,epithelial_like
16.0,11561,hADSCs
16.0,11562,epithelial_like
16.0,11563,epithelial_like
16.0,11564,epithelial_like
16.0,11565,epithelial_like
16.0,11566,epithelial_like
16.0,11567,epithelial_like
16.0,11568,epithelial_like
16.0,11569,epithelial_like
16.0,11570,epithelial_like
16.0,11571,epithelial_like
16.0,11572,epithelial_like
16.0,11573,epithelial_like
16.0,11574,epithelial_like
16.0,11575,hADSCs
16.0,11576,epithelial_like
16.0,11577,epithelial_like
16.0,11578,epithelial_like
16.0,11579,epithelial_like
16.0,11580,epithelial_like
16.0,11581,epithelial_like
16.0,11582,epithelial_like
16.0,11583,epithelial_like
16.0,11584,epithelial_like
16.0,11585,epithelial_like
16.0,11586,epithelial_like
16.0,11587,epithelial_like
16.0,11588,epithelial_like
16.0,11589,epithelial_like
16.0,11590,epithelial_like
16.0,11591,epithelial_like
16.0,11592,epithelial_like
16.0,11593,epithelial_like
16.0,11594,epithelial_like
16.0,11595,epithelial_like
16.0,11596,epithelial_like
16.0,11597,epithelial_like
16.0,11598,epithelial_like
16.0,11599,hADSCs
16.0,11600,hADSCs
16.0,11601,epithelial_like
16.0,11602,epithelial_like
16.0,11603,epithelial_like
16.0,11604,hADSCs
16.0,11605,epithelial_like
16.0,11606,epithelial_like
16.0,11607,hADSCs
16.0,11608,hADSCs
16.0,11609,epithelial_like
16.0,11610,epithelial_like
16.0,11611,epithelial_like
16.0,11612,epithelial_like
16.0,11613,epithelial_like
16.0,11614,epithelial_like
16.0,11615,epithelial_like
16.0,11616,epithelial_like
16.0,11617,epithelial_like
16.0,11618,epithelial_like
16.0,11619,epithelial_like
16.0,11620,epithelial_like
16.0,11621,hADSCs
16.0,11622,epithelial_like
16.0,11623,epithelial_like
16.0,11624,epithelial_like
16.0,11625,epithelial_like
16.0,11626,epithelial_like
16.0,11627,epithelial_like
16.0,11628,hADSCs
16.0,11629,hADSCs
16.0,11630,epithelial_like
16.0,11631,hADSCs
16.0,11632,epithelial_like
16.0,11633,epithelial_like
16.0,11634,epithelial_like
16.0,11635,epithelial_like
16.0,11636,epithelial_like
16.0,11637,epithelial_like
16.0,11638,hADSCs
16.0,11639,epithelial_like
16.0,11640,epithelial_like
16.0,11641,epithelial_like
16.0,11642,epithelial_like
16.0,11643,epithelial_like
16.0,11644,epithelial_like
16.0,11645,epithelial_like
16.0,11646,epithelial_like
16.0,11647,hADSCs
16.0,11648,epithelial_like
16.0,11649,epithelial_like
16.0,11650,epithelial_like
16.0,11651,epithelial_like
16.0,11652,hADSCs
16.0,11653,epithelial_like
16.0,11654,epithelial_like
16.0,11655,hADSCs
16.0,11656,hADSCs
16.0,11657,epithelial_like
16.0,11658,epithelial_like
16.0,11659,epithelial_like
16.0,11660,epithelial_like
16.0,11661,hADSCs
16.0,11662,hADSCs
16.0,11663,epithelial_like
16.0,11664,epithelial_like
16.0,11665,epithelial_like
16.0,11666,epithelial_like
16.0,11667,hADSCs
16.0,11668,hADSCs
16.0,11669,hADSCs
16.0,11670,epithelial_like
16.0,11671,epithelial_like
16.0,11672,epithelial_like
16.0,11673,epithelial_like
16.0,11674,epithelial_like
16.0,11675,epithelial_like
16.0,11676,epithelial_like
16.0,11677,epithelial_like
16.0,11678,hADSCs
16.0,11679,epithelial_like
16.0,11680,hADSCs
16.0,11681,epithelial_like
16.0,11682,epithelial_like
16.0,11683,epithelial_like
16.0,11684,hADSCs
16.0,11685,epithelial_like
16.0,11686,epithelial_like
16.0,11687,epithelial_like
16.0,11688,epithelial_like
16.0,11689,epithelial_like
16.0,11690,hADSCs
16.0,11691,hADSCs
16.0,11692,epithelial_like
16.0,11693,epithelial_like
16.0,11694,epithelial_like
16.0,11695,epithelial_like
16.0,11696,epithelial_like
16.0,11697,epithelial_like
16.0,11698,epithelial_like
16.0,11699,epithelial_like
16.0,11700,epithelial_like
16.0,11701,epithelial_like
16.0,11702,hADSCs
16.0,11703,hADSCs
16.0,11704,hADSCs
16.0,11705,epithelial_like
16.0,11706,epithelial_like
16.0,11707,epithelial_like
16.0,11708,epithelial_like
16.0,11709,epithelial_like
16.0,11710,hADSCs
16.0,11711,hADSCs
16.0,11712,epithelial_like
16.0,11713,epithelial_like
16.0,11714,epithelial_like
16.0,11715,epithelial_like
16.0,11716,epithelial_like
16.0,11717,epithelial_like
16.0,11718,epithelial_like
16.0,11719,epithelial_like
16.0,11720,epithelial_like
16.0,11721,epithelial_like
16.0,11722,epithelial_like
16.0,11723,epithelial_like
16.0,11724,hADSCs
16.0,11725,hADSCs
16.0,11726,epithelial_like
16.0,11727,epithelial_like
16.0,11728,epithelial_like
16.0,11729,epithelial_like
16.0,11730,epithelial_like
16.0,11731,hADSCs
16.0,11732,hADSCs
16.0,11733,epithelial_like
16.0,11734,epithelial_like
16.0,11735,epithelial_like
16.0,11736,hADSCs
16.0,11737,epithelial_like
16.0,11738,epithelial_like
16.0,11739,epithelial_like
16.0,11740,epithelial_like
16.0,11741,hADSCs
16.0,11742,epithelial_like
16.0,11743,epithelial_like
16.0,11744,hADSCs
16.0,11745,hADSCs
16.0,11746,epithelial_like
16.0,11747,epithelial_like
16.0,11748,epithelial_like
16.0,11749,epithelial_like
16.0,11750,hADSCs
16.0,11751,epithelial_like
16.0,11752,epithelial_like
16.0,11753,epithelial_like
16.0,11754,epithelial_like
16.0,11755,epithelial_like
16.0,11756,epithelial_like
16.0,11757,hADSCs
16.0,11758,epithelial_like
16.0,11759,epithelial_like
16.0,11760,epithelial_like
16.0,11761,epithelial_like
16.0,11762,epithelial_like
16.0,11763,epithelial_like
16.0,11764,epithelial_like
16.0,11765,epithelial_like
16.0,11766,hADSCs
16.0,11767,hADSCs
16.0,11768,epithelial_like
16.0,11769,epithelial_like
16.0,11770,epithelial_like
16.0,11771,epithelial_like
16.0,11772,epithelial_like
16.0,11773,epithelial_like
16.0,11774,epithelial_like
16.0,11775,epithelial_like
16.0,11776,epithelial_like
16.0,11777,epithelial_like
16.0,11778,epithelial_like
16.0,11779,epithelial_like
16.0,11780,epithelial_like
16.0,11781,epithelial_like
16.0,11782,epithelial_like
16.0,11783,epithelial_like
16.0,11784,hADSCs
16.0,11785,epithelial_like
16.0,11786,epithelial_like
16.0,11787,epithelial_like
16.0,11788,epithelial_like
16.0,11789,epithelial_like
16.0,11790,epithelial_like
16.0,11791,epithelial_like
16.0,11792,epithelial_like
16.0,11793,epithelial_like
16.0,11794,epithelial_like
16.0,11795,epithelial_like
16.0,11796,epithelial_like
16.0,11797,epithelial_like
16.0,11798,hADSCs
16.0,11799,epithelial_like
16.0,11800,epithelial_like
16.0,11801,epithelial_like
16.0,11802,epithelial_like
16.0,11803,epithelial_like
16.0,11804,epithelial_like
16.0,11805,epithelial_like
16.0,11806,epithelial_like
16.0,11807,epithelial_like
16.0,11808,hADSCs
16.0,11809,hADSCs
16.0,11810,hADSCs
16.0,11811,epithelial_like
16.0,11812,epithelial_like
16.0,11813,hADSCs
16.0,11814,epithelial_like
16.0,11815,epithelial_like
16.0,11816,epithelial_like
16.0,11817,epithelial_like
16.0,11818,epithelial_like
16.0,11819,epithelial_like
16.0,11820,epithelial_like
16.0,11821,epithelial_like
16.0,11822,epithelial_like
16.0,11823,epithelial_like
16.0,11824,epithelial_like
16.0,11825,epithelial_like
16.0,11826,epithelial_like
16.0,11827,hADSCs
16.0,11828,hADSCs
16.0,11829,hADSCs
16.0,11830,epithelial_like
16.0,11831,epithelial_like
16.0,11832,epithelial_like
16.0,11833,epithelial_like
16.0,11834,epithelial_like
16.0,11835,epithelial_like
16.0,11836,epithelial_like
16.0,11837,epithelial_like
16.0,11838,epithelial_like
16.0,11839,epithelial_like
16.0,11840,epithelial_like
16.0,11841,hADSCs
16.0,11842,epithelial_like
16.0,11843,epithelial_like
16.0,11844,epithelial_like
16.0,11845,epithelial_like
16.0,11846,epithelial_like
16.0,11847,epithelial_like
16.0,11848,epithelial_like
16.0,11849,epithelial_like
16.0,11850,epithelial_like
16.0,11851,epithelial_like
16.0,11852,epithelial_like
16.0,11853,epithelial_like
16.0,11854,epithelial_like
16.0,11855,hADSCs
16.0,11856,hADSCs
16.0,11857,epithelial_like
16.0,11858,epithelial_like
16.0,11859,epithelial_like
16.0,11860,epithelial_like
16.0,11861,epithelial_like
16.0,11862,hADSCs
16.0,11863,epithelial_like
16.0,11864,epithelial_like
16.0,11865,epithelial_like
16.0,11866,epithelial_like
16.0,11867,epithelial_like
16.0,11868,epithelial_like
16.0,11869,epithelial_like
16.0,11870,epithelial_like
16.0,11871,epithelial_like
16.0,11872,hADSCs
16.0,11873,hADSCs
16.0,11874,epithelial_like
16.0,11875,epithelial_like
16.0,11876,epithelial_like
16.0,11877,epithelial_like
16.0,11878,epithelial_like
16.0,11879,hADSCs
16.0,11880,epithelial_like
16.0,11881,epithelial_like
16.0,11882,epithelial_like
16.0,11883,hADSCs
16.0,11884,epithelial_like
16.0,11885,epithelial_like
16.0,11886,epithelial_like
16.0,11887,epithelial_like
16.0,11888,epithelial_like
16.0,11889,epithelial_like
16.0,11890,hADSCs
16.0,11891,epithelial_like
16.0,11892,epithelial_like
16.0,11893,epithelial_like
16.0,11894,epithelial_like
16.0,11895,hADSCs
16.0,11896,epithelial_like
16.0,11897,epithelial_like
16.0,11898,epithelial_like
16.0,11899,hADSCs
16.0,11900,hADSCs
16.0,11901,epithelial_like
16.0,11902,hADSCs
16.0,11903,hADSCs
16.0,11904,hADSCs
16.0,11905,epithelial_like
16.0,11906,epithelial_like
16.0,11907,epithelial_like
16.0,11908,hADSCs
16.0,11909,hADSCs
16.0,11910,epithelial_like
16.0,11911,hADSCs
16.0,11912,epithelial_like
16.0,11913,epithelial_like
16.0,11914,hADSCs
16.0,11915,epithelial_like
16.0,11916,epithelial_like
16.0,11917,hADSCs
16.0,11918,epithelial_like
16.0,11919,epithelial_like
16.0,11920,epithelial_like
16.0,11921,hADSCs
16.0,11922,hADSCs
16.0,11923,epithelial_like
16.0,11924,epithelial_like
16.0,11925,epithelial_like
16.0,11926,epithelial_like
16.0,11927,hADSCs
16.0,11928,epithelial_like
16.0,11929,hADSCs
16.0,11930,hADSCs
16.0,11931,epithelial_like
16.0,11932,epithelial_like
16.0,11933,epithelial_like
16.0,11934,epithelial_like
16.0,11935,hADSCs
16.0,11936,epithelial_like
16.0,11937,epithelial_like
16.0,11938,epithelial_like
16.0,11939,epithelial_like
16.0,11940,epithelial_like
16.0,11941,epithelial_like
16.0,11942,epithelial_like
16.0,11943,hADSCs
16.0,11944,hADSCs
16.0,11945,epithelial_like
16.0,11946,epithelial_like
16.0,11947,epithelial_like
16.0,11948,epithelial_like
16.0,11949,epithelial_like
16.0,11950,epithelial_like
16.0,11951,epithelial_like
16.0,11952,hADSCs
16.0,11953,epithelial_like
16.0,11954,epithelial_like
16.0,11955,epithelial_like
16.0,11956,epithelial_like
16.0,11957,epithelial_like
16.0,11958,epithelial_like
16.0,11959,epithelial_like
16.0,11960,epithelial_like
16.0,11961,epithelial_like
16.0,11962,epithelial_like
16.0,11963,hADSCs
16.0,11964,epithelial_like
16.0,11965,epithelial_like
16.0,11966,epithelial_like
16.0,11967,epithelial_like
16.0,11968,epithelial_like
16.0,11969,epithelial_like
16.0,11970,hADSCs
16.0,11971,epithelial_like
16.0,11972,epithelial_like
16.0,11973,epithelial_like
16.0,11974,epithelial_like
16.0,11975,epithelial_like
16.0,11976,hADSCs
16.0,11977,hADSCs
16.0,11978,hADSCs
16.0,11979,epithelial_like
16.0,11980,epithelial_like
16.0,11981,epithelial_like
16.0,11982,epithelial_like
16.0,11983,epithelial_like
16.0,11984,epithelial_like
16.0,11985,epithelial_like
16.0,11986,epithelial_like
16.0,11987,epithelial_like
16.0,11988,epithelial_like
16.0,11989,epithelial_like
16.0,11990,hADSCs
16.0,11991,epithelial_like
16.0,11992,epithelial_like
16.0,11993,hADSCs
16.0,11994,epithelial_like
16.0,11995,epithelial_like
16.0,11996,hADSCs
16.0,11997,epithelial_like
16.0,11998,epithelial_like
16.0,11999,epithelial_like
16.33,12000,hADSCs
16.33,12001,epithelial_like
16.33,12002,hADSCs
16.33,12003,hADSCs
16.33,12004,epithelial_like
16.33,12005,epithelial_like
16.33,12006,epithelial_like
16.33,12007,epithelial_like
16.33,12008,epithelial_like
16.33,12009,epithelial_like
16.33,12010,epithelial_like
16.33,12011,hADSCs
16.33,12012,epithelial_like
16.33,12013,epithelial_like
16.33,12014,epithelial_like
16.33,12015,epithelial_like
16.33,12016,epithelial_like
16.33,12017,epithelial_like
16.33,12018,epithelial_like
16.33,12019,hADSCs
16.33,12020,hADSCs
16.33,12021,hADSCs
16.33,12022,epithelial_like
16.33,12023,hADSCs
16.33,12024,epithelial_like
16.33,12025,epithelial_like
16.33,12026,epithelial_like
16.33,12027,hADSCs
16.33,12028,epithelial_like
16.33,12029,epithelial_like
16.33,12030,epithelial_like
16.33,12031,hADSCs
16.33,12032,hADSCs
16.33,12033,hADSCs
16.33,12034,epithelial_like
16.33,12035,hADSCs
16.33,12036,epithelial_like
16.33,12037,epithelial_like
16.33,12038,epithelial_like
16.33,12039,epithelial_like
16.33,12040,hADSCs
16.33,12041,hADSCs
16.33,12042,hADSCs
16.33,12043,epithelial_like
16.33,12044,hADSCs
16.33,12045,hADSCs
16.33,12046,epithelial_like
16.33,12047,epithelial_like
16.33,12048,epithelial_like
16.33,12049,epithelial_like
16.33,12050,epithelial_like
16.33,12051,hADSCs
16.33,12052,epithelial_like
16.33,12053,hADSCs
16.33,12054,hADSCs
16.33,12055,epithelial_like
16.33,12056,epithelial_like
16.33,12057,hADSCs
16.33,12058,epithelial_like
16.33,12059,hADSCs
16.33,12060,epithelial_like
16.33,12061,epithelial_like
16.33,12062,epithelial_like
16.33,12063,epithelial_like
16.33,12064,epithelial_like
16.33,12065,epithelial_like
16.33,12066,epithelial_like
16.33,12067,epithelial_like
16.33,12068,epithelial_like
16.33,12069,hADSCs
16.33,12070,epithelial_like
16.33,12071,epithelial_like
16.33,12072,epithelial_like
16.33,12073,epithelial_like
16.33,12074,epithelial_like
16.33,12075,hADSCs
16.33,12076,hADSCs
16.33,12077,epithelial_like
16.33,12078,epithelial_like
16.33,12079,epithelial_like
16.33,12080,epithelial_like
16.33,12081,epithelial_like
16.33,12082,epithelial_like
16.33,12083,epithelial_like
16.33,12084,epithelial_like
16.33,12085,epithelial_like
16.33,12086,epithelial_like
16.33,12087,epithelial_like
16.33,12088,epithelial_like
16.33,12089,epithelial_like
16.33,12090,epithelial_like
16.33,12091,epithelial_like
16.33,12092,epithelial_like
16.33,12093,epithelial_like
16.33,12094,epithelial_like
16.33,12095,epithelial_like
16.33,12096,epithelial_like
16.33,12097,epithelial_like
16.33,12098,epithelial_like
16.33,12099,epithelial_like
16.33,12100,epithelial_like
16.33,12101,epithelial_like
16.33,12102,epithelial_like
16.33,12103,epithelial_like
16.33,12104,epithelial_like
16.33,12105,epithelial_like
16.33,12106,epithelial_like
16.33,12107,epithelial_like
16.33,12108,hADSCs
16.33,12109,hADSCs
16.33,12110,epithelial_like
16.33,12111,hADSCs
16.33,12112,epithelial_like
16.33,12113,epithelial_like
16.33,12114,epithelial_like
16.33,12115,hADSCs
16.33,12116,hADSCs
16.33,12117,epithelial_like
16.33,12118,hADSCs
16.33,12119,epithelial_like
16.33,12120,epithelial_like
16.33,12121,epithelial_like
16.33,12122,hADSCs
16.33,12123,hADSCs
16.33,12124,epithelial_like
16.33,12125,epithelial_like
16.33,12126,epithelial_like
16.33,12127,hADSCs
16.33,12128,hCiPS
16.33,12129,epithelial_like
16.33,12130,hADSCs
16.33,12131,epithelial_like
16.33,12132,hADSCs
16.33,12133,epithelial_like
16.33,12134,hADSCs
16.33,12135,epithelial_like
16.33,12136,hADSCs
16.33,12137,epithelial_like
16.33,12138,hADSCs
16.33,12139,epithelial_like
16.33,12140,epithelial_like
16.33,12141,epithelial_like
16.33,12142,epithelial_like
16.33,12143,hADSCs
16.33,12144,epithelial_like
16.33,12145,epithelial_like
16.33,12146,hADSCs
16.33,12147,hADSCs
16.33,12148,hADSCs
16.33,12149,hADSCs
16.33,12150,epithelial_like
16.33,12151,epithelial_like
16.33,12152,epithelial_like
16.33,12153,epithelial_like
16.33,12154,epithelial_like
16.33,12155,hADSCs
16.33,12156,hADSCs
16.33,12157,epithelial_like
16.33,12158,epithelial_like
16.33,12159,epithelial_like
16.33,12160,hADSCs
16.33,12161,epithelial_like
16.33,12162,epithelial_like
16.33,12163,epithelial_like
16.33,12164,epithelial_like
16.33,12165,epithelial_like
16.33,12166,epithelial_like
16.33,12167,epithelial_like
16.33,12168,epithelial_like
16.33,12169,epithelial_like
16.33,12170,epithelial_like
16.33,12171,epithelial_like
16.33,12172,epithelial_like
16.33,12173,epithelial_like
16.33,12174,epithelial_like
16.33,12175,epithelial_like
16.33,12176,epithelial_like
16.33,12177,hADSCs
16.33,12178,epithelial_like
16.33,12179,epithelial_like
16.33,12180,epithelial_like
16.33,12181,hADSCs
16.33,12182,hADSCs
16.33,12183,epithelial_like
16.33,12184,epithelial_like
16.33,12185,epithelial_like
16.33,12186,epithelial_like
16.33,12187,epithelial_like
16.33,12188,hADSCs
16.33,12189,epithelial_like
16.33,12190,epithelial_like
16.33,12191,epithelial_like
16.33,12192,epithelial_like
16.33,12193,epithelial_like
16.33,12194,epithelial_like
16.33,12195,epithelial_like
16.33,12196,epithelial_like
16.33,12197,epithelial_like
16.33,12198,epithelial_like
16.33,12199,epithelial_like
16.33,12200,epithelial_like
16.33,12201,epithelial_like
16.33,12202,epithelial_like
16.33,12203,epithelial_like
16.33,12204,epithelial_like
16.33,12205,hADSCs
16.33,12206,hADSCs
16.33,12207,epithelial_like
16.33,12208,epithelial_like
16.33,12209,epithelial_like
16.33,12210,epithelial_like
16.33,12211,epithelial_like
16.33,12212,epithelial_like
16.33,12213,epithelial_like
16.33,12214,hADSCs
16.33,12215,hADSCs
16.33,12216,epithelial_like
16.33,12217,epithelial_like
16.33,12218,hADSCs
16.33,12219,hADSCs
16.33,12220,epithelial_like
16.33,12221,epithelial_like
16.33,12222,epithelial_like
16.33,12223,epithelial_like
16.33,12224,epithelial_like
16.33,12225,hADSCs
16.33,12226,epithelial_like
16.33,12227,epithelial_like
16.33,12228,epithelial_like
16.33,12229,epithelial_like
16.33,12230,hADSCs
16.33,12231,epithelial_like
16.33,12232,epithelial_like
16.33,12233,epithelial_like
16.33,12234,epithelial_like
16.33,12235,epithelial_like
16.33,12236,hADSCs
16.33,12237,epithelial_like
16.33,12238,hADSCs
16.33,12239,ambiguous
16.33,12240,ambiguous
16.33,12241,ambiguous
16.33,12242,ambiguous
16.33,12243,epithelial_like
16.33,12244,epithelial_like
16.33,12245,epithelial_like
16.33,12246,epithelial_like
16.33,12247,epithelial_like
16.33,12248,epithelial_like
16.33,12249,epithelial_like
16.33,12250,epithelial_like
16.33,12251,epithelial_like
16.33,12252,epithelial_like
16.33,12253,epithelial_like
16.33,12254,epithelial_like
16.33,12255,epithelial_like
16.33,12256,epithelial_like
16.33,12257,epithelial_like
16.33,12258,epithelial_like
16.33,12259,hADSCs
16.33,12260,epithelial_like
16.33,12261,epithelial_like
16.33,12262,epithelial_like
16.33,12263,epithelial_like
16.33,12264,epithelial_like
16.33,12265,epithelial_like
16.33,12266,epithelial_like
16.33,12267,epithelial_like
16.33,12268,hADSCs
16.33,12269,epithelial_like
16.33,12270,epithelial_like
16.33,12271,epithelial_like
16.33,12272,epithelial_like
16.33,12273,epithelial_like
16.33,12274,epithelial_like
16.33,12275,epithelial_like
16.33,12276,epithelial_like
16.33,12277,epithelial_like
16.33,12278,epithelial_like
16.33,12279,epithelial_like
16.33,12280,epithelial_like
16.33,12281,epithelial_like
16.33,12282,epithelial_like
16.33,12283,epithelial_like
16.33,12284,hADSCs
16.33,12285,hADSCs
16.33,12286,epithelial_like
16.33,12287,epithelial_like
16.33,12288,epithelial_like
16.33,12289,epithelial_like
16.33,12290,epithelial_like
16.33,12291,epithelial_like
16.33,12292,epithelial_like
16.33,12293,epithelial_like
16.33,12294,epithelial_like
16.33,12295,epithelial_like
16.33,12296,hADSCs
16.33,12297,epithelial_like
16.33,12298,epithelial_like
16.33,12299,epithelial_like
16.33,12300,hADSCs
16.33,12301,hADSCs
16.33,12302,hADSCs
16.33,12303,epithelial_like
16.33,12304,epithelial_like
16.33,12305,epithelial_like
16.33,12306,epithelial_like
16.33,12307,epithelial_like
16.33,12308,epithelial_like
16.33,12309,epithelial_like
16.33,12310,hADSCs
16.33,12311,epithelial_like
16.33,12312,epithelial_like
16.33,12313,epithelial_like
16.33,12314,epithelial_like
16.33,12315,epithelial_like
16.33,12316,epithelial_like
16.33,12317,epithelial_like
16.33,12318,epithelial_like
16.33,12319,epithelial_like
16.33,12320,epithelial_like
16.33,12321,epithelial_like
16.33,12322,epithelial_like
16.33,12323,hADSCs
16.33,12324,epithelial_like
16.33,12325,epithelial_like
16.33,12326,epithelial_like
16.33,12327,hADSCs
16.33,12328,hADSCs
16.33,12329,epithelial_like
16.33,12330,epithelial_like
16.33,12331,epithelial_like
16.33,12332,epithelial_like
16.33,12333,epithelial_like
16.33,12334,epithelial_like
16.33,12335,epithelial_like
16.33,12336,epithelial_like
16.33,12337,epithelial_like
16.33,12338,epithelial_like
16.33,12339,epithelial_like
16.33,12340,epithelial_like
16.33,12341,epithelial_like
16.33,12342,epithelial_like
16.33,12343,epithelial_like
16.33,12344,epithelial_like
16.33,12345,hADSCs
16.33,12346,epithelial_like
16.33,12347,epithelial_like
16.33,12348,epithelial_like
16.33,12349,epithelial_like
16.33,12350,hADSCs
16.33,12351,hADSCs
16.33,12352,epithelial_like
16.33,12353,hADSCs
16.33,12354,epithelial_like
16.33,12355,epithelial_like
16.33,12356,epithelial_like
16.33,12357,epithelial_like
16.33,12358,epithelial_like
16.33,12359,epithelial_like
16.33,12360,epithelial_like
16.33,12361,hADSCs
16.33,12362,epithelial_like
16.33,12363,epithelial_like
16.33,12364,epithelial_like
16.33,12365,hADSCs
16.33,12366,hADSCs
16.33,12367,hADSCs
16.33,12368,epithelial_like
16.33,12369,epithelial_like
16.33,12370,hADSCs
16.33,12371,epithelial_like
16.33,12372,hADSCs
16.33,12373,epithelial_like
16.33,12374,hADSCs
16.33,12375,epithelial_like
16.33,12376,epithelial_like
16.33,12377,epithelial_like
16.33,12378,hADSCs
16.33,12379,hADSCs
16.33,12380,hADSCs
16.33,12381,hADSCs
16.33,12382,epithelial_like
16.33,12383,hADSCs
16.33,12384,epithelial_like
16.33,12385,epithelial_like
16.33,12386,epithelial_like
16.33,12387,hADSCs
16.33,12388,epithelial_like
16.33,12389,epithelial_like
16.33,12390,epithelial_like
16.33,12391,hADSCs
16.33,12392,epithelial_like
16.33,12393,epithelial_like
16.33,12394,epithelial_like
16.33,12395,hADSCs
16.33,12396,hADSCs
16.33,12397,epithelial_like
16.33,12398,hADSCs
16.33,12399,epithelial_like
16.33,12400,epithelial_like
16.33,12401,epithelial_like
16.33,12402,hADSCs
16.33,12403,hADSCs
16.33,12404,hADSCs
16.33,12405,hADSCs
16.33,12406,epithelial_like
16.33,12407,hADSCs
16.33,12408,epithelial_like
16.33,12409,epithelial_like
16.33,12410,epithelial_like
16.33,12411,epithelial_like
16.33,12412,epithelial_like
16.33,12413,epithelial_like
16.33,12414,epithelial_like
16.33,12415,hADSCs
16.33,12416,epithelial_like
16.33,12417,epithelial_like
16.33,12418,epithelial_like
16.33,12419,epithelial_like
16.33,12420,epithelial_like
16.33,12421,epithelial_like
16.33,12422,epithelial_like
16.33,12423,epithelial_like
16.33,12424,epithelial_like
16.33,12425,hADSCs
16.33,12426,hADSCs
16.33,12427,epithelial_like
16.33,12428,epithelial_like
16.33,12429,hADSCs
16.33,12430,hADSCs
16.33,12431,hADSCs
16.33,12432,epithelial_like
16.33,12433,hADSCs
16.33,12434,epithelial_like
16.33,12435,epithelial_like
16.33,12436,epithelial_like
16.33,12437,epithelial_like
16.33,12438,epithelial_like
16.33,12439,epithelial_like
16.33,12440,hADSCs
16.33,12441,epithelial_like
16.33,12442,hADSCs
16.33,12443,epithelial_like
16.33,12444,epithelial_like
16.33,12445,hADSCs
16.33,12446,hADSCs
16.33,12447,epithelial_like
16.33,12448,epithelial_like
16.33,12449,hADSCs
16.33,12450,epithelial_like
16.33,12451,epithelial_like
16.33,12452,epithelial_like
16.33,12453,epithelial_like
16.33,12454,hADSCs
16.33,12455,epithelial_like
16.33,12456,epithelial_like
16.33,12457,hADSCs
16.33,12458,hADSCs
16.33,12459,epithelial_like
16.33,12460,epithelial_like
16.33,12461,epithelial_like
16.33,12462,epithelial_like
16.33,12463,epithelial_like
16.33,12464,epithelial_like
16.33,12465,epithelial_like
16.33,12466,hADSCs
16.33,12467,hADSCs
16.33,12468,epithelial_like
16.33,12469,epithelial_like
16.33,12470,epithelial_like
16.33,12471,hADSCs
16.33,12472,epithelial_like
16.33,12473,epithelial_like
16.33,12474,epithelial_like
16.33,12475,epithelial_like
16.33,12476,epithelial_like
16.33,12477,epithelial_like
16.33,12478,hADSCs
16.33,12479,hADSCs
16.33,12480,epithelial_like
16.33,12481,epithelial_like
16.33,12482,epithelial_like
16.33,12483,hADSCs
16.33,12484,epithelial_like
16.33,12485,epithelial_like
16.33,12486,epithelial_like
16.33,12487,epithelial_like
16.33,12488,hADSCs
16.33,12489,epithelial_like
16.33,12490,epithelial_like
16.33,12491,epithelial_like
16.33,12492,epithelial_like
16.33,12493,hADSCs
16.33,12494,hADSCs
16.33,12495,hADSCs
16.33,12496,epithelial_like
16.33,12497,epithelial_like
16.33,12498,epithelial_like
16.33,12499,hADSCs
16.33,12500,epithelial_like
16.33,12501,hADSCs
16.33,12502,hADSCs
16.33,12503,hADSCs
16.33,12504,epithelial_like
16.33,12505,hADSCs
16.33,12506,hADSCs
16.33,12507,hADSCs
16.33,12508,epithelial_like
16.33,12509,epithelial_like
16.33,12510,epithelial_like
16.33,12511,hADSCs
16.33,12512,epithelial_like
16.33,12513,epithelial_like
16.33,12514,epithelial_like
16.33,12515,epithelial_like
16.33,12516,epithelial_like
16.33,12517,epithelial_like
16.33,12518,epithelial_like
16.33,12519,epithelial_like
16.33,12520,epithelial_like
16.33,12521,epithelial_like
16.33,12522,epithelial_like
16.33,12523,epithelial_like
16.33,12524,epithelial_like
16.33,12525,epithelial_like
16.33,12526,epithelial_like
16.33,12527,epithelial_like
16.33,12528,epithelial_like
16.33,12529,epithelial_like
16.33,12530,epithelial_like
16.33,12531,epithelial_like
16.33,12532,hADSCs
16.33,12533,hADSCs
16.33,12534,hADSCs
16.33,12535,epithelial_like
16.33,12536,epithelial_like
16.33,12537,epithelial_like
16.33,12538,hADSCs
16.33,12539,epithelial_like
16.33,12540,epithelial_like
16.33,12541,epithelial_like
16.33,12542,hADSCs
16.33,12543,hADSCs
16.33,12544,epithelial_like
16.33,12545,epithelial_like
16.33,12546,hADSCs
16.33,12547,epithelial_like
16.33,12548,hADSCs
16.33,12549,hADSCs
16.33,12550,hADSCs
16.33,12551,hADSCs
16.33,12552,epithelial_like
16.33,12553,hADSCs
16.33,12554,epithelial_like
16.33,12555,hADSCs
16.33,12556,epithelial_like
16.33,12557,epithelial_like
16.33,12558,epithelial_like
16.33,12559,hADSCs
16.33,12560,epithelial_like
16.33,12561,hADSCs
16.33,12562,hADSCs
16.33,12563,epithelial_like
16.33,12564,epithelial_like
16.33,12565,epithelial_like
16.33,12566,epithelial_like
16.33,12567,epithelial_like
16.33,12568,epithelial_like
16.33,12569,epithelial_like
16.33,12570,epithelial_like
16.33,12571,epithelial_like
16.33,12572,epithelial_like
16.33,12573,hADSCs
16.33,12574,epithelial_like
16.33,12575,epithelial_like
16.33,12576,epithelial_like
16.33,12577,hADSCs
16.33,12578,epithelial_like
16.33,12579,epithelial_like
16.33,12580,epithelial_like
16.33,12581,hADSCs
16.33,12582,epithelial_like
16.33,12583,epithelial_like
16.33,12584,epithelial_like
16.33,12585,epithelial_like
16.33,12586,epithelial_like
16.33,12587,epithelial_like
16.33,12588,epithelial_like
16.33,12589,epithelial_like
16.33,12590,epithelial_like
16.33,12591,hADSCs
16.33,12592,epithelial_like
16.33,12593,epithelial_like
16.33,12594,epithelial_like
16.33,12595,epithelial_like
16.33,12596,epithelial_like
16.33,12597,epithelial_like
16.33,12598,hADSCs
16.33,12599,epithelial_like
16.33,12600,epithelial_like
16.33,12601,epithelial_like
16.33,12602,epithelial_like
16.33,12603,epithelial_like
16.33,12604,epithelial_like
16.33,12605,epithelial_like
16.33,12606,hADSCs
16.33,12607,epithelial_like
16.33,12608,epithelial_like
16.33,12609,epithelial_like
16.33,12610,epithelial_like
16.33,12611,hADSCs
16.33,12612,hADSCs
16.33,12613,epithelial_like
16.33,12614,hADSCs
16.33,12615,hADSCs
16.33,12616,hADSCs
16.33,12617,hADSCs
16.33,12618,epithelial_like
16.33,12619,epithelial_like
16.33,12620,epithelial_like
16.33,12621,epithelial_like
16.33,12622,hADSCs
16.33,12623,epithelial_like
16.33,12624,epithelial_like
16.33,12625,hADSCs
16.33,12626,hADSCs
16.33,12627,hADSCs
16.33,12628,hADSCs
16.33,12629,hADSCs
16.33,12630,epithelial_like
16.33,12631,hADSCs
16.33,12632,epithelial_like
16.33,12633,epithelial_like
16.33,12634,hADSCs
16.33,12635,epithelial_like
16.33,12636,epithelial_like
16.33,12637,epithelial_like
16.33,12638,epithelial_like
16.33,12639,epithelial_like
16.33,12640,epithelial_like
16.33,12641,epithelial_like
16.33,12642,epithelial_like
16.33,12643,hADSCs
16.33,12644,epithelial_like
16.33,12645,epithelial_like
16.33,12646,hADSCs
16.33,12647,epithelial_like
16.33,12648,hADSCs
16.33,12649,hADSCs
16.33,12650,hADSCs
16.33,12651,hADSCs
16.33,12652,hADSCs
16.33,12653,hADSCs
16.33,12654,hADSCs
16.33,12655,epithelial_like
16.33,12656,epithelial_like
16.33,12657,epithelial_like
16.33,12658,epithelial_like
16.33,12659,epithelial_like
16.33,12660,epithelial_like
16.33,12661,hADSCs
16.33,12662,epithelial_like
16.33,12663,hADSCs
16.33,12664,hADSCs
16.33,12665,epithelial_like
16.33,12666,hADSCs
16.33,12667,epithelial_like
16.33,12668,hADSCs
16.33,12669,epithelial_like
16.33,12670,hADSCs
16.33,12671,epithelial_like
16.33,12672,epithelial_like
16.33,12673,epithelial_like
16.33,12674,epithelial_like
16.33,12675,ambiguous
16.33,12676,epithelial_like
16.33,12677,epithelial_like
16.33,12678,epithelial_like
16.33,12679,hADSCs
16.33,12680,hADSCs
16.33,12681,hADSCs
16.33,12682,hADSCs
16.33,12683,epithelial_like
16.33,12684,epithelial_like
16.33,12685,epithelial_like
16.33,12686,hADSCs
16.33,12687,epithelial_like
16.33,12688,hADSCs
16.33,12689,hADSCs
16.33,12690,hADSCs
16.33,12691,hADSCs
16.33,12692,epithelial_like
16.33,12693,hADSCs
16.33,12694,hADSCs
16.33,12695,epithelial_like
16.33,12696,epithelial_like
16.33,12697,epithelial_like
16.33,12698,epithelial_like
16.33,12699,epithelial_like
16.33,12700,epithelial_like
16.33,12701,epithelial_like
16.33,12702,hADSCs
16.33,12703,epithelial_like
16.33,12704,epithelial_like
16.33,12705,epithelial_like
16.33,12706,epithelial_like
16.33,12707,hADSCs
16.33,12708,hADSCs
16.33,12709,epithelial_like
16.33,12710,epithelial_like
16.33,12711,epithelial_like
16.33,12712,hADSCs
16.33,12713,epithelial_like
16.33,12714,hADSCs
16.33,12715,epithelial_like
16.33,12716,epithelial_like
16.33,12717,epithelial_like
16.33,12718,hADSCs
16.33,12719,epithelial_like
16.33,12720,epithelial_like
16.33,12721,epithelial_like
16.33,12722,hADSCs
16.33,12723,epithelial_like
16.33,12724,epithelial_like
16.33,12725,epithelial_like
16.33,12726,hADSCs
16.33,12727,epithelial_like
16.33,12728,epithelial_like
16.33,12729,epithelial_like
16.33,12730,epithelial_like
16.33,12731,epithelial_like
16.33,12732,epithelial_like
16.33,12733,epithelial_like
16.33,12734,epithelial_like
16.33,12735,epithelial_like
16.33,12736,epithelial_like
16.33,12737,epithelial_like
16.33,12738,epithelial_like
16.33,12739,epithelial_like
16.33,12740,hADSCs
16.33,12741,hADSCs
16.33,12742,epithelial_like
16.33,12743,hADSCs
16.33,12744,epithelial_like
16.33,12745,epithelial_like
16.33,12746,epithelial_like
16.33,12747,hADSCs
16.33,12748,epithelial_like
16.33,12749,epithelial_like
16.33,12750,epithelial_like
16.33,12751,epithelial_like
16.33,12752,epithelial_like
16.33,12753,epithelial_like
16.33,12754,epithelial_like
16.33,12755,epithelial_like
16.33,12756,epithelial_like
16.33,12757,epithelial_like
16.33,12758,epithelial_like
16.33,12759,epithelial_like
16.33,12760,epithelial_like
16.33,12761,epithelial_like
16.33,12762,epithelial_like
16.33,12763,epithelial_like
16.33,12764,epithelial_like
16.33,12765,epithelial_like
16.33,12766,epithelial_like
16.33,12767,epithelial_like
16.33,12768,epithelial_like
16.33,12769,hADSCs
16.33,12770,epithelial_like
16.33,12771,hADSCs
16.33,12772,epithelial_like
16.33,12773,epithelial_like
16.33,12774,epithelial_like
16.33,12775,epithelial_like
16.33,12776,epithelial_like
16.33,12777,epithelial_like
16.33,12778,epithelial_like
16.33,12779,hADSCs
16.33,12780,epithelial_like
16.33,12781,epithelial_like
16.33,12782,hADSCs
16.33,12783,epithelial_like
16.33,12784,epithelial_like
16.33,12785,epithelial_like
16.33,12786,epithelial_like
16.33,12787,epithelial_like
16.33,12788,hADSCs
16.33,12789,epithelial_like
16.33,12790,epithelial_like
16.33,12791,epithelial_like
16.33,12792,epithelial_like
16.33,12793,epithelial_like
16.33,12794,epithelial_like
16.33,12795,epithelial_like
16.33,12796,hADSCs
16.33,12797,epithelial_like
16.33,12798,epithelial_like
16.33,12799,epithelial_like
16.33,12800,epithelial_like
16.33,12801,epithelial_like
16.33,12802,epithelial_like
16.33,12803,epithelial_like
16.33,12804,epithelial_like
16.33,12805,epithelial_like
16.33,12806,epithelial_like
16.33,12807,epithelial_like
16.33,12808,hADSCs
16.33,12809,hADSCs
16.33,12810,epithelial_like
16.33,12811,hADSCs
16.33,12812,hADSCs
16.33,12813,hADSCs
16.33,12814,epithelial_like
16.33,12815,epithelial_like
16.33,12816,hADSCs
16.33,12817,hADSCs
16.33,12818,epithelial_like
16.33,12819,epithelial_like
16.33,12820,hADSCs
16.33,12821,hADSCs
16.33,12822,hADSCs
16.33,12823,epithelial_like
16.33,12824,hADSCs
16.33,12825,hADSCs
16.33,12826,epithelial_like
16.33,12827,hADSCs
16.33,12828,hADSCs
16.33,12829,hADSCs
16.33,12830,epithelial_like
16.33,12831,epithelial_like
16.33,12832,hADSCs
16.33,12833,hADSCs
16.33,12834,hADSCs
16.33,12835,epithelial_like
16.33,12836,hADSCs
16.33,12837,epithelial_like
16.33,12838,hADSCs
16.33,12839,epithelial_like
16.33,12840,epithelial_like
16.33,12841,epithelial_like
16.33,12842,epithelial_like
16.33,12843,hADSCs
16.33,12844,epithelial_like
16.33,12845,epithelial_like
16.33,12846,epithelial_like
16.33,12847,epithelial_like
16.33,12848,epithelial_like
16.33,12849,epithelial_like
16.33,12850,hADSCs
16.33,12851,epithelial_like
16.33,12852,epithelial_like
16.33,12853,epithelial_like
16.33,12854,hADSCs
16.33,12855,epithelial_like
16.33,12856,epithelial_like
16.33,12857,hADSCs
16.33,12858,hADSCs
16.33,12859,hADSCs
16.33,12860,epithelial_like
16.33,12861,epithelial_like
16.33,12862,epithelial_like
16.33,12863,hADSCs
16.33,12864,hADSCs
16.33,12865,epithelial_like
16.33,12866,hADSCs
16.33,12867,epithelial_like
16.33,12868,epithelial_like
16.33,12869,epithelial_like
16.33,12870,epithelial_like
16.33,12871,hADSCs
16.33,12872,hADSCs
16.33,12873,epithelial_like
16.33,12874,epithelial_like
16.33,12875,epithelial_like
16.33,12876,epithelial_like
16.33,12877,epithelial_like
16.33,12878,hADSCs
16.33,12879,hADSCs
16.33,12880,epithelial_like
16.33,12881,epithelial_like
16.33,12882,hADSCs
16.33,12883,hADSCs
16.33,12884,epithelial_like
16.33,12885,epithelial_like
16.33,12886,epithelial_like
16.33,12887,hADSCs
16.33,12888,epithelial_like
16.33,12889,epithelial_like
16.33,12890,epithelial_like
16.33,12891,epithelial_like
16.33,12892,epithelial_like
16.33,12893,epithelial_like
16.33,12894,epithelial_like
16.33,12895,epithelial_like
16.33,12896,hADSCs
16.33,12897,epithelial_like
16.33,12898,epithelial_like
16.33,12899,epithelial_like
16.33,12900,epithelial_like
16.33,12901,epithelial_like
16.33,12902,epithelial_like
16.33,12903,hADSCs
16.33,12904,hADSCs
16.33,12905,epithelial_like
16.33,12906,epithelial_like
16.33,12907,epithelial_like
16.33,12908,hADSCs
16.33,12909,epithelial_like
16.33,12910,epithelial_like
16.33,12911,epithelial_like
16.33,12912,epithelial_like
16.33,12913,epithelial_like
16.33,12914,epithelial_like
16.33,12915,hADSCs
16.33,12916,epithelial_like
16.33,12917,epithelial_like
16.33,12918,epithelial_like
16.33,12919,hADSCs
16.33,12920,hADSCs
16.33,12921,hADSCs
16.33,12922,epithelial_like
16.33,12923,epithelial_like
16.33,12924,hADSCs
16.33,12925,epithelial_like
16.33,12926,epithelial_like
16.33,12927,epithelial_like
16.33,12928,epithelial_like
16.33,12929,epithelial_like
16.33,12930,epithelial_like
16.33,12931,epithelial_like
16.33,12932,hADSCs
16.33,12933,epithelial_like
16.33,12934,epithelial_like
16.33,12935,epithelial_like
16.33,12936,epithelial_like
16.33,12937,hADSCs
16.33,12938,epithelial_like
16.33,12939,epithelial_like
16.33,12940,hADSCs
16.33,12941,hADSCs
16.33,12942,hADSCs
16.33,12943,hADSCs
16.33,12944,hADSCs
16.33,12945,epithelial_like
16.33,12946,hADSCs
16.33,12947,hADSCs
16.33,12948,hADSCs
16.33,12949,epithelial_like
16.33,12950,epithelial_like
16.33,12951,epithelial_like
16.33,12952,epithelial_like
16.33,12953,epithelial_like
16.33,12954,epithelial_like
16.33,12955,hADSCs
16.33,12956,epithelial_like
16.33,12957,hADSCs
16.33,12958,epithelial_like
16.33,12959,epithelial_like
16.33,12960,epithelial_like
16.33,12961,hADSCs
16.33,12962,hADSCs
16.33,12963,epithelial_like
16.33,12964,epithelial_like
16.33,12965,epithelial_like
16.33,12966,epithelial_like
16.33,12967,hADSCs
16.33,12968,epithelial_like
16.33,12969,epithelial_like
16.33,12970,epithelial_like
16.33,12971,epithelial_like
16.33,12972,epithelial_like
16.33,12973,epithelial_like
16.33,12974,hADSCs
16.33,12975,epithelial_like
16.33,12976,hADSCs
16.33,12977,epithelial_like
16.33,12978,epithelial_like
16.33,12979,epithelial_like
16.33,12980,epithelial_like
16.33,12981,hADSCs
16.33,12982,hADSCs
16.33,12983,epithelial_like
16.33,12984,epithelial_like
16.33,12985,epithelial_like
16.33,12986,epithelial_like
16.33,12987,hADSCs
16.33,12988,epithelial_like
16.33,12989,epithelial_like
16.33,12990,epithelial_like
16.33,12991,hADSCs
16.33,12992,epithelial_like
16.33,12993,epithelial_like
16.33,12994,hADSCs
16.33,12995,hADSCs
16.33,12996,hADSCs
16.33,12997,epithelial_like
16.33,12998,epithelial_like
16.33,12999,epithelial_like
16.33,13000,epithelial_like
16.33,13001,epithelial_like
16.33,13002,epithelial_like
16.33,13003,epithelial_like
16.33,13004,epithelial_like
16.33,13005,hADSCs
16.33,13006,hADSCs
16.33,13007,epithelial_like
16.33,13008,epithelial_like
16.33,13009,epithelial_like
16.33,13010,hADSCs
16.33,13011,epithelial_like
16.33,13012,hADSCs
16.33,13013,epithelial_like
16.33,13014,epithelial_like
16.33,13015,epithelial_like
16.33,13016,hADSCs
16.33,13017,hADSCs
16.33,13018,hADSCs
16.33,13019,epithelial_like
16.33,13020,epithelial_like
16.33,13021,epithelial_like
16.33,13022,epithelial_like
16.33,13023,epithelial_like
16.33,13024,epithelial_like
16.33,13025,epithelial_like
16.33,13026,epithelial_like
16.33,13027,epithelial_like
16.33,13028,epithelial_like
16.33,13029,epithelial_like
16.33,13030,epithelial_like
16.33,13031,epithelial_like
16.33,13032,epithelial_like
16.33,13033,epithelial_like
16.33,13034,epithelial_like
16.33,13035,epithelial_like
16.33,13036,hADSCs
16.33,13037,epithelial_like
16.33,13038,epithelial_like
16.33,13039,epithelial_like
16.33,13040,hADSCs
16.33,13041,epithelial_like
16.33,13042,epithelial_like
16.33,13043,epithelial_like
16.33,13044,epithelial_like
16.33,13045,epithelial_like
16.33,13046,epithelial_like
16.33,13047,epithelial_like
16.33,13048,hADSCs
16.33,13049,hADSCs
16.33,13050,hADSCs
16.33,13051,epithelial_like
16.33,13052,epithelial_like
16.33,13053,hADSCs
16.33,13054,hADSCs
16.33,13055,epithelial_like
16.33,13056,hADSCs
16.33,13057,hADSCs
16.33,13058,epithelial_like
16.33,13059,hADSCs
16.33,13060,hADSCs
16.33,13061,epithelial_like
16.33,13062,epithelial_like
16.33,13063,epithelial_like
16.33,13064,epithelial_like
16.33,13065,epithelial_like
16.33,13066,epithelial_like
16.33,13067,epithelial_like
16.33,13068,epithelial_like
16.33,13069,hADSCs
16.33,13070,epithelial_like
16.33,13071,epithelial_like
16.33,13072,hADSCs
16.33,13073,epithelial_like
16.33,13074,epithelial_like
16.33,13075,epithelial_like
16.33,13076,epithelial_like
16.33,13077,epithelial_like
16.33,13078,epithelial_like
16.33,13079,epithelial_like
16.33,13080,hADSCs
16.33,13081,epithelial_like
16.33,13082,epithelial_like
16.33,13083,epithelial_like
16.33,13084,epithelial_like
16.33,13085,epithelial_like
16.33,13086,epithelial_like
16.33,13087,epithelial_like
16.33,13088,epithelial_like
16.33,13089,epithelial_like
16.33,13090,epithelial_like
16.33,13091,epithelial_like
16.33,13092,hADSCs
16.33,13093,epithelial_like
16.33,13094,epithelial_like
16.33,13095,epithelial_like
16.33,13096,hADSCs
16.33,13097,epithelial_like
16.33,13098,epithelial_like
16.33,13099,epithelial_like
16.33,13100,epithelial_like
16.33,13101,epithelial_like
16.33,13102,epithelial_like
16.33,13103,epithelial_like
16.33,13104,hADSCs
16.33,13105,hADSCs
16.33,13106,epithelial_like
16.33,13107,epithelial_like
16.33,13108,epithelial_like
16.33,13109,hADSCs
16.33,13110,epithelial_like
16.33,13111,hADSCs
16.33,13112,epithelial_like
16.33,13113,epithelial_like
16.33,13114,epithelial_like
16.33,13115,epithelial_like
16.33,13116,epithelial_like
16.33,13117,epithelial_like
16.33,13118,hADSCs
16.33,13119,epithelial_like
16.33,13120,epithelial_like
16.33,13121,epithelial_like
16.33,13122,epithelial_like
16.33,13123,epithelial_like
16.33,13124,epithelial_like
16.33,13125,epithelial_like
16.33,13126,epithelial_like
16.33,13127,epithelial_like
16.33,13128,epithelial_like
16.33,13129,epithelial_like
16.33,13130,epithelial_like
16.33,13131,epithelial_like
16.33,13132,epithelial_like
16.33,13133,epithelial_like
16.33,13134,epithelial_like
16.33,13135,hADSCs
16.33,13136,hADSCs
16.33,13137,epithelial_like
16.33,13138,epithelial_like
16.33,13139,epithelial_like
16.33,13140,epithelial_like
16.33,13141,epithelial_like
16.33,13142,epithelial_like
16.33,13143,epithelial_like
16.33,13144,epithelial_like
16.33,13145,epithelial_like
16.33,13146,epithelial_like
16.33,13147,epithelial_like
16.33,13148,epithelial_like
16.33,13149,epithelial_like
16.33,13150,hADSCs
16.33,13151,epithelial_like
16.33,13152,hADSCs
16.33,13153,epithelial_like
16.33,13154,hADSCs
16.33,13155,hADSCs
16.33,13156,hADSCs
16.33,13157,hADSCs
16.33,13158,epithelial_like
16.33,13159,hADSCs
16.33,13160,epithelial_like
16.33,13161,epithelial_like
16.33,13162,epithelial_like
16.33,13163,epithelial_like
16.33,13164,hADSCs
16.33,13165,epithelial_like
16.33,13166,epithelial_like
16.33,13167,epithelial_like
16.33,13168,epithelial_like
16.33,13169,epithelial_like
16.33,13170,epithelial_like
16.33,13171,hADSCs
16.33,13172,hADSCs
16.33,13173,hADSCs
16.33,13174,epithelial_like
16.33,13175,epithelial_like
16.33,13176,epithelial_like
16.33,13177,epithelial_like
16.33,13178,epithelial_like
16.33,13179,hADSCs
16.33,13180,epithelial_like
16.33,13181,epithelial_like
16.33,13182,hADSCs
16.33,13183,epithelial_like
16.33,13184,epithelial_like
16.33,13185,epithelial_like
16.33,13186,epithelial_like
16.33,13187,epithelial_like
16.33,13188,epithelial_like
16.33,13189,epithelial_like
16.33,13190,hADSCs
16.33,13191,hADSCs
16.33,13192,hADSCs
16.33,13193,epithelial_like
16.33,13194,epithelial_like
16.33,13195,epithelial_like
16.33,13196,epithelial_like
16.33,13197,epithelial_like
16.33,13198,epithelial_like
16.33,13199,epithelial_like
16.33,13200,epithelial_like
16.33,13201,hADSCs
16.33,13202,epithelial_like
16.33,13203,hADSCs
16.33,13204,epithelial_like
16.33,13205,epithelial_like
16.33,13206,epithelial_like
16.33,13207,epithelial_like
16.33,13208,epithelial_like
16.33,13209,epithelial_like
16.33,13210,epithelial_like
16.33,13211,hADSCs
16.33,13212,hADSCs
16.33,13213,epithelial_like
16.33,13214,epithelial_like
16.33,13215,intermediate_plastic
16.33,13216,epithelial_like
16.33,13217,epithelial_like
16.33,13218,epithelial_like
16.33,13219,epithelial_like
16.33,13220,epithelial_like
16.33,13221,epithelial_like
16.33,13222,hADSCs
16.33,13223,epithelial_like
16.33,13224,hADSCs
16.33,13225,hADSCs
16.33,13226,hADSCs
16.33,13227,epithelial_like
16.33,13228,hADSCs
16.33,13229,epithelial_like
16.33,13230,epithelial_like
16.33,13231,epithelial_like
16.33,13232,epithelial_like
16.33,13233,epithelial_like
16.33,13234,epithelial_like
16.33,13235,epithelial_like
16.33,13236,hADSCs
16.33,13237,hADSCs
16.33,13238,epithelial_like
16.33,13239,epithelial_like
16.33,13240,epithelial_like
16.33,13241,hADSCs
16.33,13242,epithelial_like
16.33,13243,epithelial_like
16.33,13244,epithelial_like
16.33,13245,hADSCs
16.33,13246,hADSCs
16.33,13247,hADSCs
16.33,13248,epithelial_like
16.33,13249,hADSCs
16.33,13250,hADSCs
16.33,13251,epithelial_like
16.33,13252,epithelial_like
16.33,13253,epithelial_like
16.33,13254,hADSCs
16.33,13255,epithelial_like
16.33,13256,epithelial_like
16.33,13257,hADSCs
16.33,13258,epithelial_like
16.33,13259,epithelial_like
16.33,13260,epithelial_like
16.33,13261,epithelial_like
16.33,13262,epithelial_like
16.33,13263,hADSCs
16.33,13264,hADSCs
16.33,13265,epithelial_like
16.33,13266,hADSCs
16.33,13267,hADSCs
16.33,13268,hADSCs
16.33,13269,hADSCs
16.33,13270,epithelial_like
16.33,13271,hADSCs
16.33,13272,epithelial_like
16.33,13273,hADSCs
16.33,13274,epithelial_like
16.33,13275,epithelial_like
16.33,13276,epithelial_like
16.33,13277,epithelial_like
16.33,13278,hCiPS
16.33,13279,epithelial_like
16.33,13280,epithelial_like
16.33,13281,epithelial_like
16.33,13282,hADSCs
16.33,13283,epithelial_like
16.33,13284,epithelial_like
16.33,13285,hADSCs
16.33,13286,epithelial_like
16.33,13287,epithelial_like
16.33,13288,epithelial_like
16.33,13289,hADSCs
16.33,13290,hADSCs
16.33,13291,epithelial_like
16.33,13292,epithelial_like
16.33,13293,epithelial_like
16.33,13294,hADSCs
16.33,13295,epithelial_like
16.33,13296,epithelial_like
16.33,13297,epithelial_like
16.33,13298,hADSCs
16.33,13299,epithelial_like
16.33,13300,epithelial_like
16.33,13301,epithelial_like
16.33,13302,epithelial_like
16.33,13303,epithelial_like
16.33,13304,epithelial_like
16.33,13305,epithelial_like
16.33,13306,hADSCs
16.33,13307,hADSCs
16.33,13308,hADSCs
16.33,13309,hADSCs
16.33,13310,hADSCs
16.33,13311,hADSCs
16.33,13312,hADSCs
16.33,13313,hADSCs
16.33,13314,epithelial_like
16.33,13315,epithelial_like
16.33,13316,hADSCs
16.33,13317,hADSCs
16.33,13318,hADSCs
16.33,13319,epithelial_like
16.33,13320,epithelial_like
16.33,13321,epithelial_like
16.33,13322,hADSCs
16.33,13323,epithelial_like
16.33,13324,epithelial_like
16.33,13325,epithelial_like
16.33,13326,epithelial_like
16.33,13327,epithelial_like
16.33,13328,epithelial_like
16.33,13329,hADSCs
16.33,13330,epithelial_like
16.33,13331,epithelial_like
16.33,13332,epithelial_like
16.33,13333,hADSCs
16.33,13334,epithelial_like
16.33,13335,hCiPS
16.33,13336,epithelial_like
16.33,13337,hADSCs
16.33,13338,epithelial_like
16.33,13339,epithelial_like
16.33,13340,epithelial_like
16.33,13341,epithelial_like
16.33,13342,epithelial_like
16.33,13343,epithelial_like
16.33,13344,hADSCs
16.33,13345,hADSCs
16.33,13346,epithelial_like
16.33,13347,epithelial_like
16.33,13348,epithelial_like
16.33,13349,epithelial_like
16.33,13350,epithelial_like
16.33,13351,epithelial_like
16.33,13352,epithelial_like
16.33,13353,epithelial_like
16.33,13354,epithelial_like
16.33,13355,epithelial_like
16.33,13356,epithelial_like
16.33,13357,epithelial_like
16.33,13358,epithelial_like
16.33,13359,epithelial_like
16.33,13360,epithelial_like
16.33,13361,epithelial_like
16.33,13362,epithelial_like
16.33,13363,intermediate_plastic
16.33,13364,hADSCs
16.33,13365,epithelial_like
16.33,13366,epithelial_like
16.33,13367,hADSCs
16.33,13368,epithelial_like
16.33,13369,epithelial_like
16.33,13370,epithelial_like
16.33,13371,epithelial_like
16.33,13372,hADSCs
16.33,13373,hADSCs
16.33,13374,hADSCs
16.33,13375,hADSCs
16.33,13376,epithelial_like
16.33,13377,epithelial_like
16.33,13378,epithelial_like
16.33,13379,epithelial_like
16.33,13380,epithelial_like
16.33,13381,epithelial_like
16.33,13382,epithelial_like
16.33,13383,epithelial_like
16.33,13384,epithelial_like
16.33,13385,epithelial_like
16.33,13386,epithelial_like
16.33,13387,hADSCs
16.33,13388,hADSCs
16.33,13389,hADSCs
16.33,13390,hADSCs
16.33,13391,epithelial_like
16.33,13392,epithelial_like
16.33,13393,epithelial_like
16.33,13394,hADSCs
16.33,13395,epithelial_like
16.33,13396,hADSCs
16.33,13397,epithelial_like
16.33,13398,epithelial_like
16.33,13399,hADSCs
16.33,13400,hADSCs
16.33,13401,epithelial_like
16.33,13402,epithelial_like
16.33,13403,epithelial_like
16.33,13404,hADSCs
16.33,13405,epithelial_like
16.33,13406,epithelial_like
16.33,13407,epithelial_like
16.33,13408,epithelial_like
16.33,13409,epithelial_like
16.33,13410,hADSCs
16.33,13411,epithelial_like
16.33,13412,epithelial_like
16.33,13413,epithelial_like
16.33,13414,hADSCs
16.33,13415,hADSCs
16.33,13416,epithelial_like
16.33,13417,epithelial_like
16.33,13418,epithelial_like
16.33,13419,epithelial_like
16.33,13420,epithelial_like
16.33,13421,epithelial_like
16.33,13422,epithelial_like
16.33,13423,epithelial_like
16.33,13424,hADSCs
16.33,13425,epithelial_like
16.33,13426,epithelial_like
16.33,13427,epithelial_like
16.33,13428,epithelial_like
16.33,13429,hADSCs
16.33,13430,hADSCs
16.33,13431,hADSCs
16.33,13432,epithelial_like
16.33,13433,epithelial_like
16.33,13434,epithelial_like
16.33,13435,epithelial_like
16.33,13436,hADSCs
16.33,13437,epithelial_like
16.33,13438,hADSCs
16.33,13439,epithelial_like
16.33,13440,epithelial_like
16.33,13441,epithelial_like
16.33,13442,epithelial_like
16.33,13443,epithelial_like
16.33,13444,epithelial_like
16.33,13445,epithelial_like
16.33,13446,epithelial_like
16.33,13447,epithelial_like
16.33,13448,hADSCs
16.33,13449,epithelial_like
16.33,13450,epithelial_like
16.33,13451,epithelial_like
16.33,13452,hADSCs
16.33,13453,epithelial_like
16.33,13454,epithelial_like
16.33,13455,epithelial_like
16.33,13456,hADSCs
16.33,13457,epithelial_like
16.33,13458,epithelial_like
16.33,13459,epithelial_like
16.33,13460,hADSCs
16.33,13461,hADSCs
16.33,13462,epithelial_like
16.33,13463,hADSCs
16.33,13464,hADSCs
16.33,13465,hADSCs
16.33,13466,hADSCs
16.33,13467,hADSCs
16.33,13468,epithelial_like
16.33,13469,epithelial_like
16.33,13470,hADSCs
16.33,13471,hADSCs
16.33,13472,hADSCs
16.33,13473,epithelial_like
16.33,13474,epithelial_like
16.33,13475,epithelial_like
16.33,13476,epithelial_like
16.33,13477,hADSCs
16.33,13478,epithelial_like
16.33,13479,epithelial_like
16.33,13480,hADSCs
16.33,13481,epithelial_like
16.33,13482,hADSCs
16.33,13483,epithelial_like
16.33,13484,epithelial_like
16.33,13485,epithelial_like
16.33,13486,epithelial_like
16.33,13487,epithelial_like
16.33,13488,epithelial_like
16.33,13489,epithelial_like
16.33,13490,epithelial_like
16.33,13491,epithelial_like
16.33,13492,epithelial_like
16.33,13493,epithelial_like
16.33,13494,epithelial_like
16.33,13495,intermediate_plastic
16.33,13496,epithelial_like
16.33,13497,epithelial_like
16.33,13498,epithelial_like
16.33,13499,epithelial_like
16.33,13500,epithelial_like
16.33,13501,epithelial_like
16.33,13502,epithelial_like
16.33,13503,epithelial_like
16.33,13504,epithelial_like
16.33,13505,epithelial_like
16.33,13506,epithelial_like
16.33,13507,epithelial_like
16.33,13508,epithelial_like
16.33,13509,epithelial_like
16.33,13510,epithelial_like
16.33,13511,hADSCs
16.33,13512,epithelial_like
16.33,13513,hADSCs
16.33,13514,hADSCs
16.33,13515,epithelial_like
16.33,13516,epithelial_like
16.33,13517,epithelial_like
16.33,13518,epithelial_like
16.33,13519,epithelial_like
16.33,13520,hADSCs
16.33,13521,epithelial_like
16.33,13522,epithelial_like
16.33,13523,epithelial_like
16.33,13524,hADSCs
16.33,13525,epithelial_like
16.33,13526,hADSCs
16.33,13527,epithelial_like
16.33,13528,epithelial_like
16.33,13529,epithelial_like
16.33,13530,epithelial_like
16.33,13531,epithelial_like
16.33,13532,epithelial_like
16.33,13533,epithelial_like
16.33,13534,epithelial_like
16.33,13535,epithelial_like
16.33,13536,hADSCs
16.33,13537,epithelial_like
16.33,13538,epithelial_like
16.33,13539,epithelial_like
16.33,13540,epithelial_like
16.33,13541,epithelial_like
16.33,13542,epithelial_like
16.33,13543,epithelial_like
16.33,13544,hADSCs
16.33,13545,epithelial_like
16.33,13546,epithelial_like
16.33,13547,hADSCs
16.33,13548,epithelial_like
16.33,13549,epithelial_like
16.33,13550,epithelial_like
16.33,13551,epithelial_like
16.33,13552,epithelial_like
16.33,13553,epithelial_like
16.33,13554,epithelial_like
16.33,13555,hADSCs
16.33,13556,epithelial_like
16.33,13557,epithelial_like
16.33,13558,epithelial_like
16.33,13559,hADSCs
16.33,13560,hADSCs
16.33,13561,epithelial_like
16.33,13562,hADSCs
16.33,13563,hADSCs
16.33,13564,epithelial_like
16.33,13565,epithelial_like
16.33,13566,epithelial_like
16.33,13567,epithelial_like
16.33,13568,hADSCs
16.33,13569,hADSCs
16.33,13570,epithelial_like
16.33,13571,hADSCs
16.33,13572,hADSCs
16.33,13573,epithelial_like
16.33,13574,epithelial_like
16.33,13575,epithelial_like
16.33,13576,epithelial_like
16.33,13577,epithelial_like
16.33,13578,epithelial_like
16.33,13579,epithelial_like
16.33,13580,epithelial_like
16.33,13581,epithelial_like
16.33,13582,epithelial_like
16.33,13583,epithelial_like
16.33,13584,epithelial_like
16.33,13585,epithelial_like
16.33,13586,hADSCs
16.33,13587,epithelial_like
16.33,13588,epithelial_like
16.33,13589,epithelial_like
16.33,13590,hADSCs
16.33,13591,hADSCs
16.33,13592,hADSCs
16.33,13593,epithelial_like
16.33,13594,epithelial_like
16.33,13595,hADSCs
16.33,13596,epithelial_like
16.33,13597,hADSCs
16.33,13598,hADSCs
16.33,13599,epithelial_like
16.33,13600,epithelial_like
16.33,13601,epithelial_like
16.33,13602,epithelial_like
16.33,13603,epithelial_like
16.33,13604,hADSCs
16.33,13605,epithelial_like
16.33,13606,epithelial_like
16.33,13607,epithelial_like
16.33,13608,epithelial_like
16.33,13609,epithelial_like
16.33,13610,epithelial_like
16.33,13611,epithelial_like
16.33,13612,hADSCs
16.33,13613,epithelial_like
16.33,13614,hADSCs
16.33,13615,hADSCs
16.33,13616,hADSCs
16.33,13617,hADSCs
16.33,13618,epithelial_like
16.33,13619,hADSCs
16.33,13620,epithelial_like
16.33,13621,hADSCs
16.33,13622,epithelial_like
16.33,13623,hADSCs
16.33,13624,hADSCs
16.33,13625,hADSCs
16.33,13626,epithelial_like
16.33,13627,epithelial_like
16.33,13628,hADSCs
16.33,13629,epithelial_like
16.33,13630,epithelial_like
16.33,13631,epithelial_like
16.33,13632,epithelial_like
16.33,13633,epithelial_like
16.33,13634,epithelial_like
16.33,13635,epithelial_like
16.33,13636,epithelial_like
16.33,13637,hADSCs
16.33,13638,epithelial_like
16.33,13639,hADSCs
16.33,13640,hADSCs
16.33,13641,hADSCs
16.33,13642,epithelial_like
16.33,13643,epithelial_like
16.33,13644,epithelial_like
16.33,13645,hADSCs
16.33,13646,epithelial_like
16.33,13647,epithelial_like
16.33,13648,epithelial_like
16.33,13649,hADSCs
16.33,13650,hADSCs
16.33,13651,hADSCs
16.33,13652,epithelial_like
16.33,13653,epithelial_like
16.33,13654,epithelial_like
16.33,13655,epithelial_like
16.33,13656,epithelial_like
16.33,13657,epithelial_like
16.33,13658,epithelial_like
16.33,13659,epithelial_like
16.33,13660,hADSCs
16.33,13661,hADSCs
16.33,13662,epithelial_like
16.33,13663,epithelial_like
16.33,13664,epithelial_like
16.33,13665,hADSCs
16.33,13666,epithelial_like
16.33,13667,hADSCs
16.33,13668,epithelial_like
16.33,13669,epithelial_like
16.33,13670,hADSCs
16.33,13671,epithelial_like
16.33,13672,hADSCs
16.33,13673,hADSCs
16.33,13674,epithelial_like
16.33,13675,epithelial_like
16.33,13676,hADSCs
16.33,13677,epithelial_like
16.33,13678,epithelial_like
16.33,13679,epithelial_like
16.33,13680,hADSCs
16.33,13681,hADSCs
16.33,13682,hADSCs
16.33,13683,epithelial_like
16.33,13684,epithelial_like
16.33,13685,epithelial_like
16.33,13686,epithelial_like
16.33,13687,hADSCs
16.33,13688,hADSCs
16.33,13689,epithelial_like
16.33,13690,hADSCs
16.33,13691,epithelial_like
16.33,13692,epithelial_like
16.33,13693,epithelial_like
16.33,13694,epithelial_like
16.33,13695,epithelial_like
16.33,13696,epithelial_like
16.33,13697,epithelial_like
16.33,13698,epithelial_like
16.33,13699,epithelial_like
16.33,13700,hADSCs
16.33,13701,epithelial_like
16.33,13702,epithelial_like
16.33,13703,hADSCs
16.33,13704,epithelial_like
16.33,13705,epithelial_like
16.33,13706,epithelial_like
16.33,13707,hADSCs
16.33,13708,hADSCs
16.33,13709,epithelial_like
16.33,13710,epithelial_like
16.33,13711,epithelial_like
16.33,13712,hADSCs
16.33,13713,hADSCs
16.33,13714,epithelial_like
16.33,13715,epithelial_like
16.33,13716,epithelial_like
16.33,13717,hADSCs
16.33,13718,epithelial_like
16.33,13719,hADSCs
16.33,13720,epithelial_like
16.33,13721,hADSCs
16.33,13722,epithelial_like
16.33,13723,epithelial_like
16.33,13724,epithelial_like
16.33,13725,epithelial_like
16.33,13726,epithelial_like
16.33,13727,hADSCs
16.33,13728,hADSCs
16.33,13729,hADSCs
16.33,13730,epithelial_like
16.33,13731,epithelial_like
16.33,13732,epithelial_like
16.33,13733,epithelial_like
16.33,13734,epithelial_like
16.33,13735,epithelial_like
16.33,13736,epithelial_like
16.33,13737,epithelial_like
16.33,13738,epithelial_like
16.33,13739,epithelial_like
16.33,13740,epithelial_like
16.33,13741,epithelial_like
16.33,13742,epithelial_like
16.33,13743,epithelial_like
16.33,13744,epithelial_like
16.33,13745,epithelial_like
16.33,13746,epithelial_like
16.33,13747,epithelial_like
16.33,13748,epithelial_like
16.33,13749,epithelial_like
16.33,13750,epithelial_like
16.33,13751,epithelial_like
16.33,13752,hADSCs
16.33,13753,hADSCs
16.33,13754,epithelial_like
16.33,13755,epithelial_like
16.33,13756,epithelial_like
16.33,13757,epithelial_like
16.33,13758,epithelial_like
16.33,13759,epithelial_like
16.33,13760,epithelial_like
16.33,13761,epithelial_like
16.33,13762,epithelial_like
16.33,13763,epithelial_like
16.33,13764,epithelial_like
16.33,13765,hADSCs
16.33,13766,hADSCs
16.33,13767,hADSCs
16.33,13768,epithelial_like
16.33,13769,hADSCs
16.33,13770,hADSCs
16.33,13771,epithelial_like
16.33,13772,epithelial_like
16.33,13773,epithelial_like
16.33,13774,epithelial_like
16.33,13775,hADSCs
16.33,13776,hADSCs
16.33,13777,epithelial_like
16.33,13778,epithelial_like
16.33,13779,epithelial_like
16.33,13780,epithelial_like
16.33,13781,epithelial_like
16.33,13782,epithelial_like
16.33,13783,epithelial_like
16.33,13784,hADSCs
16.33,13785,epithelial_like
16.33,13786,epithelial_like
16.33,13787,epithelial_like
16.33,13788,epithelial_like
16.33,13789,epithelial_like
16.33,13790,epithelial_like
16.33,13791,epithelial_like
16.33,13792,epithelial_like
16.33,13793,hADSCs
16.33,13794,epithelial_like
16.33,13795,epithelial_like
16.33,13796,epithelial_like
16.33,13797,epithelial_like
16.33,13798,epithelial_like
16.33,13799,epithelial_like
16.33,13800,epithelial_like
16.33,13801,epithelial_like
16.33,13802,epithelial_like
16.33,13803,epithelial_like
16.33,13804,epithelial_like
16.33,13805,epithelial_like
16.33,13806,epithelial_like
16.33,13807,epithelial_like
16.33,13808,epithelial_like
16.33,13809,epithelial_like
16.33,13810,epithelial_like
16.33,13811,hADSCs
16.33,13812,epithelial_like
16.33,13813,epithelial_like
16.33,13814,epithelial_like
16.33,13815,epithelial_like
16.33,13816,epithelial_like
16.33,13817,epithelial_like
16.33,13818,epithelial_like
16.33,13819,hADSCs
16.33,13820,hADSCs
16.33,13821,hADSCs
16.33,13822,hADSCs
16.33,13823,epithelial_like
16.33,13824,epithelial_like
16.33,13825,epithelial_like
16.33,13826,epithelial_like
16.33,13827,epithelial_like
16.33,13828,epithelial_like
16.33,13829,hADSCs
16.33,13830,epithelial_like
16.33,13831,epithelial_like
16.33,13832,epithelial_like
16.33,13833,epithelial_like
16.33,13834,epithelial_like
16.33,13835,epithelial_like
16.33,13836,epithelial_like
16.33,13837,epithelial_like
16.33,13838,hADSCs
16.33,13839,epithelial_like
16.33,13840,hADSCs
16.33,13841,epithelial_like
16.33,13842,epithelial_like
16.33,13843,epithelial_like
16.33,13844,epithelial_like
16.33,13845,epithelial_like
16.33,13846,epithelial_like
16.33,13847,epithelial_like
16.33,13848,epithelial_like
16.33,13849,hADSCs
16.33,13850,epithelial_like
16.33,13851,epithelial_like
16.33,13852,epithelial_like
16.33,13853,epithelial_like
16.33,13854,epithelial_like
16.33,13855,hADSCs
16.33,13856,epithelial_like
16.33,13857,epithelial_like
16.33,13858,hADSCs
16.33,13859,hADSCs
16.33,13860,hADSCs
16.33,13861,hADSCs
16.33,13862,epithelial_like
16.33,13863,epithelial_like
16.33,13864,epithelial_like
16.33,13865,hADSCs
16.33,13866,epithelial_like
16.33,13867,epithelial_like
16.33,13868,epithelial_like
16.33,13869,epithelial_like
16.33,13870,epithelial_like
16.33,13871,epithelial_like
16.33,13872,epithelial_like
16.33,13873,hADSCs
16.33,13874,epithelial_like
16.33,13875,epithelial_like
16.33,13876,hADSCs
16.33,13877,epithelial_like
16.33,13878,epithelial_like
16.33,13879,hADSCs
16.33,13880,hADSCs
16.33,13881,epithelial_like
16.33,13882,epithelial_like
16.33,13883,epithelial_like
16.33,13884,hADSCs
16.33,13885,epithelial_like
16.33,13886,epithelial_like
16.33,13887,epithelial_like
16.33,13888,hADSCs
16.33,13889,epithelial_like
16.33,13890,epithelial_like
16.33,13891,epithelial_like
16.33,13892,hADSCs
16.33,13893,hADSCs
16.33,13894,epithelial_like
16.33,13895,epithelial_like
16.33,13896,epithelial_like
16.33,13897,epithelial_like
16.33,13898,epithelial_like
16.33,13899,hADSCs
16.33,13900,epithelial_like
16.33,13901,epithelial_like
16.33,13902,hADSCs
16.33,13903,epithelial_like
16.33,13904,epithelial_like
16.33,13905,epithelial_like
16.33,13906,epithelial_like
16.33,13907,epithelial_like
16.33,13908,epithelial_like
16.33,13909,epithelial_like
16.33,13910,epithelial_like
16.33,13911,epithelial_like
16.33,13912,epithelial_like
16.33,13913,epithelial_like
16.33,13914,hADSCs
16.33,13915,hADSCs
16.33,13916,epithelial_like
16.33,13917,epithelial_like
16.33,13918,hADSCs
16.33,13919,epithelial_like
16.33,13920,hADSCs
16.33,13921,epithelial_like
16.33,13922,epithelial_like
16.33,13923,hADSCs
16.33,13924,epithelial_like
16.33,13925,epithelial_like
16.33,13926,epithelial_like
16.33,13927,epithelial_like
16.33,13928,epithelial_like
16.33,13929,epithelial_like
16.33,13930,epithelial_like
16.33,13931,hADSCs
16.33,13932,epithelial_like
16.33,13933,hADSCs
16.33,13934,hADSCs
16.33,13935,epithelial_like
16.33,13936,epithelial_like
16.33,13937,epithelial_like
16.33,13938,hADSCs
16.33,13939,epithelial_like
16.33,13940,hADSCs
16.33,13941,hADSCs
16.33,13942,epithelial_like
16.33,13943,epithelial_like
16.33,13944,hADSCs
16.33,13945,epithelial_like
16.33,13946,epithelial_like
16.33,13947,epithelial_like
16.33,13948,epithelial_like
16.33,13949,epithelial_like
16.33,13950,epithelial_like
16.33,13951,epithelial_like
16.33,13952,epithelial_like
16.33,13953,epithelial_like
16.33,13954,epithelial_like
16.33,13955,epithelial_like
16.33,13956,epithelial_like
16.33,13957,epithelial_like
16.33,13958,epithelial_like
16.33,13959,epithelial_like
16.33,13960,epithelial_like
16.33,13961,epithelial_like
16.33,13962,epithelial_like
16.33,13963,epithelial_like
16.33,13964,epithelial_like
16.33,13965,hADSCs
16.33,13966,epithelial_like
16.33,13967,epithelial_like
16.33,13968,epithelial_like
16.33,13969,epithelial_like
16.33,13970,epithelial_like
16.33,13971,epithelial_like
16.33,13972,epithelial_like
16.33,13973,epithelial_like
16.33,13974,hADSCs
16.33,13975,epithelial_like
16.33,13976,epithelial_like
16.33,13977,hADSCs
16.33,13978,epithelial_like
16.33,13979,epithelial_like
16.33,13980,epithelial_like
16.33,13981,hADSCs
16.33,13982,epithelial_like
16.33,13983,hADSCs
16.33,13984,hADSCs
16.33,13985,epithelial_like
16.33,13986,epithelial_like
16.33,13987,epithelial_like
16.33,13988,epithelial_like
16.33,13989,epithelial_like
16.33,13990,epithelial_like
16.33,13991,epithelial_like
16.33,13992,epithelial_like
16.33,13993,hADSCs
16.33,13994,epithelial_like
16.33,13995,hADSCs
16.33,13996,epithelial_like
16.33,13997,epithelial_like
16.33,13998,hADSCs
16.33,13999,epithelial_like
16.67,14000,epithelial_like
16.67,14001,epithelial_like
16.67,14002,epithelial_like
16.67,14003,hADSCs
16.67,14004,epithelial_like
16.67,14005,epithelial_like
16.67,14006,epithelial_like
16.67,14007,epithelial_like
16.67,14008,epithelial_like
16.67,14009,epithelial_like
16.67,14010,epithelial_like
16.67,14011,hADSCs
16.67,14012,hADSCs
16.67,14013,hADSCs
16.67,14014,epithelial_like
16.67,14015,hADSCs
16.67,14016,epithelial_like
16.67,14017,hADSCs
16.67,14018,epithelial_like
16.67,14019,epithelial_like
16.67,14020,epithelial_like
16.67,14021,epithelial_like
16.67,14022,epithelial_like
16.67,14023,epithelial_like
16.67,14024,epithelial_like
16.67,14025,epithelial_like
16.67,14026,hADSCs
16.67,14027,hADSCs
16.67,14028,epithelial_like
16.67,14029,epithelial_like
16.67,14030,hADSCs
16.67,14031,hADSCs
16.67,14032,hADSCs
16.67,14033,epithelial_like
16.67,14034,epithelial_like
16.67,14035,epithelial_like
16.67,14036,hADSCs
16.67,14037,epithelial_like
16.67,14038,epithelial_like
16.67,14039,epithelial_like
16.67,14040,epithelial_like
16.67,14041,epithelial_like
16.67,14042,hADSCs
16.67,14043,epithelial_like
16.67,14044,hADSCs
16.67,14045,hADSCs
16.67,14046,epithelial_like
16.67,14047,epithelial_like
16.67,14048,epithelial_like
16.67,14049,epithelial_like
16.67,14050,hADSCs
16.67,14051,hADSCs
16.67,14052,epithelial_like
16.67,14053,epithelial_like
16.67,14054,epithelial_like
16.67,14055,epithelial_like
16.67,14056,epithelial_like
16.67,14057,epithelial_like
16.67,14058,epithelial_like
16.67,14059,hADSCs
16.67,14060,epithelial_like
16.67,14061,hADSCs
16.67,14062,epithelial_like
16.67,14063,hADSCs
16.67,14064,epithelial_like
16.67,14065,epithelial_like
16.67,14066,epithelial_like
16.67,14067,hADSCs
16.67,14068,hADSCs
16.67,14069,epithelial_like
16.67,14070,hADSCs
16.67,14071,hADSCs
16.67,14072,epithelial_like
16.67,14073,epithelial_like
16.67,14074,epithelial_like
16.67,14075,epithelial_like
16.67,14076,epithelial_like
16.67,14077,hADSCs
16.67,14078,epithelial_like
16.67,14079,epithelial_like
16.67,14080,epithelial_like
16.67,14081,epithelial_like
16.67,14082,epithelial_like
16.67,14083,epithelial_like
16.67,14084,epithelial_like
16.67,14085,epithelial_like
16.67,14086,epithelial_like
16.67,14087,epithelial_like
16.67,14088,epithelial_like
16.67,14089,epithelial_like
16.67,14090,epithelial_like
16.67,14091,hADSCs
16.67,14092,epithelial_like
16.67,14093,epithelial_like
16.67,14094,epithelial_like
16.67,14095,hADSCs
16.67,14096,hADSCs
16.67,14097,epithelial_like
16.67,14098,epithelial_like
16.67,14099,epithelial_like
16.67,14100,hADSCs
16.67,14101,hADSCs
16.67,14102,hADSCs
16.67,14103,hADSCs
16.67,14104,hADSCs
16.67,14105,epithelial_like
16.67,14106,epithelial_like
16.67,14107,hADSCs
16.67,14108,epithelial_like
16.67,14109,hADSCs
16.67,14110,hADSCs
16.67,14111,hADSCs
16.67,14112,epithelial_like
16.67,14113,intermediate_plastic
16.67,14114,hADSCs
16.67,14115,epithelial_like
16.67,14116,hADSCs
16.67,14117,epithelial_like
16.67,14118,epithelial_like
16.67,14119,epithelial_like
16.67,14120,epithelial_like
16.67,14121,hADSCs
16.67,14122,epithelial_like
16.67,14123,hADSCs
16.67,14124,epithelial_like
16.67,14125,hADSCs
16.67,14126,epithelial_like
16.67,14127,epithelial_like
16.67,14128,epithelial_like
16.67,14129,hADSCs
16.67,14130,hADSCs
16.67,14131,epithelial_like
16.67,14132,epithelial_like
16.67,14133,epithelial_like
16.67,14134,epithelial_like
16.67,14135,epithelial_like
16.67,14136,epithelial_like
16.67,14137,epithelial_like
16.67,14138,hADSCs
16.67,14139,epithelial_like
16.67,14140,hADSCs
16.67,14141,hADSCs
16.67,14142,hADSCs
16.67,14143,hADSCs
16.67,14144,hADSCs
16.67,14145,epithelial_like
16.67,14146,epithelial_like
16.67,14147,epithelial_like
16.67,14148,hADSCs
16.67,14149,epithelial_like
16.67,14150,epithelial_like
16.67,14151,epithelial_like
16.67,14152,epithelial_like
16.67,14153,epithelial_like
16.67,14154,hADSCs
16.67,14155,hADSCs
16.67,14156,hADSCs
16.67,14157,epithelial_like
16.67,14158,hADSCs
16.67,14159,epithelial_like
16.67,14160,hADSCs
16.67,14161,hADSCs
16.67,14162,epithelial_like
16.67,14163,epithelial_like
16.67,14164,hADSCs
16.67,14165,epithelial_like
16.67,14166,hADSCs
16.67,14167,hADSCs
16.67,14168,hADSCs
16.67,14169,epithelial_like
16.67,14170,epithelial_like
16.67,14171,epithelial_like
16.67,14172,epithelial_like
16.67,14173,epithelial_like
16.67,14174,hADSCs
16.67,14175,epithelial_like
16.67,14176,epithelial_like
16.67,14177,hADSCs
16.67,14178,epithelial_like
16.67,14179,hADSCs
16.67,14180,epithelial_like
16.67,14181,hADSCs
16.67,14182,hADSCs
16.67,14183,epithelial_like
16.67,14184,hADSCs
16.67,14185,epithelial_like
16.67,14186,epithelial_like
16.67,14187,epithelial_like
16.67,14188,epithelial_like
16.67,14189,hADSCs
16.67,14190,epithelial_like
16.67,14191,epithelial_like
16.67,14192,hADSCs
16.67,14193,epithelial_like
16.67,14194,epithelial_like
16.67,14195,hADSCs
16.67,14196,hADSCs
16.67,14197,hADSCs
16.67,14198,epithelial_like
16.67,14199,epithelial_like
16.67,14200,epithelial_like
16.67,14201,epithelial_like
16.67,14202,epithelial_like
16.67,14203,epithelial_like
16.67,14204,hADSCs
16.67,14205,hADSCs
16.67,14206,hADSCs
16.67,14207,hADSCs
16.67,14208,epithelial_like
16.67,14209,hADSCs
16.67,14210,epithelial_like
16.67,14211,epithelial_like
16.67,14212,hADSCs
16.67,14213,hADSCs
16.67,14214,epithelial_like
16.67,14215,hADSCs
16.67,14216,epithelial_like
16.67,14217,epithelial_like
16.67,14218,hADSCs
16.67,14219,epithelial_like
16.67,14220,epithelial_like
16.67,14221,epithelial_like
16.67,14222,hADSCs
16.67,14223,hADSCs
16.67,14224,hADSCs
16.67,14225,epithelial_like
16.67,14226,epithelial_like
16.67,14227,epithelial_like
16.67,14228,hADSCs
16.67,14229,hADSCs
16.67,14230,epithelial_like
16.67,14231,epithelial_like
16.67,14232,epithelial_like
16.67,14233,epithelial_like
16.67,14234,epithelial_like
16.67,14235,epithelial_like
16.67,14236,epithelial_like
16.67,14237,epithelial_like
16.67,14238,hADSCs
16.67,14239,hADSCs
16.67,14240,epithelial_like
16.67,14241,hADSCs
16.67,14242,hADSCs
16.67,14243,hADSCs
16.67,14244,hADSCs
16.67,14245,epithelial_like
16.67,14246,epithelial_like
16.67,14247,epithelial_like
16.67,14248,hADSCs
16.67,14249,epithelial_like
16.67,14250,epithelial_like
16.67,14251,epithelial_like
16.67,14252,hADSCs
16.67,14253,epithelial_like
16.67,14254,hADSCs
16.67,14255,epithelial_like
16.67,14256,hADSCs
16.67,14257,epithelial_like
16.67,14258,epithelial_like
16.67,14259,epithelial_like
16.67,14260,hADSCs
16.67,14261,epithelial_like
16.67,14262,hADSCs
16.67,14263,hADSCs
16.67,14264,epithelial_like
16.67,14265,hADSCs
16.67,14266,hADSCs
16.67,14267,epithelial_like
16.67,14268,epithelial_like
16.67,14269,epithelial_like
16.67,14270,epithelial_like
16.67,14271,epithelial_like
16.67,14272,epithelial_like
16.67,14273,hADSCs
16.67,14274,hADSCs
16.67,14275,epithelial_like
16.67,14276,epithelial_like
16.67,14277,hADSCs
16.67,14278,hADSCs
16.67,14279,hADSCs
16.67,14280,epithelial_like
16.67,14281,epithelial_like
16.67,14282,hADSCs
16.67,14283,hADSCs
16.67,14284,epithelial_like
16.67,14285,epithelial_like
16.67,14286,epithelial_like
16.67,14287,epithelial_like
16.67,14288,epithelial_like
16.67,14289,epithelial_like
16.67,14290,epithelial_like
16.67,14291,hADSCs
16.67,14292,hADSCs
16.67,14293,hADSCs
16.67,14294,epithelial_like
16.67,14295,epithelial_like
16.67,14296,epithelial_like
16.67,14297,epithelial_like
16.67,14298,epithelial_like
16.67,14299,epithelial_like
16.67,14300,hADSCs
16.67,14301,epithelial_like
16.67,14302,epithelial_like
16.67,14303,epithelial_like
16.67,14304,epithelial_like
16.67,14305,hADSCs
16.67,14306,hADSCs
16.67,14307,epithelial_like
16.67,14308,epithelial_like
16.67,14309,epithelial_like
16.67,14310,epithelial_like
16.67,14311,epithelial_like
16.67,14312,hADSCs
16.67,14313,epithelial_like
16.67,14314,epithelial_like
16.67,14315,hADSCs
16.67,14316,epithelial_like
16.67,14317,epithelial_like
16.67,14318,epithelial_like
16.67,14319,epithelial_like
16.67,14320,hADSCs
16.67,14321,epithelial_like
16.67,14322,epithelial_like
16.67,14323,hADSCs
16.67,14324,hADSCs
16.67,14325,hADSCs
16.67,14326,hADSCs
16.67,14327,hADSCs
16.67,14328,epithelial_like
16.67,14329,hADSCs
16.67,14330,epithelial_like
16.67,14331,hADSCs
16.67,14332,epithelial_like
16.67,14333,epithelial_like
16.67,14334,epithelial_like
16.67,14335,epithelial_like
16.67,14336,hADSCs
16.67,14337,epithelial_like
16.67,14338,epithelial_like
16.67,14339,epithelial_like
16.67,14340,epithelial_like
16.67,14341,hADSCs
16.67,14342,hADSCs
16.67,14343,hADSCs
16.67,14344,epithelial_like
16.67,14345,epithelial_like
16.67,14346,epithelial_like
16.67,14347,epithelial_like
16.67,14348,epithelial_like
16.67,14349,epithelial_like
16.67,14350,hADSCs
16.67,14351,hADSCs
16.67,14352,epithelial_like
16.67,14353,hADSCs
16.67,14354,epithelial_like
16.67,14355,hADSCs
16.67,14356,epithelial_like
16.67,14357,epithelial_like
16.67,14358,hADSCs
16.67,14359,hADSCs
16.67,14360,epithelial_like
16.67,14361,hADSCs
16.67,14362,hADSCs
16.67,14363,epithelial_like
16.67,14364,epithelial_like
16.67,14365,hADSCs
16.67,14366,epithelial_like
16.67,14367,epithelial_like
16.67,14368,hADSCs
16.67,14369,hADSCs
16.67,14370,epithelial_like
16.67,14371,epithelial_like
16.67,14372,hADSCs
16.67,14373,hADSCs
16.67,14374,hADSCs
16.67,14375,hADSCs
16.67,14376,epithelial_like
16.67,14377,epithelial_like
16.67,14378,epithelial_like
16.67,14379,epithelial_like
16.67,14380,epithelial_like
16.67,14381,hADSCs
16.67,14382,epithelial_like
16.67,14383,epithelial_like
16.67,14384,epithelial_like
16.67,14385,epithelial_like
16.67,14386,epithelial_like
16.67,14387,hADSCs
16.67,14388,epithelial_like
16.67,14389,epithelial_like
16.67,14390,hADSCs
16.67,14391,hADSCs
16.67,14392,epithelial_like
16.67,14393,epithelial_like
16.67,14394,epithelial_like
16.67,14395,epithelial_like
16.67,14396,epithelial_like
16.67,14397,epithelial_like
16.67,14398,hADSCs
16.67,14399,hADSCs
16.67,14400,epithelial_like
16.67,14401,epithelial_like
16.67,14402,epithelial_like
16.67,14403,hADSCs
16.67,14404,hADSCs
16.67,14405,hADSCs
16.67,14406,epithelial_like
16.67,14407,epithelial_like
16.67,14408,hADSCs
16.67,14409,hADSCs
16.67,14410,hADSCs
16.67,14411,hADSCs
16.67,14412,hADSCs
16.67,14413,hADSCs
16.67,14414,epithelial_like
16.67,14415,hADSCs
16.67,14416,hADSCs
16.67,14417,epithelial_like
16.67,14418,epithelial_like
16.67,14419,hADSCs
16.67,14420,epithelial_like
16.67,14421,epithelial_like
16.67,14422,hADSCs
16.67,14423,hADSCs
16.67,14424,epithelial_like
16.67,14425,hADSCs
16.67,14426,hADSCs
16.67,14427,epithelial_like
16.67,14428,hADSCs
16.67,14429,epithelial_like
16.67,14430,hADSCs
16.67,14431,epithelial_like
16.67,14432,hADSCs
16.67,14433,hADSCs
16.67,14434,hADSCs
16.67,14435,epithelial_like
16.67,14436,hADSCs
16.67,14437,epithelial_like
16.67,14438,epithelial_like
16.67,14439,epithelial_like
16.67,14440,epithelial_like
16.67,14441,epithelial_like
16.67,14442,epithelial_like
16.67,14443,epithelial_like
16.67,14444,hADSCs
16.67,14445,epithelial_like
16.67,14446,epithelial_like
16.67,14447,epithelial_like
16.67,14448,epithelial_like
16.67,14449,hADSCs
16.67,14450,epithelial_like
16.67,14451,epithelial_like
16.67,14452,epithelial_like
16.67,14453,hADSCs
16.67,14454,hADSCs
16.67,14455,epithelial_like
16.67,14456,hADSCs
16.67,14457,hADSCs
16.67,14458,epithelial_like
16.67,14459,hADSCs
16.67,14460,epithelial_like
16.67,14461,hADSCs
16.67,14462,hADSCs
16.67,14463,hADSCs
16.67,14464,epithelial_like
16.67,14465,epithelial_like
16.67,14466,hADSCs
16.67,14467,epithelial_like
16.67,14468,hADSCs
16.67,14469,hADSCs
16.67,14470,epithelial_like
16.67,14471,hADSCs
16.67,14472,epithelial_like
16.67,14473,epithelial_like
16.67,14474,epithelial_like
16.67,14475,epithelial_like
16.67,14476,epithelial_like
16.67,14477,hADSCs
16.67,14478,hADSCs
16.67,14479,epithelial_like
16.67,14480,epithelial_like
16.67,14481,hADSCs
16.67,14482,hADSCs
16.67,14483,hADSCs
16.67,14484,hADSCs
16.67,14485,hADSCs
16.67,14486,epithelial_like
16.67,14487,epithelial_like
16.67,14488,epithelial_like
16.67,14489,hADSCs
16.67,14490,epithelial_like
16.67,14491,hADSCs
16.67,14492,hADSCs
16.67,14493,epithelial_like
16.67,14494,hADSCs
16.67,14495,epithelial_like
16.67,14496,hADSCs
16.67,14497,hADSCs
16.67,14498,epithelial_like
16.67,14499,epithelial_like
16.67,14500,hADSCs
16.67,14501,hADSCs
16.67,14502,epithelial_like
16.67,14503,epithelial_like
16.67,14504,epithelial_like
16.67,14505,epithelial_like
16.67,14506,hADSCs
16.67,14507,hADSCs
16.67,14508,hADSCs
16.67,14509,epithelial_like
16.67,14510,epithelial_like
16.67,14511,epithelial_like
16.67,14512,hADSCs
16.67,14513,epithelial_like
16.67,14514,epithelial_like
16.67,14515,epithelial_like
16.67,14516,hADSCs
16.67,14517,epithelial_like
16.67,14518,hADSCs
16.67,14519,hADSCs
16.67,14520,epithelial_like
16.67,14521,epithelial_like
16.67,14522,epithelial_like
16.67,14523,epithelial_like
16.67,14524,hADSCs
16.67,14525,hADSCs
16.67,14526,epithelial_like
16.67,14527,epithelial_like
16.67,14528,epithelial_like
16.67,14529,epithelial_like
16.67,14530,epithelial_like
16.67,14531,epithelial_like
16.67,14532,epithelial_like
16.67,14533,epithelial_like
16.67,14534,epithelial_like
16.67,14535,epithelial_like
16.67,14536,epithelial_like
16.67,14537,epithelial_like
16.67,14538,epithelial_like
16.67,14539,epithelial_like
16.67,14540,epithelial_like
16.67,14541,hADSCs
16.67,14542,hADSCs
16.67,14543,epithelial_like
16.67,14544,epithelial_like
16.67,14545,epithelial_like
16.67,14546,epithelial_like
16.67,14547,epithelial_like
16.67,14548,epithelial_like
16.67,14549,hADSCs
16.67,14550,hADSCs
16.67,14551,hADSCs
16.67,14552,epithelial_like
16.67,14553,epithelial_like
16.67,14554,epithelial_like
16.67,14555,epithelial_like
16.67,14556,hADSCs
16.67,14557,hADSCs
16.67,14558,hADSCs
16.67,14559,epithelial_like
16.67,14560,epithelial_like
16.67,14561,epithelial_like
16.67,14562,epithelial_like
16.67,14563,epithelial_like
16.67,14564,epithelial_like
16.67,14565,epithelial_like
16.67,14566,hADSCs
16.67,14567,hADSCs
16.67,14568,epithelial_like
16.67,14569,epithelial_like
16.67,14570,hADSCs
16.67,14571,hADSCs
16.67,14572,epithelial_like
16.67,14573,epithelial_like
16.67,14574,epithelial_like
16.67,14575,epithelial_like
16.67,14576,epithelial_like
16.67,14577,epithelial_like
16.67,14578,epithelial_like
16.67,14579,hADSCs
16.67,14580,epithelial_like
16.67,14581,hADSCs
16.67,14582,hADSCs
16.67,14583,hADSCs
16.67,14584,epithelial_like
16.67,14585,hADSCs
16.67,14586,epithelial_like
16.67,14587,epithelial_like
16.67,14588,epithelial_like
16.67,14589,epithelial_like
16.67,14590,epithelial_like
16.67,14591,hADSCs
16.67,14592,epithelial_like
16.67,14593,epithelial_like
16.67,14594,epithelial_like
16.67,14595,epithelial_like
16.67,14596,epithelial_like
16.67,14597,hADSCs
16.67,14598,hADSCs
16.67,14599,hADSCs
16.67,14600,hADSCs
16.67,14601,hADSCs
16.67,14602,hADSCs
16.67,14603,hADSCs
16.67,14604,hADSCs
16.67,14605,epithelial_like
16.67,14606,hADSCs
16.67,14607,epithelial_like
16.67,14608,epithelial_like
16.67,14609,hADSCs
16.67,14610,epithelial_like
16.67,14611,epithelial_like
16.67,14612,hADSCs
16.67,14613,hADSCs
16.67,14614,epithelial_like
16.67,14615,hADSCs
16.67,14616,hADSCs
16.67,14617,epithelial_like
16.67,14618,epithelial_like
16.67,14619,hADSCs
16.67,14620,hADSCs
16.67,14621,hADSCs
16.67,14622,epithelial_like
16.67,14623,epithelial_like
16.67,14624,epithelial_like
16.67,14625,epithelial_like
16.67,14626,epithelial_like
16.67,14627,hADSCs
16.67,14628,hADSCs
16.67,14629,hADSCs
16.67,14630,hADSCs
16.67,14631,hADSCs
16.67,14632,hADSCs
16.67,14633,hADSCs
16.67,14634,epithelial_like
16.67,14635,hADSCs
16.67,14636,hADSCs
16.67,14637,epithelial_like
16.67,14638,epithelial_like
16.67,14639,hADSCs
16.67,14640,epithelial_like
16.67,14641,epithelial_like
16.67,14642,hADSCs
16.67,14643,epithelial_like
16.67,14644,epithelial_like
16.67,14645,epithelial_like
16.67,14646,hADSCs
16.67,14647,hADSCs
16.67,14648,epithelial_like
16.67,14649,epithelial_like
16.67,14650,hADSCs
16.67,14651,hADSCs
16.67,14652,epithelial_like
16.67,14653,hADSCs
16.67,14654,epithelial_like
16.67,14655,epithelial_like
16.67,14656,epithelial_like
16.67,14657,hADSCs
16.67,14658,epithelial_like
16.67,14659,ambiguous
16.67,14660,ambiguous
16.67,14661,epithelial_like
16.67,14662,epithelial_like
16.67,14663,epithelial_like
16.67,14664,hADSCs
16.67,14665,hADSCs
16.67,14666,hADSCs
16.67,14667,hADSCs
16.67,14668,hADSCs
16.67,14669,epithelial_like
16.67,14670,hADSCs
16.67,14671,epithelial_like
16.67,14672,epithelial_like
16.67,14673,hADSCs
16.67,14674,hADSCs
16.67,14675,hADSCs
16.67,14676,hADSCs
16.67,14677,hADSCs
16.67,14678,epithelial_like
16.67,14679,epithelial_like
16.67,14680,hADSCs
16.67,14681,epithelial_like
16.67,14682,epithelial_like
16.67,14683,epithelial_like
16.67,14684,hADSCs
16.67,14685,epithelial_like
16.67,14686,hADSCs
16.67,14687,epithelial_like
16.67,14688,epithelial_like
16.67,14689,epithelial_like
16.67,14690,hADSCs
16.67,14691,hADSCs
16.67,14692,hADSCs
16.67,14693,hADSCs
16.67,14694,epithelial_like
16.67,14695,hADSCs
16.67,14696,hADSCs
16.67,14697,epithelial_like
16.67,14698,hADSCs
16.67,14699,epithelial_like
16.67,14700,hADSCs
16.67,14701,epithelial_like
16.67,14702,hADSCs
16.67,14703,epithelial_like
16.67,14704,epithelial_like
16.67,14705,hADSCs
16.67,14706,epithelial_like
16.67,14707,epithelial_like
16.67,14708,hADSCs
16.67,14709,epithelial_like
16.67,14710,epithelial_like
16.67,14711,epithelial_like
16.67,14712,hADSCs
16.67,14713,hADSCs
16.67,14714,epithelial_like
16.67,14715,epithelial_like
16.67,14716,epithelial_like
16.67,14717,epithelial_like
16.67,14718,hADSCs
16.67,14719,epithelial_like
16.67,14720,epithelial_like
16.67,14721,epithelial_like
16.67,14722,hADSCs
16.67,14723,epithelial_like
16.67,14724,epithelial_like
16.67,14725,epithelial_like
16.67,14726,epithelial_like
16.67,14727,epithelial_like
16.67,14728,epithelial_like
16.67,14729,epithelial_like
16.67,14730,hADSCs
16.67,14731,epithelial_like
16.67,14732,epithelial_like
16.67,14733,hADSCs
16.67,14734,epithelial_like
16.67,14735,epithelial_like
16.67,14736,epithelial_like
16.67,14737,epithelial_like
16.67,14738,epithelial_like
16.67,14739,epithelial_like
16.67,14740,epithelial_like
16.67,14741,epithelial_like
16.67,14742,epithelial_like
16.67,14743,epithelial_like
16.67,14744,epithelial_like
16.67,14745,epithelial_like
16.67,14746,epithelial_like
16.67,14747,epithelial_like
16.67,14748,epithelial_like
16.67,14749,epithelial_like
16.67,14750,epithelial_like
16.67,14751,hADSCs
16.67,14752,epithelial_like
16.67,14753,epithelial_like
16.67,14754,epithelial_like
16.67,14755,hADSCs
16.67,14756,hADSCs
16.67,14757,epithelial_like
16.67,14758,epithelial_like
16.67,14759,epithelial_like
16.67,14760,hADSCs
16.67,14761,epithelial_like
16.67,14762,epithelial_like
16.67,14763,epithelial_like
16.67,14764,epithelial_like
16.67,14765,epithelial_like
16.67,14766,epithelial_like
16.67,14767,epithelial_like
16.67,14768,epithelial_like
16.67,14769,hADSCs
16.67,14770,hADSCs
16.67,14771,epithelial_like
16.67,14772,hADSCs
16.67,14773,epithelial_like
16.67,14774,epithelial_like
16.67,14775,epithelial_like
16.67,14776,hADSCs
16.67,14777,hADSCs
16.67,14778,epithelial_like
16.67,14779,epithelial_like
16.67,14780,epithelial_like
16.67,14781,epithelial_like
16.67,14782,epithelial_like
16.67,14783,hADSCs
16.67,14784,hADSCs
16.67,14785,epithelial_like
16.67,14786,epithelial_like
16.67,14787,hADSCs
16.67,14788,hADSCs
16.67,14789,hADSCs
16.67,14790,epithelial_like
16.67,14791,epithelial_like
16.67,14792,epithelial_like
16.67,14793,epithelial_like
16.67,14794,epithelial_like
16.67,14795,epithelial_like
16.67,14796,epithelial_like
16.67,14797,epithelial_like
16.67,14798,hADSCs
16.67,14799,hADSCs
16.67,14800,hADSCs
16.67,14801,hADSCs
16.67,14802,hADSCs
16.67,14803,epithelial_like
16.67,14804,epithelial_like
16.67,14805,epithelial_like
16.67,14806,hADSCs
16.67,14807,epithelial_like
16.67,14808,epithelial_like
16.67,14809,epithelial_like
16.67,14810,epithelial_like
16.67,14811,epithelial_like
16.67,14812,hADSCs
16.67,14813,hADSCs
16.67,14814,hADSCs
16.67,14815,hADSCs
16.67,14816,hADSCs
16.67,14817,hADSCs
16.67,14818,hADSCs
16.67,14819,epithelial_like
16.67,14820,epithelial_like
16.67,14821,hADSCs
16.67,14822,epithelial_like
16.67,14823,hADSCs
16.67,14824,epithelial_like
16.67,14825,hADSCs
16.67,14826,epithelial_like
16.67,14827,hADSCs
16.67,14828,epithelial_like
16.67,14829,epithelial_like
16.67,14830,hADSCs
16.67,14831,epithelial_like
16.67,14832,epithelial_like
16.67,14833,epithelial_like
16.67,14834,epithelial_like
16.67,14835,epithelial_like
16.67,14836,hADSCs
16.67,14837,epithelial_like
16.67,14838,epithelial_like
16.67,14839,hADSCs
16.67,14840,epithelial_like
16.67,14841,hADSCs
16.67,14842,epithelial_like
16.67,14843,epithelial_like
16.67,14844,hADSCs
16.67,14845,hADSCs
16.67,14846,epithelial_like
16.67,14847,epithelial_like
16.67,14848,hADSCs
16.67,14849,hADSCs
16.67,14850,hADSCs
16.67,14851,epithelial_like
16.67,14852,epithelial_like
16.67,14853,epithelial_like
16.67,14854,epithelial_like
16.67,14855,epithelial_like
16.67,14856,hADSCs
16.67,14857,epithelial_like
16.67,14858,hADSCs
16.67,14859,hADSCs
16.67,14860,hADSCs
16.67,14861,epithelial_like
16.67,14862,epithelial_like
16.67,14863,hADSCs
16.67,14864,hADSCs
16.67,14865,hADSCs
16.67,14866,hADSCs
16.67,14867,epithelial_like
16.67,14868,epithelial_like
16.67,14869,epithelial_like
16.67,14870,hADSCs
16.67,14871,epithelial_like
16.67,14872,epithelial_like
16.67,14873,epithelial_like
16.67,14874,epithelial_like
16.67,14875,epithelial_like
16.67,14876,hADSCs
16.67,14877,epithelial_like
16.67,14878,epithelial_like
16.67,14879,hADSCs
16.67,14880,hADSCs
16.67,14881,epithelial_like
16.67,14882,hADSCs
16.67,14883,hADSCs
16.67,14884,hADSCs
16.67,14885,epithelial_like
16.67,14886,epithelial_like
16.67,14887,epithelial_like
16.67,14888,epithelial_like
16.67,14889,hADSCs
16.67,14890,hADSCs
16.67,14891,hADSCs
16.67,14892,epithelial_like
16.67,14893,hADSCs
16.67,14894,hADSCs
16.67,14895,epithelial_like
16.67,14896,hADSCs
16.67,14897,epithelial_like
16.67,14898,hADSCs
16.67,14899,epithelial_like
16.67,14900,epithelial_like
16.67,14901,epithelial_like
16.67,14902,epithelial_like
16.67,14903,hADSCs
16.67,14904,epithelial_like
16.67,14905,hADSCs
16.67,14906,hADSCs
16.67,14907,epithelial_like
16.67,14908,epithelial_like
16.67,14909,hADSCs
16.67,14910,epithelial_like
16.67,14911,epithelial_like
16.67,14912,epithelial_like
16.67,14913,epithelial_like
16.67,14914,epithelial_like
16.67,14915,epithelial_like
16.67,14916,hADSCs
16.67,14917,hADSCs
16.67,14918,hADSCs
16.67,14919,hADSCs
16.67,14920,epithelial_like
16.67,14921,epithelial_like
16.67,14922,hADSCs
16.67,14923,hADSCs
16.67,14924,epithelial_like
16.67,14925,epithelial_like
16.67,14926,hADSCs
16.67,14927,hADSCs
16.67,14928,epithelial_like
16.67,14929,epithelial_like
16.67,14930,epithelial_like
16.67,14931,epithelial_like
16.67,14932,hADSCs
16.67,14933,hADSCs
16.67,14934,epithelial_like
16.67,14935,hADSCs
16.67,14936,epithelial_like
16.67,14937,epithelial_like
16.67,14938,epithelial_like
16.67,14939,hADSCs
16.67,14940,hADSCs
16.67,14941,hADSCs
16.67,14942,hADSCs
16.67,14943,hADSCs
16.67,14944,epithelial_like
16.67,14945,epithelial_like
16.67,14946,epithelial_like
16.67,14947,hADSCs
16.67,14948,hADSCs
16.67,14949,hADSCs
16.67,14950,hADSCs
16.67,14951,epithelial_like
16.67,14952,epithelial_like
16.67,14953,epithelial_like
16.67,14954,epithelial_like
16.67,14955,hADSCs
16.67,14956,hADSCs
16.67,14957,hADSCs
16.67,14958,epithelial_like
16.67,14959,epithelial_like
16.67,14960,epithelial_like
16.67,14961,epithelial_like
16.67,14962,hADSCs
16.67,14963,epithelial_like
16.67,14964,epithelial_like
16.67,14965,epithelial_like
16.67,14966,epithelial_like
16.67,14967,epithelial_like
16.67,14968,hADSCs
16.67,14969,epithelial_like
16.67,14970,hADSCs
16.67,14971,hADSCs
16.67,14972,hADSCs
16.67,14973,epithelial_like
16.67,14974,epithelial_like
16.67,14975,epithelial_like
16.67,14976,hADSCs
16.67,14977,epithelial_like
16.67,14978,epithelial_like
16.67,14979,epithelial_like
16.67,14980,epithelial_like
16.67,14981,epithelial_like
16.67,14982,hADSCs
16.67,14983,epithelial_like
16.67,14984,hADSCs
16.67,14985,epithelial_like
16.67,14986,epithelial_like
16.67,14987,epithelial_like
16.67,14988,epithelial_like
16.67,14989,hADSCs
16.67,14990,hADSCs
16.67,14991,hADSCs
16.67,14992,epithelial_like
16.67,14993,hADSCs
16.67,14994,epithelial_like
16.67,14995,epithelial_like
16.67,14996,hADSCs
16.67,14997,hADSCs
16.67,14998,hADSCs
16.67,14999,epithelial_like
16.67,15000,epithelial_like
16.67,15001,epithelial_like
16.67,15002,hADSCs
16.67,15003,epithelial_like
16.67,15004,hADSCs
16.67,15005,hADSCs
16.67,15006,hADSCs
16.67,15007,hADSCs
16.67,15008,hADSCs
16.67,15009,hADSCs
16.67,15010,epithelial_like
16.67,15011,epithelial_like
16.67,15012,epithelial_like
16.67,15013,epithelial_like
16.67,15014,epithelial_like
16.67,15015,epithelial_like
16.67,15016,hADSCs
16.67,15017,hADSCs
16.67,15018,hADSCs
16.67,15019,hADSCs
16.67,15020,epithelial_like
16.67,15021,epithelial_like
16.67,15022,epithelial_like
16.67,15023,epithelial_like
16.67,15024,epithelial_like
16.67,15025,hADSCs
16.67,15026,epithelial_like
16.67,15027,hADSCs
16.67,15028,hADSCs
16.67,15029,hADSCs
16.67,15030,epithelial_like
16.67,15031,epithelial_like
16.67,15032,epithelial_like
16.67,15033,epithelial_like
16.67,15034,epithelial_like
16.67,15035,epithelial_like
16.67,15036,epithelial_like
16.67,15037,hADSCs
16.67,15038,epithelial_like
16.67,15039,epithelial_like
16.67,15040,epithelial_like
16.67,15041,epithelial_like
16.67,15042,epithelial_like
16.67,15043,epithelial_like
16.67,15044,epithelial_like
16.67,15045,epithelial_like
16.67,15046,epithelial_like
16.67,15047,hADSCs
16.67,15048,epithelial_like
16.67,15049,epithelial_like
16.67,15050,epithelial_like
16.67,15051,epithelial_like
16.67,15052,hADSCs
16.67,15053,epithelial_like
16.67,15054,hADSCs
16.67,15055,epithelial_like
16.67,15056,epithelial_like
16.67,15057,hADSCs
16.67,15058,epithelial_like
16.67,15059,epithelial_like
16.67,15060,epithelial_like
16.67,15061,epithelial_like
16.67,15062,epithelial_like
16.67,15063,epithelial_like
16.67,15064,epithelial_like
16.67,15065,hADSCs
16.67,15066,hADSCs
16.67,15067,epithelial_like
16.67,15068,hADSCs
16.67,15069,epithelial_like
16.67,15070,epithelial_like
16.67,15071,epithelial_like
16.67,15072,hADSCs
16.67,15073,epithelial_like
16.67,15074,epithelial_like
16.67,15075,hADSCs
16.67,15076,hADSCs
16.67,15077,epithelial_like
16.67,15078,hADSCs
16.67,15079,hADSCs
16.67,15080,epithelial_like
16.67,15081,epithelial_like
16.67,15082,epithelial_like
16.67,15083,epithelial_like
16.67,15084,epithelial_like
16.67,15085,epithelial_like
16.67,15086,hADSCs
16.67,15087,epithelial_like
16.67,15088,hADSCs
16.67,15089,epithelial_like
16.67,15090,epithelial_like
16.67,15091,hADSCs
16.67,15092,hADSCs
16.67,15093,hADSCs
16.67,15094,epithelial_like
16.67,15095,hADSCs
16.67,15096,hADSCs
16.67,15097,hADSCs
16.67,15098,hADSCs
16.67,15099,hADSCs
16.67,15100,epithelial_like
16.67,15101,epithelial_like
16.67,15102,epithelial_like
16.67,15103,epithelial_like
16.67,15104,epithelial_like
16.67,15105,epithelial_like
16.67,15106,epithelial_like
16.67,15107,epithelial_like
16.67,15108,epithelial_like
16.67,15109,epithelial_like
16.67,15110,epithelial_like
16.67,15111,hADSCs
16.67,15112,hADSCs
16.67,15113,hADSCs
16.67,15114,hADSCs
16.67,15115,epithelial_like
16.67,15116,epithelial_like
16.67,15117,hADSCs
16.67,15118,epithelial_like
16.67,15119,hADSCs
16.67,15120,hADSCs
16.67,15121,epithelial_like
16.67,15122,epithelial_like
16.67,15123,hADSCs
16.67,15124,epithelial_like
16.67,15125,epithelial_like
16.67,15126,epithelial_like
16.67,15127,epithelial_like
16.67,15128,hADSCs
16.67,15129,epithelial_like
16.67,15130,epithelial_like
16.67,15131,epithelial_like
16.67,15132,epithelial_like
16.67,15133,epithelial_like
16.67,15134,epithelial_like
16.67,15135,hADSCs
16.67,15136,epithelial_like
16.67,15137,epithelial_like
16.67,15138,epithelial_like
16.67,15139,hADSCs
16.67,15140,epithelial_like
16.67,15141,epithelial_like
16.67,15142,hADSCs
16.67,15143,epithelial_like
16.67,15144,hADSCs
16.67,15145,hADSCs
16.67,15146,epithelial_like
16.67,15147,epithelial_like
16.67,15148,hADSCs
16.67,15149,epithelial_like
16.67,15150,epithelial_like
16.67,15151,epithelial_like
16.67,15152,epithelial_like
16.67,15153,epithelial_like
16.67,15154,epithelial_like
16.67,15155,epithelial_like
16.67,15156,epithelial_like
16.67,15157,epithelial_like
16.67,15158,hADSCs
16.67,15159,hADSCs
16.67,15160,hADSCs
16.67,15161,hADSCs
16.67,15162,epithelial_like
16.67,15163,epithelial_like
16.67,15164,epithelial_like
16.67,15165,epithelial_like
16.67,15166,hADSCs
16.67,15167,epithelial_like
16.67,15168,hADSCs
16.67,15169,epithelial_like
16.67,15170,epithelial_like
16.67,15171,epithelial_like
16.67,15172,hADSCs
16.67,15173,hADSCs
16.67,15174,epithelial_like
16.67,15175,epithelial_like
16.67,15176,epithelial_like
16.67,15177,epithelial_like
16.67,15178,hADSCs
16.67,15179,hADSCs
16.67,15180,epithelial_like
16.67,15181,hADSCs
16.67,15182,hADSCs
16.67,15183,epithelial_like
16.67,15184,epithelial_like
16.67,15185,epithelial_like
16.67,15186,epithelial_like
16.67,15187,epithelial_like
16.67,15188,hADSCs
16.67,15189,epithelial_like
16.67,15190,epithelial_like
16.67,15191,epithelial_like
16.67,15192,hADSCs
16.67,15193,epithelial_like
16.67,15194,epithelial_like
16.67,15195,epithelial_like
16.67,15196,hADSCs
16.67,15197,hADSCs
16.67,15198,hADSCs
16.67,15199,epithelial_like
16.67,15200,epithelial_like
16.67,15201,intermediate_plastic
16.67,15202,epithelial_like
16.67,15203,epithelial_like
16.67,15204,hADSCs
16.67,15205,epithelial_like
16.67,15206,epithelial_like
16.67,15207,epithelial_like
16.67,15208,hADSCs
16.67,15209,epithelial_like
16.67,15210,epithelial_like
16.67,15211,hADSCs
16.67,15212,epithelial_like
16.67,15213,hADSCs
16.67,15214,hADSCs
16.67,15215,hADSCs
16.67,15216,hADSCs
16.67,15217,epithelial_like
16.67,15218,epithelial_like
16.67,15219,hADSCs
16.67,15220,epithelial_like
16.67,15221,hADSCs
16.67,15222,hADSCs
16.67,15223,hADSCs
16.67,15224,epithelial_like
16.67,15225,hADSCs
16.67,15226,epithelial_like
16.67,15227,epithelial_like
16.67,15228,epithelial_like
16.67,15229,epithelial_like
16.67,15230,hADSCs
16.67,15231,hADSCs
16.67,15232,hADSCs
16.67,15233,hADSCs
16.67,15234,hADSCs
16.67,15235,hADSCs
16.67,15236,epithelial_like
16.67,15237,hADSCs
16.67,15238,epithelial_like
16.67,15239,hADSCs
16.67,15240,epithelial_like
16.67,15241,epithelial_like
16.67,15242,epithelial_like
16.67,15243,epithelial_like
16.67,15244,epithelial_like
16.67,15245,epithelial_like
16.67,15246,epithelial_like
16.67,15247,epithelial_like
16.67,15248,epithelial_like
16.67,15249,epithelial_like
16.67,15250,epithelial_like
16.67,15251,epithelial_like
16.67,15252,hADSCs
16.67,15253,hADSCs
16.67,15254,epithelial_like
16.67,15255,epithelial_like
16.67,15256,epithelial_like
16.67,15257,hADSCs
16.67,15258,epithelial_like
16.67,15259,hADSCs
16.67,15260,epithelial_like
16.67,15261,epithelial_like
16.67,15262,epithelial_like
16.67,15263,epithelial_like
16.67,15264,epithelial_like
16.67,15265,hADSCs
16.67,15266,epithelial_like
16.67,15267,hADSCs
16.67,15268,epithelial_like
16.67,15269,epithelial_like
16.67,15270,hADSCs
16.67,15271,hADSCs
16.67,15272,hADSCs
16.67,15273,hADSCs
16.67,15274,epithelial_like
16.67,15275,hADSCs
16.67,15276,epithelial_like
16.67,15277,epithelial_like
16.67,15278,hADSCs
16.67,15279,hADSCs
16.67,15280,epithelial_like
16.67,15281,hADSCs
16.67,15282,hADSCs
16.67,15283,hADSCs
16.67,15284,hADSCs
16.67,15285,hADSCs
16.67,15286,epithelial_like
16.67,15287,hADSCs
16.67,15288,epithelial_like
16.67,15289,epithelial_like
16.67,15290,epithelial_like
16.67,15291,epithelial_like
16.67,15292,epithelial_like
16.67,15293,epithelial_like
16.67,15294,hADSCs
16.67,15295,hADSCs
16.67,15296,epithelial_like
16.67,15297,hADSCs
16.67,15298,epithelial_like
16.67,15299,epithelial_like
16.67,15300,hADSCs
16.67,15301,epithelial_like
16.67,15302,hADSCs
16.67,15303,hADSCs
16.67,15304,epithelial_like
16.67,15305,epithelial_like
16.67,15306,hADSCs
16.67,15307,epithelial_like
16.67,15308,epithelial_like
16.67,15309,epithelial_like
16.67,15310,hADSCs
16.67,15311,hADSCs
16.67,15312,epithelial_like
16.67,15313,hADSCs
16.67,15314,epithelial_like
16.67,15315,epithelial_like
16.67,15316,epithelial_like
16.67,15317,epithelial_like
16.67,15318,hADSCs
16.67,15319,hADSCs
16.67,15320,epithelial_like
16.67,15321,epithelial_like
16.67,15322,epithelial_like
16.67,15323,epithelial_like
16.67,15324,epithelial_like
16.67,15325,epithelial_like
16.67,15326,hADSCs
16.67,15327,epithelial_like
16.67,15328,epithelial_like
16.67,15329,epithelial_like
16.67,15330,hADSCs
16.67,15331,epithelial_like
16.67,15332,epithelial_like
16.67,15333,epithelial_like
16.67,15334,epithelial_like
16.67,15335,hADSCs
16.67,15336,hADSCs
16.67,15337,epithelial_like
16.67,15338,epithelial_like
16.67,15339,hADSCs
16.67,15340,epithelial_like
16.67,15341,epithelial_like
16.67,15342,hADSCs
16.67,15343,hADSCs
16.67,15344,epithelial_like
16.67,15345,epithelial_like
16.67,15346,epithelial_like
16.67,15347,hADSCs
16.67,15348,epithelial_like
16.67,15349,epithelial_like
16.67,15350,epithelial_like
16.67,15351,hADSCs
16.67,15352,epithelial_like
16.67,15353,epithelial_like
16.67,15354,epithelial_like
16.67,15355,epithelial_like
16.67,15356,epithelial_like
16.67,15357,epithelial_like
16.67,15358,epithelial_like
16.67,15359,epithelial_like
16.67,15360,hADSCs
16.67,15361,epithelial_like
16.67,15362,epithelial_like
16.67,15363,hADSCs
16.67,15364,epithelial_like
16.67,15365,hADSCs
16.67,15366,epithelial_like
16.67,15367,epithelial_like
16.67,15368,hADSCs
16.67,15369,epithelial_like
16.67,15370,hADSCs
16.67,15371,epithelial_like
16.67,15372,hADSCs
16.67,15373,epithelial_like
16.67,15374,epithelial_like
16.67,15375,epithelial_like
16.67,15376,epithelial_like
16.67,15377,epithelial_like
16.67,15378,epithelial_like
16.67,15379,epithelial_like
16.67,15380,epithelial_like
16.67,15381,epithelial_like
16.67,15382,epithelial_like
16.67,15383,hADSCs
16.67,15384,hADSCs
16.67,15385,intermediate_plastic
16.67,15386,epithelial_like
16.67,15387,epithelial_like
16.67,15388,epithelial_like
16.67,15389,hADSCs
16.67,15390,epithelial_like
16.67,15391,epithelial_like
16.67,15392,hADSCs
16.67,15393,hADSCs
16.67,15394,hADSCs
16.67,15395,hADSCs
16.67,15396,hADSCs
16.67,15397,hADSCs
16.67,15398,hADSCs
16.67,15399,epithelial_like
16.67,15400,epithelial_like
16.67,15401,epithelial_like
16.67,15402,epithelial_like
16.67,15403,epithelial_like
16.67,15404,epithelial_like
16.67,15405,hADSCs
16.67,15406,hADSCs
16.67,15407,epithelial_like
16.67,15408,epithelial_like
16.67,15409,epithelial_like
16.67,15410,hADSCs
16.67,15411,epithelial_like
16.67,15412,epithelial_like
16.67,15413,hADSCs
16.67,15414,epithelial_like
16.67,15415,epithelial_like
16.67,15416,epithelial_like
16.67,15417,epithelial_like
16.67,15418,hADSCs
16.67,15419,hADSCs
16.67,15420,hADSCs
16.67,15421,epithelial_like
16.67,15422,epithelial_like
16.67,15423,epithelial_like
16.67,15424,epithelial_like
16.67,15425,epithelial_like
16.67,15426,epithelial_like
16.67,15427,hADSCs
16.67,15428,hADSCs
16.67,15429,hADSCs
16.67,15430,hADSCs
16.67,15431,hADSCs
16.67,15432,hADSCs
16.67,15433,epithelial_like
16.67,15434,hADSCs
16.67,15435,epithelial_like
16.67,15436,hADSCs
16.67,15437,epithelial_like
16.67,15438,epithelial_like
16.67,15439,epithelial_like
16.67,15440,epithelial_like
16.67,15441,epithelial_like
16.67,15442,epithelial_like
16.67,15443,epithelial_like
16.67,15444,epithelial_like
16.67,15445,epithelial_like
16.67,15446,epithelial_like
16.67,15447,epithelial_like
16.67,15448,hADSCs
16.67,15449,hADSCs
16.67,15450,epithelial_like
16.67,15451,hADSCs
16.67,15452,hADSCs
16.67,15453,hADSCs
16.67,15454,hADSCs
16.67,15455,epithelial_like
16.67,15456,epithelial_like
16.67,15457,epithelial_like
16.67,15458,epithelial_like
16.67,15459,epithelial_like
16.67,15460,epithelial_like
16.67,15461,hADSCs
16.67,15462,epithelial_like
16.67,15463,epithelial_like
16.67,15464,epithelial_like
16.67,15465,hADSCs
16.67,15466,epithelial_like
16.67,15467,epithelial_like
16.67,15468,epithelial_like
16.67,15469,hADSCs
16.67,15470,epithelial_like
16.67,15471,epithelial_like
16.67,15472,epithelial_like
16.67,15473,epithelial_like
16.67,15474,epithelial_like
16.67,15475,hADSCs
16.67,15476,hADSCs
16.67,15477,epithelial_like
16.67,15478,epithelial_like
16.67,15479,epithelial_like
16.67,15480,epithelial_like
16.67,15481,hADSCs
16.67,15482,hADSCs
16.67,15483,hADSCs
16.67,15484,hADSCs
16.67,15485,hADSCs
16.67,15486,hADSCs
16.67,15487,epithelial_like
16.67,15488,hADSCs
16.67,15489,epithelial_like
16.67,15490,epithelial_like
16.67,15491,epithelial_like
16.67,15492,epithelial_like
16.67,15493,epithelial_like
16.67,15494,hADSCs
16.67,15495,epithelial_like
16.67,15496,epithelial_like
16.67,15497,hADSCs
16.67,15498,epithelial_like
16.67,15499,hADSCs
16.67,15500,hADSCs
16.67,15501,hADSCs
16.67,15502,epithelial_like
16.67,15503,epithelial_like
16.67,15504,epithelial_like
16.67,15505,intermediate_plastic
16.67,15506,intermediate_plastic
16.67,15507,hADSCs
16.67,15508,hADSCs
16.67,15509,hADSCs
16.67,15510,epithelial_like
16.67,15511,hADSCs
16.67,15512,epithelial_like
16.67,15513,epithelial_like
16.67,15514,epithelial_like
16.67,15515,epithelial_like
16.67,15516,hADSCs
16.67,15517,hADSCs
16.67,15518,epithelial_like
16.67,15519,hADSCs
16.67,15520,hADSCs
16.67,15521,epithelial_like
16.67,15522,hADSCs
16.67,15523,epithelial_like
16.67,15524,epithelial_like
16.67,15525,epithelial_like
16.67,15526,hADSCs
16.67,15527,hADSCs
16.67,15528,hADSCs
16.67,15529,hADSCs
16.67,15530,hADSCs
16.67,15531,epithelial_like
16.67,15532,epithelial_like
16.67,15533,hADSCs
16.67,15534,hADSCs
16.67,15535,hADSCs
16.67,15536,epithelial_like
16.67,15537,epithelial_like
16.67,15538,epithelial_like
16.67,15539,epithelial_like
16.67,15540,epithelial_like
16.67,15541,epithelial_like
16.67,15542,epithelial_like
16.67,15543,epithelial_like
16.67,15544,epithelial_like
16.67,15545,epithelial_like
16.67,15546,epithelial_like
16.67,15547,hADSCs
16.67,15548,epithelial_like
16.67,15549,epithelial_like
16.67,15550,epithelial_like
16.67,15551,hADSCs
16.67,15552,epithelial_like
16.67,15553,epithelial_like
16.67,15554,epithelial_like
16.67,15555,epithelial_like
16.67,15556,hADSCs
16.67,15557,hADSCs
16.67,15558,hADSCs
16.67,15559,epithelial_like
16.67,15560,hADSCs
16.67,15561,hADSCs
16.67,15562,epithelial_like
16.67,15563,hADSCs
16.67,15564,epithelial_like
16.67,15565,epithelial_like
16.67,15566,epithelial_like
16.67,15567,hADSCs
16.67,15568,hADSCs
16.67,15569,hADSCs
16.67,15570,epithelial_like
16.67,15571,epithelial_like
16.67,15572,hADSCs
16.67,15573,epithelial_like
16.67,15574,hADSCs
16.67,15575,hADSCs
16.67,15576,hADSCs
16.67,15577,epithelial_like
16.67,15578,epithelial_like
16.67,15579,epithelial_like
16.67,15580,epithelial_like
16.67,15581,epithelial_like
16.67,15582,hADSCs
16.67,15583,hADSCs
16.67,15584,hADSCs
16.67,15585,hADSCs
16.67,15586,epithelial_like
16.67,15587,hADSCs
16.67,15588,epithelial_like
16.67,15589,epithelial_like
16.67,15590,hADSCs
16.67,15591,hADSCs
16.67,15592,hADSCs
16.67,15593,hADSCs
16.67,15594,epithelial_like
16.67,15595,hADSCs
16.67,15596,epithelial_like
16.67,15597,hADSCs
16.67,15598,epithelial_like
16.67,15599,epithelial_like
16.67,15600,epithelial_like
16.67,15601,epithelial_like
16.67,15602,epithelial_like
16.67,15603,hADSCs
16.67,15604,hADSCs
16.67,15605,epithelial_like
16.67,15606,hADSCs
16.67,15607,epithelial_like
16.67,15608,epithelial_like
16.67,15609,hADSCs
16.67,15610,epithelial_like
16.67,15611,epithelial_like
16.67,15612,hADSCs
16.67,15613,epithelial_like
16.67,15614,epithelial_like
16.67,15615,epithelial_like
16.67,15616,epithelial_like
16.67,15617,hADSCs
16.67,15618,hADSCs
16.67,15619,epithelial_like
16.67,15620,hADSCs
16.67,15621,epithelial_like
16.67,15622,hADSCs
16.67,15623,hADSCs
16.67,15624,epithelial_like
16.67,15625,epithelial_like
16.67,15626,hADSCs
16.67,15627,epithelial_like
16.67,15628,epithelial_like
16.67,15629,epithelial_like
16.67,15630,epithelial_like
16.67,15631,hADSCs
16.67,15632,hADSCs
16.67,15633,hADSCs
16.67,15634,hADSCs
16.67,15635,hADSCs
16.67,15636,epithelial_like
16.67,15637,epithelial_like
16.67,15638,epithelial_like
16.67,15639,hADSCs
16.67,15640,hADSCs
16.67,15641,epithelial_like
16.67,15642,hADSCs
16.67,15643,hADSCs
16.67,15644,hADSCs
16.67,15645,hADSCs
16.67,15646,hADSCs
16.67,15647,hADSCs
16.67,15648,hADSCs
16.67,15649,epithelial_like
16.67,15650,epithelial_like
16.67,15651,hADSCs
16.67,15652,hADSCs
16.67,15653,epithelial_like
16.67,15654,hADSCs
16.67,15655,epithelial_like
16.67,15656,epithelial_like
16.67,15657,epithelial_like
16.67,15658,hADSCs
16.67,15659,epithelial_like
16.67,15660,hADSCs
16.67,15661,hADSCs
16.67,15662,hADSCs
16.67,15663,hADSCs
16.67,15664,hADSCs
16.67,15665,epithelial_like
16.67,15666,epithelial_like
16.67,15667,epithelial_like
16.67,15668,epithelial_like
16.67,15669,epithelial_like
16.67,15670,epithelial_like
16.67,15671,epithelial_like
16.67,15672,hADSCs
16.67,15673,epithelial_like
16.67,15674,epithelial_like
16.67,15675,epithelial_like
16.67,15676,epithelial_like
16.67,15677,hADSCs
16.67,15678,epithelial_like
16.67,15679,epithelial_like
16.67,15680,epithelial_like
16.67,15681,hADSCs
16.67,15682,hADSCs
16.67,15683,hADSCs
16.67,15684,hADSCs
16.67,15685,epithelial_like
16.67,15686,epithelial_like
16.67,15687,epithelial_like
16.67,15688,epithelial_like
16.67,15689,epithelial_like
16.67,15690,epithelial_like
16.67,15691,epithelial_like
16.67,15692,epithelial_like
16.67,15693,epithelial_like
16.67,15694,hADSCs
16.67,15695,hADSCs
16.67,15696,hADSCs
16.67,15697,epithelial_like
16.67,15698,epithelial_like
16.67,15699,hADSCs
16.67,15700,hADSCs
16.67,15701,epithelial_like
16.67,15702,epithelial_like
16.67,15703,epithelial_like
16.67,15704,hADSCs
16.67,15705,epithelial_like
16.67,15706,epithelial_like
16.67,15707,hADSCs
16.67,15708,epithelial_like
16.67,15709,epithelial_like
16.67,15710,epithelial_like
16.67,15711,hADSCs
16.67,15712,hADSCs
16.67,15713,epithelial_like
16.67,15714,hADSCs
16.67,15715,hADSCs
16.67,15716,hADSCs
16.67,15717,hADSCs
16.67,15718,hADSCs
16.67,15719,hADSCs
16.67,15720,hADSCs
16.67,15721,hADSCs
16.67,15722,epithelial_like
16.67,15723,epithelial_like
16.67,15724,epithelial_like
16.67,15725,epithelial_like
16.67,15726,epithelial_like
16.67,15727,epithelial_like
16.67,15728,hADSCs
16.67,15729,epithelial_like
16.67,15730,epithelial_like
16.67,15731,hADSCs
16.67,15732,hADSCs
16.67,15733,hADSCs
16.67,15734,hADSCs
16.67,15735,epithelial_like
16.67,15736,hADSCs
16.67,15737,epithelial_like
16.67,15738,epithelial_like
16.67,15739,epithelial_like
16.67,15740,epithelial_like
16.67,15741,epithelial_like
16.67,15742,epithelial_like
16.67,15743,hADSCs
16.67,15744,hADSCs
16.67,15745,hADSCs
16.67,15746,hADSCs
16.67,15747,epithelial_like
16.67,15748,epithelial_like
16.67,15749,epithelial_like
16.67,15750,hADSCs
16.67,15751,epithelial_like
16.67,15752,epithelial_like
16.67,15753,hADSCs
16.67,15754,epithelial_like
16.67,15755,epithelial_like
16.67,15756,hADSCs
16.67,15757,hADSCs
16.67,15758,epithelial_like
16.67,15759,epithelial_like
16.67,15760,epithelial_like
16.67,15761,epithelial_like
16.67,15762,epithelial_like
16.67,15763,hADSCs
16.67,15764,epithelial_like
16.67,15765,hADSCs
16.67,15766,epithelial_like
16.67,15767,hADSCs
16.67,15768,epithelial_like
16.67,15769,hADSCs
16.67,15770,epithelial_like
16.67,15771,epithelial_like
16.67,15772,hADSCs
16.67,15773,epithelial_like
16.67,15774,epithelial_like
16.67,15775,hADSCs
16.67,15776,hADSCs
16.67,15777,epithelial_like
16.67,15778,epithelial_like
16.67,15779,hADSCs
16.67,15780,epithelial_like
16.67,15781,hADSCs
16.67,15782,epithelial_like
16.67,15783,epithelial_like
16.67,15784,hADSCs
16.67,15785,hADSCs
16.67,15786,epithelial_like
16.67,15787,epithelial_like
16.67,15788,epithelial_like
16.67,15789,epithelial_like
16.67,15790,epithelial_like
16.67,15791,hADSCs
16.67,15792,hADSCs
16.67,15793,epithelial_like
16.67,15794,hADSCs
16.67,15795,epithelial_like
16.67,15796,epithelial_like
16.67,15797,hADSCs
16.67,15798,epithelial_like
16.67,15799,epithelial_like
16.67,15800,epithelial_like
16.67,15801,epithelial_like
16.67,15802,epithelial_like
16.67,15803,hADSCs
16.67,15804,epithelial_like
16.67,15805,epithelial_like
16.67,15806,epithelial_like
16.67,15807,epithelial_like
16.67,15808,epithelial_like
16.67,15809,hADSCs
16.67,15810,epithelial_like
16.67,15811,epithelial_like
16.67,15812,epithelial_like
16.67,15813,epithelial_like
16.67,15814,epithelial_like
16.67,15815,hADSCs
16.67,15816,epithelial_like
16.67,15817,hADSCs
16.67,15818,hADSCs
16.67,15819,epithelial_like
16.67,15820,epithelial_like
16.67,15821,epithelial_like
16.67,15822,epithelial_like
16.67,15823,epithelial_like
16.67,15824,epithelial_like
16.67,15825,hADSCs
16.67,15826,hADSCs
16.67,15827,epithelial_like
16.67,15828,epithelial_like
16.67,15829,epithelial_like
16.67,15830,epithelial_like
16.67,15831,epithelial_like
16.67,15832,hADSCs
16.67,15833,epithelial_like
16.67,15834,epithelial_like
16.67,15835,epithelial_like
16.67,15836,hADSCs
16.67,15837,epithelial_like
16.67,15838,epithelial_like
16.67,15839,hADSCs
16.67,15840,hADSCs
16.67,15841,hADSCs
16.67,15842,epithelial_like
16.67,15843,epithelial_like
16.67,15844,epithelial_like
16.67,15845,epithelial_like
16.67,15846,epithelial_like
16.67,15847,epithelial_like
16.67,15848,hADSCs
16.67,15849,epithelial_like
16.67,15850,epithelial_like
16.67,15851,epithelial_like
16.67,15852,epithelial_like
16.67,15853,epithelial_like
16.67,15854,hADSCs
16.67,15855,epithelial_like
16.67,15856,hADSCs
16.67,15857,epithelial_like
16.67,15858,epithelial_like
16.67,15859,hADSCs
16.67,15860,hADSCs
16.67,15861,hADSCs
16.67,15862,epithelial_like
16.67,15863,epithelial_like
16.67,15864,hADSCs
16.67,15865,epithelial_like
16.67,15866,hADSCs
16.67,15867,hADSCs
16.67,15868,epithelial_like
16.67,15869,epithelial_like
16.67,15870,epithelial_like
16.67,15871,epithelial_like
16.67,15872,epithelial_like
16.67,15873,epithelial_like
16.67,15874,hADSCs
16.67,15875,hADSCs
16.67,15876,epithelial_like
16.67,15877,epithelial_like
16.67,15878,hADSCs
16.67,15879,epithelial_like
16.67,15880,epithelial_like
16.67,15881,hADSCs
16.67,15882,hADSCs
16.67,15883,epithelial_like
16.67,15884,epithelial_like
16.67,15885,epithelial_like
16.67,15886,hADSCs
16.67,15887,hADSCs
16.67,15888,epithelial_like
16.67,15889,epithelial_like
16.67,15890,epithelial_like
16.67,15891,hADSCs
16.67,15892,epithelial_like
16.67,15893,epithelial_like
16.67,15894,epithelial_like
16.67,15895,epithelial_like
16.67,15896,epithelial_like
16.67,15897,epithelial_like
16.67,15898,hADSCs
16.67,15899,epithelial_like
16.67,15900,epithelial_like
16.67,15901,hADSCs
16.67,15902,hADSCs
16.67,15903,hADSCs
16.67,15904,epithelial_like
16.67,15905,epithelial_like
16.67,15906,epithelial_like
16.67,15907,epithelial_like
16.67,15908,epithelial_like
16.67,15909,epithelial_like
16.67,15910,hADSCs
16.67,15911,hADSCs
16.67,15912,hADSCs
16.67,15913,hADSCs
16.67,15914,hADSCs
16.67,15915,epithelial_like
16.67,15916,epithelial_like
16.67,15917,hADSCs
16.67,15918,hADSCs
16.67,15919,epithelial_like
16.67,15920,hADSCs
16.67,15921,epithelial_like
16.67,15922,epithelial_like
16.67,15923,hADSCs
16.67,15924,epithelial_like
16.67,15925,epithelial_like
16.67,15926,epithelial_like
16.67,15927,hADSCs
16.67,15928,epithelial_like
16.67,15929,hADSCs
16.67,15930,epithelial_like
16.67,15931,epithelial_like
16.67,15932,epithelial_like
16.67,15933,epithelial_like
16.67,15934,epithelial_like
16.67,15935,hADSCs
16.67,15936,epithelial_like
16.67,15937,epithelial_like
16.67,15938,epithelial_like
16.67,15939,epithelial_like
16.67,15940,epithelial_like
16.67,15941,epithelial_like
16.67,15942,epithelial_like
16.67,15943,epithelial_like
16.67,15944,epithelial_like
16.67,15945,epithelial_like
16.67,15946,epithelial_like
16.67,15947,hADSCs
16.67,15948,epithelial_like
16.67,15949,epithelial_like
16.67,15950,hADSCs
16.67,15951,hADSCs
16.67,15952,epithelial_like
16.67,15953,epithelial_like
16.67,15954,epithelial_like
16.67,15955,epithelial_like
16.67,15956,epithelial_like
16.67,15957,epithelial_like
16.67,15958,hADSCs
16.67,15959,hADSCs
16.67,15960,epithelial_like
16.67,15961,epithelial_like
16.67,15962,epithelial_like
16.67,15963,epithelial_like
16.67,15964,epithelial_like
16.67,15965,epithelial_like
16.67,15966,hADSCs
16.67,15967,epithelial_like
16.67,15968,epithelial_like
16.67,15969,epithelial_like
16.67,15970,epithelial_like
16.67,15971,hADSCs
16.67,15972,hADSCs
16.67,15973,hADSCs
16.67,15974,hADSCs
16.67,15975,epithelial_like
16.67,15976,epithelial_like
16.67,15977,epithelial_like
16.67,15978,epithelial_like
16.67,15979,epithelial_like
16.67,15980,epithelial_like
16.67,15981,epithelial_like
16.67,15982,hADSCs
16.67,15983,epithelial_like
16.67,15984,hADSCs
16.67,15985,epithelial_like
16.67,15986,epithelial_like
16.67,15987,hADSCs
16.67,15988,hADSCs
16.67,15989,epithelial_like
16.67,15990,hADSCs
16.67,15991,hADSCs
16.67,15992,epithelial_like
16.67,15993,epithelial_like
16.67,15994,epithelial_like
16.67,15995,hADSCs
16.67,15996,hADSCs
16.67,15997,epithelial_like
16.67,15998,hADSCs
16.67,15999,hADSCs
17.0,16000,epithelial_like
17.0,16001,epithelial_like
17.0,16002,hADSCs
17.0,16003,hADSCs
17.0,16004,hADSCs
17.0,16005,epithelial_like
17.0,16006,epithelial_like
17.0,16007,epithelial_like
17.0,16008,epithelial_like
17.0,16009,hADSCs
17.0,16010,epithelial_like
17.0,16011,hADSCs
17.0,16012,hADSCs
17.0,16013,epithelial_like
17.0,16014,hADSCs
17.0,16015,epithelial_like
17.0,16016,hADSCs
17.0,16017,epithelial_like
17.0,16018,epithelial_like
17.0,16019,hADSCs
17.0,16020,hADSCs
17.0,16021,epithelial_like
17.0,16022,epithelial_like
17.0,16023,epithelial_like
17.0,16024,hADSCs
17.0,16025,hADSCs
17.0,16026,epithelial_like
17.0,16027,epithelial_like
17.0,16028,epithelial_like
17.0,16029,intermediate_plastic
17.0,16030,intermediate_plastic
17.0,16031,epithelial_like
17.0,16032,epithelial_like
17.0,16033,hADSCs
17.0,16034,epithelial_like
17.0,16035,hADSCs
17.0,16036,epithelial_like
17.0,16037,hADSCs
17.0,16038,epithelial_like
17.0,16039,epithelial_like
17.0,16040,epithelial_like
17.0,16041,hADSCs
17.0,16042,epithelial_like
17.0,16043,epithelial_like
17.0,16044,epithelial_like
17.0,16045,epithelial_like
17.0,16046,epithelial_like
17.0,16047,epithelial_like
17.0,16048,epithelial_like
17.0,16049,hADSCs
17.0,16050,hADSCs
17.0,16051,epithelial_like
17.0,16052,epithelial_like
17.0,16053,epithelial_like
17.0,16054,epithelial_like
17.0,16055,hADSCs
17.0,16056,hADSCs
17.0,16057,hADSCs
17.0,16058,epithelial_like
17.0,16059,epithelial_like
17.0,16060,epithelial_like
17.0,16061,epithelial_like
17.0,16062,hADSCs
17.0,16063,hADSCs
17.0,16064,hADSCs
17.0,16065,epithelial_like
17.0,16066,epithelial_like
17.0,16067,epithelial_like
17.0,16068,epithelial_like
17.0,16069,epithelial_like
17.0,16070,epithelial_like
17.0,16071,hADSCs
17.0,16072,epithelial_like
17.0,16073,hADSCs
17.0,16074,epithelial_like
17.0,16075,epithelial_like
17.0,16076,epithelial_like
17.0,16077,epithelial_like
17.0,16078,epithelial_like
17.0,16079,epithelial_like
17.0,16080,epithelial_like
17.0,16081,hADSCs
17.0,16082,epithelial_like
17.0,16083,epithelial_like
17.0,16084,epithelial_like
17.0,16085,epithelial_like
17.0,16086,epithelial_like
17.0,16087,epithelial_like
17.0,16088,hADSCs
17.0,16089,hADSCs
17.0,16090,hADSCs
17.0,16091,epithelial_like
17.0,16092,hADSCs
17.0,16093,epithelial_like
17.0,16094,hADSCs
17.0,16095,hADSCs
17.0,16096,hADSCs
17.0,16097,hADSCs
17.0,16098,hADSCs
17.0,16099,epithelial_like
17.0,16100,epithelial_like
17.0,16101,epithelial_like
17.0,16102,hADSCs
17.0,16103,hADSCs
17.0,16104,hADSCs
17.0,16105,epithelial_like
17.0,16106,epithelial_like
17.0,16107,hADSCs
17.0,16108,epithelial_like
17.0,16109,epithelial_like
17.0,16110,epithelial_like
17.0,16111,epithelial_like
17.0,16112,epithelial_like
17.0,16113,hADSCs
17.0,16114,epithelial_like
17.0,16115,epithelial_like
17.0,16116,hADSCs
17.0,16117,hADSCs
17.0,16118,hADSCs
17.0,16119,hADSCs
17.0,16120,hADSCs
17.0,16121,hADSCs
17.0,16122,epithelial_like
17.0,16123,epithelial_like
17.0,16124,epithelial_like
17.0,16125,epithelial_like
17.0,16126,hADSCs
17.0,16127,hADSCs
17.0,16128,hADSCs
17.0,16129,hADSCs
17.0,16130,hADSCs
17.0,16131,epithelial_like
17.0,16132,epithelial_like
17.0,16133,hADSCs
17.0,16134,epithelial_like
17.0,16135,epithelial_like
17.0,16136,epithelial_like
17.0,16137,epithelial_like
17.0,16138,epithelial_like
17.0,16139,hADSCs
17.0,16140,epithelial_like
17.0,16141,hADSCs
17.0,16142,hADSCs
17.0,16143,hADSCs
17.0,16144,epithelial_like
17.0,16145,epithelial_like
17.0,16146,epithelial_like
17.0,16147,epithelial_like
17.0,16148,epithelial_like
17.0,16149,epithelial_like
17.0,16150,epithelial_like
17.0,16151,epithelial_like
17.0,16152,hADSCs
17.0,16153,epithelial_like
17.0,16154,epithelial_like
17.0,16155,epithelial_like
17.0,16156,epithelial_like
17.0,16157,epithelial_like
17.0,16158,hADSCs
17.0,16159,hADSCs
17.0,16160,epithelial_like
17.0,16161,epithelial_like
17.0,16162,hADSCs
17.0,16163,epithelial_like
17.0,16164,epithelial_like
17.0,16165,hADSCs
17.0,16166,epithelial_like
17.0,16167,epithelial_like
17.0,16168,hADSCs
17.0,16169,hADSCs
17.0,16170,epithelial_like
17.0,16171,epithelial_like
17.0,16172,epithelial_like
17.0,16173,epithelial_like
17.0,16174,epithelial_like
17.0,16175,hADSCs
17.0,16176,epithelial_like
17.0,16177,epithelial_like
17.0,16178,epithelial_like
17.0,16179,epithelial_like
17.0,16180,epithelial_like
17.0,16181,hADSCs
17.0,16182,hADSCs
17.0,16183,hADSCs
17.0,16184,epithelial_like
17.0,16185,epithelial_like
17.0,16186,hADSCs
17.0,16187,hADSCs
17.0,16188,hADSCs
17.0,16189,epithelial_like
17.0,16190,epithelial_like
17.0,16191,epithelial_like
17.0,16192,epithelial_like
17.0,16193,hADSCs
17.0,16194,epithelial_like
17.0,16195,epithelial_like
17.0,16196,epithelial_like
17.0,16197,hADSCs
17.0,16198,hADSCs
17.0,16199,hADSCs
17.0,16200,epithelial_like
17.0,16201,epithelial_like
17.0,16202,epithelial_like
17.0,16203,epithelial_like
17.0,16204,epithelial_like
17.0,16205,hADSCs
17.0,16206,hADSCs
17.0,16207,epithelial_like
17.0,16208,epithelial_like
17.0,16209,epithelial_like
17.0,16210,epithelial_like
17.0,16211,epithelial_like
17.0,16212,epithelial_like
17.0,16213,epithelial_like
17.0,16214,epithelial_like
17.0,16215,epithelial_like
17.0,16216,epithelial_like
17.0,16217,epithelial_like
17.0,16218,epithelial_like
17.0,16219,epithelial_like
17.0,16220,epithelial_like
17.0,16221,hADSCs
17.0,16222,hADSCs
17.0,16223,epithelial_like
17.0,16224,hADSCs
17.0,16225,epithelial_like
17.0,16226,hADSCs
17.0,16227,hADSCs
17.0,16228,epithelial_like
17.0,16229,hADSCs
17.0,16230,hADSCs
17.0,16231,epithelial_like
17.0,16232,epithelial_like
17.0,16233,hADSCs
17.0,16234,epithelial_like
17.0,16235,hADSCs
17.0,16236,epithelial_like
17.0,16237,hADSCs
17.0,16238,hADSCs
17.0,16239,epithelial_like
17.0,16240,epithelial_like
17.0,16241,epithelial_like
17.0,16242,epithelial_like
17.0,16243,epithelial_like
17.0,16244,epithelial_like
17.0,16245,epithelial_like
17.0,16246,hADSCs
17.0,16247,hADSCs
17.0,16248,hADSCs
17.0,16249,epithelial_like
17.0,16250,epithelial_like
17.0,16251,epithelial_like
17.0,16252,hADSCs
17.0,16253,hADSCs
17.0,16254,hADSCs
17.0,16255,hADSCs
17.0,16256,hADSCs
17.0,16257,hADSCs
17.0,16258,epithelial_like
17.0,16259,epithelial_like
17.0,16260,epithelial_like
17.0,16261,epithelial_like
17.0,16262,epithelial_like
17.0,16263,epithelial_like
17.0,16264,epithelial_like
17.0,16265,hADSCs
17.0,16266,epithelial_like
17.0,16267,hADSCs
17.0,16268,epithelial_like
17.0,16269,epithelial_like
17.0,16270,epithelial_like
17.0,16271,hADSCs
17.0,16272,hADSCs
17.0,16273,epithelial_like
17.0,16274,epithelial_like
17.0,16275,epithelial_like
17.0,16276,epithelial_like
17.0,16277,epithelial_like
17.0,16278,epithelial_like
17.0,16279,epithelial_like
17.0,16280,hADSCs
17.0,16281,epithelial_like
17.0,16282,epithelial_like
17.0,16283,epithelial_like
17.0,16284,epithelial_like
17.0,16285,epithelial_like
17.0,16286,epithelial_like
17.0,16287,epithelial_like
17.0,16288,epithelial_like
17.0,16289,hADSCs
17.0,16290,epithelial_like
17.0,16291,epithelial_like
17.0,16292,epithelial_like
17.0,16293,hADSCs
17.0,16294,hADSCs
17.0,16295,hADSCs
17.0,16296,epithelial_like
17.0,16297,epithelial_like
17.0,16298,hADSCs
17.0,16299,hADSCs
17.0,16300,epithelial_like
17.0,16301,hADSCs
17.0,16302,epithelial_like
17.0,16303,epithelial_like
17.0,16304,epithelial_like
17.0,16305,hADSCs
17.0,16306,hADSCs
17.0,16307,epithelial_like
17.0,16308,epithelial_like
17.0,16309,epithelial_like
17.0,16310,epithelial_like
17.0,16311,epithelial_like
17.0,16312,epithelial_like
17.0,16313,epithelial_like
17.0,16314,epithelial_like
17.0,16315,epithelial_like
17.0,16316,epithelial_like
17.0,16317,epithelial_like
17.0,16318,epithelial_like
17.0,16319,epithelial_like
17.0,16320,hADSCs
17.0,16321,hADSCs
17.0,16322,hADSCs
17.0,16323,hADSCs
17.0,16324,hADSCs
17.0,16325,epithelial_like
17.0,16326,epithelial_like
17.0,16327,epithelial_like
17.0,16328,epithelial_like
17.0,16329,epithelial_like
17.0,16330,hADSCs
17.0,16331,epithelial_like
17.0,16332,hADSCs
17.0,16333,hADSCs
17.0,16334,hADSCs
17.0,16335,epithelial_like
17.0,16336,hADSCs
17.0,16337,epithelial_like
17.0,16338,hADSCs
17.0,16339,epithelial_like
17.0,16340,epithelial_like
17.0,16341,epithelial_like
17.0,16342,hADSCs
17.0,16343,epithelial_like
17.0,16344,epithelial_like
17.0,16345,epithelial_like
17.0,16346,hADSCs
17.0,16347,hADSCs
17.0,16348,hADSCs
17.0,16349,hADSCs
17.0,16350,hADSCs
17.0,16351,epithelial_like
17.0,16352,epithelial_like
17.0,16353,hADSCs
17.0,16354,hADSCs
17.0,16355,hADSCs
17.0,16356,epithelial_like
17.0,16357,epithelial_like
17.0,16358,epithelial_like
17.0,16359,hADSCs
17.0,16360,hADSCs
17.0,16361,epithelial_like
17.0,16362,hADSCs
17.0,16363,hADSCs
17.0,16364,epithelial_like
17.0,16365,epithelial_like
17.0,16366,epithelial_like
17.0,16367,epithelial_like
17.0,16368,hADSCs
17.0,16369,hADSCs
17.0,16370,hADSCs
17.0,16371,hADSCs
17.0,16372,hADSCs
17.0,16373,epithelial_like
17.0,16374,epithelial_like
17.0,16375,epithelial_like
17.0,16376,hADSCs
17.0,16377,hADSCs
17.0,16378,epithelial_like
17.0,16379,epithelial_like
17.0,16380,hADSCs
17.0,16381,hADSCs
17.0,16382,hADSCs
17.0,16383,hADSCs
17.0,16384,hADSCs
17.0,16385,epithelial_like
17.0,16386,epithelial_like
17.0,16387,hADSCs
17.0,16388,hADSCs
17.0,16389,hADSCs
17.0,16390,hADSCs
17.0,16391,hADSCs
17.0,16392,epithelial_like
17.0,16393,epithelial_like
17.0,16394,epithelial_like
17.0,16395,epithelial_like
17.0,16396,hADSCs
17.0,16397,hADSCs
17.0,16398,epithelial_like
17.0,16399,hADSCs
17.0,16400,epithelial_like
17.0,16401,epithelial_like
17.0,16402,hADSCs
17.0,16403,epithelial_like
17.0,16404,hADSCs
17.0,16405,epithelial_like
17.0,16406,epithelial_like
17.0,16407,epithelial_like
17.0,16408,epithelial_like
17.0,16409,epithelial_like
17.0,16410,epithelial_like
17.0,16411,epithelial_like
17.0,16412,epithelial_like
17.0,16413,epithelial_like
17.0,16414,hADSCs
17.0,16415,epithelial_like
17.0,16416,hADSCs
17.0,16417,epithelial_like
17.0,16418,epithelial_like
17.0,16419,epithelial_like
17.0,16420,epithelial_like
17.0,16421,epithelial_like
17.0,16422,hADSCs
17.0,16423,hADSCs
17.0,16424,epithelial_like
17.0,16425,epithelial_like
17.0,16426,epithelial_like
17.0,16427,epithelial_like
17.0,16428,hADSCs
17.0,16429,hADSCs
17.0,16430,epithelial_like
17.0,16431,epithelial_like
17.0,16432,epithelial_like
17.0,16433,epithelial_like
17.0,16434,epithelial_like
17.0,16435,epithelial_like
17.0,16436,hADSCs
17.0,16437,hADSCs
17.0,16438,epithelial_like
17.0,16439,hADSCs
17.0,16440,hADSCs
17.0,16441,hADSCs
17.0,16442,hADSCs
17.0,16443,hADSCs
17.0,16444,hADSCs
17.0,16445,hADSCs
17.0,16446,hADSCs
17.0,16447,epithelial_like
17.0,16448,epithelial_like
17.0,16449,hADSCs
17.0,16450,epithelial_like
17.0,16451,hADSCs
17.0,16452,hADSCs
17.0,16453,hADSCs
17.0,16454,epithelial_like
17.0,16455,epithelial_like
17.0,16456,epithelial_like
17.0,16457,epithelial_like
17.0,16458,epithelial_like
17.0,16459,epithelial_like
17.0,16460,epithelial_like
17.0,16461,epithelial_like
17.0,16462,epithelial_like
17.0,16463,hADSCs
17.0,16464,epithelial_like
17.0,16465,hADSCs
17.0,16466,epithelial_like
17.0,16467,hADSCs
17.0,16468,epithelial_like
17.0,16469,epithelial_like
17.0,16470,hADSCs
17.0,16471,hADSCs
17.0,16472,hADSCs
17.0,16473,epithelial_like
17.0,16474,hADSCs
17.0,16475,epithelial_like
17.0,16476,hADSCs
17.0,16477,hADSCs
17.0,16478,epithelial_like
17.0,16479,epithelial_like
17.0,16480,epithelial_like
17.0,16481,epithelial_like
17.0,16482,epithelial_like
17.0,16483,epithelial_like
17.0,16484,epithelial_like
17.0,16485,epithelial_like
17.0,16486,hADSCs
17.0,16487,hADSCs
17.0,16488,intermediate_plastic
17.0,16489,hADSCs
17.0,16490,hADSCs
17.0,16491,hADSCs
17.0,16492,epithelial_like
17.0,16493,epithelial_like
17.0,16494,hADSCs
17.0,16495,hADSCs
17.0,16496,epithelial_like
17.0,16497,hADSCs
17.0,16498,epithelial_like
17.0,16499,epithelial_like
17.0,16500,hADSCs
17.0,16501,hADSCs
17.0,16502,hADSCs
17.0,16503,hADSCs
17.0,16504,epithelial_like
17.0,16505,epithelial_like
17.0,16506,epithelial_like
17.0,16507,epithelial_like
17.0,16508,hADSCs
17.0,16509,hADSCs
17.0,16510,epithelial_like
17.0,16511,epithelial_like
17.0,16512,hADSCs
17.0,16513,hADSCs
17.0,16514,hADSCs
17.0,16515,hADSCs
17.0,16516,epithelial_like
17.0,16517,epithelial_like
17.0,16518,hADSCs
17.0,16519,hADSCs
17.0,16520,hADSCs
17.0,16521,hADSCs
17.0,16522,epithelial_like
17.0,16523,hADSCs
17.0,16524,epithelial_like
17.0,16525,epithelial_like
17.0,16526,hADSCs
17.0,16527,hADSCs
17.0,16528,epithelial_like
17.0,16529,epithelial_like
17.0,16530,hADSCs
17.0,16531,hADSCs
17.0,16532,hADSCs
17.0,16533,epithelial_like
17.0,16534,epithelial_like
17.0,16535,epithelial_like
17.0,16536,hADSCs
17.0,16537,intermediate_plastic
17.0,16538,epithelial_like
17.0,16539,epithelial_like
17.0,16540,epithelial_like
17.0,16541,hADSCs
17.0,16542,epithelial_like
17.0,16543,epithelial_like
17.0,16544,hADSCs
17.0,16545,hADSCs
17.0,16546,epithelial_like
17.0,16547,epithelial_like
17.0,16548,epithelial_like
17.0,16549,epithelial_like
17.0,16550,hADSCs
17.0,16551,hADSCs
17.0,16552,hADSCs
17.0,16553,epithelial_like
17.0,16554,epithelial_like
17.0,16555,epithelial_like
17.0,16556,epithelial_like
17.0,16557,hADSCs
17.0,16558,hADSCs
17.0,16559,hADSCs
17.0,16560,epithelial_like
17.0,16561,hADSCs
17.0,16562,hADSCs
17.0,16563,epithelial_like
17.0,16564,epithelial_like
17.0,16565,hADSCs
17.0,16566,epithelial_like
17.0,16567,hADSCs
17.0,16568,epithelial_like
17.0,16569,epithelial_like
17.0,16570,hADSCs
17.0,16571,hADSCs
17.0,16572,epithelial_like
17.0,16573,epithelial_like
17.0,16574,hADSCs
17.0,16575,hADSCs
17.0,16576,epithelial_like
17.0,16577,epithelial_like
17.0,16578,epithelial_like
17.0,16579,epithelial_like
17.0,16580,epithelial_like
17.0,16581,hADSCs
17.0,16582,epithelial_like
17.0,16583,epithelial_like
17.0,16584,epithelial_like
17.0,16585,epithelial_like
17.0,16586,epithelial_like
17.0,16587,epithelial_like
17.0,16588,epithelial_like
17.0,16589,epithelial_like
17.0,16590,hADSCs
17.0,16591,hADSCs
17.0,16592,hADSCs
17.0,16593,epithelial_like
17.0,16594,epithelial_like
17.0,16595,epithelial_like
17.0,16596,epithelial_like
17.0,16597,epithelial_like
17.0,16598,hADSCs
17.0,16599,hADSCs
17.0,16600,hADSCs
17.0,16601,epithelial_like
17.0,16602,epithelial_like
17.0,16603,hADSCs
17.0,16604,epithelial_like
17.0,16605,epithelial_like
17.0,16606,epithelial_like
17.0,16607,epithelial_like
17.0,16608,epithelial_like
17.0,16609,epithelial_like
17.0,16610,hADSCs
17.0,16611,hADSCs
17.0,16612,epithelial_like
17.0,16613,epithelial_like
17.0,16614,epithelial_like
17.0,16615,epithelial_like
17.0,16616,epithelial_like
17.0,16617,hADSCs
17.0,16618,hADSCs
17.0,16619,epithelial_like
17.0,16620,hADSCs
17.0,16621,epithelial_like
17.0,16622,epithelial_like
17.0,16623,hADSCs
17.0,16624,hADSCs
17.0,16625,epithelial_like
17.0,16626,epithelial_like
17.0,16627,hADSCs
17.0,16628,epithelial_like
17.0,16629,hADSCs
17.0,16630,hADSCs
17.0,16631,hADSCs
17.0,16632,epithelial_like
17.0,16633,hADSCs
17.0,16634,epithelial_like
17.0,16635,hADSCs
17.0,16636,epithelial_like
17.0,16637,hADSCs
17.0,16638,epithelial_like
17.0,16639,hADSCs
17.0,16640,hADSCs
17.0,16641,epithelial_like
17.0,16642,hADSCs
17.0,16643,hADSCs
17.0,16644,hADSCs
17.0,16645,hADSCs
17.0,16646,epithelial_like
17.0,16647,epithelial_like
17.0,16648,epithelial_like
17.0,16649,hADSCs
17.0,16650,hADSCs
17.0,16651,epithelial_like
17.0,16652,epithelial_like
17.0,16653,epithelial_like
17.0,16654,epithelial_like
17.0,16655,epithelial_like
17.0,16656,hADSCs
17.0,16657,hADSCs
17.0,16658,hADSCs
17.0,16659,hADSCs
17.0,16660,epithelial_like
17.0,16661,hADSCs
17.0,16662,epithelial_like
17.0,16663,epithelial_like
17.0,16664,epithelial_like
17.0,16665,hADSCs
17.0,16666,epithelial_like
17.0,16667,epithelial_like
17.0,16668,epithelial_like
17.0,16669,hADSCs
17.0,16670,hADSCs
17.0,16671,hADSCs
17.0,16672,hADSCs
17.0,16673,hADSCs
17.0,16674,hADSCs
17.0,16675,hADSCs
17.0,16676,epithelial_like
17.0,16677,epithelial_like
17.0,16678,hADSCs
17.0,16679,epithelial_like
17.0,16680,hADSCs
17.0,16681,epithelial_like
17.0,16682,hADSCs
17.0,16683,hADSCs
17.0,16684,hADSCs
17.0,16685,hADSCs
17.0,16686,hADSCs
17.0,16687,hADSCs
17.0,16688,hADSCs
17.0,16689,hADSCs
17.0,16690,hADSCs
17.0,16691,hADSCs
17.0,16692,epithelial_like
17.0,16693,epithelial_like
17.0,16694,epithelial_like
17.0,16695,hADSCs
17.0,16696,epithelial_like
17.0,16697,hADSCs
17.0,16698,epithelial_like
17.0,16699,epithelial_like
17.0,16700,hADSCs
17.0,16701,epithelial_like
17.0,16702,hADSCs
17.0,16703,hADSCs
17.0,16704,epithelial_like
17.0,16705,hADSCs
17.0,16706,epithelial_like
17.0,16707,epithelial_like
17.0,16708,epithelial_like
17.0,16709,epithelial_like
17.0,16710,hADSCs
17.0,16711,epithelial_like
17.0,16712,epithelial_like
17.0,16713,hADSCs
17.0,16714,hADSCs
17.0,16715,hADSCs
17.0,16716,hADSCs
17.0,16717,epithelial_like
17.0,16718,epithelial_like
17.0,16719,epithelial_like
17.0,16720,epithelial_like
17.0,16721,hADSCs
17.0,16722,hADSCs
17.0,16723,epithelial_like
17.0,16724,epithelial_like
17.0,16725,hADSCs
17.0,16726,hADSCs
17.0,16727,epithelial_like
17.0,16728,hADSCs
17.0,16729,hADSCs
17.0,16730,epithelial_like
17.0,16731,epithelial_like
17.0,16732,hADSCs
17.0,16733,hADSCs
17.0,16734,epithelial_like
17.0,16735,epithelial_like
17.0,16736,hADSCs
17.0,16737,hADSCs
17.0,16738,epithelial_like
17.0,16739,epithelial_like
17.0,16740,epithelial_like
17.0,16741,epithelial_like
17.0,16742,epithelial_like
17.0,16743,hADSCs
17.0,16744,epithelial_like
17.0,16745,epithelial_like
17.0,16746,hADSCs
17.0,16747,epithelial_like
17.0,16748,hADSCs
17.0,16749,epithelial_like
17.0,16750,hADSCs
17.0,16751,hADSCs
17.0,16752,hADSCs
17.0,16753,hADSCs
17.0,16754,hADSCs
17.0,16755,epithelial_like
17.0,16756,hADSCs
17.0,16757,epithelial_like
17.0,16758,epithelial_like
17.0,16759,epithelial_like
17.0,16760,hADSCs
17.0,16761,epithelial_like
17.0,16762,epithelial_like
17.0,16763,epithelial_like
17.0,16764,epithelial_like
17.0,16765,epithelial_like
17.0,16766,hADSCs
17.0,16767,epithelial_like
17.0,16768,epithelial_like
17.0,16769,epithelial_like
17.0,16770,epithelial_like
17.0,16771,hADSCs
17.0,16772,epithelial_like
17.0,16773,epithelial_like
17.0,16774,epithelial_like
17.0,16775,epithelial_like
17.0,16776,epithelial_like
17.0,16777,epithelial_like
17.0,16778,epithelial_like
17.0,16779,epithelial_like
17.0,16780,hADSCs
17.0,16781,epithelial_like
17.0,16782,epithelial_like
17.0,16783,epithelial_like
17.0,16784,hADSCs
17.0,16785,hADSCs
17.0,16786,hADSCs
17.0,16787,hADSCs
17.0,16788,epithelial_like
17.0,16789,epithelial_like
17.0,16790,epithelial_like
17.0,16791,epithelial_like
17.0,16792,epithelial_like
17.0,16793,epithelial_like
17.0,16794,epithelial_like
17.0,16795,epithelial_like
17.0,16796,hADSCs
17.0,16797,hADSCs
17.0,16798,epithelial_like
17.0,16799,epithelial_like
17.0,16800,epithelial_like
17.0,16801,epithelial_like
17.0,16802,epithelial_like
17.0,16803,epithelial_like
17.0,16804,epithelial_like
17.0,16805,epithelial_like
17.0,16806,epithelial_like
17.0,16807,epithelial_like
17.0,16808,epithelial_like
17.0,16809,epithelial_like
17.0,16810,epithelial_like
17.0,16811,epithelial_like
17.0,16812,epithelial_like
17.0,16813,epithelial_like
17.0,16814,hADSCs
17.0,16815,epithelial_like
17.0,16816,epithelial_like
17.0,16817,epithelial_like
17.0,16818,epithelial_like
17.0,16819,hADSCs
17.0,16820,epithelial_like
17.0,16821,hADSCs
17.0,16822,hADSCs
17.0,16823,hADSCs
17.0,16824,epithelial_like
17.0,16825,epithelial_like
17.0,16826,hADSCs
17.0,16827,hADSCs
17.0,16828,hADSCs
17.0,16829,epithelial_like
17.0,16830,epithelial_like
17.0,16831,hADSCs
17.0,16832,hADSCs
17.0,16833,hADSCs
17.0,16834,epithelial_like
17.0,16835,hADSCs
17.0,16836,epithelial_like
17.0,16837,hADSCs
17.0,16838,hADSCs
17.0,16839,epithelial_like
17.0,16840,hADSCs
17.0,16841,hADSCs
17.0,16842,epithelial_like
17.0,16843,epithelial_like
17.0,16844,hADSCs
17.0,16845,hADSCs
17.0,16846,hADSCs
17.0,16847,epithelial_like
17.0,16848,hADSCs
17.0,16849,epithelial_like
17.0,16850,hADSCs
17.0,16851,epithelial_like
17.0,16852,epithelial_like
17.0,16853,epithelial_like
17.0,16854,epithelial_like
17.0,16855,epithelial_like
17.0,16856,epithelial_like
17.0,16857,epithelial_like
17.0,16858,epithelial_like
17.0,16859,epithelial_like
17.0,16860,epithelial_like
17.0,16861,epithelial_like
17.0,16862,hADSCs
17.0,16863,hADSCs
17.0,16864,epithelial_like
17.0,16865,epithelial_like
17.0,16866,hADSCs
17.0,16867,epithelial_like
17.0,16868,hADSCs
17.0,16869,epithelial_like
17.0,16870,hADSCs
17.0,16871,hADSCs
17.0,16872,hADSCs
17.0,16873,epithelial_like
17.0,16874,hADSCs
17.0,16875,hADSCs
17.0,16876,hADSCs
17.0,16877,hADSCs
17.0,16878,hADSCs
17.0,16879,epithelial_like
17.0,16880,epithelial_like
17.0,16881,hADSCs
17.0,16882,hADSCs
17.0,16883,epithelial_like
17.0,16884,hADSCs
17.0,16885,hADSCs
17.0,16886,hADSCs
17.0,16887,hADSCs
17.0,16888,epithelial_like
17.0,16889,epithelial_like
17.0,16890,hADSCs
17.0,16891,epithelial_like
17.0,16892,epithelial_like
17.0,16893,hADSCs
17.0,16894,epithelial_like
17.0,16895,hADSCs
17.0,16896,epithelial_like
17.0,16897,epithelial_like
17.0,16898,epithelial_like
17.0,16899,hADSCs
17.0,16900,epithelial_like
17.0,16901,epithelial_like
17.0,16902,hADSCs
17.0,16903,hADSCs
17.0,16904,epithelial_like
17.0,16905,epithelial_like
17.0,16906,epithelial_like
17.0,16907,epithelial_like
17.0,16908,hADSCs
17.0,16909,hADSCs
17.0,16910,hADSCs
17.0,16911,epithelial_like
17.0,16912,epithelial_like
17.0,16913,hADSCs
17.0,16914,hADSCs
17.0,16915,hADSCs
17.0,16916,epithelial_like
17.0,16917,hADSCs
17.0,16918,epithelial_like
17.0,16919,epithelial_like
17.0,16920,hADSCs
17.0,16921,hADSCs
17.0,16922,hADSCs
17.0,16923,hADSCs
17.0,16924,hADSCs
17.0,16925,epithelial_like
17.0,16926,epithelial_like
17.0,16927,hADSCs
17.0,16928,hADSCs
17.0,16929,epithelial_like
17.0,16930,epithelial_like
17.0,16931,hADSCs
17.0,16932,hADSCs
17.0,16933,epithelial_like
17.0,16934,hADSCs
17.0,16935,hADSCs
17.0,16936,epithelial_like
17.0,16937,hADSCs
17.0,16938,hADSCs
17.0,16939,hADSCs
17.0,16940,epithelial_like
17.0,16941,hADSCs
17.0,16942,hADSCs
17.0,16943,hADSCs
17.0,16944,epithelial_like
17.0,16945,epithelial_like
17.0,16946,hADSCs
17.0,16947,epithelial_like
17.0,16948,epithelial_like
17.0,16949,epithelial_like
17.0,16950,hADSCs
17.0,16951,hADSCs
17.0,16952,hADSCs
17.0,16953,epithelial_like
17.0,16954,epithelial_like
17.0,16955,epithelial_like
17.0,16956,epithelial_like
17.0,16957,hADSCs
17.0,16958,hADSCs
17.0,16959,hADSCs
17.0,16960,hADSCs
17.0,16961,epithelial_like
17.0,16962,epithelial_like
17.0,16963,epithelial_like
17.0,16964,epithelial_like
17.0,16965,hADSCs
17.0,16966,epithelial_like
17.0,16967,epithelial_like
17.0,16968,epithelial_like
17.0,16969,epithelial_like
17.0,16970,hADSCs
17.0,16971,hADSCs
17.0,16972,epithelial_like
17.0,16973,epithelial_like
17.0,16974,hADSCs
17.0,16975,hADSCs
17.0,16976,hADSCs
17.0,16977,hADSCs
17.0,16978,hADSCs
17.0,16979,hADSCs
17.0,16980,hADSCs
17.0,16981,epithelial_like
17.0,16982,epithelial_like
17.0,16983,epithelial_like
17.0,16984,epithelial_like
17.0,16985,hADSCs
17.0,16986,hADSCs
17.0,16987,hADSCs
17.0,16988,hADSCs
17.0,16989,epithelial_like
17.0,16990,epithelial_like
17.0,16991,hADSCs
17.0,16992,hADSCs
17.0,16993,hADSCs
17.0,16994,epithelial_like
17.0,16995,epithelial_like
17.0,16996,epithelial_like
17.0,16997,epithelial_like
17.0,16998,epithelial_like
17.0,16999,hADSCs
17.0,17000,epithelial_like
17.0,17001,hADSCs
17.0,17002,hADSCs
17.0,17003,epithelial_like
17.0,17004,hADSCs
17.0,17005,hADSCs
17.0,17006,epithelial_like
17.0,17007,epithelial_like
17.0,17008,epithelial_like
17.0,17009,epithelial_like
17.0,17010,epithelial_like
17.0,17011,hADSCs
17.0,17012,hADSCs
17.0,17013,hADSCs
17.0,17014,hADSCs
17.0,17015,hADSCs
17.0,17016,hADSCs
17.0,17017,epithelial_like
17.0,17018,hADSCs
17.0,17019,hADSCs
17.0,17020,epithelial_like
17.0,17021,epithelial_like
17.0,17022,epithelial_like
17.0,17023,epithelial_like
17.0,17024,hADSCs
17.0,17025,hADSCs
17.0,17026,hADSCs
17.0,17027,epithelial_like
17.0,17028,epithelial_like
17.0,17029,hADSCs
17.0,17030,epithelial_like
17.0,17031,epithelial_like
17.0,17032,hADSCs
17.0,17033,epithelial_like
17.0,17034,epithelial_like
17.0,17035,epithelial_like
17.0,17036,epithelial_like
17.0,17037,epithelial_like
17.0,17038,epithelial_like
17.0,17039,epithelial_like
17.0,17040,epithelial_like
17.0,17041,epithelial_like
17.0,17042,epithelial_like
17.0,17043,hADSCs
17.0,17044,hADSCs
17.0,17045,hADSCs
17.0,17046,epithelial_like
17.0,17047,epithelial_like
17.0,17048,epithelial_like
17.0,17049,epithelial_like
17.0,17050,hADSCs
17.0,17051,epithelial_like
17.0,17052,hADSCs
17.0,17053,hADSCs
17.0,17054,epithelial_like
17.0,17055,epithelial_like
17.0,17056,epithelial_like
17.0,17057,epithelial_like
17.0,17058,hADSCs
17.0,17059,hADSCs
17.0,17060,epithelial_like
17.0,17061,epithelial_like
17.0,17062,hADSCs
17.0,17063,epithelial_like
17.0,17064,epithelial_like
17.0,17065,hADSCs
17.0,17066,epithelial_like
17.0,17067,epithelial_like
17.0,17068,hADSCs
17.0,17069,hADSCs
17.0,17070,hADSCs
17.0,17071,epithelial_like
17.0,17072,epithelial_like
17.0,17073,epithelial_like
17.0,17074,epithelial_like
17.0,17075,epithelial_like
17.0,17076,hADSCs
17.0,17077,epithelial_like
17.0,17078,epithelial_like
17.0,17079,hADSCs
17.0,17080,hADSCs
17.0,17081,epithelial_like
17.0,17082,epithelial_like
17.0,17083,hADSCs
17.0,17084,epithelial_like
17.0,17085,hADSCs
17.0,17086,hADSCs
17.0,17087,hADSCs
17.0,17088,epithelial_like
17.0,17089,intermediate_plastic
17.0,17090,hADSCs
17.0,17091,epithelial_like
17.0,17092,epithelial_like
17.0,17093,epithelial_like
17.0,17094,hADSCs
17.0,17095,epithelial_like
17.0,17096,epithelial_like
17.0,17097,hADSCs
17.0,17098,hADSCs
17.0,17099,epithelial_like
17.0,17100,hADSCs
17.0,17101,epithelial_like
17.0,17102,hADSCs
17.0,17103,epithelial_like
17.0,17104,epithelial_like
17.0,17105,hADSCs
17.0,17106,hADSCs
17.0,17107,epithelial_like
17.0,17108,hADSCs
17.0,17109,hADSCs
17.0,17110,epithelial_like
17.0,17111,hADSCs
17.0,17112,epithelial_like
17.0,17113,epithelial_like
17.0,17114,epithelial_like
17.0,17115,epithelial_like
17.0,17116,epithelial_like
17.0,17117,epithelial_like
17.0,17118,epithelial_like
17.0,17119,epithelial_like
17.0,17120,epithelial_like
17.0,17121,hADSCs
17.0,17122,hADSCs
17.0,17123,epithelial_like
17.0,17124,hADSCs
17.0,17125,hADSCs
17.0,17126,epithelial_like
17.0,17127,hADSCs
17.0,17128,epithelial_like
17.0,17129,hADSCs
17.0,17130,epithelial_like
17.0,17131,epithelial_like
17.0,17132,hADSCs
17.0,17133,epithelial_like
17.0,17134,hADSCs
17.0,17135,hADSCs
17.0,17136,epithelial_like
17.0,17137,epithelial_like
17.0,17138,epithelial_like
17.0,17139,hADSCs
17.0,17140,hADSCs
17.0,17141,epithelial_like
17.0,17142,epithelial_like
17.0,17143,hADSCs
17.0,17144,epithelial_like
17.0,17145,epithelial_like
17.0,17146,hADSCs
17.0,17147,hADSCs
17.0,17148,epithelial_like
17.0,17149,epithelial_like
17.0,17150,epithelial_like
17.0,17151,hADSCs
17.0,17152,hADSCs
17.0,17153,hADSCs
17.0,17154,hADSCs
17.0,17155,epithelial_like
17.0,17156,hADSCs
17.0,17157,hADSCs
17.0,17158,epithelial_like
17.0,17159,hADSCs
17.0,17160,hADSCs
17.0,17161,hADSCs
17.0,17162,epithelial_like
17.0,17163,epithelial_like
17.0,17164,epithelial_like
17.0,17165,epithelial_like
17.0,17166,hADSCs
17.0,17167,hADSCs
17.0,17168,hADSCs
17.0,17169,hADSCs
17.0,17170,hADSCs
17.0,17171,epithelial_like
17.0,17172,hADSCs
17.0,17173,epithelial_like
17.0,17174,hADSCs
17.0,17175,hADSCs
17.0,17176,epithelial_like
17.0,17177,epithelial_like
17.0,17178,epithelial_like
17.0,17179,hADSCs
17.0,17180,epithelial_like
17.0,17181,hADSCs
17.0,17182,epithelial_like
17.0,17183,epithelial_like
17.0,17184,epithelial_like
17.0,17185,hADSCs
17.0,17186,epithelial_like
17.0,17187,epithelial_like
17.0,17188,epithelial_like
17.0,17189,epithelial_like
17.0,17190,hADSCs
17.0,17191,epithelial_like
17.0,17192,epithelial_like
17.0,17193,epithelial_like
17.0,17194,epithelial_like
17.0,17195,epithelial_like
17.0,17196,epithelial_like
17.0,17197,hADSCs
17.0,17198,hADSCs
17.0,17199,epithelial_like
17.0,17200,hADSCs
17.0,17201,epithelial_like
17.0,17202,hADSCs
17.0,17203,hADSCs
17.0,17204,hADSCs
17.0,17205,epithelial_like
17.0,17206,epithelial_like
17.0,17207,epithelial_like
17.0,17208,hADSCs
17.0,17209,epithelial_like
17.0,17210,epithelial_like
17.0,17211,hADSCs
17.0,17212,hADSCs
17.0,17213,epithelial_like
17.0,17214,hADSCs
17.0,17215,hADSCs
17.0,17216,epithelial_like
17.0,17217,epithelial_like
17.0,17218,epithelial_like
17.0,17219,epithelial_like
17.0,17220,epithelial_like
17.0,17221,epithelial_like
17.0,17222,epithelial_like
17.0,17223,hADSCs
17.0,17224,epithelial_like
17.0,17225,hADSCs
17.0,17226,hADSCs
17.0,17227,epithelial_like
17.0,17228,epithelial_like
17.0,17229,epithelial_like
17.0,17230,hADSCs
17.0,17231,hADSCs
17.0,17232,epithelial_like
17.0,17233,epithelial_like
17.0,17234,intermediate_plastic
17.0,17235,epithelial_like
17.0,17236,hADSCs
17.0,17237,epithelial_like
17.0,17238,epithelial_like
17.0,17239,epithelial_like
17.0,17240,epithelial_like
17.0,17241,hADSCs
17.0,17242,hADSCs
17.0,17243,epithelial_like
17.0,17244,epithelial_like
17.0,17245,epithelial_like
17.0,17246,epithelial_like
17.0,17247,hADSCs
17.0,17248,hADSCs
17.0,17249,epithelial_like
17.0,17250,epithelial_like
17.0,17251,hADSCs
17.0,17252,epithelial_like
17.0,17253,epithelial_like
17.0,17254,epithelial_like
17.0,17255,hADSCs
17.0,17256,epithelial_like
17.0,17257,hADSCs
17.0,17258,epithelial_like
17.0,17259,epithelial_like
17.0,17260,hADSCs
17.0,17261,epithelial_like
17.0,17262,epithelial_like
17.0,17263,epithelial_like
17.0,17264,epithelial_like
17.0,17265,epithelial_like
17.0,17266,epithelial_like
17.0,17267,hADSCs
17.0,17268,hADSCs
17.0,17269,epithelial_like
17.0,17270,epithelial_like
17.0,17271,hADSCs
17.0,17272,epithelial_like
17.0,17273,epithelial_like
17.0,17274,hADSCs
17.0,17275,hADSCs
17.0,17276,epithelial_like
17.0,17277,epithelial_like
17.0,17278,epithelial_like
17.0,17279,epithelial_like
17.0,17280,hADSCs
17.0,17281,epithelial_like
17.0,17282,epithelial_like
17.0,17283,hADSCs
17.0,17284,epithelial_like
17.0,17285,epithelial_like
17.0,17286,hADSCs
17.0,17287,epithelial_like
17.0,17288,hADSCs
17.0,17289,hADSCs
17.0,17290,hADSCs
17.0,17291,epithelial_like
17.0,17292,epithelial_like
17.0,17293,hADSCs
17.0,17294,epithelial_like
17.0,17295,epithelial_like
17.0,17296,hADSCs
17.0,17297,hADSCs
17.0,17298,epithelial_like
17.0,17299,epithelial_like
17.0,17300,epithelial_like
17.0,17301,hADSCs
17.0,17302,hADSCs
17.0,17303,hADSCs
17.0,17304,hADSCs
17.0,17305,hADSCs
17.0,17306,hADSCs
17.0,17307,hADSCs
17.0,17308,hADSCs
17.0,17309,epithelial_like
17.0,17310,epithelial_like
17.0,17311,epithelial_like
17.0,17312,epithelial_like
17.0,17313,hADSCs
17.0,17314,epithelial_like
17.0,17315,epithelial_like
17.0,17316,epithelial_like
17.0,17317,epithelial_like
17.0,17318,hADSCs
17.0,17319,hADSCs
17.0,17320,hADSCs
17.0,17321,epithelial_like
17.0,17322,epithelial_like
17.0,17323,epithelial_like
17.0,17324,epithelial_like
17.0,17325,epithelial_like
17.0,17326,epithelial_like
17.0,17327,hADSCs
17.0,17328,epithelial_like
17.0,17329,epithelial_like
17.0,17330,epithelial_like
17.0,17331,epithelial_like
17.0,17332,epithelial_like
17.0,17333,epithelial_like
17.0,17334,hADSCs
17.0,17335,epithelial_like
17.0,17336,epithelial_like
17.0,17337,hADSCs
17.0,17338,epithelial_like
17.0,17339,hADSCs
17.0,17340,epithelial_like
17.0,17341,hADSCs
17.0,17342,epithelial_like
17.0,17343,epithelial_like
17.0,17344,epithelial_like
17.0,17345,epithelial_like
17.0,17346,epithelial_like
17.0,17347,epithelial_like
17.0,17348,epithelial_like
17.0,17349,hADSCs
17.0,17350,hADSCs
17.0,17351,hADSCs
17.0,17352,epithelial_like
17.0,17353,hADSCs
17.0,17354,epithelial_like
17.0,17355,epithelial_like
17.0,17356,epithelial_like
17.0,17357,hADSCs
17.0,17358,hADSCs
17.0,17359,hADSCs
17.0,17360,epithelial_like
17.0,17361,epithelial_like
17.0,17362,epithelial_like
17.0,17363,hADSCs
17.0,17364,hADSCs
17.0,17365,epithelial_like
17.0,17366,hADSCs
17.0,17367,epithelial_like
17.0,17368,hADSCs
17.0,17369,epithelial_like
17.0,17370,hADSCs
17.0,17371,hADSCs
17.0,17372,hADSCs
17.0,17373,hADSCs
17.0,17374,hADSCs
17.0,17375,hADSCs
17.0,17376,epithelial_like
17.0,17377,epithelial_like
17.0,17378,epithelial_like
17.0,17379,hADSCs
17.0,17380,hADSCs
17.0,17381,epithelial_like
17.0,17382,epithelial_like
17.0,17383,epithelial_like
17.0,17384,hADSCs
17.0,17385,hADSCs
17.0,17386,hADSCs
17.0,17387,epithelial_like
17.0,17388,hADSCs
17.0,17389,hADSCs
17.0,17390,epithelial_like
17.0,17391,hADSCs
17.0,17392,hADSCs
17.0,17393,epithelial_like
17.0,17394,epithelial_like
17.0,17395,epithelial_like
17.0,17396,epithelial_like
17.0,17397,epithelial_like
17.0,17398,epithelial_like
17.0,17399,epithelial_like
17.0,17400,epithelial_like
17.0,17401,hADSCs
17.0,17402,hADSCs
17.0,17403,epithelial_like
17.0,17404,hADSCs
17.0,17405,epithelial_like
17.0,17406,hADSCs
17.0,17407,hADSCs
17.0,17408,hADSCs
17.0,17409,epithelial_like
17.0,17410,epithelial_like
17.0,17411,epithelial_like
17.0,17412,epithelial_like
17.0,17413,epithelial_like
17.0,17414,hADSCs
17.0,17415,hADSCs
17.0,17416,hADSCs
17.0,17417,hADSCs
17.0,17418,hADSCs
17.0,17419,epithelial_like
17.0,17420,epithelial_like
17.0,17421,hADSCs
17.0,17422,epithelial_like
17.0,17423,epithelial_like
17.0,17424,epithelial_like
17.0,17425,epithelial_like
17.0,17426,epithelial_like
17.0,17427,hADSCs
17.0,17428,epithelial_like
17.0,17429,hADSCs
17.0,17430,hADSCs
17.0,17431,epithelial_like
17.0,17432,epithelial_like
17.0,17433,hADSCs
17.0,17434,epithelial_like
17.0,17435,epithelial_like
17.0,17436,epithelial_like
17.0,17437,epithelial_like
17.0,17438,epithelial_like
17.0,17439,epithelial_like
17.0,17440,hADSCs
17.0,17441,epithelial_like
17.0,17442,epithelial_like
17.0,17443,hADSCs
17.0,17444,epithelial_like
17.0,17445,hADSCs
17.0,17446,hADSCs
17.0,17447,hADSCs
17.0,17448,hADSCs
17.0,17449,hADSCs
17.0,17450,hADSCs
17.0,17451,epithelial_like
17.0,17452,epithelial_like
17.0,17453,epithelial_like
17.0,17454,epithelial_like
17.0,17455,epithelial_like
17.0,17456,epithelial_like
17.0,17457,epithelial_like
17.0,17458,hADSCs
17.0,17459,epithelial_like
17.0,17460,epithelial_like
17.0,17461,epithelial_like
17.0,17462,epithelial_like
17.0,17463,epithelial_like
17.0,17464,epithelial_like
17.0,17465,hADSCs
17.0,17466,hADSCs
17.0,17467,epithelial_like
17.0,17468,hADSCs
17.0,17469,hADSCs
17.0,17470,hADSCs
17.0,17471,hADSCs
17.0,17472,hADSCs
17.0,17473,hADSCs
17.0,17474,hADSCs
17.0,17475,epithelial_like
17.0,17476,epithelial_like
17.0,17477,epithelial_like
17.0,17478,epithelial_like
17.0,17479,epithelial_like
17.0,17480,hADSCs
17.0,17481,epithelial_like
17.0,17482,epithelial_like
17.0,17483,hADSCs
17.0,17484,hADSCs
17.0,17485,epithelial_like
17.0,17486,hADSCs
17.0,17487,hADSCs
17.0,17488,hADSCs
17.0,17489,hADSCs
17.0,17490,epithelial_like
17.0,17491,epithelial_like
17.0,17492,epithelial_like
17.0,17493,epithelial_like
17.0,17494,epithelial_like
17.0,17495,epithelial_like
17.0,17496,epithelial_like
17.0,17497,epithelial_like
17.0,17498,hADSCs
17.0,17499,hADSCs
17.0,17500,hADSCs
17.0,17501,hADSCs
17.0,17502,hADSCs
17.0,17503,hADSCs
17.0,17504,epithelial_like
17.0,17505,epithelial_like
17.0,17506,epithelial_like
17.0,17507,epithelial_like
17.0,17508,hADSCs
17.0,17509,hADSCs
17.0,17510,epithelial_like
17.0,17511,hADSCs
17.0,17512,epithelial_like
17.0,17513,epithelial_like
17.0,17514,hADSCs
17.0,17515,hADSCs
17.0,17516,epithelial_like
17.0,17517,epithelial_like
17.0,17518,epithelial_like
17.0,17519,hADSCs
17.0,17520,epithelial_like
17.0,17521,epithelial_like
17.0,17522,hADSCs
17.0,17523,epithelial_like
17.0,17524,hADSCs
17.0,17525,hADSCs
17.0,17526,hADSCs
17.0,17527,hADSCs
17.0,17528,hADSCs
17.0,17529,epithelial_like
17.0,17530,hADSCs
17.0,17531,hADSCs
17.0,17532,hADSCs
17.0,17533,epithelial_like
17.0,17534,epithelial_like
17.0,17535,epithelial_like
17.0,17536,epithelial_like
17.0,17537,intermediate_plastic
17.0,17538,hADSCs
17.0,17539,epithelial_like
17.0,17540,epithelial_like
17.0,17541,epithelial_like
17.0,17542,epithelial_like
17.0,17543,epithelial_like
17.0,17544,epithelial_like
17.0,17545,epithelial_like
17.0,17546,hADSCs
17.0,17547,hADSCs
17.0,17548,ambiguous
17.0,17549,hADSCs
17.0,17550,epithelial_like
17.0,17551,epithelial_like
17.0,17552,hADSCs
17.0,17553,hADSCs
17.0,17554,hADSCs
17.0,17555,hADSCs
17.0,17556,epithelial_like
17.0,17557,epithelial_like
17.0,17558,epithelial_like
17.0,17559,epithelial_like
17.0,17560,hADSCs
17.0,17561,hADSCs
17.0,17562,epithelial_like
17.0,17563,hADSCs
17.0,17564,hADSCs
17.0,17565,hADSCs
17.0,17566,hADSCs
17.0,17567,epithelial_like
17.0,17568,hADSCs
17.0,17569,epithelial_like
17.0,17570,hADSCs
17.0,17571,hADSCs
17.0,17572,epithelial_like
17.0,17573,epithelial_like
17.0,17574,epithelial_like
17.0,17575,epithelial_like
17.0,17576,epithelial_like
17.0,17577,hADSCs
17.0,17578,epithelial_like
17.0,17579,epithelial_like
17.0,17580,epithelial_like
17.0,17581,hADSCs
17.0,17582,epithelial_like
17.0,17583,epithelial_like
17.0,17584,hADSCs
17.0,17585,hADSCs
17.0,17586,hADSCs
17.0,17587,hADSCs
17.0,17588,epithelial_like
17.0,17589,hADSCs
17.0,17590,hADSCs
17.0,17591,epithelial_like
17.0,17592,hADSCs
17.0,17593,hADSCs
17.0,17594,hADSCs
17.0,17595,epithelial_like
17.0,17596,epithelial_like
17.0,17597,epithelial_like
17.0,17598,hADSCs
17.0,17599,hADSCs
17.0,17600,hADSCs
17.0,17601,hADSCs
17.0,17602,hADSCs
17.0,17603,hADSCs
17.0,17604,epithelial_like
17.0,17605,epithelial_like
17.0,17606,epithelial_like
17.0,17607,epithelial_like
17.0,17608,hADSCs
17.0,17609,hADSCs
17.0,17610,hADSCs
17.0,17611,hADSCs
17.0,17612,epithelial_like
17.0,17613,epithelial_like
17.0,17614,epithelial_like
17.0,17615,hADSCs
17.0,17616,hADSCs
17.0,17617,hADSCs
17.0,17618,epithelial_like
17.0,17619,epithelial_like
17.0,17620,hADSCs
17.0,17621,hADSCs
17.0,17622,hADSCs
17.0,17623,hADSCs
17.0,17624,hADSCs
17.0,17625,hADSCs
17.0,17626,hADSCs
17.0,17627,hADSCs
17.0,17628,epithelial_like
17.0,17629,hADSCs
17.0,17630,epithelial_like
17.0,17631,epithelial_like
17.0,17632,epithelial_like
17.0,17633,hADSCs
17.0,17634,epithelial_like
17.0,17635,hADSCs
17.0,17636,epithelial_like
17.0,17637,epithelial_like
17.0,17638,epithelial_like
17.0,17639,epithelial_like
17.0,17640,hADSCs
17.0,17641,epithelial_like
17.0,17642,hADSCs
17.0,17643,epithelial_like
17.0,17644,hADSCs
17.0,17645,hADSCs
17.0,17646,hADSCs
17.0,17647,epithelial_like
17.0,17648,hADSCs
17.0,17649,hADSCs
17.0,17650,epithelial_like
17.0,17651,hADSCs
17.0,17652,hADSCs
17.0,17653,epithelial_like
17.0,17654,hADSCs
17.0,17655,hADSCs
17.0,17656,hADSCs
17.0,17657,epithelial_like
17.0,17658,epithelial_like
17.0,17659,hADSCs
17.0,17660,hADSCs
17.0,17661,hADSCs
17.0,17662,hADSCs
17.0,17663,hADSCs
17.0,17664,hADSCs
17.0,17665,epithelial_like
17.0,17666,epithelial_like
17.0,17667,epithelial_like
17.0,17668,epithelial_like
17.0,17669,epithelial_like
17.0,17670,hADSCs
17.0,17671,hADSCs
17.0,17672,epithelial_like
17.0,17673,epithelial_like
17.0,17674,hADSCs
17.0,17675,hADSCs
17.0,17676,hADSCs
17.0,17677,hADSCs
17.0,17678,hADSCs
17.0,17679,hADSCs
17.0,17680,hADSCs
17.0,17681,epithelial_like
17.0,17682,hADSCs
17.0,17683,epithelial_like
17.0,17684,epithelial_like
17.0,17685,epithelial_like
17.0,17686,epithelial_like
17.0,17687,hADSCs
17.0,17688,hADSCs
17.0,17689,epithelial_like
17.0,17690,hADSCs
17.0,17691,hADSCs
17.0,17692,hADSCs
17.0,17693,epithelial_like
17.0,17694,epithelial_like
17.0,17695,epithelial_like
17.0,17696,epithelial_like
17.0,17697,epithelial_like
17.0,17698,epithelial_like
17.0,17699,epithelial_like
17.0,17700,epithelial_like
17.0,17701,epithelial_like
17.0,17702,hADSCs
17.0,17703,hADSCs
17.0,17704,hADSCs
17.0,17705,epithelial_like
17.0,17706,epithelial_like
17.0,17707,hADSCs
17.0,17708,hADSCs
17.0,17709,hADSCs
17.0,17710,epithelial_like
17.0,17711,hADSCs
17.0,17712,hADSCs
17.0,17713,epithelial_like
17.0,17714,hADSCs
17.0,17715,epithelial_like
17.0,17716,epithelial_like
17.0,17717,epithelial_like
17.0,17718,hADSCs
17.0,17719,hADSCs
17.0,17720,hADSCs
17.0,17721,epithelial_like
17.0,17722,epithelial_like
17.0,17723,hADSCs
17.0,17724,hADSCs
17.0,17725,hADSCs
17.0,17726,hADSCs
17.0,17727,epithelial_like
17.0,17728,hADSCs
17.0,17729,epithelial_like
17.0,17730,epithelial_like
17.0,17731,epithelial_like
17.0,17732,hADSCs
17.0,17733,hADSCs
17.0,17734,epithelial_like
17.0,17735,hADSCs
17.0,17736,hADSCs
17.0,17737,hADSCs
17.0,17738,epithelial_like
17.0,17739,hADSCs
17.0,17740,hADSCs
17.0,17741,hADSCs
17.0,17742,hADSCs
17.0,17743,epithelial_like
17.0,17744,epithelial_like
17.0,17745,epithelial_like
17.0,17746,epithelial_like
17.0,17747,epithelial_like
17.0,17748,epithelial_like
17.0,17749,hADSCs
17.0,17750,hADSCs
17.0,17751,epithelial_like
17.0,17752,epithelial_like
17.0,17753,epithelial_like
17.0,17754,epithelial_like
17.0,17755,hADSCs
17.0,17756,hADSCs
17.0,17757,epithelial_like
17.0,17758,epithelial_like
17.0,17759,epithelial_like
17.0,17760,epithelial_like
17.0,17761,epithelial_like
17.0,17762,epithelial_like
17.0,17763,epithelial_like
17.0,17764,epithelial_like
17.0,17765,epithelial_like
17.0,17766,epithelial_like
17.0,17767,epithelial_like
17.0,17768,hADSCs
17.0,17769,hADSCs
17.0,17770,epithelial_like
17.0,17771,hADSCs
17.0,17772,epithelial_like
17.0,17773,epithelial_like
17.0,17774,epithelial_like
17.0,17775,epithelial_like
17.0,17776,hADSCs
17.0,17777,epithelial_like
17.0,17778,hADSCs
17.0,17779,epithelial_like
17.0,17780,epithelial_like
17.0,17781,epithelial_like
17.0,17782,epithelial_like
17.0,17783,hADSCs
17.0,17784,epithelial_like
17.0,17785,epithelial_like
17.0,17786,hADSCs
17.0,17787,hADSCs
17.0,17788,hADSCs
17.0,17789,epithelial_like
17.0,17790,hADSCs
17.0,17791,epithelial_like
17.0,17792,epithelial_like
17.0,17793,epithelial_like
17.0,17794,hADSCs
17.0,17795,epithelial_like
17.0,17796,hADSCs
17.0,17797,hADSCs
17.0,17798,epithelial_like
17.0,17799,epithelial_like
17.0,17800,epithelial_like
17.0,17801,epithelial_like
17.0,17802,epithelial_like
17.0,17803,hADSCs
17.0,17804,epithelial_like
17.0,17805,epithelial_like
17.0,17806,epithelial_like
17.0,17807,hADSCs
17.0,17808,epithelial_like
17.0,17809,epithelial_like
17.0,17810,epithelial_like
17.0,17811,epithelial_like
17.0,17812,hADSCs
17.0,17813,hADSCs
17.0,17814,hADSCs
17.0,17815,hADSCs
17.0,17816,hADSCs
17.0,17817,hADSCs
17.0,17818,hADSCs
17.0,17819,epithelial_like
17.0,17820,epithelial_like
17.0,17821,hADSCs
17.0,17822,hADSCs
17.0,17823,epithelial_like
17.0,17824,epithelial_like
17.0,17825,epithelial_like
17.0,17826,hADSCs
17.0,17827,hADSCs
17.0,17828,epithelial_like
17.0,17829,epithelial_like
17.0,17830,epithelial_like
17.0,17831,epithelial_like
17.0,17832,epithelial_like
17.0,17833,epithelial_like
17.0,17834,hADSCs
17.0,17835,hADSCs
17.0,17836,hADSCs
17.0,17837,hADSCs
17.0,17838,epithelial_like
17.0,17839,epithelial_like
17.0,17840,epithelial_like
17.0,17841,hADSCs
17.0,17842,epithelial_like
17.0,17843,epithelial_like
17.0,17844,epithelial_like
17.0,17845,hADSCs
17.0,17846,epithelial_like
17.0,17847,epithelial_like
17.0,17848,epithelial_like
17.0,17849,hADSCs
17.0,17850,epithelial_like
17.0,17851,hADSCs
17.0,17852,hADSCs
17.0,17853,hADSCs
17.0,17854,hADSCs
17.0,17855,epithelial_like
17.0,17856,epithelial_like
17.0,17857,hADSCs
17.0,17858,hADSCs
17.0,17859,hADSCs
17.0,17860,epithelial_like
17.0,17861,epithelial_like
17.0,17862,hADSCs
17.0,17863,epithelial_like
17.0,17864,hADSCs
17.0,17865,epithelial_like
17.0,17866,hADSCs
17.0,17867,hADSCs
17.0,17868,hADSCs
17.0,17869,epithelial_like
17.0,17870,hADSCs
17.0,17871,epithelial_like
17.0,17872,epithelial_like
17.0,17873,hADSCs
17.0,17874,hADSCs
17.0,17875,hADSCs
17.0,17876,epithelial_like
17.0,17877,hADSCs
17.0,17878,hADSCs
17.0,17879,epithelial_like
17.0,17880,epithelial_like
17.0,17881,epithelial_like
17.0,17882,epithelial_like
17.0,17883,epithelial_like
17.0,17884,hADSCs
17.0,17885,hADSCs
17.0,17886,hADSCs
17.0,17887,epithelial_like
17.0,17888,epithelial_like
17.0,17889,hADSCs
17.0,17890,epithelial_like
17.0,17891,epithelial_like
17.0,17892,hADSCs
17.0,17893,hADSCs
17.0,17894,hADSCs
17.0,17895,hADSCs
17.0,17896,hADSCs
17.0,17897,epithelial_like
17.0,17898,epithelial_like
17.0,17899,hADSCs
17.0,17900,hADSCs
17.0,17901,hADSCs
17.0,17902,hADSCs
17.0,17903,hADSCs
17.0,17904,hADSCs
17.0,17905,hADSCs
17.0,17906,hADSCs
17.0,17907,hADSCs
17.0,17908,hADSCs
17.0,17909,hADSCs
17.0,17910,hADSCs
17.0,17911,epithelial_like
17.0,17912,hADSCs
17.0,17913,epithelial_like
17.0,17914,hADSCs
17.0,17915,epithelial_like
17.0,17916,hADSCs
17.0,17917,epithelial_like
17.0,17918,epithelial_like
17.0,17919,hADSCs
17.0,17920,epithelial_like
17.0,17921,epithelial_like
17.0,17922,epithelial_like
17.0,17923,hADSCs
17.0,17924,epithelial_like
17.0,17925,epithelial_like
17.0,17926,epithelial_like
17.0,17927,hADSCs
17.0,17928,hADSCs
17.0,17929,epithelial_like
17.0,17930,hADSCs
17.0,17931,epithelial_like
17.0,17932,hADSCs
17.0,17933,hADSCs
17.0,17934,hADSCs
17.0,17935,hADSCs
17.0,17936,hADSCs
17.0,17937,epithelial_like
17.0,17938,epithelial_like
17.0,17939,epithelial_like
17.0,17940,hADSCs
17.0,17941,epithelial_like
17.0,17942,epithelial_like
17.0,17943,hADSCs
17.0,17944,hADSCs
17.0,17945,hADSCs
17.0,17946,hADSCs
17.0,17947,epithelial_like
17.0,17948,epithelial_like
17.0,17949,hADSCs
17.0,17950,epithelial_like
17.0,17951,epithelial_like
17.0,17952,hADSCs
17.0,17953,hADSCs
17.0,17954,hADSCs
17.0,17955,epithelial_like
17.0,17956,epithelial_like
17.0,17957,hADSCs
17.0,17958,hADSCs
17.0,17959,epithelial_like
17.0,17960,epithelial_like
17.0,17961,epithelial_like
17.0,17962,epithelial_like
17.0,17963,epithelial_like
17.0,17964,epithelial_like
17.0,17965,epithelial_like
17.0,17966,epithelial_like
17.0,17967,hADSCs
17.0,17968,epithelial_like
17.0,17969,epithelial_like
17.0,17970,epithelial_like
17.0,17971,hADSCs
17.0,17972,epithelial_like
17.0,17973,epithelial_like
17.0,17974,hADSCs
17.0,17975,hADSCs
17.0,17976,epithelial_like
17.0,17977,hADSCs
17.0,17978,hADSCs
17.0,17979,hADSCs
17.0,17980,epithelial_like
17.0,17981,hADSCs
17.0,17982,hADSCs
17.0,17983,hADSCs
17.0,17984,hADSCs
17.0,17985,epithelial_like
17.0,17986,hADSCs
17.0,17987,hADSCs
17.0,17988,hADSCs
17.0,17989,hADSCs
17.0,17990,epithelial_like
17.0,17991,hADSCs
17.0,17992,hADSCs
17.0,17993,hADSCs
17.0,17994,hADSCs
17.0,17995,epithelial_like
17.0,17996,epithelial_like
17.0,17997,epithelial_like
17.0,17998,epithelial_like
17.0,17999,hADSCs
18.0,18000,epithelial_like
18.0,18001,epithelial_like
18.0,18002,epithelial_like
18.0,18003,epithelial_like
18.0,18004,epithelial_like
18.0,18005,hADSCs
18.0,18006,epithelial_like
18.0,18007,hCiPS
18.0,18008,epithelial_like
18.0,18009,epithelial_like
18.0,18010,hADSCs
18.0,18011,hADSCs
18.0,18012,epithelial_like
18.0,18013,hADSCs
18.0,18014,hADSCs
18.0,18015,hADSCs
18.0,18016,epithelial_like
18.0,18017,epithelial_like
18.0,18018,epithelial_like
18.0,18019,hADSCs
18.0,18020,hADSCs
18.0,18021,hADSCs
18.0,18022,epithelial_like
18.0,18023,epithelial_like
18.0,18024,epithelial_like
18.0,18025,epithelial_like
18.0,18026,epithelial_like
18.0,18027,epithelial_like
18.0,18028,epithelial_like
18.0,18029,hADSCs
18.0,18030,hADSCs
18.0,18031,hADSCs
18.0,18032,hADSCs
18.0,18033,hADSCs
18.0,18034,hADSCs
18.0,18035,epithelial_like
18.0,18036,epithelial_like
18.0,18037,epithelial_like
18.0,18038,epithelial_like
18.0,18039,epithelial_like
18.0,18040,hADSCs
18.0,18041,epithelial_like
18.0,18042,hADSCs
18.0,18043,epithelial_like
18.0,18044,epithelial_like
18.0,18045,epithelial_like
18.0,18046,hADSCs
18.0,18047,epithelial_like
18.0,18048,epithelial_like
18.0,18049,hADSCs
18.0,18050,epithelial_like
18.0,18051,epithelial_like
18.0,18052,epithelial_like
18.0,18053,hADSCs
18.0,18054,epithelial_like
18.0,18055,epithelial_like
18.0,18056,epithelial_like
18.0,18057,hADSCs
18.0,18058,epithelial_like
18.0,18059,hADSCs
18.0,18060,epithelial_like
18.0,18061,epithelial_like
18.0,18062,epithelial_like
18.0,18063,epithelial_like
18.0,18064,epithelial_like
18.0,18065,hADSCs
18.0,18066,hADSCs
18.0,18067,hADSCs
18.0,18068,epithelial_like
18.0,18069,epithelial_like
18.0,18070,epithelial_like
18.0,18071,epithelial_like
18.0,18072,epithelial_like
18.0,18073,epithelial_like
18.0,18074,hADSCs
18.0,18075,epithelial_like
18.0,18076,epithelial_like
18.0,18077,epithelial_like
18.0,18078,hADSCs
18.0,18079,epithelial_like
18.0,18080,epithelial_like
18.0,18081,epithelial_like
18.0,18082,epithelial_like
18.0,18083,epithelial_like
18.0,18084,epithelial_like
18.0,18085,epithelial_like
18.0,18086,epithelial_like
18.0,18087,epithelial_like
18.0,18088,epithelial_like
18.0,18089,epithelial_like
18.0,18090,epithelial_like
18.0,18091,epithelial_like
18.0,18092,epithelial_like
18.0,18093,epithelial_like
18.0,18094,epithelial_like
18.0,18095,epithelial_like
18.0,18096,hADSCs
18.0,18097,intermediate_plastic
18.0,18098,hADSCs
18.0,18099,epithelial_like
18.0,18100,hADSCs
18.0,18101,hADSCs
18.0,18102,epithelial_like
18.0,18103,epithelial_like
18.0,18104,epithelial_like
18.0,18105,hADSCs
18.0,18106,epithelial_like
18.0,18107,epithelial_like
18.0,18108,epithelial_like
18.0,18109,epithelial_like
18.0,18110,epithelial_like
18.0,18111,epithelial_like
18.0,18112,epithelial_like
18.0,18113,epithelial_like
18.0,18114,epithelial_like
18.0,18115,hADSCs
18.0,18116,epithelial_like
18.0,18117,hADSCs
18.0,18118,epithelial_like
18.0,18119,epithelial_like
18.0,18120,hADSCs
18.0,18121,epithelial_like
18.0,18122,epithelial_like
18.0,18123,hADSCs
18.0,18124,hADSCs
18.0,18125,epithelial_like
18.0,18126,epithelial_like
18.0,18127,hADSCs
18.0,18128,hADSCs
18.0,18129,epithelial_like
18.0,18130,epithelial_like
18.0,18131,epithelial_like
18.0,18132,hADSCs
18.0,18133,hADSCs
18.0,18134,epithelial_like
18.0,18135,epithelial_like
18.0,18136,epithelial_like
18.0,18137,epithelial_like
18.0,18138,epithelial_like
18.0,18139,epithelial_like
18.0,18140,epithelial_like
18.0,18141,epithelial_like
18.0,18142,epithelial_like
18.0,18143,epithelial_like
18.0,18144,intermediate_plastic
18.0,18145,epithelial_like
18.0,18146,epithelial_like
18.0,18147,epithelial_like
18.0,18148,hADSCs
18.0,18149,epithelial_like
18.0,18150,epithelial_like
18.0,18151,hADSCs
18.0,18152,epithelial_like
18.0,18153,epithelial_like
18.0,18154,hADSCs
18.0,18155,hADSCs
18.0,18156,hADSCs
18.0,18157,epithelial_like
18.0,18158,epithelial_like
18.0,18159,epithelial_like
18.0,18160,epithelial_like
18.0,18161,epithelial_like
18.0,18162,hADSCs
18.0,18163,epithelial_like
18.0,18164,hADSCs
18.0,18165,epithelial_like
18.0,18166,hADSCs
18.0,18167,hADSCs
18.0,18168,epithelial_like
18.0,18169,epithelial_like
18.0,18170,epithelial_like
18.0,18171,epithelial_like
18.0,18172,epithelial_like
18.0,18173,hADSCs
18.0,18174,hADSCs
18.0,18175,hADSCs
18.0,18176,epithelial_like
18.0,18177,hADSCs
18.0,18178,hADSCs
18.0,18179,epithelial_like
18.0,18180,epithelial_like
18.0,18181,epithelial_like
18.0,18182,epithelial_like
18.0,18183,epithelial_like
18.0,18184,epithelial_like
18.0,18185,epithelial_like
18.0,18186,epithelial_like
18.0,18187,hADSCs
18.0,18188,epithelial_like
18.0,18189,epithelial_like
18.0,18190,hADSCs
18.0,18191,hADSCs
18.0,18192,epithelial_like
18.0,18193,epithelial_like
18.0,18194,epithelial_like
18.0,18195,epithelial_like
18.0,18196,epithelial_like
18.0,18197,epithelial_like
18.0,18198,epithelial_like
18.0,18199,epithelial_like
18.0,18200,epithelial_like
18.0,18201,epithelial_like
18.0,18202,epithelial_like
18.0,18203,epithelial_like
18.0,18204,hADSCs
18.0,18205,hADSCs
18.0,18206,epithelial_like
18.0,18207,epithelial_like
18.0,18208,epithelial_like
18.0,18209,epithelial_like
18.0,18210,epithelial_like
18.0,18211,epithelial_like
18.0,18212,epithelial_like
18.0,18213,epithelial_like
18.0,18214,epithelial_like
18.0,18215,epithelial_like
18.0,18216,epithelial_like
18.0,18217,epithelial_like
18.0,18218,epithelial_like
18.0,18219,hADSCs
18.0,18220,hADSCs
18.0,18221,hADSCs
18.0,18222,hADSCs
18.0,18223,epithelial_like
18.0,18224,epithelial_like
18.0,18225,epithelial_like
18.0,18226,epithelial_like
18.0,18227,epithelial_like
18.0,18228,epithelial_like
18.0,18229,epithelial_like
18.0,18230,hADSCs
18.0,18231,hADSCs
18.0,18232,epithelial_like
18.0,18233,epithelial_like
18.0,18234,hADSCs
18.0,18235,epithelial_like
18.0,18236,hADSCs
18.0,18237,hADSCs
18.0,18238,hADSCs
18.0,18239,epithelial_like
18.0,18240,epithelial_like
18.0,18241,epithelial_like
18.0,18242,hADSCs
18.0,18243,epithelial_like
18.0,18244,hADSCs
18.0,18245,hADSCs
18.0,18246,epithelial_like
18.0,18247,hADSCs
18.0,18248,epithelial_like
18.0,18249,epithelial_like
18.0,18250,epithelial_like
18.0,18251,epithelial_like
18.0,18252,hADSCs
18.0,18253,epithelial_like
18.0,18254,epithelial_like
18.0,18255,hADSCs
18.0,18256,epithelial_like
18.0,18257,epithelial_like
18.0,18258,epithelial_like
18.0,18259,hADSCs
18.0,18260,epithelial_like
18.0,18261,epithelial_like
18.0,18262,hADSCs
18.0,18263,epithelial_like
18.0,18264,epithelial_like
18.0,18265,epithelial_like
18.0,18266,hADSCs
18.0,18267,epithelial_like
18.0,18268,epithelial_like
18.0,18269,hADSCs
18.0,18270,epithelial_like
18.0,18271,hADSCs
18.0,18272,epithelial_like
18.0,18273,epithelial_like
18.0,18274,hADSCs
18.0,18275,epithelial_like
18.0,18276,epithelial_like
18.0,18277,epithelial_like
18.0,18278,epithelial_like
18.0,18279,hADSCs
18.0,18280,epithelial_like
18.0,18281,epithelial_like
18.0,18282,hADSCs
18.0,18283,hADSCs
18.0,18284,epithelial_like
18.0,18285,epithelial_like
18.0,18286,epithelial_like
18.0,18287,epithelial_like
18.0,18288,hADSCs
18.0,18289,epithelial_like
18.0,18290,hADSCs
18.0,18291,hADSCs
18.0,18292,hADSCs
18.0,18293,epithelial_like
18.0,18294,epithelial_like
18.0,18295,epithelial_like
18.0,18296,epithelial_like
18.0,18297,epithelial_like
18.0,18298,epithelial_like
18.0,18299,epithelial_like
18.0,18300,epithelial_like
18.0,18301,epithelial_like
18.0,18302,epithelial_like
18.0,18303,epithelial_like
18.0,18304,hADSCs
18.0,18305,hADSCs
18.0,18306,epithelial_like
18.0,18307,hADSCs
18.0,18308,hADSCs
18.0,18309,hADSCs
18.0,18310,epithelial_like
18.0,18311,epithelial_like
18.0,18312,hADSCs
18.0,18313,hADSCs
18.0,18314,hADSCs
18.0,18315,epithelial_like
18.0,18316,epithelial_like
18.0,18317,epithelial_like
18.0,18318,hADSCs
18.0,18319,epithelial_like
18.0,18320,hADSCs
18.0,18321,hADSCs
18.0,18322,epithelial_like
18.0,18323,epithelial_like
18.0,18324,epithelial_like
18.0,18325,epithelial_like
18.0,18326,epithelial_like
18.0,18327,epithelial_like
18.0,18328,epithelial_like
18.0,18329,epithelial_like
18.0,18330,epithelial_like
18.0,18331,epithelial_like
18.0,18332,epithelial_like
18.0,18333,hADSCs
18.0,18334,epithelial_like
18.0,18335,epithelial_like
18.0,18336,epithelial_like
18.0,18337,epithelial_like
18.0,18338,hADSCs
18.0,18339,epithelial_like
18.0,18340,hADSCs
18.0,18341,epithelial_like
18.0,18342,hADSCs
18.0,18343,epithelial_like
18.0,18344,epithelial_like
18.0,18345,hADSCs
18.0,18346,epithelial_like
18.0,18347,epithelial_like
18.0,18348,epithelial_like
18.0,18349,epithelial_like
18.0,18350,epithelial_like
18.0,18351,hADSCs
18.0,18352,epithelial_like
18.0,18353,hADSCs
18.0,18354,epithelial_like
18.0,18355,epithelial_like
18.0,18356,epithelial_like
18.0,18357,hADSCs
18.0,18358,hADSCs
18.0,18359,hADSCs
18.0,18360,epithelial_like
18.0,18361,epithelial_like
18.0,18362,hADSCs
18.0,18363,epithelial_like
18.0,18364,epithelial_like
18.0,18365,epithelial_like
18.0,18366,hADSCs
18.0,18367,hADSCs
18.0,18368,hADSCs
18.0,18369,hADSCs
18.0,18370,hADSCs
18.0,18371,hADSCs
18.0,18372,epithelial_like
18.0,18373,hADSCs
18.0,18374,epithelial_like
18.0,18375,hADSCs
18.0,18376,hADSCs
18.0,18377,epithelial_like
18.0,18378,epithelial_like
18.0,18379,epithelial_like
18.0,18380,hADSCs
18.0,18381,epithelial_like
18.0,18382,epithelial_like
18.0,18383,epithelial_like
18.0,18384,epithelial_like
18.0,18385,epithelial_like
18.0,18386,epithelial_like
18.0,18387,hADSCs
18.0,18388,epithelial_like
18.0,18389,epithelial_like
18.0,18390,epithelial_like
18.0,18391,epithelial_like
18.0,18392,hADSCs
18.0,18393,epithelial_like
18.0,18394,hADSCs
18.0,18395,hADSCs
18.0,18396,epithelial_like
18.0,18397,epithelial_like
18.0,18398,hADSCs
18.0,18399,epithelial_like
18.0,18400,epithelial_like
18.0,18401,epithelial_like
18.0,18402,hADSCs
18.0,18403,hADSCs
18.0,18404,hADSCs
18.0,18405,hADSCs
18.0,18406,epithelial_like
18.0,18407,epithelial_like
18.0,18408,epithelial_like
18.0,18409,epithelial_like
18.0,18410,epithelial_like
18.0,18411,hADSCs
18.0,18412,hADSCs
18.0,18413,epithelial_like
18.0,18414,epithelial_like
18.0,18415,epithelial_like
18.0,18416,hADSCs
18.0,18417,epithelial_like
18.0,18418,epithelial_like
18.0,18419,hADSCs
18.0,18420,epithelial_like
18.0,18421,epithelial_like
18.0,18422,hADSCs
18.0,18423,epithelial_like
18.0,18424,epithelial_like
18.0,18425,hADSCs
18.0,18426,epithelial_like
18.0,18427,hADSCs
18.0,18428,hADSCs
18.0,18429,epithelial_like
18.0,18430,epithelial_like
18.0,18431,hADSCs
18.0,18432,epithelial_like
18.0,18433,epithelial_like
18.0,18434,epithelial_like
18.0,18435,epithelial_like
18.0,18436,epithelial_like
18.0,18437,epithelial_like
18.0,18438,hADSCs
18.0,18439,epithelial_like
18.0,18440,epithelial_like
18.0,18441,hADSCs
18.0,18442,hADSCs
18.0,18443,epithelial_like
18.0,18444,epithelial_like
18.0,18445,hADSCs
18.0,18446,epithelial_like
18.0,18447,hADSCs
18.0,18448,epithelial_like
18.0,18449,epithelial_like
18.0,18450,epithelial_like
18.0,18451,epithelial_like
18.0,18452,epithelial_like
18.0,18453,epithelial_like
18.0,18454,hADSCs
18.0,18455,epithelial_like
18.0,18456,hADSCs
18.0,18457,hADSCs
18.0,18458,epithelial_like
18.0,18459,epithelial_like
18.0,18460,epithelial_like
18.0,18461,epithelial_like
18.0,18462,epithelial_like
18.0,18463,hADSCs
18.0,18464,epithelial_like
18.0,18465,hADSCs
18.0,18466,hADSCs
18.0,18467,epithelial_like
18.0,18468,hADSCs
18.0,18469,hADSCs
18.0,18470,epithelial_like
18.0,18471,epithelial_like
18.0,18472,hADSCs
18.0,18473,hADSCs
18.0,18474,hADSCs
18.0,18475,hADSCs
18.0,18476,hADSCs
18.0,18477,hADSCs
18.0,18478,hADSCs
18.0,18479,hADSCs
18.0,18480,hADSCs
18.0,18481,epithelial_like
18.0,18482,epithelial_like
18.0,18483,epithelial_like
18.0,18484,epithelial_like
18.0,18485,hADSCs
18.0,18486,epithelial_like
18.0,18487,hADSCs
18.0,18488,hADSCs
18.0,18489,epithelial_like
18.0,18490,epithelial_like
18.0,18491,hADSCs
18.0,18492,epithelial_like
18.0,18493,epithelial_like
18.0,18494,epithelial_like
18.0,18495,epithelial_like
18.0,18496,epithelial_like
18.0,18497,epithelial_like
18.0,18498,hADSCs
18.0,18499,hADSCs
18.0,18500,epithelial_like
18.0,18501,epithelial_like
18.0,18502,hADSCs
18.0,18503,epithelial_like
18.0,18504,hADSCs
18.0,18505,epithelial_like
18.0,18506,epithelial_like
18.0,18507,epithelial_like
18.0,18508,epithelial_like
18.0,18509,epithelial_like
18.0,18510,hADSCs
18.0,18511,epithelial_like
18.0,18512,epithelial_like
18.0,18513,epithelial_like
18.0,18514,hADSCs
18.0,18515,epithelial_like
18.0,18516,epithelial_like
18.0,18517,epithelial_like
18.0,18518,epithelial_like
18.0,18519,hADSCs
18.0,18520,hADSCs
18.0,18521,epithelial_like
18.0,18522,hADSCs
18.0,18523,hADSCs
18.0,18524,hADSCs
18.0,18525,epithelial_like
18.0,18526,epithelial_like
18.0,18527,epithelial_like
18.0,18528,epithelial_like
18.0,18529,epithelial_like
18.0,18530,epithelial_like
18.0,18531,epithelial_like
18.0,18532,epithelial_like
18.0,18533,hADSCs
18.0,18534,hADSCs
18.0,18535,epithelial_like
18.0,18536,hADSCs
18.0,18537,hADSCs
18.0,18538,hADSCs
18.0,18539,epithelial_like
18.0,18540,epithelial_like
18.0,18541,epithelial_like
18.0,18542,epithelial_like
18.0,18543,epithelial_like
18.0,18544,epithelial_like
18.0,18545,hADSCs
18.0,18546,hADSCs
18.0,18547,epithelial_like
18.0,18548,epithelial_like
18.0,18549,hADSCs
18.0,18550,epithelial_like
18.0,18551,epithelial_like
18.0,18552,epithelial_like
18.0,18553,hADSCs
18.0,18554,epithelial_like
18.0,18555,epithelial_like
18.0,18556,epithelial_like
18.0,18557,hADSCs
18.0,18558,epithelial_like
18.0,18559,hADSCs
18.0,18560,epithelial_like
18.0,18561,epithelial_like
18.0,18562,hADSCs
18.0,18563,hADSCs
18.0,18564,epithelial_like
18.0,18565,epithelial_like
18.0,18566,epithelial_like
18.0,18567,epithelial_like
18.0,18568,epithelial_like
18.0,18569,hADSCs
18.0,18570,hADSCs
18.0,18571,epithelial_like
18.0,18572,hADSCs
18.0,18573,epithelial_like
18.0,18574,hADSCs
18.0,18575,hADSCs
18.0,18576,epithelial_like
18.0,18577,hADSCs
18.0,18578,epithelial_like
18.0,18579,hADSCs
18.0,18580,hADSCs
18.0,18581,hADSCs
18.0,18582,hADSCs
18.0,18583,hADSCs
18.0,18584,hADSCs
18.0,18585,epithelial_like
18.0,18586,hADSCs
18.0,18587,hADSCs
18.0,18588,epithelial_like
18.0,18589,epithelial_like
18.0,18590,epithelial_like
18.0,18591,epithelial_like
18.0,18592,epithelial_like
18.0,18593,epithelial_like
18.0,18594,hADSCs
18.0,18595,hADSCs
18.0,18596,hADSCs
18.0,18597,hADSCs
18.0,18598,hADSCs
18.0,18599,epithelial_like
18.0,18600,hADSCs
18.0,18601,hADSCs
18.0,18602,hADSCs
18.0,18603,epithelial_like
18.0,18604,hADSCs
18.0,18605,hADSCs
18.0,18606,hADSCs
18.0,18607,epithelial_like
18.0,18608,hADSCs
18.0,18609,epithelial_like
18.0,18610,hADSCs
18.0,18611,hADSCs
18.0,18612,hADSCs
18.0,18613,epithelial_like
18.0,18614,epithelial_like
18.0,18615,epithelial_like
18.0,18616,epithelial_like
18.0,18617,hADSCs
18.0,18618,epithelial_like
18.0,18619,hADSCs
18.0,18620,hADSCs
18.0,18621,hADSCs
18.0,18622,epithelial_like
18.0,18623,epithelial_like
18.0,18624,epithelial_like
18.0,18625,epithelial_like
18.0,18626,hADSCs
18.0,18627,epithelial_like
18.0,18628,epithelial_like
18.0,18629,hADSCs
18.0,18630,epithelial_like
18.0,18631,epithelial_like
18.0,18632,epithelial_like
18.0,18633,hADSCs
18.0,18634,hADSCs
18.0,18635,hADSCs
18.0,18636,hADSCs
18.0,18637,hADSCs
18.0,18638,epithelial_like
18.0,18639,epithelial_like
18.0,18640,hADSCs
18.0,18641,epithelial_like
18.0,18642,hADSCs
18.0,18643,hADSCs
18.0,18644,epithelial_like
18.0,18645,epithelial_like
18.0,18646,hADSCs
18.0,18647,epithelial_like
18.0,18648,epithelial_like
18.0,18649,epithelial_like
18.0,18650,hADSCs
18.0,18651,hADSCs
18.0,18652,epithelial_like
18.0,18653,epithelial_like
18.0,18654,hADSCs
18.0,18655,hADSCs
18.0,18656,epithelial_like
18.0,18657,epithelial_like
18.0,18658,epithelial_like
18.0,18659,epithelial_like
18.0,18660,epithelial_like
18.0,18661,epithelial_like
18.0,18662,hADSCs
18.0,18663,hADSCs
18.0,18664,hADSCs
18.0,18665,hADSCs
18.0,18666,epithelial_like
18.0,18667,epithelial_like
18.0,18668,epithelial_like
18.0,18669,epithelial_like
18.0,18670,hADSCs
18.0,18671,hADSCs
18.0,18672,epithelial_like
18.0,18673,hADSCs
18.0,18674,epithelial_like
18.0,18675,epithelial_like
18.0,18676,hADSCs
18.0,18677,hADSCs
18.0,18678,hADSCs
18.0,18679,epithelial_like
18.0,18680,epithelial_like
18.0,18681,hADSCs
18.0,18682,hADSCs
18.0,18683,hADSCs
18.0,18684,epithelial_like
18.0,18685,epithelial_like
18.0,18686,epithelial_like
18.0,18687,hADSCs
18.0,18688,hADSCs
18.0,18689,hADSCs
18.0,18690,epithelial_like
18.0,18691,hADSCs
18.0,18692,hADSCs
18.0,18693,hADSCs
18.0,18694,hADSCs
18.0,18695,hADSCs
18.0,18696,hADSCs
18.0,18697,hADSCs
18.0,18698,hADSCs
18.0,18699,epithelial_like
18.0,18700,epithelial_like
18.0,18701,hADSCs
18.0,18702,hADSCs
18.0,18703,epithelial_like
18.0,18704,epithelial_like
18.0,18705,hADSCs
18.0,18706,epithelial_like
18.0,18707,epithelial_like
18.0,18708,epithelial_like
18.0,18709,epithelial_like
18.0,18710,epithelial_like
18.0,18711,epithelial_like
18.0,18712,hADSCs
18.0,18713,hADSCs
18.0,18714,epithelial_like
18.0,18715,epithelial_like
18.0,18716,hADSCs
18.0,18717,hADSCs
18.0,18718,hADSCs
18.0,18719,epithelial_like
18.0,18720,epithelial_like
18.0,18721,epithelial_like
18.0,18722,epithelial_like
18.0,18723,hADSCs
18.0,18724,epithelial_like
18.0,18725,epithelial_like
18.0,18726,epithelial_like
18.0,18727,hADSCs
18.0,18728,hADSCs
18.0,18729,epithelial_like
18.0,18730,epithelial_like
18.0,18731,hADSCs
18.0,18732,epithelial_like
18.0,18733,epithelial_like
18.0,18734,epithelial_like
18.0,18735,epithelial_like
18.0,18736,epithelial_like
18.0,18737,epithelial_like
18.0,18738,epithelial_like
18.0,18739,epithelial_like
18.0,18740,epithelial_like
18.0,18741,epithelial_like
18.0,18742,epithelial_like
18.0,18743,hADSCs
18.0,18744,epithelial_like
18.0,18745,hADSCs
18.0,18746,epithelial_like
18.0,18747,epithelial_like
18.0,18748,hADSCs
18.0,18749,epithelial_like
18.0,18750,epithelial_like
18.0,18751,epithelial_like
18.0,18752,epithelial_like
18.0,18753,epithelial_like
18.0,18754,epithelial_like
18.0,18755,epithelial_like
18.0,18756,epithelial_like
18.0,18757,epithelial_like
18.0,18758,hADSCs
18.0,18759,hADSCs
18.0,18760,epithelial_like
18.0,18761,epithelial_like
18.0,18762,epithelial_like
18.0,18763,hADSCs
18.0,18764,epithelial_like
18.0,18765,epithelial_like
18.0,18766,epithelial_like
18.0,18767,epithelial_like
18.0,18768,epithelial_like
18.0,18769,hADSCs
18.0,18770,epithelial_like
18.0,18771,hADSCs
18.0,18772,hADSCs
18.0,18773,epithelial_like
18.0,18774,hADSCs
18.0,18775,epithelial_like
18.0,18776,epithelial_like
18.0,18777,epithelial_like
18.0,18778,hADSCs
18.0,18779,epithelial_like
18.0,18780,epithelial_like
18.0,18781,epithelial_like
18.0,18782,epithelial_like
18.0,18783,epithelial_like
18.0,18784,epithelial_like
18.0,18785,hADSCs
18.0,18786,epithelial_like
18.0,18787,epithelial_like
18.0,18788,epithelial_like
18.0,18789,epithelial_like
18.0,18790,epithelial_like
18.0,18791,hADSCs
18.0,18792,hADSCs
18.0,18793,hADSCs
18.0,18794,epithelial_like
18.0,18795,hADSCs
18.0,18796,hADSCs
18.0,18797,epithelial_like
18.0,18798,epithelial_like
18.0,18799,hADSCs
18.0,18800,hADSCs
18.0,18801,epithelial_like
18.0,18802,epithelial_like
18.0,18803,epithelial_like
18.0,18804,epithelial_like
18.0,18805,epithelial_like
18.0,18806,epithelial_like
18.0,18807,hADSCs
18.0,18808,epithelial_like
18.0,18809,epithelial_like
18.0,18810,hADSCs
18.0,18811,hADSCs
18.0,18812,hADSCs
18.0,18813,hADSCs
18.0,18814,epithelial_like
18.0,18815,epithelial_like
18.0,18816,hADSCs
18.0,18817,hADSCs
18.0,18818,hADSCs
18.0,18819,epithelial_like
18.0,18820,epithelial_like
18.0,18821,epithelial_like
18.0,18822,hADSCs
18.0,18823,epithelial_like
18.0,18824,hADSCs
18.0,18825,hADSCs
18.0,18826,hADSCs
18.0,18827,epithelial_like
18.0,18828,hADSCs
18.0,18829,hADSCs
18.0,18830,epithelial_like
18.0,18831,epithelial_like
18.0,18832,epithelial_like
18.0,18833,epithelial_like
18.0,18834,epithelial_like
18.0,18835,epithelial_like
18.0,18836,epithelial_like
18.0,18837,epithelial_like
18.0,18838,epithelial_like
18.0,18839,hADSCs
18.0,18840,epithelial_like
18.0,18841,hADSCs
18.0,18842,hADSCs
18.0,18843,hADSCs
18.0,18844,epithelial_like
18.0,18845,epithelial_like
18.0,18846,hADSCs
18.0,18847,hADSCs
18.0,18848,hADSCs
18.0,18849,hADSCs
18.0,18850,epithelial_like
18.0,18851,epithelial_like
18.0,18852,hADSCs
18.0,18853,epithelial_like
18.0,18854,hADSCs
18.0,18855,epithelial_like
18.0,18856,hADSCs
18.0,18857,hADSCs
18.0,18858,epithelial_like
18.0,18859,hADSCs
18.0,18860,hADSCs
18.0,18861,epithelial_like
18.0,18862,epithelial_like
18.0,18863,epithelial_like
18.0,18864,epithelial_like
18.0,18865,epithelial_like
18.0,18866,epithelial_like
18.0,18867,hADSCs
18.0,18868,hADSCs
18.0,18869,hADSCs
18.0,18870,hADSCs
18.0,18871,epithelial_like
18.0,18872,hADSCs
18.0,18873,hADSCs
18.0,18874,hADSCs
18.0,18875,epithelial_like
18.0,18876,epithelial_like
18.0,18877,epithelial_like
18.0,18878,epithelial_like
18.0,18879,epithelial_like
18.0,18880,epithelial_like
18.0,18881,epithelial_like
18.0,18882,epithelial_like
18.0,18883,epithelial_like
18.0,18884,epithelial_like
18.0,18885,epithelial_like
18.0,18886,epithelial_like
18.0,18887,epithelial_like
18.0,18888,epithelial_like
18.0,18889,epithelial_like
18.0,18890,epithelial_like
18.0,18891,epithelial_like
18.0,18892,epithelial_like
18.0,18893,epithelial_like
18.0,18894,epithelial_like
18.0,18895,epithelial_like
18.0,18896,epithelial_like
18.0,18897,epithelial_like
18.0,18898,epithelial_like
18.0,18899,hADSCs
18.0,18900,hADSCs
18.0,18901,hADSCs
18.0,18902,epithelial_like
18.0,18903,epithelial_like
18.0,18904,hADSCs
18.0,18905,hADSCs
18.0,18906,epithelial_like
18.0,18907,epithelial_like
18.0,18908,epithelial_like
18.0,18909,epithelial_like
18.0,18910,epithelial_like
18.0,18911,epithelial_like
18.0,18912,epithelial_like
18.0,18913,epithelial_like
18.0,18914,intermediate_plastic
18.0,18915,intermediate_plastic
18.0,18916,hADSCs
18.0,18917,epithelial_like
18.0,18918,hADSCs
18.0,18919,hADSCs
18.0,18920,epithelial_like
18.0,18921,hADSCs
18.0,18922,hADSCs
18.0,18923,epithelial_like
18.0,18924,hADSCs
18.0,18925,hADSCs
18.0,18926,hADSCs
18.0,18927,hADSCs
18.0,18928,epithelial_like
18.0,18929,epithelial_like
18.0,18930,hADSCs
18.0,18931,hADSCs
18.0,18932,hADSCs
18.0,18933,epithelial_like
18.0,18934,hADSCs
18.0,18935,epithelial_like
18.0,18936,epithelial_like
18.0,18937,hADSCs
18.0,18938,hADSCs
18.0,18939,epithelial_like
18.0,18940,epithelial_like
18.0,18941,epithelial_like
18.0,18942,hADSCs
18.0,18943,epithelial_like
18.0,18944,epithelial_like
18.0,18945,epithelial_like
18.0,18946,hADSCs
18.0,18947,hADSCs
18.0,18948,epithelial_like
18.0,18949,epithelial_like
18.0,18950,hADSCs
18.0,18951,epithelial_like
18.0,18952,epithelial_like
18.0,18953,epithelial_like
18.0,18954,hADSCs
18.0,18955,epithelial_like
18.0,18956,epithelial_like
18.0,18957,epithelial_like
18.0,18958,hADSCs
18.0,18959,epithelial_like
18.0,18960,epithelial_like
18.0,18961,epithelial_like
18.0,18962,epithelial_like
18.0,18963,hADSCs
18.0,18964,epithelial_like
18.0,18965,hADSCs
18.0,18966,hADSCs
18.0,18967,epithelial_like
18.0,18968,epithelial_like
18.0,18969,epithelial_like
18.0,18970,hADSCs
18.0,18971,epithelial_like
18.0,18972,epithelial_like
18.0,18973,hADSCs
18.0,18974,epithelial_like
18.0,18975,epithelial_like
18.0,18976,epithelial_like
18.0,18977,epithelial_like
18.0,18978,epithelial_like
18.0,18979,epithelial_like
18.0,18980,epithelial_like
18.0,18981,epithelial_like
18.0,18982,epithelial_like
18.0,18983,epithelial_like
18.0,18984,epithelial_like
18.0,18985,epithelial_like
18.0,18986,epithelial_like
18.0,18987,epithelial_like
18.0,18988,epithelial_like
18.0,18989,epithelial_like
18.0,18990,hADSCs
18.0,18991,hADSCs
18.0,18992,hADSCs
18.0,18993,hADSCs
18.0,18994,hADSCs
18.0,18995,epithelial_like
18.0,18996,epithelial_like
18.0,18997,hADSCs
18.0,18998,hADSCs
18.0,18999,hADSCs
18.0,19000,hADSCs
18.0,19001,epithelial_like
18.0,19002,epithelial_like
18.0,19003,hADSCs
18.0,19004,epithelial_like
18.0,19005,hADSCs
18.0,19006,hADSCs
18.0,19007,epithelial_like
18.0,19008,hADSCs
18.0,19009,epithelial_like
18.0,19010,epithelial_like
18.0,19011,epithelial_like
18.0,19012,epithelial_like
18.0,19013,epithelial_like
18.0,19014,epithelial_like
18.0,19015,epithelial_like
18.0,19016,epithelial_like
18.0,19017,epithelial_like
18.0,19018,epithelial_like
18.0,19019,epithelial_like
18.0,19020,hADSCs
18.0,19021,hADSCs
18.0,19022,hADSCs
18.0,19023,epithelial_like
18.0,19024,hADSCs
18.0,19025,hADSCs
18.0,19026,epithelial_like
18.0,19027,hADSCs
18.0,19028,hADSCs
18.0,19029,epithelial_like
18.0,19030,hADSCs
18.0,19031,hADSCs
18.0,19032,hADSCs
18.0,19033,epithelial_like
18.0,19034,epithelial_like
18.0,19035,hADSCs
18.0,19036,epithelial_like
18.0,19037,hADSCs
18.0,19038,epithelial_like
18.0,19039,epithelial_like
18.0,19040,hADSCs
18.0,19041,epithelial_like
18.0,19042,epithelial_like
18.0,19043,epithelial_like
18.0,19044,epithelial_like
18.0,19045,hADSCs
18.0,19046,epithelial_like
18.0,19047,hADSCs
18.0,19048,epithelial_like
18.0,19049,hADSCs
18.0,19050,epithelial_like
18.0,19051,intermediate_plastic
18.0,19052,hADSCs
18.0,19053,hADSCs
18.0,19054,epithelial_like
18.0,19055,epithelial_like
18.0,19056,epithelial_like
18.0,19057,hADSCs
18.0,19058,epithelial_like
18.0,19059,epithelial_like
18.0,19060,epithelial_like
18.0,19061,hADSCs
18.0,19062,hADSCs
18.0,19063,epithelial_like
18.0,19064,epithelial_like
18.0,19065,epithelial_like
18.0,19066,hADSCs
18.0,19067,hADSCs
18.0,19068,epithelial_like
18.0,19069,epithelial_like
18.0,19070,hADSCs
18.0,19071,epithelial_like
18.0,19072,hADSCs
18.0,19073,hADSCs
18.0,19074,epithelial_like
18.0,19075,epithelial_like
18.0,19076,epithelial_like
18.0,19077,epithelial_like
18.0,19078,epithelial_like
18.0,19079,hADSCs
18.0,19080,hADSCs
18.0,19081,epithelial_like
18.0,19082,epithelial_like
18.0,19083,epithelial_like
18.0,19084,epithelial_like
18.0,19085,epithelial_like
18.0,19086,epithelial_like
18.0,19087,hADSCs
18.0,19088,epithelial_like
18.0,19089,epithelial_like
18.0,19090,hADSCs
18.0,19091,epithelial_like
18.0,19092,epithelial_like
18.0,19093,epithelial_like
18.0,19094,epithelial_like
18.0,19095,epithelial_like
18.0,19096,epithelial_like
18.0,19097,hADSCs
18.0,19098,epithelial_like
18.0,19099,hADSCs
18.0,19100,hADSCs
18.0,19101,epithelial_like
18.0,19102,hADSCs
18.0,19103,epithelial_like
18.0,19104,epithelial_like
18.0,19105,hADSCs
18.0,19106,epithelial_like
18.0,19107,epithelial_like
18.0,19108,epithelial_like
18.0,19109,epithelial_like
18.0,19110,epithelial_like
18.0,19111,hADSCs
18.0,19112,epithelial_like
18.0,19113,hADSCs
18.0,19114,hADSCs
18.0,19115,hADSCs
18.0,19116,hADSCs
18.0,19117,hADSCs
18.0,19118,hADSCs
18.0,19119,epithelial_like
18.0,19120,epithelial_like
18.0,19121,hADSCs
18.0,19122,epithelial_like
18.0,19123,epithelial_like
18.0,19124,hADSCs
18.0,19125,epithelial_like
18.0,19126,epithelial_like
18.0,19127,epithelial_like
18.0,19128,hADSCs
18.0,19129,epithelial_like
18.0,19130,hADSCs
18.0,19131,hADSCs
18.0,19132,epithelial_like
18.0,19133,epithelial_like
18.0,19134,epithelial_like
18.0,19135,epithelial_like
18.0,19136,epithelial_like
18.0,19137,hADSCs
18.0,19138,epithelial_like
18.0,19139,epithelial_like
18.0,19140,hADSCs
18.0,19141,hADSCs
18.0,19142,hADSCs
18.0,19143,epithelial_like
18.0,19144,epithelial_like
18.0,19145,hADSCs
18.0,19146,epithelial_like
18.0,19147,hADSCs
18.0,19148,hADSCs
18.0,19149,epithelial_like
18.0,19150,hADSCs
18.0,19151,hADSCs
18.0,19152,hADSCs
18.0,19153,hADSCs
18.0,19154,epithelial_like
18.0,19155,epithelial_like
18.0,19156,epithelial_like
18.0,19157,intermediate_plastic
18.0,19158,epithelial_like
18.0,19159,hADSCs
18.0,19160,hADSCs
18.0,19161,hADSCs
18.0,19162,epithelial_like
18.0,19163,epithelial_like
18.0,19164,epithelial_like
18.0,19165,epithelial_like
18.0,19166,epithelial_like
18.0,19167,epithelial_like
18.0,19168,hADSCs
18.0,19169,epithelial_like
18.0,19170,epithelial_like
18.0,19171,epithelial_like
18.0,19172,epithelial_like
18.0,19173,epithelial_like
18.0,19174,epithelial_like
18.0,19175,epithelial_like
18.0,19176,hADSCs
18.0,19177,epithelial_like
18.0,19178,epithelial_like
18.0,19179,hADSCs
18.0,19180,hADSCs
18.0,19181,hADSCs
18.0,19182,hADSCs
18.0,19183,epithelial_like
18.0,19184,epithelial_like
18.0,19185,hADSCs
18.0,19186,hADSCs
18.0,19187,epithelial_like
18.0,19188,hADSCs
18.0,19189,hADSCs
18.0,19190,epithelial_like
18.0,19191,epithelial_like
18.0,19192,epithelial_like
18.0,19193,epithelial_like
18.0,19194,epithelial_like
18.0,19195,epithelial_like
18.0,19196,epithelial_like
18.0,19197,epithelial_like
18.0,19198,epithelial_like
18.0,19199,epithelial_like
18.0,19200,hADSCs
18.0,19201,hADSCs
18.0,19202,hADSCs
18.0,19203,hADSCs
18.0,19204,hADSCs
18.0,19205,epithelial_like
18.0,19206,epithelial_like
18.0,19207,epithelial_like
18.0,19208,hADSCs
18.0,19209,epithelial_like
18.0,19210,epithelial_like
18.0,19211,epithelial_like
18.0,19212,epithelial_like
18.0,19213,epithelial_like
18.0,19214,epithelial_like
18.0,19215,epithelial_like
18.0,19216,epithelial_like
18.0,19217,epithelial_like
18.0,19218,epithelial_like
18.0,19219,epithelial_like
18.0,19220,epithelial_like
18.0,19221,epithelial_like
18.0,19222,hADSCs
18.0,19223,epithelial_like
18.0,19224,epithelial_like
18.0,19225,hADSCs
18.0,19226,hADSCs
18.0,19227,epithelial_like
18.0,19228,epithelial_like
18.0,19229,epithelial_like
18.0,19230,hADSCs
18.0,19231,hADSCs
18.0,19232,hADSCs
18.0,19233,epithelial_like
18.0,19234,epithelial_like
18.0,19235,hADSCs
18.0,19236,epithelial_like
18.0,19237,hADSCs
18.0,19238,epithelial_like
18.0,19239,epithelial_like
18.0,19240,epithelial_like
18.0,19241,epithelial_like
18.0,19242,epithelial_like
18.0,19243,epithelial_like
18.0,19244,hADSCs
18.0,19245,hADSCs
18.0,19246,hADSCs
18.0,19247,hADSCs
18.0,19248,epithelial_like
18.0,19249,epithelial_like
18.0,19250,hADSCs
18.0,19251,epithelial_like
18.0,19252,epithelial_like
18.0,19253,epithelial_like
18.0,19254,epithelial_like
18.0,19255,epithelial_like
18.0,19256,epithelial_like
18.0,19257,epithelial_like
18.0,19258,epithelial_like
18.0,19259,epithelial_like
18.0,19260,epithelial_like
18.0,19261,epithelial_like
18.0,19262,hADSCs
18.0,19263,hADSCs
18.0,19264,epithelial_like
18.0,19265,epithelial_like
18.0,19266,epithelial_like
18.0,19267,hADSCs
18.0,19268,hADSCs
18.0,19269,epithelial_like
18.0,19270,epithelial_like
18.0,19271,epithelial_like
18.0,19272,epithelial_like
18.0,19273,epithelial_like
18.0,19274,epithelial_like
18.0,19275,epithelial_like
18.0,19276,hADSCs
18.0,19277,hADSCs
18.0,19278,hADSCs
18.0,19279,hADSCs
18.0,19280,hADSCs
18.0,19281,hADSCs
18.0,19282,epithelial_like
18.0,19283,epithelial_like
18.0,19284,hADSCs
18.0,19285,hADSCs
18.0,19286,epithelial_like
18.0,19287,epithelial_like
18.0,19288,epithelial_like
18.0,19289,hADSCs
18.0,19290,hADSCs
18.0,19291,hADSCs
18.0,19292,hADSCs
18.0,19293,hADSCs
18.0,19294,hADSCs
18.0,19295,hADSCs
18.0,19296,hADSCs
18.0,19297,hADSCs
18.0,19298,epithelial_like
18.0,19299,epithelial_like
18.0,19300,hADSCs
18.0,19301,hADSCs
18.0,19302,epithelial_like
18.0,19303,epithelial_like
18.0,19304,epithelial_like
18.0,19305,hADSCs
18.0,19306,epithelial_like
18.0,19307,epithelial_like
18.0,19308,hADSCs
18.0,19309,hADSCs
18.0,19310,hADSCs
18.0,19311,hADSCs
18.0,19312,hADSCs
18.0,19313,hADSCs
18.0,19314,epithelial_like
18.0,19315,epithelial_like
18.0,19316,epithelial_like
18.0,19317,epithelial_like
18.0,19318,epithelial_like
18.0,19319,epithelial_like
18.0,19320,epithelial_like
18.0,19321,epithelial_like
18.0,19322,epithelial_like
18.0,19323,epithelial_like
18.0,19324,epithelial_like
18.0,19325,epithelial_like
18.0,19326,epithelial_like
18.0,19327,hADSCs
18.0,19328,hADSCs
18.0,19329,epithelial_like
18.0,19330,epithelial_like
18.0,19331,hADSCs
18.0,19332,hADSCs
18.0,19333,hADSCs
18.0,19334,hADSCs
18.0,19335,epithelial_like
18.0,19336,epithelial_like
18.0,19337,epithelial_like
18.0,19338,epithelial_like
18.0,19339,epithelial_like
18.0,19340,epithelial_like
18.0,19341,epithelial_like
18.0,19342,epithelial_like
18.0,19343,hADSCs
18.0,19344,hADSCs
18.0,19345,hADSCs
18.0,19346,hADSCs
18.0,19347,epithelial_like
18.0,19348,hADSCs
18.0,19349,hADSCs
18.0,19350,epithelial_like
18.0,19351,epithelial_like
18.0,19352,epithelial_like
18.0,19353,hADSCs
18.0,19354,hADSCs
18.0,19355,epithelial_like
18.0,19356,epithelial_like
18.0,19357,epithelial_like
18.0,19358,epithelial_like
18.0,19359,epithelial_like
18.0,19360,epithelial_like
18.0,19361,epithelial_like
18.0,19362,epithelial_like
18.0,19363,epithelial_like
18.0,19364,epithelial_like
18.0,19365,hADSCs
18.0,19366,hADSCs
18.0,19367,epithelial_like
18.0,19368,hADSCs
18.0,19369,hADSCs
18.0,19370,hADSCs
18.0,19371,epithelial_like
18.0,19372,epithelial_like
18.0,19373,epithelial_like
18.0,19374,hADSCs
18.0,19375,epithelial_like
18.0,19376,hADSCs
18.0,19377,epithelial_like
18.0,19378,hADSCs
18.0,19379,epithelial_like
18.0,19380,epithelial_like
18.0,19381,hADSCs
18.0,19382,epithelial_like
18.0,19383,epithelial_like
18.0,19384,hADSCs
18.0,19385,epithelial_like
18.0,19386,epithelial_like
18.0,19387,epithelial_like
18.0,19388,hADSCs
18.0,19389,hADSCs
18.0,19390,hADSCs
18.0,19391,hADSCs
18.0,19392,hADSCs
18.0,19393,hADSCs
18.0,19394,epithelial_like
18.0,19395,epithelial_like
18.0,19396,epithelial_like
18.0,19397,epithelial_like
18.0,19398,epithelial_like
18.0,19399,hADSCs
18.0,19400,epithelial_like
18.0,19401,hADSCs
18.0,19402,hADSCs
18.0,19403,epithelial_like
18.0,19404,epithelial_like
18.0,19405,epithelial_like
18.0,19406,epithelial_like
18.0,19407,hADSCs
18.0,19408,epithelial_like
18.0,19409,epithelial_like
18.0,19410,epithelial_like
18.0,19411,epithelial_like
18.0,19412,epithelial_like
18.0,19413,epithelial_like
18.0,19414,epithelial_like
18.0,19415,epithelial_like
18.0,19416,epithelial_like
18.0,19417,hADSCs
18.0,19418,hADSCs
18.0,19419,hADSCs
18.0,19420,hADSCs
18.0,19421,hADSCs
18.0,19422,epithelial_like
18.0,19423,epithelial_like
18.0,19424,epithelial_like
18.0,19425,epithelial_like
18.0,19426,epithelial_like
18.0,19427,epithelial_like
18.0,19428,epithelial_like
18.0,19429,epithelial_like
18.0,19430,epithelial_like
18.0,19431,epithelial_like
18.0,19432,epithelial_like
18.0,19433,epithelial_like
18.0,19434,hADSCs
18.0,19435,epithelial_like
18.0,19436,epithelial_like
18.0,19437,epithelial_like
18.0,19438,epithelial_like
18.0,19439,epithelial_like
18.0,19440,hADSCs
18.0,19441,hADSCs
18.0,19442,hADSCs
18.0,19443,hADSCs
18.0,19444,epithelial_like
18.0,19445,epithelial_like
18.0,19446,hADSCs
18.0,19447,hADSCs
18.0,19448,hADSCs
18.0,19449,epithelial_like
18.0,19450,epithelial_like
18.0,19451,epithelial_like
18.0,19452,epithelial_like
18.0,19453,hADSCs
18.0,19454,hADSCs
18.0,19455,epithelial_like
18.0,19456,hADSCs
18.0,19457,hADSCs
18.0,19458,epithelial_like
18.0,19459,epithelial_like
18.0,19460,hADSCs
18.0,19461,epithelial_like
18.0,19462,hADSCs
18.0,19463,epithelial_like
18.0,19464,hADSCs
18.0,19465,hADSCs
18.0,19466,hADSCs
18.0,19467,epithelial_like
18.0,19468,epithelial_like
18.0,19469,hADSCs
18.0,19470,epithelial_like
18.0,19471,epithelial_like
18.0,19472,epithelial_like
18.0,19473,hADSCs
18.0,19474,epithelial_like
18.0,19475,epithelial_like
18.0,19476,epithelial_like
18.0,19477,hADSCs
18.0,19478,epithelial_like
18.0,19479,epithelial_like
18.0,19480,epithelial_like
18.0,19481,hADSCs
18.0,19482,hADSCs
18.0,19483,hADSCs
18.0,19484,epithelial_like
18.0,19485,epithelial_like
18.0,19486,hADSCs
18.0,19487,hADSCs
18.0,19488,epithelial_like
18.0,19489,epithelial_like
18.0,19490,hADSCs
18.0,19491,epithelial_like
18.0,19492,epithelial_like
18.0,19493,epithelial_like
18.0,19494,epithelial_like
18.0,19495,hADSCs
18.0,19496,epithelial_like
18.0,19497,hADSCs
18.0,19498,ambiguous
18.0,19499,hADSCs
18.0,19500,epithelial_like
18.0,19501,epithelial_like
18.0,19502,epithelial_like
18.0,19503,epithelial_like
18.0,19504,epithelial_like
18.0,19505,hADSCs
18.0,19506,epithelial_like
18.0,19507,epithelial_like
18.0,19508,epithelial_like
18.0,19509,epithelial_like
18.0,19510,hADSCs
18.0,19511,hADSCs
18.0,19512,epithelial_like
18.0,19513,hADSCs
18.0,19514,epithelial_like
18.0,19515,epithelial_like
18.0,19516,hADSCs
18.0,19517,epithelial_like
18.0,19518,epithelial_like
18.0,19519,hADSCs
18.0,19520,hADSCs
18.0,19521,hADSCs
18.0,19522,hADSCs
18.0,19523,epithelial_like
18.0,19524,epithelial_like
18.0,19525,epithelial_like
18.0,19526,hADSCs
18.0,19527,epithelial_like
18.0,19528,hADSCs
18.0,19529,hADSCs
18.0,19530,epithelial_like
18.0,19531,hADSCs
18.0,19532,epithelial_like
18.0,19533,epithelial_like
18.0,19534,epithelial_like
18.0,19535,epithelial_like
18.0,19536,epithelial_like
18.0,19537,epithelial_like
18.0,19538,hADSCs
18.0,19539,epithelial_like
18.0,19540,hADSCs
18.0,19541,epithelial_like
18.0,19542,epithelial_like
18.0,19543,epithelial_like
18.0,19544,hADSCs
18.0,19545,epithelial_like
18.0,19546,hADSCs
18.0,19547,hADSCs
18.0,19548,hADSCs
18.0,19549,hADSCs
18.0,19550,hADSCs
18.0,19551,epithelial_like
18.0,19552,epithelial_like
18.0,19553,epithelial_like
18.0,19554,epithelial_like
18.0,19555,hADSCs
18.0,19556,epithelial_like
18.0,19557,hADSCs
18.0,19558,hADSCs
18.0,19559,hADSCs
18.0,19560,hADSCs
18.0,19561,epithelial_like
18.0,19562,epithelial_like
18.0,19563,epithelial_like
18.0,19564,hADSCs
18.0,19565,hADSCs
18.0,19566,hADSCs
18.0,19567,epithelial_like
18.0,19568,hADSCs
18.0,19569,epithelial_like
18.0,19570,epithelial_like
18.0,19571,hADSCs
18.0,19572,epithelial_like
18.0,19573,epithelial_like
18.0,19574,epithelial_like
18.0,19575,hADSCs
18.0,19576,hADSCs
18.0,19577,epithelial_like
18.0,19578,hADSCs
18.0,19579,epithelial_like
18.0,19580,hADSCs
18.0,19581,hADSCs
18.0,19582,epithelial_like
18.0,19583,hADSCs
18.0,19584,hADSCs
18.0,19585,hADSCs
18.0,19586,hADSCs
18.0,19587,epithelial_like
18.0,19588,hADSCs
18.0,19589,hADSCs
18.0,19590,hADSCs
18.0,19591,hADSCs
18.0,19592,epithelial_like
18.0,19593,epithelial_like
18.0,19594,epithelial_like
18.0,19595,epithelial_like
18.0,19596,epithelial_like
18.0,19597,epithelial_like
18.0,19598,epithelial_like
18.0,19599,hADSCs
18.0,19600,hADSCs
18.0,19601,epithelial_like
18.0,19602,epithelial_like
18.0,19603,epithelial_like
18.0,19604,hADSCs
18.0,19605,hADSCs
18.0,19606,hADSCs
18.0,19607,hADSCs
18.0,19608,hADSCs
18.0,19609,hADSCs
18.0,19610,epithelial_like
18.0,19611,epithelial_like
18.0,19612,hADSCs
18.0,19613,epithelial_like
18.0,19614,hADSCs
18.0,19615,epithelial_like
18.0,19616,epithelial_like
18.0,19617,hADSCs
18.0,19618,hADSCs
18.0,19619,hADSCs
18.0,19620,hADSCs
18.0,19621,epithelial_like
18.0,19622,epithelial_like
18.0,19623,hADSCs
18.0,19624,hADSCs
18.0,19625,hADSCs
18.0,19626,epithelial_like
18.0,19627,hADSCs
18.0,19628,hADSCs
18.0,19629,epithelial_like
18.0,19630,epithelial_like
18.0,19631,hADSCs
18.0,19632,hADSCs
18.0,19633,hADSCs
18.0,19634,hADSCs
18.0,19635,epithelial_like
18.0,19636,epithelial_like
18.0,19637,epithelial_like
18.0,19638,epithelial_like
18.0,19639,epithelial_like
18.0,19640,epithelial_like
18.0,19641,epithelial_like
18.0,19642,epithelial_like
18.0,19643,epithelial_like
18.0,19644,epithelial_like
18.0,19645,epithelial_like
18.0,19646,epithelial_like
18.0,19647,epithelial_like
18.0,19648,hADSCs
18.0,19649,hADSCs
18.0,19650,hADSCs
18.0,19651,hADSCs
18.0,19652,hADSCs
18.0,19653,epithelial_like
18.0,19654,hADSCs
18.0,19655,hADSCs
18.0,19656,hADSCs
18.0,19657,epithelial_like
18.0,19658,epithelial_like
18.0,19659,epithelial_like
18.0,19660,epithelial_like
18.0,19661,epithelial_like
18.0,19662,hADSCs
18.0,19663,hADSCs
18.0,19664,hADSCs
18.0,19665,hADSCs
18.0,19666,hADSCs
18.0,19667,epithelial_like
18.0,19668,epithelial_like
18.0,19669,epithelial_like
18.0,19670,epithelial_like
18.0,19671,hADSCs
18.0,19672,hADSCs
18.0,19673,epithelial_like
18.0,19674,hADSCs
18.0,19675,hADSCs
18.0,19676,epithelial_like
18.0,19677,epithelial_like
18.0,19678,epithelial_like
18.0,19679,epithelial_like
18.0,19680,epithelial_like
18.0,19681,epithelial_like
18.0,19682,epithelial_like
18.0,19683,epithelial_like
18.0,19684,hADSCs
18.0,19685,epithelial_like
18.0,19686,epithelial_like
18.0,19687,epithelial_like
18.0,19688,epithelial_like
18.0,19689,hADSCs
18.0,19690,hADSCs
18.0,19691,epithelial_like
18.0,19692,hADSCs
18.0,19693,hADSCs
18.0,19694,hADSCs
18.0,19695,epithelial_like
18.0,19696,hADSCs
18.0,19697,epithelial_like
18.0,19698,epithelial_like
18.0,19699,epithelial_like
18.0,19700,hADSCs
18.0,19701,epithelial_like
18.0,19702,epithelial_like
18.0,19703,hADSCs
18.0,19704,epithelial_like
18.0,19705,hADSCs
18.0,19706,hADSCs
18.0,19707,hADSCs
18.0,19708,epithelial_like
18.0,19709,epithelial_like
18.0,19710,epithelial_like
18.0,19711,epithelial_like
18.0,19712,epithelial_like
18.0,19713,epithelial_like
18.0,19714,epithelial_like
18.0,19715,hADSCs
18.0,19716,hADSCs
18.0,19717,hADSCs
18.0,19718,epithelial_like
18.0,19719,epithelial_like
18.0,19720,epithelial_like
18.0,19721,epithelial_like
18.0,19722,hADSCs
18.0,19723,hADSCs
18.0,19724,hADSCs
18.0,19725,hADSCs
18.0,19726,epithelial_like
18.0,19727,hADSCs
18.0,19728,epithelial_like
18.0,19729,hADSCs
18.0,19730,hADSCs
18.0,19731,hADSCs
18.0,19732,hADSCs
18.0,19733,epithelial_like
18.0,19734,epithelial_like
18.0,19735,epithelial_like
18.0,19736,epithelial_like
18.0,19737,epithelial_like
18.0,19738,epithelial_like
18.0,19739,hADSCs
18.0,19740,epithelial_like
18.0,19741,hADSCs
18.0,19742,hADSCs
18.0,19743,epithelial_like
18.0,19744,epithelial_like
18.0,19745,hADSCs
18.0,19746,epithelial_like
18.0,19747,hADSCs
18.0,19748,epithelial_like
18.0,19749,epithelial_like
18.0,19750,hADSCs
18.0,19751,hADSCs
18.0,19752,hADSCs
18.0,19753,epithelial_like
18.0,19754,epithelial_like
18.0,19755,epithelial_like
18.0,19756,epithelial_like
18.0,19757,epithelial_like
18.0,19758,epithelial_like
18.0,19759,epithelial_like
18.0,19760,hADSCs
18.0,19761,epithelial_like
18.0,19762,hADSCs
18.0,19763,hADSCs
18.0,19764,hADSCs
18.0,19765,epithelial_like
18.0,19766,epithelial_like
18.0,19767,hADSCs
18.0,19768,hADSCs
18.0,19769,epithelial_like
18.0,19770,epithelial_like
18.0,19771,hADSCs
18.0,19772,epithelial_like
18.0,19773,epithelial_like
18.0,19774,epithelial_like
18.0,19775,epithelial_like
18.0,19776,epithelial_like
18.0,19777,epithelial_like
18.0,19778,epithelial_like
18.0,19779,hADSCs
18.0,19780,epithelial_like
18.0,19781,epithelial_like
18.0,19782,epithelial_like
18.0,19783,hADSCs
18.0,19784,hADSCs
18.0,19785,hADSCs
18.0,19786,epithelial_like
18.0,19787,epithelial_like
18.0,19788,epithelial_like
18.0,19789,epithelial_like
18.0,19790,epithelial_like
18.0,19791,epithelial_like
18.0,19792,hADSCs
18.0,19793,epithelial_like
18.0,19794,epithelial_like
18.0,19795,hADSCs
18.0,19796,epithelial_like
18.0,19797,epithelial_like
18.0,19798,hADSCs
18.0,19799,epithelial_like
18.0,19800,hADSCs
18.0,19801,epithelial_like
18.0,19802,hADSCs
18.0,19803,epithelial_like
18.0,19804,hADSCs
18.0,19805,hADSCs
18.0,19806,epithelial_like
18.0,19807,epithelial_like
18.0,19808,epithelial_like
18.0,19809,hADSCs
18.0,19810,hADSCs
18.0,19811,epithelial_like
18.0,19812,epithelial_like
18.0,19813,hADSCs
18.0,19814,hADSCs
18.0,19815,epithelial_like
18.0,19816,hADSCs
18.0,19817,epithelial_like
18.0,19818,epithelial_like
18.0,19819,epithelial_like
18.0,19820,epithelial_like
18.0,19821,epithelial_like
18.0,19822,hADSCs
18.0,19823,epithelial_like
18.0,19824,epithelial_like
18.0,19825,epithelial_like
18.0,19826,epithelial_like
18.0,19827,epithelial_like
18.0,19828,epithelial_like
18.0,19829,epithelial_like
18.0,19830,epithelial_like
18.0,19831,epithelial_like
18.0,19832,epithelial_like
18.0,19833,epithelial_like
18.0,19834,epithelial_like
18.0,19835,hADSCs
18.0,19836,hADSCs
18.0,19837,hADSCs
18.0,19838,hADSCs
18.0,19839,hADSCs
18.0,19840,hADSCs
18.0,19841,hADSCs
18.0,19842,epithelial_like
18.0,19843,epithelial_like
18.0,19844,epithelial_like
18.0,19845,hADSCs
18.0,19846,epithelial_like
18.0,19847,epithelial_like
18.0,19848,epithelial_like
18.0,19849,hADSCs
18.0,19850,epithelial_like
18.0,19851,hADSCs
18.0,19852,epithelial_like
18.0,19853,epithelial_like
18.0,19854,epithelial_like
18.0,19855,epithelial_like
18.0,19856,epithelial_like
18.0,19857,hADSCs
18.0,19858,hADSCs
18.0,19859,hADSCs
18.0,19860,hADSCs
18.0,19861,epithelial_like
18.0,19862,epithelial_like
18.0,19863,hADSCs
18.0,19864,epithelial_like
18.0,19865,epithelial_like
18.0,19866,epithelial_like
18.0,19867,epithelial_like
18.0,19868,epithelial_like
18.0,19869,hADSCs
18.0,19870,epithelial_like
18.0,19871,epithelial_like
18.0,19872,epithelial_like
18.0,19873,hADSCs
18.0,19874,epithelial_like
18.0,19875,epithelial_like
18.0,19876,epithelial_like
18.0,19877,epithelial_like
18.0,19878,epithelial_like
18.0,19879,epithelial_like
18.0,19880,epithelial_like
18.0,19881,epithelial_like
18.0,19882,hADSCs
18.0,19883,epithelial_like
18.0,19884,epithelial_like
18.0,19885,epithelial_like
18.0,19886,hADSCs
18.0,19887,epithelial_like
18.0,19888,epithelial_like
18.0,19889,hADSCs
18.0,19890,epithelial_like
18.0,19891,epithelial_like
18.0,19892,epithelial_like
18.0,19893,epithelial_like
18.0,19894,hADSCs
18.0,19895,hADSCs
18.0,19896,hADSCs
18.0,19897,epithelial_like
18.0,19898,hADSCs
18.0,19899,hADSCs
18.0,19900,epithelial_like
18.0,19901,epithelial_like
18.0,19902,epithelial_like
18.0,19903,hADSCs
18.0,19904,hADSCs
18.0,19905,epithelial_like
18.0,19906,epithelial_like
18.0,19907,epithelial_like
18.0,19908,epithelial_like
18.0,19909,epithelial_like
18.0,19910,hADSCs
18.0,19911,hADSCs
18.0,19912,hADSCs
18.0,19913,hADSCs
18.0,19914,epithelial_like
18.0,19915,epithelial_like
18.0,19916,epithelial_like
18.0,19917,epithelial_like
18.0,19918,hADSCs
18.0,19919,hADSCs
18.0,19920,hADSCs
18.0,19921,epithelial_like
18.0,19922,hADSCs
18.0,19923,hADSCs
18.0,19924,epithelial_like
18.0,19925,epithelial_like
18.0,19926,epithelial_like
18.0,19927,epithelial_like
18.0,19928,hADSCs
18.0,19929,hADSCs
18.0,19930,epithelial_like
18.0,19931,epithelial_like
18.0,19932,epithelial_like
18.0,19933,epithelial_like
18.0,19934,epithelial_like
18.0,19935,epithelial_like
18.0,19936,hADSCs
18.0,19937,hADSCs
18.0,19938,epithelial_like
18.0,19939,hADSCs
18.0,19940,epithelial_like
18.0,19941,hADSCs
18.0,19942,epithelial_like
18.0,19943,epithelial_like
18.0,19944,hADSCs
18.0,19945,epithelial_like
18.0,19946,epithelial_like
18.0,19947,hADSCs
18.0,19948,hADSCs
18.0,19949,epithelial_like
18.0,19950,hADSCs
18.0,19951,hADSCs
18.0,19952,epithelial_like
18.0,19953,epithelial_like
18.0,19954,epithelial_like
18.0,19955,epithelial_like
18.0,19956,epithelial_like
18.0,19957,epithelial_like
18.0,19958,hADSCs
18.0,19959,epithelial_like
18.0,19960,epithelial_like
18.0,19961,hADSCs
18.0,19962,hADSCs
18.0,19963,hADSCs
18.0,19964,epithelial_like
18.0,19965,epithelial_like
18.0,19966,epithelial_like
18.0,19967,epithelial_like
18.0,19968,epithelial_like
18.0,19969,hADSCs
18.0,19970,epithelial_like
18.0,19971,epithelial_like
18.0,19972,epithelial_like
18.0,19973,epithelial_like
18.0,19974,hADSCs
18.0,19975,hADSCs
18.0,19976,epithelial_like
18.0,19977,epithelial_like
18.0,19978,epithelial_like
18.0,19979,epithelial_like
18.0,19980,epithelial_like
18.0,19981,hADSCs
18.0,19982,epithelial_like
18.0,19983,hADSCs
18.0,19984,epithelial_like
18.0,19985,epithelial_like
18.0,19986,epithelial_like
18.0,19987,hADSCs
18.0,19988,epithelial_like
18.0,19989,epithelial_like
18.0,19990,epithelial_like
18.0,19991,epithelial_like
18.0,19992,epithelial_like
18.0,19993,epithelial_like
18.0,19994,epithelial_like
18.0,19995,hADSCs
18.0,19996,hADSCs
18.0,19997,epithelial_like
18.0,19998,epithelial_like
18.0,19999,hADSCs
20.0,20000,epithelial_like
20.0,20001,epithelial_like
20.0,20002,epithelial_like
20.0,20003,hADSCs
20.0,20004,epithelial_like
20.0,20005,epithelial_like
20.0,20006,epithelial_like
20.0,20007,epithelial_like
20.0,20008,epithelial_like
20.0,20009,epithelial_like
20.0,20010,epithelial_like
20.0,20011,epithelial_like
20.0,20012,hCiPS
20.0,20013,epithelial_like
20.0,20014,epithelial_like
20.0,20015,epithelial_like
20.0,20016,epithelial_like
20.0,20017,epithelial_like
20.0,20018,epithelial_like
20.0,20019,epithelial_like
20.0,20020,epithelial_like
20.0,20021,hADSCs
20.0,20022,epithelial_like
20.0,20023,epithelial_like
20.0,20024,epithelial_like
20.0,20025,epithelial_like
20.0,20026,epithelial_like
20.0,20027,hADSCs
20.0,20028,epithelial_like
20.0,20029,epithelial_like
20.0,20030,hADSCs
20.0,20031,hADSCs
20.0,20032,epithelial_like
20.0,20033,epithelial_like
20.0,20034,epithelial_like
20.0,20035,epithelial_like
20.0,20036,epithelial_like
20.0,20037,epithelial_like
20.0,20038,hADSCs
20.0,20039,hADSCs
20.0,20040,epithelial_like
20.0,20041,epithelial_like
20.0,20042,hADSCs
20.0,20043,epithelial_like
20.0,20044,hADSCs
20.0,20045,hADSCs
20.0,20046,epithelial_like
20.0,20047,epithelial_like
20.0,20048,epithelial_like
20.0,20049,epithelial_like
20.0,20050,epithelial_like
20.0,20051,epithelial_like
20.0,20052,hADSCs
20.0,20053,hADSCs
20.0,20054,epithelial_like
20.0,20055,hADSCs
20.0,20056,epithelial_like
20.0,20057,hADSCs
20.0,20058,hADSCs
20.0,20059,epithelial_like
20.0,20060,epithelial_like
20.0,20061,epithelial_like
20.0,20062,hADSCs
20.0,20063,hADSCs
20.0,20064,epithelial_like
20.0,20065,hADSCs
20.0,20066,epithelial_like
20.0,20067,epithelial_like
20.0,20068,hADSCs
20.0,20069,epithelial_like
20.0,20070,epithelial_like
20.0,20071,epithelial_like
20.0,20072,epithelial_like
20.0,20073,epithelial_like
20.0,20074,epithelial_like
20.0,20075,epithelial_like
20.0,20076,epithelial_like
20.0,20077,epithelial_like
20.0,20078,hADSCs
20.0,20079,hADSCs
20.0,20080,hADSCs
20.0,20081,epithelial_like
20.0,20082,hADSCs
20.0,20083,epithelial_like
20.0,20084,hADSCs
20.0,20085,hADSCs
20.0,20086,epithelial_like
20.0,20087,epithelial_like
20.0,20088,epithelial_like
20.0,20089,epithelial_like
20.0,20090,epithelial_like
20.0,20091,epithelial_like
20.0,20092,ambiguous
20.0,20093,epithelial_like
20.0,20094,epithelial_like
20.0,20095,epithelial_like
20.0,20096,epithelial_like
20.0,20097,epithelial_like
20.0,20098,epithelial_like
20.0,20099,hADSCs
20.0,20100,hADSCs
20.0,20101,epithelial_like
20.0,20102,epithelial_like
20.0,20103,epithelial_like
20.0,20104,hADSCs
20.0,20105,hADSCs
20.0,20106,epithelial_like
20.0,20107,epithelial_like
20.0,20108,epithelial_like
20.0,20109,epithelial_like
20.0,20110,epithelial_like
20.0,20111,epithelial_like
20.0,20112,epithelial_like
20.0,20113,epithelial_like
20.0,20114,hADSCs
20.0,20115,hADSCs
20.0,20116,hADSCs
20.0,20117,epithelial_like
20.0,20118,epithelial_like
20.0,20119,epithelial_like
20.0,20120,epithelial_like
20.0,20121,epithelial_like
20.0,20122,hADSCs
20.0,20123,epithelial_like
20.0,20124,epithelial_like
20.0,20125,epithelial_like
20.0,20126,epithelial_like
20.0,20127,epithelial_like
20.0,20128,hADSCs
20.0,20129,hADSCs
20.0,20130,epithelial_like
20.0,20131,epithelial_like
20.0,20132,epithelial_like
20.0,20133,epithelial_like
20.0,20134,hADSCs
20.0,20135,hADSCs
20.0,20136,epithelial_like
20.0,20137,epithelial_like
20.0,20138,hADSCs
20.0,20139,epithelial_like
20.0,20140,epithelial_like
20.0,20141,epithelial_like
20.0,20142,hADSCs
20.0,20143,hADSCs
20.0,20144,hADSCs
20.0,20145,epithelial_like
20.0,20146,epithelial_like
20.0,20147,epithelial_like
20.0,20148,epithelial_like
20.0,20149,epithelial_like
20.0,20150,epithelial_like
20.0,20151,epithelial_like
20.0,20152,epithelial_like
20.0,20153,epithelial_like
20.0,20154,epithelial_like
20.0,20155,epithelial_like
20.0,20156,epithelial_like
20.0,20157,epithelial_like
20.0,20158,epithelial_like
20.0,20159,epithelial_like
20.0,20160,epithelial_like
20.0,20161,epithelial_like
20.0,20162,hADSCs
20.0,20163,epithelial_like
20.0,20164,epithelial_like
20.0,20165,epithelial_like
20.0,20166,epithelial_like
20.0,20167,epithelial_like
20.0,20168,epithelial_like
20.0,20169,epithelial_like
20.0,20170,epithelial_like
20.0,20171,epithelial_like
20.0,20172,hADSCs
20.0,20173,epithelial_like
20.0,20174,epithelial_like
20.0,20175,hADSCs
20.0,20176,hADSCs
20.0,20177,hADSCs
20.0,20178,hADSCs
20.0,20179,hADSCs
20.0,20180,epithelial_like
20.0,20181,hADSCs
20.0,20182,epithelial_like
20.0,20183,epithelial_like
20.0,20184,hADSCs
20.0,20185,epithelial_like
20.0,20186,epithelial_like
20.0,20187,epithelial_like
20.0,20188,epithelial_like
20.0,20189,epithelial_like
20.0,20190,epithelial_like
20.0,20191,epithelial_like
20.0,20192,epithelial_like
20.0,20193,epithelial_like
20.0,20194,hADSCs
20.0,20195,epithelial_like
20.0,20196,epithelial_like
20.0,20197,epithelial_like
20.0,20198,epithelial_like
20.0,20199,hADSCs
20.0,20200,epithelial_like
20.0,20201,hADSCs
20.0,20202,epithelial_like
20.0,20203,hADSCs
20.0,20204,hADSCs
20.0,20205,epithelial_like
20.0,20206,hADSCs
20.0,20207,epithelial_like
20.0,20208,epithelial_like
20.0,20209,epithelial_like
20.0,20210,epithelial_like
20.0,20211,epithelial_like
20.0,20212,epithelial_like
20.0,20213,epithelial_like
20.0,20214,epithelial_like
20.0,20215,epithelial_like
20.0,20216,epithelial_like
20.0,20217,hADSCs
20.0,20218,epithelial_like
20.0,20219,epithelial_like
20.0,20220,hADSCs
20.0,20221,epithelial_like
20.0,20222,epithelial_like
20.0,20223,epithelial_like
20.0,20224,epithelial_like
20.0,20225,epithelial_like
20.0,20226,epithelial_like
20.0,20227,epithelial_like
20.0,20228,hADSCs
20.0,20229,epithelial_like
20.0,20230,epithelial_like
20.0,20231,epithelial_like
20.0,20232,epithelial_like
20.0,20233,hADSCs
20.0,20234,hADSCs
20.0,20235,hADSCs
20.0,20236,epithelial_like
20.0,20237,epithelial_like
20.0,20238,epithelial_like
20.0,20239,epithelial_like
20.0,20240,epithelial_like
20.0,20241,epithelial_like
20.0,20242,hADSCs
20.0,20243,epithelial_like
20.0,20244,epithelial_like
20.0,20245,epithelial_like
20.0,20246,epithelial_like
20.0,20247,epithelial_like
20.0,20248,epithelial_like
20.0,20249,epithelial_like
20.0,20250,epithelial_like
20.0,20251,epithelial_like
20.0,20252,hADSCs
20.0,20253,epithelial_like
20.0,20254,epithelial_like
20.0,20255,epithelial_like
20.0,20256,epithelial_like
20.0,20257,epithelial_like
20.0,20258,hADSCs
20.0,20259,hADSCs
20.0,20260,epithelial_like
20.0,20261,epithelial_like
20.0,20262,hADSCs
20.0,20263,epithelial_like
20.0,20264,epithelial_like
20.0,20265,epithelial_like
20.0,20266,hADSCs
20.0,20267,hADSCs
20.0,20268,hADSCs
20.0,20269,hADSCs
20.0,20270,hADSCs
20.0,20271,epithelial_like
20.0,20272,epithelial_like
20.0,20273,epithelial_like
20.0,20274,epithelial_like
20.0,20275,epithelial_like
20.0,20276,hADSCs
20.0,20277,hADSCs
20.0,20278,hADSCs
20.0,20279,hADSCs
20.0,20280,epithelial_like
20.0,20281,epithelial_like
20.0,20282,epithelial_like
20.0,20283,epithelial_like
20.0,20284,epithelial_like
20.0,20285,hADSCs
20.0,20286,hADSCs
20.0,20287,epithelial_like
20.0,20288,epithelial_like
20.0,20289,hADSCs
20.0,20290,hADSCs
20.0,20291,hADSCs
20.0,20292,hADSCs
20.0,20293,epithelial_like
20.0,20294,epithelial_like
20.0,20295,epithelial_like
20.0,20296,epithelial_like
20.0,20297,hADSCs
20.0,20298,hADSCs
20.0,20299,epithelial_like
20.0,20300,epithelial_like
20.0,20301,epithelial_like
20.0,20302,epithelial_like
20.0,20303,epithelial_like
20.0,20304,epithelial_like
20.0,20305,hADSCs
20.0,20306,epithelial_like
20.0,20307,hADSCs
20.0,20308,epithelial_like
20.0,20309,epithelial_like
20.0,20310,epithelial_like
20.0,20311,epithelial_like
20.0,20312,hADSCs
20.0,20313,epithelial_like
20.0,20314,epithelial_like
20.0,20315,epithelial_like
20.0,20316,epithelial_like
20.0,20317,epithelial_like
20.0,20318,hADSCs
20.0,20319,epithelial_like
20.0,20320,epithelial_like
20.0,20321,hADSCs
20.0,20322,epithelial_like
20.0,20323,epithelial_like
20.0,20324,epithelial_like
20.0,20325,hADSCs
20.0,20326,epithelial_like
20.0,20327,epithelial_like
20.0,20328,epithelial_like
20.0,20329,hADSCs
20.0,20330,epithelial_like
20.0,20331,epithelial_like
20.0,20332,epithelial_like
20.0,20333,hADSCs
20.0,20334,epithelial_like
20.0,20335,epithelial_like
20.0,20336,epithelial_like
20.0,20337,epithelial_like
20.0,20338,hADSCs
20.0,20339,hADSCs
20.0,20340,epithelial_like
20.0,20341,epithelial_like
20.0,20342,hADSCs
20.0,20343,epithelial_like
20.0,20344,hADSCs
20.0,20345,hADSCs
20.0,20346,hADSCs
20.0,20347,epithelial_like
20.0,20348,epithelial_like
20.0,20349,epithelial_like
20.0,20350,epithelial_like
20.0,20351,epithelial_like
20.0,20352,epithelial_like
20.0,20353,hADSCs
20.0,20354,epithelial_like
20.0,20355,hADSCs
20.0,20356,epithelial_like
20.0,20357,epithelial_like
20.0,20358,epithelial_like
20.0,20359,hADSCs
20.0,20360,hADSCs
20.0,20361,hADSCs
20.0,20362,hADSCs
20.0,20363,hADSCs
20.0,20364,hADSCs
20.0,20365,hADSCs
20.0,20366,epithelial_like
20.0,20367,epithelial_like
20.0,20368,epithelial_like
20.0,20369,hADSCs
20.0,20370,hADSCs
20.0,20371,hADSCs
20.0,20372,epithelial_like
20.0,20373,hADSCs
20.0,20374,hADSCs
20.0,20375,epithelial_like
20.0,20376,epithelial_like
20.0,20377,epithelial_like
20.0,20378,epithelial_like
20.0,20379,epithelial_like
20.0,20380,epithelial_like
20.0,20381,epithelial_like
20.0,20382,epithelial_like
20.0,20383,epithelial_like
20.0,20384,epithelial_like
20.0,20385,epithelial_like
20.0,20386,hADSCs
20.0,20387,hADSCs
20.0,20388,hADSCs
20.0,20389,hADSCs
20.0,20390,epithelial_like
20.0,20391,epithelial_like
20.0,20392,epithelial_like
20.0,20393,epithelial_like
20.0,20394,epithelial_like
20.0,20395,epithelial_like
20.0,20396,epithelial_like
20.0,20397,epithelial_like
20.0,20398,hADSCs
20.0,20399,hADSCs
20.0,20400,epithelial_like
20.0,20401,epithelial_like
20.0,20402,epithelial_like
20.0,20403,hADSCs
20.0,20404,hADSCs
20.0,20405,epithelial_like
20.0,20406,hADSCs
20.0,20407,epithelial_like
20.0,20408,epithelial_like
20.0,20409,epithelial_like
20.0,20410,epithelial_like
20.0,20411,epithelial_like
20.0,20412,hADSCs
20.0,20413,epithelial_like
20.0,20414,epithelial_like
20.0,20415,hADSCs
20.0,20416,epithelial_like
20.0,20417,epithelial_like
20.0,20418,epithelial_like
20.0,20419,hADSCs
20.0,20420,epithelial_like
20.0,20421,epithelial_like
20.0,20422,epithelial_like
20.0,20423,epithelial_like
20.0,20424,epithelial_like
20.0,20425,epithelial_like
20.0,20426,epithelial_like
20.0,20427,epithelial_like
20.0,20428,epithelial_like
20.0,20429,epithelial_like
20.0,20430,epithelial_like
20.0,20431,epithelial_like
20.0,20432,hADSCs
20.0,20433,hADSCs
20.0,20434,epithelial_like
20.0,20435,epithelial_like
20.0,20436,hADSCs
20.0,20437,hADSCs
20.0,20438,epithelial_like
20.0,20439,epithelial_like
20.0,20440,epithelial_like
20.0,20441,epithelial_like
20.0,20442,epithelial_like
20.0,20443,epithelial_like
20.0,20444,epithelial_like
20.0,20445,epithelial_like
20.0,20446,hADSCs
20.0,20447,epithelial_like
20.0,20448,epithelial_like
20.0,20449,epithelial_like
20.0,20450,epithelial_like
20.0,20451,epithelial_like
20.0,20452,epithelial_like
20.0,20453,epithelial_like
20.0,20454,hADSCs
20.0,20455,hADSCs
20.0,20456,hADSCs
20.0,20457,hADSCs
20.0,20458,epithelial_like
20.0,20459,hADSCs
20.0,20460,hADSCs
20.0,20461,epithelial_like
20.0,20462,epithelial_like
20.0,20463,epithelial_like
20.0,20464,epithelial_like
20.0,20465,epithelial_like
20.0,20466,epithelial_like
20.0,20467,epithelial_like
20.0,20468,hADSCs
20.0,20469,epithelial_like
20.0,20470,epithelial_like
20.0,20471,epithelial_like
20.0,20472,hADSCs
20.0,20473,epithelial_like
20.0,20474,epithelial_like
20.0,20475,epithelial_like
20.0,20476,epithelial_like
20.0,20477,hADSCs
20.0,20478,hADSCs
20.0,20479,hADSCs
20.0,20480,hADSCs
20.0,20481,epithelial_like
20.0,20482,epithelial_like
20.0,20483,intermediate_plastic
20.0,20484,intermediate_plastic
20.0,20485,epithelial_like
20.0,20486,hADSCs
20.0,20487,epithelial_like
20.0,20488,hADSCs
20.0,20489,epithelial_like
20.0,20490,epithelial_like
20.0,20491,hADSCs
20.0,20492,epithelial_like
20.0,20493,epithelial_like
20.0,20494,epithelial_like
20.0,20495,hADSCs
20.0,20496,hADSCs
20.0,20497,epithelial_like
20.0,20498,epithelial_like
20.0,20499,epithelial_like
20.0,20500,epithelial_like
20.0,20501,epithelial_like
20.0,20502,epithelial_like
20.0,20503,hADSCs
20.0,20504,hADSCs
20.0,20505,epithelial_like
20.0,20506,epithelial_like
20.0,20507,hADSCs
20.0,20508,hADSCs
20.0,20509,epithelial_like
20.0,20510,epithelial_like
20.0,20511,epithelial_like
20.0,20512,hADSCs
20.0,20513,hADSCs
20.0,20514,hADSCs
20.0,20515,hADSCs
20.0,20516,epithelial_like
20.0,20517,epithelial_like
20.0,20518,epithelial_like
20.0,20519,hADSCs
20.0,20520,epithelial_like
20.0,20521,epithelial_like
20.0,20522,hADSCs
20.0,20523,hADSCs
20.0,20524,hADSCs
20.0,20525,epithelial_like
20.0,20526,hADSCs
20.0,20527,epithelial_like
20.0,20528,epithelial_like
20.0,20529,epithelial_like
20.0,20530,epithelial_like
20.0,20531,epithelial_like
20.0,20532,epithelial_like
20.0,20533,epithelial_like
20.0,20534,hADSCs
20.0,20535,epithelial_like
20.0,20536,hADSCs
20.0,20537,epithelial_like
20.0,20538,epithelial_like
20.0,20539,epithelial_like
20.0,20540,hADSCs
20.0,20541,epithelial_like
20.0,20542,epithelial_like
20.0,20543,epithelial_like
20.0,20544,epithelial_like
20.0,20545,epithelial_like
20.0,20546,hADSCs
20.0,20547,epithelial_like
20.0,20548,epithelial_like
20.0,20549,epithelial_like
20.0,20550,epithelial_like
20.0,20551,hADSCs
20.0,20552,epithelial_like
20.0,20553,epithelial_like
20.0,20554,epithelial_like
20.0,20555,epithelial_like
20.0,20556,epithelial_like
20.0,20557,epithelial_like
20.0,20558,hADSCs
20.0,20559,epithelial_like
20.0,20560,epithelial_like
20.0,20561,epithelial_like
20.0,20562,epithelial_like
20.0,20563,hADSCs
20.0,20564,epithelial_like
20.0,20565,epithelial_like
20.0,20566,hADSCs
20.0,20567,epithelial_like
20.0,20568,epithelial_like
20.0,20569,hADSCs
20.0,20570,epithelial_like
20.0,20571,epithelial_like
20.0,20572,epithelial_like
20.0,20573,epithelial_like
20.0,20574,epithelial_like
20.0,20575,hADSCs
20.0,20576,epithelial_like
20.0,20577,hADSCs
20.0,20578,epithelial_like
20.0,20579,epithelial_like
20.0,20580,epithelial_like
20.0,20581,epithelial_like
20.0,20582,epithelial_like
20.0,20583,hADSCs
20.0,20584,epithelial_like
20.0,20585,epithelial_like
20.0,20586,epithelial_like
20.0,20587,epithelial_like
20.0,20588,epithelial_like
20.0,20589,epithelial_like
20.0,20590,epithelial_like
20.0,20591,epithelial_like
20.0,20592,epithelial_like
20.0,20593,epithelial_like
20.0,20594,epithelial_like
20.0,20595,epithelial_like
20.0,20596,hADSCs
20.0,20597,epithelial_like
20.0,20598,epithelial_like
20.0,20599,hADSCs
20.0,20600,hADSCs
20.0,20601,epithelial_like
20.0,20602,epithelial_like
20.0,20603,hADSCs
20.0,20604,hADSCs
20.0,20605,epithelial_like
20.0,20606,epithelial_like
20.0,20607,epithelial_like
20.0,20608,hADSCs
20.0,20609,epithelial_like
20.0,20610,hADSCs
20.0,20611,hADSCs
20.0,20612,epithelial_like
20.0,20613,epithelial_like
20.0,20614,epithelial_like
20.0,20615,epithelial_like
20.0,20616,hADSCs
20.0,20617,hADSCs
20.0,20618,epithelial_like
20.0,20619,hADSCs
20.0,20620,epithelial_like
20.0,20621,epithelial_like
20.0,20622,epithelial_like
20.0,20623,epithelial_like
20.0,20624,epithelial_like
20.0,20625,epithelial_like
20.0,20626,epithelial_like
20.0,20627,epithelial_like
20.0,20628,epithelial_like
20.0,20629,epithelial_like
20.0,20630,hADSCs
20.0,20631,epithelial_like
20.0,20632,epithelial_like
20.0,20633,epithelial_like
20.0,20634,epithelial_like
20.0,20635,epithelial_like
20.0,20636,hADSCs
20.0,20637,hADSCs
20.0,20638,epithelial_like
20.0,20639,hADSCs
20.0,20640,epithelial_like
20.0,20641,epithelial_like
20.0,20642,epithelial_like
20.0,20643,hADSCs
20.0,20644,hADSCs
20.0,20645,hADSCs
20.0,20646,epithelial_like
20.0,20647,hADSCs
20.0,20648,epithelial_like
20.0,20649,epithelial_like
20.0,20650,epithelial_like
20.0,20651,hADSCs
20.0,20652,epithelial_like
20.0,20653,hADSCs
20.0,20654,hADSCs
20.0,20655,epithelial_like
20.0,20656,epithelial_like
20.0,20657,epithelial_like
20.0,20658,hADSCs
20.0,20659,epithelial_like
20.0,20660,epithelial_like
20.0,20661,epithelial_like
20.0,20662,epithelial_like
20.0,20663,epithelial_like
20.0,20664,hADSCs
20.0,20665,epithelial_like
20.0,20666,epithelial_like
20.0,20667,epithelial_like
20.0,20668,epithelial_like
20.0,20669,epithelial_like
20.0,20670,hADSCs
20.0,20671,epithelial_like
20.0,20672,epithelial_like
20.0,20673,epithelial_like
20.0,20674,epithelial_like
20.0,20675,hADSCs
20.0,20676,epithelial_like
20.0,20677,epithelial_like
20.0,20678,epithelial_like
20.0,20679,epithelial_like
20.0,20680,epithelial_like
20.0,20681,hADSCs
20.0,20682,epithelial_like
20.0,20683,epithelial_like
20.0,20684,hADSCs
20.0,20685,hADSCs
20.0,20686,hADSCs
20.0,20687,hADSCs
20.0,20688,epithelial_like
20.0,20689,hADSCs
20.0,20690,epithelial_like
20.0,20691,epithelial_like
20.0,20692,epithelial_like
20.0,20693,epithelial_like
20.0,20694,epithelial_like
20.0,20695,hADSCs
20.0,20696,hADSCs
20.0,20697,epithelial_like
20.0,20698,hADSCs
20.0,20699,epithelial_like
20.0,20700,hADSCs
20.0,20701,epithelial_like
20.0,20702,hADSCs
20.0,20703,epithelial_like
20.0,20704,hADSCs
20.0,20705,epithelial_like
20.0,20706,epithelial_like
20.0,20707,hADSCs
20.0,20708,epithelial_like
20.0,20709,epithelial_like
20.0,20710,epithelial_like
20.0,20711,hADSCs
20.0,20712,hADSCs
20.0,20713,epithelial_like
20.0,20714,epithelial_like
20.0,20715,epithelial_like
20.0,20716,hADSCs
20.0,20717,epithelial_like
20.0,20718,epithelial_like
20.0,20719,epithelial_like
20.0,20720,hADSCs
20.0,20721,epithelial_like
20.0,20722,hADSCs
20.0,20723,epithelial_like
20.0,20724,epithelial_like
20.0,20725,epithelial_like
20.0,20726,epithelial_like
20.0,20727,hADSCs
20.0,20728,epithelial_like
20.0,20729,hADSCs
20.0,20730,hADSCs
20.0,20731,hADSCs
20.0,20732,epithelial_like
20.0,20733,epithelial_like
20.0,20734,epithelial_like
20.0,20735,epithelial_like
20.0,20736,epithelial_like
20.0,20737,epithelial_like
20.0,20738,epithelial_like
20.0,20739,epithelial_like
20.0,20740,epithelial_like
20.0,20741,epithelial_like
20.0,20742,epithelial_like
20.0,20743,epithelial_like
20.0,20744,epithelial_like
20.0,20745,epithelial_like
20.0,20746,epithelial_like
20.0,20747,epithelial_like
20.0,20748,epithelial_like
20.0,20749,epithelial_like
20.0,20750,epithelial_like
20.0,20751,epithelial_like
20.0,20752,epithelial_like
20.0,20753,epithelial_like
20.0,20754,epithelial_like
20.0,20755,epithelial_like
20.0,20756,epithelial_like
20.0,20757,epithelial_like
20.0,20758,epithelial_like
20.0,20759,epithelial_like
20.0,20760,epithelial_like
20.0,20761,epithelial_like
20.0,20762,epithelial_like
20.0,20763,epithelial_like
20.0,20764,epithelial_like
20.0,20765,hADSCs
20.0,20766,epithelial_like
20.0,20767,epithelial_like
20.0,20768,epithelial_like
20.0,20769,hADSCs
20.0,20770,epithelial_like
20.0,20771,epithelial_like
20.0,20772,epithelial_like
20.0,20773,epithelial_like
20.0,20774,epithelial_like
20.0,20775,hADSCs
20.0,20776,hADSCs
20.0,20777,epithelial_like
20.0,20778,epithelial_like
20.0,20779,epithelial_like
20.0,20780,epithelial_like
20.0,20781,epithelial_like
20.0,20782,hADSCs
20.0,20783,epithelial_like
20.0,20784,epithelial_like
20.0,20785,epithelial_like
20.0,20786,epithelial_like
20.0,20787,epithelial_like
20.0,20788,hADSCs
20.0,20789,epithelial_like
20.0,20790,hADSCs
20.0,20791,hADSCs
20.0,20792,epithelial_like
20.0,20793,epithelial_like
20.0,20794,epithelial_like
20.0,20795,hADSCs
20.0,20796,hADSCs
20.0,20797,epithelial_like
20.0,20798,epithelial_like
20.0,20799,hADSCs
20.0,20800,epithelial_like
20.0,20801,epithelial_like
20.0,20802,hADSCs
20.0,20803,hADSCs
20.0,20804,hADSCs
20.0,20805,epithelial_like
20.0,20806,epithelial_like
20.0,20807,epithelial_like
20.0,20808,hADSCs
20.0,20809,epithelial_like
20.0,20810,epithelial_like
20.0,20811,hADSCs
20.0,20812,hADSCs
20.0,20813,epithelial_like
20.0,20814,epithelial_like
20.0,20815,hADSCs
20.0,20816,epithelial_like
20.0,20817,hADSCs
20.0,20818,hADSCs
20.0,20819,hADSCs
20.0,20820,hADSCs
20.0,20821,hADSCs
20.0,20822,epithelial_like
20.0,20823,epithelial_like
20.0,20824,epithelial_like
20.0,20825,epithelial_like
20.0,20826,epithelial_like
20.0,20827,epithelial_like
20.0,20828,epithelial_like
20.0,20829,hADSCs
20.0,20830,epithelial_like
20.0,20831,epithelial_like
20.0,20832,hADSCs
20.0,20833,epithelial_like
20.0,20834,hADSCs
20.0,20835,epithelial_like
20.0,20836,epithelial_like
20.0,20837,epithelial_like
20.0,20838,epithelial_like
20.0,20839,epithelial_like
20.0,20840,epithelial_like
20.0,20841,epithelial_like
20.0,20842,hADSCs
20.0,20843,epithelial_like
20.0,20844,epithelial_like
20.0,20845,epithelial_like
20.0,20846,hADSCs
20.0,20847,epithelial_like
20.0,20848,hADSCs
20.0,20849,hADSCs
20.0,20850,hADSCs
20.0,20851,epithelial_like
20.0,20852,hADSCs
20.0,20853,epithelial_like
20.0,20854,epithelial_like
20.0,20855,epithelial_like
20.0,20856,epithelial_like
20.0,20857,hADSCs
20.0,20858,epithelial_like
20.0,20859,epithelial_like
20.0,20860,epithelial_like
20.0,20861,epithelial_like
20.0,20862,epithelial_like
20.0,20863,epithelial_like
20.0,20864,hADSCs
20.0,20865,epithelial_like
20.0,20866,hADSCs
20.0,20867,hADSCs
20.0,20868,epithelial_like
20.0,20869,epithelial_like
20.0,20870,epithelial_like
20.0,20871,hADSCs
20.0,20872,epithelial_like
20.0,20873,hADSCs
20.0,20874,hADSCs
20.0,20875,epithelial_like
20.0,20876,epithelial_like
20.0,20877,epithelial_like
20.0,20878,epithelial_like
20.0,20879,epithelial_like
20.0,20880,epithelial_like
20.0,20881,epithelial_like
20.0,20882,epithelial_like
20.0,20883,hADSCs
20.0,20884,epithelial_like
20.0,20885,epithelial_like
20.0,20886,epithelial_like
20.0,20887,epithelial_like
20.0,20888,epithelial_like
20.0,20889,epithelial_like
20.0,20890,epithelial_like
20.0,20891,epithelial_like
20.0,20892,epithelial_like
20.0,20893,epithelial_like
20.0,20894,hADSCs
20.0,20895,epithelial_like
20.0,20896,epithelial_like
20.0,20897,hADSCs
20.0,20898,hADSCs
20.0,20899,hADSCs
20.0,20900,epithelial_like
20.0,20901,epithelial_like
20.0,20902,hADSCs
20.0,20903,epithelial_like
20.0,20904,epithelial_like
20.0,20905,epithelial_like
20.0,20906,hADSCs
20.0,20907,hADSCs
20.0,20908,epithelial_like
20.0,20909,epithelial_like
20.0,20910,epithelial_like
20.0,20911,epithelial_like
20.0,20912,hADSCs
20.0,20913,epithelial_like
20.0,20914,hADSCs
20.0,20915,hADSCs
20.0,20916,epithelial_like
20.0,20917,epithelial_like
20.0,20918,epithelial_like
20.0,20919,hADSCs
20.0,20920,epithelial_like
20.0,20921,epithelial_like
20.0,20922,hADSCs
20.0,20923,hADSCs
20.0,20924,hADSCs
20.0,20925,hADSCs
20.0,20926,hADSCs
20.0,20927,hADSCs
20.0,20928,hADSCs
20.0,20929,epithelial_like
20.0,20930,epithelial_like
20.0,20931,hADSCs
20.0,20932,hADSCs
20.0,20933,epithelial_like
20.0,20934,epithelial_like
20.0,20935,hADSCs
20.0,20936,epithelial_like
20.0,20937,epithelial_like
20.0,20938,hADSCs
20.0,20939,epithelial_like
20.0,20940,epithelial_like
20.0,20941,hADSCs
20.0,20942,hADSCs
20.0,20943,epithelial_like
20.0,20944,epithelial_like
20.0,20945,epithelial_like
20.0,20946,epithelial_like
20.0,20947,epithelial_like
20.0,20948,epithelial_like
20.0,20949,epithelial_like
20.0,20950,hADSCs
20.0,20951,epithelial_like
20.0,20952,hADSCs
20.0,20953,epithelial_like
20.0,20954,epithelial_like
20.0,20955,epithelial_like
20.0,20956,epithelial_like
20.0,20957,epithelial_like
20.0,20958,epithelial_like
20.0,20959,epithelial_like
20.0,20960,epithelial_like
20.0,20961,epithelial_like
20.0,20962,hADSCs
20.0,20963,hADSCs
20.0,20964,epithelial_like
20.0,20965,hADSCs
20.0,20966,hADSCs
20.0,20967,epithelial_like
20.0,20968,epithelial_like
20.0,20969,epithelial_like
20.0,20970,epithelial_like
20.0,20971,epithelial_like
20.0,20972,epithelial_like
20.0,20973,hADSCs
20.0,20974,hADSCs
20.0,20975,epithelial_like
20.0,20976,hADSCs
20.0,20977,epithelial_like
20.0,20978,epithelial_like
20.0,20979,epithelial_like
20.0,20980,epithelial_like
20.0,20981,epithelial_like
20.0,20982,epithelial_like
20.0,20983,epithelial_like
20.0,20984,epithelial_like
20.0,20985,epithelial_like
20.0,20986,epithelial_like
20.0,20987,epithelial_like
20.0,20988,epithelial_like
20.0,20989,epithelial_like
20.0,20990,epithelial_like
20.0,20991,epithelial_like
20.0,20992,epithelial_like
20.0,20993,epithelial_like
20.0,20994,epithelial_like
20.0,20995,epithelial_like
20.0,20996,hADSCs
20.0,20997,hADSCs
20.0,20998,epithelial_like
20.0,20999,epithelial_like
20.0,21000,epithelial_like
20.0,21001,hADSCs
20.0,21002,hADSCs
20.0,21003,epithelial_like
20.0,21004,epithelial_like
20.0,21005,epithelial_like
20.0,21006,hADSCs
20.0,21007,epithelial_like
20.0,21008,epithelial_like
20.0,21009,hADSCs
20.0,21010,hADSCs
20.0,21011,epithelial_like
20.0,21012,hADSCs
20.0,21013,epithelial_like
20.0,21014,epithelial_like
20.0,21015,epithelial_like
20.0,21016,hADSCs
20.0,21017,hADSCs
20.0,21018,epithelial_like
20.0,21019,hADSCs
20.0,21020,hADSCs
20.0,21021,hADSCs
20.0,21022,epithelial_like
20.0,21023,hADSCs
20.0,21024,epithelial_like
20.0,21025,hADSCs
20.0,21026,hADSCs
20.0,21027,hADSCs
20.0,21028,epithelial_like
20.0,21029,epithelial_like
20.0,21030,hADSCs
20.0,21031,epithelial_like
20.0,21032,epithelial_like
20.0,21033,epithelial_like
20.0,21034,epithelial_like
20.0,21035,epithelial_like
20.0,21036,epithelial_like
20.0,21037,epithelial_like
20.0,21038,hADSCs
20.0,21039,hADSCs
20.0,21040,hADSCs
20.0,21041,hADSCs
20.0,21042,hADSCs
20.0,21043,epithelial_like
20.0,21044,hADSCs
20.0,21045,epithelial_like
20.0,21046,epithelial_like
20.0,21047,epithelial_like
20.0,21048,epithelial_like
20.0,21049,epithelial_like
20.0,21050,epithelial_like
20.0,21051,hADSCs
20.0,21052,epithelial_like
20.0,21053,epithelial_like
20.0,21054,epithelial_like
20.0,21055,epithelial_like
20.0,21056,hADSCs
20.0,21057,epithelial_like
20.0,21058,epithelial_like
20.0,21059,epithelial_like
20.0,21060,hADSCs
20.0,21061,hADSCs
20.0,21062,epithelial_like
20.0,21063,epithelial_like
20.0,21064,epithelial_like
20.0,21065,epithelial_like
20.0,21066,epithelial_like
20.0,21067,hADSCs
20.0,21068,epithelial_like
20.0,21069,epithelial_like
20.0,21070,epithelial_like
20.0,21071,epithelial_like
20.0,21072,epithelial_like
20.0,21073,hADSCs
20.0,21074,hADSCs
20.0,21075,hADSCs
20.0,21076,hADSCs
20.0,21077,hADSCs
20.0,21078,epithelial_like
20.0,21079,epithelial_like
20.0,21080,hADSCs
20.0,21081,hADSCs
20.0,21082,epithelial_like
20.0,21083,epithelial_like
20.0,21084,epithelial_like
20.0,21085,hADSCs
20.0,21086,epithelial_like
20.0,21087,epithelial_like
20.0,21088,epithelial_like
20.0,21089,epithelial_like
20.0,21090,hADSCs
20.0,21091,epithelial_like
20.0,21092,epithelial_like
20.0,21093,epithelial_like
20.0,21094,epithelial_like
20.0,21095,hADSCs
20.0,21096,hADSCs
20.0,21097,epithelial_like
20.0,21098,epithelial_like
20.0,21099,epithelial_like
20.0,21100,hADSCs
20.0,21101,epithelial_like
20.0,21102,epithelial_like
20.0,21103,hADSCs
20.0,21104,hADSCs
20.0,21105,hADSCs
20.0,21106,hADSCs
20.0,21107,hADSCs
20.0,21108,epithelial_like
20.0,21109,epithelial_like
20.0,21110,epithelial_like
20.0,21111,hADSCs
20.0,21112,hADSCs
20.0,21113,epithelial_like
20.0,21114,epithelial_like
20.0,21115,hADSCs
20.0,21116,epithelial_like
20.0,21117,epithelial_like
20.0,21118,hADSCs
20.0,21119,epithelial_like
20.0,21120,epithelial_like
20.0,21121,epithelial_like
20.0,21122,epithelial_like
20.0,21123,hADSCs
20.0,21124,epithelial_like
20.0,21125,hADSCs
20.0,21126,hADSCs
20.0,21127,hADSCs
20.0,21128,hADSCs
20.0,21129,hADSCs
20.0,21130,epithelial_like
20.0,21131,epithelial_like
20.0,21132,hADSCs
20.0,21133,epithelial_like
20.0,21134,epithelial_like
20.0,21135,epithelial_like
20.0,21136,epithelial_like
20.0,21137,epithelial_like
20.0,21138,epithelial_like
20.0,21139,epithelial_like
20.0,21140,epithelial_like
20.0,21141,epithelial_like
20.0,21142,epithelial_like
20.0,21143,epithelial_like
20.0,21144,epithelial_like
20.0,21145,hADSCs
20.0,21146,hADSCs
20.0,21147,epithelial_like
20.0,21148,epithelial_like
20.0,21149,epithelial_like
20.0,21150,epithelial_like
20.0,21151,epithelial_like
20.0,21152,epithelial_like
20.0,21153,epithelial_like
20.0,21154,epithelial_like
20.0,21155,epithelial_like
20.0,21156,epithelial_like
20.0,21157,hADSCs
20.0,21158,hADSCs
20.0,21159,epithelial_like
20.0,21160,epithelial_like
20.0,21161,epithelial_like
20.0,21162,epithelial_like
20.0,21163,epithelial_like
20.0,21164,epithelial_like
20.0,21165,epithelial_like
20.0,21166,epithelial_like
20.0,21167,hADSCs
20.0,21168,epithelial_like
20.0,21169,epithelial_like
20.0,21170,epithelial_like
20.0,21171,epithelial_like
20.0,21172,hADSCs
20.0,21173,epithelial_like
20.0,21174,epithelial_like
20.0,21175,epithelial_like
20.0,21176,epithelial_like
20.0,21177,epithelial_like
20.0,21178,epithelial_like
20.0,21179,epithelial_like
20.0,21180,epithelial_like
20.0,21181,epithelial_like
20.0,21182,epithelial_like
20.0,21183,hADSCs
20.0,21184,epithelial_like
20.0,21185,epithelial_like
20.0,21186,epithelial_like
20.0,21187,hADSCs
20.0,21188,hADSCs
20.0,21189,hADSCs
20.0,21190,hADSCs
20.0,21191,epithelial_like
20.0,21192,hADSCs
20.0,21193,epithelial_like
20.0,21194,hADSCs
20.0,21195,hADSCs
20.0,21196,epithelial_like
20.0,21197,epithelial_like
20.0,21198,epithelial_like
20.0,21199,epithelial_like
20.0,21200,epithelial_like
20.0,21201,epithelial_like
20.0,21202,epithelial_like
20.0,21203,hADSCs
20.0,21204,epithelial_like
20.0,21205,hADSCs
20.0,21206,epithelial_like
20.0,21207,hADSCs
20.0,21208,epithelial_like
20.0,21209,epithelial_like
20.0,21210,epithelial_like
20.0,21211,hADSCs
20.0,21212,hADSCs
20.0,21213,epithelial_like
20.0,21214,hADSCs
20.0,21215,epithelial_like
20.0,21216,epithelial_like
20.0,21217,epithelial_like
20.0,21218,epithelial_like
20.0,21219,epithelial_like
20.0,21220,epithelial_like
20.0,21221,epithelial_like
20.0,21222,hADSCs
20.0,21223,epithelial_like
20.0,21224,epithelial_like
20.0,21225,epithelial_like
20.0,21226,epithelial_like
20.0,21227,epithelial_like
20.0,21228,epithelial_like
20.0,21229,epithelial_like
20.0,21230,epithelial_like
20.0,21231,hADSCs
20.0,21232,epithelial_like
20.0,21233,epithelial_like
20.0,21234,epithelial_like
20.0,21235,hADSCs
20.0,21236,hADSCs
20.0,21237,epithelial_like
20.0,21238,hADSCs
20.0,21239,hADSCs
20.0,21240,hADSCs
20.0,21241,hADSCs
20.0,21242,hADSCs
20.0,21243,hADSCs
20.0,21244,epithelial_like
20.0,21245,hADSCs
20.0,21246,hADSCs
20.0,21247,epithelial_like
20.0,21248,epithelial_like
20.0,21249,epithelial_like
20.0,21250,epithelial_like
20.0,21251,epithelial_like
20.0,21252,epithelial_like
20.0,21253,epithelial_like
20.0,21254,epithelial_like
20.0,21255,epithelial_like
20.0,21256,epithelial_like
20.0,21257,epithelial_like
20.0,21258,epithelial_like
20.0,21259,epithelial_like
20.0,21260,hADSCs
20.0,21261,epithelial_like
20.0,21262,epithelial_like
20.0,21263,hADSCs
20.0,21264,hADSCs
20.0,21265,epithelial_like
20.0,21266,epithelial_like
20.0,21267,hADSCs
20.0,21268,hADSCs
20.0,21269,epithelial_like
20.0,21270,epithelial_like
20.0,21271,epithelial_like
20.0,21272,epithelial_like
20.0,21273,epithelial_like
20.0,21274,epithelial_like
20.0,21275,epithelial_like
20.0,21276,epithelial_like
20.0,21277,hADSCs
20.0,21278,epithelial_like
20.0,21279,epithelial_like
20.0,21280,hADSCs
20.0,21281,hADSCs
20.0,21282,hADSCs
20.0,21283,hADSCs
20.0,21284,epithelial_like
20.0,21285,epithelial_like
20.0,21286,epithelial_like
20.0,21287,epithelial_like
20.0,21288,epithelial_like
20.0,21289,epithelial_like
20.0,21290,epithelial_like
20.0,21291,epithelial_like
20.0,21292,epithelial_like
20.0,21293,epithelial_like
20.0,21294,epithelial_like
20.0,21295,epithelial_like
20.0,21296,epithelial_like
20.0,21297,epithelial_like
20.0,21298,epithelial_like
20.0,21299,epithelial_like
20.0,21300,epithelial_like
20.0,21301,hADSCs
20.0,21302,epithelial_like
20.0,21303,epithelial_like
20.0,21304,epithelial_like
20.0,21305,hADSCs
20.0,21306,hADSCs
20.0,21307,epithelial_like
20.0,21308,epithelial_like
20.0,21309,hADSCs
20.0,21310,epithelial_like
20.0,21311,epithelial_like
20.0,21312,epithelial_like
20.0,21313,epithelial_like
20.0,21314,epithelial_like
20.0,21315,epithelial_like
20.0,21316,hADSCs
20.0,21317,epithelial_like
20.0,21318,epithelial_like
20.0,21319,epithelial_like
20.0,21320,epithelial_like
20.0,21321,epithelial_like
20.0,21322,epithelial_like
20.0,21323,epithelial_like
20.0,21324,hADSCs
20.0,21325,epithelial_like
20.0,21326,hADSCs
20.0,21327,epithelial_like
20.0,21328,epithelial_like
20.0,21329,epithelial_like
20.0,21330,epithelial_like
20.0,21331,epithelial_like
20.0,21332,epithelial_like
20.0,21333,hADSCs
20.0,21334,hADSCs
20.0,21335,hADSCs
20.0,21336,hADSCs
20.0,21337,hADSCs
20.0,21338,epithelial_like
20.0,21339,epithelial_like
20.0,21340,hADSCs
20.0,21341,hADSCs
20.0,21342,epithelial_like
20.0,21343,epithelial_like
20.0,21344,epithelial_like
20.0,21345,hADSCs
20.0,21346,epithelial_like
20.0,21347,epithelial_like
20.0,21348,epithelial_like
20.0,21349,epithelial_like
20.0,21350,hADSCs
20.0,21351,hADSCs
20.0,21352,hADSCs
20.0,21353,hADSCs
20.0,21354,hADSCs
20.0,21355,epithelial_like
20.0,21356,epithelial_like
20.0,21357,epithelial_like
20.0,21358,epithelial_like
20.0,21359,hADSCs
20.0,21360,epithelial_like
20.0,21361,epithelial_like
20.0,21362,epithelial_like
20.0,21363,epithelial_like
20.0,21364,epithelial_like
20.0,21365,epithelial_like
20.0,21366,epithelial_like
20.0,21367,epithelial_like
20.0,21368,epithelial_like
20.0,21369,epithelial_like
20.0,21370,epithelial_like
20.0,21371,epithelial_like
20.0,21372,epithelial_like
20.0,21373,hADSCs
20.0,21374,epithelial_like
20.0,21375,epithelial_like
20.0,21376,epithelial_like
20.0,21377,epithelial_like
20.0,21378,epithelial_like
20.0,21379,epithelial_like
20.0,21380,epithelial_like
20.0,21381,epithelial_like
20.0,21382,epithelial_like
20.0,21383,hADSCs
20.0,21384,epithelial_like
20.0,21385,epithelial_like
20.0,21386,epithelial_like
20.0,21387,epithelial_like
20.0,21388,hADSCs
20.0,21389,hADSCs
20.0,21390,epithelial_like
20.0,21391,hADSCs
20.0,21392,hADSCs
20.0,21393,hADSCs
20.0,21394,hADSCs
20.0,21395,epithelial_like
20.0,21396,epithelial_like
20.0,21397,epithelial_like
20.0,21398,epithelial_like
20.0,21399,epithelial_like
20.0,21400,hADSCs
20.0,21401,epithelial_like
20.0,21402,epithelial_like
20.0,21403,epithelial_like
20.0,21404,hADSCs
20.0,21405,epithelial_like
20.0,21406,epithelial_like
20.0,21407,epithelial_like
20.0,21408,hADSCs
20.0,21409,epithelial_like
20.0,21410,epithelial_like
20.0,21411,epithelial_like
20.0,21412,hADSCs
20.0,21413,epithelial_like
20.0,21414,epithelial_like
20.0,21415,epithelial_like
20.0,21416,epithelial_like
20.0,21417,epithelial_like
20.0,21418,epithelial_like
20.0,21419,hADSCs
20.0,21420,epithelial_like
20.0,21421,epithelial_like
20.0,21422,epithelial_like
20.0,21423,epithelial_like
20.0,21424,epithelial_like
20.0,21425,epithelial_like
20.0,21426,epithelial_like
20.0,21427,epithelial_like
20.0,21428,hADSCs
20.0,21429,epithelial_like
20.0,21430,epithelial_like
20.0,21431,epithelial_like
20.0,21432,epithelial_like
20.0,21433,epithelial_like
20.0,21434,epithelial_like
20.0,21435,epithelial_like
20.0,21436,epithelial_like
20.0,21437,hADSCs
20.0,21438,epithelial_like
20.0,21439,hADSCs
20.0,21440,epithelial_like
20.0,21441,epithelial_like
20.0,21442,epithelial_like
20.0,21443,epithelial_like
20.0,21444,epithelial_like
20.0,21445,hADSCs
20.0,21446,epithelial_like
20.0,21447,epithelial_like
20.0,21448,hADSCs
20.0,21449,hADSCs
20.0,21450,epithelial_like
20.0,21451,hADSCs
20.0,21452,epithelial_like
20.0,21453,epithelial_like
20.0,21454,epithelial_like
20.0,21455,epithelial_like
20.0,21456,epithelial_like
20.0,21457,epithelial_like
20.0,21458,epithelial_like
20.0,21459,epithelial_like
20.0,21460,epithelial_like
20.0,21461,hADSCs
20.0,21462,hADSCs
20.0,21463,epithelial_like
20.0,21464,epithelial_like
20.0,21465,epithelial_like
20.0,21466,epithelial_like
20.0,21467,epithelial_like
20.0,21468,epithelial_like
20.0,21469,hADSCs
20.0,21470,epithelial_like
20.0,21471,hADSCs
20.0,21472,epithelial_like
20.0,21473,hADSCs
20.0,21474,epithelial_like
20.0,21475,hADSCs
20.0,21476,hADSCs
20.0,21477,epithelial_like
20.0,21478,epithelial_like
20.0,21479,epithelial_like
20.0,21480,epithelial_like
20.0,21481,hADSCs
20.0,21482,hADSCs
20.0,21483,epithelial_like
20.0,21484,epithelial_like
20.0,21485,epithelial_like
20.0,21486,hADSCs
20.0,21487,hADSCs
20.0,21488,hADSCs
20.0,21489,hADSCs
20.0,21490,epithelial_like
20.0,21491,epithelial_like
20.0,21492,epithelial_like
20.0,21493,hADSCs
20.0,21494,epithelial_like
20.0,21495,epithelial_like
20.0,21496,epithelial_like
20.0,21497,hADSCs
20.0,21498,hADSCs
20.0,21499,epithelial_like
20.0,21500,epithelial_like
20.0,21501,epithelial_like
20.0,21502,hADSCs
20.0,21503,hADSCs
20.0,21504,epithelial_like
20.0,21505,epithelial_like
20.0,21506,epithelial_like
20.0,21507,epithelial_like
20.0,21508,epithelial_like
20.0,21509,epithelial_like
20.0,21510,epithelial_like
20.0,21511,epithelial_like
20.0,21512,epithelial_like
20.0,21513,hADSCs
20.0,21514,epithelial_like
20.0,21515,epithelial_like
20.0,21516,hADSCs
20.0,21517,epithelial_like
20.0,21518,hADSCs
20.0,21519,epithelial_like
20.0,21520,epithelial_like
20.0,21521,epithelial_like
20.0,21522,epithelial_like
20.0,21523,epithelial_like
20.0,21524,epithelial_like
20.0,21525,hADSCs
20.0,21526,hADSCs
20.0,21527,epithelial_like
20.0,21528,epithelial_like
20.0,21529,epithelial_like
20.0,21530,hADSCs
20.0,21531,epithelial_like
20.0,21532,epithelial_like
20.0,21533,hADSCs
20.0,21534,hADSCs
20.0,21535,epithelial_like
20.0,21536,hADSCs
20.0,21537,hADSCs
20.0,21538,epithelial_like
20.0,21539,epithelial_like
20.0,21540,hADSCs
20.0,21541,hADSCs
20.0,21542,epithelial_like
20.0,21543,hADSCs
20.0,21544,epithelial_like
20.0,21545,epithelial_like
20.0,21546,epithelial_like
20.0,21547,epithelial_like
20.0,21548,epithelial_like
20.0,21549,epithelial_like
20.0,21550,epithelial_like
20.0,21551,epithelial_like
20.0,21552,hADSCs
20.0,21553,hADSCs
20.0,21554,epithelial_like
20.0,21555,epithelial_like
20.0,21556,hADSCs
20.0,21557,epithelial_like
20.0,21558,epithelial_like
20.0,21559,epithelial_like
20.0,21560,epithelial_like
20.0,21561,epithelial_like
20.0,21562,epithelial_like
20.0,21563,epithelial_like
20.0,21564,epithelial_like
20.0,21565,epithelial_like
20.0,21566,epithelial_like
20.0,21567,epithelial_like
20.0,21568,epithelial_like
20.0,21569,epithelial_like
20.0,21570,epithelial_like
20.0,21571,hADSCs
20.0,21572,epithelial_like
20.0,21573,epithelial_like
20.0,21574,epithelial_like
20.0,21575,hADSCs
20.0,21576,epithelial_like
20.0,21577,epithelial_like
20.0,21578,epithelial_like
20.0,21579,hADSCs
20.0,21580,hADSCs
20.0,21581,hADSCs
20.0,21582,hADSCs
20.0,21583,epithelial_like
20.0,21584,epithelial_like
20.0,21585,epithelial_like
20.0,21586,hADSCs
20.0,21587,epithelial_like
20.0,21588,epithelial_like
20.0,21589,epithelial_like
20.0,21590,epithelial_like
20.0,21591,epithelial_like
20.0,21592,hADSCs
20.0,21593,epithelial_like
20.0,21594,epithelial_like
20.0,21595,epithelial_like
20.0,21596,epithelial_like
20.0,21597,epithelial_like
20.0,21598,hADSCs
20.0,21599,hADSCs
20.0,21600,epithelial_like
20.0,21601,hADSCs
20.0,21602,epithelial_like
20.0,21603,hADSCs
20.0,21604,epithelial_like
20.0,21605,epithelial_like
20.0,21606,hADSCs
20.0,21607,hADSCs
20.0,21608,hADSCs
20.0,21609,hADSCs
20.0,21610,hADSCs
20.0,21611,epithelial_like
20.0,21612,epithelial_like
20.0,21613,hADSCs
20.0,21614,epithelial_like
20.0,21615,hADSCs
20.0,21616,epithelial_like
20.0,21617,epithelial_like
20.0,21618,epithelial_like
20.0,21619,hADSCs
20.0,21620,hADSCs
20.0,21621,epithelial_like
20.0,21622,epithelial_like
20.0,21623,hADSCs
20.0,21624,hADSCs
20.0,21625,epithelial_like
20.0,21626,epithelial_like
20.0,21627,hADSCs
20.0,21628,hADSCs
20.0,21629,epithelial_like
20.0,21630,epithelial_like
20.0,21631,epithelial_like
20.0,21632,epithelial_like
20.0,21633,hADSCs
20.0,21634,hADSCs
20.0,21635,epithelial_like
20.0,21636,epithelial_like
20.0,21637,epithelial_like
20.0,21638,hADSCs
20.0,21639,hADSCs
20.0,21640,epithelial_like
20.0,21641,epithelial_like
20.0,21642,epithelial_like
20.0,21643,epithelial_like
20.0,21644,epithelial_like
20.0,21645,epithelial_like
20.0,21646,epithelial_like
20.0,21647,hADSCs
20.0,21648,epithelial_like
20.0,21649,epithelial_like
20.0,21650,hADSCs
20.0,21651,hADSCs
20.0,21652,epithelial_like
20.0,21653,hADSCs
20.0,21654,hADSCs
20.0,21655,hADSCs
20.0,21656,hADSCs
20.0,21657,hADSCs
20.0,21658,epithelial_like
20.0,21659,epithelial_like
20.0,21660,hADSCs
20.0,21661,hADSCs
20.0,21662,hADSCs
20.0,21663,epithelial_like
20.0,21664,hADSCs
20.0,21665,hADSCs
20.0,21666,epithelial_like
20.0,21667,epithelial_like
20.0,21668,epithelial_like
20.0,21669,epithelial_like
20.0,21670,epithelial_like
20.0,21671,hADSCs
20.0,21672,hADSCs
20.0,21673,epithelial_like
20.0,21674,hADSCs
20.0,21675,hADSCs
20.0,21676,epithelial_like
20.0,21677,epithelial_like
20.0,21678,epithelial_like
20.0,21679,epithelial_like
20.0,21680,epithelial_like
20.0,21681,epithelial_like
20.0,21682,epithelial_like
20.0,21683,epithelial_like
20.0,21684,epithelial_like
20.0,21685,epithelial_like
20.0,21686,epithelial_like
20.0,21687,epithelial_like
20.0,21688,hADSCs
20.0,21689,epithelial_like
20.0,21690,epithelial_like
20.0,21691,hADSCs
20.0,21692,epithelial_like
20.0,21693,hADSCs
20.0,21694,epithelial_like
20.0,21695,epithelial_like
20.0,21696,epithelial_like
20.0,21697,epithelial_like
20.0,21698,epithelial_like
20.0,21699,epithelial_like
20.0,21700,hADSCs
20.0,21701,epithelial_like
20.0,21702,epithelial_like
20.0,21703,hADSCs
20.0,21704,hADSCs
20.0,21705,epithelial_like
20.0,21706,epithelial_like
20.0,21707,epithelial_like
20.0,21708,hADSCs
20.0,21709,epithelial_like
20.0,21710,epithelial_like
20.0,21711,hADSCs
20.0,21712,hADSCs
20.0,21713,hADSCs
20.0,21714,epithelial_like
20.0,21715,hADSCs
20.0,21716,epithelial_like
20.0,21717,epithelial_like
20.0,21718,epithelial_like
20.0,21719,epithelial_like
20.0,21720,epithelial_like
20.0,21721,epithelial_like
20.0,21722,hADSCs
20.0,21723,epithelial_like
20.0,21724,hADSCs
20.0,21725,epithelial_like
20.0,21726,hADSCs
20.0,21727,hADSCs
20.0,21728,epithelial_like
20.0,21729,epithelial_like
20.0,21730,epithelial_like
20.0,21731,epithelial_like
20.0,21732,hADSCs
20.0,21733,hADSCs
20.0,21734,epithelial_like
20.0,21735,hADSCs
20.0,21736,epithelial_like
20.0,21737,epithelial_like
20.0,21738,epithelial_like
20.0,21739,hADSCs
20.0,21740,hADSCs
20.0,21741,epithelial_like
20.0,21742,epithelial_like
20.0,21743,epithelial_like
20.0,21744,hADSCs
20.0,21745,hADSCs
20.0,21746,epithelial_like
20.0,21747,epithelial_like
20.0,21748,epithelial_like
20.0,21749,hADSCs
20.0,21750,epithelial_like
20.0,21751,epithelial_like
20.0,21752,epithelial_like
20.0,21753,epithelial_like
20.0,21754,epithelial_like
20.0,21755,hADSCs
20.0,21756,epithelial_like
20.0,21757,hADSCs
20.0,21758,hADSCs
20.0,21759,hADSCs
20.0,21760,hADSCs
20.0,21761,epithelial_like
20.0,21762,hADSCs
20.0,21763,epithelial_like
20.0,21764,epithelial_like
20.0,21765,epithelial_like
20.0,21766,epithelial_like
20.0,21767,epithelial_like
20.0,21768,epithelial_like
20.0,21769,epithelial_like
20.0,21770,epithelial_like
20.0,21771,hADSCs
20.0,21772,epithelial_like
20.0,21773,epithelial_like
20.0,21774,hADSCs
20.0,21775,hADSCs
20.0,21776,hADSCs
20.0,21777,epithelial_like
20.0,21778,epithelial_like
20.0,21779,epithelial_like
20.0,21780,epithelial_like
20.0,21781,epithelial_like
20.0,21782,hADSCs
20.0,21783,epithelial_like
20.0,21784,epithelial_like
20.0,21785,epithelial_like
20.0,21786,epithelial_like
20.0,21787,epithelial_like
20.0,21788,hADSCs
20.0,21789,epithelial_like
20.0,21790,epithelial_like
20.0,21791,epithelial_like
20.0,21792,epithelial_like
20.0,21793,epithelial_like
20.0,21794,epithelial_like
20.0,21795,epithelial_like
20.0,21796,epithelial_like
20.0,21797,hADSCs
20.0,21798,epithelial_like
20.0,21799,epithelial_like
20.0,21800,hADSCs
20.0,21801,epithelial_like
20.0,21802,epithelial_like
20.0,21803,epithelial_like
20.0,21804,epithelial_like
20.0,21805,hADSCs
20.0,21806,hADSCs
20.0,21807,epithelial_like
20.0,21808,epithelial_like
20.0,21809,epithelial_like
20.0,21810,epithelial_like
20.0,21811,hADSCs
20.0,21812,epithelial_like
20.0,21813,epithelial_like
20.0,21814,hADSCs
20.0,21815,epithelial_like
20.0,21816,epithelial_like
20.0,21817,epithelial_like
20.0,21818,epithelial_like
20.0,21819,epithelial_like
20.0,21820,epithelial_like
20.0,21821,epithelial_like
20.0,21822,epithelial_like
20.0,21823,epithelial_like
20.0,21824,hADSCs
20.0,21825,epithelial_like
20.0,21826,hADSCs
20.0,21827,epithelial_like
20.0,21828,epithelial_like
20.0,21829,epithelial_like
20.0,21830,epithelial_like
20.0,21831,epithelial_like
20.0,21832,epithelial_like
20.0,21833,hADSCs
20.0,21834,epithelial_like
20.0,21835,epithelial_like
20.0,21836,epithelial_like
20.0,21837,hADSCs
20.0,21838,epithelial_like
20.0,21839,epithelial_like
20.0,21840,epithelial_like
20.0,21841,epithelial_like
20.0,21842,epithelial_like
20.0,21843,epithelial_like
20.0,21844,epithelial_like
20.0,21845,epithelial_like
20.0,21846,epithelial_like
20.0,21847,epithelial_like
20.0,21848,epithelial_like
20.0,21849,epithelial_like
20.0,21850,epithelial_like
20.0,21851,hADSCs
20.0,21852,epithelial_like
20.0,21853,epithelial_like
20.0,21854,epithelial_like
20.0,21855,epithelial_like
20.0,21856,hADSCs
20.0,21857,hADSCs
20.0,21858,epithelial_like
20.0,21859,epithelial_like
20.0,21860,epithelial_like
20.0,21861,hADSCs
20.0,21862,epithelial_like
20.0,21863,hADSCs
20.0,21864,epithelial_like
20.0,21865,epithelial_like
20.0,21866,epithelial_like
20.0,21867,epithelial_like
20.0,21868,epithelial_like
20.0,21869,epithelial_like
20.0,21870,epithelial_like
20.0,21871,epithelial_like
20.0,21872,hADSCs
20.0,21873,epithelial_like
20.0,21874,epithelial_like
20.0,21875,hADSCs
20.0,21876,epithelial_like
20.0,21877,epithelial_like
20.0,21878,hADSCs
20.0,21879,epithelial_like
20.0,21880,hADSCs
20.0,21881,hADSCs
20.0,21882,epithelial_like
20.0,21883,hADSCs
20.0,21884,epithelial_like
20.0,21885,epithelial_like
20.0,21886,epithelial_like
20.0,21887,epithelial_like
20.0,21888,epithelial_like
20.0,21889,epithelial_like
20.0,21890,epithelial_like
20.0,21891,epithelial_like
20.0,21892,epithelial_like
20.0,21893,hADSCs
20.0,21894,epithelial_like
20.0,21895,hADSCs
20.0,21896,epithelial_like
20.0,21897,epithelial_like
20.0,21898,epithelial_like
20.0,21899,epithelial_like
20.0,21900,epithelial_like
20.0,21901,epithelial_like
20.0,21902,epithelial_like
20.0,21903,hADSCs
20.0,21904,hADSCs
20.0,21905,hADSCs
20.0,21906,hADSCs
20.0,21907,epithelial_like
20.0,21908,hADSCs
20.0,21909,epithelial_like
20.0,21910,epithelial_like
20.0,21911,epithelial_like
20.0,21912,epithelial_like
20.0,21913,epithelial_like
20.0,21914,hADSCs
20.0,21915,hADSCs
20.0,21916,hADSCs
20.0,21917,hADSCs
20.0,21918,epithelial_like
20.0,21919,epithelial_like
20.0,21920,hADSCs
20.0,21921,epithelial_like
20.0,21922,epithelial_like
20.0,21923,epithelial_like
20.0,21924,epithelial_like
20.0,21925,hADSCs
20.0,21926,hADSCs
20.0,21927,hADSCs
20.0,21928,epithelial_like
20.0,21929,epithelial_like
20.0,21930,hADSCs
20.0,21931,hADSCs
20.0,21932,hADSCs
20.0,21933,hADSCs
20.0,21934,epithelial_like
20.0,21935,epithelial_like
20.0,21936,hADSCs
20.0,21937,epithelial_like
20.0,21938,hADSCs
20.0,21939,hADSCs
20.0,21940,epithelial_like
20.0,21941,epithelial_like
20.0,21942,epithelial_like
20.0,21943,epithelial_like
20.0,21944,epithelial_like
20.0,21945,hADSCs
20.0,21946,hADSCs
20.0,21947,epithelial_like
20.0,21948,epithelial_like
20.0,21949,epithelial_like
20.0,21950,hADSCs
20.0,21951,epithelial_like
20.0,21952,hADSCs
20.0,21953,epithelial_like
20.0,21954,epithelial_like
20.0,21955,hADSCs
20.0,21956,hADSCs
20.0,21957,epithelial_like
20.0,21958,epithelial_like
20.0,21959,epithelial_like
20.0,21960,epithelial_like
20.0,21961,hADSCs
20.0,21962,epithelial_like
20.0,21963,epithelial_like
20.0,21964,epithelial_like
20.0,21965,hADSCs
20.0,21966,epithelial_like
20.0,21967,epithelial_like
20.0,21968,hADSCs
20.0,21969,epithelial_like
20.0,21970,epithelial_like
20.0,21971,epithelial_like
20.0,21972,epithelial_like
20.0,21973,hADSCs
20.0,21974,epithelial_like
20.0,21975,hADSCs
20.0,21976,hADSCs
20.0,21977,epithelial_like
20.0,21978,hADSCs
20.0,21979,epithelial_like
20.0,21980,epithelial_like
20.0,21981,epithelial_like
20.0,21982,epithelial_like
20.0,21983,epithelial_like
20.0,21984,epithelial_like
20.0,21985,hADSCs
20.0,21986,epithelial_like
20.0,21987,epithelial_like
20.0,21988,epithelial_like
20.0,21989,epithelial_like
20.0,21990,hADSCs
20.0,21991,epithelial_like
20.0,21992,epithelial_like
20.0,21993,hADSCs
20.0,21994,epithelial_like
20.0,21995,epithelial_like
20.0,21996,epithelial_like
20.0,21997,epithelial_like
20.0,21998,epithelial_like
20.0,21999,epithelial_like
22.0,22000,epithelial_like
22.0,22001,epithelial_like
22.0,22002,epithelial_like
22.0,22003,epithelial_like
22.0,22004,epithelial_like
22.0,22005,epithelial_like
22.0,22006,hADSCs
22.0,22007,epithelial_like
22.0,22008,hADSCs
22.0,22009,epithelial_like
22.0,22010,epithelial_like
22.0,22011,hADSCs
22.0,22012,epithelial_like
22.0,22013,hADSCs
22.0,22014,hADSCs
22.0,22015,epithelial_like
22.0,22016,epithelial_like
22.0,22017,epithelial_like
22.0,22018,epithelial_like
22.0,22019,epithelial_like
22.0,22020,epithelial_like
22.0,22021,epithelial_like
22.0,22022,epithelial_like
22.0,22023,epithelial_like
22.0,22024,epithelial_like
22.0,22025,hADSCs
22.0,22026,hADSCs
22.0,22027,epithelial_like
22.0,22028,epithelial_like
22.0,22029,epithelial_like
22.0,22030,epithelial_like
22.0,22031,epithelial_like
22.0,22032,epithelial_like
22.0,22033,epithelial_like
22.0,22034,epithelial_like
22.0,22035,epithelial_like
22.0,22036,epithelial_like
22.0,22037,epithelial_like
22.0,22038,hADSCs
22.0,22039,hADSCs
22.0,22040,epithelial_like
22.0,22041,epithelial_like
22.0,22042,hADSCs
22.0,22043,epithelial_like
22.0,22044,epithelial_like
22.0,22045,epithelial_like
22.0,22046,epithelial_like
22.0,22047,epithelial_like
22.0,22048,epithelial_like
22.0,22049,epithelial_like
22.0,22050,epithelial_like
22.0,22051,epithelial_like
22.0,22052,hADSCs
22.0,22053,epithelial_like
22.0,22054,epithelial_like
22.0,22055,epithelial_like
22.0,22056,epithelial_like
22.0,22057,epithelial_like
22.0,22058,epithelial_like
22.0,22059,epithelial_like
22.0,22060,epithelial_like
22.0,22061,hADSCs
22.0,22062,epithelial_like
22.0,22063,epithelial_like
22.0,22064,epithelial_like
22.0,22065,epithelial_like
22.0,22066,epithelial_like
22.0,22067,hADSCs
22.0,22068,epithelial_like
22.0,22069,epithelial_like
22.0,22070,epithelial_like
22.0,22071,epithelial_like
22.0,22072,epithelial_like
22.0,22073,epithelial_like
22.0,22074,epithelial_like
22.0,22075,epithelial_like
22.0,22076,hADSCs
22.0,22077,epithelial_like
22.0,22078,epithelial_like
22.0,22079,epithelial_like
22.0,22080,hADSCs
22.0,22081,hADSCs
22.0,22082,epithelial_like
22.0,22083,hADSCs
22.0,22084,epithelial_like
22.0,22085,epithelial_like
22.0,22086,epithelial_like
22.0,22087,epithelial_like
22.0,22088,epithelial_like
22.0,22089,epithelial_like
22.0,22090,epithelial_like
22.0,22091,epithelial_like
22.0,22092,epithelial_like
22.0,22093,epithelial_like
22.0,22094,epithelial_like
22.0,22095,hADSCs
22.0,22096,epithelial_like
22.0,22097,hADSCs
22.0,22098,epithelial_like
22.0,22099,epithelial_like
22.0,22100,epithelial_like
22.0,22101,epithelial_like
22.0,22102,epithelial_like
22.0,22103,epithelial_like
22.0,22104,hADSCs
22.0,22105,epithelial_like
22.0,22106,epithelial_like
22.0,22107,hADSCs
22.0,22108,epithelial_like
22.0,22109,epithelial_like
22.0,22110,epithelial_like
22.0,22111,epithelial_like
22.0,22112,epithelial_like
22.0,22113,epithelial_like
22.0,22114,epithelial_like
22.0,22115,epithelial_like
22.0,22116,hADSCs
22.0,22117,epithelial_like
22.0,22118,hADSCs
22.0,22119,hADSCs
22.0,22120,epithelial_like
22.0,22121,hADSCs
22.0,22122,hADSCs
22.0,22123,epithelial_like
22.0,22124,hADSCs
22.0,22125,hADSCs
22.0,22126,epithelial_like
22.0,22127,hADSCs
22.0,22128,epithelial_like
22.0,22129,epithelial_like
22.0,22130,epithelial_like
22.0,22131,epithelial_like
22.0,22132,hADSCs
22.0,22133,epithelial_like
22.0,22134,epithelial_like
22.0,22135,epithelial_like
22.0,22136,epithelial_like
22.0,22137,hADSCs
22.0,22138,epithelial_like
22.0,22139,epithelial_like
22.0,22140,hADSCs
22.0,22141,hADSCs
22.0,22142,epithelial_like
22.0,22143,hADSCs
22.0,22144,epithelial_like
22.0,22145,epithelial_like
22.0,22146,epithelial_like
22.0,22147,epithelial_like
22.0,22148,epithelial_like
22.0,22149,epithelial_like
22.0,22150,epithelial_like
22.0,22151,epithelial_like
22.0,22152,epithelial_like
22.0,22153,epithelial_like
22.0,22154,epithelial_like
22.0,22155,epithelial_like
22.0,22156,epithelial_like
22.0,22157,epithelial_like
22.0,22158,hADSCs
22.0,22159,epithelial_like
22.0,22160,epithelial_like
22.0,22161,hADSCs
22.0,22162,epithelial_like
22.0,22163,epithelial_like
22.0,22164,epithelial_like
22.0,22165,epithelial_like
22.0,22166,epithelial_like
22.0,22167,epithelial_like
22.0,22168,epithelial_like
22.0,22169,hADSCs
22.0,22170,hADSCs
22.0,22171,epithelial_like
22.0,22172,epithelial_like
22.0,22173,epithelial_like
22.0,22174,epithelial_like
22.0,22175,epithelial_like
22.0,22176,epithelial_like
22.0,22177,hADSCs
22.0,22178,hADSCs
22.0,22179,epithelial_like
22.0,22180,epithelial_like
22.0,22181,epithelial_like
22.0,22182,hADSCs
22.0,22183,epithelial_like
22.0,22184,epithelial_like
22.0,22185,epithelial_like
22.0,22186,epithelial_like
22.0,22187,epithelial_like
22.0,22188,epithelial_like
22.0,22189,epithelial_like
22.0,22190,epithelial_like
22.0,22191,epithelial_like
22.0,22192,epithelial_like
22.0,22193,epithelial_like
22.0,22194,epithelial_like
22.0,22195,epithelial_like
22.0,22196,epithelial_like
22.0,22197,epithelial_like
22.0,22198,epithelial_like
22.0,22199,hADSCs
22.0,22200,epithelial_like
22.0,22201,epithelial_like
22.0,22202,epithelial_like
22.0,22203,epithelial_like
22.0,22204,epithelial_like
22.0,22205,hADSCs
22.0,22206,epithelial_like
22.0,22207,hADSCs
22.0,22208,epithelial_like
22.0,22209,epithelial_like
22.0,22210,epithelial_like
22.0,22211,epithelial_like
22.0,22212,epithelial_like
22.0,22213,epithelial_like
22.0,22214,epithelial_like
22.0,22215,epithelial_like
22.0,22216,epithelial_like
22.0,22217,epithelial_like
22.0,22218,hCiPS
22.0,22219,hCiPS
22.0,22220,epithelial_like
22.0,22221,epithelial_like
22.0,22222,epithelial_like
22.0,22223,epithelial_like
22.0,22224,epithelial_like
22.0,22225,epithelial_like
22.0,22226,epithelial_like
22.0,22227,epithelial_like
22.0,22228,epithelial_like
22.0,22229,epithelial_like
22.0,22230,epithelial_like
22.0,22231,epithelial_like
22.0,22232,epithelial_like
22.0,22233,epithelial_like
22.0,22234,epithelial_like
22.0,22235,hADSCs
22.0,22236,hADSCs
22.0,22237,epithelial_like
22.0,22238,epithelial_like
22.0,22239,epithelial_like
22.0,22240,epithelial_like
22.0,22241,epithelial_like
22.0,22242,epithelial_like
22.0,22243,epithelial_like
22.0,22244,epithelial_like
22.0,22245,epithelial_like
22.0,22246,epithelial_like
22.0,22247,epithelial_like
22.0,22248,epithelial_like
22.0,22249,epithelial_like
22.0,22250,epithelial_like
22.0,22251,epithelial_like
22.0,22252,hADSCs
22.0,22253,epithelial_like
22.0,22254,hADSCs
22.0,22255,epithelial_like
22.0,22256,epithelial_like
22.0,22257,epithelial_like
22.0,22258,epithelial_like
22.0,22259,epithelial_like
22.0,22260,hADSCs
22.0,22261,epithelial_like
22.0,22262,epithelial_like
22.0,22263,epithelial_like
22.0,22264,epithelial_like
22.0,22265,epithelial_like
22.0,22266,epithelial_like
22.0,22267,epithelial_like
22.0,22268,hADSCs
22.0,22269,hCiPS
22.0,22270,hCiPS
22.0,22271,epithelial_like
22.0,22272,epithelial_like
22.0,22273,epithelial_like
22.0,22274,hADSCs
22.0,22275,hADSCs
22.0,22276,epithelial_like
22.0,22277,epithelial_like
22.0,22278,epithelial_like
22.0,22279,epithelial_like
22.0,22280,epithelial_like
22.0,22281,epithelial_like
22.0,22282,hADSCs
22.0,22283,epithelial_like
22.0,22284,epithelial_like
22.0,22285,epithelial_like
22.0,22286,epithelial_like
22.0,22287,epithelial_like
22.0,22288,epithelial_like
22.0,22289,epithelial_like
22.0,22290,epithelial_like
22.0,22291,epithelial_like
22.0,22292,epithelial_like
22.0,22293,hADSCs
22.0,22294,epithelial_like
22.0,22295,epithelial_like
22.0,22296,epithelial_like
22.0,22297,epithelial_like
22.0,22298,hADSCs
22.0,22299,epithelial_like
22.0,22300,hADSCs
22.0,22301,hADSCs
22.0,22302,epithelial_like
22.0,22303,epithelial_like
22.0,22304,epithelial_like
22.0,22305,epithelial_like
22.0,22306,epithelial_like
22.0,22307,epithelial_like
22.0,22308,epithelial_like
22.0,22309,epithelial_like
22.0,22310,epithelial_like
22.0,22311,epithelial_like
22.0,22312,epithelial_like
22.0,22313,epithelial_like
22.0,22314,epithelial_like
22.0,22315,epithelial_like
22.0,22316,epithelial_like
22.0,22317,epithelial_like
22.0,22318,epithelial_like
22.0,22319,epithelial_like
22.0,22320,epithelial_like
22.0,22321,epithelial_like
22.0,22322,epithelial_like
22.0,22323,epithelial_like
22.0,22324,hADSCs
22.0,22325,hADSCs
22.0,22326,epithelial_like
22.0,22327,epithelial_like
22.0,22328,epithelial_like
22.0,22329,epithelial_like
22.0,22330,epithelial_like
22.0,22331,epithelial_like
22.0,22332,epithelial_like
22.0,22333,hADSCs
22.0,22334,epithelial_like
22.0,22335,hADSCs
22.0,22336,epithelial_like
22.0,22337,epithelial_like
22.0,22338,epithelial_like
22.0,22339,epithelial_like
22.0,22340,epithelial_like
22.0,22341,epithelial_like
22.0,22342,epithelial_like
22.0,22343,epithelial_like
22.0,22344,hADSCs
22.0,22345,epithelial_like
22.0,22346,epithelial_like
22.0,22347,hADSCs
22.0,22348,epithelial_like
22.0,22349,epithelial_like
22.0,22350,epithelial_like
22.0,22351,epithelial_like
22.0,22352,epithelial_like
22.0,22353,hADSCs
22.0,22354,hADSCs
22.0,22355,epithelial_like
22.0,22356,epithelial_like
22.0,22357,epithelial_like
22.0,22358,epithelial_like
22.0,22359,epithelial_like
22.0,22360,epithelial_like
22.0,22361,epithelial_like
22.0,22362,hADSCs
22.0,22363,epithelial_like
22.0,22364,epithelial_like
22.0,22365,hADSCs
22.0,22366,epithelial_like
22.0,22367,epithelial_like
22.0,22368,hADSCs
22.0,22369,epithelial_like
22.0,22370,epithelial_like
22.0,22371,hADSCs
22.0,22372,epithelial_like
22.0,22373,epithelial_like
22.0,22374,epithelial_like
22.0,22375,epithelial_like
22.0,22376,epithelial_like
22.0,22377,epithelial_like
22.0,22378,epithelial_like
22.0,22379,epithelial_like
22.0,22380,epithelial_like
22.0,22381,epithelial_like
22.0,22382,epithelial_like
22.0,22383,epithelial_like
22.0,22384,epithelial_like
22.0,22385,epithelial_like
22.0,22386,epithelial_like
22.0,22387,epithelial_like
22.0,22388,epithelial_like
22.0,22389,epithelial_like
22.0,22390,epithelial_like
22.0,22391,epithelial_like
22.0,22392,hADSCs
22.0,22393,hADSCs
22.0,22394,hADSCs
22.0,22395,hADSCs
22.0,22396,hADSCs
22.0,22397,hADSCs
22.0,22398,epithelial_like
22.0,22399,hADSCs
22.0,22400,hADSCs
22.0,22401,epithelial_like
22.0,22402,epithelial_like
22.0,22403,epithelial_like
22.0,22404,hADSCs
22.0,22405,epithelial_like
22.0,22406,epithelial_like
22.0,22407,hADSCs
22.0,22408,epithelial_like
22.0,22409,epithelial_like
22.0,22410,epithelial_like
22.0,22411,epithelial_like
22.0,22412,hADSCs
22.0,22413,epithelial_like
22.0,22414,epithelial_like
22.0,22415,epithelial_like
22.0,22416,epithelial_like
22.0,22417,epithelial_like
22.0,22418,epithelial_like
22.0,22419,epithelial_like
22.0,22420,hADSCs
22.0,22421,hADSCs
22.0,22422,epithelial_like
22.0,22423,epithelial_like
22.0,22424,epithelial_like
22.0,22425,epithelial_like
22.0,22426,hADSCs
22.0,22427,epithelial_like
22.0,22428,epithelial_like
22.0,22429,hADSCs
22.0,22430,epithelial_like
22.0,22431,epithelial_like
22.0,22432,epithelial_like
22.0,22433,epithelial_like
22.0,22434,epithelial_like
22.0,22435,epithelial_like
22.0,22436,epithelial_like
22.0,22437,epithelial_like
22.0,22438,epithelial_like
22.0,22439,epithelial_like
22.0,22440,epithelial_like
22.0,22441,hADSCs
22.0,22442,epithelial_like
22.0,22443,epithelial_like
22.0,22444,epithelial_like
22.0,22445,epithelial_like
22.0,22446,epithelial_like
22.0,22447,epithelial_like
22.0,22448,epithelial_like
22.0,22449,epithelial_like
22.0,22450,epithelial_like
22.0,22451,epithelial_like
22.0,22452,epithelial_like
22.0,22453,epithelial_like
22.0,22454,epithelial_like
22.0,22455,epithelial_like
22.0,22456,epithelial_like
22.0,22457,epithelial_like
22.0,22458,epithelial_like
22.0,22459,epithelial_like
22.0,22460,epithelial_like
22.0,22461,epithelial_like
22.0,22462,epithelial_like
22.0,22463,epithelial_like
22.0,22464,epithelial_like
22.0,22465,epithelial_like
22.0,22466,epithelial_like
22.0,22467,epithelial_like
22.0,22468,epithelial_like
22.0,22469,epithelial_like
22.0,22470,epithelial_like
22.0,22471,epithelial_like
22.0,22472,epithelial_like
22.0,22473,epithelial_like
22.0,22474,hADSCs
22.0,22475,hADSCs
22.0,22476,hADSCs
22.0,22477,hADSCs
22.0,22478,hADSCs
22.0,22479,hADSCs
22.0,22480,epithelial_like
22.0,22481,epithelial_like
22.0,22482,hADSCs
22.0,22483,epithelial_like
22.0,22484,hADSCs
22.0,22485,epithelial_like
22.0,22486,epithelial_like
22.0,22487,epithelial_like
22.0,22488,hADSCs
22.0,22489,epithelial_like
22.0,22490,hADSCs
22.0,22491,epithelial_like
22.0,22492,epithelial_like
22.0,22493,hADSCs
22.0,22494,epithelial_like
22.0,22495,epithelial_like
22.0,22496,epithelial_like
22.0,22497,hADSCs
22.0,22498,epithelial_like
22.0,22499,epithelial_like
22.0,22500,hADSCs
22.0,22501,epithelial_like
22.0,22502,epithelial_like
22.0,22503,hADSCs
22.0,22504,hADSCs
22.0,22505,epithelial_like
22.0,22506,epithelial_like
22.0,22507,hADSCs
22.0,22508,hADSCs
22.0,22509,hADSCs
22.0,22510,hADSCs
22.0,22511,hADSCs
22.0,22512,epithelial_like
22.0,22513,epithelial_like
22.0,22514,epithelial_like
22.0,22515,epithelial_like
22.0,22516,epithelial_like
22.0,22517,epithelial_like
22.0,22518,hADSCs
22.0,22519,epithelial_like
22.0,22520,epithelial_like
22.0,22521,epithelial_like
22.0,22522,intermediate_plastic
22.0,22523,epithelial_like
22.0,22524,epithelial_like
22.0,22525,epithelial_like
22.0,22526,epithelial_like
22.0,22527,hADSCs
22.0,22528,epithelial_like
22.0,22529,epithelial_like
22.0,22530,hADSCs
22.0,22531,epithelial_like
22.0,22532,epithelial_like
22.0,22533,epithelial_like
22.0,22534,epithelial_like
22.0,22535,epithelial_like
22.0,22536,epithelial_like
22.0,22537,epithelial_like
22.0,22538,epithelial_like
22.0,22539,hADSCs
22.0,22540,epithelial_like
22.0,22541,hADSCs
22.0,22542,epithelial_like
22.0,22543,hADSCs
22.0,22544,hADSCs
22.0,22545,epithelial_like
22.0,22546,epithelial_like
22.0,22547,hADSCs
22.0,22548,epithelial_like
22.0,22549,epithelial_like
22.0,22550,hADSCs
22.0,22551,epithelial_like
22.0,22552,epithelial_like
22.0,22553,epithelial_like
22.0,22554,epithelial_like
22.0,22555,epithelial_like
22.0,22556,epithelial_like
22.0,22557,epithelial_like
22.0,22558,epithelial_like
22.0,22559,epithelial_like
22.0,22560,epithelial_like
22.0,22561,hADSCs
22.0,22562,hADSCs
22.0,22563,epithelial_like
22.0,22564,epithelial_like
22.0,22565,epithelial_like
22.0,22566,hADSCs
22.0,22567,epithelial_like
22.0,22568,epithelial_like
22.0,22569,epithelial_like
22.0,22570,epithelial_like
22.0,22571,hADSCs
22.0,22572,hADSCs
22.0,22573,hADSCs
22.0,22574,hADSCs
22.0,22575,epithelial_like
22.0,22576,hADSCs
22.0,22577,epithelial_like
22.0,22578,epithelial_like
22.0,22579,hADSCs
22.0,22580,epithelial_like
22.0,22581,epithelial_like
22.0,22582,hADSCs
22.0,22583,hADSCs
22.0,22584,hADSCs
22.0,22585,hADSCs
22.0,22586,hADSCs
22.0,22587,epithelial_like
22.0,22588,epithelial_like
22.0,22589,epithelial_like
22.0,22590,epithelial_like
22.0,22591,epithelial_like
22.0,22592,epithelial_like
22.0,22593,epithelial_like
22.0,22594,epithelial_like
22.0,22595,hADSCs
22.0,22596,epithelial_like
22.0,22597,epithelial_like
22.0,22598,epithelial_like
22.0,22599,epithelial_like
22.0,22600,epithelial_like
22.0,22601,hADSCs
22.0,22602,epithelial_like
22.0,22603,epithelial_like
22.0,22604,epithelial_like
22.0,22605,epithelial_like
22.0,22606,epithelial_like
22.0,22607,epithelial_like
22.0,22608,epithelial_like
22.0,22609,epithelial_like
22.0,22610,epithelial_like
22.0,22611,epithelial_like
22.0,22612,hADSCs
22.0,22613,epithelial_like
22.0,22614,epithelial_like
22.0,22615,epithelial_like
22.0,22616,epithelial_like
22.0,22617,hADSCs
22.0,22618,epithelial_like
22.0,22619,epithelial_like
22.0,22620,epithelial_like
22.0,22621,epithelial_like
22.0,22622,hADSCs
22.0,22623,epithelial_like
22.0,22624,hADSCs
22.0,22625,epithelial_like
22.0,22626,epithelial_like
22.0,22627,epithelial_like
22.0,22628,epithelial_like
22.0,22629,epithelial_like
22.0,22630,epithelial_like
22.0,22631,epithelial_like
22.0,22632,epithelial_like
22.0,22633,epithelial_like
22.0,22634,epithelial_like
22.0,22635,hADSCs
22.0,22636,epithelial_like
22.0,22637,epithelial_like
22.0,22638,epithelial_like
22.0,22639,epithelial_like
22.0,22640,hADSCs
22.0,22641,hADSCs
22.0,22642,epithelial_like
22.0,22643,epithelial_like
22.0,22644,epithelial_like
22.0,22645,epithelial_like
22.0,22646,hADSCs
22.0,22647,hADSCs
22.0,22648,epithelial_like
22.0,22649,epithelial_like
22.0,22650,epithelial_like
22.0,22651,hADSCs
22.0,22652,epithelial_like
22.0,22653,epithelial_like
22.0,22654,epithelial_like
22.0,22655,epithelial_like
22.0,22656,hADSCs
22.0,22657,hADSCs
22.0,22658,epithelial_like
22.0,22659,epithelial_like
22.0,22660,epithelial_like
22.0,22661,epithelial_like
22.0,22662,hADSCs
22.0,22663,hADSCs
22.0,22664,hADSCs
22.0,22665,epithelial_like
22.0,22666,epithelial_like
22.0,22667,epithelial_like
22.0,22668,epithelial_like
22.0,22669,epithelial_like
22.0,22670,hADSCs
22.0,22671,hADSCs
22.0,22672,epithelial_like
22.0,22673,epithelial_like
22.0,22674,epithelial_like
22.0,22675,epithelial_like
22.0,22676,epithelial_like
22.0,22677,epithelial_like
22.0,22678,epithelial_like
22.0,22679,epithelial_like
22.0,22680,hADSCs
22.0,22681,epithelial_like
22.0,22682,epithelial_like
22.0,22683,epithelial_like
22.0,22684,epithelial_like
22.0,22685,epithelial_like
22.0,22686,epithelial_like
22.0,22687,hADSCs
22.0,22688,epithelial_like
22.0,22689,hADSCs
22.0,22690,epithelial_like
22.0,22691,epithelial_like
22.0,22692,epithelial_like
22.0,22693,epithelial_like
22.0,22694,hADSCs
22.0,22695,epithelial_like
22.0,22696,hADSCs
22.0,22697,epithelial_like
22.0,22698,epithelial_like
22.0,22699,epithelial_like
22.0,22700,hADSCs
22.0,22701,epithelial_like
22.0,22702,epithelial_like
22.0,22703,epithelial_like
22.0,22704,epithelial_like
22.0,22705,epithelial_like
22.0,22706,hADSCs
22.0,22707,epithelial_like
22.0,22708,epithelial_like
22.0,22709,epithelial_like
22.0,22710,epithelial_like
22.0,22711,epithelial_like
22.0,22712,epithelial_like
22.0,22713,epithelial_like
22.0,22714,epithelial_like
22.0,22715,epithelial_like
22.0,22716,epithelial_like
22.0,22717,epithelial_like
22.0,22718,hADSCs
22.0,22719,hADSCs
22.0,22720,epithelial_like
22.0,22721,hADSCs
22.0,22722,epithelial_like
22.0,22723,epithelial_like
22.0,22724,epithelial_like
22.0,22725,epithelial_like
22.0,22726,epithelial_like
22.0,22727,epithelial_like
22.0,22728,epithelial_like
22.0,22729,epithelial_like
22.0,22730,hADSCs
22.0,22731,epithelial_like
22.0,22732,epithelial_like
22.0,22733,epithelial_like
22.0,22734,epithelial_like
22.0,22735,hADSCs
22.0,22736,epithelial_like
22.0,22737,epithelial_like
22.0,22738,epithelial_like
22.0,22739,hADSCs
22.0,22740,epithelial_like
22.0,22741,epithelial_like
22.0,22742,hADSCs
22.0,22743,epithelial_like
22.0,22744,hADSCs
22.0,22745,epithelial_like
22.0,22746,hADSCs
22.0,22747,hADSCs
22.0,22748,epithelial_like
22.0,22749,epithelial_like
22.0,22750,hADSCs
22.0,22751,epithelial_like
22.0,22752,epithelial_like
22.0,22753,epithelial_like
22.0,22754,epithelial_like
22.0,22755,epithelial_like
22.0,22756,epithelial_like
22.0,22757,epithelial_like
22.0,22758,epithelial_like
22.0,22759,epithelial_like
22.0,22760,epithelial_like
22.0,22761,epithelial_like
22.0,22762,epithelial_like
22.0,22763,epithelial_like
22.0,22764,epithelial_like
22.0,22765,hADSCs
22.0,22766,hADSCs
22.0,22767,hADSCs
22.0,22768,hADSCs
22.0,22769,epithelial_like
22.0,22770,epithelial_like
22.0,22771,epithelial_like
22.0,22772,epithelial_like
22.0,22773,epithelial_like
22.0,22774,epithelial_like
22.0,22775,epithelial_like
22.0,22776,epithelial_like
22.0,22777,epithelial_like
22.0,22778,epithelial_like
22.0,22779,epithelial_like
22.0,22780,hADSCs
22.0,22781,epithelial_like
22.0,22782,epithelial_like
22.0,22783,epithelial_like
22.0,22784,epithelial_like
22.0,22785,epithelial_like
22.0,22786,epithelial_like
22.0,22787,epithelial_like
22.0,22788,epithelial_like
22.0,22789,epithelial_like
22.0,22790,hADSCs
22.0,22791,epithelial_like
22.0,22792,epithelial_like
22.0,22793,epithelial_like
22.0,22794,epithelial_like
22.0,22795,epithelial_like
22.0,22796,epithelial_like
22.0,22797,epithelial_like
22.0,22798,hADSCs
22.0,22799,epithelial_like
22.0,22800,epithelial_like
22.0,22801,epithelial_like
22.0,22802,epithelial_like
22.0,22803,epithelial_like
22.0,22804,epithelial_like
22.0,22805,epithelial_like
22.0,22806,epithelial_like
22.0,22807,epithelial_like
22.0,22808,epithelial_like
22.0,22809,epithelial_like
22.0,22810,hADSCs
22.0,22811,epithelial_like
22.0,22812,epithelial_like
22.0,22813,hADSCs
22.0,22814,epithelial_like
22.0,22815,epithelial_like
22.0,22816,epithelial_like
22.0,22817,epithelial_like
22.0,22818,hADSCs
22.0,22819,epithelial_like
22.0,22820,epithelial_like
22.0,22821,epithelial_like
22.0,22822,epithelial_like
22.0,22823,epithelial_like
22.0,22824,epithelial_like
22.0,22825,epithelial_like
22.0,22826,epithelial_like
22.0,22827,epithelial_like
22.0,22828,hADSCs
22.0,22829,epithelial_like
22.0,22830,epithelial_like
22.0,22831,epithelial_like
22.0,22832,epithelial_like
22.0,22833,hADSCs
22.0,22834,hADSCs
22.0,22835,epithelial_like
22.0,22836,epithelial_like
22.0,22837,epithelial_like
22.0,22838,epithelial_like
22.0,22839,epithelial_like
22.0,22840,hADSCs
22.0,22841,hADSCs
22.0,22842,epithelial_like
22.0,22843,epithelial_like
22.0,22844,epithelial_like
22.0,22845,epithelial_like
22.0,22846,epithelial_like
22.0,22847,hADSCs
22.0,22848,epithelial_like
22.0,22849,epithelial_like
22.0,22850,epithelial_like
22.0,22851,epithelial_like
22.0,22852,epithelial_like
22.0,22853,hADSCs
22.0,22854,hADSCs
22.0,22855,epithelial_like
22.0,22856,epithelial_like
22.0,22857,epithelial_like
22.0,22858,epithelial_like
22.0,22859,hADSCs
22.0,22860,epithelial_like
22.0,22861,epithelial_like
22.0,22862,epithelial_like
22.0,22863,epithelial_like
22.0,22864,hADSCs
22.0,22865,hADSCs
22.0,22866,epithelial_like
22.0,22867,hADSCs
22.0,22868,epithelial_like
22.0,22869,hADSCs
22.0,22870,hADSCs
22.0,22871,epithelial_like
22.0,22872,epithelial_like
22.0,22873,hADSCs
22.0,22874,epithelial_like
22.0,22875,hADSCs
22.0,22876,epithelial_like
22.0,22877,epithelial_like
22.0,22878,epithelial_like
22.0,22879,hADSCs
22.0,22880,epithelial_like
22.0,22881,epithelial_like
22.0,22882,intermediate_plastic
22.0,22883,epithelial_like
22.0,22884,ambiguous
22.0,22885,epithelial_like
22.0,22886,epithelial_like
22.0,22887,epithelial_like
22.0,22888,epithelial_like
22.0,22889,epithelial_like
22.0,22890,epithelial_like
22.0,22891,epithelial_like
22.0,22892,epithelial_like
22.0,22893,epithelial_like
22.0,22894,epithelial_like
22.0,22895,epithelial_like
22.0,22896,epithelial_like
22.0,22897,epithelial_like
22.0,22898,hADSCs
22.0,22899,epithelial_like
22.0,22900,epithelial_like
22.0,22901,epithelial_like
22.0,22902,epithelial_like
22.0,22903,epithelial_like
22.0,22904,epithelial_like
22.0,22905,epithelial_like
22.0,22906,hADSCs
22.0,22907,hADSCs
22.0,22908,hADSCs
22.0,22909,epithelial_like
22.0,22910,epithelial_like
22.0,22911,epithelial_like
22.0,22912,epithelial_like
22.0,22913,hADSCs
22.0,22914,hADSCs
22.0,22915,epithelial_like
22.0,22916,epithelial_like
22.0,22917,epithelial_like
22.0,22918,hADSCs
22.0,22919,epithelial_like
22.0,22920,epithelial_like
22.0,22921,epithelial_like
22.0,22922,epithelial_like
22.0,22923,epithelial_like
22.0,22924,epithelial_like
22.0,22925,epithelial_like
22.0,22926,epithelial_like
22.0,22927,epithelial_like
22.0,22928,epithelial_like
22.0,22929,epithelial_like
22.0,22930,epithelial_like
22.0,22931,epithelial_like
22.0,22932,epithelial_like
22.0,22933,epithelial_like
22.0,22934,epithelial_like
22.0,22935,hADSCs
22.0,22936,epithelial_like
22.0,22937,epithelial_like
22.0,22938,epithelial_like
22.0,22939,epithelial_like
22.0,22940,epithelial_like
22.0,22941,epithelial_like
22.0,22942,hADSCs
22.0,22943,epithelial_like
22.0,22944,hADSCs
22.0,22945,epithelial_like
22.0,22946,epithelial_like
22.0,22947,epithelial_like
22.0,22948,epithelial_like
22.0,22949,hADSCs
22.0,22950,epithelial_like
22.0,22951,hADSCs
22.0,22952,hADSCs
22.0,22953,epithelial_like
22.0,22954,hADSCs
22.0,22955,hADSCs
22.0,22956,epithelial_like
22.0,22957,epithelial_like
22.0,22958,epithelial_like
22.0,22959,epithelial_like
22.0,22960,hADSCs
22.0,22961,epithelial_like
22.0,22962,hADSCs
22.0,22963,hADSCs
22.0,22964,hADSCs
22.0,22965,epithelial_like
22.0,22966,epithelial_like
22.0,22967,epithelial_like
22.0,22968,epithelial_like
22.0,22969,epithelial_like
22.0,22970,epithelial_like
22.0,22971,epithelial_like
22.0,22972,epithelial_like
22.0,22973,epithelial_like
22.0,22974,epithelial_like
22.0,22975,epithelial_like
22.0,22976,hADSCs
22.0,22977,epithelial_like
22.0,22978,epithelial_like
22.0,22979,hADSCs
22.0,22980,hADSCs
22.0,22981,hADSCs
22.0,22982,hADSCs
22.0,22983,epithelial_like
22.0,22984,epithelial_like
22.0,22985,epithelial_like
22.0,22986,hADSCs
22.0,22987,epithelial_like
22.0,22988,epithelial_like
22.0,22989,epithelial_like
22.0,22990,hADSCs
22.0,22991,hADSCs
22.0,22992,hADSCs
22.0,22993,hADSCs
22.0,22994,epithelial_like
22.0,22995,epithelial_like
22.0,22996,epithelial_like
22.0,22997,hADSCs
22.0,22998,epithelial_like
22.0,22999,epithelial_like
22.0,23000,epithelial_like
22.0,23001,epithelial_like
22.0,23002,epithelial_like
22.0,23003,epithelial_like
22.0,23004,epithelial_like
22.0,23005,hADSCs
22.0,23006,epithelial_like
22.0,23007,hADSCs
22.0,23008,epithelial_like
22.0,23009,epithelial_like
22.0,23010,epithelial_like
22.0,23011,epithelial_like
22.0,23012,epithelial_like
22.0,23013,epithelial_like
22.0,23014,epithelial_like
22.0,23015,epithelial_like
22.0,23016,hADSCs
22.0,23017,epithelial_like
22.0,23018,epithelial_like
22.0,23019,hADSCs
22.0,23020,hADSCs
22.0,23021,epithelial_like
22.0,23022,epithelial_like
22.0,23023,epithelial_like
22.0,23024,epithelial_like
22.0,23025,epithelial_like
22.0,23026,hADSCs
22.0,23027,hADSCs
22.0,23028,epithelial_like
22.0,23029,hADSCs
22.0,23030,epithelial_like
22.0,23031,epithelial_like
22.0,23032,epithelial_like
22.0,23033,epithelial_like
22.0,23034,hADSCs
22.0,23035,hADSCs
22.0,23036,hADSCs
22.0,23037,epithelial_like
22.0,23038,epithelial_like
22.0,23039,epithelial_like
22.0,23040,epithelial_like
22.0,23041,epithelial_like
22.0,23042,hADSCs
22.0,23043,hADSCs
22.0,23044,hADSCs
22.0,23045,epithelial_like
22.0,23046,epithelial_like
22.0,23047,epithelial_like
22.0,23048,epithelial_like
22.0,23049,epithelial_like
22.0,23050,hADSCs
22.0,23051,epithelial_like
22.0,23052,epithelial_like
22.0,23053,epithelial_like
22.0,23054,hADSCs
22.0,23055,hADSCs
22.0,23056,hADSCs
22.0,23057,hADSCs
22.0,23058,epithelial_like
22.0,23059,hADSCs
22.0,23060,hADSCs
22.0,23061,hADSCs
22.0,23062,epithelial_like
22.0,23063,hADSCs
22.0,23064,epithelial_like
22.0,23065,hADSCs
22.0,23066,hADSCs
22.0,23067,epithelial_like
22.0,23068,epithelial_like
22.0,23069,epithelial_like
22.0,23070,hADSCs
22.0,23071,epithelial_like
22.0,23072,epithelial_like
22.0,23073,epithelial_like
22.0,23074,epithelial_like
22.0,23075,epithelial_like
22.0,23076,epithelial_like
22.0,23077,epithelial_like
22.0,23078,epithelial_like
22.0,23079,epithelial_like
22.0,23080,epithelial_like
22.0,23081,epithelial_like
22.0,23082,epithelial_like
22.0,23083,epithelial_like
22.0,23084,epithelial_like
22.0,23085,epithelial_like
22.0,23086,epithelial_like
22.0,23087,epithelial_like
22.0,23088,epithelial_like
22.0,23089,epithelial_like
22.0,23090,epithelial_like
22.0,23091,epithelial_like
22.0,23092,epithelial_like
22.0,23093,epithelial_like
22.0,23094,hADSCs
22.0,23095,hADSCs
22.0,23096,epithelial_like
22.0,23097,hADSCs
22.0,23098,epithelial_like
22.0,23099,hADSCs
22.0,23100,epithelial_like
22.0,23101,epithelial_like
22.0,23102,epithelial_like
22.0,23103,epithelial_like
22.0,23104,epithelial_like
22.0,23105,epithelial_like
22.0,23106,hADSCs
22.0,23107,epithelial_like
22.0,23108,epithelial_like
22.0,23109,epithelial_like
22.0,23110,epithelial_like
22.0,23111,epithelial_like
22.0,23112,epithelial_like
22.0,23113,hADSCs
22.0,23114,epithelial_like
22.0,23115,epithelial_like
22.0,23116,epithelial_like
22.0,23117,epithelial_like
22.0,23118,epithelial_like
22.0,23119,hADSCs
22.0,23120,hADSCs
22.0,23121,epithelial_like
22.0,23122,hADSCs
22.0,23123,epithelial_like
22.0,23124,hADSCs
22.0,23125,epithelial_like
22.0,23126,epithelial_like
22.0,23127,epithelial_like
22.0,23128,hADSCs
22.0,23129,epithelial_like
22.0,23130,epithelial_like
22.0,23131,epithelial_like
22.0,23132,epithelial_like
22.0,23133,epithelial_like
22.0,23134,epithelial_like
22.0,23135,epithelial_like
22.0,23136,epithelial_like
22.0,23137,epithelial_like
22.0,23138,epithelial_like
22.0,23139,epithelial_like
22.0,23140,epithelial_like
22.0,23141,epithelial_like
22.0,23142,epithelial_like
22.0,23143,epithelial_like
22.0,23144,epithelial_like
22.0,23145,epithelial_like
22.0,23146,hADSCs
22.0,23147,hADSCs
22.0,23148,epithelial_like
22.0,23149,epithelial_like
22.0,23150,hADSCs
22.0,23151,epithelial_like
22.0,23152,epithelial_like
22.0,23153,hADSCs
22.0,23154,epithelial_like
22.0,23155,epithelial_like
22.0,23156,epithelial_like
22.0,23157,epithelial_like
22.0,23158,epithelial_like
22.0,23159,hADSCs
22.0,23160,hADSCs
22.0,23161,epithelial_like
22.0,23162,epithelial_like
22.0,23163,epithelial_like
22.0,23164,epithelial_like
22.0,23165,epithelial_like
22.0,23166,epithelial_like
22.0,23167,epithelial_like
22.0,23168,epithelial_like
22.0,23169,epithelial_like
22.0,23170,epithelial_like
22.0,23171,hADSCs
22.0,23172,epithelial_like
22.0,23173,epithelial_like
22.0,23174,epithelial_like
22.0,23175,epithelial_like
22.0,23176,hADSCs
22.0,23177,epithelial_like
22.0,23178,epithelial_like
22.0,23179,epithelial_like
22.0,23180,hADSCs
22.0,23181,epithelial_like
22.0,23182,epithelial_like
22.0,23183,epithelial_like
22.0,23184,epithelial_like
22.0,23185,hADSCs
22.0,23186,epithelial_like
22.0,23187,epithelial_like
22.0,23188,epithelial_like
22.0,23189,epithelial_like
22.0,23190,epithelial_like
22.0,23191,hADSCs
22.0,23192,epithelial_like
22.0,23193,epithelial_like
22.0,23194,hADSCs
22.0,23195,hADSCs
22.0,23196,epithelial_like
22.0,23197,hADSCs
22.0,23198,epithelial_like
22.0,23199,epithelial_like
22.0,23200,epithelial_like
22.0,23201,epithelial_like
22.0,23202,epithelial_like
22.0,23203,epithelial_like
22.0,23204,epithelial_like
22.0,23205,epithelial_like
22.0,23206,epithelial_like
22.0,23207,epithelial_like
22.0,23208,epithelial_like
22.0,23209,epithelial_like
22.0,23210,epithelial_like
22.0,23211,epithelial_like
22.0,23212,epithelial_like
22.0,23213,epithelial_like
22.0,23214,epithelial_like
22.0,23215,epithelial_like
22.0,23216,epithelial_like
22.0,23217,hADSCs
22.0,23218,epithelial_like
22.0,23219,epithelial_like
22.0,23220,epithelial_like
22.0,23221,epithelial_like
22.0,23222,epithelial_like
22.0,23223,epithelial_like
22.0,23224,epithelial_like
22.0,23225,epithelial_like
22.0,23226,epithelial_like
22.0,23227,epithelial_like
22.0,23228,epithelial_like
22.0,23229,epithelial_like
22.0,23230,epithelial_like
22.0,23231,epithelial_like
22.0,23232,epithelial_like
22.0,23233,epithelial_like
22.0,23234,epithelial_like
22.0,23235,hADSCs
22.0,23236,hADSCs
22.0,23237,epithelial_like
22.0,23238,epithelial_like
22.0,23239,epithelial_like
22.0,23240,hADSCs
22.0,23241,hADSCs
22.0,23242,epithelial_like
22.0,23243,epithelial_like
22.0,23244,epithelial_like
22.0,23245,epithelial_like
22.0,23246,epithelial_like
22.0,23247,epithelial_like
22.0,23248,epithelial_like
22.0,23249,hADSCs
22.0,23250,epithelial_like
22.0,23251,epithelial_like
22.0,23252,epithelial_like
22.0,23253,epithelial_like
22.0,23254,epithelial_like
22.0,23255,epithelial_like
22.0,23256,epithelial_like
22.0,23257,epithelial_like
22.0,23258,hADSCs
22.0,23259,hADSCs
22.0,23260,epithelial_like
22.0,23261,hADSCs
22.0,23262,epithelial_like
22.0,23263,epithelial_like
22.0,23264,epithelial_like
22.0,23265,epithelial_like
22.0,23266,epithelial_like
22.0,23267,epithelial_like
22.0,23268,epithelial_like
22.0,23269,epithelial_like
22.0,23270,epithelial_like
22.0,23271,epithelial_like
22.0,23272,epithelial_like
22.0,23273,hADSCs
22.0,23274,epithelial_like
22.0,23275,hADSCs
22.0,23276,hADSCs
22.0,23277,epithelial_like
22.0,23278,epithelial_like
22.0,23279,epithelial_like
22.0,23280,epithelial_like
22.0,23281,epithelial_like
22.0,23282,epithelial_like
22.0,23283,hADSCs
22.0,23284,hADSCs
22.0,23285,hADSCs
22.0,23286,hADSCs
22.0,23287,epithelial_like
22.0,23288,epithelial_like
22.0,23289,hADSCs
22.0,23290,hADSCs
22.0,23291,hADSCs
22.0,23292,epithelial_like
22.0,23293,epithelial_like
22.0,23294,epithelial_like
22.0,23295,epithelial_like
22.0,23296,epithelial_like
22.0,23297,hADSCs
22.0,23298,epithelial_like
22.0,23299,epithelial_like
22.0,23300,hADSCs
22.0,23301,hADSCs
22.0,23302,epithelial_like
22.0,23303,epithelial_like
22.0,23304,epithelial_like
22.0,23305,epithelial_like
22.0,23306,epithelial_like
22.0,23307,epithelial_like
22.0,23308,epithelial_like
22.0,23309,epithelial_like
22.0,23310,epithelial_like
22.0,23311,epithelial_like
22.0,23312,epithelial_like
22.0,23313,epithelial_like
22.0,23314,epithelial_like
22.0,23315,epithelial_like
22.0,23316,epithelial_like
22.0,23317,hADSCs
22.0,23318,epithelial_like
22.0,23319,epithelial_like
22.0,23320,epithelial_like
22.0,23321,epithelial_like
22.0,23322,epithelial_like
22.0,23323,epithelial_like
22.0,23324,epithelial_like
22.0,23325,hADSCs
22.0,23326,hADSCs
22.0,23327,hADSCs
22.0,23328,epithelial_like
22.0,23329,epithelial_like
22.0,23330,epithelial_like
22.0,23331,epithelial_like
22.0,23332,epithelial_like
22.0,23333,epithelial_like
22.0,23334,hADSCs
22.0,23335,epithelial_like
22.0,23336,epithelial_like
22.0,23337,epithelial_like
22.0,23338,hADSCs
22.0,23339,epithelial_like
22.0,23340,epithelial_like
22.0,23341,epithelial_like
22.0,23342,epithelial_like
22.0,23343,epithelial_like
22.0,23344,epithelial_like
22.0,23345,epithelial_like
22.0,23346,epithelial_like
22.0,23347,epithelial_like
22.0,23348,epithelial_like
22.0,23349,hADSCs
22.0,23350,hADSCs
22.0,23351,epithelial_like
22.0,23352,epithelial_like
22.0,23353,epithelial_like
22.0,23354,hADSCs
22.0,23355,epithelial_like
22.0,23356,epithelial_like
22.0,23357,ambiguous
22.0,23358,hADSCs
22.0,23359,hADSCs
22.0,23360,epithelial_like
22.0,23361,epithelial_like
22.0,23362,epithelial_like
22.0,23363,epithelial_like
22.0,23364,epithelial_like
22.0,23365,hADSCs
22.0,23366,epithelial_like
22.0,23367,epithelial_like
22.0,23368,epithelial_like
22.0,23369,epithelial_like
22.0,23370,epithelial_like
22.0,23371,epithelial_like
22.0,23372,epithelial_like
22.0,23373,epithelial_like
22.0,23374,epithelial_like
22.0,23375,epithelial_like
22.0,23376,hADSCs
22.0,23377,hADSCs
22.0,23378,hADSCs
22.0,23379,hADSCs
22.0,23380,hADSCs
22.0,23381,epithelial_like
22.0,23382,epithelial_like
22.0,23383,epithelial_like
22.0,23384,epithelial_like
22.0,23385,epithelial_like
22.0,23386,epithelial_like
22.0,23387,epithelial_like
22.0,23388,epithelial_like
22.0,23389,epithelial_like
22.0,23390,epithelial_like
22.0,23391,epithelial_like
22.0,23392,epithelial_like
22.0,23393,epithelial_like
22.0,23394,epithelial_like
22.0,23395,epithelial_like
22.0,23396,epithelial_like
22.0,23397,hADSCs
22.0,23398,epithelial_like
22.0,23399,epithelial_like
22.0,23400,epithelial_like
22.0,23401,epithelial_like
22.0,23402,epithelial_like
22.0,23403,epithelial_like
22.0,23404,epithelial_like
22.0,23405,epithelial_like
22.0,23406,epithelial_like
22.0,23407,epithelial_like
22.0,23408,epithelial_like
22.0,23409,hADSCs
22.0,23410,epithelial_like
22.0,23411,hADSCs
22.0,23412,epithelial_like
22.0,23413,hADSCs
22.0,23414,epithelial_like
22.0,23415,epithelial_like
22.0,23416,epithelial_like
22.0,23417,epithelial_like
22.0,23418,epithelial_like
22.0,23419,epithelial_like
22.0,23420,epithelial_like
22.0,23421,epithelial_like
22.0,23422,epithelial_like
22.0,23423,epithelial_like
22.0,23424,epithelial_like
22.0,23425,epithelial_like
22.0,23426,epithelial_like
22.0,23427,epithelial_like
22.0,23428,epithelial_like
22.0,23429,epithelial_like
22.0,23430,hADSCs
22.0,23431,hADSCs
22.0,23432,hADSCs
22.0,23433,hADSCs
22.0,23434,hADSCs
22.0,23435,epithelial_like
22.0,23436,epithelial_like
22.0,23437,hADSCs
22.0,23438,hADSCs
22.0,23439,epithelial_like
22.0,23440,epithelial_like
22.0,23441,epithelial_like
22.0,23442,epithelial_like
22.0,23443,epithelial_like
22.0,23444,epithelial_like
22.0,23445,epithelial_like
22.0,23446,epithelial_like
22.0,23447,epithelial_like
22.0,23448,epithelial_like
22.0,23449,epithelial_like
22.0,23450,epithelial_like
22.0,23451,hADSCs
22.0,23452,hADSCs
22.0,23453,hADSCs
22.0,23454,epithelial_like
22.0,23455,hADSCs
22.0,23456,epithelial_like
22.0,23457,epithelial_like
22.0,23458,hADSCs
22.0,23459,hADSCs
22.0,23460,epithelial_like
22.0,23461,epithelial_like
22.0,23462,epithelial_like
22.0,23463,epithelial_like
22.0,23464,epithelial_like
22.0,23465,epithelial_like
22.0,23466,epithelial_like
22.0,23467,epithelial_like
22.0,23468,hADSCs
22.0,23469,epithelial_like
22.0,23470,epithelial_like
22.0,23471,epithelial_like
22.0,23472,epithelial_like
22.0,23473,epithelial_like
22.0,23474,epithelial_like
22.0,23475,hADSCs
22.0,23476,epithelial_like
22.0,23477,hADSCs
22.0,23478,epithelial_like
22.0,23479,epithelial_like
22.0,23480,epithelial_like
22.0,23481,hADSCs
22.0,23482,epithelial_like
22.0,23483,epithelial_like
22.0,23484,epithelial_like
22.0,23485,epithelial_like
22.0,23486,hADSCs
22.0,23487,epithelial_like
22.0,23488,hADSCs
22.0,23489,epithelial_like
22.0,23490,hADSCs
22.0,23491,epithelial_like
22.0,23492,epithelial_like
22.0,23493,hADSCs
22.0,23494,hADSCs
22.0,23495,epithelial_like
22.0,23496,epithelial_like
22.0,23497,epithelial_like
22.0,23498,epithelial_like
22.0,23499,epithelial_like
22.0,23500,epithelial_like
22.0,23501,hADSCs
22.0,23502,hADSCs
22.0,23503,epithelial_like
22.0,23504,epithelial_like
22.0,23505,epithelial_like
22.0,23506,epithelial_like
22.0,23507,epithelial_like
22.0,23508,epithelial_like
22.0,23509,epithelial_like
22.0,23510,epithelial_like
22.0,23511,epithelial_like
22.0,23512,hADSCs
22.0,23513,epithelial_like
22.0,23514,epithelial_like
22.0,23515,epithelial_like
22.0,23516,epithelial_like
22.0,23517,epithelial_like
22.0,23518,epithelial_like
22.0,23519,epithelial_like
22.0,23520,epithelial_like
22.0,23521,epithelial_like
22.0,23522,epithelial_like
22.0,23523,hADSCs
22.0,23524,epithelial_like
22.0,23525,hADSCs
22.0,23526,epithelial_like
22.0,23527,epithelial_like
22.0,23528,epithelial_like
22.0,23529,epithelial_like
22.0,23530,epithelial_like
22.0,23531,epithelial_like
22.0,23532,epithelial_like
22.0,23533,epithelial_like
22.0,23534,hADSCs
22.0,23535,epithelial_like
22.0,23536,epithelial_like
22.0,23537,hADSCs
22.0,23538,epithelial_like
22.0,23539,epithelial_like
22.0,23540,hADSCs
22.0,23541,epithelial_like
22.0,23542,epithelial_like
22.0,23543,hADSCs
22.0,23544,epithelial_like
22.0,23545,epithelial_like
22.0,23546,hADSCs
22.0,23547,epithelial_like
22.0,23548,epithelial_like
22.0,23549,epithelial_like
22.0,23550,hADSCs
22.0,23551,epithelial_like
22.0,23552,epithelial_like
22.0,23553,epithelial_like
22.0,23554,epithelial_like
22.0,23555,epithelial_like
22.0,23556,epithelial_like
22.0,23557,epithelial_like
22.0,23558,epithelial_like
22.0,23559,epithelial_like
22.0,23560,epithelial_like
22.0,23561,hADSCs
22.0,23562,epithelial_like
22.0,23563,epithelial_like
22.0,23564,hADSCs
22.0,23565,epithelial_like
22.0,23566,hADSCs
22.0,23567,hADSCs
22.0,23568,hADSCs
22.0,23569,hADSCs
22.0,23570,hADSCs
22.0,23571,epithelial_like
22.0,23572,epithelial_like
22.0,23573,epithelial_like
22.0,23574,epithelial_like
22.0,23575,epithelial_like
22.0,23576,epithelial_like
22.0,23577,hADSCs
22.0,23578,epithelial_like
22.0,23579,epithelial_like
22.0,23580,hADSCs
22.0,23581,epithelial_like
22.0,23582,epithelial_like
22.0,23583,hADSCs
22.0,23584,hADSCs
22.0,23585,epithelial_like
22.0,23586,epithelial_like
22.0,23587,epithelial_like
22.0,23588,epithelial_like
22.0,23589,hADSCs
22.0,23590,epithelial_like
22.0,23591,epithelial_like
22.0,23592,epithelial_like
22.0,23593,epithelial_like
22.0,23594,epithelial_like
22.0,23595,hADSCs
22.0,23596,epithelial_like
22.0,23597,epithelial_like
22.0,23598,epithelial_like
22.0,23599,epithelial_like
22.0,23600,epithelial_like
22.0,23601,epithelial_like
22.0,23602,hADSCs
22.0,23603,hADSCs
22.0,23604,epithelial_like
22.0,23605,hADSCs
22.0,23606,epithelial_like
22.0,23607,epithelial_like
22.0,23608,epithelial_like
22.0,23609,epithelial_like
22.0,23610,epithelial_like
22.0,23611,epithelial_like
22.0,23612,hADSCs
22.0,23613,epithelial_like
22.0,23614,hADSCs
22.0,23615,epithelial_like
22.0,23616,epithelial_like
22.0,23617,epithelial_like
22.0,23618,epithelial_like
22.0,23619,epithelial_like
22.0,23620,epithelial_like
22.0,23621,epithelial_like
22.0,23622,epithelial_like
22.0,23623,epithelial_like
22.0,23624,epithelial_like
22.0,23625,hADSCs
22.0,23626,hADSCs
22.0,23627,epithelial_like
22.0,23628,epithelial_like
22.0,23629,hADSCs
22.0,23630,hADSCs
22.0,23631,epithelial_like
22.0,23632,epithelial_like
22.0,23633,hADSCs
22.0,23634,hADSCs
22.0,23635,hADSCs
22.0,23636,hADSCs
22.0,23637,hADSCs
22.0,23638,epithelial_like
22.0,23639,epithelial_like
22.0,23640,hADSCs
22.0,23641,epithelial_like
22.0,23642,epithelial_like
22.0,23643,epithelial_like
22.0,23644,epithelial_like
22.0,23645,epithelial_like
22.0,23646,hADSCs
22.0,23647,hADSCs
22.0,23648,epithelial_like
22.0,23649,epithelial_like
22.0,23650,hADSCs
22.0,23651,epithelial_like
22.0,23652,epithelial_like
22.0,23653,hADSCs
22.0,23654,hADSCs
22.0,23655,epithelial_like
22.0,23656,epithelial_like
22.0,23657,epithelial_like
22.0,23658,epithelial_like
22.0,23659,epithelial_like
22.0,23660,epithelial_like
22.0,23661,epithelial_like
22.0,23662,epithelial_like
22.0,23663,epithelial_like
22.0,23664,hADSCs
22.0,23665,epithelial_like
22.0,23666,epithelial_like
22.0,23667,epithelial_like
22.0,23668,epithelial_like
22.0,23669,hADSCs
22.0,23670,epithelial_like
22.0,23671,epithelial_like
22.0,23672,epithelial_like
22.0,23673,epithelial_like
22.0,23674,epithelial_like
22.0,23675,hADSCs
22.0,23676,epithelial_like
22.0,23677,epithelial_like
22.0,23678,epithelial_like
22.0,23679,epithelial_like
22.0,23680,epithelial_like
22.0,23681,epithelial_like
22.0,23682,epithelial_like
22.0,23683,epithelial_like
22.0,23684,epithelial_like
22.0,23685,epithelial_like
22.0,23686,hADSCs
22.0,23687,hADSCs
22.0,23688,hADSCs
22.0,23689,epithelial_like
22.0,23690,epithelial_like
22.0,23691,epithelial_like
22.0,23692,epithelial_like
22.0,23693,epithelial_like
22.0,23694,epithelial_like
22.0,23695,epithelial_like
22.0,23696,epithelial_like
22.0,23697,epithelial_like
22.0,23698,epithelial_like
22.0,23699,hADSCs
22.0,23700,hADSCs
22.0,23701,epithelial_like
22.0,23702,epithelial_like
22.0,23703,epithelial_like
22.0,23704,hADSCs
22.0,23705,epithelial_like
22.0,23706,hADSCs
22.0,23707,epithelial_like
22.0,23708,hADSCs
22.0,23709,hADSCs
22.0,23710,epithelial_like
22.0,23711,hADSCs
22.0,23712,epithelial_like
22.0,23713,hADSCs
22.0,23714,epithelial_like
22.0,23715,epithelial_like
22.0,23716,epithelial_like
22.0,23717,hADSCs
22.0,23718,hADSCs
22.0,23719,epithelial_like
22.0,23720,epithelial_like
22.0,23721,hADSCs
22.0,23722,epithelial_like
22.0,23723,hADSCs
22.0,23724,hADSCs
22.0,23725,hADSCs
22.0,23726,hADSCs
22.0,23727,epithelial_like
22.0,23728,epithelial_like
22.0,23729,epithelial_like
22.0,23730,epithelial_like
22.0,23731,epithelial_like
22.0,23732,epithelial_like
22.0,23733,hADSCs
22.0,23734,epithelial_like
22.0,23735,epithelial_like
22.0,23736,epithelial_like
22.0,23737,epithelial_like
22.0,23738,hADSCs
22.0,23739,hADSCs
22.0,23740,hADSCs
22.0,23741,hADSCs
22.0,23742,epithelial_like
22.0,23743,epithelial_like
22.0,23744,epithelial_like
22.0,23745,hADSCs
22.0,23746,epithelial_like
22.0,23747,epithelial_like
22.0,23748,epithelial_like
22.0,23749,epithelial_like
22.0,23750,hADSCs
22.0,23751,hADSCs
22.0,23752,epithelial_like
22.0,23753,epithelial_like
22.0,23754,hADSCs
22.0,23755,epithelial_like
22.0,23756,epithelial_like
22.0,23757,hADSCs
22.0,23758,epithelial_like
22.0,23759,epithelial_like
22.0,23760,epithelial_like
22.0,23761,epithelial_like
22.0,23762,epithelial_like
22.0,23763,epithelial_like
22.0,23764,epithelial_like
22.0,23765,epithelial_like
22.0,23766,hADSCs
22.0,23767,epithelial_like
22.0,23768,epithelial_like
22.0,23769,epithelial_like
22.0,23770,epithelial_like
22.0,23771,epithelial_like
22.0,23772,epithelial_like
22.0,23773,epithelial_like
22.0,23774,epithelial_like
22.0,23775,epithelial_like
22.0,23776,hADSCs
22.0,23777,epithelial_like
22.0,23778,epithelial_like
22.0,23779,epithelial_like
22.0,23780,epithelial_like
22.0,23781,epithelial_like
22.0,23782,epithelial_like
22.0,23783,intermediate_plastic
22.0,23784,hADSCs
22.0,23785,hADSCs
22.0,23786,epithelial_like
22.0,23787,epithelial_like
22.0,23788,epithelial_like
22.0,23789,hADSCs
22.0,23790,epithelial_like
22.0,23791,epithelial_like
22.0,23792,epithelial_like
22.0,23793,epithelial_like
22.0,23794,epithelial_like
22.0,23795,epithelial_like
22.0,23796,epithelial_like
22.0,23797,epithelial_like
22.0,23798,epithelial_like
22.0,23799,epithelial_like
22.0,23800,epithelial_like
22.0,23801,epithelial_like
22.0,23802,epithelial_like
22.0,23803,hADSCs
22.0,23804,epithelial_like
22.0,23805,epithelial_like
22.0,23806,epithelial_like
22.0,23807,epithelial_like
22.0,23808,epithelial_like
22.0,23809,hADSCs
22.0,23810,epithelial_like
22.0,23811,hADSCs
22.0,23812,epithelial_like
22.0,23813,epithelial_like
22.0,23814,epithelial_like
22.0,23815,epithelial_like
22.0,23816,epithelial_like
22.0,23817,hADSCs
22.0,23818,epithelial_like
22.0,23819,hADSCs
22.0,23820,epithelial_like
22.0,23821,epithelial_like
22.0,23822,epithelial_like
22.0,23823,epithelial_like
22.0,23824,epithelial_like
22.0,23825,hADSCs
22.0,23826,epithelial_like
22.0,23827,epithelial_like
22.0,23828,epithelial_like
22.0,23829,hADSCs
22.0,23830,epithelial_like
22.0,23831,epithelial_like
22.0,23832,epithelial_like
22.0,23833,epithelial_like
22.0,23834,epithelial_like
22.0,23835,epithelial_like
22.0,23836,epithelial_like
22.0,23837,epithelial_like
22.0,23838,epithelial_like
22.0,23839,epithelial_like
22.0,23840,epithelial_like
22.0,23841,epithelial_like
22.0,23842,epithelial_like
22.0,23843,epithelial_like
22.0,23844,epithelial_like
22.0,23845,epithelial_like
22.0,23846,epithelial_like
22.0,23847,epithelial_like
22.0,23848,epithelial_like
22.0,23849,epithelial_like
22.0,23850,epithelial_like
22.0,23851,epithelial_like
22.0,23852,epithelial_like
22.0,23853,epithelial_like
22.0,23854,epithelial_like
22.0,23855,epithelial_like
22.0,23856,epithelial_like
22.0,23857,epithelial_like
22.0,23858,epithelial_like
22.0,23859,epithelial_like
22.0,23860,hADSCs
22.0,23861,epithelial_like
22.0,23862,hADSCs
22.0,23863,epithelial_like
22.0,23864,hADSCs
22.0,23865,hADSCs
22.0,23866,ambiguous
22.0,23867,ambiguous
22.0,23868,hADSCs
22.0,23869,epithelial_like
22.0,23870,epithelial_like
22.0,23871,epithelial_like
22.0,23872,hADSCs
22.0,23873,epithelial_like
22.0,23874,epithelial_like
22.0,23875,hADSCs
22.0,23876,epithelial_like
22.0,23877,epithelial_like
22.0,23878,epithelial_like
22.0,23879,epithelial_like
22.0,23880,hADSCs
22.0,23881,epithelial_like
22.0,23882,epithelial_like
22.0,23883,epithelial_like
22.0,23884,hADSCs
22.0,23885,epithelial_like
22.0,23886,epithelial_like
22.0,23887,hADSCs
22.0,23888,hADSCs
22.0,23889,epithelial_like
22.0,23890,epithelial_like
22.0,23891,epithelial_like
22.0,23892,epithelial_like
22.0,23893,epithelial_like
22.0,23894,hADSCs
22.0,23895,hADSCs
22.0,23896,epithelial_like
22.0,23897,hADSCs
22.0,23898,hADSCs
22.0,23899,epithelial_like
22.0,23900,epithelial_like
22.0,23901,epithelial_like
22.0,23902,hADSCs
22.0,23903,epithelial_like
22.0,23904,epithelial_like
22.0,23905,hADSCs
22.0,23906,epithelial_like
22.0,23907,epithelial_like
22.0,23908,epithelial_like
22.0,23909,hADSCs
22.0,23910,epithelial_like
22.0,23911,epithelial_like
22.0,23912,epithelial_like
22.0,23913,epithelial_like
22.0,23914,epithelial_like
22.0,23915,hADSCs
22.0,23916,epithelial_like
22.0,23917,epithelial_like
22.0,23918,epithelial_like
22.0,23919,hADSCs
22.0,23920,epithelial_like
22.0,23921,hADSCs
22.0,23922,hADSCs
22.0,23923,hADSCs
22.0,23924,epithelial_like
22.0,23925,epithelial_like
22.0,23926,hADSCs
22.0,23927,hADSCs
22.0,23928,hADSCs
22.0,23929,epithelial_like
22.0,23930,hADSCs
22.0,23931,epithelial_like
22.0,23932,epithelial_like
22.0,23933,epithelial_like
22.0,23934,hADSCs
22.0,23935,epithelial_like
22.0,23936,epithelial_like
22.0,23937,epithelial_like
22.0,23938,epithelial_like
22.0,23939,hADSCs
22.0,23940,epithelial_like
22.0,23941,epithelial_like
22.0,23942,epithelial_like
22.0,23943,epithelial_like
22.0,23944,epithelial_like
22.0,23945,epithelial_like
22.0,23946,epithelial_like
22.0,23947,hADSCs
22.0,23948,epithelial_like
22.0,23949,epithelial_like
22.0,23950,epithelial_like
22.0,23951,epithelial_like
22.0,23952,epithelial_like
22.0,23953,epithelial_like
22.0,23954,hADSCs
22.0,23955,epithelial_like
22.0,23956,epithelial_like
22.0,23957,epithelial_like
22.0,23958,hADSCs
22.0,23959,epithelial_like
22.0,23960,epithelial_like
22.0,23961,epithelial_like
22.0,23962,epithelial_like
22.0,23963,epithelial_like
22.0,23964,epithelial_like
22.0,23965,epithelial_like
22.0,23966,epithelial_like
22.0,23967,epithelial_like
22.0,23968,epithelial_like
22.0,23969,epithelial_like
22.0,23970,epithelial_like
22.0,23971,epithelial_like
22.0,23972,epithelial_like
22.0,23973,epithelial_like
22.0,23974,epithelial_like
22.0,23975,epithelial_like
22.0,23976,epithelial_like
22.0,23977,epithelial_like
22.0,23978,epithelial_like
22.0,23979,epithelial_like
22.0,23980,epithelial_like
22.0,23981,hADSCs
22.0,23982,epithelial_like
22.0,23983,hADSCs
22.0,23984,epithelial_like
22.0,23985,epithelial_like
22.0,23986,epithelial_like
22.0,23987,hADSCs
22.0,23988,epithelial_like
22.0,23989,epithelial_like
22.0,23990,epithelial_like
22.0,23991,hADSCs
22.0,23992,hADSCs
22.0,23993,epithelial_like
22.0,23994,epithelial_like
22.0,23995,epithelial_like
22.0,23996,epithelial_like
22.0,23997,epithelial_like
22.0,23998,hADSCs
22.0,23999,epithelial_like
24.0,24000,hADSCs
24.0,24001,epithelial_like
24.0,24002,epithelial_like
24.0,24003,hADSCs
24.0,24004,hADSCs
24.0,24005,epithelial_like
24.0,24006,epithelial_like
24.0,24007,hADSCs
24.0,24008,hADSCs
24.0,24009,hADSCs
24.0,24010,epithelial_like
24.0,24011,epithelial_like
24.0,24012,epithelial_like
24.0,24013,hADSCs
24.0,24014,epithelial_like
24.0,24015,epithelial_like
24.0,24016,hADSCs
24.0,24017,epithelial_like
24.0,24018,epithelial_like
24.0,24019,epithelial_like
24.0,24020,epithelial_like
24.0,24021,epithelial_like
24.0,24022,epithelial_like
24.0,24023,epithelial_like
24.0,24024,epithelial_like
24.0,24025,epithelial_like
24.0,24026,epithelial_like
24.0,24027,hADSCs
24.0,24028,hADSCs
24.0,24029,epithelial_like
24.0,24030,epithelial_like
24.0,24031,epithelial_like
24.0,24032,epithelial_like
24.0,24033,epithelial_like
24.0,24034,epithelial_like
24.0,24035,hADSCs
24.0,24036,epithelial_like
24.0,24037,hADSCs
24.0,24038,epithelial_like
24.0,24039,epithelial_like
24.0,24040,epithelial_like
24.0,24041,epithelial_like
24.0,24042,intermediate_plastic
24.0,24043,hADSCs
24.0,24044,epithelial_like
24.0,24045,epithelial_like
24.0,24046,epithelial_like
24.0,24047,epithelial_like
24.0,24048,epithelial_like
24.0,24049,epithelial_like
24.0,24050,epithelial_like
24.0,24051,epithelial_like
24.0,24052,hADSCs
24.0,24053,epithelial_like
24.0,24054,epithelial_like
24.0,24055,epithelial_like
24.0,24056,epithelial_like
24.0,24057,epithelial_like
24.0,24058,epithelial_like
24.0,24059,hADSCs
24.0,24060,epithelial_like
24.0,24061,epithelial_like
24.0,24062,epithelial_like
24.0,24063,epithelial_like
24.0,24064,epithelial_like
24.0,24065,hADSCs
24.0,24066,epithelial_like
24.0,24067,epithelial_like
24.0,24068,epithelial_like
24.0,24069,epithelial_like
24.0,24070,epithelial_like
24.0,24071,epithelial_like
24.0,24072,epithelial_like
24.0,24073,hADSCs
24.0,24074,hADSCs
24.0,24075,epithelial_like
24.0,24076,hADSCs
24.0,24077,epithelial_like
24.0,24078,epithelial_like
24.0,24079,epithelial_like
24.0,24080,epithelial_like
24.0,24081,epithelial_like
24.0,24082,epithelial_like
24.0,24083,epithelial_like
24.0,24084,ambiguous
24.0,24085,ambiguous
24.0,24086,epithelial_like
24.0,24087,epithelial_like
24.0,24088,epithelial_like
24.0,24089,epithelial_like
24.0,24090,epithelial_like
24.0,24091,epithelial_like
24.0,24092,epithelial_like
24.0,24093,epithelial_like
24.0,24094,epithelial_like
24.0,24095,epithelial_like
24.0,24096,epithelial_like
24.0,24097,epithelial_like
24.0,24098,epithelial_like
24.0,24099,epithelial_like
24.0,24100,hADSCs
24.0,24101,epithelial_like
24.0,24102,epithelial_like
24.0,24103,epithelial_like
24.0,24104,epithelial_like
24.0,24105,epithelial_like
24.0,24106,epithelial_like
24.0,24107,hADSCs
24.0,24108,epithelial_like
24.0,24109,epithelial_like
24.0,24110,epithelial_like
24.0,24111,epithelial_like
24.0,24112,epithelial_like
24.0,24113,epithelial_like
24.0,24114,epithelial_like
24.0,24115,epithelial_like
24.0,24116,epithelial_like
24.0,24117,epithelial_like
24.0,24118,epithelial_like
24.0,24119,intermediate_plastic
24.0,24120,epithelial_like
24.0,24121,epithelial_like
24.0,24122,epithelial_like
24.0,24123,epithelial_like
24.0,24124,epithelial_like
24.0,24125,ambiguous
24.0,24126,epithelial_like
24.0,24127,epithelial_like
24.0,24128,epithelial_like
24.0,24129,epithelial_like
24.0,24130,hADSCs
24.0,24131,epithelial_like
24.0,24132,epithelial_like
24.0,24133,epithelial_like
24.0,24134,hADSCs
24.0,24135,epithelial_like
24.0,24136,hADSCs
24.0,24137,epithelial_like
24.0,24138,epithelial_like
24.0,24139,epithelial_like
24.0,24140,epithelial_like
24.0,24141,epithelial_like
24.0,24142,epithelial_like
24.0,24143,epithelial_like
24.0,24144,epithelial_like
24.0,24145,epithelial_like
24.0,24146,epithelial_like
24.0,24147,hADSCs
24.0,24148,epithelial_like
24.0,24149,epithelial_like
24.0,24150,hADSCs
24.0,24151,epithelial_like
24.0,24152,epithelial_like
24.0,24153,epithelial_like
24.0,24154,epithelial_like
24.0,24155,epithelial_like
24.0,24156,epithelial_like
24.0,24157,epithelial_like
24.0,24158,epithelial_like
24.0,24159,epithelial_like
24.0,24160,epithelial_like
24.0,24161,epithelial_like
24.0,24162,epithelial_like
24.0,24163,epithelial_like
24.0,24164,epithelial_like
24.0,24165,epithelial_like
24.0,24166,epithelial_like
24.0,24167,epithelial_like
24.0,24168,epithelial_like
24.0,24169,epithelial_like
24.0,24170,epithelial_like
24.0,24171,epithelial_like
24.0,24172,epithelial_like
24.0,24173,hADSCs
24.0,24174,hADSCs
24.0,24175,epithelial_like
24.0,24176,hADSCs
24.0,24177,epithelial_like
24.0,24178,epithelial_like
24.0,24179,epithelial_like
24.0,24180,epithelial_like
24.0,24181,epithelial_like
24.0,24182,epithelial_like
24.0,24183,epithelial_like
24.0,24184,epithelial_like
24.0,24185,epithelial_like
24.0,24186,epithelial_like
24.0,24187,epithelial_like
24.0,24188,hADSCs
24.0,24189,epithelial_like
24.0,24190,epithelial_like
24.0,24191,epithelial_like
24.0,24192,epithelial_like
24.0,24193,epithelial_like
24.0,24194,hADSCs
24.0,24195,hADSCs
24.0,24196,epithelial_like
24.0,24197,epithelial_like
24.0,24198,epithelial_like
24.0,24199,epithelial_like
24.0,24200,hADSCs
24.0,24201,epithelial_like
24.0,24202,epithelial_like
24.0,24203,epithelial_like
24.0,24204,epithelial_like
24.0,24205,epithelial_like
24.0,24206,epithelial_like
24.0,24207,epithelial_like
24.0,24208,epithelial_like
24.0,24209,epithelial_like
24.0,24210,epithelial_like
24.0,24211,epithelial_like
24.0,24212,hADSCs
24.0,24213,epithelial_like
24.0,24214,epithelial_like
24.0,24215,hADSCs
24.0,24216,epithelial_like
24.0,24217,epithelial_like
24.0,24218,epithelial_like
24.0,24219,epithelial_like
24.0,24220,hADSCs
24.0,24221,epithelial_like
24.0,24222,epithelial_like
24.0,24223,epithelial_like
24.0,24224,epithelial_like
24.0,24225,epithelial_like
24.0,24226,epithelial_like
24.0,24227,epithelial_like
24.0,24228,epithelial_like
24.0,24229,epithelial_like
24.0,24230,hADSCs
24.0,24231,epithelial_like
24.0,24232,ambiguous
24.0,24233,ambiguous
24.0,24234,epithelial_like
24.0,24235,epithelial_like
24.0,24236,epithelial_like
24.0,24237,epithelial_like
24.0,24238,epithelial_like
24.0,24239,epithelial_like
24.0,24240,epithelial_like
24.0,24241,epithelial_like
24.0,24242,epithelial_like
24.0,24243,epithelial_like
24.0,24244,epithelial_like
24.0,24245,epithelial_like
24.0,24246,epithelial_like
24.0,24247,epithelial_like
24.0,24248,epithelial_like
24.0,24249,hADSCs
24.0,24250,epithelial_like
24.0,24251,epithelial_like
24.0,24252,hADSCs
24.0,24253,epithelial_like
24.0,24254,hADSCs
24.0,24255,epithelial_like
24.0,24256,epithelial_like
24.0,24257,epithelial_like
24.0,24258,epithelial_like
24.0,24259,epithelial_like
24.0,24260,epithelial_like
24.0,24261,epithelial_like
24.0,24262,epithelial_like
24.0,24263,hADSCs
24.0,24264,epithelial_like
24.0,24265,epithelial_like
24.0,24266,epithelial_like
24.0,24267,epithelial_like
24.0,24268,epithelial_like
24.0,24269,epithelial_like
24.0,24270,epithelial_like
24.0,24271,epithelial_like
24.0,24272,hADSCs
24.0,24273,epithelial_like
24.0,24274,hADSCs
24.0,24275,epithelial_like
24.0,24276,hADSCs
24.0,24277,hADSCs
24.0,24278,hADSCs
24.0,24279,epithelial_like
24.0,24280,epithelial_like
24.0,24281,epithelial_like
24.0,24282,hADSCs
24.0,24283,hADSCs
24.0,24284,epithelial_like
24.0,24285,epithelial_like
24.0,24286,hADSCs
24.0,24287,epithelial_like
24.0,24288,epithelial_like
24.0,24289,epithelial_like
24.0,24290,epithelial_like
24.0,24291,epithelial_like
24.0,24292,epithelial_like
24.0,24293,epithelial_like
24.0,24294,epithelial_like
24.0,24295,epithelial_like
24.0,24296,epithelial_like
24.0,24297,epithelial_like
24.0,24298,epithelial_like
24.0,24299,epithelial_like
24.0,24300,epithelial_like
24.0,24301,hADSCs
24.0,24302,epithelial_like
24.0,24303,epithelial_like
24.0,24304,epithelial_like
24.0,24305,epithelial_like
24.0,24306,epithelial_like
24.0,24307,epithelial_like
24.0,24308,epithelial_like
24.0,24309,epithelial_like
24.0,24310,epithelial_like
24.0,24311,epithelial_like
24.0,24312,hADSCs
24.0,24313,epithelial_like
24.0,24314,epithelial_like
24.0,24315,epithelial_like
24.0,24316,epithelial_like
24.0,24317,hADSCs
24.0,24318,epithelial_like
24.0,24319,epithelial_like
24.0,24320,epithelial_like
24.0,24321,epithelial_like
24.0,24322,epithelial_like
24.0,24323,epithelial_like
24.0,24324,epithelial_like
24.0,24325,epithelial_like
24.0,24326,epithelial_like
24.0,24327,epithelial_like
24.0,24328,epithelial_like
24.0,24329,epithelial_like
24.0,24330,epithelial_like
24.0,24331,epithelial_like
24.0,24332,epithelial_like
24.0,24333,epithelial_like
24.0,24334,epithelial_like
24.0,24335,epithelial_like
24.0,24336,epithelial_like
24.0,24337,epithelial_like
24.0,24338,epithelial_like
24.0,24339,epithelial_like
24.0,24340,epithelial_like
24.0,24341,epithelial_like
24.0,24342,epithelial_like
24.0,24343,epithelial_like
24.0,24344,epithelial_like
24.0,24345,epithelial_like
24.0,24346,epithelial_like
24.0,24347,epithelial_like
24.0,24348,hADSCs
24.0,24349,epithelial_like
24.0,24350,epithelial_like
24.0,24351,epithelial_like
24.0,24352,epithelial_like
24.0,24353,epithelial_like
24.0,24354,epithelial_like
24.0,24355,epithelial_like
24.0,24356,epithelial_like
24.0,24357,epithelial_like
24.0,24358,epithelial_like
24.0,24359,epithelial_like
24.0,24360,epithelial_like
24.0,24361,epithelial_like
24.0,24362,epithelial_like
24.0,24363,epithelial_like
24.0,24364,epithelial_like
24.0,24365,epithelial_like
24.0,24366,epithelial_like
24.0,24367,epithelial_like
24.0,24368,epithelial_like
24.0,24369,hADSCs
24.0,24370,epithelial_like
24.0,24371,epithelial_like
24.0,24372,epithelial_like
24.0,24373,epithelial_like
24.0,24374,epithelial_like
24.0,24375,epithelial_like
24.0,24376,epithelial_like
24.0,24377,epithelial_like
24.0,24378,epithelial_like
24.0,24379,epithelial_like
24.0,24380,hADSCs
24.0,24381,epithelial_like
24.0,24382,hADSCs
24.0,24383,epithelial_like
24.0,24384,epithelial_like
24.0,24385,epithelial_like
24.0,24386,hADSCs
24.0,24387,epithelial_like
24.0,24388,epithelial_like
24.0,24389,hADSCs
24.0,24390,epithelial_like
24.0,24391,epithelial_like
24.0,24392,hADSCs
24.0,24393,hADSCs
24.0,24394,epithelial_like
24.0,24395,hADSCs
24.0,24396,epithelial_like
24.0,24397,epithelial_like
24.0,24398,epithelial_like
24.0,24399,epithelial_like
24.0,24400,epithelial_like
24.0,24401,epithelial_like
24.0,24402,hADSCs
24.0,24403,hADSCs
24.0,24404,hADSCs
24.0,24405,epithelial_like
24.0,24406,epithelial_like
24.0,24407,epithelial_like
24.0,24408,epithelial_like
24.0,24409,epithelial_like
24.0,24410,epithelial_like
24.0,24411,epithelial_like
24.0,24412,epithelial_like
24.0,24413,epithelial_like
24.0,24414,epithelial_like
24.0,24415,epithelial_like
24.0,24416,epithelial_like
24.0,24417,epithelial_like
24.0,24418,epithelial_like
24.0,24419,epithelial_like
24.0,24420,epithelial_like
24.0,24421,hADSCs
24.0,24422,epithelial_like
24.0,24423,epithelial_like
24.0,24424,epithelial_like
24.0,24425,epithelial_like
24.0,24426,epithelial_like
24.0,24427,epithelial_like
24.0,24428,epithelial_like
24.0,24429,epithelial_like
24.0,24430,epithelial_like
24.0,24431,epithelial_like
24.0,24432,epithelial_like
24.0,24433,epithelial_like
24.0,24434,epithelial_like
24.0,24435,epithelial_like
24.0,24436,epithelial_like
24.0,24437,epithelial_like
24.0,24438,epithelial_like
24.0,24439,epithelial_like
24.0,24440,epithelial_like
24.0,24441,epithelial_like
24.0,24442,epithelial_like
24.0,24443,epithelial_like
24.0,24444,epithelial_like
24.0,24445,epithelial_like
24.0,24446,epithelial_like
24.0,24447,epithelial_like
24.0,24448,epithelial_like
24.0,24449,epithelial_like
24.0,24450,epithelial_like
24.0,24451,epithelial_like
24.0,24452,hADSCs
24.0,24453,epithelial_like
24.0,24454,epithelial_like
24.0,24455,epithelial_like
24.0,24456,epithelial_like
24.0,24457,epithelial_like
24.0,24458,epithelial_like
24.0,24459,epithelial_like
24.0,24460,epithelial_like
24.0,24461,epithelial_like
24.0,24462,hADSCs
24.0,24463,epithelial_like
24.0,24464,epithelial_like
24.0,24465,hADSCs
24.0,24466,epithelial_like
24.0,24467,epithelial_like
24.0,24468,hADSCs
24.0,24469,epithelial_like
24.0,24470,epithelial_like
24.0,24471,epithelial_like
24.0,24472,hADSCs
24.0,24473,epithelial_like
24.0,24474,epithelial_like
24.0,24475,epithelial_like
24.0,24476,epithelial_like
24.0,24477,epithelial_like
24.0,24478,epithelial_like
24.0,24479,epithelial_like
24.0,24480,epithelial_like
24.0,24481,hADSCs
24.0,24482,hADSCs
24.0,24483,hADSCs
24.0,24484,hADSCs
24.0,24485,epithelial_like
24.0,24486,epithelial_like
24.0,24487,hADSCs
24.0,24488,epithelial_like
24.0,24489,epithelial_like
24.0,24490,epithelial_like
24.0,24491,epithelial_like
24.0,24492,epithelial_like
24.0,24493,hADSCs
24.0,24494,epithelial_like
24.0,24495,epithelial_like
24.0,24496,epithelial_like
24.0,24497,hADSCs
24.0,24498,ambiguous
24.0,24499,hADSCs
24.0,24500,epithelial_like
24.0,24501,epithelial_like
24.0,24502,epithelial_like
24.0,24503,epithelial_like
24.0,24504,epithelial_like
24.0,24505,hADSCs
24.0,24506,epithelial_like
24.0,24507,epithelial_like
24.0,24508,epithelial_like
24.0,24509,epithelial_like
24.0,24510,epithelial_like
24.0,24511,hADSCs
24.0,24512,epithelial_like
24.0,24513,epithelial_like
24.0,24514,epithelial_like
24.0,24515,epithelial_like
24.0,24516,epithelial_like
24.0,24517,epithelial_like
24.0,24518,epithelial_like
24.0,24519,epithelial_like
24.0,24520,epithelial_like
24.0,24521,epithelial_like
24.0,24522,epithelial_like
24.0,24523,epithelial_like
24.0,24524,epithelial_like
24.0,24525,epithelial_like
24.0,24526,epithelial_like
24.0,24527,epithelial_like
24.0,24528,epithelial_like
24.0,24529,epithelial_like
24.0,24530,epithelial_like
24.0,24531,hADSCs
24.0,24532,epithelial_like
24.0,24533,epithelial_like
24.0,24534,epithelial_like
24.0,24535,epithelial_like
24.0,24536,hADSCs
24.0,24537,hADSCs
24.0,24538,epithelial_like
24.0,24539,epithelial_like
24.0,24540,epithelial_like
24.0,24541,epithelial_like
24.0,24542,epithelial_like
24.0,24543,epithelial_like
24.0,24544,epithelial_like
24.0,24545,epithelial_like
24.0,24546,epithelial_like
24.0,24547,epithelial_like
24.0,24548,epithelial_like
24.0,24549,hADSCs
24.0,24550,epithelial_like
24.0,24551,epithelial_like
24.0,24552,epithelial_like
24.0,24553,epithelial_like
24.0,24554,epithelial_like
24.0,24555,epithelial_like
24.0,24556,epithelial_like
24.0,24557,hADSCs
24.0,24558,hADSCs
24.0,24559,hADSCs
24.0,24560,epithelial_like
24.0,24561,epithelial_like
24.0,24562,hADSCs
24.0,24563,epithelial_like
24.0,24564,epithelial_like
24.0,24565,epithelial_like
24.0,24566,ambiguous
24.0,24567,hADSCs
24.0,24568,epithelial_like
24.0,24569,hADSCs
24.0,24570,hADSCs
24.0,24571,epithelial_like
24.0,24572,epithelial_like
24.0,24573,epithelial_like
24.0,24574,epithelial_like
24.0,24575,hADSCs
24.0,24576,epithelial_like
24.0,24577,epithelial_like
24.0,24578,epithelial_like
24.0,24579,epithelial_like
24.0,24580,epithelial_like
24.0,24581,epithelial_like
24.0,24582,epithelial_like
24.0,24583,epithelial_like
24.0,24584,hADSCs
24.0,24585,epithelial_like
24.0,24586,epithelial_like
24.0,24587,hADSCs
24.0,24588,epithelial_like
24.0,24589,epithelial_like
24.0,24590,epithelial_like
24.0,24591,epithelial_like
24.0,24592,epithelial_like
24.0,24593,epithelial_like
24.0,24594,epithelial_like
24.0,24595,epithelial_like
24.0,24596,epithelial_like
24.0,24597,epithelial_like
24.0,24598,epithelial_like
24.0,24599,epithelial_like
24.0,24600,hADSCs
24.0,24601,epithelial_like
24.0,24602,epithelial_like
24.0,24603,epithelial_like
24.0,24604,epithelial_like
24.0,24605,hADSCs
24.0,24606,epithelial_like
24.0,24607,hADSCs
24.0,24608,epithelial_like
24.0,24609,epithelial_like
24.0,24610,epithelial_like
24.0,24611,hADSCs
24.0,24612,hADSCs
24.0,24613,hADSCs
24.0,24614,epithelial_like
24.0,24615,epithelial_like
24.0,24616,epithelial_like
24.0,24617,epithelial_like
24.0,24618,epithelial_like
24.0,24619,epithelial_like
24.0,24620,epithelial_like
24.0,24621,hADSCs
24.0,24622,epithelial_like
24.0,24623,epithelial_like
24.0,24624,epithelial_like
24.0,24625,epithelial_like
24.0,24626,epithelial_like
24.0,24627,epithelial_like
24.0,24628,epithelial_like
24.0,24629,epithelial_like
24.0,24630,hADSCs
24.0,24631,epithelial_like
24.0,24632,epithelial_like
24.0,24633,epithelial_like
24.0,24634,epithelial_like
24.0,24635,epithelial_like
24.0,24636,epithelial_like
24.0,24637,epithelial_like
24.0,24638,hADSCs
24.0,24639,hADSCs
24.0,24640,hADSCs
24.0,24641,hADSCs
24.0,24642,epithelial_like
24.0,24643,epithelial_like
24.0,24644,epithelial_like
24.0,24645,epithelial_like
24.0,24646,epithelial_like
24.0,24647,hADSCs
24.0,24648,hADSCs
24.0,24649,hADSCs
24.0,24650,epithelial_like
24.0,24651,epithelial_like
24.0,24652,epithelial_like
24.0,24653,epithelial_like
24.0,24654,hADSCs
24.0,24655,epithelial_like
24.0,24656,epithelial_like
24.0,24657,epithelial_like
24.0,24658,epithelial_like
24.0,24659,epithelial_like
24.0,24660,hADSCs
24.0,24661,epithelial_like
24.0,24662,hADSCs
24.0,24663,hADSCs
24.0,24664,epithelial_like
24.0,24665,epithelial_like
24.0,24666,hADSCs
24.0,24667,epithelial_like
24.0,24668,epithelial_like
24.0,24669,epithelial_like
24.0,24670,epithelial_like
24.0,24671,epithelial_like
24.0,24672,epithelial_like
24.0,24673,epithelial_like
24.0,24674,epithelial_like
24.0,24675,epithelial_like
24.0,24676,epithelial_like
24.0,24677,epithelial_like
24.0,24678,hADSCs
24.0,24679,epithelial_like
24.0,24680,epithelial_like
24.0,24681,epithelial_like
24.0,24682,hADSCs
24.0,24683,epithelial_like
24.0,24684,epithelial_like
24.0,24685,hADSCs
24.0,24686,epithelial_like
24.0,24687,epithelial_like
24.0,24688,epithelial_like
24.0,24689,epithelial_like
24.0,24690,epithelial_like
24.0,24691,epithelial_like
24.0,24692,epithelial_like
24.0,24693,epithelial_like
24.0,24694,epithelial_like
24.0,24695,epithelial_like
24.0,24696,hADSCs
24.0,24697,epithelial_like
24.0,24698,epithelial_like
24.0,24699,epithelial_like
24.0,24700,epithelial_like
24.0,24701,epithelial_like
24.0,24702,epithelial_like
24.0,24703,epithelial_like
24.0,24704,hADSCs
24.0,24705,epithelial_like
24.0,24706,epithelial_like
24.0,24707,epithelial_like
24.0,24708,epithelial_like
24.0,24709,hADSCs
24.0,24710,hADSCs
24.0,24711,epithelial_like
24.0,24712,epithelial_like
24.0,24713,epithelial_like
24.0,24714,epithelial_like
24.0,24715,epithelial_like
24.0,24716,epithelial_like
24.0,24717,epithelial_like
24.0,24718,epithelial_like
24.0,24719,hADSCs
24.0,24720,epithelial_like
24.0,24721,epithelial_like
24.0,24722,epithelial_like
24.0,24723,epithelial_like
24.0,24724,hADSCs
24.0,24725,hADSCs
24.0,24726,epithelial_like
24.0,24727,epithelial_like
24.0,24728,epithelial_like
24.0,24729,epithelial_like
24.0,24730,epithelial_like
24.0,24731,epithelial_like
24.0,24732,epithelial_like
24.0,24733,epithelial_like
24.0,24734,epithelial_like
24.0,24735,epithelial_like
24.0,24736,epithelial_like
24.0,24737,epithelial_like
24.0,24738,epithelial_like
24.0,24739,epithelial_like
24.0,24740,epithelial_like
24.0,24741,epithelial_like
24.0,24742,epithelial_like
24.0,24743,epithelial_like
24.0,24744,hADSCs
24.0,24745,epithelial_like
24.0,24746,hADSCs
24.0,24747,epithelial_like
24.0,24748,hADSCs
24.0,24749,hADSCs
24.0,24750,hADSCs
24.0,24751,epithelial_like
24.0,24752,epithelial_like
24.0,24753,epithelial_like
24.0,24754,epithelial_like
24.0,24755,epithelial_like
24.0,24756,epithelial_like
24.0,24757,epithelial_like
24.0,24758,epithelial_like
24.0,24759,epithelial_like
24.0,24760,epithelial_like
24.0,24761,epithelial_like
24.0,24762,epithelial_like
24.0,24763,epithelial_like
24.0,24764,epithelial_like
24.0,24765,epithelial_like
24.0,24766,epithelial_like
24.0,24767,epithelial_like
24.0,24768,epithelial_like
24.0,24769,hADSCs
24.0,24770,epithelial_like
24.0,24771,epithelial_like
24.0,24772,epithelial_like
24.0,24773,epithelial_like
24.0,24774,epithelial_like
24.0,24775,epithelial_like
24.0,24776,epithelial_like
24.0,24777,epithelial_like
24.0,24778,epithelial_like
24.0,24779,epithelial_like
24.0,24780,epithelial_like
24.0,24781,epithelial_like
24.0,24782,epithelial_like
24.0,24783,epithelial_like
24.0,24784,epithelial_like
24.0,24785,epithelial_like
24.0,24786,epithelial_like
24.0,24787,epithelial_like
24.0,24788,epithelial_like
24.0,24789,epithelial_like
24.0,24790,epithelial_like
24.0,24791,epithelial_like
24.0,24792,hADSCs
24.0,24793,hADSCs
24.0,24794,epithelial_like
24.0,24795,epithelial_like
24.0,24796,epithelial_like
24.0,24797,epithelial_like
24.0,24798,hADSCs
24.0,24799,epithelial_like
24.0,24800,epithelial_like
24.0,24801,epithelial_like
24.0,24802,epithelial_like
24.0,24803,epithelial_like
24.0,24804,epithelial_like
24.0,24805,epithelial_like
24.0,24806,epithelial_like
24.0,24807,hADSCs
24.0,24808,epithelial_like
24.0,24809,hADSCs
24.0,24810,epithelial_like
24.0,24811,epithelial_like
24.0,24812,epithelial_like
24.0,24813,epithelial_like
24.0,24814,epithelial_like
24.0,24815,hADSCs
24.0,24816,epithelial_like
24.0,24817,epithelial_like
24.0,24818,epithelial_like
24.0,24819,epithelial_like
24.0,24820,epithelial_like
24.0,24821,epithelial_like
24.0,24822,epithelial_like
24.0,24823,hADSCs
24.0,24824,epithelial_like
24.0,24825,epithelial_like
24.0,24826,epithelial_like
24.0,24827,epithelial_like
24.0,24828,epithelial_like
24.0,24829,epithelial_like
24.0,24830,epithelial_like
24.0,24831,epithelial_like
24.0,24832,epithelial_like
24.0,24833,epithelial_like
24.0,24834,epithelial_like
24.0,24835,hADSCs
24.0,24836,epithelial_like
24.0,24837,epithelial_like
24.0,24838,epithelial_like
24.0,24839,hADSCs
24.0,24840,epithelial_like
24.0,24841,hADSCs
24.0,24842,epithelial_like
24.0,24843,epithelial_like
24.0,24844,epithelial_like
24.0,24845,epithelial_like
24.0,24846,epithelial_like
24.0,24847,epithelial_like
24.0,24848,epithelial_like
24.0,24849,epithelial_like
24.0,24850,epithelial_like
24.0,24851,epithelial_like
24.0,24852,epithelial_like
24.0,24853,epithelial_like
24.0,24854,epithelial_like
24.0,24855,hADSCs
24.0,24856,epithelial_like
24.0,24857,epithelial_like
24.0,24858,epithelial_like
24.0,24859,epithelial_like
24.0,24860,epithelial_like
24.0,24861,epithelial_like
24.0,24862,epithelial_like
24.0,24863,epithelial_like
24.0,24864,epithelial_like
24.0,24865,epithelial_like
24.0,24866,hADSCs
24.0,24867,epithelial_like
24.0,24868,epithelial_like
24.0,24869,epithelial_like
24.0,24870,epithelial_like
24.0,24871,epithelial_like
24.0,24872,hADSCs
24.0,24873,epithelial_like
24.0,24874,epithelial_like
24.0,24875,epithelial_like
24.0,24876,epithelial_like
24.0,24877,epithelial_like
24.0,24878,epithelial_like
24.0,24879,ambiguous
24.0,24880,epithelial_like
24.0,24881,epithelial_like
24.0,24882,epithelial_like
24.0,24883,epithelial_like
24.0,24884,epithelial_like
24.0,24885,epithelial_like
24.0,24886,hADSCs
24.0,24887,epithelial_like
24.0,24888,hADSCs
24.0,24889,hADSCs
24.0,24890,epithelial_like
24.0,24891,hADSCs
24.0,24892,epithelial_like
24.0,24893,epithelial_like
24.0,24894,epithelial_like
24.0,24895,epithelial_like
24.0,24896,hADSCs
24.0,24897,epithelial_like
24.0,24898,epithelial_like
24.0,24899,epithelial_like
24.0,24900,epithelial_like
24.0,24901,epithelial_like
24.0,24902,epithelial_like
24.0,24903,hADSCs
24.0,24904,epithelial_like
24.0,24905,epithelial_like
24.0,24906,epithelial_like
24.0,24907,epithelial_like
24.0,24908,hADSCs
24.0,24909,hADSCs
24.0,24910,epithelial_like
24.0,24911,epithelial_like
24.0,24912,epithelial_like
24.0,24913,epithelial_like
24.0,24914,epithelial_like
24.0,24915,hADSCs
24.0,24916,epithelial_like
24.0,24917,epithelial_like
24.0,24918,epithelial_like
24.0,24919,epithelial_like
24.0,24920,epithelial_like
24.0,24921,epithelial_like
24.0,24922,epithelial_like
24.0,24923,epithelial_like
24.0,24924,epithelial_like
24.0,24925,epithelial_like
24.0,24926,epithelial_like
24.0,24927,epithelial_like
24.0,24928,epithelial_like
24.0,24929,epithelial_like
24.0,24930,epithelial_like
24.0,24931,epithelial_like
24.0,24932,epithelial_like
24.0,24933,epithelial_like
24.0,24934,epithelial_like
24.0,24935,epithelial_like
24.0,24936,epithelial_like
24.0,24937,hADSCs
24.0,24938,hADSCs
24.0,24939,epithelial_like
24.0,24940,epithelial_like
24.0,24941,hADSCs
24.0,24942,epithelial_like
24.0,24943,hADSCs
24.0,24944,epithelial_like
24.0,24945,hADSCs
24.0,24946,hADSCs
24.0,24947,epithelial_like
24.0,24948,hADSCs
24.0,24949,epithelial_like
24.0,24950,epithelial_like
24.0,24951,hADSCs
24.0,24952,hADSCs
24.0,24953,hADSCs
24.0,24954,epithelial_like
24.0,24955,epithelial_like
24.0,24956,hADSCs
24.0,24957,epithelial_like
24.0,24958,hADSCs
24.0,24959,hADSCs
24.0,24960,epithelial_like
24.0,24961,epithelial_like
24.0,24962,epithelial_like
24.0,24963,hADSCs
24.0,24964,epithelial_like
24.0,24965,epithelial_like
24.0,24966,epithelial_like
24.0,24967,epithelial_like
24.0,24968,hADSCs
24.0,24969,epithelial_like
24.0,24970,epithelial_like
24.0,24971,hADSCs
24.0,24972,epithelial_like
24.0,24973,epithelial_like
24.0,24974,hADSCs
24.0,24975,epithelial_like
24.0,24976,epithelial_like
24.0,24977,epithelial_like
24.0,24978,epithelial_like
24.0,24979,epithelial_like
24.0,24980,epithelial_like
24.0,24981,epithelial_like
24.0,24982,epithelial_like
24.0,24983,hADSCs
24.0,24984,hADSCs
24.0,24985,hADSCs
24.0,24986,epithelial_like
24.0,24987,hADSCs
24.0,24988,hADSCs
24.0,24989,epithelial_like
24.0,24990,hADSCs
24.0,24991,hADSCs
24.0,24992,epithelial_like
24.0,24993,epithelial_like
24.0,24994,epithelial_like
24.0,24995,epithelial_like
24.0,24996,hADSCs
24.0,24997,hADSCs
24.0,24998,epithelial_like
24.0,24999,epithelial_like
24.0,25000,epithelial_like
24.0,25001,epithelial_like
24.0,25002,epithelial_like
24.0,25003,epithelial_like
24.0,25004,epithelial_like
24.0,25005,epithelial_like
24.0,25006,epithelial_like
24.0,25007,epithelial_like
24.0,25008,epithelial_like
24.0,25009,epithelial_like
24.0,25010,epithelial_like
24.0,25011,epithelial_like
24.0,25012,epithelial_like
24.0,25013,epithelial_like
24.0,25014,epithelial_like
24.0,25015,epithelial_like
24.0,25016,epithelial_like
24.0,25017,epithelial_like
24.0,25018,epithelial_like
24.0,25019,epithelial_like
24.0,25020,epithelial_like
24.0,25021,epithelial_like
24.0,25022,hADSCs
24.0,25023,epithelial_like
24.0,25024,epithelial_like
24.0,25025,epithelial_like
24.0,25026,epithelial_like
24.0,25027,epithelial_like
24.0,25028,epithelial_like
24.0,25029,epithelial_like
24.0,25030,epithelial_like
24.0,25031,epithelial_like
24.0,25032,hADSCs
24.0,25033,epithelial_like
24.0,25034,epithelial_like
24.0,25035,epithelial_like
24.0,25036,epithelial_like
24.0,25037,hADSCs
24.0,25038,epithelial_like
24.0,25039,hADSCs
24.0,25040,hADSCs
24.0,25041,hADSCs
24.0,25042,epithelial_like
24.0,25043,epithelial_like
24.0,25044,epithelial_like
24.0,25045,hADSCs
24.0,25046,hADSCs
24.0,25047,epithelial_like
24.0,25048,epithelial_like
24.0,25049,epithelial_like
24.0,25050,hADSCs
24.0,25051,hADSCs
24.0,25052,hADSCs
24.0,25053,epithelial_like
24.0,25054,epithelial_like
24.0,25055,epithelial_like
24.0,25056,epithelial_like
24.0,25057,epithelial_like
24.0,25058,epithelial_like
24.0,25059,hADSCs
24.0,25060,epithelial_like
24.0,25061,epithelial_like
24.0,25062,epithelial_like
24.0,25063,epithelial_like
24.0,25064,epithelial_like
24.0,25065,epithelial_like
24.0,25066,epithelial_like
24.0,25067,epithelial_like
24.0,25068,hADSCs
24.0,25069,epithelial_like
24.0,25070,epithelial_like
24.0,25071,epithelial_like
24.0,25072,epithelial_like
24.0,25073,epithelial_like
24.0,25074,epithelial_like
24.0,25075,epithelial_like
24.0,25076,epithelial_like
24.0,25077,epithelial_like
24.0,25078,epithelial_like
24.0,25079,epithelial_like
24.0,25080,epithelial_like
24.0,25081,epithelial_like
24.0,25082,epithelial_like
24.0,25083,epithelial_like
24.0,25084,epithelial_like
24.0,25085,intermediate_plastic
24.0,25086,epithelial_like
24.0,25087,epithelial_like
24.0,25088,epithelial_like
24.0,25089,epithelial_like
24.0,25090,epithelial_like
24.0,25091,epithelial_like
24.0,25092,epithelial_like
24.0,25093,epithelial_like
24.0,25094,epithelial_like
24.0,25095,epithelial_like
24.0,25096,epithelial_like
24.0,25097,hADSCs
24.0,25098,epithelial_like
24.0,25099,epithelial_like
24.0,25100,epithelial_like
24.0,25101,epithelial_like
24.0,25102,epithelial_like
24.0,25103,hADSCs
24.0,25104,epithelial_like
24.0,25105,epithelial_like
24.0,25106,epithelial_like
24.0,25107,hADSCs
24.0,25108,epithelial_like
24.0,25109,epithelial_like
24.0,25110,epithelial_like
24.0,25111,epithelial_like
24.0,25112,hADSCs
24.0,25113,epithelial_like
24.0,25114,epithelial_like
24.0,25115,epithelial_like
24.0,25116,epithelial_like
24.0,25117,epithelial_like
24.0,25118,epithelial_like
24.0,25119,epithelial_like
24.0,25120,hADSCs
24.0,25121,epithelial_like
24.0,25122,epithelial_like
24.0,25123,epithelial_like
24.0,25124,epithelial_like
24.0,25125,hADSCs
24.0,25126,hADSCs
24.0,25127,epithelial_like
24.0,25128,epithelial_like
24.0,25129,epithelial_like
24.0,25130,hADSCs
24.0,25131,epithelial_like
24.0,25132,epithelial_like
24.0,25133,epithelial_like
24.0,25134,epithelial_like
24.0,25135,epithelial_like
24.0,25136,epithelial_like
24.0,25137,epithelial_like
24.0,25138,epithelial_like
24.0,25139,hADSCs
24.0,25140,epithelial_like
24.0,25141,epithelial_like
24.0,25142,epithelial_like
24.0,25143,epithelial_like
24.0,25144,epithelial_like
24.0,25145,epithelial_like
24.0,25146,epithelial_like
24.0,25147,epithelial_like
24.0,25148,epithelial_like
24.0,25149,epithelial_like
24.0,25150,epithelial_like
24.0,25151,epithelial_like
24.0,25152,epithelial_like
24.0,25153,epithelial_like
24.0,25154,epithelial_like
24.0,25155,epithelial_like
24.0,25156,epithelial_like
24.0,25157,epithelial_like
24.0,25158,epithelial_like
24.0,25159,epithelial_like
24.0,25160,epithelial_like
24.0,25161,epithelial_like
24.0,25162,epithelial_like
24.0,25163,hADSCs
24.0,25164,epithelial_like
24.0,25165,epithelial_like
24.0,25166,epithelial_like
24.0,25167,epithelial_like
24.0,25168,epithelial_like
24.0,25169,epithelial_like
24.0,25170,epithelial_like
24.0,25171,epithelial_like
24.0,25172,epithelial_like
24.0,25173,epithelial_like
24.0,25174,epithelial_like
24.0,25175,epithelial_like
24.0,25176,epithelial_like
24.0,25177,epithelial_like
24.0,25178,epithelial_like
24.0,25179,epithelial_like
24.0,25180,epithelial_like
24.0,25181,epithelial_like
24.0,25182,epithelial_like
24.0,25183,epithelial_like
24.0,25184,epithelial_like
24.0,25185,epithelial_like
24.0,25186,epithelial_like
24.0,25187,epithelial_like
24.0,25188,hADSCs
24.0,25189,epithelial_like
24.0,25190,epithelial_like
24.0,25191,epithelial_like
24.0,25192,epithelial_like
24.0,25193,hADSCs
24.0,25194,epithelial_like
24.0,25195,epithelial_like
24.0,25196,epithelial_like
24.0,25197,epithelial_like
24.0,25198,epithelial_like
24.0,25199,epithelial_like
24.0,25200,hADSCs
24.0,25201,epithelial_like
24.0,25202,epithelial_like
24.0,25203,epithelial_like
24.0,25204,epithelial_like
24.0,25205,epithelial_like
24.0,25206,epithelial_like
24.0,25207,epithelial_like
24.0,25208,epithelial_like
24.0,25209,hCiPS
24.0,25210,hADSCs
24.0,25211,hADSCs
24.0,25212,epithelial_like
24.0,25213,epithelial_like
24.0,25214,epithelial_like
24.0,25215,epithelial_like
24.0,25216,hADSCs
24.0,25217,epithelial_like
24.0,25218,epithelial_like
24.0,25219,epithelial_like
24.0,25220,epithelial_like
24.0,25221,epithelial_like
24.0,25222,epithelial_like
24.0,25223,epithelial_like
24.0,25224,epithelial_like
24.0,25225,epithelial_like
24.0,25226,epithelial_like
24.0,25227,epithelial_like
24.0,25228,epithelial_like
24.0,25229,epithelial_like
24.0,25230,hADSCs
24.0,25231,hADSCs
24.0,25232,epithelial_like
24.0,25233,epithelial_like
24.0,25234,epithelial_like
24.0,25235,epithelial_like
24.0,25236,epithelial_like
24.0,25237,epithelial_like
24.0,25238,epithelial_like
24.0,25239,epithelial_like
24.0,25240,epithelial_like
24.0,25241,epithelial_like
24.0,25242,epithelial_like
24.0,25243,epithelial_like
24.0,25244,epithelial_like
24.0,25245,epithelial_like
24.0,25246,epithelial_like
24.0,25247,epithelial_like
24.0,25248,epithelial_like
24.0,25249,epithelial_like
24.0,25250,epithelial_like
24.0,25251,epithelial_like
24.0,25252,epithelial_like
24.0,25253,epithelial_like
24.0,25254,epithelial_like
24.0,25255,hADSCs
24.0,25256,epithelial_like
24.0,25257,epithelial_like
24.0,25258,epithelial_like
24.0,25259,epithelial_like
24.0,25260,epithelial_like
24.0,25261,epithelial_like
24.0,25262,epithelial_like
24.0,25263,epithelial_like
24.0,25264,epithelial_like
24.0,25265,hADSCs
24.0,25266,epithelial_like
24.0,25267,epithelial_like
24.0,25268,epithelial_like
24.0,25269,epithelial_like
24.0,25270,epithelial_like
24.0,25271,epithelial_like
24.0,25272,epithelial_like
24.0,25273,epithelial_like
24.0,25274,epithelial_like
24.0,25275,epithelial_like
24.0,25276,epithelial_like
24.0,25277,epithelial_like
24.0,25278,epithelial_like
24.0,25279,epithelial_like
24.0,25280,epithelial_like
24.0,25281,epithelial_like
24.0,25282,epithelial_like
24.0,25283,epithelial_like
24.0,25284,epithelial_like
24.0,25285,epithelial_like
24.0,25286,epithelial_like
24.0,25287,epithelial_like
24.0,25288,epithelial_like
24.0,25289,hADSCs
24.0,25290,hADSCs
24.0,25291,hADSCs
24.0,25292,epithelial_like
24.0,25293,epithelial_like
24.0,25294,epithelial_like
24.0,25295,epithelial_like
24.0,25296,epithelial_like
24.0,25297,epithelial_like
24.0,25298,epithelial_like
24.0,25299,hADSCs
24.0,25300,epithelial_like
24.0,25301,epithelial_like
24.0,25302,epithelial_like
24.0,25303,epithelial_like
24.0,25304,epithelial_like
24.0,25305,epithelial_like
24.0,25306,epithelial_like
24.0,25307,hADSCs
24.0,25308,epithelial_like
24.0,25309,hADSCs
24.0,25310,epithelial_like
24.0,25311,epithelial_like
24.0,25312,epithelial_like
24.0,25313,epithelial_like
24.0,25314,epithelial_like
24.0,25315,epithelial_like
24.0,25316,hADSCs
24.0,25317,epithelial_like
24.0,25318,epithelial_like
24.0,25319,epithelial_like
24.0,25320,hADSCs
24.0,25321,hADSCs
24.0,25322,epithelial_like
24.0,25323,epithelial_like
24.0,25324,epithelial_like
24.0,25325,hADSCs
24.0,25326,hADSCs
24.0,25327,hADSCs
24.0,25328,epithelial_like
24.0,25329,epithelial_like
24.0,25330,epithelial_like
24.0,25331,epithelial_like
24.0,25332,epithelial_like
24.0,25333,epithelial_like
24.0,25334,epithelial_like
24.0,25335,epithelial_like
24.0,25336,epithelial_like
24.0,25337,epithelial_like
24.0,25338,epithelial_like
24.0,25339,epithelial_like
24.0,25340,epithelial_like
24.0,25341,epithelial_like
24.0,25342,epithelial_like
24.0,25343,hADSCs
24.0,25344,epithelial_like
24.0,25345,epithelial_like
24.0,25346,epithelial_like
24.0,25347,epithelial_like
24.0,25348,epithelial_like
24.0,25349,epithelial_like
24.0,25350,epithelial_like
24.0,25351,epithelial_like
24.0,25352,hCiPS
24.0,25353,epithelial_like
24.0,25354,epithelial_like
24.0,25355,epithelial_like
24.0,25356,epithelial_like
24.0,25357,epithelial_like
24.0,25358,epithelial_like
24.0,25359,epithelial_like
24.0,25360,epithelial_like
24.0,25361,epithelial_like
24.0,25362,epithelial_like
24.0,25363,epithelial_like
24.0,25364,epithelial_like
24.0,25365,ambiguous
24.0,25366,epithelial_like
24.0,25367,epithelial_like
24.0,25368,epithelial_like
24.0,25369,hADSCs
24.0,25370,epithelial_like
24.0,25371,epithelial_like
24.0,25372,epithelial_like
24.0,25373,epithelial_like
24.0,25374,epithelial_like
24.0,25375,epithelial_like
24.0,25376,epithelial_like
24.0,25377,hADSCs
24.0,25378,intermediate_plastic
24.0,25379,epithelial_like
24.0,25380,epithelial_like
24.0,25381,epithelial_like
24.0,25382,epithelial_like
24.0,25383,epithelial_like
24.0,25384,epithelial_like
24.0,25385,epithelial_like
24.0,25386,epithelial_like
24.0,25387,epithelial_like
24.0,25388,epithelial_like
24.0,25389,epithelial_like
24.0,25390,epithelial_like
24.0,25391,epithelial_like
24.0,25392,epithelial_like
24.0,25393,epithelial_like
24.0,25394,epithelial_like
24.0,25395,epithelial_like
24.0,25396,epithelial_like
24.0,25397,epithelial_like
24.0,25398,epithelial_like
24.0,25399,hADSCs
24.0,25400,epithelial_like
24.0,25401,epithelial_like
24.0,25402,epithelial_like
24.0,25403,epithelial_like
24.0,25404,epithelial_like
24.0,25405,epithelial_like
24.0,25406,epithelial_like
24.0,25407,epithelial_like
24.0,25408,epithelial_like
24.0,25409,epithelial_like
24.0,25410,epithelial_like
24.0,25411,epithelial_like
24.0,25412,epithelial_like
24.0,25413,epithelial_like
24.0,25414,epithelial_like
24.0,25415,epithelial_like
24.0,25416,epithelial_like
24.0,25417,epithelial_like
24.0,25418,epithelial_like
24.0,25419,epithelial_like
24.0,25420,epithelial_like
24.0,25421,epithelial_like
24.0,25422,epithelial_like
24.0,25423,epithelial_like
24.0,25424,epithelial_like
24.0,25425,epithelial_like
24.0,25426,epithelial_like
24.0,25427,epithelial_like
24.0,25428,epithelial_like
24.0,25429,epithelial_like
24.0,25430,epithelial_like
24.0,25431,epithelial_like
24.0,25432,epithelial_like
24.0,25433,hADSCs
24.0,25434,epithelial_like
24.0,25435,epithelial_like
24.0,25436,epithelial_like
24.0,25437,epithelial_like
24.0,25438,epithelial_like
24.0,25439,epithelial_like
24.0,25440,epithelial_like
24.0,25441,epithelial_like
24.0,25442,epithelial_like
24.0,25443,epithelial_like
24.0,25444,epithelial_like
24.0,25445,epithelial_like
24.0,25446,epithelial_like
24.0,25447,epithelial_like
24.0,25448,epithelial_like
24.0,25449,epithelial_like
24.0,25450,epithelial_like
24.0,25451,epithelial_like
24.0,25452,epithelial_like
24.0,25453,epithelial_like
24.0,25454,hADSCs
24.0,25455,epithelial_like
24.0,25456,epithelial_like
24.0,25457,hADSCs
24.0,25458,epithelial_like
24.0,25459,epithelial_like
24.0,25460,epithelial_like
24.0,25461,epithelial_like
24.0,25462,epithelial_like
24.0,25463,epithelial_like
24.0,25464,epithelial_like
24.0,25465,epithelial_like
24.0,25466,epithelial_like
24.0,25467,epithelial_like
24.0,25468,epithelial_like
24.0,25469,epithelial_like
24.0,25470,epithelial_like
24.0,25471,epithelial_like
24.0,25472,epithelial_like
24.0,25473,epithelial_like
24.0,25474,epithelial_like
24.0,25475,hADSCs
24.0,25476,hADSCs
24.0,25477,hADSCs
24.0,25478,epithelial_like
24.0,25479,hADSCs
24.0,25480,epithelial_like
24.0,25481,epithelial_like
24.0,25482,epithelial_like
24.0,25483,hADSCs
24.0,25484,hADSCs
24.0,25485,epithelial_like
24.0,25486,hADSCs
24.0,25487,epithelial_like
24.0,25488,epithelial_like
24.0,25489,epithelial_like
24.0,25490,epithelial_like
24.0,25491,epithelial_like
24.0,25492,epithelial_like
24.0,25493,epithelial_like
24.0,25494,epithelial_like
24.0,25495,hADSCs
24.0,25496,epithelial_like
24.0,25497,epithelial_like
24.0,25498,epithelial_like
24.0,25499,epithelial_like
24.0,25500,epithelial_like
24.0,25501,epithelial_like
24.0,25502,epithelial_like
24.0,25503,epithelial_like
24.0,25504,epithelial_like
24.0,25505,epithelial_like
24.0,25506,epithelial_like
24.0,25507,epithelial_like
24.0,25508,epithelial_like
24.0,25509,epithelial_like
24.0,25510,epithelial_like
24.0,25511,epithelial_like
24.0,25512,epithelial_like
24.0,25513,epithelial_like
24.0,25514,epithelial_like
24.0,25515,epithelial_like
24.0,25516,epithelial_like
24.0,25517,epithelial_like
24.0,25518,epithelial_like
24.0,25519,epithelial_like
24.0,25520,hADSCs
24.0,25521,epithelial_like
24.0,25522,epithelial_like
24.0,25523,hADSCs
24.0,25524,epithelial_like
24.0,25525,epithelial_like
24.0,25526,epithelial_like
24.0,25527,epithelial_like
24.0,25528,epithelial_like
24.0,25529,hADSCs
24.0,25530,epithelial_like
24.0,25531,epithelial_like
24.0,25532,hADSCs
24.0,25533,epithelial_like
24.0,25534,hADSCs
24.0,25535,epithelial_like
24.0,25536,epithelial_like
24.0,25537,epithelial_like
24.0,25538,epithelial_like
24.0,25539,epithelial_like
24.0,25540,epithelial_like
24.0,25541,epithelial_like
24.0,25542,epithelial_like
24.0,25543,epithelial_like
24.0,25544,hADSCs
24.0,25545,hADSCs
24.0,25546,epithelial_like
24.0,25547,hADSCs
24.0,25548,epithelial_like
24.0,25549,epithelial_like
24.0,25550,epithelial_like
24.0,25551,epithelial_like
24.0,25552,hADSCs
24.0,25553,epithelial_like
24.0,25554,hADSCs
24.0,25555,epithelial_like
24.0,25556,epithelial_like
24.0,25557,epithelial_like
24.0,25558,epithelial_like
24.0,25559,epithelial_like
24.0,25560,epithelial_like
24.0,25561,hADSCs
24.0,25562,hADSCs
24.0,25563,epithelial_like
24.0,25564,epithelial_like
24.0,25565,epithelial_like
24.0,25566,hADSCs
24.0,25567,epithelial_like
24.0,25568,hADSCs
24.0,25569,hADSCs
24.0,25570,epithelial_like
24.0,25571,hADSCs
24.0,25572,epithelial_like
24.0,25573,epithelial_like
24.0,25574,epithelial_like
24.0,25575,hADSCs
24.0,25576,hADSCs
24.0,25577,hADSCs
24.0,25578,hADSCs
24.0,25579,hADSCs
24.0,25580,hADSCs
24.0,25581,hADSCs
24.0,25582,epithelial_like
24.0,25583,epithelial_like
24.0,25584,epithelial_like
24.0,25585,epithelial_like
24.0,25586,epithelial_like
24.0,25587,hADSCs
24.0,25588,hADSCs
24.0,25589,epithelial_like
24.0,25590,epithelial_like
24.0,25591,hADSCs
24.0,25592,epithelial_like
24.0,25593,epithelial_like
24.0,25594,epithelial_like
24.0,25595,epithelial_like
24.0,25596,hADSCs
24.0,25597,hADSCs
24.0,25598,epithelial_like
24.0,25599,epithelial_like
24.0,25600,epithelial_like
24.0,25601,epithelial_like
24.0,25602,epithelial_like
24.0,25603,epithelial_like
24.0,25604,epithelial_like
24.0,25605,epithelial_like
24.0,25606,epithelial_like
24.0,25607,epithelial_like
24.0,25608,epithelial_like
24.0,25609,epithelial_like
24.0,25610,hADSCs
24.0,25611,hADSCs
24.0,25612,epithelial_like
24.0,25613,epithelial_like
24.0,25614,epithelial_like
24.0,25615,hADSCs
24.0,25616,epithelial_like
24.0,25617,epithelial_like
24.0,25618,epithelial_like
24.0,25619,epithelial_like
24.0,25620,epithelial_like
24.0,25621,hADSCs
24.0,25622,epithelial_like
24.0,25623,epithelial_like
24.0,25624,epithelial_like
24.0,25625,hADSCs
24.0,25626,epithelial_like
24.0,25627,epithelial_like
24.0,25628,epithelial_like
24.0,25629,epithelial_like
24.0,25630,epithelial_like
24.0,25631,epithelial_like
24.0,25632,epithelial_like
24.0,25633,epithelial_like
24.0,25634,hADSCs
24.0,25635,epithelial_like
24.0,25636,hADSCs
24.0,25637,epithelial_like
24.0,25638,epithelial_like
24.0,25639,epithelial_like
24.0,25640,epithelial_like
24.0,25641,epithelial_like
24.0,25642,epithelial_like
24.0,25643,hADSCs
24.0,25644,epithelial_like
24.0,25645,epithelial_like
24.0,25646,epithelial_like
24.0,25647,epithelial_like
24.0,25648,epithelial_like
24.0,25649,epithelial_like
24.0,25650,epithelial_like
24.0,25651,epithelial_like
24.0,25652,epithelial_like
24.0,25653,epithelial_like
24.0,25654,epithelial_like
24.0,25655,epithelial_like
24.0,25656,epithelial_like
24.0,25657,epithelial_like
24.0,25658,epithelial_like
24.0,25659,epithelial_like
24.0,25660,epithelial_like
24.0,25661,epithelial_like
24.0,25662,epithelial_like
24.0,25663,epithelial_like
24.0,25664,hADSCs
24.0,25665,epithelial_like
24.0,25666,epithelial_like
24.0,25667,epithelial_like
24.0,25668,hADSCs
24.0,25669,epithelial_like
24.0,25670,hADSCs
24.0,25671,epithelial_like
24.0,25672,epithelial_like
24.0,25673,epithelial_like
24.0,25674,hADSCs
24.0,25675,hADSCs
24.0,25676,epithelial_like
24.0,25677,epithelial_like
24.0,25678,epithelial_like
24.0,25679,epithelial_like
24.0,25680,epithelial_like
24.0,25681,epithelial_like
24.0,25682,hADSCs
24.0,25683,hADSCs
24.0,25684,epithelial_like
24.0,25685,epithelial_like
24.0,25686,epithelial_like
24.0,25687,hADSCs
24.0,25688,epithelial_like
24.0,25689,epithelial_like
24.0,25690,epithelial_like
24.0,25691,epithelial_like
24.0,25692,epithelial_like
24.0,25693,epithelial_like
24.0,25694,epithelial_like
24.0,25695,epithelial_like
24.0,25696,epithelial_like
24.0,25697,hADSCs
24.0,25698,hADSCs
24.0,25699,hADSCs
24.0,25700,hADSCs
24.0,25701,epithelial_like
24.0,25702,epithelial_like
24.0,25703,epithelial_like
24.0,25704,epithelial_like
24.0,25705,epithelial_like
24.0,25706,epithelial_like
24.0,25707,epithelial_like
24.0,25708,epithelial_like
24.0,25709,epithelial_like
24.0,25710,epithelial_like
24.0,25711,epithelial_like
24.0,25712,epithelial_like
24.0,25713,epithelial_like
24.0,25714,epithelial_like
24.0,25715,epithelial_like
24.0,25716,hADSCs
24.0,25717,epithelial_like
24.0,25718,epithelial_like
24.0,25719,epithelial_like
24.0,25720,epithelial_like
24.0,25721,epithelial_like
24.0,25722,epithelial_like
24.0,25723,epithelial_like
24.0,25724,hADSCs
24.0,25725,hADSCs
24.0,25726,epithelial_like
24.0,25727,epithelial_like
24.0,25728,hADSCs
24.0,25729,epithelial_like
24.0,25730,epithelial_like
24.0,25731,epithelial_like
24.0,25732,epithelial_like
24.0,25733,epithelial_like
24.0,25734,epithelial_like
24.0,25735,epithelial_like
24.0,25736,epithelial_like
24.0,25737,epithelial_like
24.0,25738,hADSCs
24.0,25739,hADSCs
24.0,25740,epithelial_like
24.0,25741,epithelial_like
24.0,25742,hADSCs
24.0,25743,epithelial_like
24.0,25744,epithelial_like
24.0,25745,epithelial_like
24.0,25746,epithelial_like
24.0,25747,epithelial_like
24.0,25748,epithelial_like
24.0,25749,epithelial_like
24.0,25750,epithelial_like
24.0,25751,hADSCs
24.0,25752,epithelial_like
24.0,25753,epithelial_like
24.0,25754,epithelial_like
24.0,25755,epithelial_like
24.0,25756,epithelial_like
24.0,25757,epithelial_like
24.0,25758,hADSCs
24.0,25759,hADSCs
24.0,25760,epithelial_like
24.0,25761,epithelial_like
24.0,25762,epithelial_like
24.0,25763,intermediate_plastic
24.0,25764,epithelial_like
24.0,25765,epithelial_like
24.0,25766,epithelial_like
24.0,25767,epithelial_like
24.0,25768,epithelial_like
24.0,25769,epithelial_like
24.0,25770,epithelial_like
24.0,25771,epithelial_like
24.0,25772,epithelial_like
24.0,25773,epithelial_like
24.0,25774,epithelial_like
24.0,25775,epithelial_like
24.0,25776,epithelial_like
24.0,25777,epithelial_like
24.0,25778,epithelial_like
24.0,25779,epithelial_like
24.0,25780,epithelial_like
24.0,25781,epithelial_like
24.0,25782,epithelial_like
24.0,25783,epithelial_like
24.0,25784,epithelial_like
24.0,25785,epithelial_like
24.0,25786,epithelial_like
24.0,25787,epithelial_like
24.0,25788,epithelial_like
24.0,25789,epithelial_like
24.0,25790,epithelial_like
24.0,25791,epithelial_like
24.0,25792,epithelial_like
24.0,25793,epithelial_like
24.0,25794,epithelial_like
24.0,25795,epithelial_like
24.0,25796,epithelial_like
24.0,25797,epithelial_like
24.0,25798,epithelial_like
24.0,25799,epithelial_like
24.0,25800,epithelial_like
24.0,25801,hADSCs
24.0,25802,epithelial_like
24.0,25803,epithelial_like
24.0,25804,epithelial_like
24.0,25805,epithelial_like
24.0,25806,epithelial_like
24.0,25807,epithelial_like
24.0,25808,epithelial_like
24.0,25809,epithelial_like
24.0,25810,epithelial_like
24.0,25811,epithelial_like
24.0,25812,hADSCs
24.0,25813,hADSCs
24.0,25814,epithelial_like
24.0,25815,epithelial_like
24.0,25816,epithelial_like
24.0,25817,epithelial_like
24.0,25818,epithelial_like
24.0,25819,epithelial_like
24.0,25820,epithelial_like
24.0,25821,hADSCs
24.0,25822,epithelial_like
24.0,25823,hADSCs
24.0,25824,epithelial_like
24.0,25825,epithelial_like
24.0,25826,epithelial_like
24.0,25827,epithelial_like
24.0,25828,epithelial_like
24.0,25829,epithelial_like
24.0,25830,epithelial_like
24.0,25831,hADSCs
24.0,25832,epithelial_like
24.0,25833,epithelial_like
24.0,25834,epithelial_like
24.0,25835,epithelial_like
24.0,25836,epithelial_like
24.0,25837,epithelial_like
24.0,25838,epithelial_like
24.0,25839,epithelial_like
24.0,25840,epithelial_like
24.0,25841,epithelial_like
24.0,25842,epithelial_like
24.0,25843,epithelial_like
24.0,25844,epithelial_like
24.0,25845,epithelial_like
24.0,25846,epithelial_like
24.0,25847,epithelial_like
24.0,25848,epithelial_like
24.0,25849,epithelial_like
24.0,25850,epithelial_like
24.0,25851,hADSCs
24.0,25852,epithelial_like
24.0,25853,epithelial_like
24.0,25854,epithelial_like
24.0,25855,epithelial_like
24.0,25856,epithelial_like
24.0,25857,epithelial_like
24.0,25858,epithelial_like
24.0,25859,epithelial_like
24.0,25860,epithelial_like
24.0,25861,epithelial_like
24.0,25862,epithelial_like
24.0,25863,hADSCs
24.0,25864,epithelial_like
24.0,25865,epithelial_like
24.0,25866,epithelial_like
24.0,25867,epithelial_like
24.0,25868,epithelial_like
24.0,25869,epithelial_like
24.0,25870,epithelial_like
24.0,25871,epithelial_like
24.0,25872,epithelial_like
24.0,25873,epithelial_like
24.0,25874,epithelial_like
24.0,25875,epithelial_like
24.0,25876,epithelial_like
24.0,25877,hADSCs
24.0,25878,hADSCs
24.0,25879,hADSCs
24.0,25880,hADSCs
24.0,25881,epithelial_like
24.0,25882,epithelial_like
24.0,25883,epithelial_like
24.0,25884,hADSCs
24.0,25885,hADSCs
24.0,25886,hADSCs
24.0,25887,epithelial_like
24.0,25888,epithelial_like
24.0,25889,hADSCs
24.0,25890,hADSCs
24.0,25891,epithelial_like
24.0,25892,hADSCs
24.0,25893,epithelial_like
24.0,25894,hADSCs
24.0,25895,epithelial_like
24.0,25896,epithelial_like
24.0,25897,epithelial_like
24.0,25898,epithelial_like
24.0,25899,epithelial_like
24.0,25900,epithelial_like
24.0,25901,hADSCs
24.0,25902,hADSCs
24.0,25903,epithelial_like
24.0,25904,epithelial_like
24.0,25905,epithelial_like
24.0,25906,epithelial_like
24.0,25907,epithelial_like
24.0,25908,epithelial_like
24.0,25909,epithelial_like
24.0,25910,epithelial_like
24.0,25911,hADSCs
24.0,25912,epithelial_like
24.0,25913,epithelial_like
24.0,25914,epithelial_like
24.0,25915,epithelial_like
24.0,25916,epithelial_like
24.0,25917,epithelial_like
24.0,25918,epithelial_like
24.0,25919,epithelial_like
24.0,25920,epithelial_like
24.0,25921,hADSCs
24.0,25922,epithelial_like
24.0,25923,epithelial_like
24.0,25924,epithelial_like
24.0,25925,epithelial_like
24.0,25926,epithelial_like
24.0,25927,epithelial_like
24.0,25928,epithelial_like
24.0,25929,epithelial_like
24.0,25930,epithelial_like
24.0,25931,epithelial_like
24.0,25932,hADSCs
24.0,25933,epithelial_like
24.0,25934,epithelial_like
24.0,25935,epithelial_like
24.0,25936,epithelial_like
24.0,25937,epithelial_like
24.0,25938,epithelial_like
24.0,25939,epithelial_like
24.0,25940,epithelial_like
24.0,25941,epithelial_like
24.0,25942,epithelial_like
24.0,25943,epithelial_like
24.0,25944,epithelial_like
24.0,25945,epithelial_like
24.0,25946,epithelial_like
24.0,25947,epithelial_like
24.0,25948,epithelial_like
24.0,25949,epithelial_like
24.0,25950,epithelial_like
24.0,25951,epithelial_like
24.0,25952,hADSCs
24.0,25953,epithelial_like
24.0,25954,epithelial_like
24.0,25955,epithelial_like
24.0,25956,epithelial_like
24.0,25957,epithelial_like
24.0,25958,epithelial_like
24.0,25959,epithelial_like
24.0,25960,epithelial_like
24.0,25961,epithelial_like
24.0,25962,epithelial_like
24.0,25963,epithelial_like
24.0,25964,epithelial_like
24.0,25965,epithelial_like
24.0,25966,epithelial_like
24.0,25967,epithelial_like
24.0,25968,epithelial_like
24.0,25969,epithelial_like
24.0,25970,epithelial_like
24.0,25971,epithelial_like
24.0,25972,epithelial_like
24.0,25973,epithelial_like
24.0,25974,epithelial_like
24.0,25975,epithelial_like
24.0,25976,epithelial_like
24.0,25977,epithelial_like
24.0,25978,epithelial_like
24.0,25979,epithelial_like
24.0,25980,epithelial_like
24.0,25981,hADSCs
24.0,25982,epithelial_like
24.0,25983,epithelial_like
24.0,25984,epithelial_like
24.0,25985,epithelial_like
24.0,25986,epithelial_like
24.0,25987,epithelial_like
24.0,25988,epithelial_like
24.0,25989,epithelial_like
24.0,25990,epithelial_like
24.0,25991,epithelial_like
24.0,25992,epithelial_like
24.0,25993,hADSCs
24.0,25994,hADSCs
24.0,25995,hADSCs
24.0,25996,epithelial_like
24.0,25997,epithelial_like
24.0,25998,hADSCs
24.0,25999,epithelial_like
28.0,26000,hADSCs
28.0,26001,epithelial_like
28.0,26002,epithelial_like
28.0,26003,epithelial_like
28.0,26004,epithelial_like
28.0,26005,epithelial_like
28.0,26006,epithelial_like
28.0,26007,hADSCs
28.0,26008,hADSCs
28.0,26009,epithelial_like
28.0,26010,hCiPS
28.0,26011,epithelial_like
28.0,26012,epithelial_like
28.0,26013,epithelial_like
28.0,26014,epithelial_like
28.0,26015,epithelial_like
28.0,26016,epithelial_like
28.0,26017,epithelial_like
28.0,26018,epithelial_like
28.0,26019,hADSCs
28.0,26020,epithelial_like
28.0,26021,epithelial_like
28.0,26022,hADSCs
28.0,26023,epithelial_like
28.0,26024,epithelial_like
28.0,26025,epithelial_like
28.0,26026,hADSCs
28.0,26027,hADSCs
28.0,26028,epithelial_like
28.0,26029,epithelial_like
28.0,26030,hADSCs
28.0,26031,hADSCs
28.0,26032,epithelial_like
28.0,26033,epithelial_like
28.0,26034,epithelial_like
28.0,26035,intermediate_plastic
28.0,26036,epithelial_like
28.0,26037,epithelial_like
28.0,26038,epithelial_like
28.0,26039,hADSCs
28.0,26040,epithelial_like
28.0,26041,epithelial_like
28.0,26042,hADSCs
28.0,26043,epithelial_like
28.0,26044,epithelial_like
28.0,26045,epithelial_like
28.0,26046,epithelial_like
28.0,26047,epithelial_like
28.0,26048,epithelial_like
28.0,26049,epithelial_like
28.0,26050,epithelial_like
28.0,26051,epithelial_like
28.0,26052,epithelial_like
28.0,26053,epithelial_like
28.0,26054,epithelial_like
28.0,26055,epithelial_like
28.0,26056,epithelial_like
28.0,26057,epithelial_like
28.0,26058,epithelial_like
28.0,26059,epithelial_like
28.0,26060,epithelial_like
28.0,26061,epithelial_like
28.0,26062,epithelial_like
28.0,26063,epithelial_like
28.0,26064,hADSCs
28.0,26065,epithelial_like
28.0,26066,epithelial_like
28.0,26067,epithelial_like
28.0,26068,epithelial_like
28.0,26069,hADSCs
28.0,26070,epithelial_like
28.0,26071,epithelial_like
28.0,26072,epithelial_like
28.0,26073,epithelial_like
28.0,26074,epithelial_like
28.0,26075,epithelial_like
28.0,26076,epithelial_like
28.0,26077,epithelial_like
28.0,26078,epithelial_like
28.0,26079,epithelial_like
28.0,26080,epithelial_like
28.0,26081,epithelial_like
28.0,26082,hADSCs
28.0,26083,epithelial_like
28.0,26084,epithelial_like
28.0,26085,epithelial_like
28.0,26086,epithelial_like
28.0,26087,epithelial_like
28.0,26088,epithelial_like
28.0,26089,epithelial_like
28.0,26090,epithelial_like
28.0,26091,epithelial_like
28.0,26092,epithelial_like
28.0,26093,epithelial_like
28.0,26094,epithelial_like
28.0,26095,epithelial_like
28.0,26096,epithelial_like
28.0,26097,epithelial_like
28.0,26098,epithelial_like
28.0,26099,epithelial_like
28.0,26100,epithelial_like
28.0,26101,epithelial_like
28.0,26102,hADSCs
28.0,26103,epithelial_like
28.0,26104,hADSCs
28.0,26105,hADSCs
28.0,26106,epithelial_like
28.0,26107,epithelial_like
28.0,26108,epithelial_like
28.0,26109,epithelial_like
28.0,26110,epithelial_like
28.0,26111,epithelial_like
28.0,26112,epithelial_like
28.0,26113,epithelial_like
28.0,26114,epithelial_like
28.0,26115,epithelial_like
28.0,26116,epithelial_like
28.0,26117,epithelial_like
28.0,26118,epithelial_like
28.0,26119,epithelial_like
28.0,26120,epithelial_like
28.0,26121,epithelial_like
28.0,26122,epithelial_like
28.0,26123,epithelial_like
28.0,26124,epithelial_like
28.0,26125,hADSCs
28.0,26126,epithelial_like
28.0,26127,epithelial_like
28.0,26128,epithelial_like
28.0,26129,epithelial_like
28.0,26130,epithelial_like
28.0,26131,epithelial_like
28.0,26132,epithelial_like
28.0,26133,epithelial_like
28.0,26134,epithelial_like
28.0,26135,epithelial_like
28.0,26136,hADSCs
28.0,26137,epithelial_like
28.0,26138,epithelial_like
28.0,26139,epithelial_like
28.0,26140,epithelial_like
28.0,26141,epithelial_like
28.0,26142,epithelial_like
28.0,26143,epithelial_like
28.0,26144,hADSCs
28.0,26145,epithelial_like
28.0,26146,epithelial_like
28.0,26147,epithelial_like
28.0,26148,epithelial_like
28.0,26149,epithelial_like
28.0,26150,epithelial_like
28.0,26151,epithelial_like
28.0,26152,epithelial_like
28.0,26153,epithelial_like
28.0,26154,epithelial_like
28.0,26155,hADSCs
28.0,26156,epithelial_like
28.0,26157,epithelial_like
28.0,26158,epithelial_like
28.0,26159,epithelial_like
28.0,26160,epithelial_like
28.0,26161,epithelial_like
28.0,26162,epithelial_like
28.0,26163,epithelial_like
28.0,26164,epithelial_like
28.0,26165,epithelial_like
28.0,26166,epithelial_like
28.0,26167,epithelial_like
28.0,26168,hADSCs
28.0,26169,epithelial_like
28.0,26170,epithelial_like
28.0,26171,epithelial_like
28.0,26172,epithelial_like
28.0,26173,epithelial_like
28.0,26174,epithelial_like
28.0,26175,epithelial_like
28.0,26176,epithelial_like
28.0,26177,epithelial_like
28.0,26178,epithelial_like
28.0,26179,epithelial_like
28.0,26180,epithelial_like
28.0,26181,hADSCs
28.0,26182,hADSCs
28.0,26183,epithelial_like
28.0,26184,epithelial_like
28.0,26185,epithelial_like
28.0,26186,epithelial_like
28.0,26187,epithelial_like
28.0,26188,epithelial_like
28.0,26189,epithelial_like
28.0,26190,epithelial_like
28.0,26191,epithelial_like
28.0,26192,epithelial_like
28.0,26193,epithelial_like
28.0,26194,epithelial_like
28.0,26195,epithelial_like
28.0,26196,epithelial_like
28.0,26197,epithelial_like
28.0,26198,epithelial_like
28.0,26199,epithelial_like
28.0,26200,epithelial_like
28.0,26201,epithelial_like
28.0,26202,epithelial_like
28.0,26203,epithelial_like
28.0,26204,epithelial_like
28.0,26205,epithelial_like
28.0,26206,epithelial_like
28.0,26207,epithelial_like
28.0,26208,epithelial_like
28.0,26209,hADSCs
28.0,26210,epithelial_like
28.0,26211,epithelial_like
28.0,26212,hADSCs
28.0,26213,hADSCs
28.0,26214,hADSCs
28.0,26215,epithelial_like
28.0,26216,epithelial_like
28.0,26217,epithelial_like
28.0,26218,epithelial_like
28.0,26219,epithelial_like
28.0,26220,epithelial_like
28.0,26221,epithelial_like
28.0,26222,epithelial_like
28.0,26223,epithelial_like
28.0,26224,epithelial_like
28.0,26225,epithelial_like
28.0,26226,epithelial_like
28.0,26227,epithelial_like
28.0,26228,epithelial_like
28.0,26229,epithelial_like
28.0,26230,epithelial_like
28.0,26231,epithelial_like
28.0,26232,epithelial_like
28.0,26233,epithelial_like
28.0,26234,hADSCs
28.0,26235,epithelial_like
28.0,26236,hADSCs
28.0,26237,epithelial_like
28.0,26238,epithelial_like
28.0,26239,epithelial_like
28.0,26240,epithelial_like
28.0,26241,epithelial_like
28.0,26242,epithelial_like
28.0,26243,epithelial_like
28.0,26244,epithelial_like
28.0,26245,epithelial_like
28.0,26246,epithelial_like
28.0,26247,epithelial_like
28.0,26248,epithelial_like
28.0,26249,epithelial_like
28.0,26250,epithelial_like
28.0,26251,epithelial_like
28.0,26252,epithelial_like
28.0,26253,epithelial_like
28.0,26254,hADSCs
28.0,26255,epithelial_like
28.0,26256,epithelial_like
28.0,26257,epithelial_like
28.0,26258,epithelial_like
28.0,26259,epithelial_like
28.0,26260,epithelial_like
28.0,26261,hADSCs
28.0,26262,epithelial_like
28.0,26263,epithelial_like
28.0,26264,epithelial_like
28.0,26265,epithelial_like
28.0,26266,epithelial_like
28.0,26267,epithelial_like
28.0,26268,epithelial_like
28.0,26269,epithelial_like
28.0,26270,epithelial_like
28.0,26271,epithelial_like
28.0,26272,epithelial_like
28.0,26273,epithelial_like
28.0,26274,epithelial_like
28.0,26275,epithelial_like
28.0,26276,epithelial_like
28.0,26277,epithelial_like
28.0,26278,epithelial_like
28.0,26279,epithelial_like
28.0,26280,epithelial_like
28.0,26281,epithelial_like
28.0,26282,hADSCs
28.0,26283,epithelial_like
28.0,26284,epithelial_like
28.0,26285,epithelial_like
28.0,26286,epithelial_like
28.0,26287,epithelial_like
28.0,26288,epithelial_like
28.0,26289,epithelial_like
28.0,26290,epithelial_like
28.0,26291,epithelial_like
28.0,26292,epithelial_like
28.0,26293,epithelial_like
28.0,26294,epithelial_like
28.0,26295,epithelial_like
28.0,26296,epithelial_like
28.0,26297,hADSCs
28.0,26298,epithelial_like
28.0,26299,epithelial_like
28.0,26300,epithelial_like
28.0,26301,hADSCs
28.0,26302,epithelial_like
28.0,26303,epithelial_like
28.0,26304,epithelial_like
28.0,26305,epithelial_like
28.0,26306,epithelial_like
28.0,26307,epithelial_like
28.0,26308,epithelial_like
28.0,26309,epithelial_like
28.0,26310,epithelial_like
28.0,26311,epithelial_like
28.0,26312,epithelial_like
28.0,26313,epithelial_like
28.0,26314,epithelial_like
28.0,26315,epithelial_like
28.0,26316,hADSCs
28.0,26317,epithelial_like
28.0,26318,epithelial_like
28.0,26319,epithelial_like
28.0,26320,epithelial_like
28.0,26321,epithelial_like
28.0,26322,epithelial_like
28.0,26323,epithelial_like
28.0,26324,epithelial_like
28.0,26325,epithelial_like
28.0,26326,epithelial_like
28.0,26327,epithelial_like
28.0,26328,epithelial_like
28.0,26329,epithelial_like
28.0,26330,epithelial_like
28.0,26331,epithelial_like
28.0,26332,hADSCs
28.0,26333,hADSCs
28.0,26334,epithelial_like
28.0,26335,epithelial_like
28.0,26336,epithelial_like
28.0,26337,epithelial_like
28.0,26338,epithelial_like
28.0,26339,epithelial_like
28.0,26340,epithelial_like
28.0,26341,epithelial_like
28.0,26342,epithelial_like
28.0,26343,epithelial_like
28.0,26344,epithelial_like
28.0,26345,epithelial_like
28.0,26346,epithelial_like
28.0,26347,epithelial_like
28.0,26348,epithelial_like
28.0,26349,epithelial_like
28.0,26350,epithelial_like
28.0,26351,epithelial_like
28.0,26352,epithelial_like
28.0,26353,hADSCs
28.0,26354,epithelial_like
28.0,26355,epithelial_like
28.0,26356,epithelial_like
28.0,26357,epithelial_like
28.0,26358,epithelial_like
28.0,26359,epithelial_like
28.0,26360,epithelial_like
28.0,26361,epithelial_like
28.0,26362,hADSCs
28.0,26363,epithelial_like
28.0,26364,epithelial_like
28.0,26365,epithelial_like
28.0,26366,epithelial_like
28.0,26367,epithelial_like
28.0,26368,epithelial_like
28.0,26369,epithelial_like
28.0,26370,epithelial_like
28.0,26371,epithelial_like
28.0,26372,epithelial_like
28.0,26373,epithelial_like
28.0,26374,epithelial_like
28.0,26375,hADSCs
28.0,26376,epithelial_like
28.0,26377,epithelial_like
28.0,26378,epithelial_like
28.0,26379,epithelial_like
28.0,26380,epithelial_like
28.0,26381,epithelial_like
28.0,26382,epithelial_like
28.0,26383,hADSCs
28.0,26384,epithelial_like
28.0,26385,epithelial_like
28.0,26386,epithelial_like
28.0,26387,epithelial_like
28.0,26388,epithelial_like
28.0,26389,epithelial_like
28.0,26390,epithelial_like
28.0,26391,epithelial_like
28.0,26392,epithelial_like
28.0,26393,epithelial_like
28.0,26394,hADSCs
28.0,26395,hADSCs
28.0,26396,epithelial_like
28.0,26397,epithelial_like
28.0,26398,epithelial_like
28.0,26399,epithelial_like
28.0,26400,epithelial_like
28.0,26401,epithelial_like
28.0,26402,epithelial_like
28.0,26403,epithelial_like
28.0,26404,epithelial_like
28.0,26405,epithelial_like
28.0,26406,epithelial_like
28.0,26407,epithelial_like
28.0,26408,hADSCs
28.0,26409,epithelial_like
28.0,26410,epithelial_like
28.0,26411,epithelial_like
28.0,26412,epithelial_like
28.0,26413,epithelial_like
28.0,26414,epithelial_like
28.0,26415,epithelial_like
28.0,26416,epithelial_like
28.0,26417,epithelial_like
28.0,26418,epithelial_like
28.0,26419,epithelial_like
28.0,26420,hADSCs
28.0,26421,epithelial_like
28.0,26422,epithelial_like
28.0,26423,epithelial_like
28.0,26424,epithelial_like
28.0,26425,epithelial_like
28.0,26426,epithelial_like
28.0,26427,epithelial_like
28.0,26428,epithelial_like
28.0,26429,epithelial_like
28.0,26430,epithelial_like
28.0,26431,epithelial_like
28.0,26432,epithelial_like
28.0,26433,epithelial_like
28.0,26434,epithelial_like
28.0,26435,epithelial_like
28.0,26436,epithelial_like
28.0,26437,epithelial_like
28.0,26438,epithelial_like
28.0,26439,epithelial_like
28.0,26440,epithelial_like
28.0,26441,epithelial_like
28.0,26442,epithelial_like
28.0,26443,hADSCs
28.0,26444,epithelial_like
28.0,26445,epithelial_like
28.0,26446,epithelial_like
28.0,26447,epithelial_like
28.0,26448,epithelial_like
28.0,26449,epithelial_like
28.0,26450,epithelial_like
28.0,26451,epithelial_like
28.0,26452,epithelial_like
28.0,26453,epithelial_like
28.0,26454,epithelial_like
28.0,26455,epithelial_like
28.0,26456,epithelial_like
28.0,26457,epithelial_like
28.0,26458,epithelial_like
28.0,26459,epithelial_like
28.0,26460,epithelial_like
28.0,26461,epithelial_like
28.0,26462,epithelial_like
28.0,26463,epithelial_like
28.0,26464,epithelial_like
28.0,26465,epithelial_like
28.0,26466,epithelial_like
28.0,26467,epithelial_like
28.0,26468,epithelial_like
28.0,26469,epithelial_like
28.0,26470,epithelial_like
28.0,26471,epithelial_like
28.0,26472,epithelial_like
28.0,26473,epithelial_like
28.0,26474,epithelial_like
28.0,26475,epithelial_like
28.0,26476,epithelial_like
28.0,26477,epithelial_like
28.0,26478,epithelial_like
28.0,26479,epithelial_like
28.0,26480,hADSCs
28.0,26481,epithelial_like
28.0,26482,epithelial_like
28.0,26483,epithelial_like
28.0,26484,epithelial_like
28.0,26485,hADSCs
28.0,26486,hADSCs
28.0,26487,hADSCs
28.0,26488,epithelial_like
28.0,26489,epithelial_like
28.0,26490,epithelial_like
28.0,26491,epithelial_like
28.0,26492,hADSCs
28.0,26493,epithelial_like
28.0,26494,epithelial_like
28.0,26495,epithelial_like
28.0,26496,epithelial_like
28.0,26497,epithelial_like
28.0,26498,epithelial_like
28.0,26499,hADSCs
28.0,26500,epithelial_like
28.0,26501,epithelial_like
28.0,26502,epithelial_like
28.0,26503,epithelial_like
28.0,26504,epithelial_like
28.0,26505,epithelial_like
28.0,26506,hADSCs
28.0,26507,epithelial_like
28.0,26508,epithelial_like
28.0,26509,epithelial_like
28.0,26510,epithelial_like
28.0,26511,epithelial_like
28.0,26512,epithelial_like
28.0,26513,epithelial_like
28.0,26514,epithelial_like
28.0,26515,epithelial_like
28.0,26516,hADSCs
28.0,26517,epithelial_like
28.0,26518,epithelial_like
28.0,26519,epithelial_like
28.0,26520,epithelial_like
28.0,26521,epithelial_like
28.0,26522,epithelial_like
28.0,26523,hADSCs
28.0,26524,hADSCs
28.0,26525,epithelial_like
28.0,26526,epithelial_like
28.0,26527,epithelial_like
28.0,26528,epithelial_like
28.0,26529,epithelial_like
28.0,26530,epithelial_like
28.0,26531,hADSCs
28.0,26532,epithelial_like
28.0,26533,hADSCs
28.0,26534,hADSCs
28.0,26535,epithelial_like
28.0,26536,epithelial_like
28.0,26537,hADSCs
28.0,26538,hADSCs
28.0,26539,epithelial_like
28.0,26540,epithelial_like
28.0,26541,epithelial_like
28.0,26542,epithelial_like
28.0,26543,epithelial_like
28.0,26544,epithelial_like
28.0,26545,epithelial_like
28.0,26546,epithelial_like
28.0,26547,epithelial_like
28.0,26548,epithelial_like
28.0,26549,epithelial_like
28.0,26550,epithelial_like
28.0,26551,epithelial_like
28.0,26552,epithelial_like
28.0,26553,hADSCs
28.0,26554,epithelial_like
28.0,26555,epithelial_like
28.0,26556,hADSCs
28.0,26557,epithelial_like
28.0,26558,epithelial_like
28.0,26559,epithelial_like
28.0,26560,epithelial_like
28.0,26561,hADSCs
28.0,26562,hADSCs
28.0,26563,epithelial_like
28.0,26564,epithelial_like
28.0,26565,epithelial_like
28.0,26566,epithelial_like
28.0,26567,epithelial_like
28.0,26568,hADSCs
28.0,26569,epithelial_like
28.0,26570,epithelial_like
28.0,26571,epithelial_like
28.0,26572,hADSCs
28.0,26573,epithelial_like
28.0,26574,epithelial_like
28.0,26575,epithelial_like
28.0,26576,epithelial_like
28.0,26577,epithelial_like
28.0,26578,epithelial_like
28.0,26579,epithelial_like
28.0,26580,epithelial_like
28.0,26581,epithelial_like
28.0,26582,epithelial_like
28.0,26583,epithelial_like
28.0,26584,epithelial_like
28.0,26585,epithelial_like
28.0,26586,epithelial_like
28.0,26587,hADSCs
28.0,26588,epithelial_like
28.0,26589,epithelial_like
28.0,26590,hADSCs
28.0,26591,hADSCs
28.0,26592,epithelial_like
28.0,26593,epithelial_like
28.0,26594,epithelial_like
28.0,26595,epithelial_like
28.0,26596,epithelial_like
28.0,26597,epithelial_like
28.0,26598,epithelial_like
28.0,26599,epithelial_like
28.0,26600,epithelial_like
28.0,26601,epithelial_like
28.0,26602,epithelial_like
28.0,26603,epithelial_like
28.0,26604,epithelial_like
28.0,26605,epithelial_like
28.0,26606,epithelial_like
28.0,26607,epithelial_like
28.0,26608,epithelial_like
28.0,26609,epithelial_like
28.0,26610,hADSCs
28.0,26611,epithelial_like
28.0,26612,epithelial_like
28.0,26613,epithelial_like
28.0,26614,epithelial_like
28.0,26615,epithelial_like
28.0,26616,hADSCs
28.0,26617,epithelial_like
28.0,26618,epithelial_like
28.0,26619,epithelial_like
28.0,26620,epithelial_like
28.0,26621,epithelial_like
28.0,26622,epithelial_like
28.0,26623,hADSCs
28.0,26624,hADSCs
28.0,26625,epithelial_like
28.0,26626,epithelial_like
28.0,26627,epithelial_like
28.0,26628,epithelial_like
28.0,26629,hADSCs
28.0,26630,hADSCs
28.0,26631,epithelial_like
28.0,26632,epithelial_like
28.0,26633,epithelial_like
28.0,26634,hADSCs
28.0,26635,epithelial_like
28.0,26636,intermediate_plastic
28.0,26637,epithelial_like
28.0,26638,epithelial_like
28.0,26639,epithelial_like
28.0,26640,epithelial_like
28.0,26641,hADSCs
28.0,26642,epithelial_like
28.0,26643,epithelial_like
28.0,26644,epithelial_like
28.0,26645,epithelial_like
28.0,26646,epithelial_like
28.0,26647,hADSCs
28.0,26648,epithelial_like
28.0,26649,epithelial_like
28.0,26650,epithelial_like
28.0,26651,epithelial_like
28.0,26652,epithelial_like
28.0,26653,epithelial_like
28.0,26654,epithelial_like
28.0,26655,epithelial_like
28.0,26656,epithelial_like
28.0,26657,epithelial_like
28.0,26658,epithelial_like
28.0,26659,epithelial_like
28.0,26660,epithelial_like
28.0,26661,epithelial_like
28.0,26662,epithelial_like
28.0,26663,epithelial_like
28.0,26664,epithelial_like
28.0,26665,epithelial_like
28.0,26666,epithelial_like
28.0,26667,epithelial_like
28.0,26668,epithelial_like
28.0,26669,epithelial_like
28.0,26670,epithelial_like
28.0,26671,hADSCs
28.0,26672,hADSCs
28.0,26673,epithelial_like
28.0,26674,epithelial_like
28.0,26675,epithelial_like
28.0,26676,epithelial_like
28.0,26677,epithelial_like
28.0,26678,epithelial_like
28.0,26679,hADSCs
28.0,26680,hADSCs
28.0,26681,epithelial_like
28.0,26682,hADSCs
28.0,26683,epithelial_like
28.0,26684,epithelial_like
28.0,26685,epithelial_like
28.0,26686,epithelial_like
28.0,26687,epithelial_like
28.0,26688,hADSCs
28.0,26689,epithelial_like
28.0,26690,epithelial_like
28.0,26691,epithelial_like
28.0,26692,epithelial_like
28.0,26693,hADSCs
28.0,26694,epithelial_like
28.0,26695,epithelial_like
28.0,26696,epithelial_like
28.0,26697,epithelial_like
28.0,26698,epithelial_like
28.0,26699,epithelial_like
28.0,26700,hADSCs
28.0,26701,epithelial_like
28.0,26702,epithelial_like
28.0,26703,epithelial_like
28.0,26704,epithelial_like
28.0,26705,epithelial_like
28.0,26706,hADSCs
28.0,26707,epithelial_like
28.0,26708,epithelial_like
28.0,26709,hADSCs
28.0,26710,epithelial_like
28.0,26711,epithelial_like
28.0,26712,epithelial_like
28.0,26713,hADSCs
28.0,26714,epithelial_like
28.0,26715,epithelial_like
28.0,26716,epithelial_like
28.0,26717,epithelial_like
28.0,26718,epithelial_like
28.0,26719,hADSCs
28.0,26720,epithelial_like
28.0,26721,epithelial_like
28.0,26722,epithelial_like
28.0,26723,epithelial_like
28.0,26724,epithelial_like
28.0,26725,epithelial_like
28.0,26726,epithelial_like
28.0,26727,epithelial_like
28.0,26728,epithelial_like
28.0,26729,epithelial_like
28.0,26730,epithelial_like
28.0,26731,epithelial_like
28.0,26732,epithelial_like
28.0,26733,epithelial_like
28.0,26734,hADSCs
28.0,26735,epithelial_like
28.0,26736,epithelial_like
28.0,26737,epithelial_like
28.0,26738,epithelial_like
28.0,26739,epithelial_like
28.0,26740,epithelial_like
28.0,26741,epithelial_like
28.0,26742,epithelial_like
28.0,26743,epithelial_like
28.0,26744,epithelial_like
28.0,26745,epithelial_like
28.0,26746,epithelial_like
28.0,26747,epithelial_like
28.0,26748,epithelial_like
28.0,26749,epithelial_like
28.0,26750,epithelial_like
28.0,26751,epithelial_like
28.0,26752,epithelial_like
28.0,26753,epithelial_like
28.0,26754,epithelial_like
28.0,26755,epithelial_like
28.0,26756,epithelial_like
28.0,26757,epithelial_like
28.0,26758,epithelial_like
28.0,26759,epithelial_like
28.0,26760,hADSCs
28.0,26761,epithelial_like
28.0,26762,epithelial_like
28.0,26763,epithelial_like
28.0,26764,epithelial_like
28.0,26765,epithelial_like
28.0,26766,epithelial_like
28.0,26767,epithelial_like
28.0,26768,hADSCs
28.0,26769,hADSCs
28.0,26770,epithelial_like
28.0,26771,hADSCs
28.0,26772,epithelial_like
28.0,26773,epithelial_like
28.0,26774,epithelial_like
28.0,26775,epithelial_like
28.0,26776,epithelial_like
28.0,26777,epithelial_like
28.0,26778,epithelial_like
28.0,26779,epithelial_like
28.0,26780,epithelial_like
28.0,26781,epithelial_like
28.0,26782,hADSCs
28.0,26783,epithelial_like
28.0,26784,epithelial_like
28.0,26785,epithelial_like
28.0,26786,epithelial_like
28.0,26787,epithelial_like
28.0,26788,epithelial_like
28.0,26789,epithelial_like
28.0,26790,epithelial_like
28.0,26791,epithelial_like
28.0,26792,epithelial_like
28.0,26793,hADSCs
28.0,26794,hADSCs
28.0,26795,epithelial_like
28.0,26796,epithelial_like
28.0,26797,epithelial_like
28.0,26798,epithelial_like
28.0,26799,epithelial_like
28.0,26800,epithelial_like
28.0,26801,epithelial_like
28.0,26802,epithelial_like
28.0,26803,epithelial_like
28.0,26804,epithelial_like
28.0,26805,epithelial_like
28.0,26806,epithelial_like
28.0,26807,epithelial_like
28.0,26808,epithelial_like
28.0,26809,epithelial_like
28.0,26810,epithelial_like
28.0,26811,epithelial_like
28.0,26812,epithelial_like
28.0,26813,epithelial_like
28.0,26814,epithelial_like
28.0,26815,epithelial_like
28.0,26816,epithelial_like
28.0,26817,epithelial_like
28.0,26818,epithelial_like
28.0,26819,epithelial_like
28.0,26820,epithelial_like
28.0,26821,epithelial_like
28.0,26822,hADSCs
28.0,26823,epithelial_like
28.0,26824,hADSCs
28.0,26825,epithelial_like
28.0,26826,epithelial_like
28.0,26827,epithelial_like
28.0,26828,epithelial_like
28.0,26829,epithelial_like
28.0,26830,epithelial_like
28.0,26831,hADSCs
28.0,26832,epithelial_like
28.0,26833,epithelial_like
28.0,26834,epithelial_like
28.0,26835,epithelial_like
28.0,26836,epithelial_like
28.0,26837,epithelial_like
28.0,26838,epithelial_like
28.0,26839,epithelial_like
28.0,26840,epithelial_like
28.0,26841,epithelial_like
28.0,26842,epithelial_like
28.0,26843,epithelial_like
28.0,26844,epithelial_like
28.0,26845,epithelial_like
28.0,26846,epithelial_like
28.0,26847,epithelial_like
28.0,26848,epithelial_like
28.0,26849,epithelial_like
28.0,26850,epithelial_like
28.0,26851,epithelial_like
28.0,26852,epithelial_like
28.0,26853,epithelial_like
28.0,26854,epithelial_like
28.0,26855,epithelial_like
28.0,26856,epithelial_like
28.0,26857,epithelial_like
28.0,26858,epithelial_like
28.0,26859,epithelial_like
28.0,26860,epithelial_like
28.0,26861,epithelial_like
28.0,26862,epithelial_like
28.0,26863,epithelial_like
28.0,26864,epithelial_like
28.0,26865,hADSCs
28.0,26866,epithelial_like
28.0,26867,epithelial_like
28.0,26868,epithelial_like
28.0,26869,epithelial_like
28.0,26870,epithelial_like
28.0,26871,epithelial_like
28.0,26872,epithelial_like
28.0,26873,epithelial_like
28.0,26874,epithelial_like
28.0,26875,epithelial_like
28.0,26876,epithelial_like
28.0,26877,epithelial_like
28.0,26878,hADSCs
28.0,26879,epithelial_like
28.0,26880,epithelial_like
28.0,26881,hADSCs
28.0,26882,hADSCs
28.0,26883,epithelial_like
28.0,26884,epithelial_like
28.0,26885,epithelial_like
28.0,26886,epithelial_like
28.0,26887,epithelial_like
28.0,26888,epithelial_like
28.0,26889,epithelial_like
28.0,26890,hADSCs
28.0,26891,epithelial_like
28.0,26892,epithelial_like
28.0,26893,epithelial_like
28.0,26894,hADSCs
28.0,26895,epithelial_like
28.0,26896,epithelial_like
28.0,26897,epithelial_like
28.0,26898,epithelial_like
28.0,26899,epithelial_like
28.0,26900,epithelial_like
28.0,26901,epithelial_like
28.0,26902,epithelial_like
28.0,26903,epithelial_like
28.0,26904,ambiguous
28.0,26905,ambiguous
28.0,26906,hADSCs
28.0,26907,epithelial_like
28.0,26908,epithelial_like
28.0,26909,epithelial_like
28.0,26910,epithelial_like
28.0,26911,epithelial_like
28.0,26912,epithelial_like
28.0,26913,hADSCs
28.0,26914,epithelial_like
28.0,26915,epithelial_like
28.0,26916,epithelial_like
28.0,26917,epithelial_like
28.0,26918,epithelial_like
28.0,26919,epithelial_like
28.0,26920,epithelial_like
28.0,26921,epithelial_like
28.0,26922,epithelial_like
28.0,26923,epithelial_like
28.0,26924,epithelial_like
28.0,26925,epithelial_like
28.0,26926,epithelial_like
28.0,26927,epithelial_like
28.0,26928,epithelial_like
28.0,26929,epithelial_like
28.0,26930,epithelial_like
28.0,26931,epithelial_like
28.0,26932,epithelial_like
28.0,26933,epithelial_like
28.0,26934,epithelial_like
28.0,26935,epithelial_like
28.0,26936,epithelial_like
28.0,26937,hADSCs
28.0,26938,epithelial_like
28.0,26939,epithelial_like
28.0,26940,epithelial_like
28.0,26941,epithelial_like
28.0,26942,epithelial_like
28.0,26943,epithelial_like
28.0,26944,epithelial_like
28.0,26945,epithelial_like
28.0,26946,epithelial_like
28.0,26947,epithelial_like
28.0,26948,epithelial_like
28.0,26949,epithelial_like
28.0,26950,epithelial_like
28.0,26951,epithelial_like
28.0,26952,epithelial_like
28.0,26953,epithelial_like
28.0,26954,epithelial_like
28.0,26955,epithelial_like
28.0,26956,epithelial_like
28.0,26957,epithelial_like
28.0,26958,epithelial_like
28.0,26959,epithelial_like
28.0,26960,epithelial_like
28.0,26961,epithelial_like
28.0,26962,epithelial_like
28.0,26963,intermediate_plastic
28.0,26964,epithelial_like
28.0,26965,epithelial_like
28.0,26966,epithelial_like
28.0,26967,epithelial_like
28.0,26968,intermediate_plastic
28.0,26969,epithelial_like
28.0,26970,hADSCs
28.0,26971,epithelial_like
28.0,26972,epithelial_like
28.0,26973,epithelial_like
28.0,26974,hADSCs
28.0,26975,epithelial_like
28.0,26976,epithelial_like
28.0,26977,epithelial_like
28.0,26978,epithelial_like
28.0,26979,epithelial_like
28.0,26980,hADSCs
28.0,26981,epithelial_like
28.0,26982,hADSCs
28.0,26983,epithelial_like
28.0,26984,epithelial_like
28.0,26985,hADSCs
28.0,26986,hADSCs
28.0,26987,epithelial_like
28.0,26988,epithelial_like
28.0,26989,epithelial_like
28.0,26990,epithelial_like
28.0,26991,epithelial_like
28.0,26992,epithelial_like
28.0,26993,epithelial_like
28.0,26994,hADSCs
28.0,26995,epithelial_like
28.0,26996,epithelial_like
28.0,26997,epithelial_like
28.0,26998,epithelial_like
28.0,26999,epithelial_like
28.0,27000,hADSCs
28.0,27001,hADSCs
28.0,27002,epithelial_like
28.0,27003,epithelial_like
28.0,27004,epithelial_like
28.0,27005,epithelial_like
28.0,27006,epithelial_like
28.0,27007,hADSCs
28.0,27008,epithelial_like
28.0,27009,epithelial_like
28.0,27010,epithelial_like
28.0,27011,epithelial_like
28.0,27012,hADSCs
28.0,27013,epithelial_like
28.0,27014,epithelial_like
28.0,27015,hADSCs
28.0,27016,epithelial_like
28.0,27017,epithelial_like
28.0,27018,epithelial_like
28.0,27019,epithelial_like
28.0,27020,epithelial_like
28.0,27021,epithelial_like
28.0,27022,epithelial_like
28.0,27023,epithelial_like
28.0,27024,epithelial_like
28.0,27025,epithelial_like
28.0,27026,epithelial_like
28.0,27027,epithelial_like
28.0,27028,epithelial_like
28.0,27029,epithelial_like
28.0,27030,hADSCs
28.0,27031,epithelial_like
28.0,27032,epithelial_like
28.0,27033,epithelial_like
28.0,27034,epithelial_like
28.0,27035,epithelial_like
28.0,27036,epithelial_like
28.0,27037,epithelial_like
28.0,27038,hADSCs
28.0,27039,epithelial_like
28.0,27040,epithelial_like
28.0,27041,epithelial_like
28.0,27042,epithelial_like
28.0,27043,epithelial_like
28.0,27044,hADSCs
28.0,27045,hADSCs
28.0,27046,hADSCs
28.0,27047,epithelial_like
28.0,27048,epithelial_like
28.0,27049,epithelial_like
28.0,27050,epithelial_like
28.0,27051,epithelial_like
28.0,27052,epithelial_like
28.0,27053,epithelial_like
28.0,27054,epithelial_like
28.0,27055,epithelial_like
28.0,27056,epithelial_like
28.0,27057,epithelial_like
28.0,27058,epithelial_like
28.0,27059,hADSCs
28.0,27060,epithelial_like
28.0,27061,epithelial_like
28.0,27062,epithelial_like
28.0,27063,hADSCs
28.0,27064,epithelial_like
28.0,27065,epithelial_like
28.0,27066,epithelial_like
28.0,27067,epithelial_like
28.0,27068,epithelial_like
28.0,27069,epithelial_like
28.0,27070,epithelial_like
28.0,27071,epithelial_like
28.0,27072,epithelial_like
28.0,27073,epithelial_like
28.0,27074,hADSCs
28.0,27075,epithelial_like
28.0,27076,epithelial_like
28.0,27077,epithelial_like
28.0,27078,epithelial_like
28.0,27079,epithelial_like
28.0,27080,epithelial_like
28.0,27081,epithelial_like
28.0,27082,epithelial_like
28.0,27083,epithelial_like
28.0,27084,epithelial_like
28.0,27085,epithelial_like
28.0,27086,epithelial_like
28.0,27087,epithelial_like
28.0,27088,epithelial_like
28.0,27089,epithelial_like
28.0,27090,epithelial_like
28.0,27091,epithelial_like
28.0,27092,epithelial_like
28.0,27093,epithelial_like
28.0,27094,epithelial_like
28.0,27095,epithelial_like
28.0,27096,epithelial_like
28.0,27097,epithelial_like
28.0,27098,epithelial_like
28.0,27099,epithelial_like
28.0,27100,epithelial_like
28.0,27101,hADSCs
28.0,27102,epithelial_like
28.0,27103,epithelial_like
28.0,27104,epithelial_like
28.0,27105,epithelial_like
28.0,27106,epithelial_like
28.0,27107,epithelial_like
28.0,27108,epithelial_like
28.0,27109,epithelial_like
28.0,27110,epithelial_like
28.0,27111,epithelial_like
28.0,27112,epithelial_like
28.0,27113,epithelial_like
28.0,27114,epithelial_like
28.0,27115,epithelial_like
28.0,27116,epithelial_like
28.0,27117,epithelial_like
28.0,27118,epithelial_like
28.0,27119,epithelial_like
28.0,27120,epithelial_like
28.0,27121,epithelial_like
28.0,27122,hADSCs
28.0,27123,epithelial_like
28.0,27124,epithelial_like
28.0,27125,epithelial_like
28.0,27126,epithelial_like
28.0,27127,epithelial_like
28.0,27128,hADSCs
28.0,27129,hADSCs
28.0,27130,epithelial_like
28.0,27131,epithelial_like
28.0,27132,epithelial_like
28.0,27133,hADSCs
28.0,27134,epithelial_like
28.0,27135,epithelial_like
28.0,27136,epithelial_like
28.0,27137,hADSCs
28.0,27138,epithelial_like
28.0,27139,epithelial_like
28.0,27140,hADSCs
28.0,27141,epithelial_like
28.0,27142,epithelial_like
28.0,27143,hADSCs
28.0,27144,epithelial_like
28.0,27145,hADSCs
28.0,27146,epithelial_like
28.0,27147,hADSCs
28.0,27148,hADSCs
28.0,27149,epithelial_like
28.0,27150,epithelial_like
28.0,27151,hADSCs
28.0,27152,epithelial_like
28.0,27153,epithelial_like
28.0,27154,epithelial_like
28.0,27155,hADSCs
28.0,27156,hADSCs
28.0,27157,hADSCs
28.0,27158,epithelial_like
28.0,27159,epithelial_like
28.0,27160,epithelial_like
28.0,27161,epithelial_like
28.0,27162,epithelial_like
28.0,27163,epithelial_like
28.0,27164,epithelial_like
28.0,27165,epithelial_like
28.0,27166,epithelial_like
28.0,27167,hADSCs
28.0,27168,epithelial_like
28.0,27169,epithelial_like
28.0,27170,epithelial_like
28.0,27171,epithelial_like
28.0,27172,epithelial_like
28.0,27173,epithelial_like
28.0,27174,hADSCs
28.0,27175,epithelial_like
28.0,27176,epithelial_like
28.0,27177,epithelial_like
28.0,27178,epithelial_like
28.0,27179,epithelial_like
28.0,27180,epithelial_like
28.0,27181,epithelial_like
28.0,27182,epithelial_like
28.0,27183,epithelial_like
28.0,27184,epithelial_like
28.0,27185,epithelial_like
28.0,27186,epithelial_like
28.0,27187,epithelial_like
28.0,27188,epithelial_like
28.0,27189,epithelial_like
28.0,27190,epithelial_like
28.0,27191,epithelial_like
28.0,27192,epithelial_like
28.0,27193,epithelial_like
28.0,27194,epithelial_like
28.0,27195,epithelial_like
28.0,27196,epithelial_like
28.0,27197,epithelial_like
28.0,27198,epithelial_like
28.0,27199,epithelial_like
28.0,27200,epithelial_like
28.0,27201,epithelial_like
28.0,27202,epithelial_like
28.0,27203,epithelial_like
28.0,27204,epithelial_like
28.0,27205,hADSCs
28.0,27206,epithelial_like
28.0,27207,epithelial_like
28.0,27208,epithelial_like
28.0,27209,epithelial_like
28.0,27210,epithelial_like
28.0,27211,epithelial_like
28.0,27212,epithelial_like
28.0,27213,epithelial_like
28.0,27214,epithelial_like
28.0,27215,hADSCs
28.0,27216,epithelial_like
28.0,27217,hADSCs
28.0,27218,epithelial_like
28.0,27219,epithelial_like
28.0,27220,epithelial_like
28.0,27221,epithelial_like
28.0,27222,epithelial_like
28.0,27223,epithelial_like
28.0,27224,epithelial_like
28.0,27225,epithelial_like
28.0,27226,epithelial_like
28.0,27227,epithelial_like
28.0,27228,epithelial_like
28.0,27229,epithelial_like
28.0,27230,hADSCs
28.0,27231,epithelial_like
28.0,27232,epithelial_like
28.0,27233,epithelial_like
28.0,27234,hADSCs
28.0,27235,epithelial_like
28.0,27236,epithelial_like
28.0,27237,epithelial_like
28.0,27238,epithelial_like
28.0,27239,epithelial_like
28.0,27240,epithelial_like
28.0,27241,epithelial_like
28.0,27242,epithelial_like
28.0,27243,epithelial_like
28.0,27244,epithelial_like
28.0,27245,epithelial_like
28.0,27246,epithelial_like
28.0,27247,epithelial_like
28.0,27248,hCiPS
28.0,27249,epithelial_like
28.0,27250,epithelial_like
28.0,27251,epithelial_like
28.0,27252,epithelial_like
28.0,27253,epithelial_like
28.0,27254,epithelial_like
28.0,27255,epithelial_like
28.0,27256,epithelial_like
28.0,27257,epithelial_like
28.0,27258,epithelial_like
28.0,27259,epithelial_like
28.0,27260,epithelial_like
28.0,27261,epithelial_like
28.0,27262,epithelial_like
28.0,27263,epithelial_like
28.0,27264,epithelial_like
28.0,27265,epithelial_like
28.0,27266,epithelial_like
28.0,27267,epithelial_like
28.0,27268,epithelial_like
28.0,27269,epithelial_like
28.0,27270,epithelial_like
28.0,27271,epithelial_like
28.0,27272,hADSCs
28.0,27273,epithelial_like
28.0,27274,hADSCs
28.0,27275,epithelial_like
28.0,27276,epithelial_like
28.0,27277,epithelial_like
28.0,27278,hADSCs
28.0,27279,epithelial_like
28.0,27280,hADSCs
28.0,27281,hADSCs
28.0,27282,hADSCs
28.0,27283,hADSCs
28.0,27284,hADSCs
28.0,27285,epithelial_like
28.0,27286,epithelial_like
28.0,27287,epithelial_like
28.0,27288,epithelial_like
28.0,27289,epithelial_like
28.0,27290,epithelial_like
28.0,27291,epithelial_like
28.0,27292,epithelial_like
28.0,27293,epithelial_like
28.0,27294,epithelial_like
28.0,27295,epithelial_like
28.0,27296,epithelial_like
28.0,27297,epithelial_like
28.0,27298,epithelial_like
28.0,27299,epithelial_like
28.0,27300,hADSCs
28.0,27301,epithelial_like
28.0,27302,epithelial_like
28.0,27303,epithelial_like
28.0,27304,epithelial_like
28.0,27305,hADSCs
28.0,27306,epithelial_like
28.0,27307,epithelial_like
28.0,27308,epithelial_like
28.0,27309,epithelial_like
28.0,27310,epithelial_like
28.0,27311,epithelial_like
28.0,27312,epithelial_like
28.0,27313,hADSCs
28.0,27314,epithelial_like
28.0,27315,epithelial_like
28.0,27316,epithelial_like
28.0,27317,epithelial_like
28.0,27318,epithelial_like
28.0,27319,epithelial_like
28.0,27320,epithelial_like
28.0,27321,epithelial_like
28.0,27322,epithelial_like
28.0,27323,epithelial_like
28.0,27324,epithelial_like
28.0,27325,epithelial_like
28.0,27326,epithelial_like
28.0,27327,epithelial_like
28.0,27328,epithelial_like
28.0,27329,hADSCs
28.0,27330,hADSCs
28.0,27331,hADSCs
28.0,27332,intermediate_plastic
28.0,27333,epithelial_like
28.0,27334,epithelial_like
28.0,27335,epithelial_like
28.0,27336,epithelial_like
28.0,27337,epithelial_like
28.0,27338,epithelial_like
28.0,27339,epithelial_like
28.0,27340,epithelial_like
28.0,27341,epithelial_like
28.0,27342,epithelial_like
28.0,27343,epithelial_like
28.0,27344,hADSCs
28.0,27345,epithelial_like
28.0,27346,epithelial_like
28.0,27347,intermediate_plastic
28.0,27348,epithelial_like
28.0,27349,epithelial_like
28.0,27350,epithelial_like
28.0,27351,epithelial_like
28.0,27352,epithelial_like
28.0,27353,epithelial_like
28.0,27354,epithelial_like
28.0,27355,epithelial_like
28.0,27356,epithelial_like
28.0,27357,hADSCs
28.0,27358,epithelial_like
28.0,27359,epithelial_like
28.0,27360,epithelial_like
28.0,27361,hADSCs
28.0,27362,epithelial_like
28.0,27363,epithelial_like
28.0,27364,epithelial_like
28.0,27365,epithelial_like
28.0,27366,epithelial_like
28.0,27367,epithelial_like
28.0,27368,epithelial_like
28.0,27369,epithelial_like
28.0,27370,epithelial_like
28.0,27371,epithelial_like
28.0,27372,epithelial_like
28.0,27373,epithelial_like
28.0,27374,epithelial_like
28.0,27375,epithelial_like
28.0,27376,epithelial_like
28.0,27377,epithelial_like
28.0,27378,epithelial_like
28.0,27379,epithelial_like
28.0,27380,epithelial_like
28.0,27381,epithelial_like
28.0,27382,epithelial_like
28.0,27383,epithelial_like
28.0,27384,epithelial_like
28.0,27385,epithelial_like
28.0,27386,epithelial_like
28.0,27387,epithelial_like
28.0,27388,epithelial_like
28.0,27389,epithelial_like
28.0,27390,epithelial_like
28.0,27391,epithelial_like
28.0,27392,epithelial_like
28.0,27393,hADSCs
28.0,27394,epithelial_like
28.0,27395,epithelial_like
28.0,27396,epithelial_like
28.0,27397,epithelial_like
28.0,27398,epithelial_like
28.0,27399,epithelial_like
28.0,27400,epithelial_like
28.0,27401,epithelial_like
28.0,27402,epithelial_like
28.0,27403,hADSCs
28.0,27404,epithelial_like
28.0,27405,epithelial_like
28.0,27406,epithelial_like
28.0,27407,epithelial_like
28.0,27408,epithelial_like
28.0,27409,epithelial_like
28.0,27410,epithelial_like
28.0,27411,epithelial_like
28.0,27412,epithelial_like
28.0,27413,epithelial_like
28.0,27414,epithelial_like
28.0,27415,epithelial_like
28.0,27416,epithelial_like
28.0,27417,epithelial_like
28.0,27418,epithelial_like
28.0,27419,epithelial_like
28.0,27420,epithelial_like
28.0,27421,epithelial_like
28.0,27422,epithelial_like
28.0,27423,hADSCs
28.0,27424,epithelial_like
28.0,27425,epithelial_like
28.0,27426,epithelial_like
28.0,27427,epithelial_like
28.0,27428,epithelial_like
28.0,27429,epithelial_like
28.0,27430,epithelial_like
28.0,27431,epithelial_like
28.0,27432,epithelial_like
28.0,27433,epithelial_like
28.0,27434,epithelial_like
28.0,27435,epithelial_like
28.0,27436,epithelial_like
28.0,27437,epithelial_like
28.0,27438,epithelial_like
28.0,27439,epithelial_like
28.0,27440,epithelial_like
28.0,27441,epithelial_like
28.0,27442,epithelial_like
28.0,27443,epithelial_like
28.0,27444,epithelial_like
28.0,27445,epithelial_like
28.0,27446,epithelial_like
28.0,27447,epithelial_like
28.0,27448,epithelial_like
28.0,27449,epithelial_like
28.0,27450,epithelial_like
28.0,27451,epithelial_like
28.0,27452,epithelial_like
28.0,27453,epithelial_like
28.0,27454,epithelial_like
28.0,27455,epithelial_like
28.0,27456,epithelial_like
28.0,27457,epithelial_like
28.0,27458,hADSCs
28.0,27459,epithelial_like
28.0,27460,hADSCs
28.0,27461,epithelial_like
28.0,27462,epithelial_like
28.0,27463,epithelial_like
28.0,27464,epithelial_like
28.0,27465,epithelial_like
28.0,27466,epithelial_like
28.0,27467,epithelial_like
28.0,27468,epithelial_like
28.0,27469,hADSCs
28.0,27470,epithelial_like
28.0,27471,hADSCs
28.0,27472,hADSCs
28.0,27473,epithelial_like
28.0,27474,epithelial_like
28.0,27475,epithelial_like
28.0,27476,hADSCs
28.0,27477,epithelial_like
28.0,27478,epithelial_like
28.0,27479,epithelial_like
28.0,27480,hADSCs
28.0,27481,epithelial_like
28.0,27482,epithelial_like
28.0,27483,hADSCs
28.0,27484,epithelial_like
28.0,27485,hADSCs
28.0,27486,epithelial_like
28.0,27487,epithelial_like
28.0,27488,epithelial_like
28.0,27489,epithelial_like
28.0,27490,epithelial_like
28.0,27491,epithelial_like
28.0,27492,epithelial_like
28.0,27493,epithelial_like
28.0,27494,epithelial_like
28.0,27495,epithelial_like
28.0,27496,epithelial_like
28.0,27497,epithelial_like
28.0,27498,epithelial_like
28.0,27499,epithelial_like
28.0,27500,epithelial_like
28.0,27501,epithelial_like
28.0,27502,epithelial_like
28.0,27503,epithelial_like
28.0,27504,hADSCs
28.0,27505,hADSCs
28.0,27506,hADSCs
28.0,27507,epithelial_like
28.0,27508,epithelial_like
28.0,27509,epithelial_like
28.0,27510,epithelial_like
28.0,27511,hADSCs
28.0,27512,epithelial_like
28.0,27513,hADSCs
28.0,27514,epithelial_like
28.0,27515,epithelial_like
28.0,27516,hADSCs
28.0,27517,epithelial_like
28.0,27518,epithelial_like
28.0,27519,epithelial_like
28.0,27520,epithelial_like
28.0,27521,epithelial_like
28.0,27522,epithelial_like
28.0,27523,epithelial_like
28.0,27524,epithelial_like
28.0,27525,hADSCs
28.0,27526,epithelial_like
28.0,27527,epithelial_like
28.0,27528,hADSCs
28.0,27529,epithelial_like
28.0,27530,epithelial_like
28.0,27531,epithelial_like
28.0,27532,epithelial_like
28.0,27533,epithelial_like
28.0,27534,epithelial_like
28.0,27535,epithelial_like
28.0,27536,epithelial_like
28.0,27537,epithelial_like
28.0,27538,epithelial_like
28.0,27539,epithelial_like
28.0,27540,epithelial_like
28.0,27541,epithelial_like
28.0,27542,hADSCs
28.0,27543,epithelial_like
28.0,27544,epithelial_like
28.0,27545,epithelial_like
28.0,27546,epithelial_like
28.0,27547,epithelial_like
28.0,27548,epithelial_like
28.0,27549,epithelial_like
28.0,27550,epithelial_like
28.0,27551,epithelial_like
28.0,27552,epithelial_like
28.0,27553,epithelial_like
28.0,27554,epithelial_like
28.0,27555,hADSCs
28.0,27556,epithelial_like
28.0,27557,epithelial_like
28.0,27558,hADSCs
28.0,27559,hADSCs
28.0,27560,hADSCs
28.0,27561,hADSCs
28.0,27562,hADSCs
28.0,27563,epithelial_like
28.0,27564,epithelial_like
28.0,27565,epithelial_like
28.0,27566,epithelial_like
28.0,27567,epithelial_like
28.0,27568,epithelial_like
28.0,27569,epithelial_like
28.0,27570,hADSCs
28.0,27571,epithelial_like
28.0,27572,epithelial_like
28.0,27573,epithelial_like
28.0,27574,epithelial_like
28.0,27575,epithelial_like
28.0,27576,epithelial_like
28.0,27577,hADSCs
28.0,27578,hADSCs
28.0,27579,hADSCs
28.0,27580,hADSCs
28.0,27581,epithelial_like
28.0,27582,epithelial_like
28.0,27583,epithelial_like
28.0,27584,hADSCs
28.0,27585,epithelial_like
28.0,27586,hADSCs
28.0,27587,epithelial_like
28.0,27588,epithelial_like
28.0,27589,epithelial_like
28.0,27590,epithelial_like
28.0,27591,hADSCs
28.0,27592,epithelial_like
28.0,27593,epithelial_like
28.0,27594,epithelial_like
28.0,27595,epithelial_like
28.0,27596,epithelial_like
28.0,27597,epithelial_like
28.0,27598,epithelial_like
28.0,27599,epithelial_like
28.0,27600,epithelial_like
28.0,27601,epithelial_like
28.0,27602,epithelial_like
28.0,27603,epithelial_like
28.0,27604,epithelial_like
28.0,27605,epithelial_like
28.0,27606,epithelial_like
28.0,27607,epithelial_like
28.0,27608,epithelial_like
28.0,27609,epithelial_like
28.0,27610,epithelial_like
28.0,27611,epithelial_like
28.0,27612,epithelial_like
28.0,27613,hADSCs
28.0,27614,hADSCs
28.0,27615,hADSCs
28.0,27616,epithelial_like
28.0,27617,epithelial_like
28.0,27618,hADSCs
28.0,27619,epithelial_like
28.0,27620,hADSCs
28.0,27621,intermediate_plastic
28.0,27622,epithelial_like
28.0,27623,epithelial_like
28.0,27624,hADSCs
28.0,27625,epithelial_like
28.0,27626,epithelial_like
28.0,27627,epithelial_like
28.0,27628,epithelial_like
28.0,27629,hADSCs
28.0,27630,epithelial_like
28.0,27631,epithelial_like
28.0,27632,hADSCs
28.0,27633,epithelial_like
28.0,27634,hADSCs
28.0,27635,hADSCs
28.0,27636,epithelial_like
28.0,27637,hADSCs
28.0,27638,hADSCs
28.0,27639,epithelial_like
28.0,27640,epithelial_like
28.0,27641,epithelial_like
28.0,27642,epithelial_like
28.0,27643,epithelial_like
28.0,27644,intermediate_plastic
28.0,27645,epithelial_like
28.0,27646,epithelial_like
28.0,27647,epithelial_like
28.0,27648,epithelial_like
28.0,27649,epithelial_like
28.0,27650,hADSCs
28.0,27651,hADSCs
28.0,27652,hADSCs
28.0,27653,epithelial_like
28.0,27654,epithelial_like
28.0,27655,hADSCs
28.0,27656,hADSCs
28.0,27657,epithelial_like
28.0,27658,epithelial_like
28.0,27659,epithelial_like
28.0,27660,hADSCs
28.0,27661,epithelial_like
28.0,27662,epithelial_like
28.0,27663,epithelial_like
28.0,27664,epithelial_like
28.0,27665,epithelial_like
28.0,27666,epithelial_like
28.0,27667,epithelial_like
28.0,27668,epithelial_like
28.0,27669,epithelial_like
28.0,27670,epithelial_like
28.0,27671,epithelial_like
28.0,27672,epithelial_like
28.0,27673,epithelial_like
28.0,27674,epithelial_like
28.0,27675,epithelial_like
28.0,27676,epithelial_like
28.0,27677,hADSCs
28.0,27678,epithelial_like
28.0,27679,epithelial_like
28.0,27680,epithelial_like
28.0,27681,epithelial_like
28.0,27682,epithelial_like
28.0,27683,hADSCs
28.0,27684,epithelial_like
28.0,27685,epithelial_like
28.0,27686,epithelial_like
28.0,27687,epithelial_like
28.0,27688,epithelial_like
28.0,27689,epithelial_like
28.0,27690,epithelial_like
28.0,27691,epithelial_like
28.0,27692,epithelial_like
28.0,27693,epithelial_like
28.0,27694,epithelial_like
28.0,27695,hADSCs
28.0,27696,epithelial_like
28.0,27697,epithelial_like
28.0,27698,epithelial_like
28.0,27699,epithelial_like
28.0,27700,hADSCs
28.0,27701,epithelial_like
28.0,27702,epithelial_like
28.0,27703,epithelial_like
28.0,27704,epithelial_like
28.0,27705,epithelial_like
28.0,27706,epithelial_like
28.0,27707,epithelial_like
28.0,27708,hADSCs
28.0,27709,epithelial_like
28.0,27710,epithelial_like
28.0,27711,epithelial_like
28.0,27712,epithelial_like
28.0,27713,hADSCs
28.0,27714,epithelial_like
28.0,27715,epithelial_like
28.0,27716,epithelial_like
28.0,27717,epithelial_like
28.0,27718,epithelial_like
28.0,27719,epithelial_like
28.0,27720,epithelial_like
28.0,27721,epithelial_like
28.0,27722,epithelial_like
28.0,27723,epithelial_like
28.0,27724,epithelial_like
28.0,27725,epithelial_like
28.0,27726,epithelial_like
28.0,27727,epithelial_like
28.0,27728,epithelial_like
28.0,27729,epithelial_like
28.0,27730,epithelial_like
28.0,27731,epithelial_like
28.0,27732,epithelial_like
28.0,27733,epithelial_like
28.0,27734,epithelial_like
28.0,27735,epithelial_like
28.0,27736,epithelial_like
28.0,27737,epithelial_like
28.0,27738,epithelial_like
28.0,27739,epithelial_like
28.0,27740,epithelial_like
28.0,27741,epithelial_like
28.0,27742,epithelial_like
28.0,27743,epithelial_like
28.0,27744,epithelial_like
28.0,27745,epithelial_like
28.0,27746,epithelial_like
28.0,27747,epithelial_like
28.0,27748,epithelial_like
28.0,27749,epithelial_like
28.0,27750,epithelial_like
28.0,27751,epithelial_like
28.0,27752,epithelial_like
28.0,27753,epithelial_like
28.0,27754,hADSCs
28.0,27755,hADSCs
28.0,27756,epithelial_like
28.0,27757,epithelial_like
28.0,27758,epithelial_like
28.0,27759,epithelial_like
28.0,27760,epithelial_like
28.0,27761,epithelial_like
28.0,27762,epithelial_like
28.0,27763,epithelial_like
28.0,27764,epithelial_like
28.0,27765,epithelial_like
28.0,27766,epithelial_like
28.0,27767,hADSCs
28.0,27768,hADSCs
28.0,27769,hADSCs
28.0,27770,epithelial_like
28.0,27771,epithelial_like
28.0,27772,ambiguous
28.0,27773,hADSCs
28.0,27774,epithelial_like
28.0,27775,epithelial_like
28.0,27776,epithelial_like
28.0,27777,epithelial_like
28.0,27778,epithelial_like
28.0,27779,epithelial_like
28.0,27780,epithelial_like
28.0,27781,epithelial_like
28.0,27782,epithelial_like
28.0,27783,epithelial_like
28.0,27784,epithelial_like
28.0,27785,epithelial_like
28.0,27786,epithelial_like
28.0,27787,epithelial_like
28.0,27788,intermediate_plastic
28.0,27789,epithelial_like
28.0,27790,epithelial_like
28.0,27791,epithelial_like
28.0,27792,epithelial_like
28.0,27793,epithelial_like
28.0,27794,epithelial_like
28.0,27795,epithelial_like
28.0,27796,epithelial_like
28.0,27797,epithelial_like
28.0,27798,epithelial_like
28.0,27799,epithelial_like
28.0,27800,epithelial_like
28.0,27801,epithelial_like
28.0,27802,epithelial_like
28.0,27803,epithelial_like
28.0,27804,epithelial_like
28.0,27805,epithelial_like
28.0,27806,epithelial_like
28.0,27807,epithelial_like
28.0,27808,epithelial_like
28.0,27809,epithelial_like
28.0,27810,epithelial_like
28.0,27811,epithelial_like
28.0,27812,ambiguous
28.0,27813,ambiguous
28.0,27814,ambiguous
28.0,27815,ambiguous
28.0,27816,epithelial_like
28.0,27817,intermediate_plastic
28.0,27818,epithelial_like
28.0,27819,epithelial_like
28.0,27820,epithelial_like
28.0,27821,epithelial_like
28.0,27822,epithelial_like
28.0,27823,epithelial_like
28.0,27824,epithelial_like
28.0,27825,epithelial_like
28.0,27826,epithelial_like
28.0,27827,epithelial_like
28.0,27828,epithelial_like
28.0,27829,epithelial_like
28.0,27830,epithelial_like
28.0,27831,epithelial_like
28.0,27832,hADSCs
28.0,27833,hADSCs
28.0,27834,epithelial_like
28.0,27835,epithelial_like
28.0,27836,epithelial_like
28.0,27837,epithelial_like
28.0,27838,epithelial_like
28.0,27839,epithelial_like
28.0,27840,hADSCs
28.0,27841,hADSCs
28.0,27842,epithelial_like
28.0,27843,epithelial_like
28.0,27844,epithelial_like
28.0,27845,epithelial_like
28.0,27846,epithelial_like
28.0,27847,epithelial_like
28.0,27848,epithelial_like
28.0,27849,epithelial_like
28.0,27850,intermediate_plastic
28.0,27851,epithelial_like
28.0,27852,epithelial_like
28.0,27853,epithelial_like
28.0,27854,hADSCs
28.0,27855,epithelial_like
28.0,27856,epithelial_like
28.0,27857,epithelial_like
28.0,27858,epithelial_like
28.0,27859,epithelial_like
28.0,27860,epithelial_like
28.0,27861,epithelial_like
28.0,27862,epithelial_like
28.0,27863,epithelial_like
28.0,27864,epithelial_like
28.0,27865,epithelial_like
28.0,27866,epithelial_like
28.0,27867,epithelial_like
28.0,27868,epithelial_like
28.0,27869,epithelial_like
28.0,27870,epithelial_like
28.0,27871,epithelial_like
28.0,27872,epithelial_like
28.0,27873,epithelial_like
28.0,27874,epithelial_like
28.0,27875,epithelial_like
28.0,27876,epithelial_like
28.0,27877,epithelial_like
28.0,27878,hADSCs
28.0,27879,epithelial_like
28.0,27880,epithelial_like
28.0,27881,epithelial_like
28.0,27882,epithelial_like
28.0,27883,hADSCs
28.0,27884,hADSCs
28.0,27885,epithelial_like
28.0,27886,epithelial_like
28.0,27887,epithelial_like
28.0,27888,epithelial_like
28.0,27889,hADSCs
28.0,27890,epithelial_like
28.0,27891,epithelial_like
28.0,27892,epithelial_like
28.0,27893,epithelial_like
28.0,27894,epithelial_like
28.0,27895,epithelial_like
28.0,27896,epithelial_like
28.0,27897,epithelial_like
28.0,27898,epithelial_like
28.0,27899,epithelial_like
28.0,27900,epithelial_like
28.0,27901,hADSCs
28.0,27902,epithelial_like
28.0,27903,epithelial_like
28.0,27904,epithelial_like
28.0,27905,epithelial_like
28.0,27906,epithelial_like
28.0,27907,epithelial_like
28.0,27908,epithelial_like
28.0,27909,epithelial_like
28.0,27910,epithelial_like
28.0,27911,epithelial_like
28.0,27912,epithelial_like
28.0,27913,epithelial_like
28.0,27914,epithelial_like
28.0,27915,epithelial_like
28.0,27916,epithelial_like
28.0,27917,epithelial_like
28.0,27918,epithelial_like
28.0,27919,epithelial_like
28.0,27920,epithelial_like
28.0,27921,hADSCs
28.0,27922,epithelial_like
28.0,27923,epithelial_like
28.0,27924,epithelial_like
28.0,27925,epithelial_like
28.0,27926,epithelial_like
28.0,27927,hADSCs
28.0,27928,epithelial_like
28.0,27929,hADSCs
28.0,27930,hADSCs
28.0,27931,epithelial_like
28.0,27932,epithelial_like
28.0,27933,epithelial_like
28.0,27934,epithelial_like
28.0,27935,epithelial_like
28.0,27936,epithelial_like
28.0,27937,epithelial_like
28.0,27938,epithelial_like
28.0,27939,epithelial_like
28.0,27940,epithelial_like
28.0,27941,epithelial_like
28.0,27942,hADSCs
28.0,27943,epithelial_like
28.0,27944,epithelial_like
28.0,27945,epithelial_like
28.0,27946,epithelial_like
28.0,27947,epithelial_like
28.0,27948,epithelial_like
28.0,27949,epithelial_like
28.0,27950,epithelial_like
28.0,27951,epithelial_like
28.0,27952,epithelial_like
28.0,27953,epithelial_like
28.0,27954,epithelial_like
28.0,27955,epithelial_like
28.0,27956,epithelial_like
28.0,27957,epithelial_like
28.0,27958,epithelial_like
28.0,27959,epithelial_like
28.0,27960,epithelial_like
28.0,27961,epithelial_like
28.0,27962,epithelial_like
28.0,27963,epithelial_like
28.0,27964,epithelial_like
28.0,27965,epithelial_like
28.0,27966,epithelial_like
28.0,27967,epithelial_like
28.0,27968,epithelial_like
28.0,27969,epithelial_like
28.0,27970,epithelial_like
28.0,27971,epithelial_like
28.0,27972,epithelial_like
28.0,27973,epithelial_like
28.0,27974,epithelial_like
28.0,27975,epithelial_like
28.0,27976,epithelial_like
28.0,27977,epithelial_like
28.0,27978,epithelial_like
28.0,27979,hADSCs
28.0,27980,epithelial_like
28.0,27981,epithelial_like
28.0,27982,epithelial_like
28.0,27983,epithelial_like
28.0,27984,epithelial_like
28.0,27985,epithelial_like
28.0,27986,epithelial_like
28.0,27987,epithelial_like
28.0,27988,epithelial_like
28.0,27989,epithelial_like
28.0,27990,epithelial_like
28.0,27991,epithelial_like
28.0,27992,hADSCs
28.0,27993,hADSCs
28.0,27994,epithelial_like
28.0,27995,epithelial_like
28.0,27996,epithelial_like
28.0,27997,epithelial_like
28.0,27998,hADSCs
28.0,27999,epithelial_like
30.0,28000,hADSCs
30.0,28001,epithelial_like
30.0,28002,hADSCs
30.0,28003,hADSCs
30.0,28004,epithelial_like
30.0,28005,epithelial_like
30.0,28006,epithelial_like
30.0,28007,epithelial_like
30.0,28008,epithelial_like
30.0,28009,epithelial_like
30.0,28010,epithelial_like
30.0,28011,epithelial_like
30.0,28012,epithelial_like
30.0,28013,epithelial_like
30.0,28014,epithelial_like
30.0,28015,epithelial_like
30.0,28016,epithelial_like
30.0,28017,epithelial_like
30.0,28018,epithelial_like
30.0,28019,epithelial_like
30.0,28020,epithelial_like
30.0,28021,epithelial_like
30.0,28022,epithelial_like
30.0,28023,epithelial_like
30.0,28024,epithelial_like
30.0,28025,epithelial_like
30.0,28026,epithelial_like
30.0,28027,epithelial_like
30.0,28028,epithelial_like
30.0,28029,epithelial_like
30.0,28030,epithelial_like
30.0,28031,epithelial_like
30.0,28032,epithelial_like
30.0,28033,epithelial_like
30.0,28034,epithelial_like
30.0,28035,epithelial_like
30.0,28036,epithelial_like
30.0,28037,epithelial_like
30.0,28038,epithelial_like
30.0,28039,epithelial_like
30.0,28040,epithelial_like
30.0,28041,epithelial_like
30.0,28042,hADSCs
30.0,28043,epithelial_like
30.0,28044,epithelial_like
30.0,28045,epithelial_like
30.0,28046,epithelial_like
30.0,28047,epithelial_like
30.0,28048,hADSCs
30.0,28049,hADSCs
30.0,28050,hADSCs
30.0,28051,epithelial_like
30.0,28052,epithelial_like
30.0,28053,epithelial_like
30.0,28054,epithelial_like
30.0,28055,hADSCs
30.0,28056,hADSCs
30.0,28057,epithelial_like
30.0,28058,epithelial_like
30.0,28059,epithelial_like
30.0,28060,epithelial_like
30.0,28061,epithelial_like
30.0,28062,epithelial_like
30.0,28063,hADSCs
30.0,28064,epithelial_like
30.0,28065,epithelial_like
30.0,28066,epithelial_like
30.0,28067,epithelial_like
30.0,28068,epithelial_like
30.0,28069,epithelial_like
30.0,28070,epithelial_like
30.0,28071,epithelial_like
30.0,28072,epithelial_like
30.0,28073,epithelial_like
30.0,28074,epithelial_like
30.0,28075,epithelial_like
30.0,28076,epithelial_like
30.0,28077,epithelial_like
30.0,28078,epithelial_like
30.0,28079,epithelial_like
30.0,28080,epithelial_like
30.0,28081,epithelial_like
30.0,28082,epithelial_like
30.0,28083,epithelial_like
30.0,28084,epithelial_like
30.0,28085,epithelial_like
30.0,28086,epithelial_like
30.0,28087,epithelial_like
30.0,28088,epithelial_like
30.0,28089,epithelial_like
30.0,28090,hADSCs
30.0,28091,epithelial_like
30.0,28092,epithelial_like
30.0,28093,epithelial_like
30.0,28094,hADSCs
30.0,28095,hADSCs
30.0,28096,epithelial_like
30.0,28097,epithelial_like
30.0,28098,epithelial_like
30.0,28099,epithelial_like
30.0,28100,epithelial_like
30.0,28101,epithelial_like
30.0,28102,epithelial_like
30.0,28103,epithelial_like
30.0,28104,epithelial_like
30.0,28105,epithelial_like
30.0,28106,epithelial_like
30.0,28107,epithelial_like
30.0,28108,epithelial_like
30.0,28109,epithelial_like
30.0,28110,epithelial_like
30.0,28111,epithelial_like
30.0,28112,epithelial_like
30.0,28113,epithelial_like
30.0,28114,epithelial_like
30.0,28115,hADSCs
30.0,28116,epithelial_like
30.0,28117,epithelial_like
30.0,28118,epithelial_like
30.0,28119,epithelial_like
30.0,28120,hADSCs
30.0,28121,hADSCs
30.0,28122,epithelial_like
30.0,28123,epithelial_like
30.0,28124,epithelial_like
30.0,28125,epithelial_like
30.0,28126,epithelial_like
30.0,28127,epithelial_like
30.0,28128,epithelial_like
30.0,28129,epithelial_like
30.0,28130,epithelial_like
30.0,28131,epithelial_like
30.0,28132,epithelial_like
30.0,28133,epithelial_like
30.0,28134,epithelial_like
30.0,28135,epithelial_like
30.0,28136,epithelial_like
30.0,28137,hADSCs
30.0,28138,epithelial_like
30.0,28139,epithelial_like
30.0,28140,epithelial_like
30.0,28141,epithelial_like
30.0,28142,epithelial_like
30.0,28143,epithelial_like
30.0,28144,epithelial_like
30.0,28145,epithelial_like
30.0,28146,epithelial_like
30.0,28147,epithelial_like
30.0,28148,epithelial_like
30.0,28149,epithelial_like
30.0,28150,epithelial_like
30.0,28151,epithelial_like
30.0,28152,epithelial_like
30.0,28153,epithelial_like
30.0,28154,epithelial_like
30.0,28155,epithelial_like
30.0,28156,epithelial_like
30.0,28157,epithelial_like
30.0,28158,epithelial_like
30.0,28159,epithelial_like
30.0,28160,epithelial_like
30.0,28161,epithelial_like
30.0,28162,epithelial_like
30.0,28163,epithelial_like
30.0,28164,epithelial_like
30.0,28165,epithelial_like
30.0,28166,epithelial_like
30.0,28167,epithelial_like
30.0,28168,epithelial_like
30.0,28169,epithelial_like
30.0,28170,epithelial_like
30.0,28171,epithelial_like
30.0,28172,epithelial_like
30.0,28173,epithelial_like
30.0,28174,epithelial_like
30.0,28175,epithelial_like
30.0,28176,epithelial_like
30.0,28177,epithelial_like
30.0,28178,epithelial_like
30.0,28179,epithelial_like
30.0,28180,epithelial_like
30.0,28181,epithelial_like
30.0,28182,epithelial_like
30.0,28183,epithelial_like
30.0,28184,epithelial_like
30.0,28185,epithelial_like
30.0,28186,epithelial_like
30.0,28187,epithelial_like
30.0,28188,epithelial_like
30.0,28189,epithelial_like
30.0,28190,epithelial_like
30.0,28191,epithelial_like
30.0,28192,epithelial_like
30.0,28193,epithelial_like
30.0,28194,epithelial_like
30.0,28195,epithelial_like
30.0,28196,epithelial_like
30.0,28197,epithelial_like
30.0,28198,epithelial_like
30.0,28199,epithelial_like
30.0,28200,epithelial_like
30.0,28201,epithelial_like
30.0,28202,epithelial_like
30.0,28203,hADSCs
30.0,28204,epithelial_like
30.0,28205,epithelial_like
30.0,28206,epithelial_like
30.0,28207,epithelial_like
30.0,28208,epithelial_like
30.0,28209,epithelial_like
30.0,28210,epithelial_like
30.0,28211,epithelial_like
30.0,28212,epithelial_like
30.0,28213,epithelial_like
30.0,28214,epithelial_like
30.0,28215,ambiguous
30.0,28216,ambiguous
30.0,28217,epithelial_like
30.0,28218,epithelial_like
30.0,28219,epithelial_like
30.0,28220,epithelial_like
30.0,28221,epithelial_like
30.0,28222,epithelial_like
30.0,28223,epithelial_like
30.0,28224,epithelial_like
30.0,28225,epithelial_like
30.0,28226,epithelial_like
30.0,28227,epithelial_like
30.0,28228,epithelial_like
30.0,28229,epithelial_like
30.0,28230,epithelial_like
30.0,28231,epithelial_like
30.0,28232,epithelial_like
30.0,28233,epithelial_like
30.0,28234,epithelial_like
30.0,28235,epithelial_like
30.0,28236,epithelial_like
30.0,28237,epithelial_like
30.0,28238,epithelial_like
30.0,28239,epithelial_like
30.0,28240,epithelial_like
30.0,28241,epithelial_like
30.0,28242,epithelial_like
30.0,28243,epithelial_like
30.0,28244,epithelial_like
30.0,28245,epithelial_like
30.0,28246,hADSCs
30.0,28247,epithelial_like
30.0,28248,epithelial_like
30.0,28249,epithelial_like
30.0,28250,epithelial_like
30.0,28251,epithelial_like
30.0,28252,epithelial_like
30.0,28253,epithelial_like
30.0,28254,epithelial_like
30.0,28255,epithelial_like
30.0,28256,epithelial_like
30.0,28257,epithelial_like
30.0,28258,epithelial_like
30.0,28259,epithelial_like
30.0,28260,epithelial_like
30.0,28261,epithelial_like
30.0,28262,epithelial_like
30.0,28263,epithelial_like
30.0,28264,hADSCs
30.0,28265,epithelial_like
30.0,28266,epithelial_like
30.0,28267,epithelial_like
30.0,28268,epithelial_like
30.0,28269,epithelial_like
30.0,28270,epithelial_like
30.0,28271,epithelial_like
30.0,28272,epithelial_like
30.0,28273,epithelial_like
30.0,28274,epithelial_like
30.0,28275,epithelial_like
30.0,28276,epithelial_like
30.0,28277,epithelial_like
30.0,28278,epithelial_like
30.0,28279,epithelial_like
30.0,28280,epithelial_like
30.0,28281,epithelial_like
30.0,28282,epithelial_like
30.0,28283,epithelial_like
30.0,28284,epithelial_like
30.0,28285,epithelial_like
30.0,28286,epithelial_like
30.0,28287,epithelial_like
30.0,28288,epithelial_like
30.0,28289,epithelial_like
30.0,28290,epithelial_like
30.0,28291,epithelial_like
30.0,28292,epithelial_like
30.0,28293,epithelial_like
30.0,28294,epithelial_like
30.0,28295,epithelial_like
30.0,28296,epithelial_like
30.0,28297,epithelial_like
30.0,28298,epithelial_like
30.0,28299,epithelial_like
30.0,28300,hADSCs
30.0,28301,epithelial_like
30.0,28302,epithelial_like
30.0,28303,epithelial_like
30.0,28304,epithelial_like
30.0,28305,epithelial_like
30.0,28306,epithelial_like
30.0,28307,epithelial_like
30.0,28308,epithelial_like
30.0,28309,epithelial_like
30.0,28310,epithelial_like
30.0,28311,epithelial_like
30.0,28312,epithelial_like
30.0,28313,epithelial_like
30.0,28314,epithelial_like
30.0,28315,hADSCs
30.0,28316,epithelial_like
30.0,28317,epithelial_like
30.0,28318,epithelial_like
30.0,28319,epithelial_like
30.0,28320,epithelial_like
30.0,28321,epithelial_like
30.0,28322,epithelial_like
30.0,28323,epithelial_like
30.0,28324,epithelial_like
30.0,28325,epithelial_like
30.0,28326,epithelial_like
30.0,28327,epithelial_like
30.0,28328,epithelial_like
30.0,28329,epithelial_like
30.0,28330,hADSCs
30.0,28331,epithelial_like
30.0,28332,epithelial_like
30.0,28333,epithelial_like
30.0,28334,epithelial_like
30.0,28335,epithelial_like
30.0,28336,epithelial_like
30.0,28337,epithelial_like
30.0,28338,epithelial_like
30.0,28339,epithelial_like
30.0,28340,epithelial_like
30.0,28341,epithelial_like
30.0,28342,epithelial_like
30.0,28343,epithelial_like
30.0,28344,epithelial_like
30.0,28345,epithelial_like
30.0,28346,epithelial_like
30.0,28347,epithelial_like
30.0,28348,epithelial_like
30.0,28349,epithelial_like
30.0,28350,hADSCs
30.0,28351,epithelial_like
30.0,28352,epithelial_like
30.0,28353,epithelial_like
30.0,28354,epithelial_like
30.0,28355,epithelial_like
30.0,28356,epithelial_like
30.0,28357,epithelial_like
30.0,28358,epithelial_like
30.0,28359,epithelial_like
30.0,28360,epithelial_like
30.0,28361,epithelial_like
30.0,28362,epithelial_like
30.0,28363,epithelial_like
30.0,28364,epithelial_like
30.0,28365,epithelial_like
30.0,28366,hADSCs
30.0,28367,epithelial_like
30.0,28368,epithelial_like
30.0,28369,epithelial_like
30.0,28370,epithelial_like
30.0,28371,hADSCs
30.0,28372,epithelial_like
30.0,28373,epithelial_like
30.0,28374,epithelial_like
30.0,28375,epithelial_like
30.0,28376,epithelial_like
30.0,28377,epithelial_like
30.0,28378,epithelial_like
30.0,28379,intermediate_plastic
30.0,28380,epithelial_like
30.0,28381,epithelial_like
30.0,28382,epithelial_like
30.0,28383,epithelial_like
30.0,28384,epithelial_like
30.0,28385,hADSCs
30.0,28386,hADSCs
30.0,28387,epithelial_like
30.0,28388,hADSCs
30.0,28389,epithelial_like
30.0,28390,epithelial_like
30.0,28391,hADSCs
30.0,28392,epithelial_like
30.0,28393,epithelial_like
30.0,28394,epithelial_like
30.0,28395,hADSCs
30.0,28396,epithelial_like
30.0,28397,epithelial_like
30.0,28398,epithelial_like
30.0,28399,epithelial_like
30.0,28400,epithelial_like
30.0,28401,epithelial_like
30.0,28402,epithelial_like
30.0,28403,epithelial_like
30.0,28404,epithelial_like
30.0,28405,epithelial_like
30.0,28406,epithelial_like
30.0,28407,epithelial_like
30.0,28408,epithelial_like
30.0,28409,epithelial_like
30.0,28410,epithelial_like
30.0,28411,epithelial_like
30.0,28412,epithelial_like
30.0,28413,epithelial_like
30.0,28414,epithelial_like
30.0,28415,hADSCs
30.0,28416,hADSCs
30.0,28417,epithelial_like
30.0,28418,epithelial_like
30.0,28419,epithelial_like
30.0,28420,epithelial_like
30.0,28421,epithelial_like
30.0,28422,epithelial_like
30.0,28423,epithelial_like
30.0,28424,epithelial_like
30.0,28425,epithelial_like
30.0,28426,epithelial_like
30.0,28427,hADSCs
30.0,28428,hADSCs
30.0,28429,epithelial_like
30.0,28430,epithelial_like
30.0,28431,epithelial_like
30.0,28432,epithelial_like
30.0,28433,epithelial_like
30.0,28434,epithelial_like
30.0,28435,epithelial_like
30.0,28436,epithelial_like
30.0,28437,epithelial_like
30.0,28438,epithelial_like
30.0,28439,epithelial_like
30.0,28440,epithelial_like
30.0,28441,epithelial_like
30.0,28442,epithelial_like
30.0,28443,epithelial_like
30.0,28444,epithelial_like
30.0,28445,epithelial_like
30.0,28446,epithelial_like
30.0,28447,epithelial_like
30.0,28448,epithelial_like
30.0,28449,epithelial_like
30.0,28450,hADSCs
30.0,28451,epithelial_like
30.0,28452,epithelial_like
30.0,28453,epithelial_like
30.0,28454,epithelial_like
30.0,28455,epithelial_like
30.0,28456,epithelial_like
30.0,28457,epithelial_like
30.0,28458,epithelial_like
30.0,28459,epithelial_like
30.0,28460,epithelial_like
30.0,28461,epithelial_like
30.0,28462,epithelial_like
30.0,28463,epithelial_like
30.0,28464,epithelial_like
30.0,28465,epithelial_like
30.0,28466,hADSCs
30.0,28467,hADSCs
30.0,28468,epithelial_like
30.0,28469,epithelial_like
30.0,28470,hADSCs
30.0,28471,epithelial_like
30.0,28472,epithelial_like
30.0,28473,epithelial_like
30.0,28474,epithelial_like
30.0,28475,epithelial_like
30.0,28476,epithelial_like
30.0,28477,epithelial_like
30.0,28478,epithelial_like
30.0,28479,epithelial_like
30.0,28480,epithelial_like
30.0,28481,epithelial_like
30.0,28482,epithelial_like
30.0,28483,epithelial_like
30.0,28484,epithelial_like
30.0,28485,epithelial_like
30.0,28486,epithelial_like
30.0,28487,epithelial_like
30.0,28488,hADSCs
30.0,28489,epithelial_like
30.0,28490,epithelial_like
30.0,28491,epithelial_like
30.0,28492,epithelial_like
30.0,28493,epithelial_like
30.0,28494,hADSCs
30.0,28495,epithelial_like
30.0,28496,hADSCs
30.0,28497,epithelial_like
30.0,28498,epithelial_like
30.0,28499,epithelial_like
30.0,28500,epithelial_like
30.0,28501,epithelial_like
30.0,28502,hADSCs
30.0,28503,hADSCs
30.0,28504,epithelial_like
30.0,28505,epithelial_like
30.0,28506,epithelial_like
30.0,28507,epithelial_like
30.0,28508,epithelial_like
30.0,28509,epithelial_like
30.0,28510,epithelial_like
30.0,28511,intermediate_plastic
30.0,28512,intermediate_plastic
30.0,28513,epithelial_like
30.0,28514,epithelial_like
30.0,28515,epithelial_like
30.0,28516,epithelial_like
30.0,28517,hADSCs
30.0,28518,epithelial_like
30.0,28519,epithelial_like
30.0,28520,hADSCs
30.0,28521,hADSCs
30.0,28522,epithelial_like
30.0,28523,hADSCs
30.0,28524,epithelial_like
30.0,28525,epithelial_like
30.0,28526,epithelial_like
30.0,28527,epithelial_like
30.0,28528,epithelial_like
30.0,28529,epithelial_like
30.0,28530,epithelial_like
30.0,28531,epithelial_like
30.0,28532,epithelial_like
30.0,28533,epithelial_like
30.0,28534,epithelial_like
30.0,28535,epithelial_like
30.0,28536,epithelial_like
30.0,28537,epithelial_like
30.0,28538,epithelial_like
30.0,28539,epithelial_like
30.0,28540,epithelial_like
30.0,28541,epithelial_like
30.0,28542,epithelial_like
30.0,28543,epithelial_like
30.0,28544,epithelial_like
30.0,28545,epithelial_like
30.0,28546,epithelial_like
30.0,28547,epithelial_like
30.0,28548,epithelial_like
30.0,28549,epithelial_like
30.0,28550,epithelial_like
30.0,28551,epithelial_like
30.0,28552,epithelial_like
30.0,28553,epithelial_like
30.0,28554,epithelial_like
30.0,28555,epithelial_like
30.0,28556,epithelial_like
30.0,28557,epithelial_like
30.0,28558,epithelial_like
30.0,28559,epithelial_like
30.0,28560,hADSCs
30.0,28561,epithelial_like
30.0,28562,epithelial_like
30.0,28563,epithelial_like
30.0,28564,epithelial_like
30.0,28565,ambiguous
30.0,28566,hADSCs
30.0,28567,epithelial_like
30.0,28568,epithelial_like
30.0,28569,epithelial_like
30.0,28570,epithelial_like
30.0,28571,hADSCs
30.0,28572,epithelial_like
30.0,28573,epithelial_like
30.0,28574,epithelial_like
30.0,28575,epithelial_like
30.0,28576,epithelial_like
30.0,28577,epithelial_like
30.0,28578,epithelial_like
30.0,28579,epithelial_like
30.0,28580,epithelial_like
30.0,28581,epithelial_like
30.0,28582,epithelial_like
30.0,28583,epithelial_like
30.0,28584,epithelial_like
30.0,28585,epithelial_like
30.0,28586,epithelial_like
30.0,28587,epithelial_like
30.0,28588,epithelial_like
30.0,28589,epithelial_like
30.0,28590,epithelial_like
30.0,28591,hADSCs
30.0,28592,epithelial_like
30.0,28593,epithelial_like
30.0,28594,epithelial_like
30.0,28595,epithelial_like
30.0,28596,epithelial_like
30.0,28597,epithelial_like
30.0,28598,epithelial_like
30.0,28599,epithelial_like
30.0,28600,epithelial_like
30.0,28601,epithelial_like
30.0,28602,epithelial_like
30.0,28603,epithelial_like
30.0,28604,epithelial_like
30.0,28605,epithelial_like
30.0,28606,epithelial_like
30.0,28607,epithelial_like
30.0,28608,epithelial_like
30.0,28609,epithelial_like
30.0,28610,epithelial_like
30.0,28611,hADSCs
30.0,28612,hADSCs
30.0,28613,epithelial_like
30.0,28614,epithelial_like
30.0,28615,epithelial_like
30.0,28616,epithelial_like
30.0,28617,epithelial_like
30.0,28618,epithelial_like
30.0,28619,epithelial_like
30.0,28620,epithelial_like
30.0,28621,epithelial_like
30.0,28622,hADSCs
30.0,28623,epithelial_like
30.0,28624,epithelial_like
30.0,28625,hADSCs
30.0,28626,epithelial_like
30.0,28627,hADSCs
30.0,28628,hADSCs
30.0,28629,hADSCs
30.0,28630,epithelial_like
30.0,28631,epithelial_like
30.0,28632,epithelial_like
30.0,28633,epithelial_like
30.0,28634,epithelial_like
30.0,28635,epithelial_like
30.0,28636,epithelial_like
30.0,28637,epithelial_like
30.0,28638,epithelial_like
30.0,28639,epithelial_like
30.0,28640,epithelial_like
30.0,28641,epithelial_like
30.0,28642,hADSCs
30.0,28643,epithelial_like
30.0,28644,hADSCs
30.0,28645,epithelial_like
30.0,28646,hADSCs
30.0,28647,epithelial_like
30.0,28648,epithelial_like
30.0,28649,epithelial_like
30.0,28650,epithelial_like
30.0,28651,epithelial_like
30.0,28652,epithelial_like
30.0,28653,epithelial_like
30.0,28654,epithelial_like
30.0,28655,hADSCs
30.0,28656,epithelial_like
30.0,28657,epithelial_like
30.0,28658,epithelial_like
30.0,28659,epithelial_like
30.0,28660,epithelial_like
30.0,28661,epithelial_like
30.0,28662,epithelial_like
30.0,28663,epithelial_like
30.0,28664,epithelial_like
30.0,28665,hADSCs
30.0,28666,epithelial_like
30.0,28667,epithelial_like
30.0,28668,epithelial_like
30.0,28669,epithelial_like
30.0,28670,epithelial_like
30.0,28671,intermediate_plastic
30.0,28672,intermediate_plastic
30.0,28673,epithelial_like
30.0,28674,epithelial_like
30.0,28675,epithelial_like
30.0,28676,epithelial_like
30.0,28677,epithelial_like
30.0,28678,epithelial_like
30.0,28679,epithelial_like
30.0,28680,epithelial_like
30.0,28681,epithelial_like
30.0,28682,epithelial_like
30.0,28683,epithelial_like
30.0,28684,epithelial_like
30.0,28685,epithelial_like
30.0,28686,hADSCs
30.0,28687,epithelial_like
30.0,28688,epithelial_like
30.0,28689,epithelial_like
30.0,28690,epithelial_like
30.0,28691,epithelial_like
30.0,28692,epithelial_like
30.0,28693,epithelial_like
30.0,28694,epithelial_like
30.0,28695,epithelial_like
30.0,28696,epithelial_like
30.0,28697,epithelial_like
30.0,28698,epithelial_like
30.0,28699,epithelial_like
30.0,28700,epithelial_like
30.0,28701,epithelial_like
30.0,28702,epithelial_like
30.0,28703,epithelial_like
30.0,28704,epithelial_like
30.0,28705,epithelial_like
30.0,28706,epithelial_like
30.0,28707,epithelial_like
30.0,28708,epithelial_like
30.0,28709,epithelial_like
30.0,28710,epithelial_like
30.0,28711,epithelial_like
30.0,28712,epithelial_like
30.0,28713,epithelial_like
30.0,28714,epithelial_like
30.0,28715,hADSCs
30.0,28716,epithelial_like
30.0,28717,hADSCs
30.0,28718,epithelial_like
30.0,28719,epithelial_like
30.0,28720,epithelial_like
30.0,28721,epithelial_like
30.0,28722,epithelial_like
30.0,28723,epithelial_like
30.0,28724,epithelial_like
30.0,28725,epithelial_like
30.0,28726,epithelial_like
30.0,28727,epithelial_like
30.0,28728,hADSCs
30.0,28729,hADSCs
30.0,28730,epithelial_like
30.0,28731,ambiguous
30.0,28732,epithelial_like
30.0,28733,epithelial_like
30.0,28734,epithelial_like
30.0,28735,epithelial_like
30.0,28736,epithelial_like
30.0,28737,epithelial_like
30.0,28738,hADSCs
30.0,28739,epithelial_like
30.0,28740,epithelial_like
30.0,28741,epithelial_like
30.0,28742,epithelial_like
30.0,28743,epithelial_like
30.0,28744,epithelial_like
30.0,28745,epithelial_like
30.0,28746,epithelial_like
30.0,28747,epithelial_like
30.0,28748,epithelial_like
30.0,28749,epithelial_like
30.0,28750,epithelial_like
30.0,28751,epithelial_like
30.0,28752,epithelial_like
30.0,28753,epithelial_like
30.0,28754,epithelial_like
30.0,28755,epithelial_like
30.0,28756,epithelial_like
30.0,28757,epithelial_like
30.0,28758,epithelial_like
30.0,28759,epithelial_like
30.0,28760,epithelial_like
30.0,28761,epithelial_like
30.0,28762,epithelial_like
30.0,28763,epithelial_like
30.0,28764,hADSCs
30.0,28765,hADSCs
30.0,28766,hADSCs
30.0,28767,epithelial_like
30.0,28768,epithelial_like
30.0,28769,epithelial_like
30.0,28770,epithelial_like
30.0,28771,epithelial_like
30.0,28772,epithelial_like
30.0,28773,epithelial_like
30.0,28774,epithelial_like
30.0,28775,epithelial_like
30.0,28776,epithelial_like
30.0,28777,epithelial_like
30.0,28778,epithelial_like
30.0,28779,epithelial_like
30.0,28780,epithelial_like
30.0,28781,epithelial_like
30.0,28782,epithelial_like
30.0,28783,epithelial_like
30.0,28784,epithelial_like
30.0,28785,epithelial_like
30.0,28786,epithelial_like
30.0,28787,epithelial_like
30.0,28788,epithelial_like
30.0,28789,epithelial_like
30.0,28790,epithelial_like
30.0,28791,epithelial_like
30.0,28792,hADSCs
30.0,28793,epithelial_like
30.0,28794,hADSCs
30.0,28795,epithelial_like
30.0,28796,epithelial_like
30.0,28797,hADSCs
30.0,28798,hADSCs
30.0,28799,hADSCs
30.0,28800,epithelial_like
30.0,28801,epithelial_like
30.0,28802,epithelial_like
30.0,28803,epithelial_like
30.0,28804,epithelial_like
30.0,28805,hADSCs
30.0,28806,epithelial_like
30.0,28807,epithelial_like
30.0,28808,hADSCs
30.0,28809,epithelial_like
30.0,28810,epithelial_like
30.0,28811,epithelial_like
30.0,28812,epithelial_like
30.0,28813,epithelial_like
30.0,28814,epithelial_like
30.0,28815,epithelial_like
30.0,28816,epithelial_like
30.0,28817,epithelial_like
30.0,28818,hADSCs
30.0,28819,epithelial_like
30.0,28820,epithelial_like
30.0,28821,epithelial_like
30.0,28822,epithelial_like
30.0,28823,hADSCs
30.0,28824,epithelial_like
30.0,28825,epithelial_like
30.0,28826,epithelial_like
30.0,28827,epithelial_like
30.0,28828,epithelial_like
30.0,28829,epithelial_like
30.0,28830,hADSCs
30.0,28831,epithelial_like
30.0,28832,epithelial_like
30.0,28833,epithelial_like
30.0,28834,epithelial_like
30.0,28835,epithelial_like
30.0,28836,epithelial_like
30.0,28837,epithelial_like
30.0,28838,epithelial_like
30.0,28839,epithelial_like
30.0,28840,epithelial_like
30.0,28841,epithelial_like
30.0,28842,hADSCs
30.0,28843,epithelial_like
30.0,28844,epithelial_like
30.0,28845,epithelial_like
30.0,28846,epithelial_like
30.0,28847,epithelial_like
30.0,28848,hADSCs
30.0,28849,epithelial_like
30.0,28850,epithelial_like
30.0,28851,epithelial_like
30.0,28852,epithelial_like
30.0,28853,epithelial_like
30.0,28854,hADSCs
30.0,28855,epithelial_like
30.0,28856,epithelial_like
30.0,28857,epithelial_like
30.0,28858,epithelial_like
30.0,28859,epithelial_like
30.0,28860,epithelial_like
30.0,28861,intermediate_plastic
30.0,28862,epithelial_like
30.0,28863,epithelial_like
30.0,28864,epithelial_like
30.0,28865,epithelial_like
30.0,28866,hADSCs
30.0,28867,epithelial_like
30.0,28868,epithelial_like
30.0,28869,epithelial_like
30.0,28870,epithelial_like
30.0,28871,epithelial_like
30.0,28872,epithelial_like
30.0,28873,epithelial_like
30.0,28874,epithelial_like
30.0,28875,epithelial_like
30.0,28876,epithelial_like
30.0,28877,hADSCs
30.0,28878,hADSCs
30.0,28879,epithelial_like
30.0,28880,hADSCs
30.0,28881,epithelial_like
30.0,28882,epithelial_like
30.0,28883,epithelial_like
30.0,28884,epithelial_like
30.0,28885,hADSCs
30.0,28886,epithelial_like
30.0,28887,epithelial_like
30.0,28888,epithelial_like
30.0,28889,epithelial_like
30.0,28890,epithelial_like
30.0,28891,epithelial_like
30.0,28892,epithelial_like
30.0,28893,epithelial_like
30.0,28894,epithelial_like
30.0,28895,epithelial_like
30.0,28896,epithelial_like
30.0,28897,epithelial_like
30.0,28898,epithelial_like
30.0,28899,epithelial_like
30.0,28900,epithelial_like
30.0,28901,epithelial_like
30.0,28902,epithelial_like
30.0,28903,epithelial_like
30.0,28904,epithelial_like
30.0,28905,epithelial_like
30.0,28906,epithelial_like
30.0,28907,epithelial_like
30.0,28908,epithelial_like
30.0,28909,epithelial_like
30.0,28910,hADSCs
30.0,28911,epithelial_like
30.0,28912,epithelial_like
30.0,28913,intermediate_plastic
30.0,28914,intermediate_plastic
30.0,28915,hADSCs
30.0,28916,hADSCs
30.0,28917,epithelial_like
30.0,28918,epithelial_like
30.0,28919,epithelial_like
30.0,28920,epithelial_like
30.0,28921,epithelial_like
30.0,28922,hADSCs
30.0,28923,epithelial_like
30.0,28924,epithelial_like
30.0,28925,epithelial_like
30.0,28926,hADSCs
30.0,28927,epithelial_like
30.0,28928,epithelial_like
30.0,28929,epithelial_like
30.0,28930,epithelial_like
30.0,28931,epithelial_like
30.0,28932,epithelial_like
30.0,28933,hADSCs
30.0,28934,epithelial_like
30.0,28935,epithelial_like
30.0,28936,epithelial_like
30.0,28937,intermediate_plastic
30.0,28938,epithelial_like
30.0,28939,epithelial_like
30.0,28940,epithelial_like
30.0,28941,epithelial_like
30.0,28942,epithelial_like
30.0,28943,epithelial_like
30.0,28944,hADSCs
30.0,28945,epithelial_like
30.0,28946,epithelial_like
30.0,28947,epithelial_like
30.0,28948,epithelial_like
30.0,28949,epithelial_like
30.0,28950,epithelial_like
30.0,28951,epithelial_like
30.0,28952,epithelial_like
30.0,28953,epithelial_like
30.0,28954,epithelial_like
30.0,28955,epithelial_like
30.0,28956,epithelial_like
30.0,28957,epithelial_like
30.0,28958,epithelial_like
30.0,28959,epithelial_like
30.0,28960,epithelial_like
30.0,28961,hADSCs
30.0,28962,epithelial_like
30.0,28963,epithelial_like
30.0,28964,epithelial_like
30.0,28965,epithelial_like
30.0,28966,epithelial_like
30.0,28967,epithelial_like
30.0,28968,epithelial_like
30.0,28969,epithelial_like
30.0,28970,epithelial_like
30.0,28971,epithelial_like
30.0,28972,epithelial_like
30.0,28973,epithelial_like
30.0,28974,epithelial_like
30.0,28975,epithelial_like
30.0,28976,epithelial_like
30.0,28977,epithelial_like
30.0,28978,epithelial_like
30.0,28979,epithelial_like
30.0,28980,epithelial_like
30.0,28981,epithelial_like
30.0,28982,epithelial_like
30.0,28983,epithelial_like
30.0,28984,epithelial_like
30.0,28985,epithelial_like
30.0,28986,epithelial_like
30.0,28987,epithelial_like
30.0,28988,epithelial_like
30.0,28989,epithelial_like
30.0,28990,epithelial_like
30.0,28991,hADSCs
30.0,28992,epithelial_like
30.0,28993,epithelial_like
30.0,28994,epithelial_like
30.0,28995,epithelial_like
30.0,28996,epithelial_like
30.0,28997,epithelial_like
30.0,28998,epithelial_like
30.0,28999,epithelial_like
30.0,29000,epithelial_like
30.0,29001,epithelial_like
30.0,29002,epithelial_like
30.0,29003,epithelial_like
30.0,29004,hADSCs
30.0,29005,hADSCs
30.0,29006,hADSCs
30.0,29007,epithelial_like
30.0,29008,epithelial_like
30.0,29009,epithelial_like
30.0,29010,hADSCs
30.0,29011,epithelial_like
30.0,29012,hADSCs
30.0,29013,epithelial_like
30.0,29014,hADSCs
30.0,29015,epithelial_like
30.0,29016,epithelial_like
30.0,29017,epithelial_like
30.0,29018,epithelial_like
30.0,29019,epithelial_like
30.0,29020,epithelial_like
30.0,29021,epithelial_like
30.0,29022,epithelial_like
30.0,29023,epithelial_like
30.0,29024,epithelial_like
30.0,29025,epithelial_like
30.0,29026,epithelial_like
30.0,29027,epithelial_like
30.0,29028,epithelial_like
30.0,29029,epithelial_like
30.0,29030,epithelial_like
30.0,29031,epithelial_like
30.0,29032,epithelial_like
30.0,29033,epithelial_like
30.0,29034,epithelial_like
30.0,29035,epithelial_like
30.0,29036,epithelial_like
30.0,29037,epithelial_like
30.0,29038,epithelial_like
30.0,29039,hADSCs
30.0,29040,epithelial_like
30.0,29041,epithelial_like
30.0,29042,epithelial_like
30.0,29043,epithelial_like
30.0,29044,epithelial_like
30.0,29045,epithelial_like
30.0,29046,epithelial_like
30.0,29047,epithelial_like
30.0,29048,epithelial_like
30.0,29049,epithelial_like
30.0,29050,epithelial_like
30.0,29051,epithelial_like
30.0,29052,epithelial_like
30.0,29053,epithelial_like
30.0,29054,epithelial_like
30.0,29055,epithelial_like
30.0,29056,hADSCs
30.0,29057,epithelial_like
30.0,29058,epithelial_like
30.0,29059,epithelial_like
30.0,29060,epithelial_like
30.0,29061,epithelial_like
30.0,29062,epithelial_like
30.0,29063,epithelial_like
30.0,29064,epithelial_like
30.0,29065,epithelial_like
30.0,29066,epithelial_like
30.0,29067,epithelial_like
30.0,29068,epithelial_like
30.0,29069,epithelial_like
30.0,29070,epithelial_like
30.0,29071,epithelial_like
30.0,29072,epithelial_like
30.0,29073,epithelial_like
30.0,29074,epithelial_like
30.0,29075,epithelial_like
30.0,29076,epithelial_like
30.0,29077,epithelial_like
30.0,29078,epithelial_like
30.0,29079,epithelial_like
30.0,29080,epithelial_like
30.0,29081,epithelial_like
30.0,29082,hADSCs
30.0,29083,hADSCs
30.0,29084,epithelial_like
30.0,29085,hADSCs
30.0,29086,epithelial_like
30.0,29087,epithelial_like
30.0,29088,epithelial_like
30.0,29089,hADSCs
30.0,29090,epithelial_like
30.0,29091,epithelial_like
30.0,29092,epithelial_like
30.0,29093,epithelial_like
30.0,29094,epithelial_like
30.0,29095,epithelial_like
30.0,29096,epithelial_like
30.0,29097,epithelial_like
30.0,29098,epithelial_like
30.0,29099,epithelial_like
30.0,29100,epithelial_like
30.0,29101,hADSCs
30.0,29102,epithelial_like
30.0,29103,epithelial_like
30.0,29104,epithelial_like
30.0,29105,epithelial_like
30.0,29106,epithelial_like
30.0,29107,epithelial_like
30.0,29108,epithelial_like
30.0,29109,epithelial_like
30.0,29110,epithelial_like
30.0,29111,epithelial_like
30.0,29112,epithelial_like
30.0,29113,epithelial_like
30.0,29114,epithelial_like
30.0,29115,epithelial_like
30.0,29116,epithelial_like
30.0,29117,epithelial_like
30.0,29118,epithelial_like
30.0,29119,epithelial_like
30.0,29120,epithelial_like
30.0,29121,epithelial_like
30.0,29122,hADSCs
30.0,29123,epithelial_like
30.0,29124,epithelial_like
30.0,29125,epithelial_like
30.0,29126,epithelial_like
30.0,29127,epithelial_like
30.0,29128,epithelial_like
30.0,29129,epithelial_like
30.0,29130,epithelial_like
30.0,29131,epithelial_like
30.0,29132,epithelial_like
30.0,29133,epithelial_like
30.0,29134,epithelial_like
30.0,29135,epithelial_like
30.0,29136,epithelial_like
30.0,29137,epithelial_like
30.0,29138,epithelial_like
30.0,29139,epithelial_like
30.0,29140,epithelial_like
30.0,29141,epithelial_like
30.0,29142,epithelial_like
30.0,29143,epithelial_like
30.0,29144,epithelial_like
30.0,29145,epithelial_like
30.0,29146,epithelial_like
30.0,29147,epithelial_like
30.0,29148,epithelial_like
30.0,29149,epithelial_like
30.0,29150,epithelial_like
30.0,29151,epithelial_like
30.0,29152,epithelial_like
30.0,29153,hADSCs
30.0,29154,epithelial_like
30.0,29155,epithelial_like
30.0,29156,epithelial_like
30.0,29157,epithelial_like
30.0,29158,epithelial_like
30.0,29159,epithelial_like
30.0,29160,epithelial_like
30.0,29161,epithelial_like
30.0,29162,epithelial_like
30.0,29163,epithelial_like
30.0,29164,epithelial_like
30.0,29165,epithelial_like
30.0,29166,epithelial_like
30.0,29167,epithelial_like
30.0,29168,epithelial_like
30.0,29169,epithelial_like
30.0,29170,hADSCs
30.0,29171,epithelial_like
30.0,29172,epithelial_like
30.0,29173,epithelial_like
30.0,29174,epithelial_like
30.0,29175,epithelial_like
30.0,29176,hCiPS
30.0,29177,epithelial_like
30.0,29178,epithelial_like
30.0,29179,epithelial_like
30.0,29180,epithelial_like
30.0,29181,epithelial_like
30.0,29182,epithelial_like
30.0,29183,epithelial_like
30.0,29184,hADSCs
30.0,29185,hADSCs
30.0,29186,epithelial_like
30.0,29187,epithelial_like
30.0,29188,epithelial_like
30.0,29189,epithelial_like
30.0,29190,epithelial_like
30.0,29191,epithelial_like
30.0,29192,epithelial_like
30.0,29193,epithelial_like
30.0,29194,epithelial_like
30.0,29195,epithelial_like
30.0,29196,epithelial_like
30.0,29197,epithelial_like
30.0,29198,epithelial_like
30.0,29199,epithelial_like
30.0,29200,epithelial_like
30.0,29201,epithelial_like
30.0,29202,epithelial_like
30.0,29203,epithelial_like
30.0,29204,epithelial_like
30.0,29205,epithelial_like
30.0,29206,epithelial_like
30.0,29207,epithelial_like
30.0,29208,hADSCs
30.0,29209,epithelial_like
30.0,29210,epithelial_like
30.0,29211,epithelial_like
30.0,29212,epithelial_like
30.0,29213,epithelial_like
30.0,29214,epithelial_like
30.0,29215,epithelial_like
30.0,29216,epithelial_like
30.0,29217,epithelial_like
30.0,29218,epithelial_like
30.0,29219,epithelial_like
30.0,29220,epithelial_like
30.0,29221,epithelial_like
30.0,29222,epithelial_like
30.0,29223,epithelial_like
30.0,29224,epithelial_like
30.0,29225,epithelial_like
30.0,29226,epithelial_like
30.0,29227,epithelial_like
30.0,29228,epithelial_like
30.0,29229,epithelial_like
30.0,29230,hADSCs
30.0,29231,hADSCs
30.0,29232,epithelial_like
30.0,29233,epithelial_like
30.0,29234,epithelial_like
30.0,29235,epithelial_like
30.0,29236,epithelial_like
30.0,29237,epithelial_like
30.0,29238,epithelial_like
30.0,29239,epithelial_like
30.0,29240,epithelial_like
30.0,29241,epithelial_like
30.0,29242,epithelial_like
30.0,29243,epithelial_like
30.0,29244,epithelial_like
30.0,29245,epithelial_like
30.0,29246,ambiguous
30.0,29247,epithelial_like
30.0,29248,epithelial_like
30.0,29249,epithelial_like
30.0,29250,epithelial_like
30.0,29251,epithelial_like
30.0,29252,epithelial_like
30.0,29253,hADSCs
30.0,29254,hADSCs
30.0,29255,epithelial_like
30.0,29256,epithelial_like
30.0,29257,epithelial_like
30.0,29258,hADSCs
30.0,29259,epithelial_like
30.0,29260,hADSCs
30.0,29261,hADSCs
30.0,29262,epithelial_like
30.0,29263,epithelial_like
30.0,29264,epithelial_like
30.0,29265,epithelial_like
30.0,29266,epithelial_like
30.0,29267,epithelial_like
30.0,29268,epithelial_like
30.0,29269,epithelial_like
30.0,29270,hADSCs
30.0,29271,epithelial_like
30.0,29272,epithelial_like
30.0,29273,epithelial_like
30.0,29274,epithelial_like
30.0,29275,hADSCs
30.0,29276,epithelial_like
30.0,29277,epithelial_like
30.0,29278,epithelial_like
30.0,29279,epithelial_like
30.0,29280,epithelial_like
30.0,29281,hADSCs
30.0,29282,hADSCs
30.0,29283,epithelial_like
30.0,29284,hADSCs
30.0,29285,epithelial_like
30.0,29286,epithelial_like
30.0,29287,epithelial_like
30.0,29288,hADSCs
30.0,29289,epithelial_like
30.0,29290,epithelial_like
30.0,29291,epithelial_like
30.0,29292,epithelial_like
30.0,29293,ambiguous
30.0,29294,hADSCs
30.0,29295,epithelial_like
30.0,29296,hADSCs
30.0,29297,epithelial_like
30.0,29298,epithelial_like
30.0,29299,epithelial_like
30.0,29300,epithelial_like
30.0,29301,epithelial_like
30.0,29302,epithelial_like
30.0,29303,epithelial_like
30.0,29304,epithelial_like
30.0,29305,epithelial_like
30.0,29306,epithelial_like
30.0,29307,epithelial_like
30.0,29308,epithelial_like
30.0,29309,epithelial_like
30.0,29310,epithelial_like
30.0,29311,epithelial_like
30.0,29312,epithelial_like
30.0,29313,epithelial_like
30.0,29314,epithelial_like
30.0,29315,epithelial_like
30.0,29316,hADSCs
30.0,29317,epithelial_like
30.0,29318,epithelial_like
30.0,29319,epithelial_like
30.0,29320,epithelial_like
30.0,29321,epithelial_like
30.0,29322,epithelial_like
30.0,29323,epithelial_like
30.0,29324,epithelial_like
30.0,29325,epithelial_like
30.0,29326,epithelial_like
30.0,29327,epithelial_like
30.0,29328,epithelial_like
30.0,29329,epithelial_like
30.0,29330,epithelial_like
30.0,29331,epithelial_like
30.0,29332,epithelial_like
30.0,29333,epithelial_like
30.0,29334,epithelial_like
30.0,29335,hADSCs
30.0,29336,hADSCs
30.0,29337,epithelial_like
30.0,29338,epithelial_like
30.0,29339,epithelial_like
30.0,29340,hADSCs
30.0,29341,epithelial_like
30.0,29342,epithelial_like
30.0,29343,epithelial_like
30.0,29344,epithelial_like
30.0,29345,epithelial_like
30.0,29346,epithelial_like
30.0,29347,epithelial_like
30.0,29348,epithelial_like
30.0,29349,epithelial_like
30.0,29350,epithelial_like
30.0,29351,epithelial_like
30.0,29352,epithelial_like
30.0,29353,epithelial_like
30.0,29354,epithelial_like
30.0,29355,epithelial_like
30.0,29356,epithelial_like
30.0,29357,epithelial_like
30.0,29358,epithelial_like
30.0,29359,epithelial_like
30.0,29360,hADSCs
30.0,29361,epithelial_like
30.0,29362,epithelial_like
30.0,29363,epithelial_like
30.0,29364,epithelial_like
30.0,29365,epithelial_like
30.0,29366,epithelial_like
30.0,29367,epithelial_like
30.0,29368,epithelial_like
30.0,29369,epithelial_like
30.0,29370,epithelial_like
30.0,29371,epithelial_like
30.0,29372,epithelial_like
30.0,29373,epithelial_like
30.0,29374,epithelial_like
30.0,29375,hADSCs
30.0,29376,epithelial_like
30.0,29377,epithelial_like
30.0,29378,epithelial_like
30.0,29379,epithelial_like
30.0,29380,epithelial_like
30.0,29381,epithelial_like
30.0,29382,epithelial_like
30.0,29383,epithelial_like
30.0,29384,epithelial_like
30.0,29385,epithelial_like
30.0,29386,epithelial_like
30.0,29387,epithelial_like
30.0,29388,epithelial_like
30.0,29389,epithelial_like
30.0,29390,epithelial_like
30.0,29391,epithelial_like
30.0,29392,epithelial_like
30.0,29393,epithelial_like
30.0,29394,epithelial_like
30.0,29395,epithelial_like
30.0,29396,epithelial_like
30.0,29397,epithelial_like
30.0,29398,hADSCs
30.0,29399,epithelial_like
30.0,29400,hADSCs
30.0,29401,epithelial_like
30.0,29402,epithelial_like
30.0,29403,epithelial_like
30.0,29404,epithelial_like
30.0,29405,epithelial_like
30.0,29406,epithelial_like
30.0,29407,epithelial_like
30.0,29408,hADSCs
30.0,29409,epithelial_like
30.0,29410,epithelial_like
30.0,29411,epithelial_like
30.0,29412,epithelial_like
30.0,29413,hADSCs
30.0,29414,hADSCs
30.0,29415,epithelial_like
30.0,29416,epithelial_like
30.0,29417,epithelial_like
30.0,29418,epithelial_like
30.0,29419,epithelial_like
30.0,29420,epithelial_like
30.0,29421,epithelial_like
30.0,29422,epithelial_like
30.0,29423,epithelial_like
30.0,29424,epithelial_like
30.0,29425,epithelial_like
30.0,29426,epithelial_like
30.0,29427,epithelial_like
30.0,29428,epithelial_like
30.0,29429,epithelial_like
30.0,29430,epithelial_like
30.0,29431,epithelial_like
30.0,29432,hADSCs
30.0,29433,epithelial_like
30.0,29434,epithelial_like
30.0,29435,epithelial_like
30.0,29436,epithelial_like
30.0,29437,epithelial_like
30.0,29438,epithelial_like
30.0,29439,hADSCs
30.0,29440,hADSCs
30.0,29441,epithelial_like
30.0,29442,epithelial_like
30.0,29443,hADSCs
30.0,29444,epithelial_like
30.0,29445,epithelial_like
30.0,29446,intermediate_plastic
30.0,29447,epithelial_like
30.0,29448,epithelial_like
30.0,29449,epithelial_like
30.0,29450,epithelial_like
30.0,29451,epithelial_like
30.0,29452,epithelial_like
30.0,29453,hADSCs
30.0,29454,intermediate_plastic
30.0,29455,epithelial_like
30.0,29456,epithelial_like
30.0,29457,epithelial_like
30.0,29458,epithelial_like
30.0,29459,epithelial_like
30.0,29460,epithelial_like
30.0,29461,epithelial_like
30.0,29462,epithelial_like
30.0,29463,hADSCs
30.0,29464,epithelial_like
30.0,29465,epithelial_like
30.0,29466,epithelial_like
30.0,29467,epithelial_like
30.0,29468,epithelial_like
30.0,29469,epithelial_like
30.0,29470,epithelial_like
30.0,29471,epithelial_like
30.0,29472,epithelial_like
30.0,29473,epithelial_like
30.0,29474,epithelial_like
30.0,29475,hADSCs
30.0,29476,epithelial_like
30.0,29477,epithelial_like
30.0,29478,epithelial_like
30.0,29479,epithelial_like
30.0,29480,epithelial_like
30.0,29481,epithelial_like
30.0,29482,epithelial_like
30.0,29483,epithelial_like
30.0,29484,epithelial_like
30.0,29485,epithelial_like
30.0,29486,epithelial_like
30.0,29487,epithelial_like
30.0,29488,epithelial_like
30.0,29489,epithelial_like
30.0,29490,epithelial_like
30.0,29491,epithelial_like
30.0,29492,epithelial_like
30.0,29493,epithelial_like
30.0,29494,epithelial_like
30.0,29495,hADSCs
30.0,29496,epithelial_like
30.0,29497,epithelial_like
30.0,29498,epithelial_like
30.0,29499,epithelial_like
30.0,29500,epithelial_like
30.0,29501,epithelial_like
30.0,29502,epithelial_like
30.0,29503,epithelial_like
30.0,29504,epithelial_like
30.0,29505,epithelial_like
30.0,29506,epithelial_like
30.0,29507,epithelial_like
30.0,29508,epithelial_like
30.0,29509,epithelial_like
30.0,29510,epithelial_like
30.0,29511,epithelial_like
30.0,29512,epithelial_like
30.0,29513,epithelial_like
30.0,29514,epithelial_like
30.0,29515,intermediate_plastic
30.0,29516,epithelial_like
30.0,29517,epithelial_like
30.0,29518,epithelial_like
30.0,29519,epithelial_like
30.0,29520,epithelial_like
30.0,29521,epithelial_like
30.0,29522,epithelial_like
30.0,29523,epithelial_like
30.0,29524,epithelial_like
30.0,29525,hCiPS
30.0,29526,hCiPS
30.0,29527,epithelial_like
30.0,29528,epithelial_like
30.0,29529,epithelial_like
30.0,29530,epithelial_like
30.0,29531,epithelial_like
30.0,29532,ambiguous
30.0,29533,ambiguous
30.0,29534,hADSCs
30.0,29535,hADSCs
30.0,29536,hADSCs
30.0,29537,epithelial_like
30.0,29538,epithelial_like
30.0,29539,epithelial_like
30.0,29540,epithelial_like
30.0,29541,epithelial_like
30.0,29542,epithelial_like
30.0,29543,epithelial_like
30.0,29544,epithelial_like
30.0,29545,epithelial_like
30.0,29546,epithelial_like
30.0,29547,epithelial_like
30.0,29548,epithelial_like
30.0,29549,epithelial_like
30.0,29550,epithelial_like
30.0,29551,epithelial_like
30.0,29552,epithelial_like
30.0,29553,epithelial_like
30.0,29554,epithelial_like
30.0,29555,epithelial_like
30.0,29556,epithelial_like
30.0,29557,epithelial_like
30.0,29558,intermediate_plastic
30.0,29559,epithelial_like
30.0,29560,epithelial_like
30.0,29561,epithelial_like
30.0,29562,epithelial_like
30.0,29563,epithelial_like
30.0,29564,epithelial_like
30.0,29565,epithelial_like
30.0,29566,epithelial_like
30.0,29567,epithelial_like
30.0,29568,epithelial_like
30.0,29569,epithelial_like
30.0,29570,hADSCs
30.0,29571,epithelial_like
30.0,29572,epithelial_like
30.0,29573,epithelial_like
30.0,29574,epithelial_like
30.0,29575,epithelial_like
30.0,29576,epithelial_like
30.0,29577,epithelial_like
30.0,29578,epithelial_like
30.0,29579,epithelial_like
30.0,29580,epithelial_like
30.0,29581,epithelial_like
30.0,29582,epithelial_like
30.0,29583,epithelial_like
30.0,29584,epithelial_like
30.0,29585,hADSCs
30.0,29586,epithelial_like
30.0,29587,epithelial_like
30.0,29588,epithelial_like
30.0,29589,hADSCs
30.0,29590,epithelial_like
30.0,29591,epithelial_like
30.0,29592,epithelial_like
30.0,29593,epithelial_like
30.0,29594,epithelial_like
30.0,29595,epithelial_like
30.0,29596,epithelial_like
30.0,29597,epithelial_like
30.0,29598,hADSCs
30.0,29599,epithelial_like
30.0,29600,epithelial_like
30.0,29601,epithelial_like
30.0,29602,epithelial_like
30.0,29603,epithelial_like
30.0,29604,epithelial_like
30.0,29605,epithelial_like
30.0,29606,epithelial_like
30.0,29607,epithelial_like
30.0,29608,epithelial_like
30.0,29609,epithelial_like
30.0,29610,epithelial_like
30.0,29611,hADSCs
30.0,29612,epithelial_like
30.0,29613,epithelial_like
30.0,29614,epithelial_like
30.0,29615,epithelial_like
30.0,29616,epithelial_like
30.0,29617,epithelial_like
30.0,29618,epithelial_like
30.0,29619,epithelial_like
30.0,29620,epithelial_like
30.0,29621,hADSCs
30.0,29622,hADSCs
30.0,29623,epithelial_like
30.0,29624,hADSCs
30.0,29625,hADSCs
30.0,29626,epithelial_like
30.0,29627,epithelial_like
30.0,29628,epithelial_like
30.0,29629,hADSCs
30.0,29630,hADSCs
30.0,29631,epithelial_like
30.0,29632,epithelial_like
30.0,29633,hADSCs
30.0,29634,epithelial_like
30.0,29635,epithelial_like
30.0,29636,epithelial_like
30.0,29637,hCiPS
30.0,29638,hADSCs
30.0,29639,hADSCs
30.0,29640,epithelial_like
30.0,29641,epithelial_like
30.0,29642,epithelial_like
30.0,29643,epithelial_like
30.0,29644,epithelial_like
30.0,29645,epithelial_like
30.0,29646,epithelial_like
30.0,29647,epithelial_like
30.0,29648,epithelial_like
30.0,29649,hADSCs
30.0,29650,epithelial_like
30.0,29651,epithelial_like
30.0,29652,epithelial_like
30.0,29653,epithelial_like
30.0,29654,epithelial_like
30.0,29655,epithelial_like
30.0,29656,epithelial_like
30.0,29657,epithelial_like
30.0,29658,epithelial_like
30.0,29659,epithelial_like
30.0,29660,epithelial_like
30.0,29661,epithelial_like
30.0,29662,epithelial_like
30.0,29663,epithelial_like
30.0,29664,epithelial_like
30.0,29665,epithelial_like
30.0,29666,hADSCs
30.0,29667,epithelial_like
30.0,29668,hADSCs
30.0,29669,hADSCs
30.0,29670,epithelial_like
30.0,29671,epithelial_like
30.0,29672,epithelial_like
30.0,29673,epithelial_like
30.0,29674,epithelial_like
30.0,29675,epithelial_like
30.0,29676,epithelial_like
30.0,29677,epithelial_like
30.0,29678,epithelial_like
30.0,29679,epithelial_like
30.0,29680,epithelial_like
30.0,29681,ambiguous
30.0,29682,epithelial_like
30.0,29683,hADSCs
30.0,29684,epithelial_like
30.0,29685,epithelial_like
30.0,29686,epithelial_like
30.0,29687,epithelial_like
30.0,29688,epithelial_like
30.0,29689,epithelial_like
30.0,29690,epithelial_like
30.0,29691,epithelial_like
30.0,29692,epithelial_like
30.0,29693,epithelial_like
30.0,29694,epithelial_like
30.0,29695,epithelial_like
30.0,29696,epithelial_like
30.0,29697,epithelial_like
30.0,29698,epithelial_like
30.0,29699,epithelial_like
30.0,29700,epithelial_like
30.0,29701,epithelial_like
30.0,29702,epithelial_like
30.0,29703,epithelial_like
30.0,29704,epithelial_like
30.0,29705,epithelial_like
30.0,29706,epithelial_like
30.0,29707,epithelial_like
30.0,29708,epithelial_like
30.0,29709,epithelial_like
30.0,29710,epithelial_like
30.0,29711,epithelial_like
30.0,29712,epithelial_like
30.0,29713,hADSCs
30.0,29714,epithelial_like
30.0,29715,epithelial_like
30.0,29716,epithelial_like
30.0,29717,hADSCs
30.0,29718,epithelial_like
30.0,29719,epithelial_like
30.0,29720,epithelial_like
30.0,29721,epithelial_like
30.0,29722,epithelial_like
30.0,29723,epithelial_like
30.0,29724,epithelial_like
30.0,29725,epithelial_like
30.0,29726,epithelial_like
30.0,29727,epithelial_like
30.0,29728,epithelial_like
30.0,29729,epithelial_like
30.0,29730,epithelial_like
30.0,29731,epithelial_like
30.0,29732,epithelial_like
30.0,29733,epithelial_like
30.0,29734,epithelial_like
30.0,29735,epithelial_like
30.0,29736,epithelial_like
30.0,29737,epithelial_like
30.0,29738,epithelial_like
30.0,29739,epithelial_like
30.0,29740,epithelial_like
30.0,29741,epithelial_like
30.0,29742,epithelial_like
30.0,29743,epithelial_like
30.0,29744,epithelial_like
30.0,29745,epithelial_like
30.0,29746,epithelial_like
30.0,29747,epithelial_like
30.0,29748,epithelial_like
30.0,29749,hADSCs
30.0,29750,epithelial_like
30.0,29751,epithelial_like
30.0,29752,epithelial_like
30.0,29753,epithelial_like
30.0,29754,epithelial_like
30.0,29755,epithelial_like
30.0,29756,epithelial_like
30.0,29757,epithelial_like
30.0,29758,epithelial_like
30.0,29759,epithelial_like
30.0,29760,epithelial_like
30.0,29761,epithelial_like
30.0,29762,epithelial_like
30.0,29763,epithelial_like
30.0,29764,hADSCs
30.0,29765,hADSCs
30.0,29766,epithelial_like
30.0,29767,epithelial_like
30.0,29768,epithelial_like
30.0,29769,epithelial_like
30.0,29770,epithelial_like
30.0,29771,hADSCs
30.0,29772,epithelial_like
30.0,29773,epithelial_like
30.0,29774,epithelial_like
30.0,29775,epithelial_like
30.0,29776,epithelial_like
30.0,29777,hADSCs
30.0,29778,epithelial_like
30.0,29779,epithelial_like
30.0,29780,epithelial_like
30.0,29781,epithelial_like
30.0,29782,epithelial_like
30.0,29783,epithelial_like
30.0,29784,epithelial_like
30.0,29785,epithelial_like
30.0,29786,hADSCs
30.0,29787,epithelial_like
30.0,29788,epithelial_like
30.0,29789,epithelial_like
30.0,29790,hADSCs
30.0,29791,epithelial_like
30.0,29792,intermediate_plastic
30.0,29793,hADSCs
30.0,29794,epithelial_like
30.0,29795,epithelial_like
30.0,29796,epithelial_like
30.0,29797,epithelial_like
30.0,29798,epithelial_like
30.0,29799,epithelial_like
30.0,29800,epithelial_like
30.0,29801,epithelial_like
30.0,29802,epithelial_like
30.0,29803,epithelial_like
30.0,29804,epithelial_like
30.0,29805,epithelial_like
30.0,29806,epithelial_like
30.0,29807,epithelial_like
30.0,29808,epithelial_like
30.0,29809,epithelial_like
30.0,29810,epithelial_like
30.0,29811,epithelial_like
30.0,29812,epithelial_like
30.0,29813,epithelial_like
30.0,29814,epithelial_like
30.0,29815,epithelial_like
30.0,29816,epithelial_like
30.0,29817,epithelial_like
30.0,29818,epithelial_like
30.0,29819,epithelial_like
30.0,29820,epithelial_like
30.0,29821,epithelial_like
30.0,29822,epithelial_like
30.0,29823,epithelial_like
30.0,29824,epithelial_like
30.0,29825,epithelial_like
30.0,29826,epithelial_like
30.0,29827,epithelial_like
30.0,29828,epithelial_like
30.0,29829,epithelial_like
30.0,29830,epithelial_like
30.0,29831,epithelial_like
30.0,29832,epithelial_like
30.0,29833,epithelial_like
30.0,29834,epithelial_like
30.0,29835,epithelial_like
30.0,29836,epithelial_like
30.0,29837,epithelial_like
30.0,29838,epithelial_like
30.0,29839,epithelial_like
30.0,29840,epithelial_like
30.0,29841,hADSCs
30.0,29842,epithelial_like
30.0,29843,epithelial_like
30.0,29844,epithelial_like
30.0,29845,epithelial_like
30.0,29846,epithelial_like
30.0,29847,epithelial_like
30.0,29848,hADSCs
30.0,29849,hADSCs
30.0,29850,epithelial_like
30.0,29851,hADSCs
30.0,29852,epithelial_like
30.0,29853,epithelial_like
30.0,29854,epithelial_like
30.0,29855,epithelial_like
30.0,29856,epithelial_like
30.0,29857,epithelial_like
30.0,29858,epithelial_like
30.0,29859,epithelial_like
30.0,29860,epithelial_like
30.0,29861,epithelial_like
30.0,29862,epithelial_like
30.0,29863,epithelial_like
30.0,29864,hADSCs
30.0,29865,hADSCs
30.0,29866,epithelial_like
30.0,29867,epithelial_like
30.0,29868,epithelial_like
30.0,29869,epithelial_like
30.0,29870,epithelial_like
30.0,29871,epithelial_like
30.0,29872,epithelial_like
30.0,29873,epithelial_like
30.0,29874,epithelial_like
30.0,29875,epithelial_like
30.0,29876,epithelial_like
30.0,29877,epithelial_like
30.0,29878,epithelial_like
30.0,29879,epithelial_like
30.0,29880,epithelial_like
30.0,29881,epithelial_like
30.0,29882,epithelial_like
30.0,29883,epithelial_like
30.0,29884,epithelial_like
30.0,29885,epithelial_like
30.0,29886,epithelial_like
30.0,29887,epithelial_like
30.0,29888,epithelial_like
30.0,29889,epithelial_like
30.0,29890,epithelial_like
30.0,29891,epithelial_like
30.0,29892,epithelial_like
30.0,29893,hADSCs
30.0,29894,hADSCs
30.0,29895,epithelial_like
30.0,29896,epithelial_like
30.0,29897,intermediate_plastic
30.0,29898,epithelial_like
30.0,29899,epithelial_like
30.0,29900,epithelial_like
30.0,29901,epithelial_like
30.0,29902,hADSCs
30.0,29903,epithelial_like
30.0,29904,epithelial_like
30.0,29905,epithelial_like
30.0,29906,epithelial_like
30.0,29907,epithelial_like
30.0,29908,epithelial_like
30.0,29909,epithelial_like
30.0,29910,epithelial_like
30.0,29911,epithelial_like
30.0,29912,epithelial_like
30.0,29913,epithelial_like
30.0,29914,epithelial_like
30.0,29915,epithelial_like
30.0,29916,epithelial_like
30.0,29917,epithelial_like
30.0,29918,epithelial_like
30.0,29919,epithelial_like
30.0,29920,epithelial_like
30.0,29921,epithelial_like
30.0,29922,epithelial_like
30.0,29923,epithelial_like
30.0,29924,epithelial_like
30.0,29925,epithelial_like
30.0,29926,epithelial_like
30.0,29927,epithelial_like
30.0,29928,epithelial_like
30.0,29929,epithelial_like
30.0,29930,hADSCs
30.0,29931,epithelial_like
30.0,29932,epithelial_like
30.0,29933,epithelial_like
30.0,29934,epithelial_like
30.0,29935,epithelial_like
30.0,29936,epithelial_like
30.0,29937,epithelial_like
30.0,29938,epithelial_like
30.0,29939,epithelial_like
30.0,29940,epithelial_like
30.0,29941,epithelial_like
30.0,29942,epithelial_like
30.0,29943,epithelial_like
30.0,29944,epithelial_like
30.0,29945,hADSCs
30.0,29946,epithelial_like
30.0,29947,epithelial_like
30.0,29948,epithelial_like
30.0,29949,epithelial_like
30.0,29950,epithelial_like
30.0,29951,hADSCs
30.0,29952,epithelial_like
30.0,29953,epithelial_like
30.0,29954,epithelial_like
30.0,29955,epithelial_like
30.0,29956,epithelial_like
30.0,29957,epithelial_like
30.0,29958,epithelial_like
30.0,29959,epithelial_like
30.0,29960,epithelial_like
30.0,29961,epithelial_like
30.0,29962,epithelial_like
30.0,29963,epithelial_like
30.0,29964,epithelial_like
30.0,29965,epithelial_like
30.0,29966,epithelial_like
30.0,29967,epithelial_like
30.0,29968,epithelial_like
30.0,29969,epithelial_like
30.0,29970,epithelial_like
30.0,29971,epithelial_like
30.0,29972,hADSCs
30.0,29973,epithelial_like
30.0,29974,epithelial_like
30.0,29975,epithelial_like
30.0,29976,epithelial_like
30.0,29977,epithelial_like
30.0,29978,epithelial_like
30.0,29979,epithelial_like
30.0,29980,epithelial_like
30.0,29981,epithelial_like
30.0,29982,epithelial_like
30.0,29983,hADSCs
30.0,29984,epithelial_like
30.0,29985,epithelial_like
30.0,29986,epithelial_like
30.0,29987,epithelial_like
30.0,29988,epithelial_like
30.0,29989,epithelial_like
30.0,29990,epithelial_like
30.0,29991,epithelial_like
30.0,29992,epithelial_like
30.0,29993,epithelial_like
30.0,29994,epithelial_like
30.0,29995,epithelial_like
30.0,29996,epithelial_like
30.0,29997,epithelial_like
30.0,29998,epithelial_like
30.0,29999,hADSCs
