projected_timepoint,cell_idx,projected_cluster_label
0.0,0,G178325_PS_00
0.0,1,G178325_PS_00
0.0,2,G178325_PS_00
0.0,3,G178325_PS_00
0.0,4,G178325_PS_02
0.0,5,G178325_PS_00
0.0,6,G178325_PS_00
0.0,7,G178325_PS_00
0.0,8,G178325_PS_00
0.0,9,G178325_PS_00
0.0,10,G178325_PS_00
0.0,11,G178325_PS_00
0.0,12,G178325_PS_00
0.0,13,G178325_PS_00
0.0,14,G178325_PS_00
0.0,15,G178325_PS_00
0.0,16,G178325_PS_00
0.0,17,G178325_PS_00
0.0,18,G178325_PS_00
0.0,19,G178325_PS_00
0.0,20,G178325_PS_00
0.0,21,G178325_PS_00
0.0,22,G178325_PS_00
0.0,23,G178325_PS_00
0.0,24,G178325_PS_00
0.0,25,G178325_PS_00
0.0,26,G178325_PS_00
0.0,27,G178325_PS_00
0.0,28,G178325_PS_00
0.0,29,G178325_PS_00
0.0,30,G178325_PS_00
0.0,31,G178325_PS_00
0.0,32,G178325_PS_00
0.0,33,G178325_PS_00
0.0,34,G178325_PS_00
0.0,35,G178325_PS_00
0.0,36,G178325_PS_00
0.0,37,G178325_PS_00
0.0,38,G178325_PS_00
0.0,39,G178325_PS_00
0.0,40,G178325_PS_00
0.0,41,G178325_PS_00
0.0,42,G178325_PS_00
0.0,43,G178325_PS_00
0.0,44,G178325_PS_00
0.0,45,G178325_PS_00
0.0,46,G178325_PS_00
0.0,47,G178325_PS_00
0.0,48,G178325_PS_00
0.0,49,G178325_PS_00
0.0,50,G178325_PS_00
0.0,51,G178325_PS_00
0.0,52,G178325_PS_02
0.0,53,G178325_PS_00
0.0,54,G178325_PS_00
0.0,55,G178325_PS_00
0.0,56,G178325_PS_00
0.0,57,G178325_PS_00
0.0,58,G178325_PS_00
0.0,59,G178325_PS_00
0.0,60,G178325_PS_00
0.0,61,G178325_PS_00
0.0,62,G178325_PS_00
0.0,63,G178325_PS_00
0.0,64,G178325_PS_00
0.0,65,G178325_PS_00
0.0,66,G178325_PS_00
0.0,67,G178325_PS_00
0.0,68,G178325_PS_00
0.0,69,G178325_PS_00
0.0,70,G178325_PS_00
0.0,71,G178325_PS_00
0.0,72,G178325_PS_00
0.0,73,G178325_PS_00
0.0,74,G178325_PS_00
0.0,75,G178325_PS_00
0.0,76,G178325_PS_00
0.0,77,G178325_PS_00
0.0,78,G178325_PS_00
0.0,79,G178325_PS_00
0.0,80,G178325_PS_00
0.0,81,G178325_PS_00
0.0,82,G178325_PS_00
0.0,83,G178325_PS_00
0.0,84,G178325_PS_00
0.0,85,G178325_PS_00
0.0,86,G178325_PS_00
0.0,87,G178325_PS_00
0.0,88,G178325_PS_00
0.0,89,G178325_PS_00
0.0,90,G178325_PS_00
0.0,91,G178325_PS_00
0.0,92,G178325_PS_00
0.0,93,G178325_PS_00
0.0,94,G178325_PS_00
0.0,95,G178325_PS_00
0.0,96,G178325_PS_00
0.0,97,G178325_PS_00
0.0,98,G178325_PS_00
0.0,99,G178325_PS_00
0.0,100,G178325_PS_00
0.0,101,G178325_PS_00
0.0,102,G178325_PS_02
0.0,103,G178325_PS_00
0.0,104,G178325_PS_00
0.0,105,G178325_PS_00
0.0,106,G178325_PS_00
0.0,107,G178325_PS_00
0.0,108,G178325_PS_00
0.0,109,G178325_PS_00
0.0,110,G178325_PS_00
0.0,111,G178325_PS_00
0.0,112,G178325_PS_00
0.0,113,G178325_PS_00
0.0,114,G178325_PS_00
0.0,115,G178325_PS_00
0.0,116,G178325_PS_00
0.0,117,G178325_PS_00
0.0,118,G178325_PS_00
0.0,119,G178325_PS_00
0.0,120,G178325_PS_00
0.0,121,G178325_PS_00
0.0,122,G178325_PS_00
0.0,123,G178325_PS_00
0.0,124,G178325_PS_00
0.0,125,G178325_PS_00
0.0,126,G178325_PS_00
0.0,127,G178325_PS_00
0.0,128,G178325_PS_02
0.0,129,G178325_PS_00
0.0,130,G178325_PS_00
0.0,131,G178325_PS_00
0.0,132,G178325_PS_00
0.0,133,G178325_PS_00
0.0,134,G178325_PS_00
0.0,135,G178325_PS_00
0.0,136,G178325_PS_00
0.0,137,G178325_PS_00
0.0,138,G178325_PS_00
0.0,139,G178325_PS_00
0.0,140,G178325_PS_00
0.0,141,G178325_PS_00
0.0,142,G178325_PS_00
0.0,143,G178325_PS_00
0.0,144,G178325_PS_00
0.0,145,G178325_PS_00
0.0,146,G178325_PS_00
0.0,147,G178325_PS_00
0.0,148,G178325_PS_00
0.0,149,G178325_PS_00
0.0,150,G178325_PS_00
0.0,151,G178325_PS_00
0.0,152,G178325_PS_00
0.0,153,G178325_PS_00
0.0,154,G178325_PS_00
0.0,155,G178325_PS_00
0.0,156,G178325_PS_00
0.0,157,G178325_PS_00
0.0,158,G178325_PS_00
0.0,159,G178325_PS_00
0.0,160,G178325_PS_00
0.0,161,G178325_PS_00
0.0,162,G178325_PS_00
0.0,163,G178325_PS_00
0.0,164,G178325_PS_00
0.0,165,G178325_PS_00
0.0,166,G178325_PS_00
0.0,167,G178325_PS_01
0.0,168,G178325_PS_00
0.0,169,G178325_PS_00
0.0,170,G178325_PS_00
0.0,171,G178325_PS_02
0.0,172,G178325_PS_00
0.0,173,G178325_PS_00
0.0,174,G178325_PS_00
0.0,175,G178325_PS_00
0.0,176,G178325_PS_00
0.0,177,G178325_PS_00
0.0,178,G178325_PS_00
0.0,179,G178325_PS_00
0.0,180,G178325_PS_00
0.0,181,G178325_PS_00
0.0,182,G178325_PS_00
0.0,183,G178325_PS_00
0.0,184,G178325_PS_00
0.0,185,G178325_PS_00
0.0,186,G178325_PS_00
0.0,187,G178325_PS_00
0.0,188,G178325_PS_00
0.0,189,G178325_PS_00
0.0,190,G178325_PS_00
0.0,191,G178325_PS_00
0.0,192,G178325_PS_00
0.0,193,G178325_PS_00
0.0,194,G178325_PS_00
0.0,195,G178325_PS_00
0.0,196,G178325_PS_00
0.0,197,G178325_PS_00
0.0,198,G178325_PS_00
0.0,199,G178325_PS_00
0.0,200,G178325_PS_00
0.0,201,G178325_PS_00
0.0,202,G178325_PS_00
0.0,203,G178325_PS_00
0.0,204,G178325_PS_00
0.0,205,G178325_PS_00
0.0,206,G178325_PS_00
0.0,207,G178325_PS_00
0.0,208,G178325_PS_00
0.0,209,G178325_PS_00
0.0,210,G178325_PS_00
0.0,211,G178325_PS_01
0.0,212,G178325_PS_00
0.0,213,G178325_PS_00
0.0,214,G178325_PS_00
0.0,215,G178325_PS_00
0.0,216,G178325_PS_00
0.0,217,G178325_PS_00
0.0,218,G178325_PS_00
0.0,219,G178325_PS_00
0.0,220,G178325_PS_00
0.0,221,G178325_PS_00
0.0,222,G178325_PS_00
0.0,223,G178325_PS_00
0.0,224,G178325_PS_00
0.0,225,G178325_PS_00
0.0,226,G178325_PS_00
0.0,227,G178325_PS_00
0.0,228,G178325_PS_00
0.0,229,G178325_PS_00
0.0,230,G178325_PS_00
0.0,231,G178325_PS_00
0.0,232,G178325_PS_00
0.0,233,G178325_PS_00
0.0,234,G178325_PS_00
0.0,235,G178325_PS_00
0.0,236,G178325_PS_00
0.0,237,G178325_PS_02
0.0,238,G178325_PS_00
0.0,239,G178325_PS_01
0.0,240,G178325_PS_00
0.0,241,G178325_PS_01
0.0,242,G178325_PS_01
0.0,243,G178325_PS_00
0.0,244,G178325_PS_00
0.0,245,G178325_PS_01
0.0,246,G178325_PS_00
0.0,247,G178325_PS_00
0.0,248,G178325_PS_00
0.0,249,G178325_PS_00
0.0,250,G178325_PS_00
0.0,251,G178325_PS_00
0.0,252,G178325_PS_00
0.0,253,G178325_PS_00
0.0,254,G178325_PS_00
0.0,255,G178325_PS_00
0.0,256,G178325_PS_00
0.0,257,G178325_PS_00
0.0,258,G178325_PS_00
0.0,259,G178325_PS_00
0.0,260,G178325_PS_00
0.0,261,G178325_PS_00
0.0,262,G178325_PS_01
0.0,263,G178325_PS_00
0.0,264,G178325_PS_00
0.0,265,G178325_PS_00
0.0,266,G178325_PS_00
0.0,267,G178325_PS_00
0.0,268,G178325_PS_00
0.0,269,G178325_PS_00
0.0,270,G178325_PS_00
0.0,271,G178325_PS_00
0.0,272,G178325_PS_00
0.0,273,G178325_PS_00
0.0,274,G178325_PS_02
0.0,275,G178325_PS_00
0.0,276,G178325_PS_00
0.0,277,G178325_PS_00
0.0,278,G178325_PS_00
0.0,279,G178325_PS_00
0.0,280,G178325_PS_00
0.0,281,G178325_PS_00
0.0,282,G178325_PS_00
0.0,283,G178325_PS_00
0.0,284,G178325_PS_00
0.0,285,G178325_PS_00
0.0,286,G178325_PS_02
0.0,287,G178325_PS_00
0.0,288,G178325_PS_00
0.0,289,G178325_PS_00
0.0,290,G178325_PS_01
0.0,291,G178325_PS_00
0.0,292,G178325_PS_00
0.0,293,G178325_PS_02
0.0,294,G178325_PS_00
0.0,295,G178325_PS_00
0.0,296,G178325_PS_00
0.0,297,G178325_PS_00
0.0,298,G178325_PS_00
0.0,299,G178325_PS_00
0.0,300,G178325_PS_02
0.0,301,G178325_PS_00
0.0,302,G178325_PS_00
0.0,303,G178325_PS_00
0.0,304,G178325_PS_00
0.0,305,G178325_PS_00
0.0,306,G178325_PS_00
0.0,307,G178325_PS_00
0.0,308,G178325_PS_00
0.0,309,G178325_PS_00
0.0,310,G178325_PS_00
0.0,311,G178325_PS_00
0.0,312,G178325_PS_00
0.0,313,G178325_PS_00
0.0,314,G178325_PS_00
0.0,315,G178325_PS_00
0.0,316,G178325_PS_00
0.0,317,G178325_PS_00
0.0,318,G178325_PS_00
0.0,319,G178325_PS_00
0.0,320,G178325_PS_00
0.0,321,G178325_PS_00
0.0,322,G178325_PS_00
0.0,323,G178325_PS_00
0.0,324,G178325_PS_00
0.0,325,G178325_PS_00
0.0,326,G178325_PS_00
0.0,327,G178325_PS_00
0.0,328,G178325_PS_00
0.0,329,G178325_PS_00
0.0,330,G178325_PS_00
0.0,331,G178325_PS_00
0.0,332,G178325_PS_00
0.0,333,G178325_PS_00
0.0,334,G178325_PS_00
0.0,335,G178325_PS_02
0.0,336,G178325_PS_00
0.0,337,G178325_PS_00
0.0,338,G178325_PS_00
0.0,339,G178325_PS_00
0.0,340,G178325_PS_00
0.0,341,G178325_PS_00
0.0,342,G178325_PS_00
0.0,343,G178325_PS_00
0.0,344,G178325_PS_00
0.0,345,G178325_PS_00
0.0,346,G178325_PS_00
0.0,347,G178325_PS_00
0.0,348,G178325_PS_00
0.0,349,G178325_PS_00
0.0,350,G178325_PS_00
0.0,351,G178325_PS_00
0.0,352,G178325_PS_00
0.0,353,G178325_PS_00
0.0,354,G178325_PS_00
0.0,355,G178325_PS_00
0.0,356,G178325_PS_00
0.0,357,G178325_PS_00
0.0,358,G178325_PS_00
0.0,359,G178325_PS_00
0.0,360,G178325_PS_00
0.0,361,G178325_PS_00
0.0,362,G178325_PS_00
0.0,363,G178325_PS_00
0.0,364,G178325_PS_00
0.0,365,G178325_PS_00
0.0,366,G178325_PS_00
0.0,367,G178325_PS_00
0.0,368,G178325_PS_00
0.0,369,G178325_PS_00
0.0,370,G178325_PS_00
0.0,371,G178325_PS_00
0.0,372,G178325_PS_00
0.0,373,G178325_PS_00
0.0,374,G178325_PS_00
0.0,375,G178325_PS_00
0.0,376,G178325_PS_00
0.0,377,G178325_PS_00
0.0,378,G178325_PS_00
0.0,379,G178325_PS_00
0.0,380,G178325_PS_00
0.0,381,G178325_PS_00
0.0,382,G178325_PS_00
0.0,383,G178325_PS_00
0.0,384,G178325_PS_00
0.0,385,G178325_PS_00
0.0,386,G178325_PS_00
0.0,387,G178325_PS_00
0.0,388,G178325_PS_00
0.0,389,G178325_PS_00
0.0,390,G178325_PS_00
0.0,391,G178325_PS_00
0.0,392,G178325_PS_00
0.0,393,G178325_PS_00
0.0,394,G178325_PS_00
0.0,395,G178325_PS_00
0.0,396,G178325_PS_00
0.0,397,G178325_PS_00
0.0,398,G178325_PS_00
0.0,399,G178325_PS_00
0.0,400,G178325_PS_00
0.0,401,G178325_PS_00
0.0,402,G178325_PS_00
0.0,403,G178325_PS_00
0.0,404,G178325_PS_00
0.0,405,G178325_PS_00
0.0,406,G178325_PS_01
0.0,407,G178325_PS_00
0.0,408,G178325_PS_00
0.0,409,G178325_PS_00
0.0,410,G178325_PS_00
0.0,411,G178325_PS_00
0.0,412,G178325_PS_00
0.0,413,G178325_PS_00
0.0,414,G178325_PS_00
0.0,415,G178325_PS_00
0.0,416,G178325_PS_00
0.0,417,G178325_PS_00
0.0,418,G178325_PS_00
0.0,419,G178325_PS_00
0.0,420,G178325_PS_00
0.0,421,G178325_PS_00
0.0,422,G178325_PS_00
0.0,423,G178325_PS_00
0.0,424,G178325_PS_00
0.0,425,G178325_PS_01
0.0,426,G178325_PS_00
0.0,427,G178325_PS_00
0.0,428,G178325_PS_00
0.0,429,G178325_PS_00
0.0,430,G178325_PS_00
0.0,431,G178325_PS_00
0.0,432,G178325_PS_03
0.0,433,G178325_PS_00
0.0,434,G178325_PS_00
0.0,435,G178325_PS_00
0.0,436,G178325_PS_00
0.0,437,G178325_PS_00
0.0,438,G178325_PS_00
0.0,439,G178325_PS_00
0.0,440,G178325_PS_00
0.0,441,G178325_PS_00
0.0,442,G178325_PS_00
0.0,443,G178325_PS_00
0.0,444,G178325_PS_00
0.0,445,G178325_PS_00
0.0,446,G178325_PS_00
0.0,447,G178325_PS_00
0.0,448,G178325_PS_00
0.0,449,G178325_PS_00
0.0,450,G178325_PS_00
0.0,451,G178325_PS_00
0.0,452,G178325_PS_00
0.0,453,G178325_PS_00
0.0,454,G178325_PS_02
0.0,455,G178325_PS_00
0.0,456,G178325_PS_00
0.0,457,G178325_PS_00
0.0,458,G178325_PS_00
0.0,459,G178325_PS_00
0.0,460,G178325_PS_00
0.0,461,G178325_PS_00
0.0,462,G178325_PS_00
0.0,463,G178325_PS_00
0.0,464,G178325_PS_00
0.0,465,G178325_PS_00
0.0,466,G178325_PS_02
0.0,467,G178325_PS_00
0.0,468,G178325_PS_00
0.0,469,G178325_PS_00
0.0,470,G178325_PS_00
0.0,471,G178325_PS_00
0.0,472,G178325_PS_00
0.0,473,G178325_PS_00
0.0,474,G178325_PS_00
0.0,475,G178325_PS_02
0.0,476,G178325_PS_00
0.0,477,G178325_PS_00
0.0,478,G178325_PS_00
0.0,479,G178325_PS_00
0.0,480,G178325_PS_00
0.0,481,G178325_PS_00
0.0,482,G178325_PS_00
0.0,483,G178325_PS_00
0.0,484,G178325_PS_00
0.0,485,G178325_PS_00
0.0,486,G178325_PS_00
0.0,487,G178325_PS_00
0.0,488,G178325_PS_00
0.0,489,G178325_PS_00
0.0,490,G178325_PS_00
0.0,491,G178325_PS_00
0.0,492,G178325_PS_00
0.0,493,G178325_PS_00
0.0,494,G178325_PS_00
0.0,495,G178325_PS_00
0.0,496,G178325_PS_00
0.0,497,G178325_PS_00
0.0,498,G178325_PS_01
0.0,499,G178325_PS_00
0.0,500,G178325_PS_00
0.0,501,G178325_PS_00
0.0,502,G178325_PS_00
0.0,503,G178325_PS_00
0.0,504,G178325_PS_00
0.0,505,G178325_PS_00
0.0,506,G178325_PS_00
0.0,507,G178325_PS_00
0.0,508,G178325_PS_00
0.0,509,G178325_PS_00
0.0,510,G178325_PS_00
0.0,511,G178325_PS_00
0.0,512,G178325_PS_00
0.0,513,G178325_PS_00
0.0,514,G178325_PS_00
0.0,515,G178325_PS_00
0.0,516,G178325_PS_00
0.0,517,G178325_PS_00
0.0,518,G178325_PS_00
0.0,519,G178325_PS_00
0.0,520,G178325_PS_00
0.0,521,G178325_PS_00
0.0,522,G178325_PS_00
0.0,523,G178325_PS_00
0.0,524,G178325_PS_00
0.0,525,G178325_PS_00
0.0,526,G178325_PS_00
0.0,527,G178325_PS_00
0.0,528,G178325_PS_00
0.0,529,G178325_PS_00
0.0,530,G178325_PS_00
0.0,531,G178325_PS_00
0.0,532,G178325_PS_00
0.0,533,G178325_PS_00
0.0,534,G178325_PS_00
0.0,535,G178325_PS_00
0.0,536,G178325_PS_00
0.0,537,G178325_PS_00
0.0,538,G178325_PS_00
0.0,539,G178325_PS_00
0.0,540,G178325_PS_00
0.0,541,G178325_PS_00
0.0,542,G178325_PS_02
0.0,543,G178325_PS_00
0.0,544,G178325_PS_00
0.0,545,G178325_PS_00
0.0,546,G178325_PS_00
0.0,547,G178325_PS_00
0.0,548,G178325_PS_00
0.0,549,G178325_PS_00
0.0,550,G178325_PS_00
0.0,551,G178325_PS_00
0.0,552,G178325_PS_02
0.0,553,G178325_PS_00
0.0,554,G178325_PS_00
0.0,555,G178325_PS_00
0.0,556,G178325_PS_00
0.0,557,G178325_PS_00
0.0,558,G178325_PS_00
0.0,559,G178325_PS_00
0.0,560,G178325_PS_00
0.0,561,G178325_PS_00
0.0,562,G178325_PS_00
0.0,563,G178325_PS_00
0.0,564,G178325_PS_00
0.0,565,G178325_PS_02
0.0,566,G178325_PS_00
0.0,567,G178325_PS_00
0.0,568,G178325_PS_01
0.0,569,G178325_PS_00
0.0,570,G178325_PS_00
0.0,571,G178325_PS_00
0.0,572,G178325_PS_02
0.0,573,G178325_PS_00
0.0,574,G178325_PS_00
0.0,575,G178325_PS_01
0.0,576,G178325_PS_00
0.0,577,G178325_PS_00
0.0,578,G178325_PS_00
0.0,579,G178325_PS_00
0.0,580,G178325_PS_00
0.0,581,G178325_PS_00
0.0,582,G178325_PS_00
0.0,583,G178325_PS_00
0.0,584,G178325_PS_00
0.0,585,G178325_PS_00
0.0,586,G178325_PS_00
0.0,587,G178325_PS_00
0.0,588,G178325_PS_00
0.0,589,G178325_PS_00
0.0,590,G178325_PS_00
0.0,591,G178325_PS_00
0.0,592,G178325_PS_00
0.0,593,G178325_PS_00
0.0,594,G178325_PS_00
0.0,595,G178325_PS_00
0.0,596,G178325_PS_00
0.0,597,G178325_PS_00
0.0,598,G178325_PS_00
0.0,599,G178325_PS_00
0.0,600,G178325_PS_00
0.0,601,G178325_PS_00
0.0,602,G178325_PS_00
0.0,603,G178325_PS_00
0.0,604,G178325_PS_00
0.0,605,G178325_PS_00
0.0,606,G178325_PS_00
0.0,607,G178325_PS_00
0.0,608,G178325_PS_00
0.0,609,G178325_PS_00
0.0,610,G178325_PS_00
0.0,611,G178325_PS_00
0.0,612,G178325_PS_00
0.0,613,G178325_PS_00
0.0,614,G178325_PS_00
0.0,615,G178325_PS_00
0.0,616,G178325_PS_02
0.0,617,G178325_PS_00
0.0,618,G178325_PS_00
0.0,619,G178325_PS_00
0.0,620,G178325_PS_00
0.0,621,G178325_PS_00
0.0,622,G178325_PS_00
0.0,623,G178325_PS_00
0.0,624,G178325_PS_00
0.0,625,G178325_PS_00
0.0,626,G178325_PS_00
0.0,627,G178325_PS_00
0.0,628,G178325_PS_00
0.0,629,G178325_PS_00
0.0,630,G178325_PS_00
0.0,631,G178325_PS_00
0.0,632,G178325_PS_00
0.0,633,G178325_PS_00
0.0,634,G178325_PS_00
0.0,635,G178325_PS_00
0.0,636,G178325_PS_00
0.0,637,G178325_PS_00
0.0,638,G178325_PS_00
0.0,639,G178325_PS_00
0.0,640,G178325_PS_00
0.0,641,G178325_PS_00
0.0,642,G178325_PS_00
0.0,643,G178325_PS_01
0.0,644,G178325_PS_00
0.0,645,G178325_PS_00
0.0,646,G178325_PS_00
0.0,647,G178325_PS_01
0.0,648,G178325_PS_00
0.0,649,G178325_PS_00
0.0,650,G178325_PS_00
0.0,651,G178325_PS_00
0.0,652,G178325_PS_00
0.0,653,G178325_PS_00
0.0,654,G178325_PS_00
0.0,655,G178325_PS_00
0.0,656,G178325_PS_00
0.0,657,G178325_PS_00
0.0,658,G178325_PS_00
0.0,659,G178325_PS_00
0.0,660,G178325_PS_00
0.0,661,G178325_PS_00
0.0,662,G178325_PS_00
0.0,663,G178325_PS_00
0.0,664,G178325_PS_00
0.0,665,G178325_PS_00
0.0,666,G178325_PS_00
0.0,667,G178325_PS_00
0.0,668,G178325_PS_00
0.0,669,G178325_PS_00
0.0,670,G178325_PS_00
0.0,671,G178325_PS_00
0.0,672,G178325_PS_00
0.0,673,G178325_PS_00
0.0,674,G178325_PS_00
0.0,675,G178325_PS_00
0.0,676,G178325_PS_00
0.0,677,G178325_PS_00
0.0,678,G178325_PS_00
0.0,679,G178325_PS_00
0.0,680,G178325_PS_00
0.0,681,G178325_PS_00
0.0,682,G178325_PS_00
0.0,683,G178325_PS_00
0.0,684,G178325_PS_00
0.0,685,G178325_PS_00
0.0,686,G178325_PS_00
0.0,687,G178325_PS_00
0.0,688,G178325_PS_00
0.0,689,G178325_PS_00
0.0,690,G178325_PS_00
0.0,691,G178325_PS_00
0.0,692,G178325_PS_00
0.0,693,G178325_PS_00
0.0,694,G178325_PS_00
0.0,695,G178325_PS_00
0.0,696,G178325_PS_00
0.0,697,G178325_PS_00
0.0,698,G178325_PS_00
0.0,699,G178325_PS_00
0.0,700,G178325_PS_00
0.0,701,G178325_PS_00
0.0,702,G178325_PS_01
0.0,703,G178325_PS_00
0.0,704,G178325_PS_00
0.0,705,G178325_PS_00
0.0,706,G178325_PS_00
0.0,707,G178325_PS_00
0.0,708,G178325_PS_00
0.0,709,G178325_PS_00
0.0,710,G178325_PS_00
0.0,711,G178325_PS_00
0.0,712,G178325_PS_00
0.0,713,G178325_PS_00
0.0,714,G178325_PS_00
0.0,715,G178325_PS_00
0.0,716,G178325_PS_00
0.0,717,G178325_PS_00
0.0,718,G178325_PS_00
0.0,719,G178325_PS_00
0.0,720,G178325_PS_00
0.0,721,G178325_PS_00
0.0,722,G178325_PS_01
0.0,723,G178325_PS_00
0.0,724,G178325_PS_00
0.0,725,G178325_PS_00
0.0,726,G178325_PS_00
0.0,727,G178325_PS_00
0.0,728,G178325_PS_00
0.0,729,G178325_PS_00
0.0,730,G178325_PS_00
0.0,731,G178325_PS_00
0.0,732,G178325_PS_00
0.0,733,G178325_PS_00
0.0,734,G178325_PS_00
0.0,735,G178325_PS_00
0.0,736,G178325_PS_00
0.0,737,G178325_PS_00
0.0,738,G178325_PS_00
0.0,739,G178325_PS_00
0.0,740,G178325_PS_00
0.0,741,G178325_PS_00
0.0,742,G178325_PS_00
0.0,743,G178325_PS_00
0.0,744,G178325_PS_00
0.0,745,G178325_PS_00
0.0,746,G178325_PS_00
0.0,747,G178325_PS_00
0.0,748,G178325_PS_00
0.0,749,G178325_PS_00
0.0,750,G178325_PS_00
0.0,751,G178325_PS_00
0.0,752,G178325_PS_00
0.0,753,G178325_PS_00
0.0,754,G178325_PS_00
0.0,755,G178325_PS_00
0.0,756,G178325_PS_00
0.0,757,G178325_PS_02
0.0,758,G178325_PS_00
0.0,759,G178325_PS_00
0.0,760,G178325_PS_00
0.0,761,G178325_PS_00
0.0,762,G178325_PS_00
0.0,763,G178325_PS_00
0.0,764,G178325_PS_00
0.0,765,G178325_PS_00
0.0,766,G178325_PS_00
0.0,767,G178325_PS_00
0.0,768,G178325_PS_00
0.0,769,G178325_PS_00
0.0,770,G178325_PS_00
0.0,771,G178325_PS_02
0.0,772,G178325_PS_00
0.0,773,G178325_PS_00
0.0,774,G178325_PS_00
0.0,775,G178325_PS_00
0.0,776,G178325_PS_00
0.0,777,G178325_PS_00
0.0,778,G178325_PS_00
0.0,779,G178325_PS_00
0.0,780,G178325_PS_00
0.0,781,G178325_PS_00
0.0,782,G178325_PS_00
0.0,783,G178325_PS_00
0.0,784,G178325_PS_00
0.0,785,G178325_PS_00
0.0,786,G178325_PS_02
0.0,787,G178325_PS_00
0.0,788,G178325_PS_00
0.0,789,G178325_PS_00
0.0,790,G178325_PS_00
0.0,791,G178325_PS_00
0.0,792,G178325_PS_00
0.0,793,G178325_PS_00
0.0,794,G178325_PS_00
0.0,795,G178325_PS_00
0.0,796,G178325_PS_00
0.0,797,G178325_PS_01
0.0,798,G178325_PS_00
0.0,799,G178325_PS_00
0.0,800,G178325_PS_00
0.0,801,G178325_PS_00
0.0,802,G178325_PS_00
0.0,803,G178325_PS_00
0.0,804,G178325_PS_00
0.0,805,G178325_PS_00
0.0,806,G178325_PS_00
0.0,807,G178325_PS_00
0.0,808,G178325_PS_00
0.0,809,G178325_PS_00
0.0,810,G178325_PS_00
0.0,811,G178325_PS_00
0.0,812,G178325_PS_00
0.0,813,G178325_PS_00
0.0,814,G178325_PS_00
0.0,815,G178325_PS_00
0.0,816,G178325_PS_00
0.0,817,G178325_PS_00
0.0,818,G178325_PS_00
0.0,819,G178325_PS_00
0.0,820,G178325_PS_00
0.0,821,G178325_PS_00
0.0,822,G178325_PS_00
0.0,823,G178325_PS_01
0.0,824,G178325_PS_00
0.0,825,G178325_PS_00
0.0,826,G178325_PS_00
0.0,827,G178325_PS_00
0.0,828,G178325_PS_00
0.0,829,G178325_PS_00
0.0,830,G178325_PS_00
0.0,831,G178325_PS_02
0.0,832,G178325_PS_00
0.0,833,G178325_PS_00
0.0,834,G178325_PS_00
0.0,835,G178325_PS_00
0.0,836,G178325_PS_00
0.0,837,G178325_PS_00
0.0,838,G178325_PS_00
0.0,839,G178325_PS_00
0.0,840,G178325_PS_00
0.0,841,G178325_PS_00
0.0,842,G178325_PS_00
0.0,843,G178325_PS_00
0.0,844,G178325_PS_00
0.0,845,G178325_PS_00
0.0,846,G178325_PS_00
0.0,847,G178325_PS_00
0.0,848,G178325_PS_00
0.0,849,G178325_PS_00
0.0,850,G178325_PS_00
0.0,851,G178325_PS_00
0.0,852,G178325_PS_00
0.0,853,G178325_PS_00
0.0,854,G178325_PS_00
0.0,855,G178325_PS_00
0.0,856,G178325_PS_00
0.0,857,G178325_PS_00
0.0,858,G178325_PS_02
0.0,859,G178325_PS_00
0.0,860,G178325_PS_00
0.0,861,G178325_PS_00
0.0,862,G178325_PS_00
0.0,863,G178325_PS_03
0.0,864,G178325_PS_00
0.0,865,G178325_PS_00
0.0,866,G178325_PS_00
0.0,867,G178325_PS_00
0.0,868,G178325_PS_00
0.0,869,G178325_PS_00
0.0,870,G178325_PS_00
0.0,871,G178325_PS_00
0.0,872,G178325_PS_00
0.0,873,G178325_PS_00
0.0,874,G178325_PS_00
0.0,875,G178325_PS_00
0.0,876,G178325_PS_00
0.0,877,G178325_PS_00
0.0,878,G178325_PS_00
0.0,879,G178325_PS_00
0.0,880,G178325_PS_00
0.0,881,G178325_PS_00
0.0,882,G178325_PS_00
0.0,883,G178325_PS_00
0.0,884,G178325_PS_00
0.0,885,G178325_PS_00
0.0,886,G178325_PS_00
0.0,887,G178325_PS_00
0.0,888,G178325_PS_00
0.0,889,G178325_PS_00
0.0,890,G178325_PS_00
0.0,891,G178325_PS_00
0.0,892,G178325_PS_00
0.0,893,G178325_PS_00
0.0,894,G178325_PS_00
0.0,895,G178325_PS_00
0.0,896,G178325_PS_00
0.0,897,G178325_PS_00
0.0,898,G178325_PS_00
0.0,899,G178325_PS_00
0.0,900,G178325_PS_00
0.0,901,G178325_PS_00
0.0,902,G178325_PS_00
0.0,903,G178325_PS_00
0.0,904,G178325_PS_00
0.0,905,G178325_PS_00
0.0,906,G178325_PS_00
0.0,907,G178325_PS_00
0.0,908,G178325_PS_00
0.0,909,G178325_PS_00
0.0,910,G178325_PS_00
0.0,911,G178325_PS_00
0.0,912,G178325_PS_00
0.0,913,G178325_PS_00
0.0,914,G178325_PS_00
0.0,915,G178325_PS_00
0.0,916,G178325_PS_00
0.0,917,G178325_PS_00
0.0,918,G178325_PS_00
0.0,919,G178325_PS_00
0.0,920,G178325_PS_00
0.0,921,G178325_PS_00
0.0,922,G178325_PS_00
0.0,923,G178325_PS_00
0.0,924,G178325_PS_00
0.0,925,G178325_PS_00
0.0,926,G178325_PS_00
0.0,927,G178325_PS_00
0.0,928,G178325_PS_00
0.0,929,G178325_PS_00
0.0,930,G178325_PS_00
0.0,931,G178325_PS_00
0.0,932,G178325_PS_00
0.0,933,G178325_PS_00
0.0,934,G178325_PS_00
0.0,935,G178325_PS_00
0.0,936,G178325_PS_01
0.0,937,G178325_PS_00
0.0,938,G178325_PS_00
0.0,939,G178325_PS_00
0.0,940,G178325_PS_00
0.0,941,G178325_PS_00
0.0,942,G178325_PS_00
0.0,943,G178325_PS_00
0.0,944,G178325_PS_00
0.0,945,G178325_PS_00
0.0,946,G178325_PS_00
0.0,947,G178325_PS_00
0.0,948,G178325_PS_00
0.0,949,G178325_PS_00
0.0,950,G178325_PS_00
0.0,951,G178325_PS_00
0.0,952,G178325_PS_00
0.0,953,G178325_PS_00
0.0,954,G178325_PS_00
0.0,955,G178325_PS_00
0.0,956,G178325_PS_00
0.0,957,G178325_PS_00
0.0,958,G178325_PS_00
0.0,959,G178325_PS_00
0.0,960,G178325_PS_00
0.0,961,G178325_PS_00
0.0,962,G178325_PS_00
0.0,963,G178325_PS_00
0.0,964,G178325_PS_00
0.0,965,G178325_PS_00
0.0,966,G178325_PS_00
0.0,967,G178325_PS_00
0.0,968,G178325_PS_00
0.0,969,G178325_PS_00
0.0,970,G178325_PS_01
0.0,971,G178325_PS_00
0.0,972,G178325_PS_00
0.0,973,G178325_PS_00
0.0,974,G178325_PS_00
0.0,975,G178325_PS_00
0.0,976,G178325_PS_00
0.0,977,G178325_PS_00
0.0,978,G178325_PS_00
0.0,979,G178325_PS_00
0.0,980,G178325_PS_00
0.0,981,G178325_PS_00
0.0,982,G178325_PS_00
0.0,983,G178325_PS_00
0.0,984,G178325_PS_00
0.0,985,G178325_PS_00
0.0,986,G178325_PS_00
0.0,987,G178325_PS_00
0.0,988,G178325_PS_00
0.0,989,G178325_PS_00
0.0,990,G178325_PS_00
0.0,991,G178325_PS_00
0.0,992,G178325_PS_00
0.0,993,G178325_PS_00
0.0,994,G178325_PS_00
0.0,995,G178325_PS_00
0.0,996,G178325_PS_00
0.0,997,G178325_PS_00
0.0,998,G178325_PS_00
0.0,999,G178325_PS_00
0.0,1000,G178325_PS_00
0.0,1001,G178325_PS_00
0.0,1002,G178325_PS_00
0.0,1003,G178325_PS_00
0.0,1004,G178325_PS_00
0.0,1005,G178325_PS_00
0.0,1006,G178325_PS_00
0.0,1007,G178325_PS_00
0.0,1008,G178325_PS_00
0.0,1009,G178325_PS_00
0.0,1010,G178325_PS_00
0.0,1011,G178325_PS_00
0.0,1012,G178325_PS_00
0.0,1013,G178325_PS_00
0.0,1014,G178325_PS_00
0.0,1015,G178325_PS_00
0.0,1016,G178325_PS_00
0.0,1017,G178325_PS_00
0.0,1018,G178325_PS_02
0.0,1019,G178325_PS_00
0.0,1020,G178325_PS_00
0.0,1021,G178325_PS_00
0.0,1022,G178325_PS_02
0.0,1023,G178325_PS_00
0.0,1024,G178325_PS_00
0.0,1025,G178325_PS_00
0.0,1026,G178325_PS_00
0.0,1027,G178325_PS_00
0.0,1028,G178325_PS_00
0.0,1029,G178325_PS_00
0.0,1030,G178325_PS_00
0.0,1031,G178325_PS_00
0.0,1032,G178325_PS_00
0.0,1033,G178325_PS_00
0.0,1034,G178325_PS_00
0.0,1035,G178325_PS_00
0.0,1036,G178325_PS_00
0.0,1037,G178325_PS_00
0.0,1038,G178325_PS_00
0.0,1039,G178325_PS_00
0.0,1040,G178325_PS_00
0.0,1041,G178325_PS_00
0.0,1042,G178325_PS_00
0.0,1043,G178325_PS_00
0.0,1044,G178325_PS_00
0.0,1045,G178325_PS_00
0.0,1046,G178325_PS_00
0.0,1047,G178325_PS_00
0.0,1048,G178325_PS_00
0.0,1049,G178325_PS_00
0.0,1050,G178325_PS_00
0.0,1051,G178325_PS_00
0.0,1052,G178325_PS_00
0.0,1053,G178325_PS_00
0.0,1054,G178325_PS_00
0.0,1055,G178325_PS_00
0.0,1056,G178325_PS_00
0.0,1057,G178325_PS_00
0.0,1058,G178325_PS_00
0.0,1059,G178325_PS_00
0.0,1060,G178325_PS_00
0.0,1061,G178325_PS_01
0.0,1062,G178325_PS_00
0.0,1063,G178325_PS_00
0.0,1064,G178325_PS_00
0.0,1065,G178325_PS_00
0.0,1066,G178325_PS_00
0.0,1067,G178325_PS_00
0.0,1068,G178325_PS_00
0.0,1069,G178325_PS_00
0.0,1070,G178325_PS_00
0.0,1071,G178325_PS_00
0.0,1072,G178325_PS_00
0.0,1073,G178325_PS_00
0.0,1074,G178325_PS_00
0.0,1075,G178325_PS_00
0.0,1076,G178325_PS_00
0.0,1077,G178325_PS_00
0.0,1078,G178325_PS_00
0.0,1079,G178325_PS_00
0.0,1080,G178325_PS_00
0.0,1081,G178325_PS_00
0.0,1082,G178325_PS_00
0.0,1083,G178325_PS_00
0.0,1084,G178325_PS_00
0.0,1085,G178325_PS_00
0.0,1086,G178325_PS_00
0.0,1087,G178325_PS_00
0.0,1088,G178325_PS_00
0.0,1089,G178325_PS_00
0.0,1090,G178325_PS_00
0.0,1091,G178325_PS_00
0.0,1092,G178325_PS_00
0.0,1093,G178325_PS_00
0.0,1094,G178325_PS_01
0.0,1095,G178325_PS_00
0.0,1096,G178325_PS_00
0.0,1097,G178325_PS_00
0.0,1098,G178325_PS_02
0.0,1099,G178325_PS_00
0.0,1100,G178325_PS_00
0.0,1101,G178325_PS_00
0.0,1102,G178325_PS_00
0.0,1103,G178325_PS_00
0.0,1104,G178325_PS_00
0.0,1105,G178325_PS_00
0.0,1106,G178325_PS_00
0.0,1107,G178325_PS_00
0.0,1108,G178325_PS_00
0.0,1109,G178325_PS_00
0.0,1110,G178325_PS_00
0.0,1111,G178325_PS_00
0.0,1112,G178325_PS_00
0.0,1113,G178325_PS_00
0.0,1114,G178325_PS_00
0.0,1115,G178325_PS_00
0.0,1116,G178325_PS_00
0.0,1117,G178325_PS_00
0.0,1118,G178325_PS_00
0.0,1119,G178325_PS_00
0.0,1120,G178325_PS_00
0.0,1121,G178325_PS_00
0.0,1122,G178325_PS_00
0.0,1123,G178325_PS_00
0.0,1124,G178325_PS_00
0.0,1125,G178325_PS_00
0.0,1126,G178325_PS_00
0.0,1127,G178325_PS_00
0.0,1128,G178325_PS_00
0.0,1129,G178325_PS_00
0.0,1130,G178325_PS_00
0.0,1131,G178325_PS_00
0.0,1132,G178325_PS_00
0.0,1133,G178325_PS_00
0.0,1134,G178325_PS_00
0.0,1135,G178325_PS_00
0.0,1136,G178325_PS_00
0.0,1137,G178325_PS_00
0.0,1138,G178325_PS_00
0.0,1139,G178325_PS_00
0.0,1140,G178325_PS_02
0.0,1141,G178325_PS_01
0.0,1142,G178325_PS_00
0.0,1143,G178325_PS_00
0.0,1144,G178325_PS_00
0.0,1145,G178325_PS_00
0.0,1146,G178325_PS_00
0.0,1147,G178325_PS_00
0.0,1148,G178325_PS_00
0.0,1149,G178325_PS_00
0.0,1150,G178325_PS_02
0.0,1151,G178325_PS_00
0.0,1152,G178325_PS_00
0.0,1153,G178325_PS_00
0.0,1154,G178325_PS_00
0.0,1155,G178325_PS_00
0.0,1156,G178325_PS_00
0.0,1157,G178325_PS_00
0.0,1158,G178325_PS_00
0.0,1159,G178325_PS_00
0.0,1160,G178325_PS_00
0.0,1161,G178325_PS_00
0.0,1162,G178325_PS_00
0.0,1163,G178325_PS_00
0.0,1164,G178325_PS_02
0.0,1165,G178325_PS_00
0.0,1166,G178325_PS_00
0.0,1167,G178325_PS_00
0.0,1168,G178325_PS_00
0.0,1169,G178325_PS_00
0.0,1170,G178325_PS_00
0.0,1171,G178325_PS_00
0.0,1172,G178325_PS_00
0.0,1173,G178325_PS_00
0.0,1174,G178325_PS_00
0.0,1175,G178325_PS_00
0.0,1176,G178325_PS_00
0.0,1177,G178325_PS_00
0.0,1178,G178325_PS_00
0.0,1179,G178325_PS_02
0.0,1180,G178325_PS_00
0.0,1181,G178325_PS_00
0.0,1182,G178325_PS_00
0.0,1183,G178325_PS_00
0.0,1184,G178325_PS_00
0.0,1185,G178325_PS_00
0.0,1186,G178325_PS_00
0.0,1187,G178325_PS_00
0.0,1188,G178325_PS_00
0.0,1189,G178325_PS_00
0.0,1190,G178325_PS_00
0.0,1191,G178325_PS_00
0.0,1192,G178325_PS_00
0.0,1193,G178325_PS_00
0.0,1194,G178325_PS_00
0.0,1195,G178325_PS_00
0.0,1196,G178325_PS_00
0.0,1197,G178325_PS_00
0.0,1198,G178325_PS_00
0.0,1199,G178325_PS_00
0.0,1200,G178325_PS_00
0.0,1201,G178325_PS_00
0.0,1202,G178325_PS_00
0.0,1203,G178325_PS_00
0.0,1204,G178325_PS_00
0.0,1205,G178325_PS_00
0.0,1206,G178325_PS_00
0.0,1207,G178325_PS_00
0.0,1208,G178325_PS_00
0.0,1209,G178325_PS_00
0.0,1210,G178325_PS_00
0.0,1211,G178325_PS_00
0.0,1212,G178325_PS_00
0.0,1213,G178325_PS_00
0.0,1214,G178325_PS_00
0.0,1215,G178325_PS_00
0.0,1216,G178325_PS_00
0.0,1217,G178325_PS_00
0.0,1218,G178325_PS_00
0.0,1219,G178325_PS_00
0.0,1220,G178325_PS_00
0.0,1221,G178325_PS_00
0.0,1222,G178325_PS_00
0.0,1223,G178325_PS_01
0.0,1224,G178325_PS_00
0.0,1225,G178325_PS_00
0.0,1226,G178325_PS_00
0.0,1227,G178325_PS_00
0.0,1228,G178325_PS_00
0.0,1229,G178325_PS_00
0.0,1230,G178325_PS_00
0.0,1231,G178325_PS_00
0.0,1232,G178325_PS_00
0.0,1233,G178325_PS_02
0.0,1234,G178325_PS_00
0.0,1235,G178325_PS_00
0.0,1236,G178325_PS_00
0.0,1237,G178325_PS_00
0.0,1238,G178325_PS_00
0.0,1239,G178325_PS_02
0.0,1240,G178325_PS_00
0.0,1241,G178325_PS_00
0.0,1242,G178325_PS_00
0.0,1243,G178325_PS_00
0.0,1244,G178325_PS_00
0.0,1245,G178325_PS_00
0.0,1246,G178325_PS_00
0.0,1247,G178325_PS_00
0.0,1248,G178325_PS_00
0.0,1249,G178325_PS_02
0.0,1250,G178325_PS_00
0.0,1251,G178325_PS_00
0.0,1252,G178325_PS_00
0.0,1253,G178325_PS_00
0.0,1254,G178325_PS_00
0.0,1255,G178325_PS_00
0.0,1256,G178325_PS_00
0.0,1257,G178325_PS_00
0.0,1258,G178325_PS_00
0.0,1259,G178325_PS_00
0.0,1260,G178325_PS_00
0.0,1261,G178325_PS_00
0.0,1262,G178325_PS_00
0.0,1263,G178325_PS_00
0.0,1264,G178325_PS_00
0.0,1265,G178325_PS_00
0.0,1266,G178325_PS_00
0.0,1267,G178325_PS_00
0.0,1268,G178325_PS_00
0.0,1269,G178325_PS_00
0.0,1270,G178325_PS_00
0.0,1271,G178325_PS_00
0.0,1272,G178325_PS_00
0.0,1273,G178325_PS_01
0.0,1274,G178325_PS_00
0.0,1275,G178325_PS_00
0.0,1276,G178325_PS_01
0.0,1277,G178325_PS_00
0.0,1278,G178325_PS_00
0.0,1279,G178325_PS_00
0.0,1280,G178325_PS_00
0.0,1281,G178325_PS_00
0.0,1282,G178325_PS_00
0.0,1283,G178325_PS_02
0.0,1284,G178325_PS_00
0.0,1285,G178325_PS_00
0.0,1286,G178325_PS_00
0.0,1287,G178325_PS_00
0.0,1288,G178325_PS_00
0.0,1289,G178325_PS_00
0.0,1290,G178325_PS_00
0.0,1291,G178325_PS_00
0.0,1292,G178325_PS_00
0.0,1293,G178325_PS_00
0.0,1294,G178325_PS_00
0.0,1295,G178325_PS_00
0.0,1296,G178325_PS_00
0.0,1297,G178325_PS_00
0.0,1298,G178325_PS_00
0.0,1299,G178325_PS_00
0.0,1300,G178325_PS_00
0.0,1301,G178325_PS_01
0.0,1302,G178325_PS_00
0.0,1303,G178325_PS_00
0.0,1304,G178325_PS_00
0.0,1305,G178325_PS_00
0.0,1306,G178325_PS_00
0.0,1307,G178325_PS_00
0.0,1308,G178325_PS_00
0.0,1309,G178325_PS_00
0.0,1310,G178325_PS_00
0.0,1311,G178325_PS_00
0.0,1312,G178325_PS_00
0.0,1313,G178325_PS_00
0.0,1314,G178325_PS_00
0.0,1315,G178325_PS_00
0.0,1316,G178325_PS_00
0.0,1317,G178325_PS_00
0.0,1318,G178325_PS_00
0.0,1319,G178325_PS_00
0.0,1320,G178325_PS_00
0.0,1321,G178325_PS_00
0.0,1322,G178325_PS_00
0.0,1323,G178325_PS_00
0.0,1324,G178325_PS_00
0.0,1325,G178325_PS_00
0.0,1326,G178325_PS_00
0.0,1327,G178325_PS_02
0.0,1328,G178325_PS_00
0.0,1329,G178325_PS_00
0.0,1330,G178325_PS_00
0.0,1331,G178325_PS_00
0.0,1332,G178325_PS_00
0.0,1333,G178325_PS_00
0.0,1334,G178325_PS_00
0.0,1335,G178325_PS_00
0.0,1336,G178325_PS_00
0.0,1337,G178325_PS_00
0.0,1338,G178325_PS_00
0.0,1339,G178325_PS_00
0.0,1340,G178325_PS_00
0.0,1341,G178325_PS_00
0.0,1342,G178325_PS_00
0.0,1343,G178325_PS_00
0.0,1344,G178325_PS_00
0.0,1345,G178325_PS_00
0.0,1346,G178325_PS_00
0.0,1347,G178325_PS_00
0.0,1348,G178325_PS_00
0.0,1349,G178325_PS_00
0.0,1350,G178325_PS_00
0.0,1351,G178325_PS_00
0.0,1352,G178325_PS_00
0.0,1353,G178325_PS_00
0.0,1354,G178325_PS_00
0.0,1355,G178325_PS_00
0.0,1356,G178325_PS_00
0.0,1357,G178325_PS_00
0.0,1358,G178325_PS_00
0.0,1359,G178325_PS_00
0.0,1360,G178325_PS_00
0.0,1361,G178325_PS_00
0.0,1362,G178325_PS_00
0.0,1363,G178325_PS_00
0.0,1364,G178325_PS_00
0.0,1365,G178325_PS_00
0.0,1366,G178325_PS_00
0.0,1367,G178325_PS_00
0.0,1368,G178325_PS_00
0.0,1369,G178325_PS_00
0.0,1370,G178325_PS_00
0.0,1371,G178325_PS_00
0.0,1372,G178325_PS_00
0.0,1373,G178325_PS_00
0.0,1374,G178325_PS_00
0.0,1375,G178325_PS_00
0.0,1376,G178325_PS_00
0.0,1377,G178325_PS_00
0.0,1378,G178325_PS_00
0.0,1379,G178325_PS_00
0.0,1380,G178325_PS_00
0.0,1381,G178325_PS_00
0.0,1382,G178325_PS_00
0.0,1383,G178325_PS_00
0.0,1384,G178325_PS_00
0.0,1385,G178325_PS_00
0.0,1386,G178325_PS_00
0.0,1387,G178325_PS_00
0.0,1388,G178325_PS_00
0.0,1389,G178325_PS_00
0.0,1390,G178325_PS_00
0.0,1391,G178325_PS_00
0.0,1392,G178325_PS_00
0.0,1393,G178325_PS_00
0.0,1394,G178325_PS_00
0.0,1395,G178325_PS_00
0.0,1396,G178325_PS_00
0.0,1397,G178325_PS_00
0.0,1398,G178325_PS_00
0.0,1399,G178325_PS_00
0.0,1400,G178325_PS_00
0.0,1401,G178325_PS_02
0.0,1402,G178325_PS_02
0.0,1403,G178325_PS_00
0.0,1404,G178325_PS_00
0.0,1405,G178325_PS_00
0.0,1406,G178325_PS_00
0.0,1407,G178325_PS_00
0.0,1408,G178325_PS_00
0.0,1409,G178325_PS_00
0.0,1410,G178325_PS_00
0.0,1411,G178325_PS_00
0.0,1412,G178325_PS_01
0.0,1413,G178325_PS_00
0.0,1414,G178325_PS_02
0.0,1415,G178325_PS_00
0.0,1416,G178325_PS_00
0.0,1417,G178325_PS_00
0.0,1418,G178325_PS_00
0.0,1419,G178325_PS_00
0.0,1420,G178325_PS_00
0.0,1421,G178325_PS_00
0.0,1422,G178325_PS_00
0.0,1423,G178325_PS_00
0.0,1424,G178325_PS_00
0.0,1425,G178325_PS_00
0.0,1426,G178325_PS_00
0.0,1427,G178325_PS_00
0.0,1428,G178325_PS_00
0.0,1429,G178325_PS_00
0.0,1430,G178325_PS_00
0.0,1431,G178325_PS_02
0.0,1432,G178325_PS_00
0.0,1433,G178325_PS_00
0.0,1434,G178325_PS_00
0.0,1435,G178325_PS_00
0.0,1436,G178325_PS_00
0.0,1437,G178325_PS_00
0.0,1438,G178325_PS_00
0.0,1439,G178325_PS_00
0.0,1440,G178325_PS_00
0.0,1441,G178325_PS_00
0.0,1442,G178325_PS_00
0.0,1443,G178325_PS_00
0.0,1444,G178325_PS_00
0.0,1445,G178325_PS_00
0.0,1446,G178325_PS_00
0.0,1447,G178325_PS_00
0.0,1448,G178325_PS_00
0.0,1449,G178325_PS_00
0.0,1450,G178325_PS_00
0.0,1451,G178325_PS_00
0.0,1452,G178325_PS_00
0.0,1453,G178325_PS_00
0.0,1454,G178325_PS_00
0.0,1455,G178325_PS_00
0.0,1456,G178325_PS_00
0.0,1457,G178325_PS_00
0.0,1458,G178325_PS_00
0.0,1459,G178325_PS_00
0.0,1460,G178325_PS_02
0.0,1461,G178325_PS_00
0.0,1462,G178325_PS_00
0.0,1463,G178325_PS_00
0.0,1464,G178325_PS_00
0.0,1465,G178325_PS_00
0.0,1466,G178325_PS_00
0.0,1467,G178325_PS_00
0.0,1468,G178325_PS_00
0.0,1469,G178325_PS_00
0.0,1470,G178325_PS_00
0.0,1471,G178325_PS_00
0.0,1472,G178325_PS_00
0.0,1473,G178325_PS_00
0.0,1474,G178325_PS_00
0.0,1475,G178325_PS_00
0.0,1476,G178325_PS_00
0.0,1477,G178325_PS_00
0.0,1478,G178325_PS_00
0.0,1479,G178325_PS_00
0.0,1480,G178325_PS_00
0.0,1481,G178325_PS_01
0.0,1482,G178325_PS_02
0.0,1483,G178325_PS_00
0.0,1484,G178325_PS_01
0.0,1485,G178325_PS_00
0.0,1486,G178325_PS_01
0.0,1487,G178325_PS_00
0.0,1488,G178325_PS_00
0.0,1489,G178325_PS_00
0.0,1490,G178325_PS_00
0.0,1491,G178325_PS_02
0.0,1492,G178325_PS_00
0.0,1493,G178325_PS_00
0.0,1494,G178325_PS_00
0.0,1495,G178325_PS_00
0.0,1496,G178325_PS_00
0.0,1497,G178325_PS_02
0.0,1498,G178325_PS_00
0.0,1499,G178325_PS_00
0.0,1500,G178325_PS_00
0.0,1501,G178325_PS_00
0.0,1502,G178325_PS_00
0.0,1503,G178325_PS_00
0.0,1504,G178325_PS_00
0.0,1505,G178325_PS_01
0.0,1506,G178325_PS_00
0.0,1507,G178325_PS_00
0.0,1508,G178325_PS_00
0.0,1509,G178325_PS_00
0.0,1510,G178325_PS_00
0.0,1511,G178325_PS_00
0.0,1512,G178325_PS_00
0.0,1513,G178325_PS_00
0.0,1514,G178325_PS_00
0.0,1515,G178325_PS_00
0.0,1516,G178325_PS_00
0.0,1517,G178325_PS_00
0.0,1518,G178325_PS_00
0.0,1519,G178325_PS_00
0.0,1520,G178325_PS_00
0.0,1521,G178325_PS_00
0.0,1522,G178325_PS_00
0.0,1523,G178325_PS_00
0.0,1524,G178325_PS_00
0.0,1525,G178325_PS_00
0.0,1526,G178325_PS_02
0.0,1527,G178325_PS_00
0.0,1528,G178325_PS_00
0.0,1529,G178325_PS_00
0.0,1530,G178325_PS_02
0.0,1531,G178325_PS_00
0.0,1532,G178325_PS_00
0.0,1533,G178325_PS_00
0.0,1534,G178325_PS_00
0.0,1535,G178325_PS_00
0.0,1536,G178325_PS_00
0.0,1537,G178325_PS_00
0.0,1538,G178325_PS_00
0.0,1539,G178325_PS_00
0.0,1540,G178325_PS_00
0.0,1541,G178325_PS_00
0.0,1542,G178325_PS_00
0.0,1543,G178325_PS_00
0.0,1544,G178325_PS_00
0.0,1545,G178325_PS_00
0.0,1546,G178325_PS_00
0.0,1547,G178325_PS_00
0.0,1548,G178325_PS_00
0.0,1549,G178325_PS_00
0.0,1550,G178325_PS_00
0.0,1551,G178325_PS_00
0.0,1552,G178325_PS_00
0.0,1553,G178325_PS_00
0.0,1554,G178325_PS_00
0.0,1555,G178325_PS_00
0.0,1556,G178325_PS_00
0.0,1557,G178325_PS_00
0.0,1558,G178325_PS_00
0.0,1559,G178325_PS_01
0.0,1560,G178325_PS_00
0.0,1561,G178325_PS_00
0.0,1562,G178325_PS_00
0.0,1563,G178325_PS_00
0.0,1564,G178325_PS_00
0.0,1565,G178325_PS_00
0.0,1566,G178325_PS_00
0.0,1567,G178325_PS_00
0.0,1568,G178325_PS_00
0.0,1569,G178325_PS_00
0.0,1570,G178325_PS_00
0.0,1571,G178325_PS_00
0.0,1572,G178325_PS_00
0.0,1573,G178325_PS_00
0.0,1574,G178325_PS_00
0.0,1575,G178325_PS_00
0.0,1576,G178325_PS_00
0.0,1577,G178325_PS_00
0.0,1578,G178325_PS_00
0.0,1579,G178325_PS_00
0.0,1580,G178325_PS_00
0.0,1581,G178325_PS_00
0.0,1582,G178325_PS_00
0.0,1583,G178325_PS_00
0.0,1584,G178325_PS_00
0.0,1585,G178325_PS_00
0.0,1586,G178325_PS_00
0.0,1587,G178325_PS_00
0.0,1588,G178325_PS_01
0.0,1589,G178325_PS_00
0.0,1590,G178325_PS_00
0.0,1591,G178325_PS_00
0.0,1592,G178325_PS_00
0.0,1593,G178325_PS_00
0.0,1594,G178325_PS_00
0.0,1595,G178325_PS_00
0.0,1596,G178325_PS_00
0.0,1597,G178325_PS_00
0.0,1598,G178325_PS_00
0.0,1599,G178325_PS_00
0.0,1600,G178325_PS_00
0.0,1601,G178325_PS_00
0.0,1602,G178325_PS_00
0.0,1603,G178325_PS_00
0.0,1604,G178325_PS_00
0.0,1605,G178325_PS_00
0.0,1606,G178325_PS_00
0.0,1607,G178325_PS_00
0.0,1608,G178325_PS_00
0.0,1609,G178325_PS_00
0.0,1610,G178325_PS_00
0.0,1611,G178325_PS_00
0.0,1612,G178325_PS_00
0.0,1613,G178325_PS_00
0.0,1614,G178325_PS_00
0.0,1615,G178325_PS_00
0.0,1616,G178325_PS_00
0.0,1617,G178325_PS_00
0.0,1618,G178325_PS_00
0.0,1619,G178325_PS_00
0.0,1620,G178325_PS_00
0.0,1621,G178325_PS_00
0.0,1622,G178325_PS_00
0.0,1623,G178325_PS_00
0.0,1624,G178325_PS_00
0.0,1625,G178325_PS_00
0.0,1626,G178325_PS_00
0.0,1627,G178325_PS_00
0.0,1628,G178325_PS_00
0.0,1629,G178325_PS_00
0.0,1630,G178325_PS_00
0.0,1631,G178325_PS_00
0.0,1632,G178325_PS_00
0.0,1633,G178325_PS_02
0.0,1634,G178325_PS_00
0.0,1635,G178325_PS_00
0.0,1636,G178325_PS_00
0.0,1637,G178325_PS_00
0.0,1638,G178325_PS_00
0.0,1639,G178325_PS_00
0.0,1640,G178325_PS_00
0.0,1641,G178325_PS_00
0.0,1642,G178325_PS_00
0.0,1643,G178325_PS_00
0.0,1644,G178325_PS_00
0.0,1645,G178325_PS_00
0.0,1646,G178325_PS_00
0.0,1647,G178325_PS_00
0.0,1648,G178325_PS_00
0.0,1649,G178325_PS_00
0.0,1650,G178325_PS_00
0.0,1651,G178325_PS_00
0.0,1652,G178325_PS_00
0.0,1653,G178325_PS_00
0.0,1654,G178325_PS_00
0.0,1655,G178325_PS_00
0.0,1656,G178325_PS_00
0.0,1657,G178325_PS_02
0.0,1658,G178325_PS_00
0.0,1659,G178325_PS_00
0.0,1660,G178325_PS_00
0.0,1661,G178325_PS_01
0.0,1662,G178325_PS_00
0.0,1663,G178325_PS_00
0.0,1664,G178325_PS_00
0.0,1665,G178325_PS_00
0.0,1666,G178325_PS_00
0.0,1667,G178325_PS_00
0.0,1668,G178325_PS_00
0.0,1669,G178325_PS_00
0.0,1670,G178325_PS_00
0.0,1671,G178325_PS_00
0.0,1672,G178325_PS_00
0.0,1673,G178325_PS_00
0.0,1674,G178325_PS_00
0.0,1675,G178325_PS_00
0.0,1676,G178325_PS_00
0.0,1677,G178325_PS_00
0.0,1678,G178325_PS_00
0.0,1679,G178325_PS_00
0.0,1680,G178325_PS_00
0.0,1681,G178325_PS_00
0.0,1682,G178325_PS_00
0.0,1683,G178325_PS_00
0.0,1684,G178325_PS_00
0.0,1685,G178325_PS_00
0.0,1686,G178325_PS_00
0.0,1687,G178325_PS_00
0.0,1688,G178325_PS_00
0.0,1689,G178325_PS_00
0.0,1690,G178325_PS_00
0.0,1691,G178325_PS_00
0.0,1692,G178325_PS_00
0.0,1693,G178325_PS_00
0.0,1694,G178325_PS_02
0.0,1695,G178325_PS_00
0.0,1696,G178325_PS_00
0.0,1697,G178325_PS_00
0.0,1698,G178325_PS_00
0.0,1699,G178325_PS_00
0.0,1700,G178325_PS_00
0.0,1701,G178325_PS_00
0.0,1702,G178325_PS_02
0.0,1703,G178325_PS_00
0.0,1704,G178325_PS_00
0.0,1705,G178325_PS_00
0.0,1706,G178325_PS_00
0.0,1707,G178325_PS_00
0.0,1708,G178325_PS_00
0.0,1709,G178325_PS_02
0.0,1710,G178325_PS_00
0.0,1711,G178325_PS_02
0.0,1712,G178325_PS_02
0.0,1713,G178325_PS_00
0.0,1714,G178325_PS_00
0.0,1715,G178325_PS_00
0.0,1716,G178325_PS_00
0.0,1717,G178325_PS_00
0.0,1718,G178325_PS_00
0.0,1719,G178325_PS_00
0.0,1720,G178325_PS_00
0.0,1721,G178325_PS_00
0.0,1722,G178325_PS_00
0.0,1723,G178325_PS_02
0.0,1724,G178325_PS_01
0.0,1725,G178325_PS_00
0.0,1726,G178325_PS_00
0.0,1727,G178325_PS_02
0.0,1728,G178325_PS_00
0.0,1729,G178325_PS_00
0.0,1730,G178325_PS_00
0.0,1731,G178325_PS_00
0.0,1732,G178325_PS_02
0.0,1733,G178325_PS_00
0.0,1734,G178325_PS_00
0.0,1735,G178325_PS_00
0.0,1736,G178325_PS_00
0.0,1737,G178325_PS_00
0.0,1738,G178325_PS_00
0.0,1739,G178325_PS_00
0.0,1740,G178325_PS_00
0.0,1741,G178325_PS_00
0.0,1742,G178325_PS_00
0.0,1743,G178325_PS_00
0.0,1744,G178325_PS_00
0.0,1745,G178325_PS_00
0.0,1746,G178325_PS_00
0.0,1747,G178325_PS_01
0.0,1748,G178325_PS_00
0.0,1749,G178325_PS_00
0.0,1750,G178325_PS_00
0.0,1751,G178325_PS_00
0.0,1752,G178325_PS_00
0.0,1753,G178325_PS_00
0.0,1754,G178325_PS_01
0.0,1755,G178325_PS_02
0.0,1756,G178325_PS_00
0.0,1757,G178325_PS_00
0.0,1758,G178325_PS_00
0.0,1759,G178325_PS_00
0.0,1760,G178325_PS_00
0.0,1761,G178325_PS_00
0.0,1762,G178325_PS_00
0.0,1763,G178325_PS_00
0.0,1764,G178325_PS_00
0.0,1765,G178325_PS_00
0.0,1766,G178325_PS_00
0.0,1767,G178325_PS_00
0.0,1768,G178325_PS_00
0.0,1769,G178325_PS_00
0.0,1770,G178325_PS_00
0.0,1771,G178325_PS_00
0.0,1772,G178325_PS_00
0.0,1773,G178325_PS_00
0.0,1774,G178325_PS_00
0.0,1775,G178325_PS_00
0.0,1776,G178325_PS_00
0.0,1777,G178325_PS_00
0.0,1778,G178325_PS_00
0.0,1779,G178325_PS_00
0.0,1780,G178325_PS_00
0.0,1781,G178325_PS_00
0.0,1782,G178325_PS_00
0.0,1783,G178325_PS_00
0.0,1784,G178325_PS_00
0.0,1785,G178325_PS_00
0.0,1786,G178325_PS_00
0.0,1787,G178325_PS_00
0.0,1788,G178325_PS_00
0.0,1789,G178325_PS_00
0.0,1790,G178325_PS_00
0.0,1791,G178325_PS_00
0.0,1792,G178325_PS_00
0.0,1793,G178325_PS_00
0.0,1794,G178325_PS_00
0.0,1795,G178325_PS_00
0.0,1796,G178325_PS_00
0.0,1797,G178325_PS_00
0.0,1798,G178325_PS_00
0.0,1799,G178325_PS_00
0.0,1800,G178325_PS_00
0.0,1801,G178325_PS_00
0.0,1802,G178325_PS_00
0.0,1803,G178325_PS_00
0.0,1804,G178325_PS_00
0.0,1805,G178325_PS_00
0.0,1806,G178325_PS_00
0.0,1807,G178325_PS_00
0.0,1808,G178325_PS_00
0.0,1809,G178325_PS_00
0.0,1810,G178325_PS_00
0.0,1811,G178325_PS_00
0.0,1812,G178325_PS_00
0.0,1813,G178325_PS_00
0.0,1814,G178325_PS_00
0.0,1815,G178325_PS_00
0.0,1816,G178325_PS_02
0.0,1817,G178325_PS_00
0.0,1818,G178325_PS_02
0.0,1819,G178325_PS_00
0.0,1820,G178325_PS_00
0.0,1821,G178325_PS_00
0.0,1822,G178325_PS_00
0.0,1823,G178325_PS_00
0.0,1824,G178325_PS_02
0.0,1825,G178325_PS_00
0.0,1826,G178325_PS_00
0.0,1827,G178325_PS_00
0.0,1828,G178325_PS_00
0.0,1829,G178325_PS_00
0.0,1830,G178325_PS_00
0.0,1831,G178325_PS_00
0.0,1832,G178325_PS_00
0.0,1833,G178325_PS_00
0.0,1834,G178325_PS_00
0.0,1835,G178325_PS_00
0.0,1836,G178325_PS_00
0.0,1837,G178325_PS_00
0.0,1838,G178325_PS_00
0.0,1839,G178325_PS_00
0.0,1840,G178325_PS_00
0.0,1841,G178325_PS_01
0.0,1842,G178325_PS_00
0.0,1843,G178325_PS_00
0.0,1844,G178325_PS_00
0.0,1845,G178325_PS_00
0.0,1846,G178325_PS_00
0.0,1847,G178325_PS_01
0.0,1848,G178325_PS_00
0.0,1849,G178325_PS_00
0.0,1850,G178325_PS_00
0.0,1851,G178325_PS_00
0.0,1852,G178325_PS_00
0.0,1853,G178325_PS_00
0.0,1854,G178325_PS_00
0.0,1855,G178325_PS_00
0.0,1856,G178325_PS_00
0.0,1857,G178325_PS_00
0.0,1858,G178325_PS_00
0.0,1859,G178325_PS_00
0.0,1860,G178325_PS_00
0.0,1861,G178325_PS_01
0.0,1862,G178325_PS_00
0.0,1863,G178325_PS_02
0.0,1864,G178325_PS_00
0.0,1865,G178325_PS_00
0.0,1866,G178325_PS_00
0.0,1867,G178325_PS_00
0.0,1868,G178325_PS_00
0.0,1869,G178325_PS_00
0.0,1870,G178325_PS_01
0.0,1871,G178325_PS_00
0.0,1872,G178325_PS_00
0.0,1873,G178325_PS_00
0.0,1874,G178325_PS_00
0.0,1875,G178325_PS_00
0.0,1876,G178325_PS_00
0.0,1877,G178325_PS_00
0.0,1878,G178325_PS_00
0.0,1879,G178325_PS_00
0.0,1880,G178325_PS_00
0.0,1881,G178325_PS_00
0.0,1882,G178325_PS_00
0.0,1883,G178325_PS_00
0.0,1884,G178325_PS_00
0.0,1885,G178325_PS_00
0.0,1886,G178325_PS_00
0.0,1887,G178325_PS_00
0.0,1888,G178325_PS_00
0.0,1889,G178325_PS_00
0.0,1890,G178325_PS_00
0.0,1891,G178325_PS_00
0.0,1892,G178325_PS_00
0.0,1893,G178325_PS_00
0.0,1894,G178325_PS_00
0.0,1895,G178325_PS_00
0.0,1896,G178325_PS_00
0.0,1897,G178325_PS_00
0.0,1898,G178325_PS_00
0.0,1899,G178325_PS_00
0.0,1900,G178325_PS_00
0.0,1901,G178325_PS_00
0.0,1902,G178325_PS_00
0.0,1903,G178325_PS_00
0.0,1904,G178325_PS_00
0.0,1905,G178325_PS_00
0.0,1906,G178325_PS_00
0.0,1907,G178325_PS_00
0.0,1908,G178325_PS_00
0.0,1909,G178325_PS_00
0.0,1910,G178325_PS_00
0.0,1911,G178325_PS_00
0.0,1912,G178325_PS_00
0.0,1913,G178325_PS_00
0.0,1914,G178325_PS_00
0.0,1915,G178325_PS_00
0.0,1916,G178325_PS_00
0.0,1917,G178325_PS_00
0.0,1918,G178325_PS_00
0.0,1919,G178325_PS_00
0.0,1920,G178325_PS_00
0.0,1921,G178325_PS_00
0.0,1922,G178325_PS_00
0.0,1923,G178325_PS_00
0.0,1924,G178325_PS_00
0.0,1925,G178325_PS_00
0.0,1926,G178325_PS_00
0.0,1927,G178325_PS_00
0.0,1928,G178325_PS_00
0.0,1929,G178325_PS_00
0.0,1930,G178325_PS_00
0.0,1931,G178325_PS_00
0.0,1932,G178325_PS_00
0.0,1933,G178325_PS_00
0.0,1934,G178325_PS_00
0.0,1935,G178325_PS_00
0.0,1936,G178325_PS_00
0.0,1937,G178325_PS_00
0.0,1938,G178325_PS_00
0.0,1939,G178325_PS_00
0.0,1940,G178325_PS_00
0.0,1941,G178325_PS_00
0.0,1942,G178325_PS_00
0.0,1943,G178325_PS_00
0.0,1944,G178325_PS_02
0.0,1945,G178325_PS_00
0.0,1946,G178325_PS_00
0.0,1947,G178325_PS_00
0.0,1948,G178325_PS_00
0.0,1949,G178325_PS_00
0.0,1950,G178325_PS_00
0.0,1951,G178325_PS_00
0.0,1952,G178325_PS_00
0.0,1953,G178325_PS_00
0.0,1954,G178325_PS_00
0.0,1955,G178325_PS_00
0.0,1956,G178325_PS_00
0.0,1957,G178325_PS_00
0.0,1958,G178325_PS_00
0.0,1959,G178325_PS_00
0.0,1960,G178325_PS_00
0.0,1961,G178325_PS_00
0.0,1962,G178325_PS_00
0.0,1963,G178325_PS_00
0.0,1964,G178325_PS_00
0.0,1965,G178325_PS_00
0.0,1966,G178325_PS_00
0.0,1967,G178325_PS_00
0.0,1968,G178325_PS_00
0.0,1969,G178325_PS_00
0.0,1970,G178325_PS_00
0.0,1971,G178325_PS_00
0.0,1972,G178325_PS_00
0.0,1973,G178325_PS_00
0.0,1974,G178325_PS_00
0.0,1975,G178325_PS_00
0.0,1976,G178325_PS_00
0.0,1977,G178325_PS_00
0.0,1978,G178325_PS_00
0.0,1979,G178325_PS_00
0.0,1980,G178325_PS_00
0.0,1981,G178325_PS_00
0.0,1982,G178325_PS_00
0.0,1983,G178325_PS_00
0.0,1984,G178325_PS_00
0.0,1985,G178325_PS_00
0.0,1986,G178325_PS_00
0.0,1987,G178325_PS_00
0.0,1988,G178325_PS_00
0.0,1989,G178325_PS_00
0.0,1990,G178325_PS_00
0.0,1991,G178325_PS_00
0.0,1992,G178325_PS_00
0.0,1993,G178325_PS_00
0.0,1994,G178325_PS_00
0.0,1995,G178325_PS_00
0.0,1996,G178325_PS_00
0.0,1997,G178325_PS_00
0.0,1998,G178325_PS_02
0.0,1999,G178325_PS_00
0.5,0,G178325_PS_00
0.5,1,G178325_PS_00
0.5,2,G178325_PS_00
0.5,3,G178325_PS_00
0.5,4,G178325_PS_02
0.5,5,G178325_PS_00
0.5,6,G178325_PS_00
0.5,7,G178325_PS_00
0.5,8,G178325_PS_00
0.5,9,G178325_PS_01
0.5,10,G178325_PS_00
0.5,11,G178325_PS_02
0.5,12,G178325_PS_02
0.5,13,G178325_PS_01
0.5,14,G178325_PS_00
0.5,15,G178325_PS_00
0.5,16,G178325_PS_00
0.5,17,G178325_PS_00
0.5,18,G178325_PS_02
0.5,19,G178325_PS_01
0.5,20,G178325_PS_00
0.5,21,G178325_PS_01
0.5,22,G178325_PS_00
0.5,23,G178325_PS_01
0.5,24,G178325_PS_00
0.5,25,G178325_PS_00
0.5,26,G178325_PS_00
0.5,27,G178325_PS_00
0.5,28,G178325_PS_02
0.5,29,G178325_PS_00
0.5,30,G178325_PS_00
0.5,31,G178325_PS_00
0.5,32,G178325_PS_00
0.5,33,G178325_PS_00
0.5,34,G178325_PS_00
0.5,35,G178325_PS_02
0.5,36,G178325_PS_00
0.5,37,G178325_PS_00
0.5,38,G178325_PS_02
0.5,39,G178325_PS_02
0.5,40,G178325_PS_00
0.5,41,G178325_PS_00
0.5,42,G178325_PS_00
0.5,43,G178325_PS_00
0.5,44,G178325_PS_00
0.5,45,G178325_PS_00
0.5,46,G178325_PS_01
0.5,47,G178325_PS_00
0.5,48,G178325_PS_00
0.5,49,G178325_PS_00
0.5,50,G178325_PS_00
0.5,51,G178325_PS_00
0.5,52,G178325_PS_02
0.5,53,G178325_PS_00
0.5,54,G178325_PS_02
0.5,55,G178325_PS_00
0.5,56,G178325_PS_00
0.5,57,G178325_PS_00
0.5,58,G178325_PS_00
0.5,59,G178325_PS_00
0.5,60,G178325_PS_00
0.5,61,G178325_PS_00
0.5,62,G178325_PS_00
0.5,63,G178325_PS_00
0.5,64,G178325_PS_00
0.5,65,G178325_PS_01
0.5,66,G178325_PS_00
0.5,67,G178325_PS_00
0.5,68,G178325_PS_02
0.5,69,G178325_PS_00
0.5,70,G178325_PS_01
0.5,71,G178325_PS_00
0.5,72,G178325_PS_00
0.5,73,G178325_PS_00
0.5,74,G178325_PS_00
0.5,75,G178325_PS_00
0.5,76,G178325_PS_02
0.5,77,G178325_PS_00
0.5,78,G178325_PS_00
0.5,79,G178325_PS_02
0.5,80,G178325_PS_00
0.5,81,G178325_PS_00
0.5,82,G178325_PS_02
0.5,83,G178325_PS_00
0.5,84,G178325_PS_00
0.5,85,G178325_PS_00
0.5,86,G178325_PS_00
0.5,87,G178325_PS_00
0.5,88,G178325_PS_00
0.5,89,G178325_PS_00
0.5,90,G178325_PS_00
0.5,91,G178325_PS_00
0.5,92,G178325_PS_00
0.5,93,G178325_PS_00
0.5,94,G178325_PS_00
0.5,95,G178325_PS_00
0.5,96,G178325_PS_00
0.5,97,G178325_PS_02
0.5,98,G178325_PS_00
0.5,99,G178325_PS_00
0.5,100,G178325_PS_00
0.5,101,G178325_PS_00
0.5,102,G178325_PS_02
0.5,103,G178325_PS_00
0.5,104,G178325_PS_00
0.5,105,G178325_PS_02
0.5,106,G178325_PS_00
0.5,107,G178325_PS_00
0.5,108,G178325_PS_00
0.5,109,G178325_PS_00
0.5,110,G178325_PS_00
0.5,111,G178325_PS_00
0.5,112,G178325_PS_00
0.5,113,G178325_PS_00
0.5,114,G178325_PS_00
0.5,115,G178325_PS_00
0.5,116,G178325_PS_00
0.5,117,G178325_PS_01
0.5,118,G178325_PS_00
0.5,119,G178325_PS_00
0.5,120,G178325_PS_00
0.5,121,G178325_PS_02
0.5,122,G178325_PS_01
0.5,123,G178325_PS_02
0.5,124,G178325_PS_02
0.5,125,G178325_PS_00
0.5,126,G178325_PS_00
0.5,127,G178325_PS_02
0.5,128,G178325_PS_03
0.5,129,G178325_PS_02
0.5,130,G178325_PS_00
0.5,131,G178325_PS_00
0.5,132,G178325_PS_00
0.5,133,G178325_PS_02
0.5,134,G178325_PS_00
0.5,135,G178325_PS_01
0.5,136,G178325_PS_00
0.5,137,G178325_PS_02
0.5,138,G178325_PS_00
0.5,139,G178325_PS_02
0.5,140,G178325_PS_00
0.5,141,G178325_PS_01
0.5,142,G178325_PS_02
0.5,143,G178325_PS_00
0.5,144,G178325_PS_00
0.5,145,G178325_PS_00
0.5,146,G178325_PS_00
0.5,147,G178325_PS_00
0.5,148,G178325_PS_01
0.5,149,G178325_PS_00
0.5,150,G178325_PS_00
0.5,151,G178325_PS_00
0.5,152,G178325_PS_00
0.5,153,G178325_PS_00
0.5,154,G178325_PS_00
0.5,155,G178325_PS_01
0.5,156,G178325_PS_00
0.5,157,G178325_PS_00
0.5,158,G178325_PS_02
0.5,159,G178325_PS_00
0.5,160,G178325_PS_00
0.5,161,G178325_PS_01
0.5,162,G178325_PS_00
0.5,163,G178325_PS_00
0.5,164,G178325_PS_00
0.5,165,G178325_PS_00
0.5,166,G178325_PS_01
0.5,167,G178325_PS_01
0.5,168,G178325_PS_00
0.5,169,G178325_PS_00
0.5,170,G178325_PS_00
0.5,171,G178325_PS_03
0.5,172,G178325_PS_00
0.5,173,G178325_PS_00
0.5,174,G178325_PS_00
0.5,175,G178325_PS_00
0.5,176,G178325_PS_00
0.5,177,G178325_PS_00
0.5,178,G178325_PS_02
0.5,179,G178325_PS_00
0.5,180,G178325_PS_00
0.5,181,G178325_PS_00
0.5,182,G178325_PS_01
0.5,183,G178325_PS_00
0.5,184,G178325_PS_00
0.5,185,G178325_PS_00
0.5,186,G178325_PS_01
0.5,187,G178325_PS_00
0.5,188,G178325_PS_01
0.5,189,G178325_PS_02
0.5,190,G178325_PS_02
0.5,191,G178325_PS_00
0.5,192,G178325_PS_00
0.5,193,G178325_PS_00
0.5,194,G178325_PS_00
0.5,195,G178325_PS_00
0.5,196,G178325_PS_00
0.5,197,G178325_PS_01
0.5,198,G178325_PS_00
0.5,199,G178325_PS_00
0.5,200,G178325_PS_00
0.5,201,G178325_PS_00
0.5,202,G178325_PS_01
0.5,203,G178325_PS_00
0.5,204,G178325_PS_00
0.5,205,G178325_PS_00
0.5,206,G178325_PS_00
0.5,207,G178325_PS_00
0.5,208,G178325_PS_00
0.5,209,G178325_PS_00
0.5,210,G178325_PS_00
0.5,211,G178325_PS_02
0.5,212,G178325_PS_00
0.5,213,G178325_PS_00
0.5,214,G178325_PS_01
0.5,215,G178325_PS_00
0.5,216,G178325_PS_00
0.5,217,G178325_PS_00
0.5,218,G178325_PS_00
0.5,219,G178325_PS_02
0.5,220,G178325_PS_00
0.5,221,G178325_PS_00
0.5,222,G178325_PS_00
0.5,223,G178325_PS_00
0.5,224,G178325_PS_00
0.5,225,G178325_PS_00
0.5,226,G178325_PS_00
0.5,227,G178325_PS_00
0.5,228,G178325_PS_00
0.5,229,G178325_PS_00
0.5,230,G178325_PS_00
0.5,231,G178325_PS_01
0.5,232,G178325_PS_00
0.5,233,G178325_PS_00
0.5,234,G178325_PS_00
0.5,235,G178325_PS_00
0.5,236,G178325_PS_00
0.5,237,G178325_PS_02
0.5,238,G178325_PS_00
0.5,239,G178325_PS_01
0.5,240,G178325_PS_02
0.5,241,G178325_PS_01
0.5,242,G178325_PS_01
0.5,243,G178325_PS_01
0.5,244,G178325_PS_00
0.5,245,G178325_PS_01
0.5,246,G178325_PS_00
0.5,247,G178325_PS_00
0.5,248,G178325_PS_00
0.5,249,G178325_PS_00
0.5,250,G178325_PS_01
0.5,251,G178325_PS_00
0.5,252,G178325_PS_00
0.5,253,G178325_PS_01
0.5,254,G178325_PS_00
0.5,255,G178325_PS_01
0.5,256,G178325_PS_00
0.5,257,G178325_PS_00
0.5,258,G178325_PS_00
0.5,259,G178325_PS_02
0.5,260,G178325_PS_00
0.5,261,G178325_PS_00
0.5,262,G178325_PS_02
0.5,263,G178325_PS_01
0.5,264,G178325_PS_02
0.5,265,G178325_PS_00
0.5,266,G178325_PS_00
0.5,267,G178325_PS_00
0.5,268,G178325_PS_00
0.5,269,G178325_PS_00
0.5,270,G178325_PS_00
0.5,271,G178325_PS_02
0.5,272,G178325_PS_00
0.5,273,G178325_PS_02
0.5,274,G178325_PS_02
0.5,275,G178325_PS_01
0.5,276,G178325_PS_01
0.5,277,G178325_PS_00
0.5,278,G178325_PS_00
0.5,279,G178325_PS_02
0.5,280,G178325_PS_00
0.5,281,G178325_PS_02
0.5,282,G178325_PS_00
0.5,283,G178325_PS_01
0.5,284,G178325_PS_01
0.5,285,G178325_PS_00
0.5,286,G178325_PS_02
0.5,287,G178325_PS_00
0.5,288,G178325_PS_00
0.5,289,G178325_PS_00
0.5,290,G178325_PS_01
0.5,291,G178325_PS_00
0.5,292,G178325_PS_00
0.5,293,G178325_PS_02
0.5,294,G178325_PS_00
0.5,295,G178325_PS_00
0.5,296,G178325_PS_00
0.5,297,G178325_PS_00
0.5,298,G178325_PS_00
0.5,299,G178325_PS_00
0.5,300,G178325_PS_02
0.5,301,G178325_PS_00
0.5,302,G178325_PS_00
0.5,303,G178325_PS_00
0.5,304,G178325_PS_00
0.5,305,G178325_PS_02
0.5,306,G178325_PS_00
0.5,307,G178325_PS_00
0.5,308,G178325_PS_00
0.5,309,G178325_PS_00
0.5,310,G178325_PS_00
0.5,311,G178325_PS_00
0.5,312,G178325_PS_02
0.5,313,G178325_PS_00
0.5,314,G178325_PS_01
0.5,315,G178325_PS_00
0.5,316,G178325_PS_02
0.5,317,G178325_PS_02
0.5,318,G178325_PS_00
0.5,319,G178325_PS_00
0.5,320,G178325_PS_00
0.5,321,G178325_PS_00
0.5,322,G178325_PS_01
0.5,323,G178325_PS_00
0.5,324,G178325_PS_00
0.5,325,G178325_PS_00
0.5,326,G178325_PS_00
0.5,327,G178325_PS_00
0.5,328,G178325_PS_00
0.5,329,G178325_PS_00
0.5,330,G178325_PS_00
0.5,331,G178325_PS_00
0.5,332,G178325_PS_00
0.5,333,G178325_PS_00
0.5,334,G178325_PS_00
0.5,335,G178325_PS_02
0.5,336,G178325_PS_00
0.5,337,G178325_PS_00
0.5,338,G178325_PS_00
0.5,339,G178325_PS_00
0.5,340,G178325_PS_00
0.5,341,G178325_PS_00
0.5,342,G178325_PS_00
0.5,343,G178325_PS_00
0.5,344,G178325_PS_02
0.5,345,G178325_PS_00
0.5,346,G178325_PS_00
0.5,347,G178325_PS_00
0.5,348,G178325_PS_01
0.5,349,G178325_PS_00
0.5,350,G178325_PS_00
0.5,351,G178325_PS_02
0.5,352,G178325_PS_00
0.5,353,G178325_PS_00
0.5,354,G178325_PS_02
0.5,355,G178325_PS_00
0.5,356,G178325_PS_02
0.5,357,G178325_PS_00
0.5,358,G178325_PS_00
0.5,359,G178325_PS_00
0.5,360,G178325_PS_00
0.5,361,G178325_PS_00
0.5,362,G178325_PS_00
0.5,363,G178325_PS_00
0.5,364,G178325_PS_01
0.5,365,G178325_PS_00
0.5,366,G178325_PS_00
0.5,367,G178325_PS_01
0.5,368,G178325_PS_02
0.5,369,G178325_PS_00
0.5,370,G178325_PS_00
0.5,371,G178325_PS_00
0.5,372,G178325_PS_00
0.5,373,G178325_PS_00
0.5,374,G178325_PS_00
0.5,375,G178325_PS_00
0.5,376,G178325_PS_00
0.5,377,G178325_PS_00
0.5,378,G178325_PS_00
0.5,379,G178325_PS_01
0.5,380,G178325_PS_01
0.5,381,G178325_PS_00
0.5,382,G178325_PS_00
0.5,383,G178325_PS_00
0.5,384,G178325_PS_00
0.5,385,G178325_PS_01
0.5,386,G178325_PS_00
0.5,387,G178325_PS_00
0.5,388,G178325_PS_01
0.5,389,G178325_PS_00
0.5,390,G178325_PS_00
0.5,391,G178325_PS_00
0.5,392,G178325_PS_00
0.5,393,G178325_PS_00
0.5,394,G178325_PS_00
0.5,395,G178325_PS_00
0.5,396,G178325_PS_00
0.5,397,G178325_PS_00
0.5,398,G178325_PS_00
0.5,399,G178325_PS_00
0.5,400,G178325_PS_00
0.5,401,G178325_PS_00
0.5,402,G178325_PS_01
0.5,403,G178325_PS_00
0.5,404,G178325_PS_00
0.5,405,G178325_PS_01
0.5,406,G178325_PS_01
0.5,407,G178325_PS_00
0.5,408,G178325_PS_00
0.5,409,G178325_PS_00
0.5,410,G178325_PS_00
0.5,411,G178325_PS_01
0.5,412,G178325_PS_00
0.5,413,G178325_PS_00
0.5,414,G178325_PS_00
0.5,415,G178325_PS_00
0.5,416,G178325_PS_02
0.5,417,G178325_PS_00
0.5,418,G178325_PS_00
0.5,419,G178325_PS_00
0.5,420,G178325_PS_00
0.5,421,G178325_PS_00
0.5,422,G178325_PS_01
0.5,423,G178325_PS_02
0.5,424,G178325_PS_00
0.5,425,G178325_PS_03
0.5,426,G178325_PS_00
0.5,427,G178325_PS_00
0.5,428,G178325_PS_00
0.5,429,G178325_PS_00
0.5,430,G178325_PS_00
0.5,431,G178325_PS_00
0.5,432,G178325_PS_03
0.5,433,G178325_PS_00
0.5,434,G178325_PS_02
0.5,435,G178325_PS_00
0.5,436,G178325_PS_01
0.5,437,G178325_PS_00
0.5,438,G178325_PS_00
0.5,439,G178325_PS_00
0.5,440,G178325_PS_00
0.5,441,G178325_PS_00
0.5,442,G178325_PS_00
0.5,443,G178325_PS_00
0.5,444,G178325_PS_00
0.5,445,G178325_PS_00
0.5,446,G178325_PS_00
0.5,447,G178325_PS_00
0.5,448,G178325_PS_00
0.5,449,G178325_PS_00
0.5,450,G178325_PS_01
0.5,451,G178325_PS_01
0.5,452,G178325_PS_01
0.5,453,G178325_PS_00
0.5,454,G178325_PS_02
0.5,455,G178325_PS_02
0.5,456,G178325_PS_00
0.5,457,G178325_PS_00
0.5,458,G178325_PS_00
0.5,459,G178325_PS_00
0.5,460,G178325_PS_01
0.5,461,G178325_PS_00
0.5,462,G178325_PS_00
0.5,463,G178325_PS_00
0.5,464,G178325_PS_00
0.5,465,G178325_PS_00
0.5,466,G178325_PS_02
0.5,467,G178325_PS_01
0.5,468,G178325_PS_00
0.5,469,G178325_PS_02
0.5,470,G178325_PS_00
0.5,471,G178325_PS_00
0.5,472,G178325_PS_02
0.5,473,G178325_PS_00
0.5,474,G178325_PS_02
0.5,475,G178325_PS_02
0.5,476,G178325_PS_00
0.5,477,G178325_PS_00
0.5,478,G178325_PS_01
0.5,479,G178325_PS_00
0.5,480,G178325_PS_00
0.5,481,G178325_PS_00
0.5,482,G178325_PS_00
0.5,483,G178325_PS_00
0.5,484,G178325_PS_00
0.5,485,G178325_PS_00
0.5,486,G178325_PS_00
0.5,487,G178325_PS_00
0.5,488,G178325_PS_00
0.5,489,G178325_PS_00
0.5,490,G178325_PS_01
0.5,491,G178325_PS_00
0.5,492,G178325_PS_00
0.5,493,G178325_PS_00
0.5,494,G178325_PS_00
0.5,495,G178325_PS_00
0.5,496,G178325_PS_01
0.5,497,G178325_PS_00
0.5,498,G178325_PS_01
0.5,499,G178325_PS_00
0.5,500,G178325_PS_00
0.5,501,G178325_PS_00
0.5,502,G178325_PS_00
0.5,503,G178325_PS_01
0.5,504,G178325_PS_00
0.5,505,G178325_PS_00
0.5,506,G178325_PS_01
0.5,507,G178325_PS_00
0.5,508,G178325_PS_00
0.5,509,G178325_PS_02
0.5,510,G178325_PS_00
0.5,511,G178325_PS_00
0.5,512,G178325_PS_00
0.5,513,G178325_PS_00
0.5,514,G178325_PS_01
0.5,515,G178325_PS_00
0.5,516,G178325_PS_00
0.5,517,G178325_PS_00
0.5,518,G178325_PS_00
0.5,519,G178325_PS_00
0.5,520,G178325_PS_00
0.5,521,G178325_PS_00
0.5,522,G178325_PS_00
0.5,523,G178325_PS_01
0.5,524,G178325_PS_02
0.5,525,G178325_PS_00
0.5,526,G178325_PS_00
0.5,527,G178325_PS_00
0.5,528,G178325_PS_02
0.5,529,G178325_PS_00
0.5,530,G178325_PS_00
0.5,531,G178325_PS_00
0.5,532,G178325_PS_00
0.5,533,G178325_PS_00
0.5,534,G178325_PS_00
0.5,535,G178325_PS_00
0.5,536,G178325_PS_00
0.5,537,G178325_PS_00
0.5,538,G178325_PS_00
0.5,539,G178325_PS_00
0.5,540,G178325_PS_00
0.5,541,G178325_PS_00
0.5,542,G178325_PS_02
0.5,543,G178325_PS_00
0.5,544,G178325_PS_02
0.5,545,G178325_PS_00
0.5,546,G178325_PS_00
0.5,547,G178325_PS_00
0.5,548,G178325_PS_00
0.5,549,G178325_PS_00
0.5,550,G178325_PS_00
0.5,551,G178325_PS_00
0.5,552,G178325_PS_02
0.5,553,G178325_PS_00
0.5,554,G178325_PS_00
0.5,555,G178325_PS_00
0.5,556,G178325_PS_02
0.5,557,G178325_PS_00
0.5,558,G178325_PS_00
0.5,559,G178325_PS_00
0.5,560,G178325_PS_00
0.5,561,G178325_PS_02
0.5,562,G178325_PS_00
0.5,563,G178325_PS_00
0.5,564,G178325_PS_00
0.5,565,G178325_PS_02
0.5,566,G178325_PS_00
0.5,567,G178325_PS_00
0.5,568,G178325_PS_01
0.5,569,G178325_PS_01
0.5,570,G178325_PS_00
0.5,571,G178325_PS_00
0.5,572,G178325_PS_02
0.5,573,G178325_PS_00
0.5,574,G178325_PS_02
0.5,575,G178325_PS_03
0.5,576,G178325_PS_00
0.5,577,G178325_PS_01
0.5,578,G178325_PS_00
0.5,579,G178325_PS_00
0.5,580,G178325_PS_02
0.5,581,G178325_PS_00
0.5,582,G178325_PS_02
0.5,583,G178325_PS_01
0.5,584,G178325_PS_02
0.5,585,G178325_PS_01
0.5,586,G178325_PS_01
0.5,587,G178325_PS_00
0.5,588,G178325_PS_01
0.5,589,G178325_PS_00
0.5,590,G178325_PS_00
0.5,591,G178325_PS_00
0.5,592,G178325_PS_01
0.5,593,G178325_PS_00
0.5,594,G178325_PS_00
0.5,595,G178325_PS_00
0.5,596,G178325_PS_00
0.5,597,G178325_PS_00
0.5,598,G178325_PS_00
0.5,599,G178325_PS_01
0.5,600,G178325_PS_00
0.5,601,G178325_PS_00
0.5,602,G178325_PS_00
0.5,603,G178325_PS_01
0.5,604,G178325_PS_02
0.5,605,G178325_PS_00
0.5,606,G178325_PS_01
0.5,607,G178325_PS_01
0.5,608,G178325_PS_01
0.5,609,G178325_PS_01
0.5,610,G178325_PS_00
0.5,611,G178325_PS_02
0.5,612,G178325_PS_01
0.5,613,G178325_PS_01
0.5,614,G178325_PS_00
0.5,615,G178325_PS_00
0.5,616,G178325_PS_03
0.5,617,G178325_PS_00
0.5,618,G178325_PS_00
0.5,619,G178325_PS_01
0.5,620,G178325_PS_02
0.5,621,G178325_PS_00
0.5,622,G178325_PS_00
0.5,623,G178325_PS_01
0.5,624,G178325_PS_00
0.5,625,G178325_PS_00
0.5,626,G178325_PS_00
0.5,627,G178325_PS_00
0.5,628,G178325_PS_00
0.5,629,G178325_PS_02
0.5,630,G178325_PS_00
0.5,631,G178325_PS_00
0.5,632,G178325_PS_00
0.5,633,G178325_PS_01
0.5,634,G178325_PS_00
0.5,635,G178325_PS_00
0.5,636,G178325_PS_01
0.5,637,G178325_PS_00
0.5,638,G178325_PS_00
0.5,639,G178325_PS_02
0.5,640,G178325_PS_01
0.5,641,G178325_PS_00
0.5,642,G178325_PS_00
0.5,643,G178325_PS_02
0.5,644,G178325_PS_02
0.5,645,G178325_PS_02
0.5,646,G178325_PS_02
0.5,647,G178325_PS_01
0.5,648,G178325_PS_00
0.5,649,G178325_PS_00
0.5,650,G178325_PS_00
0.5,651,G178325_PS_00
0.5,652,G178325_PS_00
0.5,653,G178325_PS_01
0.5,654,G178325_PS_00
0.5,655,G178325_PS_00
0.5,656,G178325_PS_00
0.5,657,G178325_PS_00
0.5,658,G178325_PS_00
0.5,659,G178325_PS_00
0.5,660,G178325_PS_00
0.5,661,G178325_PS_00
0.5,662,G178325_PS_00
0.5,663,G178325_PS_00
0.5,664,G178325_PS_00
0.5,665,G178325_PS_00
0.5,666,G178325_PS_02
0.5,667,G178325_PS_00
0.5,668,G178325_PS_01
0.5,669,G178325_PS_00
0.5,670,G178325_PS_00
0.5,671,G178325_PS_00
0.5,672,G178325_PS_00
0.5,673,G178325_PS_01
0.5,674,G178325_PS_00
0.5,675,G178325_PS_00
0.5,676,G178325_PS_00
0.5,677,G178325_PS_02
0.5,678,G178325_PS_00
0.5,679,G178325_PS_00
0.5,680,G178325_PS_00
0.5,681,G178325_PS_00
0.5,682,G178325_PS_00
0.5,683,G178325_PS_00
0.5,684,G178325_PS_00
0.5,685,G178325_PS_00
0.5,686,G178325_PS_00
0.5,687,G178325_PS_00
0.5,688,G178325_PS_02
0.5,689,G178325_PS_00
0.5,690,G178325_PS_00
0.5,691,G178325_PS_00
0.5,692,G178325_PS_00
0.5,693,G178325_PS_02
0.5,694,G178325_PS_00
0.5,695,G178325_PS_00
0.5,696,G178325_PS_00
0.5,697,G178325_PS_00
0.5,698,G178325_PS_00
0.5,699,G178325_PS_00
0.5,700,G178325_PS_00
0.5,701,G178325_PS_00
0.5,702,G178325_PS_03
0.5,703,G178325_PS_00
0.5,704,G178325_PS_02
0.5,705,G178325_PS_00
0.5,706,G178325_PS_00
0.5,707,G178325_PS_00
0.5,708,G178325_PS_01
0.5,709,G178325_PS_00
0.5,710,G178325_PS_00
0.5,711,G178325_PS_00
0.5,712,G178325_PS_00
0.5,713,G178325_PS_01
0.5,714,G178325_PS_02
0.5,715,G178325_PS_00
0.5,716,G178325_PS_00
0.5,717,G178325_PS_00
0.5,718,G178325_PS_00
0.5,719,G178325_PS_01
0.5,720,G178325_PS_00
0.5,721,G178325_PS_00
0.5,722,G178325_PS_03
0.5,723,G178325_PS_00
0.5,724,G178325_PS_00
0.5,725,G178325_PS_00
0.5,726,G178325_PS_00
0.5,727,G178325_PS_00
0.5,728,G178325_PS_00
0.5,729,G178325_PS_00
0.5,730,G178325_PS_00
0.5,731,G178325_PS_00
0.5,732,G178325_PS_00
0.5,733,G178325_PS_00
0.5,734,G178325_PS_00
0.5,735,G178325_PS_00
0.5,736,G178325_PS_00
0.5,737,G178325_PS_00
0.5,738,G178325_PS_00
0.5,739,G178325_PS_00
0.5,740,G178325_PS_00
0.5,741,G178325_PS_01
0.5,742,G178325_PS_00
0.5,743,G178325_PS_00
0.5,744,G178325_PS_01
0.5,745,G178325_PS_00
0.5,746,G178325_PS_00
0.5,747,G178325_PS_02
0.5,748,G178325_PS_00
0.5,749,G178325_PS_01
0.5,750,G178325_PS_00
0.5,751,G178325_PS_02
0.5,752,G178325_PS_00
0.5,753,G178325_PS_00
0.5,754,G178325_PS_02
0.5,755,G178325_PS_00
0.5,756,G178325_PS_00
0.5,757,G178325_PS_02
0.5,758,G178325_PS_00
0.5,759,G178325_PS_00
0.5,760,G178325_PS_01
0.5,761,G178325_PS_00
0.5,762,G178325_PS_02
0.5,763,G178325_PS_00
0.5,764,G178325_PS_00
0.5,765,G178325_PS_01
0.5,766,G178325_PS_01
0.5,767,G178325_PS_01
0.5,768,G178325_PS_00
0.5,769,G178325_PS_00
0.5,770,G178325_PS_00
0.5,771,G178325_PS_02
0.5,772,G178325_PS_00
0.5,773,G178325_PS_00
0.5,774,G178325_PS_00
0.5,775,G178325_PS_00
0.5,776,G178325_PS_02
0.5,777,G178325_PS_00
0.5,778,G178325_PS_00
0.5,779,G178325_PS_00
0.5,780,G178325_PS_01
0.5,781,G178325_PS_00
0.5,782,G178325_PS_00
0.5,783,G178325_PS_00
0.5,784,G178325_PS_01
0.5,785,G178325_PS_00
0.5,786,G178325_PS_02
0.5,787,G178325_PS_00
0.5,788,G178325_PS_00
0.5,789,G178325_PS_00
0.5,790,G178325_PS_00
0.5,791,G178325_PS_00
0.5,792,G178325_PS_00
0.5,793,G178325_PS_00
0.5,794,G178325_PS_00
0.5,795,G178325_PS_00
0.5,796,G178325_PS_00
0.5,797,G178325_PS_01
0.5,798,G178325_PS_00
0.5,799,G178325_PS_01
0.5,800,G178325_PS_01
0.5,801,G178325_PS_00
0.5,802,G178325_PS_00
0.5,803,G178325_PS_01
0.5,804,G178325_PS_00
0.5,805,G178325_PS_02
0.5,806,G178325_PS_00
0.5,807,G178325_PS_00
0.5,808,G178325_PS_00
0.5,809,G178325_PS_02
0.5,810,G178325_PS_00
0.5,811,G178325_PS_00
0.5,812,G178325_PS_00
0.5,813,G178325_PS_00
0.5,814,G178325_PS_00
0.5,815,G178325_PS_00
0.5,816,G178325_PS_01
0.5,817,G178325_PS_00
0.5,818,G178325_PS_00
0.5,819,G178325_PS_01
0.5,820,G178325_PS_00
0.5,821,G178325_PS_00
0.5,822,G178325_PS_00
0.5,823,G178325_PS_01
0.5,824,G178325_PS_02
0.5,825,G178325_PS_01
0.5,826,G178325_PS_00
0.5,827,G178325_PS_00
0.5,828,G178325_PS_01
0.5,829,G178325_PS_02
0.5,830,G178325_PS_01
0.5,831,G178325_PS_02
0.5,832,G178325_PS_02
0.5,833,G178325_PS_00
0.5,834,G178325_PS_00
0.5,835,G178325_PS_01
0.5,836,G178325_PS_00
0.5,837,G178325_PS_01
0.5,838,G178325_PS_00
0.5,839,G178325_PS_00
0.5,840,G178325_PS_00
0.5,841,G178325_PS_00
0.5,842,G178325_PS_00
0.5,843,G178325_PS_01
0.5,844,G178325_PS_00
0.5,845,G178325_PS_00
0.5,846,G178325_PS_02
0.5,847,G178325_PS_00
0.5,848,G178325_PS_00
0.5,849,G178325_PS_00
0.5,850,G178325_PS_00
0.5,851,G178325_PS_00
0.5,852,G178325_PS_00
0.5,853,G178325_PS_01
0.5,854,G178325_PS_00
0.5,855,G178325_PS_00
0.5,856,G178325_PS_00
0.5,857,G178325_PS_00
0.5,858,G178325_PS_02
0.5,859,G178325_PS_00
0.5,860,G178325_PS_00
0.5,861,G178325_PS_00
0.5,862,G178325_PS_00
0.5,863,G178325_PS_03
0.5,864,G178325_PS_00
0.5,865,G178325_PS_00
0.5,866,G178325_PS_00
0.5,867,G178325_PS_00
0.5,868,G178325_PS_00
0.5,869,G178325_PS_00
0.5,870,G178325_PS_00
0.5,871,G178325_PS_00
0.5,872,G178325_PS_00
0.5,873,G178325_PS_02
0.5,874,G178325_PS_00
0.5,875,G178325_PS_00
0.5,876,G178325_PS_02
0.5,877,G178325_PS_00
0.5,878,G178325_PS_01
0.5,879,G178325_PS_00
0.5,880,G178325_PS_00
0.5,881,G178325_PS_01
0.5,882,G178325_PS_00
0.5,883,G178325_PS_01
0.5,884,G178325_PS_00
0.5,885,G178325_PS_00
0.5,886,G178325_PS_00
0.5,887,G178325_PS_02
0.5,888,G178325_PS_00
0.5,889,G178325_PS_02
0.5,890,G178325_PS_00
0.5,891,G178325_PS_00
0.5,892,G178325_PS_00
0.5,893,G178325_PS_00
0.5,894,G178325_PS_00
0.5,895,G178325_PS_00
0.5,896,G178325_PS_00
0.5,897,G178325_PS_00
0.5,898,G178325_PS_01
0.5,899,G178325_PS_00
0.5,900,G178325_PS_00
0.5,901,G178325_PS_00
0.5,902,G178325_PS_00
0.5,903,G178325_PS_02
0.5,904,G178325_PS_00
0.5,905,G178325_PS_00
0.5,906,G178325_PS_00
0.5,907,G178325_PS_00
0.5,908,G178325_PS_00
0.5,909,G178325_PS_02
0.5,910,G178325_PS_00
0.5,911,G178325_PS_00
0.5,912,G178325_PS_00
0.5,913,G178325_PS_01
0.5,914,G178325_PS_01
0.5,915,G178325_PS_00
0.5,916,G178325_PS_01
0.5,917,G178325_PS_00
0.5,918,G178325_PS_00
0.5,919,G178325_PS_00
0.5,920,G178325_PS_01
0.5,921,G178325_PS_00
0.5,922,G178325_PS_00
0.5,923,G178325_PS_01
0.5,924,G178325_PS_02
0.5,925,G178325_PS_00
0.5,926,G178325_PS_01
0.5,927,G178325_PS_00
0.5,928,G178325_PS_00
0.5,929,G178325_PS_00
0.5,930,G178325_PS_00
0.5,931,G178325_PS_00
0.5,932,G178325_PS_00
0.5,933,G178325_PS_00
0.5,934,G178325_PS_00
0.5,935,G178325_PS_00
0.5,936,G178325_PS_01
0.5,937,G178325_PS_00
0.5,938,G178325_PS_00
0.5,939,G178325_PS_00
0.5,940,G178325_PS_01
0.5,941,G178325_PS_00
0.5,942,G178325_PS_00
0.5,943,G178325_PS_00
0.5,944,G178325_PS_00
0.5,945,G178325_PS_00
0.5,946,G178325_PS_00
0.5,947,G178325_PS_00
0.5,948,G178325_PS_00
0.5,949,G178325_PS_00
0.5,950,G178325_PS_00
0.5,951,G178325_PS_00
0.5,952,G178325_PS_00
0.5,953,G178325_PS_00
0.5,954,G178325_PS_00
0.5,955,G178325_PS_00
0.5,956,G178325_PS_01
0.5,957,G178325_PS_00
0.5,958,G178325_PS_00
0.5,959,G178325_PS_00
0.5,960,G178325_PS_00
0.5,961,G178325_PS_00
0.5,962,G178325_PS_00
0.5,963,G178325_PS_00
0.5,964,G178325_PS_01
0.5,965,G178325_PS_00
0.5,966,G178325_PS_00
0.5,967,G178325_PS_01
0.5,968,G178325_PS_02
0.5,969,G178325_PS_00
0.5,970,G178325_PS_02
0.5,971,G178325_PS_00
0.5,972,G178325_PS_00
0.5,973,G178325_PS_01
0.5,974,G178325_PS_00
0.5,975,G178325_PS_00
0.5,976,G178325_PS_00
0.5,977,G178325_PS_00
0.5,978,G178325_PS_02
0.5,979,G178325_PS_01
0.5,980,G178325_PS_02
0.5,981,G178325_PS_01
0.5,982,G178325_PS_00
0.5,983,G178325_PS_01
0.5,984,G178325_PS_01
0.5,985,G178325_PS_00
0.5,986,G178325_PS_00
0.5,987,G178325_PS_00
0.5,988,G178325_PS_00
0.5,989,G178325_PS_01
0.5,990,G178325_PS_00
0.5,991,G178325_PS_00
0.5,992,G178325_PS_00
0.5,993,G178325_PS_00
0.5,994,G178325_PS_00
0.5,995,G178325_PS_00
0.5,996,G178325_PS_00
0.5,997,G178325_PS_00
0.5,998,G178325_PS_02
0.5,999,G178325_PS_00
0.5,1000,G178325_PS_00
0.5,1001,G178325_PS_00
0.5,1002,G178325_PS_00
0.5,1003,G178325_PS_01
0.5,1004,G178325_PS_01
0.5,1005,G178325_PS_00
0.5,1006,G178325_PS_01
0.5,1007,G178325_PS_01
0.5,1008,G178325_PS_00
0.5,1009,G178325_PS_00
0.5,1010,G178325_PS_02
0.5,1011,G178325_PS_00
0.5,1012,G178325_PS_00
0.5,1013,G178325_PS_00
0.5,1014,G178325_PS_02
0.5,1015,G178325_PS_00
0.5,1016,G178325_PS_00
0.5,1017,G178325_PS_02
0.5,1018,G178325_PS_02
0.5,1019,G178325_PS_00
0.5,1020,G178325_PS_00
0.5,1021,G178325_PS_00
0.5,1022,G178325_PS_02
0.5,1023,G178325_PS_00
0.5,1024,G178325_PS_00
0.5,1025,G178325_PS_02
0.5,1026,G178325_PS_00
0.5,1027,G178325_PS_00
0.5,1028,G178325_PS_00
0.5,1029,G178325_PS_01
0.5,1030,G178325_PS_00
0.5,1031,G178325_PS_00
0.5,1032,G178325_PS_00
0.5,1033,G178325_PS_00
0.5,1034,G178325_PS_00
0.5,1035,G178325_PS_00
0.5,1036,G178325_PS_00
0.5,1037,G178325_PS_00
0.5,1038,G178325_PS_00
0.5,1039,G178325_PS_00
0.5,1040,G178325_PS_02
0.5,1041,G178325_PS_00
0.5,1042,G178325_PS_00
0.5,1043,G178325_PS_00
0.5,1044,G178325_PS_00
0.5,1045,G178325_PS_01
0.5,1046,G178325_PS_01
0.5,1047,G178325_PS_00
0.5,1048,G178325_PS_00
0.5,1049,G178325_PS_00
0.5,1050,G178325_PS_00
0.5,1051,G178325_PS_00
0.5,1052,G178325_PS_00
0.5,1053,G178325_PS_00
0.5,1054,G178325_PS_00
0.5,1055,G178325_PS_00
0.5,1056,G178325_PS_00
0.5,1057,G178325_PS_00
0.5,1058,G178325_PS_02
0.5,1059,G178325_PS_00
0.5,1060,G178325_PS_00
0.5,1061,G178325_PS_01
0.5,1062,G178325_PS_00
0.5,1063,G178325_PS_02
0.5,1064,G178325_PS_00
0.5,1065,G178325_PS_00
0.5,1066,G178325_PS_00
0.5,1067,G178325_PS_00
0.5,1068,G178325_PS_00
0.5,1069,G178325_PS_00
0.5,1070,G178325_PS_00
0.5,1071,G178325_PS_01
0.5,1072,G178325_PS_00
0.5,1073,G178325_PS_00
0.5,1074,G178325_PS_02
0.5,1075,G178325_PS_02
0.5,1076,G178325_PS_00
0.5,1077,G178325_PS_00
0.5,1078,G178325_PS_00
0.5,1079,G178325_PS_00
0.5,1080,G178325_PS_01
0.5,1081,G178325_PS_00
0.5,1082,G178325_PS_00
0.5,1083,G178325_PS_00
0.5,1084,G178325_PS_00
0.5,1085,G178325_PS_00
0.5,1086,G178325_PS_00
0.5,1087,G178325_PS_00
0.5,1088,G178325_PS_00
0.5,1089,G178325_PS_00
0.5,1090,G178325_PS_00
0.5,1091,G178325_PS_00
0.5,1092,G178325_PS_00
0.5,1093,G178325_PS_00
0.5,1094,G178325_PS_02
0.5,1095,G178325_PS_02
0.5,1096,G178325_PS_01
0.5,1097,G178325_PS_00
0.5,1098,G178325_PS_02
0.5,1099,G178325_PS_00
0.5,1100,G178325_PS_02
0.5,1101,G178325_PS_00
0.5,1102,G178325_PS_00
0.5,1103,G178325_PS_00
0.5,1104,G178325_PS_00
0.5,1105,G178325_PS_00
0.5,1106,G178325_PS_00
0.5,1107,G178325_PS_00
0.5,1108,G178325_PS_00
0.5,1109,G178325_PS_00
0.5,1110,G178325_PS_00
0.5,1111,G178325_PS_00
0.5,1112,G178325_PS_00
0.5,1113,G178325_PS_00
0.5,1114,G178325_PS_00
0.5,1115,G178325_PS_00
0.5,1116,G178325_PS_00
0.5,1117,G178325_PS_00
0.5,1118,G178325_PS_00
0.5,1119,G178325_PS_01
0.5,1120,G178325_PS_01
0.5,1121,G178325_PS_00
0.5,1122,G178325_PS_00
0.5,1123,G178325_PS_01
0.5,1124,G178325_PS_00
0.5,1125,G178325_PS_00
0.5,1126,G178325_PS_00
0.5,1127,G178325_PS_01
0.5,1128,G178325_PS_00
0.5,1129,G178325_PS_01
0.5,1130,G178325_PS_00
0.5,1131,G178325_PS_00
0.5,1132,G178325_PS_00
0.5,1133,G178325_PS_00
0.5,1134,G178325_PS_00
0.5,1135,G178325_PS_00
0.5,1136,G178325_PS_01
0.5,1137,G178325_PS_00
0.5,1138,G178325_PS_00
0.5,1139,G178325_PS_01
0.5,1140,G178325_PS_02
0.5,1141,G178325_PS_01
0.5,1142,G178325_PS_00
0.5,1143,G178325_PS_00
0.5,1144,G178325_PS_02
0.5,1145,G178325_PS_00
0.5,1146,G178325_PS_00
0.5,1147,G178325_PS_02
0.5,1148,G178325_PS_00
0.5,1149,G178325_PS_00
0.5,1150,G178325_PS_02
0.5,1151,G178325_PS_00
0.5,1152,G178325_PS_00
0.5,1153,G178325_PS_00
0.5,1154,G178325_PS_00
0.5,1155,G178325_PS_00
0.5,1156,G178325_PS_01
0.5,1157,G178325_PS_00
0.5,1158,G178325_PS_00
0.5,1159,G178325_PS_00
0.5,1160,G178325_PS_00
0.5,1161,G178325_PS_00
0.5,1162,G178325_PS_00
0.5,1163,G178325_PS_00
0.5,1164,G178325_PS_02
0.5,1165,G178325_PS_00
0.5,1166,G178325_PS_01
0.5,1167,G178325_PS_00
0.5,1168,G178325_PS_00
0.5,1169,G178325_PS_00
0.5,1170,G178325_PS_00
0.5,1171,G178325_PS_01
0.5,1172,G178325_PS_00
0.5,1173,G178325_PS_01
0.5,1174,G178325_PS_02
0.5,1175,G178325_PS_00
0.5,1176,G178325_PS_00
0.5,1177,G178325_PS_00
0.5,1178,G178325_PS_00
0.5,1179,G178325_PS_02
0.5,1180,G178325_PS_00
0.5,1181,G178325_PS_00
0.5,1182,G178325_PS_00
0.5,1183,G178325_PS_00
0.5,1184,G178325_PS_00
0.5,1185,G178325_PS_02
0.5,1186,G178325_PS_00
0.5,1187,G178325_PS_00
0.5,1188,G178325_PS_00
0.5,1189,G178325_PS_00
0.5,1190,G178325_PS_00
0.5,1191,G178325_PS_02
0.5,1192,G178325_PS_00
0.5,1193,G178325_PS_01
0.5,1194,G178325_PS_00
0.5,1195,G178325_PS_00
0.5,1196,G178325_PS_01
0.5,1197,G178325_PS_00
0.5,1198,G178325_PS_00
0.5,1199,G178325_PS_00
0.5,1200,G178325_PS_01
0.5,1201,G178325_PS_02
0.5,1202,G178325_PS_00
0.5,1203,G178325_PS_01
0.5,1204,G178325_PS_01
0.5,1205,G178325_PS_00
0.5,1206,G178325_PS_00
0.5,1207,G178325_PS_00
0.5,1208,G178325_PS_01
0.5,1209,G178325_PS_01
0.5,1210,G178325_PS_02
0.5,1211,G178325_PS_02
0.5,1212,G178325_PS_00
0.5,1213,G178325_PS_00
0.5,1214,G178325_PS_01
0.5,1215,G178325_PS_00
0.5,1216,G178325_PS_02
0.5,1217,G178325_PS_00
0.5,1218,G178325_PS_00
0.5,1219,G178325_PS_01
0.5,1220,G178325_PS_00
0.5,1221,G178325_PS_01
0.5,1222,G178325_PS_00
0.5,1223,G178325_PS_03
0.5,1224,G178325_PS_00
0.5,1225,G178325_PS_00
0.5,1226,G178325_PS_00
0.5,1227,G178325_PS_00
0.5,1228,G178325_PS_00
0.5,1229,G178325_PS_01
0.5,1230,G178325_PS_00
0.5,1231,G178325_PS_00
0.5,1232,G178325_PS_02
0.5,1233,G178325_PS_02
0.5,1234,G178325_PS_00
0.5,1235,G178325_PS_00
0.5,1236,G178325_PS_00
0.5,1237,G178325_PS_00
0.5,1238,G178325_PS_02
0.5,1239,G178325_PS_02
0.5,1240,G178325_PS_02
0.5,1241,G178325_PS_00
0.5,1242,G178325_PS_00
0.5,1243,G178325_PS_01
0.5,1244,G178325_PS_00
0.5,1245,G178325_PS_00
0.5,1246,G178325_PS_01
0.5,1247,G178325_PS_00
0.5,1248,G178325_PS_00
0.5,1249,G178325_PS_02
0.5,1250,G178325_PS_00
0.5,1251,G178325_PS_00
0.5,1252,G178325_PS_02
0.5,1253,G178325_PS_00
0.5,1254,G178325_PS_00
0.5,1255,G178325_PS_01
0.5,1256,G178325_PS_00
0.5,1257,G178325_PS_00
0.5,1258,G178325_PS_00
0.5,1259,G178325_PS_02
0.5,1260,G178325_PS_01
0.5,1261,G178325_PS_00
0.5,1262,G178325_PS_00
0.5,1263,G178325_PS_00
0.5,1264,G178325_PS_00
0.5,1265,G178325_PS_00
0.5,1266,G178325_PS_01
0.5,1267,G178325_PS_00
0.5,1268,G178325_PS_00
0.5,1269,G178325_PS_00
0.5,1270,G178325_PS_00
0.5,1271,G178325_PS_01
0.5,1272,G178325_PS_00
0.5,1273,G178325_PS_01
0.5,1274,G178325_PS_00
0.5,1275,G178325_PS_00
0.5,1276,G178325_PS_01
0.5,1277,G178325_PS_00
0.5,1278,G178325_PS_00
0.5,1279,G178325_PS_01
0.5,1280,G178325_PS_00
0.5,1281,G178325_PS_00
0.5,1282,G178325_PS_00
0.5,1283,G178325_PS_02
0.5,1284,G178325_PS_00
0.5,1285,G178325_PS_02
0.5,1286,G178325_PS_00
0.5,1287,G178325_PS_00
0.5,1288,G178325_PS_00
0.5,1289,G178325_PS_01
0.5,1290,G178325_PS_00
0.5,1291,G178325_PS_02
0.5,1292,G178325_PS_00
0.5,1293,G178325_PS_00
0.5,1294,G178325_PS_00
0.5,1295,G178325_PS_02
0.5,1296,G178325_PS_00
0.5,1297,G178325_PS_00
0.5,1298,G178325_PS_00
0.5,1299,G178325_PS_00
0.5,1300,G178325_PS_01
0.5,1301,G178325_PS_03
0.5,1302,G178325_PS_00
0.5,1303,G178325_PS_00
0.5,1304,G178325_PS_00
0.5,1305,G178325_PS_00
0.5,1306,G178325_PS_00
0.5,1307,G178325_PS_01
0.5,1308,G178325_PS_00
0.5,1309,G178325_PS_00
0.5,1310,G178325_PS_01
0.5,1311,G178325_PS_00
0.5,1312,G178325_PS_00
0.5,1313,G178325_PS_00
0.5,1314,G178325_PS_00
0.5,1315,G178325_PS_00
0.5,1316,G178325_PS_00
0.5,1317,G178325_PS_00
0.5,1318,G178325_PS_02
0.5,1319,G178325_PS_00
0.5,1320,G178325_PS_00
0.5,1321,G178325_PS_00
0.5,1322,G178325_PS_00
0.5,1323,G178325_PS_00
0.5,1324,G178325_PS_00
0.5,1325,G178325_PS_00
0.5,1326,G178325_PS_00
0.5,1327,G178325_PS_02
0.5,1328,G178325_PS_00
0.5,1329,G178325_PS_02
0.5,1330,G178325_PS_00
0.5,1331,G178325_PS_01
0.5,1332,G178325_PS_00
0.5,1333,G178325_PS_00
0.5,1334,G178325_PS_00
0.5,1335,G178325_PS_00
0.5,1336,G178325_PS_00
0.5,1337,G178325_PS_00
0.5,1338,G178325_PS_00
0.5,1339,G178325_PS_00
0.5,1340,G178325_PS_01
0.5,1341,G178325_PS_00
0.5,1342,G178325_PS_00
0.5,1343,G178325_PS_00
0.5,1344,G178325_PS_00
0.5,1345,G178325_PS_00
0.5,1346,G178325_PS_02
0.5,1347,G178325_PS_01
0.5,1348,G178325_PS_02
0.5,1349,G178325_PS_03
0.5,1350,G178325_PS_00
0.5,1351,G178325_PS_00
0.5,1352,G178325_PS_00
0.5,1353,G178325_PS_02
0.5,1354,G178325_PS_00
0.5,1355,G178325_PS_00
0.5,1356,G178325_PS_00
0.5,1357,G178325_PS_00
0.5,1358,G178325_PS_01
0.5,1359,G178325_PS_01
0.5,1360,G178325_PS_00
0.5,1361,G178325_PS_00
0.5,1362,G178325_PS_01
0.5,1363,G178325_PS_00
0.5,1364,G178325_PS_00
0.5,1365,G178325_PS_01
0.5,1366,G178325_PS_00
0.5,1367,G178325_PS_02
0.5,1368,G178325_PS_00
0.5,1369,G178325_PS_00
0.5,1370,G178325_PS_00
0.5,1371,G178325_PS_00
0.5,1372,G178325_PS_01
0.5,1373,G178325_PS_00
0.5,1374,G178325_PS_00
0.5,1375,G178325_PS_01
0.5,1376,G178325_PS_00
0.5,1377,G178325_PS_02
0.5,1378,G178325_PS_00
0.5,1379,G178325_PS_02
0.5,1380,G178325_PS_00
0.5,1381,G178325_PS_02
0.5,1382,G178325_PS_01
0.5,1383,G178325_PS_02
0.5,1384,G178325_PS_02
0.5,1385,G178325_PS_00
0.5,1386,G178325_PS_00
0.5,1387,G178325_PS_00
0.5,1388,G178325_PS_00
0.5,1389,G178325_PS_00
0.5,1390,G178325_PS_01
0.5,1391,G178325_PS_00
0.5,1392,G178325_PS_00
0.5,1393,G178325_PS_00
0.5,1394,G178325_PS_00
0.5,1395,G178325_PS_00
0.5,1396,G178325_PS_00
0.5,1397,G178325_PS_00
0.5,1398,G178325_PS_02
0.5,1399,G178325_PS_00
0.5,1400,G178325_PS_01
0.5,1401,G178325_PS_02
0.5,1402,G178325_PS_02
0.5,1403,G178325_PS_02
0.5,1404,G178325_PS_01
0.5,1405,G178325_PS_00
0.5,1406,G178325_PS_00
0.5,1407,G178325_PS_00
0.5,1408,G178325_PS_02
0.5,1409,G178325_PS_00
0.5,1410,G178325_PS_00
0.5,1411,G178325_PS_00
0.5,1412,G178325_PS_01
0.5,1413,G178325_PS_01
0.5,1414,G178325_PS_02
0.5,1415,G178325_PS_00
0.5,1416,G178325_PS_00
0.5,1417,G178325_PS_00
0.5,1418,G178325_PS_02
0.5,1419,G178325_PS_02
0.5,1420,G178325_PS_01
0.5,1421,G178325_PS_00
0.5,1422,G178325_PS_00
0.5,1423,G178325_PS_00
0.5,1424,G178325_PS_00
0.5,1425,G178325_PS_00
0.5,1426,G178325_PS_00
0.5,1427,G178325_PS_00
0.5,1428,G178325_PS_02
0.5,1429,G178325_PS_00
0.5,1430,G178325_PS_02
0.5,1431,G178325_PS_02
0.5,1432,G178325_PS_02
0.5,1433,G178325_PS_00
0.5,1434,G178325_PS_00
0.5,1435,G178325_PS_00
0.5,1436,G178325_PS_00
0.5,1437,G178325_PS_02
0.5,1438,G178325_PS_00
0.5,1439,G178325_PS_00
0.5,1440,G178325_PS_00
0.5,1441,G178325_PS_01
0.5,1442,G178325_PS_00
0.5,1443,G178325_PS_00
0.5,1444,G178325_PS_00
0.5,1445,G178325_PS_00
0.5,1446,G178325_PS_00
0.5,1447,G178325_PS_00
0.5,1448,G178325_PS_00
0.5,1449,G178325_PS_00
0.5,1450,G178325_PS_01
0.5,1451,G178325_PS_00
0.5,1452,G178325_PS_01
0.5,1453,G178325_PS_00
0.5,1454,G178325_PS_00
0.5,1455,G178325_PS_00
0.5,1456,G178325_PS_00
0.5,1457,G178325_PS_01
0.5,1458,G178325_PS_00
0.5,1459,G178325_PS_02
0.5,1460,G178325_PS_02
0.5,1461,G178325_PS_01
0.5,1462,G178325_PS_00
0.5,1463,G178325_PS_00
0.5,1464,G178325_PS_01
0.5,1465,G178325_PS_00
0.5,1466,G178325_PS_00
0.5,1467,G178325_PS_00
0.5,1468,G178325_PS_02
0.5,1469,G178325_PS_01
0.5,1470,G178325_PS_01
0.5,1471,G178325_PS_02
0.5,1472,G178325_PS_02
0.5,1473,G178325_PS_00
0.5,1474,G178325_PS_00
0.5,1475,G178325_PS_00
0.5,1476,G178325_PS_00
0.5,1477,G178325_PS_00
0.5,1478,G178325_PS_00
0.5,1479,G178325_PS_00
0.5,1480,G178325_PS_02
0.5,1481,G178325_PS_02
0.5,1482,G178325_PS_02
0.5,1483,G178325_PS_02
0.5,1484,G178325_PS_01
0.5,1485,G178325_PS_00
0.5,1486,G178325_PS_01
0.5,1487,G178325_PS_00
0.5,1488,G178325_PS_00
0.5,1489,G178325_PS_02
0.5,1490,G178325_PS_01
0.5,1491,G178325_PS_02
0.5,1492,G178325_PS_00
0.5,1493,G178325_PS_00
0.5,1494,G178325_PS_00
0.5,1495,G178325_PS_01
0.5,1496,G178325_PS_00
0.5,1497,G178325_PS_02
0.5,1498,G178325_PS_01
0.5,1499,G178325_PS_00
0.5,1500,G178325_PS_00
0.5,1501,G178325_PS_00
0.5,1502,G178325_PS_00
0.5,1503,G178325_PS_02
0.5,1504,G178325_PS_00
0.5,1505,G178325_PS_03
0.5,1506,G178325_PS_00
0.5,1507,G178325_PS_00
0.5,1508,G178325_PS_02
0.5,1509,G178325_PS_00
0.5,1510,G178325_PS_00
0.5,1511,G178325_PS_01
0.5,1512,G178325_PS_00
0.5,1513,G178325_PS_00
0.5,1514,G178325_PS_00
0.5,1515,G178325_PS_00
0.5,1516,G178325_PS_00
0.5,1517,G178325_PS_00
0.5,1518,G178325_PS_00
0.5,1519,G178325_PS_00
0.5,1520,G178325_PS_00
0.5,1521,G178325_PS_01
0.5,1522,G178325_PS_00
0.5,1523,G178325_PS_00
0.5,1524,G178325_PS_01
0.5,1525,G178325_PS_00
0.5,1526,G178325_PS_02
0.5,1527,G178325_PS_00
0.5,1528,G178325_PS_00
0.5,1529,G178325_PS_00
0.5,1530,G178325_PS_02
0.5,1531,G178325_PS_00
0.5,1532,G178325_PS_00
0.5,1533,G178325_PS_00
0.5,1534,G178325_PS_00
0.5,1535,G178325_PS_00
0.5,1536,G178325_PS_01
0.5,1537,G178325_PS_00
0.5,1538,G178325_PS_02
0.5,1539,G178325_PS_02
0.5,1540,G178325_PS_00
0.5,1541,G178325_PS_00
0.5,1542,G178325_PS_00
0.5,1543,G178325_PS_00
0.5,1544,G178325_PS_01
0.5,1545,G178325_PS_01
0.5,1546,G178325_PS_00
0.5,1547,G178325_PS_00
0.5,1548,G178325_PS_00
0.5,1549,G178325_PS_00
0.5,1550,G178325_PS_00
0.5,1551,G178325_PS_00
0.5,1552,G178325_PS_01
0.5,1553,G178325_PS_00
0.5,1554,G178325_PS_00
0.5,1555,G178325_PS_00
0.5,1556,G178325_PS_00
0.5,1557,G178325_PS_00
0.5,1558,G178325_PS_00
0.5,1559,G178325_PS_01
0.5,1560,G178325_PS_01
0.5,1561,G178325_PS_00
0.5,1562,G178325_PS_00
0.5,1563,G178325_PS_01
0.5,1564,G178325_PS_00
0.5,1565,G178325_PS_00
0.5,1566,G178325_PS_01
0.5,1567,G178325_PS_00
0.5,1568,G178325_PS_02
0.5,1569,G178325_PS_00
0.5,1570,G178325_PS_00
0.5,1571,G178325_PS_00
0.5,1572,G178325_PS_00
0.5,1573,G178325_PS_00
0.5,1574,G178325_PS_00
0.5,1575,G178325_PS_02
0.5,1576,G178325_PS_00
0.5,1577,G178325_PS_00
0.5,1578,G178325_PS_00
0.5,1579,G178325_PS_00
0.5,1580,G178325_PS_00
0.5,1581,G178325_PS_00
0.5,1582,G178325_PS_00
0.5,1583,G178325_PS_00
0.5,1584,G178325_PS_00
0.5,1585,G178325_PS_00
0.5,1586,G178325_PS_00
0.5,1587,G178325_PS_00
0.5,1588,G178325_PS_01
0.5,1589,G178325_PS_00
0.5,1590,G178325_PS_00
0.5,1591,G178325_PS_00
0.5,1592,G178325_PS_00
0.5,1593,G178325_PS_00
0.5,1594,G178325_PS_00
0.5,1595,G178325_PS_00
0.5,1596,G178325_PS_00
0.5,1597,G178325_PS_00
0.5,1598,G178325_PS_01
0.5,1599,G178325_PS_00
0.5,1600,G178325_PS_01
0.5,1601,G178325_PS_00
0.5,1602,G178325_PS_00
0.5,1603,G178325_PS_00
0.5,1604,G178325_PS_00
0.5,1605,G178325_PS_00
0.5,1606,G178325_PS_00
0.5,1607,G178325_PS_00
0.5,1608,G178325_PS_01
0.5,1609,G178325_PS_00
0.5,1610,G178325_PS_00
0.5,1611,G178325_PS_00
0.5,1612,G178325_PS_02
0.5,1613,G178325_PS_00
0.5,1614,G178325_PS_01
0.5,1615,G178325_PS_02
0.5,1616,G178325_PS_00
0.5,1617,G178325_PS_00
0.5,1618,G178325_PS_02
0.5,1619,G178325_PS_01
0.5,1620,G178325_PS_01
0.5,1621,G178325_PS_01
0.5,1622,G178325_PS_00
0.5,1623,G178325_PS_00
0.5,1624,G178325_PS_00
0.5,1625,G178325_PS_02
0.5,1626,G178325_PS_02
0.5,1627,G178325_PS_01
0.5,1628,G178325_PS_01
0.5,1629,G178325_PS_00
0.5,1630,G178325_PS_00
0.5,1631,G178325_PS_00
0.5,1632,G178325_PS_02
0.5,1633,G178325_PS_02
0.5,1634,G178325_PS_00
0.5,1635,G178325_PS_00
0.5,1636,G178325_PS_00
0.5,1637,G178325_PS_02
0.5,1638,G178325_PS_00
0.5,1639,G178325_PS_00
0.5,1640,G178325_PS_00
0.5,1641,G178325_PS_00
0.5,1642,G178325_PS_00
0.5,1643,G178325_PS_00
0.5,1644,G178325_PS_00
0.5,1645,G178325_PS_00
0.5,1646,G178325_PS_02
0.5,1647,G178325_PS_00
0.5,1648,G178325_PS_02
0.5,1649,G178325_PS_00
0.5,1650,G178325_PS_00
0.5,1651,G178325_PS_02
0.5,1652,G178325_PS_01
0.5,1653,G178325_PS_01
0.5,1654,G178325_PS_00
0.5,1655,G178325_PS_02
0.5,1656,G178325_PS_00
0.5,1657,G178325_PS_02
0.5,1658,G178325_PS_00
0.5,1659,G178325_PS_00
0.5,1660,G178325_PS_00
0.5,1661,G178325_PS_01
0.5,1662,G178325_PS_00
0.5,1663,G178325_PS_00
0.5,1664,G178325_PS_00
0.5,1665,G178325_PS_00
0.5,1666,G178325_PS_00
0.5,1667,G178325_PS_01
0.5,1668,G178325_PS_01
0.5,1669,G178325_PS_00
0.5,1670,G178325_PS_01
0.5,1671,G178325_PS_00
0.5,1672,G178325_PS_00
0.5,1673,G178325_PS_00
0.5,1674,G178325_PS_01
0.5,1675,G178325_PS_02
0.5,1676,G178325_PS_00
0.5,1677,G178325_PS_01
0.5,1678,G178325_PS_00
0.5,1679,G178325_PS_00
0.5,1680,G178325_PS_00
0.5,1681,G178325_PS_00
0.5,1682,G178325_PS_00
0.5,1683,G178325_PS_00
0.5,1684,G178325_PS_00
0.5,1685,G178325_PS_01
0.5,1686,G178325_PS_00
0.5,1687,G178325_PS_00
0.5,1688,G178325_PS_00
0.5,1689,G178325_PS_00
0.5,1690,G178325_PS_00
0.5,1691,G178325_PS_00
0.5,1692,G178325_PS_00
0.5,1693,G178325_PS_02
0.5,1694,G178325_PS_02
0.5,1695,G178325_PS_00
0.5,1696,G178325_PS_01
0.5,1697,G178325_PS_00
0.5,1698,G178325_PS_00
0.5,1699,G178325_PS_00
0.5,1700,G178325_PS_00
0.5,1701,G178325_PS_00
0.5,1702,G178325_PS_02
0.5,1703,G178325_PS_00
0.5,1704,G178325_PS_00
0.5,1705,G178325_PS_00
0.5,1706,G178325_PS_00
0.5,1707,G178325_PS_00
0.5,1708,G178325_PS_01
0.5,1709,G178325_PS_02
0.5,1710,G178325_PS_00
0.5,1711,G178325_PS_02
0.5,1712,G178325_PS_02
0.5,1713,G178325_PS_00
0.5,1714,G178325_PS_00
0.5,1715,G178325_PS_01
0.5,1716,G178325_PS_00
0.5,1717,G178325_PS_00
0.5,1718,G178325_PS_02
0.5,1719,G178325_PS_00
0.5,1720,G178325_PS_00
0.5,1721,G178325_PS_00
0.5,1722,G178325_PS_00
0.5,1723,G178325_PS_02
0.5,1724,G178325_PS_02
0.5,1725,G178325_PS_00
0.5,1726,G178325_PS_00
0.5,1727,G178325_PS_02
0.5,1728,G178325_PS_00
0.5,1729,G178325_PS_00
0.5,1730,G178325_PS_02
0.5,1731,G178325_PS_02
0.5,1732,G178325_PS_02
0.5,1733,G178325_PS_00
0.5,1734,G178325_PS_00
0.5,1735,G178325_PS_00
0.5,1736,G178325_PS_00
0.5,1737,G178325_PS_02
0.5,1738,G178325_PS_00
0.5,1739,G178325_PS_00
0.5,1740,G178325_PS_00
0.5,1741,G178325_PS_02
0.5,1742,G178325_PS_02
0.5,1743,G178325_PS_00
0.5,1744,G178325_PS_01
0.5,1745,G178325_PS_00
0.5,1746,G178325_PS_02
0.5,1747,G178325_PS_02
0.5,1748,G178325_PS_00
0.5,1749,G178325_PS_02
0.5,1750,G178325_PS_00
0.5,1751,G178325_PS_01
0.5,1752,G178325_PS_01
0.5,1753,G178325_PS_02
0.5,1754,G178325_PS_02
0.5,1755,G178325_PS_02
0.5,1756,G178325_PS_00
0.5,1757,G178325_PS_00
0.5,1758,G178325_PS_01
0.5,1759,G178325_PS_00
0.5,1760,G178325_PS_00
0.5,1761,G178325_PS_00
0.5,1762,G178325_PS_00
0.5,1763,G178325_PS_00
0.5,1764,G178325_PS_00
0.5,1765,G178325_PS_00
0.5,1766,G178325_PS_00
0.5,1767,G178325_PS_02
0.5,1768,G178325_PS_01
0.5,1769,G178325_PS_00
0.5,1770,G178325_PS_00
0.5,1771,G178325_PS_00
0.5,1772,G178325_PS_00
0.5,1773,G178325_PS_00
0.5,1774,G178325_PS_01
0.5,1775,G178325_PS_00
0.5,1776,G178325_PS_00
0.5,1777,G178325_PS_00
0.5,1778,G178325_PS_00
0.5,1779,G178325_PS_00
0.5,1780,G178325_PS_00
0.5,1781,G178325_PS_00
0.5,1782,G178325_PS_00
0.5,1783,G178325_PS_02
0.5,1784,G178325_PS_00
0.5,1785,G178325_PS_00
0.5,1786,G178325_PS_00
0.5,1787,G178325_PS_00
0.5,1788,G178325_PS_00
0.5,1789,G178325_PS_02
0.5,1790,G178325_PS_01
0.5,1791,G178325_PS_00
0.5,1792,G178325_PS_00
0.5,1793,G178325_PS_00
0.5,1794,G178325_PS_00
0.5,1795,G178325_PS_00
0.5,1796,G178325_PS_00
0.5,1797,G178325_PS_00
0.5,1798,G178325_PS_00
0.5,1799,G178325_PS_00
0.5,1800,G178325_PS_00
0.5,1801,G178325_PS_00
0.5,1802,G178325_PS_00
0.5,1803,G178325_PS_02
0.5,1804,G178325_PS_00
0.5,1805,G178325_PS_00
0.5,1806,G178325_PS_00
0.5,1807,G178325_PS_00
0.5,1808,G178325_PS_02
0.5,1809,G178325_PS_02
0.5,1810,G178325_PS_00
0.5,1811,G178325_PS_01
0.5,1812,G178325_PS_00
0.5,1813,G178325_PS_00
0.5,1814,G178325_PS_00
0.5,1815,G178325_PS_00
0.5,1816,G178325_PS_03
0.5,1817,G178325_PS_02
0.5,1818,G178325_PS_02
0.5,1819,G178325_PS_02
0.5,1820,G178325_PS_00
0.5,1821,G178325_PS_00
0.5,1822,G178325_PS_02
0.5,1823,G178325_PS_01
0.5,1824,G178325_PS_02
0.5,1825,G178325_PS_00
0.5,1826,G178325_PS_00
0.5,1827,G178325_PS_00
0.5,1828,G178325_PS_01
0.5,1829,G178325_PS_00
0.5,1830,G178325_PS_00
0.5,1831,G178325_PS_00
0.5,1832,G178325_PS_00
0.5,1833,G178325_PS_00
0.5,1834,G178325_PS_00
0.5,1835,G178325_PS_02
0.5,1836,G178325_PS_00
0.5,1837,G178325_PS_00
0.5,1838,G178325_PS_00
0.5,1839,G178325_PS_00
0.5,1840,G178325_PS_00
0.5,1841,G178325_PS_01
0.5,1842,G178325_PS_00
0.5,1843,G178325_PS_00
0.5,1844,G178325_PS_00
0.5,1845,G178325_PS_00
0.5,1846,G178325_PS_00
0.5,1847,G178325_PS_03
0.5,1848,G178325_PS_01
0.5,1849,G178325_PS_00
0.5,1850,G178325_PS_01
0.5,1851,G178325_PS_00
0.5,1852,G178325_PS_00
0.5,1853,G178325_PS_00
0.5,1854,G178325_PS_00
0.5,1855,G178325_PS_00
0.5,1856,G178325_PS_01
0.5,1857,G178325_PS_00
0.5,1858,G178325_PS_00
0.5,1859,G178325_PS_00
0.5,1860,G178325_PS_00
0.5,1861,G178325_PS_02
0.5,1862,G178325_PS_00
0.5,1863,G178325_PS_02
0.5,1864,G178325_PS_01
0.5,1865,G178325_PS_00
0.5,1866,G178325_PS_00
0.5,1867,G178325_PS_01
0.5,1868,G178325_PS_02
0.5,1869,G178325_PS_01
0.5,1870,G178325_PS_03
0.5,1871,G178325_PS_02
0.5,1872,G178325_PS_00
0.5,1873,G178325_PS_01
0.5,1874,G178325_PS_02
0.5,1875,G178325_PS_02
0.5,1876,G178325_PS_00
0.5,1877,G178325_PS_00
0.5,1878,G178325_PS_00
0.5,1879,G178325_PS_00
0.5,1880,G178325_PS_02
0.5,1881,G178325_PS_00
0.5,1882,G178325_PS_00
0.5,1883,G178325_PS_00
0.5,1884,G178325_PS_00
0.5,1885,G178325_PS_00
0.5,1886,G178325_PS_00
0.5,1887,G178325_PS_00
0.5,1888,G178325_PS_02
0.5,1889,G178325_PS_00
0.5,1890,G178325_PS_02
0.5,1891,G178325_PS_00
0.5,1892,G178325_PS_00
0.5,1893,G178325_PS_02
0.5,1894,G178325_PS_00
0.5,1895,G178325_PS_00
0.5,1896,G178325_PS_00
0.5,1897,G178325_PS_00
0.5,1898,G178325_PS_00
0.5,1899,G178325_PS_00
0.5,1900,G178325_PS_01
0.5,1901,G178325_PS_01
0.5,1902,G178325_PS_00
0.5,1903,G178325_PS_00
0.5,1904,G178325_PS_00
0.5,1905,G178325_PS_00
0.5,1906,G178325_PS_00
0.5,1907,G178325_PS_00
0.5,1908,G178325_PS_00
0.5,1909,G178325_PS_02
0.5,1910,G178325_PS_00
0.5,1911,G178325_PS_00
0.5,1912,G178325_PS_00
0.5,1913,G178325_PS_00
0.5,1914,G178325_PS_00
0.5,1915,G178325_PS_01
0.5,1916,G178325_PS_00
0.5,1917,G178325_PS_00
0.5,1918,G178325_PS_00
0.5,1919,G178325_PS_00
0.5,1920,G178325_PS_00
0.5,1921,G178325_PS_00
0.5,1922,G178325_PS_00
0.5,1923,G178325_PS_00
0.5,1924,G178325_PS_00
0.5,1925,G178325_PS_00
0.5,1926,G178325_PS_02
0.5,1927,G178325_PS_01
0.5,1928,G178325_PS_00
0.5,1929,G178325_PS_00
0.5,1930,G178325_PS_00
0.5,1931,G178325_PS_00
0.5,1932,G178325_PS_01
0.5,1933,G178325_PS_01
0.5,1934,G178325_PS_00
0.5,1935,G178325_PS_00
0.5,1936,G178325_PS_01
0.5,1937,G178325_PS_00
0.5,1938,G178325_PS_02
0.5,1939,G178325_PS_01
0.5,1940,G178325_PS_00
0.5,1941,G178325_PS_00
0.5,1942,G178325_PS_00
0.5,1943,G178325_PS_01
0.5,1944,G178325_PS_02
0.5,1945,G178325_PS_00
0.5,1946,G178325_PS_00
0.5,1947,G178325_PS_00
0.5,1948,G178325_PS_00
0.5,1949,G178325_PS_00
0.5,1950,G178325_PS_02
0.5,1951,G178325_PS_01
0.5,1952,G178325_PS_02
0.5,1953,G178325_PS_00
0.5,1954,G178325_PS_01
0.5,1955,G178325_PS_00
0.5,1956,G178325_PS_00
0.5,1957,G178325_PS_00
0.5,1958,G178325_PS_01
0.5,1959,G178325_PS_00
0.5,1960,G178325_PS_00
0.5,1961,G178325_PS_01
0.5,1962,G178325_PS_02
0.5,1963,G178325_PS_00
0.5,1964,G178325_PS_00
0.5,1965,G178325_PS_00
0.5,1966,G178325_PS_00
0.5,1967,G178325_PS_00
0.5,1968,G178325_PS_01
0.5,1969,G178325_PS_00
0.5,1970,G178325_PS_00
0.5,1971,G178325_PS_00
0.5,1972,G178325_PS_00
0.5,1973,G178325_PS_00
0.5,1974,G178325_PS_00
0.5,1975,G178325_PS_00
0.5,1976,G178325_PS_01
0.5,1977,G178325_PS_00
0.5,1978,G178325_PS_00
0.5,1979,G178325_PS_01
0.5,1980,G178325_PS_01
0.5,1981,G178325_PS_00
0.5,1982,G178325_PS_01
0.5,1983,G178325_PS_00
0.5,1984,G178325_PS_00
0.5,1985,G178325_PS_00
0.5,1986,G178325_PS_00
0.5,1987,G178325_PS_00
0.5,1988,G178325_PS_02
0.5,1989,G178325_PS_00
0.5,1990,G178325_PS_01
0.5,1991,G178325_PS_00
0.5,1992,G178325_PS_00
0.5,1993,G178325_PS_00
0.5,1994,G178325_PS_01
0.5,1995,G178325_PS_00
0.5,1996,G178325_PS_00
0.5,1997,G178325_PS_02
0.5,1998,G178325_PS_02
0.5,1999,G178325_PS_00
1.0,0,G178325_PS_01
1.0,1,G178325_PS_01
1.0,2,G178325_PS_01
1.0,3,G178325_PS_01
1.0,4,G178325_PS_03
1.0,5,G178325_PS_01
1.0,6,G178325_PS_00
1.0,7,G178325_PS_01
1.0,8,G178325_PS_01
1.0,9,G178325_PS_01
1.0,10,G178325_PS_01
1.0,11,G178325_PS_02
1.0,12,G178325_PS_02
1.0,13,G178325_PS_01
1.0,14,G178325_PS_01
1.0,15,G178325_PS_01
1.0,16,G178325_PS_01
1.0,17,G178325_PS_01
1.0,18,G178325_PS_02
1.0,19,G178325_PS_02
1.0,20,G178325_PS_01
1.0,21,G178325_PS_01
1.0,22,G178325_PS_01
1.0,23,G178325_PS_01
1.0,24,G178325_PS_00
1.0,25,G178325_PS_00
1.0,26,G178325_PS_01
1.0,27,G178325_PS_00
1.0,28,G178325_PS_02
1.0,29,G178325_PS_01
1.0,30,G178325_PS_01
1.0,31,G178325_PS_00
1.0,32,G178325_PS_01
1.0,33,G178325_PS_00
1.0,34,G178325_PS_01
1.0,35,G178325_PS_02
1.0,36,G178325_PS_01
1.0,37,G178325_PS_00
1.0,38,G178325_PS_02
1.0,39,G178325_PS_02
1.0,40,G178325_PS_01
1.0,41,G178325_PS_01
1.0,42,G178325_PS_01
1.0,43,G178325_PS_01
1.0,44,G178325_PS_00
1.0,45,G178325_PS_01
1.0,46,G178325_PS_02
1.0,47,G178325_PS_01
1.0,48,G178325_PS_01
1.0,49,G178325_PS_01
1.0,50,G178325_PS_00
1.0,51,G178325_PS_01
1.0,52,G178325_PS_02
1.0,53,G178325_PS_01
1.0,54,G178325_PS_02
1.0,55,G178325_PS_01
1.0,56,G178325_PS_01
1.0,57,G178325_PS_01
1.0,58,G178325_PS_02
1.0,59,G178325_PS_01
1.0,60,G178325_PS_00
1.0,61,G178325_PS_01
1.0,62,G178325_PS_00
1.0,63,G178325_PS_01
1.0,64,G178325_PS_01
1.0,65,G178325_PS_01
1.0,66,G178325_PS_01
1.0,67,G178325_PS_00
1.0,68,G178325_PS_02
1.0,69,G178325_PS_01
1.0,70,G178325_PS_01
1.0,71,G178325_PS_01
1.0,72,G178325_PS_00
1.0,73,G178325_PS_01
1.0,74,G178325_PS_01
1.0,75,G178325_PS_01
1.0,76,G178325_PS_02
1.0,77,G178325_PS_01
1.0,78,G178325_PS_01
1.0,79,G178325_PS_02
1.0,80,G178325_PS_00
1.0,81,G178325_PS_01
1.0,82,G178325_PS_02
1.0,83,G178325_PS_00
1.0,84,G178325_PS_01
1.0,85,G178325_PS_01
1.0,86,G178325_PS_01
1.0,87,G178325_PS_01
1.0,88,G178325_PS_01
1.0,89,G178325_PS_00
1.0,90,G178325_PS_02
1.0,91,G178325_PS_01
1.0,92,G178325_PS_01
1.0,93,G178325_PS_01
1.0,94,G178325_PS_01
1.0,95,G178325_PS_01
1.0,96,G178325_PS_01
1.0,97,G178325_PS_02
1.0,98,G178325_PS_01
1.0,99,G178325_PS_01
1.0,100,G178325_PS_01
1.0,101,G178325_PS_01
1.0,102,G178325_PS_02
1.0,103,G178325_PS_00
1.0,104,G178325_PS_00
1.0,105,G178325_PS_02
1.0,106,G178325_PS_00
1.0,107,G178325_PS_01
1.0,108,G178325_PS_02
1.0,109,G178325_PS_00
1.0,110,G178325_PS_01
1.0,111,G178325_PS_01
1.0,112,G178325_PS_01
1.0,113,G178325_PS_00
1.0,114,G178325_PS_01
1.0,115,G178325_PS_01
1.0,116,G178325_PS_01
1.0,117,G178325_PS_01
1.0,118,G178325_PS_02
1.0,119,G178325_PS_01
1.0,120,G178325_PS_01
1.0,121,G178325_PS_02
1.0,122,G178325_PS_01
1.0,123,G178325_PS_02
1.0,124,G178325_PS_02
1.0,125,G178325_PS_01
1.0,126,G178325_PS_01
1.0,127,G178325_PS_02
1.0,128,G178325_PS_03
1.0,129,G178325_PS_02
1.0,130,G178325_PS_00
1.0,131,G178325_PS_01
1.0,132,G178325_PS_01
1.0,133,G178325_PS_02
1.0,134,G178325_PS_01
1.0,135,G178325_PS_01
1.0,136,G178325_PS_01
1.0,137,G178325_PS_02
1.0,138,G178325_PS_00
1.0,139,G178325_PS_02
1.0,140,G178325_PS_01
1.0,141,G178325_PS_01
1.0,142,G178325_PS_02
1.0,143,G178325_PS_01
1.0,144,G178325_PS_01
1.0,145,G178325_PS_01
1.0,146,G178325_PS_01
1.0,147,G178325_PS_01
1.0,148,G178325_PS_01
1.0,149,G178325_PS_02
1.0,150,G178325_PS_00
1.0,151,G178325_PS_01
1.0,152,G178325_PS_00
1.0,153,G178325_PS_00
1.0,154,G178325_PS_01
1.0,155,G178325_PS_01
1.0,156,G178325_PS_01
1.0,157,G178325_PS_01
1.0,158,G178325_PS_02
1.0,159,G178325_PS_01
1.0,160,G178325_PS_01
1.0,161,G178325_PS_02
1.0,162,G178325_PS_01
1.0,163,G178325_PS_01
1.0,164,G178325_PS_01
1.0,165,G178325_PS_01
1.0,166,G178325_PS_01
1.0,167,G178325_PS_03
1.0,168,G178325_PS_01
1.0,169,G178325_PS_01
1.0,170,G178325_PS_01
1.0,171,G178325_PS_03
1.0,172,G178325_PS_00
1.0,173,G178325_PS_01
1.0,174,G178325_PS_01
1.0,175,G178325_PS_00
1.0,176,G178325_PS_01
1.0,177,G178325_PS_01
1.0,178,G178325_PS_02
1.0,179,G178325_PS_00
1.0,180,G178325_PS_00
1.0,181,G178325_PS_01
1.0,182,G178325_PS_01
1.0,183,G178325_PS_01
1.0,184,G178325_PS_01
1.0,185,G178325_PS_01
1.0,186,G178325_PS_01
1.0,187,G178325_PS_01
1.0,188,G178325_PS_01
1.0,189,G178325_PS_02
1.0,190,G178325_PS_02
1.0,191,G178325_PS_01
1.0,192,G178325_PS_01
1.0,193,G178325_PS_01
1.0,194,G178325_PS_01
1.0,195,G178325_PS_00
1.0,196,G178325_PS_00
1.0,197,G178325_PS_01
1.0,198,G178325_PS_01
1.0,199,G178325_PS_01
1.0,200,G178325_PS_01
1.0,201,G178325_PS_01
1.0,202,G178325_PS_02
1.0,203,G178325_PS_00
1.0,204,G178325_PS_01
1.0,205,G178325_PS_01
1.0,206,G178325_PS_02
1.0,207,G178325_PS_01
1.0,208,G178325_PS_01
1.0,209,G178325_PS_01
1.0,210,G178325_PS_01
1.0,211,G178325_PS_02
1.0,212,G178325_PS_01
1.0,213,G178325_PS_01
1.0,214,G178325_PS_01
1.0,215,G178325_PS_01
1.0,216,G178325_PS_01
1.0,217,G178325_PS_01
1.0,218,G178325_PS_00
1.0,219,G178325_PS_02
1.0,220,G178325_PS_01
1.0,221,G178325_PS_01
1.0,222,G178325_PS_01
1.0,223,G178325_PS_00
1.0,224,G178325_PS_01
1.0,225,G178325_PS_01
1.0,226,G178325_PS_00
1.0,227,G178325_PS_00
1.0,228,G178325_PS_01
1.0,229,G178325_PS_01
1.0,230,G178325_PS_01
1.0,231,G178325_PS_02
1.0,232,G178325_PS_01
1.0,233,G178325_PS_01
1.0,234,G178325_PS_01
1.0,235,G178325_PS_01
1.0,236,G178325_PS_00
1.0,237,G178325_PS_02
1.0,238,G178325_PS_01
1.0,239,G178325_PS_02
1.0,240,G178325_PS_02
1.0,241,G178325_PS_02
1.0,242,G178325_PS_01
1.0,243,G178325_PS_01
1.0,244,G178325_PS_01
1.0,245,G178325_PS_03
1.0,246,G178325_PS_00
1.0,247,G178325_PS_01
1.0,248,G178325_PS_01
1.0,249,G178325_PS_02
1.0,250,G178325_PS_01
1.0,251,G178325_PS_01
1.0,252,G178325_PS_02
1.0,253,G178325_PS_01
1.0,254,G178325_PS_00
1.0,255,G178325_PS_01
1.0,256,G178325_PS_01
1.0,257,G178325_PS_00
1.0,258,G178325_PS_01
1.0,259,G178325_PS_02
1.0,260,G178325_PS_01
1.0,261,G178325_PS_01
1.0,262,G178325_PS_02
1.0,263,G178325_PS_01
1.0,264,G178325_PS_02
1.0,265,G178325_PS_01
1.0,266,G178325_PS_01
1.0,267,G178325_PS_01
1.0,268,G178325_PS_01
1.0,269,G178325_PS_01
1.0,270,G178325_PS_01
1.0,271,G178325_PS_02
1.0,272,G178325_PS_00
1.0,273,G178325_PS_02
1.0,274,G178325_PS_02
1.0,275,G178325_PS_02
1.0,276,G178325_PS_01
1.0,277,G178325_PS_01
1.0,278,G178325_PS_01
1.0,279,G178325_PS_02
1.0,280,G178325_PS_01
1.0,281,G178325_PS_02
1.0,282,G178325_PS_01
1.0,283,G178325_PS_02
1.0,284,G178325_PS_01
1.0,285,G178325_PS_01
1.0,286,G178325_PS_02
1.0,287,G178325_PS_01
1.0,288,G178325_PS_01
1.0,289,G178325_PS_01
1.0,290,G178325_PS_01
1.0,291,G178325_PS_02
1.0,292,G178325_PS_01
1.0,293,G178325_PS_02
1.0,294,G178325_PS_02
1.0,295,G178325_PS_01
1.0,296,G178325_PS_01
1.0,297,G178325_PS_01
1.0,298,G178325_PS_01
1.0,299,G178325_PS_01
1.0,300,G178325_PS_02
1.0,301,G178325_PS_01
1.0,302,G178325_PS_01
1.0,303,G178325_PS_01
1.0,304,G178325_PS_02
1.0,305,G178325_PS_02
1.0,306,G178325_PS_00
1.0,307,G178325_PS_00
1.0,308,G178325_PS_01
1.0,309,G178325_PS_01
1.0,310,G178325_PS_00
1.0,311,G178325_PS_01
1.0,312,G178325_PS_02
1.0,313,G178325_PS_01
1.0,314,G178325_PS_01
1.0,315,G178325_PS_01
1.0,316,G178325_PS_02
1.0,317,G178325_PS_02
1.0,318,G178325_PS_02
1.0,319,G178325_PS_01
1.0,320,G178325_PS_01
1.0,321,G178325_PS_02
1.0,322,G178325_PS_01
1.0,323,G178325_PS_01
1.0,324,G178325_PS_01
1.0,325,G178325_PS_02
1.0,326,G178325_PS_01
1.0,327,G178325_PS_00
1.0,328,G178325_PS_01
1.0,329,G178325_PS_01
1.0,330,G178325_PS_00
1.0,331,G178325_PS_01
1.0,332,G178325_PS_01
1.0,333,G178325_PS_01
1.0,334,G178325_PS_00
1.0,335,G178325_PS_02
1.0,336,G178325_PS_00
1.0,337,G178325_PS_01
1.0,338,G178325_PS_00
1.0,339,G178325_PS_01
1.0,340,G178325_PS_01
1.0,341,G178325_PS_01
1.0,342,G178325_PS_01
1.0,343,G178325_PS_01
1.0,344,G178325_PS_02
1.0,345,G178325_PS_01
1.0,346,G178325_PS_01
1.0,347,G178325_PS_01
1.0,348,G178325_PS_01
1.0,349,G178325_PS_00
1.0,350,G178325_PS_01
1.0,351,G178325_PS_02
1.0,352,G178325_PS_01
1.0,353,G178325_PS_01
1.0,354,G178325_PS_02
1.0,355,G178325_PS_01
1.0,356,G178325_PS_02
1.0,357,G178325_PS_01
1.0,358,G178325_PS_01
1.0,359,G178325_PS_02
1.0,360,G178325_PS_01
1.0,361,G178325_PS_01
1.0,362,G178325_PS_01
1.0,363,G178325_PS_01
1.0,364,G178325_PS_01
1.0,365,G178325_PS_01
1.0,366,G178325_PS_01
1.0,367,G178325_PS_01
1.0,368,G178325_PS_02
1.0,369,G178325_PS_01
1.0,370,G178325_PS_01
1.0,371,G178325_PS_00
1.0,372,G178325_PS_01
1.0,373,G178325_PS_01
1.0,374,G178325_PS_00
1.0,375,G178325_PS_01
1.0,376,G178325_PS_00
1.0,377,G178325_PS_01
1.0,378,G178325_PS_01
1.0,379,G178325_PS_02
1.0,380,G178325_PS_01
1.0,381,G178325_PS_02
1.0,382,G178325_PS_01
1.0,383,G178325_PS_00
1.0,384,G178325_PS_01
1.0,385,G178325_PS_02
1.0,386,G178325_PS_01
1.0,387,G178325_PS_01
1.0,388,G178325_PS_01
1.0,389,G178325_PS_01
1.0,390,G178325_PS_01
1.0,391,G178325_PS_01
1.0,392,G178325_PS_01
1.0,393,G178325_PS_01
1.0,394,G178325_PS_01
1.0,395,G178325_PS_01
1.0,396,G178325_PS_02
1.0,397,G178325_PS_01
1.0,398,G178325_PS_01
1.0,399,G178325_PS_01
1.0,400,G178325_PS_01
1.0,401,G178325_PS_01
1.0,402,G178325_PS_01
1.0,403,G178325_PS_01
1.0,404,G178325_PS_00
1.0,405,G178325_PS_01
1.0,406,G178325_PS_02
1.0,407,G178325_PS_01
1.0,408,G178325_PS_01
1.0,409,G178325_PS_01
1.0,410,G178325_PS_01
1.0,411,G178325_PS_01
1.0,412,G178325_PS_01
1.0,413,G178325_PS_00
1.0,414,G178325_PS_01
1.0,415,G178325_PS_01
1.0,416,G178325_PS_02
1.0,417,G178325_PS_01
1.0,418,G178325_PS_02
1.0,419,G178325_PS_01
1.0,420,G178325_PS_01
1.0,421,G178325_PS_01
1.0,422,G178325_PS_01
1.0,423,G178325_PS_02
1.0,424,G178325_PS_01
1.0,425,G178325_PS_03
1.0,426,G178325_PS_01
1.0,427,G178325_PS_01
1.0,428,G178325_PS_01
1.0,429,G178325_PS_01
1.0,430,G178325_PS_00
1.0,431,G178325_PS_01
1.0,432,G178325_PS_03
1.0,433,G178325_PS_01
1.0,434,G178325_PS_02
1.0,435,G178325_PS_01
1.0,436,G178325_PS_01
1.0,437,G178325_PS_01
1.0,438,G178325_PS_01
1.0,439,G178325_PS_01
1.0,440,G178325_PS_01
1.0,441,G178325_PS_01
1.0,442,G178325_PS_01
1.0,443,G178325_PS_01
1.0,444,G178325_PS_01
1.0,445,G178325_PS_01
1.0,446,G178325_PS_00
1.0,447,G178325_PS_00
1.0,448,G178325_PS_01
1.0,449,G178325_PS_02
1.0,450,G178325_PS_01
1.0,451,G178325_PS_01
1.0,452,G178325_PS_01
1.0,453,G178325_PS_01
1.0,454,G178325_PS_02
1.0,455,G178325_PS_02
1.0,456,G178325_PS_00
1.0,457,G178325_PS_01
1.0,458,G178325_PS_01
1.0,459,G178325_PS_01
1.0,460,G178325_PS_02
1.0,461,G178325_PS_01
1.0,462,G178325_PS_01
1.0,463,G178325_PS_01
1.0,464,G178325_PS_01
1.0,465,G178325_PS_01
1.0,466,G178325_PS_02
1.0,467,G178325_PS_01
1.0,468,G178325_PS_01
1.0,469,G178325_PS_02
1.0,470,G178325_PS_01
1.0,471,G178325_PS_01
1.0,472,G178325_PS_02
1.0,473,G178325_PS_00
1.0,474,G178325_PS_02
1.0,475,G178325_PS_02
1.0,476,G178325_PS_01
1.0,477,G178325_PS_01
1.0,478,G178325_PS_02
1.0,479,G178325_PS_01
1.0,480,G178325_PS_01
1.0,481,G178325_PS_00
1.0,482,G178325_PS_01
1.0,483,G178325_PS_01
1.0,484,G178325_PS_01
1.0,485,G178325_PS_01
1.0,486,G178325_PS_00
1.0,487,G178325_PS_01
1.0,488,G178325_PS_01
1.0,489,G178325_PS_00
1.0,490,G178325_PS_01
1.0,491,G178325_PS_01
1.0,492,G178325_PS_01
1.0,493,G178325_PS_01
1.0,494,G178325_PS_01
1.0,495,G178325_PS_01
1.0,496,G178325_PS_01
1.0,497,G178325_PS_01
1.0,498,G178325_PS_02
1.0,499,G178325_PS_01
1.0,500,G178325_PS_01
1.0,501,G178325_PS_01
1.0,502,G178325_PS_02
1.0,503,G178325_PS_02
1.0,504,G178325_PS_02
1.0,505,G178325_PS_01
1.0,506,G178325_PS_01
1.0,507,G178325_PS_01
1.0,508,G178325_PS_00
1.0,509,G178325_PS_02
1.0,510,G178325_PS_01
1.0,511,G178325_PS_00
1.0,512,G178325_PS_02
1.0,513,G178325_PS_01
1.0,514,G178325_PS_01
1.0,515,G178325_PS_00
1.0,516,G178325_PS_01
1.0,517,G178325_PS_00
1.0,518,G178325_PS_01
1.0,519,G178325_PS_00
1.0,520,G178325_PS_00
1.0,521,G178325_PS_01
1.0,522,G178325_PS_01
1.0,523,G178325_PS_02
1.0,524,G178325_PS_02
1.0,525,G178325_PS_01
1.0,526,G178325_PS_01
1.0,527,G178325_PS_00
1.0,528,G178325_PS_02
1.0,529,G178325_PS_01
1.0,530,G178325_PS_01
1.0,531,G178325_PS_01
1.0,532,G178325_PS_01
1.0,533,G178325_PS_01
1.0,534,G178325_PS_01
1.0,535,G178325_PS_01
1.0,536,G178325_PS_00
1.0,537,G178325_PS_02
1.0,538,G178325_PS_01
1.0,539,G178325_PS_01
1.0,540,G178325_PS_02
1.0,541,G178325_PS_01
1.0,542,G178325_PS_02
1.0,543,G178325_PS_01
1.0,544,G178325_PS_02
1.0,545,G178325_PS_01
1.0,546,G178325_PS_01
1.0,547,G178325_PS_02
1.0,548,G178325_PS_01
1.0,549,G178325_PS_01
1.0,550,G178325_PS_01
1.0,551,G178325_PS_01
1.0,552,G178325_PS_02
1.0,553,G178325_PS_01
1.0,554,G178325_PS_01
1.0,555,G178325_PS_01
1.0,556,G178325_PS_02
1.0,557,G178325_PS_01
1.0,558,G178325_PS_01
1.0,559,G178325_PS_01
1.0,560,G178325_PS_01
1.0,561,G178325_PS_02
1.0,562,G178325_PS_01
1.0,563,G178325_PS_00
1.0,564,G178325_PS_01
1.0,565,G178325_PS_02
1.0,566,G178325_PS_01
1.0,567,G178325_PS_01
1.0,568,G178325_PS_02
1.0,569,G178325_PS_01
1.0,570,G178325_PS_01
1.0,571,G178325_PS_01
1.0,572,G178325_PS_02
1.0,573,G178325_PS_01
1.0,574,G178325_PS_02
1.0,575,G178325_PS_03
1.0,576,G178325_PS_00
1.0,577,G178325_PS_02
1.0,578,G178325_PS_01
1.0,579,G178325_PS_01
1.0,580,G178325_PS_02
1.0,581,G178325_PS_01
1.0,582,G178325_PS_02
1.0,583,G178325_PS_01
1.0,584,G178325_PS_02
1.0,585,G178325_PS_01
1.0,586,G178325_PS_01
1.0,587,G178325_PS_01
1.0,588,G178325_PS_01
1.0,589,G178325_PS_01
1.0,590,G178325_PS_00
1.0,591,G178325_PS_00
1.0,592,G178325_PS_01
1.0,593,G178325_PS_01
1.0,594,G178325_PS_01
1.0,595,G178325_PS_01
1.0,596,G178325_PS_01
1.0,597,G178325_PS_01
1.0,598,G178325_PS_01
1.0,599,G178325_PS_02
1.0,600,G178325_PS_01
1.0,601,G178325_PS_01
1.0,602,G178325_PS_01
1.0,603,G178325_PS_02
1.0,604,G178325_PS_02
1.0,605,G178325_PS_02
1.0,606,G178325_PS_02
1.0,607,G178325_PS_02
1.0,608,G178325_PS_02
1.0,609,G178325_PS_02
1.0,610,G178325_PS_01
1.0,611,G178325_PS_02
1.0,612,G178325_PS_01
1.0,613,G178325_PS_01
1.0,614,G178325_PS_00
1.0,615,G178325_PS_00
1.0,616,G178325_PS_03
1.0,617,G178325_PS_01
1.0,618,G178325_PS_01
1.0,619,G178325_PS_01
1.0,620,G178325_PS_02
1.0,621,G178325_PS_01
1.0,622,G178325_PS_01
1.0,623,G178325_PS_02
1.0,624,G178325_PS_01
1.0,625,G178325_PS_01
1.0,626,G178325_PS_01
1.0,627,G178325_PS_01
1.0,628,G178325_PS_01
1.0,629,G178325_PS_02
1.0,630,G178325_PS_00
1.0,631,G178325_PS_02
1.0,632,G178325_PS_01
1.0,633,G178325_PS_02
1.0,634,G178325_PS_01
1.0,635,G178325_PS_01
1.0,636,G178325_PS_01
1.0,637,G178325_PS_01
1.0,638,G178325_PS_01
1.0,639,G178325_PS_02
1.0,640,G178325_PS_01
1.0,641,G178325_PS_00
1.0,642,G178325_PS_01
1.0,643,G178325_PS_02
1.0,644,G178325_PS_02
1.0,645,G178325_PS_02
1.0,646,G178325_PS_02
1.0,647,G178325_PS_01
1.0,648,G178325_PS_01
1.0,649,G178325_PS_01
1.0,650,G178325_PS_02
1.0,651,G178325_PS_01
1.0,652,G178325_PS_01
1.0,653,G178325_PS_02
1.0,654,G178325_PS_01
1.0,655,G178325_PS_01
1.0,656,G178325_PS_01
1.0,657,G178325_PS_01
1.0,658,G178325_PS_01
1.0,659,G178325_PS_01
1.0,660,G178325_PS_01
1.0,661,G178325_PS_01
1.0,662,G178325_PS_01
1.0,663,G178325_PS_01
1.0,664,G178325_PS_01
1.0,665,G178325_PS_02
1.0,666,G178325_PS_02
1.0,667,G178325_PS_02
1.0,668,G178325_PS_02
1.0,669,G178325_PS_01
1.0,670,G178325_PS_01
1.0,671,G178325_PS_00
1.0,672,G178325_PS_01
1.0,673,G178325_PS_01
1.0,674,G178325_PS_01
1.0,675,G178325_PS_00
1.0,676,G178325_PS_01
1.0,677,G178325_PS_02
1.0,678,G178325_PS_01
1.0,679,G178325_PS_00
1.0,680,G178325_PS_01
1.0,681,G178325_PS_01
1.0,682,G178325_PS_01
1.0,683,G178325_PS_00
1.0,684,G178325_PS_01
1.0,685,G178325_PS_01
1.0,686,G178325_PS_01
1.0,687,G178325_PS_01
1.0,688,G178325_PS_02
1.0,689,G178325_PS_01
1.0,690,G178325_PS_01
1.0,691,G178325_PS_01
1.0,692,G178325_PS_01
1.0,693,G178325_PS_02
1.0,694,G178325_PS_01
1.0,695,G178325_PS_01
1.0,696,G178325_PS_01
1.0,697,G178325_PS_01
1.0,698,G178325_PS_01
1.0,699,G178325_PS_00
1.0,700,G178325_PS_01
1.0,701,G178325_PS_02
1.0,702,G178325_PS_03
1.0,703,G178325_PS_01
1.0,704,G178325_PS_02
1.0,705,G178325_PS_01
1.0,706,G178325_PS_01
1.0,707,G178325_PS_02
1.0,708,G178325_PS_01
1.0,709,G178325_PS_01
1.0,710,G178325_PS_01
1.0,711,G178325_PS_01
1.0,712,G178325_PS_01
1.0,713,G178325_PS_01
1.0,714,G178325_PS_02
1.0,715,G178325_PS_01
1.0,716,G178325_PS_00
1.0,717,G178325_PS_01
1.0,718,G178325_PS_01
1.0,719,G178325_PS_01
1.0,720,G178325_PS_01
1.0,721,G178325_PS_00
1.0,722,G178325_PS_03
1.0,723,G178325_PS_01
1.0,724,G178325_PS_01
1.0,725,G178325_PS_01
1.0,726,G178325_PS_00
1.0,727,G178325_PS_01
1.0,728,G178325_PS_01
1.0,729,G178325_PS_01
1.0,730,G178325_PS_01
1.0,731,G178325_PS_01
1.0,732,G178325_PS_00
1.0,733,G178325_PS_01
1.0,734,G178325_PS_01
1.0,735,G178325_PS_01
1.0,736,G178325_PS_01
1.0,737,G178325_PS_01
1.0,738,G178325_PS_01
1.0,739,G178325_PS_01
1.0,740,G178325_PS_00
1.0,741,G178325_PS_02
1.0,742,G178325_PS_01
1.0,743,G178325_PS_01
1.0,744,G178325_PS_01
1.0,745,G178325_PS_00
1.0,746,G178325_PS_01
1.0,747,G178325_PS_02
1.0,748,G178325_PS_01
1.0,749,G178325_PS_02
1.0,750,G178325_PS_01
1.0,751,G178325_PS_02
1.0,752,G178325_PS_01
1.0,753,G178325_PS_01
1.0,754,G178325_PS_02
1.0,755,G178325_PS_01
1.0,756,G178325_PS_01
1.0,757,G178325_PS_02
1.0,758,G178325_PS_01
1.0,759,G178325_PS_01
1.0,760,G178325_PS_01
1.0,761,G178325_PS_01
1.0,762,G178325_PS_02
1.0,763,G178325_PS_01
1.0,764,G178325_PS_01
1.0,765,G178325_PS_01
1.0,766,G178325_PS_01
1.0,767,G178325_PS_01
1.0,768,G178325_PS_01
1.0,769,G178325_PS_02
1.0,770,G178325_PS_01
1.0,771,G178325_PS_02
1.0,772,G178325_PS_01
1.0,773,G178325_PS_01
1.0,774,G178325_PS_00
1.0,775,G178325_PS_01
1.0,776,G178325_PS_02
1.0,777,G178325_PS_00
1.0,778,G178325_PS_01
1.0,779,G178325_PS_01
1.0,780,G178325_PS_01
1.0,781,G178325_PS_00
1.0,782,G178325_PS_01
1.0,783,G178325_PS_01
1.0,784,G178325_PS_02
1.0,785,G178325_PS_00
1.0,786,G178325_PS_02
1.0,787,G178325_PS_02
1.0,788,G178325_PS_01
1.0,789,G178325_PS_01
1.0,790,G178325_PS_01
1.0,791,G178325_PS_01
1.0,792,G178325_PS_01
1.0,793,G178325_PS_01
1.0,794,G178325_PS_01
1.0,795,G178325_PS_01
1.0,796,G178325_PS_01
1.0,797,G178325_PS_01
1.0,798,G178325_PS_01
1.0,799,G178325_PS_01
1.0,800,G178325_PS_02
1.0,801,G178325_PS_01
1.0,802,G178325_PS_01
1.0,803,G178325_PS_01
1.0,804,G178325_PS_01
1.0,805,G178325_PS_02
1.0,806,G178325_PS_01
1.0,807,G178325_PS_01
1.0,808,G178325_PS_01
1.0,809,G178325_PS_02
1.0,810,G178325_PS_01
1.0,811,G178325_PS_00
1.0,812,G178325_PS_00
1.0,813,G178325_PS_00
1.0,814,G178325_PS_01
1.0,815,G178325_PS_02
1.0,816,G178325_PS_01
1.0,817,G178325_PS_00
1.0,818,G178325_PS_01
1.0,819,G178325_PS_01
1.0,820,G178325_PS_01
1.0,821,G178325_PS_01
1.0,822,G178325_PS_00
1.0,823,G178325_PS_01
1.0,824,G178325_PS_02
1.0,825,G178325_PS_01
1.0,826,G178325_PS_01
1.0,827,G178325_PS_01
1.0,828,G178325_PS_01
1.0,829,G178325_PS_02
1.0,830,G178325_PS_02
1.0,831,G178325_PS_02
1.0,832,G178325_PS_02
1.0,833,G178325_PS_01
1.0,834,G178325_PS_01
1.0,835,G178325_PS_02
1.0,836,G178325_PS_02
1.0,837,G178325_PS_01
1.0,838,G178325_PS_01
1.0,839,G178325_PS_01
1.0,840,G178325_PS_01
1.0,841,G178325_PS_01
1.0,842,G178325_PS_01
1.0,843,G178325_PS_02
1.0,844,G178325_PS_00
1.0,845,G178325_PS_01
1.0,846,G178325_PS_02
1.0,847,G178325_PS_01
1.0,848,G178325_PS_00
1.0,849,G178325_PS_02
1.0,850,G178325_PS_01
1.0,851,G178325_PS_01
1.0,852,G178325_PS_01
1.0,853,G178325_PS_01
1.0,854,G178325_PS_02
1.0,855,G178325_PS_01
1.0,856,G178325_PS_01
1.0,857,G178325_PS_01
1.0,858,G178325_PS_02
1.0,859,G178325_PS_01
1.0,860,G178325_PS_00
1.0,861,G178325_PS_01
1.0,862,G178325_PS_01
1.0,863,G178325_PS_03
1.0,864,G178325_PS_01
1.0,865,G178325_PS_01
1.0,866,G178325_PS_01
1.0,867,G178325_PS_02
1.0,868,G178325_PS_00
1.0,869,G178325_PS_01
1.0,870,G178325_PS_01
1.0,871,G178325_PS_01
1.0,872,G178325_PS_00
1.0,873,G178325_PS_02
1.0,874,G178325_PS_01
1.0,875,G178325_PS_02
1.0,876,G178325_PS_02
1.0,877,G178325_PS_01
1.0,878,G178325_PS_01
1.0,879,G178325_PS_01
1.0,880,G178325_PS_01
1.0,881,G178325_PS_01
1.0,882,G178325_PS_01
1.0,883,G178325_PS_01
1.0,884,G178325_PS_01
1.0,885,G178325_PS_02
1.0,886,G178325_PS_01
1.0,887,G178325_PS_02
1.0,888,G178325_PS_00
1.0,889,G178325_PS_02
1.0,890,G178325_PS_01
1.0,891,G178325_PS_01
1.0,892,G178325_PS_01
1.0,893,G178325_PS_01
1.0,894,G178325_PS_02
1.0,895,G178325_PS_01
1.0,896,G178325_PS_01
1.0,897,G178325_PS_01
1.0,898,G178325_PS_01
1.0,899,G178325_PS_01
1.0,900,G178325_PS_00
1.0,901,G178325_PS_00
1.0,902,G178325_PS_01
1.0,903,G178325_PS_02
1.0,904,G178325_PS_00
1.0,905,G178325_PS_01
1.0,906,G178325_PS_01
1.0,907,G178325_PS_01
1.0,908,G178325_PS_01
1.0,909,G178325_PS_02
1.0,910,G178325_PS_01
1.0,911,G178325_PS_01
1.0,912,G178325_PS_01
1.0,913,G178325_PS_01
1.0,914,G178325_PS_01
1.0,915,G178325_PS_01
1.0,916,G178325_PS_01
1.0,917,G178325_PS_01
1.0,918,G178325_PS_01
1.0,919,G178325_PS_01
1.0,920,G178325_PS_01
1.0,921,G178325_PS_01
1.0,922,G178325_PS_00
1.0,923,G178325_PS_01
1.0,924,G178325_PS_02
1.0,925,G178325_PS_01
1.0,926,G178325_PS_01
1.0,927,G178325_PS_01
1.0,928,G178325_PS_00
1.0,929,G178325_PS_01
1.0,930,G178325_PS_01
1.0,931,G178325_PS_01
1.0,932,G178325_PS_01
1.0,933,G178325_PS_01
1.0,934,G178325_PS_01
1.0,935,G178325_PS_01
1.0,936,G178325_PS_01
1.0,937,G178325_PS_00
1.0,938,G178325_PS_01
1.0,939,G178325_PS_01
1.0,940,G178325_PS_01
1.0,941,G178325_PS_01
1.0,942,G178325_PS_01
1.0,943,G178325_PS_01
1.0,944,G178325_PS_00
1.0,945,G178325_PS_01
1.0,946,G178325_PS_01
1.0,947,G178325_PS_00
1.0,948,G178325_PS_02
1.0,949,G178325_PS_02
1.0,950,G178325_PS_01
1.0,951,G178325_PS_01
1.0,952,G178325_PS_01
1.0,953,G178325_PS_02
1.0,954,G178325_PS_00
1.0,955,G178325_PS_00
1.0,956,G178325_PS_01
1.0,957,G178325_PS_01
1.0,958,G178325_PS_01
1.0,959,G178325_PS_01
1.0,960,G178325_PS_00
1.0,961,G178325_PS_01
1.0,962,G178325_PS_01
1.0,963,G178325_PS_01
1.0,964,G178325_PS_01
1.0,965,G178325_PS_01
1.0,966,G178325_PS_00
1.0,967,G178325_PS_02
1.0,968,G178325_PS_02
1.0,969,G178325_PS_01
1.0,970,G178325_PS_03
1.0,971,G178325_PS_01
1.0,972,G178325_PS_01
1.0,973,G178325_PS_01
1.0,974,G178325_PS_00
1.0,975,G178325_PS_01
1.0,976,G178325_PS_01
1.0,977,G178325_PS_01
1.0,978,G178325_PS_02
1.0,979,G178325_PS_01
1.0,980,G178325_PS_02
1.0,981,G178325_PS_01
1.0,982,G178325_PS_01
1.0,983,G178325_PS_02
1.0,984,G178325_PS_01
1.0,985,G178325_PS_00
1.0,986,G178325_PS_01
1.0,987,G178325_PS_01
1.0,988,G178325_PS_01
1.0,989,G178325_PS_01
1.0,990,G178325_PS_01
1.0,991,G178325_PS_01
1.0,992,G178325_PS_01
1.0,993,G178325_PS_01
1.0,994,G178325_PS_01
1.0,995,G178325_PS_01
1.0,996,G178325_PS_01
1.0,997,G178325_PS_01
1.0,998,G178325_PS_02
1.0,999,G178325_PS_00
1.0,1000,G178325_PS_01
1.0,1001,G178325_PS_01
1.0,1002,G178325_PS_01
1.0,1003,G178325_PS_01
1.0,1004,G178325_PS_01
1.0,1005,G178325_PS_01
1.0,1006,G178325_PS_01
1.0,1007,G178325_PS_01
1.0,1008,G178325_PS_01
1.0,1009,G178325_PS_01
1.0,1010,G178325_PS_02
1.0,1011,G178325_PS_01
1.0,1012,G178325_PS_01
1.0,1013,G178325_PS_01
1.0,1014,G178325_PS_02
1.0,1015,G178325_PS_01
1.0,1016,G178325_PS_01
1.0,1017,G178325_PS_02
1.0,1018,G178325_PS_02
1.0,1019,G178325_PS_01
1.0,1020,G178325_PS_01
1.0,1021,G178325_PS_01
1.0,1022,G178325_PS_02
1.0,1023,G178325_PS_01
1.0,1024,G178325_PS_00
1.0,1025,G178325_PS_02
1.0,1026,G178325_PS_01
1.0,1027,G178325_PS_01
1.0,1028,G178325_PS_01
1.0,1029,G178325_PS_01
1.0,1030,G178325_PS_01
1.0,1031,G178325_PS_00
1.0,1032,G178325_PS_01
1.0,1033,G178325_PS_00
1.0,1034,G178325_PS_01
1.0,1035,G178325_PS_01
1.0,1036,G178325_PS_01
1.0,1037,G178325_PS_02
1.0,1038,G178325_PS_01
1.0,1039,G178325_PS_01
1.0,1040,G178325_PS_02
1.0,1041,G178325_PS_01
1.0,1042,G178325_PS_01
1.0,1043,G178325_PS_00
1.0,1044,G178325_PS_00
1.0,1045,G178325_PS_01
1.0,1046,G178325_PS_02
1.0,1047,G178325_PS_01
1.0,1048,G178325_PS_01
1.0,1049,G178325_PS_01
1.0,1050,G178325_PS_01
1.0,1051,G178325_PS_00
1.0,1052,G178325_PS_01
1.0,1053,G178325_PS_01
1.0,1054,G178325_PS_01
1.0,1055,G178325_PS_00
1.0,1056,G178325_PS_01
1.0,1057,G178325_PS_01
1.0,1058,G178325_PS_02
1.0,1059,G178325_PS_01
1.0,1060,G178325_PS_01
1.0,1061,G178325_PS_03
1.0,1062,G178325_PS_01
1.0,1063,G178325_PS_02
1.0,1064,G178325_PS_01
1.0,1065,G178325_PS_01
1.0,1066,G178325_PS_01
1.0,1067,G178325_PS_01
1.0,1068,G178325_PS_01
1.0,1069,G178325_PS_02
1.0,1070,G178325_PS_01
1.0,1071,G178325_PS_02
1.0,1072,G178325_PS_01
1.0,1073,G178325_PS_00
1.0,1074,G178325_PS_02
1.0,1075,G178325_PS_02
1.0,1076,G178325_PS_01
1.0,1077,G178325_PS_01
1.0,1078,G178325_PS_00
1.0,1079,G178325_PS_02
1.0,1080,G178325_PS_01
1.0,1081,G178325_PS_00
1.0,1082,G178325_PS_01
1.0,1083,G178325_PS_01
1.0,1084,G178325_PS_01
1.0,1085,G178325_PS_01
1.0,1086,G178325_PS_00
1.0,1087,G178325_PS_01
1.0,1088,G178325_PS_01
1.0,1089,G178325_PS_01
1.0,1090,G178325_PS_01
1.0,1091,G178325_PS_01
1.0,1092,G178325_PS_01
1.0,1093,G178325_PS_01
1.0,1094,G178325_PS_02
1.0,1095,G178325_PS_02
1.0,1096,G178325_PS_01
1.0,1097,G178325_PS_01
1.0,1098,G178325_PS_02
1.0,1099,G178325_PS_01
1.0,1100,G178325_PS_02
1.0,1101,G178325_PS_00
1.0,1102,G178325_PS_01
1.0,1103,G178325_PS_01
1.0,1104,G178325_PS_01
1.0,1105,G178325_PS_01
1.0,1106,G178325_PS_01
1.0,1107,G178325_PS_01
1.0,1108,G178325_PS_01
1.0,1109,G178325_PS_01
1.0,1110,G178325_PS_00
1.0,1111,G178325_PS_01
1.0,1112,G178325_PS_01
1.0,1113,G178325_PS_00
1.0,1114,G178325_PS_01
1.0,1115,G178325_PS_01
1.0,1116,G178325_PS_01
1.0,1117,G178325_PS_01
1.0,1118,G178325_PS_01
1.0,1119,G178325_PS_02
1.0,1120,G178325_PS_01
1.0,1121,G178325_PS_01
1.0,1122,G178325_PS_01
1.0,1123,G178325_PS_01
1.0,1124,G178325_PS_01
1.0,1125,G178325_PS_01
1.0,1126,G178325_PS_01
1.0,1127,G178325_PS_01
1.0,1128,G178325_PS_01
1.0,1129,G178325_PS_01
1.0,1130,G178325_PS_01
1.0,1131,G178325_PS_01
1.0,1132,G178325_PS_01
1.0,1133,G178325_PS_00
1.0,1134,G178325_PS_01
1.0,1135,G178325_PS_01
1.0,1136,G178325_PS_02
1.0,1137,G178325_PS_01
1.0,1138,G178325_PS_01
1.0,1139,G178325_PS_02
1.0,1140,G178325_PS_03
1.0,1141,G178325_PS_01
1.0,1142,G178325_PS_01
1.0,1143,G178325_PS_01
1.0,1144,G178325_PS_02
1.0,1145,G178325_PS_01
1.0,1146,G178325_PS_01
1.0,1147,G178325_PS_02
1.0,1148,G178325_PS_01
1.0,1149,G178325_PS_01
1.0,1150,G178325_PS_02
1.0,1151,G178325_PS_01
1.0,1152,G178325_PS_01
1.0,1153,G178325_PS_01
1.0,1154,G178325_PS_02
1.0,1155,G178325_PS_01
1.0,1156,G178325_PS_02
1.0,1157,G178325_PS_01
1.0,1158,G178325_PS_01
1.0,1159,G178325_PS_01
1.0,1160,G178325_PS_00
1.0,1161,G178325_PS_01
1.0,1162,G178325_PS_01
1.0,1163,G178325_PS_01
1.0,1164,G178325_PS_03
1.0,1165,G178325_PS_01
1.0,1166,G178325_PS_01
1.0,1167,G178325_PS_01
1.0,1168,G178325_PS_00
1.0,1169,G178325_PS_01
1.0,1170,G178325_PS_01
1.0,1171,G178325_PS_02
1.0,1172,G178325_PS_01
1.0,1173,G178325_PS_01
1.0,1174,G178325_PS_02
1.0,1175,G178325_PS_02
1.0,1176,G178325_PS_00
1.0,1177,G178325_PS_01
1.0,1178,G178325_PS_01
1.0,1179,G178325_PS_02
1.0,1180,G178325_PS_01
1.0,1181,G178325_PS_01
1.0,1182,G178325_PS_01
1.0,1183,G178325_PS_01
1.0,1184,G178325_PS_00
1.0,1185,G178325_PS_02
1.0,1186,G178325_PS_00
1.0,1187,G178325_PS_01
1.0,1188,G178325_PS_01
1.0,1189,G178325_PS_01
1.0,1190,G178325_PS_01
1.0,1191,G178325_PS_02
1.0,1192,G178325_PS_00
1.0,1193,G178325_PS_01
1.0,1194,G178325_PS_01
1.0,1195,G178325_PS_01
1.0,1196,G178325_PS_02
1.0,1197,G178325_PS_01
1.0,1198,G178325_PS_01
1.0,1199,G178325_PS_01
1.0,1200,G178325_PS_01
1.0,1201,G178325_PS_02
1.0,1202,G178325_PS_01
1.0,1203,G178325_PS_01
1.0,1204,G178325_PS_02
1.0,1205,G178325_PS_01
1.0,1206,G178325_PS_01
1.0,1207,G178325_PS_01
1.0,1208,G178325_PS_01
1.0,1209,G178325_PS_02
1.0,1210,G178325_PS_02
1.0,1211,G178325_PS_02
1.0,1212,G178325_PS_01
1.0,1213,G178325_PS_01
1.0,1214,G178325_PS_01
1.0,1215,G178325_PS_01
1.0,1216,G178325_PS_02
1.0,1217,G178325_PS_01
1.0,1218,G178325_PS_01
1.0,1219,G178325_PS_02
1.0,1220,G178325_PS_00
1.0,1221,G178325_PS_02
1.0,1222,G178325_PS_01
1.0,1223,G178325_PS_03
1.0,1224,G178325_PS_01
1.0,1225,G178325_PS_01
1.0,1226,G178325_PS_01
1.0,1227,G178325_PS_01
1.0,1228,G178325_PS_01
1.0,1229,G178325_PS_01
1.0,1230,G178325_PS_01
1.0,1231,G178325_PS_01
1.0,1232,G178325_PS_02
1.0,1233,G178325_PS_02
1.0,1234,G178325_PS_01
1.0,1235,G178325_PS_01
1.0,1236,G178325_PS_00
1.0,1237,G178325_PS_00
1.0,1238,G178325_PS_02
1.0,1239,G178325_PS_02
1.0,1240,G178325_PS_02
1.0,1241,G178325_PS_01
1.0,1242,G178325_PS_01
1.0,1243,G178325_PS_01
1.0,1244,G178325_PS_01
1.0,1245,G178325_PS_02
1.0,1246,G178325_PS_01
1.0,1247,G178325_PS_01
1.0,1248,G178325_PS_01
1.0,1249,G178325_PS_02
1.0,1250,G178325_PS_01
1.0,1251,G178325_PS_01
1.0,1252,G178325_PS_02
1.0,1253,G178325_PS_01
1.0,1254,G178325_PS_00
1.0,1255,G178325_PS_02
1.0,1256,G178325_PS_01
1.0,1257,G178325_PS_01
1.0,1258,G178325_PS_01
1.0,1259,G178325_PS_02
1.0,1260,G178325_PS_01
1.0,1261,G178325_PS_01
1.0,1262,G178325_PS_00
1.0,1263,G178325_PS_01
1.0,1264,G178325_PS_01
1.0,1265,G178325_PS_01
1.0,1266,G178325_PS_01
1.0,1267,G178325_PS_02
1.0,1268,G178325_PS_01
1.0,1269,G178325_PS_01
1.0,1270,G178325_PS_01
1.0,1271,G178325_PS_02
1.0,1272,G178325_PS_01
1.0,1273,G178325_PS_02
1.0,1274,G178325_PS_00
1.0,1275,G178325_PS_01
1.0,1276,G178325_PS_01
1.0,1277,G178325_PS_01
1.0,1278,G178325_PS_01
1.0,1279,G178325_PS_02
1.0,1280,G178325_PS_01
1.0,1281,G178325_PS_00
1.0,1282,G178325_PS_01
1.0,1283,G178325_PS_02
1.0,1284,G178325_PS_01
1.0,1285,G178325_PS_02
1.0,1286,G178325_PS_00
1.0,1287,G178325_PS_01
1.0,1288,G178325_PS_01
1.0,1289,G178325_PS_01
1.0,1290,G178325_PS_02
1.0,1291,G178325_PS_02
1.0,1292,G178325_PS_01
1.0,1293,G178325_PS_01
1.0,1294,G178325_PS_01
1.0,1295,G178325_PS_02
1.0,1296,G178325_PS_01
1.0,1297,G178325_PS_01
1.0,1298,G178325_PS_00
1.0,1299,G178325_PS_01
1.0,1300,G178325_PS_01
1.0,1301,G178325_PS_03
1.0,1302,G178325_PS_01
1.0,1303,G178325_PS_01
1.0,1304,G178325_PS_01
1.0,1305,G178325_PS_01
1.0,1306,G178325_PS_01
1.0,1307,G178325_PS_02
1.0,1308,G178325_PS_01
1.0,1309,G178325_PS_01
1.0,1310,G178325_PS_01
1.0,1311,G178325_PS_02
1.0,1312,G178325_PS_01
1.0,1313,G178325_PS_01
1.0,1314,G178325_PS_00
1.0,1315,G178325_PS_01
1.0,1316,G178325_PS_01
1.0,1317,G178325_PS_01
1.0,1318,G178325_PS_02
1.0,1319,G178325_PS_01
1.0,1320,G178325_PS_01
1.0,1321,G178325_PS_01
1.0,1322,G178325_PS_01
1.0,1323,G178325_PS_01
1.0,1324,G178325_PS_01
1.0,1325,G178325_PS_01
1.0,1326,G178325_PS_00
1.0,1327,G178325_PS_02
1.0,1328,G178325_PS_01
1.0,1329,G178325_PS_02
1.0,1330,G178325_PS_01
1.0,1331,G178325_PS_01
1.0,1332,G178325_PS_02
1.0,1333,G178325_PS_01
1.0,1334,G178325_PS_00
1.0,1335,G178325_PS_01
1.0,1336,G178325_PS_01
1.0,1337,G178325_PS_01
1.0,1338,G178325_PS_01
1.0,1339,G178325_PS_01
1.0,1340,G178325_PS_01
1.0,1341,G178325_PS_00
1.0,1342,G178325_PS_01
1.0,1343,G178325_PS_01
1.0,1344,G178325_PS_01
1.0,1345,G178325_PS_01
1.0,1346,G178325_PS_02
1.0,1347,G178325_PS_01
1.0,1348,G178325_PS_02
1.0,1349,G178325_PS_03
1.0,1350,G178325_PS_01
1.0,1351,G178325_PS_01
1.0,1352,G178325_PS_02
1.0,1353,G178325_PS_02
1.0,1354,G178325_PS_01
1.0,1355,G178325_PS_01
1.0,1356,G178325_PS_01
1.0,1357,G178325_PS_01
1.0,1358,G178325_PS_01
1.0,1359,G178325_PS_02
1.0,1360,G178325_PS_01
1.0,1361,G178325_PS_00
1.0,1362,G178325_PS_01
1.0,1363,G178325_PS_01
1.0,1364,G178325_PS_00
1.0,1365,G178325_PS_02
1.0,1366,G178325_PS_00
1.0,1367,G178325_PS_02
1.0,1368,G178325_PS_01
1.0,1369,G178325_PS_01
1.0,1370,G178325_PS_01
1.0,1371,G178325_PS_01
1.0,1372,G178325_PS_01
1.0,1373,G178325_PS_01
1.0,1374,G178325_PS_01
1.0,1375,G178325_PS_01
1.0,1376,G178325_PS_01
1.0,1377,G178325_PS_02
1.0,1378,G178325_PS_01
1.0,1379,G178325_PS_02
1.0,1380,G178325_PS_01
1.0,1381,G178325_PS_02
1.0,1382,G178325_PS_01
1.0,1383,G178325_PS_02
1.0,1384,G178325_PS_02
1.0,1385,G178325_PS_01
1.0,1386,G178325_PS_01
1.0,1387,G178325_PS_01
1.0,1388,G178325_PS_01
1.0,1389,G178325_PS_01
1.0,1390,G178325_PS_01
1.0,1391,G178325_PS_01
1.0,1392,G178325_PS_01
1.0,1393,G178325_PS_01
1.0,1394,G178325_PS_01
1.0,1395,G178325_PS_01
1.0,1396,G178325_PS_00
1.0,1397,G178325_PS_01
1.0,1398,G178325_PS_02
1.0,1399,G178325_PS_02
1.0,1400,G178325_PS_01
1.0,1401,G178325_PS_02
1.0,1402,G178325_PS_02
1.0,1403,G178325_PS_02
1.0,1404,G178325_PS_01
1.0,1405,G178325_PS_00
1.0,1406,G178325_PS_01
1.0,1407,G178325_PS_01
1.0,1408,G178325_PS_02
1.0,1409,G178325_PS_01
1.0,1410,G178325_PS_01
1.0,1411,G178325_PS_01
1.0,1412,G178325_PS_01
1.0,1413,G178325_PS_01
1.0,1414,G178325_PS_02
1.0,1415,G178325_PS_01
1.0,1416,G178325_PS_00
1.0,1417,G178325_PS_01
1.0,1418,G178325_PS_02
1.0,1419,G178325_PS_02
1.0,1420,G178325_PS_02
1.0,1421,G178325_PS_02
1.0,1422,G178325_PS_01
1.0,1423,G178325_PS_01
1.0,1424,G178325_PS_01
1.0,1425,G178325_PS_01
1.0,1426,G178325_PS_00
1.0,1427,G178325_PS_01
1.0,1428,G178325_PS_02
1.0,1429,G178325_PS_01
1.0,1430,G178325_PS_02
1.0,1431,G178325_PS_02
1.0,1432,G178325_PS_02
1.0,1433,G178325_PS_00
1.0,1434,G178325_PS_01
1.0,1435,G178325_PS_01
1.0,1436,G178325_PS_01
1.0,1437,G178325_PS_02
1.0,1438,G178325_PS_01
1.0,1439,G178325_PS_01
1.0,1440,G178325_PS_01
1.0,1441,G178325_PS_01
1.0,1442,G178325_PS_01
1.0,1443,G178325_PS_01
1.0,1444,G178325_PS_01
1.0,1445,G178325_PS_01
1.0,1446,G178325_PS_01
1.0,1447,G178325_PS_01
1.0,1448,G178325_PS_01
1.0,1449,G178325_PS_02
1.0,1450,G178325_PS_01
1.0,1451,G178325_PS_00
1.0,1452,G178325_PS_01
1.0,1453,G178325_PS_01
1.0,1454,G178325_PS_01
1.0,1455,G178325_PS_01
1.0,1456,G178325_PS_01
1.0,1457,G178325_PS_01
1.0,1458,G178325_PS_01
1.0,1459,G178325_PS_02
1.0,1460,G178325_PS_02
1.0,1461,G178325_PS_02
1.0,1462,G178325_PS_01
1.0,1463,G178325_PS_01
1.0,1464,G178325_PS_02
1.0,1465,G178325_PS_01
1.0,1466,G178325_PS_01
1.0,1467,G178325_PS_00
1.0,1468,G178325_PS_02
1.0,1469,G178325_PS_01
1.0,1470,G178325_PS_01
1.0,1471,G178325_PS_02
1.0,1472,G178325_PS_02
1.0,1473,G178325_PS_01
1.0,1474,G178325_PS_01
1.0,1475,G178325_PS_01
1.0,1476,G178325_PS_01
1.0,1477,G178325_PS_01
1.0,1478,G178325_PS_00
1.0,1479,G178325_PS_02
1.0,1480,G178325_PS_02
1.0,1481,G178325_PS_03
1.0,1482,G178325_PS_02
1.0,1483,G178325_PS_02
1.0,1484,G178325_PS_03
1.0,1485,G178325_PS_01
1.0,1486,G178325_PS_03
1.0,1487,G178325_PS_02
1.0,1488,G178325_PS_02
1.0,1489,G178325_PS_02
1.0,1490,G178325_PS_01
1.0,1491,G178325_PS_02
1.0,1492,G178325_PS_01
1.0,1493,G178325_PS_01
1.0,1494,G178325_PS_00
1.0,1495,G178325_PS_01
1.0,1496,G178325_PS_00
1.0,1497,G178325_PS_02
1.0,1498,G178325_PS_02
1.0,1499,G178325_PS_00
1.0,1500,G178325_PS_00
1.0,1501,G178325_PS_01
1.0,1502,G178325_PS_01
1.0,1503,G178325_PS_02
1.0,1504,G178325_PS_01
1.0,1505,G178325_PS_03
1.0,1506,G178325_PS_01
1.0,1507,G178325_PS_01
1.0,1508,G178325_PS_02
1.0,1509,G178325_PS_01
1.0,1510,G178325_PS_01
1.0,1511,G178325_PS_01
1.0,1512,G178325_PS_01
1.0,1513,G178325_PS_01
1.0,1514,G178325_PS_01
1.0,1515,G178325_PS_02
1.0,1516,G178325_PS_01
1.0,1517,G178325_PS_01
1.0,1518,G178325_PS_01
1.0,1519,G178325_PS_01
1.0,1520,G178325_PS_01
1.0,1521,G178325_PS_01
1.0,1522,G178325_PS_01
1.0,1523,G178325_PS_01
1.0,1524,G178325_PS_01
1.0,1525,G178325_PS_01
1.0,1526,G178325_PS_02
1.0,1527,G178325_PS_02
1.0,1528,G178325_PS_00
1.0,1529,G178325_PS_01
1.0,1530,G178325_PS_02
1.0,1531,G178325_PS_01
1.0,1532,G178325_PS_01
1.0,1533,G178325_PS_01
1.0,1534,G178325_PS_01
1.0,1535,G178325_PS_01
1.0,1536,G178325_PS_01
1.0,1537,G178325_PS_01
1.0,1538,G178325_PS_02
1.0,1539,G178325_PS_02
1.0,1540,G178325_PS_01
1.0,1541,G178325_PS_00
1.0,1542,G178325_PS_01
1.0,1543,G178325_PS_00
1.0,1544,G178325_PS_01
1.0,1545,G178325_PS_01
1.0,1546,G178325_PS_01
1.0,1547,G178325_PS_01
1.0,1548,G178325_PS_01
1.0,1549,G178325_PS_01
1.0,1550,G178325_PS_00
1.0,1551,G178325_PS_01
1.0,1552,G178325_PS_01
1.0,1553,G178325_PS_01
1.0,1554,G178325_PS_01
1.0,1555,G178325_PS_01
1.0,1556,G178325_PS_01
1.0,1557,G178325_PS_01
1.0,1558,G178325_PS_01
1.0,1559,G178325_PS_01
1.0,1560,G178325_PS_01
1.0,1561,G178325_PS_01
1.0,1562,G178325_PS_01
1.0,1563,G178325_PS_02
1.0,1564,G178325_PS_02
1.0,1565,G178325_PS_01
1.0,1566,G178325_PS_01
1.0,1567,G178325_PS_01
1.0,1568,G178325_PS_02
1.0,1569,G178325_PS_01
1.0,1570,G178325_PS_01
1.0,1571,G178325_PS_01
1.0,1572,G178325_PS_01
1.0,1573,G178325_PS_01
1.0,1574,G178325_PS_01
1.0,1575,G178325_PS_02
1.0,1576,G178325_PS_01
1.0,1577,G178325_PS_01
1.0,1578,G178325_PS_01
1.0,1579,G178325_PS_01
1.0,1580,G178325_PS_00
1.0,1581,G178325_PS_00
1.0,1582,G178325_PS_02
1.0,1583,G178325_PS_01
1.0,1584,G178325_PS_01
1.0,1585,G178325_PS_00
1.0,1586,G178325_PS_01
1.0,1587,G178325_PS_01
1.0,1588,G178325_PS_01
1.0,1589,G178325_PS_01
1.0,1590,G178325_PS_01
1.0,1591,G178325_PS_01
1.0,1592,G178325_PS_01
1.0,1593,G178325_PS_01
1.0,1594,G178325_PS_01
1.0,1595,G178325_PS_01
1.0,1596,G178325_PS_01
1.0,1597,G178325_PS_01
1.0,1598,G178325_PS_02
1.0,1599,G178325_PS_01
1.0,1600,G178325_PS_03
1.0,1601,G178325_PS_01
1.0,1602,G178325_PS_00
1.0,1603,G178325_PS_01
1.0,1604,G178325_PS_01
1.0,1605,G178325_PS_01
1.0,1606,G178325_PS_00
1.0,1607,G178325_PS_01
1.0,1608,G178325_PS_02
1.0,1609,G178325_PS_01
1.0,1610,G178325_PS_01
1.0,1611,G178325_PS_02
1.0,1612,G178325_PS_02
1.0,1613,G178325_PS_01
1.0,1614,G178325_PS_02
1.0,1615,G178325_PS_02
1.0,1616,G178325_PS_01
1.0,1617,G178325_PS_01
1.0,1618,G178325_PS_02
1.0,1619,G178325_PS_01
1.0,1620,G178325_PS_01
1.0,1621,G178325_PS_01
1.0,1622,G178325_PS_00
1.0,1623,G178325_PS_01
1.0,1624,G178325_PS_00
1.0,1625,G178325_PS_02
1.0,1626,G178325_PS_02
1.0,1627,G178325_PS_01
1.0,1628,G178325_PS_02
1.0,1629,G178325_PS_01
1.0,1630,G178325_PS_02
1.0,1631,G178325_PS_01
1.0,1632,G178325_PS_02
1.0,1633,G178325_PS_03
1.0,1634,G178325_PS_01
1.0,1635,G178325_PS_01
1.0,1636,G178325_PS_01
1.0,1637,G178325_PS_02
1.0,1638,G178325_PS_01
1.0,1639,G178325_PS_01
1.0,1640,G178325_PS_01
1.0,1641,G178325_PS_00
1.0,1642,G178325_PS_01
1.0,1643,G178325_PS_01
1.0,1644,G178325_PS_01
1.0,1645,G178325_PS_01
1.0,1646,G178325_PS_02
1.0,1647,G178325_PS_01
1.0,1648,G178325_PS_02
1.0,1649,G178325_PS_01
1.0,1650,G178325_PS_01
1.0,1651,G178325_PS_02
1.0,1652,G178325_PS_01
1.0,1653,G178325_PS_01
1.0,1654,G178325_PS_01
1.0,1655,G178325_PS_02
1.0,1656,G178325_PS_01
1.0,1657,G178325_PS_02
1.0,1658,G178325_PS_01
1.0,1659,G178325_PS_01
1.0,1660,G178325_PS_01
1.0,1661,G178325_PS_01
1.0,1662,G178325_PS_01
1.0,1663,G178325_PS_01
1.0,1664,G178325_PS_00
1.0,1665,G178325_PS_01
1.0,1666,G178325_PS_01
1.0,1667,G178325_PS_01
1.0,1668,G178325_PS_01
1.0,1669,G178325_PS_01
1.0,1670,G178325_PS_01
1.0,1671,G178325_PS_01
1.0,1672,G178325_PS_01
1.0,1673,G178325_PS_01
1.0,1674,G178325_PS_02
1.0,1675,G178325_PS_02
1.0,1676,G178325_PS_01
1.0,1677,G178325_PS_01
1.0,1678,G178325_PS_01
1.0,1679,G178325_PS_01
1.0,1680,G178325_PS_00
1.0,1681,G178325_PS_01
1.0,1682,G178325_PS_01
1.0,1683,G178325_PS_01
1.0,1684,G178325_PS_01
1.0,1685,G178325_PS_01
1.0,1686,G178325_PS_01
1.0,1687,G178325_PS_01
1.0,1688,G178325_PS_00
1.0,1689,G178325_PS_01
1.0,1690,G178325_PS_01
1.0,1691,G178325_PS_01
1.0,1692,G178325_PS_01
1.0,1693,G178325_PS_02
1.0,1694,G178325_PS_02
1.0,1695,G178325_PS_01
1.0,1696,G178325_PS_01
1.0,1697,G178325_PS_01
1.0,1698,G178325_PS_01
1.0,1699,G178325_PS_01
1.0,1700,G178325_PS_01
1.0,1701,G178325_PS_01
1.0,1702,G178325_PS_03
1.0,1703,G178325_PS_01
1.0,1704,G178325_PS_01
1.0,1705,G178325_PS_01
1.0,1706,G178325_PS_01
1.0,1707,G178325_PS_00
1.0,1708,G178325_PS_01
1.0,1709,G178325_PS_02
1.0,1710,G178325_PS_01
1.0,1711,G178325_PS_02
1.0,1712,G178325_PS_02
1.0,1713,G178325_PS_01
1.0,1714,G178325_PS_01
1.0,1715,G178325_PS_01
1.0,1716,G178325_PS_01
1.0,1717,G178325_PS_00
1.0,1718,G178325_PS_02
1.0,1719,G178325_PS_01
1.0,1720,G178325_PS_01
1.0,1721,G178325_PS_01
1.0,1722,G178325_PS_00
1.0,1723,G178325_PS_02
1.0,1724,G178325_PS_02
1.0,1725,G178325_PS_00
1.0,1726,G178325_PS_01
1.0,1727,G178325_PS_02
1.0,1728,G178325_PS_00
1.0,1729,G178325_PS_01
1.0,1730,G178325_PS_02
1.0,1731,G178325_PS_02
1.0,1732,G178325_PS_02
1.0,1733,G178325_PS_01
1.0,1734,G178325_PS_01
1.0,1735,G178325_PS_01
1.0,1736,G178325_PS_01
1.0,1737,G178325_PS_02
1.0,1738,G178325_PS_01
1.0,1739,G178325_PS_02
1.0,1740,G178325_PS_01
1.0,1741,G178325_PS_02
1.0,1742,G178325_PS_02
1.0,1743,G178325_PS_01
1.0,1744,G178325_PS_02
1.0,1745,G178325_PS_00
1.0,1746,G178325_PS_02
1.0,1747,G178325_PS_02
1.0,1748,G178325_PS_01
1.0,1749,G178325_PS_02
1.0,1750,G178325_PS_01
1.0,1751,G178325_PS_01
1.0,1752,G178325_PS_01
1.0,1753,G178325_PS_02
1.0,1754,G178325_PS_02
1.0,1755,G178325_PS_02
1.0,1756,G178325_PS_01
1.0,1757,G178325_PS_01
1.0,1758,G178325_PS_02
1.0,1759,G178325_PS_01
1.0,1760,G178325_PS_01
1.0,1761,G178325_PS_01
1.0,1762,G178325_PS_01
1.0,1763,G178325_PS_01
1.0,1764,G178325_PS_01
1.0,1765,G178325_PS_01
1.0,1766,G178325_PS_02
1.0,1767,G178325_PS_02
1.0,1768,G178325_PS_01
1.0,1769,G178325_PS_01
1.0,1770,G178325_PS_01
1.0,1771,G178325_PS_01
1.0,1772,G178325_PS_01
1.0,1773,G178325_PS_01
1.0,1774,G178325_PS_02
1.0,1775,G178325_PS_01
1.0,1776,G178325_PS_01
1.0,1777,G178325_PS_01
1.0,1778,G178325_PS_02
1.0,1779,G178325_PS_01
1.0,1780,G178325_PS_01
1.0,1781,G178325_PS_01
1.0,1782,G178325_PS_01
1.0,1783,G178325_PS_02
1.0,1784,G178325_PS_01
1.0,1785,G178325_PS_01
1.0,1786,G178325_PS_00
1.0,1787,G178325_PS_01
1.0,1788,G178325_PS_01
1.0,1789,G178325_PS_02
1.0,1790,G178325_PS_01
1.0,1791,G178325_PS_01
1.0,1792,G178325_PS_01
1.0,1793,G178325_PS_01
1.0,1794,G178325_PS_01
1.0,1795,G178325_PS_01
1.0,1796,G178325_PS_02
1.0,1797,G178325_PS_00
1.0,1798,G178325_PS_01
1.0,1799,G178325_PS_01
1.0,1800,G178325_PS_00
1.0,1801,G178325_PS_01
1.0,1802,G178325_PS_01
1.0,1803,G178325_PS_02
1.0,1804,G178325_PS_01
1.0,1805,G178325_PS_01
1.0,1806,G178325_PS_01
1.0,1807,G178325_PS_00
1.0,1808,G178325_PS_02
1.0,1809,G178325_PS_02
1.0,1810,G178325_PS_00
1.0,1811,G178325_PS_01
1.0,1812,G178325_PS_01
1.0,1813,G178325_PS_01
1.0,1814,G178325_PS_01
1.0,1815,G178325_PS_01
1.0,1816,G178325_PS_03
1.0,1817,G178325_PS_02
1.0,1818,G178325_PS_02
1.0,1819,G178325_PS_02
1.0,1820,G178325_PS_01
1.0,1821,G178325_PS_01
1.0,1822,G178325_PS_02
1.0,1823,G178325_PS_02
1.0,1824,G178325_PS_02
1.0,1825,G178325_PS_01
1.0,1826,G178325_PS_01
1.0,1827,G178325_PS_00
1.0,1828,G178325_PS_02
1.0,1829,G178325_PS_01
1.0,1830,G178325_PS_01
1.0,1831,G178325_PS_01
1.0,1832,G178325_PS_01
1.0,1833,G178325_PS_01
1.0,1834,G178325_PS_01
1.0,1835,G178325_PS_02
1.0,1836,G178325_PS_01
1.0,1837,G178325_PS_01
1.0,1838,G178325_PS_01
1.0,1839,G178325_PS_01
1.0,1840,G178325_PS_02
1.0,1841,G178325_PS_03
1.0,1842,G178325_PS_01
1.0,1843,G178325_PS_01
1.0,1844,G178325_PS_01
1.0,1845,G178325_PS_02
1.0,1846,G178325_PS_01
1.0,1847,G178325_PS_03
1.0,1848,G178325_PS_01
1.0,1849,G178325_PS_01
1.0,1850,G178325_PS_01
1.0,1851,G178325_PS_01
1.0,1852,G178325_PS_01
1.0,1853,G178325_PS_01
1.0,1854,G178325_PS_01
1.0,1855,G178325_PS_01
1.0,1856,G178325_PS_01
1.0,1857,G178325_PS_00
1.0,1858,G178325_PS_02
1.0,1859,G178325_PS_00
1.0,1860,G178325_PS_01
1.0,1861,G178325_PS_02
1.0,1862,G178325_PS_01
1.0,1863,G178325_PS_02
1.0,1864,G178325_PS_02
1.0,1865,G178325_PS_01
1.0,1866,G178325_PS_01
1.0,1867,G178325_PS_01
1.0,1868,G178325_PS_02
1.0,1869,G178325_PS_01
1.0,1870,G178325_PS_03
1.0,1871,G178325_PS_02
1.0,1872,G178325_PS_01
1.0,1873,G178325_PS_02
1.0,1874,G178325_PS_02
1.0,1875,G178325_PS_02
1.0,1876,G178325_PS_01
1.0,1877,G178325_PS_01
1.0,1878,G178325_PS_01
1.0,1879,G178325_PS_00
1.0,1880,G178325_PS_02
1.0,1881,G178325_PS_01
1.0,1882,G178325_PS_02
1.0,1883,G178325_PS_01
1.0,1884,G178325_PS_01
1.0,1885,G178325_PS_01
1.0,1886,G178325_PS_01
1.0,1887,G178325_PS_01
1.0,1888,G178325_PS_02
1.0,1889,G178325_PS_01
1.0,1890,G178325_PS_02
1.0,1891,G178325_PS_01
1.0,1892,G178325_PS_01
1.0,1893,G178325_PS_02
1.0,1894,G178325_PS_01
1.0,1895,G178325_PS_01
1.0,1896,G178325_PS_01
1.0,1897,G178325_PS_01
1.0,1898,G178325_PS_01
1.0,1899,G178325_PS_01
1.0,1900,G178325_PS_02
1.0,1901,G178325_PS_01
1.0,1902,G178325_PS_01
1.0,1903,G178325_PS_01
1.0,1904,G178325_PS_01
1.0,1905,G178325_PS_01
1.0,1906,G178325_PS_01
1.0,1907,G178325_PS_00
1.0,1908,G178325_PS_01
1.0,1909,G178325_PS_02
1.0,1910,G178325_PS_01
1.0,1911,G178325_PS_01
1.0,1912,G178325_PS_00
1.0,1913,G178325_PS_01
1.0,1914,G178325_PS_01
1.0,1915,G178325_PS_01
1.0,1916,G178325_PS_00
1.0,1917,G178325_PS_01
1.0,1918,G178325_PS_01
1.0,1919,G178325_PS_02
1.0,1920,G178325_PS_00
1.0,1921,G178325_PS_01
1.0,1922,G178325_PS_01
1.0,1923,G178325_PS_01
1.0,1924,G178325_PS_01
1.0,1925,G178325_PS_01
1.0,1926,G178325_PS_02
1.0,1927,G178325_PS_02
1.0,1928,G178325_PS_02
1.0,1929,G178325_PS_00
1.0,1930,G178325_PS_01
1.0,1931,G178325_PS_01
1.0,1932,G178325_PS_01
1.0,1933,G178325_PS_01
1.0,1934,G178325_PS_01
1.0,1935,G178325_PS_00
1.0,1936,G178325_PS_01
1.0,1937,G178325_PS_01
1.0,1938,G178325_PS_02
1.0,1939,G178325_PS_02
1.0,1940,G178325_PS_01
1.0,1941,G178325_PS_01
1.0,1942,G178325_PS_01
1.0,1943,G178325_PS_01
1.0,1944,G178325_PS_02
1.0,1945,G178325_PS_01
1.0,1946,G178325_PS_01
1.0,1947,G178325_PS_01
1.0,1948,G178325_PS_00
1.0,1949,G178325_PS_01
1.0,1950,G178325_PS_02
1.0,1951,G178325_PS_02
1.0,1952,G178325_PS_02
1.0,1953,G178325_PS_01
1.0,1954,G178325_PS_02
1.0,1955,G178325_PS_01
1.0,1956,G178325_PS_00
1.0,1957,G178325_PS_01
1.0,1958,G178325_PS_01
1.0,1959,G178325_PS_01
1.0,1960,G178325_PS_02
1.0,1961,G178325_PS_01
1.0,1962,G178325_PS_02
1.0,1963,G178325_PS_01
1.0,1964,G178325_PS_01
1.0,1965,G178325_PS_00
1.0,1966,G178325_PS_01
1.0,1967,G178325_PS_02
1.0,1968,G178325_PS_02
1.0,1969,G178325_PS_01
1.0,1970,G178325_PS_00
1.0,1971,G178325_PS_01
1.0,1972,G178325_PS_00
1.0,1973,G178325_PS_01
1.0,1974,G178325_PS_01
1.0,1975,G178325_PS_01
1.0,1976,G178325_PS_02
1.0,1977,G178325_PS_01
1.0,1978,G178325_PS_01
1.0,1979,G178325_PS_01
1.0,1980,G178325_PS_02
1.0,1981,G178325_PS_01
1.0,1982,G178325_PS_01
1.0,1983,G178325_PS_01
1.0,1984,G178325_PS_00
1.0,1985,G178325_PS_02
1.0,1986,G178325_PS_01
1.0,1987,G178325_PS_01
1.0,1988,G178325_PS_02
1.0,1989,G178325_PS_00
1.0,1990,G178325_PS_01
1.0,1991,G178325_PS_01
1.0,1992,G178325_PS_02
1.0,1993,G178325_PS_00
1.0,1994,G178325_PS_02
1.0,1995,G178325_PS_00
1.0,1996,G178325_PS_02
1.0,1997,G178325_PS_02
1.0,1998,G178325_PS_02
1.0,1999,G178325_PS_01
2.0,0,G178325_PS_01
2.0,1,G178325_PS_01
2.0,2,G178325_PS_01
2.0,3,G178325_PS_02
2.0,4,G178325_PS_03
2.0,5,G178325_PS_01
2.0,6,G178325_PS_01
2.0,7,G178325_PS_01
2.0,8,G178325_PS_01
2.0,9,G178325_PS_03
2.0,10,G178325_PS_02
2.0,11,G178325_PS_02
2.0,12,G178325_PS_02
2.0,13,G178325_PS_02
2.0,14,G178325_PS_01
2.0,15,G178325_PS_01
2.0,16,G178325_PS_01
2.0,17,G178325_PS_01
2.0,18,G178325_PS_02
2.0,19,G178325_PS_02
2.0,20,G178325_PS_02
2.0,21,G178325_PS_02
2.0,22,G178325_PS_02
2.0,23,G178325_PS_03
2.0,24,G178325_PS_01
2.0,25,G178325_PS_01
2.0,26,G178325_PS_01
2.0,27,G178325_PS_01
2.0,28,G178325_PS_02
2.0,29,G178325_PS_02
2.0,30,G178325_PS_02
2.0,31,G178325_PS_01
2.0,32,G178325_PS_01
2.0,33,G178325_PS_01
2.0,34,G178325_PS_02
2.0,35,G178325_PS_02
2.0,36,G178325_PS_01
2.0,37,G178325_PS_01
2.0,38,G178325_PS_02
2.0,39,G178325_PS_02
2.0,40,G178325_PS_02
2.0,41,G178325_PS_01
2.0,42,G178325_PS_01
2.0,43,G178325_PS_01
2.0,44,G178325_PS_01
2.0,45,G178325_PS_01
2.0,46,G178325_PS_02
2.0,47,G178325_PS_01
2.0,48,G178325_PS_02
2.0,49,G178325_PS_03
2.0,50,G178325_PS_01
2.0,51,G178325_PS_02
2.0,52,G178325_PS_03
2.0,53,G178325_PS_02
2.0,54,G178325_PS_02
2.0,55,G178325_PS_01
2.0,56,G178325_PS_01
2.0,57,G178325_PS_01
2.0,58,G178325_PS_02
2.0,59,G178325_PS_01
2.0,60,G178325_PS_01
2.0,61,G178325_PS_01
2.0,62,G178325_PS_01
2.0,63,G178325_PS_01
2.0,64,G178325_PS_02
2.0,65,G178325_PS_01
2.0,66,G178325_PS_01
2.0,67,G178325_PS_01
2.0,68,G178325_PS_02
2.0,69,G178325_PS_01
2.0,70,G178325_PS_03
2.0,71,G178325_PS_01
2.0,72,G178325_PS_01
2.0,73,G178325_PS_02
2.0,74,G178325_PS_02
2.0,75,G178325_PS_02
2.0,76,G178325_PS_02
2.0,77,G178325_PS_01
2.0,78,G178325_PS_02
2.0,79,G178325_PS_02
2.0,80,G178325_PS_01
2.0,81,G178325_PS_01
2.0,82,G178325_PS_02
2.0,83,G178325_PS_01
2.0,84,G178325_PS_01
2.0,85,G178325_PS_01
2.0,86,G178325_PS_02
2.0,87,G178325_PS_01
2.0,88,G178325_PS_02
2.0,89,G178325_PS_01
2.0,90,G178325_PS_02
2.0,91,G178325_PS_01
2.0,92,G178325_PS_02
2.0,93,G178325_PS_01
2.0,94,G178325_PS_01
2.0,95,G178325_PS_02
2.0,96,G178325_PS_02
2.0,97,G178325_PS_02
2.0,98,G178325_PS_01
2.0,99,G178325_PS_01
2.0,100,G178325_PS_01
2.0,101,G178325_PS_02
2.0,102,G178325_PS_03
2.0,103,G178325_PS_01
2.0,104,G178325_PS_01
2.0,105,G178325_PS_02
2.0,106,G178325_PS_01
2.0,107,G178325_PS_01
2.0,108,G178325_PS_02
2.0,109,G178325_PS_01
2.0,110,G178325_PS_02
2.0,111,G178325_PS_01
2.0,112,G178325_PS_02
2.0,113,G178325_PS_01
2.0,114,G178325_PS_01
2.0,115,G178325_PS_01
2.0,116,G178325_PS_01
2.0,117,G178325_PS_02
2.0,118,G178325_PS_02
2.0,119,G178325_PS_01
2.0,120,G178325_PS_02
2.0,121,G178325_PS_02
2.0,122,G178325_PS_01
2.0,123,G178325_PS_02
2.0,124,G178325_PS_02
2.0,125,G178325_PS_01
2.0,126,G178325_PS_01
2.0,127,G178325_PS_02
2.0,128,G178325_PS_03
2.0,129,G178325_PS_02
2.0,130,G178325_PS_01
2.0,131,G178325_PS_01
2.0,132,G178325_PS_01
2.0,133,G178325_PS_02
2.0,134,G178325_PS_01
2.0,135,G178325_PS_02
2.0,136,G178325_PS_01
2.0,137,G178325_PS_02
2.0,138,G178325_PS_01
2.0,139,G178325_PS_02
2.0,140,G178325_PS_01
2.0,141,G178325_PS_02
2.0,142,G178325_PS_02
2.0,143,G178325_PS_01
2.0,144,G178325_PS_01
2.0,145,G178325_PS_01
2.0,146,G178325_PS_02
2.0,147,G178325_PS_01
2.0,148,G178325_PS_03
2.0,149,G178325_PS_02
2.0,150,G178325_PS_01
2.0,151,G178325_PS_01
2.0,152,G178325_PS_01
2.0,153,G178325_PS_01
2.0,154,G178325_PS_01
2.0,155,G178325_PS_03
2.0,156,G178325_PS_02
2.0,157,G178325_PS_01
2.0,158,G178325_PS_02
2.0,159,G178325_PS_01
2.0,160,G178325_PS_01
2.0,161,G178325_PS_02
2.0,162,G178325_PS_02
2.0,163,G178325_PS_01
2.0,164,G178325_PS_01
2.0,165,G178325_PS_01
2.0,166,G178325_PS_01
2.0,167,G178325_PS_03
2.0,168,G178325_PS_01
2.0,169,G178325_PS_02
2.0,170,G178325_PS_01
2.0,171,G178325_PS_03
2.0,172,G178325_PS_01
2.0,173,G178325_PS_02
2.0,174,G178325_PS_02
2.0,175,G178325_PS_01
2.0,176,G178325_PS_02
2.0,177,G178325_PS_01
2.0,178,G178325_PS_02
2.0,179,G178325_PS_01
2.0,180,G178325_PS_01
2.0,181,G178325_PS_02
2.0,182,G178325_PS_02
2.0,183,G178325_PS_01
2.0,184,G178325_PS_01
2.0,185,G178325_PS_01
2.0,186,G178325_PS_03
2.0,187,G178325_PS_01
2.0,188,G178325_PS_03
2.0,189,G178325_PS_02
2.0,190,G178325_PS_02
2.0,191,G178325_PS_01
2.0,192,G178325_PS_02
2.0,193,G178325_PS_01
2.0,194,G178325_PS_01
2.0,195,G178325_PS_01
2.0,196,G178325_PS_01
2.0,197,G178325_PS_03
2.0,198,G178325_PS_01
2.0,199,G178325_PS_01
2.0,200,G178325_PS_01
2.0,201,G178325_PS_01
2.0,202,G178325_PS_02
2.0,203,G178325_PS_01
2.0,204,G178325_PS_02
2.0,205,G178325_PS_01
2.0,206,G178325_PS_02
2.0,207,G178325_PS_01
2.0,208,G178325_PS_01
2.0,209,G178325_PS_03
2.0,210,G178325_PS_02
2.0,211,G178325_PS_03
2.0,212,G178325_PS_02
2.0,213,G178325_PS_02
2.0,214,G178325_PS_02
2.0,215,G178325_PS_02
2.0,216,G178325_PS_01
2.0,217,G178325_PS_01
2.0,218,G178325_PS_01
2.0,219,G178325_PS_02
2.0,220,G178325_PS_01
2.0,221,G178325_PS_02
2.0,222,G178325_PS_01
2.0,223,G178325_PS_01
2.0,224,G178325_PS_02
2.0,225,G178325_PS_01
2.0,226,G178325_PS_01
2.0,227,G178325_PS_01
2.0,228,G178325_PS_01
2.0,229,G178325_PS_01
2.0,230,G178325_PS_01
2.0,231,G178325_PS_02
2.0,232,G178325_PS_01
2.0,233,G178325_PS_01
2.0,234,G178325_PS_01
2.0,235,G178325_PS_01
2.0,236,G178325_PS_01
2.0,237,G178325_PS_02
2.0,238,G178325_PS_01
2.0,239,G178325_PS_03
2.0,240,G178325_PS_02
2.0,241,G178325_PS_02
2.0,242,G178325_PS_03
2.0,243,G178325_PS_03
2.0,244,G178325_PS_01
2.0,245,G178325_PS_03
2.0,246,G178325_PS_01
2.0,247,G178325_PS_01
2.0,248,G178325_PS_02
2.0,249,G178325_PS_02
2.0,250,G178325_PS_01
2.0,251,G178325_PS_01
2.0,252,G178325_PS_02
2.0,253,G178325_PS_02
2.0,254,G178325_PS_01
2.0,255,G178325_PS_01
2.0,256,G178325_PS_01
2.0,257,G178325_PS_01
2.0,258,G178325_PS_01
2.0,259,G178325_PS_02
2.0,260,G178325_PS_02
2.0,261,G178325_PS_02
2.0,262,G178325_PS_03
2.0,263,G178325_PS_02
2.0,264,G178325_PS_02
2.0,265,G178325_PS_02
2.0,266,G178325_PS_01
2.0,267,G178325_PS_01
2.0,268,G178325_PS_01
2.0,269,G178325_PS_01
2.0,270,G178325_PS_02
2.0,271,G178325_PS_02
2.0,272,G178325_PS_01
2.0,273,G178325_PS_02
2.0,274,G178325_PS_03
2.0,275,G178325_PS_02
2.0,276,G178325_PS_01
2.0,277,G178325_PS_02
2.0,278,G178325_PS_01
2.0,279,G178325_PS_02
2.0,280,G178325_PS_01
2.0,281,G178325_PS_02
2.0,282,G178325_PS_01
2.0,283,G178325_PS_02
2.0,284,G178325_PS_02
2.0,285,G178325_PS_01
2.0,286,G178325_PS_02
2.0,287,G178325_PS_01
2.0,288,G178325_PS_02
2.0,289,G178325_PS_01
2.0,290,G178325_PS_02
2.0,291,G178325_PS_02
2.0,292,G178325_PS_01
2.0,293,G178325_PS_02
2.0,294,G178325_PS_02
2.0,295,G178325_PS_03
2.0,296,G178325_PS_01
2.0,297,G178325_PS_02
2.0,298,G178325_PS_01
2.0,299,G178325_PS_01
2.0,300,G178325_PS_02
2.0,301,G178325_PS_03
2.0,302,G178325_PS_01
2.0,303,G178325_PS_02
2.0,304,G178325_PS_02
2.0,305,G178325_PS_02
2.0,306,G178325_PS_01
2.0,307,G178325_PS_01
2.0,308,G178325_PS_01
2.0,309,G178325_PS_02
2.0,310,G178325_PS_01
2.0,311,G178325_PS_01
2.0,312,G178325_PS_02
2.0,313,G178325_PS_01
2.0,314,G178325_PS_02
2.0,315,G178325_PS_01
2.0,316,G178325_PS_02
2.0,317,G178325_PS_02
2.0,318,G178325_PS_02
2.0,319,G178325_PS_02
2.0,320,G178325_PS_01
2.0,321,G178325_PS_02
2.0,322,G178325_PS_02
2.0,323,G178325_PS_01
2.0,324,G178325_PS_02
2.0,325,G178325_PS_02
2.0,326,G178325_PS_01
2.0,327,G178325_PS_01
2.0,328,G178325_PS_01
2.0,329,G178325_PS_02
2.0,330,G178325_PS_01
2.0,331,G178325_PS_02
2.0,332,G178325_PS_01
2.0,333,G178325_PS_01
2.0,334,G178325_PS_01
2.0,335,G178325_PS_02
2.0,336,G178325_PS_01
2.0,337,G178325_PS_01
2.0,338,G178325_PS_01
2.0,339,G178325_PS_01
2.0,340,G178325_PS_02
2.0,341,G178325_PS_01
2.0,342,G178325_PS_01
2.0,343,G178325_PS_02
2.0,344,G178325_PS_02
2.0,345,G178325_PS_01
2.0,346,G178325_PS_01
2.0,347,G178325_PS_03
2.0,348,G178325_PS_01
2.0,349,G178325_PS_01
2.0,350,G178325_PS_01
2.0,351,G178325_PS_02
2.0,352,G178325_PS_01
2.0,353,G178325_PS_01
2.0,354,G178325_PS_02
2.0,355,G178325_PS_02
2.0,356,G178325_PS_02
2.0,357,G178325_PS_01
2.0,358,G178325_PS_02
2.0,359,G178325_PS_02
2.0,360,G178325_PS_02
2.0,361,G178325_PS_02
2.0,362,G178325_PS_01
2.0,363,G178325_PS_02
2.0,364,G178325_PS_03
2.0,365,G178325_PS_01
2.0,366,G178325_PS_02
2.0,367,G178325_PS_01
2.0,368,G178325_PS_02
2.0,369,G178325_PS_01
2.0,370,G178325_PS_01
2.0,371,G178325_PS_01
2.0,372,G178325_PS_01
2.0,373,G178325_PS_01
2.0,374,G178325_PS_01
2.0,375,G178325_PS_01
2.0,376,G178325_PS_01
2.0,377,G178325_PS_02
2.0,378,G178325_PS_01
2.0,379,G178325_PS_02
2.0,380,G178325_PS_02
2.0,381,G178325_PS_02
2.0,382,G178325_PS_01
2.0,383,G178325_PS_01
2.0,384,G178325_PS_01
2.0,385,G178325_PS_02
2.0,386,G178325_PS_01
2.0,387,G178325_PS_01
2.0,388,G178325_PS_02
2.0,389,G178325_PS_02
2.0,390,G178325_PS_01
2.0,391,G178325_PS_01
2.0,392,G178325_PS_01
2.0,393,G178325_PS_01
2.0,394,G178325_PS_02
2.0,395,G178325_PS_01
2.0,396,G178325_PS_02
2.0,397,G178325_PS_01
2.0,398,G178325_PS_02
2.0,399,G178325_PS_01
2.0,400,G178325_PS_01
2.0,401,G178325_PS_02
2.0,402,G178325_PS_01
2.0,403,G178325_PS_01
2.0,404,G178325_PS_01
2.0,405,G178325_PS_03
2.0,406,G178325_PS_03
2.0,407,G178325_PS_01
2.0,408,G178325_PS_01
2.0,409,G178325_PS_01
2.0,410,G178325_PS_01
2.0,411,G178325_PS_02
2.0,412,G178325_PS_01
2.0,413,G178325_PS_01
2.0,414,G178325_PS_01
2.0,415,G178325_PS_01
2.0,416,G178325_PS_02
2.0,417,G178325_PS_03
2.0,418,G178325_PS_02
2.0,419,G178325_PS_02
2.0,420,G178325_PS_01
2.0,421,G178325_PS_01
2.0,422,G178325_PS_02
2.0,423,G178325_PS_02
2.0,424,G178325_PS_02
2.0,425,G178325_PS_03
2.0,426,G178325_PS_01
2.0,427,G178325_PS_01
2.0,428,G178325_PS_02
2.0,429,G178325_PS_01
2.0,430,G178325_PS_01
2.0,431,G178325_PS_01
2.0,432,G178325_PS_03
2.0,433,G178325_PS_01
2.0,434,G178325_PS_02
2.0,435,G178325_PS_01
2.0,436,G178325_PS_03
2.0,437,G178325_PS_03
2.0,438,G178325_PS_01
2.0,439,G178325_PS_01
2.0,440,G178325_PS_02
2.0,441,G178325_PS_02
2.0,442,G178325_PS_01
2.0,443,G178325_PS_02
2.0,444,G178325_PS_01
2.0,445,G178325_PS_01
2.0,446,G178325_PS_02
2.0,447,G178325_PS_01
2.0,448,G178325_PS_01
2.0,449,G178325_PS_02
2.0,450,G178325_PS_01
2.0,451,G178325_PS_01
2.0,452,G178325_PS_03
2.0,453,G178325_PS_01
2.0,454,G178325_PS_03
2.0,455,G178325_PS_02
2.0,456,G178325_PS_01
2.0,457,G178325_PS_02
2.0,458,G178325_PS_03
2.0,459,G178325_PS_01
2.0,460,G178325_PS_02
2.0,461,G178325_PS_02
2.0,462,G178325_PS_01
2.0,463,G178325_PS_01
2.0,464,G178325_PS_01
2.0,465,G178325_PS_01
2.0,466,G178325_PS_02
2.0,467,G178325_PS_03
2.0,468,G178325_PS_01
2.0,469,G178325_PS_02
2.0,470,G178325_PS_01
2.0,471,G178325_PS_01
2.0,472,G178325_PS_02
2.0,473,G178325_PS_01
2.0,474,G178325_PS_02
2.0,475,G178325_PS_02
2.0,476,G178325_PS_01
2.0,477,G178325_PS_01
2.0,478,G178325_PS_02
2.0,479,G178325_PS_02
2.0,480,G178325_PS_01
2.0,481,G178325_PS_03
2.0,482,G178325_PS_02
2.0,483,G178325_PS_01
2.0,484,G178325_PS_01
2.0,485,G178325_PS_02
2.0,486,G178325_PS_01
2.0,487,G178325_PS_01
2.0,488,G178325_PS_01
2.0,489,G178325_PS_01
2.0,490,G178325_PS_02
2.0,491,G178325_PS_01
2.0,492,G178325_PS_01
2.0,493,G178325_PS_01
2.0,494,G178325_PS_01
2.0,495,G178325_PS_01
2.0,496,G178325_PS_03
2.0,497,G178325_PS_01
2.0,498,G178325_PS_03
2.0,499,G178325_PS_01
2.0,500,G178325_PS_01
2.0,501,G178325_PS_01
2.0,502,G178325_PS_02
2.0,503,G178325_PS_02
2.0,504,G178325_PS_02
2.0,505,G178325_PS_01
2.0,506,G178325_PS_02
2.0,507,G178325_PS_02
2.0,508,G178325_PS_01
2.0,509,G178325_PS_02
2.0,510,G178325_PS_01
2.0,511,G178325_PS_01
2.0,512,G178325_PS_02
2.0,513,G178325_PS_01
2.0,514,G178325_PS_01
2.0,515,G178325_PS_01
2.0,516,G178325_PS_01
2.0,517,G178325_PS_01
2.0,518,G178325_PS_01
2.0,519,G178325_PS_01
2.0,520,G178325_PS_01
2.0,521,G178325_PS_01
2.0,522,G178325_PS_03
2.0,523,G178325_PS_02
2.0,524,G178325_PS_02
2.0,525,G178325_PS_02
2.0,526,G178325_PS_01
2.0,527,G178325_PS_01
2.0,528,G178325_PS_02
2.0,529,G178325_PS_02
2.0,530,G178325_PS_01
2.0,531,G178325_PS_01
2.0,532,G178325_PS_01
2.0,533,G178325_PS_01
2.0,534,G178325_PS_01
2.0,535,G178325_PS_01
2.0,536,G178325_PS_01
2.0,537,G178325_PS_02
2.0,538,G178325_PS_01
2.0,539,G178325_PS_03
2.0,540,G178325_PS_02
2.0,541,G178325_PS_01
2.0,542,G178325_PS_02
2.0,543,G178325_PS_01
2.0,544,G178325_PS_02
2.0,545,G178325_PS_01
2.0,546,G178325_PS_01
2.0,547,G178325_PS_02
2.0,548,G178325_PS_01
2.0,549,G178325_PS_01
2.0,550,G178325_PS_01
2.0,551,G178325_PS_01
2.0,552,G178325_PS_03
2.0,553,G178325_PS_02
2.0,554,G178325_PS_01
2.0,555,G178325_PS_01
2.0,556,G178325_PS_02
2.0,557,G178325_PS_01
2.0,558,G178325_PS_01
2.0,559,G178325_PS_02
2.0,560,G178325_PS_01
2.0,561,G178325_PS_02
2.0,562,G178325_PS_01
2.0,563,G178325_PS_01
2.0,564,G178325_PS_01
2.0,565,G178325_PS_02
2.0,566,G178325_PS_01
2.0,567,G178325_PS_01
2.0,568,G178325_PS_02
2.0,569,G178325_PS_02
2.0,570,G178325_PS_01
2.0,571,G178325_PS_01
2.0,572,G178325_PS_02
2.0,573,G178325_PS_01
2.0,574,G178325_PS_02
2.0,575,G178325_PS_03
2.0,576,G178325_PS_01
2.0,577,G178325_PS_02
2.0,578,G178325_PS_01
2.0,579,G178325_PS_01
2.0,580,G178325_PS_02
2.0,581,G178325_PS_02
2.0,582,G178325_PS_02
2.0,583,G178325_PS_01
2.0,584,G178325_PS_02
2.0,585,G178325_PS_03
2.0,586,G178325_PS_02
2.0,587,G178325_PS_01
2.0,588,G178325_PS_03
2.0,589,G178325_PS_01
2.0,590,G178325_PS_01
2.0,591,G178325_PS_01
2.0,592,G178325_PS_02
2.0,593,G178325_PS_01
2.0,594,G178325_PS_01
2.0,595,G178325_PS_01
2.0,596,G178325_PS_02
2.0,597,G178325_PS_01
2.0,598,G178325_PS_02
2.0,599,G178325_PS_02
2.0,600,G178325_PS_01
2.0,601,G178325_PS_01
2.0,602,G178325_PS_02
2.0,603,G178325_PS_02
2.0,604,G178325_PS_02
2.0,605,G178325_PS_02
2.0,606,G178325_PS_02
2.0,607,G178325_PS_03
2.0,608,G178325_PS_02
2.0,609,G178325_PS_02
2.0,610,G178325_PS_03
2.0,611,G178325_PS_02
2.0,612,G178325_PS_03
2.0,613,G178325_PS_02
2.0,614,G178325_PS_01
2.0,615,G178325_PS_01
2.0,616,G178325_PS_03
2.0,617,G178325_PS_01
2.0,618,G178325_PS_01
2.0,619,G178325_PS_03
2.0,620,G178325_PS_02
2.0,621,G178325_PS_02
2.0,622,G178325_PS_01
2.0,623,G178325_PS_02
2.0,624,G178325_PS_01
2.0,625,G178325_PS_01
2.0,626,G178325_PS_01
2.0,627,G178325_PS_01
2.0,628,G178325_PS_02
2.0,629,G178325_PS_02
2.0,630,G178325_PS_01
2.0,631,G178325_PS_02
2.0,632,G178325_PS_01
2.0,633,G178325_PS_02
2.0,634,G178325_PS_01
2.0,635,G178325_PS_01
2.0,636,G178325_PS_02
2.0,637,G178325_PS_01
2.0,638,G178325_PS_01
2.0,639,G178325_PS_02
2.0,640,G178325_PS_01
2.0,641,G178325_PS_01
2.0,642,G178325_PS_02
2.0,643,G178325_PS_03
2.0,644,G178325_PS_02
2.0,645,G178325_PS_02
2.0,646,G178325_PS_02
2.0,647,G178325_PS_01
2.0,648,G178325_PS_01
2.0,649,G178325_PS_01
2.0,650,G178325_PS_02
2.0,651,G178325_PS_01
2.0,652,G178325_PS_01
2.0,653,G178325_PS_02
2.0,654,G178325_PS_01
2.0,655,G178325_PS_02
2.0,656,G178325_PS_01
2.0,657,G178325_PS_01
2.0,658,G178325_PS_01
2.0,659,G178325_PS_01
2.0,660,G178325_PS_01
2.0,661,G178325_PS_02
2.0,662,G178325_PS_02
2.0,663,G178325_PS_01
2.0,664,G178325_PS_01
2.0,665,G178325_PS_02
2.0,666,G178325_PS_02
2.0,667,G178325_PS_02
2.0,668,G178325_PS_02
2.0,669,G178325_PS_01
2.0,670,G178325_PS_02
2.0,671,G178325_PS_01
2.0,672,G178325_PS_01
2.0,673,G178325_PS_02
2.0,674,G178325_PS_02
2.0,675,G178325_PS_01
2.0,676,G178325_PS_01
2.0,677,G178325_PS_02
2.0,678,G178325_PS_01
2.0,679,G178325_PS_01
2.0,680,G178325_PS_01
2.0,681,G178325_PS_01
2.0,682,G178325_PS_01
2.0,683,G178325_PS_01
2.0,684,G178325_PS_01
2.0,685,G178325_PS_01
2.0,686,G178325_PS_01
2.0,687,G178325_PS_01
2.0,688,G178325_PS_02
2.0,689,G178325_PS_02
2.0,690,G178325_PS_01
2.0,691,G178325_PS_01
2.0,692,G178325_PS_01
2.0,693,G178325_PS_02
2.0,694,G178325_PS_01
2.0,695,G178325_PS_01
2.0,696,G178325_PS_01
2.0,697,G178325_PS_01
2.0,698,G178325_PS_01
2.0,699,G178325_PS_01
2.0,700,G178325_PS_01
2.0,701,G178325_PS_02
2.0,702,G178325_PS_03
2.0,703,G178325_PS_01
2.0,704,G178325_PS_02
2.0,705,G178325_PS_01
2.0,706,G178325_PS_02
2.0,707,G178325_PS_02
2.0,708,G178325_PS_03
2.0,709,G178325_PS_03
2.0,710,G178325_PS_02
2.0,711,G178325_PS_01
2.0,712,G178325_PS_02
2.0,713,G178325_PS_03
2.0,714,G178325_PS_02
2.0,715,G178325_PS_01
2.0,716,G178325_PS_01
2.0,717,G178325_PS_02
2.0,718,G178325_PS_02
2.0,719,G178325_PS_01
2.0,720,G178325_PS_01
2.0,721,G178325_PS_01
2.0,722,G178325_PS_03
2.0,723,G178325_PS_01
2.0,724,G178325_PS_03
2.0,725,G178325_PS_01
2.0,726,G178325_PS_01
2.0,727,G178325_PS_01
2.0,728,G178325_PS_01
2.0,729,G178325_PS_01
2.0,730,G178325_PS_01
2.0,731,G178325_PS_01
2.0,732,G178325_PS_01
2.0,733,G178325_PS_02
2.0,734,G178325_PS_01
2.0,735,G178325_PS_01
2.0,736,G178325_PS_01
2.0,737,G178325_PS_01
2.0,738,G178325_PS_01
2.0,739,G178325_PS_01
2.0,740,G178325_PS_01
2.0,741,G178325_PS_02
2.0,742,G178325_PS_01
2.0,743,G178325_PS_01
2.0,744,G178325_PS_01
2.0,745,G178325_PS_01
2.0,746,G178325_PS_01
2.0,747,G178325_PS_02
2.0,748,G178325_PS_01
2.0,749,G178325_PS_02
2.0,750,G178325_PS_02
2.0,751,G178325_PS_02
2.0,752,G178325_PS_01
2.0,753,G178325_PS_02
2.0,754,G178325_PS_02
2.0,755,G178325_PS_03
2.0,756,G178325_PS_02
2.0,757,G178325_PS_03
2.0,758,G178325_PS_02
2.0,759,G178325_PS_02
2.0,760,G178325_PS_01
2.0,761,G178325_PS_01
2.0,762,G178325_PS_02
2.0,763,G178325_PS_01
2.0,764,G178325_PS_01
2.0,765,G178325_PS_02
2.0,766,G178325_PS_03
2.0,767,G178325_PS_01
2.0,768,G178325_PS_01
2.0,769,G178325_PS_02
2.0,770,G178325_PS_01
2.0,771,G178325_PS_03
2.0,772,G178325_PS_01
2.0,773,G178325_PS_01
2.0,774,G178325_PS_01
2.0,775,G178325_PS_01
2.0,776,G178325_PS_02
2.0,777,G178325_PS_01
2.0,778,G178325_PS_01
2.0,779,G178325_PS_01
2.0,780,G178325_PS_01
2.0,781,G178325_PS_01
2.0,782,G178325_PS_01
2.0,783,G178325_PS_02
2.0,784,G178325_PS_03
2.0,785,G178325_PS_01
2.0,786,G178325_PS_03
2.0,787,G178325_PS_02
2.0,788,G178325_PS_01
2.0,789,G178325_PS_03
2.0,790,G178325_PS_02
2.0,791,G178325_PS_01
2.0,792,G178325_PS_02
2.0,793,G178325_PS_01
2.0,794,G178325_PS_01
2.0,795,G178325_PS_01
2.0,796,G178325_PS_01
2.0,797,G178325_PS_03
2.0,798,G178325_PS_01
2.0,799,G178325_PS_02
2.0,800,G178325_PS_02
2.0,801,G178325_PS_02
2.0,802,G178325_PS_01
2.0,803,G178325_PS_02
2.0,804,G178325_PS_01
2.0,805,G178325_PS_02
2.0,806,G178325_PS_01
2.0,807,G178325_PS_01
2.0,808,G178325_PS_01
2.0,809,G178325_PS_02
2.0,810,G178325_PS_01
2.0,811,G178325_PS_01
2.0,812,G178325_PS_01
2.0,813,G178325_PS_01
2.0,814,G178325_PS_01
2.0,815,G178325_PS_02
2.0,816,G178325_PS_02
2.0,817,G178325_PS_01
2.0,818,G178325_PS_02
2.0,819,G178325_PS_02
2.0,820,G178325_PS_01
2.0,821,G178325_PS_01
2.0,822,G178325_PS_01
2.0,823,G178325_PS_03
2.0,824,G178325_PS_02
2.0,825,G178325_PS_02
2.0,826,G178325_PS_01
2.0,827,G178325_PS_01
2.0,828,G178325_PS_01
2.0,829,G178325_PS_02
2.0,830,G178325_PS_02
2.0,831,G178325_PS_02
2.0,832,G178325_PS_02
2.0,833,G178325_PS_01
2.0,834,G178325_PS_01
2.0,835,G178325_PS_02
2.0,836,G178325_PS_02
2.0,837,G178325_PS_03
2.0,838,G178325_PS_01
2.0,839,G178325_PS_01
2.0,840,G178325_PS_01
2.0,841,G178325_PS_02
2.0,842,G178325_PS_03
2.0,843,G178325_PS_02
2.0,844,G178325_PS_01
2.0,845,G178325_PS_01
2.0,846,G178325_PS_02
2.0,847,G178325_PS_02
2.0,848,G178325_PS_01
2.0,849,G178325_PS_02
2.0,850,G178325_PS_01
2.0,851,G178325_PS_01
2.0,852,G178325_PS_01
2.0,853,G178325_PS_02
2.0,854,G178325_PS_02
2.0,855,G178325_PS_01
2.0,856,G178325_PS_02
2.0,857,G178325_PS_02
2.0,858,G178325_PS_02
2.0,859,G178325_PS_01
2.0,860,G178325_PS_01
2.0,861,G178325_PS_01
2.0,862,G178325_PS_01
2.0,863,G178325_PS_03
2.0,864,G178325_PS_02
2.0,865,G178325_PS_01
2.0,866,G178325_PS_01
2.0,867,G178325_PS_02
2.0,868,G178325_PS_01
2.0,869,G178325_PS_01
2.0,870,G178325_PS_02
2.0,871,G178325_PS_02
2.0,872,G178325_PS_01
2.0,873,G178325_PS_02
2.0,874,G178325_PS_02
2.0,875,G178325_PS_02
2.0,876,G178325_PS_02
2.0,877,G178325_PS_02
2.0,878,G178325_PS_03
2.0,879,G178325_PS_01
2.0,880,G178325_PS_02
2.0,881,G178325_PS_03
2.0,882,G178325_PS_01
2.0,883,G178325_PS_02
2.0,884,G178325_PS_01
2.0,885,G178325_PS_02
2.0,886,G178325_PS_01
2.0,887,G178325_PS_02
2.0,888,G178325_PS_01
2.0,889,G178325_PS_02
2.0,890,G178325_PS_02
2.0,891,G178325_PS_01
2.0,892,G178325_PS_02
2.0,893,G178325_PS_01
2.0,894,G178325_PS_02
2.0,895,G178325_PS_01
2.0,896,G178325_PS_01
2.0,897,G178325_PS_02
2.0,898,G178325_PS_01
2.0,899,G178325_PS_01
2.0,900,G178325_PS_01
2.0,901,G178325_PS_01
2.0,902,G178325_PS_01
2.0,903,G178325_PS_02
2.0,904,G178325_PS_01
2.0,905,G178325_PS_01
2.0,906,G178325_PS_01
2.0,907,G178325_PS_02
2.0,908,G178325_PS_01
2.0,909,G178325_PS_02
2.0,910,G178325_PS_01
2.0,911,G178325_PS_01
2.0,912,G178325_PS_01
2.0,913,G178325_PS_02
2.0,914,G178325_PS_03
2.0,915,G178325_PS_02
2.0,916,G178325_PS_02
2.0,917,G178325_PS_01
2.0,918,G178325_PS_01
2.0,919,G178325_PS_01
2.0,920,G178325_PS_03
2.0,921,G178325_PS_01
2.0,922,G178325_PS_01
2.0,923,G178325_PS_02
2.0,924,G178325_PS_02
2.0,925,G178325_PS_02
2.0,926,G178325_PS_03
2.0,927,G178325_PS_02
2.0,928,G178325_PS_01
2.0,929,G178325_PS_01
2.0,930,G178325_PS_01
2.0,931,G178325_PS_01
2.0,932,G178325_PS_01
2.0,933,G178325_PS_01
2.0,934,G178325_PS_01
2.0,935,G178325_PS_01
2.0,936,G178325_PS_03
2.0,937,G178325_PS_01
2.0,938,G178325_PS_01
2.0,939,G178325_PS_01
2.0,940,G178325_PS_02
2.0,941,G178325_PS_02
2.0,942,G178325_PS_01
2.0,943,G178325_PS_02
2.0,944,G178325_PS_01
2.0,945,G178325_PS_01
2.0,946,G178325_PS_01
2.0,947,G178325_PS_01
2.0,948,G178325_PS_02
2.0,949,G178325_PS_02
2.0,950,G178325_PS_01
2.0,951,G178325_PS_01
2.0,952,G178325_PS_01
2.0,953,G178325_PS_02
2.0,954,G178325_PS_01
2.0,955,G178325_PS_01
2.0,956,G178325_PS_02
2.0,957,G178325_PS_01
2.0,958,G178325_PS_01
2.0,959,G178325_PS_01
2.0,960,G178325_PS_01
2.0,961,G178325_PS_01
2.0,962,G178325_PS_01
2.0,963,G178325_PS_01
2.0,964,G178325_PS_02
2.0,965,G178325_PS_01
2.0,966,G178325_PS_01
2.0,967,G178325_PS_02
2.0,968,G178325_PS_02
2.0,969,G178325_PS_03
2.0,970,G178325_PS_03
2.0,971,G178325_PS_01
2.0,972,G178325_PS_01
2.0,973,G178325_PS_03
2.0,974,G178325_PS_01
2.0,975,G178325_PS_02
2.0,976,G178325_PS_02
2.0,977,G178325_PS_01
2.0,978,G178325_PS_02
2.0,979,G178325_PS_03
2.0,980,G178325_PS_02
2.0,981,G178325_PS_03
2.0,982,G178325_PS_03
2.0,983,G178325_PS_02
2.0,984,G178325_PS_01
2.0,985,G178325_PS_01
2.0,986,G178325_PS_01
2.0,987,G178325_PS_01
2.0,988,G178325_PS_01
2.0,989,G178325_PS_01
2.0,990,G178325_PS_01
2.0,991,G178325_PS_02
2.0,992,G178325_PS_02
2.0,993,G178325_PS_01
2.0,994,G178325_PS_01
2.0,995,G178325_PS_01
2.0,996,G178325_PS_01
2.0,997,G178325_PS_02
2.0,998,G178325_PS_02
2.0,999,G178325_PS_01
2.0,1000,G178325_PS_02
2.0,1001,G178325_PS_03
2.0,1002,G178325_PS_02
2.0,1003,G178325_PS_02
2.0,1004,G178325_PS_02
2.0,1005,G178325_PS_02
2.0,1006,G178325_PS_03
2.0,1007,G178325_PS_03
2.0,1008,G178325_PS_01
2.0,1009,G178325_PS_01
2.0,1010,G178325_PS_02
2.0,1011,G178325_PS_01
2.0,1012,G178325_PS_01
2.0,1013,G178325_PS_01
2.0,1014,G178325_PS_02
2.0,1015,G178325_PS_02
2.0,1016,G178325_PS_01
2.0,1017,G178325_PS_02
2.0,1018,G178325_PS_02
2.0,1019,G178325_PS_02
2.0,1020,G178325_PS_01
2.0,1021,G178325_PS_01
2.0,1022,G178325_PS_03
2.0,1023,G178325_PS_03
2.0,1024,G178325_PS_01
2.0,1025,G178325_PS_02
2.0,1026,G178325_PS_01
2.0,1027,G178325_PS_02
2.0,1028,G178325_PS_01
2.0,1029,G178325_PS_03
2.0,1030,G178325_PS_02
2.0,1031,G178325_PS_01
2.0,1032,G178325_PS_01
2.0,1033,G178325_PS_01
2.0,1034,G178325_PS_01
2.0,1035,G178325_PS_01
2.0,1036,G178325_PS_02
2.0,1037,G178325_PS_02
2.0,1038,G178325_PS_02
2.0,1039,G178325_PS_02
2.0,1040,G178325_PS_02
2.0,1041,G178325_PS_01
2.0,1042,G178325_PS_01
2.0,1043,G178325_PS_01
2.0,1044,G178325_PS_01
2.0,1045,G178325_PS_03
2.0,1046,G178325_PS_02
2.0,1047,G178325_PS_03
2.0,1048,G178325_PS_01
2.0,1049,G178325_PS_01
2.0,1050,G178325_PS_01
2.0,1051,G178325_PS_01
2.0,1052,G178325_PS_01
2.0,1053,G178325_PS_02
2.0,1054,G178325_PS_01
2.0,1055,G178325_PS_01
2.0,1056,G178325_PS_02
2.0,1057,G178325_PS_01
2.0,1058,G178325_PS_02
2.0,1059,G178325_PS_01
2.0,1060,G178325_PS_01
2.0,1061,G178325_PS_03
2.0,1062,G178325_PS_02
2.0,1063,G178325_PS_02
2.0,1064,G178325_PS_02
2.0,1065,G178325_PS_02
2.0,1066,G178325_PS_01
2.0,1067,G178325_PS_01
2.0,1068,G178325_PS_01
2.0,1069,G178325_PS_02
2.0,1070,G178325_PS_03
2.0,1071,G178325_PS_02
2.0,1072,G178325_PS_01
2.0,1073,G178325_PS_01
2.0,1074,G178325_PS_02
2.0,1075,G178325_PS_02
2.0,1076,G178325_PS_01
2.0,1077,G178325_PS_01
2.0,1078,G178325_PS_01
2.0,1079,G178325_PS_02
2.0,1080,G178325_PS_02
2.0,1081,G178325_PS_01
2.0,1082,G178325_PS_01
2.0,1083,G178325_PS_02
2.0,1084,G178325_PS_01
2.0,1085,G178325_PS_02
2.0,1086,G178325_PS_01
2.0,1087,G178325_PS_01
2.0,1088,G178325_PS_03
2.0,1089,G178325_PS_01
2.0,1090,G178325_PS_03
2.0,1091,G178325_PS_01
2.0,1092,G178325_PS_03
2.0,1093,G178325_PS_01
2.0,1094,G178325_PS_03
2.0,1095,G178325_PS_02
2.0,1096,G178325_PS_01
2.0,1097,G178325_PS_01
2.0,1098,G178325_PS_03
2.0,1099,G178325_PS_01
2.0,1100,G178325_PS_02
2.0,1101,G178325_PS_01
2.0,1102,G178325_PS_02
2.0,1103,G178325_PS_01
2.0,1104,G178325_PS_01
2.0,1105,G178325_PS_01
2.0,1106,G178325_PS_02
2.0,1107,G178325_PS_02
2.0,1108,G178325_PS_01
2.0,1109,G178325_PS_01
2.0,1110,G178325_PS_01
2.0,1111,G178325_PS_03
2.0,1112,G178325_PS_02
2.0,1113,G178325_PS_01
2.0,1114,G178325_PS_01
2.0,1115,G178325_PS_01
2.0,1116,G178325_PS_01
2.0,1117,G178325_PS_01
2.0,1118,G178325_PS_01
2.0,1119,G178325_PS_02
2.0,1120,G178325_PS_03
2.0,1121,G178325_PS_01
2.0,1122,G178325_PS_01
2.0,1123,G178325_PS_03
2.0,1124,G178325_PS_02
2.0,1125,G178325_PS_01
2.0,1126,G178325_PS_01
2.0,1127,G178325_PS_02
2.0,1128,G178325_PS_01
2.0,1129,G178325_PS_01
2.0,1130,G178325_PS_02
2.0,1131,G178325_PS_01
2.0,1132,G178325_PS_01
2.0,1133,G178325_PS_01
2.0,1134,G178325_PS_01
2.0,1135,G178325_PS_02
2.0,1136,G178325_PS_02
2.0,1137,G178325_PS_01
2.0,1138,G178325_PS_01
2.0,1139,G178325_PS_02
2.0,1140,G178325_PS_03
2.0,1141,G178325_PS_03
2.0,1142,G178325_PS_01
2.0,1143,G178325_PS_01
2.0,1144,G178325_PS_02
2.0,1145,G178325_PS_02
2.0,1146,G178325_PS_01
2.0,1147,G178325_PS_02
2.0,1148,G178325_PS_01
2.0,1149,G178325_PS_01
2.0,1150,G178325_PS_02
2.0,1151,G178325_PS_01
2.0,1152,G178325_PS_01
2.0,1153,G178325_PS_01
2.0,1154,G178325_PS_02
2.0,1155,G178325_PS_01
2.0,1156,G178325_PS_02
2.0,1157,G178325_PS_01
2.0,1158,G178325_PS_01
2.0,1159,G178325_PS_02
2.0,1160,G178325_PS_01
2.0,1161,G178325_PS_02
2.0,1162,G178325_PS_01
2.0,1163,G178325_PS_01
2.0,1164,G178325_PS_03
2.0,1165,G178325_PS_01
2.0,1166,G178325_PS_02
2.0,1167,G178325_PS_01
2.0,1168,G178325_PS_01
2.0,1169,G178325_PS_01
2.0,1170,G178325_PS_02
2.0,1171,G178325_PS_02
2.0,1172,G178325_PS_02
2.0,1173,G178325_PS_02
2.0,1174,G178325_PS_02
2.0,1175,G178325_PS_02
2.0,1176,G178325_PS_01
2.0,1177,G178325_PS_01
2.0,1178,G178325_PS_02
2.0,1179,G178325_PS_03
2.0,1180,G178325_PS_03
2.0,1181,G178325_PS_01
2.0,1182,G178325_PS_01
2.0,1183,G178325_PS_01
2.0,1184,G178325_PS_01
2.0,1185,G178325_PS_02
2.0,1186,G178325_PS_01
2.0,1187,G178325_PS_01
2.0,1188,G178325_PS_01
2.0,1189,G178325_PS_01
2.0,1190,G178325_PS_02
2.0,1191,G178325_PS_02
2.0,1192,G178325_PS_01
2.0,1193,G178325_PS_01
2.0,1194,G178325_PS_02
2.0,1195,G178325_PS_01
2.0,1196,G178325_PS_02
2.0,1197,G178325_PS_01
2.0,1198,G178325_PS_01
2.0,1199,G178325_PS_02
2.0,1200,G178325_PS_02
2.0,1201,G178325_PS_03
2.0,1202,G178325_PS_02
2.0,1203,G178325_PS_03
2.0,1204,G178325_PS_02
2.0,1205,G178325_PS_01
2.0,1206,G178325_PS_01
2.0,1207,G178325_PS_01
2.0,1208,G178325_PS_02
2.0,1209,G178325_PS_02
2.0,1210,G178325_PS_02
2.0,1211,G178325_PS_02
2.0,1212,G178325_PS_01
2.0,1213,G178325_PS_03
2.0,1214,G178325_PS_03
2.0,1215,G178325_PS_02
2.0,1216,G178325_PS_02
2.0,1217,G178325_PS_01
2.0,1218,G178325_PS_02
2.0,1219,G178325_PS_02
2.0,1220,G178325_PS_01
2.0,1221,G178325_PS_02
2.0,1222,G178325_PS_01
2.0,1223,G178325_PS_03
2.0,1224,G178325_PS_01
2.0,1225,G178325_PS_02
2.0,1226,G178325_PS_01
2.0,1227,G178325_PS_02
2.0,1228,G178325_PS_01
2.0,1229,G178325_PS_01
2.0,1230,G178325_PS_02
2.0,1231,G178325_PS_02
2.0,1232,G178325_PS_02
2.0,1233,G178325_PS_02
2.0,1234,G178325_PS_03
2.0,1235,G178325_PS_01
2.0,1236,G178325_PS_01
2.0,1237,G178325_PS_01
2.0,1238,G178325_PS_02
2.0,1239,G178325_PS_02
2.0,1240,G178325_PS_02
2.0,1241,G178325_PS_01
2.0,1242,G178325_PS_02
2.0,1243,G178325_PS_02
2.0,1244,G178325_PS_01
2.0,1245,G178325_PS_02
2.0,1246,G178325_PS_02
2.0,1247,G178325_PS_01
2.0,1248,G178325_PS_02
2.0,1249,G178325_PS_02
2.0,1250,G178325_PS_02
2.0,1251,G178325_PS_01
2.0,1252,G178325_PS_02
2.0,1253,G178325_PS_02
2.0,1254,G178325_PS_01
2.0,1255,G178325_PS_02
2.0,1256,G178325_PS_01
2.0,1257,G178325_PS_01
2.0,1258,G178325_PS_01
2.0,1259,G178325_PS_02
2.0,1260,G178325_PS_03
2.0,1261,G178325_PS_02
2.0,1262,G178325_PS_01
2.0,1263,G178325_PS_01
2.0,1264,G178325_PS_01
2.0,1265,G178325_PS_01
2.0,1266,G178325_PS_02
2.0,1267,G178325_PS_02
2.0,1268,G178325_PS_01
2.0,1269,G178325_PS_02
2.0,1270,G178325_PS_01
2.0,1271,G178325_PS_02
2.0,1272,G178325_PS_01
2.0,1273,G178325_PS_03
2.0,1274,G178325_PS_01
2.0,1275,G178325_PS_01
2.0,1276,G178325_PS_03
2.0,1277,G178325_PS_01
2.0,1278,G178325_PS_01
2.0,1279,G178325_PS_02
2.0,1280,G178325_PS_01
2.0,1281,G178325_PS_01
2.0,1282,G178325_PS_02
2.0,1283,G178325_PS_02
2.0,1284,G178325_PS_01
2.0,1285,G178325_PS_02
2.0,1286,G178325_PS_01
2.0,1287,G178325_PS_01
2.0,1288,G178325_PS_02
2.0,1289,G178325_PS_01
2.0,1290,G178325_PS_02
2.0,1291,G178325_PS_02
2.0,1292,G178325_PS_01
2.0,1293,G178325_PS_01
2.0,1294,G178325_PS_01
2.0,1295,G178325_PS_02
2.0,1296,G178325_PS_01
2.0,1297,G178325_PS_01
2.0,1298,G178325_PS_02
2.0,1299,G178325_PS_01
2.0,1300,G178325_PS_03
2.0,1301,G178325_PS_03
2.0,1302,G178325_PS_02
2.0,1303,G178325_PS_02
2.0,1304,G178325_PS_01
2.0,1305,G178325_PS_02
2.0,1306,G178325_PS_01
2.0,1307,G178325_PS_02
2.0,1308,G178325_PS_02
2.0,1309,G178325_PS_02
2.0,1310,G178325_PS_03
2.0,1311,G178325_PS_02
2.0,1312,G178325_PS_01
2.0,1313,G178325_PS_02
2.0,1314,G178325_PS_01
2.0,1315,G178325_PS_01
2.0,1316,G178325_PS_01
2.0,1317,G178325_PS_01
2.0,1318,G178325_PS_02
2.0,1319,G178325_PS_01
2.0,1320,G178325_PS_03
2.0,1321,G178325_PS_01
2.0,1322,G178325_PS_01
2.0,1323,G178325_PS_02
2.0,1324,G178325_PS_01
2.0,1325,G178325_PS_01
2.0,1326,G178325_PS_01
2.0,1327,G178325_PS_02
2.0,1328,G178325_PS_01
2.0,1329,G178325_PS_02
2.0,1330,G178325_PS_01
2.0,1331,G178325_PS_01
2.0,1332,G178325_PS_02
2.0,1333,G178325_PS_01
2.0,1334,G178325_PS_01
2.0,1335,G178325_PS_01
2.0,1336,G178325_PS_02
2.0,1337,G178325_PS_01
2.0,1338,G178325_PS_02
2.0,1339,G178325_PS_01
2.0,1340,G178325_PS_02
2.0,1341,G178325_PS_01
2.0,1342,G178325_PS_02
2.0,1343,G178325_PS_01
2.0,1344,G178325_PS_02
2.0,1345,G178325_PS_01
2.0,1346,G178325_PS_02
2.0,1347,G178325_PS_03
2.0,1348,G178325_PS_02
2.0,1349,G178325_PS_03
2.0,1350,G178325_PS_01
2.0,1351,G178325_PS_01
2.0,1352,G178325_PS_02
2.0,1353,G178325_PS_02
2.0,1354,G178325_PS_01
2.0,1355,G178325_PS_02
2.0,1356,G178325_PS_01
2.0,1357,G178325_PS_01
2.0,1358,G178325_PS_01
2.0,1359,G178325_PS_02
2.0,1360,G178325_PS_01
2.0,1361,G178325_PS_01
2.0,1362,G178325_PS_01
2.0,1363,G178325_PS_01
2.0,1364,G178325_PS_01
2.0,1365,G178325_PS_03
2.0,1366,G178325_PS_01
2.0,1367,G178325_PS_02
2.0,1368,G178325_PS_03
2.0,1369,G178325_PS_01
2.0,1370,G178325_PS_02
2.0,1371,G178325_PS_01
2.0,1372,G178325_PS_02
2.0,1373,G178325_PS_01
2.0,1374,G178325_PS_02
2.0,1375,G178325_PS_02
2.0,1376,G178325_PS_01
2.0,1377,G178325_PS_02
2.0,1378,G178325_PS_01
2.0,1379,G178325_PS_02
2.0,1380,G178325_PS_01
2.0,1381,G178325_PS_02
2.0,1382,G178325_PS_02
2.0,1383,G178325_PS_02
2.0,1384,G178325_PS_02
2.0,1385,G178325_PS_01
2.0,1386,G178325_PS_03
2.0,1387,G178325_PS_01
2.0,1388,G178325_PS_01
2.0,1389,G178325_PS_01
2.0,1390,G178325_PS_02
2.0,1391,G178325_PS_02
2.0,1392,G178325_PS_01
2.0,1393,G178325_PS_02
2.0,1394,G178325_PS_01
2.0,1395,G178325_PS_01
2.0,1396,G178325_PS_01
2.0,1397,G178325_PS_01
2.0,1398,G178325_PS_02
2.0,1399,G178325_PS_02
2.0,1400,G178325_PS_03
2.0,1401,G178325_PS_02
2.0,1402,G178325_PS_02
2.0,1403,G178325_PS_02
2.0,1404,G178325_PS_03
2.0,1405,G178325_PS_01
2.0,1406,G178325_PS_02
2.0,1407,G178325_PS_01
2.0,1408,G178325_PS_02
2.0,1409,G178325_PS_01
2.0,1410,G178325_PS_01
2.0,1411,G178325_PS_01
2.0,1412,G178325_PS_03
2.0,1413,G178325_PS_03
2.0,1414,G178325_PS_02
2.0,1415,G178325_PS_01
2.0,1416,G178325_PS_01
2.0,1417,G178325_PS_02
2.0,1418,G178325_PS_02
2.0,1419,G178325_PS_02
2.0,1420,G178325_PS_02
2.0,1421,G178325_PS_02
2.0,1422,G178325_PS_01
2.0,1423,G178325_PS_01
2.0,1424,G178325_PS_01
2.0,1425,G178325_PS_01
2.0,1426,G178325_PS_01
2.0,1427,G178325_PS_01
2.0,1428,G178325_PS_02
2.0,1429,G178325_PS_02
2.0,1430,G178325_PS_02
2.0,1431,G178325_PS_02
2.0,1432,G178325_PS_02
2.0,1433,G178325_PS_01
2.0,1434,G178325_PS_01
2.0,1435,G178325_PS_01
2.0,1436,G178325_PS_01
2.0,1437,G178325_PS_02
2.0,1438,G178325_PS_02
2.0,1439,G178325_PS_01
2.0,1440,G178325_PS_01
2.0,1441,G178325_PS_03
2.0,1442,G178325_PS_02
2.0,1443,G178325_PS_01
2.0,1444,G178325_PS_01
2.0,1445,G178325_PS_01
2.0,1446,G178325_PS_01
2.0,1447,G178325_PS_01
2.0,1448,G178325_PS_01
2.0,1449,G178325_PS_02
2.0,1450,G178325_PS_02
2.0,1451,G178325_PS_01
2.0,1452,G178325_PS_02
2.0,1453,G178325_PS_01
2.0,1454,G178325_PS_02
2.0,1455,G178325_PS_02
2.0,1456,G178325_PS_01
2.0,1457,G178325_PS_03
2.0,1458,G178325_PS_02
2.0,1459,G178325_PS_03
2.0,1460,G178325_PS_03
2.0,1461,G178325_PS_02
2.0,1462,G178325_PS_01
2.0,1463,G178325_PS_01
2.0,1464,G178325_PS_02
2.0,1465,G178325_PS_01
2.0,1466,G178325_PS_01
2.0,1467,G178325_PS_01
2.0,1468,G178325_PS_02
2.0,1469,G178325_PS_02
2.0,1470,G178325_PS_02
2.0,1471,G178325_PS_02
2.0,1472,G178325_PS_02
2.0,1473,G178325_PS_02
2.0,1474,G178325_PS_01
2.0,1475,G178325_PS_02
2.0,1476,G178325_PS_02
2.0,1477,G178325_PS_01
2.0,1478,G178325_PS_01
2.0,1479,G178325_PS_02
2.0,1480,G178325_PS_02
2.0,1481,G178325_PS_03
2.0,1482,G178325_PS_03
2.0,1483,G178325_PS_02
2.0,1484,G178325_PS_03
2.0,1485,G178325_PS_01
2.0,1486,G178325_PS_03
2.0,1487,G178325_PS_02
2.0,1488,G178325_PS_02
2.0,1489,G178325_PS_02
2.0,1490,G178325_PS_03
2.0,1491,G178325_PS_03
2.0,1492,G178325_PS_01
2.0,1493,G178325_PS_02
2.0,1494,G178325_PS_01
2.0,1495,G178325_PS_03
2.0,1496,G178325_PS_01
2.0,1497,G178325_PS_02
2.0,1498,G178325_PS_02
2.0,1499,G178325_PS_01
2.0,1500,G178325_PS_01
2.0,1501,G178325_PS_01
2.0,1502,G178325_PS_01
2.0,1503,G178325_PS_02
2.0,1504,G178325_PS_02
2.0,1505,G178325_PS_03
2.0,1506,G178325_PS_01
2.0,1507,G178325_PS_01
2.0,1508,G178325_PS_02
2.0,1509,G178325_PS_01
2.0,1510,G178325_PS_02
2.0,1511,G178325_PS_01
2.0,1512,G178325_PS_01
2.0,1513,G178325_PS_03
2.0,1514,G178325_PS_01
2.0,1515,G178325_PS_02
2.0,1516,G178325_PS_01
2.0,1517,G178325_PS_02
2.0,1518,G178325_PS_01
2.0,1519,G178325_PS_01
2.0,1520,G178325_PS_01
2.0,1521,G178325_PS_02
2.0,1522,G178325_PS_01
2.0,1523,G178325_PS_01
2.0,1524,G178325_PS_02
2.0,1525,G178325_PS_01
2.0,1526,G178325_PS_02
2.0,1527,G178325_PS_02
2.0,1528,G178325_PS_01
2.0,1529,G178325_PS_02
2.0,1530,G178325_PS_02
2.0,1531,G178325_PS_01
2.0,1532,G178325_PS_01
2.0,1533,G178325_PS_01
2.0,1534,G178325_PS_01
2.0,1535,G178325_PS_01
2.0,1536,G178325_PS_01
2.0,1537,G178325_PS_01
2.0,1538,G178325_PS_02
2.0,1539,G178325_PS_02
2.0,1540,G178325_PS_01
2.0,1541,G178325_PS_01
2.0,1542,G178325_PS_01
2.0,1543,G178325_PS_01
2.0,1544,G178325_PS_03
2.0,1545,G178325_PS_03
2.0,1546,G178325_PS_01
2.0,1547,G178325_PS_01
2.0,1548,G178325_PS_01
2.0,1549,G178325_PS_01
2.0,1550,G178325_PS_01
2.0,1551,G178325_PS_01
2.0,1552,G178325_PS_02
2.0,1553,G178325_PS_01
2.0,1554,G178325_PS_01
2.0,1555,G178325_PS_02
2.0,1556,G178325_PS_01
2.0,1557,G178325_PS_01
2.0,1558,G178325_PS_01
2.0,1559,G178325_PS_01
2.0,1560,G178325_PS_03
2.0,1561,G178325_PS_01
2.0,1562,G178325_PS_01
2.0,1563,G178325_PS_02
2.0,1564,G178325_PS_02
2.0,1565,G178325_PS_01
2.0,1566,G178325_PS_03
2.0,1567,G178325_PS_01
2.0,1568,G178325_PS_02
2.0,1569,G178325_PS_01
2.0,1570,G178325_PS_01
2.0,1571,G178325_PS_01
2.0,1572,G178325_PS_01
2.0,1573,G178325_PS_02
2.0,1574,G178325_PS_02
2.0,1575,G178325_PS_02
2.0,1576,G178325_PS_01
2.0,1577,G178325_PS_01
2.0,1578,G178325_PS_01
2.0,1579,G178325_PS_03
2.0,1580,G178325_PS_01
2.0,1581,G178325_PS_01
2.0,1582,G178325_PS_02
2.0,1583,G178325_PS_01
2.0,1584,G178325_PS_01
2.0,1585,G178325_PS_01
2.0,1586,G178325_PS_01
2.0,1587,G178325_PS_02
2.0,1588,G178325_PS_03
2.0,1589,G178325_PS_02
2.0,1590,G178325_PS_02
2.0,1591,G178325_PS_01
2.0,1592,G178325_PS_01
2.0,1593,G178325_PS_01
2.0,1594,G178325_PS_01
2.0,1595,G178325_PS_01
2.0,1596,G178325_PS_01
2.0,1597,G178325_PS_01
2.0,1598,G178325_PS_03
2.0,1599,G178325_PS_02
2.0,1600,G178325_PS_03
2.0,1601,G178325_PS_02
2.0,1602,G178325_PS_01
2.0,1603,G178325_PS_02
2.0,1604,G178325_PS_02
2.0,1605,G178325_PS_01
2.0,1606,G178325_PS_01
2.0,1607,G178325_PS_02
2.0,1608,G178325_PS_03
2.0,1609,G178325_PS_01
2.0,1610,G178325_PS_01
2.0,1611,G178325_PS_02
2.0,1612,G178325_PS_02
2.0,1613,G178325_PS_01
2.0,1614,G178325_PS_02
2.0,1615,G178325_PS_02
2.0,1616,G178325_PS_03
2.0,1617,G178325_PS_01
2.0,1618,G178325_PS_02
2.0,1619,G178325_PS_03
2.0,1620,G178325_PS_02
2.0,1621,G178325_PS_01
2.0,1622,G178325_PS_01
2.0,1623,G178325_PS_01
2.0,1624,G178325_PS_01
2.0,1625,G178325_PS_02
2.0,1626,G178325_PS_02
2.0,1627,G178325_PS_02
2.0,1628,G178325_PS_02
2.0,1629,G178325_PS_02
2.0,1630,G178325_PS_02
2.0,1631,G178325_PS_01
2.0,1632,G178325_PS_02
2.0,1633,G178325_PS_03
2.0,1634,G178325_PS_01
2.0,1635,G178325_PS_01
2.0,1636,G178325_PS_01
2.0,1637,G178325_PS_03
2.0,1638,G178325_PS_01
2.0,1639,G178325_PS_01
2.0,1640,G178325_PS_01
2.0,1641,G178325_PS_01
2.0,1642,G178325_PS_01
2.0,1643,G178325_PS_01
2.0,1644,G178325_PS_02
2.0,1645,G178325_PS_01
2.0,1646,G178325_PS_02
2.0,1647,G178325_PS_01
2.0,1648,G178325_PS_02
2.0,1649,G178325_PS_01
2.0,1650,G178325_PS_01
2.0,1651,G178325_PS_02
2.0,1652,G178325_PS_01
2.0,1653,G178325_PS_01
2.0,1654,G178325_PS_01
2.0,1655,G178325_PS_02
2.0,1656,G178325_PS_02
2.0,1657,G178325_PS_02
2.0,1658,G178325_PS_01
2.0,1659,G178325_PS_01
2.0,1660,G178325_PS_03
2.0,1661,G178325_PS_03
2.0,1662,G178325_PS_01
2.0,1663,G178325_PS_01
2.0,1664,G178325_PS_01
2.0,1665,G178325_PS_03
2.0,1666,G178325_PS_01
2.0,1667,G178325_PS_02
2.0,1668,G178325_PS_03
2.0,1669,G178325_PS_01
2.0,1670,G178325_PS_02
2.0,1671,G178325_PS_01
2.0,1672,G178325_PS_01
2.0,1673,G178325_PS_01
2.0,1674,G178325_PS_02
2.0,1675,G178325_PS_02
2.0,1676,G178325_PS_02
2.0,1677,G178325_PS_03
2.0,1678,G178325_PS_01
2.0,1679,G178325_PS_01
2.0,1680,G178325_PS_01
2.0,1681,G178325_PS_01
2.0,1682,G178325_PS_02
2.0,1683,G178325_PS_01
2.0,1684,G178325_PS_01
2.0,1685,G178325_PS_01
2.0,1686,G178325_PS_01
2.0,1687,G178325_PS_01
2.0,1688,G178325_PS_01
2.0,1689,G178325_PS_01
2.0,1690,G178325_PS_02
2.0,1691,G178325_PS_02
2.0,1692,G178325_PS_01
2.0,1693,G178325_PS_02
2.0,1694,G178325_PS_02
2.0,1695,G178325_PS_01
2.0,1696,G178325_PS_02
2.0,1697,G178325_PS_01
2.0,1698,G178325_PS_02
2.0,1699,G178325_PS_01
2.0,1700,G178325_PS_01
2.0,1701,G178325_PS_02
2.0,1702,G178325_PS_03
2.0,1703,G178325_PS_01
2.0,1704,G178325_PS_01
2.0,1705,G178325_PS_01
2.0,1706,G178325_PS_01
2.0,1707,G178325_PS_01
2.0,1708,G178325_PS_02
2.0,1709,G178325_PS_02
2.0,1710,G178325_PS_01
2.0,1711,G178325_PS_02
2.0,1712,G178325_PS_02
2.0,1713,G178325_PS_01
2.0,1714,G178325_PS_01
2.0,1715,G178325_PS_02
2.0,1716,G178325_PS_02
2.0,1717,G178325_PS_01
2.0,1718,G178325_PS_02
2.0,1719,G178325_PS_01
2.0,1720,G178325_PS_03
2.0,1721,G178325_PS_01
2.0,1722,G178325_PS_01
2.0,1723,G178325_PS_02
2.0,1724,G178325_PS_03
2.0,1725,G178325_PS_01
2.0,1726,G178325_PS_01
2.0,1727,G178325_PS_02
2.0,1728,G178325_PS_01
2.0,1729,G178325_PS_01
2.0,1730,G178325_PS_02
2.0,1731,G178325_PS_02
2.0,1732,G178325_PS_03
2.0,1733,G178325_PS_01
2.0,1734,G178325_PS_02
2.0,1735,G178325_PS_01
2.0,1736,G178325_PS_01
2.0,1737,G178325_PS_02
2.0,1738,G178325_PS_02
2.0,1739,G178325_PS_02
2.0,1740,G178325_PS_01
2.0,1741,G178325_PS_02
2.0,1742,G178325_PS_02
2.0,1743,G178325_PS_01
2.0,1744,G178325_PS_02
2.0,1745,G178325_PS_01
2.0,1746,G178325_PS_02
2.0,1747,G178325_PS_03
2.0,1748,G178325_PS_01
2.0,1749,G178325_PS_02
2.0,1750,G178325_PS_01
2.0,1751,G178325_PS_01
2.0,1752,G178325_PS_02
2.0,1753,G178325_PS_02
2.0,1754,G178325_PS_02
2.0,1755,G178325_PS_02
2.0,1756,G178325_PS_01
2.0,1757,G178325_PS_01
2.0,1758,G178325_PS_02
2.0,1759,G178325_PS_01
2.0,1760,G178325_PS_02
2.0,1761,G178325_PS_01
2.0,1762,G178325_PS_01
2.0,1763,G178325_PS_02
2.0,1764,G178325_PS_01
2.0,1765,G178325_PS_01
2.0,1766,G178325_PS_02
2.0,1767,G178325_PS_02
2.0,1768,G178325_PS_01
2.0,1769,G178325_PS_01
2.0,1770,G178325_PS_01
2.0,1771,G178325_PS_01
2.0,1772,G178325_PS_02
2.0,1773,G178325_PS_02
2.0,1774,G178325_PS_02
2.0,1775,G178325_PS_01
2.0,1776,G178325_PS_03
2.0,1777,G178325_PS_01
2.0,1778,G178325_PS_02
2.0,1779,G178325_PS_03
2.0,1780,G178325_PS_02
2.0,1781,G178325_PS_02
2.0,1782,G178325_PS_01
2.0,1783,G178325_PS_02
2.0,1784,G178325_PS_01
2.0,1785,G178325_PS_01
2.0,1786,G178325_PS_01
2.0,1787,G178325_PS_01
2.0,1788,G178325_PS_01
2.0,1789,G178325_PS_02
2.0,1790,G178325_PS_02
2.0,1791,G178325_PS_01
2.0,1792,G178325_PS_01
2.0,1793,G178325_PS_01
2.0,1794,G178325_PS_01
2.0,1795,G178325_PS_01
2.0,1796,G178325_PS_02
2.0,1797,G178325_PS_01
2.0,1798,G178325_PS_01
2.0,1799,G178325_PS_02
2.0,1800,G178325_PS_01
2.0,1801,G178325_PS_01
2.0,1802,G178325_PS_01
2.0,1803,G178325_PS_02
2.0,1804,G178325_PS_01
2.0,1805,G178325_PS_01
2.0,1806,G178325_PS_01
2.0,1807,G178325_PS_01
2.0,1808,G178325_PS_02
2.0,1809,G178325_PS_02
2.0,1810,G178325_PS_01
2.0,1811,G178325_PS_03
2.0,1812,G178325_PS_01
2.0,1813,G178325_PS_01
2.0,1814,G178325_PS_01
2.0,1815,G178325_PS_02
2.0,1816,G178325_PS_03
2.0,1817,G178325_PS_02
2.0,1818,G178325_PS_02
2.0,1819,G178325_PS_02
2.0,1820,G178325_PS_01
2.0,1821,G178325_PS_02
2.0,1822,G178325_PS_02
2.0,1823,G178325_PS_02
2.0,1824,G178325_PS_02
2.0,1825,G178325_PS_01
2.0,1826,G178325_PS_02
2.0,1827,G178325_PS_01
2.0,1828,G178325_PS_02
2.0,1829,G178325_PS_01
2.0,1830,G178325_PS_02
2.0,1831,G178325_PS_01
2.0,1832,G178325_PS_02
2.0,1833,G178325_PS_01
2.0,1834,G178325_PS_01
2.0,1835,G178325_PS_02
2.0,1836,G178325_PS_01
2.0,1837,G178325_PS_01
2.0,1838,G178325_PS_01
2.0,1839,G178325_PS_01
2.0,1840,G178325_PS_02
2.0,1841,G178325_PS_03
2.0,1842,G178325_PS_01
2.0,1843,G178325_PS_02
2.0,1844,G178325_PS_01
2.0,1845,G178325_PS_02
2.0,1846,G178325_PS_01
2.0,1847,G178325_PS_03
2.0,1848,G178325_PS_03
2.0,1849,G178325_PS_01
2.0,1850,G178325_PS_02
2.0,1851,G178325_PS_02
2.0,1852,G178325_PS_01
2.0,1853,G178325_PS_02
2.0,1854,G178325_PS_01
2.0,1855,G178325_PS_02
2.0,1856,G178325_PS_02
2.0,1857,G178325_PS_01
2.0,1858,G178325_PS_02
2.0,1859,G178325_PS_01
2.0,1860,G178325_PS_03
2.0,1861,G178325_PS_03
2.0,1862,G178325_PS_01
2.0,1863,G178325_PS_03
2.0,1864,G178325_PS_02
2.0,1865,G178325_PS_01
2.0,1866,G178325_PS_01
2.0,1867,G178325_PS_02
2.0,1868,G178325_PS_02
2.0,1869,G178325_PS_02
2.0,1870,G178325_PS_03
2.0,1871,G178325_PS_02
2.0,1872,G178325_PS_01
2.0,1873,G178325_PS_02
2.0,1874,G178325_PS_02
2.0,1875,G178325_PS_02
2.0,1876,G178325_PS_01
2.0,1877,G178325_PS_01
2.0,1878,G178325_PS_02
2.0,1879,G178325_PS_01
2.0,1880,G178325_PS_02
2.0,1881,G178325_PS_02
2.0,1882,G178325_PS_02
2.0,1883,G178325_PS_01
2.0,1884,G178325_PS_01
2.0,1885,G178325_PS_01
2.0,1886,G178325_PS_01
2.0,1887,G178325_PS_01
2.0,1888,G178325_PS_02
2.0,1889,G178325_PS_01
2.0,1890,G178325_PS_02
2.0,1891,G178325_PS_02
2.0,1892,G178325_PS_02
2.0,1893,G178325_PS_02
2.0,1894,G178325_PS_01
2.0,1895,G178325_PS_01
2.0,1896,G178325_PS_01
2.0,1897,G178325_PS_01
2.0,1898,G178325_PS_01
2.0,1899,G178325_PS_01
2.0,1900,G178325_PS_02
2.0,1901,G178325_PS_01
2.0,1902,G178325_PS_01
2.0,1903,G178325_PS_01
2.0,1904,G178325_PS_01
2.0,1905,G178325_PS_01
2.0,1906,G178325_PS_01
2.0,1907,G178325_PS_01
2.0,1908,G178325_PS_01
2.0,1909,G178325_PS_02
2.0,1910,G178325_PS_01
2.0,1911,G178325_PS_01
2.0,1912,G178325_PS_01
2.0,1913,G178325_PS_01
2.0,1914,G178325_PS_03
2.0,1915,G178325_PS_02
2.0,1916,G178325_PS_01
2.0,1917,G178325_PS_01
2.0,1918,G178325_PS_01
2.0,1919,G178325_PS_02
2.0,1920,G178325_PS_01
2.0,1921,G178325_PS_01
2.0,1922,G178325_PS_01
2.0,1923,G178325_PS_01
2.0,1924,G178325_PS_01
2.0,1925,G178325_PS_01
2.0,1926,G178325_PS_02
2.0,1927,G178325_PS_02
2.0,1928,G178325_PS_02
2.0,1929,G178325_PS_01
2.0,1930,G178325_PS_01
2.0,1931,G178325_PS_01
2.0,1932,G178325_PS_02
2.0,1933,G178325_PS_02
2.0,1934,G178325_PS_01
2.0,1935,G178325_PS_01
2.0,1936,G178325_PS_02
2.0,1937,G178325_PS_01
2.0,1938,G178325_PS_02
2.0,1939,G178325_PS_02
2.0,1940,G178325_PS_01
2.0,1941,G178325_PS_01
2.0,1942,G178325_PS_01
2.0,1943,G178325_PS_03
2.0,1944,G178325_PS_02
2.0,1945,G178325_PS_01
2.0,1946,G178325_PS_02
2.0,1947,G178325_PS_01
2.0,1948,G178325_PS_01
2.0,1949,G178325_PS_01
2.0,1950,G178325_PS_02
2.0,1951,G178325_PS_02
2.0,1952,G178325_PS_02
2.0,1953,G178325_PS_01
2.0,1954,G178325_PS_02
2.0,1955,G178325_PS_02
2.0,1956,G178325_PS_01
2.0,1957,G178325_PS_02
2.0,1958,G178325_PS_01
2.0,1959,G178325_PS_02
2.0,1960,G178325_PS_02
2.0,1961,G178325_PS_01
2.0,1962,G178325_PS_02
2.0,1963,G178325_PS_01
2.0,1964,G178325_PS_01
2.0,1965,G178325_PS_01
2.0,1966,G178325_PS_02
2.0,1967,G178325_PS_02
2.0,1968,G178325_PS_02
2.0,1969,G178325_PS_02
2.0,1970,G178325_PS_01
2.0,1971,G178325_PS_01
2.0,1972,G178325_PS_01
2.0,1973,G178325_PS_01
2.0,1974,G178325_PS_01
2.0,1975,G178325_PS_01
2.0,1976,G178325_PS_02
2.0,1977,G178325_PS_01
2.0,1978,G178325_PS_02
2.0,1979,G178325_PS_02
2.0,1980,G178325_PS_02
2.0,1981,G178325_PS_01
2.0,1982,G178325_PS_02
2.0,1983,G178325_PS_01
2.0,1984,G178325_PS_01
2.0,1985,G178325_PS_02
2.0,1986,G178325_PS_01
2.0,1987,G178325_PS_02
2.0,1988,G178325_PS_02
2.0,1989,G178325_PS_01
2.0,1990,G178325_PS_01
2.0,1991,G178325_PS_01
2.0,1992,G178325_PS_02
2.0,1993,G178325_PS_01
2.0,1994,G178325_PS_03
2.0,1995,G178325_PS_01
2.0,1996,G178325_PS_02
2.0,1997,G178325_PS_02
2.0,1998,G178325_PS_02
2.0,1999,G178325_PS_02
4.0,0,G178325_PS_03
4.0,1,G178325_PS_03
4.0,2,G178325_PS_03
4.0,3,G178325_PS_03
4.0,4,G178325_PS_03
4.0,5,G178325_PS_03
4.0,6,G178325_PS_03
4.0,7,G178325_PS_02
4.0,8,G178325_PS_03
4.0,9,G178325_PS_03
4.0,10,G178325_PS_03
4.0,11,G178325_PS_03
4.0,12,G178325_PS_02
4.0,13,G178325_PS_03
4.0,14,G178325_PS_03
4.0,15,G178325_PS_03
4.0,16,G178325_PS_03
4.0,17,G178325_PS_03
4.0,18,G178325_PS_03
4.0,19,G178325_PS_03
4.0,20,G178325_PS_03
4.0,21,G178325_PS_03
4.0,22,G178325_PS_03
4.0,23,G178325_PS_03
4.0,24,G178325_PS_03
4.0,25,G178325_PS_03
4.0,26,G178325_PS_03
4.0,27,G178325_PS_03
4.0,28,G178325_PS_03
4.0,29,G178325_PS_02
4.0,30,G178325_PS_03
4.0,31,G178325_PS_03
4.0,32,G178325_PS_03
4.0,33,G178325_PS_03
4.0,34,G178325_PS_03
4.0,35,G178325_PS_03
4.0,36,G178325_PS_03
4.0,37,G178325_PS_03
4.0,38,G178325_PS_02
4.0,39,G178325_PS_02
4.0,40,G178325_PS_03
4.0,41,G178325_PS_03
4.0,42,G178325_PS_03
4.0,43,G178325_PS_03
4.0,44,G178325_PS_02
4.0,45,G178325_PS_03
4.0,46,G178325_PS_03
4.0,47,G178325_PS_03
4.0,48,G178325_PS_03
4.0,49,G178325_PS_03
4.0,50,G178325_PS_03
4.0,51,G178325_PS_03
4.0,52,G178325_PS_03
4.0,53,G178325_PS_02
4.0,54,G178325_PS_02
4.0,55,G178325_PS_03
4.0,56,G178325_PS_03
4.0,57,G178325_PS_03
4.0,58,G178325_PS_03
4.0,59,G178325_PS_03
4.0,60,G178325_PS_03
4.0,61,G178325_PS_03
4.0,62,G178325_PS_03
4.0,63,G178325_PS_03
4.0,64,G178325_PS_03
4.0,65,G178325_PS_03
4.0,66,G178325_PS_03
4.0,67,G178325_PS_02
4.0,68,G178325_PS_02
4.0,69,G178325_PS_03
4.0,70,G178325_PS_03
4.0,71,G178325_PS_03
4.0,72,G178325_PS_03
4.0,73,G178325_PS_03
4.0,74,G178325_PS_03
4.0,75,G178325_PS_03
4.0,76,G178325_PS_02
4.0,77,G178325_PS_03
4.0,78,G178325_PS_03
4.0,79,G178325_PS_02
4.0,80,G178325_PS_03
4.0,81,G178325_PS_03
4.0,82,G178325_PS_02
4.0,83,G178325_PS_03
4.0,84,G178325_PS_03
4.0,85,G178325_PS_03
4.0,86,G178325_PS_03
4.0,87,G178325_PS_03
4.0,88,G178325_PS_03
4.0,89,G178325_PS_03
4.0,90,G178325_PS_03
4.0,91,G178325_PS_03
4.0,92,G178325_PS_03
4.0,93,G178325_PS_02
4.0,94,G178325_PS_02
4.0,95,G178325_PS_03
4.0,96,G178325_PS_03
4.0,97,G178325_PS_02
4.0,98,G178325_PS_03
4.0,99,G178325_PS_03
4.0,100,G178325_PS_03
4.0,101,G178325_PS_02
4.0,102,G178325_PS_03
4.0,103,G178325_PS_03
4.0,104,G178325_PS_03
4.0,105,G178325_PS_03
4.0,106,G178325_PS_03
4.0,107,G178325_PS_03
4.0,108,G178325_PS_03
4.0,109,G178325_PS_03
4.0,110,G178325_PS_03
4.0,111,G178325_PS_03
4.0,112,G178325_PS_02
4.0,113,G178325_PS_03
4.0,114,G178325_PS_03
4.0,115,G178325_PS_02
4.0,116,G178325_PS_03
4.0,117,G178325_PS_03
4.0,118,G178325_PS_03
4.0,119,G178325_PS_03
4.0,120,G178325_PS_02
4.0,121,G178325_PS_02
4.0,122,G178325_PS_03
4.0,123,G178325_PS_03
4.0,124,G178325_PS_02
4.0,125,G178325_PS_03
4.0,126,G178325_PS_03
4.0,127,G178325_PS_03
4.0,128,G178325_PS_03
4.0,129,G178325_PS_03
4.0,130,G178325_PS_03
4.0,131,G178325_PS_03
4.0,132,G178325_PS_03
4.0,133,G178325_PS_02
4.0,134,G178325_PS_03
4.0,135,G178325_PS_03
4.0,136,G178325_PS_02
4.0,137,G178325_PS_02
4.0,138,G178325_PS_03
4.0,139,G178325_PS_03
4.0,140,G178325_PS_02
4.0,141,G178325_PS_03
4.0,142,G178325_PS_03
4.0,143,G178325_PS_03
4.0,144,G178325_PS_03
4.0,145,G178325_PS_03
4.0,146,G178325_PS_02
4.0,147,G178325_PS_03
4.0,148,G178325_PS_03
4.0,149,G178325_PS_02
4.0,150,G178325_PS_03
4.0,151,G178325_PS_03
4.0,152,G178325_PS_03
4.0,153,G178325_PS_03
4.0,154,G178325_PS_03
4.0,155,G178325_PS_03
4.0,156,G178325_PS_03
4.0,157,G178325_PS_03
4.0,158,G178325_PS_03
4.0,159,G178325_PS_03
4.0,160,G178325_PS_03
4.0,161,G178325_PS_03
4.0,162,G178325_PS_02
4.0,163,G178325_PS_03
4.0,164,G178325_PS_03
4.0,165,G178325_PS_03
4.0,166,G178325_PS_03
4.0,167,G178325_PS_03
4.0,168,G178325_PS_03
4.0,169,G178325_PS_03
4.0,170,G178325_PS_03
4.0,171,G178325_PS_03
4.0,172,G178325_PS_03
4.0,173,G178325_PS_03
4.0,174,G178325_PS_03
4.0,175,G178325_PS_01
4.0,176,G178325_PS_02
4.0,177,G178325_PS_03
4.0,178,G178325_PS_03
4.0,179,G178325_PS_03
4.0,180,G178325_PS_03
4.0,181,G178325_PS_03
4.0,182,G178325_PS_03
4.0,183,G178325_PS_03
4.0,184,G178325_PS_03
4.0,185,G178325_PS_03
4.0,186,G178325_PS_03
4.0,187,G178325_PS_03
4.0,188,G178325_PS_03
4.0,189,G178325_PS_02
4.0,190,G178325_PS_02
4.0,191,G178325_PS_03
4.0,192,G178325_PS_03
4.0,193,G178325_PS_03
4.0,194,G178325_PS_03
4.0,195,G178325_PS_03
4.0,196,G178325_PS_03
4.0,197,G178325_PS_03
4.0,198,G178325_PS_03
4.0,199,G178325_PS_03
4.0,200,G178325_PS_03
4.0,201,G178325_PS_03
4.0,202,G178325_PS_03
4.0,203,G178325_PS_03
4.0,204,G178325_PS_03
4.0,205,G178325_PS_03
4.0,206,G178325_PS_02
4.0,207,G178325_PS_03
4.0,208,G178325_PS_03
4.0,209,G178325_PS_03
4.0,210,G178325_PS_03
4.0,211,G178325_PS_03
4.0,212,G178325_PS_03
4.0,213,G178325_PS_02
4.0,214,G178325_PS_03
4.0,215,G178325_PS_03
4.0,216,G178325_PS_03
4.0,217,G178325_PS_03
4.0,218,G178325_PS_03
4.0,219,G178325_PS_03
4.0,220,G178325_PS_03
4.0,221,G178325_PS_02
4.0,222,G178325_PS_03
4.0,223,G178325_PS_03
4.0,224,G178325_PS_02
4.0,225,G178325_PS_03
4.0,226,G178325_PS_03
4.0,227,G178325_PS_03
4.0,228,G178325_PS_03
4.0,229,G178325_PS_03
4.0,230,G178325_PS_03
4.0,231,G178325_PS_02
4.0,232,G178325_PS_03
4.0,233,G178325_PS_03
4.0,234,G178325_PS_03
4.0,235,G178325_PS_03
4.0,236,G178325_PS_03
4.0,237,G178325_PS_02
4.0,238,G178325_PS_03
4.0,239,G178325_PS_03
4.0,240,G178325_PS_03
4.0,241,G178325_PS_03
4.0,242,G178325_PS_03
4.0,243,G178325_PS_03
4.0,244,G178325_PS_03
4.0,245,G178325_PS_03
4.0,246,G178325_PS_02
4.0,247,G178325_PS_03
4.0,248,G178325_PS_03
4.0,249,G178325_PS_02
4.0,250,G178325_PS_03
4.0,251,G178325_PS_03
4.0,252,G178325_PS_03
4.0,253,G178325_PS_03
4.0,254,G178325_PS_03
4.0,255,G178325_PS_03
4.0,256,G178325_PS_03
4.0,257,G178325_PS_03
4.0,258,G178325_PS_03
4.0,259,G178325_PS_02
4.0,260,G178325_PS_02
4.0,261,G178325_PS_03
4.0,262,G178325_PS_03
4.0,263,G178325_PS_03
4.0,264,G178325_PS_02
4.0,265,G178325_PS_03
4.0,266,G178325_PS_03
4.0,267,G178325_PS_03
4.0,268,G178325_PS_02
4.0,269,G178325_PS_03
4.0,270,G178325_PS_03
4.0,271,G178325_PS_02
4.0,272,G178325_PS_03
4.0,273,G178325_PS_02
4.0,274,G178325_PS_03
4.0,275,G178325_PS_03
4.0,276,G178325_PS_03
4.0,277,G178325_PS_03
4.0,278,G178325_PS_03
4.0,279,G178325_PS_02
4.0,280,G178325_PS_03
4.0,281,G178325_PS_03
4.0,282,G178325_PS_03
4.0,283,G178325_PS_03
4.0,284,G178325_PS_03
4.0,285,G178325_PS_03
4.0,286,G178325_PS_03
4.0,287,G178325_PS_03
4.0,288,G178325_PS_03
4.0,289,G178325_PS_03
4.0,290,G178325_PS_03
4.0,291,G178325_PS_03
4.0,292,G178325_PS_03
4.0,293,G178325_PS_03
4.0,294,G178325_PS_02
4.0,295,G178325_PS_03
4.0,296,G178325_PS_03
4.0,297,G178325_PS_03
4.0,298,G178325_PS_03
4.0,299,G178325_PS_03
4.0,300,G178325_PS_03
4.0,301,G178325_PS_03
4.0,302,G178325_PS_03
4.0,303,G178325_PS_02
4.0,304,G178325_PS_02
4.0,305,G178325_PS_03
4.0,306,G178325_PS_03
4.0,307,G178325_PS_03
4.0,308,G178325_PS_04
4.0,309,G178325_PS_03
4.0,310,G178325_PS_03
4.0,311,G178325_PS_03
4.0,312,G178325_PS_03
4.0,313,G178325_PS_03
4.0,314,G178325_PS_03
4.0,315,G178325_PS_03
4.0,316,G178325_PS_02
4.0,317,G178325_PS_03
4.0,318,G178325_PS_02
4.0,319,G178325_PS_03
4.0,320,G178325_PS_02
4.0,321,G178325_PS_02
4.0,322,G178325_PS_03
4.0,323,G178325_PS_03
4.0,324,G178325_PS_03
4.0,325,G178325_PS_03
4.0,326,G178325_PS_03
4.0,327,G178325_PS_03
4.0,328,G178325_PS_03
4.0,329,G178325_PS_03
4.0,330,G178325_PS_03
4.0,331,G178325_PS_02
4.0,332,G178325_PS_03
4.0,333,G178325_PS_03
4.0,334,G178325_PS_03
4.0,335,G178325_PS_02
4.0,336,G178325_PS_03
4.0,337,G178325_PS_03
4.0,338,G178325_PS_03
4.0,339,G178325_PS_03
4.0,340,G178325_PS_03
4.0,341,G178325_PS_03
4.0,342,G178325_PS_03
4.0,343,G178325_PS_03
4.0,344,G178325_PS_03
4.0,345,G178325_PS_03
4.0,346,G178325_PS_03
4.0,347,G178325_PS_03
4.0,348,G178325_PS_03
4.0,349,G178325_PS_03
4.0,350,G178325_PS_03
4.0,351,G178325_PS_02
4.0,352,G178325_PS_03
4.0,353,G178325_PS_03
4.0,354,G178325_PS_03
4.0,355,G178325_PS_03
4.0,356,G178325_PS_02
4.0,357,G178325_PS_03
4.0,358,G178325_PS_03
4.0,359,G178325_PS_02
4.0,360,G178325_PS_03
4.0,361,G178325_PS_03
4.0,362,G178325_PS_03
4.0,363,G178325_PS_03
4.0,364,G178325_PS_03
4.0,365,G178325_PS_03
4.0,366,G178325_PS_03
4.0,367,G178325_PS_03
4.0,368,G178325_PS_02
4.0,369,G178325_PS_03
4.0,370,G178325_PS_03
4.0,371,G178325_PS_03
4.0,372,G178325_PS_03
4.0,373,G178325_PS_03
4.0,374,G178325_PS_03
4.0,375,G178325_PS_02
4.0,376,G178325_PS_03
4.0,377,G178325_PS_03
4.0,378,G178325_PS_03
4.0,379,G178325_PS_03
4.0,380,G178325_PS_02
4.0,381,G178325_PS_02
4.0,382,G178325_PS_02
4.0,383,G178325_PS_03
4.0,384,G178325_PS_03
4.0,385,G178325_PS_03
4.0,386,G178325_PS_03
4.0,387,G178325_PS_03
4.0,388,G178325_PS_03
4.0,389,G178325_PS_03
4.0,390,G178325_PS_03
4.0,391,G178325_PS_02
4.0,392,G178325_PS_03
4.0,393,G178325_PS_03
4.0,394,G178325_PS_02
4.0,395,G178325_PS_03
4.0,396,G178325_PS_02
4.0,397,G178325_PS_03
4.0,398,G178325_PS_03
4.0,399,G178325_PS_03
4.0,400,G178325_PS_03
4.0,401,G178325_PS_03
4.0,402,G178325_PS_03
4.0,403,G178325_PS_03
4.0,404,G178325_PS_03
4.0,405,G178325_PS_03
4.0,406,G178325_PS_03
4.0,407,G178325_PS_03
4.0,408,G178325_PS_02
4.0,409,G178325_PS_03
4.0,410,G178325_PS_02
4.0,411,G178325_PS_03
4.0,412,G178325_PS_03
4.0,413,G178325_PS_03
4.0,414,G178325_PS_03
4.0,415,G178325_PS_03
4.0,416,G178325_PS_02
4.0,417,G178325_PS_03
4.0,418,G178325_PS_02
4.0,419,G178325_PS_02
4.0,420,G178325_PS_03
4.0,421,G178325_PS_03
4.0,422,G178325_PS_03
4.0,423,G178325_PS_03
4.0,424,G178325_PS_03
4.0,425,G178325_PS_03
4.0,426,G178325_PS_03
4.0,427,G178325_PS_03
4.0,428,G178325_PS_03
4.0,429,G178325_PS_03
4.0,430,G178325_PS_03
4.0,431,G178325_PS_03
4.0,432,G178325_PS_03
4.0,433,G178325_PS_03
4.0,434,G178325_PS_02
4.0,435,G178325_PS_03
4.0,436,G178325_PS_03
4.0,437,G178325_PS_03
4.0,438,G178325_PS_02
4.0,439,G178325_PS_03
4.0,440,G178325_PS_03
4.0,441,G178325_PS_03
4.0,442,G178325_PS_03
4.0,443,G178325_PS_03
4.0,444,G178325_PS_03
4.0,445,G178325_PS_03
4.0,446,G178325_PS_03
4.0,447,G178325_PS_03
4.0,448,G178325_PS_03
4.0,449,G178325_PS_03
4.0,450,G178325_PS_03
4.0,451,G178325_PS_03
4.0,452,G178325_PS_03
4.0,453,G178325_PS_03
4.0,454,G178325_PS_03
4.0,455,G178325_PS_03
4.0,456,G178325_PS_03
4.0,457,G178325_PS_02
4.0,458,G178325_PS_03
4.0,459,G178325_PS_03
4.0,460,G178325_PS_03
4.0,461,G178325_PS_02
4.0,462,G178325_PS_03
4.0,463,G178325_PS_03
4.0,464,G178325_PS_03
4.0,465,G178325_PS_01
4.0,466,G178325_PS_03
4.0,467,G178325_PS_03
4.0,468,G178325_PS_03
4.0,469,G178325_PS_03
4.0,470,G178325_PS_03
4.0,471,G178325_PS_03
4.0,472,G178325_PS_02
4.0,473,G178325_PS_03
4.0,474,G178325_PS_02
4.0,475,G178325_PS_03
4.0,476,G178325_PS_03
4.0,477,G178325_PS_03
4.0,478,G178325_PS_02
4.0,479,G178325_PS_03
4.0,480,G178325_PS_03
4.0,481,G178325_PS_03
4.0,482,G178325_PS_03
4.0,483,G178325_PS_03
4.0,484,G178325_PS_03
4.0,485,G178325_PS_02
4.0,486,G178325_PS_03
4.0,487,G178325_PS_03
4.0,488,G178325_PS_01
4.0,489,G178325_PS_03
4.0,490,G178325_PS_03
4.0,491,G178325_PS_03
4.0,492,G178325_PS_03
4.0,493,G178325_PS_03
4.0,494,G178325_PS_03
4.0,495,G178325_PS_02
4.0,496,G178325_PS_03
4.0,497,G178325_PS_03
4.0,498,G178325_PS_03
4.0,499,G178325_PS_03
4.0,500,G178325_PS_02
4.0,501,G178325_PS_03
4.0,502,G178325_PS_02
4.0,503,G178325_PS_03
4.0,504,G178325_PS_02
4.0,505,G178325_PS_03
4.0,506,G178325_PS_03
4.0,507,G178325_PS_03
4.0,508,G178325_PS_01
4.0,509,G178325_PS_03
4.0,510,G178325_PS_03
4.0,511,G178325_PS_03
4.0,512,G178325_PS_02
4.0,513,G178325_PS_03
4.0,514,G178325_PS_03
4.0,515,G178325_PS_03
4.0,516,G178325_PS_03
4.0,517,G178325_PS_03
4.0,518,G178325_PS_03
4.0,519,G178325_PS_03
4.0,520,G178325_PS_03
4.0,521,G178325_PS_03
4.0,522,G178325_PS_03
4.0,523,G178325_PS_03
4.0,524,G178325_PS_03
4.0,525,G178325_PS_03
4.0,526,G178325_PS_03
4.0,527,G178325_PS_03
4.0,528,G178325_PS_02
4.0,529,G178325_PS_03
4.0,530,G178325_PS_03
4.0,531,G178325_PS_03
4.0,532,G178325_PS_03
4.0,533,G178325_PS_02
4.0,534,G178325_PS_03
4.0,535,G178325_PS_03
4.0,536,G178325_PS_03
4.0,537,G178325_PS_03
4.0,538,G178325_PS_03
4.0,539,G178325_PS_03
4.0,540,G178325_PS_03
4.0,541,G178325_PS_02
4.0,542,G178325_PS_02
4.0,543,G178325_PS_03
4.0,544,G178325_PS_02
4.0,545,G178325_PS_03
4.0,546,G178325_PS_03
4.0,547,G178325_PS_02
4.0,548,G178325_PS_03
4.0,549,G178325_PS_03
4.0,550,G178325_PS_03
4.0,551,G178325_PS_03
4.0,552,G178325_PS_03
4.0,553,G178325_PS_03
4.0,554,G178325_PS_03
4.0,555,G178325_PS_03
4.0,556,G178325_PS_02
4.0,557,G178325_PS_03
4.0,558,G178325_PS_03
4.0,559,G178325_PS_03
4.0,560,G178325_PS_03
4.0,561,G178325_PS_03
4.0,562,G178325_PS_03
4.0,563,G178325_PS_03
4.0,564,G178325_PS_03
4.0,565,G178325_PS_02
4.0,566,G178325_PS_03
4.0,567,G178325_PS_03
4.0,568,G178325_PS_03
4.0,569,G178325_PS_03
4.0,570,G178325_PS_03
4.0,571,G178325_PS_03
4.0,572,G178325_PS_02
4.0,573,G178325_PS_03
4.0,574,G178325_PS_02
4.0,575,G178325_PS_03
4.0,576,G178325_PS_03
4.0,577,G178325_PS_03
4.0,578,G178325_PS_03
4.0,579,G178325_PS_03
4.0,580,G178325_PS_02
4.0,581,G178325_PS_03
4.0,582,G178325_PS_03
4.0,583,G178325_PS_03
4.0,584,G178325_PS_03
4.0,585,G178325_PS_03
4.0,586,G178325_PS_03
4.0,587,G178325_PS_03
4.0,588,G178325_PS_03
4.0,589,G178325_PS_03
4.0,590,G178325_PS_03
4.0,591,G178325_PS_03
4.0,592,G178325_PS_02
4.0,593,G178325_PS_03
4.0,594,G178325_PS_03
4.0,595,G178325_PS_03
4.0,596,G178325_PS_02
4.0,597,G178325_PS_02
4.0,598,G178325_PS_03
4.0,599,G178325_PS_03
4.0,600,G178325_PS_03
4.0,601,G178325_PS_03
4.0,602,G178325_PS_03
4.0,603,G178325_PS_03
4.0,604,G178325_PS_02
4.0,605,G178325_PS_02
4.0,606,G178325_PS_03
4.0,607,G178325_PS_03
4.0,608,G178325_PS_03
4.0,609,G178325_PS_03
4.0,610,G178325_PS_03
4.0,611,G178325_PS_02
4.0,612,G178325_PS_03
4.0,613,G178325_PS_03
4.0,614,G178325_PS_03
4.0,615,G178325_PS_03
4.0,616,G178325_PS_03
4.0,617,G178325_PS_03
4.0,618,G178325_PS_03
4.0,619,G178325_PS_03
4.0,620,G178325_PS_02
4.0,621,G178325_PS_03
4.0,622,G178325_PS_03
4.0,623,G178325_PS_03
4.0,624,G178325_PS_03
4.0,625,G178325_PS_03
4.0,626,G178325_PS_03
4.0,627,G178325_PS_03
4.0,628,G178325_PS_03
4.0,629,G178325_PS_02
4.0,630,G178325_PS_03
4.0,631,G178325_PS_03
4.0,632,G178325_PS_03
4.0,633,G178325_PS_03
4.0,634,G178325_PS_03
4.0,635,G178325_PS_03
4.0,636,G178325_PS_03
4.0,637,G178325_PS_03
4.0,638,G178325_PS_03
4.0,639,G178325_PS_02
4.0,640,G178325_PS_03
4.0,641,G178325_PS_03
4.0,642,G178325_PS_02
4.0,643,G178325_PS_03
4.0,644,G178325_PS_03
4.0,645,G178325_PS_03
4.0,646,G178325_PS_02
4.0,647,G178325_PS_03
4.0,648,G178325_PS_03
4.0,649,G178325_PS_03
4.0,650,G178325_PS_02
4.0,651,G178325_PS_03
4.0,652,G178325_PS_03
4.0,653,G178325_PS_03
4.0,654,G178325_PS_03
4.0,655,G178325_PS_03
4.0,656,G178325_PS_03
4.0,657,G178325_PS_03
4.0,658,G178325_PS_03
4.0,659,G178325_PS_03
4.0,660,G178325_PS_02
4.0,661,G178325_PS_03
4.0,662,G178325_PS_03
4.0,663,G178325_PS_03
4.0,664,G178325_PS_02
4.0,665,G178325_PS_03
4.0,666,G178325_PS_03
4.0,667,G178325_PS_03
4.0,668,G178325_PS_02
4.0,669,G178325_PS_03
4.0,670,G178325_PS_02
4.0,671,G178325_PS_03
4.0,672,G178325_PS_03
4.0,673,G178325_PS_03
4.0,674,G178325_PS_03
4.0,675,G178325_PS_03
4.0,676,G178325_PS_03
4.0,677,G178325_PS_02
4.0,678,G178325_PS_03
4.0,679,G178325_PS_03
4.0,680,G178325_PS_03
4.0,681,G178325_PS_02
4.0,682,G178325_PS_03
4.0,683,G178325_PS_03
4.0,684,G178325_PS_03
4.0,685,G178325_PS_03
4.0,686,G178325_PS_03
4.0,687,G178325_PS_03
4.0,688,G178325_PS_02
4.0,689,G178325_PS_03
4.0,690,G178325_PS_03
4.0,691,G178325_PS_03
4.0,692,G178325_PS_03
4.0,693,G178325_PS_02
4.0,694,G178325_PS_02
4.0,695,G178325_PS_03
4.0,696,G178325_PS_03
4.0,697,G178325_PS_03
4.0,698,G178325_PS_03
4.0,699,G178325_PS_03
4.0,700,G178325_PS_03
4.0,701,G178325_PS_03
4.0,702,G178325_PS_03
4.0,703,G178325_PS_03
4.0,704,G178325_PS_02
4.0,705,G178325_PS_03
4.0,706,G178325_PS_02
4.0,707,G178325_PS_03
4.0,708,G178325_PS_03
4.0,709,G178325_PS_03
4.0,710,G178325_PS_02
4.0,711,G178325_PS_03
4.0,712,G178325_PS_03
4.0,713,G178325_PS_03
4.0,714,G178325_PS_02
4.0,715,G178325_PS_03
4.0,716,G178325_PS_03
4.0,717,G178325_PS_02
4.0,718,G178325_PS_03
4.0,719,G178325_PS_03
4.0,720,G178325_PS_03
4.0,721,G178325_PS_03
4.0,722,G178325_PS_03
4.0,723,G178325_PS_03
4.0,724,G178325_PS_03
4.0,725,G178325_PS_03
4.0,726,G178325_PS_03
4.0,727,G178325_PS_03
4.0,728,G178325_PS_03
4.0,729,G178325_PS_02
4.0,730,G178325_PS_03
4.0,731,G178325_PS_03
4.0,732,G178325_PS_03
4.0,733,G178325_PS_03
4.0,734,G178325_PS_03
4.0,735,G178325_PS_03
4.0,736,G178325_PS_03
4.0,737,G178325_PS_03
4.0,738,G178325_PS_03
4.0,739,G178325_PS_03
4.0,740,G178325_PS_03
4.0,741,G178325_PS_03
4.0,742,G178325_PS_03
4.0,743,G178325_PS_03
4.0,744,G178325_PS_03
4.0,745,G178325_PS_03
4.0,746,G178325_PS_03
4.0,747,G178325_PS_03
4.0,748,G178325_PS_03
4.0,749,G178325_PS_02
4.0,750,G178325_PS_03
4.0,751,G178325_PS_02
4.0,752,G178325_PS_03
4.0,753,G178325_PS_03
4.0,754,G178325_PS_02
4.0,755,G178325_PS_03
4.0,756,G178325_PS_03
4.0,757,G178325_PS_03
4.0,758,G178325_PS_03
4.0,759,G178325_PS_02
4.0,760,G178325_PS_03
4.0,761,G178325_PS_02
4.0,762,G178325_PS_02
4.0,763,G178325_PS_02
4.0,764,G178325_PS_03
4.0,765,G178325_PS_03
4.0,766,G178325_PS_03
4.0,767,G178325_PS_03
4.0,768,G178325_PS_03
4.0,769,G178325_PS_02
4.0,770,G178325_PS_03
4.0,771,G178325_PS_03
4.0,772,G178325_PS_03
4.0,773,G178325_PS_02
4.0,774,G178325_PS_03
4.0,775,G178325_PS_03
4.0,776,G178325_PS_03
4.0,777,G178325_PS_03
4.0,778,G178325_PS_04
4.0,779,G178325_PS_03
4.0,780,G178325_PS_03
4.0,781,G178325_PS_03
4.0,782,G178325_PS_03
4.0,783,G178325_PS_03
4.0,784,G178325_PS_03
4.0,785,G178325_PS_03
4.0,786,G178325_PS_03
4.0,787,G178325_PS_02
4.0,788,G178325_PS_03
4.0,789,G178325_PS_03
4.0,790,G178325_PS_03
4.0,791,G178325_PS_03
4.0,792,G178325_PS_03
4.0,793,G178325_PS_03
4.0,794,G178325_PS_03
4.0,795,G178325_PS_03
4.0,796,G178325_PS_03
4.0,797,G178325_PS_03
4.0,798,G178325_PS_03
4.0,799,G178325_PS_03
4.0,800,G178325_PS_02
4.0,801,G178325_PS_03
4.0,802,G178325_PS_01
4.0,803,G178325_PS_03
4.0,804,G178325_PS_03
4.0,805,G178325_PS_03
4.0,806,G178325_PS_03
4.0,807,G178325_PS_03
4.0,808,G178325_PS_03
4.0,809,G178325_PS_02
4.0,810,G178325_PS_03
4.0,811,G178325_PS_03
4.0,812,G178325_PS_03
4.0,813,G178325_PS_03
4.0,814,G178325_PS_03
4.0,815,G178325_PS_03
4.0,816,G178325_PS_02
4.0,817,G178325_PS_03
4.0,818,G178325_PS_02
4.0,819,G178325_PS_03
4.0,820,G178325_PS_03
4.0,821,G178325_PS_03
4.0,822,G178325_PS_03
4.0,823,G178325_PS_03
4.0,824,G178325_PS_03
4.0,825,G178325_PS_03
4.0,826,G178325_PS_03
4.0,827,G178325_PS_03
4.0,828,G178325_PS_03
4.0,829,G178325_PS_02
4.0,830,G178325_PS_02
4.0,831,G178325_PS_03
4.0,832,G178325_PS_02
4.0,833,G178325_PS_03
4.0,834,G178325_PS_03
4.0,835,G178325_PS_03
4.0,836,G178325_PS_02
4.0,837,G178325_PS_03
4.0,838,G178325_PS_02
4.0,839,G178325_PS_03
4.0,840,G178325_PS_03
4.0,841,G178325_PS_03
4.0,842,G178325_PS_03
4.0,843,G178325_PS_03
4.0,844,G178325_PS_01
4.0,845,G178325_PS_03
4.0,846,G178325_PS_03
4.0,847,G178325_PS_03
4.0,848,G178325_PS_03
4.0,849,G178325_PS_02
4.0,850,G178325_PS_03
4.0,851,G178325_PS_03
4.0,852,G178325_PS_03
4.0,853,G178325_PS_02
4.0,854,G178325_PS_02
4.0,855,G178325_PS_02
4.0,856,G178325_PS_02
4.0,857,G178325_PS_03
4.0,858,G178325_PS_02
4.0,859,G178325_PS_03
4.0,860,G178325_PS_03
4.0,861,G178325_PS_03
4.0,862,G178325_PS_03
4.0,863,G178325_PS_03
4.0,864,G178325_PS_03
4.0,865,G178325_PS_03
4.0,866,G178325_PS_03
4.0,867,G178325_PS_02
4.0,868,G178325_PS_03
4.0,869,G178325_PS_03
4.0,870,G178325_PS_03
4.0,871,G178325_PS_02
4.0,872,G178325_PS_03
4.0,873,G178325_PS_02
4.0,874,G178325_PS_02
4.0,875,G178325_PS_03
4.0,876,G178325_PS_02
4.0,877,G178325_PS_03
4.0,878,G178325_PS_03
4.0,879,G178325_PS_03
4.0,880,G178325_PS_03
4.0,881,G178325_PS_03
4.0,882,G178325_PS_03
4.0,883,G178325_PS_03
4.0,884,G178325_PS_03
4.0,885,G178325_PS_02
4.0,886,G178325_PS_03
4.0,887,G178325_PS_02
4.0,888,G178325_PS_03
4.0,889,G178325_PS_02
4.0,890,G178325_PS_02
4.0,891,G178325_PS_03
4.0,892,G178325_PS_03
4.0,893,G178325_PS_03
4.0,894,G178325_PS_02
4.0,895,G178325_PS_03
4.0,896,G178325_PS_03
4.0,897,G178325_PS_03
4.0,898,G178325_PS_03
4.0,899,G178325_PS_03
4.0,900,G178325_PS_03
4.0,901,G178325_PS_01
4.0,902,G178325_PS_03
4.0,903,G178325_PS_02
4.0,904,G178325_PS_03
4.0,905,G178325_PS_01
4.0,906,G178325_PS_03
4.0,907,G178325_PS_03
4.0,908,G178325_PS_03
4.0,909,G178325_PS_02
4.0,910,G178325_PS_03
4.0,911,G178325_PS_03
4.0,912,G178325_PS_03
4.0,913,G178325_PS_03
4.0,914,G178325_PS_03
4.0,915,G178325_PS_03
4.0,916,G178325_PS_03
4.0,917,G178325_PS_03
4.0,918,G178325_PS_03
4.0,919,G178325_PS_03
4.0,920,G178325_PS_03
4.0,921,G178325_PS_03
4.0,922,G178325_PS_02
4.0,923,G178325_PS_03
4.0,924,G178325_PS_03
4.0,925,G178325_PS_03
4.0,926,G178325_PS_03
4.0,927,G178325_PS_02
4.0,928,G178325_PS_03
4.0,929,G178325_PS_03
4.0,930,G178325_PS_03
4.0,931,G178325_PS_03
4.0,932,G178325_PS_03
4.0,933,G178325_PS_03
4.0,934,G178325_PS_03
4.0,935,G178325_PS_03
4.0,936,G178325_PS_03
4.0,937,G178325_PS_03
4.0,938,G178325_PS_03
4.0,939,G178325_PS_03
4.0,940,G178325_PS_03
4.0,941,G178325_PS_02
4.0,942,G178325_PS_03
4.0,943,G178325_PS_02
4.0,944,G178325_PS_03
4.0,945,G178325_PS_03
4.0,946,G178325_PS_03
4.0,947,G178325_PS_03
4.0,948,G178325_PS_02
4.0,949,G178325_PS_03
4.0,950,G178325_PS_03
4.0,951,G178325_PS_03
4.0,952,G178325_PS_03
4.0,953,G178325_PS_03
4.0,954,G178325_PS_03
4.0,955,G178325_PS_03
4.0,956,G178325_PS_03
4.0,957,G178325_PS_03
4.0,958,G178325_PS_03
4.0,959,G178325_PS_03
4.0,960,G178325_PS_03
4.0,961,G178325_PS_03
4.0,962,G178325_PS_03
4.0,963,G178325_PS_03
4.0,964,G178325_PS_02
4.0,965,G178325_PS_03
4.0,966,G178325_PS_03
4.0,967,G178325_PS_02
4.0,968,G178325_PS_03
4.0,969,G178325_PS_03
4.0,970,G178325_PS_03
4.0,971,G178325_PS_03
4.0,972,G178325_PS_03
4.0,973,G178325_PS_03
4.0,974,G178325_PS_03
4.0,975,G178325_PS_02
4.0,976,G178325_PS_03
4.0,977,G178325_PS_02
4.0,978,G178325_PS_02
4.0,979,G178325_PS_03
4.0,980,G178325_PS_03
4.0,981,G178325_PS_03
4.0,982,G178325_PS_03
4.0,983,G178325_PS_03
4.0,984,G178325_PS_03
4.0,985,G178325_PS_03
4.0,986,G178325_PS_03
4.0,987,G178325_PS_03
4.0,988,G178325_PS_03
4.0,989,G178325_PS_03
4.0,990,G178325_PS_03
4.0,991,G178325_PS_02
4.0,992,G178325_PS_03
4.0,993,G178325_PS_03
4.0,994,G178325_PS_03
4.0,995,G178325_PS_03
4.0,996,G178325_PS_02
4.0,997,G178325_PS_03
4.0,998,G178325_PS_02
4.0,999,G178325_PS_03
4.0,1000,G178325_PS_03
4.0,1001,G178325_PS_03
4.0,1002,G178325_PS_03
4.0,1003,G178325_PS_03
4.0,1004,G178325_PS_03
4.0,1005,G178325_PS_03
4.0,1006,G178325_PS_03
4.0,1007,G178325_PS_03
4.0,1008,G178325_PS_03
4.0,1009,G178325_PS_02
4.0,1010,G178325_PS_02
4.0,1011,G178325_PS_03
4.0,1012,G178325_PS_02
4.0,1013,G178325_PS_03
4.0,1014,G178325_PS_02
4.0,1015,G178325_PS_03
4.0,1016,G178325_PS_03
4.0,1017,G178325_PS_02
4.0,1018,G178325_PS_02
4.0,1019,G178325_PS_02
4.0,1020,G178325_PS_03
4.0,1021,G178325_PS_02
4.0,1022,G178325_PS_03
4.0,1023,G178325_PS_03
4.0,1024,G178325_PS_02
4.0,1025,G178325_PS_02
4.0,1026,G178325_PS_03
4.0,1027,G178325_PS_03
4.0,1028,G178325_PS_03
4.0,1029,G178325_PS_03
4.0,1030,G178325_PS_03
4.0,1031,G178325_PS_03
4.0,1032,G178325_PS_03
4.0,1033,G178325_PS_03
4.0,1034,G178325_PS_03
4.0,1035,G178325_PS_03
4.0,1036,G178325_PS_02
4.0,1037,G178325_PS_02
4.0,1038,G178325_PS_03
4.0,1039,G178325_PS_03
4.0,1040,G178325_PS_03
4.0,1041,G178325_PS_03
4.0,1042,G178325_PS_03
4.0,1043,G178325_PS_03
4.0,1044,G178325_PS_03
4.0,1045,G178325_PS_03
4.0,1046,G178325_PS_03
4.0,1047,G178325_PS_03
4.0,1048,G178325_PS_02
4.0,1049,G178325_PS_03
4.0,1050,G178325_PS_03
4.0,1051,G178325_PS_03
4.0,1052,G178325_PS_03
4.0,1053,G178325_PS_03
4.0,1054,G178325_PS_03
4.0,1055,G178325_PS_03
4.0,1056,G178325_PS_03
4.0,1057,G178325_PS_03
4.0,1058,G178325_PS_03
4.0,1059,G178325_PS_03
4.0,1060,G178325_PS_03
4.0,1061,G178325_PS_03
4.0,1062,G178325_PS_03
4.0,1063,G178325_PS_02
4.0,1064,G178325_PS_02
4.0,1065,G178325_PS_02
4.0,1066,G178325_PS_03
4.0,1067,G178325_PS_03
4.0,1068,G178325_PS_03
4.0,1069,G178325_PS_03
4.0,1070,G178325_PS_03
4.0,1071,G178325_PS_02
4.0,1072,G178325_PS_03
4.0,1073,G178325_PS_03
4.0,1074,G178325_PS_02
4.0,1075,G178325_PS_02
4.0,1076,G178325_PS_03
4.0,1077,G178325_PS_03
4.0,1078,G178325_PS_03
4.0,1079,G178325_PS_02
4.0,1080,G178325_PS_03
4.0,1081,G178325_PS_03
4.0,1082,G178325_PS_03
4.0,1083,G178325_PS_02
4.0,1084,G178325_PS_03
4.0,1085,G178325_PS_03
4.0,1086,G178325_PS_03
4.0,1087,G178325_PS_03
4.0,1088,G178325_PS_03
4.0,1089,G178325_PS_03
4.0,1090,G178325_PS_03
4.0,1091,G178325_PS_03
4.0,1092,G178325_PS_03
4.0,1093,G178325_PS_03
4.0,1094,G178325_PS_03
4.0,1095,G178325_PS_02
4.0,1096,G178325_PS_03
4.0,1097,G178325_PS_03
4.0,1098,G178325_PS_03
4.0,1099,G178325_PS_03
4.0,1100,G178325_PS_02
4.0,1101,G178325_PS_03
4.0,1102,G178325_PS_03
4.0,1103,G178325_PS_02
4.0,1104,G178325_PS_03
4.0,1105,G178325_PS_03
4.0,1106,G178325_PS_03
4.0,1107,G178325_PS_02
4.0,1108,G178325_PS_03
4.0,1109,G178325_PS_03
4.0,1110,G178325_PS_03
4.0,1111,G178325_PS_03
4.0,1112,G178325_PS_03
4.0,1113,G178325_PS_03
4.0,1114,G178325_PS_02
4.0,1115,G178325_PS_03
4.0,1116,G178325_PS_03
4.0,1117,G178325_PS_03
4.0,1118,G178325_PS_03
4.0,1119,G178325_PS_03
4.0,1120,G178325_PS_03
4.0,1121,G178325_PS_03
4.0,1122,G178325_PS_03
4.0,1123,G178325_PS_03
4.0,1124,G178325_PS_03
4.0,1125,G178325_PS_03
4.0,1126,G178325_PS_03
4.0,1127,G178325_PS_02
4.0,1128,G178325_PS_03
4.0,1129,G178325_PS_03
4.0,1130,G178325_PS_03
4.0,1131,G178325_PS_03
4.0,1132,G178325_PS_03
4.0,1133,G178325_PS_03
4.0,1134,G178325_PS_03
4.0,1135,G178325_PS_03
4.0,1136,G178325_PS_02
4.0,1137,G178325_PS_03
4.0,1138,G178325_PS_03
4.0,1139,G178325_PS_02
4.0,1140,G178325_PS_03
4.0,1141,G178325_PS_03
4.0,1142,G178325_PS_03
4.0,1143,G178325_PS_03
4.0,1144,G178325_PS_03
4.0,1145,G178325_PS_03
4.0,1146,G178325_PS_03
4.0,1147,G178325_PS_02
4.0,1148,G178325_PS_03
4.0,1149,G178325_PS_03
4.0,1150,G178325_PS_02
4.0,1151,G178325_PS_03
4.0,1152,G178325_PS_03
4.0,1153,G178325_PS_03
4.0,1154,G178325_PS_03
4.0,1155,G178325_PS_03
4.0,1156,G178325_PS_03
4.0,1157,G178325_PS_03
4.0,1158,G178325_PS_03
4.0,1159,G178325_PS_03
4.0,1160,G178325_PS_03
4.0,1161,G178325_PS_02
4.0,1162,G178325_PS_03
4.0,1163,G178325_PS_02
4.0,1164,G178325_PS_03
4.0,1165,G178325_PS_03
4.0,1166,G178325_PS_03
4.0,1167,G178325_PS_03
4.0,1168,G178325_PS_03
4.0,1169,G178325_PS_03
4.0,1170,G178325_PS_03
4.0,1171,G178325_PS_03
4.0,1172,G178325_PS_03
4.0,1173,G178325_PS_03
4.0,1174,G178325_PS_03
4.0,1175,G178325_PS_02
4.0,1176,G178325_PS_03
4.0,1177,G178325_PS_03
4.0,1178,G178325_PS_03
4.0,1179,G178325_PS_03
4.0,1180,G178325_PS_03
4.0,1181,G178325_PS_03
4.0,1182,G178325_PS_03
4.0,1183,G178325_PS_03
4.0,1184,G178325_PS_03
4.0,1185,G178325_PS_02
4.0,1186,G178325_PS_03
4.0,1187,G178325_PS_03
4.0,1188,G178325_PS_03
4.0,1189,G178325_PS_03
4.0,1190,G178325_PS_02
4.0,1191,G178325_PS_02
4.0,1192,G178325_PS_03
4.0,1193,G178325_PS_03
4.0,1194,G178325_PS_03
4.0,1195,G178325_PS_03
4.0,1196,G178325_PS_03
4.0,1197,G178325_PS_03
4.0,1198,G178325_PS_03
4.0,1199,G178325_PS_03
4.0,1200,G178325_PS_03
4.0,1201,G178325_PS_03
4.0,1202,G178325_PS_02
4.0,1203,G178325_PS_03
4.0,1204,G178325_PS_03
4.0,1205,G178325_PS_03
4.0,1206,G178325_PS_02
4.0,1207,G178325_PS_03
4.0,1208,G178325_PS_02
4.0,1209,G178325_PS_03
4.0,1210,G178325_PS_02
4.0,1211,G178325_PS_03
4.0,1212,G178325_PS_03
4.0,1213,G178325_PS_03
4.0,1214,G178325_PS_03
4.0,1215,G178325_PS_03
4.0,1216,G178325_PS_03
4.0,1217,G178325_PS_03
4.0,1218,G178325_PS_03
4.0,1219,G178325_PS_03
4.0,1220,G178325_PS_03
4.0,1221,G178325_PS_03
4.0,1222,G178325_PS_03
4.0,1223,G178325_PS_03
4.0,1224,G178325_PS_03
4.0,1225,G178325_PS_03
4.0,1226,G178325_PS_03
4.0,1227,G178325_PS_03
4.0,1228,G178325_PS_03
4.0,1229,G178325_PS_02
4.0,1230,G178325_PS_03
4.0,1231,G178325_PS_03
4.0,1232,G178325_PS_03
4.0,1233,G178325_PS_03
4.0,1234,G178325_PS_03
4.0,1235,G178325_PS_03
4.0,1236,G178325_PS_03
4.0,1237,G178325_PS_03
4.0,1238,G178325_PS_02
4.0,1239,G178325_PS_03
4.0,1240,G178325_PS_03
4.0,1241,G178325_PS_03
4.0,1242,G178325_PS_03
4.0,1243,G178325_PS_03
4.0,1244,G178325_PS_03
4.0,1245,G178325_PS_03
4.0,1246,G178325_PS_03
4.0,1247,G178325_PS_03
4.0,1248,G178325_PS_02
4.0,1249,G178325_PS_02
4.0,1250,G178325_PS_03
4.0,1251,G178325_PS_02
4.0,1252,G178325_PS_03
4.0,1253,G178325_PS_03
4.0,1254,G178325_PS_03
4.0,1255,G178325_PS_03
4.0,1256,G178325_PS_03
4.0,1257,G178325_PS_03
4.0,1258,G178325_PS_03
4.0,1259,G178325_PS_03
4.0,1260,G178325_PS_03
4.0,1261,G178325_PS_02
4.0,1262,G178325_PS_03
4.0,1263,G178325_PS_03
4.0,1264,G178325_PS_03
4.0,1265,G178325_PS_03
4.0,1266,G178325_PS_03
4.0,1267,G178325_PS_03
4.0,1268,G178325_PS_03
4.0,1269,G178325_PS_02
4.0,1270,G178325_PS_03
4.0,1271,G178325_PS_03
4.0,1272,G178325_PS_03
4.0,1273,G178325_PS_03
4.0,1274,G178325_PS_03
4.0,1275,G178325_PS_03
4.0,1276,G178325_PS_03
4.0,1277,G178325_PS_03
4.0,1278,G178325_PS_03
4.0,1279,G178325_PS_02
4.0,1280,G178325_PS_03
4.0,1281,G178325_PS_03
4.0,1282,G178325_PS_02
4.0,1283,G178325_PS_03
4.0,1284,G178325_PS_03
4.0,1285,G178325_PS_03
4.0,1286,G178325_PS_03
4.0,1287,G178325_PS_03
4.0,1288,G178325_PS_03
4.0,1289,G178325_PS_03
4.0,1290,G178325_PS_02
4.0,1291,G178325_PS_03
4.0,1292,G178325_PS_03
4.0,1293,G178325_PS_03
4.0,1294,G178325_PS_03
4.0,1295,G178325_PS_03
4.0,1296,G178325_PS_03
4.0,1297,G178325_PS_03
4.0,1298,G178325_PS_02
4.0,1299,G178325_PS_03
4.0,1300,G178325_PS_03
4.0,1301,G178325_PS_03
4.0,1302,G178325_PS_03
4.0,1303,G178325_PS_02
4.0,1304,G178325_PS_03
4.0,1305,G178325_PS_02
4.0,1306,G178325_PS_03
4.0,1307,G178325_PS_03
4.0,1308,G178325_PS_03
4.0,1309,G178325_PS_03
4.0,1310,G178325_PS_03
4.0,1311,G178325_PS_02
4.0,1312,G178325_PS_03
4.0,1313,G178325_PS_03
4.0,1314,G178325_PS_03
4.0,1315,G178325_PS_03
4.0,1316,G178325_PS_03
4.0,1317,G178325_PS_03
4.0,1318,G178325_PS_02
4.0,1319,G178325_PS_03
4.0,1320,G178325_PS_03
4.0,1321,G178325_PS_03
4.0,1322,G178325_PS_03
4.0,1323,G178325_PS_03
4.0,1324,G178325_PS_03
4.0,1325,G178325_PS_03
4.0,1326,G178325_PS_02
4.0,1327,G178325_PS_03
4.0,1328,G178325_PS_03
4.0,1329,G178325_PS_02
4.0,1330,G178325_PS_03
4.0,1331,G178325_PS_03
4.0,1332,G178325_PS_03
4.0,1333,G178325_PS_03
4.0,1334,G178325_PS_02
4.0,1335,G178325_PS_03
4.0,1336,G178325_PS_03
4.0,1337,G178325_PS_03
4.0,1338,G178325_PS_03
4.0,1339,G178325_PS_03
4.0,1340,G178325_PS_03
4.0,1341,G178325_PS_03
4.0,1342,G178325_PS_03
4.0,1343,G178325_PS_03
4.0,1344,G178325_PS_03
4.0,1345,G178325_PS_03
4.0,1346,G178325_PS_02
4.0,1347,G178325_PS_03
4.0,1348,G178325_PS_03
4.0,1349,G178325_PS_03
4.0,1350,G178325_PS_03
4.0,1351,G178325_PS_03
4.0,1352,G178325_PS_03
4.0,1353,G178325_PS_03
4.0,1354,G178325_PS_02
4.0,1355,G178325_PS_03
4.0,1356,G178325_PS_03
4.0,1357,G178325_PS_03
4.0,1358,G178325_PS_03
4.0,1359,G178325_PS_03
4.0,1360,G178325_PS_02
4.0,1361,G178325_PS_03
4.0,1362,G178325_PS_03
4.0,1363,G178325_PS_02
4.0,1364,G178325_PS_02
4.0,1365,G178325_PS_03
4.0,1366,G178325_PS_02
4.0,1367,G178325_PS_02
4.0,1368,G178325_PS_03
4.0,1369,G178325_PS_03
4.0,1370,G178325_PS_03
4.0,1371,G178325_PS_03
4.0,1372,G178325_PS_03
4.0,1373,G178325_PS_03
4.0,1374,G178325_PS_03
4.0,1375,G178325_PS_03
4.0,1376,G178325_PS_03
4.0,1377,G178325_PS_02
4.0,1378,G178325_PS_03
4.0,1379,G178325_PS_02
4.0,1380,G178325_PS_03
4.0,1381,G178325_PS_03
4.0,1382,G178325_PS_03
4.0,1383,G178325_PS_02
4.0,1384,G178325_PS_02
4.0,1385,G178325_PS_03
4.0,1386,G178325_PS_03
4.0,1387,G178325_PS_03
4.0,1388,G178325_PS_03
4.0,1389,G178325_PS_03
4.0,1390,G178325_PS_03
4.0,1391,G178325_PS_02
4.0,1392,G178325_PS_03
4.0,1393,G178325_PS_03
4.0,1394,G178325_PS_03
4.0,1395,G178325_PS_03
4.0,1396,G178325_PS_03
4.0,1397,G178325_PS_03
4.0,1398,G178325_PS_02
4.0,1399,G178325_PS_02
4.0,1400,G178325_PS_03
4.0,1401,G178325_PS_02
4.0,1402,G178325_PS_02
4.0,1403,G178325_PS_02
4.0,1404,G178325_PS_03
4.0,1405,G178325_PS_03
4.0,1406,G178325_PS_03
4.0,1407,G178325_PS_03
4.0,1408,G178325_PS_02
4.0,1409,G178325_PS_03
4.0,1410,G178325_PS_03
4.0,1411,G178325_PS_03
4.0,1412,G178325_PS_03
4.0,1413,G178325_PS_03
4.0,1414,G178325_PS_03
4.0,1415,G178325_PS_03
4.0,1416,G178325_PS_03
4.0,1417,G178325_PS_03
4.0,1418,G178325_PS_02
4.0,1419,G178325_PS_03
4.0,1420,G178325_PS_03
4.0,1421,G178325_PS_03
4.0,1422,G178325_PS_03
4.0,1423,G178325_PS_03
4.0,1424,G178325_PS_03
4.0,1425,G178325_PS_03
4.0,1426,G178325_PS_03
4.0,1427,G178325_PS_03
4.0,1428,G178325_PS_02
4.0,1429,G178325_PS_03
4.0,1430,G178325_PS_02
4.0,1431,G178325_PS_02
4.0,1432,G178325_PS_03
4.0,1433,G178325_PS_02
4.0,1434,G178325_PS_03
4.0,1435,G178325_PS_03
4.0,1436,G178325_PS_03
4.0,1437,G178325_PS_02
4.0,1438,G178325_PS_03
4.0,1439,G178325_PS_03
4.0,1440,G178325_PS_03
4.0,1441,G178325_PS_03
4.0,1442,G178325_PS_03
4.0,1443,G178325_PS_03
4.0,1444,G178325_PS_03
4.0,1445,G178325_PS_03
4.0,1446,G178325_PS_03
4.0,1447,G178325_PS_03
4.0,1448,G178325_PS_03
4.0,1449,G178325_PS_02
4.0,1450,G178325_PS_03
4.0,1451,G178325_PS_03
4.0,1452,G178325_PS_03
4.0,1453,G178325_PS_03
4.0,1454,G178325_PS_03
4.0,1455,G178325_PS_03
4.0,1456,G178325_PS_03
4.0,1457,G178325_PS_03
4.0,1458,G178325_PS_03
4.0,1459,G178325_PS_03
4.0,1460,G178325_PS_03
4.0,1461,G178325_PS_03
4.0,1462,G178325_PS_03
4.0,1463,G178325_PS_03
4.0,1464,G178325_PS_03
4.0,1465,G178325_PS_02
4.0,1466,G178325_PS_03
4.0,1467,G178325_PS_03
4.0,1468,G178325_PS_02
4.0,1469,G178325_PS_03
4.0,1470,G178325_PS_03
4.0,1471,G178325_PS_03
4.0,1472,G178325_PS_02
4.0,1473,G178325_PS_03
4.0,1474,G178325_PS_03
4.0,1475,G178325_PS_03
4.0,1476,G178325_PS_02
4.0,1477,G178325_PS_03
4.0,1478,G178325_PS_03
4.0,1479,G178325_PS_03
4.0,1480,G178325_PS_03
4.0,1481,G178325_PS_03
4.0,1482,G178325_PS_03
4.0,1483,G178325_PS_02
4.0,1484,G178325_PS_03
4.0,1485,G178325_PS_03
4.0,1486,G178325_PS_03
4.0,1487,G178325_PS_02
4.0,1488,G178325_PS_03
4.0,1489,G178325_PS_03
4.0,1490,G178325_PS_03
4.0,1491,G178325_PS_03
4.0,1492,G178325_PS_03
4.0,1493,G178325_PS_03
4.0,1494,G178325_PS_03
4.0,1495,G178325_PS_03
4.0,1496,G178325_PS_03
4.0,1497,G178325_PS_02
4.0,1498,G178325_PS_03
4.0,1499,G178325_PS_03
4.0,1500,G178325_PS_03
4.0,1501,G178325_PS_03
4.0,1502,G178325_PS_03
4.0,1503,G178325_PS_03
4.0,1504,G178325_PS_02
4.0,1505,G178325_PS_03
4.0,1506,G178325_PS_03
4.0,1507,G178325_PS_03
4.0,1508,G178325_PS_02
4.0,1509,G178325_PS_03
4.0,1510,G178325_PS_03
4.0,1511,G178325_PS_03
4.0,1512,G178325_PS_03
4.0,1513,G178325_PS_03
4.0,1514,G178325_PS_03
4.0,1515,G178325_PS_02
4.0,1516,G178325_PS_03
4.0,1517,G178325_PS_02
4.0,1518,G178325_PS_02
4.0,1519,G178325_PS_03
4.0,1520,G178325_PS_03
4.0,1521,G178325_PS_02
4.0,1522,G178325_PS_03
4.0,1523,G178325_PS_03
4.0,1524,G178325_PS_03
4.0,1525,G178325_PS_03
4.0,1526,G178325_PS_02
4.0,1527,G178325_PS_02
4.0,1528,G178325_PS_02
4.0,1529,G178325_PS_02
4.0,1530,G178325_PS_03
4.0,1531,G178325_PS_03
4.0,1532,G178325_PS_03
4.0,1533,G178325_PS_03
4.0,1534,G178325_PS_03
4.0,1535,G178325_PS_03
4.0,1536,G178325_PS_03
4.0,1537,G178325_PS_03
4.0,1538,G178325_PS_02
4.0,1539,G178325_PS_02
4.0,1540,G178325_PS_03
4.0,1541,G178325_PS_03
4.0,1542,G178325_PS_03
4.0,1543,G178325_PS_03
4.0,1544,G178325_PS_03
4.0,1545,G178325_PS_03
4.0,1546,G178325_PS_03
4.0,1547,G178325_PS_03
4.0,1548,G178325_PS_03
4.0,1549,G178325_PS_03
4.0,1550,G178325_PS_03
4.0,1551,G178325_PS_03
4.0,1552,G178325_PS_02
4.0,1553,G178325_PS_02
4.0,1554,G178325_PS_03
4.0,1555,G178325_PS_03
4.0,1556,G178325_PS_03
4.0,1557,G178325_PS_03
4.0,1558,G178325_PS_03
4.0,1559,G178325_PS_03
4.0,1560,G178325_PS_03
4.0,1561,G178325_PS_03
4.0,1562,G178325_PS_03
4.0,1563,G178325_PS_03
4.0,1564,G178325_PS_03
4.0,1565,G178325_PS_03
4.0,1566,G178325_PS_03
4.0,1567,G178325_PS_03
4.0,1568,G178325_PS_02
4.0,1569,G178325_PS_03
4.0,1570,G178325_PS_03
4.0,1571,G178325_PS_03
4.0,1572,G178325_PS_03
4.0,1573,G178325_PS_03
4.0,1574,G178325_PS_02
4.0,1575,G178325_PS_02
4.0,1576,G178325_PS_02
4.0,1577,G178325_PS_03
4.0,1578,G178325_PS_03
4.0,1579,G178325_PS_03
4.0,1580,G178325_PS_03
4.0,1581,G178325_PS_03
4.0,1582,G178325_PS_02
4.0,1583,G178325_PS_03
4.0,1584,G178325_PS_03
4.0,1585,G178325_PS_03
4.0,1586,G178325_PS_03
4.0,1587,G178325_PS_02
4.0,1588,G178325_PS_03
4.0,1589,G178325_PS_03
4.0,1590,G178325_PS_03
4.0,1591,G178325_PS_03
4.0,1592,G178325_PS_03
4.0,1593,G178325_PS_03
4.0,1594,G178325_PS_03
4.0,1595,G178325_PS_02
4.0,1596,G178325_PS_03
4.0,1597,G178325_PS_03
4.0,1598,G178325_PS_03
4.0,1599,G178325_PS_03
4.0,1600,G178325_PS_03
4.0,1601,G178325_PS_03
4.0,1602,G178325_PS_03
4.0,1603,G178325_PS_03
4.0,1604,G178325_PS_03
4.0,1605,G178325_PS_03
4.0,1606,G178325_PS_03
4.0,1607,G178325_PS_03
4.0,1608,G178325_PS_03
4.0,1609,G178325_PS_03
4.0,1610,G178325_PS_03
4.0,1611,G178325_PS_02
4.0,1612,G178325_PS_03
4.0,1613,G178325_PS_03
4.0,1614,G178325_PS_03
4.0,1615,G178325_PS_03
4.0,1616,G178325_PS_03
4.0,1617,G178325_PS_03
4.0,1618,G178325_PS_02
4.0,1619,G178325_PS_03
4.0,1620,G178325_PS_03
4.0,1621,G178325_PS_03
4.0,1622,G178325_PS_03
4.0,1623,G178325_PS_03
4.0,1624,G178325_PS_03
4.0,1625,G178325_PS_02
4.0,1626,G178325_PS_03
4.0,1627,G178325_PS_03
4.0,1628,G178325_PS_03
4.0,1629,G178325_PS_02
4.0,1630,G178325_PS_02
4.0,1631,G178325_PS_03
4.0,1632,G178325_PS_02
4.0,1633,G178325_PS_03
4.0,1634,G178325_PS_03
4.0,1635,G178325_PS_03
4.0,1636,G178325_PS_03
4.0,1637,G178325_PS_03
4.0,1638,G178325_PS_03
4.0,1639,G178325_PS_03
4.0,1640,G178325_PS_03
4.0,1641,G178325_PS_03
4.0,1642,G178325_PS_03
4.0,1643,G178325_PS_03
4.0,1644,G178325_PS_03
4.0,1645,G178325_PS_03
4.0,1646,G178325_PS_02
4.0,1647,G178325_PS_03
4.0,1648,G178325_PS_03
4.0,1649,G178325_PS_03
4.0,1650,G178325_PS_03
4.0,1651,G178325_PS_02
4.0,1652,G178325_PS_03
4.0,1653,G178325_PS_03
4.0,1654,G178325_PS_03
4.0,1655,G178325_PS_03
4.0,1656,G178325_PS_03
4.0,1657,G178325_PS_02
4.0,1658,G178325_PS_03
4.0,1659,G178325_PS_03
4.0,1660,G178325_PS_03
4.0,1661,G178325_PS_03
4.0,1662,G178325_PS_03
4.0,1663,G178325_PS_03
4.0,1664,G178325_PS_03
4.0,1665,G178325_PS_03
4.0,1666,G178325_PS_03
4.0,1667,G178325_PS_03
4.0,1668,G178325_PS_03
4.0,1669,G178325_PS_03
4.0,1670,G178325_PS_03
4.0,1671,G178325_PS_03
4.0,1672,G178325_PS_03
4.0,1673,G178325_PS_03
4.0,1674,G178325_PS_02
4.0,1675,G178325_PS_03
4.0,1676,G178325_PS_03
4.0,1677,G178325_PS_03
4.0,1678,G178325_PS_03
4.0,1679,G178325_PS_03
4.0,1680,G178325_PS_03
4.0,1681,G178325_PS_03
4.0,1682,G178325_PS_03
4.0,1683,G178325_PS_03
4.0,1684,G178325_PS_03
4.0,1685,G178325_PS_03
4.0,1686,G178325_PS_03
4.0,1687,G178325_PS_03
4.0,1688,G178325_PS_03
4.0,1689,G178325_PS_03
4.0,1690,G178325_PS_03
4.0,1691,G178325_PS_02
4.0,1692,G178325_PS_03
4.0,1693,G178325_PS_02
4.0,1694,G178325_PS_02
4.0,1695,G178325_PS_03
4.0,1696,G178325_PS_03
4.0,1697,G178325_PS_03
4.0,1698,G178325_PS_03
4.0,1699,G178325_PS_03
4.0,1700,G178325_PS_02
4.0,1701,G178325_PS_03
4.0,1702,G178325_PS_03
4.0,1703,G178325_PS_03
4.0,1704,G178325_PS_03
4.0,1705,G178325_PS_03
4.0,1706,G178325_PS_03
4.0,1707,G178325_PS_03
4.0,1708,G178325_PS_03
4.0,1709,G178325_PS_03
4.0,1710,G178325_PS_03
4.0,1711,G178325_PS_03
4.0,1712,G178325_PS_02
4.0,1713,G178325_PS_03
4.0,1714,G178325_PS_03
4.0,1715,G178325_PS_03
4.0,1716,G178325_PS_02
4.0,1717,G178325_PS_03
4.0,1718,G178325_PS_02
4.0,1719,G178325_PS_03
4.0,1720,G178325_PS_03
4.0,1721,G178325_PS_03
4.0,1722,G178325_PS_03
4.0,1723,G178325_PS_02
4.0,1724,G178325_PS_03
4.0,1725,G178325_PS_03
4.0,1726,G178325_PS_03
4.0,1727,G178325_PS_03
4.0,1728,G178325_PS_03
4.0,1729,G178325_PS_03
4.0,1730,G178325_PS_02
4.0,1731,G178325_PS_03
4.0,1732,G178325_PS_03
4.0,1733,G178325_PS_03
4.0,1734,G178325_PS_03
4.0,1735,G178325_PS_03
4.0,1736,G178325_PS_03
4.0,1737,G178325_PS_02
4.0,1738,G178325_PS_03
4.0,1739,G178325_PS_03
4.0,1740,G178325_PS_03
4.0,1741,G178325_PS_02
4.0,1742,G178325_PS_03
4.0,1743,G178325_PS_03
4.0,1744,G178325_PS_03
4.0,1745,G178325_PS_03
4.0,1746,G178325_PS_03
4.0,1747,G178325_PS_03
4.0,1748,G178325_PS_03
4.0,1749,G178325_PS_02
4.0,1750,G178325_PS_03
4.0,1751,G178325_PS_03
4.0,1752,G178325_PS_03
4.0,1753,G178325_PS_02
4.0,1754,G178325_PS_02
4.0,1755,G178325_PS_02
4.0,1756,G178325_PS_03
4.0,1757,G178325_PS_03
4.0,1758,G178325_PS_02
4.0,1759,G178325_PS_03
4.0,1760,G178325_PS_03
4.0,1761,G178325_PS_03
4.0,1762,G178325_PS_03
4.0,1763,G178325_PS_02
4.0,1764,G178325_PS_02
4.0,1765,G178325_PS_03
4.0,1766,G178325_PS_02
4.0,1767,G178325_PS_02
4.0,1768,G178325_PS_03
4.0,1769,G178325_PS_03
4.0,1770,G178325_PS_03
4.0,1771,G178325_PS_03
4.0,1772,G178325_PS_03
4.0,1773,G178325_PS_03
4.0,1774,G178325_PS_03
4.0,1775,G178325_PS_03
4.0,1776,G178325_PS_03
4.0,1777,G178325_PS_03
4.0,1778,G178325_PS_03
4.0,1779,G178325_PS_03
4.0,1780,G178325_PS_03
4.0,1781,G178325_PS_03
4.0,1782,G178325_PS_03
4.0,1783,G178325_PS_02
4.0,1784,G178325_PS_03
4.0,1785,G178325_PS_03
4.0,1786,G178325_PS_03
4.0,1787,G178325_PS_03
4.0,1788,G178325_PS_03
4.0,1789,G178325_PS_02
4.0,1790,G178325_PS_03
4.0,1791,G178325_PS_03
4.0,1792,G178325_PS_03
4.0,1793,G178325_PS_03
4.0,1794,G178325_PS_03
4.0,1795,G178325_PS_03
4.0,1796,G178325_PS_03
4.0,1797,G178325_PS_03
4.0,1798,G178325_PS_03
4.0,1799,G178325_PS_03
4.0,1800,G178325_PS_03
4.0,1801,G178325_PS_03
4.0,1802,G178325_PS_03
4.0,1803,G178325_PS_02
4.0,1804,G178325_PS_03
4.0,1805,G178325_PS_03
4.0,1806,G178325_PS_03
4.0,1807,G178325_PS_03
4.0,1808,G178325_PS_03
4.0,1809,G178325_PS_02
4.0,1810,G178325_PS_03
4.0,1811,G178325_PS_03
4.0,1812,G178325_PS_03
4.0,1813,G178325_PS_03
4.0,1814,G178325_PS_03
4.0,1815,G178325_PS_03
4.0,1816,G178325_PS_03
4.0,1817,G178325_PS_02
4.0,1818,G178325_PS_03
4.0,1819,G178325_PS_02
4.0,1820,G178325_PS_03
4.0,1821,G178325_PS_02
4.0,1822,G178325_PS_02
4.0,1823,G178325_PS_03
4.0,1824,G178325_PS_02
4.0,1825,G178325_PS_03
4.0,1826,G178325_PS_03
4.0,1827,G178325_PS_03
4.0,1828,G178325_PS_02
4.0,1829,G178325_PS_03
4.0,1830,G178325_PS_03
4.0,1831,G178325_PS_03
4.0,1832,G178325_PS_02
4.0,1833,G178325_PS_03
4.0,1834,G178325_PS_03
4.0,1835,G178325_PS_02
4.0,1836,G178325_PS_03
4.0,1837,G178325_PS_03
4.0,1838,G178325_PS_02
4.0,1839,G178325_PS_03
4.0,1840,G178325_PS_03
4.0,1841,G178325_PS_03
4.0,1842,G178325_PS_03
4.0,1843,G178325_PS_03
4.0,1844,G178325_PS_02
4.0,1845,G178325_PS_02
4.0,1846,G178325_PS_03
4.0,1847,G178325_PS_03
4.0,1848,G178325_PS_03
4.0,1849,G178325_PS_03
4.0,1850,G178325_PS_03
4.0,1851,G178325_PS_02
4.0,1852,G178325_PS_03
4.0,1853,G178325_PS_02
4.0,1854,G178325_PS_03
4.0,1855,G178325_PS_03
4.0,1856,G178325_PS_02
4.0,1857,G178325_PS_03
4.0,1858,G178325_PS_03
4.0,1859,G178325_PS_03
4.0,1860,G178325_PS_03
4.0,1861,G178325_PS_03
4.0,1862,G178325_PS_03
4.0,1863,G178325_PS_03
4.0,1864,G178325_PS_03
4.0,1865,G178325_PS_01
4.0,1866,G178325_PS_03
4.0,1867,G178325_PS_03
4.0,1868,G178325_PS_02
4.0,1869,G178325_PS_02
4.0,1870,G178325_PS_03
4.0,1871,G178325_PS_02
4.0,1872,G178325_PS_03
4.0,1873,G178325_PS_02
4.0,1874,G178325_PS_02
4.0,1875,G178325_PS_02
4.0,1876,G178325_PS_03
4.0,1877,G178325_PS_03
4.0,1878,G178325_PS_02
4.0,1879,G178325_PS_03
4.0,1880,G178325_PS_03
4.0,1881,G178325_PS_03
4.0,1882,G178325_PS_02
4.0,1883,G178325_PS_03
4.0,1884,G178325_PS_03
4.0,1885,G178325_PS_03
4.0,1886,G178325_PS_03
4.0,1887,G178325_PS_03
4.0,1888,G178325_PS_02
4.0,1889,G178325_PS_03
4.0,1890,G178325_PS_02
4.0,1891,G178325_PS_03
4.0,1892,G178325_PS_03
4.0,1893,G178325_PS_02
4.0,1894,G178325_PS_03
4.0,1895,G178325_PS_03
4.0,1896,G178325_PS_03
4.0,1897,G178325_PS_03
4.0,1898,G178325_PS_02
4.0,1899,G178325_PS_03
4.0,1900,G178325_PS_02
4.0,1901,G178325_PS_03
4.0,1902,G178325_PS_03
4.0,1903,G178325_PS_01
4.0,1904,G178325_PS_02
4.0,1905,G178325_PS_03
4.0,1906,G178325_PS_03
4.0,1907,G178325_PS_03
4.0,1908,G178325_PS_03
4.0,1909,G178325_PS_03
4.0,1910,G178325_PS_03
4.0,1911,G178325_PS_03
4.0,1912,G178325_PS_03
4.0,1913,G178325_PS_03
4.0,1914,G178325_PS_03
4.0,1915,G178325_PS_03
4.0,1916,G178325_PS_03
4.0,1917,G178325_PS_03
4.0,1918,G178325_PS_03
4.0,1919,G178325_PS_03
4.0,1920,G178325_PS_03
4.0,1921,G178325_PS_03
4.0,1922,G178325_PS_03
4.0,1923,G178325_PS_03
4.0,1924,G178325_PS_03
4.0,1925,G178325_PS_03
4.0,1926,G178325_PS_02
4.0,1927,G178325_PS_03
4.0,1928,G178325_PS_02
4.0,1929,G178325_PS_03
4.0,1930,G178325_PS_03
4.0,1931,G178325_PS_03
4.0,1932,G178325_PS_03
4.0,1933,G178325_PS_03
4.0,1934,G178325_PS_03
4.0,1935,G178325_PS_03
4.0,1936,G178325_PS_03
4.0,1937,G178325_PS_03
4.0,1938,G178325_PS_02
4.0,1939,G178325_PS_03
4.0,1940,G178325_PS_03
4.0,1941,G178325_PS_02
4.0,1942,G178325_PS_03
4.0,1943,G178325_PS_03
4.0,1944,G178325_PS_02
4.0,1945,G178325_PS_03
4.0,1946,G178325_PS_03
4.0,1947,G178325_PS_03
4.0,1948,G178325_PS_03
4.0,1949,G178325_PS_03
4.0,1950,G178325_PS_03
4.0,1951,G178325_PS_03
4.0,1952,G178325_PS_03
4.0,1953,G178325_PS_03
4.0,1954,G178325_PS_03
4.0,1955,G178325_PS_03
4.0,1956,G178325_PS_03
4.0,1957,G178325_PS_03
4.0,1958,G178325_PS_03
4.0,1959,G178325_PS_02
4.0,1960,G178325_PS_03
4.0,1961,G178325_PS_03
4.0,1962,G178325_PS_02
4.0,1963,G178325_PS_03
4.0,1964,G178325_PS_03
4.0,1965,G178325_PS_03
4.0,1966,G178325_PS_03
4.0,1967,G178325_PS_02
4.0,1968,G178325_PS_03
4.0,1969,G178325_PS_03
4.0,1970,G178325_PS_03
4.0,1971,G178325_PS_03
4.0,1972,G178325_PS_03
4.0,1973,G178325_PS_03
4.0,1974,G178325_PS_03
4.0,1975,G178325_PS_03
4.0,1976,G178325_PS_03
4.0,1977,G178325_PS_03
4.0,1978,G178325_PS_03
4.0,1979,G178325_PS_02
4.0,1980,G178325_PS_02
4.0,1981,G178325_PS_03
4.0,1982,G178325_PS_03
4.0,1983,G178325_PS_03
4.0,1984,G178325_PS_03
4.0,1985,G178325_PS_03
4.0,1986,G178325_PS_02
4.0,1987,G178325_PS_03
4.0,1988,G178325_PS_02
4.0,1989,G178325_PS_03
4.0,1990,G178325_PS_03
4.0,1991,G178325_PS_03
4.0,1992,G178325_PS_02
4.0,1993,G178325_PS_03
4.0,1994,G178325_PS_03
4.0,1995,G178325_PS_03
4.0,1996,G178325_PS_03
4.0,1997,G178325_PS_02
4.0,1998,G178325_PS_02
4.0,1999,G178325_PS_02
8.0,0,G178325_PS_04
8.0,1,G178325_PS_04
8.0,2,G178325_PS_05
8.0,3,G178325_PS_05
8.0,4,G178325_PS_09
8.0,5,G178325_PS_04
8.0,6,G178325_PS_04
8.0,7,G178325_PS_04
8.0,8,G178325_PS_04
8.0,9,G178325_PS_05
8.0,10,G178325_PS_04
8.0,11,G178325_PS_07
8.0,12,G178325_PS_07
8.0,13,G178325_PS_04
8.0,14,G178325_PS_04
8.0,15,G178325_PS_04
8.0,16,G178325_PS_04
8.0,17,G178325_PS_05
8.0,18,G178325_PS_06
8.0,19,G178325_PS_06
8.0,20,G178325_PS_05
8.0,21,G178325_PS_04
8.0,22,G178325_PS_04
8.0,23,G178325_PS_05
8.0,24,G178325_PS_05
8.0,25,G178325_PS_05
8.0,26,G178325_PS_04
8.0,27,G178325_PS_05
8.0,28,G178325_PS_07
8.0,29,G178325_PS_04
8.0,30,G178325_PS_04
8.0,31,G178325_PS_04
8.0,32,G178325_PS_04
8.0,33,G178325_PS_05
8.0,34,G178325_PS_04
8.0,35,G178325_PS_07
8.0,36,G178325_PS_04
8.0,37,G178325_PS_04
8.0,38,G178325_PS_07
8.0,39,G178325_PS_07
8.0,40,G178325_PS_04
8.0,41,G178325_PS_05
8.0,42,G178325_PS_05
8.0,43,G178325_PS_05
8.0,44,G178325_PS_04
8.0,45,G178325_PS_04
8.0,46,G178325_PS_04
8.0,47,G178325_PS_04
8.0,48,G178325_PS_04
8.0,49,G178325_PS_05
8.0,50,G178325_PS_05
8.0,51,G178325_PS_04
8.0,52,G178325_PS_09
8.0,53,G178325_PS_04
8.0,54,G178325_PS_07
8.0,55,G178325_PS_05
8.0,56,G178325_PS_05
8.0,57,G178325_PS_04
8.0,58,G178325_PS_07
8.0,59,G178325_PS_04
8.0,60,G178325_PS_04
8.0,61,G178325_PS_04
8.0,62,G178325_PS_04
8.0,63,G178325_PS_04
8.0,64,G178325_PS_05
8.0,65,G178325_PS_05
8.0,66,G178325_PS_04
8.0,67,G178325_PS_04
8.0,68,G178325_PS_07
8.0,69,G178325_PS_04
8.0,70,G178325_PS_05
8.0,71,G178325_PS_05
8.0,72,G178325_PS_04
8.0,73,G178325_PS_04
8.0,74,G178325_PS_04
8.0,75,G178325_PS_04
8.0,76,G178325_PS_07
8.0,77,G178325_PS_05
8.0,78,G178325_PS_04
8.0,79,G178325_PS_07
8.0,80,G178325_PS_05
8.0,81,G178325_PS_04
8.0,82,G178325_PS_07
8.0,83,G178325_PS_05
8.0,84,G178325_PS_04
8.0,85,G178325_PS_04
8.0,86,G178325_PS_04
8.0,87,G178325_PS_04
8.0,88,G178325_PS_04
8.0,89,G178325_PS_04
8.0,90,G178325_PS_06
8.0,91,G178325_PS_04
8.0,92,G178325_PS_05
8.0,93,G178325_PS_04
8.0,94,G178325_PS_04
8.0,95,G178325_PS_04
8.0,96,G178325_PS_04
8.0,97,G178325_PS_07
8.0,98,G178325_PS_04
8.0,99,G178325_PS_04
8.0,100,G178325_PS_04
8.0,101,G178325_PS_04
8.0,102,G178325_PS_09
8.0,103,G178325_PS_04
8.0,104,G178325_PS_05
8.0,105,G178325_PS_07
8.0,106,G178325_PS_05
8.0,107,G178325_PS_04
8.0,108,G178325_PS_07
8.0,109,G178325_PS_04
8.0,110,G178325_PS_05
8.0,111,G178325_PS_04
8.0,112,G178325_PS_04
8.0,113,G178325_PS_05
8.0,114,G178325_PS_04
8.0,115,G178325_PS_04
8.0,116,G178325_PS_05
8.0,117,G178325_PS_04
8.0,118,G178325_PS_05
8.0,119,G178325_PS_04
8.0,120,G178325_PS_04
8.0,121,G178325_PS_07
8.0,122,G178325_PS_04
8.0,123,G178325_PS_04
8.0,124,G178325_PS_07
8.0,125,G178325_PS_05
8.0,126,G178325_PS_05
8.0,127,G178325_PS_07
8.0,128,G178325_PS_03
8.0,129,G178325_PS_09
8.0,130,G178325_PS_05
8.0,131,G178325_PS_05
8.0,132,G178325_PS_04
8.0,133,G178325_PS_07
8.0,134,G178325_PS_04
8.0,135,G178325_PS_04
8.0,136,G178325_PS_04
8.0,137,G178325_PS_07
8.0,138,G178325_PS_04
8.0,139,G178325_PS_07
8.0,140,G178325_PS_04
8.0,141,G178325_PS_04
8.0,142,G178325_PS_09
8.0,143,G178325_PS_04
8.0,144,G178325_PS_04
8.0,145,G178325_PS_05
8.0,146,G178325_PS_04
8.0,147,G178325_PS_04
8.0,148,G178325_PS_05
8.0,149,G178325_PS_04
8.0,150,G178325_PS_04
8.0,151,G178325_PS_04
8.0,152,G178325_PS_05
8.0,153,G178325_PS_04
8.0,154,G178325_PS_04
8.0,155,G178325_PS_05
8.0,156,G178325_PS_04
8.0,157,G178325_PS_04
8.0,158,G178325_PS_07
8.0,159,G178325_PS_05
8.0,160,G178325_PS_04
8.0,161,G178325_PS_04
8.0,162,G178325_PS_04
8.0,163,G178325_PS_04
8.0,164,G178325_PS_05
8.0,165,G178325_PS_04
8.0,166,G178325_PS_04
8.0,167,G178325_PS_03
8.0,168,G178325_PS_04
8.0,169,G178325_PS_04
8.0,170,G178325_PS_04
8.0,171,G178325_PS_03
8.0,172,G178325_PS_04
8.0,173,G178325_PS_05
8.0,174,G178325_PS_05
8.0,175,G178325_PS_04
8.0,176,G178325_PS_04
8.0,177,G178325_PS_04
8.0,178,G178325_PS_05
8.0,179,G178325_PS_04
8.0,180,G178325_PS_05
8.0,181,G178325_PS_05
8.0,182,G178325_PS_04
8.0,183,G178325_PS_04
8.0,184,G178325_PS_04
8.0,185,G178325_PS_05
8.0,186,G178325_PS_05
8.0,187,G178325_PS_04
8.0,188,G178325_PS_05
8.0,189,G178325_PS_07
8.0,190,G178325_PS_07
8.0,191,G178325_PS_05
8.0,192,G178325_PS_06
8.0,193,G178325_PS_04
8.0,194,G178325_PS_04
8.0,195,G178325_PS_04
8.0,196,G178325_PS_04
8.0,197,G178325_PS_05
8.0,198,G178325_PS_04
8.0,199,G178325_PS_05
8.0,200,G178325_PS_05
8.0,201,G178325_PS_05
8.0,202,G178325_PS_04
8.0,203,G178325_PS_05
8.0,204,G178325_PS_05
8.0,205,G178325_PS_04
8.0,206,G178325_PS_07
8.0,207,G178325_PS_04
8.0,208,G178325_PS_04
8.0,209,G178325_PS_05
8.0,210,G178325_PS_04
8.0,211,G178325_PS_09
8.0,212,G178325_PS_05
8.0,213,G178325_PS_04
8.0,214,G178325_PS_05
8.0,215,G178325_PS_04
8.0,216,G178325_PS_04
8.0,217,G178325_PS_05
8.0,218,G178325_PS_05
8.0,219,G178325_PS_07
8.0,220,G178325_PS_04
8.0,221,G178325_PS_04
8.0,222,G178325_PS_04
8.0,223,G178325_PS_05
8.0,224,G178325_PS_04
8.0,225,G178325_PS_04
8.0,226,G178325_PS_04
8.0,227,G178325_PS_04
8.0,228,G178325_PS_04
8.0,229,G178325_PS_04
8.0,230,G178325_PS_04
8.0,231,G178325_PS_07
8.0,232,G178325_PS_05
8.0,233,G178325_PS_04
8.0,234,G178325_PS_05
8.0,235,G178325_PS_04
8.0,236,G178325_PS_04
8.0,237,G178325_PS_07
8.0,238,G178325_PS_05
8.0,239,G178325_PS_09
8.0,240,G178325_PS_07
8.0,241,G178325_PS_09
8.0,242,G178325_PS_05
8.0,243,G178325_PS_05
8.0,244,G178325_PS_05
8.0,245,G178325_PS_03
8.0,246,G178325_PS_04
8.0,247,G178325_PS_04
8.0,248,G178325_PS_04
8.0,249,G178325_PS_06
8.0,250,G178325_PS_04
8.0,251,G178325_PS_04
8.0,252,G178325_PS_04
8.0,253,G178325_PS_05
8.0,254,G178325_PS_05
8.0,255,G178325_PS_05
8.0,256,G178325_PS_04
8.0,257,G178325_PS_04
8.0,258,G178325_PS_05
8.0,259,G178325_PS_07
8.0,260,G178325_PS_04
8.0,261,G178325_PS_04
8.0,262,G178325_PS_03
8.0,263,G178325_PS_04
8.0,264,G178325_PS_07
8.0,265,G178325_PS_04
8.0,266,G178325_PS_04
8.0,267,G178325_PS_05
8.0,268,G178325_PS_04
8.0,269,G178325_PS_05
8.0,270,G178325_PS_04
8.0,271,G178325_PS_07
8.0,272,G178325_PS_04
8.0,273,G178325_PS_07
8.0,274,G178325_PS_09
8.0,275,G178325_PS_06
8.0,276,G178325_PS_05
8.0,277,G178325_PS_04
8.0,278,G178325_PS_04
8.0,279,G178325_PS_07
8.0,280,G178325_PS_04
8.0,281,G178325_PS_07
8.0,282,G178325_PS_05
8.0,283,G178325_PS_06
8.0,284,G178325_PS_04
8.0,285,G178325_PS_04
8.0,286,G178325_PS_07
8.0,287,G178325_PS_04
8.0,288,G178325_PS_04
8.0,289,G178325_PS_05
8.0,290,G178325_PS_09
8.0,291,G178325_PS_07
8.0,292,G178325_PS_04
8.0,293,G178325_PS_07
8.0,294,G178325_PS_07
8.0,295,G178325_PS_05
8.0,296,G178325_PS_05
8.0,297,G178325_PS_05
8.0,298,G178325_PS_04
8.0,299,G178325_PS_05
8.0,300,G178325_PS_07
8.0,301,G178325_PS_05
8.0,302,G178325_PS_04
8.0,303,G178325_PS_04
8.0,304,G178325_PS_07
8.0,305,G178325_PS_07
8.0,306,G178325_PS_04
8.0,307,G178325_PS_04
8.0,308,G178325_PS_04
8.0,309,G178325_PS_04
8.0,310,G178325_PS_04
8.0,311,G178325_PS_04
8.0,312,G178325_PS_07
8.0,313,G178325_PS_04
8.0,314,G178325_PS_04
8.0,315,G178325_PS_04
8.0,316,G178325_PS_07
8.0,317,G178325_PS_06
8.0,318,G178325_PS_07
8.0,319,G178325_PS_05
8.0,320,G178325_PS_04
8.0,321,G178325_PS_07
8.0,322,G178325_PS_04
8.0,323,G178325_PS_04
8.0,324,G178325_PS_06
8.0,325,G178325_PS_07
8.0,326,G178325_PS_04
8.0,327,G178325_PS_04
8.0,328,G178325_PS_04
8.0,329,G178325_PS_04
8.0,330,G178325_PS_05
8.0,331,G178325_PS_04
8.0,332,G178325_PS_05
8.0,333,G178325_PS_04
8.0,334,G178325_PS_04
8.0,335,G178325_PS_07
8.0,336,G178325_PS_04
8.0,337,G178325_PS_04
8.0,338,G178325_PS_04
8.0,339,G178325_PS_04
8.0,340,G178325_PS_04
8.0,341,G178325_PS_04
8.0,342,G178325_PS_04
8.0,343,G178325_PS_04
8.0,344,G178325_PS_07
8.0,345,G178325_PS_05
8.0,346,G178325_PS_05
8.0,347,G178325_PS_03
8.0,348,G178325_PS_04
8.0,349,G178325_PS_04
8.0,350,G178325_PS_04
8.0,351,G178325_PS_07
8.0,352,G178325_PS_05
8.0,353,G178325_PS_05
8.0,354,G178325_PS_06
8.0,355,G178325_PS_05
8.0,356,G178325_PS_07
8.0,357,G178325_PS_05
8.0,358,G178325_PS_05
8.0,359,G178325_PS_06
8.0,360,G178325_PS_04
8.0,361,G178325_PS_04
8.0,362,G178325_PS_04
8.0,363,G178325_PS_04
8.0,364,G178325_PS_05
8.0,365,G178325_PS_05
8.0,366,G178325_PS_04
8.0,367,G178325_PS_04
8.0,368,G178325_PS_07
8.0,369,G178325_PS_04
8.0,370,G178325_PS_04
8.0,371,G178325_PS_04
8.0,372,G178325_PS_04
8.0,373,G178325_PS_04
8.0,374,G178325_PS_04
8.0,375,G178325_PS_04
8.0,376,G178325_PS_05
8.0,377,G178325_PS_04
8.0,378,G178325_PS_04
8.0,379,G178325_PS_04
8.0,380,G178325_PS_04
8.0,381,G178325_PS_07
8.0,382,G178325_PS_04
8.0,383,G178325_PS_04
8.0,384,G178325_PS_05
8.0,385,G178325_PS_06
8.0,386,G178325_PS_04
8.0,387,G178325_PS_04
8.0,388,G178325_PS_04
8.0,389,G178325_PS_04
8.0,390,G178325_PS_04
8.0,391,G178325_PS_04
8.0,392,G178325_PS_04
8.0,393,G178325_PS_04
8.0,394,G178325_PS_04
8.0,395,G178325_PS_04
8.0,396,G178325_PS_07
8.0,397,G178325_PS_05
8.0,398,G178325_PS_04
8.0,399,G178325_PS_04
8.0,400,G178325_PS_04
8.0,401,G178325_PS_05
8.0,402,G178325_PS_05
8.0,403,G178325_PS_04
8.0,404,G178325_PS_05
8.0,405,G178325_PS_05
8.0,406,G178325_PS_09
8.0,407,G178325_PS_05
8.0,408,G178325_PS_04
8.0,409,G178325_PS_04
8.0,410,G178325_PS_04
8.0,411,G178325_PS_04
8.0,412,G178325_PS_04
8.0,413,G178325_PS_04
8.0,414,G178325_PS_05
8.0,415,G178325_PS_04
8.0,416,G178325_PS_06
8.0,417,G178325_PS_05
8.0,418,G178325_PS_04
8.0,419,G178325_PS_04
8.0,420,G178325_PS_04
8.0,421,G178325_PS_04
8.0,422,G178325_PS_05
8.0,423,G178325_PS_07
8.0,424,G178325_PS_04
8.0,425,G178325_PS_03
8.0,426,G178325_PS_04
8.0,427,G178325_PS_05
8.0,428,G178325_PS_05
8.0,429,G178325_PS_04
8.0,430,G178325_PS_04
8.0,431,G178325_PS_04
8.0,432,G178325_PS_09
8.0,433,G178325_PS_04
8.0,434,G178325_PS_07
8.0,435,G178325_PS_04
8.0,436,G178325_PS_05
8.0,437,G178325_PS_05
8.0,438,G178325_PS_04
8.0,439,G178325_PS_04
8.0,440,G178325_PS_04
8.0,441,G178325_PS_04
8.0,442,G178325_PS_04
8.0,443,G178325_PS_04
8.0,444,G178325_PS_05
8.0,445,G178325_PS_05
8.0,446,G178325_PS_04
8.0,447,G178325_PS_04
8.0,448,G178325_PS_05
8.0,449,G178325_PS_04
8.0,450,G178325_PS_05
8.0,451,G178325_PS_04
8.0,452,G178325_PS_09
8.0,453,G178325_PS_04
8.0,454,G178325_PS_09
8.0,455,G178325_PS_07
8.0,456,G178325_PS_05
8.0,457,G178325_PS_04
8.0,458,G178325_PS_05
8.0,459,G178325_PS_04
8.0,460,G178325_PS_05
8.0,461,G178325_PS_04
8.0,462,G178325_PS_04
8.0,463,G178325_PS_04
8.0,464,G178325_PS_04
8.0,465,G178325_PS_04
8.0,466,G178325_PS_07
8.0,467,G178325_PS_05
8.0,468,G178325_PS_04
8.0,469,G178325_PS_06
8.0,470,G178325_PS_04
8.0,471,G178325_PS_04
8.0,472,G178325_PS_07
8.0,473,G178325_PS_04
8.0,474,G178325_PS_07
8.0,475,G178325_PS_07
8.0,476,G178325_PS_04
8.0,477,G178325_PS_04
8.0,478,G178325_PS_06
8.0,479,G178325_PS_05
8.0,480,G178325_PS_05
8.0,481,G178325_PS_05
8.0,482,G178325_PS_04
8.0,483,G178325_PS_04
8.0,484,G178325_PS_04
8.0,485,G178325_PS_04
8.0,486,G178325_PS_04
8.0,487,G178325_PS_04
8.0,488,G178325_PS_04
8.0,489,G178325_PS_04
8.0,490,G178325_PS_04
8.0,491,G178325_PS_05
8.0,492,G178325_PS_04
8.0,493,G178325_PS_05
8.0,494,G178325_PS_04
8.0,495,G178325_PS_04
8.0,496,G178325_PS_05
8.0,497,G178325_PS_04
8.0,498,G178325_PS_05
8.0,499,G178325_PS_04
8.0,500,G178325_PS_04
8.0,501,G178325_PS_05
8.0,502,G178325_PS_07
8.0,503,G178325_PS_04
8.0,504,G178325_PS_07
8.0,505,G178325_PS_04
8.0,506,G178325_PS_04
8.0,507,G178325_PS_05
8.0,508,G178325_PS_04
8.0,509,G178325_PS_07
8.0,510,G178325_PS_04
8.0,511,G178325_PS_05
8.0,512,G178325_PS_07
8.0,513,G178325_PS_04
8.0,514,G178325_PS_04
8.0,515,G178325_PS_04
8.0,516,G178325_PS_04
8.0,517,G178325_PS_04
8.0,518,G178325_PS_04
8.0,519,G178325_PS_04
8.0,520,G178325_PS_04
8.0,521,G178325_PS_04
8.0,522,G178325_PS_05
8.0,523,G178325_PS_06
8.0,524,G178325_PS_06
8.0,525,G178325_PS_04
8.0,526,G178325_PS_05
8.0,527,G178325_PS_04
8.0,528,G178325_PS_07
8.0,529,G178325_PS_04
8.0,530,G178325_PS_04
8.0,531,G178325_PS_04
8.0,532,G178325_PS_05
8.0,533,G178325_PS_04
8.0,534,G178325_PS_05
8.0,535,G178325_PS_04
8.0,536,G178325_PS_04
8.0,537,G178325_PS_06
8.0,538,G178325_PS_04
8.0,539,G178325_PS_05
8.0,540,G178325_PS_06
8.0,541,G178325_PS_04
8.0,542,G178325_PS_07
8.0,543,G178325_PS_04
8.0,544,G178325_PS_07
8.0,545,G178325_PS_04
8.0,546,G178325_PS_05
8.0,547,G178325_PS_07
8.0,548,G178325_PS_04
8.0,549,G178325_PS_04
8.0,550,G178325_PS_04
8.0,551,G178325_PS_04
8.0,552,G178325_PS_09
8.0,553,G178325_PS_04
8.0,554,G178325_PS_04
8.0,555,G178325_PS_05
8.0,556,G178325_PS_07
8.0,557,G178325_PS_05
8.0,558,G178325_PS_05
8.0,559,G178325_PS_05
8.0,560,G178325_PS_04
8.0,561,G178325_PS_07
8.0,562,G178325_PS_04
8.0,563,G178325_PS_04
8.0,564,G178325_PS_04
8.0,565,G178325_PS_07
8.0,566,G178325_PS_05
8.0,567,G178325_PS_04
8.0,568,G178325_PS_05
8.0,569,G178325_PS_05
8.0,570,G178325_PS_04
8.0,571,G178325_PS_05
8.0,572,G178325_PS_07
8.0,573,G178325_PS_04
8.0,574,G178325_PS_07
8.0,575,G178325_PS_03
8.0,576,G178325_PS_04
8.0,577,G178325_PS_09
8.0,578,G178325_PS_04
8.0,579,G178325_PS_04
8.0,580,G178325_PS_07
8.0,581,G178325_PS_04
8.0,582,G178325_PS_07
8.0,583,G178325_PS_04
8.0,584,G178325_PS_07
8.0,585,G178325_PS_05
8.0,586,G178325_PS_04
8.0,587,G178325_PS_04
8.0,588,G178325_PS_03
8.0,589,G178325_PS_04
8.0,590,G178325_PS_05
8.0,591,G178325_PS_04
8.0,592,G178325_PS_04
8.0,593,G178325_PS_05
8.0,594,G178325_PS_05
8.0,595,G178325_PS_05
8.0,596,G178325_PS_04
8.0,597,G178325_PS_04
8.0,598,G178325_PS_04
8.0,599,G178325_PS_04
8.0,600,G178325_PS_04
8.0,601,G178325_PS_04
8.0,602,G178325_PS_04
8.0,603,G178325_PS_06
8.0,604,G178325_PS_07
8.0,605,G178325_PS_06
8.0,606,G178325_PS_06
8.0,607,G178325_PS_09
8.0,608,G178325_PS_05
8.0,609,G178325_PS_06
8.0,610,G178325_PS_05
8.0,611,G178325_PS_07
8.0,612,G178325_PS_03
8.0,613,G178325_PS_06
8.0,614,G178325_PS_04
8.0,615,G178325_PS_04
8.0,616,G178325_PS_03
8.0,617,G178325_PS_04
8.0,618,G178325_PS_05
8.0,619,G178325_PS_09
8.0,620,G178325_PS_07
8.0,621,G178325_PS_04
8.0,622,G178325_PS_04
8.0,623,G178325_PS_04
8.0,624,G178325_PS_04
8.0,625,G178325_PS_04
8.0,626,G178325_PS_05
8.0,627,G178325_PS_04
8.0,628,G178325_PS_04
8.0,629,G178325_PS_07
8.0,630,G178325_PS_04
8.0,631,G178325_PS_04
8.0,632,G178325_PS_04
8.0,633,G178325_PS_06
8.0,634,G178325_PS_05
8.0,635,G178325_PS_05
8.0,636,G178325_PS_04
8.0,637,G178325_PS_04
8.0,638,G178325_PS_04
8.0,639,G178325_PS_06
8.0,640,G178325_PS_04
8.0,641,G178325_PS_04
8.0,642,G178325_PS_04
8.0,643,G178325_PS_09
8.0,644,G178325_PS_07
8.0,645,G178325_PS_07
8.0,646,G178325_PS_07
8.0,647,G178325_PS_04
8.0,648,G178325_PS_04
8.0,649,G178325_PS_04
8.0,650,G178325_PS_06
8.0,651,G178325_PS_04
8.0,652,G178325_PS_04
8.0,653,G178325_PS_06
8.0,654,G178325_PS_04
8.0,655,G178325_PS_05
8.0,656,G178325_PS_05
8.0,657,G178325_PS_04
8.0,658,G178325_PS_04
8.0,659,G178325_PS_04
8.0,660,G178325_PS_04
8.0,661,G178325_PS_04
8.0,662,G178325_PS_04
8.0,663,G178325_PS_04
8.0,664,G178325_PS_04
8.0,665,G178325_PS_06
8.0,666,G178325_PS_07
8.0,667,G178325_PS_06
8.0,668,G178325_PS_06
8.0,669,G178325_PS_04
8.0,670,G178325_PS_04
8.0,671,G178325_PS_05
8.0,672,G178325_PS_05
8.0,673,G178325_PS_04
8.0,674,G178325_PS_04
8.0,675,G178325_PS_04
8.0,676,G178325_PS_04
8.0,677,G178325_PS_07
8.0,678,G178325_PS_05
8.0,679,G178325_PS_04
8.0,680,G178325_PS_04
8.0,681,G178325_PS_04
8.0,682,G178325_PS_04
8.0,683,G178325_PS_04
8.0,684,G178325_PS_04
8.0,685,G178325_PS_04
8.0,686,G178325_PS_04
8.0,687,G178325_PS_05
8.0,688,G178325_PS_07
8.0,689,G178325_PS_05
8.0,690,G178325_PS_05
8.0,691,G178325_PS_04
8.0,692,G178325_PS_04
8.0,693,G178325_PS_07
8.0,694,G178325_PS_04
8.0,695,G178325_PS_05
8.0,696,G178325_PS_05
8.0,697,G178325_PS_04
8.0,698,G178325_PS_04
8.0,699,G178325_PS_04
8.0,700,G178325_PS_04
8.0,701,G178325_PS_06
8.0,702,G178325_PS_03
8.0,703,G178325_PS_04
8.0,704,G178325_PS_07
8.0,705,G178325_PS_04
8.0,706,G178325_PS_04
8.0,707,G178325_PS_06
8.0,708,G178325_PS_03
8.0,709,G178325_PS_05
8.0,710,G178325_PS_06
8.0,711,G178325_PS_05
8.0,712,G178325_PS_04
8.0,713,G178325_PS_05
8.0,714,G178325_PS_07
8.0,715,G178325_PS_04
8.0,716,G178325_PS_04
8.0,717,G178325_PS_04
8.0,718,G178325_PS_05
8.0,719,G178325_PS_05
8.0,720,G178325_PS_05
8.0,721,G178325_PS_04
8.0,722,G178325_PS_03
8.0,723,G178325_PS_04
8.0,724,G178325_PS_05
8.0,725,G178325_PS_05
8.0,726,G178325_PS_04
8.0,727,G178325_PS_04
8.0,728,G178325_PS_04
8.0,729,G178325_PS_04
8.0,730,G178325_PS_04
8.0,731,G178325_PS_04
8.0,732,G178325_PS_05
8.0,733,G178325_PS_04
8.0,734,G178325_PS_05
8.0,735,G178325_PS_04
8.0,736,G178325_PS_04
8.0,737,G178325_PS_04
8.0,738,G178325_PS_04
8.0,739,G178325_PS_04
8.0,740,G178325_PS_05
8.0,741,G178325_PS_05
8.0,742,G178325_PS_04
8.0,743,G178325_PS_04
8.0,744,G178325_PS_04
8.0,745,G178325_PS_04
8.0,746,G178325_PS_04
8.0,747,G178325_PS_07
8.0,748,G178325_PS_05
8.0,749,G178325_PS_06
8.0,750,G178325_PS_04
8.0,751,G178325_PS_06
8.0,752,G178325_PS_05
8.0,753,G178325_PS_04
8.0,754,G178325_PS_07
8.0,755,G178325_PS_05
8.0,756,G178325_PS_05
8.0,757,G178325_PS_09
8.0,758,G178325_PS_04
8.0,759,G178325_PS_04
8.0,760,G178325_PS_04
8.0,761,G178325_PS_04
8.0,762,G178325_PS_07
8.0,763,G178325_PS_04
8.0,764,G178325_PS_05
8.0,765,G178325_PS_05
8.0,766,G178325_PS_05
8.0,767,G178325_PS_04
8.0,768,G178325_PS_05
8.0,769,G178325_PS_07
8.0,770,G178325_PS_05
8.0,771,G178325_PS_09
8.0,772,G178325_PS_05
8.0,773,G178325_PS_04
8.0,774,G178325_PS_05
8.0,775,G178325_PS_04
8.0,776,G178325_PS_07
8.0,777,G178325_PS_04
8.0,778,G178325_PS_04
8.0,779,G178325_PS_04
8.0,780,G178325_PS_05
8.0,781,G178325_PS_04
8.0,782,G178325_PS_04
8.0,783,G178325_PS_04
8.0,784,G178325_PS_09
8.0,785,G178325_PS_04
8.0,786,G178325_PS_09
8.0,787,G178325_PS_07
8.0,788,G178325_PS_04
8.0,789,G178325_PS_05
8.0,790,G178325_PS_05
8.0,791,G178325_PS_04
8.0,792,G178325_PS_04
8.0,793,G178325_PS_04
8.0,794,G178325_PS_04
8.0,795,G178325_PS_05
8.0,796,G178325_PS_05
8.0,797,G178325_PS_09
8.0,798,G178325_PS_04
8.0,799,G178325_PS_04
8.0,800,G178325_PS_04
8.0,801,G178325_PS_05
8.0,802,G178325_PS_04
8.0,803,G178325_PS_04
8.0,804,G178325_PS_05
8.0,805,G178325_PS_07
8.0,806,G178325_PS_05
8.0,807,G178325_PS_04
8.0,808,G178325_PS_04
8.0,809,G178325_PS_07
8.0,810,G178325_PS_05
8.0,811,G178325_PS_04
8.0,812,G178325_PS_05
8.0,813,G178325_PS_05
8.0,814,G178325_PS_04
8.0,815,G178325_PS_07
8.0,816,G178325_PS_04
8.0,817,G178325_PS_05
8.0,818,G178325_PS_04
8.0,819,G178325_PS_04
8.0,820,G178325_PS_04
8.0,821,G178325_PS_04
8.0,822,G178325_PS_05
8.0,823,G178325_PS_05
8.0,824,G178325_PS_07
8.0,825,G178325_PS_04
8.0,826,G178325_PS_04
8.0,827,G178325_PS_04
8.0,828,G178325_PS_04
8.0,829,G178325_PS_07
8.0,830,G178325_PS_06
8.0,831,G178325_PS_07
8.0,832,G178325_PS_07
8.0,833,G178325_PS_05
8.0,834,G178325_PS_04
8.0,835,G178325_PS_06
8.0,836,G178325_PS_07
8.0,837,G178325_PS_05
8.0,838,G178325_PS_04
8.0,839,G178325_PS_05
8.0,840,G178325_PS_04
8.0,841,G178325_PS_04
8.0,842,G178325_PS_05
8.0,843,G178325_PS_06
8.0,844,G178325_PS_04
8.0,845,G178325_PS_05
8.0,846,G178325_PS_06
8.0,847,G178325_PS_05
8.0,848,G178325_PS_04
8.0,849,G178325_PS_04
8.0,850,G178325_PS_04
8.0,851,G178325_PS_04
8.0,852,G178325_PS_04
8.0,853,G178325_PS_04
8.0,854,G178325_PS_06
8.0,855,G178325_PS_04
8.0,856,G178325_PS_04
8.0,857,G178325_PS_05
8.0,858,G178325_PS_07
8.0,859,G178325_PS_05
8.0,860,G178325_PS_04
8.0,861,G178325_PS_04
8.0,862,G178325_PS_04
8.0,863,G178325_PS_03
8.0,864,G178325_PS_04
8.0,865,G178325_PS_04
8.0,866,G178325_PS_04
8.0,867,G178325_PS_06
8.0,868,G178325_PS_05
8.0,869,G178325_PS_05
8.0,870,G178325_PS_04
8.0,871,G178325_PS_06
8.0,872,G178325_PS_05
8.0,873,G178325_PS_07
8.0,874,G178325_PS_04
8.0,875,G178325_PS_06
8.0,876,G178325_PS_07
8.0,877,G178325_PS_05
8.0,878,G178325_PS_05
8.0,879,G178325_PS_04
8.0,880,G178325_PS_05
8.0,881,G178325_PS_05
8.0,882,G178325_PS_04
8.0,883,G178325_PS_04
8.0,884,G178325_PS_04
8.0,885,G178325_PS_07
8.0,886,G178325_PS_04
8.0,887,G178325_PS_07
8.0,888,G178325_PS_05
8.0,889,G178325_PS_07
8.0,890,G178325_PS_06
8.0,891,G178325_PS_04
8.0,892,G178325_PS_04
8.0,893,G178325_PS_05
8.0,894,G178325_PS_07
8.0,895,G178325_PS_04
8.0,896,G178325_PS_05
8.0,897,G178325_PS_04
8.0,898,G178325_PS_04
8.0,899,G178325_PS_05
8.0,900,G178325_PS_05
8.0,901,G178325_PS_04
8.0,902,G178325_PS_04
8.0,903,G178325_PS_06
8.0,904,G178325_PS_04
8.0,905,G178325_PS_04
8.0,906,G178325_PS_04
8.0,907,G178325_PS_05
8.0,908,G178325_PS_04
8.0,909,G178325_PS_07
8.0,910,G178325_PS_04
8.0,911,G178325_PS_05
8.0,912,G178325_PS_04
8.0,913,G178325_PS_04
8.0,914,G178325_PS_03
8.0,915,G178325_PS_05
8.0,916,G178325_PS_04
8.0,917,G178325_PS_04
8.0,918,G178325_PS_04
8.0,919,G178325_PS_04
8.0,920,G178325_PS_05
8.0,921,G178325_PS_04
8.0,922,G178325_PS_04
8.0,923,G178325_PS_04
8.0,924,G178325_PS_07
8.0,925,G178325_PS_04
8.0,926,G178325_PS_05
8.0,927,G178325_PS_04
8.0,928,G178325_PS_05
8.0,929,G178325_PS_04
8.0,930,G178325_PS_05
8.0,931,G178325_PS_04
8.0,932,G178325_PS_04
8.0,933,G178325_PS_05
8.0,934,G178325_PS_04
8.0,935,G178325_PS_05
8.0,936,G178325_PS_04
8.0,937,G178325_PS_04
8.0,938,G178325_PS_05
8.0,939,G178325_PS_04
8.0,940,G178325_PS_05
8.0,941,G178325_PS_04
8.0,942,G178325_PS_04
8.0,943,G178325_PS_04
8.0,944,G178325_PS_05
8.0,945,G178325_PS_05
8.0,946,G178325_PS_04
8.0,947,G178325_PS_05
8.0,948,G178325_PS_07
8.0,949,G178325_PS_04
8.0,950,G178325_PS_05
8.0,951,G178325_PS_04
8.0,952,G178325_PS_04
8.0,953,G178325_PS_03
8.0,954,G178325_PS_04
8.0,955,G178325_PS_04
8.0,956,G178325_PS_04
8.0,957,G178325_PS_04
8.0,958,G178325_PS_05
8.0,959,G178325_PS_04
8.0,960,G178325_PS_05
8.0,961,G178325_PS_04
8.0,962,G178325_PS_05
8.0,963,G178325_PS_05
8.0,964,G178325_PS_04
8.0,965,G178325_PS_04
8.0,966,G178325_PS_04
8.0,967,G178325_PS_06
8.0,968,G178325_PS_07
8.0,969,G178325_PS_05
8.0,970,G178325_PS_03
8.0,971,G178325_PS_05
8.0,972,G178325_PS_04
8.0,973,G178325_PS_05
8.0,974,G178325_PS_04
8.0,975,G178325_PS_04
8.0,976,G178325_PS_05
8.0,977,G178325_PS_04
8.0,978,G178325_PS_07
8.0,979,G178325_PS_05
8.0,980,G178325_PS_06
8.0,981,G178325_PS_05
8.0,982,G178325_PS_05
8.0,983,G178325_PS_05
8.0,984,G178325_PS_04
8.0,985,G178325_PS_04
8.0,986,G178325_PS_04
8.0,987,G178325_PS_04
8.0,988,G178325_PS_05
8.0,989,G178325_PS_04
8.0,990,G178325_PS_05
8.0,991,G178325_PS_04
8.0,992,G178325_PS_04
8.0,993,G178325_PS_04
8.0,994,G178325_PS_04
8.0,995,G178325_PS_04
8.0,996,G178325_PS_04
8.0,997,G178325_PS_05
8.0,998,G178325_PS_07
8.0,999,G178325_PS_04
8.0,1000,G178325_PS_04
8.0,1001,G178325_PS_05
8.0,1002,G178325_PS_04
8.0,1003,G178325_PS_04
8.0,1004,G178325_PS_04
8.0,1005,G178325_PS_04
8.0,1006,G178325_PS_05
8.0,1007,G178325_PS_05
8.0,1008,G178325_PS_04
8.0,1009,G178325_PS_04
8.0,1010,G178325_PS_07
8.0,1011,G178325_PS_04
8.0,1012,G178325_PS_04
8.0,1013,G178325_PS_04
8.0,1014,G178325_PS_07
8.0,1015,G178325_PS_04
8.0,1016,G178325_PS_05
8.0,1017,G178325_PS_07
8.0,1018,G178325_PS_07
8.0,1019,G178325_PS_04
8.0,1020,G178325_PS_05
8.0,1021,G178325_PS_04
8.0,1022,G178325_PS_03
8.0,1023,G178325_PS_05
8.0,1024,G178325_PS_04
8.0,1025,G178325_PS_07
8.0,1026,G178325_PS_04
8.0,1027,G178325_PS_04
8.0,1028,G178325_PS_04
8.0,1029,G178325_PS_05
8.0,1030,G178325_PS_04
8.0,1031,G178325_PS_05
8.0,1032,G178325_PS_04
8.0,1033,G178325_PS_04
8.0,1034,G178325_PS_04
8.0,1035,G178325_PS_05
8.0,1036,G178325_PS_04
8.0,1037,G178325_PS_04
8.0,1038,G178325_PS_04
8.0,1039,G178325_PS_04
8.0,1040,G178325_PS_07
8.0,1041,G178325_PS_04
8.0,1042,G178325_PS_04
8.0,1043,G178325_PS_05
8.0,1044,G178325_PS_05
8.0,1045,G178325_PS_05
8.0,1046,G178325_PS_06
8.0,1047,G178325_PS_05
8.0,1048,G178325_PS_04
8.0,1049,G178325_PS_04
8.0,1050,G178325_PS_04
8.0,1051,G178325_PS_05
8.0,1052,G178325_PS_04
8.0,1053,G178325_PS_04
8.0,1054,G178325_PS_04
8.0,1055,G178325_PS_04
8.0,1056,G178325_PS_04
8.0,1057,G178325_PS_04
8.0,1058,G178325_PS_07
8.0,1059,G178325_PS_04
8.0,1060,G178325_PS_04
8.0,1061,G178325_PS_03
8.0,1062,G178325_PS_05
8.0,1063,G178325_PS_07
8.0,1064,G178325_PS_04
8.0,1065,G178325_PS_04
8.0,1066,G178325_PS_04
8.0,1067,G178325_PS_04
8.0,1068,G178325_PS_04
8.0,1069,G178325_PS_06
8.0,1070,G178325_PS_05
8.0,1071,G178325_PS_04
8.0,1072,G178325_PS_05
8.0,1073,G178325_PS_04
8.0,1074,G178325_PS_07
8.0,1075,G178325_PS_07
8.0,1076,G178325_PS_05
8.0,1077,G178325_PS_04
8.0,1078,G178325_PS_05
8.0,1079,G178325_PS_06
8.0,1080,G178325_PS_04
8.0,1081,G178325_PS_04
8.0,1082,G178325_PS_04
8.0,1083,G178325_PS_04
8.0,1084,G178325_PS_05
8.0,1085,G178325_PS_04
8.0,1086,G178325_PS_04
8.0,1087,G178325_PS_04
8.0,1088,G178325_PS_05
8.0,1089,G178325_PS_04
8.0,1090,G178325_PS_05
8.0,1091,G178325_PS_04
8.0,1092,G178325_PS_05
8.0,1093,G178325_PS_05
8.0,1094,G178325_PS_09
8.0,1095,G178325_PS_07
8.0,1096,G178325_PS_04
8.0,1097,G178325_PS_04
8.0,1098,G178325_PS_09
8.0,1099,G178325_PS_04
8.0,1100,G178325_PS_07
8.0,1101,G178325_PS_04
8.0,1102,G178325_PS_04
8.0,1103,G178325_PS_04
8.0,1104,G178325_PS_05
8.0,1105,G178325_PS_04
8.0,1106,G178325_PS_05
8.0,1107,G178325_PS_04
8.0,1108,G178325_PS_05
8.0,1109,G178325_PS_04
8.0,1110,G178325_PS_04
8.0,1111,G178325_PS_05
8.0,1112,G178325_PS_04
8.0,1113,G178325_PS_04
8.0,1114,G178325_PS_04
8.0,1115,G178325_PS_04
8.0,1116,G178325_PS_04
8.0,1117,G178325_PS_04
8.0,1118,G178325_PS_05
8.0,1119,G178325_PS_07
8.0,1120,G178325_PS_05
8.0,1121,G178325_PS_05
8.0,1122,G178325_PS_04
8.0,1123,G178325_PS_05
8.0,1124,G178325_PS_04
8.0,1125,G178325_PS_04
8.0,1126,G178325_PS_05
8.0,1127,G178325_PS_04
8.0,1128,G178325_PS_04
8.0,1129,G178325_PS_04
8.0,1130,G178325_PS_04
8.0,1131,G178325_PS_04
8.0,1132,G178325_PS_04
8.0,1133,G178325_PS_04
8.0,1134,G178325_PS_04
8.0,1135,G178325_PS_04
8.0,1136,G178325_PS_06
8.0,1137,G178325_PS_04
8.0,1138,G178325_PS_04
8.0,1139,G178325_PS_06
8.0,1140,G178325_PS_09
8.0,1141,G178325_PS_05
8.0,1142,G178325_PS_05
8.0,1143,G178325_PS_04
8.0,1144,G178325_PS_07
8.0,1145,G178325_PS_04
8.0,1146,G178325_PS_04
8.0,1147,G178325_PS_07
8.0,1148,G178325_PS_04
8.0,1149,G178325_PS_04
8.0,1150,G178325_PS_07
8.0,1151,G178325_PS_05
8.0,1152,G178325_PS_04
8.0,1153,G178325_PS_04
8.0,1154,G178325_PS_06
8.0,1155,G178325_PS_05
8.0,1156,G178325_PS_07
8.0,1157,G178325_PS_04
8.0,1158,G178325_PS_05
8.0,1159,G178325_PS_04
8.0,1160,G178325_PS_05
8.0,1161,G178325_PS_04
8.0,1162,G178325_PS_04
8.0,1163,G178325_PS_04
8.0,1164,G178325_PS_09
8.0,1165,G178325_PS_05
8.0,1166,G178325_PS_04
8.0,1167,G178325_PS_05
8.0,1168,G178325_PS_05
8.0,1169,G178325_PS_05
8.0,1170,G178325_PS_04
8.0,1171,G178325_PS_07
8.0,1172,G178325_PS_04
8.0,1173,G178325_PS_04
8.0,1174,G178325_PS_07
8.0,1175,G178325_PS_07
8.0,1176,G178325_PS_04
8.0,1177,G178325_PS_05
8.0,1178,G178325_PS_04
8.0,1179,G178325_PS_09
8.0,1180,G178325_PS_05
8.0,1181,G178325_PS_04
8.0,1182,G178325_PS_04
8.0,1183,G178325_PS_04
8.0,1184,G178325_PS_04
8.0,1185,G178325_PS_07
8.0,1186,G178325_PS_05
8.0,1187,G178325_PS_04
8.0,1188,G178325_PS_05
8.0,1189,G178325_PS_04
8.0,1190,G178325_PS_04
8.0,1191,G178325_PS_07
8.0,1192,G178325_PS_04
8.0,1193,G178325_PS_04
8.0,1194,G178325_PS_04
8.0,1195,G178325_PS_04
8.0,1196,G178325_PS_06
8.0,1197,G178325_PS_04
8.0,1198,G178325_PS_05
8.0,1199,G178325_PS_04
8.0,1200,G178325_PS_05
8.0,1201,G178325_PS_03
8.0,1202,G178325_PS_04
8.0,1203,G178325_PS_05
8.0,1204,G178325_PS_04
8.0,1205,G178325_PS_05
8.0,1206,G178325_PS_04
8.0,1207,G178325_PS_04
8.0,1208,G178325_PS_04
8.0,1209,G178325_PS_04
8.0,1210,G178325_PS_07
8.0,1211,G178325_PS_07
8.0,1212,G178325_PS_04
8.0,1213,G178325_PS_05
8.0,1214,G178325_PS_05
8.0,1215,G178325_PS_04
8.0,1216,G178325_PS_07
8.0,1217,G178325_PS_05
8.0,1218,G178325_PS_05
8.0,1219,G178325_PS_05
8.0,1220,G178325_PS_04
8.0,1221,G178325_PS_05
8.0,1222,G178325_PS_05
8.0,1223,G178325_PS_03
8.0,1224,G178325_PS_04
8.0,1225,G178325_PS_05
8.0,1226,G178325_PS_04
8.0,1227,G178325_PS_04
8.0,1228,G178325_PS_04
8.0,1229,G178325_PS_04
8.0,1230,G178325_PS_04
8.0,1231,G178325_PS_04
8.0,1232,G178325_PS_07
8.0,1233,G178325_PS_09
8.0,1234,G178325_PS_05
8.0,1235,G178325_PS_04
8.0,1236,G178325_PS_04
8.0,1237,G178325_PS_05
8.0,1238,G178325_PS_07
8.0,1239,G178325_PS_07
8.0,1240,G178325_PS_07
8.0,1241,G178325_PS_04
8.0,1242,G178325_PS_06
8.0,1243,G178325_PS_04
8.0,1244,G178325_PS_05
8.0,1245,G178325_PS_06
8.0,1246,G178325_PS_04
8.0,1247,G178325_PS_04
8.0,1248,G178325_PS_06
8.0,1249,G178325_PS_07
8.0,1250,G178325_PS_05
8.0,1251,G178325_PS_04
8.0,1252,G178325_PS_07
8.0,1253,G178325_PS_04
8.0,1254,G178325_PS_04
8.0,1255,G178325_PS_05
8.0,1256,G178325_PS_04
8.0,1257,G178325_PS_04
8.0,1258,G178325_PS_04
8.0,1259,G178325_PS_07
8.0,1260,G178325_PS_05
8.0,1261,G178325_PS_04
8.0,1262,G178325_PS_05
8.0,1263,G178325_PS_04
8.0,1264,G178325_PS_04
8.0,1265,G178325_PS_04
8.0,1266,G178325_PS_04
8.0,1267,G178325_PS_04
8.0,1268,G178325_PS_05
8.0,1269,G178325_PS_04
8.0,1270,G178325_PS_04
8.0,1271,G178325_PS_04
8.0,1272,G178325_PS_04
8.0,1273,G178325_PS_09
8.0,1274,G178325_PS_04
8.0,1275,G178325_PS_04
8.0,1276,G178325_PS_09
8.0,1277,G178325_PS_04
8.0,1278,G178325_PS_05
8.0,1279,G178325_PS_06
8.0,1280,G178325_PS_04
8.0,1281,G178325_PS_05
8.0,1282,G178325_PS_06
8.0,1283,G178325_PS_07
8.0,1284,G178325_PS_05
8.0,1285,G178325_PS_07
8.0,1286,G178325_PS_04
8.0,1287,G178325_PS_04
8.0,1288,G178325_PS_04
8.0,1289,G178325_PS_04
8.0,1290,G178325_PS_07
8.0,1291,G178325_PS_07
8.0,1292,G178325_PS_04
8.0,1293,G178325_PS_04
8.0,1294,G178325_PS_05
8.0,1295,G178325_PS_06
8.0,1296,G178325_PS_04
8.0,1297,G178325_PS_04
8.0,1298,G178325_PS_04
8.0,1299,G178325_PS_04
8.0,1300,G178325_PS_05
8.0,1301,G178325_PS_09
8.0,1302,G178325_PS_04
8.0,1303,G178325_PS_04
8.0,1304,G178325_PS_05
8.0,1305,G178325_PS_04
8.0,1306,G178325_PS_05
8.0,1307,G178325_PS_09
8.0,1308,G178325_PS_04
8.0,1309,G178325_PS_04
8.0,1310,G178325_PS_09
8.0,1311,G178325_PS_06
8.0,1312,G178325_PS_04
8.0,1313,G178325_PS_05
8.0,1314,G178325_PS_05
8.0,1315,G178325_PS_05
8.0,1316,G178325_PS_04
8.0,1317,G178325_PS_05
8.0,1318,G178325_PS_07
8.0,1319,G178325_PS_04
8.0,1320,G178325_PS_05
8.0,1321,G178325_PS_04
8.0,1322,G178325_PS_05
8.0,1323,G178325_PS_04
8.0,1324,G178325_PS_04
8.0,1325,G178325_PS_04
8.0,1326,G178325_PS_04
8.0,1327,G178325_PS_07
8.0,1328,G178325_PS_04
8.0,1329,G178325_PS_07
8.0,1330,G178325_PS_04
8.0,1331,G178325_PS_04
8.0,1332,G178325_PS_04
8.0,1333,G178325_PS_05
8.0,1334,G178325_PS_04
8.0,1335,G178325_PS_05
8.0,1336,G178325_PS_04
8.0,1337,G178325_PS_05
8.0,1338,G178325_PS_04
8.0,1339,G178325_PS_04
8.0,1340,G178325_PS_04
8.0,1341,G178325_PS_04
8.0,1342,G178325_PS_04
8.0,1343,G178325_PS_04
8.0,1344,G178325_PS_05
8.0,1345,G178325_PS_04
8.0,1346,G178325_PS_07
8.0,1347,G178325_PS_05
8.0,1348,G178325_PS_07
8.0,1349,G178325_PS_03
8.0,1350,G178325_PS_04
8.0,1351,G178325_PS_04
8.0,1352,G178325_PS_06
8.0,1353,G178325_PS_04
8.0,1354,G178325_PS_04
8.0,1355,G178325_PS_04
8.0,1356,G178325_PS_05
8.0,1357,G178325_PS_04
8.0,1358,G178325_PS_04
8.0,1359,G178325_PS_05
8.0,1360,G178325_PS_04
8.0,1361,G178325_PS_05
8.0,1362,G178325_PS_04
8.0,1363,G178325_PS_04
8.0,1364,G178325_PS_04
8.0,1365,G178325_PS_03
8.0,1366,G178325_PS_04
8.0,1367,G178325_PS_07
8.0,1368,G178325_PS_05
8.0,1369,G178325_PS_05
8.0,1370,G178325_PS_04
8.0,1371,G178325_PS_04
8.0,1372,G178325_PS_04
8.0,1373,G178325_PS_05
8.0,1374,G178325_PS_04
8.0,1375,G178325_PS_04
8.0,1376,G178325_PS_04
8.0,1377,G178325_PS_07
8.0,1378,G178325_PS_04
8.0,1379,G178325_PS_07
8.0,1380,G178325_PS_04
8.0,1381,G178325_PS_07
8.0,1382,G178325_PS_04
8.0,1383,G178325_PS_07
8.0,1384,G178325_PS_07
8.0,1385,G178325_PS_05
8.0,1386,G178325_PS_05
8.0,1387,G178325_PS_04
8.0,1388,G178325_PS_04
8.0,1389,G178325_PS_05
8.0,1390,G178325_PS_04
8.0,1391,G178325_PS_04
8.0,1392,G178325_PS_04
8.0,1393,G178325_PS_05
8.0,1394,G178325_PS_05
8.0,1395,G178325_PS_05
8.0,1396,G178325_PS_04
8.0,1397,G178325_PS_04
8.0,1398,G178325_PS_07
8.0,1399,G178325_PS_06
8.0,1400,G178325_PS_05
8.0,1401,G178325_PS_07
8.0,1402,G178325_PS_07
8.0,1403,G178325_PS_06
8.0,1404,G178325_PS_05
8.0,1405,G178325_PS_05
8.0,1406,G178325_PS_04
8.0,1407,G178325_PS_04
8.0,1408,G178325_PS_07
8.0,1409,G178325_PS_05
8.0,1410,G178325_PS_05
8.0,1411,G178325_PS_04
8.0,1412,G178325_PS_05
8.0,1413,G178325_PS_05
8.0,1414,G178325_PS_07
8.0,1415,G178325_PS_04
8.0,1416,G178325_PS_05
8.0,1417,G178325_PS_04
8.0,1418,G178325_PS_07
8.0,1419,G178325_PS_05
8.0,1420,G178325_PS_09
8.0,1421,G178325_PS_07
8.0,1422,G178325_PS_04
8.0,1423,G178325_PS_04
8.0,1424,G178325_PS_04
8.0,1425,G178325_PS_04
8.0,1426,G178325_PS_05
8.0,1427,G178325_PS_05
8.0,1428,G178325_PS_07
8.0,1429,G178325_PS_05
8.0,1430,G178325_PS_07
8.0,1431,G178325_PS_07
8.0,1432,G178325_PS_07
8.0,1433,G178325_PS_04
8.0,1434,G178325_PS_04
8.0,1435,G178325_PS_05
8.0,1436,G178325_PS_04
8.0,1437,G178325_PS_07
8.0,1438,G178325_PS_04
8.0,1439,G178325_PS_05
8.0,1440,G178325_PS_05
8.0,1441,G178325_PS_05
8.0,1442,G178325_PS_05
8.0,1443,G178325_PS_04
8.0,1444,G178325_PS_04
8.0,1445,G178325_PS_04
8.0,1446,G178325_PS_04
8.0,1447,G178325_PS_05
8.0,1448,G178325_PS_04
8.0,1449,G178325_PS_06
8.0,1450,G178325_PS_04
8.0,1451,G178325_PS_05
8.0,1452,G178325_PS_04
8.0,1453,G178325_PS_04
8.0,1454,G178325_PS_04
8.0,1455,G178325_PS_05
8.0,1456,G178325_PS_04
8.0,1457,G178325_PS_04
8.0,1458,G178325_PS_05
8.0,1459,G178325_PS_03
8.0,1460,G178325_PS_09
8.0,1461,G178325_PS_06
8.0,1462,G178325_PS_04
8.0,1463,G178325_PS_04
8.0,1464,G178325_PS_05
8.0,1465,G178325_PS_04
8.0,1466,G178325_PS_05
8.0,1467,G178325_PS_05
8.0,1468,G178325_PS_07
8.0,1469,G178325_PS_04
8.0,1470,G178325_PS_04
8.0,1471,G178325_PS_07
8.0,1472,G178325_PS_06
8.0,1473,G178325_PS_04
8.0,1474,G178325_PS_04
8.0,1475,G178325_PS_04
8.0,1476,G178325_PS_06
8.0,1477,G178325_PS_04
8.0,1478,G178325_PS_04
8.0,1479,G178325_PS_07
8.0,1480,G178325_PS_07
8.0,1481,G178325_PS_09
8.0,1482,G178325_PS_07
8.0,1483,G178325_PS_07
8.0,1484,G178325_PS_05
8.0,1485,G178325_PS_05
8.0,1486,G178325_PS_09
8.0,1487,G178325_PS_07
8.0,1488,G178325_PS_05
8.0,1489,G178325_PS_07
8.0,1490,G178325_PS_05
8.0,1491,G178325_PS_09
8.0,1492,G178325_PS_04
8.0,1493,G178325_PS_04
8.0,1494,G178325_PS_04
8.0,1495,G178325_PS_05
8.0,1496,G178325_PS_04
8.0,1497,G178325_PS_07
8.0,1498,G178325_PS_06
8.0,1499,G178325_PS_04
8.0,1500,G178325_PS_05
8.0,1501,G178325_PS_04
8.0,1502,G178325_PS_05
8.0,1503,G178325_PS_07
8.0,1504,G178325_PS_04
8.0,1505,G178325_PS_03
8.0,1506,G178325_PS_04
8.0,1507,G178325_PS_04
8.0,1508,G178325_PS_07
8.0,1509,G178325_PS_04
8.0,1510,G178325_PS_04
8.0,1511,G178325_PS_04
8.0,1512,G178325_PS_04
8.0,1513,G178325_PS_05
8.0,1514,G178325_PS_04
8.0,1515,G178325_PS_04
8.0,1516,G178325_PS_04
8.0,1517,G178325_PS_04
8.0,1518,G178325_PS_04
8.0,1519,G178325_PS_04
8.0,1520,G178325_PS_05
8.0,1521,G178325_PS_04
8.0,1522,G178325_PS_04
8.0,1523,G178325_PS_04
8.0,1524,G178325_PS_04
8.0,1525,G178325_PS_04
8.0,1526,G178325_PS_07
8.0,1527,G178325_PS_07
8.0,1528,G178325_PS_04
8.0,1529,G178325_PS_04
8.0,1530,G178325_PS_07
8.0,1531,G178325_PS_04
8.0,1532,G178325_PS_04
8.0,1533,G178325_PS_04
8.0,1534,G178325_PS_04
8.0,1535,G178325_PS_05
8.0,1536,G178325_PS_05
8.0,1537,G178325_PS_05
8.0,1538,G178325_PS_07
8.0,1539,G178325_PS_06
8.0,1540,G178325_PS_04
8.0,1541,G178325_PS_04
8.0,1542,G178325_PS_04
8.0,1543,G178325_PS_04
8.0,1544,G178325_PS_05
8.0,1545,G178325_PS_05
8.0,1546,G178325_PS_05
8.0,1547,G178325_PS_04
8.0,1548,G178325_PS_04
8.0,1549,G178325_PS_04
8.0,1550,G178325_PS_04
8.0,1551,G178325_PS_04
8.0,1552,G178325_PS_04
8.0,1553,G178325_PS_04
8.0,1554,G178325_PS_05
8.0,1555,G178325_PS_04
8.0,1556,G178325_PS_04
8.0,1557,G178325_PS_04
8.0,1558,G178325_PS_04
8.0,1559,G178325_PS_05
8.0,1560,G178325_PS_05
8.0,1561,G178325_PS_05
8.0,1562,G178325_PS_05
8.0,1563,G178325_PS_04
8.0,1564,G178325_PS_04
8.0,1565,G178325_PS_04
8.0,1566,G178325_PS_05
8.0,1567,G178325_PS_04
8.0,1568,G178325_PS_06
8.0,1569,G178325_PS_05
8.0,1570,G178325_PS_04
8.0,1571,G178325_PS_04
8.0,1572,G178325_PS_04
8.0,1573,G178325_PS_04
8.0,1574,G178325_PS_06
8.0,1575,G178325_PS_07
8.0,1576,G178325_PS_04
8.0,1577,G178325_PS_05
8.0,1578,G178325_PS_04
8.0,1579,G178325_PS_05
8.0,1580,G178325_PS_05
8.0,1581,G178325_PS_04
8.0,1582,G178325_PS_07
8.0,1583,G178325_PS_04
8.0,1584,G178325_PS_05
8.0,1585,G178325_PS_04
8.0,1586,G178325_PS_05
8.0,1587,G178325_PS_06
8.0,1588,G178325_PS_05
8.0,1589,G178325_PS_04
8.0,1590,G178325_PS_05
8.0,1591,G178325_PS_05
8.0,1592,G178325_PS_04
8.0,1593,G178325_PS_04
8.0,1594,G178325_PS_04
8.0,1595,G178325_PS_04
8.0,1596,G178325_PS_04
8.0,1597,G178325_PS_05
8.0,1598,G178325_PS_05
8.0,1599,G178325_PS_05
8.0,1600,G178325_PS_03
8.0,1601,G178325_PS_04
8.0,1602,G178325_PS_05
8.0,1603,G178325_PS_04
8.0,1604,G178325_PS_05
8.0,1605,G178325_PS_04
8.0,1606,G178325_PS_04
8.0,1607,G178325_PS_05
8.0,1608,G178325_PS_05
8.0,1609,G178325_PS_04
8.0,1610,G178325_PS_05
8.0,1611,G178325_PS_07
8.0,1612,G178325_PS_07
8.0,1613,G178325_PS_04
8.0,1614,G178325_PS_05
8.0,1615,G178325_PS_07
8.0,1616,G178325_PS_05
8.0,1617,G178325_PS_04
8.0,1618,G178325_PS_07
8.0,1619,G178325_PS_05
8.0,1620,G178325_PS_04
8.0,1621,G178325_PS_05
8.0,1622,G178325_PS_05
8.0,1623,G178325_PS_05
8.0,1624,G178325_PS_04
8.0,1625,G178325_PS_07
8.0,1626,G178325_PS_09
8.0,1627,G178325_PS_04
8.0,1628,G178325_PS_06
8.0,1629,G178325_PS_04
8.0,1630,G178325_PS_06
8.0,1631,G178325_PS_04
8.0,1632,G178325_PS_07
8.0,1633,G178325_PS_09
8.0,1634,G178325_PS_05
8.0,1635,G178325_PS_05
8.0,1636,G178325_PS_05
8.0,1637,G178325_PS_03
8.0,1638,G178325_PS_04
8.0,1639,G178325_PS_05
8.0,1640,G178325_PS_05
8.0,1641,G178325_PS_05
8.0,1642,G178325_PS_05
8.0,1643,G178325_PS_05
8.0,1644,G178325_PS_04
8.0,1645,G178325_PS_04
8.0,1646,G178325_PS_06
8.0,1647,G178325_PS_04
8.0,1648,G178325_PS_07
8.0,1649,G178325_PS_04
8.0,1650,G178325_PS_04
8.0,1651,G178325_PS_06
8.0,1652,G178325_PS_04
8.0,1653,G178325_PS_04
8.0,1654,G178325_PS_04
8.0,1655,G178325_PS_07
8.0,1656,G178325_PS_04
8.0,1657,G178325_PS_07
8.0,1658,G178325_PS_04
8.0,1659,G178325_PS_05
8.0,1660,G178325_PS_05
8.0,1661,G178325_PS_04
8.0,1662,G178325_PS_04
8.0,1663,G178325_PS_05
8.0,1664,G178325_PS_04
8.0,1665,G178325_PS_05
8.0,1666,G178325_PS_04
8.0,1667,G178325_PS_04
8.0,1668,G178325_PS_05
8.0,1669,G178325_PS_04
8.0,1670,G178325_PS_04
8.0,1671,G178325_PS_05
8.0,1672,G178325_PS_04
8.0,1673,G178325_PS_04
8.0,1674,G178325_PS_06
8.0,1675,G178325_PS_07
8.0,1676,G178325_PS_04
8.0,1677,G178325_PS_05
8.0,1678,G178325_PS_04
8.0,1679,G178325_PS_05
8.0,1680,G178325_PS_04
8.0,1681,G178325_PS_05
8.0,1682,G178325_PS_05
8.0,1683,G178325_PS_04
8.0,1684,G178325_PS_05
8.0,1685,G178325_PS_04
8.0,1686,G178325_PS_04
8.0,1687,G178325_PS_04
8.0,1688,G178325_PS_04
8.0,1689,G178325_PS_04
8.0,1690,G178325_PS_04
8.0,1691,G178325_PS_04
8.0,1692,G178325_PS_04
8.0,1693,G178325_PS_07
8.0,1694,G178325_PS_07
8.0,1695,G178325_PS_04
8.0,1696,G178325_PS_04
8.0,1697,G178325_PS_04
8.0,1698,G178325_PS_05
8.0,1699,G178325_PS_05
8.0,1700,G178325_PS_04
8.0,1701,G178325_PS_04
8.0,1702,G178325_PS_09
8.0,1703,G178325_PS_04
8.0,1704,G178325_PS_04
8.0,1705,G178325_PS_04
8.0,1706,G178325_PS_04
8.0,1707,G178325_PS_05
8.0,1708,G178325_PS_04
8.0,1709,G178325_PS_07
8.0,1710,G178325_PS_04
8.0,1711,G178325_PS_07
8.0,1712,G178325_PS_07
8.0,1713,G178325_PS_04
8.0,1714,G178325_PS_04
8.0,1715,G178325_PS_04
8.0,1716,G178325_PS_04
8.0,1717,G178325_PS_05
8.0,1718,G178325_PS_06
8.0,1719,G178325_PS_04
8.0,1720,G178325_PS_05
8.0,1721,G178325_PS_04
8.0,1722,G178325_PS_05
8.0,1723,G178325_PS_07
8.0,1724,G178325_PS_09
8.0,1725,G178325_PS_04
8.0,1726,G178325_PS_04
8.0,1727,G178325_PS_07
8.0,1728,G178325_PS_05
8.0,1729,G178325_PS_05
8.0,1730,G178325_PS_07
8.0,1731,G178325_PS_07
8.0,1732,G178325_PS_09
8.0,1733,G178325_PS_05
8.0,1734,G178325_PS_05
8.0,1735,G178325_PS_05
8.0,1736,G178325_PS_05
8.0,1737,G178325_PS_07
8.0,1738,G178325_PS_04
8.0,1739,G178325_PS_07
8.0,1740,G178325_PS_04
8.0,1741,G178325_PS_07
8.0,1742,G178325_PS_07
8.0,1743,G178325_PS_04
8.0,1744,G178325_PS_09
8.0,1745,G178325_PS_04
8.0,1746,G178325_PS_07
8.0,1747,G178325_PS_03
8.0,1748,G178325_PS_04
8.0,1749,G178325_PS_07
8.0,1750,G178325_PS_04
8.0,1751,G178325_PS_04
8.0,1752,G178325_PS_04
8.0,1753,G178325_PS_07
8.0,1754,G178325_PS_06
8.0,1755,G178325_PS_07
8.0,1756,G178325_PS_04
8.0,1757,G178325_PS_04
8.0,1758,G178325_PS_06
8.0,1759,G178325_PS_04
8.0,1760,G178325_PS_04
8.0,1761,G178325_PS_05
8.0,1762,G178325_PS_04
8.0,1763,G178325_PS_04
8.0,1764,G178325_PS_04
8.0,1765,G178325_PS_05
8.0,1766,G178325_PS_04
8.0,1767,G178325_PS_07
8.0,1768,G178325_PS_04
8.0,1769,G178325_PS_04
8.0,1770,G178325_PS_04
8.0,1771,G178325_PS_05
8.0,1772,G178325_PS_05
8.0,1773,G178325_PS_04
8.0,1774,G178325_PS_06
8.0,1775,G178325_PS_04
8.0,1776,G178325_PS_05
8.0,1777,G178325_PS_04
8.0,1778,G178325_PS_07
8.0,1779,G178325_PS_05
8.0,1780,G178325_PS_05
8.0,1781,G178325_PS_04
8.0,1782,G178325_PS_05
8.0,1783,G178325_PS_07
8.0,1784,G178325_PS_04
8.0,1785,G178325_PS_04
8.0,1786,G178325_PS_04
8.0,1787,G178325_PS_05
8.0,1788,G178325_PS_04
8.0,1789,G178325_PS_07
8.0,1790,G178325_PS_04
8.0,1791,G178325_PS_04
8.0,1792,G178325_PS_05
8.0,1793,G178325_PS_05
8.0,1794,G178325_PS_04
8.0,1795,G178325_PS_05
8.0,1796,G178325_PS_05
8.0,1797,G178325_PS_05
8.0,1798,G178325_PS_04
8.0,1799,G178325_PS_05
8.0,1800,G178325_PS_04
8.0,1801,G178325_PS_05
8.0,1802,G178325_PS_04
8.0,1803,G178325_PS_06
8.0,1804,G178325_PS_04
8.0,1805,G178325_PS_04
8.0,1806,G178325_PS_04
8.0,1807,G178325_PS_04
8.0,1808,G178325_PS_07
8.0,1809,G178325_PS_07
8.0,1810,G178325_PS_04
8.0,1811,G178325_PS_05
8.0,1812,G178325_PS_04
8.0,1813,G178325_PS_04
8.0,1814,G178325_PS_04
8.0,1815,G178325_PS_05
8.0,1816,G178325_PS_03
8.0,1817,G178325_PS_07
8.0,1818,G178325_PS_07
8.0,1819,G178325_PS_07
8.0,1820,G178325_PS_04
8.0,1821,G178325_PS_04
8.0,1822,G178325_PS_07
8.0,1823,G178325_PS_04
8.0,1824,G178325_PS_07
8.0,1825,G178325_PS_04
8.0,1826,G178325_PS_04
8.0,1827,G178325_PS_04
8.0,1828,G178325_PS_07
8.0,1829,G178325_PS_04
8.0,1830,G178325_PS_04
8.0,1831,G178325_PS_04
8.0,1832,G178325_PS_04
8.0,1833,G178325_PS_04
8.0,1834,G178325_PS_05
8.0,1835,G178325_PS_07
8.0,1836,G178325_PS_04
8.0,1837,G178325_PS_04
8.0,1838,G178325_PS_04
8.0,1839,G178325_PS_05
8.0,1840,G178325_PS_06
8.0,1841,G178325_PS_03
8.0,1842,G178325_PS_04
8.0,1843,G178325_PS_05
8.0,1844,G178325_PS_04
8.0,1845,G178325_PS_06
8.0,1846,G178325_PS_04
8.0,1847,G178325_PS_03
8.0,1848,G178325_PS_09
8.0,1849,G178325_PS_04
8.0,1850,G178325_PS_04
8.0,1851,G178325_PS_04
8.0,1852,G178325_PS_05
8.0,1853,G178325_PS_04
8.0,1854,G178325_PS_04
8.0,1855,G178325_PS_04
8.0,1856,G178325_PS_04
8.0,1857,G178325_PS_05
8.0,1858,G178325_PS_07
8.0,1859,G178325_PS_04
8.0,1860,G178325_PS_05
8.0,1861,G178325_PS_09
8.0,1862,G178325_PS_05
8.0,1863,G178325_PS_03
8.0,1864,G178325_PS_05
8.0,1865,G178325_PS_04
8.0,1866,G178325_PS_04
8.0,1867,G178325_PS_04
8.0,1868,G178325_PS_06
8.0,1869,G178325_PS_04
8.0,1870,G178325_PS_09
8.0,1871,G178325_PS_07
8.0,1872,G178325_PS_04
8.0,1873,G178325_PS_06
8.0,1874,G178325_PS_07
8.0,1875,G178325_PS_07
8.0,1876,G178325_PS_04
8.0,1877,G178325_PS_04
8.0,1878,G178325_PS_06
8.0,1879,G178325_PS_04
8.0,1880,G178325_PS_07
8.0,1881,G178325_PS_04
8.0,1882,G178325_PS_04
8.0,1883,G178325_PS_04
8.0,1884,G178325_PS_04
8.0,1885,G178325_PS_04
8.0,1886,G178325_PS_05
8.0,1887,G178325_PS_04
8.0,1888,G178325_PS_07
8.0,1889,G178325_PS_04
8.0,1890,G178325_PS_07
8.0,1891,G178325_PS_04
8.0,1892,G178325_PS_04
8.0,1893,G178325_PS_07
8.0,1894,G178325_PS_04
8.0,1895,G178325_PS_04
8.0,1896,G178325_PS_04
8.0,1897,G178325_PS_04
8.0,1898,G178325_PS_04
8.0,1899,G178325_PS_05
8.0,1900,G178325_PS_06
8.0,1901,G178325_PS_04
8.0,1902,G178325_PS_04
8.0,1903,G178325_PS_04
8.0,1904,G178325_PS_04
8.0,1905,G178325_PS_04
8.0,1906,G178325_PS_05
8.0,1907,G178325_PS_04
8.0,1908,G178325_PS_04
8.0,1909,G178325_PS_07
8.0,1910,G178325_PS_04
8.0,1911,G178325_PS_05
8.0,1912,G178325_PS_04
8.0,1913,G178325_PS_04
8.0,1914,G178325_PS_05
8.0,1915,G178325_PS_04
8.0,1916,G178325_PS_04
8.0,1917,G178325_PS_05
8.0,1918,G178325_PS_04
8.0,1919,G178325_PS_06
8.0,1920,G178325_PS_05
8.0,1921,G178325_PS_05
8.0,1922,G178325_PS_04
8.0,1923,G178325_PS_04
8.0,1924,G178325_PS_04
8.0,1925,G178325_PS_04
8.0,1926,G178325_PS_07
8.0,1927,G178325_PS_06
8.0,1928,G178325_PS_07
8.0,1929,G178325_PS_04
8.0,1930,G178325_PS_04
8.0,1931,G178325_PS_05
8.0,1932,G178325_PS_05
8.0,1933,G178325_PS_04
8.0,1934,G178325_PS_05
8.0,1935,G178325_PS_04
8.0,1936,G178325_PS_04
8.0,1937,G178325_PS_05
8.0,1938,G178325_PS_07
8.0,1939,G178325_PS_05
8.0,1940,G178325_PS_05
8.0,1941,G178325_PS_04
8.0,1942,G178325_PS_05
8.0,1943,G178325_PS_05
8.0,1944,G178325_PS_07
8.0,1945,G178325_PS_04
8.0,1946,G178325_PS_04
8.0,1947,G178325_PS_04
8.0,1948,G178325_PS_05
8.0,1949,G178325_PS_05
8.0,1950,G178325_PS_07
8.0,1951,G178325_PS_06
8.0,1952,G178325_PS_07
8.0,1953,G178325_PS_04
8.0,1954,G178325_PS_05
8.0,1955,G178325_PS_04
8.0,1956,G178325_PS_04
8.0,1957,G178325_PS_04
8.0,1958,G178325_PS_04
8.0,1959,G178325_PS_04
8.0,1960,G178325_PS_06
8.0,1961,G178325_PS_04
8.0,1962,G178325_PS_07
8.0,1963,G178325_PS_04
8.0,1964,G178325_PS_04
8.0,1965,G178325_PS_05
8.0,1966,G178325_PS_05
8.0,1967,G178325_PS_06
8.0,1968,G178325_PS_04
8.0,1969,G178325_PS_04
8.0,1970,G178325_PS_04
8.0,1971,G178325_PS_04
8.0,1972,G178325_PS_04
8.0,1973,G178325_PS_04
8.0,1974,G178325_PS_04
8.0,1975,G178325_PS_04
8.0,1976,G178325_PS_06
8.0,1977,G178325_PS_04
8.0,1978,G178325_PS_04
8.0,1979,G178325_PS_06
8.0,1980,G178325_PS_06
8.0,1981,G178325_PS_04
8.0,1982,G178325_PS_04
8.0,1983,G178325_PS_05
8.0,1984,G178325_PS_04
8.0,1985,G178325_PS_06
8.0,1986,G178325_PS_04
8.0,1987,G178325_PS_05
8.0,1988,G178325_PS_07
8.0,1989,G178325_PS_04
8.0,1990,G178325_PS_04
8.0,1991,G178325_PS_05
8.0,1992,G178325_PS_06
8.0,1993,G178325_PS_04
8.0,1994,G178325_PS_03
8.0,1995,G178325_PS_04
8.0,1996,G178325_PS_06
8.0,1997,G178325_PS_07
8.0,1998,G178325_PS_07
8.0,1999,G178325_PS_04
12.0,0,G178325_PS_04
12.0,1,G178325_PS_04
12.0,2,G178325_PS_05
12.0,3,G178325_PS_05
12.0,4,G178325_PS_07
12.0,5,G178325_PS_04
12.0,6,G178325_PS_06
12.0,7,G178325_PS_06
12.0,8,G178325_PS_04
12.0,9,G178325_PS_05
12.0,10,G178325_PS_06
12.0,11,G178325_PS_07
12.0,12,G178325_PS_07
12.0,13,G178325_PS_04
12.0,14,G178325_PS_04
12.0,15,G178325_PS_04
12.0,16,G178325_PS_04
12.0,17,G178325_PS_05
12.0,18,G178325_PS_06
12.0,19,G178325_PS_07
12.0,20,G178325_PS_05
12.0,21,G178325_PS_06
12.0,22,G178325_PS_06
12.0,23,G178325_PS_05
12.0,24,G178325_PS_05
12.0,25,G178325_PS_05
12.0,26,G178325_PS_04
12.0,27,G178325_PS_05
12.0,28,G178325_PS_07
12.0,29,G178325_PS_06
12.0,30,G178325_PS_06
12.0,31,G178325_PS_04
12.0,32,G178325_PS_04
12.0,33,G178325_PS_05
12.0,34,G178325_PS_06
12.0,35,G178325_PS_07
12.0,36,G178325_PS_04
12.0,37,G178325_PS_04
12.0,38,G178325_PS_07
12.0,39,G178325_PS_07
12.0,40,G178325_PS_04
12.0,41,G178325_PS_05
12.0,42,G178325_PS_05
12.0,43,G178325_PS_05
12.0,44,G178325_PS_04
12.0,45,G178325_PS_04
12.0,46,G178325_PS_06
12.0,47,G178325_PS_04
12.0,48,G178325_PS_06
12.0,49,G178325_PS_05
12.0,50,G178325_PS_05
12.0,51,G178325_PS_06
12.0,52,G178325_PS_07
12.0,53,G178325_PS_06
12.0,54,G178325_PS_07
12.0,55,G178325_PS_05
12.0,56,G178325_PS_05
12.0,57,G178325_PS_04
12.0,58,G178325_PS_07
12.0,59,G178325_PS_04
12.0,60,G178325_PS_04
12.0,61,G178325_PS_04
12.0,62,G178325_PS_04
12.0,63,G178325_PS_04
12.0,64,G178325_PS_07
12.0,65,G178325_PS_05
12.0,66,G178325_PS_04
12.0,67,G178325_PS_04
12.0,68,G178325_PS_07
12.0,69,G178325_PS_04
12.0,70,G178325_PS_05
12.0,71,G178325_PS_05
12.0,72,G178325_PS_04
12.0,73,G178325_PS_06
12.0,74,G178325_PS_04
12.0,75,G178325_PS_06
12.0,76,G178325_PS_07
12.0,77,G178325_PS_05
12.0,78,G178325_PS_06
12.0,79,G178325_PS_07
12.0,80,G178325_PS_05
12.0,81,G178325_PS_04
12.0,82,G178325_PS_07
12.0,83,G178325_PS_05
12.0,84,G178325_PS_04
12.0,85,G178325_PS_04
12.0,86,G178325_PS_04
12.0,87,G178325_PS_04
12.0,88,G178325_PS_06
12.0,89,G178325_PS_04
12.0,90,G178325_PS_07
12.0,91,G178325_PS_04
12.0,92,G178325_PS_05
12.0,93,G178325_PS_04
12.0,94,G178325_PS_04
12.0,95,G178325_PS_06
12.0,96,G178325_PS_06
12.0,97,G178325_PS_07
12.0,98,G178325_PS_04
12.0,99,G178325_PS_04
12.0,100,G178325_PS_04
12.0,101,G178325_PS_06
12.0,102,G178325_PS_09
12.0,103,G178325_PS_04
12.0,104,G178325_PS_05
12.0,105,G178325_PS_07
12.0,106,G178325_PS_05
12.0,107,G178325_PS_04
12.0,108,G178325_PS_07
12.0,109,G178325_PS_04
12.0,110,G178325_PS_06
12.0,111,G178325_PS_04
12.0,112,G178325_PS_06
12.0,113,G178325_PS_05
12.0,114,G178325_PS_04
12.0,115,G178325_PS_04
12.0,116,G178325_PS_05
12.0,117,G178325_PS_06
12.0,118,G178325_PS_07
12.0,119,G178325_PS_04
12.0,120,G178325_PS_06
12.0,121,G178325_PS_07
12.0,122,G178325_PS_04
12.0,123,G178325_PS_06
12.0,124,G178325_PS_07
12.0,125,G178325_PS_05
12.0,126,G178325_PS_05
12.0,127,G178325_PS_07
12.0,128,G178325_PS_09
12.0,129,G178325_PS_09
12.0,130,G178325_PS_05
12.0,131,G178325_PS_05
12.0,132,G178325_PS_04
12.0,133,G178325_PS_07
12.0,134,G178325_PS_04
12.0,135,G178325_PS_06
12.0,136,G178325_PS_04
12.0,137,G178325_PS_07
12.0,138,G178325_PS_04
12.0,139,G178325_PS_07
12.0,140,G178325_PS_04
12.0,141,G178325_PS_04
12.0,142,G178325_PS_09
12.0,143,G178325_PS_04
12.0,144,G178325_PS_04
12.0,145,G178325_PS_05
12.0,146,G178325_PS_06
12.0,147,G178325_PS_04
12.0,148,G178325_PS_05
12.0,149,G178325_PS_06
12.0,150,G178325_PS_04
12.0,151,G178325_PS_04
12.0,152,G178325_PS_05
12.0,153,G178325_PS_04
12.0,154,G178325_PS_04
12.0,155,G178325_PS_05
12.0,156,G178325_PS_06
12.0,157,G178325_PS_04
12.0,158,G178325_PS_07
12.0,159,G178325_PS_05
12.0,160,G178325_PS_04
12.0,161,G178325_PS_06
12.0,162,G178325_PS_06
12.0,163,G178325_PS_04
12.0,164,G178325_PS_05
12.0,165,G178325_PS_04
12.0,166,G178325_PS_04
12.0,167,G178325_PS_09
12.0,168,G178325_PS_04
12.0,169,G178325_PS_04
12.0,170,G178325_PS_06
12.0,171,G178325_PS_09
12.0,172,G178325_PS_04
12.0,173,G178325_PS_05
12.0,174,G178325_PS_05
12.0,175,G178325_PS_04
12.0,176,G178325_PS_06
12.0,177,G178325_PS_04
12.0,178,G178325_PS_07
12.0,179,G178325_PS_04
12.0,180,G178325_PS_05
12.0,181,G178325_PS_05
12.0,182,G178325_PS_06
12.0,183,G178325_PS_04
12.0,184,G178325_PS_04
12.0,185,G178325_PS_05
12.0,186,G178325_PS_05
12.0,187,G178325_PS_04
12.0,188,G178325_PS_05
12.0,189,G178325_PS_07
12.0,190,G178325_PS_07
12.0,191,G178325_PS_05
12.0,192,G178325_PS_06
12.0,193,G178325_PS_04
12.0,194,G178325_PS_04
12.0,195,G178325_PS_04
12.0,196,G178325_PS_04
12.0,197,G178325_PS_05
12.0,198,G178325_PS_04
12.0,199,G178325_PS_05
12.0,200,G178325_PS_05
12.0,201,G178325_PS_05
12.0,202,G178325_PS_06
12.0,203,G178325_PS_05
12.0,204,G178325_PS_06
12.0,205,G178325_PS_04
12.0,206,G178325_PS_07
12.0,207,G178325_PS_04
12.0,208,G178325_PS_06
12.0,209,G178325_PS_05
12.0,210,G178325_PS_06
12.0,211,G178325_PS_09
12.0,212,G178325_PS_06
12.0,213,G178325_PS_06
12.0,214,G178325_PS_06
12.0,215,G178325_PS_06
12.0,216,G178325_PS_04
12.0,217,G178325_PS_05
12.0,218,G178325_PS_05
12.0,219,G178325_PS_07
12.0,220,G178325_PS_04
12.0,221,G178325_PS_07
12.0,222,G178325_PS_04
12.0,223,G178325_PS_05
12.0,224,G178325_PS_06
12.0,225,G178325_PS_04
12.0,226,G178325_PS_04
12.0,227,G178325_PS_04
12.0,228,G178325_PS_04
12.0,229,G178325_PS_04
12.0,230,G178325_PS_04
12.0,231,G178325_PS_07
12.0,232,G178325_PS_05
12.0,233,G178325_PS_04
12.0,234,G178325_PS_05
12.0,235,G178325_PS_04
12.0,236,G178325_PS_04
12.0,237,G178325_PS_07
12.0,238,G178325_PS_05
12.0,239,G178325_PS_09
12.0,240,G178325_PS_07
12.0,241,G178325_PS_09
12.0,242,G178325_PS_05
12.0,243,G178325_PS_05
12.0,244,G178325_PS_05
12.0,245,G178325_PS_09
12.0,246,G178325_PS_04
12.0,247,G178325_PS_04
12.0,248,G178325_PS_04
12.0,249,G178325_PS_07
12.0,250,G178325_PS_04
12.0,251,G178325_PS_04
12.0,252,G178325_PS_07
12.0,253,G178325_PS_06
12.0,254,G178325_PS_05
12.0,255,G178325_PS_05
12.0,256,G178325_PS_04
12.0,257,G178325_PS_04
12.0,258,G178325_PS_05
12.0,259,G178325_PS_07
12.0,260,G178325_PS_04
12.0,261,G178325_PS_06
12.0,262,G178325_PS_07
12.0,263,G178325_PS_06
12.0,264,G178325_PS_07
12.0,265,G178325_PS_06
12.0,266,G178325_PS_04
12.0,267,G178325_PS_05
12.0,268,G178325_PS_04
12.0,269,G178325_PS_05
12.0,270,G178325_PS_04
12.0,271,G178325_PS_07
12.0,272,G178325_PS_04
12.0,273,G178325_PS_07
12.0,274,G178325_PS_09
12.0,275,G178325_PS_07
12.0,276,G178325_PS_05
12.0,277,G178325_PS_04
12.0,278,G178325_PS_04
12.0,279,G178325_PS_07
12.0,280,G178325_PS_04
12.0,281,G178325_PS_07
12.0,282,G178325_PS_05
12.0,283,G178325_PS_07
12.0,284,G178325_PS_06
12.0,285,G178325_PS_04
12.0,286,G178325_PS_07
12.0,287,G178325_PS_04
12.0,288,G178325_PS_04
12.0,289,G178325_PS_05
12.0,290,G178325_PS_09
12.0,291,G178325_PS_07
12.0,292,G178325_PS_04
12.0,293,G178325_PS_07
12.0,294,G178325_PS_07
12.0,295,G178325_PS_05
12.0,296,G178325_PS_05
12.0,297,G178325_PS_05
12.0,298,G178325_PS_04
12.0,299,G178325_PS_05
12.0,300,G178325_PS_07
12.0,301,G178325_PS_05
12.0,302,G178325_PS_04
12.0,303,G178325_PS_04
12.0,304,G178325_PS_07
12.0,305,G178325_PS_07
12.0,306,G178325_PS_04
12.0,307,G178325_PS_04
12.0,308,G178325_PS_04
12.0,309,G178325_PS_06
12.0,310,G178325_PS_04
12.0,311,G178325_PS_04
12.0,312,G178325_PS_07
12.0,313,G178325_PS_04
12.0,314,G178325_PS_06
12.0,315,G178325_PS_04
12.0,316,G178325_PS_07
12.0,317,G178325_PS_07
12.0,318,G178325_PS_07
12.0,319,G178325_PS_05
12.0,320,G178325_PS_04
12.0,321,G178325_PS_07
12.0,322,G178325_PS_06
12.0,323,G178325_PS_04
12.0,324,G178325_PS_07
12.0,325,G178325_PS_07
12.0,326,G178325_PS_04
12.0,327,G178325_PS_04
12.0,328,G178325_PS_04
12.0,329,G178325_PS_06
12.0,330,G178325_PS_05
12.0,331,G178325_PS_04
12.0,332,G178325_PS_05
12.0,333,G178325_PS_04
12.0,334,G178325_PS_04
12.0,335,G178325_PS_07
12.0,336,G178325_PS_04
12.0,337,G178325_PS_04
12.0,338,G178325_PS_04
12.0,339,G178325_PS_04
12.0,340,G178325_PS_06
12.0,341,G178325_PS_04
12.0,342,G178325_PS_04
12.0,343,G178325_PS_04
12.0,344,G178325_PS_07
12.0,345,G178325_PS_05
12.0,346,G178325_PS_05
12.0,347,G178325_PS_05
12.0,348,G178325_PS_04
12.0,349,G178325_PS_04
12.0,350,G178325_PS_04
12.0,351,G178325_PS_07
12.0,352,G178325_PS_05
12.0,353,G178325_PS_05
12.0,354,G178325_PS_07
12.0,355,G178325_PS_06
12.0,356,G178325_PS_07
12.0,357,G178325_PS_05
12.0,358,G178325_PS_05
12.0,359,G178325_PS_07
12.0,360,G178325_PS_06
12.0,361,G178325_PS_06
12.0,362,G178325_PS_04
12.0,363,G178325_PS_06
12.0,364,G178325_PS_05
12.0,365,G178325_PS_05
12.0,366,G178325_PS_04
12.0,367,G178325_PS_04
12.0,368,G178325_PS_07
12.0,369,G178325_PS_04
12.0,370,G178325_PS_04
12.0,371,G178325_PS_04
12.0,372,G178325_PS_04
12.0,373,G178325_PS_04
12.0,374,G178325_PS_04
12.0,375,G178325_PS_04
12.0,376,G178325_PS_05
12.0,377,G178325_PS_06
12.0,378,G178325_PS_04
12.0,379,G178325_PS_06
12.0,380,G178325_PS_06
12.0,381,G178325_PS_07
12.0,382,G178325_PS_04
12.0,383,G178325_PS_04
12.0,384,G178325_PS_05
12.0,385,G178325_PS_07
12.0,386,G178325_PS_04
12.0,387,G178325_PS_04
12.0,388,G178325_PS_06
12.0,389,G178325_PS_06
12.0,390,G178325_PS_04
12.0,391,G178325_PS_04
12.0,392,G178325_PS_04
12.0,393,G178325_PS_04
12.0,394,G178325_PS_06
12.0,395,G178325_PS_04
12.0,396,G178325_PS_07
12.0,397,G178325_PS_05
12.0,398,G178325_PS_06
12.0,399,G178325_PS_04
12.0,400,G178325_PS_04
12.0,401,G178325_PS_05
12.0,402,G178325_PS_05
12.0,403,G178325_PS_04
12.0,404,G178325_PS_05
12.0,405,G178325_PS_05
12.0,406,G178325_PS_09
12.0,407,G178325_PS_05
12.0,408,G178325_PS_04
12.0,409,G178325_PS_04
12.0,410,G178325_PS_04
12.0,411,G178325_PS_06
12.0,412,G178325_PS_04
12.0,413,G178325_PS_04
12.0,414,G178325_PS_05
12.0,415,G178325_PS_04
12.0,416,G178325_PS_07
12.0,417,G178325_PS_05
12.0,418,G178325_PS_07
12.0,419,G178325_PS_06
12.0,420,G178325_PS_04
12.0,421,G178325_PS_04
12.0,422,G178325_PS_05
12.0,423,G178325_PS_07
12.0,424,G178325_PS_06
12.0,425,G178325_PS_09
12.0,426,G178325_PS_04
12.0,427,G178325_PS_05
12.0,428,G178325_PS_06
12.0,429,G178325_PS_04
12.0,430,G178325_PS_04
12.0,431,G178325_PS_04
12.0,432,G178325_PS_09
12.0,433,G178325_PS_04
12.0,434,G178325_PS_07
12.0,435,G178325_PS_04
12.0,436,G178325_PS_05
12.0,437,G178325_PS_05
12.0,438,G178325_PS_04
12.0,439,G178325_PS_04
12.0,440,G178325_PS_06
12.0,441,G178325_PS_04
12.0,442,G178325_PS_04
12.0,443,G178325_PS_06
12.0,444,G178325_PS_05
12.0,445,G178325_PS_05
12.0,446,G178325_PS_06
12.0,447,G178325_PS_04
12.0,448,G178325_PS_05
12.0,449,G178325_PS_06
12.0,450,G178325_PS_05
12.0,451,G178325_PS_04
12.0,452,G178325_PS_09
12.0,453,G178325_PS_04
12.0,454,G178325_PS_09
12.0,455,G178325_PS_07
12.0,456,G178325_PS_05
12.0,457,G178325_PS_06
12.0,458,G178325_PS_05
12.0,459,G178325_PS_04
12.0,460,G178325_PS_06
12.0,461,G178325_PS_06
12.0,462,G178325_PS_04
12.0,463,G178325_PS_04
12.0,464,G178325_PS_04
12.0,465,G178325_PS_04
12.0,466,G178325_PS_07
12.0,467,G178325_PS_05
12.0,468,G178325_PS_04
12.0,469,G178325_PS_07
12.0,470,G178325_PS_04
12.0,471,G178325_PS_04
12.0,472,G178325_PS_07
12.0,473,G178325_PS_04
12.0,474,G178325_PS_07
12.0,475,G178325_PS_07
12.0,476,G178325_PS_04
12.0,477,G178325_PS_04
12.0,478,G178325_PS_07
12.0,479,G178325_PS_06
12.0,480,G178325_PS_05
12.0,481,G178325_PS_05
12.0,482,G178325_PS_06
12.0,483,G178325_PS_04
12.0,484,G178325_PS_04
12.0,485,G178325_PS_04
12.0,486,G178325_PS_04
12.0,487,G178325_PS_04
12.0,488,G178325_PS_04
12.0,489,G178325_PS_04
12.0,490,G178325_PS_06
12.0,491,G178325_PS_05
12.0,492,G178325_PS_04
12.0,493,G178325_PS_05
12.0,494,G178325_PS_04
12.0,495,G178325_PS_04
12.0,496,G178325_PS_05
12.0,497,G178325_PS_04
12.0,498,G178325_PS_09
12.0,499,G178325_PS_04
12.0,500,G178325_PS_04
12.0,501,G178325_PS_05
12.0,502,G178325_PS_07
12.0,503,G178325_PS_06
12.0,504,G178325_PS_07
12.0,505,G178325_PS_04
12.0,506,G178325_PS_06
12.0,507,G178325_PS_06
12.0,508,G178325_PS_04
12.0,509,G178325_PS_07
12.0,510,G178325_PS_04
12.0,511,G178325_PS_05
12.0,512,G178325_PS_07
12.0,513,G178325_PS_04
12.0,514,G178325_PS_04
12.0,515,G178325_PS_04
12.0,516,G178325_PS_04
12.0,517,G178325_PS_04
12.0,518,G178325_PS_04
12.0,519,G178325_PS_04
12.0,520,G178325_PS_04
12.0,521,G178325_PS_04
12.0,522,G178325_PS_05
12.0,523,G178325_PS_07
12.0,524,G178325_PS_07
12.0,525,G178325_PS_06
12.0,526,G178325_PS_05
12.0,527,G178325_PS_04
12.0,528,G178325_PS_07
12.0,529,G178325_PS_06
12.0,530,G178325_PS_04
12.0,531,G178325_PS_04
12.0,532,G178325_PS_05
12.0,533,G178325_PS_04
12.0,534,G178325_PS_05
12.0,535,G178325_PS_04
12.0,536,G178325_PS_04
12.0,537,G178325_PS_07
12.0,538,G178325_PS_04
12.0,539,G178325_PS_05
12.0,540,G178325_PS_07
12.0,541,G178325_PS_04
12.0,542,G178325_PS_07
12.0,543,G178325_PS_04
12.0,544,G178325_PS_07
12.0,545,G178325_PS_04
12.0,546,G178325_PS_05
12.0,547,G178325_PS_07
12.0,548,G178325_PS_06
12.0,549,G178325_PS_04
12.0,550,G178325_PS_04
12.0,551,G178325_PS_04
12.0,552,G178325_PS_09
12.0,553,G178325_PS_06
12.0,554,G178325_PS_04
12.0,555,G178325_PS_05
12.0,556,G178325_PS_07
12.0,557,G178325_PS_05
12.0,558,G178325_PS_05
12.0,559,G178325_PS_06
12.0,560,G178325_PS_04
12.0,561,G178325_PS_07
12.0,562,G178325_PS_04
12.0,563,G178325_PS_04
12.0,564,G178325_PS_04
12.0,565,G178325_PS_07
12.0,566,G178325_PS_05
12.0,567,G178325_PS_04
12.0,568,G178325_PS_06
12.0,569,G178325_PS_05
12.0,570,G178325_PS_04
12.0,571,G178325_PS_05
12.0,572,G178325_PS_07
12.0,573,G178325_PS_04
12.0,574,G178325_PS_07
12.0,575,G178325_PS_05
12.0,576,G178325_PS_04
12.0,577,G178325_PS_09
12.0,578,G178325_PS_04
12.0,579,G178325_PS_04
12.0,580,G178325_PS_07
12.0,581,G178325_PS_06
12.0,582,G178325_PS_07
12.0,583,G178325_PS_04
12.0,584,G178325_PS_07
12.0,585,G178325_PS_05
12.0,586,G178325_PS_06
12.0,587,G178325_PS_04
12.0,588,G178325_PS_05
12.0,589,G178325_PS_04
12.0,590,G178325_PS_05
12.0,591,G178325_PS_04
12.0,592,G178325_PS_06
12.0,593,G178325_PS_05
12.0,594,G178325_PS_05
12.0,595,G178325_PS_05
12.0,596,G178325_PS_06
12.0,597,G178325_PS_04
12.0,598,G178325_PS_06
12.0,599,G178325_PS_06
12.0,600,G178325_PS_04
12.0,601,G178325_PS_04
12.0,602,G178325_PS_06
12.0,603,G178325_PS_07
12.0,604,G178325_PS_07
12.0,605,G178325_PS_07
12.0,606,G178325_PS_07
12.0,607,G178325_PS_09
12.0,608,G178325_PS_05
12.0,609,G178325_PS_07
12.0,610,G178325_PS_05
12.0,611,G178325_PS_07
12.0,612,G178325_PS_05
12.0,613,G178325_PS_07
12.0,614,G178325_PS_04
12.0,615,G178325_PS_04
12.0,616,G178325_PS_09
12.0,617,G178325_PS_04
12.0,618,G178325_PS_05
12.0,619,G178325_PS_09
12.0,620,G178325_PS_07
12.0,621,G178325_PS_06
12.0,622,G178325_PS_04
12.0,623,G178325_PS_06
12.0,624,G178325_PS_04
12.0,625,G178325_PS_04
12.0,626,G178325_PS_05
12.0,627,G178325_PS_04
12.0,628,G178325_PS_06
12.0,629,G178325_PS_07
12.0,630,G178325_PS_04
12.0,631,G178325_PS_06
12.0,632,G178325_PS_04
12.0,633,G178325_PS_07
12.0,634,G178325_PS_05
12.0,635,G178325_PS_05
12.0,636,G178325_PS_06
12.0,637,G178325_PS_04
12.0,638,G178325_PS_04
12.0,639,G178325_PS_07
12.0,640,G178325_PS_04
12.0,641,G178325_PS_04
12.0,642,G178325_PS_06
12.0,643,G178325_PS_09
12.0,644,G178325_PS_07
12.0,645,G178325_PS_07
12.0,646,G178325_PS_07
12.0,647,G178325_PS_04
12.0,648,G178325_PS_04
12.0,649,G178325_PS_04
12.0,650,G178325_PS_07
12.0,651,G178325_PS_04
12.0,652,G178325_PS_04
12.0,653,G178325_PS_07
12.0,654,G178325_PS_04
12.0,655,G178325_PS_05
12.0,656,G178325_PS_05
12.0,657,G178325_PS_04
12.0,658,G178325_PS_04
12.0,659,G178325_PS_04
12.0,660,G178325_PS_04
12.0,661,G178325_PS_06
12.0,662,G178325_PS_06
12.0,663,G178325_PS_06
12.0,664,G178325_PS_04
12.0,665,G178325_PS_07
12.0,666,G178325_PS_07
12.0,667,G178325_PS_07
12.0,668,G178325_PS_06
12.0,669,G178325_PS_04
12.0,670,G178325_PS_06
12.0,671,G178325_PS_05
12.0,672,G178325_PS_05
12.0,673,G178325_PS_06
12.0,674,G178325_PS_04
12.0,675,G178325_PS_04
12.0,676,G178325_PS_04
12.0,677,G178325_PS_07
12.0,678,G178325_PS_05
12.0,679,G178325_PS_04
12.0,680,G178325_PS_04
12.0,681,G178325_PS_04
12.0,682,G178325_PS_04
12.0,683,G178325_PS_04
12.0,684,G178325_PS_04
12.0,685,G178325_PS_04
12.0,686,G178325_PS_04
12.0,687,G178325_PS_05
12.0,688,G178325_PS_07
12.0,689,G178325_PS_05
12.0,690,G178325_PS_05
12.0,691,G178325_PS_04
12.0,692,G178325_PS_04
12.0,693,G178325_PS_07
12.0,694,G178325_PS_04
12.0,695,G178325_PS_05
12.0,696,G178325_PS_05
12.0,697,G178325_PS_04
12.0,698,G178325_PS_04
12.0,699,G178325_PS_04
12.0,700,G178325_PS_04
12.0,701,G178325_PS_07
12.0,702,G178325_PS_09
12.0,703,G178325_PS_04
12.0,704,G178325_PS_07
12.0,705,G178325_PS_04
12.0,706,G178325_PS_04
12.0,707,G178325_PS_07
12.0,708,G178325_PS_09
12.0,709,G178325_PS_05
12.0,710,G178325_PS_06
12.0,711,G178325_PS_05
12.0,712,G178325_PS_06
12.0,713,G178325_PS_05
12.0,714,G178325_PS_07
12.0,715,G178325_PS_04
12.0,716,G178325_PS_04
12.0,717,G178325_PS_06
12.0,718,G178325_PS_05
12.0,719,G178325_PS_05
12.0,720,G178325_PS_05
12.0,721,G178325_PS_04
12.0,722,G178325_PS_09
12.0,723,G178325_PS_04
12.0,724,G178325_PS_05
12.0,725,G178325_PS_05
12.0,726,G178325_PS_04
12.0,727,G178325_PS_04
12.0,728,G178325_PS_04
12.0,729,G178325_PS_04
12.0,730,G178325_PS_04
12.0,731,G178325_PS_04
12.0,732,G178325_PS_05
12.0,733,G178325_PS_06
12.0,734,G178325_PS_05
12.0,735,G178325_PS_05
12.0,736,G178325_PS_04
12.0,737,G178325_PS_04
12.0,738,G178325_PS_04
12.0,739,G178325_PS_04
12.0,740,G178325_PS_05
12.0,741,G178325_PS_07
12.0,742,G178325_PS_04
12.0,743,G178325_PS_04
12.0,744,G178325_PS_04
12.0,745,G178325_PS_04
12.0,746,G178325_PS_04
12.0,747,G178325_PS_07
12.0,748,G178325_PS_05
12.0,749,G178325_PS_07
12.0,750,G178325_PS_06
12.0,751,G178325_PS_07
12.0,752,G178325_PS_05
12.0,753,G178325_PS_06
12.0,754,G178325_PS_07
12.0,755,G178325_PS_05
12.0,756,G178325_PS_05
12.0,757,G178325_PS_09
12.0,758,G178325_PS_06
12.0,759,G178325_PS_06
12.0,760,G178325_PS_04
12.0,761,G178325_PS_04
12.0,762,G178325_PS_07
12.0,763,G178325_PS_04
12.0,764,G178325_PS_05
12.0,765,G178325_PS_05
12.0,766,G178325_PS_05
12.0,767,G178325_PS_04
12.0,768,G178325_PS_05
12.0,769,G178325_PS_07
12.0,770,G178325_PS_05
12.0,771,G178325_PS_09
12.0,772,G178325_PS_05
12.0,773,G178325_PS_04
12.0,774,G178325_PS_05
12.0,775,G178325_PS_04
12.0,776,G178325_PS_07
12.0,777,G178325_PS_04
12.0,778,G178325_PS_04
12.0,779,G178325_PS_04
12.0,780,G178325_PS_06
12.0,781,G178325_PS_04
12.0,782,G178325_PS_04
12.0,783,G178325_PS_06
12.0,784,G178325_PS_09
12.0,785,G178325_PS_04
12.0,786,G178325_PS_09
12.0,787,G178325_PS_07
12.0,788,G178325_PS_04
12.0,789,G178325_PS_05
12.0,790,G178325_PS_06
12.0,791,G178325_PS_04
12.0,792,G178325_PS_06
12.0,793,G178325_PS_04
12.0,794,G178325_PS_04
12.0,795,G178325_PS_05
12.0,796,G178325_PS_05
12.0,797,G178325_PS_09
12.0,798,G178325_PS_04
12.0,799,G178325_PS_06
12.0,800,G178325_PS_06
12.0,801,G178325_PS_06
12.0,802,G178325_PS_04
12.0,803,G178325_PS_04
12.0,804,G178325_PS_05
12.0,805,G178325_PS_07
12.0,806,G178325_PS_05
12.0,807,G178325_PS_04
12.0,808,G178325_PS_04
12.0,809,G178325_PS_07
12.0,810,G178325_PS_05
12.0,811,G178325_PS_04
12.0,812,G178325_PS_05
12.0,813,G178325_PS_05
12.0,814,G178325_PS_04
12.0,815,G178325_PS_07
12.0,816,G178325_PS_06
12.0,817,G178325_PS_05
12.0,818,G178325_PS_06
12.0,819,G178325_PS_06
12.0,820,G178325_PS_04
12.0,821,G178325_PS_04
12.0,822,G178325_PS_05
12.0,823,G178325_PS_09
12.0,824,G178325_PS_07
12.0,825,G178325_PS_06
12.0,826,G178325_PS_04
12.0,827,G178325_PS_04
12.0,828,G178325_PS_04
12.0,829,G178325_PS_07
12.0,830,G178325_PS_07
12.0,831,G178325_PS_07
12.0,832,G178325_PS_07
12.0,833,G178325_PS_05
12.0,834,G178325_PS_05
12.0,835,G178325_PS_06
12.0,836,G178325_PS_07
12.0,837,G178325_PS_05
12.0,838,G178325_PS_04
12.0,839,G178325_PS_05
12.0,840,G178325_PS_04
12.0,841,G178325_PS_07
12.0,842,G178325_PS_05
12.0,843,G178325_PS_07
12.0,844,G178325_PS_04
12.0,845,G178325_PS_05
12.0,846,G178325_PS_07
12.0,847,G178325_PS_06
12.0,848,G178325_PS_04
12.0,849,G178325_PS_06
12.0,850,G178325_PS_04
12.0,851,G178325_PS_04
12.0,852,G178325_PS_04
12.0,853,G178325_PS_06
12.0,854,G178325_PS_07
12.0,855,G178325_PS_04
12.0,856,G178325_PS_06
12.0,857,G178325_PS_05
12.0,858,G178325_PS_07
12.0,859,G178325_PS_05
12.0,860,G178325_PS_04
12.0,861,G178325_PS_04
12.0,862,G178325_PS_04
12.0,863,G178325_PS_09
12.0,864,G178325_PS_06
12.0,865,G178325_PS_04
12.0,866,G178325_PS_04
12.0,867,G178325_PS_07
12.0,868,G178325_PS_05
12.0,869,G178325_PS_05
12.0,870,G178325_PS_04
12.0,871,G178325_PS_06
12.0,872,G178325_PS_05
12.0,873,G178325_PS_07
12.0,874,G178325_PS_06
12.0,875,G178325_PS_07
12.0,876,G178325_PS_07
12.0,877,G178325_PS_06
12.0,878,G178325_PS_05
12.0,879,G178325_PS_04
12.0,880,G178325_PS_05
12.0,881,G178325_PS_05
12.0,882,G178325_PS_04
12.0,883,G178325_PS_06
12.0,884,G178325_PS_04
12.0,885,G178325_PS_07
12.0,886,G178325_PS_04
12.0,887,G178325_PS_07
12.0,888,G178325_PS_05
12.0,889,G178325_PS_07
12.0,890,G178325_PS_07
12.0,891,G178325_PS_04
12.0,892,G178325_PS_06
12.0,893,G178325_PS_05
12.0,894,G178325_PS_07
12.0,895,G178325_PS_04
12.0,896,G178325_PS_05
12.0,897,G178325_PS_06
12.0,898,G178325_PS_06
12.0,899,G178325_PS_05
12.0,900,G178325_PS_05
12.0,901,G178325_PS_04
12.0,902,G178325_PS_04
12.0,903,G178325_PS_07
12.0,904,G178325_PS_04
12.0,905,G178325_PS_04
12.0,906,G178325_PS_04
12.0,907,G178325_PS_06
12.0,908,G178325_PS_04
12.0,909,G178325_PS_07
12.0,910,G178325_PS_04
12.0,911,G178325_PS_05
12.0,912,G178325_PS_04
12.0,913,G178325_PS_04
12.0,914,G178325_PS_05
12.0,915,G178325_PS_05
12.0,916,G178325_PS_06
12.0,917,G178325_PS_04
12.0,918,G178325_PS_04
12.0,919,G178325_PS_04
12.0,920,G178325_PS_05
12.0,921,G178325_PS_04
12.0,922,G178325_PS_04
12.0,923,G178325_PS_06
12.0,924,G178325_PS_07
12.0,925,G178325_PS_06
12.0,926,G178325_PS_05
12.0,927,G178325_PS_06
12.0,928,G178325_PS_05
12.0,929,G178325_PS_04
12.0,930,G178325_PS_05
12.0,931,G178325_PS_04
12.0,932,G178325_PS_04
12.0,933,G178325_PS_05
12.0,934,G178325_PS_04
12.0,935,G178325_PS_05
12.0,936,G178325_PS_04
12.0,937,G178325_PS_04
12.0,938,G178325_PS_05
12.0,939,G178325_PS_04
12.0,940,G178325_PS_06
12.0,941,G178325_PS_06
12.0,942,G178325_PS_04
12.0,943,G178325_PS_06
12.0,944,G178325_PS_05
12.0,945,G178325_PS_05
12.0,946,G178325_PS_04
12.0,947,G178325_PS_05
12.0,948,G178325_PS_07
12.0,949,G178325_PS_06
12.0,950,G178325_PS_05
12.0,951,G178325_PS_04
12.0,952,G178325_PS_04
12.0,953,G178325_PS_07
12.0,954,G178325_PS_04
12.0,955,G178325_PS_04
12.0,956,G178325_PS_06
12.0,957,G178325_PS_04
12.0,958,G178325_PS_05
12.0,959,G178325_PS_04
12.0,960,G178325_PS_05
12.0,961,G178325_PS_04
12.0,962,G178325_PS_05
12.0,963,G178325_PS_05
12.0,964,G178325_PS_06
12.0,965,G178325_PS_05
12.0,966,G178325_PS_04
12.0,967,G178325_PS_07
12.0,968,G178325_PS_07
12.0,969,G178325_PS_05
12.0,970,G178325_PS_05
12.0,971,G178325_PS_05
12.0,972,G178325_PS_04
12.0,973,G178325_PS_05
12.0,974,G178325_PS_04
12.0,975,G178325_PS_06
12.0,976,G178325_PS_06
12.0,977,G178325_PS_04
12.0,978,G178325_PS_07
12.0,979,G178325_PS_05
12.0,980,G178325_PS_06
12.0,981,G178325_PS_05
12.0,982,G178325_PS_05
12.0,983,G178325_PS_06
12.0,984,G178325_PS_04
12.0,985,G178325_PS_04
12.0,986,G178325_PS_04
12.0,987,G178325_PS_04
12.0,988,G178325_PS_05
12.0,989,G178325_PS_04
12.0,990,G178325_PS_05
12.0,991,G178325_PS_06
12.0,992,G178325_PS_06
12.0,993,G178325_PS_04
12.0,994,G178325_PS_04
12.0,995,G178325_PS_04
12.0,996,G178325_PS_04
12.0,997,G178325_PS_05
12.0,998,G178325_PS_07
12.0,999,G178325_PS_04
12.0,1000,G178325_PS_04
12.0,1001,G178325_PS_05
12.0,1002,G178325_PS_04
12.0,1003,G178325_PS_04
12.0,1004,G178325_PS_04
12.0,1005,G178325_PS_06
12.0,1006,G178325_PS_05
12.0,1007,G178325_PS_05
12.0,1008,G178325_PS_04
12.0,1009,G178325_PS_04
12.0,1010,G178325_PS_07
12.0,1011,G178325_PS_04
12.0,1012,G178325_PS_04
12.0,1013,G178325_PS_04
12.0,1014,G178325_PS_07
12.0,1015,G178325_PS_06
12.0,1016,G178325_PS_05
12.0,1017,G178325_PS_07
12.0,1018,G178325_PS_07
12.0,1019,G178325_PS_06
12.0,1020,G178325_PS_05
12.0,1021,G178325_PS_04
12.0,1022,G178325_PS_07
12.0,1023,G178325_PS_05
12.0,1024,G178325_PS_04
12.0,1025,G178325_PS_07
12.0,1026,G178325_PS_04
12.0,1027,G178325_PS_06
12.0,1028,G178325_PS_06
12.0,1029,G178325_PS_05
12.0,1030,G178325_PS_04
12.0,1031,G178325_PS_05
12.0,1032,G178325_PS_04
12.0,1033,G178325_PS_04
12.0,1034,G178325_PS_04
12.0,1035,G178325_PS_05
12.0,1036,G178325_PS_06
12.0,1037,G178325_PS_06
12.0,1038,G178325_PS_04
12.0,1039,G178325_PS_04
12.0,1040,G178325_PS_07
12.0,1041,G178325_PS_04
12.0,1042,G178325_PS_04
12.0,1043,G178325_PS_05
12.0,1044,G178325_PS_05
12.0,1045,G178325_PS_05
12.0,1046,G178325_PS_07
12.0,1047,G178325_PS_05
12.0,1048,G178325_PS_04
12.0,1049,G178325_PS_04
12.0,1050,G178325_PS_04
12.0,1051,G178325_PS_05
12.0,1052,G178325_PS_05
12.0,1053,G178325_PS_06
12.0,1054,G178325_PS_04
12.0,1055,G178325_PS_04
12.0,1056,G178325_PS_04
12.0,1057,G178325_PS_04
12.0,1058,G178325_PS_07
12.0,1059,G178325_PS_04
12.0,1060,G178325_PS_04
12.0,1061,G178325_PS_09
12.0,1062,G178325_PS_05
12.0,1063,G178325_PS_07
12.0,1064,G178325_PS_04
12.0,1065,G178325_PS_06
12.0,1066,G178325_PS_04
12.0,1067,G178325_PS_04
12.0,1068,G178325_PS_04
12.0,1069,G178325_PS_07
12.0,1070,G178325_PS_05
12.0,1071,G178325_PS_06
12.0,1072,G178325_PS_05
12.0,1073,G178325_PS_04
12.0,1074,G178325_PS_07
12.0,1075,G178325_PS_07
12.0,1076,G178325_PS_05
12.0,1077,G178325_PS_04
12.0,1078,G178325_PS_05
12.0,1079,G178325_PS_07
12.0,1080,G178325_PS_06
12.0,1081,G178325_PS_04
12.0,1082,G178325_PS_04
12.0,1083,G178325_PS_06
12.0,1084,G178325_PS_05
12.0,1085,G178325_PS_06
12.0,1086,G178325_PS_04
12.0,1087,G178325_PS_04
12.0,1088,G178325_PS_05
12.0,1089,G178325_PS_04
12.0,1090,G178325_PS_05
12.0,1091,G178325_PS_04
12.0,1092,G178325_PS_05
12.0,1093,G178325_PS_05
12.0,1094,G178325_PS_09
12.0,1095,G178325_PS_07
12.0,1096,G178325_PS_04
12.0,1097,G178325_PS_04
12.0,1098,G178325_PS_09
12.0,1099,G178325_PS_04
12.0,1100,G178325_PS_07
12.0,1101,G178325_PS_04
12.0,1102,G178325_PS_06
12.0,1103,G178325_PS_04
12.0,1104,G178325_PS_05
12.0,1105,G178325_PS_04
12.0,1106,G178325_PS_05
12.0,1107,G178325_PS_06
12.0,1108,G178325_PS_05
12.0,1109,G178325_PS_04
12.0,1110,G178325_PS_04
12.0,1111,G178325_PS_05
12.0,1112,G178325_PS_06
12.0,1113,G178325_PS_04
12.0,1114,G178325_PS_04
12.0,1115,G178325_PS_04
12.0,1116,G178325_PS_04
12.0,1117,G178325_PS_04
12.0,1118,G178325_PS_05
12.0,1119,G178325_PS_07
12.0,1120,G178325_PS_05
12.0,1121,G178325_PS_05
12.0,1122,G178325_PS_04
12.0,1123,G178325_PS_05
12.0,1124,G178325_PS_06
12.0,1125,G178325_PS_04
12.0,1126,G178325_PS_05
12.0,1127,G178325_PS_06
12.0,1128,G178325_PS_04
12.0,1129,G178325_PS_04
12.0,1130,G178325_PS_06
12.0,1131,G178325_PS_04
12.0,1132,G178325_PS_04
12.0,1133,G178325_PS_04
12.0,1134,G178325_PS_04
12.0,1135,G178325_PS_06
12.0,1136,G178325_PS_07
12.0,1137,G178325_PS_04
12.0,1138,G178325_PS_04
12.0,1139,G178325_PS_07
12.0,1140,G178325_PS_09
12.0,1141,G178325_PS_05
12.0,1142,G178325_PS_05
12.0,1143,G178325_PS_04
12.0,1144,G178325_PS_07
12.0,1145,G178325_PS_06
12.0,1146,G178325_PS_04
12.0,1147,G178325_PS_07
12.0,1148,G178325_PS_04
12.0,1149,G178325_PS_04
12.0,1150,G178325_PS_07
12.0,1151,G178325_PS_05
12.0,1152,G178325_PS_04
12.0,1153,G178325_PS_04
12.0,1154,G178325_PS_07
12.0,1155,G178325_PS_05
12.0,1156,G178325_PS_07
12.0,1157,G178325_PS_04
12.0,1158,G178325_PS_05
12.0,1159,G178325_PS_04
12.0,1160,G178325_PS_05
12.0,1161,G178325_PS_06
12.0,1162,G178325_PS_04
12.0,1163,G178325_PS_04
12.0,1164,G178325_PS_09
12.0,1165,G178325_PS_05
12.0,1166,G178325_PS_06
12.0,1167,G178325_PS_05
12.0,1168,G178325_PS_05
12.0,1169,G178325_PS_05
12.0,1170,G178325_PS_04
12.0,1171,G178325_PS_07
12.0,1172,G178325_PS_06
12.0,1173,G178325_PS_06
12.0,1174,G178325_PS_07
12.0,1175,G178325_PS_07
12.0,1176,G178325_PS_04
12.0,1177,G178325_PS_05
12.0,1178,G178325_PS_06
12.0,1179,G178325_PS_09
12.0,1180,G178325_PS_05
12.0,1181,G178325_PS_04
12.0,1182,G178325_PS_04
12.0,1183,G178325_PS_04
12.0,1184,G178325_PS_04
12.0,1185,G178325_PS_07
12.0,1186,G178325_PS_05
12.0,1187,G178325_PS_04
12.0,1188,G178325_PS_05
12.0,1189,G178325_PS_04
12.0,1190,G178325_PS_06
12.0,1191,G178325_PS_07
12.0,1192,G178325_PS_04
12.0,1193,G178325_PS_04
12.0,1194,G178325_PS_06
12.0,1195,G178325_PS_04
12.0,1196,G178325_PS_07
12.0,1197,G178325_PS_04
12.0,1198,G178325_PS_05
12.0,1199,G178325_PS_04
12.0,1200,G178325_PS_07
12.0,1201,G178325_PS_09
12.0,1202,G178325_PS_06
12.0,1203,G178325_PS_05
12.0,1204,G178325_PS_07
12.0,1205,G178325_PS_05
12.0,1206,G178325_PS_04
12.0,1207,G178325_PS_04
12.0,1208,G178325_PS_06
12.0,1209,G178325_PS_06
12.0,1210,G178325_PS_07
12.0,1211,G178325_PS_07
12.0,1212,G178325_PS_05
12.0,1213,G178325_PS_05
12.0,1214,G178325_PS_05
12.0,1215,G178325_PS_06
12.0,1216,G178325_PS_07
12.0,1217,G178325_PS_05
12.0,1218,G178325_PS_06
12.0,1219,G178325_PS_07
12.0,1220,G178325_PS_04
12.0,1221,G178325_PS_06
12.0,1222,G178325_PS_05
12.0,1223,G178325_PS_09
12.0,1224,G178325_PS_04
12.0,1225,G178325_PS_05
12.0,1226,G178325_PS_04
12.0,1227,G178325_PS_06
12.0,1228,G178325_PS_04
12.0,1229,G178325_PS_04
12.0,1230,G178325_PS_04
12.0,1231,G178325_PS_04
12.0,1232,G178325_PS_07
12.0,1233,G178325_PS_09
12.0,1234,G178325_PS_05
12.0,1235,G178325_PS_04
12.0,1236,G178325_PS_04
12.0,1237,G178325_PS_05
12.0,1238,G178325_PS_07
12.0,1239,G178325_PS_07
12.0,1240,G178325_PS_07
12.0,1241,G178325_PS_04
12.0,1242,G178325_PS_06
12.0,1243,G178325_PS_04
12.0,1244,G178325_PS_05
12.0,1245,G178325_PS_07
12.0,1246,G178325_PS_06
12.0,1247,G178325_PS_04
12.0,1248,G178325_PS_07
12.0,1249,G178325_PS_07
12.0,1250,G178325_PS_05
12.0,1251,G178325_PS_04
12.0,1252,G178325_PS_07
12.0,1253,G178325_PS_06
12.0,1254,G178325_PS_04
12.0,1255,G178325_PS_07
12.0,1256,G178325_PS_04
12.0,1257,G178325_PS_04
12.0,1258,G178325_PS_04
12.0,1259,G178325_PS_07
12.0,1260,G178325_PS_05
12.0,1261,G178325_PS_06
12.0,1262,G178325_PS_05
12.0,1263,G178325_PS_04
12.0,1264,G178325_PS_04
12.0,1265,G178325_PS_05
12.0,1266,G178325_PS_04
12.0,1267,G178325_PS_07
12.0,1268,G178325_PS_05
12.0,1269,G178325_PS_06
12.0,1270,G178325_PS_04
12.0,1271,G178325_PS_06
12.0,1272,G178325_PS_04
12.0,1273,G178325_PS_09
12.0,1274,G178325_PS_04
12.0,1275,G178325_PS_04
12.0,1276,G178325_PS_09
12.0,1277,G178325_PS_04
12.0,1278,G178325_PS_05
12.0,1279,G178325_PS_07
12.0,1280,G178325_PS_06
12.0,1281,G178325_PS_05
12.0,1282,G178325_PS_07
12.0,1283,G178325_PS_07
12.0,1284,G178325_PS_05
12.0,1285,G178325_PS_07
12.0,1286,G178325_PS_04
12.0,1287,G178325_PS_04
12.0,1288,G178325_PS_06
12.0,1289,G178325_PS_04
12.0,1290,G178325_PS_07
12.0,1291,G178325_PS_07
12.0,1292,G178325_PS_04
12.0,1293,G178325_PS_04
12.0,1294,G178325_PS_05
12.0,1295,G178325_PS_07
12.0,1296,G178325_PS_04
12.0,1297,G178325_PS_04
12.0,1298,G178325_PS_04
12.0,1299,G178325_PS_04
12.0,1300,G178325_PS_05
12.0,1301,G178325_PS_09
12.0,1302,G178325_PS_06
12.0,1303,G178325_PS_04
12.0,1304,G178325_PS_05
12.0,1305,G178325_PS_06
12.0,1306,G178325_PS_05
12.0,1307,G178325_PS_09
12.0,1308,G178325_PS_06
12.0,1309,G178325_PS_06
12.0,1310,G178325_PS_09
12.0,1311,G178325_PS_07
12.0,1312,G178325_PS_04
12.0,1313,G178325_PS_05
12.0,1314,G178325_PS_05
12.0,1315,G178325_PS_05
12.0,1316,G178325_PS_04
12.0,1317,G178325_PS_05
12.0,1318,G178325_PS_07
12.0,1319,G178325_PS_04
12.0,1320,G178325_PS_05
12.0,1321,G178325_PS_04
12.0,1322,G178325_PS_05
12.0,1323,G178325_PS_06
12.0,1324,G178325_PS_04
12.0,1325,G178325_PS_04
12.0,1326,G178325_PS_04
12.0,1327,G178325_PS_07
12.0,1328,G178325_PS_04
12.0,1329,G178325_PS_07
12.0,1330,G178325_PS_04
12.0,1331,G178325_PS_04
12.0,1332,G178325_PS_06
12.0,1333,G178325_PS_05
12.0,1334,G178325_PS_04
12.0,1335,G178325_PS_05
12.0,1336,G178325_PS_06
12.0,1337,G178325_PS_05
12.0,1338,G178325_PS_06
12.0,1339,G178325_PS_04
12.0,1340,G178325_PS_06
12.0,1341,G178325_PS_04
12.0,1342,G178325_PS_06
12.0,1343,G178325_PS_04
12.0,1344,G178325_PS_05
12.0,1345,G178325_PS_04
12.0,1346,G178325_PS_07
12.0,1347,G178325_PS_05
12.0,1348,G178325_PS_07
12.0,1349,G178325_PS_03
12.0,1350,G178325_PS_04
12.0,1351,G178325_PS_04
12.0,1352,G178325_PS_07
12.0,1353,G178325_PS_06
12.0,1354,G178325_PS_04
12.0,1355,G178325_PS_06
12.0,1356,G178325_PS_06
12.0,1357,G178325_PS_04
12.0,1358,G178325_PS_04
12.0,1359,G178325_PS_06
12.0,1360,G178325_PS_04
12.0,1361,G178325_PS_05
12.0,1362,G178325_PS_04
12.0,1363,G178325_PS_04
12.0,1364,G178325_PS_04
12.0,1365,G178325_PS_09
12.0,1366,G178325_PS_04
12.0,1367,G178325_PS_07
12.0,1368,G178325_PS_05
12.0,1369,G178325_PS_05
12.0,1370,G178325_PS_06
12.0,1371,G178325_PS_04
12.0,1372,G178325_PS_04
12.0,1373,G178325_PS_05
12.0,1374,G178325_PS_06
12.0,1375,G178325_PS_06
12.0,1376,G178325_PS_04
12.0,1377,G178325_PS_07
12.0,1378,G178325_PS_04
12.0,1379,G178325_PS_07
12.0,1380,G178325_PS_04
12.0,1381,G178325_PS_07
12.0,1382,G178325_PS_06
12.0,1383,G178325_PS_07
12.0,1384,G178325_PS_07
12.0,1385,G178325_PS_05
12.0,1386,G178325_PS_05
12.0,1387,G178325_PS_04
12.0,1388,G178325_PS_04
12.0,1389,G178325_PS_05
12.0,1390,G178325_PS_06
12.0,1391,G178325_PS_06
12.0,1392,G178325_PS_04
12.0,1393,G178325_PS_05
12.0,1394,G178325_PS_05
12.0,1395,G178325_PS_05
12.0,1396,G178325_PS_04
12.0,1397,G178325_PS_04
12.0,1398,G178325_PS_07
12.0,1399,G178325_PS_07
12.0,1400,G178325_PS_05
12.0,1401,G178325_PS_07
12.0,1402,G178325_PS_07
12.0,1403,G178325_PS_07
12.0,1404,G178325_PS_05
12.0,1405,G178325_PS_05
12.0,1406,G178325_PS_07
12.0,1407,G178325_PS_04
12.0,1408,G178325_PS_07
12.0,1409,G178325_PS_05
12.0,1410,G178325_PS_05
12.0,1411,G178325_PS_04
12.0,1412,G178325_PS_05
12.0,1413,G178325_PS_05
12.0,1414,G178325_PS_07
12.0,1415,G178325_PS_04
12.0,1416,G178325_PS_05
12.0,1417,G178325_PS_06
12.0,1418,G178325_PS_07
12.0,1419,G178325_PS_07
12.0,1420,G178325_PS_09
12.0,1421,G178325_PS_07
12.0,1422,G178325_PS_04
12.0,1423,G178325_PS_04
12.0,1424,G178325_PS_04
12.0,1425,G178325_PS_04
12.0,1426,G178325_PS_05
12.0,1427,G178325_PS_05
12.0,1428,G178325_PS_07
12.0,1429,G178325_PS_05
12.0,1430,G178325_PS_07
12.0,1431,G178325_PS_07
12.0,1432,G178325_PS_07
12.0,1433,G178325_PS_04
12.0,1434,G178325_PS_04
12.0,1435,G178325_PS_05
12.0,1436,G178325_PS_04
12.0,1437,G178325_PS_07
12.0,1438,G178325_PS_06
12.0,1439,G178325_PS_05
12.0,1440,G178325_PS_05
12.0,1441,G178325_PS_05
12.0,1442,G178325_PS_06
12.0,1443,G178325_PS_05
12.0,1444,G178325_PS_04
12.0,1445,G178325_PS_04
12.0,1446,G178325_PS_04
12.0,1447,G178325_PS_05
12.0,1448,G178325_PS_04
12.0,1449,G178325_PS_07
12.0,1450,G178325_PS_04
12.0,1451,G178325_PS_05
12.0,1452,G178325_PS_06
12.0,1453,G178325_PS_04
12.0,1454,G178325_PS_06
12.0,1455,G178325_PS_05
12.0,1456,G178325_PS_04
12.0,1457,G178325_PS_04
12.0,1458,G178325_PS_05
12.0,1459,G178325_PS_07
12.0,1460,G178325_PS_09
12.0,1461,G178325_PS_07
12.0,1462,G178325_PS_04
12.0,1463,G178325_PS_04
12.0,1464,G178325_PS_07
12.0,1465,G178325_PS_04
12.0,1466,G178325_PS_05
12.0,1467,G178325_PS_05
12.0,1468,G178325_PS_07
12.0,1469,G178325_PS_04
12.0,1470,G178325_PS_09
12.0,1471,G178325_PS_07
12.0,1472,G178325_PS_07
12.0,1473,G178325_PS_06
12.0,1474,G178325_PS_04
12.0,1475,G178325_PS_06
12.0,1476,G178325_PS_06
12.0,1477,G178325_PS_04
12.0,1478,G178325_PS_04
12.0,1479,G178325_PS_07
12.0,1480,G178325_PS_07
12.0,1481,G178325_PS_09
12.0,1482,G178325_PS_07
12.0,1483,G178325_PS_07
12.0,1484,G178325_PS_05
12.0,1485,G178325_PS_05
12.0,1486,G178325_PS_09
12.0,1487,G178325_PS_07
12.0,1488,G178325_PS_07
12.0,1489,G178325_PS_07
12.0,1490,G178325_PS_05
12.0,1491,G178325_PS_07
12.0,1492,G178325_PS_04
12.0,1493,G178325_PS_06
12.0,1494,G178325_PS_04
12.0,1495,G178325_PS_05
12.0,1496,G178325_PS_04
12.0,1497,G178325_PS_07
12.0,1498,G178325_PS_07
12.0,1499,G178325_PS_04
12.0,1500,G178325_PS_05
12.0,1501,G178325_PS_06
12.0,1502,G178325_PS_05
12.0,1503,G178325_PS_07
12.0,1504,G178325_PS_06
12.0,1505,G178325_PS_09
12.0,1506,G178325_PS_04
12.0,1507,G178325_PS_04
12.0,1508,G178325_PS_07
12.0,1509,G178325_PS_04
12.0,1510,G178325_PS_06
12.0,1511,G178325_PS_04
12.0,1512,G178325_PS_04
12.0,1513,G178325_PS_05
12.0,1514,G178325_PS_04
12.0,1515,G178325_PS_06
12.0,1516,G178325_PS_04
12.0,1517,G178325_PS_04
12.0,1518,G178325_PS_04
12.0,1519,G178325_PS_04
12.0,1520,G178325_PS_05
12.0,1521,G178325_PS_06
12.0,1522,G178325_PS_04
12.0,1523,G178325_PS_04
12.0,1524,G178325_PS_04
12.0,1525,G178325_PS_04
12.0,1526,G178325_PS_07
12.0,1527,G178325_PS_07
12.0,1528,G178325_PS_04
12.0,1529,G178325_PS_06
12.0,1530,G178325_PS_07
12.0,1531,G178325_PS_04
12.0,1532,G178325_PS_04
12.0,1533,G178325_PS_04
12.0,1534,G178325_PS_04
12.0,1535,G178325_PS_05
12.0,1536,G178325_PS_05
12.0,1537,G178325_PS_05
12.0,1538,G178325_PS_07
12.0,1539,G178325_PS_07
12.0,1540,G178325_PS_04
12.0,1541,G178325_PS_04
12.0,1542,G178325_PS_04
12.0,1543,G178325_PS_04
12.0,1544,G178325_PS_05
12.0,1545,G178325_PS_05
12.0,1546,G178325_PS_05
12.0,1547,G178325_PS_04
12.0,1548,G178325_PS_04
12.0,1549,G178325_PS_04
12.0,1550,G178325_PS_04
12.0,1551,G178325_PS_05
12.0,1552,G178325_PS_06
12.0,1553,G178325_PS_04
12.0,1554,G178325_PS_05
12.0,1555,G178325_PS_04
12.0,1556,G178325_PS_04
12.0,1557,G178325_PS_04
12.0,1558,G178325_PS_04
12.0,1559,G178325_PS_05
12.0,1560,G178325_PS_05
12.0,1561,G178325_PS_05
12.0,1562,G178325_PS_05
12.0,1563,G178325_PS_06
12.0,1564,G178325_PS_06
12.0,1565,G178325_PS_04
12.0,1566,G178325_PS_05
12.0,1567,G178325_PS_04
12.0,1568,G178325_PS_07
12.0,1569,G178325_PS_05
12.0,1570,G178325_PS_04
12.0,1571,G178325_PS_04
12.0,1572,G178325_PS_04
12.0,1573,G178325_PS_06
12.0,1574,G178325_PS_07
12.0,1575,G178325_PS_07
12.0,1576,G178325_PS_04
12.0,1577,G178325_PS_06
12.0,1578,G178325_PS_04
12.0,1579,G178325_PS_05
12.0,1580,G178325_PS_05
12.0,1581,G178325_PS_04
12.0,1582,G178325_PS_07
12.0,1583,G178325_PS_04
12.0,1584,G178325_PS_05
12.0,1585,G178325_PS_04
12.0,1586,G178325_PS_05
12.0,1587,G178325_PS_06
12.0,1588,G178325_PS_05
12.0,1589,G178325_PS_06
12.0,1590,G178325_PS_05
12.0,1591,G178325_PS_05
12.0,1592,G178325_PS_04
12.0,1593,G178325_PS_04
12.0,1594,G178325_PS_04
12.0,1595,G178325_PS_04
12.0,1596,G178325_PS_04
12.0,1597,G178325_PS_05
12.0,1598,G178325_PS_05
12.0,1599,G178325_PS_06
12.0,1600,G178325_PS_09
12.0,1601,G178325_PS_06
12.0,1602,G178325_PS_05
12.0,1603,G178325_PS_06
12.0,1604,G178325_PS_06
12.0,1605,G178325_PS_04
12.0,1606,G178325_PS_04
12.0,1607,G178325_PS_05
12.0,1608,G178325_PS_05
12.0,1609,G178325_PS_04
12.0,1610,G178325_PS_05
12.0,1611,G178325_PS_07
12.0,1612,G178325_PS_07
12.0,1613,G178325_PS_04
12.0,1614,G178325_PS_09
12.0,1615,G178325_PS_07
12.0,1616,G178325_PS_05
12.0,1617,G178325_PS_04
12.0,1618,G178325_PS_07
12.0,1619,G178325_PS_05
12.0,1620,G178325_PS_05
12.0,1621,G178325_PS_05
12.0,1622,G178325_PS_05
12.0,1623,G178325_PS_05
12.0,1624,G178325_PS_04
12.0,1625,G178325_PS_07
12.0,1626,G178325_PS_09
12.0,1627,G178325_PS_04
12.0,1628,G178325_PS_06
12.0,1629,G178325_PS_06
12.0,1630,G178325_PS_07
12.0,1631,G178325_PS_04
12.0,1632,G178325_PS_07
12.0,1633,G178325_PS_09
12.0,1634,G178325_PS_05
12.0,1635,G178325_PS_05
12.0,1636,G178325_PS_05
12.0,1637,G178325_PS_07
12.0,1638,G178325_PS_04
12.0,1639,G178325_PS_05
12.0,1640,G178325_PS_05
12.0,1641,G178325_PS_05
12.0,1642,G178325_PS_05
12.0,1643,G178325_PS_05
12.0,1644,G178325_PS_06
12.0,1645,G178325_PS_04
12.0,1646,G178325_PS_07
12.0,1647,G178325_PS_04
12.0,1648,G178325_PS_07
12.0,1649,G178325_PS_04
12.0,1650,G178325_PS_04
12.0,1651,G178325_PS_07
12.0,1652,G178325_PS_04
12.0,1653,G178325_PS_04
12.0,1654,G178325_PS_04
12.0,1655,G178325_PS_07
12.0,1656,G178325_PS_06
12.0,1657,G178325_PS_07
12.0,1658,G178325_PS_04
12.0,1659,G178325_PS_05
12.0,1660,G178325_PS_05
12.0,1661,G178325_PS_05
12.0,1662,G178325_PS_04
12.0,1663,G178325_PS_06
12.0,1664,G178325_PS_04
12.0,1665,G178325_PS_05
12.0,1666,G178325_PS_04
12.0,1667,G178325_PS_06
12.0,1668,G178325_PS_05
12.0,1669,G178325_PS_06
12.0,1670,G178325_PS_06
12.0,1671,G178325_PS_05
12.0,1672,G178325_PS_05
12.0,1673,G178325_PS_04
12.0,1674,G178325_PS_07
12.0,1675,G178325_PS_07
12.0,1676,G178325_PS_04
12.0,1677,G178325_PS_05
12.0,1678,G178325_PS_04
12.0,1679,G178325_PS_05
12.0,1680,G178325_PS_04
12.0,1681,G178325_PS_05
12.0,1682,G178325_PS_06
12.0,1683,G178325_PS_04
12.0,1684,G178325_PS_05
12.0,1685,G178325_PS_04
12.0,1686,G178325_PS_04
12.0,1687,G178325_PS_04
12.0,1688,G178325_PS_04
12.0,1689,G178325_PS_04
12.0,1690,G178325_PS_06
12.0,1691,G178325_PS_06
12.0,1692,G178325_PS_04
12.0,1693,G178325_PS_07
12.0,1694,G178325_PS_07
12.0,1695,G178325_PS_04
12.0,1696,G178325_PS_06
12.0,1697,G178325_PS_04
12.0,1698,G178325_PS_06
12.0,1699,G178325_PS_05
12.0,1700,G178325_PS_04
12.0,1701,G178325_PS_06
12.0,1702,G178325_PS_09
12.0,1703,G178325_PS_04
12.0,1704,G178325_PS_04
12.0,1705,G178325_PS_04
12.0,1706,G178325_PS_04
12.0,1707,G178325_PS_05
12.0,1708,G178325_PS_04
12.0,1709,G178325_PS_07
12.0,1710,G178325_PS_04
12.0,1711,G178325_PS_07
12.0,1712,G178325_PS_07
12.0,1713,G178325_PS_04
12.0,1714,G178325_PS_05
12.0,1715,G178325_PS_06
12.0,1716,G178325_PS_06
12.0,1717,G178325_PS_05
12.0,1718,G178325_PS_07
12.0,1719,G178325_PS_04
12.0,1720,G178325_PS_05
12.0,1721,G178325_PS_04
12.0,1722,G178325_PS_05
12.0,1723,G178325_PS_07
12.0,1724,G178325_PS_09
12.0,1725,G178325_PS_04
12.0,1726,G178325_PS_04
12.0,1727,G178325_PS_07
12.0,1728,G178325_PS_05
12.0,1729,G178325_PS_05
12.0,1730,G178325_PS_07
12.0,1731,G178325_PS_07
12.0,1732,G178325_PS_09
12.0,1733,G178325_PS_05
12.0,1734,G178325_PS_05
12.0,1735,G178325_PS_05
12.0,1736,G178325_PS_05
12.0,1737,G178325_PS_07
12.0,1738,G178325_PS_04
12.0,1739,G178325_PS_07
12.0,1740,G178325_PS_04
12.0,1741,G178325_PS_07
12.0,1742,G178325_PS_07
12.0,1743,G178325_PS_04
12.0,1744,G178325_PS_09
12.0,1745,G178325_PS_04
12.0,1746,G178325_PS_07
12.0,1747,G178325_PS_09
12.0,1748,G178325_PS_04
12.0,1749,G178325_PS_07
12.0,1750,G178325_PS_04
12.0,1751,G178325_PS_04
12.0,1752,G178325_PS_06
12.0,1753,G178325_PS_07
12.0,1754,G178325_PS_07
12.0,1755,G178325_PS_07
12.0,1756,G178325_PS_04
12.0,1757,G178325_PS_04
12.0,1758,G178325_PS_07
12.0,1759,G178325_PS_04
12.0,1760,G178325_PS_04
12.0,1761,G178325_PS_05
12.0,1762,G178325_PS_04
12.0,1763,G178325_PS_06
12.0,1764,G178325_PS_04
12.0,1765,G178325_PS_05
12.0,1766,G178325_PS_06
12.0,1767,G178325_PS_07
12.0,1768,G178325_PS_04
12.0,1769,G178325_PS_04
12.0,1770,G178325_PS_04
12.0,1771,G178325_PS_05
12.0,1772,G178325_PS_05
12.0,1773,G178325_PS_06
12.0,1774,G178325_PS_07
12.0,1775,G178325_PS_04
12.0,1776,G178325_PS_05
12.0,1777,G178325_PS_04
12.0,1778,G178325_PS_07
12.0,1779,G178325_PS_05
12.0,1780,G178325_PS_07
12.0,1781,G178325_PS_06
12.0,1782,G178325_PS_05
12.0,1783,G178325_PS_07
12.0,1784,G178325_PS_04
12.0,1785,G178325_PS_04
12.0,1786,G178325_PS_04
12.0,1787,G178325_PS_05
12.0,1788,G178325_PS_04
12.0,1789,G178325_PS_07
12.0,1790,G178325_PS_06
12.0,1791,G178325_PS_04
12.0,1792,G178325_PS_05
12.0,1793,G178325_PS_05
12.0,1794,G178325_PS_04
12.0,1795,G178325_PS_05
12.0,1796,G178325_PS_07
12.0,1797,G178325_PS_05
12.0,1798,G178325_PS_04
12.0,1799,G178325_PS_07
12.0,1800,G178325_PS_04
12.0,1801,G178325_PS_05
12.0,1802,G178325_PS_04
12.0,1803,G178325_PS_07
12.0,1804,G178325_PS_04
12.0,1805,G178325_PS_04
12.0,1806,G178325_PS_04
12.0,1807,G178325_PS_04
12.0,1808,G178325_PS_07
12.0,1809,G178325_PS_07
12.0,1810,G178325_PS_04
12.0,1811,G178325_PS_05
12.0,1812,G178325_PS_04
12.0,1813,G178325_PS_04
12.0,1814,G178325_PS_04
12.0,1815,G178325_PS_05
12.0,1816,G178325_PS_09
12.0,1817,G178325_PS_07
12.0,1818,G178325_PS_07
12.0,1819,G178325_PS_07
12.0,1820,G178325_PS_04
12.0,1821,G178325_PS_06
12.0,1822,G178325_PS_07
12.0,1823,G178325_PS_06
12.0,1824,G178325_PS_07
12.0,1825,G178325_PS_04
12.0,1826,G178325_PS_04
12.0,1827,G178325_PS_04
12.0,1828,G178325_PS_07
12.0,1829,G178325_PS_04
12.0,1830,G178325_PS_06
12.0,1831,G178325_PS_04
12.0,1832,G178325_PS_06
12.0,1833,G178325_PS_04
12.0,1834,G178325_PS_05
12.0,1835,G178325_PS_07
12.0,1836,G178325_PS_04
12.0,1837,G178325_PS_04
12.0,1838,G178325_PS_04
12.0,1839,G178325_PS_05
12.0,1840,G178325_PS_07
12.0,1841,G178325_PS_09
12.0,1842,G178325_PS_06
12.0,1843,G178325_PS_05
12.0,1844,G178325_PS_04
12.0,1845,G178325_PS_07
12.0,1846,G178325_PS_04
12.0,1847,G178325_PS_09
12.0,1848,G178325_PS_09
12.0,1849,G178325_PS_04
12.0,1850,G178325_PS_04
12.0,1851,G178325_PS_06
12.0,1852,G178325_PS_05
12.0,1853,G178325_PS_06
12.0,1854,G178325_PS_04
12.0,1855,G178325_PS_06
12.0,1856,G178325_PS_04
12.0,1857,G178325_PS_05
12.0,1858,G178325_PS_07
12.0,1859,G178325_PS_04
12.0,1860,G178325_PS_05
12.0,1861,G178325_PS_09
12.0,1862,G178325_PS_05
12.0,1863,G178325_PS_09
12.0,1864,G178325_PS_07
12.0,1865,G178325_PS_04
12.0,1866,G178325_PS_04
12.0,1867,G178325_PS_04
12.0,1868,G178325_PS_07
12.0,1869,G178325_PS_04
12.0,1870,G178325_PS_09
12.0,1871,G178325_PS_07
12.0,1872,G178325_PS_04
12.0,1873,G178325_PS_07
12.0,1874,G178325_PS_07
12.0,1875,G178325_PS_07
12.0,1876,G178325_PS_04
12.0,1877,G178325_PS_04
12.0,1878,G178325_PS_07
12.0,1879,G178325_PS_04
12.0,1880,G178325_PS_07
12.0,1881,G178325_PS_06
12.0,1882,G178325_PS_06
12.0,1883,G178325_PS_04
12.0,1884,G178325_PS_04
12.0,1885,G178325_PS_04
12.0,1886,G178325_PS_05
12.0,1887,G178325_PS_04
12.0,1888,G178325_PS_07
12.0,1889,G178325_PS_04
12.0,1890,G178325_PS_07
12.0,1891,G178325_PS_06
12.0,1892,G178325_PS_06
12.0,1893,G178325_PS_07
12.0,1894,G178325_PS_04
12.0,1895,G178325_PS_04
12.0,1896,G178325_PS_04
12.0,1897,G178325_PS_04
12.0,1898,G178325_PS_04
12.0,1899,G178325_PS_05
12.0,1900,G178325_PS_07
12.0,1901,G178325_PS_04
12.0,1902,G178325_PS_04
12.0,1903,G178325_PS_04
12.0,1904,G178325_PS_06
12.0,1905,G178325_PS_04
12.0,1906,G178325_PS_05
12.0,1907,G178325_PS_04
12.0,1908,G178325_PS_04
12.0,1909,G178325_PS_07
12.0,1910,G178325_PS_04
12.0,1911,G178325_PS_05
12.0,1912,G178325_PS_04
12.0,1913,G178325_PS_04
12.0,1914,G178325_PS_05
12.0,1915,G178325_PS_06
12.0,1916,G178325_PS_04
12.0,1917,G178325_PS_05
12.0,1918,G178325_PS_04
12.0,1919,G178325_PS_07
12.0,1920,G178325_PS_05
12.0,1921,G178325_PS_05
12.0,1922,G178325_PS_04
12.0,1923,G178325_PS_04
12.0,1924,G178325_PS_04
12.0,1925,G178325_PS_04
12.0,1926,G178325_PS_07
12.0,1927,G178325_PS_06
12.0,1928,G178325_PS_07
12.0,1929,G178325_PS_04
12.0,1930,G178325_PS_04
12.0,1931,G178325_PS_05
12.0,1932,G178325_PS_05
12.0,1933,G178325_PS_04
12.0,1934,G178325_PS_05
12.0,1935,G178325_PS_04
12.0,1936,G178325_PS_06
12.0,1937,G178325_PS_05
12.0,1938,G178325_PS_07
12.0,1939,G178325_PS_06
12.0,1940,G178325_PS_05
12.0,1941,G178325_PS_04
12.0,1942,G178325_PS_05
12.0,1943,G178325_PS_05
12.0,1944,G178325_PS_07
12.0,1945,G178325_PS_04
12.0,1946,G178325_PS_06
12.0,1947,G178325_PS_04
12.0,1948,G178325_PS_05
12.0,1949,G178325_PS_05
12.0,1950,G178325_PS_07
12.0,1951,G178325_PS_07
12.0,1952,G178325_PS_07
12.0,1953,G178325_PS_04
12.0,1954,G178325_PS_07
12.0,1955,G178325_PS_06
12.0,1956,G178325_PS_04
12.0,1957,G178325_PS_06
12.0,1958,G178325_PS_04
12.0,1959,G178325_PS_06
12.0,1960,G178325_PS_07
12.0,1961,G178325_PS_04
12.0,1962,G178325_PS_07
12.0,1963,G178325_PS_04
12.0,1964,G178325_PS_04
12.0,1965,G178325_PS_05
12.0,1966,G178325_PS_05
12.0,1967,G178325_PS_07
12.0,1968,G178325_PS_06
12.0,1969,G178325_PS_06
12.0,1970,G178325_PS_04
12.0,1971,G178325_PS_04
12.0,1972,G178325_PS_04
12.0,1973,G178325_PS_04
12.0,1974,G178325_PS_04
12.0,1975,G178325_PS_04
12.0,1976,G178325_PS_07
12.0,1977,G178325_PS_04
12.0,1978,G178325_PS_04
12.0,1979,G178325_PS_07
12.0,1980,G178325_PS_07
12.0,1981,G178325_PS_04
12.0,1982,G178325_PS_06
12.0,1983,G178325_PS_05
12.0,1984,G178325_PS_04
12.0,1985,G178325_PS_07
12.0,1986,G178325_PS_04
12.0,1987,G178325_PS_05
12.0,1988,G178325_PS_07
12.0,1989,G178325_PS_04
12.0,1990,G178325_PS_04
12.0,1991,G178325_PS_05
12.0,1992,G178325_PS_07
12.0,1993,G178325_PS_04
12.0,1994,G178325_PS_05
12.0,1995,G178325_PS_04
12.0,1996,G178325_PS_07
12.0,1997,G178325_PS_07
12.0,1998,G178325_PS_07
12.0,1999,G178325_PS_04
16.0,0,G178325_PS_04
16.0,1,G178325_PS_06
16.0,2,G178325_PS_05
16.0,3,G178325_PS_05
16.0,4,G178325_PS_07
16.0,5,G178325_PS_06
16.0,6,G178325_PS_06
16.0,7,G178325_PS_06
16.0,8,G178325_PS_06
16.0,9,G178325_PS_05
16.0,10,G178325_PS_06
16.0,11,G178325_PS_07
16.0,12,G178325_PS_07
16.0,13,G178325_PS_06
16.0,14,G178325_PS_06
16.0,15,G178325_PS_06
16.0,16,G178325_PS_04
16.0,17,G178325_PS_05
16.0,18,G178325_PS_07
16.0,19,G178325_PS_07
16.0,20,G178325_PS_07
16.0,21,G178325_PS_06
16.0,22,G178325_PS_07
16.0,23,G178325_PS_05
16.0,24,G178325_PS_05
16.0,25,G178325_PS_05
16.0,26,G178325_PS_05
16.0,27,G178325_PS_05
16.0,28,G178325_PS_07
16.0,29,G178325_PS_06
16.0,30,G178325_PS_07
16.0,31,G178325_PS_06
16.0,32,G178325_PS_04
16.0,33,G178325_PS_05
16.0,34,G178325_PS_06
16.0,35,G178325_PS_07
16.0,36,G178325_PS_04
16.0,37,G178325_PS_04
16.0,38,G178325_PS_07
16.0,39,G178325_PS_07
16.0,40,G178325_PS_06
16.0,41,G178325_PS_05
16.0,42,G178325_PS_05
16.0,43,G178325_PS_05
16.0,44,G178325_PS_06
16.0,45,G178325_PS_04
16.0,46,G178325_PS_07
16.0,47,G178325_PS_06
16.0,48,G178325_PS_07
16.0,49,G178325_PS_05
16.0,50,G178325_PS_05
16.0,51,G178325_PS_07
16.0,52,G178325_PS_07
16.0,53,G178325_PS_07
16.0,54,G178325_PS_07
16.0,55,G178325_PS_05
16.0,56,G178325_PS_06
16.0,57,G178325_PS_04
16.0,58,G178325_PS_07
16.0,59,G178325_PS_04
16.0,60,G178325_PS_06
16.0,61,G178325_PS_06
16.0,62,G178325_PS_04
16.0,63,G178325_PS_06
16.0,64,G178325_PS_07
16.0,65,G178325_PS_05
16.0,66,G178325_PS_06
16.0,67,G178325_PS_04
16.0,68,G178325_PS_07
16.0,69,G178325_PS_04
16.0,70,G178325_PS_05
16.0,71,G178325_PS_06
16.0,72,G178325_PS_04
16.0,73,G178325_PS_07
16.0,74,G178325_PS_06
16.0,75,G178325_PS_06
16.0,76,G178325_PS_07
16.0,77,G178325_PS_05
16.0,78,G178325_PS_06
16.0,79,G178325_PS_07
16.0,80,G178325_PS_05
16.0,81,G178325_PS_06
16.0,82,G178325_PS_07
16.0,83,G178325_PS_05
16.0,84,G178325_PS_04
16.0,85,G178325_PS_06
16.0,86,G178325_PS_06
16.0,87,G178325_PS_06
16.0,88,G178325_PS_06
16.0,89,G178325_PS_06
16.0,90,G178325_PS_07
16.0,91,G178325_PS_06
16.0,92,G178325_PS_06
16.0,93,G178325_PS_06
16.0,94,G178325_PS_06
16.0,95,G178325_PS_06
16.0,96,G178325_PS_06
16.0,97,G178325_PS_07
16.0,98,G178325_PS_06
16.0,99,G178325_PS_06
16.0,100,G178325_PS_04
16.0,101,G178325_PS_07
16.0,102,G178325_PS_09
16.0,103,G178325_PS_06
16.0,104,G178325_PS_05
16.0,105,G178325_PS_07
16.0,106,G178325_PS_05
16.0,107,G178325_PS_06
16.0,108,G178325_PS_07
16.0,109,G178325_PS_06
16.0,110,G178325_PS_07
16.0,111,G178325_PS_04
16.0,112,G178325_PS_06
16.0,113,G178325_PS_05
16.0,114,G178325_PS_06
16.0,115,G178325_PS_06
16.0,116,G178325_PS_05
16.0,117,G178325_PS_06
16.0,118,G178325_PS_07
16.0,119,G178325_PS_06
16.0,120,G178325_PS_07
16.0,121,G178325_PS_07
16.0,122,G178325_PS_05
16.0,123,G178325_PS_07
16.0,124,G178325_PS_07
16.0,125,G178325_PS_05
16.0,126,G178325_PS_05
16.0,127,G178325_PS_07
16.0,128,G178325_PS_09
16.0,129,G178325_PS_07
16.0,130,G178325_PS_05
16.0,131,G178325_PS_06
16.0,132,G178325_PS_06
16.0,133,G178325_PS_07
16.0,134,G178325_PS_04
16.0,135,G178325_PS_07
16.0,136,G178325_PS_06
16.0,137,G178325_PS_07
16.0,138,G178325_PS_04
16.0,139,G178325_PS_07
16.0,140,G178325_PS_06
16.0,141,G178325_PS_06
16.0,142,G178325_PS_09
16.0,143,G178325_PS_06
16.0,144,G178325_PS_06
16.0,145,G178325_PS_05
16.0,146,G178325_PS_06
16.0,147,G178325_PS_06
16.0,148,G178325_PS_09
16.0,149,G178325_PS_07
16.0,150,G178325_PS_06
16.0,151,G178325_PS_06
16.0,152,G178325_PS_05
16.0,153,G178325_PS_05
16.0,154,G178325_PS_04
16.0,155,G178325_PS_05
16.0,156,G178325_PS_06
16.0,157,G178325_PS_05
16.0,158,G178325_PS_07
16.0,159,G178325_PS_05
16.0,160,G178325_PS_06
16.0,161,G178325_PS_09
16.0,162,G178325_PS_06
16.0,163,G178325_PS_06
16.0,164,G178325_PS_05
16.0,165,G178325_PS_04
16.0,166,G178325_PS_06
16.0,167,G178325_PS_09
16.0,168,G178325_PS_06
16.0,169,G178325_PS_06
16.0,170,G178325_PS_06
16.0,171,G178325_PS_09
16.0,172,G178325_PS_04
16.0,173,G178325_PS_05
16.0,174,G178325_PS_06
16.0,175,G178325_PS_04
16.0,176,G178325_PS_07
16.0,177,G178325_PS_06
16.0,178,G178325_PS_07
16.0,179,G178325_PS_06
16.0,180,G178325_PS_05
16.0,181,G178325_PS_05
16.0,182,G178325_PS_07
16.0,183,G178325_PS_06
16.0,184,G178325_PS_06
16.0,185,G178325_PS_06
16.0,186,G178325_PS_05
16.0,187,G178325_PS_04
16.0,188,G178325_PS_05
16.0,189,G178325_PS_07
16.0,190,G178325_PS_07
16.0,191,G178325_PS_06
16.0,192,G178325_PS_07
16.0,193,G178325_PS_05
16.0,194,G178325_PS_06
16.0,195,G178325_PS_06
16.0,196,G178325_PS_04
16.0,197,G178325_PS_05
16.0,198,G178325_PS_06
16.0,199,G178325_PS_05
16.0,200,G178325_PS_05
16.0,201,G178325_PS_06
16.0,202,G178325_PS_07
16.0,203,G178325_PS_05
16.0,204,G178325_PS_07
16.0,205,G178325_PS_06
16.0,206,G178325_PS_07
16.0,207,G178325_PS_05
16.0,208,G178325_PS_06
16.0,209,G178325_PS_05
16.0,210,G178325_PS_06
16.0,211,G178325_PS_09
16.0,212,G178325_PS_06
16.0,213,G178325_PS_06
16.0,214,G178325_PS_06
16.0,215,G178325_PS_06
16.0,216,G178325_PS_06
16.0,217,G178325_PS_05
16.0,218,G178325_PS_05
16.0,219,G178325_PS_07
16.0,220,G178325_PS_04
16.0,221,G178325_PS_07
16.0,222,G178325_PS_04
16.0,223,G178325_PS_05
16.0,224,G178325_PS_07
16.0,225,G178325_PS_06
16.0,226,G178325_PS_06
16.0,227,G178325_PS_06
16.0,228,G178325_PS_06
16.0,229,G178325_PS_04
16.0,230,G178325_PS_06
16.0,231,G178325_PS_07
16.0,232,G178325_PS_06
16.0,233,G178325_PS_05
16.0,234,G178325_PS_06
16.0,235,G178325_PS_06
16.0,236,G178325_PS_06
16.0,237,G178325_PS_07
16.0,238,G178325_PS_05
16.0,239,G178325_PS_09
16.0,240,G178325_PS_07
16.0,241,G178325_PS_09
16.0,242,G178325_PS_09
16.0,243,G178325_PS_09
16.0,244,G178325_PS_05
16.0,245,G178325_PS_09
16.0,246,G178325_PS_06
16.0,247,G178325_PS_06
16.0,248,G178325_PS_06
16.0,249,G178325_PS_07
16.0,250,G178325_PS_06
16.0,251,G178325_PS_06
16.0,252,G178325_PS_07
16.0,253,G178325_PS_06
16.0,254,G178325_PS_05
16.0,255,G178325_PS_05
16.0,256,G178325_PS_04
16.0,257,G178325_PS_04
16.0,258,G178325_PS_05
16.0,259,G178325_PS_07
16.0,260,G178325_PS_06
16.0,261,G178325_PS_07
16.0,262,G178325_PS_07
16.0,263,G178325_PS_06
16.0,264,G178325_PS_07
16.0,265,G178325_PS_06
16.0,266,G178325_PS_04
16.0,267,G178325_PS_06
16.0,268,G178325_PS_04
16.0,269,G178325_PS_06
16.0,270,G178325_PS_06
16.0,271,G178325_PS_07
16.0,272,G178325_PS_04
16.0,273,G178325_PS_07
16.0,274,G178325_PS_09
16.0,275,G178325_PS_07
16.0,276,G178325_PS_05
16.0,277,G178325_PS_06
16.0,278,G178325_PS_06
16.0,279,G178325_PS_07
16.0,280,G178325_PS_06
16.0,281,G178325_PS_07
16.0,282,G178325_PS_06
16.0,283,G178325_PS_07
16.0,284,G178325_PS_07
16.0,285,G178325_PS_06
16.0,286,G178325_PS_07
16.0,287,G178325_PS_05
16.0,288,G178325_PS_06
16.0,289,G178325_PS_06
16.0,290,G178325_PS_09
16.0,291,G178325_PS_07
16.0,292,G178325_PS_06
16.0,293,G178325_PS_07
16.0,294,G178325_PS_07
16.0,295,G178325_PS_05
16.0,296,G178325_PS_05
16.0,297,G178325_PS_06
16.0,298,G178325_PS_04
16.0,299,G178325_PS_05
16.0,300,G178325_PS_07
16.0,301,G178325_PS_05
16.0,302,G178325_PS_06
16.0,303,G178325_PS_06
16.0,304,G178325_PS_07
16.0,305,G178325_PS_07
16.0,306,G178325_PS_04
16.0,307,G178325_PS_04
16.0,308,G178325_PS_04
16.0,309,G178325_PS_07
16.0,310,G178325_PS_06
16.0,311,G178325_PS_06
16.0,312,G178325_PS_07
16.0,313,G178325_PS_06
16.0,314,G178325_PS_07
16.0,315,G178325_PS_06
16.0,316,G178325_PS_07
16.0,317,G178325_PS_07
16.0,318,G178325_PS_07
16.0,319,G178325_PS_06
16.0,320,G178325_PS_06
16.0,321,G178325_PS_07
16.0,322,G178325_PS_06
16.0,323,G178325_PS_06
16.0,324,G178325_PS_07
16.0,325,G178325_PS_07
16.0,326,G178325_PS_06
16.0,327,G178325_PS_04
16.0,328,G178325_PS_06
16.0,329,G178325_PS_06
16.0,330,G178325_PS_05
16.0,331,G178325_PS_06
16.0,332,G178325_PS_05
16.0,333,G178325_PS_06
16.0,334,G178325_PS_06
16.0,335,G178325_PS_07
16.0,336,G178325_PS_06
16.0,337,G178325_PS_06
16.0,338,G178325_PS_06
16.0,339,G178325_PS_04
16.0,340,G178325_PS_07
16.0,341,G178325_PS_04
16.0,342,G178325_PS_06
16.0,343,G178325_PS_06
16.0,344,G178325_PS_07
16.0,345,G178325_PS_05
16.0,346,G178325_PS_06
16.0,347,G178325_PS_05
16.0,348,G178325_PS_04
16.0,349,G178325_PS_06
16.0,350,G178325_PS_04
16.0,351,G178325_PS_07
16.0,352,G178325_PS_05
16.0,353,G178325_PS_05
16.0,354,G178325_PS_07
16.0,355,G178325_PS_07
16.0,356,G178325_PS_07
16.0,357,G178325_PS_06
16.0,358,G178325_PS_06
16.0,359,G178325_PS_07
16.0,360,G178325_PS_07
16.0,361,G178325_PS_06
16.0,362,G178325_PS_06
16.0,363,G178325_PS_07
16.0,364,G178325_PS_09
16.0,365,G178325_PS_05
16.0,366,G178325_PS_06
16.0,367,G178325_PS_06
16.0,368,G178325_PS_07
16.0,369,G178325_PS_06
16.0,370,G178325_PS_04
16.0,371,G178325_PS_06
16.0,372,G178325_PS_06
16.0,373,G178325_PS_06
16.0,374,G178325_PS_04
16.0,375,G178325_PS_06
16.0,376,G178325_PS_05
16.0,377,G178325_PS_07
16.0,378,G178325_PS_06
16.0,379,G178325_PS_07
16.0,380,G178325_PS_06
16.0,381,G178325_PS_07
16.0,382,G178325_PS_06
16.0,383,G178325_PS_06
16.0,384,G178325_PS_06
16.0,385,G178325_PS_07
16.0,386,G178325_PS_06
16.0,387,G178325_PS_06
16.0,388,G178325_PS_06
16.0,389,G178325_PS_06
16.0,390,G178325_PS_06
16.0,391,G178325_PS_06
16.0,392,G178325_PS_06
16.0,393,G178325_PS_06
16.0,394,G178325_PS_06
16.0,395,G178325_PS_06
16.0,396,G178325_PS_07
16.0,397,G178325_PS_06
16.0,398,G178325_PS_06
16.0,399,G178325_PS_06
16.0,400,G178325_PS_06
16.0,401,G178325_PS_06
16.0,402,G178325_PS_06
16.0,403,G178325_PS_06
16.0,404,G178325_PS_05
16.0,405,G178325_PS_06
16.0,406,G178325_PS_09
16.0,407,G178325_PS_05
16.0,408,G178325_PS_06
16.0,409,G178325_PS_04
16.0,410,G178325_PS_06
16.0,411,G178325_PS_06
16.0,412,G178325_PS_06
16.0,413,G178325_PS_06
16.0,414,G178325_PS_05
16.0,415,G178325_PS_04
16.0,416,G178325_PS_07
16.0,417,G178325_PS_05
16.0,418,G178325_PS_07
16.0,419,G178325_PS_06
16.0,420,G178325_PS_06
16.0,421,G178325_PS_06
16.0,422,G178325_PS_09
16.0,423,G178325_PS_07
16.0,424,G178325_PS_06
16.0,425,G178325_PS_09
16.0,426,G178325_PS_06
16.0,427,G178325_PS_05
16.0,428,G178325_PS_07
16.0,429,G178325_PS_06
16.0,430,G178325_PS_06
16.0,431,G178325_PS_05
16.0,432,G178325_PS_09
16.0,433,G178325_PS_06
16.0,434,G178325_PS_07
16.0,435,G178325_PS_04
16.0,436,G178325_PS_05
16.0,437,G178325_PS_05
16.0,438,G178325_PS_06
16.0,439,G178325_PS_04
16.0,440,G178325_PS_06
16.0,441,G178325_PS_06
16.0,442,G178325_PS_05
16.0,443,G178325_PS_06
16.0,444,G178325_PS_05
16.0,445,G178325_PS_05
16.0,446,G178325_PS_06
16.0,447,G178325_PS_04
16.0,448,G178325_PS_05
16.0,449,G178325_PS_07
16.0,450,G178325_PS_05
16.0,451,G178325_PS_04
16.0,452,G178325_PS_09
16.0,453,G178325_PS_06
16.0,454,G178325_PS_09
16.0,455,G178325_PS_07
16.0,456,G178325_PS_05
16.0,457,G178325_PS_07
16.0,458,G178325_PS_05
16.0,459,G178325_PS_06
16.0,460,G178325_PS_07
16.0,461,G178325_PS_07
16.0,462,G178325_PS_06
16.0,463,G178325_PS_06
16.0,464,G178325_PS_04
16.0,465,G178325_PS_04
16.0,466,G178325_PS_07
16.0,467,G178325_PS_05
16.0,468,G178325_PS_06
16.0,469,G178325_PS_07
16.0,470,G178325_PS_05
16.0,471,G178325_PS_04
16.0,472,G178325_PS_07
16.0,473,G178325_PS_06
16.0,474,G178325_PS_07
16.0,475,G178325_PS_07
16.0,476,G178325_PS_06
16.0,477,G178325_PS_06
16.0,478,G178325_PS_07
16.0,479,G178325_PS_06
16.0,480,G178325_PS_05
16.0,481,G178325_PS_05
16.0,482,G178325_PS_07
16.0,483,G178325_PS_06
16.0,484,G178325_PS_06
16.0,485,G178325_PS_06
16.0,486,G178325_PS_06
16.0,487,G178325_PS_06
16.0,488,G178325_PS_04
16.0,489,G178325_PS_04
16.0,490,G178325_PS_06
16.0,491,G178325_PS_06
16.0,492,G178325_PS_06
16.0,493,G178325_PS_05
16.0,494,G178325_PS_06
16.0,495,G178325_PS_06
16.0,496,G178325_PS_05
16.0,497,G178325_PS_06
16.0,498,G178325_PS_09
16.0,499,G178325_PS_06
16.0,500,G178325_PS_06
16.0,501,G178325_PS_05
16.0,502,G178325_PS_07
16.0,503,G178325_PS_07
16.0,504,G178325_PS_07
16.0,505,G178325_PS_05
16.0,506,G178325_PS_07
16.0,507,G178325_PS_06
16.0,508,G178325_PS_04
16.0,509,G178325_PS_07
16.0,510,G178325_PS_06
16.0,511,G178325_PS_05
16.0,512,G178325_PS_07
16.0,513,G178325_PS_06
16.0,514,G178325_PS_06
16.0,515,G178325_PS_06
16.0,516,G178325_PS_06
16.0,517,G178325_PS_06
16.0,518,G178325_PS_04
16.0,519,G178325_PS_06
16.0,520,G178325_PS_06
16.0,521,G178325_PS_04
16.0,522,G178325_PS_05
16.0,523,G178325_PS_07
16.0,524,G178325_PS_07
16.0,525,G178325_PS_06
16.0,526,G178325_PS_05
16.0,527,G178325_PS_04
16.0,528,G178325_PS_07
16.0,529,G178325_PS_06
16.0,530,G178325_PS_06
16.0,531,G178325_PS_04
16.0,532,G178325_PS_05
16.0,533,G178325_PS_06
16.0,534,G178325_PS_06
16.0,535,G178325_PS_06
16.0,536,G178325_PS_06
16.0,537,G178325_PS_07
16.0,538,G178325_PS_04
16.0,539,G178325_PS_05
16.0,540,G178325_PS_07
16.0,541,G178325_PS_06
16.0,542,G178325_PS_07
16.0,543,G178325_PS_06
16.0,544,G178325_PS_07
16.0,545,G178325_PS_04
16.0,546,G178325_PS_05
16.0,547,G178325_PS_07
16.0,548,G178325_PS_06
16.0,549,G178325_PS_04
16.0,550,G178325_PS_06
16.0,551,G178325_PS_06
16.0,552,G178325_PS_09
16.0,553,G178325_PS_06
16.0,554,G178325_PS_06
16.0,555,G178325_PS_05
16.0,556,G178325_PS_07
16.0,557,G178325_PS_05
16.0,558,G178325_PS_05
16.0,559,G178325_PS_07
16.0,560,G178325_PS_06
16.0,561,G178325_PS_07
16.0,562,G178325_PS_06
16.0,563,G178325_PS_04
16.0,564,G178325_PS_06
16.0,565,G178325_PS_07
16.0,566,G178325_PS_06
16.0,567,G178325_PS_06
16.0,568,G178325_PS_07
16.0,569,G178325_PS_07
16.0,570,G178325_PS_06
16.0,571,G178325_PS_05
16.0,572,G178325_PS_07
16.0,573,G178325_PS_06
16.0,574,G178325_PS_07
16.0,575,G178325_PS_05
16.0,576,G178325_PS_05
16.0,577,G178325_PS_09
16.0,578,G178325_PS_04
16.0,579,G178325_PS_04
16.0,580,G178325_PS_07
16.0,581,G178325_PS_06
16.0,582,G178325_PS_07
16.0,583,G178325_PS_06
16.0,584,G178325_PS_07
16.0,585,G178325_PS_05
16.0,586,G178325_PS_06
16.0,587,G178325_PS_06
16.0,588,G178325_PS_05
16.0,589,G178325_PS_05
16.0,590,G178325_PS_05
16.0,591,G178325_PS_06
16.0,592,G178325_PS_06
16.0,593,G178325_PS_05
16.0,594,G178325_PS_05
16.0,595,G178325_PS_06
16.0,596,G178325_PS_07
16.0,597,G178325_PS_04
16.0,598,G178325_PS_07
16.0,599,G178325_PS_09
16.0,600,G178325_PS_06
16.0,601,G178325_PS_04
16.0,602,G178325_PS_06
16.0,603,G178325_PS_07
16.0,604,G178325_PS_07
16.0,605,G178325_PS_07
16.0,606,G178325_PS_07
16.0,607,G178325_PS_09
16.0,608,G178325_PS_07
16.0,609,G178325_PS_07
16.0,610,G178325_PS_05
16.0,611,G178325_PS_07
16.0,612,G178325_PS_05
16.0,613,G178325_PS_07
16.0,614,G178325_PS_05
16.0,615,G178325_PS_04
16.0,616,G178325_PS_09
16.0,617,G178325_PS_04
16.0,618,G178325_PS_05
16.0,619,G178325_PS_09
16.0,620,G178325_PS_07
16.0,621,G178325_PS_06
16.0,622,G178325_PS_06
16.0,623,G178325_PS_07
16.0,624,G178325_PS_04
16.0,625,G178325_PS_06
16.0,626,G178325_PS_05
16.0,627,G178325_PS_06
16.0,628,G178325_PS_06
16.0,629,G178325_PS_07
16.0,630,G178325_PS_06
16.0,631,G178325_PS_07
16.0,632,G178325_PS_06
16.0,633,G178325_PS_07
16.0,634,G178325_PS_05
16.0,635,G178325_PS_05
16.0,636,G178325_PS_07
16.0,637,G178325_PS_06
16.0,638,G178325_PS_04
16.0,639,G178325_PS_07
16.0,640,G178325_PS_06
16.0,641,G178325_PS_04
16.0,642,G178325_PS_06
16.0,643,G178325_PS_09
16.0,644,G178325_PS_07
16.0,645,G178325_PS_07
16.0,646,G178325_PS_07
16.0,647,G178325_PS_06
16.0,648,G178325_PS_05
16.0,649,G178325_PS_06
16.0,650,G178325_PS_07
16.0,651,G178325_PS_04
16.0,652,G178325_PS_06
16.0,653,G178325_PS_07
16.0,654,G178325_PS_06
16.0,655,G178325_PS_07
16.0,656,G178325_PS_06
16.0,657,G178325_PS_06
16.0,658,G178325_PS_06
16.0,659,G178325_PS_06
16.0,660,G178325_PS_06
16.0,661,G178325_PS_06
16.0,662,G178325_PS_06
16.0,663,G178325_PS_06
16.0,664,G178325_PS_04
16.0,665,G178325_PS_07
16.0,666,G178325_PS_07
16.0,667,G178325_PS_07
16.0,668,G178325_PS_07
16.0,669,G178325_PS_06
16.0,670,G178325_PS_07
16.0,671,G178325_PS_06
16.0,672,G178325_PS_05
16.0,673,G178325_PS_06
16.0,674,G178325_PS_06
16.0,675,G178325_PS_06
16.0,676,G178325_PS_06
16.0,677,G178325_PS_07
16.0,678,G178325_PS_05
16.0,679,G178325_PS_06
16.0,680,G178325_PS_04
16.0,681,G178325_PS_04
16.0,682,G178325_PS_06
16.0,683,G178325_PS_06
16.0,684,G178325_PS_06
16.0,685,G178325_PS_04
16.0,686,G178325_PS_06
16.0,687,G178325_PS_05
16.0,688,G178325_PS_07
16.0,689,G178325_PS_06
16.0,690,G178325_PS_05
16.0,691,G178325_PS_04
16.0,692,G178325_PS_06
16.0,693,G178325_PS_07
16.0,694,G178325_PS_04
16.0,695,G178325_PS_05
16.0,696,G178325_PS_05
16.0,697,G178325_PS_06
16.0,698,G178325_PS_06
16.0,699,G178325_PS_04
16.0,700,G178325_PS_06
16.0,701,G178325_PS_07
16.0,702,G178325_PS_09
16.0,703,G178325_PS_04
16.0,704,G178325_PS_07
16.0,705,G178325_PS_04
16.0,706,G178325_PS_06
16.0,707,G178325_PS_07
16.0,708,G178325_PS_09
16.0,709,G178325_PS_06
16.0,710,G178325_PS_07
16.0,711,G178325_PS_05
16.0,712,G178325_PS_06
16.0,713,G178325_PS_05
16.0,714,G178325_PS_07
16.0,715,G178325_PS_04
16.0,716,G178325_PS_04
16.0,717,G178325_PS_06
16.0,718,G178325_PS_06
16.0,719,G178325_PS_05
16.0,720,G178325_PS_05
16.0,721,G178325_PS_04
16.0,722,G178325_PS_09
16.0,723,G178325_PS_06
16.0,724,G178325_PS_07
16.0,725,G178325_PS_05
16.0,726,G178325_PS_06
16.0,727,G178325_PS_06
16.0,728,G178325_PS_06
16.0,729,G178325_PS_06
16.0,730,G178325_PS_06
16.0,731,G178325_PS_04
16.0,732,G178325_PS_05
16.0,733,G178325_PS_06
16.0,734,G178325_PS_05
16.0,735,G178325_PS_06
16.0,736,G178325_PS_06
16.0,737,G178325_PS_06
16.0,738,G178325_PS_06
16.0,739,G178325_PS_06
16.0,740,G178325_PS_06
16.0,741,G178325_PS_07
16.0,742,G178325_PS_06
16.0,743,G178325_PS_06
16.0,744,G178325_PS_06
16.0,745,G178325_PS_06
16.0,746,G178325_PS_05
16.0,747,G178325_PS_07
16.0,748,G178325_PS_05
16.0,749,G178325_PS_07
16.0,750,G178325_PS_06
16.0,751,G178325_PS_07
16.0,752,G178325_PS_05
16.0,753,G178325_PS_07
16.0,754,G178325_PS_07
16.0,755,G178325_PS_05
16.0,756,G178325_PS_06
16.0,757,G178325_PS_09
16.0,758,G178325_PS_07
16.0,759,G178325_PS_06
16.0,760,G178325_PS_04
16.0,761,G178325_PS_06
16.0,762,G178325_PS_07
16.0,763,G178325_PS_06
16.0,764,G178325_PS_05
16.0,765,G178325_PS_06
16.0,766,G178325_PS_06
16.0,767,G178325_PS_04
16.0,768,G178325_PS_06
16.0,769,G178325_PS_07
16.0,770,G178325_PS_05
16.0,771,G178325_PS_09
16.0,772,G178325_PS_05
16.0,773,G178325_PS_04
16.0,774,G178325_PS_05
16.0,775,G178325_PS_04
16.0,776,G178325_PS_07
16.0,777,G178325_PS_04
16.0,778,G178325_PS_04
16.0,779,G178325_PS_06
16.0,780,G178325_PS_06
16.0,781,G178325_PS_04
16.0,782,G178325_PS_06
16.0,783,G178325_PS_06
16.0,784,G178325_PS_09
16.0,785,G178325_PS_05
16.0,786,G178325_PS_09
16.0,787,G178325_PS_07
16.0,788,G178325_PS_06
16.0,789,G178325_PS_05
16.0,790,G178325_PS_07
16.0,791,G178325_PS_06
16.0,792,G178325_PS_07
16.0,793,G178325_PS_04
16.0,794,G178325_PS_06
16.0,795,G178325_PS_05
16.0,796,G178325_PS_05
16.0,797,G178325_PS_09
16.0,798,G178325_PS_06
16.0,799,G178325_PS_06
16.0,800,G178325_PS_07
16.0,801,G178325_PS_07
16.0,802,G178325_PS_04
16.0,803,G178325_PS_06
16.0,804,G178325_PS_05
16.0,805,G178325_PS_07
16.0,806,G178325_PS_05
16.0,807,G178325_PS_06
16.0,808,G178325_PS_04
16.0,809,G178325_PS_07
16.0,810,G178325_PS_05
16.0,811,G178325_PS_04
16.0,812,G178325_PS_05
16.0,813,G178325_PS_05
16.0,814,G178325_PS_06
16.0,815,G178325_PS_07
16.0,816,G178325_PS_07
16.0,817,G178325_PS_05
16.0,818,G178325_PS_07
16.0,819,G178325_PS_09
16.0,820,G178325_PS_04
16.0,821,G178325_PS_06
16.0,822,G178325_PS_05
16.0,823,G178325_PS_09
16.0,824,G178325_PS_07
16.0,825,G178325_PS_06
16.0,826,G178325_PS_05
16.0,827,G178325_PS_04
16.0,828,G178325_PS_05
16.0,829,G178325_PS_07
16.0,830,G178325_PS_07
16.0,831,G178325_PS_07
16.0,832,G178325_PS_07
16.0,833,G178325_PS_06
16.0,834,G178325_PS_05
16.0,835,G178325_PS_07
16.0,836,G178325_PS_07
16.0,837,G178325_PS_05
16.0,838,G178325_PS_04
16.0,839,G178325_PS_06
16.0,840,G178325_PS_06
16.0,841,G178325_PS_07
16.0,842,G178325_PS_05
16.0,843,G178325_PS_07
16.0,844,G178325_PS_04
16.0,845,G178325_PS_05
16.0,846,G178325_PS_07
16.0,847,G178325_PS_07
16.0,848,G178325_PS_06
16.0,849,G178325_PS_07
16.0,850,G178325_PS_04
16.0,851,G178325_PS_04
16.0,852,G178325_PS_06
16.0,853,G178325_PS_07
16.0,854,G178325_PS_07
16.0,855,G178325_PS_04
16.0,856,G178325_PS_06
16.0,857,G178325_PS_05
16.0,858,G178325_PS_07
16.0,859,G178325_PS_05
16.0,860,G178325_PS_05
16.0,861,G178325_PS_06
16.0,862,G178325_PS_05
16.0,863,G178325_PS_09
16.0,864,G178325_PS_06
16.0,865,G178325_PS_04
16.0,866,G178325_PS_06
16.0,867,G178325_PS_07
16.0,868,G178325_PS_05
16.0,869,G178325_PS_05
16.0,870,G178325_PS_06
16.0,871,G178325_PS_07
16.0,872,G178325_PS_05
16.0,873,G178325_PS_07
16.0,874,G178325_PS_07
16.0,875,G178325_PS_07
16.0,876,G178325_PS_07
16.0,877,G178325_PS_07
16.0,878,G178325_PS_05
16.0,879,G178325_PS_04
16.0,880,G178325_PS_07
16.0,881,G178325_PS_05
16.0,882,G178325_PS_04
16.0,883,G178325_PS_06
16.0,884,G178325_PS_06
16.0,885,G178325_PS_07
16.0,886,G178325_PS_04
16.0,887,G178325_PS_07
16.0,888,G178325_PS_05
16.0,889,G178325_PS_07
16.0,890,G178325_PS_07
16.0,891,G178325_PS_05
16.0,892,G178325_PS_06
16.0,893,G178325_PS_05
16.0,894,G178325_PS_07
16.0,895,G178325_PS_06
16.0,896,G178325_PS_05
16.0,897,G178325_PS_07
16.0,898,G178325_PS_09
16.0,899,G178325_PS_05
16.0,900,G178325_PS_05
16.0,901,G178325_PS_04
16.0,902,G178325_PS_06
16.0,903,G178325_PS_07
16.0,904,G178325_PS_05
16.0,905,G178325_PS_04
16.0,906,G178325_PS_06
16.0,907,G178325_PS_07
16.0,908,G178325_PS_06
16.0,909,G178325_PS_07
16.0,910,G178325_PS_04
16.0,911,G178325_PS_05
16.0,912,G178325_PS_06
16.0,913,G178325_PS_06
16.0,914,G178325_PS_09
16.0,915,G178325_PS_07
16.0,916,G178325_PS_07
16.0,917,G178325_PS_06
16.0,918,G178325_PS_06
16.0,919,G178325_PS_06
16.0,920,G178325_PS_06
16.0,921,G178325_PS_06
16.0,922,G178325_PS_06
16.0,923,G178325_PS_06
16.0,924,G178325_PS_07
16.0,925,G178325_PS_06
16.0,926,G178325_PS_06
16.0,927,G178325_PS_07
16.0,928,G178325_PS_05
16.0,929,G178325_PS_04
16.0,930,G178325_PS_06
16.0,931,G178325_PS_06
16.0,932,G178325_PS_04
16.0,933,G178325_PS_06
16.0,934,G178325_PS_06
16.0,935,G178325_PS_05
16.0,936,G178325_PS_09
16.0,937,G178325_PS_06
16.0,938,G178325_PS_05
16.0,939,G178325_PS_06
16.0,940,G178325_PS_06
16.0,941,G178325_PS_07
16.0,942,G178325_PS_06
16.0,943,G178325_PS_06
16.0,944,G178325_PS_05
16.0,945,G178325_PS_05
16.0,946,G178325_PS_04
16.0,947,G178325_PS_05
16.0,948,G178325_PS_07
16.0,949,G178325_PS_07
16.0,950,G178325_PS_05
16.0,951,G178325_PS_04
16.0,952,G178325_PS_05
16.0,953,G178325_PS_07
16.0,954,G178325_PS_04
16.0,955,G178325_PS_05
16.0,956,G178325_PS_06
16.0,957,G178325_PS_06
16.0,958,G178325_PS_05
16.0,959,G178325_PS_04
16.0,960,G178325_PS_05
16.0,961,G178325_PS_06
16.0,962,G178325_PS_05
16.0,963,G178325_PS_05
16.0,964,G178325_PS_06
16.0,965,G178325_PS_06
16.0,966,G178325_PS_04
16.0,967,G178325_PS_07
16.0,968,G178325_PS_07
16.0,969,G178325_PS_05
16.0,970,G178325_PS_10
16.0,971,G178325_PS_05
16.0,972,G178325_PS_05
16.0,973,G178325_PS_05
16.0,974,G178325_PS_06
16.0,975,G178325_PS_06
16.0,976,G178325_PS_06
16.0,977,G178325_PS_06
16.0,978,G178325_PS_07
16.0,979,G178325_PS_05
16.0,980,G178325_PS_07
16.0,981,G178325_PS_05
16.0,982,G178325_PS_05
16.0,983,G178325_PS_07
16.0,984,G178325_PS_06
16.0,985,G178325_PS_04
16.0,986,G178325_PS_04
16.0,987,G178325_PS_06
16.0,988,G178325_PS_05
16.0,989,G178325_PS_06
16.0,990,G178325_PS_05
16.0,991,G178325_PS_07
16.0,992,G178325_PS_06
16.0,993,G178325_PS_06
16.0,994,G178325_PS_04
16.0,995,G178325_PS_06
16.0,996,G178325_PS_06
16.0,997,G178325_PS_07
16.0,998,G178325_PS_07
16.0,999,G178325_PS_06
16.0,1000,G178325_PS_06
16.0,1001,G178325_PS_05
16.0,1002,G178325_PS_06
16.0,1003,G178325_PS_06
16.0,1004,G178325_PS_06
16.0,1005,G178325_PS_06
16.0,1006,G178325_PS_05
16.0,1007,G178325_PS_05
16.0,1008,G178325_PS_06
16.0,1009,G178325_PS_04
16.0,1010,G178325_PS_07
16.0,1011,G178325_PS_06
16.0,1012,G178325_PS_06
16.0,1013,G178325_PS_05
16.0,1014,G178325_PS_07
16.0,1015,G178325_PS_07
16.0,1016,G178325_PS_05
16.0,1017,G178325_PS_07
16.0,1018,G178325_PS_07
16.0,1019,G178325_PS_07
16.0,1020,G178325_PS_06
16.0,1021,G178325_PS_06
16.0,1022,G178325_PS_07
16.0,1023,G178325_PS_05
16.0,1024,G178325_PS_04
16.0,1025,G178325_PS_07
16.0,1026,G178325_PS_04
16.0,1027,G178325_PS_06
16.0,1028,G178325_PS_06
16.0,1029,G178325_PS_06
16.0,1030,G178325_PS_06
16.0,1031,G178325_PS_05
16.0,1032,G178325_PS_06
16.0,1033,G178325_PS_04
16.0,1034,G178325_PS_06
16.0,1035,G178325_PS_06
16.0,1036,G178325_PS_07
16.0,1037,G178325_PS_07
16.0,1038,G178325_PS_06
16.0,1039,G178325_PS_06
16.0,1040,G178325_PS_07
16.0,1041,G178325_PS_04
16.0,1042,G178325_PS_04
16.0,1043,G178325_PS_05
16.0,1044,G178325_PS_05
16.0,1045,G178325_PS_05
16.0,1046,G178325_PS_07
16.0,1047,G178325_PS_05
16.0,1048,G178325_PS_04
16.0,1049,G178325_PS_06
16.0,1050,G178325_PS_06
16.0,1051,G178325_PS_05
16.0,1052,G178325_PS_06
16.0,1053,G178325_PS_06
16.0,1054,G178325_PS_06
16.0,1055,G178325_PS_06
16.0,1056,G178325_PS_06
16.0,1057,G178325_PS_06
16.0,1058,G178325_PS_07
16.0,1059,G178325_PS_06
16.0,1060,G178325_PS_06
16.0,1061,G178325_PS_09
16.0,1062,G178325_PS_06
16.0,1063,G178325_PS_07
16.0,1064,G178325_PS_06
16.0,1065,G178325_PS_07
16.0,1066,G178325_PS_04
16.0,1067,G178325_PS_06
16.0,1068,G178325_PS_06
16.0,1069,G178325_PS_07
16.0,1070,G178325_PS_07
16.0,1071,G178325_PS_07
16.0,1072,G178325_PS_05
16.0,1073,G178325_PS_06
16.0,1074,G178325_PS_07
16.0,1075,G178325_PS_07
16.0,1076,G178325_PS_05
16.0,1077,G178325_PS_06
16.0,1078,G178325_PS_05
16.0,1079,G178325_PS_07
16.0,1080,G178325_PS_06
16.0,1081,G178325_PS_04
16.0,1082,G178325_PS_06
16.0,1083,G178325_PS_06
16.0,1084,G178325_PS_05
16.0,1085,G178325_PS_06
16.0,1086,G178325_PS_04
16.0,1087,G178325_PS_06
16.0,1088,G178325_PS_05
16.0,1089,G178325_PS_04
16.0,1090,G178325_PS_05
16.0,1091,G178325_PS_06
16.0,1092,G178325_PS_05
16.0,1093,G178325_PS_05
16.0,1094,G178325_PS_09
16.0,1095,G178325_PS_07
16.0,1096,G178325_PS_06
16.0,1097,G178325_PS_04
16.0,1098,G178325_PS_09
16.0,1099,G178325_PS_04
16.0,1100,G178325_PS_07
16.0,1101,G178325_PS_06
16.0,1102,G178325_PS_06
16.0,1103,G178325_PS_06
16.0,1104,G178325_PS_05
16.0,1105,G178325_PS_06
16.0,1106,G178325_PS_07
16.0,1107,G178325_PS_07
16.0,1108,G178325_PS_05
16.0,1109,G178325_PS_04
16.0,1110,G178325_PS_05
16.0,1111,G178325_PS_05
16.0,1112,G178325_PS_06
16.0,1113,G178325_PS_06
16.0,1114,G178325_PS_06
16.0,1115,G178325_PS_04
16.0,1116,G178325_PS_06
16.0,1117,G178325_PS_06
16.0,1118,G178325_PS_06
16.0,1119,G178325_PS_07
16.0,1120,G178325_PS_05
16.0,1121,G178325_PS_06
16.0,1122,G178325_PS_04
16.0,1123,G178325_PS_05
16.0,1124,G178325_PS_06
16.0,1125,G178325_PS_04
16.0,1126,G178325_PS_06
16.0,1127,G178325_PS_06
16.0,1128,G178325_PS_06
16.0,1129,G178325_PS_06
16.0,1130,G178325_PS_06
16.0,1131,G178325_PS_06
16.0,1132,G178325_PS_06
16.0,1133,G178325_PS_06
16.0,1134,G178325_PS_06
16.0,1135,G178325_PS_06
16.0,1136,G178325_PS_07
16.0,1137,G178325_PS_06
16.0,1138,G178325_PS_06
16.0,1139,G178325_PS_07
16.0,1140,G178325_PS_09
16.0,1141,G178325_PS_06
16.0,1142,G178325_PS_05
16.0,1143,G178325_PS_04
16.0,1144,G178325_PS_07
16.0,1145,G178325_PS_07
16.0,1146,G178325_PS_04
16.0,1147,G178325_PS_07
16.0,1148,G178325_PS_06
16.0,1149,G178325_PS_04
16.0,1150,G178325_PS_07
16.0,1151,G178325_PS_05
16.0,1152,G178325_PS_06
16.0,1153,G178325_PS_06
16.0,1154,G178325_PS_07
16.0,1155,G178325_PS_05
16.0,1156,G178325_PS_07
16.0,1157,G178325_PS_04
16.0,1158,G178325_PS_05
16.0,1159,G178325_PS_06
16.0,1160,G178325_PS_05
16.0,1161,G178325_PS_06
16.0,1162,G178325_PS_06
16.0,1163,G178325_PS_06
16.0,1164,G178325_PS_09
16.0,1165,G178325_PS_05
16.0,1166,G178325_PS_06
16.0,1167,G178325_PS_05
16.0,1168,G178325_PS_05
16.0,1169,G178325_PS_05
16.0,1170,G178325_PS_06
16.0,1171,G178325_PS_07
16.0,1172,G178325_PS_07
16.0,1173,G178325_PS_06
16.0,1174,G178325_PS_07
16.0,1175,G178325_PS_07
16.0,1176,G178325_PS_06
16.0,1177,G178325_PS_05
16.0,1178,G178325_PS_06
16.0,1179,G178325_PS_09
16.0,1180,G178325_PS_05
16.0,1181,G178325_PS_06
16.0,1182,G178325_PS_06
16.0,1183,G178325_PS_04
16.0,1184,G178325_PS_04
16.0,1185,G178325_PS_07
16.0,1186,G178325_PS_05
16.0,1187,G178325_PS_06
16.0,1188,G178325_PS_05
16.0,1189,G178325_PS_06
16.0,1190,G178325_PS_06
16.0,1191,G178325_PS_07
16.0,1192,G178325_PS_06
16.0,1193,G178325_PS_04
16.0,1194,G178325_PS_06
16.0,1195,G178325_PS_06
16.0,1196,G178325_PS_07
16.0,1197,G178325_PS_06
16.0,1198,G178325_PS_05
16.0,1199,G178325_PS_06
16.0,1200,G178325_PS_07
16.0,1201,G178325_PS_09
16.0,1202,G178325_PS_06
16.0,1203,G178325_PS_05
16.0,1204,G178325_PS_07
16.0,1205,G178325_PS_06
16.0,1206,G178325_PS_06
16.0,1207,G178325_PS_06
16.0,1208,G178325_PS_06
16.0,1209,G178325_PS_07
16.0,1210,G178325_PS_07
16.0,1211,G178325_PS_07
16.0,1212,G178325_PS_05
16.0,1213,G178325_PS_05
16.0,1214,G178325_PS_09
16.0,1215,G178325_PS_07
16.0,1216,G178325_PS_07
16.0,1217,G178325_PS_05
16.0,1218,G178325_PS_07
16.0,1219,G178325_PS_07
16.0,1220,G178325_PS_04
16.0,1221,G178325_PS_07
16.0,1222,G178325_PS_06
16.0,1223,G178325_PS_09
16.0,1224,G178325_PS_04
16.0,1225,G178325_PS_06
16.0,1226,G178325_PS_06
16.0,1227,G178325_PS_06
16.0,1228,G178325_PS_06
16.0,1229,G178325_PS_06
16.0,1230,G178325_PS_06
16.0,1231,G178325_PS_06
16.0,1232,G178325_PS_07
16.0,1233,G178325_PS_07
16.0,1234,G178325_PS_05
16.0,1235,G178325_PS_04
16.0,1236,G178325_PS_06
16.0,1237,G178325_PS_05
16.0,1238,G178325_PS_07
16.0,1239,G178325_PS_07
16.0,1240,G178325_PS_07
16.0,1241,G178325_PS_06
16.0,1242,G178325_PS_07
16.0,1243,G178325_PS_06
16.0,1244,G178325_PS_05
16.0,1245,G178325_PS_07
16.0,1246,G178325_PS_07
16.0,1247,G178325_PS_04
16.0,1248,G178325_PS_07
16.0,1249,G178325_PS_07
16.0,1250,G178325_PS_06
16.0,1251,G178325_PS_06
16.0,1252,G178325_PS_07
16.0,1253,G178325_PS_06
16.0,1254,G178325_PS_06
16.0,1255,G178325_PS_07
16.0,1256,G178325_PS_06
16.0,1257,G178325_PS_06
16.0,1258,G178325_PS_06
16.0,1259,G178325_PS_07
16.0,1260,G178325_PS_05
16.0,1261,G178325_PS_07
16.0,1262,G178325_PS_05
16.0,1263,G178325_PS_06
16.0,1264,G178325_PS_06
16.0,1265,G178325_PS_06
16.0,1266,G178325_PS_06
16.0,1267,G178325_PS_07
16.0,1268,G178325_PS_05
16.0,1269,G178325_PS_07
16.0,1270,G178325_PS_04
16.0,1271,G178325_PS_07
16.0,1272,G178325_PS_06
16.0,1273,G178325_PS_09
16.0,1274,G178325_PS_06
16.0,1275,G178325_PS_06
16.0,1276,G178325_PS_09
16.0,1277,G178325_PS_06
16.0,1278,G178325_PS_06
16.0,1279,G178325_PS_07
16.0,1280,G178325_PS_06
16.0,1281,G178325_PS_05
16.0,1282,G178325_PS_07
16.0,1283,G178325_PS_07
16.0,1284,G178325_PS_06
16.0,1285,G178325_PS_07
16.0,1286,G178325_PS_06
16.0,1287,G178325_PS_04
16.0,1288,G178325_PS_06
16.0,1289,G178325_PS_06
16.0,1290,G178325_PS_07
16.0,1291,G178325_PS_07
16.0,1292,G178325_PS_06
16.0,1293,G178325_PS_06
16.0,1294,G178325_PS_05
16.0,1295,G178325_PS_07
16.0,1296,G178325_PS_06
16.0,1297,G178325_PS_06
16.0,1298,G178325_PS_06
16.0,1299,G178325_PS_06
16.0,1300,G178325_PS_09
16.0,1301,G178325_PS_09
16.0,1302,G178325_PS_06
16.0,1303,G178325_PS_06
16.0,1304,G178325_PS_05
16.0,1305,G178325_PS_07
16.0,1306,G178325_PS_05
16.0,1307,G178325_PS_07
16.0,1308,G178325_PS_07
16.0,1309,G178325_PS_06
16.0,1310,G178325_PS_09
16.0,1311,G178325_PS_07
16.0,1312,G178325_PS_06
16.0,1313,G178325_PS_06
16.0,1314,G178325_PS_06
16.0,1315,G178325_PS_06
16.0,1316,G178325_PS_06
16.0,1317,G178325_PS_05
16.0,1318,G178325_PS_07
16.0,1319,G178325_PS_06
16.0,1320,G178325_PS_05
16.0,1321,G178325_PS_06
16.0,1322,G178325_PS_05
16.0,1323,G178325_PS_07
16.0,1324,G178325_PS_06
16.0,1325,G178325_PS_06
16.0,1326,G178325_PS_04
16.0,1327,G178325_PS_07
16.0,1328,G178325_PS_04
16.0,1329,G178325_PS_07
16.0,1330,G178325_PS_06
16.0,1331,G178325_PS_06
16.0,1332,G178325_PS_07
16.0,1333,G178325_PS_06
16.0,1334,G178325_PS_06
16.0,1335,G178325_PS_05
16.0,1336,G178325_PS_06
16.0,1337,G178325_PS_05
16.0,1338,G178325_PS_06
16.0,1339,G178325_PS_06
16.0,1340,G178325_PS_06
16.0,1341,G178325_PS_04
16.0,1342,G178325_PS_06
16.0,1343,G178325_PS_06
16.0,1344,G178325_PS_06
16.0,1345,G178325_PS_04
16.0,1346,G178325_PS_07
16.0,1347,G178325_PS_05
16.0,1348,G178325_PS_07
16.0,1349,G178325_PS_10
16.0,1350,G178325_PS_06
16.0,1351,G178325_PS_05
16.0,1352,G178325_PS_07
16.0,1353,G178325_PS_07
16.0,1354,G178325_PS_04
16.0,1355,G178325_PS_07
16.0,1356,G178325_PS_06
16.0,1357,G178325_PS_06
16.0,1358,G178325_PS_06
16.0,1359,G178325_PS_07
16.0,1360,G178325_PS_06
16.0,1361,G178325_PS_05
16.0,1362,G178325_PS_06
16.0,1363,G178325_PS_06
16.0,1364,G178325_PS_06
16.0,1365,G178325_PS_09
16.0,1366,G178325_PS_04
16.0,1367,G178325_PS_07
16.0,1368,G178325_PS_05
16.0,1369,G178325_PS_05
16.0,1370,G178325_PS_07
16.0,1371,G178325_PS_04
16.0,1372,G178325_PS_06
16.0,1373,G178325_PS_05
16.0,1374,G178325_PS_06
16.0,1375,G178325_PS_07
16.0,1376,G178325_PS_06
16.0,1377,G178325_PS_07
16.0,1378,G178325_PS_06
16.0,1379,G178325_PS_07
16.0,1380,G178325_PS_06
16.0,1381,G178325_PS_07
16.0,1382,G178325_PS_06
16.0,1383,G178325_PS_07
16.0,1384,G178325_PS_07
16.0,1385,G178325_PS_05
16.0,1386,G178325_PS_05
16.0,1387,G178325_PS_06
16.0,1388,G178325_PS_06
16.0,1389,G178325_PS_06
16.0,1390,G178325_PS_07
16.0,1391,G178325_PS_07
16.0,1392,G178325_PS_06
16.0,1393,G178325_PS_07
16.0,1394,G178325_PS_05
16.0,1395,G178325_PS_05
16.0,1396,G178325_PS_04
16.0,1397,G178325_PS_04
16.0,1398,G178325_PS_07
16.0,1399,G178325_PS_07
16.0,1400,G178325_PS_05
16.0,1401,G178325_PS_07
16.0,1402,G178325_PS_07
16.0,1403,G178325_PS_07
16.0,1404,G178325_PS_06
16.0,1405,G178325_PS_05
16.0,1406,G178325_PS_07
16.0,1407,G178325_PS_06
16.0,1408,G178325_PS_07
16.0,1409,G178325_PS_05
16.0,1410,G178325_PS_05
16.0,1411,G178325_PS_06
16.0,1412,G178325_PS_09
16.0,1413,G178325_PS_06
16.0,1414,G178325_PS_07
16.0,1415,G178325_PS_06
16.0,1416,G178325_PS_05
16.0,1417,G178325_PS_06
16.0,1418,G178325_PS_07
16.0,1419,G178325_PS_07
16.0,1420,G178325_PS_09
16.0,1421,G178325_PS_07
16.0,1422,G178325_PS_06
16.0,1423,G178325_PS_06
16.0,1424,G178325_PS_06
16.0,1425,G178325_PS_06
16.0,1426,G178325_PS_05
16.0,1427,G178325_PS_05
16.0,1428,G178325_PS_07
16.0,1429,G178325_PS_06
16.0,1430,G178325_PS_07
16.0,1431,G178325_PS_07
16.0,1432,G178325_PS_07
16.0,1433,G178325_PS_06
16.0,1434,G178325_PS_06
16.0,1435,G178325_PS_05
16.0,1436,G178325_PS_04
16.0,1437,G178325_PS_07
16.0,1438,G178325_PS_07
16.0,1439,G178325_PS_05
16.0,1440,G178325_PS_06
16.0,1441,G178325_PS_05
16.0,1442,G178325_PS_07
16.0,1443,G178325_PS_05
16.0,1444,G178325_PS_06
16.0,1445,G178325_PS_04
16.0,1446,G178325_PS_06
16.0,1447,G178325_PS_05
16.0,1448,G178325_PS_06
16.0,1449,G178325_PS_07
16.0,1450,G178325_PS_06
16.0,1451,G178325_PS_05
16.0,1452,G178325_PS_07
16.0,1453,G178325_PS_06
16.0,1454,G178325_PS_06
16.0,1455,G178325_PS_06
16.0,1456,G178325_PS_06
16.0,1457,G178325_PS_06
16.0,1458,G178325_PS_05
16.0,1459,G178325_PS_07
16.0,1460,G178325_PS_09
16.0,1461,G178325_PS_07
16.0,1462,G178325_PS_04
16.0,1463,G178325_PS_06
16.0,1464,G178325_PS_07
16.0,1465,G178325_PS_06
16.0,1466,G178325_PS_05
16.0,1467,G178325_PS_05
16.0,1468,G178325_PS_07
16.0,1469,G178325_PS_06
16.0,1470,G178325_PS_09
16.0,1471,G178325_PS_07
16.0,1472,G178325_PS_07
16.0,1473,G178325_PS_06
16.0,1474,G178325_PS_04
16.0,1475,G178325_PS_06
16.0,1476,G178325_PS_07
16.0,1477,G178325_PS_06
16.0,1478,G178325_PS_06
16.0,1479,G178325_PS_07
16.0,1480,G178325_PS_07
16.0,1481,G178325_PS_09
16.0,1482,G178325_PS_07
16.0,1483,G178325_PS_07
16.0,1484,G178325_PS_09
16.0,1485,G178325_PS_05
16.0,1486,G178325_PS_09
16.0,1487,G178325_PS_07
16.0,1488,G178325_PS_07
16.0,1489,G178325_PS_07
16.0,1490,G178325_PS_05
16.0,1491,G178325_PS_07
16.0,1492,G178325_PS_06
16.0,1493,G178325_PS_06
16.0,1494,G178325_PS_06
16.0,1495,G178325_PS_06
16.0,1496,G178325_PS_06
16.0,1497,G178325_PS_07
16.0,1498,G178325_PS_07
16.0,1499,G178325_PS_04
16.0,1500,G178325_PS_05
16.0,1501,G178325_PS_06
16.0,1502,G178325_PS_05
16.0,1503,G178325_PS_07
16.0,1504,G178325_PS_07
16.0,1505,G178325_PS_09
16.0,1506,G178325_PS_06
16.0,1507,G178325_PS_06
16.0,1508,G178325_PS_07
16.0,1509,G178325_PS_06
16.0,1510,G178325_PS_06
16.0,1511,G178325_PS_06
16.0,1512,G178325_PS_06
16.0,1513,G178325_PS_05
16.0,1514,G178325_PS_04
16.0,1515,G178325_PS_07
16.0,1516,G178325_PS_06
16.0,1517,G178325_PS_06
16.0,1518,G178325_PS_06
16.0,1519,G178325_PS_06
16.0,1520,G178325_PS_05
16.0,1521,G178325_PS_06
16.0,1522,G178325_PS_06
16.0,1523,G178325_PS_06
16.0,1524,G178325_PS_06
16.0,1525,G178325_PS_04
16.0,1526,G178325_PS_07
16.0,1527,G178325_PS_07
16.0,1528,G178325_PS_06
16.0,1529,G178325_PS_06
16.0,1530,G178325_PS_07
16.0,1531,G178325_PS_06
16.0,1532,G178325_PS_04
16.0,1533,G178325_PS_06
16.0,1534,G178325_PS_06
16.0,1535,G178325_PS_05
16.0,1536,G178325_PS_05
16.0,1537,G178325_PS_05
16.0,1538,G178325_PS_07
16.0,1539,G178325_PS_07
16.0,1540,G178325_PS_06
16.0,1541,G178325_PS_06
16.0,1542,G178325_PS_06
16.0,1543,G178325_PS_06
16.0,1544,G178325_PS_05
16.0,1545,G178325_PS_05
16.0,1546,G178325_PS_05
16.0,1547,G178325_PS_06
16.0,1548,G178325_PS_04
16.0,1549,G178325_PS_06
16.0,1550,G178325_PS_04
16.0,1551,G178325_PS_06
16.0,1552,G178325_PS_07
16.0,1553,G178325_PS_06
16.0,1554,G178325_PS_05
16.0,1555,G178325_PS_06
16.0,1556,G178325_PS_06
16.0,1557,G178325_PS_06
16.0,1558,G178325_PS_06
16.0,1559,G178325_PS_06
16.0,1560,G178325_PS_09
16.0,1561,G178325_PS_05
16.0,1562,G178325_PS_05
16.0,1563,G178325_PS_06
16.0,1564,G178325_PS_07
16.0,1565,G178325_PS_04
16.0,1566,G178325_PS_09
16.0,1567,G178325_PS_06
16.0,1568,G178325_PS_07
16.0,1569,G178325_PS_05
16.0,1570,G178325_PS_06
16.0,1571,G178325_PS_04
16.0,1572,G178325_PS_04
16.0,1573,G178325_PS_06
16.0,1574,G178325_PS_07
16.0,1575,G178325_PS_07
16.0,1576,G178325_PS_06
16.0,1577,G178325_PS_06
16.0,1578,G178325_PS_06
16.0,1579,G178325_PS_05
16.0,1580,G178325_PS_05
16.0,1581,G178325_PS_04
16.0,1582,G178325_PS_07
16.0,1583,G178325_PS_06
16.0,1584,G178325_PS_06
16.0,1585,G178325_PS_06
16.0,1586,G178325_PS_05
16.0,1587,G178325_PS_07
16.0,1588,G178325_PS_06
16.0,1589,G178325_PS_07
16.0,1590,G178325_PS_06
16.0,1591,G178325_PS_05
16.0,1592,G178325_PS_06
16.0,1593,G178325_PS_06
16.0,1594,G178325_PS_06
16.0,1595,G178325_PS_06
16.0,1596,G178325_PS_06
16.0,1597,G178325_PS_05
16.0,1598,G178325_PS_09
16.0,1599,G178325_PS_07
16.0,1600,G178325_PS_09
16.0,1601,G178325_PS_06
16.0,1602,G178325_PS_05
16.0,1603,G178325_PS_07
16.0,1604,G178325_PS_07
16.0,1605,G178325_PS_06
16.0,1606,G178325_PS_04
16.0,1607,G178325_PS_06
16.0,1608,G178325_PS_05
16.0,1609,G178325_PS_04
16.0,1610,G178325_PS_05
16.0,1611,G178325_PS_07
16.0,1612,G178325_PS_07
16.0,1613,G178325_PS_05
16.0,1614,G178325_PS_09
16.0,1615,G178325_PS_07
16.0,1616,G178325_PS_05
16.0,1617,G178325_PS_06
16.0,1618,G178325_PS_07
16.0,1619,G178325_PS_05
16.0,1620,G178325_PS_06
16.0,1621,G178325_PS_06
16.0,1622,G178325_PS_05
16.0,1623,G178325_PS_06
16.0,1624,G178325_PS_06
16.0,1625,G178325_PS_07
16.0,1626,G178325_PS_09
16.0,1627,G178325_PS_06
16.0,1628,G178325_PS_07
16.0,1629,G178325_PS_06
16.0,1630,G178325_PS_07
16.0,1631,G178325_PS_06
16.0,1632,G178325_PS_07
16.0,1633,G178325_PS_09
16.0,1634,G178325_PS_06
16.0,1635,G178325_PS_05
16.0,1636,G178325_PS_05
16.0,1637,G178325_PS_07
16.0,1638,G178325_PS_06
16.0,1639,G178325_PS_05
16.0,1640,G178325_PS_05
16.0,1641,G178325_PS_05
16.0,1642,G178325_PS_06
16.0,1643,G178325_PS_05
16.0,1644,G178325_PS_06
16.0,1645,G178325_PS_06
16.0,1646,G178325_PS_07
16.0,1647,G178325_PS_06
16.0,1648,G178325_PS_07
16.0,1649,G178325_PS_06
16.0,1650,G178325_PS_04
16.0,1651,G178325_PS_07
16.0,1652,G178325_PS_04
16.0,1653,G178325_PS_06
16.0,1654,G178325_PS_04
16.0,1655,G178325_PS_07
16.0,1656,G178325_PS_07
16.0,1657,G178325_PS_07
16.0,1658,G178325_PS_04
16.0,1659,G178325_PS_05
16.0,1660,G178325_PS_05
16.0,1661,G178325_PS_06
16.0,1662,G178325_PS_06
16.0,1663,G178325_PS_06
16.0,1664,G178325_PS_06
16.0,1665,G178325_PS_05
16.0,1666,G178325_PS_04
16.0,1667,G178325_PS_06
16.0,1668,G178325_PS_05
16.0,1669,G178325_PS_06
16.0,1670,G178325_PS_06
16.0,1671,G178325_PS_05
16.0,1672,G178325_PS_05
16.0,1673,G178325_PS_04
16.0,1674,G178325_PS_07
16.0,1675,G178325_PS_07
16.0,1676,G178325_PS_06
16.0,1677,G178325_PS_05
16.0,1678,G178325_PS_06
16.0,1679,G178325_PS_05
16.0,1680,G178325_PS_04
16.0,1681,G178325_PS_05
16.0,1682,G178325_PS_07
16.0,1683,G178325_PS_06
16.0,1684,G178325_PS_05
16.0,1685,G178325_PS_04
16.0,1686,G178325_PS_04
16.0,1687,G178325_PS_06
16.0,1688,G178325_PS_06
16.0,1689,G178325_PS_06
16.0,1690,G178325_PS_06
16.0,1691,G178325_PS_06
16.0,1692,G178325_PS_06
16.0,1693,G178325_PS_07
16.0,1694,G178325_PS_07
16.0,1695,G178325_PS_06
16.0,1696,G178325_PS_06
16.0,1697,G178325_PS_04
16.0,1698,G178325_PS_07
16.0,1699,G178325_PS_05
16.0,1700,G178325_PS_06
16.0,1701,G178325_PS_06
16.0,1702,G178325_PS_09
16.0,1703,G178325_PS_06
16.0,1704,G178325_PS_06
16.0,1705,G178325_PS_06
16.0,1706,G178325_PS_06
16.0,1707,G178325_PS_05
16.0,1708,G178325_PS_06
16.0,1709,G178325_PS_07
16.0,1710,G178325_PS_06
16.0,1711,G178325_PS_07
16.0,1712,G178325_PS_07
16.0,1713,G178325_PS_06
16.0,1714,G178325_PS_06
16.0,1715,G178325_PS_06
16.0,1716,G178325_PS_06
16.0,1717,G178325_PS_05
16.0,1718,G178325_PS_07
16.0,1719,G178325_PS_04
16.0,1720,G178325_PS_05
16.0,1721,G178325_PS_06
16.0,1722,G178325_PS_05
16.0,1723,G178325_PS_07
16.0,1724,G178325_PS_09
16.0,1725,G178325_PS_04
16.0,1726,G178325_PS_06
16.0,1727,G178325_PS_07
16.0,1728,G178325_PS_05
16.0,1729,G178325_PS_06
16.0,1730,G178325_PS_07
16.0,1731,G178325_PS_07
16.0,1732,G178325_PS_09
16.0,1733,G178325_PS_05
16.0,1734,G178325_PS_06
16.0,1735,G178325_PS_05
16.0,1736,G178325_PS_06
16.0,1737,G178325_PS_07
16.0,1738,G178325_PS_06
16.0,1739,G178325_PS_07
16.0,1740,G178325_PS_06
16.0,1741,G178325_PS_07
16.0,1742,G178325_PS_07
16.0,1743,G178325_PS_06
16.0,1744,G178325_PS_09
16.0,1745,G178325_PS_06
16.0,1746,G178325_PS_07
16.0,1747,G178325_PS_07
16.0,1748,G178325_PS_06
16.0,1749,G178325_PS_07
16.0,1750,G178325_PS_06
16.0,1751,G178325_PS_06
16.0,1752,G178325_PS_06
16.0,1753,G178325_PS_07
16.0,1754,G178325_PS_07
16.0,1755,G178325_PS_07
16.0,1756,G178325_PS_06
16.0,1757,G178325_PS_06
16.0,1758,G178325_PS_07
16.0,1759,G178325_PS_06
16.0,1760,G178325_PS_06
16.0,1761,G178325_PS_05
16.0,1762,G178325_PS_04
16.0,1763,G178325_PS_06
16.0,1764,G178325_PS_04
16.0,1765,G178325_PS_05
16.0,1766,G178325_PS_07
16.0,1767,G178325_PS_07
16.0,1768,G178325_PS_06
16.0,1769,G178325_PS_06
16.0,1770,G178325_PS_06
16.0,1771,G178325_PS_05
16.0,1772,G178325_PS_06
16.0,1773,G178325_PS_06
16.0,1774,G178325_PS_07
16.0,1775,G178325_PS_06
16.0,1776,G178325_PS_05
16.0,1777,G178325_PS_04
16.0,1778,G178325_PS_07
16.0,1779,G178325_PS_05
16.0,1780,G178325_PS_07
16.0,1781,G178325_PS_06
16.0,1782,G178325_PS_05
16.0,1783,G178325_PS_07
16.0,1784,G178325_PS_04
16.0,1785,G178325_PS_06
16.0,1786,G178325_PS_04
16.0,1787,G178325_PS_05
16.0,1788,G178325_PS_06
16.0,1789,G178325_PS_07
16.0,1790,G178325_PS_06
16.0,1791,G178325_PS_06
16.0,1792,G178325_PS_06
16.0,1793,G178325_PS_06
16.0,1794,G178325_PS_04
16.0,1795,G178325_PS_05
16.0,1796,G178325_PS_07
16.0,1797,G178325_PS_05
16.0,1798,G178325_PS_04
16.0,1799,G178325_PS_07
16.0,1800,G178325_PS_06
16.0,1801,G178325_PS_06
16.0,1802,G178325_PS_06
16.0,1803,G178325_PS_07
16.0,1804,G178325_PS_04
16.0,1805,G178325_PS_06
16.0,1806,G178325_PS_06
16.0,1807,G178325_PS_06
16.0,1808,G178325_PS_07
16.0,1809,G178325_PS_07
16.0,1810,G178325_PS_06
16.0,1811,G178325_PS_05
16.0,1812,G178325_PS_06
16.0,1813,G178325_PS_06
16.0,1814,G178325_PS_04
16.0,1815,G178325_PS_06
16.0,1816,G178325_PS_09
16.0,1817,G178325_PS_07
16.0,1818,G178325_PS_07
16.0,1819,G178325_PS_07
16.0,1820,G178325_PS_06
16.0,1821,G178325_PS_06
16.0,1822,G178325_PS_07
16.0,1823,G178325_PS_07
16.0,1824,G178325_PS_07
16.0,1825,G178325_PS_06
16.0,1826,G178325_PS_06
16.0,1827,G178325_PS_06
16.0,1828,G178325_PS_07
16.0,1829,G178325_PS_05
16.0,1830,G178325_PS_06
16.0,1831,G178325_PS_04
16.0,1832,G178325_PS_06
16.0,1833,G178325_PS_06
16.0,1834,G178325_PS_05
16.0,1835,G178325_PS_07
16.0,1836,G178325_PS_04
16.0,1837,G178325_PS_04
16.0,1838,G178325_PS_04
16.0,1839,G178325_PS_05
16.0,1840,G178325_PS_07
16.0,1841,G178325_PS_09
16.0,1842,G178325_PS_06
16.0,1843,G178325_PS_06
16.0,1844,G178325_PS_06
16.0,1845,G178325_PS_07
16.0,1846,G178325_PS_06
16.0,1847,G178325_PS_09
16.0,1848,G178325_PS_09
16.0,1849,G178325_PS_04
16.0,1850,G178325_PS_06
16.0,1851,G178325_PS_06
16.0,1852,G178325_PS_05
16.0,1853,G178325_PS_07
16.0,1854,G178325_PS_04
16.0,1855,G178325_PS_06
16.0,1856,G178325_PS_06
16.0,1857,G178325_PS_05
16.0,1858,G178325_PS_07
16.0,1859,G178325_PS_04
16.0,1860,G178325_PS_05
16.0,1861,G178325_PS_09
16.0,1862,G178325_PS_06
16.0,1863,G178325_PS_09
16.0,1864,G178325_PS_07
16.0,1865,G178325_PS_04
16.0,1866,G178325_PS_06
16.0,1867,G178325_PS_06
16.0,1868,G178325_PS_07
16.0,1869,G178325_PS_06
16.0,1870,G178325_PS_09
16.0,1871,G178325_PS_07
16.0,1872,G178325_PS_06
16.0,1873,G178325_PS_07
16.0,1874,G178325_PS_07
16.0,1875,G178325_PS_07
16.0,1876,G178325_PS_06
16.0,1877,G178325_PS_06
16.0,1878,G178325_PS_07
16.0,1879,G178325_PS_06
16.0,1880,G178325_PS_07
16.0,1881,G178325_PS_07
16.0,1882,G178325_PS_07
16.0,1883,G178325_PS_06
16.0,1884,G178325_PS_06
16.0,1885,G178325_PS_06
16.0,1886,G178325_PS_05
16.0,1887,G178325_PS_04
16.0,1888,G178325_PS_07
16.0,1889,G178325_PS_06
16.0,1890,G178325_PS_07
16.0,1891,G178325_PS_06
16.0,1892,G178325_PS_06
16.0,1893,G178325_PS_07
16.0,1894,G178325_PS_06
16.0,1895,G178325_PS_06
16.0,1896,G178325_PS_06
16.0,1897,G178325_PS_05
16.0,1898,G178325_PS_04
16.0,1899,G178325_PS_05
16.0,1900,G178325_PS_07
16.0,1901,G178325_PS_06
16.0,1902,G178325_PS_06
16.0,1903,G178325_PS_04
16.0,1904,G178325_PS_06
16.0,1905,G178325_PS_06
16.0,1906,G178325_PS_06
16.0,1907,G178325_PS_06
16.0,1908,G178325_PS_05
16.0,1909,G178325_PS_07
16.0,1910,G178325_PS_06
16.0,1911,G178325_PS_05
16.0,1912,G178325_PS_06
16.0,1913,G178325_PS_06
16.0,1914,G178325_PS_05
16.0,1915,G178325_PS_06
16.0,1916,G178325_PS_06
16.0,1917,G178325_PS_05
16.0,1918,G178325_PS_06
16.0,1919,G178325_PS_07
16.0,1920,G178325_PS_05
16.0,1921,G178325_PS_05
16.0,1922,G178325_PS_06
16.0,1923,G178325_PS_06
16.0,1924,G178325_PS_06
16.0,1925,G178325_PS_06
16.0,1926,G178325_PS_07
16.0,1927,G178325_PS_07
16.0,1928,G178325_PS_07
16.0,1929,G178325_PS_05
16.0,1930,G178325_PS_04
16.0,1931,G178325_PS_05
16.0,1932,G178325_PS_06
16.0,1933,G178325_PS_06
16.0,1934,G178325_PS_05
16.0,1935,G178325_PS_06
16.0,1936,G178325_PS_06
16.0,1937,G178325_PS_06
16.0,1938,G178325_PS_07
16.0,1939,G178325_PS_07
16.0,1940,G178325_PS_05
16.0,1941,G178325_PS_06
16.0,1942,G178325_PS_05
16.0,1943,G178325_PS_05
16.0,1944,G178325_PS_07
16.0,1945,G178325_PS_06
16.0,1946,G178325_PS_07
16.0,1947,G178325_PS_06
16.0,1948,G178325_PS_05
16.0,1949,G178325_PS_05
16.0,1950,G178325_PS_07
16.0,1951,G178325_PS_07
16.0,1952,G178325_PS_07
16.0,1953,G178325_PS_06
16.0,1954,G178325_PS_07
16.0,1955,G178325_PS_06
16.0,1956,G178325_PS_04
16.0,1957,G178325_PS_07
16.0,1958,G178325_PS_05
16.0,1959,G178325_PS_06
16.0,1960,G178325_PS_07
16.0,1961,G178325_PS_06
16.0,1962,G178325_PS_07
16.0,1963,G178325_PS_06
16.0,1964,G178325_PS_04
16.0,1965,G178325_PS_05
16.0,1966,G178325_PS_05
16.0,1967,G178325_PS_07
16.0,1968,G178325_PS_06
16.0,1969,G178325_PS_06
16.0,1970,G178325_PS_06
16.0,1971,G178325_PS_06
16.0,1972,G178325_PS_06
16.0,1973,G178325_PS_04
16.0,1974,G178325_PS_06
16.0,1975,G178325_PS_04
16.0,1976,G178325_PS_07
16.0,1977,G178325_PS_06
16.0,1978,G178325_PS_06
16.0,1979,G178325_PS_07
16.0,1980,G178325_PS_07
16.0,1981,G178325_PS_04
16.0,1982,G178325_PS_06
16.0,1983,G178325_PS_05
16.0,1984,G178325_PS_04
16.0,1985,G178325_PS_07
16.0,1986,G178325_PS_06
16.0,1987,G178325_PS_05
16.0,1988,G178325_PS_07
16.0,1989,G178325_PS_04
16.0,1990,G178325_PS_04
16.0,1991,G178325_PS_06
16.0,1992,G178325_PS_07
16.0,1993,G178325_PS_04
16.0,1994,G178325_PS_07
16.0,1995,G178325_PS_04
16.0,1996,G178325_PS_07
16.0,1997,G178325_PS_07
16.0,1998,G178325_PS_07
16.0,1999,G178325_PS_06
20.0,0,G178325_PS_06
20.0,1,G178325_PS_08
20.0,2,G178325_PS_08
20.0,3,G178325_PS_08
20.0,4,G178325_PS_10
20.0,5,G178325_PS_06
20.0,6,G178325_PS_07
20.0,7,G178325_PS_07
20.0,8,G178325_PS_06
20.0,9,G178325_PS_08
20.0,10,G178325_PS_08
20.0,11,G178325_PS_07
20.0,12,G178325_PS_07
20.0,13,G178325_PS_06
20.0,14,G178325_PS_06
20.0,15,G178325_PS_08
20.0,16,G178325_PS_06
20.0,17,G178325_PS_05
20.0,18,G178325_PS_07
20.0,19,G178325_PS_07
20.0,20,G178325_PS_10
20.0,21,G178325_PS_08
20.0,22,G178325_PS_07
20.0,23,G178325_PS_09
20.0,24,G178325_PS_05
20.0,25,G178325_PS_05
20.0,26,G178325_PS_06
20.0,27,G178325_PS_05
20.0,28,G178325_PS_07
20.0,29,G178325_PS_07
20.0,30,G178325_PS_07
20.0,31,G178325_PS_06
20.0,32,G178325_PS_06
20.0,33,G178325_PS_08
20.0,34,G178325_PS_08
20.0,35,G178325_PS_07
20.0,36,G178325_PS_06
20.0,37,G178325_PS_06
20.0,38,G178325_PS_07
20.0,39,G178325_PS_07
20.0,40,G178325_PS_08
20.0,41,G178325_PS_06
20.0,42,G178325_PS_06
20.0,43,G178325_PS_06
20.0,44,G178325_PS_08
20.0,45,G178325_PS_06
20.0,46,G178325_PS_07
20.0,47,G178325_PS_08
20.0,48,G178325_PS_07
20.0,49,G178325_PS_05
20.0,50,G178325_PS_05
20.0,51,G178325_PS_07
20.0,52,G178325_PS_07
20.0,53,G178325_PS_07
20.0,54,G178325_PS_07
20.0,55,G178325_PS_06
20.0,56,G178325_PS_06
20.0,57,G178325_PS_06
20.0,58,G178325_PS_07
20.0,59,G178325_PS_06
20.0,60,G178325_PS_06
20.0,61,G178325_PS_06
20.0,62,G178325_PS_06
20.0,63,G178325_PS_06
20.0,64,G178325_PS_07
20.0,65,G178325_PS_06
20.0,66,G178325_PS_06
20.0,67,G178325_PS_06
20.0,68,G178325_PS_07
20.0,69,G178325_PS_06
20.0,70,G178325_PS_10
20.0,71,G178325_PS_08
20.0,72,G178325_PS_06
20.0,73,G178325_PS_07
20.0,74,G178325_PS_08
20.0,75,G178325_PS_07
20.0,76,G178325_PS_07
20.0,77,G178325_PS_05
20.0,78,G178325_PS_08
20.0,79,G178325_PS_07
20.0,80,G178325_PS_05
20.0,81,G178325_PS_06
20.0,82,G178325_PS_07
20.0,83,G178325_PS_05
20.0,84,G178325_PS_06
20.0,85,G178325_PS_06
20.0,86,G178325_PS_06
20.0,87,G178325_PS_08
20.0,88,G178325_PS_07
20.0,89,G178325_PS_06
20.0,90,G178325_PS_07
20.0,91,G178325_PS_08
20.0,92,G178325_PS_08
20.0,93,G178325_PS_06
20.0,94,G178325_PS_06
20.0,95,G178325_PS_08
20.0,96,G178325_PS_07
20.0,97,G178325_PS_07
20.0,98,G178325_PS_08
20.0,99,G178325_PS_06
20.0,100,G178325_PS_06
20.0,101,G178325_PS_07
20.0,102,G178325_PS_09
20.0,103,G178325_PS_08
20.0,104,G178325_PS_05
20.0,105,G178325_PS_07
20.0,106,G178325_PS_06
20.0,107,G178325_PS_08
20.0,108,G178325_PS_07
20.0,109,G178325_PS_06
20.0,110,G178325_PS_08
20.0,111,G178325_PS_06
20.0,112,G178325_PS_07
20.0,113,G178325_PS_05
20.0,114,G178325_PS_06
20.0,115,G178325_PS_06
20.0,116,G178325_PS_05
20.0,117,G178325_PS_08
20.0,118,G178325_PS_07
20.0,119,G178325_PS_08
20.0,120,G178325_PS_07
20.0,121,G178325_PS_07
20.0,122,G178325_PS_06
20.0,123,G178325_PS_07
20.0,124,G178325_PS_07
20.0,125,G178325_PS_08
20.0,126,G178325_PS_05
20.0,127,G178325_PS_07
20.0,128,G178325_PS_09
20.0,129,G178325_PS_07
20.0,130,G178325_PS_08
20.0,131,G178325_PS_08
20.0,132,G178325_PS_06
20.0,133,G178325_PS_07
20.0,134,G178325_PS_06
20.0,135,G178325_PS_07
20.0,136,G178325_PS_06
20.0,137,G178325_PS_12
20.0,138,G178325_PS_06
20.0,139,G178325_PS_07
20.0,140,G178325_PS_06
20.0,141,G178325_PS_07
20.0,142,G178325_PS_07
20.0,143,G178325_PS_06
20.0,144,G178325_PS_08
20.0,145,G178325_PS_06
20.0,146,G178325_PS_07
20.0,147,G178325_PS_06
20.0,148,G178325_PS_09
20.0,149,G178325_PS_07
20.0,150,G178325_PS_08
20.0,151,G178325_PS_06
20.0,152,G178325_PS_05
20.0,153,G178325_PS_06
20.0,154,G178325_PS_06
20.0,155,G178325_PS_10
20.0,156,G178325_PS_07
20.0,157,G178325_PS_06
20.0,158,G178325_PS_07
20.0,159,G178325_PS_05
20.0,160,G178325_PS_08
20.0,161,G178325_PS_10
20.0,162,G178325_PS_07
20.0,163,G178325_PS_08
20.0,164,G178325_PS_06
20.0,165,G178325_PS_06
20.0,166,G178325_PS_06
20.0,167,G178325_PS_09
20.0,168,G178325_PS_08
20.0,169,G178325_PS_08
20.0,170,G178325_PS_08
20.0,171,G178325_PS_09
20.0,172,G178325_PS_06
20.0,173,G178325_PS_08
20.0,174,G178325_PS_08
20.0,175,G178325_PS_05
20.0,176,G178325_PS_07
20.0,177,G178325_PS_06
20.0,178,G178325_PS_07
20.0,179,G178325_PS_06
20.0,180,G178325_PS_08
20.0,181,G178325_PS_10
20.0,182,G178325_PS_07
20.0,183,G178325_PS_06
20.0,184,G178325_PS_06
20.0,185,G178325_PS_08
20.0,186,G178325_PS_10
20.0,187,G178325_PS_06
20.0,188,G178325_PS_10
20.0,189,G178325_PS_07
20.0,190,G178325_PS_07
20.0,191,G178325_PS_08
20.0,192,G178325_PS_07
20.0,193,G178325_PS_06
20.0,194,G178325_PS_06
20.0,195,G178325_PS_06
20.0,196,G178325_PS_06
20.0,197,G178325_PS_06
20.0,198,G178325_PS_06
20.0,199,G178325_PS_06
20.0,200,G178325_PS_06
20.0,201,G178325_PS_08
20.0,202,G178325_PS_07
20.0,203,G178325_PS_05
20.0,204,G178325_PS_07
20.0,205,G178325_PS_08
20.0,206,G178325_PS_07
20.0,207,G178325_PS_06
20.0,208,G178325_PS_08
20.0,209,G178325_PS_08
20.0,210,G178325_PS_07
20.0,211,G178325_PS_09
20.0,212,G178325_PS_07
20.0,213,G178325_PS_07
20.0,214,G178325_PS_10
20.0,215,G178325_PS_07
20.0,216,G178325_PS_06
20.0,217,G178325_PS_06
20.0,218,G178325_PS_05
20.0,219,G178325_PS_07
20.0,220,G178325_PS_06
20.0,221,G178325_PS_07
20.0,222,G178325_PS_06
20.0,223,G178325_PS_05
20.0,224,G178325_PS_07
20.0,225,G178325_PS_06
20.0,226,G178325_PS_06
20.0,227,G178325_PS_06
20.0,228,G178325_PS_06
20.0,229,G178325_PS_06
20.0,230,G178325_PS_06
20.0,231,G178325_PS_07
20.0,232,G178325_PS_06
20.0,233,G178325_PS_06
20.0,234,G178325_PS_08
20.0,235,G178325_PS_06
20.0,236,G178325_PS_06
20.0,237,G178325_PS_07
20.0,238,G178325_PS_08
20.0,239,G178325_PS_09
20.0,240,G178325_PS_07
20.0,241,G178325_PS_09
20.0,242,G178325_PS_10
20.0,243,G178325_PS_09
20.0,244,G178325_PS_05
20.0,245,G178325_PS_10
20.0,246,G178325_PS_06
20.0,247,G178325_PS_08
20.0,248,G178325_PS_08
20.0,249,G178325_PS_07
20.0,250,G178325_PS_08
20.0,251,G178325_PS_06
20.0,252,G178325_PS_07
20.0,253,G178325_PS_10
20.0,254,G178325_PS_05
20.0,255,G178325_PS_06
20.0,256,G178325_PS_06
20.0,257,G178325_PS_06
20.0,258,G178325_PS_09
20.0,259,G178325_PS_07
20.0,260,G178325_PS_07
20.0,261,G178325_PS_07
20.0,262,G178325_PS_10
20.0,263,G178325_PS_08
20.0,264,G178325_PS_07
20.0,265,G178325_PS_08
20.0,266,G178325_PS_06
20.0,267,G178325_PS_08
20.0,268,G178325_PS_06
20.0,269,G178325_PS_08
20.0,270,G178325_PS_06
20.0,271,G178325_PS_07
20.0,272,G178325_PS_06
20.0,273,G178325_PS_07
20.0,274,G178325_PS_07
20.0,275,G178325_PS_07
20.0,276,G178325_PS_09
20.0,277,G178325_PS_06
20.0,278,G178325_PS_06
20.0,279,G178325_PS_07
20.0,280,G178325_PS_08
20.0,281,G178325_PS_07
20.0,282,G178325_PS_08
20.0,283,G178325_PS_07
20.0,284,G178325_PS_08
20.0,285,G178325_PS_06
20.0,286,G178325_PS_07
20.0,287,G178325_PS_06
20.0,288,G178325_PS_08
20.0,289,G178325_PS_08
20.0,290,G178325_PS_09
20.0,291,G178325_PS_07
20.0,292,G178325_PS_08
20.0,293,G178325_PS_07
20.0,294,G178325_PS_07
20.0,295,G178325_PS_05
20.0,296,G178325_PS_08
20.0,297,G178325_PS_08
20.0,298,G178325_PS_06
20.0,299,G178325_PS_08
20.0,300,G178325_PS_07
20.0,301,G178325_PS_10
20.0,302,G178325_PS_06
20.0,303,G178325_PS_06
20.0,304,G178325_PS_07
20.0,305,G178325_PS_07
20.0,306,G178325_PS_06
20.0,307,G178325_PS_06
20.0,308,G178325_PS_06
20.0,309,G178325_PS_07
20.0,310,G178325_PS_06
20.0,311,G178325_PS_08
20.0,312,G178325_PS_07
20.0,313,G178325_PS_06
20.0,314,G178325_PS_07
20.0,315,G178325_PS_08
20.0,316,G178325_PS_07
20.0,317,G178325_PS_07
20.0,318,G178325_PS_07
20.0,319,G178325_PS_08
20.0,320,G178325_PS_06
20.0,321,G178325_PS_07
20.0,322,G178325_PS_10
20.0,323,G178325_PS_08
20.0,324,G178325_PS_07
20.0,325,G178325_PS_07
20.0,326,G178325_PS_06
20.0,327,G178325_PS_06
20.0,328,G178325_PS_08
20.0,329,G178325_PS_08
20.0,330,G178325_PS_08
20.0,331,G178325_PS_06
20.0,332,G178325_PS_10
20.0,333,G178325_PS_08
20.0,334,G178325_PS_08
20.0,335,G178325_PS_07
20.0,336,G178325_PS_06
20.0,337,G178325_PS_06
20.0,338,G178325_PS_08
20.0,339,G178325_PS_06
20.0,340,G178325_PS_07
20.0,341,G178325_PS_06
20.0,342,G178325_PS_08
20.0,343,G178325_PS_06
20.0,344,G178325_PS_07
20.0,345,G178325_PS_06
20.0,346,G178325_PS_08
20.0,347,G178325_PS_10
20.0,348,G178325_PS_06
20.0,349,G178325_PS_06
20.0,350,G178325_PS_06
20.0,351,G178325_PS_07
20.0,352,G178325_PS_06
20.0,353,G178325_PS_05
20.0,354,G178325_PS_07
20.0,355,G178325_PS_07
20.0,356,G178325_PS_07
20.0,357,G178325_PS_06
20.0,358,G178325_PS_10
20.0,359,G178325_PS_07
20.0,360,G178325_PS_07
20.0,361,G178325_PS_08
20.0,362,G178325_PS_06
20.0,363,G178325_PS_07
20.0,364,G178325_PS_09
20.0,365,G178325_PS_05
20.0,366,G178325_PS_10
20.0,367,G178325_PS_06
20.0,368,G178325_PS_07
20.0,369,G178325_PS_06
20.0,370,G178325_PS_06
20.0,371,G178325_PS_06
20.0,372,G178325_PS_06
20.0,373,G178325_PS_08
20.0,374,G178325_PS_06
20.0,375,G178325_PS_06
20.0,376,G178325_PS_08
20.0,377,G178325_PS_07
20.0,378,G178325_PS_06
20.0,379,G178325_PS_07
20.0,380,G178325_PS_07
20.0,381,G178325_PS_07
20.0,382,G178325_PS_06
20.0,383,G178325_PS_08
20.0,384,G178325_PS_08
20.0,385,G178325_PS_07
20.0,386,G178325_PS_08
20.0,387,G178325_PS_06
20.0,388,G178325_PS_08
20.0,389,G178325_PS_08
20.0,390,G178325_PS_06
20.0,391,G178325_PS_06
20.0,392,G178325_PS_08
20.0,393,G178325_PS_08
20.0,394,G178325_PS_08
20.0,395,G178325_PS_08
20.0,396,G178325_PS_07
20.0,397,G178325_PS_08
20.0,398,G178325_PS_07
20.0,399,G178325_PS_06
20.0,400,G178325_PS_06
20.0,401,G178325_PS_10
20.0,402,G178325_PS_08
20.0,403,G178325_PS_08
20.0,404,G178325_PS_08
20.0,405,G178325_PS_10
20.0,406,G178325_PS_09
20.0,407,G178325_PS_05
20.0,408,G178325_PS_06
20.0,409,G178325_PS_06
20.0,410,G178325_PS_06
20.0,411,G178325_PS_10
20.0,412,G178325_PS_06
20.0,413,G178325_PS_06
20.0,414,G178325_PS_06
20.0,415,G178325_PS_06
20.0,416,G178325_PS_07
20.0,417,G178325_PS_10
20.0,418,G178325_PS_07
20.0,419,G178325_PS_07
20.0,420,G178325_PS_06
20.0,421,G178325_PS_06
20.0,422,G178325_PS_09
20.0,423,G178325_PS_07
20.0,424,G178325_PS_08
20.0,425,G178325_PS_09
20.0,426,G178325_PS_08
20.0,427,G178325_PS_05
20.0,428,G178325_PS_07
20.0,429,G178325_PS_06
20.0,430,G178325_PS_06
20.0,431,G178325_PS_06
20.0,432,G178325_PS_09
20.0,433,G178325_PS_08
20.0,434,G178325_PS_07
20.0,435,G178325_PS_06
20.0,436,G178325_PS_10
20.0,437,G178325_PS_05
20.0,438,G178325_PS_06
20.0,439,G178325_PS_06
20.0,440,G178325_PS_07
20.0,441,G178325_PS_08
20.0,442,G178325_PS_06
20.0,443,G178325_PS_10
20.0,444,G178325_PS_06
20.0,445,G178325_PS_06
20.0,446,G178325_PS_07
20.0,447,G178325_PS_06
20.0,448,G178325_PS_05
20.0,449,G178325_PS_07
20.0,450,G178325_PS_06
20.0,451,G178325_PS_06
20.0,452,G178325_PS_09
20.0,453,G178325_PS_08
20.0,454,G178325_PS_09
20.0,455,G178325_PS_07
20.0,456,G178325_PS_05
20.0,457,G178325_PS_07
20.0,458,G178325_PS_06
20.0,459,G178325_PS_06
20.0,460,G178325_PS_07
20.0,461,G178325_PS_07
20.0,462,G178325_PS_06
20.0,463,G178325_PS_06
20.0,464,G178325_PS_06
20.0,465,G178325_PS_06
20.0,466,G178325_PS_07
20.0,467,G178325_PS_10
20.0,468,G178325_PS_06
20.0,469,G178325_PS_07
20.0,470,G178325_PS_06
20.0,471,G178325_PS_06
20.0,472,G178325_PS_07
20.0,473,G178325_PS_06
20.0,474,G178325_PS_07
20.0,475,G178325_PS_07
20.0,476,G178325_PS_06
20.0,477,G178325_PS_06
20.0,478,G178325_PS_07
20.0,479,G178325_PS_07
20.0,480,G178325_PS_08
20.0,481,G178325_PS_10
20.0,482,G178325_PS_07
20.0,483,G178325_PS_06
20.0,484,G178325_PS_06
20.0,485,G178325_PS_08
20.0,486,G178325_PS_06
20.0,487,G178325_PS_06
20.0,488,G178325_PS_06
20.0,489,G178325_PS_06
20.0,490,G178325_PS_07
20.0,491,G178325_PS_08
20.0,492,G178325_PS_06
20.0,493,G178325_PS_05
20.0,494,G178325_PS_08
20.0,495,G178325_PS_06
20.0,496,G178325_PS_10
20.0,497,G178325_PS_06
20.0,498,G178325_PS_09
20.0,499,G178325_PS_08
20.0,500,G178325_PS_06
20.0,501,G178325_PS_06
20.0,502,G178325_PS_07
20.0,503,G178325_PS_07
20.0,504,G178325_PS_07
20.0,505,G178325_PS_06
20.0,506,G178325_PS_07
20.0,507,G178325_PS_08
20.0,508,G178325_PS_06
20.0,509,G178325_PS_07
20.0,510,G178325_PS_08
20.0,511,G178325_PS_05
20.0,512,G178325_PS_07
20.0,513,G178325_PS_08
20.0,514,G178325_PS_06
20.0,515,G178325_PS_06
20.0,516,G178325_PS_08
20.0,517,G178325_PS_08
20.0,518,G178325_PS_06
20.0,519,G178325_PS_06
20.0,520,G178325_PS_06
20.0,521,G178325_PS_06
20.0,522,G178325_PS_10
20.0,523,G178325_PS_07
20.0,524,G178325_PS_07
20.0,525,G178325_PS_08
20.0,526,G178325_PS_06
20.0,527,G178325_PS_06
20.0,528,G178325_PS_07
20.0,529,G178325_PS_08
20.0,530,G178325_PS_06
20.0,531,G178325_PS_06
20.0,532,G178325_PS_05
20.0,533,G178325_PS_06
20.0,534,G178325_PS_08
20.0,535,G178325_PS_08
20.0,536,G178325_PS_08
20.0,537,G178325_PS_07
20.0,538,G178325_PS_06
20.0,539,G178325_PS_10
20.0,540,G178325_PS_07
20.0,541,G178325_PS_06
20.0,542,G178325_PS_07
20.0,543,G178325_PS_08
20.0,544,G178325_PS_07
20.0,545,G178325_PS_06
20.0,546,G178325_PS_06
20.0,547,G178325_PS_07
20.0,548,G178325_PS_08
20.0,549,G178325_PS_06
20.0,550,G178325_PS_08
20.0,551,G178325_PS_06
20.0,552,G178325_PS_09
20.0,553,G178325_PS_07
20.0,554,G178325_PS_06
20.0,555,G178325_PS_08
20.0,556,G178325_PS_07
20.0,557,G178325_PS_05
20.0,558,G178325_PS_06
20.0,559,G178325_PS_07
20.0,560,G178325_PS_06
20.0,561,G178325_PS_07
20.0,562,G178325_PS_06
20.0,563,G178325_PS_06
20.0,564,G178325_PS_08
20.0,565,G178325_PS_07
20.0,566,G178325_PS_08
20.0,567,G178325_PS_06
20.0,568,G178325_PS_10
20.0,569,G178325_PS_08
20.0,570,G178325_PS_06
20.0,571,G178325_PS_06
20.0,572,G178325_PS_12
20.0,573,G178325_PS_06
20.0,574,G178325_PS_07
20.0,575,G178325_PS_10
20.0,576,G178325_PS_06
20.0,577,G178325_PS_09
20.0,578,G178325_PS_06
20.0,579,G178325_PS_06
20.0,580,G178325_PS_07
20.0,581,G178325_PS_07
20.0,582,G178325_PS_07
20.0,583,G178325_PS_06
20.0,584,G178325_PS_07
20.0,585,G178325_PS_05
20.0,586,G178325_PS_07
20.0,587,G178325_PS_08
20.0,588,G178325_PS_10
20.0,589,G178325_PS_06
20.0,590,G178325_PS_06
20.0,591,G178325_PS_06
20.0,592,G178325_PS_07
20.0,593,G178325_PS_08
20.0,594,G178325_PS_05
20.0,595,G178325_PS_08
20.0,596,G178325_PS_07
20.0,597,G178325_PS_06
20.0,598,G178325_PS_07
20.0,599,G178325_PS_10
20.0,600,G178325_PS_06
20.0,601,G178325_PS_06
20.0,602,G178325_PS_08
20.0,603,G178325_PS_07
20.0,604,G178325_PS_07
20.0,605,G178325_PS_07
20.0,606,G178325_PS_07
20.0,607,G178325_PS_09
20.0,608,G178325_PS_10
20.0,609,G178325_PS_07
20.0,610,G178325_PS_10
20.0,611,G178325_PS_07
20.0,612,G178325_PS_10
20.0,613,G178325_PS_07
20.0,614,G178325_PS_06
20.0,615,G178325_PS_06
20.0,616,G178325_PS_09
20.0,617,G178325_PS_06
20.0,618,G178325_PS_06
20.0,619,G178325_PS_09
20.0,620,G178325_PS_07
20.0,621,G178325_PS_07
20.0,622,G178325_PS_08
20.0,623,G178325_PS_07
20.0,624,G178325_PS_06
20.0,625,G178325_PS_06
20.0,626,G178325_PS_05
20.0,627,G178325_PS_08
20.0,628,G178325_PS_08
20.0,629,G178325_PS_07
20.0,630,G178325_PS_08
20.0,631,G178325_PS_07
20.0,632,G178325_PS_06
20.0,633,G178325_PS_07
20.0,634,G178325_PS_05
20.0,635,G178325_PS_05
20.0,636,G178325_PS_07
20.0,637,G178325_PS_08
20.0,638,G178325_PS_06
20.0,639,G178325_PS_07
20.0,640,G178325_PS_06
20.0,641,G178325_PS_06
20.0,642,G178325_PS_07
20.0,643,G178325_PS_10
20.0,644,G178325_PS_07
20.0,645,G178325_PS_07
20.0,646,G178325_PS_07
20.0,647,G178325_PS_06
20.0,648,G178325_PS_06
20.0,649,G178325_PS_06
20.0,650,G178325_PS_07
20.0,651,G178325_PS_06
20.0,652,G178325_PS_08
20.0,653,G178325_PS_07
20.0,654,G178325_PS_06
20.0,655,G178325_PS_08
20.0,656,G178325_PS_08
20.0,657,G178325_PS_06
20.0,658,G178325_PS_06
20.0,659,G178325_PS_08
20.0,660,G178325_PS_08
20.0,661,G178325_PS_08
20.0,662,G178325_PS_07
20.0,663,G178325_PS_08
20.0,664,G178325_PS_06
20.0,665,G178325_PS_07
20.0,666,G178325_PS_07
20.0,667,G178325_PS_07
20.0,668,G178325_PS_07
20.0,669,G178325_PS_08
20.0,670,G178325_PS_07
20.0,671,G178325_PS_08
20.0,672,G178325_PS_06
20.0,673,G178325_PS_07
20.0,674,G178325_PS_07
20.0,675,G178325_PS_06
20.0,676,G178325_PS_06
20.0,677,G178325_PS_07
20.0,678,G178325_PS_08
20.0,679,G178325_PS_06
20.0,680,G178325_PS_06
20.0,681,G178325_PS_06
20.0,682,G178325_PS_06
20.0,683,G178325_PS_06
20.0,684,G178325_PS_06
20.0,685,G178325_PS_06
20.0,686,G178325_PS_06
20.0,687,G178325_PS_08
20.0,688,G178325_PS_07
20.0,689,G178325_PS_10
20.0,690,G178325_PS_06
20.0,691,G178325_PS_06
20.0,692,G178325_PS_06
20.0,693,G178325_PS_07
20.0,694,G178325_PS_06
20.0,695,G178325_PS_06
20.0,696,G178325_PS_08
20.0,697,G178325_PS_08
20.0,698,G178325_PS_08
20.0,699,G178325_PS_06
20.0,700,G178325_PS_08
20.0,701,G178325_PS_07
20.0,702,G178325_PS_09
20.0,703,G178325_PS_06
20.0,704,G178325_PS_07
20.0,705,G178325_PS_06
20.0,706,G178325_PS_06
20.0,707,G178325_PS_07
20.0,708,G178325_PS_09
20.0,709,G178325_PS_08
20.0,710,G178325_PS_07
20.0,711,G178325_PS_08
20.0,712,G178325_PS_08
20.0,713,G178325_PS_10
20.0,714,G178325_PS_07
20.0,715,G178325_PS_06
20.0,716,G178325_PS_06
20.0,717,G178325_PS_07
20.0,718,G178325_PS_10
20.0,719,G178325_PS_06
20.0,720,G178325_PS_05
20.0,721,G178325_PS_06
20.0,722,G178325_PS_09
20.0,723,G178325_PS_06
20.0,724,G178325_PS_10
20.0,725,G178325_PS_08
20.0,726,G178325_PS_06
20.0,727,G178325_PS_06
20.0,728,G178325_PS_06
20.0,729,G178325_PS_06
20.0,730,G178325_PS_08
20.0,731,G178325_PS_06
20.0,732,G178325_PS_06
20.0,733,G178325_PS_08
20.0,734,G178325_PS_08
20.0,735,G178325_PS_08
20.0,736,G178325_PS_06
20.0,737,G178325_PS_06
20.0,738,G178325_PS_06
20.0,739,G178325_PS_06
20.0,740,G178325_PS_08
20.0,741,G178325_PS_07
20.0,742,G178325_PS_06
20.0,743,G178325_PS_08
20.0,744,G178325_PS_06
20.0,745,G178325_PS_06
20.0,746,G178325_PS_06
20.0,747,G178325_PS_07
20.0,748,G178325_PS_05
20.0,749,G178325_PS_07
20.0,750,G178325_PS_08
20.0,751,G178325_PS_07
20.0,752,G178325_PS_08
20.0,753,G178325_PS_07
20.0,754,G178325_PS_07
20.0,755,G178325_PS_10
20.0,756,G178325_PS_10
20.0,757,G178325_PS_09
20.0,758,G178325_PS_07
20.0,759,G178325_PS_08
20.0,760,G178325_PS_06
20.0,761,G178325_PS_06
20.0,762,G178325_PS_07
20.0,763,G178325_PS_06
20.0,764,G178325_PS_06
20.0,765,G178325_PS_10
20.0,766,G178325_PS_10
20.0,767,G178325_PS_06
20.0,768,G178325_PS_08
20.0,769,G178325_PS_07
20.0,770,G178325_PS_05
20.0,771,G178325_PS_09
20.0,772,G178325_PS_08
20.0,773,G178325_PS_06
20.0,774,G178325_PS_08
20.0,775,G178325_PS_04
20.0,776,G178325_PS_07
20.0,777,G178325_PS_06
20.0,778,G178325_PS_06
20.0,779,G178325_PS_06
20.0,780,G178325_PS_08
20.0,781,G178325_PS_06
20.0,782,G178325_PS_08
20.0,783,G178325_PS_07
20.0,784,G178325_PS_09
20.0,785,G178325_PS_06
20.0,786,G178325_PS_09
20.0,787,G178325_PS_07
20.0,788,G178325_PS_08
20.0,789,G178325_PS_08
20.0,790,G178325_PS_07
20.0,791,G178325_PS_06
20.0,792,G178325_PS_07
20.0,793,G178325_PS_06
20.0,794,G178325_PS_06
20.0,795,G178325_PS_05
20.0,796,G178325_PS_05
20.0,797,G178325_PS_09
20.0,798,G178325_PS_08
20.0,799,G178325_PS_08
20.0,800,G178325_PS_07
20.0,801,G178325_PS_07
20.0,802,G178325_PS_04
20.0,803,G178325_PS_10
20.0,804,G178325_PS_08
20.0,805,G178325_PS_07
20.0,806,G178325_PS_08
20.0,807,G178325_PS_06
20.0,808,G178325_PS_06
20.0,809,G178325_PS_07
20.0,810,G178325_PS_06
20.0,811,G178325_PS_06
20.0,812,G178325_PS_08
20.0,813,G178325_PS_10
20.0,814,G178325_PS_06
20.0,815,G178325_PS_07
20.0,816,G178325_PS_07
20.0,817,G178325_PS_08
20.0,818,G178325_PS_07
20.0,819,G178325_PS_09
20.0,820,G178325_PS_06
20.0,821,G178325_PS_06
20.0,822,G178325_PS_08
20.0,823,G178325_PS_09
20.0,824,G178325_PS_07
20.0,825,G178325_PS_06
20.0,826,G178325_PS_06
20.0,827,G178325_PS_06
20.0,828,G178325_PS_06
20.0,829,G178325_PS_07
20.0,830,G178325_PS_07
20.0,831,G178325_PS_07
20.0,832,G178325_PS_07
20.0,833,G178325_PS_08
20.0,834,G178325_PS_06
20.0,835,G178325_PS_07
20.0,836,G178325_PS_07
20.0,837,G178325_PS_10
20.0,838,G178325_PS_06
20.0,839,G178325_PS_08
20.0,840,G178325_PS_06
20.0,841,G178325_PS_07
20.0,842,G178325_PS_10
20.0,843,G178325_PS_07
20.0,844,G178325_PS_06
20.0,845,G178325_PS_06
20.0,846,G178325_PS_07
20.0,847,G178325_PS_07
20.0,848,G178325_PS_06
20.0,849,G178325_PS_07
20.0,850,G178325_PS_06
20.0,851,G178325_PS_06
20.0,852,G178325_PS_08
20.0,853,G178325_PS_07
20.0,854,G178325_PS_07
20.0,855,G178325_PS_06
20.0,856,G178325_PS_07
20.0,857,G178325_PS_10
20.0,858,G178325_PS_07
20.0,859,G178325_PS_05
20.0,860,G178325_PS_06
20.0,861,G178325_PS_08
20.0,862,G178325_PS_06
20.0,863,G178325_PS_09
20.0,864,G178325_PS_07
20.0,865,G178325_PS_06
20.0,866,G178325_PS_08
20.0,867,G178325_PS_07
20.0,868,G178325_PS_05
20.0,869,G178325_PS_10
20.0,870,G178325_PS_10
20.0,871,G178325_PS_07
20.0,872,G178325_PS_08
20.0,873,G178325_PS_07
20.0,874,G178325_PS_07
20.0,875,G178325_PS_07
20.0,876,G178325_PS_07
20.0,877,G178325_PS_07
20.0,878,G178325_PS_10
20.0,879,G178325_PS_06
20.0,880,G178325_PS_07
20.0,881,G178325_PS_08
20.0,882,G178325_PS_06
20.0,883,G178325_PS_07
20.0,884,G178325_PS_06
20.0,885,G178325_PS_07
20.0,886,G178325_PS_06
20.0,887,G178325_PS_07
20.0,888,G178325_PS_08
20.0,889,G178325_PS_07
20.0,890,G178325_PS_07
20.0,891,G178325_PS_06
20.0,892,G178325_PS_07
20.0,893,G178325_PS_08
20.0,894,G178325_PS_07
20.0,895,G178325_PS_08
20.0,896,G178325_PS_06
20.0,897,G178325_PS_07
20.0,898,G178325_PS_09
20.0,899,G178325_PS_05
20.0,900,G178325_PS_05
20.0,901,G178325_PS_06
20.0,902,G178325_PS_06
20.0,903,G178325_PS_07
20.0,904,G178325_PS_06
20.0,905,G178325_PS_06
20.0,906,G178325_PS_06
20.0,907,G178325_PS_07
20.0,908,G178325_PS_06
20.0,909,G178325_PS_07
20.0,910,G178325_PS_06
20.0,911,G178325_PS_08
20.0,912,G178325_PS_08
20.0,913,G178325_PS_08
20.0,914,G178325_PS_09
20.0,915,G178325_PS_07
20.0,916,G178325_PS_07
20.0,917,G178325_PS_08
20.0,918,G178325_PS_06
20.0,919,G178325_PS_06
20.0,920,G178325_PS_10
20.0,921,G178325_PS_06
20.0,922,G178325_PS_06
20.0,923,G178325_PS_08
20.0,924,G178325_PS_07
20.0,925,G178325_PS_08
20.0,926,G178325_PS_10
20.0,927,G178325_PS_07
20.0,928,G178325_PS_06
20.0,929,G178325_PS_06
20.0,930,G178325_PS_08
20.0,931,G178325_PS_08
20.0,932,G178325_PS_06
20.0,933,G178325_PS_08
20.0,934,G178325_PS_06
20.0,935,G178325_PS_10
20.0,936,G178325_PS_09
20.0,937,G178325_PS_06
20.0,938,G178325_PS_06
20.0,939,G178325_PS_06
20.0,940,G178325_PS_08
20.0,941,G178325_PS_07
20.0,942,G178325_PS_06
20.0,943,G178325_PS_07
20.0,944,G178325_PS_05
20.0,945,G178325_PS_06
20.0,946,G178325_PS_06
20.0,947,G178325_PS_05
20.0,948,G178325_PS_07
20.0,949,G178325_PS_07
20.0,950,G178325_PS_06
20.0,951,G178325_PS_06
20.0,952,G178325_PS_06
20.0,953,G178325_PS_07
20.0,954,G178325_PS_06
20.0,955,G178325_PS_06
20.0,956,G178325_PS_07
20.0,957,G178325_PS_06
20.0,958,G178325_PS_06
20.0,959,G178325_PS_06
20.0,960,G178325_PS_08
20.0,961,G178325_PS_06
20.0,962,G178325_PS_08
20.0,963,G178325_PS_05
20.0,964,G178325_PS_06
20.0,965,G178325_PS_09
20.0,966,G178325_PS_06
20.0,967,G178325_PS_07
20.0,968,G178325_PS_07
20.0,969,G178325_PS_05
20.0,970,G178325_PS_10
20.0,971,G178325_PS_05
20.0,972,G178325_PS_05
20.0,973,G178325_PS_06
20.0,974,G178325_PS_08
20.0,975,G178325_PS_07
20.0,976,G178325_PS_08
20.0,977,G178325_PS_06
20.0,978,G178325_PS_07
20.0,979,G178325_PS_05
20.0,980,G178325_PS_07
20.0,981,G178325_PS_10
20.0,982,G178325_PS_10
20.0,983,G178325_PS_07
20.0,984,G178325_PS_06
20.0,985,G178325_PS_06
20.0,986,G178325_PS_06
20.0,987,G178325_PS_06
20.0,988,G178325_PS_06
20.0,989,G178325_PS_06
20.0,990,G178325_PS_08
20.0,991,G178325_PS_07
20.0,992,G178325_PS_08
20.0,993,G178325_PS_08
20.0,994,G178325_PS_06
20.0,995,G178325_PS_06
20.0,996,G178325_PS_06
20.0,997,G178325_PS_07
20.0,998,G178325_PS_07
20.0,999,G178325_PS_06
20.0,1000,G178325_PS_06
20.0,1001,G178325_PS_10
20.0,1002,G178325_PS_08
20.0,1003,G178325_PS_09
20.0,1004,G178325_PS_10
20.0,1005,G178325_PS_08
20.0,1006,G178325_PS_10
20.0,1007,G178325_PS_10
20.0,1008,G178325_PS_06
20.0,1009,G178325_PS_06
20.0,1010,G178325_PS_07
20.0,1011,G178325_PS_08
20.0,1012,G178325_PS_06
20.0,1013,G178325_PS_06
20.0,1014,G178325_PS_07
20.0,1015,G178325_PS_07
20.0,1016,G178325_PS_08
20.0,1017,G178325_PS_07
20.0,1018,G178325_PS_07
20.0,1019,G178325_PS_07
20.0,1020,G178325_PS_08
20.0,1021,G178325_PS_06
20.0,1022,G178325_PS_07
20.0,1023,G178325_PS_05
20.0,1024,G178325_PS_06
20.0,1025,G178325_PS_07
20.0,1026,G178325_PS_06
20.0,1027,G178325_PS_08
20.0,1028,G178325_PS_08
20.0,1029,G178325_PS_08
20.0,1030,G178325_PS_06
20.0,1031,G178325_PS_06
20.0,1032,G178325_PS_06
20.0,1033,G178325_PS_06
20.0,1034,G178325_PS_06
20.0,1035,G178325_PS_08
20.0,1036,G178325_PS_07
20.0,1037,G178325_PS_07
20.0,1038,G178325_PS_06
20.0,1039,G178325_PS_06
20.0,1040,G178325_PS_07
20.0,1041,G178325_PS_06
20.0,1042,G178325_PS_06
20.0,1043,G178325_PS_08
20.0,1044,G178325_PS_05
20.0,1045,G178325_PS_10
20.0,1046,G178325_PS_07
20.0,1047,G178325_PS_10
20.0,1048,G178325_PS_06
20.0,1049,G178325_PS_06
20.0,1050,G178325_PS_06
20.0,1051,G178325_PS_05
20.0,1052,G178325_PS_08
20.0,1053,G178325_PS_08
20.0,1054,G178325_PS_06
20.0,1055,G178325_PS_06
20.0,1056,G178325_PS_06
20.0,1057,G178325_PS_06
20.0,1058,G178325_PS_07
20.0,1059,G178325_PS_06
20.0,1060,G178325_PS_06
20.0,1061,G178325_PS_09
20.0,1062,G178325_PS_08
20.0,1063,G178325_PS_07
20.0,1064,G178325_PS_07
20.0,1065,G178325_PS_07
20.0,1066,G178325_PS_06
20.0,1067,G178325_PS_06
20.0,1068,G178325_PS_08
20.0,1069,G178325_PS_07
20.0,1070,G178325_PS_08
20.0,1071,G178325_PS_07
20.0,1072,G178325_PS_06
20.0,1073,G178325_PS_06
20.0,1074,G178325_PS_07
20.0,1075,G178325_PS_07
20.0,1076,G178325_PS_06
20.0,1077,G178325_PS_08
20.0,1078,G178325_PS_08
20.0,1079,G178325_PS_07
20.0,1080,G178325_PS_08
20.0,1081,G178325_PS_06
20.0,1082,G178325_PS_06
20.0,1083,G178325_PS_07
20.0,1084,G178325_PS_06
20.0,1085,G178325_PS_07
20.0,1086,G178325_PS_06
20.0,1087,G178325_PS_06
20.0,1088,G178325_PS_10
20.0,1089,G178325_PS_06
20.0,1090,G178325_PS_10
20.0,1091,G178325_PS_06
20.0,1092,G178325_PS_05
20.0,1093,G178325_PS_08
20.0,1094,G178325_PS_09
20.0,1095,G178325_PS_07
20.0,1096,G178325_PS_06
20.0,1097,G178325_PS_06
20.0,1098,G178325_PS_09
20.0,1099,G178325_PS_06
20.0,1100,G178325_PS_07
20.0,1101,G178325_PS_06
20.0,1102,G178325_PS_07
20.0,1103,G178325_PS_06
20.0,1104,G178325_PS_08
20.0,1105,G178325_PS_06
20.0,1106,G178325_PS_08
20.0,1107,G178325_PS_07
20.0,1108,G178325_PS_05
20.0,1109,G178325_PS_06
20.0,1110,G178325_PS_05
20.0,1111,G178325_PS_10
20.0,1112,G178325_PS_08
20.0,1113,G178325_PS_06
20.0,1114,G178325_PS_06
20.0,1115,G178325_PS_06
20.0,1116,G178325_PS_06
20.0,1117,G178325_PS_06
20.0,1118,G178325_PS_08
20.0,1119,G178325_PS_07
20.0,1120,G178325_PS_10
20.0,1121,G178325_PS_08
20.0,1122,G178325_PS_06
20.0,1123,G178325_PS_10
20.0,1124,G178325_PS_08
20.0,1125,G178325_PS_06
20.0,1126,G178325_PS_08
20.0,1127,G178325_PS_07
20.0,1128,G178325_PS_06
20.0,1129,G178325_PS_06
20.0,1130,G178325_PS_08
20.0,1131,G178325_PS_06
20.0,1132,G178325_PS_06
20.0,1133,G178325_PS_08
20.0,1134,G178325_PS_06
20.0,1135,G178325_PS_08
20.0,1136,G178325_PS_07
20.0,1137,G178325_PS_06
20.0,1138,G178325_PS_06
20.0,1139,G178325_PS_07
20.0,1140,G178325_PS_09
20.0,1141,G178325_PS_10
20.0,1142,G178325_PS_05
20.0,1143,G178325_PS_06
20.0,1144,G178325_PS_07
20.0,1145,G178325_PS_07
20.0,1146,G178325_PS_06
20.0,1147,G178325_PS_07
20.0,1148,G178325_PS_06
20.0,1149,G178325_PS_06
20.0,1150,G178325_PS_07
20.0,1151,G178325_PS_06
20.0,1152,G178325_PS_08
20.0,1153,G178325_PS_08
20.0,1154,G178325_PS_07
20.0,1155,G178325_PS_10
20.0,1156,G178325_PS_07
20.0,1157,G178325_PS_06
20.0,1158,G178325_PS_06
20.0,1159,G178325_PS_08
20.0,1160,G178325_PS_05
20.0,1161,G178325_PS_07
20.0,1162,G178325_PS_06
20.0,1163,G178325_PS_06
20.0,1164,G178325_PS_09
20.0,1165,G178325_PS_06
20.0,1166,G178325_PS_07
20.0,1167,G178325_PS_06
20.0,1168,G178325_PS_05
20.0,1169,G178325_PS_05
20.0,1170,G178325_PS_06
20.0,1171,G178325_PS_07
20.0,1172,G178325_PS_07
20.0,1173,G178325_PS_07
20.0,1174,G178325_PS_07
20.0,1175,G178325_PS_07
20.0,1176,G178325_PS_06
20.0,1177,G178325_PS_10
20.0,1178,G178325_PS_08
20.0,1179,G178325_PS_09
20.0,1180,G178325_PS_10
20.0,1181,G178325_PS_06
20.0,1182,G178325_PS_06
20.0,1183,G178325_PS_06
20.0,1184,G178325_PS_06
20.0,1185,G178325_PS_07
20.0,1186,G178325_PS_08
20.0,1187,G178325_PS_06
20.0,1188,G178325_PS_05
20.0,1189,G178325_PS_08
20.0,1190,G178325_PS_07
20.0,1191,G178325_PS_07
20.0,1192,G178325_PS_08
20.0,1193,G178325_PS_06
20.0,1194,G178325_PS_08
20.0,1195,G178325_PS_06
20.0,1196,G178325_PS_07
20.0,1197,G178325_PS_06
20.0,1198,G178325_PS_05
20.0,1199,G178325_PS_07
20.0,1200,G178325_PS_07
20.0,1201,G178325_PS_10
20.0,1202,G178325_PS_07
20.0,1203,G178325_PS_10
20.0,1204,G178325_PS_07
20.0,1205,G178325_PS_08
20.0,1206,G178325_PS_06
20.0,1207,G178325_PS_06
20.0,1208,G178325_PS_07
20.0,1209,G178325_PS_07
20.0,1210,G178325_PS_07
20.0,1211,G178325_PS_07
20.0,1212,G178325_PS_06
20.0,1213,G178325_PS_05
20.0,1214,G178325_PS_10
20.0,1215,G178325_PS_07
20.0,1216,G178325_PS_07
20.0,1217,G178325_PS_06
20.0,1218,G178325_PS_08
20.0,1219,G178325_PS_07
20.0,1220,G178325_PS_06
20.0,1221,G178325_PS_07
20.0,1222,G178325_PS_08
20.0,1223,G178325_PS_09
20.0,1224,G178325_PS_06
20.0,1225,G178325_PS_10
20.0,1226,G178325_PS_06
20.0,1227,G178325_PS_08
20.0,1228,G178325_PS_08
20.0,1229,G178325_PS_06
20.0,1230,G178325_PS_08
20.0,1231,G178325_PS_06
20.0,1232,G178325_PS_07
20.0,1233,G178325_PS_07
20.0,1234,G178325_PS_10
20.0,1235,G178325_PS_06
20.0,1236,G178325_PS_06
20.0,1237,G178325_PS_06
20.0,1238,G178325_PS_07
20.0,1239,G178325_PS_07
20.0,1240,G178325_PS_07
20.0,1241,G178325_PS_06
20.0,1242,G178325_PS_07
20.0,1243,G178325_PS_06
20.0,1244,G178325_PS_08
20.0,1245,G178325_PS_07
20.0,1246,G178325_PS_07
20.0,1247,G178325_PS_06
20.0,1248,G178325_PS_07
20.0,1249,G178325_PS_07
20.0,1250,G178325_PS_10
20.0,1251,G178325_PS_08
20.0,1252,G178325_PS_07
20.0,1253,G178325_PS_07
20.0,1254,G178325_PS_06
20.0,1255,G178325_PS_07
20.0,1256,G178325_PS_06
20.0,1257,G178325_PS_06
20.0,1258,G178325_PS_06
20.0,1259,G178325_PS_07
20.0,1260,G178325_PS_10
20.0,1261,G178325_PS_07
20.0,1262,G178325_PS_05
20.0,1263,G178325_PS_06
20.0,1264,G178325_PS_06
20.0,1265,G178325_PS_08
20.0,1266,G178325_PS_09
20.0,1267,G178325_PS_07
20.0,1268,G178325_PS_08
20.0,1269,G178325_PS_07
20.0,1270,G178325_PS_06
20.0,1271,G178325_PS_07
20.0,1272,G178325_PS_08
20.0,1273,G178325_PS_09
20.0,1274,G178325_PS_06
20.0,1275,G178325_PS_06
20.0,1276,G178325_PS_09
20.0,1277,G178325_PS_06
20.0,1278,G178325_PS_08
20.0,1279,G178325_PS_07
20.0,1280,G178325_PS_08
20.0,1281,G178325_PS_05
20.0,1282,G178325_PS_07
20.0,1283,G178325_PS_07
20.0,1284,G178325_PS_08
20.0,1285,G178325_PS_07
20.0,1286,G178325_PS_08
20.0,1287,G178325_PS_06
20.0,1288,G178325_PS_07
20.0,1289,G178325_PS_06
20.0,1290,G178325_PS_07
20.0,1291,G178325_PS_07
20.0,1292,G178325_PS_08
20.0,1293,G178325_PS_08
20.0,1294,G178325_PS_06
20.0,1295,G178325_PS_07
20.0,1296,G178325_PS_06
20.0,1297,G178325_PS_08
20.0,1298,G178325_PS_07
20.0,1299,G178325_PS_06
20.0,1300,G178325_PS_10
20.0,1301,G178325_PS_09
20.0,1302,G178325_PS_07
20.0,1303,G178325_PS_07
20.0,1304,G178325_PS_06
20.0,1305,G178325_PS_07
20.0,1306,G178325_PS_08
20.0,1307,G178325_PS_07
20.0,1308,G178325_PS_07
20.0,1309,G178325_PS_07
20.0,1310,G178325_PS_09
20.0,1311,G178325_PS_07
20.0,1312,G178325_PS_06
20.0,1313,G178325_PS_08
20.0,1314,G178325_PS_08
20.0,1315,G178325_PS_08
20.0,1316,G178325_PS_06
20.0,1317,G178325_PS_08
20.0,1318,G178325_PS_07
20.0,1319,G178325_PS_06
20.0,1320,G178325_PS_05
20.0,1321,G178325_PS_08
20.0,1322,G178325_PS_06
20.0,1323,G178325_PS_07
20.0,1324,G178325_PS_08
20.0,1325,G178325_PS_08
20.0,1326,G178325_PS_06
20.0,1327,G178325_PS_12
20.0,1328,G178325_PS_06
20.0,1329,G178325_PS_07
20.0,1330,G178325_PS_06
20.0,1331,G178325_PS_06
20.0,1332,G178325_PS_07
20.0,1333,G178325_PS_08
20.0,1334,G178325_PS_08
20.0,1335,G178325_PS_08
20.0,1336,G178325_PS_07
20.0,1337,G178325_PS_08
20.0,1338,G178325_PS_08
20.0,1339,G178325_PS_06
20.0,1340,G178325_PS_08
20.0,1341,G178325_PS_06
20.0,1342,G178325_PS_08
20.0,1343,G178325_PS_06
20.0,1344,G178325_PS_10
20.0,1345,G178325_PS_06
20.0,1346,G178325_PS_07
20.0,1347,G178325_PS_09
20.0,1348,G178325_PS_07
20.0,1349,G178325_PS_10
20.0,1350,G178325_PS_06
20.0,1351,G178325_PS_06
20.0,1352,G178325_PS_07
20.0,1353,G178325_PS_07
20.0,1354,G178325_PS_06
20.0,1355,G178325_PS_07
20.0,1356,G178325_PS_08
20.0,1357,G178325_PS_06
20.0,1358,G178325_PS_08
20.0,1359,G178325_PS_07
20.0,1360,G178325_PS_06
20.0,1361,G178325_PS_05
20.0,1362,G178325_PS_06
20.0,1363,G178325_PS_06
20.0,1364,G178325_PS_06
20.0,1365,G178325_PS_10
20.0,1366,G178325_PS_06
20.0,1367,G178325_PS_07
20.0,1368,G178325_PS_05
20.0,1369,G178325_PS_06
20.0,1370,G178325_PS_08
20.0,1371,G178325_PS_06
20.0,1372,G178325_PS_06
20.0,1373,G178325_PS_05
20.0,1374,G178325_PS_08
20.0,1375,G178325_PS_07
20.0,1376,G178325_PS_06
20.0,1377,G178325_PS_07
20.0,1378,G178325_PS_06
20.0,1379,G178325_PS_07
20.0,1380,G178325_PS_06
20.0,1381,G178325_PS_07
20.0,1382,G178325_PS_08
20.0,1383,G178325_PS_07
20.0,1384,G178325_PS_07
20.0,1385,G178325_PS_06
20.0,1386,G178325_PS_05
20.0,1387,G178325_PS_06
20.0,1388,G178325_PS_08
20.0,1389,G178325_PS_08
20.0,1390,G178325_PS_08
20.0,1391,G178325_PS_07
20.0,1392,G178325_PS_06
20.0,1393,G178325_PS_07
20.0,1394,G178325_PS_05
20.0,1395,G178325_PS_05
20.0,1396,G178325_PS_06
20.0,1397,G178325_PS_06
20.0,1398,G178325_PS_07
20.0,1399,G178325_PS_07
20.0,1400,G178325_PS_05
20.0,1401,G178325_PS_07
20.0,1402,G178325_PS_07
20.0,1403,G178325_PS_07
20.0,1404,G178325_PS_10
20.0,1405,G178325_PS_06
20.0,1406,G178325_PS_07
20.0,1407,G178325_PS_08
20.0,1408,G178325_PS_07
20.0,1409,G178325_PS_05
20.0,1410,G178325_PS_08
20.0,1411,G178325_PS_06
20.0,1412,G178325_PS_09
20.0,1413,G178325_PS_10
20.0,1414,G178325_PS_07
20.0,1415,G178325_PS_06
20.0,1416,G178325_PS_08
20.0,1417,G178325_PS_08
20.0,1418,G178325_PS_07
20.0,1419,G178325_PS_07
20.0,1420,G178325_PS_10
20.0,1421,G178325_PS_07
20.0,1422,G178325_PS_06
20.0,1423,G178325_PS_06
20.0,1424,G178325_PS_08
20.0,1425,G178325_PS_08
20.0,1426,G178325_PS_05
20.0,1427,G178325_PS_05
20.0,1428,G178325_PS_07
20.0,1429,G178325_PS_08
20.0,1430,G178325_PS_07
20.0,1431,G178325_PS_07
20.0,1432,G178325_PS_07
20.0,1433,G178325_PS_06
20.0,1434,G178325_PS_06
20.0,1435,G178325_PS_05
20.0,1436,G178325_PS_06
20.0,1437,G178325_PS_07
20.0,1438,G178325_PS_07
20.0,1439,G178325_PS_08
20.0,1440,G178325_PS_08
20.0,1441,G178325_PS_10
20.0,1442,G178325_PS_08
20.0,1443,G178325_PS_06
20.0,1444,G178325_PS_08
20.0,1445,G178325_PS_06
20.0,1446,G178325_PS_06
20.0,1447,G178325_PS_06
20.0,1448,G178325_PS_06
20.0,1449,G178325_PS_07
20.0,1450,G178325_PS_09
20.0,1451,G178325_PS_06
20.0,1452,G178325_PS_07
20.0,1453,G178325_PS_06
20.0,1454,G178325_PS_07
20.0,1455,G178325_PS_08
20.0,1456,G178325_PS_06
20.0,1457,G178325_PS_06
20.0,1458,G178325_PS_10
20.0,1459,G178325_PS_07
20.0,1460,G178325_PS_09
20.0,1461,G178325_PS_07
20.0,1462,G178325_PS_06
20.0,1463,G178325_PS_08
20.0,1464,G178325_PS_07
20.0,1465,G178325_PS_06
20.0,1466,G178325_PS_08
20.0,1467,G178325_PS_05
20.0,1468,G178325_PS_07
20.0,1469,G178325_PS_06
20.0,1470,G178325_PS_09
20.0,1471,G178325_PS_07
20.0,1472,G178325_PS_07
20.0,1473,G178325_PS_08
20.0,1474,G178325_PS_06
20.0,1475,G178325_PS_08
20.0,1476,G178325_PS_07
20.0,1477,G178325_PS_08
20.0,1478,G178325_PS_08
20.0,1479,G178325_PS_07
20.0,1480,G178325_PS_07
20.0,1481,G178325_PS_09
20.0,1482,G178325_PS_07
20.0,1483,G178325_PS_07
20.0,1484,G178325_PS_09
20.0,1485,G178325_PS_08
20.0,1486,G178325_PS_09
20.0,1487,G178325_PS_07
20.0,1488,G178325_PS_07
20.0,1489,G178325_PS_07
20.0,1490,G178325_PS_08
20.0,1491,G178325_PS_07
20.0,1492,G178325_PS_06
20.0,1493,G178325_PS_07
20.0,1494,G178325_PS_06
20.0,1495,G178325_PS_10
20.0,1496,G178325_PS_06
20.0,1497,G178325_PS_07
20.0,1498,G178325_PS_07
20.0,1499,G178325_PS_06
20.0,1500,G178325_PS_05
20.0,1501,G178325_PS_08
20.0,1502,G178325_PS_08
20.0,1503,G178325_PS_07
20.0,1504,G178325_PS_07
20.0,1505,G178325_PS_10
20.0,1506,G178325_PS_06
20.0,1507,G178325_PS_06
20.0,1508,G178325_PS_07
20.0,1509,G178325_PS_06
20.0,1510,G178325_PS_08
20.0,1511,G178325_PS_06
20.0,1512,G178325_PS_08
20.0,1513,G178325_PS_08
20.0,1514,G178325_PS_06
20.0,1515,G178325_PS_07
20.0,1516,G178325_PS_06
20.0,1517,G178325_PS_06
20.0,1518,G178325_PS_06
20.0,1519,G178325_PS_06
20.0,1520,G178325_PS_05
20.0,1521,G178325_PS_07
20.0,1522,G178325_PS_06
20.0,1523,G178325_PS_08
20.0,1524,G178325_PS_06
20.0,1525,G178325_PS_06
20.0,1526,G178325_PS_07
20.0,1527,G178325_PS_07
20.0,1528,G178325_PS_08
20.0,1529,G178325_PS_07
20.0,1530,G178325_PS_07
20.0,1531,G178325_PS_06
20.0,1532,G178325_PS_06
20.0,1533,G178325_PS_06
20.0,1534,G178325_PS_06
20.0,1535,G178325_PS_06
20.0,1536,G178325_PS_10
20.0,1537,G178325_PS_06
20.0,1538,G178325_PS_07
20.0,1539,G178325_PS_07
20.0,1540,G178325_PS_08
20.0,1541,G178325_PS_06
20.0,1542,G178325_PS_08
20.0,1543,G178325_PS_06
20.0,1544,G178325_PS_09
20.0,1545,G178325_PS_10
20.0,1546,G178325_PS_05
20.0,1547,G178325_PS_08
20.0,1548,G178325_PS_06
20.0,1549,G178325_PS_06
20.0,1550,G178325_PS_06
20.0,1551,G178325_PS_08
20.0,1552,G178325_PS_07
20.0,1553,G178325_PS_06
20.0,1554,G178325_PS_06
20.0,1555,G178325_PS_07
20.0,1556,G178325_PS_08
20.0,1557,G178325_PS_06
20.0,1558,G178325_PS_08
20.0,1559,G178325_PS_06
20.0,1560,G178325_PS_09
20.0,1561,G178325_PS_08
20.0,1562,G178325_PS_05
20.0,1563,G178325_PS_07
20.0,1564,G178325_PS_07
20.0,1565,G178325_PS_06
20.0,1566,G178325_PS_09
20.0,1567,G178325_PS_06
20.0,1568,G178325_PS_07
20.0,1569,G178325_PS_08
20.0,1570,G178325_PS_06
20.0,1571,G178325_PS_06
20.0,1572,G178325_PS_06
20.0,1573,G178325_PS_08
20.0,1574,G178325_PS_07
20.0,1575,G178325_PS_07
20.0,1576,G178325_PS_06
20.0,1577,G178325_PS_08
20.0,1578,G178325_PS_08
20.0,1579,G178325_PS_10
20.0,1580,G178325_PS_06
20.0,1581,G178325_PS_06
20.0,1582,G178325_PS_07
20.0,1583,G178325_PS_06
20.0,1584,G178325_PS_08
20.0,1585,G178325_PS_08
20.0,1586,G178325_PS_08
20.0,1587,G178325_PS_07
20.0,1588,G178325_PS_09
20.0,1589,G178325_PS_07
20.0,1590,G178325_PS_08
20.0,1591,G178325_PS_05
20.0,1592,G178325_PS_06
20.0,1593,G178325_PS_06
20.0,1594,G178325_PS_06
20.0,1595,G178325_PS_06
20.0,1596,G178325_PS_06
20.0,1597,G178325_PS_05
20.0,1598,G178325_PS_10
20.0,1599,G178325_PS_07
20.0,1600,G178325_PS_09
20.0,1601,G178325_PS_08
20.0,1602,G178325_PS_08
20.0,1603,G178325_PS_07
20.0,1604,G178325_PS_07
20.0,1605,G178325_PS_06
20.0,1606,G178325_PS_06
20.0,1607,G178325_PS_08
20.0,1608,G178325_PS_10
20.0,1609,G178325_PS_06
20.0,1610,G178325_PS_08
20.0,1611,G178325_PS_07
20.0,1612,G178325_PS_07
20.0,1613,G178325_PS_06
20.0,1614,G178325_PS_10
20.0,1615,G178325_PS_07
20.0,1616,G178325_PS_08
20.0,1617,G178325_PS_06
20.0,1618,G178325_PS_07
20.0,1619,G178325_PS_10
20.0,1620,G178325_PS_09
20.0,1621,G178325_PS_06
20.0,1622,G178325_PS_05
20.0,1623,G178325_PS_08
20.0,1624,G178325_PS_06
20.0,1625,G178325_PS_07
20.0,1626,G178325_PS_09
20.0,1627,G178325_PS_06
20.0,1628,G178325_PS_07
20.0,1629,G178325_PS_08
20.0,1630,G178325_PS_07
20.0,1631,G178325_PS_06
20.0,1632,G178325_PS_07
20.0,1633,G178325_PS_09
20.0,1634,G178325_PS_08
20.0,1635,G178325_PS_08
20.0,1636,G178325_PS_08
20.0,1637,G178325_PS_07
20.0,1638,G178325_PS_08
20.0,1639,G178325_PS_06
20.0,1640,G178325_PS_06
20.0,1641,G178325_PS_06
20.0,1642,G178325_PS_08
20.0,1643,G178325_PS_05
20.0,1644,G178325_PS_08
20.0,1645,G178325_PS_06
20.0,1646,G178325_PS_07
20.0,1647,G178325_PS_06
20.0,1648,G178325_PS_07
20.0,1649,G178325_PS_06
20.0,1650,G178325_PS_06
20.0,1651,G178325_PS_07
20.0,1652,G178325_PS_06
20.0,1653,G178325_PS_06
20.0,1654,G178325_PS_06
20.0,1655,G178325_PS_07
20.0,1656,G178325_PS_07
20.0,1657,G178325_PS_12
20.0,1658,G178325_PS_06
20.0,1659,G178325_PS_08
20.0,1660,G178325_PS_05
20.0,1661,G178325_PS_09
20.0,1662,G178325_PS_06
20.0,1663,G178325_PS_08
20.0,1664,G178325_PS_06
20.0,1665,G178325_PS_10
20.0,1666,G178325_PS_06
20.0,1667,G178325_PS_07
20.0,1668,G178325_PS_05
20.0,1669,G178325_PS_08
20.0,1670,G178325_PS_07
20.0,1671,G178325_PS_08
20.0,1672,G178325_PS_06
20.0,1673,G178325_PS_06
20.0,1674,G178325_PS_07
20.0,1675,G178325_PS_07
20.0,1676,G178325_PS_08
20.0,1677,G178325_PS_10
20.0,1678,G178325_PS_06
20.0,1679,G178325_PS_06
20.0,1680,G178325_PS_06
20.0,1681,G178325_PS_05
20.0,1682,G178325_PS_08
20.0,1683,G178325_PS_06
20.0,1684,G178325_PS_05
20.0,1685,G178325_PS_06
20.0,1686,G178325_PS_06
20.0,1687,G178325_PS_06
20.0,1688,G178325_PS_06
20.0,1689,G178325_PS_08
20.0,1690,G178325_PS_08
20.0,1691,G178325_PS_07
20.0,1692,G178325_PS_06
20.0,1693,G178325_PS_07
20.0,1694,G178325_PS_07
20.0,1695,G178325_PS_08
20.0,1696,G178325_PS_07
20.0,1697,G178325_PS_06
20.0,1698,G178325_PS_07
20.0,1699,G178325_PS_05
20.0,1700,G178325_PS_08
20.0,1701,G178325_PS_08
20.0,1702,G178325_PS_09
20.0,1703,G178325_PS_08
20.0,1704,G178325_PS_08
20.0,1705,G178325_PS_06
20.0,1706,G178325_PS_06
20.0,1707,G178325_PS_06
20.0,1708,G178325_PS_08
20.0,1709,G178325_PS_07
20.0,1710,G178325_PS_06
20.0,1711,G178325_PS_07
20.0,1712,G178325_PS_07
20.0,1713,G178325_PS_06
20.0,1714,G178325_PS_08
20.0,1715,G178325_PS_08
20.0,1716,G178325_PS_07
20.0,1717,G178325_PS_05
20.0,1718,G178325_PS_07
20.0,1719,G178325_PS_06
20.0,1720,G178325_PS_10
20.0,1721,G178325_PS_06
20.0,1722,G178325_PS_06
20.0,1723,G178325_PS_07
20.0,1724,G178325_PS_10
20.0,1725,G178325_PS_06
20.0,1726,G178325_PS_06
20.0,1727,G178325_PS_12
20.0,1728,G178325_PS_05
20.0,1729,G178325_PS_08
20.0,1730,G178325_PS_07
20.0,1731,G178325_PS_12
20.0,1732,G178325_PS_09
20.0,1733,G178325_PS_08
20.0,1734,G178325_PS_10
20.0,1735,G178325_PS_06
20.0,1736,G178325_PS_06
20.0,1737,G178325_PS_07
20.0,1738,G178325_PS_08
20.0,1739,G178325_PS_07
20.0,1740,G178325_PS_08
20.0,1741,G178325_PS_07
20.0,1742,G178325_PS_07
20.0,1743,G178325_PS_06
20.0,1744,G178325_PS_10
20.0,1745,G178325_PS_06
20.0,1746,G178325_PS_07
20.0,1747,G178325_PS_10
20.0,1748,G178325_PS_06
20.0,1749,G178325_PS_07
20.0,1750,G178325_PS_08
20.0,1751,G178325_PS_06
20.0,1752,G178325_PS_07
20.0,1753,G178325_PS_07
20.0,1754,G178325_PS_07
20.0,1755,G178325_PS_07
20.0,1756,G178325_PS_08
20.0,1757,G178325_PS_06
20.0,1758,G178325_PS_07
20.0,1759,G178325_PS_08
20.0,1760,G178325_PS_08
20.0,1761,G178325_PS_08
20.0,1762,G178325_PS_06
20.0,1763,G178325_PS_07
20.0,1764,G178325_PS_06
20.0,1765,G178325_PS_05
20.0,1766,G178325_PS_07
20.0,1767,G178325_PS_07
20.0,1768,G178325_PS_06
20.0,1769,G178325_PS_06
20.0,1770,G178325_PS_06
20.0,1771,G178325_PS_05
20.0,1772,G178325_PS_08
20.0,1773,G178325_PS_08
20.0,1774,G178325_PS_07
20.0,1775,G178325_PS_06
20.0,1776,G178325_PS_05
20.0,1777,G178325_PS_06
20.0,1778,G178325_PS_07
20.0,1779,G178325_PS_10
20.0,1780,G178325_PS_07
20.0,1781,G178325_PS_08
20.0,1782,G178325_PS_08
20.0,1783,G178325_PS_07
20.0,1784,G178325_PS_06
20.0,1785,G178325_PS_06
20.0,1786,G178325_PS_06
20.0,1787,G178325_PS_06
20.0,1788,G178325_PS_08
20.0,1789,G178325_PS_07
20.0,1790,G178325_PS_08
20.0,1791,G178325_PS_08
20.0,1792,G178325_PS_08
20.0,1793,G178325_PS_08
20.0,1794,G178325_PS_06
20.0,1795,G178325_PS_05
20.0,1796,G178325_PS_07
20.0,1797,G178325_PS_05
20.0,1798,G178325_PS_06
20.0,1799,G178325_PS_07
20.0,1800,G178325_PS_06
20.0,1801,G178325_PS_08
20.0,1802,G178325_PS_06
20.0,1803,G178325_PS_07
20.0,1804,G178325_PS_06
20.0,1805,G178325_PS_06
20.0,1806,G178325_PS_06
20.0,1807,G178325_PS_06
20.0,1808,G178325_PS_07
20.0,1809,G178325_PS_07
20.0,1810,G178325_PS_06
20.0,1811,G178325_PS_10
20.0,1812,G178325_PS_08
20.0,1813,G178325_PS_08
20.0,1814,G178325_PS_06
20.0,1815,G178325_PS_10
20.0,1816,G178325_PS_09
20.0,1817,G178325_PS_12
20.0,1818,G178325_PS_12
20.0,1819,G178325_PS_07
20.0,1820,G178325_PS_06
20.0,1821,G178325_PS_07
20.0,1822,G178325_PS_07
20.0,1823,G178325_PS_07
20.0,1824,G178325_PS_07
20.0,1825,G178325_PS_06
20.0,1826,G178325_PS_07
20.0,1827,G178325_PS_06
20.0,1828,G178325_PS_07
20.0,1829,G178325_PS_06
20.0,1830,G178325_PS_07
20.0,1831,G178325_PS_06
20.0,1832,G178325_PS_07
20.0,1833,G178325_PS_06
20.0,1834,G178325_PS_08
20.0,1835,G178325_PS_07
20.0,1836,G178325_PS_06
20.0,1837,G178325_PS_06
20.0,1838,G178325_PS_06
20.0,1839,G178325_PS_08
20.0,1840,G178325_PS_07
20.0,1841,G178325_PS_09
20.0,1842,G178325_PS_08
20.0,1843,G178325_PS_10
20.0,1844,G178325_PS_06
20.0,1845,G178325_PS_07
20.0,1846,G178325_PS_06
20.0,1847,G178325_PS_09
20.0,1848,G178325_PS_09
20.0,1849,G178325_PS_06
20.0,1850,G178325_PS_06
20.0,1851,G178325_PS_07
20.0,1852,G178325_PS_10
20.0,1853,G178325_PS_07
20.0,1854,G178325_PS_06
20.0,1855,G178325_PS_08
20.0,1856,G178325_PS_06
20.0,1857,G178325_PS_05
20.0,1858,G178325_PS_07
20.0,1859,G178325_PS_06
20.0,1860,G178325_PS_10
20.0,1861,G178325_PS_09
20.0,1862,G178325_PS_08
20.0,1863,G178325_PS_09
20.0,1864,G178325_PS_07
20.0,1865,G178325_PS_06
20.0,1866,G178325_PS_08
20.0,1867,G178325_PS_09
20.0,1868,G178325_PS_07
20.0,1869,G178325_PS_06
20.0,1870,G178325_PS_09
20.0,1871,G178325_PS_07
20.0,1872,G178325_PS_06
20.0,1873,G178325_PS_07
20.0,1874,G178325_PS_07
20.0,1875,G178325_PS_07
20.0,1876,G178325_PS_08
20.0,1877,G178325_PS_08
20.0,1878,G178325_PS_07
20.0,1879,G178325_PS_06
20.0,1880,G178325_PS_07
20.0,1881,G178325_PS_07
20.0,1882,G178325_PS_07
20.0,1883,G178325_PS_08
20.0,1884,G178325_PS_06
20.0,1885,G178325_PS_06
20.0,1886,G178325_PS_06
20.0,1887,G178325_PS_06
20.0,1888,G178325_PS_07
20.0,1889,G178325_PS_08
20.0,1890,G178325_PS_07
20.0,1891,G178325_PS_08
20.0,1892,G178325_PS_08
20.0,1893,G178325_PS_07
20.0,1894,G178325_PS_06
20.0,1895,G178325_PS_06
20.0,1896,G178325_PS_06
20.0,1897,G178325_PS_06
20.0,1898,G178325_PS_06
20.0,1899,G178325_PS_08
20.0,1900,G178325_PS_07
20.0,1901,G178325_PS_06
20.0,1902,G178325_PS_06
20.0,1903,G178325_PS_06
20.0,1904,G178325_PS_08
20.0,1905,G178325_PS_06
20.0,1906,G178325_PS_10
20.0,1907,G178325_PS_08
20.0,1908,G178325_PS_06
20.0,1909,G178325_PS_12
20.0,1910,G178325_PS_06
20.0,1911,G178325_PS_08
20.0,1912,G178325_PS_08
20.0,1913,G178325_PS_06
20.0,1914,G178325_PS_05
20.0,1915,G178325_PS_08
20.0,1916,G178325_PS_06
20.0,1917,G178325_PS_08
20.0,1918,G178325_PS_06
20.0,1919,G178325_PS_07
20.0,1920,G178325_PS_05
20.0,1921,G178325_PS_06
20.0,1922,G178325_PS_06
20.0,1923,G178325_PS_06
20.0,1924,G178325_PS_06
20.0,1925,G178325_PS_06
20.0,1926,G178325_PS_07
20.0,1927,G178325_PS_07
20.0,1928,G178325_PS_07
20.0,1929,G178325_PS_06
20.0,1930,G178325_PS_06
20.0,1931,G178325_PS_08
20.0,1932,G178325_PS_08
20.0,1933,G178325_PS_06
20.0,1934,G178325_PS_06
20.0,1935,G178325_PS_08
20.0,1936,G178325_PS_07
20.0,1937,G178325_PS_10
20.0,1938,G178325_PS_07
20.0,1939,G178325_PS_07
20.0,1940,G178325_PS_05
20.0,1941,G178325_PS_06
20.0,1942,G178325_PS_08
20.0,1943,G178325_PS_10
20.0,1944,G178325_PS_07
20.0,1945,G178325_PS_06
20.0,1946,G178325_PS_07
20.0,1947,G178325_PS_06
20.0,1948,G178325_PS_05
20.0,1949,G178325_PS_06
20.0,1950,G178325_PS_07
20.0,1951,G178325_PS_07
20.0,1952,G178325_PS_07
20.0,1953,G178325_PS_06
20.0,1954,G178325_PS_07
20.0,1955,G178325_PS_08
20.0,1956,G178325_PS_06
20.0,1957,G178325_PS_07
20.0,1958,G178325_PS_06
20.0,1959,G178325_PS_07
20.0,1960,G178325_PS_07
20.0,1961,G178325_PS_09
20.0,1962,G178325_PS_07
20.0,1963,G178325_PS_08
20.0,1964,G178325_PS_06
20.0,1965,G178325_PS_05
20.0,1966,G178325_PS_07
20.0,1967,G178325_PS_07
20.0,1968,G178325_PS_07
20.0,1969,G178325_PS_08
20.0,1970,G178325_PS_06
20.0,1971,G178325_PS_06
20.0,1972,G178325_PS_08
20.0,1973,G178325_PS_06
20.0,1974,G178325_PS_06
20.0,1975,G178325_PS_06
20.0,1976,G178325_PS_07
20.0,1977,G178325_PS_06
20.0,1978,G178325_PS_06
20.0,1979,G178325_PS_07
20.0,1980,G178325_PS_07
20.0,1981,G178325_PS_06
20.0,1982,G178325_PS_08
20.0,1983,G178325_PS_05
20.0,1984,G178325_PS_06
20.0,1985,G178325_PS_07
20.0,1986,G178325_PS_06
20.0,1987,G178325_PS_08
20.0,1988,G178325_PS_07
20.0,1989,G178325_PS_06
20.0,1990,G178325_PS_06
20.0,1991,G178325_PS_08
20.0,1992,G178325_PS_07
20.0,1993,G178325_PS_06
20.0,1994,G178325_PS_10
20.0,1995,G178325_PS_06
20.0,1996,G178325_PS_07
20.0,1997,G178325_PS_07
20.0,1998,G178325_PS_12
20.0,1999,G178325_PS_07
24.0,0,G178325_PS_08
24.0,1,G178325_PS_08
24.0,2,G178325_PS_08
24.0,3,G178325_PS_08
24.0,4,G178325_PS_11
24.0,5,G178325_PS_08
24.0,6,G178325_PS_08
24.0,7,G178325_PS_08
24.0,8,G178325_PS_08
24.0,9,G178325_PS_08
24.0,10,G178325_PS_08
24.0,11,G178325_PS_12
24.0,12,G178325_PS_12
24.0,13,G178325_PS_08
24.0,14,G178325_PS_08
24.0,15,G178325_PS_08
24.0,16,G178325_PS_08
24.0,17,G178325_PS_08
24.0,18,G178325_PS_11
24.0,19,G178325_PS_11
24.0,20,G178325_PS_10
24.0,21,G178325_PS_08
24.0,22,G178325_PS_11
24.0,23,G178325_PS_09
24.0,24,G178325_PS_08
24.0,25,G178325_PS_08
24.0,26,G178325_PS_08
24.0,27,G178325_PS_10
24.0,28,G178325_PS_12
24.0,29,G178325_PS_08
24.0,30,G178325_PS_11
24.0,31,G178325_PS_08
24.0,32,G178325_PS_08
24.0,33,G178325_PS_08
24.0,34,G178325_PS_08
24.0,35,G178325_PS_11
24.0,36,G178325_PS_08
24.0,37,G178325_PS_08
24.0,38,G178325_PS_12
24.0,39,G178325_PS_12
24.0,40,G178325_PS_08
24.0,41,G178325_PS_08
24.0,42,G178325_PS_08
24.0,43,G178325_PS_08
24.0,44,G178325_PS_08
24.0,45,G178325_PS_08
24.0,46,G178325_PS_11
24.0,47,G178325_PS_08
24.0,48,G178325_PS_11
24.0,49,G178325_PS_10
24.0,50,G178325_PS_08
24.0,51,G178325_PS_11
24.0,52,G178325_PS_10
24.0,53,G178325_PS_11
24.0,54,G178325_PS_12
24.0,55,G178325_PS_08
24.0,56,G178325_PS_10
24.0,57,G178325_PS_08
24.0,58,G178325_PS_12
24.0,59,G178325_PS_08
24.0,60,G178325_PS_08
24.0,61,G178325_PS_08
24.0,62,G178325_PS_08
24.0,63,G178325_PS_08
24.0,64,G178325_PS_11
24.0,65,G178325_PS_08
24.0,66,G178325_PS_08
24.0,67,G178325_PS_08
24.0,68,G178325_PS_12
24.0,69,G178325_PS_06
24.0,70,G178325_PS_10
24.0,71,G178325_PS_08
24.0,72,G178325_PS_08
24.0,73,G178325_PS_11
24.0,74,G178325_PS_08
24.0,75,G178325_PS_08
24.0,76,G178325_PS_12
24.0,77,G178325_PS_08
24.0,78,G178325_PS_08
24.0,79,G178325_PS_12
24.0,80,G178325_PS_08
24.0,81,G178325_PS_08
24.0,82,G178325_PS_12
24.0,83,G178325_PS_08
24.0,84,G178325_PS_08
24.0,85,G178325_PS_08
24.0,86,G178325_PS_08
24.0,87,G178325_PS_08
24.0,88,G178325_PS_08
24.0,89,G178325_PS_08
24.0,90,G178325_PS_11
24.0,91,G178325_PS_08
24.0,92,G178325_PS_08
24.0,93,G178325_PS_08
24.0,94,G178325_PS_08
24.0,95,G178325_PS_08
24.0,96,G178325_PS_08
24.0,97,G178325_PS_12
24.0,98,G178325_PS_08
24.0,99,G178325_PS_08
24.0,100,G178325_PS_08
24.0,101,G178325_PS_11
24.0,102,G178325_PS_10
24.0,103,G178325_PS_08
24.0,104,G178325_PS_08
24.0,105,G178325_PS_12
24.0,106,G178325_PS_08
24.0,107,G178325_PS_08
24.0,108,G178325_PS_12
24.0,109,G178325_PS_08
24.0,110,G178325_PS_11
24.0,111,G178325_PS_08
24.0,112,G178325_PS_08
24.0,113,G178325_PS_08
24.0,114,G178325_PS_08
24.0,115,G178325_PS_08
24.0,116,G178325_PS_08
24.0,117,G178325_PS_08
24.0,118,G178325_PS_11
24.0,119,G178325_PS_08
24.0,120,G178325_PS_11
24.0,121,G178325_PS_12
24.0,122,G178325_PS_10
24.0,123,G178325_PS_11
24.0,124,G178325_PS_12
24.0,125,G178325_PS_08
24.0,126,G178325_PS_10
24.0,127,G178325_PS_12
24.0,128,G178325_PS_10
24.0,129,G178325_PS_10
24.0,130,G178325_PS_08
24.0,131,G178325_PS_08
24.0,132,G178325_PS_08
24.0,133,G178325_PS_12
24.0,134,G178325_PS_08
24.0,135,G178325_PS_11
24.0,136,G178325_PS_08
24.0,137,G178325_PS_12
24.0,138,G178325_PS_08
24.0,139,G178325_PS_12
24.0,140,G178325_PS_08
24.0,141,G178325_PS_08
24.0,142,G178325_PS_10
24.0,143,G178325_PS_08
24.0,144,G178325_PS_08
24.0,145,G178325_PS_10
24.0,146,G178325_PS_08
24.0,147,G178325_PS_08
24.0,148,G178325_PS_10
24.0,149,G178325_PS_11
24.0,150,G178325_PS_08
24.0,151,G178325_PS_10
24.0,152,G178325_PS_08
24.0,153,G178325_PS_08
24.0,154,G178325_PS_08
24.0,155,G178325_PS_10
24.0,156,G178325_PS_08
24.0,157,G178325_PS_08
24.0,158,G178325_PS_12
24.0,159,G178325_PS_08
24.0,160,G178325_PS_08
24.0,161,G178325_PS_10
24.0,162,G178325_PS_08
24.0,163,G178325_PS_08
24.0,164,G178325_PS_08
24.0,165,G178325_PS_08
24.0,166,G178325_PS_08
24.0,167,G178325_PS_09
24.0,168,G178325_PS_08
24.0,169,G178325_PS_08
24.0,170,G178325_PS_08
24.0,171,G178325_PS_10
24.0,172,G178325_PS_08
24.0,173,G178325_PS_08
24.0,174,G178325_PS_08
24.0,175,G178325_PS_05
24.0,176,G178325_PS_11
24.0,177,G178325_PS_08
24.0,178,G178325_PS_11
24.0,179,G178325_PS_08
24.0,180,G178325_PS_08
24.0,181,G178325_PS_10
24.0,182,G178325_PS_11
24.0,183,G178325_PS_08
24.0,184,G178325_PS_08
24.0,185,G178325_PS_08
24.0,186,G178325_PS_10
24.0,187,G178325_PS_08
24.0,188,G178325_PS_10
24.0,189,G178325_PS_12
24.0,190,G178325_PS_12
24.0,191,G178325_PS_08
24.0,192,G178325_PS_11
24.0,193,G178325_PS_08
24.0,194,G178325_PS_08
24.0,195,G178325_PS_08
24.0,196,G178325_PS_08
24.0,197,G178325_PS_10
24.0,198,G178325_PS_08
24.0,199,G178325_PS_08
24.0,200,G178325_PS_08
24.0,201,G178325_PS_08
24.0,202,G178325_PS_11
24.0,203,G178325_PS_08
24.0,204,G178325_PS_11
24.0,205,G178325_PS_08
24.0,206,G178325_PS_12
24.0,207,G178325_PS_08
24.0,208,G178325_PS_08
24.0,209,G178325_PS_08
24.0,210,G178325_PS_08
24.0,211,G178325_PS_10
24.0,212,G178325_PS_08
24.0,213,G178325_PS_08
24.0,214,G178325_PS_10
24.0,215,G178325_PS_08
24.0,216,G178325_PS_08
24.0,217,G178325_PS_08
24.0,218,G178325_PS_08
24.0,219,G178325_PS_12
24.0,220,G178325_PS_08
24.0,221,G178325_PS_11
24.0,222,G178325_PS_08
24.0,223,G178325_PS_08
24.0,224,G178325_PS_11
24.0,225,G178325_PS_08
24.0,226,G178325_PS_08
24.0,227,G178325_PS_08
24.0,228,G178325_PS_08
24.0,229,G178325_PS_08
24.0,230,G178325_PS_08
24.0,231,G178325_PS_12
24.0,232,G178325_PS_08
24.0,233,G178325_PS_08
24.0,234,G178325_PS_08
24.0,235,G178325_PS_08
24.0,236,G178325_PS_08
24.0,237,G178325_PS_12
24.0,238,G178325_PS_08
24.0,239,G178325_PS_09
24.0,240,G178325_PS_12
24.0,241,G178325_PS_10
24.0,242,G178325_PS_10
24.0,243,G178325_PS_10
24.0,244,G178325_PS_10
24.0,245,G178325_PS_10
24.0,246,G178325_PS_08
24.0,247,G178325_PS_08
24.0,248,G178325_PS_08
24.0,249,G178325_PS_11
24.0,250,G178325_PS_08
24.0,251,G178325_PS_08
24.0,252,G178325_PS_11
24.0,253,G178325_PS_10
24.0,254,G178325_PS_08
24.0,255,G178325_PS_10
24.0,256,G178325_PS_08
24.0,257,G178325_PS_08
24.0,258,G178325_PS_09
24.0,259,G178325_PS_12
24.0,260,G178325_PS_08
24.0,261,G178325_PS_08
24.0,262,G178325_PS_10
24.0,263,G178325_PS_08
24.0,264,G178325_PS_12
24.0,265,G178325_PS_08
24.0,266,G178325_PS_08
24.0,267,G178325_PS_08
24.0,268,G178325_PS_08
24.0,269,G178325_PS_08
24.0,270,G178325_PS_08
24.0,271,G178325_PS_12
24.0,272,G178325_PS_08
24.0,273,G178325_PS_12
24.0,274,G178325_PS_10
24.0,275,G178325_PS_11
24.0,276,G178325_PS_10
24.0,277,G178325_PS_08
24.0,278,G178325_PS_08
24.0,279,G178325_PS_12
24.0,280,G178325_PS_08
24.0,281,G178325_PS_12
24.0,282,G178325_PS_08
24.0,283,G178325_PS_11
24.0,284,G178325_PS_08
24.0,285,G178325_PS_08
24.0,286,G178325_PS_12
24.0,287,G178325_PS_10
24.0,288,G178325_PS_08
24.0,289,G178325_PS_08
24.0,290,G178325_PS_09
24.0,291,G178325_PS_12
24.0,292,G178325_PS_08
24.0,293,G178325_PS_12
24.0,294,G178325_PS_12
24.0,295,G178325_PS_10
24.0,296,G178325_PS_08
24.0,297,G178325_PS_08
24.0,298,G178325_PS_06
24.0,299,G178325_PS_08
24.0,300,G178325_PS_12
24.0,301,G178325_PS_10
24.0,302,G178325_PS_08
24.0,303,G178325_PS_08
24.0,304,G178325_PS_12
24.0,305,G178325_PS_12
24.0,306,G178325_PS_08
24.0,307,G178325_PS_08
24.0,308,G178325_PS_08
24.0,309,G178325_PS_11
24.0,310,G178325_PS_08
24.0,311,G178325_PS_08
24.0,312,G178325_PS_12
24.0,313,G178325_PS_08
24.0,314,G178325_PS_11
24.0,315,G178325_PS_08
24.0,316,G178325_PS_12
24.0,317,G178325_PS_11
24.0,318,G178325_PS_12
24.0,319,G178325_PS_08
24.0,320,G178325_PS_08
24.0,321,G178325_PS_12
24.0,322,G178325_PS_10
24.0,323,G178325_PS_08
24.0,324,G178325_PS_11
24.0,325,G178325_PS_11
24.0,326,G178325_PS_08
24.0,327,G178325_PS_08
24.0,328,G178325_PS_08
24.0,329,G178325_PS_08
24.0,330,G178325_PS_08
24.0,331,G178325_PS_08
24.0,332,G178325_PS_10
24.0,333,G178325_PS_08
24.0,334,G178325_PS_08
24.0,335,G178325_PS_12
24.0,336,G178325_PS_08
24.0,337,G178325_PS_08
24.0,338,G178325_PS_08
24.0,339,G178325_PS_08
24.0,340,G178325_PS_11
24.0,341,G178325_PS_08
24.0,342,G178325_PS_08
24.0,343,G178325_PS_08
24.0,344,G178325_PS_12
24.0,345,G178325_PS_08
24.0,346,G178325_PS_08
24.0,347,G178325_PS_10
24.0,348,G178325_PS_08
24.0,349,G178325_PS_08
24.0,350,G178325_PS_08
24.0,351,G178325_PS_12
24.0,352,G178325_PS_08
24.0,353,G178325_PS_10
24.0,354,G178325_PS_11
24.0,355,G178325_PS_11
24.0,356,G178325_PS_12
24.0,357,G178325_PS_08
24.0,358,G178325_PS_10
24.0,359,G178325_PS_12
24.0,360,G178325_PS_11
24.0,361,G178325_PS_08
24.0,362,G178325_PS_08
24.0,363,G178325_PS_11
24.0,364,G178325_PS_10
24.0,365,G178325_PS_08
24.0,366,G178325_PS_10
24.0,367,G178325_PS_08
24.0,368,G178325_PS_12
24.0,369,G178325_PS_08
24.0,370,G178325_PS_08
24.0,371,G178325_PS_08
24.0,372,G178325_PS_08
24.0,373,G178325_PS_08
24.0,374,G178325_PS_08
24.0,375,G178325_PS_08
24.0,376,G178325_PS_08
24.0,377,G178325_PS_11
24.0,378,G178325_PS_08
24.0,379,G178325_PS_08
24.0,380,G178325_PS_08
24.0,381,G178325_PS_12
24.0,382,G178325_PS_08
24.0,383,G178325_PS_08
24.0,384,G178325_PS_08
24.0,385,G178325_PS_11
24.0,386,G178325_PS_08
24.0,387,G178325_PS_08
24.0,388,G178325_PS_08
24.0,389,G178325_PS_08
24.0,390,G178325_PS_08
24.0,391,G178325_PS_08
24.0,392,G178325_PS_08
24.0,393,G178325_PS_08
24.0,394,G178325_PS_08
24.0,395,G178325_PS_08
24.0,396,G178325_PS_12
24.0,397,G178325_PS_08
24.0,398,G178325_PS_08
24.0,399,G178325_PS_08
24.0,400,G178325_PS_08
24.0,401,G178325_PS_10
24.0,402,G178325_PS_08
24.0,403,G178325_PS_08
24.0,404,G178325_PS_08
24.0,405,G178325_PS_10
24.0,406,G178325_PS_09
24.0,407,G178325_PS_08
24.0,408,G178325_PS_08
24.0,409,G178325_PS_08
24.0,410,G178325_PS_08
24.0,411,G178325_PS_10
24.0,412,G178325_PS_08
24.0,413,G178325_PS_08
24.0,414,G178325_PS_08
24.0,415,G178325_PS_08
24.0,416,G178325_PS_12
24.0,417,G178325_PS_10
24.0,418,G178325_PS_11
24.0,419,G178325_PS_08
24.0,420,G178325_PS_08
24.0,421,G178325_PS_08
24.0,422,G178325_PS_10
24.0,423,G178325_PS_07
24.0,424,G178325_PS_08
24.0,425,G178325_PS_10
24.0,426,G178325_PS_08
24.0,427,G178325_PS_10
24.0,428,G178325_PS_11
24.0,429,G178325_PS_08
24.0,430,G178325_PS_08
24.0,431,G178325_PS_08
24.0,432,G178325_PS_09
24.0,433,G178325_PS_08
24.0,434,G178325_PS_12
24.0,435,G178325_PS_08
24.0,436,G178325_PS_10
24.0,437,G178325_PS_10
24.0,438,G178325_PS_08
24.0,439,G178325_PS_08
24.0,440,G178325_PS_08
24.0,441,G178325_PS_08
24.0,442,G178325_PS_08
24.0,443,G178325_PS_08
24.0,444,G178325_PS_10
24.0,445,G178325_PS_10
24.0,446,G178325_PS_08
24.0,447,G178325_PS_08
24.0,448,G178325_PS_08
24.0,449,G178325_PS_08
24.0,450,G178325_PS_08
24.0,451,G178325_PS_09
24.0,452,G178325_PS_10
24.0,453,G178325_PS_08
24.0,454,G178325_PS_10
24.0,455,G178325_PS_12
24.0,456,G178325_PS_08
24.0,457,G178325_PS_11
24.0,458,G178325_PS_08
24.0,459,G178325_PS_08
24.0,460,G178325_PS_10
24.0,461,G178325_PS_11
24.0,462,G178325_PS_08
24.0,463,G178325_PS_08
24.0,464,G178325_PS_06
24.0,465,G178325_PS_06
24.0,466,G178325_PS_12
24.0,467,G178325_PS_10
24.0,468,G178325_PS_08
24.0,469,G178325_PS_12
24.0,470,G178325_PS_08
24.0,471,G178325_PS_08
24.0,472,G178325_PS_12
24.0,473,G178325_PS_08
24.0,474,G178325_PS_12
24.0,475,G178325_PS_12
24.0,476,G178325_PS_08
24.0,477,G178325_PS_08
24.0,478,G178325_PS_12
24.0,479,G178325_PS_08
24.0,480,G178325_PS_08
24.0,481,G178325_PS_10
24.0,482,G178325_PS_11
24.0,483,G178325_PS_08
24.0,484,G178325_PS_08
24.0,485,G178325_PS_08
24.0,486,G178325_PS_08
24.0,487,G178325_PS_08
24.0,488,G178325_PS_09
24.0,489,G178325_PS_08
24.0,490,G178325_PS_08
24.0,491,G178325_PS_08
24.0,492,G178325_PS_08
24.0,493,G178325_PS_08
24.0,494,G178325_PS_08
24.0,495,G178325_PS_08
24.0,496,G178325_PS_10
24.0,497,G178325_PS_08
24.0,498,G178325_PS_10
24.0,499,G178325_PS_08
24.0,500,G178325_PS_08
24.0,501,G178325_PS_08
24.0,502,G178325_PS_12
24.0,503,G178325_PS_11
24.0,504,G178325_PS_12
24.0,505,G178325_PS_08
24.0,506,G178325_PS_11
24.0,507,G178325_PS_08
24.0,508,G178325_PS_08
24.0,509,G178325_PS_12
24.0,510,G178325_PS_08
24.0,511,G178325_PS_08
24.0,512,G178325_PS_12
24.0,513,G178325_PS_08
24.0,514,G178325_PS_08
24.0,515,G178325_PS_08
24.0,516,G178325_PS_08
24.0,517,G178325_PS_08
24.0,518,G178325_PS_08
24.0,519,G178325_PS_08
24.0,520,G178325_PS_08
24.0,521,G178325_PS_08
24.0,522,G178325_PS_10
24.0,523,G178325_PS_11
24.0,524,G178325_PS_11
24.0,525,G178325_PS_08
24.0,526,G178325_PS_08
24.0,527,G178325_PS_08
24.0,528,G178325_PS_12
24.0,529,G178325_PS_08
24.0,530,G178325_PS_08
24.0,531,G178325_PS_08
24.0,532,G178325_PS_10
24.0,533,G178325_PS_08
24.0,534,G178325_PS_08
24.0,535,G178325_PS_08
24.0,536,G178325_PS_08
24.0,537,G178325_PS_12
24.0,538,G178325_PS_08
24.0,539,G178325_PS_10
24.0,540,G178325_PS_11
24.0,541,G178325_PS_08
24.0,542,G178325_PS_12
24.0,543,G178325_PS_08
24.0,544,G178325_PS_12
24.0,545,G178325_PS_08
24.0,546,G178325_PS_08
24.0,547,G178325_PS_12
24.0,548,G178325_PS_08
24.0,549,G178325_PS_08
24.0,550,G178325_PS_08
24.0,551,G178325_PS_08
24.0,552,G178325_PS_10
24.0,553,G178325_PS_08
24.0,554,G178325_PS_08
24.0,555,G178325_PS_08
24.0,556,G178325_PS_12
24.0,557,G178325_PS_08
24.0,558,G178325_PS_08
24.0,559,G178325_PS_11
24.0,560,G178325_PS_08
24.0,561,G178325_PS_12
24.0,562,G178325_PS_08
24.0,563,G178325_PS_08
24.0,564,G178325_PS_08
24.0,565,G178325_PS_12
24.0,566,G178325_PS_08
24.0,567,G178325_PS_08
24.0,568,G178325_PS_11
24.0,569,G178325_PS_11
24.0,570,G178325_PS_08
24.0,571,G178325_PS_10
24.0,572,G178325_PS_12
24.0,573,G178325_PS_08
24.0,574,G178325_PS_12
24.0,575,G178325_PS_10
24.0,576,G178325_PS_08
24.0,577,G178325_PS_10
24.0,578,G178325_PS_08
24.0,579,G178325_PS_08
24.0,580,G178325_PS_12
24.0,581,G178325_PS_08
24.0,582,G178325_PS_12
24.0,583,G178325_PS_08
24.0,584,G178325_PS_12
24.0,585,G178325_PS_10
24.0,586,G178325_PS_08
24.0,587,G178325_PS_08
24.0,588,G178325_PS_10
24.0,589,G178325_PS_08
24.0,590,G178325_PS_08
24.0,591,G178325_PS_08
24.0,592,G178325_PS_08
24.0,593,G178325_PS_08
24.0,594,G178325_PS_08
24.0,595,G178325_PS_08
24.0,596,G178325_PS_11
24.0,597,G178325_PS_08
24.0,598,G178325_PS_11
24.0,599,G178325_PS_10
24.0,600,G178325_PS_08
24.0,601,G178325_PS_08
24.0,602,G178325_PS_08
24.0,603,G178325_PS_12
24.0,604,G178325_PS_12
24.0,605,G178325_PS_11
24.0,606,G178325_PS_11
24.0,607,G178325_PS_10
24.0,608,G178325_PS_11
24.0,609,G178325_PS_11
24.0,610,G178325_PS_10
24.0,611,G178325_PS_12
24.0,612,G178325_PS_10
24.0,613,G178325_PS_11
24.0,614,G178325_PS_08
24.0,615,G178325_PS_08
24.0,616,G178325_PS_09
24.0,617,G178325_PS_08
24.0,618,G178325_PS_08
24.0,619,G178325_PS_10
24.0,620,G178325_PS_12
24.0,621,G178325_PS_08
24.0,622,G178325_PS_08
24.0,623,G178325_PS_11
24.0,624,G178325_PS_08
24.0,625,G178325_PS_08
24.0,626,G178325_PS_08
24.0,627,G178325_PS_08
24.0,628,G178325_PS_08
24.0,629,G178325_PS_12
24.0,630,G178325_PS_08
24.0,631,G178325_PS_11
24.0,632,G178325_PS_08
24.0,633,G178325_PS_11
24.0,634,G178325_PS_10
24.0,635,G178325_PS_08
24.0,636,G178325_PS_11
24.0,637,G178325_PS_08
24.0,638,G178325_PS_08
24.0,639,G178325_PS_12
24.0,640,G178325_PS_08
24.0,641,G178325_PS_08
24.0,642,G178325_PS_08
24.0,643,G178325_PS_10
24.0,644,G178325_PS_12
24.0,645,G178325_PS_12
24.0,646,G178325_PS_12
24.0,647,G178325_PS_10
24.0,648,G178325_PS_08
24.0,649,G178325_PS_08
24.0,650,G178325_PS_11
24.0,651,G178325_PS_08
24.0,652,G178325_PS_08
24.0,653,G178325_PS_11
24.0,654,G178325_PS_08
24.0,655,G178325_PS_08
24.0,656,G178325_PS_08
24.0,657,G178325_PS_08
24.0,658,G178325_PS_08
24.0,659,G178325_PS_08
24.0,660,G178325_PS_08
24.0,661,G178325_PS_08
24.0,662,G178325_PS_11
24.0,663,G178325_PS_08
24.0,664,G178325_PS_08
24.0,665,G178325_PS_11
24.0,666,G178325_PS_11
24.0,667,G178325_PS_11
24.0,668,G178325_PS_11
24.0,669,G178325_PS_08
24.0,670,G178325_PS_11
24.0,671,G178325_PS_08
24.0,672,G178325_PS_10
24.0,673,G178325_PS_11
24.0,674,G178325_PS_08
24.0,675,G178325_PS_08
24.0,676,G178325_PS_08
24.0,677,G178325_PS_12
24.0,678,G178325_PS_08
24.0,679,G178325_PS_08
24.0,680,G178325_PS_08
24.0,681,G178325_PS_08
24.0,682,G178325_PS_08
24.0,683,G178325_PS_08
24.0,684,G178325_PS_10
24.0,685,G178325_PS_08
24.0,686,G178325_PS_08
24.0,687,G178325_PS_08
24.0,688,G178325_PS_12
24.0,689,G178325_PS_10
24.0,690,G178325_PS_10
24.0,691,G178325_PS_08
24.0,692,G178325_PS_10
24.0,693,G178325_PS_12
24.0,694,G178325_PS_08
24.0,695,G178325_PS_10
24.0,696,G178325_PS_08
24.0,697,G178325_PS_08
24.0,698,G178325_PS_08
24.0,699,G178325_PS_08
24.0,700,G178325_PS_08
24.0,701,G178325_PS_11
24.0,702,G178325_PS_10
24.0,703,G178325_PS_08
24.0,704,G178325_PS_12
24.0,705,G178325_PS_08
24.0,706,G178325_PS_08
24.0,707,G178325_PS_12
24.0,708,G178325_PS_09
24.0,709,G178325_PS_08
24.0,710,G178325_PS_11
24.0,711,G178325_PS_08
24.0,712,G178325_PS_08
24.0,713,G178325_PS_10
24.0,714,G178325_PS_12
24.0,715,G178325_PS_08
24.0,716,G178325_PS_08
24.0,717,G178325_PS_08
24.0,718,G178325_PS_10
24.0,719,G178325_PS_10
24.0,720,G178325_PS_10
24.0,721,G178325_PS_08
24.0,722,G178325_PS_09
24.0,723,G178325_PS_08
24.0,724,G178325_PS_10
24.0,725,G178325_PS_08
24.0,726,G178325_PS_08
24.0,727,G178325_PS_10
24.0,728,G178325_PS_08
24.0,729,G178325_PS_08
24.0,730,G178325_PS_08
24.0,731,G178325_PS_08
24.0,732,G178325_PS_08
24.0,733,G178325_PS_08
24.0,734,G178325_PS_08
24.0,735,G178325_PS_08
24.0,736,G178325_PS_08
24.0,737,G178325_PS_08
24.0,738,G178325_PS_08
24.0,739,G178325_PS_08
24.0,740,G178325_PS_08
24.0,741,G178325_PS_11
24.0,742,G178325_PS_08
24.0,743,G178325_PS_08
24.0,744,G178325_PS_08
24.0,745,G178325_PS_08
24.0,746,G178325_PS_08
24.0,747,G178325_PS_12
24.0,748,G178325_PS_08
24.0,749,G178325_PS_12
24.0,750,G178325_PS_08
24.0,751,G178325_PS_11
24.0,752,G178325_PS_08
24.0,753,G178325_PS_11
24.0,754,G178325_PS_12
24.0,755,G178325_PS_10
24.0,756,G178325_PS_10
24.0,757,G178325_PS_09
24.0,758,G178325_PS_11
24.0,759,G178325_PS_08
24.0,760,G178325_PS_08
24.0,761,G178325_PS_08
24.0,762,G178325_PS_12
24.0,763,G178325_PS_08
24.0,764,G178325_PS_08
24.0,765,G178325_PS_10
24.0,766,G178325_PS_10
24.0,767,G178325_PS_06
24.0,768,G178325_PS_08
24.0,769,G178325_PS_12
24.0,770,G178325_PS_10
24.0,771,G178325_PS_09
24.0,772,G178325_PS_08
24.0,773,G178325_PS_08
24.0,774,G178325_PS_08
24.0,775,G178325_PS_06
24.0,776,G178325_PS_12
24.0,777,G178325_PS_08
24.0,778,G178325_PS_06
24.0,779,G178325_PS_08
24.0,780,G178325_PS_08
24.0,781,G178325_PS_08
24.0,782,G178325_PS_08
24.0,783,G178325_PS_08
24.0,784,G178325_PS_10
24.0,785,G178325_PS_08
24.0,786,G178325_PS_09
24.0,787,G178325_PS_12
24.0,788,G178325_PS_08
24.0,789,G178325_PS_08
24.0,790,G178325_PS_10
24.0,791,G178325_PS_08
24.0,792,G178325_PS_11
24.0,793,G178325_PS_08
24.0,794,G178325_PS_08
24.0,795,G178325_PS_08
24.0,796,G178325_PS_05
24.0,797,G178325_PS_09
24.0,798,G178325_PS_08
24.0,799,G178325_PS_08
24.0,800,G178325_PS_11
24.0,801,G178325_PS_11
24.0,802,G178325_PS_06
24.0,803,G178325_PS_10
24.0,804,G178325_PS_08
24.0,805,G178325_PS_11
24.0,806,G178325_PS_08
24.0,807,G178325_PS_08
24.0,808,G178325_PS_08
24.0,809,G178325_PS_12
24.0,810,G178325_PS_08
24.0,811,G178325_PS_08
24.0,812,G178325_PS_08
24.0,813,G178325_PS_10
24.0,814,G178325_PS_08
24.0,815,G178325_PS_11
24.0,816,G178325_PS_11
24.0,817,G178325_PS_08
24.0,818,G178325_PS_08
24.0,819,G178325_PS_10
24.0,820,G178325_PS_08
24.0,821,G178325_PS_08
24.0,822,G178325_PS_08
24.0,823,G178325_PS_10
24.0,824,G178325_PS_12
24.0,825,G178325_PS_08
24.0,826,G178325_PS_08
24.0,827,G178325_PS_08
24.0,828,G178325_PS_09
24.0,829,G178325_PS_12
24.0,830,G178325_PS_12
24.0,831,G178325_PS_12
24.0,832,G178325_PS_12
24.0,833,G178325_PS_08
24.0,834,G178325_PS_10
24.0,835,G178325_PS_11
24.0,836,G178325_PS_12
24.0,837,G178325_PS_10
24.0,838,G178325_PS_08
24.0,839,G178325_PS_08
24.0,840,G178325_PS_08
24.0,841,G178325_PS_11
24.0,842,G178325_PS_10
24.0,843,G178325_PS_11
24.0,844,G178325_PS_08
24.0,845,G178325_PS_08
24.0,846,G178325_PS_11
24.0,847,G178325_PS_11
24.0,848,G178325_PS_08
24.0,849,G178325_PS_11
24.0,850,G178325_PS_08
24.0,851,G178325_PS_08
24.0,852,G178325_PS_08
24.0,853,G178325_PS_11
24.0,854,G178325_PS_12
24.0,855,G178325_PS_08
24.0,856,G178325_PS_08
24.0,857,G178325_PS_10
24.0,858,G178325_PS_12
24.0,859,G178325_PS_08
24.0,860,G178325_PS_08
24.0,861,G178325_PS_08
24.0,862,G178325_PS_08
24.0,863,G178325_PS_10
24.0,864,G178325_PS_08
24.0,865,G178325_PS_09
24.0,866,G178325_PS_08
24.0,867,G178325_PS_12
24.0,868,G178325_PS_08
24.0,869,G178325_PS_10
24.0,870,G178325_PS_10
24.0,871,G178325_PS_11
24.0,872,G178325_PS_08
24.0,873,G178325_PS_12
24.0,874,G178325_PS_11
24.0,875,G178325_PS_11
24.0,876,G178325_PS_12
24.0,877,G178325_PS_11
24.0,878,G178325_PS_10
24.0,879,G178325_PS_08
24.0,880,G178325_PS_11
24.0,881,G178325_PS_08
24.0,882,G178325_PS_06
24.0,883,G178325_PS_08
24.0,884,G178325_PS_08
24.0,885,G178325_PS_12
24.0,886,G178325_PS_09
24.0,887,G178325_PS_12
24.0,888,G178325_PS_08
24.0,889,G178325_PS_12
24.0,890,G178325_PS_12
24.0,891,G178325_PS_08
24.0,892,G178325_PS_08
24.0,893,G178325_PS_08
24.0,894,G178325_PS_11
24.0,895,G178325_PS_08
24.0,896,G178325_PS_08
24.0,897,G178325_PS_11
24.0,898,G178325_PS_10
24.0,899,G178325_PS_10
24.0,900,G178325_PS_08
24.0,901,G178325_PS_08
24.0,902,G178325_PS_08
24.0,903,G178325_PS_11
24.0,904,G178325_PS_08
24.0,905,G178325_PS_09
24.0,906,G178325_PS_08
24.0,907,G178325_PS_11
24.0,908,G178325_PS_08
24.0,909,G178325_PS_12
24.0,910,G178325_PS_08
24.0,911,G178325_PS_08
24.0,912,G178325_PS_08
24.0,913,G178325_PS_08
24.0,914,G178325_PS_10
24.0,915,G178325_PS_10
24.0,916,G178325_PS_11
24.0,917,G178325_PS_08
24.0,918,G178325_PS_08
24.0,919,G178325_PS_08
24.0,920,G178325_PS_10
24.0,921,G178325_PS_08
24.0,922,G178325_PS_08
24.0,923,G178325_PS_08
24.0,924,G178325_PS_12
24.0,925,G178325_PS_08
24.0,926,G178325_PS_10
24.0,927,G178325_PS_11
24.0,928,G178325_PS_08
24.0,929,G178325_PS_08
24.0,930,G178325_PS_08
24.0,931,G178325_PS_08
24.0,932,G178325_PS_08
24.0,933,G178325_PS_08
24.0,934,G178325_PS_08
24.0,935,G178325_PS_10
24.0,936,G178325_PS_09
24.0,937,G178325_PS_08
24.0,938,G178325_PS_08
24.0,939,G178325_PS_08
24.0,940,G178325_PS_08
24.0,941,G178325_PS_11
24.0,942,G178325_PS_08
24.0,943,G178325_PS_08
24.0,944,G178325_PS_08
24.0,945,G178325_PS_08
24.0,946,G178325_PS_08
24.0,947,G178325_PS_08
24.0,948,G178325_PS_12
24.0,949,G178325_PS_11
24.0,950,G178325_PS_08
24.0,951,G178325_PS_08
24.0,952,G178325_PS_08
24.0,953,G178325_PS_11
24.0,954,G178325_PS_08
24.0,955,G178325_PS_08
24.0,956,G178325_PS_11
24.0,957,G178325_PS_08
24.0,958,G178325_PS_08
24.0,959,G178325_PS_08
24.0,960,G178325_PS_08
24.0,961,G178325_PS_08
24.0,962,G178325_PS_08
24.0,963,G178325_PS_10
24.0,964,G178325_PS_08
24.0,965,G178325_PS_10
24.0,966,G178325_PS_06
24.0,967,G178325_PS_12
24.0,968,G178325_PS_12
24.0,969,G178325_PS_10
24.0,970,G178325_PS_10
24.0,971,G178325_PS_10
24.0,972,G178325_PS_08
24.0,973,G178325_PS_10
24.0,974,G178325_PS_08
24.0,975,G178325_PS_08
24.0,976,G178325_PS_08
24.0,977,G178325_PS_08
24.0,978,G178325_PS_12
24.0,979,G178325_PS_10
24.0,980,G178325_PS_11
24.0,981,G178325_PS_10
24.0,982,G178325_PS_10
24.0,983,G178325_PS_10
24.0,984,G178325_PS_08
24.0,985,G178325_PS_08
24.0,986,G178325_PS_08
24.0,987,G178325_PS_08
24.0,988,G178325_PS_08
24.0,989,G178325_PS_08
24.0,990,G178325_PS_08
24.0,991,G178325_PS_08
24.0,992,G178325_PS_08
24.0,993,G178325_PS_08
24.0,994,G178325_PS_08
24.0,995,G178325_PS_08
24.0,996,G178325_PS_08
24.0,997,G178325_PS_11
24.0,998,G178325_PS_12
24.0,999,G178325_PS_08
24.0,1000,G178325_PS_10
24.0,1001,G178325_PS_10
24.0,1002,G178325_PS_08
24.0,1003,G178325_PS_10
24.0,1004,G178325_PS_10
24.0,1005,G178325_PS_08
24.0,1006,G178325_PS_10
24.0,1007,G178325_PS_10
24.0,1008,G178325_PS_08
24.0,1009,G178325_PS_08
24.0,1010,G178325_PS_12
24.0,1011,G178325_PS_08
24.0,1012,G178325_PS_08
24.0,1013,G178325_PS_08
24.0,1014,G178325_PS_12
24.0,1015,G178325_PS_11
24.0,1016,G178325_PS_08
24.0,1017,G178325_PS_12
24.0,1018,G178325_PS_12
24.0,1019,G178325_PS_11
24.0,1020,G178325_PS_08
24.0,1021,G178325_PS_08
24.0,1022,G178325_PS_10
24.0,1023,G178325_PS_10
24.0,1024,G178325_PS_08
24.0,1025,G178325_PS_12
24.0,1026,G178325_PS_08
24.0,1027,G178325_PS_08
24.0,1028,G178325_PS_08
24.0,1029,G178325_PS_08
24.0,1030,G178325_PS_08
24.0,1031,G178325_PS_08
24.0,1032,G178325_PS_08
24.0,1033,G178325_PS_08
24.0,1034,G178325_PS_08
24.0,1035,G178325_PS_08
24.0,1036,G178325_PS_11
24.0,1037,G178325_PS_11
24.0,1038,G178325_PS_08
24.0,1039,G178325_PS_08
24.0,1040,G178325_PS_12
24.0,1041,G178325_PS_09
24.0,1042,G178325_PS_06
24.0,1043,G178325_PS_08
24.0,1044,G178325_PS_08
24.0,1045,G178325_PS_10
24.0,1046,G178325_PS_12
24.0,1047,G178325_PS_10
24.0,1048,G178325_PS_08
24.0,1049,G178325_PS_08
24.0,1050,G178325_PS_08
24.0,1051,G178325_PS_10
24.0,1052,G178325_PS_08
24.0,1053,G178325_PS_08
24.0,1054,G178325_PS_08
24.0,1055,G178325_PS_08
24.0,1056,G178325_PS_08
24.0,1057,G178325_PS_08
24.0,1058,G178325_PS_12
24.0,1059,G178325_PS_08
24.0,1060,G178325_PS_08
24.0,1061,G178325_PS_10
24.0,1062,G178325_PS_08
24.0,1063,G178325_PS_12
24.0,1064,G178325_PS_08
24.0,1065,G178325_PS_11
24.0,1066,G178325_PS_08
24.0,1067,G178325_PS_08
24.0,1068,G178325_PS_08
24.0,1069,G178325_PS_11
24.0,1070,G178325_PS_08
24.0,1071,G178325_PS_11
24.0,1072,G178325_PS_10
24.0,1073,G178325_PS_08
24.0,1074,G178325_PS_12
24.0,1075,G178325_PS_12
24.0,1076,G178325_PS_08
24.0,1077,G178325_PS_08
24.0,1078,G178325_PS_08
24.0,1079,G178325_PS_12
24.0,1080,G178325_PS_08
24.0,1081,G178325_PS_08
24.0,1082,G178325_PS_08
24.0,1083,G178325_PS_08
24.0,1084,G178325_PS_08
24.0,1085,G178325_PS_08
24.0,1086,G178325_PS_06
24.0,1087,G178325_PS_08
24.0,1088,G178325_PS_10
24.0,1089,G178325_PS_08
24.0,1090,G178325_PS_10
24.0,1091,G178325_PS_08
24.0,1092,G178325_PS_10
24.0,1093,G178325_PS_08
24.0,1094,G178325_PS_10
24.0,1095,G178325_PS_12
24.0,1096,G178325_PS_08
24.0,1097,G178325_PS_08
24.0,1098,G178325_PS_09
24.0,1099,G178325_PS_08
24.0,1100,G178325_PS_12
24.0,1101,G178325_PS_08
24.0,1102,G178325_PS_08
24.0,1103,G178325_PS_08
24.0,1104,G178325_PS_08
24.0,1105,G178325_PS_08
24.0,1106,G178325_PS_11
24.0,1107,G178325_PS_11
24.0,1108,G178325_PS_10
24.0,1109,G178325_PS_06
24.0,1110,G178325_PS_08
24.0,1111,G178325_PS_10
24.0,1112,G178325_PS_08
24.0,1113,G178325_PS_08
24.0,1114,G178325_PS_08
24.0,1115,G178325_PS_08
24.0,1116,G178325_PS_08
24.0,1117,G178325_PS_08
24.0,1118,G178325_PS_08
24.0,1119,G178325_PS_11
24.0,1120,G178325_PS_10
24.0,1121,G178325_PS_08
24.0,1122,G178325_PS_08
24.0,1123,G178325_PS_10
24.0,1124,G178325_PS_08
24.0,1125,G178325_PS_08
24.0,1126,G178325_PS_08
24.0,1127,G178325_PS_08
24.0,1128,G178325_PS_10
24.0,1129,G178325_PS_08
24.0,1130,G178325_PS_08
24.0,1131,G178325_PS_08
24.0,1132,G178325_PS_08
24.0,1133,G178325_PS_08
24.0,1134,G178325_PS_08
24.0,1135,G178325_PS_08
24.0,1136,G178325_PS_11
24.0,1137,G178325_PS_08
24.0,1138,G178325_PS_08
24.0,1139,G178325_PS_12
24.0,1140,G178325_PS_10
24.0,1141,G178325_PS_10
24.0,1142,G178325_PS_08
24.0,1143,G178325_PS_08
24.0,1144,G178325_PS_12
24.0,1145,G178325_PS_11
24.0,1146,G178325_PS_08
24.0,1147,G178325_PS_12
24.0,1148,G178325_PS_08
24.0,1149,G178325_PS_08
24.0,1150,G178325_PS_12
24.0,1151,G178325_PS_08
24.0,1152,G178325_PS_08
24.0,1153,G178325_PS_08
24.0,1154,G178325_PS_11
24.0,1155,G178325_PS_10
24.0,1156,G178325_PS_11
24.0,1157,G178325_PS_08
24.0,1158,G178325_PS_08
24.0,1159,G178325_PS_08
24.0,1160,G178325_PS_10
24.0,1161,G178325_PS_08
24.0,1162,G178325_PS_08
24.0,1163,G178325_PS_08
24.0,1164,G178325_PS_09
24.0,1165,G178325_PS_08
24.0,1166,G178325_PS_08
24.0,1167,G178325_PS_08
24.0,1168,G178325_PS_08
24.0,1169,G178325_PS_08
24.0,1170,G178325_PS_08
24.0,1171,G178325_PS_11
24.0,1172,G178325_PS_11
24.0,1173,G178325_PS_08
24.0,1174,G178325_PS_12
24.0,1175,G178325_PS_12
24.0,1176,G178325_PS_08
24.0,1177,G178325_PS_10
24.0,1178,G178325_PS_08
24.0,1179,G178325_PS_10
24.0,1180,G178325_PS_10
24.0,1181,G178325_PS_08
24.0,1182,G178325_PS_08
24.0,1183,G178325_PS_08
24.0,1184,G178325_PS_08
24.0,1185,G178325_PS_12
24.0,1186,G178325_PS_08
24.0,1187,G178325_PS_08
24.0,1188,G178325_PS_08
24.0,1189,G178325_PS_08
24.0,1190,G178325_PS_08
24.0,1191,G178325_PS_12
24.0,1192,G178325_PS_08
24.0,1193,G178325_PS_08
24.0,1194,G178325_PS_08
24.0,1195,G178325_PS_08
24.0,1196,G178325_PS_12
24.0,1197,G178325_PS_08
24.0,1198,G178325_PS_08
24.0,1199,G178325_PS_08
24.0,1200,G178325_PS_11
24.0,1201,G178325_PS_10
24.0,1202,G178325_PS_08
24.0,1203,G178325_PS_10
24.0,1204,G178325_PS_11
24.0,1205,G178325_PS_08
24.0,1206,G178325_PS_08
24.0,1207,G178325_PS_10
24.0,1208,G178325_PS_08
24.0,1209,G178325_PS_11
24.0,1210,G178325_PS_12
24.0,1211,G178325_PS_12
24.0,1212,G178325_PS_08
24.0,1213,G178325_PS_10
24.0,1214,G178325_PS_10
24.0,1215,G178325_PS_11
24.0,1216,G178325_PS_12
24.0,1217,G178325_PS_08
24.0,1218,G178325_PS_11
24.0,1219,G178325_PS_11
24.0,1220,G178325_PS_08
24.0,1221,G178325_PS_11
24.0,1222,G178325_PS_08
24.0,1223,G178325_PS_10
24.0,1224,G178325_PS_08
24.0,1225,G178325_PS_10
24.0,1226,G178325_PS_08
24.0,1227,G178325_PS_08
24.0,1228,G178325_PS_08
24.0,1229,G178325_PS_08
24.0,1230,G178325_PS_08
24.0,1231,G178325_PS_10
24.0,1232,G178325_PS_12
24.0,1233,G178325_PS_10
24.0,1234,G178325_PS_10
24.0,1235,G178325_PS_08
24.0,1236,G178325_PS_08
24.0,1237,G178325_PS_08
24.0,1238,G178325_PS_12
24.0,1239,G178325_PS_12
24.0,1240,G178325_PS_12
24.0,1241,G178325_PS_08
24.0,1242,G178325_PS_11
24.0,1243,G178325_PS_08
24.0,1244,G178325_PS_08
24.0,1245,G178325_PS_12
24.0,1246,G178325_PS_11
24.0,1247,G178325_PS_08
24.0,1248,G178325_PS_12
24.0,1249,G178325_PS_12
24.0,1250,G178325_PS_10
24.0,1251,G178325_PS_08
24.0,1252,G178325_PS_12
24.0,1253,G178325_PS_08
24.0,1254,G178325_PS_08
24.0,1255,G178325_PS_11
24.0,1256,G178325_PS_08
24.0,1257,G178325_PS_08
24.0,1258,G178325_PS_08
24.0,1259,G178325_PS_12
24.0,1260,G178325_PS_10
24.0,1261,G178325_PS_08
24.0,1262,G178325_PS_08
24.0,1263,G178325_PS_08
24.0,1264,G178325_PS_08
24.0,1265,G178325_PS_08
24.0,1266,G178325_PS_10
24.0,1267,G178325_PS_11
24.0,1268,G178325_PS_08
24.0,1269,G178325_PS_08
24.0,1270,G178325_PS_08
24.0,1271,G178325_PS_10
24.0,1272,G178325_PS_08
24.0,1273,G178325_PS_10
24.0,1274,G178325_PS_08
24.0,1275,G178325_PS_08
24.0,1276,G178325_PS_09
24.0,1277,G178325_PS_08
24.0,1278,G178325_PS_08
24.0,1279,G178325_PS_12
24.0,1280,G178325_PS_08
24.0,1281,G178325_PS_08
24.0,1282,G178325_PS_12
24.0,1283,G178325_PS_11
24.0,1284,G178325_PS_08
24.0,1285,G178325_PS_12
24.0,1286,G178325_PS_08
24.0,1287,G178325_PS_08
24.0,1288,G178325_PS_11
24.0,1289,G178325_PS_08
24.0,1290,G178325_PS_12
24.0,1291,G178325_PS_12
24.0,1292,G178325_PS_08
24.0,1293,G178325_PS_08
24.0,1294,G178325_PS_08
24.0,1295,G178325_PS_11
24.0,1296,G178325_PS_08
24.0,1297,G178325_PS_08
24.0,1298,G178325_PS_08
24.0,1299,G178325_PS_08
24.0,1300,G178325_PS_10
24.0,1301,G178325_PS_10
24.0,1302,G178325_PS_08
24.0,1303,G178325_PS_08
24.0,1304,G178325_PS_08
24.0,1305,G178325_PS_11
24.0,1306,G178325_PS_08
24.0,1307,G178325_PS_10
24.0,1308,G178325_PS_08
24.0,1309,G178325_PS_08
24.0,1310,G178325_PS_09
24.0,1311,G178325_PS_12
24.0,1312,G178325_PS_08
24.0,1313,G178325_PS_08
24.0,1314,G178325_PS_08
24.0,1315,G178325_PS_08
24.0,1316,G178325_PS_08
24.0,1317,G178325_PS_08
24.0,1318,G178325_PS_12
24.0,1319,G178325_PS_08
24.0,1320,G178325_PS_10
24.0,1321,G178325_PS_08
24.0,1322,G178325_PS_08
24.0,1323,G178325_PS_11
24.0,1324,G178325_PS_08
24.0,1325,G178325_PS_08
24.0,1326,G178325_PS_08
24.0,1327,G178325_PS_12
24.0,1328,G178325_PS_08
24.0,1329,G178325_PS_12
24.0,1330,G178325_PS_08
24.0,1331,G178325_PS_08
24.0,1332,G178325_PS_11
24.0,1333,G178325_PS_08
24.0,1334,G178325_PS_08
24.0,1335,G178325_PS_08
24.0,1336,G178325_PS_08
24.0,1337,G178325_PS_08
24.0,1338,G178325_PS_08
24.0,1339,G178325_PS_08
24.0,1340,G178325_PS_08
24.0,1341,G178325_PS_08
24.0,1342,G178325_PS_08
24.0,1343,G178325_PS_08
24.0,1344,G178325_PS_10
24.0,1345,G178325_PS_08
24.0,1346,G178325_PS_12
24.0,1347,G178325_PS_10
24.0,1348,G178325_PS_12
24.0,1349,G178325_PS_10
24.0,1350,G178325_PS_08
24.0,1351,G178325_PS_08
24.0,1352,G178325_PS_11
24.0,1353,G178325_PS_11
24.0,1354,G178325_PS_08
24.0,1355,G178325_PS_08
24.0,1356,G178325_PS_08
24.0,1357,G178325_PS_08
24.0,1358,G178325_PS_08
24.0,1359,G178325_PS_10
24.0,1360,G178325_PS_08
24.0,1361,G178325_PS_08
24.0,1362,G178325_PS_08
24.0,1363,G178325_PS_08
24.0,1364,G178325_PS_08
24.0,1365,G178325_PS_10
24.0,1366,G178325_PS_08
24.0,1367,G178325_PS_12
24.0,1368,G178325_PS_08
24.0,1369,G178325_PS_08
24.0,1370,G178325_PS_08
24.0,1371,G178325_PS_08
24.0,1372,G178325_PS_08
24.0,1373,G178325_PS_08
24.0,1374,G178325_PS_08
24.0,1375,G178325_PS_11
24.0,1376,G178325_PS_10
24.0,1377,G178325_PS_12
24.0,1378,G178325_PS_08
24.0,1379,G178325_PS_12
24.0,1380,G178325_PS_08
24.0,1381,G178325_PS_12
24.0,1382,G178325_PS_11
24.0,1383,G178325_PS_12
24.0,1384,G178325_PS_12
24.0,1385,G178325_PS_08
24.0,1386,G178325_PS_10
24.0,1387,G178325_PS_08
24.0,1388,G178325_PS_08
24.0,1389,G178325_PS_08
24.0,1390,G178325_PS_08
24.0,1391,G178325_PS_11
24.0,1392,G178325_PS_08
24.0,1393,G178325_PS_11
24.0,1394,G178325_PS_08
24.0,1395,G178325_PS_08
24.0,1396,G178325_PS_08
24.0,1397,G178325_PS_08
24.0,1398,G178325_PS_12
24.0,1399,G178325_PS_12
24.0,1400,G178325_PS_10
24.0,1401,G178325_PS_12
24.0,1402,G178325_PS_12
24.0,1403,G178325_PS_11
24.0,1404,G178325_PS_10
24.0,1405,G178325_PS_08
24.0,1406,G178325_PS_11
24.0,1407,G178325_PS_08
24.0,1408,G178325_PS_12
24.0,1409,G178325_PS_10
24.0,1410,G178325_PS_08
24.0,1411,G178325_PS_08
24.0,1412,G178325_PS_09
24.0,1413,G178325_PS_10
24.0,1414,G178325_PS_07
24.0,1415,G178325_PS_08
24.0,1416,G178325_PS_08
24.0,1417,G178325_PS_08
24.0,1418,G178325_PS_12
24.0,1419,G178325_PS_10
24.0,1420,G178325_PS_10
24.0,1421,G178325_PS_12
24.0,1422,G178325_PS_08
24.0,1423,G178325_PS_08
24.0,1424,G178325_PS_08
24.0,1425,G178325_PS_08
24.0,1426,G178325_PS_08
24.0,1427,G178325_PS_08
24.0,1428,G178325_PS_12
24.0,1429,G178325_PS_08
24.0,1430,G178325_PS_12
24.0,1431,G178325_PS_12
24.0,1432,G178325_PS_12
24.0,1433,G178325_PS_08
24.0,1434,G178325_PS_08
24.0,1435,G178325_PS_08
24.0,1436,G178325_PS_08
24.0,1437,G178325_PS_12
24.0,1438,G178325_PS_11
24.0,1439,G178325_PS_08
24.0,1440,G178325_PS_08
24.0,1441,G178325_PS_10
24.0,1442,G178325_PS_11
24.0,1443,G178325_PS_08
24.0,1444,G178325_PS_08
24.0,1445,G178325_PS_08
24.0,1446,G178325_PS_08
24.0,1447,G178325_PS_10
24.0,1448,G178325_PS_08
24.0,1449,G178325_PS_12
24.0,1450,G178325_PS_10
24.0,1451,G178325_PS_08
24.0,1452,G178325_PS_11
24.0,1453,G178325_PS_08
24.0,1454,G178325_PS_08
24.0,1455,G178325_PS_08
24.0,1456,G178325_PS_08
24.0,1457,G178325_PS_10
24.0,1458,G178325_PS_10
24.0,1459,G178325_PS_07
24.0,1460,G178325_PS_10
24.0,1461,G178325_PS_11
24.0,1462,G178325_PS_08
24.0,1463,G178325_PS_08
24.0,1464,G178325_PS_11
24.0,1465,G178325_PS_08
24.0,1466,G178325_PS_08
24.0,1467,G178325_PS_08
24.0,1468,G178325_PS_12
24.0,1469,G178325_PS_08
24.0,1470,G178325_PS_10
24.0,1471,G178325_PS_12
24.0,1472,G178325_PS_11
24.0,1473,G178325_PS_08
24.0,1474,G178325_PS_08
24.0,1475,G178325_PS_08
24.0,1476,G178325_PS_11
24.0,1477,G178325_PS_08
24.0,1478,G178325_PS_08
24.0,1479,G178325_PS_12
24.0,1480,G178325_PS_12
24.0,1481,G178325_PS_10
24.0,1482,G178325_PS_12
24.0,1483,G178325_PS_12
24.0,1484,G178325_PS_10
24.0,1485,G178325_PS_08
24.0,1486,G178325_PS_09
24.0,1487,G178325_PS_12
24.0,1488,G178325_PS_11
24.0,1489,G178325_PS_12
24.0,1490,G178325_PS_08
24.0,1491,G178325_PS_11
24.0,1492,G178325_PS_08
24.0,1493,G178325_PS_08
24.0,1494,G178325_PS_08
24.0,1495,G178325_PS_10
24.0,1496,G178325_PS_08
24.0,1497,G178325_PS_12
24.0,1498,G178325_PS_11
24.0,1499,G178325_PS_08
24.0,1500,G178325_PS_08
24.0,1501,G178325_PS_08
24.0,1502,G178325_PS_08
24.0,1503,G178325_PS_12
24.0,1504,G178325_PS_11
24.0,1505,G178325_PS_10
24.0,1506,G178325_PS_10
24.0,1507,G178325_PS_08
24.0,1508,G178325_PS_12
24.0,1509,G178325_PS_08
24.0,1510,G178325_PS_08
24.0,1511,G178325_PS_08
24.0,1512,G178325_PS_08
24.0,1513,G178325_PS_08
24.0,1514,G178325_PS_08
24.0,1515,G178325_PS_11
24.0,1516,G178325_PS_08
24.0,1517,G178325_PS_08
24.0,1518,G178325_PS_08
24.0,1519,G178325_PS_08
24.0,1520,G178325_PS_10
24.0,1521,G178325_PS_08
24.0,1522,G178325_PS_08
24.0,1523,G178325_PS_08
24.0,1524,G178325_PS_10
24.0,1525,G178325_PS_08
24.0,1526,G178325_PS_12
24.0,1527,G178325_PS_12
24.0,1528,G178325_PS_08
24.0,1529,G178325_PS_08
24.0,1530,G178325_PS_12
24.0,1531,G178325_PS_08
24.0,1532,G178325_PS_08
24.0,1533,G178325_PS_08
24.0,1534,G178325_PS_08
24.0,1535,G178325_PS_08
24.0,1536,G178325_PS_10
24.0,1537,G178325_PS_08
24.0,1538,G178325_PS_12
24.0,1539,G178325_PS_11
24.0,1540,G178325_PS_08
24.0,1541,G178325_PS_08
24.0,1542,G178325_PS_08
24.0,1543,G178325_PS_08
24.0,1544,G178325_PS_10
24.0,1545,G178325_PS_10
24.0,1546,G178325_PS_10
24.0,1547,G178325_PS_08
24.0,1548,G178325_PS_08
24.0,1549,G178325_PS_08
24.0,1550,G178325_PS_08
24.0,1551,G178325_PS_08
24.0,1552,G178325_PS_11
24.0,1553,G178325_PS_08
24.0,1554,G178325_PS_08
24.0,1555,G178325_PS_08
24.0,1556,G178325_PS_08
24.0,1557,G178325_PS_08
24.0,1558,G178325_PS_08
24.0,1559,G178325_PS_10
24.0,1560,G178325_PS_10
24.0,1561,G178325_PS_08
24.0,1562,G178325_PS_08
24.0,1563,G178325_PS_08
24.0,1564,G178325_PS_11
24.0,1565,G178325_PS_08
24.0,1566,G178325_PS_09
24.0,1567,G178325_PS_08
24.0,1568,G178325_PS_11
24.0,1569,G178325_PS_08
24.0,1570,G178325_PS_08
24.0,1571,G178325_PS_08
24.0,1572,G178325_PS_08
24.0,1573,G178325_PS_08
24.0,1574,G178325_PS_12
24.0,1575,G178325_PS_12
24.0,1576,G178325_PS_08
24.0,1577,G178325_PS_08
24.0,1578,G178325_PS_08
24.0,1579,G178325_PS_10
24.0,1580,G178325_PS_08
24.0,1581,G178325_PS_08
24.0,1582,G178325_PS_12
24.0,1583,G178325_PS_08
24.0,1584,G178325_PS_08
24.0,1585,G178325_PS_08
24.0,1586,G178325_PS_08
24.0,1587,G178325_PS_12
24.0,1588,G178325_PS_10
24.0,1589,G178325_PS_08
24.0,1590,G178325_PS_08
24.0,1591,G178325_PS_08
24.0,1592,G178325_PS_08
24.0,1593,G178325_PS_08
24.0,1594,G178325_PS_08
24.0,1595,G178325_PS_08
24.0,1596,G178325_PS_08
24.0,1597,G178325_PS_08
24.0,1598,G178325_PS_10
24.0,1599,G178325_PS_11
24.0,1600,G178325_PS_09
24.0,1601,G178325_PS_08
24.0,1602,G178325_PS_08
24.0,1603,G178325_PS_11
24.0,1604,G178325_PS_11
24.0,1605,G178325_PS_08
24.0,1606,G178325_PS_08
24.0,1607,G178325_PS_08
24.0,1608,G178325_PS_10
24.0,1609,G178325_PS_09
24.0,1610,G178325_PS_08
24.0,1611,G178325_PS_12
24.0,1612,G178325_PS_12
24.0,1613,G178325_PS_08
24.0,1614,G178325_PS_10
24.0,1615,G178325_PS_12
24.0,1616,G178325_PS_08
24.0,1617,G178325_PS_08
24.0,1618,G178325_PS_12
24.0,1619,G178325_PS_10
24.0,1620,G178325_PS_10
24.0,1621,G178325_PS_08
24.0,1622,G178325_PS_08
24.0,1623,G178325_PS_08
24.0,1624,G178325_PS_08
24.0,1625,G178325_PS_12
24.0,1626,G178325_PS_10
24.0,1627,G178325_PS_08
24.0,1628,G178325_PS_11
24.0,1629,G178325_PS_08
24.0,1630,G178325_PS_12
24.0,1631,G178325_PS_08
24.0,1632,G178325_PS_12
24.0,1633,G178325_PS_09
24.0,1634,G178325_PS_08
24.0,1635,G178325_PS_08
24.0,1636,G178325_PS_08
24.0,1637,G178325_PS_10
24.0,1638,G178325_PS_08
24.0,1639,G178325_PS_08
24.0,1640,G178325_PS_08
24.0,1641,G178325_PS_08
24.0,1642,G178325_PS_08
24.0,1643,G178325_PS_08
24.0,1644,G178325_PS_08
24.0,1645,G178325_PS_08
24.0,1646,G178325_PS_07
24.0,1647,G178325_PS_08
24.0,1648,G178325_PS_12
24.0,1649,G178325_PS_08
24.0,1650,G178325_PS_08
24.0,1651,G178325_PS_12
24.0,1652,G178325_PS_10
24.0,1653,G178325_PS_10
24.0,1654,G178325_PS_08
24.0,1655,G178325_PS_11
24.0,1656,G178325_PS_08
24.0,1657,G178325_PS_12
24.0,1658,G178325_PS_08
24.0,1659,G178325_PS_08
24.0,1660,G178325_PS_08
24.0,1661,G178325_PS_10
24.0,1662,G178325_PS_08
24.0,1663,G178325_PS_08
24.0,1664,G178325_PS_08
24.0,1665,G178325_PS_10
24.0,1666,G178325_PS_08
24.0,1667,G178325_PS_11
24.0,1668,G178325_PS_10
24.0,1669,G178325_PS_08
24.0,1670,G178325_PS_11
24.0,1671,G178325_PS_08
24.0,1672,G178325_PS_08
24.0,1673,G178325_PS_08
24.0,1674,G178325_PS_12
24.0,1675,G178325_PS_12
24.0,1676,G178325_PS_08
24.0,1677,G178325_PS_10
24.0,1678,G178325_PS_08
24.0,1679,G178325_PS_08
24.0,1680,G178325_PS_08
24.0,1681,G178325_PS_08
24.0,1682,G178325_PS_11
24.0,1683,G178325_PS_08
24.0,1684,G178325_PS_08
24.0,1685,G178325_PS_08
24.0,1686,G178325_PS_08
24.0,1687,G178325_PS_08
24.0,1688,G178325_PS_08
24.0,1689,G178325_PS_08
24.0,1690,G178325_PS_08
24.0,1691,G178325_PS_08
24.0,1692,G178325_PS_08
24.0,1693,G178325_PS_12
24.0,1694,G178325_PS_12
24.0,1695,G178325_PS_08
24.0,1696,G178325_PS_08
24.0,1697,G178325_PS_08
24.0,1698,G178325_PS_11
24.0,1699,G178325_PS_08
24.0,1700,G178325_PS_08
24.0,1701,G178325_PS_08
24.0,1702,G178325_PS_10
24.0,1703,G178325_PS_08
24.0,1704,G178325_PS_08
24.0,1705,G178325_PS_08
24.0,1706,G178325_PS_08
24.0,1707,G178325_PS_08
24.0,1708,G178325_PS_08
24.0,1709,G178325_PS_12
24.0,1710,G178325_PS_08
24.0,1711,G178325_PS_11
24.0,1712,G178325_PS_12
24.0,1713,G178325_PS_08
24.0,1714,G178325_PS_08
24.0,1715,G178325_PS_08
24.0,1716,G178325_PS_08
24.0,1717,G178325_PS_05
24.0,1718,G178325_PS_12
24.0,1719,G178325_PS_08
24.0,1720,G178325_PS_10
24.0,1721,G178325_PS_08
24.0,1722,G178325_PS_08
24.0,1723,G178325_PS_12
24.0,1724,G178325_PS_10
24.0,1725,G178325_PS_08
24.0,1726,G178325_PS_08
24.0,1727,G178325_PS_12
24.0,1728,G178325_PS_08
24.0,1729,G178325_PS_08
24.0,1730,G178325_PS_12
24.0,1731,G178325_PS_12
24.0,1732,G178325_PS_10
24.0,1733,G178325_PS_08
24.0,1734,G178325_PS_10
24.0,1735,G178325_PS_08
24.0,1736,G178325_PS_08
24.0,1737,G178325_PS_12
24.0,1738,G178325_PS_08
24.0,1739,G178325_PS_12
24.0,1740,G178325_PS_08
24.0,1741,G178325_PS_12
24.0,1742,G178325_PS_12
24.0,1743,G178325_PS_08
24.0,1744,G178325_PS_10
24.0,1745,G178325_PS_08
24.0,1746,G178325_PS_12
24.0,1747,G178325_PS_10
24.0,1748,G178325_PS_08
24.0,1749,G178325_PS_12
24.0,1750,G178325_PS_08
24.0,1751,G178325_PS_08
24.0,1752,G178325_PS_08
24.0,1753,G178325_PS_12
24.0,1754,G178325_PS_12
24.0,1755,G178325_PS_12
24.0,1756,G178325_PS_08
24.0,1757,G178325_PS_08
24.0,1758,G178325_PS_11
24.0,1759,G178325_PS_08
24.0,1760,G178325_PS_08
24.0,1761,G178325_PS_08
24.0,1762,G178325_PS_08
24.0,1763,G178325_PS_08
24.0,1764,G178325_PS_08
24.0,1765,G178325_PS_08
24.0,1766,G178325_PS_11
24.0,1767,G178325_PS_12
24.0,1768,G178325_PS_08
24.0,1769,G178325_PS_08
24.0,1770,G178325_PS_08
24.0,1771,G178325_PS_08
24.0,1772,G178325_PS_08
24.0,1773,G178325_PS_08
24.0,1774,G178325_PS_11
24.0,1775,G178325_PS_08
24.0,1776,G178325_PS_10
24.0,1777,G178325_PS_08
24.0,1778,G178325_PS_12
24.0,1779,G178325_PS_10
24.0,1780,G178325_PS_11
24.0,1781,G178325_PS_08
24.0,1782,G178325_PS_08
24.0,1783,G178325_PS_12
24.0,1784,G178325_PS_08
24.0,1785,G178325_PS_08
24.0,1786,G178325_PS_08
24.0,1787,G178325_PS_08
24.0,1788,G178325_PS_08
24.0,1789,G178325_PS_12
24.0,1790,G178325_PS_11
24.0,1791,G178325_PS_08
24.0,1792,G178325_PS_08
24.0,1793,G178325_PS_08
24.0,1794,G178325_PS_08
24.0,1795,G178325_PS_08
24.0,1796,G178325_PS_11
24.0,1797,G178325_PS_08
24.0,1798,G178325_PS_08
24.0,1799,G178325_PS_11
24.0,1800,G178325_PS_08
24.0,1801,G178325_PS_08
24.0,1802,G178325_PS_08
24.0,1803,G178325_PS_12
24.0,1804,G178325_PS_08
24.0,1805,G178325_PS_08
24.0,1806,G178325_PS_08
24.0,1807,G178325_PS_08
24.0,1808,G178325_PS_12
24.0,1809,G178325_PS_12
24.0,1810,G178325_PS_08
24.0,1811,G178325_PS_10
24.0,1812,G178325_PS_08
24.0,1813,G178325_PS_08
24.0,1814,G178325_PS_08
24.0,1815,G178325_PS_10
24.0,1816,G178325_PS_09
24.0,1817,G178325_PS_12
24.0,1818,G178325_PS_12
24.0,1819,G178325_PS_12
24.0,1820,G178325_PS_08
24.0,1821,G178325_PS_08
24.0,1822,G178325_PS_12
24.0,1823,G178325_PS_11
24.0,1824,G178325_PS_12
24.0,1825,G178325_PS_08
24.0,1826,G178325_PS_08
24.0,1827,G178325_PS_08
24.0,1828,G178325_PS_12
24.0,1829,G178325_PS_08
24.0,1830,G178325_PS_08
24.0,1831,G178325_PS_08
24.0,1832,G178325_PS_08
24.0,1833,G178325_PS_08
24.0,1834,G178325_PS_08
24.0,1835,G178325_PS_12
24.0,1836,G178325_PS_06
24.0,1837,G178325_PS_08
24.0,1838,G178325_PS_08
24.0,1839,G178325_PS_08
24.0,1840,G178325_PS_11
24.0,1841,G178325_PS_09
24.0,1842,G178325_PS_08
24.0,1843,G178325_PS_10
24.0,1844,G178325_PS_08
24.0,1845,G178325_PS_12
24.0,1846,G178325_PS_08
24.0,1847,G178325_PS_09
24.0,1848,G178325_PS_10
24.0,1849,G178325_PS_08
24.0,1850,G178325_PS_10
24.0,1851,G178325_PS_08
24.0,1852,G178325_PS_10
24.0,1853,G178325_PS_11
24.0,1854,G178325_PS_08
24.0,1855,G178325_PS_08
24.0,1856,G178325_PS_08
24.0,1857,G178325_PS_08
24.0,1858,G178325_PS_12
24.0,1859,G178325_PS_08
24.0,1860,G178325_PS_10
24.0,1861,G178325_PS_10
24.0,1862,G178325_PS_08
24.0,1863,G178325_PS_10
24.0,1864,G178325_PS_11
24.0,1865,G178325_PS_09
24.0,1866,G178325_PS_08
24.0,1867,G178325_PS_10
24.0,1868,G178325_PS_12
24.0,1869,G178325_PS_08
24.0,1870,G178325_PS_09
24.0,1871,G178325_PS_12
24.0,1872,G178325_PS_08
24.0,1873,G178325_PS_12
24.0,1874,G178325_PS_12
24.0,1875,G178325_PS_12
24.0,1876,G178325_PS_08
24.0,1877,G178325_PS_08
24.0,1878,G178325_PS_11
24.0,1879,G178325_PS_08
24.0,1880,G178325_PS_12
24.0,1881,G178325_PS_11
24.0,1882,G178325_PS_11
24.0,1883,G178325_PS_08
24.0,1884,G178325_PS_08
24.0,1885,G178325_PS_08
24.0,1886,G178325_PS_08
24.0,1887,G178325_PS_08
24.0,1888,G178325_PS_12
24.0,1889,G178325_PS_08
24.0,1890,G178325_PS_12
24.0,1891,G178325_PS_08
24.0,1892,G178325_PS_08
24.0,1893,G178325_PS_12
24.0,1894,G178325_PS_08
24.0,1895,G178325_PS_08
24.0,1896,G178325_PS_08
24.0,1897,G178325_PS_08
24.0,1898,G178325_PS_08
24.0,1899,G178325_PS_08
24.0,1900,G178325_PS_11
24.0,1901,G178325_PS_10
24.0,1902,G178325_PS_08
24.0,1903,G178325_PS_06
24.0,1904,G178325_PS_08
24.0,1905,G178325_PS_08
24.0,1906,G178325_PS_10
24.0,1907,G178325_PS_08
24.0,1908,G178325_PS_08
24.0,1909,G178325_PS_12
24.0,1910,G178325_PS_08
24.0,1911,G178325_PS_08
24.0,1912,G178325_PS_08
24.0,1913,G178325_PS_08
24.0,1914,G178325_PS_10
24.0,1915,G178325_PS_08
24.0,1916,G178325_PS_08
24.0,1917,G178325_PS_08
24.0,1918,G178325_PS_08
24.0,1919,G178325_PS_11
24.0,1920,G178325_PS_08
24.0,1921,G178325_PS_08
24.0,1922,G178325_PS_08
24.0,1923,G178325_PS_08
24.0,1924,G178325_PS_08
24.0,1925,G178325_PS_08
24.0,1926,G178325_PS_12
24.0,1927,G178325_PS_11
24.0,1928,G178325_PS_12
24.0,1929,G178325_PS_08
24.0,1930,G178325_PS_06
24.0,1931,G178325_PS_08
24.0,1932,G178325_PS_08
24.0,1933,G178325_PS_08
24.0,1934,G178325_PS_08
24.0,1935,G178325_PS_08
24.0,1936,G178325_PS_08
24.0,1937,G178325_PS_08
24.0,1938,G178325_PS_12
24.0,1939,G178325_PS_11
24.0,1940,G178325_PS_10
24.0,1941,G178325_PS_08
24.0,1942,G178325_PS_08
24.0,1943,G178325_PS_10
24.0,1944,G178325_PS_12
24.0,1945,G178325_PS_08
24.0,1946,G178325_PS_11
24.0,1947,G178325_PS_08
24.0,1948,G178325_PS_10
24.0,1949,G178325_PS_10
24.0,1950,G178325_PS_12
24.0,1951,G178325_PS_11
24.0,1952,G178325_PS_11
24.0,1953,G178325_PS_08
24.0,1954,G178325_PS_11
24.0,1955,G178325_PS_08
24.0,1956,G178325_PS_08
24.0,1957,G178325_PS_11
24.0,1958,G178325_PS_10
24.0,1959,G178325_PS_08
24.0,1960,G178325_PS_11
24.0,1961,G178325_PS_10
24.0,1962,G178325_PS_12
24.0,1963,G178325_PS_08
24.0,1964,G178325_PS_08
24.0,1965,G178325_PS_08
24.0,1966,G178325_PS_08
24.0,1967,G178325_PS_12
24.0,1968,G178325_PS_10
24.0,1969,G178325_PS_08
24.0,1970,G178325_PS_08
24.0,1971,G178325_PS_08
24.0,1972,G178325_PS_08
24.0,1973,G178325_PS_08
24.0,1974,G178325_PS_08
24.0,1975,G178325_PS_08
24.0,1976,G178325_PS_11
24.0,1977,G178325_PS_08
24.0,1978,G178325_PS_10
24.0,1979,G178325_PS_11
24.0,1980,G178325_PS_12
24.0,1981,G178325_PS_08
24.0,1982,G178325_PS_08
24.0,1983,G178325_PS_08
24.0,1984,G178325_PS_08
24.0,1985,G178325_PS_11
24.0,1986,G178325_PS_08
24.0,1987,G178325_PS_08
24.0,1988,G178325_PS_12
24.0,1989,G178325_PS_08
24.0,1990,G178325_PS_10
24.0,1991,G178325_PS_08
24.0,1992,G178325_PS_12
24.0,1993,G178325_PS_08
24.0,1994,G178325_PS_10
24.0,1995,G178325_PS_08
24.0,1996,G178325_PS_11
24.0,1997,G178325_PS_12
24.0,1998,G178325_PS_12
24.0,1999,G178325_PS_08
25.0,0,G178325_PS_08
25.0,1,G178325_PS_08
25.0,2,G178325_PS_08
25.0,3,G178325_PS_08
25.0,4,G178325_PS_11
25.0,5,G178325_PS_08
25.0,6,G178325_PS_11
25.0,7,G178325_PS_08
25.0,8,G178325_PS_08
25.0,9,G178325_PS_08
25.0,10,G178325_PS_08
25.0,11,G178325_PS_12
25.0,12,G178325_PS_12
25.0,13,G178325_PS_08
25.0,14,G178325_PS_08
25.0,15,G178325_PS_08
25.0,16,G178325_PS_08
25.0,17,G178325_PS_08
25.0,18,G178325_PS_11
25.0,19,G178325_PS_12
25.0,20,G178325_PS_10
25.0,21,G178325_PS_08
25.0,22,G178325_PS_11
25.0,23,G178325_PS_09
25.0,24,G178325_PS_08
25.0,25,G178325_PS_08
25.0,26,G178325_PS_08
25.0,27,G178325_PS_10
25.0,28,G178325_PS_12
25.0,29,G178325_PS_08
25.0,30,G178325_PS_11
25.0,31,G178325_PS_08
25.0,32,G178325_PS_08
25.0,33,G178325_PS_08
25.0,34,G178325_PS_08
25.0,35,G178325_PS_12
25.0,36,G178325_PS_08
25.0,37,G178325_PS_08
25.0,38,G178325_PS_12
25.0,39,G178325_PS_12
25.0,40,G178325_PS_08
25.0,41,G178325_PS_08
25.0,42,G178325_PS_08
25.0,43,G178325_PS_08
25.0,44,G178325_PS_08
25.0,45,G178325_PS_08
25.0,46,G178325_PS_11
25.0,47,G178325_PS_08
25.0,48,G178325_PS_11
25.0,49,G178325_PS_10
25.0,50,G178325_PS_08
25.0,51,G178325_PS_11
25.0,52,G178325_PS_11
25.0,53,G178325_PS_11
25.0,54,G178325_PS_12
25.0,55,G178325_PS_08
25.0,56,G178325_PS_10
25.0,57,G178325_PS_08
25.0,58,G178325_PS_12
25.0,59,G178325_PS_08
25.0,60,G178325_PS_08
25.0,61,G178325_PS_08
25.0,62,G178325_PS_08
25.0,63,G178325_PS_08
25.0,64,G178325_PS_11
25.0,65,G178325_PS_08
25.0,66,G178325_PS_08
25.0,67,G178325_PS_08
25.0,68,G178325_PS_12
25.0,69,G178325_PS_10
25.0,70,G178325_PS_10
25.0,71,G178325_PS_08
25.0,72,G178325_PS_08
25.0,73,G178325_PS_11
25.0,74,G178325_PS_08
25.0,75,G178325_PS_11
25.0,76,G178325_PS_12
25.0,77,G178325_PS_08
25.0,78,G178325_PS_11
25.0,79,G178325_PS_12
25.0,80,G178325_PS_08
25.0,81,G178325_PS_08
25.0,82,G178325_PS_12
25.0,83,G178325_PS_08
25.0,84,G178325_PS_08
25.0,85,G178325_PS_08
25.0,86,G178325_PS_08
25.0,87,G178325_PS_08
25.0,88,G178325_PS_11
25.0,89,G178325_PS_08
25.0,90,G178325_PS_12
25.0,91,G178325_PS_08
25.0,92,G178325_PS_11
25.0,93,G178325_PS_08
25.0,94,G178325_PS_08
25.0,95,G178325_PS_08
25.0,96,G178325_PS_11
25.0,97,G178325_PS_12
25.0,98,G178325_PS_08
25.0,99,G178325_PS_08
25.0,100,G178325_PS_08
25.0,101,G178325_PS_11
25.0,102,G178325_PS_10
25.0,103,G178325_PS_08
25.0,104,G178325_PS_08
25.0,105,G178325_PS_12
25.0,106,G178325_PS_08
25.0,107,G178325_PS_08
25.0,108,G178325_PS_12
25.0,109,G178325_PS_08
25.0,110,G178325_PS_11
25.0,111,G178325_PS_08
25.0,112,G178325_PS_11
25.0,113,G178325_PS_08
25.0,114,G178325_PS_08
25.0,115,G178325_PS_08
25.0,116,G178325_PS_10
25.0,117,G178325_PS_11
25.0,118,G178325_PS_11
25.0,119,G178325_PS_08
25.0,120,G178325_PS_12
25.0,121,G178325_PS_12
25.0,122,G178325_PS_10
25.0,123,G178325_PS_11
25.0,124,G178325_PS_12
25.0,125,G178325_PS_08
25.0,126,G178325_PS_10
25.0,127,G178325_PS_12
25.0,128,G178325_PS_10
25.0,129,G178325_PS_10
25.0,130,G178325_PS_08
25.0,131,G178325_PS_08
25.0,132,G178325_PS_08
25.0,133,G178325_PS_12
25.0,134,G178325_PS_08
25.0,135,G178325_PS_11
25.0,136,G178325_PS_08
25.0,137,G178325_PS_12
25.0,138,G178325_PS_08
25.0,139,G178325_PS_12
25.0,140,G178325_PS_08
25.0,141,G178325_PS_08
25.0,142,G178325_PS_10
25.0,143,G178325_PS_10
25.0,144,G178325_PS_08
25.0,145,G178325_PS_10
25.0,146,G178325_PS_11
25.0,147,G178325_PS_08
25.0,148,G178325_PS_10
25.0,149,G178325_PS_12
25.0,150,G178325_PS_08
25.0,151,G178325_PS_10
25.0,152,G178325_PS_08
25.0,153,G178325_PS_08
25.0,154,G178325_PS_08
25.0,155,G178325_PS_10
25.0,156,G178325_PS_11
25.0,157,G178325_PS_08
25.0,158,G178325_PS_12
25.0,159,G178325_PS_08
25.0,160,G178325_PS_08
25.0,161,G178325_PS_10
25.0,162,G178325_PS_08
25.0,163,G178325_PS_08
25.0,164,G178325_PS_08
25.0,165,G178325_PS_08
25.0,166,G178325_PS_08
25.0,167,G178325_PS_09
25.0,168,G178325_PS_08
25.0,169,G178325_PS_08
25.0,170,G178325_PS_08
25.0,171,G178325_PS_10
25.0,172,G178325_PS_08
25.0,173,G178325_PS_08
25.0,174,G178325_PS_08
25.0,175,G178325_PS_06
25.0,176,G178325_PS_11
25.0,177,G178325_PS_08
25.0,178,G178325_PS_11
25.0,179,G178325_PS_08
25.0,180,G178325_PS_08
25.0,181,G178325_PS_10
25.0,182,G178325_PS_11
25.0,183,G178325_PS_08
25.0,184,G178325_PS_08
25.0,185,G178325_PS_08
25.0,186,G178325_PS_10
25.0,187,G178325_PS_08
25.0,188,G178325_PS_10
25.0,189,G178325_PS_12
25.0,190,G178325_PS_12
25.0,191,G178325_PS_08
25.0,192,G178325_PS_11
25.0,193,G178325_PS_08
25.0,194,G178325_PS_08
25.0,195,G178325_PS_08
25.0,196,G178325_PS_08
25.0,197,G178325_PS_10
25.0,198,G178325_PS_08
25.0,199,G178325_PS_08
25.0,200,G178325_PS_08
25.0,201,G178325_PS_08
25.0,202,G178325_PS_11
25.0,203,G178325_PS_08
25.0,204,G178325_PS_11
25.0,205,G178325_PS_08
25.0,206,G178325_PS_12
25.0,207,G178325_PS_08
25.0,208,G178325_PS_08
25.0,209,G178325_PS_08
25.0,210,G178325_PS_11
25.0,211,G178325_PS_10
25.0,212,G178325_PS_11
25.0,213,G178325_PS_11
25.0,214,G178325_PS_10
25.0,215,G178325_PS_11
25.0,216,G178325_PS_08
25.0,217,G178325_PS_08
25.0,218,G178325_PS_08
25.0,219,G178325_PS_12
25.0,220,G178325_PS_08
25.0,221,G178325_PS_12
25.0,222,G178325_PS_08
25.0,223,G178325_PS_08
25.0,224,G178325_PS_11
25.0,225,G178325_PS_08
25.0,226,G178325_PS_08
25.0,227,G178325_PS_08
25.0,228,G178325_PS_08
25.0,229,G178325_PS_08
25.0,230,G178325_PS_08
25.0,231,G178325_PS_12
25.0,232,G178325_PS_08
25.0,233,G178325_PS_08
25.0,234,G178325_PS_08
25.0,235,G178325_PS_08
25.0,236,G178325_PS_08
25.0,237,G178325_PS_12
25.0,238,G178325_PS_08
25.0,239,G178325_PS_09
25.0,240,G178325_PS_12
25.0,241,G178325_PS_10
25.0,242,G178325_PS_10
25.0,243,G178325_PS_10
25.0,244,G178325_PS_10
25.0,245,G178325_PS_10
25.0,246,G178325_PS_08
25.0,247,G178325_PS_08
25.0,248,G178325_PS_08
25.0,249,G178325_PS_12
25.0,250,G178325_PS_08
25.0,251,G178325_PS_08
25.0,252,G178325_PS_12
25.0,253,G178325_PS_11
25.0,254,G178325_PS_08
25.0,255,G178325_PS_10
25.0,256,G178325_PS_08
25.0,257,G178325_PS_08
25.0,258,G178325_PS_10
25.0,259,G178325_PS_12
25.0,260,G178325_PS_08
25.0,261,G178325_PS_11
25.0,262,G178325_PS_10
25.0,263,G178325_PS_11
25.0,264,G178325_PS_12
25.0,265,G178325_PS_11
25.0,266,G178325_PS_08
25.0,267,G178325_PS_08
25.0,268,G178325_PS_08
25.0,269,G178325_PS_08
25.0,270,G178325_PS_08
25.0,271,G178325_PS_12
25.0,272,G178325_PS_08
25.0,273,G178325_PS_12
25.0,274,G178325_PS_10
25.0,275,G178325_PS_11
25.0,276,G178325_PS_10
25.0,277,G178325_PS_08
25.0,278,G178325_PS_08
25.0,279,G178325_PS_12
25.0,280,G178325_PS_08
25.0,281,G178325_PS_12
25.0,282,G178325_PS_08
25.0,283,G178325_PS_11
25.0,284,G178325_PS_11
25.0,285,G178325_PS_08
25.0,286,G178325_PS_12
25.0,287,G178325_PS_10
25.0,288,G178325_PS_08
25.0,289,G178325_PS_08
25.0,290,G178325_PS_09
25.0,291,G178325_PS_12
25.0,292,G178325_PS_08
25.0,293,G178325_PS_12
25.0,294,G178325_PS_12
25.0,295,G178325_PS_10
25.0,296,G178325_PS_08
25.0,297,G178325_PS_11
25.0,298,G178325_PS_08
25.0,299,G178325_PS_08
25.0,300,G178325_PS_12
25.0,301,G178325_PS_10
25.0,302,G178325_PS_08
25.0,303,G178325_PS_08
25.0,304,G178325_PS_12
25.0,305,G178325_PS_12
25.0,306,G178325_PS_08
25.0,307,G178325_PS_08
25.0,308,G178325_PS_08
25.0,309,G178325_PS_12
25.0,310,G178325_PS_08
25.0,311,G178325_PS_08
25.0,312,G178325_PS_12
25.0,313,G178325_PS_08
25.0,314,G178325_PS_11
25.0,315,G178325_PS_08
25.0,316,G178325_PS_12
25.0,317,G178325_PS_11
25.0,318,G178325_PS_12
25.0,319,G178325_PS_08
25.0,320,G178325_PS_08
25.0,321,G178325_PS_12
25.0,322,G178325_PS_10
25.0,323,G178325_PS_08
25.0,324,G178325_PS_12
25.0,325,G178325_PS_12
25.0,326,G178325_PS_08
25.0,327,G178325_PS_08
25.0,328,G178325_PS_08
25.0,329,G178325_PS_08
25.0,330,G178325_PS_08
25.0,331,G178325_PS_08
25.0,332,G178325_PS_10
25.0,333,G178325_PS_08
25.0,334,G178325_PS_08
25.0,335,G178325_PS_12
25.0,336,G178325_PS_08
25.0,337,G178325_PS_08
25.0,338,G178325_PS_08
25.0,339,G178325_PS_08
25.0,340,G178325_PS_11
25.0,341,G178325_PS_08
25.0,342,G178325_PS_08
25.0,343,G178325_PS_08
25.0,344,G178325_PS_12
25.0,345,G178325_PS_10
25.0,346,G178325_PS_08
25.0,347,G178325_PS_10
25.0,348,G178325_PS_08
25.0,349,G178325_PS_08
25.0,350,G178325_PS_08
25.0,351,G178325_PS_12
25.0,352,G178325_PS_08
25.0,353,G178325_PS_10
25.0,354,G178325_PS_11
25.0,355,G178325_PS_11
25.0,356,G178325_PS_12
25.0,357,G178325_PS_08
25.0,358,G178325_PS_10
25.0,359,G178325_PS_12
25.0,360,G178325_PS_11
25.0,361,G178325_PS_11
25.0,362,G178325_PS_08
25.0,363,G178325_PS_11
25.0,364,G178325_PS_10
25.0,365,G178325_PS_10
25.0,366,G178325_PS_10
25.0,367,G178325_PS_08
25.0,368,G178325_PS_12
25.0,369,G178325_PS_08
25.0,370,G178325_PS_08
25.0,371,G178325_PS_08
25.0,372,G178325_PS_08
25.0,373,G178325_PS_08
25.0,374,G178325_PS_08
25.0,375,G178325_PS_08
25.0,376,G178325_PS_08
25.0,377,G178325_PS_11
25.0,378,G178325_PS_08
25.0,379,G178325_PS_11
25.0,380,G178325_PS_11
25.0,381,G178325_PS_12
25.0,382,G178325_PS_08
25.0,383,G178325_PS_08
25.0,384,G178325_PS_08
25.0,385,G178325_PS_12
25.0,386,G178325_PS_08
25.0,387,G178325_PS_08
25.0,388,G178325_PS_08
25.0,389,G178325_PS_08
25.0,390,G178325_PS_08
25.0,391,G178325_PS_08
25.0,392,G178325_PS_08
25.0,393,G178325_PS_08
25.0,394,G178325_PS_08
25.0,395,G178325_PS_08
25.0,396,G178325_PS_12
25.0,397,G178325_PS_08
25.0,398,G178325_PS_11
25.0,399,G178325_PS_08
25.0,400,G178325_PS_08
25.0,401,G178325_PS_10
25.0,402,G178325_PS_10
25.0,403,G178325_PS_08
25.0,404,G178325_PS_08
25.0,405,G178325_PS_10
25.0,406,G178325_PS_09
25.0,407,G178325_PS_08
25.0,408,G178325_PS_08
25.0,409,G178325_PS_08
25.0,410,G178325_PS_08
25.0,411,G178325_PS_10
25.0,412,G178325_PS_08
25.0,413,G178325_PS_08
25.0,414,G178325_PS_08
25.0,415,G178325_PS_08
25.0,416,G178325_PS_12
25.0,417,G178325_PS_10
25.0,418,G178325_PS_11
25.0,419,G178325_PS_11
25.0,420,G178325_PS_08
25.0,421,G178325_PS_08
25.0,422,G178325_PS_10
25.0,423,G178325_PS_11
25.0,424,G178325_PS_11
25.0,425,G178325_PS_10
25.0,426,G178325_PS_08
25.0,427,G178325_PS_10
25.0,428,G178325_PS_11
25.0,429,G178325_PS_08
25.0,430,G178325_PS_08
25.0,431,G178325_PS_08
25.0,432,G178325_PS_09
25.0,433,G178325_PS_08
25.0,434,G178325_PS_12
25.0,435,G178325_PS_08
25.0,436,G178325_PS_10
25.0,437,G178325_PS_10
25.0,438,G178325_PS_08
25.0,439,G178325_PS_08
25.0,440,G178325_PS_11
25.0,441,G178325_PS_08
25.0,442,G178325_PS_08
25.0,443,G178325_PS_10
25.0,444,G178325_PS_10
25.0,445,G178325_PS_10
25.0,446,G178325_PS_08
25.0,447,G178325_PS_08
25.0,448,G178325_PS_08
25.0,449,G178325_PS_11
25.0,450,G178325_PS_08
25.0,451,G178325_PS_09
25.0,452,G178325_PS_10
25.0,453,G178325_PS_08
25.0,454,G178325_PS_10
25.0,455,G178325_PS_12
25.0,456,G178325_PS_08
25.0,457,G178325_PS_11
25.0,458,G178325_PS_10
25.0,459,G178325_PS_08
25.0,460,G178325_PS_11
25.0,461,G178325_PS_11
25.0,462,G178325_PS_08
25.0,463,G178325_PS_08
25.0,464,G178325_PS_10
25.0,465,G178325_PS_09
25.0,466,G178325_PS_12
25.0,467,G178325_PS_10
25.0,468,G178325_PS_08
25.0,469,G178325_PS_12
25.0,470,G178325_PS_08
25.0,471,G178325_PS_08
25.0,472,G178325_PS_12
25.0,473,G178325_PS_08
25.0,474,G178325_PS_12
25.0,475,G178325_PS_12
25.0,476,G178325_PS_08
25.0,477,G178325_PS_08
25.0,478,G178325_PS_12
25.0,479,G178325_PS_11
25.0,480,G178325_PS_08
25.0,481,G178325_PS_10
25.0,482,G178325_PS_11
25.0,483,G178325_PS_08
25.0,484,G178325_PS_08
25.0,485,G178325_PS_08
25.0,486,G178325_PS_08
25.0,487,G178325_PS_08
25.0,488,G178325_PS_09
25.0,489,G178325_PS_08
25.0,490,G178325_PS_11
25.0,491,G178325_PS_08
25.0,492,G178325_PS_08
25.0,493,G178325_PS_08
25.0,494,G178325_PS_08
25.0,495,G178325_PS_08
25.0,496,G178325_PS_10
25.0,497,G178325_PS_08
25.0,498,G178325_PS_10
25.0,499,G178325_PS_08
25.0,500,G178325_PS_08
25.0,501,G178325_PS_08
25.0,502,G178325_PS_12
25.0,503,G178325_PS_11
25.0,504,G178325_PS_12
25.0,505,G178325_PS_08
25.0,506,G178325_PS_11
25.0,507,G178325_PS_11
25.0,508,G178325_PS_08
25.0,509,G178325_PS_12
25.0,510,G178325_PS_08
25.0,511,G178325_PS_08
25.0,512,G178325_PS_12
25.0,513,G178325_PS_08
25.0,514,G178325_PS_08
25.0,515,G178325_PS_08
25.0,516,G178325_PS_08
25.0,517,G178325_PS_08
25.0,518,G178325_PS_08
25.0,519,G178325_PS_08
25.0,520,G178325_PS_08
25.0,521,G178325_PS_08
25.0,522,G178325_PS_10
25.0,523,G178325_PS_12
25.0,524,G178325_PS_12
25.0,525,G178325_PS_11
25.0,526,G178325_PS_08
25.0,527,G178325_PS_08
25.0,528,G178325_PS_12
25.0,529,G178325_PS_08
25.0,530,G178325_PS_08
25.0,531,G178325_PS_08
25.0,532,G178325_PS_10
25.0,533,G178325_PS_08
25.0,534,G178325_PS_08
25.0,535,G178325_PS_08
25.0,536,G178325_PS_08
25.0,537,G178325_PS_12
25.0,538,G178325_PS_08
25.0,539,G178325_PS_10
25.0,540,G178325_PS_12
25.0,541,G178325_PS_08
25.0,542,G178325_PS_12
25.0,543,G178325_PS_08
25.0,544,G178325_PS_12
25.0,545,G178325_PS_08
25.0,546,G178325_PS_08
25.0,547,G178325_PS_12
25.0,548,G178325_PS_08
25.0,549,G178325_PS_08
25.0,550,G178325_PS_08
25.0,551,G178325_PS_08
25.0,552,G178325_PS_10
25.0,553,G178325_PS_08
25.0,554,G178325_PS_08
25.0,555,G178325_PS_08
25.0,556,G178325_PS_12
25.0,557,G178325_PS_08
25.0,558,G178325_PS_08
25.0,559,G178325_PS_11
25.0,560,G178325_PS_08
25.0,561,G178325_PS_12
25.0,562,G178325_PS_08
25.0,563,G178325_PS_08
25.0,564,G178325_PS_08
25.0,565,G178325_PS_12
25.0,566,G178325_PS_08
25.0,567,G178325_PS_08
25.0,568,G178325_PS_11
25.0,569,G178325_PS_11
25.0,570,G178325_PS_08
25.0,571,G178325_PS_10
25.0,572,G178325_PS_12
25.0,573,G178325_PS_08
25.0,574,G178325_PS_12
25.0,575,G178325_PS_10
25.0,576,G178325_PS_08
25.0,577,G178325_PS_10
25.0,578,G178325_PS_08
25.0,579,G178325_PS_08
25.0,580,G178325_PS_12
25.0,581,G178325_PS_11
25.0,582,G178325_PS_12
25.0,583,G178325_PS_08
25.0,584,G178325_PS_12
25.0,585,G178325_PS_10
25.0,586,G178325_PS_08
25.0,587,G178325_PS_08
25.0,588,G178325_PS_10
25.0,589,G178325_PS_08
25.0,590,G178325_PS_08
25.0,591,G178325_PS_08
25.0,592,G178325_PS_11
25.0,593,G178325_PS_08
25.0,594,G178325_PS_08
25.0,595,G178325_PS_08
25.0,596,G178325_PS_11
25.0,597,G178325_PS_08
25.0,598,G178325_PS_11
25.0,599,G178325_PS_10
25.0,600,G178325_PS_08
25.0,601,G178325_PS_08
25.0,602,G178325_PS_08
25.0,603,G178325_PS_12
25.0,604,G178325_PS_12
25.0,605,G178325_PS_12
25.0,606,G178325_PS_12
25.0,607,G178325_PS_10
25.0,608,G178325_PS_11
25.0,609,G178325_PS_11
25.0,610,G178325_PS_10
25.0,611,G178325_PS_12
25.0,612,G178325_PS_10
25.0,613,G178325_PS_11
25.0,614,G178325_PS_08
25.0,615,G178325_PS_08
25.0,616,G178325_PS_09
25.0,617,G178325_PS_08
25.0,618,G178325_PS_08
25.0,619,G178325_PS_10
25.0,620,G178325_PS_12
25.0,621,G178325_PS_11
25.0,622,G178325_PS_08
25.0,623,G178325_PS_11
25.0,624,G178325_PS_08
25.0,625,G178325_PS_08
25.0,626,G178325_PS_08
25.0,627,G178325_PS_08
25.0,628,G178325_PS_11
25.0,629,G178325_PS_12
25.0,630,G178325_PS_08
25.0,631,G178325_PS_11
25.0,632,G178325_PS_08
25.0,633,G178325_PS_11
25.0,634,G178325_PS_10
25.0,635,G178325_PS_08
25.0,636,G178325_PS_11
25.0,637,G178325_PS_08
25.0,638,G178325_PS_08
25.0,639,G178325_PS_12
25.0,640,G178325_PS_08
25.0,641,G178325_PS_08
25.0,642,G178325_PS_11
25.0,643,G178325_PS_10
25.0,644,G178325_PS_12
25.0,645,G178325_PS_12
25.0,646,G178325_PS_12
25.0,647,G178325_PS_10
25.0,648,G178325_PS_08
25.0,649,G178325_PS_08
25.0,650,G178325_PS_12
25.0,651,G178325_PS_08
25.0,652,G178325_PS_08
25.0,653,G178325_PS_11
25.0,654,G178325_PS_08
25.0,655,G178325_PS_11
25.0,656,G178325_PS_08
25.0,657,G178325_PS_08
25.0,658,G178325_PS_08
25.0,659,G178325_PS_08
25.0,660,G178325_PS_08
25.0,661,G178325_PS_08
25.0,662,G178325_PS_11
25.0,663,G178325_PS_08
25.0,664,G178325_PS_08
25.0,665,G178325_PS_11
25.0,666,G178325_PS_12
25.0,667,G178325_PS_11
25.0,668,G178325_PS_12
25.0,669,G178325_PS_08
25.0,670,G178325_PS_11
25.0,671,G178325_PS_08
25.0,672,G178325_PS_10
25.0,673,G178325_PS_11
25.0,674,G178325_PS_08
25.0,675,G178325_PS_08
25.0,676,G178325_PS_08
25.0,677,G178325_PS_12
25.0,678,G178325_PS_08
25.0,679,G178325_PS_08
25.0,680,G178325_PS_08
25.0,681,G178325_PS_08
25.0,682,G178325_PS_08
25.0,683,G178325_PS_08
25.0,684,G178325_PS_10
25.0,685,G178325_PS_08
25.0,686,G178325_PS_08
25.0,687,G178325_PS_08
25.0,688,G178325_PS_12
25.0,689,G178325_PS_10
25.0,690,G178325_PS_10
25.0,691,G178325_PS_08
25.0,692,G178325_PS_10
25.0,693,G178325_PS_12
25.0,694,G178325_PS_08
25.0,695,G178325_PS_10
25.0,696,G178325_PS_10
25.0,697,G178325_PS_08
25.0,698,G178325_PS_08
25.0,699,G178325_PS_08
25.0,700,G178325_PS_08
25.0,701,G178325_PS_11
25.0,702,G178325_PS_10
25.0,703,G178325_PS_08
25.0,704,G178325_PS_12
25.0,705,G178325_PS_08
25.0,706,G178325_PS_08
25.0,707,G178325_PS_12
25.0,708,G178325_PS_10
25.0,709,G178325_PS_08
25.0,710,G178325_PS_12
25.0,711,G178325_PS_08
25.0,712,G178325_PS_08
25.0,713,G178325_PS_10
25.0,714,G178325_PS_12
25.0,715,G178325_PS_08
25.0,716,G178325_PS_08
25.0,717,G178325_PS_08
25.0,718,G178325_PS_10
25.0,719,G178325_PS_10
25.0,720,G178325_PS_10
25.0,721,G178325_PS_08
25.0,722,G178325_PS_10
25.0,723,G178325_PS_08
25.0,724,G178325_PS_11
25.0,725,G178325_PS_08
25.0,726,G178325_PS_08
25.0,727,G178325_PS_10
25.0,728,G178325_PS_08
25.0,729,G178325_PS_08
25.0,730,G178325_PS_08
25.0,731,G178325_PS_08
25.0,732,G178325_PS_08
25.0,733,G178325_PS_08
25.0,734,G178325_PS_08
25.0,735,G178325_PS_08
25.0,736,G178325_PS_08
25.0,737,G178325_PS_08
25.0,738,G178325_PS_08
25.0,739,G178325_PS_08
25.0,740,G178325_PS_08
25.0,741,G178325_PS_11
25.0,742,G178325_PS_08
25.0,743,G178325_PS_08
25.0,744,G178325_PS_08
25.0,745,G178325_PS_08
25.0,746,G178325_PS_08
25.0,747,G178325_PS_12
25.0,748,G178325_PS_08
25.0,749,G178325_PS_12
25.0,750,G178325_PS_11
25.0,751,G178325_PS_11
25.0,752,G178325_PS_08
25.0,753,G178325_PS_11
25.0,754,G178325_PS_12
25.0,755,G178325_PS_10
25.0,756,G178325_PS_10
25.0,757,G178325_PS_10
25.0,758,G178325_PS_11
25.0,759,G178325_PS_11
25.0,760,G178325_PS_08
25.0,761,G178325_PS_08
25.0,762,G178325_PS_12
25.0,763,G178325_PS_08
25.0,764,G178325_PS_08
25.0,765,G178325_PS_10
25.0,766,G178325_PS_10
25.0,767,G178325_PS_08
25.0,768,G178325_PS_08
25.0,769,G178325_PS_12
25.0,770,G178325_PS_10
25.0,771,G178325_PS_09
25.0,772,G178325_PS_08
25.0,773,G178325_PS_08
25.0,774,G178325_PS_08
25.0,775,G178325_PS_06
25.0,776,G178325_PS_12
25.0,777,G178325_PS_08
25.0,778,G178325_PS_08
25.0,779,G178325_PS_08
25.0,780,G178325_PS_08
25.0,781,G178325_PS_08
25.0,782,G178325_PS_08
25.0,783,G178325_PS_11
25.0,784,G178325_PS_10
25.0,785,G178325_PS_08
25.0,786,G178325_PS_10
25.0,787,G178325_PS_12
25.0,788,G178325_PS_08
25.0,789,G178325_PS_08
25.0,790,G178325_PS_11
25.0,791,G178325_PS_08
25.0,792,G178325_PS_11
25.0,793,G178325_PS_08
25.0,794,G178325_PS_08
25.0,795,G178325_PS_08
25.0,796,G178325_PS_09
25.0,797,G178325_PS_09
25.0,798,G178325_PS_08
25.0,799,G178325_PS_08
25.0,800,G178325_PS_11
25.0,801,G178325_PS_11
25.0,802,G178325_PS_06
25.0,803,G178325_PS_10
25.0,804,G178325_PS_10
25.0,805,G178325_PS_11
25.0,806,G178325_PS_08
25.0,807,G178325_PS_08
25.0,808,G178325_PS_10
25.0,809,G178325_PS_12
25.0,810,G178325_PS_10
25.0,811,G178325_PS_08
25.0,812,G178325_PS_08
25.0,813,G178325_PS_10
25.0,814,G178325_PS_08
25.0,815,G178325_PS_12
25.0,816,G178325_PS_11
25.0,817,G178325_PS_08
25.0,818,G178325_PS_11
25.0,819,G178325_PS_10
25.0,820,G178325_PS_08
25.0,821,G178325_PS_08
25.0,822,G178325_PS_08
25.0,823,G178325_PS_10
25.0,824,G178325_PS_12
25.0,825,G178325_PS_08
25.0,826,G178325_PS_08
25.0,827,G178325_PS_08
25.0,828,G178325_PS_09
25.0,829,G178325_PS_12
25.0,830,G178325_PS_12
25.0,831,G178325_PS_12
25.0,832,G178325_PS_12
25.0,833,G178325_PS_08
25.0,834,G178325_PS_10
25.0,835,G178325_PS_11
25.0,836,G178325_PS_12
25.0,837,G178325_PS_10
25.0,838,G178325_PS_08
25.0,839,G178325_PS_08
25.0,840,G178325_PS_08
25.0,841,G178325_PS_11
25.0,842,G178325_PS_10
25.0,843,G178325_PS_11
25.0,844,G178325_PS_08
25.0,845,G178325_PS_08
25.0,846,G178325_PS_11
25.0,847,G178325_PS_11
25.0,848,G178325_PS_08
25.0,849,G178325_PS_11
25.0,850,G178325_PS_08
25.0,851,G178325_PS_08
25.0,852,G178325_PS_08
25.0,853,G178325_PS_11
25.0,854,G178325_PS_12
25.0,855,G178325_PS_08
25.0,856,G178325_PS_11
25.0,857,G178325_PS_10
25.0,858,G178325_PS_12
25.0,859,G178325_PS_08
25.0,860,G178325_PS_08
25.0,861,G178325_PS_08
25.0,862,G178325_PS_08
25.0,863,G178325_PS_10
25.0,864,G178325_PS_11
25.0,865,G178325_PS_09
25.0,866,G178325_PS_08
25.0,867,G178325_PS_12
25.0,868,G178325_PS_08
25.0,869,G178325_PS_10
25.0,870,G178325_PS_10
25.0,871,G178325_PS_12
25.0,872,G178325_PS_08
25.0,873,G178325_PS_12
25.0,874,G178325_PS_11
25.0,875,G178325_PS_12
25.0,876,G178325_PS_12
25.0,877,G178325_PS_11
25.0,878,G178325_PS_10
25.0,879,G178325_PS_08
25.0,880,G178325_PS_11
25.0,881,G178325_PS_08
25.0,882,G178325_PS_08
25.0,883,G178325_PS_08
25.0,884,G178325_PS_08
25.0,885,G178325_PS_12
25.0,886,G178325_PS_09
25.0,887,G178325_PS_12
25.0,888,G178325_PS_08
25.0,889,G178325_PS_12
25.0,890,G178325_PS_12
25.0,891,G178325_PS_08
25.0,892,G178325_PS_11
25.0,893,G178325_PS_08
25.0,894,G178325_PS_12
25.0,895,G178325_PS_08
25.0,896,G178325_PS_08
25.0,897,G178325_PS_11
25.0,898,G178325_PS_10
25.0,899,G178325_PS_10
25.0,900,G178325_PS_08
25.0,901,G178325_PS_08
25.0,902,G178325_PS_08
25.0,903,G178325_PS_12
25.0,904,G178325_PS_08
25.0,905,G178325_PS_09
25.0,906,G178325_PS_08
25.0,907,G178325_PS_11
25.0,908,G178325_PS_08
25.0,909,G178325_PS_12
25.0,910,G178325_PS_08
25.0,911,G178325_PS_08
25.0,912,G178325_PS_08
25.0,913,G178325_PS_08
25.0,914,G178325_PS_10
25.0,915,G178325_PS_11
25.0,916,G178325_PS_11
25.0,917,G178325_PS_08
25.0,918,G178325_PS_08
25.0,919,G178325_PS_08
25.0,920,G178325_PS_10
25.0,921,G178325_PS_08
25.0,922,G178325_PS_08
25.0,923,G178325_PS_08
25.0,924,G178325_PS_12
25.0,925,G178325_PS_11
25.0,926,G178325_PS_10
25.0,927,G178325_PS_11
25.0,928,G178325_PS_08
25.0,929,G178325_PS_08
25.0,930,G178325_PS_08
25.0,931,G178325_PS_08
25.0,932,G178325_PS_08
25.0,933,G178325_PS_08
25.0,934,G178325_PS_08
25.0,935,G178325_PS_10
25.0,936,G178325_PS_10
25.0,937,G178325_PS_08
25.0,938,G178325_PS_08
25.0,939,G178325_PS_08
25.0,940,G178325_PS_11
25.0,941,G178325_PS_11
25.0,942,G178325_PS_08
25.0,943,G178325_PS_11
25.0,944,G178325_PS_08
25.0,945,G178325_PS_08
25.0,946,G178325_PS_08
25.0,947,G178325_PS_08
25.0,948,G178325_PS_12
25.0,949,G178325_PS_11
25.0,950,G178325_PS_08
25.0,951,G178325_PS_08
25.0,952,G178325_PS_10
25.0,953,G178325_PS_11
25.0,954,G178325_PS_08
25.0,955,G178325_PS_08
25.0,956,G178325_PS_11
25.0,957,G178325_PS_08
25.0,958,G178325_PS_08
25.0,959,G178325_PS_08
25.0,960,G178325_PS_08
25.0,961,G178325_PS_08
25.0,962,G178325_PS_08
25.0,963,G178325_PS_10
25.0,964,G178325_PS_08
25.0,965,G178325_PS_10
25.0,966,G178325_PS_08
25.0,967,G178325_PS_12
25.0,968,G178325_PS_12
25.0,969,G178325_PS_10
25.0,970,G178325_PS_10
25.0,971,G178325_PS_10
25.0,972,G178325_PS_08
25.0,973,G178325_PS_10
25.0,974,G178325_PS_08
25.0,975,G178325_PS_11
25.0,976,G178325_PS_11
25.0,977,G178325_PS_08
25.0,978,G178325_PS_12
25.0,979,G178325_PS_10
25.0,980,G178325_PS_11
25.0,981,G178325_PS_10
25.0,982,G178325_PS_10
25.0,983,G178325_PS_11
25.0,984,G178325_PS_08
25.0,985,G178325_PS_08
25.0,986,G178325_PS_08
25.0,987,G178325_PS_08
25.0,988,G178325_PS_10
25.0,989,G178325_PS_08
25.0,990,G178325_PS_08
25.0,991,G178325_PS_11
25.0,992,G178325_PS_11
25.0,993,G178325_PS_08
25.0,994,G178325_PS_08
25.0,995,G178325_PS_08
25.0,996,G178325_PS_08
25.0,997,G178325_PS_11
25.0,998,G178325_PS_12
25.0,999,G178325_PS_08
25.0,1000,G178325_PS_10
25.0,1001,G178325_PS_10
25.0,1002,G178325_PS_08
25.0,1003,G178325_PS_10
25.0,1004,G178325_PS_10
25.0,1005,G178325_PS_11
25.0,1006,G178325_PS_10
25.0,1007,G178325_PS_10
25.0,1008,G178325_PS_08
25.0,1009,G178325_PS_08
25.0,1010,G178325_PS_12
25.0,1011,G178325_PS_08
25.0,1012,G178325_PS_08
25.0,1013,G178325_PS_08
25.0,1014,G178325_PS_12
25.0,1015,G178325_PS_11
25.0,1016,G178325_PS_08
25.0,1017,G178325_PS_12
25.0,1018,G178325_PS_12
25.0,1019,G178325_PS_11
25.0,1020,G178325_PS_08
25.0,1021,G178325_PS_08
25.0,1022,G178325_PS_10
25.0,1023,G178325_PS_10
25.0,1024,G178325_PS_08
25.0,1025,G178325_PS_12
25.0,1026,G178325_PS_08
25.0,1027,G178325_PS_08
25.0,1028,G178325_PS_08
25.0,1029,G178325_PS_08
25.0,1030,G178325_PS_10
25.0,1031,G178325_PS_08
25.0,1032,G178325_PS_08
25.0,1033,G178325_PS_08
25.0,1034,G178325_PS_08
25.0,1035,G178325_PS_08
25.0,1036,G178325_PS_11
25.0,1037,G178325_PS_11
25.0,1038,G178325_PS_08
25.0,1039,G178325_PS_08
25.0,1040,G178325_PS_12
25.0,1041,G178325_PS_09
25.0,1042,G178325_PS_08
25.0,1043,G178325_PS_08
25.0,1044,G178325_PS_08
25.0,1045,G178325_PS_10
25.0,1046,G178325_PS_12
25.0,1047,G178325_PS_10
25.0,1048,G178325_PS_08
25.0,1049,G178325_PS_08
25.0,1050,G178325_PS_08
25.0,1051,G178325_PS_10
25.0,1052,G178325_PS_08
25.0,1053,G178325_PS_11
25.0,1054,G178325_PS_08
25.0,1055,G178325_PS_08
25.0,1056,G178325_PS_10
25.0,1057,G178325_PS_08
25.0,1058,G178325_PS_12
25.0,1059,G178325_PS_08
25.0,1060,G178325_PS_08
25.0,1061,G178325_PS_10
25.0,1062,G178325_PS_11
25.0,1063,G178325_PS_12
25.0,1064,G178325_PS_08
25.0,1065,G178325_PS_12
25.0,1066,G178325_PS_08
25.0,1067,G178325_PS_08
25.0,1068,G178325_PS_08
25.0,1069,G178325_PS_11
25.0,1070,G178325_PS_11
25.0,1071,G178325_PS_11
25.0,1072,G178325_PS_10
25.0,1073,G178325_PS_08
25.0,1074,G178325_PS_12
25.0,1075,G178325_PS_12
25.0,1076,G178325_PS_08
25.0,1077,G178325_PS_08
25.0,1078,G178325_PS_08
25.0,1079,G178325_PS_12
25.0,1080,G178325_PS_11
25.0,1081,G178325_PS_08
25.0,1082,G178325_PS_08
25.0,1083,G178325_PS_11
25.0,1084,G178325_PS_08
25.0,1085,G178325_PS_11
25.0,1086,G178325_PS_08
25.0,1087,G178325_PS_08
25.0,1088,G178325_PS_10
25.0,1089,G178325_PS_08
25.0,1090,G178325_PS_10
25.0,1091,G178325_PS_08
25.0,1092,G178325_PS_10
25.0,1093,G178325_PS_08
25.0,1094,G178325_PS_10
25.0,1095,G178325_PS_12
25.0,1096,G178325_PS_08
25.0,1097,G178325_PS_08
25.0,1098,G178325_PS_09
25.0,1099,G178325_PS_08
25.0,1100,G178325_PS_12
25.0,1101,G178325_PS_08
25.0,1102,G178325_PS_11
25.0,1103,G178325_PS_08
25.0,1104,G178325_PS_08
25.0,1105,G178325_PS_08
25.0,1106,G178325_PS_11
25.0,1107,G178325_PS_11
25.0,1108,G178325_PS_10
25.0,1109,G178325_PS_08
25.0,1110,G178325_PS_08
25.0,1111,G178325_PS_10
25.0,1112,G178325_PS_08
25.0,1113,G178325_PS_08
25.0,1114,G178325_PS_08
25.0,1115,G178325_PS_08
25.0,1116,G178325_PS_08
25.0,1117,G178325_PS_08
25.0,1118,G178325_PS_08
25.0,1119,G178325_PS_12
25.0,1120,G178325_PS_10
25.0,1121,G178325_PS_11
25.0,1122,G178325_PS_08
25.0,1123,G178325_PS_10
25.0,1124,G178325_PS_11
25.0,1125,G178325_PS_08
25.0,1126,G178325_PS_08
25.0,1127,G178325_PS_11
25.0,1128,G178325_PS_10
25.0,1129,G178325_PS_08
25.0,1130,G178325_PS_08
25.0,1131,G178325_PS_08
25.0,1132,G178325_PS_08
25.0,1133,G178325_PS_08
25.0,1134,G178325_PS_08
25.0,1135,G178325_PS_11
25.0,1136,G178325_PS_12
25.0,1137,G178325_PS_08
25.0,1138,G178325_PS_08
25.0,1139,G178325_PS_12
25.0,1140,G178325_PS_10
25.0,1141,G178325_PS_10
25.0,1142,G178325_PS_10
25.0,1143,G178325_PS_08
25.0,1144,G178325_PS_12
25.0,1145,G178325_PS_12
25.0,1146,G178325_PS_08
25.0,1147,G178325_PS_12
25.0,1148,G178325_PS_08
25.0,1149,G178325_PS_08
25.0,1150,G178325_PS_12
25.0,1151,G178325_PS_08
25.0,1152,G178325_PS_08
25.0,1153,G178325_PS_08
25.0,1154,G178325_PS_11
25.0,1155,G178325_PS_10
25.0,1156,G178325_PS_12
25.0,1157,G178325_PS_08
25.0,1158,G178325_PS_08
25.0,1159,G178325_PS_08
25.0,1160,G178325_PS_10
25.0,1161,G178325_PS_08
25.0,1162,G178325_PS_08
25.0,1163,G178325_PS_08
25.0,1164,G178325_PS_09
25.0,1165,G178325_PS_08
25.0,1166,G178325_PS_11
25.0,1167,G178325_PS_08
25.0,1168,G178325_PS_08
25.0,1169,G178325_PS_08
25.0,1170,G178325_PS_08
25.0,1171,G178325_PS_12
25.0,1172,G178325_PS_11
25.0,1173,G178325_PS_08
25.0,1174,G178325_PS_12
25.0,1175,G178325_PS_12
25.0,1176,G178325_PS_08
25.0,1177,G178325_PS_10
25.0,1178,G178325_PS_11
25.0,1179,G178325_PS_10
25.0,1180,G178325_PS_10
25.0,1181,G178325_PS_08
25.0,1182,G178325_PS_08
25.0,1183,G178325_PS_08
25.0,1184,G178325_PS_08
25.0,1185,G178325_PS_12
25.0,1186,G178325_PS_08
25.0,1187,G178325_PS_08
25.0,1188,G178325_PS_08
25.0,1189,G178325_PS_08
25.0,1190,G178325_PS_08
25.0,1191,G178325_PS_12
25.0,1192,G178325_PS_08
25.0,1193,G178325_PS_10
25.0,1194,G178325_PS_08
25.0,1195,G178325_PS_08
25.0,1196,G178325_PS_12
25.0,1197,G178325_PS_08
25.0,1198,G178325_PS_08
25.0,1199,G178325_PS_08
25.0,1200,G178325_PS_11
25.0,1201,G178325_PS_10
25.0,1202,G178325_PS_11
25.0,1203,G178325_PS_10
25.0,1204,G178325_PS_11
25.0,1205,G178325_PS_08
25.0,1206,G178325_PS_08
25.0,1207,G178325_PS_10
25.0,1208,G178325_PS_11
25.0,1209,G178325_PS_11
25.0,1210,G178325_PS_12
25.0,1211,G178325_PS_12
25.0,1212,G178325_PS_08
25.0,1213,G178325_PS_10
25.0,1214,G178325_PS_10
25.0,1215,G178325_PS_11
25.0,1216,G178325_PS_12
25.0,1217,G178325_PS_08
25.0,1218,G178325_PS_11
25.0,1219,G178325_PS_12
25.0,1220,G178325_PS_08
25.0,1221,G178325_PS_11
25.0,1222,G178325_PS_08
25.0,1223,G178325_PS_10
25.0,1224,G178325_PS_08
25.0,1225,G178325_PS_10
25.0,1226,G178325_PS_08
25.0,1227,G178325_PS_08
25.0,1228,G178325_PS_08
25.0,1229,G178325_PS_08
25.0,1230,G178325_PS_08
25.0,1231,G178325_PS_10
25.0,1232,G178325_PS_12
25.0,1233,G178325_PS_11
25.0,1234,G178325_PS_10
25.0,1235,G178325_PS_08
25.0,1236,G178325_PS_08
25.0,1237,G178325_PS_08
25.0,1238,G178325_PS_12
25.0,1239,G178325_PS_12
25.0,1240,G178325_PS_12
25.0,1241,G178325_PS_08
25.0,1242,G178325_PS_11
25.0,1243,G178325_PS_08
25.0,1244,G178325_PS_08
25.0,1245,G178325_PS_12
25.0,1246,G178325_PS_11
25.0,1247,G178325_PS_08
25.0,1248,G178325_PS_12
25.0,1249,G178325_PS_12
25.0,1250,G178325_PS_10
25.0,1251,G178325_PS_08
25.0,1252,G178325_PS_12
25.0,1253,G178325_PS_11
25.0,1254,G178325_PS_08
25.0,1255,G178325_PS_11
25.0,1256,G178325_PS_08
25.0,1257,G178325_PS_08
25.0,1258,G178325_PS_08
25.0,1259,G178325_PS_12
25.0,1260,G178325_PS_10
25.0,1261,G178325_PS_11
25.0,1262,G178325_PS_08
25.0,1263,G178325_PS_08
25.0,1264,G178325_PS_08
25.0,1265,G178325_PS_08
25.0,1266,G178325_PS_10
25.0,1267,G178325_PS_11
25.0,1268,G178325_PS_08
25.0,1269,G178325_PS_11
25.0,1270,G178325_PS_08
25.0,1271,G178325_PS_11
25.0,1272,G178325_PS_08
25.0,1273,G178325_PS_10
25.0,1274,G178325_PS_08
25.0,1275,G178325_PS_08
25.0,1276,G178325_PS_09
25.0,1277,G178325_PS_08
25.0,1278,G178325_PS_08
25.0,1279,G178325_PS_12
25.0,1280,G178325_PS_08
25.0,1281,G178325_PS_08
25.0,1282,G178325_PS_12
25.0,1283,G178325_PS_12
25.0,1284,G178325_PS_11
25.0,1285,G178325_PS_12
25.0,1286,G178325_PS_08
25.0,1287,G178325_PS_08
25.0,1288,G178325_PS_11
25.0,1289,G178325_PS_10
25.0,1290,G178325_PS_12
25.0,1291,G178325_PS_12
25.0,1292,G178325_PS_08
25.0,1293,G178325_PS_08
25.0,1294,G178325_PS_08
25.0,1295,G178325_PS_11
25.0,1296,G178325_PS_08
25.0,1297,G178325_PS_08
25.0,1298,G178325_PS_08
25.0,1299,G178325_PS_08
25.0,1300,G178325_PS_10
25.0,1301,G178325_PS_10
25.0,1302,G178325_PS_11
25.0,1303,G178325_PS_08
25.0,1304,G178325_PS_08
25.0,1305,G178325_PS_11
25.0,1306,G178325_PS_08
25.0,1307,G178325_PS_10
25.0,1308,G178325_PS_11
25.0,1309,G178325_PS_08
25.0,1310,G178325_PS_09
25.0,1311,G178325_PS_12
25.0,1312,G178325_PS_08
25.0,1313,G178325_PS_11
25.0,1314,G178325_PS_08
25.0,1315,G178325_PS_08
25.0,1316,G178325_PS_08
25.0,1317,G178325_PS_08
25.0,1318,G178325_PS_12
25.0,1319,G178325_PS_08
25.0,1320,G178325_PS_10
25.0,1321,G178325_PS_08
25.0,1322,G178325_PS_08
25.0,1323,G178325_PS_11
25.0,1324,G178325_PS_08
25.0,1325,G178325_PS_08
25.0,1326,G178325_PS_08
25.0,1327,G178325_PS_12
25.0,1328,G178325_PS_08
25.0,1329,G178325_PS_12
25.0,1330,G178325_PS_08
25.0,1331,G178325_PS_08
25.0,1332,G178325_PS_11
25.0,1333,G178325_PS_08
25.0,1334,G178325_PS_08
25.0,1335,G178325_PS_08
25.0,1336,G178325_PS_11
25.0,1337,G178325_PS_08
25.0,1338,G178325_PS_11
25.0,1339,G178325_PS_08
25.0,1340,G178325_PS_10
25.0,1341,G178325_PS_08
25.0,1342,G178325_PS_08
25.0,1343,G178325_PS_08
25.0,1344,G178325_PS_10
25.0,1345,G178325_PS_08
25.0,1346,G178325_PS_12
25.0,1347,G178325_PS_10
25.0,1348,G178325_PS_12
25.0,1349,G178325_PS_10
25.0,1350,G178325_PS_08
25.0,1351,G178325_PS_08
25.0,1352,G178325_PS_11
25.0,1353,G178325_PS_11
25.0,1354,G178325_PS_08
25.0,1355,G178325_PS_11
25.0,1356,G178325_PS_08
25.0,1357,G178325_PS_08
25.0,1358,G178325_PS_08
25.0,1359,G178325_PS_11
25.0,1360,G178325_PS_08
25.0,1361,G178325_PS_08
25.0,1362,G178325_PS_08
25.0,1363,G178325_PS_08
25.0,1364,G178325_PS_08
25.0,1365,G178325_PS_10
25.0,1366,G178325_PS_08
25.0,1367,G178325_PS_12
25.0,1368,G178325_PS_08
25.0,1369,G178325_PS_10
25.0,1370,G178325_PS_11
25.0,1371,G178325_PS_08
25.0,1372,G178325_PS_08
25.0,1373,G178325_PS_10
25.0,1374,G178325_PS_11
25.0,1375,G178325_PS_11
25.0,1376,G178325_PS_10
25.0,1377,G178325_PS_12
25.0,1378,G178325_PS_08
25.0,1379,G178325_PS_12
25.0,1380,G178325_PS_08
25.0,1381,G178325_PS_12
25.0,1382,G178325_PS_11
25.0,1383,G178325_PS_12
25.0,1384,G178325_PS_12
25.0,1385,G178325_PS_10
25.0,1386,G178325_PS_10
25.0,1387,G178325_PS_08
25.0,1388,G178325_PS_08
25.0,1389,G178325_PS_08
25.0,1390,G178325_PS_11
25.0,1391,G178325_PS_11
25.0,1392,G178325_PS_08
25.0,1393,G178325_PS_11
25.0,1394,G178325_PS_08
25.0,1395,G178325_PS_08
25.0,1396,G178325_PS_08
25.0,1397,G178325_PS_08
25.0,1398,G178325_PS_12
25.0,1399,G178325_PS_12
25.0,1400,G178325_PS_10
25.0,1401,G178325_PS_12
25.0,1402,G178325_PS_12
25.0,1403,G178325_PS_12
25.0,1404,G178325_PS_10
25.0,1405,G178325_PS_08
25.0,1406,G178325_PS_11
25.0,1407,G178325_PS_08
25.0,1408,G178325_PS_12
25.0,1409,G178325_PS_10
25.0,1410,G178325_PS_08
25.0,1411,G178325_PS_08
25.0,1412,G178325_PS_09
25.0,1413,G178325_PS_10
25.0,1414,G178325_PS_12
25.0,1415,G178325_PS_08
25.0,1416,G178325_PS_08
25.0,1417,G178325_PS_11
25.0,1418,G178325_PS_12
25.0,1419,G178325_PS_11
25.0,1420,G178325_PS_10
25.0,1421,G178325_PS_12
25.0,1422,G178325_PS_08
25.0,1423,G178325_PS_08
25.0,1424,G178325_PS_08
25.0,1425,G178325_PS_08
25.0,1426,G178325_PS_08
25.0,1427,G178325_PS_08
25.0,1428,G178325_PS_12
25.0,1429,G178325_PS_08
25.0,1430,G178325_PS_12
25.0,1431,G178325_PS_12
25.0,1432,G178325_PS_12
25.0,1433,G178325_PS_08
25.0,1434,G178325_PS_08
25.0,1435,G178325_PS_08
25.0,1436,G178325_PS_08
25.0,1437,G178325_PS_12
25.0,1438,G178325_PS_11
25.0,1439,G178325_PS_08
25.0,1440,G178325_PS_08
25.0,1441,G178325_PS_10
25.0,1442,G178325_PS_11
25.0,1443,G178325_PS_08
25.0,1444,G178325_PS_08
25.0,1445,G178325_PS_08
25.0,1446,G178325_PS_08
25.0,1447,G178325_PS_10
25.0,1448,G178325_PS_08
25.0,1449,G178325_PS_12
25.0,1450,G178325_PS_10
25.0,1451,G178325_PS_08
25.0,1452,G178325_PS_11
25.0,1453,G178325_PS_08
25.0,1454,G178325_PS_11
25.0,1455,G178325_PS_11
25.0,1456,G178325_PS_08
25.0,1457,G178325_PS_10
25.0,1458,G178325_PS_10
25.0,1459,G178325_PS_11
25.0,1460,G178325_PS_10
25.0,1461,G178325_PS_12
25.0,1462,G178325_PS_08
25.0,1463,G178325_PS_08
25.0,1464,G178325_PS_12
25.0,1465,G178325_PS_08
25.0,1466,G178325_PS_08
25.0,1467,G178325_PS_08
25.0,1468,G178325_PS_12
25.0,1469,G178325_PS_08
25.0,1470,G178325_PS_10
25.0,1471,G178325_PS_12
25.0,1472,G178325_PS_12
25.0,1473,G178325_PS_08
25.0,1474,G178325_PS_08
25.0,1475,G178325_PS_08
25.0,1476,G178325_PS_11
25.0,1477,G178325_PS_08
25.0,1478,G178325_PS_08
25.0,1479,G178325_PS_12
25.0,1480,G178325_PS_12
25.0,1481,G178325_PS_10
25.0,1482,G178325_PS_12
25.0,1483,G178325_PS_12
25.0,1484,G178325_PS_10
25.0,1485,G178325_PS_08
25.0,1486,G178325_PS_10
25.0,1487,G178325_PS_12
25.0,1488,G178325_PS_11
25.0,1489,G178325_PS_12
25.0,1490,G178325_PS_08
25.0,1491,G178325_PS_11
25.0,1492,G178325_PS_08
25.0,1493,G178325_PS_10
25.0,1494,G178325_PS_08
25.0,1495,G178325_PS_10
25.0,1496,G178325_PS_08
25.0,1497,G178325_PS_12
25.0,1498,G178325_PS_11
25.0,1499,G178325_PS_08
25.0,1500,G178325_PS_08
25.0,1501,G178325_PS_11
25.0,1502,G178325_PS_08
25.0,1503,G178325_PS_12
25.0,1504,G178325_PS_12
25.0,1505,G178325_PS_10
25.0,1506,G178325_PS_10
25.0,1507,G178325_PS_08
25.0,1508,G178325_PS_12
25.0,1509,G178325_PS_08
25.0,1510,G178325_PS_08
25.0,1511,G178325_PS_08
25.0,1512,G178325_PS_11
25.0,1513,G178325_PS_08
25.0,1514,G178325_PS_08
25.0,1515,G178325_PS_11
25.0,1516,G178325_PS_08
25.0,1517,G178325_PS_08
25.0,1518,G178325_PS_08
25.0,1519,G178325_PS_08
25.0,1520,G178325_PS_10
25.0,1521,G178325_PS_11
25.0,1522,G178325_PS_08
25.0,1523,G178325_PS_08
25.0,1524,G178325_PS_10
25.0,1525,G178325_PS_08
25.0,1526,G178325_PS_12
25.0,1527,G178325_PS_12
25.0,1528,G178325_PS_08
25.0,1529,G178325_PS_11
25.0,1530,G178325_PS_12
25.0,1531,G178325_PS_08
25.0,1532,G178325_PS_08
25.0,1533,G178325_PS_08
25.0,1534,G178325_PS_08
25.0,1535,G178325_PS_08
25.0,1536,G178325_PS_10
25.0,1537,G178325_PS_08
25.0,1538,G178325_PS_12
25.0,1539,G178325_PS_12
25.0,1540,G178325_PS_08
25.0,1541,G178325_PS_08
25.0,1542,G178325_PS_08
25.0,1543,G178325_PS_08
25.0,1544,G178325_PS_10
25.0,1545,G178325_PS_10
25.0,1546,G178325_PS_10
25.0,1547,G178325_PS_08
25.0,1548,G178325_PS_08
25.0,1549,G178325_PS_08
25.0,1550,G178325_PS_08
25.0,1551,G178325_PS_08
25.0,1552,G178325_PS_11
25.0,1553,G178325_PS_08
25.0,1554,G178325_PS_08
25.0,1555,G178325_PS_08
25.0,1556,G178325_PS_08
25.0,1557,G178325_PS_08
25.0,1558,G178325_PS_08
25.0,1559,G178325_PS_10
25.0,1560,G178325_PS_10
25.0,1561,G178325_PS_08
25.0,1562,G178325_PS_08
25.0,1563,G178325_PS_11
25.0,1564,G178325_PS_11
25.0,1565,G178325_PS_08
25.0,1566,G178325_PS_09
25.0,1567,G178325_PS_08
25.0,1568,G178325_PS_12
25.0,1569,G178325_PS_08
25.0,1570,G178325_PS_08
25.0,1571,G178325_PS_08
25.0,1572,G178325_PS_08
25.0,1573,G178325_PS_11
25.0,1574,G178325_PS_12
25.0,1575,G178325_PS_12
25.0,1576,G178325_PS_08
25.0,1577,G178325_PS_11
25.0,1578,G178325_PS_08
25.0,1579,G178325_PS_10
25.0,1580,G178325_PS_08
25.0,1581,G178325_PS_08
25.0,1582,G178325_PS_12
25.0,1583,G178325_PS_08
25.0,1584,G178325_PS_08
25.0,1585,G178325_PS_08
25.0,1586,G178325_PS_08
25.0,1587,G178325_PS_12
25.0,1588,G178325_PS_10
25.0,1589,G178325_PS_11
25.0,1590,G178325_PS_11
25.0,1591,G178325_PS_08
25.0,1592,G178325_PS_08
25.0,1593,G178325_PS_08
25.0,1594,G178325_PS_08
25.0,1595,G178325_PS_08
25.0,1596,G178325_PS_08
25.0,1597,G178325_PS_08
25.0,1598,G178325_PS_10
25.0,1599,G178325_PS_11
25.0,1600,G178325_PS_10
25.0,1601,G178325_PS_08
25.0,1602,G178325_PS_08
25.0,1603,G178325_PS_11
25.0,1604,G178325_PS_11
25.0,1605,G178325_PS_08
25.0,1606,G178325_PS_08
25.0,1607,G178325_PS_11
25.0,1608,G178325_PS_10
25.0,1609,G178325_PS_09
25.0,1610,G178325_PS_08
25.0,1611,G178325_PS_12
25.0,1612,G178325_PS_12
25.0,1613,G178325_PS_08
25.0,1614,G178325_PS_10
25.0,1615,G178325_PS_12
25.0,1616,G178325_PS_11
25.0,1617,G178325_PS_08
25.0,1618,G178325_PS_12
25.0,1619,G178325_PS_10
25.0,1620,G178325_PS_10
25.0,1621,G178325_PS_10
25.0,1622,G178325_PS_08
25.0,1623,G178325_PS_08
25.0,1624,G178325_PS_08
25.0,1625,G178325_PS_12
25.0,1626,G178325_PS_10
25.0,1627,G178325_PS_08
25.0,1628,G178325_PS_11
25.0,1629,G178325_PS_08
25.0,1630,G178325_PS_12
25.0,1631,G178325_PS_10
25.0,1632,G178325_PS_12
25.0,1633,G178325_PS_09
25.0,1634,G178325_PS_08
25.0,1635,G178325_PS_10
25.0,1636,G178325_PS_10
25.0,1637,G178325_PS_10
25.0,1638,G178325_PS_08
25.0,1639,G178325_PS_08
25.0,1640,G178325_PS_08
25.0,1641,G178325_PS_08
25.0,1642,G178325_PS_08
25.0,1643,G178325_PS_08
25.0,1644,G178325_PS_08
25.0,1645,G178325_PS_08
25.0,1646,G178325_PS_12
25.0,1647,G178325_PS_08
25.0,1648,G178325_PS_12
25.0,1649,G178325_PS_08
25.0,1650,G178325_PS_08
25.0,1651,G178325_PS_12
25.0,1652,G178325_PS_10
25.0,1653,G178325_PS_10
25.0,1654,G178325_PS_08
25.0,1655,G178325_PS_12
25.0,1656,G178325_PS_11
25.0,1657,G178325_PS_12
25.0,1658,G178325_PS_08
25.0,1659,G178325_PS_08
25.0,1660,G178325_PS_08
25.0,1661,G178325_PS_10
25.0,1662,G178325_PS_08
25.0,1663,G178325_PS_08
25.0,1664,G178325_PS_08
25.0,1665,G178325_PS_10
25.0,1666,G178325_PS_08
25.0,1667,G178325_PS_11
25.0,1668,G178325_PS_10
25.0,1669,G178325_PS_08
25.0,1670,G178325_PS_11
25.0,1671,G178325_PS_08
25.0,1672,G178325_PS_08
25.0,1673,G178325_PS_08
25.0,1674,G178325_PS_12
25.0,1675,G178325_PS_12
25.0,1676,G178325_PS_08
25.0,1677,G178325_PS_10
25.0,1678,G178325_PS_08
25.0,1679,G178325_PS_08
25.0,1680,G178325_PS_08
25.0,1681,G178325_PS_08
25.0,1682,G178325_PS_11
25.0,1683,G178325_PS_08
25.0,1684,G178325_PS_10
25.0,1685,G178325_PS_08
25.0,1686,G178325_PS_08
25.0,1687,G178325_PS_08
25.0,1688,G178325_PS_08
25.0,1689,G178325_PS_08
25.0,1690,G178325_PS_11
25.0,1691,G178325_PS_11
25.0,1692,G178325_PS_08
25.0,1693,G178325_PS_12
25.0,1694,G178325_PS_12
25.0,1695,G178325_PS_08
25.0,1696,G178325_PS_11
25.0,1697,G178325_PS_08
25.0,1698,G178325_PS_11
25.0,1699,G178325_PS_08
25.0,1700,G178325_PS_08
25.0,1701,G178325_PS_08
25.0,1702,G178325_PS_10
25.0,1703,G178325_PS_08
25.0,1704,G178325_PS_08
25.0,1705,G178325_PS_08
25.0,1706,G178325_PS_08
25.0,1707,G178325_PS_08
25.0,1708,G178325_PS_08
25.0,1709,G178325_PS_12
25.0,1710,G178325_PS_08
25.0,1711,G178325_PS_12
25.0,1712,G178325_PS_12
25.0,1713,G178325_PS_08
25.0,1714,G178325_PS_08
25.0,1715,G178325_PS_08
25.0,1716,G178325_PS_11
25.0,1717,G178325_PS_10
25.0,1718,G178325_PS_12
25.0,1719,G178325_PS_08
25.0,1720,G178325_PS_10
25.0,1721,G178325_PS_08
25.0,1722,G178325_PS_08
25.0,1723,G178325_PS_12
25.0,1724,G178325_PS_10
25.0,1725,G178325_PS_08
25.0,1726,G178325_PS_08
25.0,1727,G178325_PS_12
25.0,1728,G178325_PS_08
25.0,1729,G178325_PS_08
25.0,1730,G178325_PS_12
25.0,1731,G178325_PS_12
25.0,1732,G178325_PS_10
25.0,1733,G178325_PS_08
25.0,1734,G178325_PS_10
25.0,1735,G178325_PS_10
25.0,1736,G178325_PS_08
25.0,1737,G178325_PS_12
25.0,1738,G178325_PS_08
25.0,1739,G178325_PS_12
25.0,1740,G178325_PS_08
25.0,1741,G178325_PS_12
25.0,1742,G178325_PS_12
25.0,1743,G178325_PS_08
25.0,1744,G178325_PS_10
25.0,1745,G178325_PS_08
25.0,1746,G178325_PS_12
25.0,1747,G178325_PS_10
25.0,1748,G178325_PS_08
25.0,1749,G178325_PS_12
25.0,1750,G178325_PS_08
25.0,1751,G178325_PS_08
25.0,1752,G178325_PS_11
25.0,1753,G178325_PS_12
25.0,1754,G178325_PS_12
25.0,1755,G178325_PS_12
25.0,1756,G178325_PS_08
25.0,1757,G178325_PS_08
25.0,1758,G178325_PS_12
25.0,1759,G178325_PS_08
25.0,1760,G178325_PS_08
25.0,1761,G178325_PS_08
25.0,1762,G178325_PS_08
25.0,1763,G178325_PS_11
25.0,1764,G178325_PS_08
25.0,1765,G178325_PS_08
25.0,1766,G178325_PS_12
25.0,1767,G178325_PS_12
25.0,1768,G178325_PS_10
25.0,1769,G178325_PS_08
25.0,1770,G178325_PS_08
25.0,1771,G178325_PS_08
25.0,1772,G178325_PS_08
25.0,1773,G178325_PS_08
25.0,1774,G178325_PS_11
25.0,1775,G178325_PS_08
25.0,1776,G178325_PS_10
25.0,1777,G178325_PS_08
25.0,1778,G178325_PS_12
25.0,1779,G178325_PS_10
25.0,1780,G178325_PS_12
25.0,1781,G178325_PS_08
25.0,1782,G178325_PS_08
25.0,1783,G178325_PS_12
25.0,1784,G178325_PS_08
25.0,1785,G178325_PS_08
25.0,1786,G178325_PS_08
25.0,1787,G178325_PS_08
25.0,1788,G178325_PS_08
25.0,1789,G178325_PS_12
25.0,1790,G178325_PS_11
25.0,1791,G178325_PS_08
25.0,1792,G178325_PS_08
25.0,1793,G178325_PS_08
25.0,1794,G178325_PS_08
25.0,1795,G178325_PS_08
25.0,1796,G178325_PS_11
25.0,1797,G178325_PS_08
25.0,1798,G178325_PS_08
25.0,1799,G178325_PS_11
25.0,1800,G178325_PS_08
25.0,1801,G178325_PS_08
25.0,1802,G178325_PS_08
25.0,1803,G178325_PS_12
25.0,1804,G178325_PS_10
25.0,1805,G178325_PS_08
25.0,1806,G178325_PS_08
25.0,1807,G178325_PS_08
25.0,1808,G178325_PS_12
25.0,1809,G178325_PS_12
25.0,1810,G178325_PS_08
25.0,1811,G178325_PS_10
25.0,1812,G178325_PS_08
25.0,1813,G178325_PS_08
25.0,1814,G178325_PS_08
25.0,1815,G178325_PS_10
25.0,1816,G178325_PS_09
25.0,1817,G178325_PS_12
25.0,1818,G178325_PS_12
25.0,1819,G178325_PS_12
25.0,1820,G178325_PS_08
25.0,1821,G178325_PS_11
25.0,1822,G178325_PS_12
25.0,1823,G178325_PS_11
25.0,1824,G178325_PS_12
25.0,1825,G178325_PS_08
25.0,1826,G178325_PS_08
25.0,1827,G178325_PS_08
25.0,1828,G178325_PS_12
25.0,1829,G178325_PS_08
25.0,1830,G178325_PS_11
25.0,1831,G178325_PS_08
25.0,1832,G178325_PS_11
25.0,1833,G178325_PS_08
25.0,1834,G178325_PS_08
25.0,1835,G178325_PS_12
25.0,1836,G178325_PS_10
25.0,1837,G178325_PS_08
25.0,1838,G178325_PS_08
25.0,1839,G178325_PS_08
25.0,1840,G178325_PS_11
25.0,1841,G178325_PS_09
25.0,1842,G178325_PS_08
25.0,1843,G178325_PS_10
25.0,1844,G178325_PS_08
25.0,1845,G178325_PS_12
25.0,1846,G178325_PS_08
25.0,1847,G178325_PS_09
25.0,1848,G178325_PS_10
25.0,1849,G178325_PS_08
25.0,1850,G178325_PS_10
25.0,1851,G178325_PS_11
25.0,1852,G178325_PS_10
25.0,1853,G178325_PS_11
25.0,1854,G178325_PS_08
25.0,1855,G178325_PS_08
25.0,1856,G178325_PS_08
25.0,1857,G178325_PS_08
25.0,1858,G178325_PS_12
25.0,1859,G178325_PS_08
25.0,1860,G178325_PS_10
25.0,1861,G178325_PS_10
25.0,1862,G178325_PS_08
25.0,1863,G178325_PS_10
25.0,1864,G178325_PS_11
25.0,1865,G178325_PS_08
25.0,1866,G178325_PS_08
25.0,1867,G178325_PS_10
25.0,1868,G178325_PS_12
25.0,1869,G178325_PS_08
25.0,1870,G178325_PS_09
25.0,1871,G178325_PS_12
25.0,1872,G178325_PS_08
25.0,1873,G178325_PS_12
25.0,1874,G178325_PS_12
25.0,1875,G178325_PS_12
25.0,1876,G178325_PS_08
25.0,1877,G178325_PS_08
25.0,1878,G178325_PS_12
25.0,1879,G178325_PS_08
25.0,1880,G178325_PS_12
25.0,1881,G178325_PS_11
25.0,1882,G178325_PS_11
25.0,1883,G178325_PS_08
25.0,1884,G178325_PS_08
25.0,1885,G178325_PS_08
25.0,1886,G178325_PS_08
25.0,1887,G178325_PS_08
25.0,1888,G178325_PS_12
25.0,1889,G178325_PS_08
25.0,1890,G178325_PS_12
25.0,1891,G178325_PS_11
25.0,1892,G178325_PS_11
25.0,1893,G178325_PS_12
25.0,1894,G178325_PS_08
25.0,1895,G178325_PS_08
25.0,1896,G178325_PS_08
25.0,1897,G178325_PS_08
25.0,1898,G178325_PS_08
25.0,1899,G178325_PS_08
25.0,1900,G178325_PS_12
25.0,1901,G178325_PS_10
25.0,1902,G178325_PS_08
25.0,1903,G178325_PS_08
25.0,1904,G178325_PS_08
25.0,1905,G178325_PS_08
25.0,1906,G178325_PS_10
25.0,1907,G178325_PS_08
25.0,1908,G178325_PS_08
25.0,1909,G178325_PS_12
25.0,1910,G178325_PS_08
25.0,1911,G178325_PS_10
25.0,1912,G178325_PS_08
25.0,1913,G178325_PS_08
25.0,1914,G178325_PS_10
25.0,1915,G178325_PS_08
25.0,1916,G178325_PS_08
25.0,1917,G178325_PS_08
25.0,1918,G178325_PS_08
25.0,1919,G178325_PS_12
25.0,1920,G178325_PS_08
25.0,1921,G178325_PS_08
25.0,1922,G178325_PS_08
25.0,1923,G178325_PS_10
25.0,1924,G178325_PS_08
25.0,1925,G178325_PS_08
25.0,1926,G178325_PS_12
25.0,1927,G178325_PS_12
25.0,1928,G178325_PS_12
25.0,1929,G178325_PS_08
25.0,1930,G178325_PS_08
25.0,1931,G178325_PS_10
25.0,1932,G178325_PS_08
25.0,1933,G178325_PS_08
25.0,1934,G178325_PS_08
25.0,1935,G178325_PS_08
25.0,1936,G178325_PS_11
25.0,1937,G178325_PS_10
25.0,1938,G178325_PS_12
25.0,1939,G178325_PS_11
25.0,1940,G178325_PS_10
25.0,1941,G178325_PS_08
25.0,1942,G178325_PS_08
25.0,1943,G178325_PS_10
25.0,1944,G178325_PS_12
25.0,1945,G178325_PS_08
25.0,1946,G178325_PS_11
25.0,1947,G178325_PS_08
25.0,1948,G178325_PS_10
25.0,1949,G178325_PS_10
25.0,1950,G178325_PS_12
25.0,1951,G178325_PS_11
25.0,1952,G178325_PS_12
25.0,1953,G178325_PS_08
25.0,1954,G178325_PS_11
25.0,1955,G178325_PS_08
25.0,1956,G178325_PS_08
25.0,1957,G178325_PS_11
25.0,1958,G178325_PS_10
25.0,1959,G178325_PS_11
25.0,1960,G178325_PS_11
25.0,1961,G178325_PS_10
25.0,1962,G178325_PS_12
25.0,1963,G178325_PS_08
25.0,1964,G178325_PS_08
25.0,1965,G178325_PS_08
25.0,1966,G178325_PS_11
25.0,1967,G178325_PS_12
25.0,1968,G178325_PS_11
25.0,1969,G178325_PS_08
25.0,1970,G178325_PS_08
25.0,1971,G178325_PS_08
25.0,1972,G178325_PS_08
25.0,1973,G178325_PS_08
25.0,1974,G178325_PS_08
25.0,1975,G178325_PS_08
25.0,1976,G178325_PS_11
25.0,1977,G178325_PS_08
25.0,1978,G178325_PS_10
25.0,1979,G178325_PS_12
25.0,1980,G178325_PS_12
25.0,1981,G178325_PS_08
25.0,1982,G178325_PS_08
25.0,1983,G178325_PS_08
25.0,1984,G178325_PS_08
25.0,1985,G178325_PS_12
25.0,1986,G178325_PS_08
25.0,1987,G178325_PS_11
25.0,1988,G178325_PS_12
25.0,1989,G178325_PS_08
25.0,1990,G178325_PS_10
25.0,1991,G178325_PS_08
25.0,1992,G178325_PS_12
25.0,1993,G178325_PS_08
25.0,1994,G178325_PS_10
25.0,1995,G178325_PS_08
25.0,1996,G178325_PS_11
25.0,1997,G178325_PS_12
25.0,1998,G178325_PS_12
25.0,1999,G178325_PS_08
26.0,0,G178325_PS_08
26.0,1,G178325_PS_08
26.0,2,G178325_PS_08
26.0,3,G178325_PS_11
26.0,4,G178325_PS_12
26.0,5,G178325_PS_08
26.0,6,G178325_PS_11
26.0,7,G178325_PS_11
26.0,8,G178325_PS_08
26.0,9,G178325_PS_08
26.0,10,G178325_PS_11
26.0,11,G178325_PS_12
26.0,12,G178325_PS_12
26.0,13,G178325_PS_08
26.0,14,G178325_PS_08
26.0,15,G178325_PS_08
26.0,16,G178325_PS_08
26.0,17,G178325_PS_08
26.0,18,G178325_PS_11
26.0,19,G178325_PS_12
26.0,20,G178325_PS_11
26.0,21,G178325_PS_11
26.0,22,G178325_PS_11
26.0,23,G178325_PS_09
26.0,24,G178325_PS_08
26.0,25,G178325_PS_08
26.0,26,G178325_PS_08
26.0,27,G178325_PS_10
26.0,28,G178325_PS_12
26.0,29,G178325_PS_11
26.0,30,G178325_PS_11
26.0,31,G178325_PS_08
26.0,32,G178325_PS_08
26.0,33,G178325_PS_08
26.0,34,G178325_PS_11
26.0,35,G178325_PS_12
26.0,36,G178325_PS_10
26.0,37,G178325_PS_08
26.0,38,G178325_PS_12
26.0,39,G178325_PS_12
26.0,40,G178325_PS_11
26.0,41,G178325_PS_08
26.0,42,G178325_PS_08
26.0,43,G178325_PS_08
26.0,44,G178325_PS_11
26.0,45,G178325_PS_08
26.0,46,G178325_PS_11
26.0,47,G178325_PS_08
26.0,48,G178325_PS_11
26.0,49,G178325_PS_10
26.0,50,G178325_PS_08
26.0,51,G178325_PS_11
26.0,52,G178325_PS_11
26.0,53,G178325_PS_12
26.0,54,G178325_PS_12
26.0,55,G178325_PS_08
26.0,56,G178325_PS_10
26.0,57,G178325_PS_08
26.0,58,G178325_PS_12
26.0,59,G178325_PS_08
26.0,60,G178325_PS_08
26.0,61,G178325_PS_08
26.0,62,G178325_PS_08
26.0,63,G178325_PS_10
26.0,64,G178325_PS_12
26.0,65,G178325_PS_08
26.0,66,G178325_PS_08
26.0,67,G178325_PS_08
26.0,68,G178325_PS_12
26.0,69,G178325_PS_10
26.0,70,G178325_PS_10
26.0,71,G178325_PS_08
26.0,72,G178325_PS_08
26.0,73,G178325_PS_11
26.0,74,G178325_PS_08
26.0,75,G178325_PS_11
26.0,76,G178325_PS_12
26.0,77,G178325_PS_08
26.0,78,G178325_PS_11
26.0,79,G178325_PS_12
26.0,80,G178325_PS_10
26.0,81,G178325_PS_08
26.0,82,G178325_PS_12
26.0,83,G178325_PS_08
26.0,84,G178325_PS_08
26.0,85,G178325_PS_08
26.0,86,G178325_PS_08
26.0,87,G178325_PS_08
26.0,88,G178325_PS_11
26.0,89,G178325_PS_08
26.0,90,G178325_PS_12
26.0,91,G178325_PS_08
26.0,92,G178325_PS_11
26.0,93,G178325_PS_08
26.0,94,G178325_PS_08
26.0,95,G178325_PS_11
26.0,96,G178325_PS_11
26.0,97,G178325_PS_12
26.0,98,G178325_PS_08
26.0,99,G178325_PS_08
26.0,100,G178325_PS_10
26.0,101,G178325_PS_12
26.0,102,G178325_PS_10
26.0,103,G178325_PS_08
26.0,104,G178325_PS_08
26.0,105,G178325_PS_12
26.0,106,G178325_PS_08
26.0,107,G178325_PS_08
26.0,108,G178325_PS_12
26.0,109,G178325_PS_08
26.0,110,G178325_PS_11
26.0,111,G178325_PS_08
26.0,112,G178325_PS_11
26.0,113,G178325_PS_08
26.0,114,G178325_PS_08
26.0,115,G178325_PS_08
26.0,116,G178325_PS_10
26.0,117,G178325_PS_11
26.0,118,G178325_PS_11
26.0,119,G178325_PS_08
26.0,120,G178325_PS_12
26.0,121,G178325_PS_12
26.0,122,G178325_PS_10
26.0,123,G178325_PS_11
26.0,124,G178325_PS_12
26.0,125,G178325_PS_10
26.0,126,G178325_PS_10
26.0,127,G178325_PS_12
26.0,128,G178325_PS_10
26.0,129,G178325_PS_10
26.0,130,G178325_PS_08
26.0,131,G178325_PS_11
26.0,132,G178325_PS_08
26.0,133,G178325_PS_12
26.0,134,G178325_PS_08
26.0,135,G178325_PS_11
26.0,136,G178325_PS_08
26.0,137,G178325_PS_12
26.0,138,G178325_PS_08
26.0,139,G178325_PS_12
26.0,140,G178325_PS_08
26.0,141,G178325_PS_11
26.0,142,G178325_PS_10
26.0,143,G178325_PS_10
26.0,144,G178325_PS_08
26.0,145,G178325_PS_10
26.0,146,G178325_PS_11
26.0,147,G178325_PS_08
26.0,148,G178325_PS_10
26.0,149,G178325_PS_12
26.0,150,G178325_PS_11
26.0,151,G178325_PS_10
26.0,152,G178325_PS_08
26.0,153,G178325_PS_08
26.0,154,G178325_PS_08
26.0,155,G178325_PS_10
26.0,156,G178325_PS_11
26.0,157,G178325_PS_08
26.0,158,G178325_PS_12
26.0,159,G178325_PS_08
26.0,160,G178325_PS_08
26.0,161,G178325_PS_10
26.0,162,G178325_PS_11
26.0,163,G178325_PS_08
26.0,164,G178325_PS_08
26.0,165,G178325_PS_08
26.0,166,G178325_PS_08
26.0,167,G178325_PS_10
26.0,168,G178325_PS_08
26.0,169,G178325_PS_11
26.0,170,G178325_PS_11
26.0,171,G178325_PS_10
26.0,172,G178325_PS_08
26.0,173,G178325_PS_11
26.0,174,G178325_PS_11
26.0,175,G178325_PS_08
26.0,176,G178325_PS_12
26.0,177,G178325_PS_08
26.0,178,G178325_PS_12
26.0,179,G178325_PS_08
26.0,180,G178325_PS_08
26.0,181,G178325_PS_10
26.0,182,G178325_PS_12
26.0,183,G178325_PS_08
26.0,184,G178325_PS_08
26.0,185,G178325_PS_08
26.0,186,G178325_PS_10
26.0,187,G178325_PS_08
26.0,188,G178325_PS_10
26.0,189,G178325_PS_12
26.0,190,G178325_PS_12
26.0,191,G178325_PS_11
26.0,192,G178325_PS_12
26.0,193,G178325_PS_08
26.0,194,G178325_PS_08
26.0,195,G178325_PS_08
26.0,196,G178325_PS_08
26.0,197,G178325_PS_10
26.0,198,G178325_PS_08
26.0,199,G178325_PS_08
26.0,200,G178325_PS_08
26.0,201,G178325_PS_08
26.0,202,G178325_PS_11
26.0,203,G178325_PS_08
26.0,204,G178325_PS_11
26.0,205,G178325_PS_08
26.0,206,G178325_PS_12
26.0,207,G178325_PS_08
26.0,208,G178325_PS_11
26.0,209,G178325_PS_08
26.0,210,G178325_PS_11
26.0,211,G178325_PS_10
26.0,212,G178325_PS_11
26.0,213,G178325_PS_11
26.0,214,G178325_PS_10
26.0,215,G178325_PS_11
26.0,216,G178325_PS_08
26.0,217,G178325_PS_08
26.0,218,G178325_PS_08
26.0,219,G178325_PS_12
26.0,220,G178325_PS_08
26.0,221,G178325_PS_12
26.0,222,G178325_PS_08
26.0,223,G178325_PS_08
26.0,224,G178325_PS_12
26.0,225,G178325_PS_08
26.0,226,G178325_PS_08
26.0,227,G178325_PS_08
26.0,228,G178325_PS_08
26.0,229,G178325_PS_08
26.0,230,G178325_PS_08
26.0,231,G178325_PS_12
26.0,232,G178325_PS_08
26.0,233,G178325_PS_08
26.0,234,G178325_PS_11
26.0,235,G178325_PS_08
26.0,236,G178325_PS_08
26.0,237,G178325_PS_12
26.0,238,G178325_PS_08
26.0,239,G178325_PS_09
26.0,240,G178325_PS_12
26.0,241,G178325_PS_10
26.0,242,G178325_PS_10
26.0,243,G178325_PS_10
26.0,244,G178325_PS_10
26.0,245,G178325_PS_10
26.0,246,G178325_PS_08
26.0,247,G178325_PS_08
26.0,248,G178325_PS_11
26.0,249,G178325_PS_12
26.0,250,G178325_PS_08
26.0,251,G178325_PS_08
26.0,252,G178325_PS_12
26.0,253,G178325_PS_11
26.0,254,G178325_PS_08
26.0,255,G178325_PS_10
26.0,256,G178325_PS_08
26.0,257,G178325_PS_08
26.0,258,G178325_PS_10
26.0,259,G178325_PS_12
26.0,260,G178325_PS_11
26.0,261,G178325_PS_12
26.0,262,G178325_PS_11
26.0,263,G178325_PS_11
26.0,264,G178325_PS_12
26.0,265,G178325_PS_11
26.0,266,G178325_PS_08
26.0,267,G178325_PS_08
26.0,268,G178325_PS_08
26.0,269,G178325_PS_11
26.0,270,G178325_PS_08
26.0,271,G178325_PS_12
26.0,272,G178325_PS_08
26.0,273,G178325_PS_12
26.0,274,G178325_PS_10
26.0,275,G178325_PS_12
26.0,276,G178325_PS_10
26.0,277,G178325_PS_08
26.0,278,G178325_PS_08
26.0,279,G178325_PS_12
26.0,280,G178325_PS_08
26.0,281,G178325_PS_12
26.0,282,G178325_PS_11
26.0,283,G178325_PS_12
26.0,284,G178325_PS_11
26.0,285,G178325_PS_08
26.0,286,G178325_PS_12
26.0,287,G178325_PS_10
26.0,288,G178325_PS_08
26.0,289,G178325_PS_11
26.0,290,G178325_PS_09
26.0,291,G178325_PS_12
26.0,292,G178325_PS_08
26.0,293,G178325_PS_12
26.0,294,G178325_PS_12
26.0,295,G178325_PS_10
26.0,296,G178325_PS_11
26.0,297,G178325_PS_11
26.0,298,G178325_PS_08
26.0,299,G178325_PS_08
26.0,300,G178325_PS_12
26.0,301,G178325_PS_10
26.0,302,G178325_PS_08
26.0,303,G178325_PS_11
26.0,304,G178325_PS_12
26.0,305,G178325_PS_12
26.0,306,G178325_PS_08
26.0,307,G178325_PS_08
26.0,308,G178325_PS_08
26.0,309,G178325_PS_12
26.0,310,G178325_PS_08
26.0,311,G178325_PS_08
26.0,312,G178325_PS_12
26.0,313,G178325_PS_08
26.0,314,G178325_PS_11
26.0,315,G178325_PS_11
26.0,316,G178325_PS_12
26.0,317,G178325_PS_12
26.0,318,G178325_PS_12
26.0,319,G178325_PS_08
26.0,320,G178325_PS_08
26.0,321,G178325_PS_12
26.0,322,G178325_PS_10
26.0,323,G178325_PS_08
26.0,324,G178325_PS_12
26.0,325,G178325_PS_12
26.0,326,G178325_PS_08
26.0,327,G178325_PS_08
26.0,328,G178325_PS_08
26.0,329,G178325_PS_11
26.0,330,G178325_PS_08
26.0,331,G178325_PS_08
26.0,332,G178325_PS_10
26.0,333,G178325_PS_08
26.0,334,G178325_PS_08
26.0,335,G178325_PS_12
26.0,336,G178325_PS_08
26.0,337,G178325_PS_08
26.0,338,G178325_PS_08
26.0,339,G178325_PS_08
26.0,340,G178325_PS_11
26.0,341,G178325_PS_08
26.0,342,G178325_PS_08
26.0,343,G178325_PS_08
26.0,344,G178325_PS_12
26.0,345,G178325_PS_10
26.0,346,G178325_PS_11
26.0,347,G178325_PS_10
26.0,348,G178325_PS_08
26.0,349,G178325_PS_08
26.0,350,G178325_PS_08
26.0,351,G178325_PS_12
26.0,352,G178325_PS_08
26.0,353,G178325_PS_10
26.0,354,G178325_PS_12
26.0,355,G178325_PS_11
26.0,356,G178325_PS_12
26.0,357,G178325_PS_10
26.0,358,G178325_PS_10
26.0,359,G178325_PS_12
26.0,360,G178325_PS_11
26.0,361,G178325_PS_11
26.0,362,G178325_PS_08
26.0,363,G178325_PS_12
26.0,364,G178325_PS_10
26.0,365,G178325_PS_10
26.0,366,G178325_PS_10
26.0,367,G178325_PS_08
26.0,368,G178325_PS_12
26.0,369,G178325_PS_08
26.0,370,G178325_PS_08
26.0,371,G178325_PS_08
26.0,372,G178325_PS_08
26.0,373,G178325_PS_08
26.0,374,G178325_PS_08
26.0,375,G178325_PS_08
26.0,376,G178325_PS_08
26.0,377,G178325_PS_11
26.0,378,G178325_PS_08
26.0,379,G178325_PS_11
26.0,380,G178325_PS_11
26.0,381,G178325_PS_12
26.0,382,G178325_PS_08
26.0,383,G178325_PS_08
26.0,384,G178325_PS_11
26.0,385,G178325_PS_12
26.0,386,G178325_PS_08
26.0,387,G178325_PS_08
26.0,388,G178325_PS_11
26.0,389,G178325_PS_11
26.0,390,G178325_PS_08
26.0,391,G178325_PS_08
26.0,392,G178325_PS_11
26.0,393,G178325_PS_11
26.0,394,G178325_PS_11
26.0,395,G178325_PS_08
26.0,396,G178325_PS_12
26.0,397,G178325_PS_08
26.0,398,G178325_PS_11
26.0,399,G178325_PS_08
26.0,400,G178325_PS_08
26.0,401,G178325_PS_10
26.0,402,G178325_PS_11
26.0,403,G178325_PS_11
26.0,404,G178325_PS_11
26.0,405,G178325_PS_10
26.0,406,G178325_PS_09
26.0,407,G178325_PS_10
26.0,408,G178325_PS_08
26.0,409,G178325_PS_10
26.0,410,G178325_PS_08
26.0,411,G178325_PS_10
26.0,412,G178325_PS_08
26.0,413,G178325_PS_08
26.0,414,G178325_PS_08
26.0,415,G178325_PS_08
26.0,416,G178325_PS_12
26.0,417,G178325_PS_10
26.0,418,G178325_PS_12
26.0,419,G178325_PS_11
26.0,420,G178325_PS_08
26.0,421,G178325_PS_08
26.0,422,G178325_PS_10
26.0,423,G178325_PS_11
26.0,424,G178325_PS_11
26.0,425,G178325_PS_10
26.0,426,G178325_PS_08
26.0,427,G178325_PS_10
26.0,428,G178325_PS_11
26.0,429,G178325_PS_08
26.0,430,G178325_PS_08
26.0,431,G178325_PS_08
26.0,432,G178325_PS_09
26.0,433,G178325_PS_11
26.0,434,G178325_PS_12
26.0,435,G178325_PS_08
26.0,436,G178325_PS_10
26.0,437,G178325_PS_10
26.0,438,G178325_PS_08
26.0,439,G178325_PS_10
26.0,440,G178325_PS_11
26.0,441,G178325_PS_08
26.0,442,G178325_PS_08
26.0,443,G178325_PS_11
26.0,444,G178325_PS_10
26.0,445,G178325_PS_10
26.0,446,G178325_PS_11
26.0,447,G178325_PS_08
26.0,448,G178325_PS_08
26.0,449,G178325_PS_11
26.0,450,G178325_PS_10
26.0,451,G178325_PS_10
26.0,452,G178325_PS_10
26.0,453,G178325_PS_08
26.0,454,G178325_PS_10
26.0,455,G178325_PS_12
26.0,456,G178325_PS_08
26.0,457,G178325_PS_12
26.0,458,G178325_PS_10
26.0,459,G178325_PS_08
26.0,460,G178325_PS_11
26.0,461,G178325_PS_11
26.0,462,G178325_PS_08
26.0,463,G178325_PS_08
26.0,464,G178325_PS_10
26.0,465,G178325_PS_09
26.0,466,G178325_PS_12
26.0,467,G178325_PS_11
26.0,468,G178325_PS_08
26.0,469,G178325_PS_12
26.0,470,G178325_PS_08
26.0,471,G178325_PS_08
26.0,472,G178325_PS_12
26.0,473,G178325_PS_08
26.0,474,G178325_PS_12
26.0,475,G178325_PS_12
26.0,476,G178325_PS_08
26.0,477,G178325_PS_08
26.0,478,G178325_PS_12
26.0,479,G178325_PS_11
26.0,480,G178325_PS_08
26.0,481,G178325_PS_10
26.0,482,G178325_PS_11
26.0,483,G178325_PS_08
26.0,484,G178325_PS_08
26.0,485,G178325_PS_11
26.0,486,G178325_PS_08
26.0,487,G178325_PS_08
26.0,488,G178325_PS_08
26.0,489,G178325_PS_08
26.0,490,G178325_PS_11
26.0,491,G178325_PS_11
26.0,492,G178325_PS_08
26.0,493,G178325_PS_10
26.0,494,G178325_PS_08
26.0,495,G178325_PS_08
26.0,496,G178325_PS_10
26.0,497,G178325_PS_08
26.0,498,G178325_PS_10
26.0,499,G178325_PS_08
26.0,500,G178325_PS_08
26.0,501,G178325_PS_08
26.0,502,G178325_PS_12
26.0,503,G178325_PS_11
26.0,504,G178325_PS_12
26.0,505,G178325_PS_08
26.0,506,G178325_PS_11
26.0,507,G178325_PS_11
26.0,508,G178325_PS_08
26.0,509,G178325_PS_12
26.0,510,G178325_PS_11
26.0,511,G178325_PS_08
26.0,512,G178325_PS_12
26.0,513,G178325_PS_11
26.0,514,G178325_PS_08
26.0,515,G178325_PS_08
26.0,516,G178325_PS_08
26.0,517,G178325_PS_08
26.0,518,G178325_PS_08
26.0,519,G178325_PS_08
26.0,520,G178325_PS_08
26.0,521,G178325_PS_08
26.0,522,G178325_PS_10
26.0,523,G178325_PS_12
26.0,524,G178325_PS_12
26.0,525,G178325_PS_11
26.0,526,G178325_PS_08
26.0,527,G178325_PS_08
26.0,528,G178325_PS_12
26.0,529,G178325_PS_11
26.0,530,G178325_PS_08
26.0,531,G178325_PS_08
26.0,532,G178325_PS_10
26.0,533,G178325_PS_08
26.0,534,G178325_PS_11
26.0,535,G178325_PS_08
26.0,536,G178325_PS_08
26.0,537,G178325_PS_12
26.0,538,G178325_PS_08
26.0,539,G178325_PS_10
26.0,540,G178325_PS_12
26.0,541,G178325_PS_08
26.0,542,G178325_PS_12
26.0,543,G178325_PS_08
26.0,544,G178325_PS_12
26.0,545,G178325_PS_08
26.0,546,G178325_PS_08
26.0,547,G178325_PS_12
26.0,548,G178325_PS_11
26.0,549,G178325_PS_08
26.0,550,G178325_PS_08
26.0,551,G178325_PS_08
26.0,552,G178325_PS_10
26.0,553,G178325_PS_11
26.0,554,G178325_PS_08
26.0,555,G178325_PS_08
26.0,556,G178325_PS_12
26.0,557,G178325_PS_08
26.0,558,G178325_PS_10
26.0,559,G178325_PS_11
26.0,560,G178325_PS_08
26.0,561,G178325_PS_12
26.0,562,G178325_PS_08
26.0,563,G178325_PS_08
26.0,564,G178325_PS_08
26.0,565,G178325_PS_12
26.0,566,G178325_PS_11
26.0,567,G178325_PS_08
26.0,568,G178325_PS_11
26.0,569,G178325_PS_11
26.0,570,G178325_PS_08
26.0,571,G178325_PS_10
26.0,572,G178325_PS_12
26.0,573,G178325_PS_08
26.0,574,G178325_PS_12
26.0,575,G178325_PS_10
26.0,576,G178325_PS_08
26.0,577,G178325_PS_10
26.0,578,G178325_PS_08
26.0,579,G178325_PS_08
26.0,580,G178325_PS_12
26.0,581,G178325_PS_11
26.0,582,G178325_PS_12
26.0,583,G178325_PS_10
26.0,584,G178325_PS_12
26.0,585,G178325_PS_10
26.0,586,G178325_PS_11
26.0,587,G178325_PS_08
26.0,588,G178325_PS_10
26.0,589,G178325_PS_08
26.0,590,G178325_PS_10
26.0,591,G178325_PS_08
26.0,592,G178325_PS_11
26.0,593,G178325_PS_08
26.0,594,G178325_PS_10
26.0,595,G178325_PS_08
26.0,596,G178325_PS_12
26.0,597,G178325_PS_08
26.0,598,G178325_PS_11
26.0,599,G178325_PS_10
26.0,600,G178325_PS_08
26.0,601,G178325_PS_08
26.0,602,G178325_PS_11
26.0,603,G178325_PS_12
26.0,604,G178325_PS_12
26.0,605,G178325_PS_12
26.0,606,G178325_PS_12
26.0,607,G178325_PS_10
26.0,608,G178325_PS_11
26.0,609,G178325_PS_11
26.0,610,G178325_PS_10
26.0,611,G178325_PS_12
26.0,612,G178325_PS_10
26.0,613,G178325_PS_12
26.0,614,G178325_PS_08
26.0,615,G178325_PS_08
26.0,616,G178325_PS_09
26.0,617,G178325_PS_08
26.0,618,G178325_PS_08
26.0,619,G178325_PS_10
26.0,620,G178325_PS_12
26.0,621,G178325_PS_11
26.0,622,G178325_PS_08
26.0,623,G178325_PS_11
26.0,624,G178325_PS_08
26.0,625,G178325_PS_08
26.0,626,G178325_PS_08
26.0,627,G178325_PS_11
26.0,628,G178325_PS_11
26.0,629,G178325_PS_12
26.0,630,G178325_PS_11
26.0,631,G178325_PS_11
26.0,632,G178325_PS_08
26.0,633,G178325_PS_12
26.0,634,G178325_PS_10
26.0,635,G178325_PS_10
26.0,636,G178325_PS_11
26.0,637,G178325_PS_11
26.0,638,G178325_PS_08
26.0,639,G178325_PS_12
26.0,640,G178325_PS_08
26.0,641,G178325_PS_08
26.0,642,G178325_PS_11
26.0,643,G178325_PS_10
26.0,644,G178325_PS_12
26.0,645,G178325_PS_12
26.0,646,G178325_PS_12
26.0,647,G178325_PS_10
26.0,648,G178325_PS_08
26.0,649,G178325_PS_08
26.0,650,G178325_PS_12
26.0,651,G178325_PS_08
26.0,652,G178325_PS_08
26.0,653,G178325_PS_12
26.0,654,G178325_PS_08
26.0,655,G178325_PS_11
26.0,656,G178325_PS_11
26.0,657,G178325_PS_08
26.0,658,G178325_PS_08
26.0,659,G178325_PS_08
26.0,660,G178325_PS_08
26.0,661,G178325_PS_11
26.0,662,G178325_PS_11
26.0,663,G178325_PS_11
26.0,664,G178325_PS_08
26.0,665,G178325_PS_12
26.0,666,G178325_PS_12
26.0,667,G178325_PS_12
26.0,668,G178325_PS_12
26.0,669,G178325_PS_11
26.0,670,G178325_PS_11
26.0,671,G178325_PS_11
26.0,672,G178325_PS_10
26.0,673,G178325_PS_11
26.0,674,G178325_PS_11
26.0,675,G178325_PS_08
26.0,676,G178325_PS_08
26.0,677,G178325_PS_12
26.0,678,G178325_PS_11
26.0,679,G178325_PS_08
26.0,680,G178325_PS_08
26.0,681,G178325_PS_08
26.0,682,G178325_PS_08
26.0,683,G178325_PS_08
26.0,684,G178325_PS_10
26.0,685,G178325_PS_08
26.0,686,G178325_PS_08
26.0,687,G178325_PS_08
26.0,688,G178325_PS_12
26.0,689,G178325_PS_11
26.0,690,G178325_PS_10
26.0,691,G178325_PS_08
26.0,692,G178325_PS_10
26.0,693,G178325_PS_12
26.0,694,G178325_PS_08
26.0,695,G178325_PS_10
26.0,696,G178325_PS_10
26.0,697,G178325_PS_11
26.0,698,G178325_PS_08
26.0,699,G178325_PS_08
26.0,700,G178325_PS_08
26.0,701,G178325_PS_11
26.0,702,G178325_PS_10
26.0,703,G178325_PS_08
26.0,704,G178325_PS_12
26.0,705,G178325_PS_08
26.0,706,G178325_PS_08
26.0,707,G178325_PS_12
26.0,708,G178325_PS_10
26.0,709,G178325_PS_11
26.0,710,G178325_PS_12
26.0,711,G178325_PS_08
26.0,712,G178325_PS_11
26.0,713,G178325_PS_10
26.0,714,G178325_PS_12
26.0,715,G178325_PS_08
26.0,716,G178325_PS_08
26.0,717,G178325_PS_11
26.0,718,G178325_PS_10
26.0,719,G178325_PS_10
26.0,720,G178325_PS_10
26.0,721,G178325_PS_08
26.0,722,G178325_PS_10
26.0,723,G178325_PS_08
26.0,724,G178325_PS_11
26.0,725,G178325_PS_10
26.0,726,G178325_PS_08
26.0,727,G178325_PS_10
26.0,728,G178325_PS_08
26.0,729,G178325_PS_08
26.0,730,G178325_PS_08
26.0,731,G178325_PS_08
26.0,732,G178325_PS_08
26.0,733,G178325_PS_11
26.0,734,G178325_PS_10
26.0,735,G178325_PS_11
26.0,736,G178325_PS_08
26.0,737,G178325_PS_08
26.0,738,G178325_PS_08
26.0,739,G178325_PS_08
26.0,740,G178325_PS_08
26.0,741,G178325_PS_12
26.0,742,G178325_PS_08
26.0,743,G178325_PS_08
26.0,744,G178325_PS_08
26.0,745,G178325_PS_08
26.0,746,G178325_PS_08
26.0,747,G178325_PS_12
26.0,748,G178325_PS_10
26.0,749,G178325_PS_12
26.0,750,G178325_PS_11
26.0,751,G178325_PS_12
26.0,752,G178325_PS_08
26.0,753,G178325_PS_11
26.0,754,G178325_PS_12
26.0,755,G178325_PS_10
26.0,756,G178325_PS_10
26.0,757,G178325_PS_10
26.0,758,G178325_PS_11
26.0,759,G178325_PS_11
26.0,760,G178325_PS_08
26.0,761,G178325_PS_08
26.0,762,G178325_PS_12
26.0,763,G178325_PS_08
26.0,764,G178325_PS_08
26.0,765,G178325_PS_11
26.0,766,G178325_PS_11
26.0,767,G178325_PS_08
26.0,768,G178325_PS_08
26.0,769,G178325_PS_12
26.0,770,G178325_PS_10
26.0,771,G178325_PS_09
26.0,772,G178325_PS_08
26.0,773,G178325_PS_08
26.0,774,G178325_PS_08
26.0,775,G178325_PS_06
26.0,776,G178325_PS_12
26.0,777,G178325_PS_08
26.0,778,G178325_PS_08
26.0,779,G178325_PS_08
26.0,780,G178325_PS_11
26.0,781,G178325_PS_08
26.0,782,G178325_PS_11
26.0,783,G178325_PS_11
26.0,784,G178325_PS_10
26.0,785,G178325_PS_08
26.0,786,G178325_PS_10
26.0,787,G178325_PS_12
26.0,788,G178325_PS_11
26.0,789,G178325_PS_10
26.0,790,G178325_PS_11
26.0,791,G178325_PS_08
26.0,792,G178325_PS_11
26.0,793,G178325_PS_08
26.0,794,G178325_PS_08
26.0,795,G178325_PS_10
26.0,796,G178325_PS_10
26.0,797,G178325_PS_09
26.0,798,G178325_PS_08
26.0,799,G178325_PS_11
26.0,800,G178325_PS_11
26.0,801,G178325_PS_11
26.0,802,G178325_PS_09
26.0,803,G178325_PS_10
26.0,804,G178325_PS_10
26.0,805,G178325_PS_12
26.0,806,G178325_PS_10
26.0,807,G178325_PS_08
26.0,808,G178325_PS_10
26.0,809,G178325_PS_12
26.0,810,G178325_PS_10
26.0,811,G178325_PS_08
26.0,812,G178325_PS_08
26.0,813,G178325_PS_10
26.0,814,G178325_PS_08
26.0,815,G178325_PS_12
26.0,816,G178325_PS_11
26.0,817,G178325_PS_11
26.0,818,G178325_PS_11
26.0,819,G178325_PS_10
26.0,820,G178325_PS_08
26.0,821,G178325_PS_08
26.0,822,G178325_PS_08
26.0,823,G178325_PS_10
26.0,824,G178325_PS_12
26.0,825,G178325_PS_11
26.0,826,G178325_PS_08
26.0,827,G178325_PS_08
26.0,828,G178325_PS_10
26.0,829,G178325_PS_12
26.0,830,G178325_PS_12
26.0,831,G178325_PS_12
26.0,832,G178325_PS_12
26.0,833,G178325_PS_11
26.0,834,G178325_PS_10
26.0,835,G178325_PS_11
26.0,836,G178325_PS_12
26.0,837,G178325_PS_10
26.0,838,G178325_PS_08
26.0,839,G178325_PS_11
26.0,840,G178325_PS_08
26.0,841,G178325_PS_12
26.0,842,G178325_PS_10
26.0,843,G178325_PS_11
26.0,844,G178325_PS_08
26.0,845,G178325_PS_08
26.0,846,G178325_PS_12
26.0,847,G178325_PS_11
26.0,848,G178325_PS_08
26.0,849,G178325_PS_12
26.0,850,G178325_PS_08
26.0,851,G178325_PS_08
26.0,852,G178325_PS_08
26.0,853,G178325_PS_12
26.0,854,G178325_PS_12
26.0,855,G178325_PS_08
26.0,856,G178325_PS_11
26.0,857,G178325_PS_11
26.0,858,G178325_PS_12
26.0,859,G178325_PS_10
26.0,860,G178325_PS_08
26.0,861,G178325_PS_08
26.0,862,G178325_PS_08
26.0,863,G178325_PS_10
26.0,864,G178325_PS_11
26.0,865,G178325_PS_09
26.0,866,G178325_PS_08
26.0,867,G178325_PS_12
26.0,868,G178325_PS_08
26.0,869,G178325_PS_10
26.0,870,G178325_PS_10
26.0,871,G178325_PS_12
26.0,872,G178325_PS_11
26.0,873,G178325_PS_12
26.0,874,G178325_PS_12
26.0,875,G178325_PS_12
26.0,876,G178325_PS_12
26.0,877,G178325_PS_11
26.0,878,G178325_PS_10
26.0,879,G178325_PS_08
26.0,880,G178325_PS_11
26.0,881,G178325_PS_08
26.0,882,G178325_PS_08
26.0,883,G178325_PS_11
26.0,884,G178325_PS_08
26.0,885,G178325_PS_12
26.0,886,G178325_PS_09
26.0,887,G178325_PS_12
26.0,888,G178325_PS_08
26.0,889,G178325_PS_12
26.0,890,G178325_PS_12
26.0,891,G178325_PS_08
26.0,892,G178325_PS_11
26.0,893,G178325_PS_08
26.0,894,G178325_PS_12
26.0,895,G178325_PS_11
26.0,896,G178325_PS_08
26.0,897,G178325_PS_11
26.0,898,G178325_PS_10
26.0,899,G178325_PS_10
26.0,900,G178325_PS_08
26.0,901,G178325_PS_08
26.0,902,G178325_PS_08
26.0,903,G178325_PS_12
26.0,904,G178325_PS_08
26.0,905,G178325_PS_09
26.0,906,G178325_PS_08
26.0,907,G178325_PS_11
26.0,908,G178325_PS_08
26.0,909,G178325_PS_12
26.0,910,G178325_PS_08
26.0,911,G178325_PS_08
26.0,912,G178325_PS_08
26.0,913,G178325_PS_11
26.0,914,G178325_PS_10
26.0,915,G178325_PS_11
26.0,916,G178325_PS_11
26.0,917,G178325_PS_08
26.0,918,G178325_PS_08
26.0,919,G178325_PS_08
26.0,920,G178325_PS_11
26.0,921,G178325_PS_08
26.0,922,G178325_PS_08
26.0,923,G178325_PS_11
26.0,924,G178325_PS_12
26.0,925,G178325_PS_11
26.0,926,G178325_PS_10
26.0,927,G178325_PS_12
26.0,928,G178325_PS_08
26.0,929,G178325_PS_08
26.0,930,G178325_PS_11
26.0,931,G178325_PS_11
26.0,932,G178325_PS_08
26.0,933,G178325_PS_11
26.0,934,G178325_PS_08
26.0,935,G178325_PS_10
26.0,936,G178325_PS_10
26.0,937,G178325_PS_08
26.0,938,G178325_PS_08
26.0,939,G178325_PS_08
26.0,940,G178325_PS_11
26.0,941,G178325_PS_11
26.0,942,G178325_PS_08
26.0,943,G178325_PS_11
26.0,944,G178325_PS_08
26.0,945,G178325_PS_08
26.0,946,G178325_PS_08
26.0,947,G178325_PS_08
26.0,948,G178325_PS_12
26.0,949,G178325_PS_11
26.0,950,G178325_PS_10
26.0,951,G178325_PS_08
26.0,952,G178325_PS_10
26.0,953,G178325_PS_12
26.0,954,G178325_PS_08
26.0,955,G178325_PS_08
26.0,956,G178325_PS_11
26.0,957,G178325_PS_08
26.0,958,G178325_PS_08
26.0,959,G178325_PS_10
26.0,960,G178325_PS_11
26.0,961,G178325_PS_08
26.0,962,G178325_PS_08
26.0,963,G178325_PS_10
26.0,964,G178325_PS_11
26.0,965,G178325_PS_10
26.0,966,G178325_PS_08
26.0,967,G178325_PS_12
26.0,968,G178325_PS_12
26.0,969,G178325_PS_10
26.0,970,G178325_PS_10
26.0,971,G178325_PS_10
26.0,972,G178325_PS_08
26.0,973,G178325_PS_10
26.0,974,G178325_PS_08
26.0,975,G178325_PS_11
26.0,976,G178325_PS_11
26.0,977,G178325_PS_08
26.0,978,G178325_PS_12
26.0,979,G178325_PS_10
26.0,980,G178325_PS_11
26.0,981,G178325_PS_10
26.0,982,G178325_PS_10
26.0,983,G178325_PS_11
26.0,984,G178325_PS_08
26.0,985,G178325_PS_08
26.0,986,G178325_PS_08
26.0,987,G178325_PS_08
26.0,988,G178325_PS_10
26.0,989,G178325_PS_08
26.0,990,G178325_PS_11
26.0,991,G178325_PS_12
26.0,992,G178325_PS_11
26.0,993,G178325_PS_11
26.0,994,G178325_PS_08
26.0,995,G178325_PS_10
26.0,996,G178325_PS_08
26.0,997,G178325_PS_11
26.0,998,G178325_PS_12
26.0,999,G178325_PS_08
26.0,1000,G178325_PS_10
26.0,1001,G178325_PS_10
26.0,1002,G178325_PS_11
26.0,1003,G178325_PS_10
26.0,1004,G178325_PS_10
26.0,1005,G178325_PS_11
26.0,1006,G178325_PS_10
26.0,1007,G178325_PS_10
26.0,1008,G178325_PS_08
26.0,1009,G178325_PS_08
26.0,1010,G178325_PS_12
26.0,1011,G178325_PS_08
26.0,1012,G178325_PS_08
26.0,1013,G178325_PS_08
26.0,1014,G178325_PS_12
26.0,1015,G178325_PS_11
26.0,1016,G178325_PS_08
26.0,1017,G178325_PS_12
26.0,1018,G178325_PS_12
26.0,1019,G178325_PS_12
26.0,1020,G178325_PS_11
26.0,1021,G178325_PS_08
26.0,1022,G178325_PS_10
26.0,1023,G178325_PS_10
26.0,1024,G178325_PS_08
26.0,1025,G178325_PS_12
26.0,1026,G178325_PS_08
26.0,1027,G178325_PS_11
26.0,1028,G178325_PS_11
26.0,1029,G178325_PS_11
26.0,1030,G178325_PS_10
26.0,1031,G178325_PS_08
26.0,1032,G178325_PS_08
26.0,1033,G178325_PS_08
26.0,1034,G178325_PS_08
26.0,1035,G178325_PS_11
26.0,1036,G178325_PS_12
26.0,1037,G178325_PS_12
26.0,1038,G178325_PS_08
26.0,1039,G178325_PS_11
26.0,1040,G178325_PS_12
26.0,1041,G178325_PS_10
26.0,1042,G178325_PS_08
26.0,1043,G178325_PS_11
26.0,1044,G178325_PS_08
26.0,1045,G178325_PS_10
26.0,1046,G178325_PS_12
26.0,1047,G178325_PS_10
26.0,1048,G178325_PS_08
26.0,1049,G178325_PS_08
26.0,1050,G178325_PS_10
26.0,1051,G178325_PS_10
26.0,1052,G178325_PS_11
26.0,1053,G178325_PS_11
26.0,1054,G178325_PS_08
26.0,1055,G178325_PS_08
26.0,1056,G178325_PS_10
26.0,1057,G178325_PS_08
26.0,1058,G178325_PS_12
26.0,1059,G178325_PS_08
26.0,1060,G178325_PS_08
26.0,1061,G178325_PS_10
26.0,1062,G178325_PS_11
26.0,1063,G178325_PS_12
26.0,1064,G178325_PS_11
26.0,1065,G178325_PS_12
26.0,1066,G178325_PS_08
26.0,1067,G178325_PS_08
26.0,1068,G178325_PS_11
26.0,1069,G178325_PS_12
26.0,1070,G178325_PS_11
26.0,1071,G178325_PS_12
26.0,1072,G178325_PS_10
26.0,1073,G178325_PS_08
26.0,1074,G178325_PS_12
26.0,1075,G178325_PS_12
26.0,1076,G178325_PS_08
26.0,1077,G178325_PS_11
26.0,1078,G178325_PS_08
26.0,1079,G178325_PS_12
26.0,1080,G178325_PS_11
26.0,1081,G178325_PS_08
26.0,1082,G178325_PS_08
26.0,1083,G178325_PS_11
26.0,1084,G178325_PS_08
26.0,1085,G178325_PS_11
26.0,1086,G178325_PS_08
26.0,1087,G178325_PS_08
26.0,1088,G178325_PS_10
26.0,1089,G178325_PS_08
26.0,1090,G178325_PS_10
26.0,1091,G178325_PS_08
26.0,1092,G178325_PS_10
26.0,1093,G178325_PS_08
26.0,1094,G178325_PS_10
26.0,1095,G178325_PS_12
26.0,1096,G178325_PS_08
26.0,1097,G178325_PS_08
26.0,1098,G178325_PS_09
26.0,1099,G178325_PS_08
26.0,1100,G178325_PS_12
26.0,1101,G178325_PS_08
26.0,1102,G178325_PS_11
26.0,1103,G178325_PS_08
26.0,1104,G178325_PS_08
26.0,1105,G178325_PS_08
26.0,1106,G178325_PS_11
26.0,1107,G178325_PS_11
26.0,1108,G178325_PS_10
26.0,1109,G178325_PS_10
26.0,1110,G178325_PS_08
26.0,1111,G178325_PS_10
26.0,1112,G178325_PS_11
26.0,1113,G178325_PS_08
26.0,1114,G178325_PS_08
26.0,1115,G178325_PS_08
26.0,1116,G178325_PS_08
26.0,1117,G178325_PS_08
26.0,1118,G178325_PS_08
26.0,1119,G178325_PS_12
26.0,1120,G178325_PS_10
26.0,1121,G178325_PS_11
26.0,1122,G178325_PS_08
26.0,1123,G178325_PS_10
26.0,1124,G178325_PS_11
26.0,1125,G178325_PS_08
26.0,1126,G178325_PS_08
26.0,1127,G178325_PS_11
26.0,1128,G178325_PS_10
26.0,1129,G178325_PS_08
26.0,1130,G178325_PS_11
26.0,1131,G178325_PS_08
26.0,1132,G178325_PS_08
26.0,1133,G178325_PS_08
26.0,1134,G178325_PS_08
26.0,1135,G178325_PS_11
26.0,1136,G178325_PS_12
26.0,1137,G178325_PS_08
26.0,1138,G178325_PS_08
26.0,1139,G178325_PS_12
26.0,1140,G178325_PS_10
26.0,1141,G178325_PS_10
26.0,1142,G178325_PS_10
26.0,1143,G178325_PS_08
26.0,1144,G178325_PS_12
26.0,1145,G178325_PS_12
26.0,1146,G178325_PS_08
26.0,1147,G178325_PS_12
26.0,1148,G178325_PS_08
26.0,1149,G178325_PS_08
26.0,1150,G178325_PS_12
26.0,1151,G178325_PS_08
26.0,1152,G178325_PS_08
26.0,1153,G178325_PS_11
26.0,1154,G178325_PS_12
26.0,1155,G178325_PS_10
26.0,1156,G178325_PS_12
26.0,1157,G178325_PS_08
26.0,1158,G178325_PS_08
26.0,1159,G178325_PS_11
26.0,1160,G178325_PS_10
26.0,1161,G178325_PS_11
26.0,1162,G178325_PS_08
26.0,1163,G178325_PS_08
26.0,1164,G178325_PS_09
26.0,1165,G178325_PS_08
26.0,1166,G178325_PS_11
26.0,1167,G178325_PS_10
26.0,1168,G178325_PS_08
26.0,1169,G178325_PS_08
26.0,1170,G178325_PS_08
26.0,1171,G178325_PS_12
26.0,1172,G178325_PS_12
26.0,1173,G178325_PS_11
26.0,1174,G178325_PS_12
26.0,1175,G178325_PS_12
26.0,1176,G178325_PS_08
26.0,1177,G178325_PS_10
26.0,1178,G178325_PS_11
26.0,1179,G178325_PS_10
26.0,1180,G178325_PS_10
26.0,1181,G178325_PS_08
26.0,1182,G178325_PS_08
26.0,1183,G178325_PS_08
26.0,1184,G178325_PS_08
26.0,1185,G178325_PS_12
26.0,1186,G178325_PS_08
26.0,1187,G178325_PS_08
26.0,1188,G178325_PS_10
26.0,1189,G178325_PS_08
26.0,1190,G178325_PS_11
26.0,1191,G178325_PS_12
26.0,1192,G178325_PS_08
26.0,1193,G178325_PS_10
26.0,1194,G178325_PS_11
26.0,1195,G178325_PS_08
26.0,1196,G178325_PS_12
26.0,1197,G178325_PS_08
26.0,1198,G178325_PS_08
26.0,1199,G178325_PS_11
26.0,1200,G178325_PS_11
26.0,1201,G178325_PS_10
26.0,1202,G178325_PS_11
26.0,1203,G178325_PS_10
26.0,1204,G178325_PS_12
26.0,1205,G178325_PS_10
26.0,1206,G178325_PS_08
26.0,1207,G178325_PS_10
26.0,1208,G178325_PS_11
26.0,1209,G178325_PS_11
26.0,1210,G178325_PS_12
26.0,1211,G178325_PS_12
26.0,1212,G178325_PS_08
26.0,1213,G178325_PS_10
26.0,1214,G178325_PS_10
26.0,1215,G178325_PS_12
26.0,1216,G178325_PS_12
26.0,1217,G178325_PS_08
26.0,1218,G178325_PS_11
26.0,1219,G178325_PS_12
26.0,1220,G178325_PS_08
26.0,1221,G178325_PS_11
26.0,1222,G178325_PS_11
26.0,1223,G178325_PS_10
26.0,1224,G178325_PS_08
26.0,1225,G178325_PS_10
26.0,1226,G178325_PS_08
26.0,1227,G178325_PS_11
26.0,1228,G178325_PS_08
26.0,1229,G178325_PS_08
26.0,1230,G178325_PS_11
26.0,1231,G178325_PS_10
26.0,1232,G178325_PS_12
26.0,1233,G178325_PS_11
26.0,1234,G178325_PS_10
26.0,1235,G178325_PS_08
26.0,1236,G178325_PS_08
26.0,1237,G178325_PS_08
26.0,1238,G178325_PS_12
26.0,1239,G178325_PS_12
26.0,1240,G178325_PS_12
26.0,1241,G178325_PS_08
26.0,1242,G178325_PS_12
26.0,1243,G178325_PS_08
26.0,1244,G178325_PS_08
26.0,1245,G178325_PS_12
26.0,1246,G178325_PS_11
26.0,1247,G178325_PS_08
26.0,1248,G178325_PS_12
26.0,1249,G178325_PS_12
26.0,1250,G178325_PS_10
26.0,1251,G178325_PS_08
26.0,1252,G178325_PS_12
26.0,1253,G178325_PS_11
26.0,1254,G178325_PS_08
26.0,1255,G178325_PS_11
26.0,1256,G178325_PS_08
26.0,1257,G178325_PS_08
26.0,1258,G178325_PS_08
26.0,1259,G178325_PS_12
26.0,1260,G178325_PS_10
26.0,1261,G178325_PS_11
26.0,1262,G178325_PS_08
26.0,1263,G178325_PS_08
26.0,1264,G178325_PS_08
26.0,1265,G178325_PS_08
26.0,1266,G178325_PS_10
26.0,1267,G178325_PS_12
26.0,1268,G178325_PS_11
26.0,1269,G178325_PS_12
26.0,1270,G178325_PS_08
26.0,1271,G178325_PS_11
26.0,1272,G178325_PS_08
26.0,1273,G178325_PS_10
26.0,1274,G178325_PS_08
26.0,1275,G178325_PS_08
26.0,1276,G178325_PS_10
26.0,1277,G178325_PS_08
26.0,1278,G178325_PS_11
26.0,1279,G178325_PS_12
26.0,1280,G178325_PS_11
26.0,1281,G178325_PS_08
26.0,1282,G178325_PS_12
26.0,1283,G178325_PS_12
26.0,1284,G178325_PS_11
26.0,1285,G178325_PS_12
26.0,1286,G178325_PS_08
26.0,1287,G178325_PS_08
26.0,1288,G178325_PS_11
26.0,1289,G178325_PS_10
26.0,1290,G178325_PS_12
26.0,1291,G178325_PS_12
26.0,1292,G178325_PS_11
26.0,1293,G178325_PS_08
26.0,1294,G178325_PS_08
26.0,1295,G178325_PS_12
26.0,1296,G178325_PS_08
26.0,1297,G178325_PS_11
26.0,1298,G178325_PS_08
26.0,1299,G178325_PS_08
26.0,1300,G178325_PS_10
26.0,1301,G178325_PS_10
26.0,1302,G178325_PS_11
26.0,1303,G178325_PS_11
26.0,1304,G178325_PS_08
26.0,1305,G178325_PS_11
26.0,1306,G178325_PS_11
26.0,1307,G178325_PS_11
26.0,1308,G178325_PS_11
26.0,1309,G178325_PS_11
26.0,1310,G178325_PS_10
26.0,1311,G178325_PS_12
26.0,1312,G178325_PS_08
26.0,1313,G178325_PS_11
26.0,1314,G178325_PS_08
26.0,1315,G178325_PS_08
26.0,1316,G178325_PS_08
26.0,1317,G178325_PS_11
26.0,1318,G178325_PS_12
26.0,1319,G178325_PS_08
26.0,1320,G178325_PS_10
26.0,1321,G178325_PS_11
26.0,1322,G178325_PS_08
26.0,1323,G178325_PS_12
26.0,1324,G178325_PS_08
26.0,1325,G178325_PS_08
26.0,1326,G178325_PS_08
26.0,1327,G178325_PS_12
26.0,1328,G178325_PS_08
26.0,1329,G178325_PS_12
26.0,1330,G178325_PS_08
26.0,1331,G178325_PS_10
26.0,1332,G178325_PS_11
26.0,1333,G178325_PS_08
26.0,1334,G178325_PS_08
26.0,1335,G178325_PS_08
26.0,1336,G178325_PS_11
26.0,1337,G178325_PS_08
26.0,1338,G178325_PS_11
26.0,1339,G178325_PS_08
26.0,1340,G178325_PS_11
26.0,1341,G178325_PS_08
26.0,1342,G178325_PS_11
26.0,1343,G178325_PS_08
26.0,1344,G178325_PS_11
26.0,1345,G178325_PS_08
26.0,1346,G178325_PS_12
26.0,1347,G178325_PS_10
26.0,1348,G178325_PS_12
26.0,1349,G178325_PS_10
26.0,1350,G178325_PS_08
26.0,1351,G178325_PS_10
26.0,1352,G178325_PS_12
26.0,1353,G178325_PS_11
26.0,1354,G178325_PS_08
26.0,1355,G178325_PS_11
26.0,1356,G178325_PS_11
26.0,1357,G178325_PS_08
26.0,1358,G178325_PS_08
26.0,1359,G178325_PS_11
26.0,1360,G178325_PS_08
26.0,1361,G178325_PS_08
26.0,1362,G178325_PS_08
26.0,1363,G178325_PS_08
26.0,1364,G178325_PS_08
26.0,1365,G178325_PS_10
26.0,1366,G178325_PS_08
26.0,1367,G178325_PS_12
26.0,1368,G178325_PS_10
26.0,1369,G178325_PS_10
26.0,1370,G178325_PS_11
26.0,1371,G178325_PS_08
26.0,1372,G178325_PS_10
26.0,1373,G178325_PS_10
26.0,1374,G178325_PS_11
26.0,1375,G178325_PS_11
26.0,1376,G178325_PS_10
26.0,1377,G178325_PS_12
26.0,1378,G178325_PS_08
26.0,1379,G178325_PS_12
26.0,1380,G178325_PS_08
26.0,1381,G178325_PS_12
26.0,1382,G178325_PS_11
26.0,1383,G178325_PS_12
26.0,1384,G178325_PS_12
26.0,1385,G178325_PS_10
26.0,1386,G178325_PS_10
26.0,1387,G178325_PS_08
26.0,1388,G178325_PS_08
26.0,1389,G178325_PS_08
26.0,1390,G178325_PS_11
26.0,1391,G178325_PS_12
26.0,1392,G178325_PS_08
26.0,1393,G178325_PS_11
26.0,1394,G178325_PS_08
26.0,1395,G178325_PS_10
26.0,1396,G178325_PS_08
26.0,1397,G178325_PS_08
26.0,1398,G178325_PS_12
26.0,1399,G178325_PS_12
26.0,1400,G178325_PS_10
26.0,1401,G178325_PS_12
26.0,1402,G178325_PS_12
26.0,1403,G178325_PS_12
26.0,1404,G178325_PS_10
26.0,1405,G178325_PS_08
26.0,1406,G178325_PS_12
26.0,1407,G178325_PS_08
26.0,1408,G178325_PS_12
26.0,1409,G178325_PS_10
26.0,1410,G178325_PS_08
26.0,1411,G178325_PS_08
26.0,1412,G178325_PS_10
26.0,1413,G178325_PS_10
26.0,1414,G178325_PS_12
26.0,1415,G178325_PS_08
26.0,1416,G178325_PS_08
26.0,1417,G178325_PS_11
26.0,1418,G178325_PS_12
26.0,1419,G178325_PS_11
26.0,1420,G178325_PS_10
26.0,1421,G178325_PS_12
26.0,1422,G178325_PS_08
26.0,1423,G178325_PS_08
26.0,1424,G178325_PS_11
26.0,1425,G178325_PS_08
26.0,1426,G178325_PS_08
26.0,1427,G178325_PS_08
26.0,1428,G178325_PS_12
26.0,1429,G178325_PS_11
26.0,1430,G178325_PS_12
26.0,1431,G178325_PS_12
26.0,1432,G178325_PS_12
26.0,1433,G178325_PS_08
26.0,1434,G178325_PS_08
26.0,1435,G178325_PS_10
26.0,1436,G178325_PS_10
26.0,1437,G178325_PS_12
26.0,1438,G178325_PS_11
26.0,1439,G178325_PS_08
26.0,1440,G178325_PS_08
26.0,1441,G178325_PS_10
26.0,1442,G178325_PS_11
26.0,1443,G178325_PS_08
26.0,1444,G178325_PS_08
26.0,1445,G178325_PS_08
26.0,1446,G178325_PS_08
26.0,1447,G178325_PS_10
26.0,1448,G178325_PS_08
26.0,1449,G178325_PS_12
26.0,1450,G178325_PS_10
26.0,1451,G178325_PS_08
26.0,1452,G178325_PS_11
26.0,1453,G178325_PS_08
26.0,1454,G178325_PS_11
26.0,1455,G178325_PS_11
26.0,1456,G178325_PS_08
26.0,1457,G178325_PS_10
26.0,1458,G178325_PS_10
26.0,1459,G178325_PS_11
26.0,1460,G178325_PS_10
26.0,1461,G178325_PS_12
26.0,1462,G178325_PS_08
26.0,1463,G178325_PS_11
26.0,1464,G178325_PS_12
26.0,1465,G178325_PS_08
26.0,1466,G178325_PS_10
26.0,1467,G178325_PS_08
26.0,1468,G178325_PS_12
26.0,1469,G178325_PS_08
26.0,1470,G178325_PS_10
26.0,1471,G178325_PS_12
26.0,1472,G178325_PS_12
26.0,1473,G178325_PS_11
26.0,1474,G178325_PS_08
26.0,1475,G178325_PS_11
26.0,1476,G178325_PS_12
26.0,1477,G178325_PS_08
26.0,1478,G178325_PS_11
26.0,1479,G178325_PS_12
26.0,1480,G178325_PS_12
26.0,1481,G178325_PS_10
26.0,1482,G178325_PS_12
26.0,1483,G178325_PS_12
26.0,1484,G178325_PS_10
26.0,1485,G178325_PS_11
26.0,1486,G178325_PS_10
26.0,1487,G178325_PS_12
26.0,1488,G178325_PS_11
26.0,1489,G178325_PS_12
26.0,1490,G178325_PS_11
26.0,1491,G178325_PS_11
26.0,1492,G178325_PS_08
26.0,1493,G178325_PS_11
26.0,1494,G178325_PS_08
26.0,1495,G178325_PS_10
26.0,1496,G178325_PS_08
26.0,1497,G178325_PS_12
26.0,1498,G178325_PS_11
26.0,1499,G178325_PS_08
26.0,1500,G178325_PS_08
26.0,1501,G178325_PS_11
26.0,1502,G178325_PS_10
26.0,1503,G178325_PS_12
26.0,1504,G178325_PS_12
26.0,1505,G178325_PS_10
26.0,1506,G178325_PS_10
26.0,1507,G178325_PS_08
26.0,1508,G178325_PS_12
26.0,1509,G178325_PS_08
26.0,1510,G178325_PS_11
26.0,1511,G178325_PS_08
26.0,1512,G178325_PS_11
26.0,1513,G178325_PS_11
26.0,1514,G178325_PS_08
26.0,1515,G178325_PS_12
26.0,1516,G178325_PS_08
26.0,1517,G178325_PS_08
26.0,1518,G178325_PS_08
26.0,1519,G178325_PS_08
26.0,1520,G178325_PS_10
26.0,1521,G178325_PS_11
26.0,1522,G178325_PS_08
26.0,1523,G178325_PS_08
26.0,1524,G178325_PS_10
26.0,1525,G178325_PS_08
26.0,1526,G178325_PS_12
26.0,1527,G178325_PS_12
26.0,1528,G178325_PS_08
26.0,1529,G178325_PS_11
26.0,1530,G178325_PS_12
26.0,1531,G178325_PS_08
26.0,1532,G178325_PS_08
26.0,1533,G178325_PS_08
26.0,1534,G178325_PS_08
26.0,1535,G178325_PS_08
26.0,1536,G178325_PS_10
26.0,1537,G178325_PS_08
26.0,1538,G178325_PS_12
26.0,1539,G178325_PS_12
26.0,1540,G178325_PS_08
26.0,1541,G178325_PS_08
26.0,1542,G178325_PS_08
26.0,1543,G178325_PS_08
26.0,1544,G178325_PS_10
26.0,1545,G178325_PS_10
26.0,1546,G178325_PS_10
26.0,1547,G178325_PS_08
26.0,1548,G178325_PS_08
26.0,1549,G178325_PS_08
26.0,1550,G178325_PS_08
26.0,1551,G178325_PS_11
26.0,1552,G178325_PS_11
26.0,1553,G178325_PS_08
26.0,1554,G178325_PS_08
26.0,1555,G178325_PS_11
26.0,1556,G178325_PS_08
26.0,1557,G178325_PS_08
26.0,1558,G178325_PS_08
26.0,1559,G178325_PS_10
26.0,1560,G178325_PS_10
26.0,1561,G178325_PS_08
26.0,1562,G178325_PS_08
26.0,1563,G178325_PS_11
26.0,1564,G178325_PS_11
26.0,1565,G178325_PS_08
26.0,1566,G178325_PS_09
26.0,1567,G178325_PS_08
26.0,1568,G178325_PS_12
26.0,1569,G178325_PS_10
26.0,1570,G178325_PS_08
26.0,1571,G178325_PS_08
26.0,1572,G178325_PS_08
26.0,1573,G178325_PS_11
26.0,1574,G178325_PS_12
26.0,1575,G178325_PS_12
26.0,1576,G178325_PS_08
26.0,1577,G178325_PS_11
26.0,1578,G178325_PS_11
26.0,1579,G178325_PS_10
26.0,1580,G178325_PS_08
26.0,1581,G178325_PS_08
26.0,1582,G178325_PS_12
26.0,1583,G178325_PS_08
26.0,1584,G178325_PS_08
26.0,1585,G178325_PS_08
26.0,1586,G178325_PS_08
26.0,1587,G178325_PS_12
26.0,1588,G178325_PS_10
26.0,1589,G178325_PS_11
26.0,1590,G178325_PS_11
26.0,1591,G178325_PS_08
26.0,1592,G178325_PS_08
26.0,1593,G178325_PS_08
26.0,1594,G178325_PS_08
26.0,1595,G178325_PS_08
26.0,1596,G178325_PS_10
26.0,1597,G178325_PS_08
26.0,1598,G178325_PS_10
26.0,1599,G178325_PS_11
26.0,1600,G178325_PS_10
26.0,1601,G178325_PS_11
26.0,1602,G178325_PS_08
26.0,1603,G178325_PS_12
26.0,1604,G178325_PS_11
26.0,1605,G178325_PS_08
26.0,1606,G178325_PS_08
26.0,1607,G178325_PS_11
26.0,1608,G178325_PS_10
26.0,1609,G178325_PS_09
26.0,1610,G178325_PS_08
26.0,1611,G178325_PS_12
26.0,1612,G178325_PS_12
26.0,1613,G178325_PS_10
26.0,1614,G178325_PS_10
26.0,1615,G178325_PS_12
26.0,1616,G178325_PS_11
26.0,1617,G178325_PS_08
26.0,1618,G178325_PS_12
26.0,1619,G178325_PS_10
26.0,1620,G178325_PS_10
26.0,1621,G178325_PS_10
26.0,1622,G178325_PS_08
26.0,1623,G178325_PS_11
26.0,1624,G178325_PS_08
26.0,1625,G178325_PS_12
26.0,1626,G178325_PS_10
26.0,1627,G178325_PS_08
26.0,1628,G178325_PS_11
26.0,1629,G178325_PS_11
26.0,1630,G178325_PS_12
26.0,1631,G178325_PS_10
26.0,1632,G178325_PS_12
26.0,1633,G178325_PS_09
26.0,1634,G178325_PS_11
26.0,1635,G178325_PS_10
26.0,1636,G178325_PS_10
26.0,1637,G178325_PS_11
26.0,1638,G178325_PS_08
26.0,1639,G178325_PS_08
26.0,1640,G178325_PS_10
26.0,1641,G178325_PS_08
26.0,1642,G178325_PS_11
26.0,1643,G178325_PS_08
26.0,1644,G178325_PS_11
26.0,1645,G178325_PS_08
26.0,1646,G178325_PS_12
26.0,1647,G178325_PS_08
26.0,1648,G178325_PS_12
26.0,1649,G178325_PS_08
26.0,1650,G178325_PS_08
26.0,1651,G178325_PS_12
26.0,1652,G178325_PS_10
26.0,1653,G178325_PS_10
26.0,1654,G178325_PS_08
26.0,1655,G178325_PS_12
26.0,1656,G178325_PS_11
26.0,1657,G178325_PS_12
26.0,1658,G178325_PS_08
26.0,1659,G178325_PS_11
26.0,1660,G178325_PS_10
26.0,1661,G178325_PS_10
26.0,1662,G178325_PS_08
26.0,1663,G178325_PS_11
26.0,1664,G178325_PS_08
26.0,1665,G178325_PS_11
26.0,1666,G178325_PS_08
26.0,1667,G178325_PS_11
26.0,1668,G178325_PS_10
26.0,1669,G178325_PS_11
26.0,1670,G178325_PS_11
26.0,1671,G178325_PS_08
26.0,1672,G178325_PS_08
26.0,1673,G178325_PS_08
26.0,1674,G178325_PS_12
26.0,1675,G178325_PS_12
26.0,1676,G178325_PS_11
26.0,1677,G178325_PS_10
26.0,1678,G178325_PS_08
26.0,1679,G178325_PS_08
26.0,1680,G178325_PS_08
26.0,1681,G178325_PS_10
26.0,1682,G178325_PS_11
26.0,1683,G178325_PS_08
26.0,1684,G178325_PS_10
26.0,1685,G178325_PS_10
26.0,1686,G178325_PS_08
26.0,1687,G178325_PS_08
26.0,1688,G178325_PS_08
26.0,1689,G178325_PS_08
26.0,1690,G178325_PS_11
26.0,1691,G178325_PS_11
26.0,1692,G178325_PS_08
26.0,1693,G178325_PS_12
26.0,1694,G178325_PS_12
26.0,1695,G178325_PS_08
26.0,1696,G178325_PS_11
26.0,1697,G178325_PS_08
26.0,1698,G178325_PS_11
26.0,1699,G178325_PS_10
26.0,1700,G178325_PS_08
26.0,1701,G178325_PS_11
26.0,1702,G178325_PS_10
26.0,1703,G178325_PS_08
26.0,1704,G178325_PS_11
26.0,1705,G178325_PS_10
26.0,1706,G178325_PS_08
26.0,1707,G178325_PS_08
26.0,1708,G178325_PS_10
26.0,1709,G178325_PS_12
26.0,1710,G178325_PS_08
26.0,1711,G178325_PS_12
26.0,1712,G178325_PS_12
26.0,1713,G178325_PS_08
26.0,1714,G178325_PS_08
26.0,1715,G178325_PS_11
26.0,1716,G178325_PS_11
26.0,1717,G178325_PS_10
26.0,1718,G178325_PS_12
26.0,1719,G178325_PS_08
26.0,1720,G178325_PS_10
26.0,1721,G178325_PS_08
26.0,1722,G178325_PS_08
26.0,1723,G178325_PS_12
26.0,1724,G178325_PS_10
26.0,1725,G178325_PS_08
26.0,1726,G178325_PS_08
26.0,1727,G178325_PS_12
26.0,1728,G178325_PS_08
26.0,1729,G178325_PS_08
26.0,1730,G178325_PS_12
26.0,1731,G178325_PS_12
26.0,1732,G178325_PS_10
26.0,1733,G178325_PS_08
26.0,1734,G178325_PS_10
26.0,1735,G178325_PS_10
26.0,1736,G178325_PS_08
26.0,1737,G178325_PS_12
26.0,1738,G178325_PS_11
26.0,1739,G178325_PS_12
26.0,1740,G178325_PS_08
26.0,1741,G178325_PS_12
26.0,1742,G178325_PS_12
26.0,1743,G178325_PS_08
26.0,1744,G178325_PS_11
26.0,1745,G178325_PS_08
26.0,1746,G178325_PS_12
26.0,1747,G178325_PS_10
26.0,1748,G178325_PS_08
26.0,1749,G178325_PS_12
26.0,1750,G178325_PS_08
26.0,1751,G178325_PS_08
26.0,1752,G178325_PS_11
26.0,1753,G178325_PS_12
26.0,1754,G178325_PS_12
26.0,1755,G178325_PS_12
26.0,1756,G178325_PS_08
26.0,1757,G178325_PS_08
26.0,1758,G178325_PS_12
26.0,1759,G178325_PS_08
26.0,1760,G178325_PS_08
26.0,1761,G178325_PS_11
26.0,1762,G178325_PS_08
26.0,1763,G178325_PS_11
26.0,1764,G178325_PS_08
26.0,1765,G178325_PS_10
26.0,1766,G178325_PS_12
26.0,1767,G178325_PS_12
26.0,1768,G178325_PS_10
26.0,1769,G178325_PS_08
26.0,1770,G178325_PS_08
26.0,1771,G178325_PS_10
26.0,1772,G178325_PS_11
26.0,1773,G178325_PS_11
26.0,1774,G178325_PS_12
26.0,1775,G178325_PS_08
26.0,1776,G178325_PS_10
26.0,1777,G178325_PS_08
26.0,1778,G178325_PS_12
26.0,1779,G178325_PS_10
26.0,1780,G178325_PS_12
26.0,1781,G178325_PS_11
26.0,1782,G178325_PS_08
26.0,1783,G178325_PS_12
26.0,1784,G178325_PS_08
26.0,1785,G178325_PS_08
26.0,1786,G178325_PS_08
26.0,1787,G178325_PS_08
26.0,1788,G178325_PS_08
26.0,1789,G178325_PS_12
26.0,1790,G178325_PS_11
26.0,1791,G178325_PS_08
26.0,1792,G178325_PS_11
26.0,1793,G178325_PS_08
26.0,1794,G178325_PS_08
26.0,1795,G178325_PS_08
26.0,1796,G178325_PS_12
26.0,1797,G178325_PS_10
26.0,1798,G178325_PS_08
26.0,1799,G178325_PS_12
26.0,1800,G178325_PS_08
26.0,1801,G178325_PS_08
26.0,1802,G178325_PS_08
26.0,1803,G178325_PS_12
26.0,1804,G178325_PS_10
26.0,1805,G178325_PS_08
26.0,1806,G178325_PS_08
26.0,1807,G178325_PS_08
26.0,1808,G178325_PS_12
26.0,1809,G178325_PS_12
26.0,1810,G178325_PS_08
26.0,1811,G178325_PS_10
26.0,1812,G178325_PS_08
26.0,1813,G178325_PS_08
26.0,1814,G178325_PS_08
26.0,1815,G178325_PS_10
26.0,1816,G178325_PS_09
26.0,1817,G178325_PS_12
26.0,1818,G178325_PS_12
26.0,1819,G178325_PS_12
26.0,1820,G178325_PS_08
26.0,1821,G178325_PS_11
26.0,1822,G178325_PS_12
26.0,1823,G178325_PS_11
26.0,1824,G178325_PS_12
26.0,1825,G178325_PS_08
26.0,1826,G178325_PS_11
26.0,1827,G178325_PS_08
26.0,1828,G178325_PS_12
26.0,1829,G178325_PS_08
26.0,1830,G178325_PS_11
26.0,1831,G178325_PS_10
26.0,1832,G178325_PS_11
26.0,1833,G178325_PS_08
26.0,1834,G178325_PS_08
26.0,1835,G178325_PS_12
26.0,1836,G178325_PS_10
26.0,1837,G178325_PS_08
26.0,1838,G178325_PS_08
26.0,1839,G178325_PS_10
26.0,1840,G178325_PS_12
26.0,1841,G178325_PS_09
26.0,1842,G178325_PS_08
26.0,1843,G178325_PS_10
26.0,1844,G178325_PS_08
26.0,1845,G178325_PS_12
26.0,1846,G178325_PS_10
26.0,1847,G178325_PS_09
26.0,1848,G178325_PS_10
26.0,1849,G178325_PS_08
26.0,1850,G178325_PS_10
26.0,1851,G178325_PS_11
26.0,1852,G178325_PS_10
26.0,1853,G178325_PS_12
26.0,1854,G178325_PS_08
26.0,1855,G178325_PS_11
26.0,1856,G178325_PS_08
26.0,1857,G178325_PS_08
26.0,1858,G178325_PS_12
26.0,1859,G178325_PS_08
26.0,1860,G178325_PS_10
26.0,1861,G178325_PS_10
26.0,1862,G178325_PS_11
26.0,1863,G178325_PS_10
26.0,1864,G178325_PS_12
26.0,1865,G178325_PS_08
26.0,1866,G178325_PS_11
26.0,1867,G178325_PS_10
26.0,1868,G178325_PS_12
26.0,1869,G178325_PS_08
26.0,1870,G178325_PS_09
26.0,1871,G178325_PS_12
26.0,1872,G178325_PS_08
26.0,1873,G178325_PS_12
26.0,1874,G178325_PS_12
26.0,1875,G178325_PS_12
26.0,1876,G178325_PS_08
26.0,1877,G178325_PS_08
26.0,1878,G178325_PS_12
26.0,1879,G178325_PS_08
26.0,1880,G178325_PS_12
26.0,1881,G178325_PS_11
26.0,1882,G178325_PS_12
26.0,1883,G178325_PS_11
26.0,1884,G178325_PS_08
26.0,1885,G178325_PS_08
26.0,1886,G178325_PS_08
26.0,1887,G178325_PS_08
26.0,1888,G178325_PS_12
26.0,1889,G178325_PS_08
26.0,1890,G178325_PS_12
26.0,1891,G178325_PS_11
26.0,1892,G178325_PS_11
26.0,1893,G178325_PS_12
26.0,1894,G178325_PS_08
26.0,1895,G178325_PS_08
26.0,1896,G178325_PS_08
26.0,1897,G178325_PS_08
26.0,1898,G178325_PS_08
26.0,1899,G178325_PS_08
26.0,1900,G178325_PS_12
26.0,1901,G178325_PS_10
26.0,1902,G178325_PS_08
26.0,1903,G178325_PS_08
26.0,1904,G178325_PS_11
26.0,1905,G178325_PS_08
26.0,1906,G178325_PS_10
26.0,1907,G178325_PS_08
26.0,1908,G178325_PS_08
26.0,1909,G178325_PS_12
26.0,1910,G178325_PS_08
26.0,1911,G178325_PS_10
26.0,1912,G178325_PS_11
26.0,1913,G178325_PS_08
26.0,1914,G178325_PS_10
26.0,1915,G178325_PS_11
26.0,1916,G178325_PS_08
26.0,1917,G178325_PS_08
26.0,1918,G178325_PS_08
26.0,1919,G178325_PS_12
26.0,1920,G178325_PS_08
26.0,1921,G178325_PS_08
26.0,1922,G178325_PS_08
26.0,1923,G178325_PS_10
26.0,1924,G178325_PS_08
26.0,1925,G178325_PS_08
26.0,1926,G178325_PS_12
26.0,1927,G178325_PS_12
26.0,1928,G178325_PS_12
26.0,1929,G178325_PS_08
26.0,1930,G178325_PS_08
26.0,1931,G178325_PS_10
26.0,1932,G178325_PS_11
26.0,1933,G178325_PS_08
26.0,1934,G178325_PS_08
26.0,1935,G178325_PS_08
26.0,1936,G178325_PS_11
26.0,1937,G178325_PS_10
26.0,1938,G178325_PS_12
26.0,1939,G178325_PS_11
26.0,1940,G178325_PS_10
26.0,1941,G178325_PS_08
26.0,1942,G178325_PS_10
26.0,1943,G178325_PS_10
26.0,1944,G178325_PS_12
26.0,1945,G178325_PS_08
26.0,1946,G178325_PS_11
26.0,1947,G178325_PS_08
26.0,1948,G178325_PS_10
26.0,1949,G178325_PS_10
26.0,1950,G178325_PS_12
26.0,1951,G178325_PS_12
26.0,1952,G178325_PS_12
26.0,1953,G178325_PS_08
26.0,1954,G178325_PS_12
26.0,1955,G178325_PS_11
26.0,1956,G178325_PS_08
26.0,1957,G178325_PS_11
26.0,1958,G178325_PS_10
26.0,1959,G178325_PS_11
26.0,1960,G178325_PS_12
26.0,1961,G178325_PS_10
26.0,1962,G178325_PS_12
26.0,1963,G178325_PS_08
26.0,1964,G178325_PS_08
26.0,1965,G178325_PS_08
26.0,1966,G178325_PS_11
26.0,1967,G178325_PS_12
26.0,1968,G178325_PS_11
26.0,1969,G178325_PS_11
26.0,1970,G178325_PS_08
26.0,1971,G178325_PS_08
26.0,1972,G178325_PS_08
26.0,1973,G178325_PS_08
26.0,1974,G178325_PS_08
26.0,1975,G178325_PS_08
26.0,1976,G178325_PS_11
26.0,1977,G178325_PS_08
26.0,1978,G178325_PS_10
26.0,1979,G178325_PS_12
26.0,1980,G178325_PS_12
26.0,1981,G178325_PS_08
26.0,1982,G178325_PS_11
26.0,1983,G178325_PS_08
26.0,1984,G178325_PS_08
26.0,1985,G178325_PS_12
26.0,1986,G178325_PS_08
26.0,1987,G178325_PS_11
26.0,1988,G178325_PS_12
26.0,1989,G178325_PS_08
26.0,1990,G178325_PS_10
26.0,1991,G178325_PS_10
26.0,1992,G178325_PS_12
26.0,1993,G178325_PS_08
26.0,1994,G178325_PS_10
26.0,1995,G178325_PS_08
26.0,1996,G178325_PS_12
26.0,1997,G178325_PS_12
26.0,1998,G178325_PS_12
26.0,1999,G178325_PS_08
28.0,0,G178325_PS_08
28.0,1,G178325_PS_11
28.0,2,G178325_PS_11
28.0,3,G178325_PS_11
28.0,4,G178325_PS_12
28.0,5,G178325_PS_11
28.0,6,G178325_PS_11
28.0,7,G178325_PS_11
28.0,8,G178325_PS_11
28.0,9,G178325_PS_11
28.0,10,G178325_PS_11
28.0,11,G178325_PS_12
28.0,12,G178325_PS_12
28.0,13,G178325_PS_11
28.0,14,G178325_PS_11
28.0,15,G178325_PS_11
28.0,16,G178325_PS_08
28.0,17,G178325_PS_10
28.0,18,G178325_PS_11
28.0,19,G178325_PS_12
28.0,20,G178325_PS_11
28.0,21,G178325_PS_11
28.0,22,G178325_PS_12
28.0,23,G178325_PS_10
28.0,24,G178325_PS_08
28.0,25,G178325_PS_08
28.0,26,G178325_PS_10
28.0,27,G178325_PS_10
28.0,28,G178325_PS_12
28.0,29,G178325_PS_11
28.0,30,G178325_PS_12
28.0,31,G178325_PS_11
28.0,32,G178325_PS_10
28.0,33,G178325_PS_11
28.0,34,G178325_PS_11
28.0,35,G178325_PS_12
28.0,36,G178325_PS_10
28.0,37,G178325_PS_10
28.0,38,G178325_PS_12
28.0,39,G178325_PS_12
28.0,40,G178325_PS_11
28.0,41,G178325_PS_11
28.0,42,G178325_PS_11
28.0,43,G178325_PS_11
28.0,44,G178325_PS_11
28.0,45,G178325_PS_08
28.0,46,G178325_PS_12
28.0,47,G178325_PS_11
28.0,48,G178325_PS_12
28.0,49,G178325_PS_10
28.0,50,G178325_PS_08
28.0,51,G178325_PS_12
28.0,52,G178325_PS_11
28.0,53,G178325_PS_12
28.0,54,G178325_PS_12
28.0,55,G178325_PS_08
28.0,56,G178325_PS_10
28.0,57,G178325_PS_08
28.0,58,G178325_PS_12
28.0,59,G178325_PS_08
28.0,60,G178325_PS_11
28.0,61,G178325_PS_11
28.0,62,G178325_PS_08
28.0,63,G178325_PS_10
28.0,64,G178325_PS_12
28.0,65,G178325_PS_10
28.0,66,G178325_PS_08
28.0,67,G178325_PS_08
28.0,68,G178325_PS_12
28.0,69,G178325_PS_10
28.0,70,G178325_PS_10
28.0,71,G178325_PS_11
28.0,72,G178325_PS_08
28.0,73,G178325_PS_11
28.0,74,G178325_PS_11
28.0,75,G178325_PS_11
28.0,76,G178325_PS_12
28.0,77,G178325_PS_10
28.0,78,G178325_PS_11
28.0,79,G178325_PS_12
28.0,80,G178325_PS_10
28.0,81,G178325_PS_11
28.0,82,G178325_PS_12
28.0,83,G178325_PS_11
28.0,84,G178325_PS_08
28.0,85,G178325_PS_08
28.0,86,G178325_PS_11
28.0,87,G178325_PS_11
28.0,88,G178325_PS_11
28.0,89,G178325_PS_11
28.0,90,G178325_PS_12
28.0,91,G178325_PS_11
28.0,92,G178325_PS_11
28.0,93,G178325_PS_11
28.0,94,G178325_PS_11
28.0,95,G178325_PS_11
28.0,96,G178325_PS_11
28.0,97,G178325_PS_12
28.0,98,G178325_PS_11
28.0,99,G178325_PS_08
28.0,100,G178325_PS_10
28.0,101,G178325_PS_12
28.0,102,G178325_PS_10
28.0,103,G178325_PS_11
28.0,104,G178325_PS_08
28.0,105,G178325_PS_12
28.0,106,G178325_PS_08
28.0,107,G178325_PS_11
28.0,108,G178325_PS_12
28.0,109,G178325_PS_08
28.0,110,G178325_PS_12
28.0,111,G178325_PS_08
28.0,112,G178325_PS_11
28.0,113,G178325_PS_11
28.0,114,G178325_PS_11
28.0,115,G178325_PS_11
28.0,116,G178325_PS_10
28.0,117,G178325_PS_11
28.0,118,G178325_PS_12
28.0,119,G178325_PS_11
28.0,120,G178325_PS_12
28.0,121,G178325_PS_12
28.0,122,G178325_PS_10
28.0,123,G178325_PS_11
28.0,124,G178325_PS_12
28.0,125,G178325_PS_11
28.0,126,G178325_PS_10
28.0,127,G178325_PS_12
28.0,128,G178325_PS_10
28.0,129,G178325_PS_11
28.0,130,G178325_PS_11
28.0,131,G178325_PS_11
28.0,132,G178325_PS_11
28.0,133,G178325_PS_12
28.0,134,G178325_PS_10
28.0,135,G178325_PS_12
28.0,136,G178325_PS_08
28.0,137,G178325_PS_12
28.0,138,G178325_PS_08
28.0,139,G178325_PS_12
28.0,140,G178325_PS_11
28.0,141,G178325_PS_11
28.0,142,G178325_PS_10
28.0,143,G178325_PS_11
28.0,144,G178325_PS_11
28.0,145,G178325_PS_10
28.0,146,G178325_PS_11
28.0,147,G178325_PS_11
28.0,148,G178325_PS_10
28.0,149,G178325_PS_12
28.0,150,G178325_PS_11
28.0,151,G178325_PS_10
28.0,152,G178325_PS_08
28.0,153,G178325_PS_11
28.0,154,G178325_PS_11
28.0,155,G178325_PS_10
28.0,156,G178325_PS_11
28.0,157,G178325_PS_08
28.0,158,G178325_PS_12
28.0,159,G178325_PS_10
28.0,160,G178325_PS_11
28.0,161,G178325_PS_10
28.0,162,G178325_PS_11
28.0,163,G178325_PS_11
28.0,164,G178325_PS_11
28.0,165,G178325_PS_08
28.0,166,G178325_PS_11
28.0,167,G178325_PS_10
28.0,168,G178325_PS_11
28.0,169,G178325_PS_11
28.0,170,G178325_PS_11
28.0,171,G178325_PS_10
28.0,172,G178325_PS_08
28.0,173,G178325_PS_11
28.0,174,G178325_PS_11
28.0,175,G178325_PS_08
28.0,176,G178325_PS_12
28.0,177,G178325_PS_11
28.0,178,G178325_PS_12
28.0,179,G178325_PS_11
28.0,180,G178325_PS_11
28.0,181,G178325_PS_11
28.0,182,G178325_PS_12
28.0,183,G178325_PS_08
28.0,184,G178325_PS_11
28.0,185,G178325_PS_11
28.0,186,G178325_PS_10
28.0,187,G178325_PS_10
28.0,188,G178325_PS_10
28.0,189,G178325_PS_12
28.0,190,G178325_PS_12
28.0,191,G178325_PS_11
28.0,192,G178325_PS_12
28.0,193,G178325_PS_10
28.0,194,G178325_PS_11
28.0,195,G178325_PS_11
28.0,196,G178325_PS_08
28.0,197,G178325_PS_10
28.0,198,G178325_PS_10
28.0,199,G178325_PS_11
28.0,200,G178325_PS_11
28.0,201,G178325_PS_11
28.0,202,G178325_PS_12
28.0,203,G178325_PS_08
28.0,204,G178325_PS_12
28.0,205,G178325_PS_11
28.0,206,G178325_PS_12
28.0,207,G178325_PS_08
28.0,208,G178325_PS_11
28.0,209,G178325_PS_11
28.0,210,G178325_PS_11
28.0,211,G178325_PS_10
28.0,212,G178325_PS_11
28.0,213,G178325_PS_11
28.0,214,G178325_PS_11
28.0,215,G178325_PS_12
28.0,216,G178325_PS_11
28.0,217,G178325_PS_10
28.0,218,G178325_PS_10
28.0,219,G178325_PS_12
28.0,220,G178325_PS_08
28.0,221,G178325_PS_12
28.0,222,G178325_PS_08
28.0,223,G178325_PS_08
28.0,224,G178325_PS_12
28.0,225,G178325_PS_11
28.0,226,G178325_PS_11
28.0,227,G178325_PS_08
28.0,228,G178325_PS_11
28.0,229,G178325_PS_10
28.0,230,G178325_PS_08
28.0,231,G178325_PS_12
28.0,232,G178325_PS_11
28.0,233,G178325_PS_11
28.0,234,G178325_PS_11
28.0,235,G178325_PS_11
28.0,236,G178325_PS_11
28.0,237,G178325_PS_12
28.0,238,G178325_PS_11
28.0,239,G178325_PS_09
28.0,240,G178325_PS_12
28.0,241,G178325_PS_10
28.0,242,G178325_PS_11
28.0,243,G178325_PS_10
28.0,244,G178325_PS_10
28.0,245,G178325_PS_10
28.0,246,G178325_PS_11
28.0,247,G178325_PS_11
28.0,248,G178325_PS_11
28.0,249,G178325_PS_12
28.0,250,G178325_PS_11
28.0,251,G178325_PS_11
28.0,252,G178325_PS_12
28.0,253,G178325_PS_11
28.0,254,G178325_PS_10
28.0,255,G178325_PS_10
28.0,256,G178325_PS_08
28.0,257,G178325_PS_08
28.0,258,G178325_PS_10
28.0,259,G178325_PS_12
28.0,260,G178325_PS_11
28.0,261,G178325_PS_12
28.0,262,G178325_PS_11
28.0,263,G178325_PS_11
28.0,264,G178325_PS_12
28.0,265,G178325_PS_11
28.0,266,G178325_PS_08
28.0,267,G178325_PS_11
28.0,268,G178325_PS_08
28.0,269,G178325_PS_11
28.0,270,G178325_PS_11
28.0,271,G178325_PS_12
28.0,272,G178325_PS_08
28.0,273,G178325_PS_12
28.0,274,G178325_PS_10
28.0,275,G178325_PS_12
28.0,276,G178325_PS_10
28.0,277,G178325_PS_11
28.0,278,G178325_PS_11
28.0,279,G178325_PS_12
28.0,280,G178325_PS_11
28.0,281,G178325_PS_12
28.0,282,G178325_PS_11
28.0,283,G178325_PS_12
28.0,284,G178325_PS_12
28.0,285,G178325_PS_08
28.0,286,G178325_PS_12
28.0,287,G178325_PS_10
28.0,288,G178325_PS_11
28.0,289,G178325_PS_11
28.0,290,G178325_PS_09
28.0,291,G178325_PS_12
28.0,292,G178325_PS_11
28.0,293,G178325_PS_12
28.0,294,G178325_PS_12
28.0,295,G178325_PS_10
28.0,296,G178325_PS_11
28.0,297,G178325_PS_11
28.0,298,G178325_PS_10
28.0,299,G178325_PS_11
28.0,300,G178325_PS_12
28.0,301,G178325_PS_11
28.0,302,G178325_PS_08
28.0,303,G178325_PS_11
28.0,304,G178325_PS_12
28.0,305,G178325_PS_12
28.0,306,G178325_PS_08
28.0,307,G178325_PS_08
28.0,308,G178325_PS_08
28.0,309,G178325_PS_12
28.0,310,G178325_PS_11
28.0,311,G178325_PS_11
28.0,312,G178325_PS_12
28.0,313,G178325_PS_11
28.0,314,G178325_PS_11
28.0,315,G178325_PS_11
28.0,316,G178325_PS_12
28.0,317,G178325_PS_12
28.0,318,G178325_PS_12
28.0,319,G178325_PS_11
28.0,320,G178325_PS_11
28.0,321,G178325_PS_12
28.0,322,G178325_PS_11
28.0,323,G178325_PS_11
28.0,324,G178325_PS_12
28.0,325,G178325_PS_12
28.0,326,G178325_PS_08
28.0,327,G178325_PS_08
28.0,328,G178325_PS_11
28.0,329,G178325_PS_11
28.0,330,G178325_PS_11
28.0,331,G178325_PS_11
28.0,332,G178325_PS_10
28.0,333,G178325_PS_11
28.0,334,G178325_PS_11
28.0,335,G178325_PS_12
28.0,336,G178325_PS_11
28.0,337,G178325_PS_08
28.0,338,G178325_PS_11
28.0,339,G178325_PS_08
28.0,340,G178325_PS_11
28.0,341,G178325_PS_08
28.0,342,G178325_PS_11
28.0,343,G178325_PS_11
28.0,344,G178325_PS_12
28.0,345,G178325_PS_10
28.0,346,G178325_PS_11
28.0,347,G178325_PS_11
28.0,348,G178325_PS_08
28.0,349,G178325_PS_11
28.0,350,G178325_PS_08
28.0,351,G178325_PS_12
28.0,352,G178325_PS_08
28.0,353,G178325_PS_10
28.0,354,G178325_PS_12
28.0,355,G178325_PS_11
28.0,356,G178325_PS_12
28.0,357,G178325_PS_10
28.0,358,G178325_PS_10
28.0,359,G178325_PS_12
28.0,360,G178325_PS_11
28.0,361,G178325_PS_11
28.0,362,G178325_PS_11
28.0,363,G178325_PS_12
28.0,364,G178325_PS_10
28.0,365,G178325_PS_10
28.0,366,G178325_PS_11
28.0,367,G178325_PS_10
28.0,368,G178325_PS_12
28.0,369,G178325_PS_08
28.0,370,G178325_PS_08
28.0,371,G178325_PS_11
28.0,372,G178325_PS_08
28.0,373,G178325_PS_11
28.0,374,G178325_PS_08
28.0,375,G178325_PS_11
28.0,376,G178325_PS_11
28.0,377,G178325_PS_11
28.0,378,G178325_PS_10
28.0,379,G178325_PS_11
28.0,380,G178325_PS_12
28.0,381,G178325_PS_12
28.0,382,G178325_PS_11
28.0,383,G178325_PS_11
28.0,384,G178325_PS_11
28.0,385,G178325_PS_12
28.0,386,G178325_PS_11
28.0,387,G178325_PS_11
28.0,388,G178325_PS_11
28.0,389,G178325_PS_11
28.0,390,G178325_PS_11
28.0,391,G178325_PS_11
28.0,392,G178325_PS_11
28.0,393,G178325_PS_11
28.0,394,G178325_PS_11
28.0,395,G178325_PS_11
28.0,396,G178325_PS_12
28.0,397,G178325_PS_11
28.0,398,G178325_PS_11
28.0,399,G178325_PS_11
28.0,400,G178325_PS_11
28.0,401,G178325_PS_10
28.0,402,G178325_PS_11
28.0,403,G178325_PS_11
28.0,404,G178325_PS_11
28.0,405,G178325_PS_11
28.0,406,G178325_PS_09
28.0,407,G178325_PS_10
28.0,408,G178325_PS_11
28.0,409,G178325_PS_10
28.0,410,G178325_PS_11
28.0,411,G178325_PS_10
28.0,412,G178325_PS_08
28.0,413,G178325_PS_08
28.0,414,G178325_PS_11
28.0,415,G178325_PS_08
28.0,416,G178325_PS_12
28.0,417,G178325_PS_10
28.0,418,G178325_PS_12
28.0,419,G178325_PS_12
28.0,420,G178325_PS_11
28.0,421,G178325_PS_11
28.0,422,G178325_PS_10
28.0,423,G178325_PS_12
28.0,424,G178325_PS_11
28.0,425,G178325_PS_10
28.0,426,G178325_PS_11
28.0,427,G178325_PS_10
28.0,428,G178325_PS_12
28.0,429,G178325_PS_11
28.0,430,G178325_PS_11
28.0,431,G178325_PS_08
28.0,432,G178325_PS_09
28.0,433,G178325_PS_11
28.0,434,G178325_PS_12
28.0,435,G178325_PS_08
28.0,436,G178325_PS_10
28.0,437,G178325_PS_10
28.0,438,G178325_PS_11
28.0,439,G178325_PS_10
28.0,440,G178325_PS_11
28.0,441,G178325_PS_11
28.0,442,G178325_PS_08
28.0,443,G178325_PS_11
28.0,444,G178325_PS_10
28.0,445,G178325_PS_10
28.0,446,G178325_PS_11
28.0,447,G178325_PS_08
28.0,448,G178325_PS_10
28.0,449,G178325_PS_11
28.0,450,G178325_PS_10
28.0,451,G178325_PS_10
28.0,452,G178325_PS_10
28.0,453,G178325_PS_11
28.0,454,G178325_PS_10
28.0,455,G178325_PS_12
28.0,456,G178325_PS_10
28.0,457,G178325_PS_12
28.0,458,G178325_PS_10
28.0,459,G178325_PS_11
28.0,460,G178325_PS_11
28.0,461,G178325_PS_12
28.0,462,G178325_PS_11
28.0,463,G178325_PS_08
28.0,464,G178325_PS_10
28.0,465,G178325_PS_10
28.0,466,G178325_PS_12
28.0,467,G178325_PS_11
28.0,468,G178325_PS_10
28.0,469,G178325_PS_12
28.0,470,G178325_PS_08
28.0,471,G178325_PS_08
28.0,472,G178325_PS_12
28.0,473,G178325_PS_08
28.0,474,G178325_PS_12
28.0,475,G178325_PS_12
28.0,476,G178325_PS_11
28.0,477,G178325_PS_08
28.0,478,G178325_PS_12
28.0,479,G178325_PS_11
28.0,480,G178325_PS_11
28.0,481,G178325_PS_10
28.0,482,G178325_PS_11
28.0,483,G178325_PS_11
28.0,484,G178325_PS_08
28.0,485,G178325_PS_11
28.0,486,G178325_PS_11
28.0,487,G178325_PS_11
28.0,488,G178325_PS_10
28.0,489,G178325_PS_08
28.0,490,G178325_PS_11
28.0,491,G178325_PS_11
28.0,492,G178325_PS_11
28.0,493,G178325_PS_10
28.0,494,G178325_PS_11
28.0,495,G178325_PS_11
28.0,496,G178325_PS_10
28.0,497,G178325_PS_11
28.0,498,G178325_PS_10
28.0,499,G178325_PS_11
28.0,500,G178325_PS_08
28.0,501,G178325_PS_10
28.0,502,G178325_PS_12
28.0,503,G178325_PS_12
28.0,504,G178325_PS_12
28.0,505,G178325_PS_10
28.0,506,G178325_PS_12
28.0,507,G178325_PS_11
28.0,508,G178325_PS_08
28.0,509,G178325_PS_12
28.0,510,G178325_PS_11
28.0,511,G178325_PS_08
28.0,512,G178325_PS_12
28.0,513,G178325_PS_11
28.0,514,G178325_PS_11
28.0,515,G178325_PS_11
28.0,516,G178325_PS_11
28.0,517,G178325_PS_11
28.0,518,G178325_PS_08
28.0,519,G178325_PS_08
28.0,520,G178325_PS_11
28.0,521,G178325_PS_08
28.0,522,G178325_PS_11
28.0,523,G178325_PS_12
28.0,524,G178325_PS_12
28.0,525,G178325_PS_11
28.0,526,G178325_PS_11
28.0,527,G178325_PS_08
28.0,528,G178325_PS_12
28.0,529,G178325_PS_11
28.0,530,G178325_PS_11
28.0,531,G178325_PS_08
28.0,532,G178325_PS_10
28.0,533,G178325_PS_11
28.0,534,G178325_PS_11
28.0,535,G178325_PS_11
28.0,536,G178325_PS_11
28.0,537,G178325_PS_12
28.0,538,G178325_PS_08
28.0,539,G178325_PS_11
28.0,540,G178325_PS_12
28.0,541,G178325_PS_11
28.0,542,G178325_PS_12
28.0,543,G178325_PS_11
28.0,544,G178325_PS_12
28.0,545,G178325_PS_08
28.0,546,G178325_PS_10
28.0,547,G178325_PS_12
28.0,548,G178325_PS_11
28.0,549,G178325_PS_08
28.0,550,G178325_PS_11
28.0,551,G178325_PS_11
28.0,552,G178325_PS_11
28.0,553,G178325_PS_11
28.0,554,G178325_PS_08
28.0,555,G178325_PS_11
28.0,556,G178325_PS_12
28.0,557,G178325_PS_10
28.0,558,G178325_PS_11
28.0,559,G178325_PS_12
28.0,560,G178325_PS_11
28.0,561,G178325_PS_12
28.0,562,G178325_PS_11
28.0,563,G178325_PS_08
28.0,564,G178325_PS_11
28.0,565,G178325_PS_12
28.0,566,G178325_PS_11
28.0,567,G178325_PS_11
28.0,568,G178325_PS_11
28.0,569,G178325_PS_12
28.0,570,G178325_PS_10
28.0,571,G178325_PS_10
28.0,572,G178325_PS_12
28.0,573,G178325_PS_08
28.0,574,G178325_PS_12
28.0,575,G178325_PS_10
28.0,576,G178325_PS_11
28.0,577,G178325_PS_10
28.0,578,G178325_PS_11
28.0,579,G178325_PS_08
28.0,580,G178325_PS_12
28.0,581,G178325_PS_11
28.0,582,G178325_PS_12
28.0,583,G178325_PS_10
28.0,584,G178325_PS_12
28.0,585,G178325_PS_10
28.0,586,G178325_PS_11
28.0,587,G178325_PS_11
28.0,588,G178325_PS_10
28.0,589,G178325_PS_10
28.0,590,G178325_PS_10
28.0,591,G178325_PS_11
28.0,592,G178325_PS_11
28.0,593,G178325_PS_11
28.0,594,G178325_PS_10
28.0,595,G178325_PS_11
28.0,596,G178325_PS_12
28.0,597,G178325_PS_08
28.0,598,G178325_PS_12
28.0,599,G178325_PS_11
28.0,600,G178325_PS_11
28.0,601,G178325_PS_08
28.0,602,G178325_PS_11
28.0,603,G178325_PS_12
28.0,604,G178325_PS_12
28.0,605,G178325_PS_12
28.0,606,G178325_PS_12
28.0,607,G178325_PS_10
28.0,608,G178325_PS_11
28.0,609,G178325_PS_12
28.0,610,G178325_PS_10
28.0,611,G178325_PS_12
28.0,612,G178325_PS_10
28.0,613,G178325_PS_12
28.0,614,G178325_PS_08
28.0,615,G178325_PS_08
28.0,616,G178325_PS_10
28.0,617,G178325_PS_08
28.0,618,G178325_PS_08
28.0,619,G178325_PS_10
28.0,620,G178325_PS_12
28.0,621,G178325_PS_12
28.0,622,G178325_PS_11
28.0,623,G178325_PS_11
28.0,624,G178325_PS_08
28.0,625,G178325_PS_11
28.0,626,G178325_PS_10
28.0,627,G178325_PS_11
28.0,628,G178325_PS_11
28.0,629,G178325_PS_12
28.0,630,G178325_PS_11
28.0,631,G178325_PS_11
28.0,632,G178325_PS_10
28.0,633,G178325_PS_12
28.0,634,G178325_PS_10
28.0,635,G178325_PS_10
28.0,636,G178325_PS_12
28.0,637,G178325_PS_11
28.0,638,G178325_PS_08
28.0,639,G178325_PS_12
28.0,640,G178325_PS_11
28.0,641,G178325_PS_08
28.0,642,G178325_PS_12
28.0,643,G178325_PS_11
28.0,644,G178325_PS_12
28.0,645,G178325_PS_12
28.0,646,G178325_PS_12
28.0,647,G178325_PS_10
28.0,648,G178325_PS_10
28.0,649,G178325_PS_11
28.0,650,G178325_PS_12
28.0,651,G178325_PS_08
28.0,652,G178325_PS_11
28.0,653,G178325_PS_12
28.0,654,G178325_PS_11
28.0,655,G178325_PS_11
28.0,656,G178325_PS_11
28.0,657,G178325_PS_08
28.0,658,G178325_PS_11
28.0,659,G178325_PS_11
28.0,660,G178325_PS_11
28.0,661,G178325_PS_11
28.0,662,G178325_PS_11
28.0,663,G178325_PS_11
28.0,664,G178325_PS_08
28.0,665,G178325_PS_12
28.0,666,G178325_PS_12
28.0,667,G178325_PS_12
28.0,668,G178325_PS_12
28.0,669,G178325_PS_11
28.0,670,G178325_PS_12
28.0,671,G178325_PS_11
28.0,672,G178325_PS_10
28.0,673,G178325_PS_11
28.0,674,G178325_PS_11
28.0,675,G178325_PS_11
28.0,676,G178325_PS_11
28.0,677,G178325_PS_12
28.0,678,G178325_PS_11
28.0,679,G178325_PS_11
28.0,680,G178325_PS_08
28.0,681,G178325_PS_08
28.0,682,G178325_PS_11
28.0,683,G178325_PS_11
28.0,684,G178325_PS_10
28.0,685,G178325_PS_08
28.0,686,G178325_PS_11
28.0,687,G178325_PS_11
28.0,688,G178325_PS_12
28.0,689,G178325_PS_11
28.0,690,G178325_PS_10
28.0,691,G178325_PS_08
28.0,692,G178325_PS_10
28.0,693,G178325_PS_12
28.0,694,G178325_PS_08
28.0,695,G178325_PS_10
28.0,696,G178325_PS_11
28.0,697,G178325_PS_11
28.0,698,G178325_PS_11
28.0,699,G178325_PS_08
28.0,700,G178325_PS_11
28.0,701,G178325_PS_12
28.0,702,G178325_PS_10
28.0,703,G178325_PS_08
28.0,704,G178325_PS_12
28.0,705,G178325_PS_08
28.0,706,G178325_PS_11
28.0,707,G178325_PS_12
28.0,708,G178325_PS_10
28.0,709,G178325_PS_11
28.0,710,G178325_PS_12
28.0,711,G178325_PS_11
28.0,712,G178325_PS_11
28.0,713,G178325_PS_10
28.0,714,G178325_PS_12
28.0,715,G178325_PS_10
28.0,716,G178325_PS_08
28.0,717,G178325_PS_11
28.0,718,G178325_PS_11
28.0,719,G178325_PS_10
28.0,720,G178325_PS_10
28.0,721,G178325_PS_08
28.0,722,G178325_PS_10
28.0,723,G178325_PS_11
28.0,724,G178325_PS_11
28.0,725,G178325_PS_11
28.0,726,G178325_PS_11
28.0,727,G178325_PS_10
28.0,728,G178325_PS_08
28.0,729,G178325_PS_11
28.0,730,G178325_PS_11
28.0,731,G178325_PS_08
28.0,732,G178325_PS_11
28.0,733,G178325_PS_11
28.0,734,G178325_PS_11
28.0,735,G178325_PS_11
28.0,736,G178325_PS_11
28.0,737,G178325_PS_11
28.0,738,G178325_PS_11
28.0,739,G178325_PS_10
28.0,740,G178325_PS_11
28.0,741,G178325_PS_12
28.0,742,G178325_PS_08
28.0,743,G178325_PS_11
28.0,744,G178325_PS_11
28.0,745,G178325_PS_11
28.0,746,G178325_PS_08
28.0,747,G178325_PS_12
28.0,748,G178325_PS_10
28.0,749,G178325_PS_12
28.0,750,G178325_PS_12
28.0,751,G178325_PS_12
28.0,752,G178325_PS_11
28.0,753,G178325_PS_12
28.0,754,G178325_PS_12
28.0,755,G178325_PS_10
28.0,756,G178325_PS_10
28.0,757,G178325_PS_10
28.0,758,G178325_PS_12
28.0,759,G178325_PS_11
28.0,760,G178325_PS_10
28.0,761,G178325_PS_11
28.0,762,G178325_PS_12
28.0,763,G178325_PS_11
28.0,764,G178325_PS_10
28.0,765,G178325_PS_11
28.0,766,G178325_PS_11
28.0,767,G178325_PS_10
28.0,768,G178325_PS_11
28.0,769,G178325_PS_12
28.0,770,G178325_PS_10
28.0,771,G178325_PS_09
28.0,772,G178325_PS_11
28.0,773,G178325_PS_08
28.0,774,G178325_PS_11
28.0,775,G178325_PS_09
28.0,776,G178325_PS_12
28.0,777,G178325_PS_08
28.0,778,G178325_PS_08
28.0,779,G178325_PS_11
28.0,780,G178325_PS_11
28.0,781,G178325_PS_08
28.0,782,G178325_PS_11
28.0,783,G178325_PS_11
28.0,784,G178325_PS_10
28.0,785,G178325_PS_11
28.0,786,G178325_PS_10
28.0,787,G178325_PS_12
28.0,788,G178325_PS_11
28.0,789,G178325_PS_11
28.0,790,G178325_PS_11
28.0,791,G178325_PS_11
28.0,792,G178325_PS_11
28.0,793,G178325_PS_08
28.0,794,G178325_PS_11
28.0,795,G178325_PS_10
28.0,796,G178325_PS_10
28.0,797,G178325_PS_09
28.0,798,G178325_PS_11
28.0,799,G178325_PS_11
28.0,800,G178325_PS_12
28.0,801,G178325_PS_12
28.0,802,G178325_PS_09
28.0,803,G178325_PS_10
28.0,804,G178325_PS_11
28.0,805,G178325_PS_12
28.0,806,G178325_PS_11
28.0,807,G178325_PS_11
28.0,808,G178325_PS_10
28.0,809,G178325_PS_12
28.0,810,G178325_PS_10
28.0,811,G178325_PS_08
28.0,812,G178325_PS_11
28.0,813,G178325_PS_11
28.0,814,G178325_PS_11
28.0,815,G178325_PS_12
28.0,816,G178325_PS_12
28.0,817,G178325_PS_11
28.0,818,G178325_PS_12
28.0,819,G178325_PS_10
28.0,820,G178325_PS_08
28.0,821,G178325_PS_11
28.0,822,G178325_PS_11
28.0,823,G178325_PS_10
28.0,824,G178325_PS_12
28.0,825,G178325_PS_11
28.0,826,G178325_PS_10
28.0,827,G178325_PS_10
28.0,828,G178325_PS_10
28.0,829,G178325_PS_12
28.0,830,G178325_PS_12
28.0,831,G178325_PS_12
28.0,832,G178325_PS_12
28.0,833,G178325_PS_11
28.0,834,G178325_PS_10
28.0,835,G178325_PS_12
28.0,836,G178325_PS_12
28.0,837,G178325_PS_10
28.0,838,G178325_PS_08
28.0,839,G178325_PS_11
28.0,840,G178325_PS_11
28.0,841,G178325_PS_12
28.0,842,G178325_PS_10
28.0,843,G178325_PS_12
28.0,844,G178325_PS_08
28.0,845,G178325_PS_11
28.0,846,G178325_PS_12
28.0,847,G178325_PS_12
28.0,848,G178325_PS_11
28.0,849,G178325_PS_12
28.0,850,G178325_PS_10
28.0,851,G178325_PS_08
28.0,852,G178325_PS_11
28.0,853,G178325_PS_12
28.0,854,G178325_PS_12
28.0,855,G178325_PS_08
28.0,856,G178325_PS_11
28.0,857,G178325_PS_11
28.0,858,G178325_PS_12
28.0,859,G178325_PS_10
28.0,860,G178325_PS_11
28.0,861,G178325_PS_11
28.0,862,G178325_PS_08
28.0,863,G178325_PS_10
28.0,864,G178325_PS_11
28.0,865,G178325_PS_10
28.0,866,G178325_PS_11
28.0,867,G178325_PS_12
28.0,868,G178325_PS_08
28.0,869,G178325_PS_11
28.0,870,G178325_PS_11
28.0,871,G178325_PS_12
28.0,872,G178325_PS_11
28.0,873,G178325_PS_12
28.0,874,G178325_PS_12
28.0,875,G178325_PS_12
28.0,876,G178325_PS_12
28.0,877,G178325_PS_11
28.0,878,G178325_PS_10
28.0,879,G178325_PS_08
28.0,880,G178325_PS_12
28.0,881,G178325_PS_11
28.0,882,G178325_PS_08
28.0,883,G178325_PS_11
28.0,884,G178325_PS_08
28.0,885,G178325_PS_12
28.0,886,G178325_PS_10
28.0,887,G178325_PS_12
28.0,888,G178325_PS_11
28.0,889,G178325_PS_12
28.0,890,G178325_PS_12
28.0,891,G178325_PS_08
28.0,892,G178325_PS_11
28.0,893,G178325_PS_11
28.0,894,G178325_PS_12
28.0,895,G178325_PS_11
28.0,896,G178325_PS_11
28.0,897,G178325_PS_12
28.0,898,G178325_PS_10
28.0,899,G178325_PS_10
28.0,900,G178325_PS_11
28.0,901,G178325_PS_08
28.0,902,G178325_PS_11
28.0,903,G178325_PS_12
28.0,904,G178325_PS_11
28.0,905,G178325_PS_09
28.0,906,G178325_PS_11
28.0,907,G178325_PS_12
28.0,908,G178325_PS_08
28.0,909,G178325_PS_12
28.0,910,G178325_PS_08
28.0,911,G178325_PS_11
28.0,912,G178325_PS_11
28.0,913,G178325_PS_11
28.0,914,G178325_PS_10
28.0,915,G178325_PS_11
28.0,916,G178325_PS_11
28.0,917,G178325_PS_11
28.0,918,G178325_PS_11
28.0,919,G178325_PS_11
28.0,920,G178325_PS_11
28.0,921,G178325_PS_11
28.0,922,G178325_PS_11
28.0,923,G178325_PS_11
28.0,924,G178325_PS_12
28.0,925,G178325_PS_11
28.0,926,G178325_PS_10
28.0,927,G178325_PS_12
28.0,928,G178325_PS_11
28.0,929,G178325_PS_11
28.0,930,G178325_PS_11
28.0,931,G178325_PS_11
28.0,932,G178325_PS_08
28.0,933,G178325_PS_11
28.0,934,G178325_PS_11
28.0,935,G178325_PS_11
28.0,936,G178325_PS_10
28.0,937,G178325_PS_11
28.0,938,G178325_PS_11
28.0,939,G178325_PS_08
28.0,940,G178325_PS_11
28.0,941,G178325_PS_12
28.0,942,G178325_PS_11
28.0,943,G178325_PS_11
28.0,944,G178325_PS_10
28.0,945,G178325_PS_08
28.0,946,G178325_PS_08
28.0,947,G178325_PS_10
28.0,948,G178325_PS_12
28.0,949,G178325_PS_12
28.0,950,G178325_PS_10
28.0,951,G178325_PS_08
28.0,952,G178325_PS_10
28.0,953,G178325_PS_12
28.0,954,G178325_PS_08
28.0,955,G178325_PS_10
28.0,956,G178325_PS_11
28.0,957,G178325_PS_11
28.0,958,G178325_PS_11
28.0,959,G178325_PS_10
28.0,960,G178325_PS_11
28.0,961,G178325_PS_11
28.0,962,G178325_PS_11
28.0,963,G178325_PS_10
28.0,964,G178325_PS_11
28.0,965,G178325_PS_10
28.0,966,G178325_PS_08
28.0,967,G178325_PS_12
28.0,968,G178325_PS_12
28.0,969,G178325_PS_10
28.0,970,G178325_PS_11
28.0,971,G178325_PS_10
28.0,972,G178325_PS_10
28.0,973,G178325_PS_10
28.0,974,G178325_PS_11
28.0,975,G178325_PS_12
28.0,976,G178325_PS_11
28.0,977,G178325_PS_11
28.0,978,G178325_PS_12
28.0,979,G178325_PS_10
28.0,980,G178325_PS_11
28.0,981,G178325_PS_10
28.0,982,G178325_PS_10
28.0,983,G178325_PS_11
28.0,984,G178325_PS_08
28.0,985,G178325_PS_08
28.0,986,G178325_PS_08
28.0,987,G178325_PS_11
28.0,988,G178325_PS_10
28.0,989,G178325_PS_08
28.0,990,G178325_PS_11
28.0,991,G178325_PS_12
28.0,992,G178325_PS_12
28.0,993,G178325_PS_11
28.0,994,G178325_PS_08
28.0,995,G178325_PS_10
28.0,996,G178325_PS_11
28.0,997,G178325_PS_11
28.0,998,G178325_PS_12
28.0,999,G178325_PS_08
28.0,1000,G178325_PS_10
28.0,1001,G178325_PS_10
28.0,1002,G178325_PS_11
28.0,1003,G178325_PS_10
28.0,1004,G178325_PS_11
28.0,1005,G178325_PS_11
28.0,1006,G178325_PS_10
28.0,1007,G178325_PS_10
28.0,1008,G178325_PS_11
28.0,1009,G178325_PS_08
28.0,1010,G178325_PS_12
28.0,1011,G178325_PS_11
28.0,1012,G178325_PS_11
28.0,1013,G178325_PS_08
28.0,1014,G178325_PS_12
28.0,1015,G178325_PS_11
28.0,1016,G178325_PS_11
28.0,1017,G178325_PS_12
28.0,1018,G178325_PS_12
28.0,1019,G178325_PS_12
28.0,1020,G178325_PS_11
28.0,1021,G178325_PS_11
28.0,1022,G178325_PS_11
28.0,1023,G178325_PS_10
28.0,1024,G178325_PS_08
28.0,1025,G178325_PS_12
28.0,1026,G178325_PS_08
28.0,1027,G178325_PS_11
28.0,1028,G178325_PS_11
28.0,1029,G178325_PS_11
28.0,1030,G178325_PS_11
28.0,1031,G178325_PS_11
28.0,1032,G178325_PS_11
28.0,1033,G178325_PS_08
28.0,1034,G178325_PS_11
28.0,1035,G178325_PS_11
28.0,1036,G178325_PS_12
28.0,1037,G178325_PS_12
28.0,1038,G178325_PS_11
28.0,1039,G178325_PS_11
28.0,1040,G178325_PS_12
28.0,1041,G178325_PS_10
28.0,1042,G178325_PS_08
28.0,1043,G178325_PS_11
28.0,1044,G178325_PS_08
28.0,1045,G178325_PS_10
28.0,1046,G178325_PS_12
28.0,1047,G178325_PS_10
28.0,1048,G178325_PS_11
28.0,1049,G178325_PS_08
28.0,1050,G178325_PS_10
28.0,1051,G178325_PS_10
28.0,1052,G178325_PS_11
28.0,1053,G178325_PS_11
28.0,1054,G178325_PS_10
28.0,1055,G178325_PS_11
28.0,1056,G178325_PS_10
28.0,1057,G178325_PS_11
28.0,1058,G178325_PS_12
28.0,1059,G178325_PS_08
28.0,1060,G178325_PS_11
28.0,1061,G178325_PS_10
28.0,1062,G178325_PS_11
28.0,1063,G178325_PS_12
28.0,1064,G178325_PS_11
28.0,1065,G178325_PS_12
28.0,1066,G178325_PS_10
28.0,1067,G178325_PS_11
28.0,1068,G178325_PS_11
28.0,1069,G178325_PS_12
28.0,1070,G178325_PS_11
28.0,1071,G178325_PS_12
28.0,1072,G178325_PS_10
28.0,1073,G178325_PS_11
28.0,1074,G178325_PS_12
28.0,1075,G178325_PS_12
28.0,1076,G178325_PS_11
28.0,1077,G178325_PS_11
28.0,1078,G178325_PS_11
28.0,1079,G178325_PS_12
28.0,1080,G178325_PS_11
28.0,1081,G178325_PS_08
28.0,1082,G178325_PS_11
28.0,1083,G178325_PS_12
28.0,1084,G178325_PS_11
28.0,1085,G178325_PS_11
28.0,1086,G178325_PS_10
28.0,1087,G178325_PS_11
28.0,1088,G178325_PS_10
28.0,1089,G178325_PS_08
28.0,1090,G178325_PS_11
28.0,1091,G178325_PS_10
28.0,1092,G178325_PS_10
28.0,1093,G178325_PS_11
28.0,1094,G178325_PS_10
28.0,1095,G178325_PS_12
28.0,1096,G178325_PS_11
28.0,1097,G178325_PS_08
28.0,1098,G178325_PS_09
28.0,1099,G178325_PS_08
28.0,1100,G178325_PS_12
28.0,1101,G178325_PS_11
28.0,1102,G178325_PS_11
28.0,1103,G178325_PS_11
28.0,1104,G178325_PS_11
28.0,1105,G178325_PS_11
28.0,1106,G178325_PS_11
28.0,1107,G178325_PS_12
28.0,1108,G178325_PS_10
28.0,1109,G178325_PS_10
28.0,1110,G178325_PS_10
28.0,1111,G178325_PS_10
28.0,1112,G178325_PS_11
28.0,1113,G178325_PS_11
28.0,1114,G178325_PS_08
28.0,1115,G178325_PS_11
28.0,1116,G178325_PS_11
28.0,1117,G178325_PS_11
28.0,1118,G178325_PS_11
28.0,1119,G178325_PS_12
28.0,1120,G178325_PS_10
28.0,1121,G178325_PS_11
28.0,1122,G178325_PS_08
28.0,1123,G178325_PS_10
28.0,1124,G178325_PS_11
28.0,1125,G178325_PS_10
28.0,1126,G178325_PS_11
28.0,1127,G178325_PS_11
28.0,1128,G178325_PS_10
28.0,1129,G178325_PS_08
28.0,1130,G178325_PS_11
28.0,1131,G178325_PS_11
28.0,1132,G178325_PS_11
28.0,1133,G178325_PS_11
28.0,1134,G178325_PS_11
28.0,1135,G178325_PS_11
28.0,1136,G178325_PS_12
28.0,1137,G178325_PS_11
28.0,1138,G178325_PS_11
28.0,1139,G178325_PS_12
28.0,1140,G178325_PS_10
28.0,1141,G178325_PS_10
28.0,1142,G178325_PS_10
28.0,1143,G178325_PS_08
28.0,1144,G178325_PS_12
28.0,1145,G178325_PS_12
28.0,1146,G178325_PS_10
28.0,1147,G178325_PS_12
28.0,1148,G178325_PS_08
28.0,1149,G178325_PS_08
28.0,1150,G178325_PS_12
28.0,1151,G178325_PS_10
28.0,1152,G178325_PS_11
28.0,1153,G178325_PS_11
28.0,1154,G178325_PS_12
28.0,1155,G178325_PS_11
28.0,1156,G178325_PS_12
28.0,1157,G178325_PS_08
28.0,1158,G178325_PS_11
28.0,1159,G178325_PS_11
28.0,1160,G178325_PS_10
28.0,1161,G178325_PS_11
28.0,1162,G178325_PS_11
28.0,1163,G178325_PS_08
28.0,1164,G178325_PS_09
28.0,1165,G178325_PS_10
28.0,1166,G178325_PS_11
28.0,1167,G178325_PS_10
28.0,1168,G178325_PS_10
28.0,1169,G178325_PS_10
28.0,1170,G178325_PS_11
28.0,1171,G178325_PS_12
28.0,1172,G178325_PS_12
28.0,1173,G178325_PS_11
28.0,1174,G178325_PS_12
28.0,1175,G178325_PS_12
28.0,1176,G178325_PS_11
28.0,1177,G178325_PS_10
28.0,1178,G178325_PS_11
28.0,1179,G178325_PS_10
28.0,1180,G178325_PS_10
28.0,1181,G178325_PS_11
28.0,1182,G178325_PS_11
28.0,1183,G178325_PS_08
28.0,1184,G178325_PS_08
28.0,1185,G178325_PS_12
28.0,1186,G178325_PS_11
28.0,1187,G178325_PS_11
28.0,1188,G178325_PS_10
28.0,1189,G178325_PS_11
28.0,1190,G178325_PS_11
28.0,1191,G178325_PS_12
28.0,1192,G178325_PS_11
28.0,1193,G178325_PS_10
28.0,1194,G178325_PS_11
28.0,1195,G178325_PS_08
28.0,1196,G178325_PS_12
28.0,1197,G178325_PS_11
28.0,1198,G178325_PS_10
28.0,1199,G178325_PS_11
28.0,1200,G178325_PS_12
28.0,1201,G178325_PS_10
28.0,1202,G178325_PS_12
28.0,1203,G178325_PS_10
28.0,1204,G178325_PS_12
28.0,1205,G178325_PS_11
28.0,1206,G178325_PS_11
28.0,1207,G178325_PS_10
28.0,1208,G178325_PS_11
28.0,1209,G178325_PS_11
28.0,1210,G178325_PS_12
28.0,1211,G178325_PS_12
28.0,1212,G178325_PS_11
28.0,1213,G178325_PS_10
28.0,1214,G178325_PS_10
28.0,1215,G178325_PS_12
28.0,1216,G178325_PS_12
28.0,1217,G178325_PS_10
28.0,1218,G178325_PS_12
28.0,1219,G178325_PS_12
28.0,1220,G178325_PS_08
28.0,1221,G178325_PS_12
28.0,1222,G178325_PS_11
28.0,1223,G178325_PS_10
28.0,1224,G178325_PS_08
28.0,1225,G178325_PS_11
28.0,1226,G178325_PS_11
28.0,1227,G178325_PS_11
28.0,1228,G178325_PS_11
28.0,1229,G178325_PS_11
28.0,1230,G178325_PS_11
28.0,1231,G178325_PS_10
28.0,1232,G178325_PS_12
28.0,1233,G178325_PS_11
28.0,1234,G178325_PS_11
28.0,1235,G178325_PS_11
28.0,1236,G178325_PS_11
28.0,1237,G178325_PS_11
28.0,1238,G178325_PS_12
28.0,1239,G178325_PS_12
28.0,1240,G178325_PS_12
28.0,1241,G178325_PS_08
28.0,1242,G178325_PS_12
28.0,1243,G178325_PS_11
28.0,1244,G178325_PS_11
28.0,1245,G178325_PS_12
28.0,1246,G178325_PS_11
28.0,1247,G178325_PS_08
28.0,1248,G178325_PS_12
28.0,1249,G178325_PS_12
28.0,1250,G178325_PS_11
28.0,1251,G178325_PS_11
28.0,1252,G178325_PS_12
28.0,1253,G178325_PS_11
28.0,1254,G178325_PS_11
28.0,1255,G178325_PS_12
28.0,1256,G178325_PS_10
28.0,1257,G178325_PS_11
28.0,1258,G178325_PS_11
28.0,1259,G178325_PS_12
28.0,1260,G178325_PS_10
28.0,1261,G178325_PS_12
28.0,1262,G178325_PS_08
28.0,1263,G178325_PS_10
28.0,1264,G178325_PS_11
28.0,1265,G178325_PS_11
28.0,1266,G178325_PS_10
28.0,1267,G178325_PS_12
28.0,1268,G178325_PS_11
28.0,1269,G178325_PS_12
28.0,1270,G178325_PS_08
28.0,1271,G178325_PS_11
28.0,1272,G178325_PS_11
28.0,1273,G178325_PS_10
28.0,1274,G178325_PS_11
28.0,1275,G178325_PS_11
28.0,1276,G178325_PS_10
28.0,1277,G178325_PS_11
28.0,1278,G178325_PS_11
28.0,1279,G178325_PS_12
28.0,1280,G178325_PS_11
28.0,1281,G178325_PS_08
28.0,1282,G178325_PS_12
28.0,1283,G178325_PS_12
28.0,1284,G178325_PS_11
28.0,1285,G178325_PS_12
28.0,1286,G178325_PS_11
28.0,1287,G178325_PS_08
28.0,1288,G178325_PS_11
28.0,1289,G178325_PS_10
28.0,1290,G178325_PS_12
28.0,1291,G178325_PS_12
28.0,1292,G178325_PS_11
28.0,1293,G178325_PS_11
28.0,1294,G178325_PS_11
28.0,1295,G178325_PS_12
28.0,1296,G178325_PS_10
28.0,1297,G178325_PS_11
28.0,1298,G178325_PS_11
28.0,1299,G178325_PS_11
28.0,1300,G178325_PS_10
28.0,1301,G178325_PS_10
28.0,1302,G178325_PS_12
28.0,1303,G178325_PS_11
28.0,1304,G178325_PS_08
28.0,1305,G178325_PS_12
28.0,1306,G178325_PS_11
28.0,1307,G178325_PS_11
28.0,1308,G178325_PS_12
28.0,1309,G178325_PS_11
28.0,1310,G178325_PS_10
28.0,1311,G178325_PS_12
28.0,1312,G178325_PS_11
28.0,1313,G178325_PS_11
28.0,1314,G178325_PS_11
28.0,1315,G178325_PS_11
28.0,1316,G178325_PS_11
28.0,1317,G178325_PS_11
28.0,1318,G178325_PS_12
28.0,1319,G178325_PS_11
28.0,1320,G178325_PS_10
28.0,1321,G178325_PS_11
28.0,1322,G178325_PS_11
28.0,1323,G178325_PS_12
28.0,1324,G178325_PS_11
28.0,1325,G178325_PS_11
28.0,1326,G178325_PS_08
28.0,1327,G178325_PS_12
28.0,1328,G178325_PS_08
28.0,1329,G178325_PS_12
28.0,1330,G178325_PS_11
28.0,1331,G178325_PS_10
28.0,1332,G178325_PS_12
28.0,1333,G178325_PS_11
28.0,1334,G178325_PS_11
28.0,1335,G178325_PS_11
28.0,1336,G178325_PS_12
28.0,1337,G178325_PS_11
28.0,1338,G178325_PS_11
28.0,1339,G178325_PS_11
28.0,1340,G178325_PS_11
28.0,1341,G178325_PS_08
28.0,1342,G178325_PS_11
28.0,1343,G178325_PS_11
28.0,1344,G178325_PS_11
28.0,1345,G178325_PS_08
28.0,1346,G178325_PS_12
28.0,1347,G178325_PS_10
28.0,1348,G178325_PS_12
28.0,1349,G178325_PS_10
28.0,1350,G178325_PS_11
28.0,1351,G178325_PS_10
28.0,1352,G178325_PS_12
28.0,1353,G178325_PS_11
28.0,1354,G178325_PS_08
28.0,1355,G178325_PS_12
28.0,1356,G178325_PS_11
28.0,1357,G178325_PS_11
28.0,1358,G178325_PS_11
28.0,1359,G178325_PS_11
28.0,1360,G178325_PS_11
28.0,1361,G178325_PS_08
28.0,1362,G178325_PS_11
28.0,1363,G178325_PS_08
28.0,1364,G178325_PS_11
28.0,1365,G178325_PS_10
28.0,1366,G178325_PS_08
28.0,1367,G178325_PS_12
28.0,1368,G178325_PS_10
28.0,1369,G178325_PS_10
28.0,1370,G178325_PS_12
28.0,1371,G178325_PS_10
28.0,1372,G178325_PS_11
28.0,1373,G178325_PS_10
28.0,1374,G178325_PS_11
28.0,1375,G178325_PS_12
28.0,1376,G178325_PS_10
28.0,1377,G178325_PS_12
28.0,1378,G178325_PS_11
28.0,1379,G178325_PS_12
28.0,1380,G178325_PS_11
28.0,1381,G178325_PS_12
28.0,1382,G178325_PS_11
28.0,1383,G178325_PS_12
28.0,1384,G178325_PS_12
28.0,1385,G178325_PS_10
28.0,1386,G178325_PS_10
28.0,1387,G178325_PS_11
28.0,1388,G178325_PS_11
28.0,1389,G178325_PS_11
28.0,1390,G178325_PS_12
28.0,1391,G178325_PS_12
28.0,1392,G178325_PS_11
28.0,1393,G178325_PS_11
28.0,1394,G178325_PS_10
28.0,1395,G178325_PS_10
28.0,1396,G178325_PS_08
28.0,1397,G178325_PS_08
28.0,1398,G178325_PS_12
28.0,1399,G178325_PS_12
28.0,1400,G178325_PS_10
28.0,1401,G178325_PS_12
28.0,1402,G178325_PS_12
28.0,1403,G178325_PS_12
28.0,1404,G178325_PS_11
28.0,1405,G178325_PS_11
28.0,1406,G178325_PS_12
28.0,1407,G178325_PS_11
28.0,1408,G178325_PS_12
28.0,1409,G178325_PS_10
28.0,1410,G178325_PS_11
28.0,1411,G178325_PS_11
28.0,1412,G178325_PS_10
28.0,1413,G178325_PS_11
28.0,1414,G178325_PS_12
28.0,1415,G178325_PS_11
28.0,1416,G178325_PS_11
28.0,1417,G178325_PS_11
28.0,1418,G178325_PS_12
28.0,1419,G178325_PS_11
28.0,1420,G178325_PS_10
28.0,1421,G178325_PS_12
28.0,1422,G178325_PS_08
28.0,1423,G178325_PS_11
28.0,1424,G178325_PS_11
28.0,1425,G178325_PS_11
28.0,1426,G178325_PS_11
28.0,1427,G178325_PS_11
28.0,1428,G178325_PS_12
28.0,1429,G178325_PS_11
28.0,1430,G178325_PS_12
28.0,1431,G178325_PS_12
28.0,1432,G178325_PS_12
28.0,1433,G178325_PS_11
28.0,1434,G178325_PS_11
28.0,1435,G178325_PS_10
28.0,1436,G178325_PS_10
28.0,1437,G178325_PS_12
28.0,1438,G178325_PS_11
28.0,1439,G178325_PS_11
28.0,1440,G178325_PS_11
28.0,1441,G178325_PS_10
28.0,1442,G178325_PS_12
28.0,1443,G178325_PS_10
28.0,1444,G178325_PS_11
28.0,1445,G178325_PS_08
28.0,1446,G178325_PS_08
28.0,1447,G178325_PS_10
28.0,1448,G178325_PS_11
28.0,1449,G178325_PS_12
28.0,1450,G178325_PS_10
28.0,1451,G178325_PS_11
28.0,1452,G178325_PS_12
28.0,1453,G178325_PS_08
28.0,1454,G178325_PS_11
28.0,1455,G178325_PS_11
28.0,1456,G178325_PS_11
28.0,1457,G178325_PS_10
28.0,1458,G178325_PS_10
28.0,1459,G178325_PS_12
28.0,1460,G178325_PS_10
28.0,1461,G178325_PS_12
28.0,1462,G178325_PS_08
28.0,1463,G178325_PS_11
28.0,1464,G178325_PS_12
28.0,1465,G178325_PS_08
28.0,1466,G178325_PS_11
28.0,1467,G178325_PS_08
28.0,1468,G178325_PS_12
28.0,1469,G178325_PS_11
28.0,1470,G178325_PS_10
28.0,1471,G178325_PS_12
28.0,1472,G178325_PS_12
28.0,1473,G178325_PS_11
28.0,1474,G178325_PS_10
28.0,1475,G178325_PS_11
28.0,1476,G178325_PS_12
28.0,1477,G178325_PS_11
28.0,1478,G178325_PS_11
28.0,1479,G178325_PS_12
28.0,1480,G178325_PS_12
28.0,1481,G178325_PS_10
28.0,1482,G178325_PS_12
28.0,1483,G178325_PS_12
28.0,1484,G178325_PS_10
28.0,1485,G178325_PS_11
28.0,1486,G178325_PS_10
28.0,1487,G178325_PS_12
28.0,1488,G178325_PS_11
28.0,1489,G178325_PS_12
28.0,1490,G178325_PS_11
28.0,1491,G178325_PS_12
28.0,1492,G178325_PS_11
28.0,1493,G178325_PS_11
28.0,1494,G178325_PS_11
28.0,1495,G178325_PS_10
28.0,1496,G178325_PS_11
28.0,1497,G178325_PS_12
28.0,1498,G178325_PS_12
28.0,1499,G178325_PS_08
28.0,1500,G178325_PS_10
28.0,1501,G178325_PS_11
28.0,1502,G178325_PS_11
28.0,1503,G178325_PS_12
28.0,1504,G178325_PS_12
28.0,1505,G178325_PS_10
28.0,1506,G178325_PS_10
28.0,1507,G178325_PS_11
28.0,1508,G178325_PS_12
28.0,1509,G178325_PS_10
28.0,1510,G178325_PS_11
28.0,1511,G178325_PS_10
28.0,1512,G178325_PS_11
28.0,1513,G178325_PS_11
28.0,1514,G178325_PS_08
28.0,1515,G178325_PS_12
28.0,1516,G178325_PS_11
28.0,1517,G178325_PS_11
28.0,1518,G178325_PS_11
28.0,1519,G178325_PS_11
28.0,1520,G178325_PS_10
28.0,1521,G178325_PS_11
28.0,1522,G178325_PS_11
28.0,1523,G178325_PS_11
28.0,1524,G178325_PS_10
28.0,1525,G178325_PS_08
28.0,1526,G178325_PS_12
28.0,1527,G178325_PS_12
28.0,1528,G178325_PS_11
28.0,1529,G178325_PS_12
28.0,1530,G178325_PS_12
28.0,1531,G178325_PS_11
28.0,1532,G178325_PS_08
28.0,1533,G178325_PS_11
28.0,1534,G178325_PS_11
28.0,1535,G178325_PS_11
28.0,1536,G178325_PS_10
28.0,1537,G178325_PS_10
28.0,1538,G178325_PS_12
28.0,1539,G178325_PS_12
28.0,1540,G178325_PS_11
28.0,1541,G178325_PS_08
28.0,1542,G178325_PS_11
28.0,1543,G178325_PS_11
28.0,1544,G178325_PS_10
28.0,1545,G178325_PS_10
28.0,1546,G178325_PS_10
28.0,1547,G178325_PS_11
28.0,1548,G178325_PS_10
28.0,1549,G178325_PS_11
28.0,1550,G178325_PS_08
28.0,1551,G178325_PS_11
28.0,1552,G178325_PS_12
28.0,1553,G178325_PS_11
28.0,1554,G178325_PS_08
28.0,1555,G178325_PS_11
28.0,1556,G178325_PS_11
28.0,1557,G178325_PS_11
28.0,1558,G178325_PS_11
28.0,1559,G178325_PS_10
28.0,1560,G178325_PS_10
28.0,1561,G178325_PS_11
28.0,1562,G178325_PS_11
28.0,1563,G178325_PS_11
28.0,1564,G178325_PS_11
28.0,1565,G178325_PS_08
28.0,1566,G178325_PS_10
28.0,1567,G178325_PS_11
28.0,1568,G178325_PS_12
28.0,1569,G178325_PS_11
28.0,1570,G178325_PS_08
28.0,1571,G178325_PS_08
28.0,1572,G178325_PS_08
28.0,1573,G178325_PS_11
28.0,1574,G178325_PS_12
28.0,1575,G178325_PS_12
28.0,1576,G178325_PS_11
28.0,1577,G178325_PS_11
28.0,1578,G178325_PS_11
28.0,1579,G178325_PS_10
28.0,1580,G178325_PS_08
28.0,1581,G178325_PS_08
28.0,1582,G178325_PS_12
28.0,1583,G178325_PS_10
28.0,1584,G178325_PS_11
28.0,1585,G178325_PS_11
28.0,1586,G178325_PS_11
28.0,1587,G178325_PS_12
28.0,1588,G178325_PS_10
28.0,1589,G178325_PS_12
28.0,1590,G178325_PS_11
28.0,1591,G178325_PS_08
28.0,1592,G178325_PS_11
28.0,1593,G178325_PS_11
28.0,1594,G178325_PS_11
28.0,1595,G178325_PS_11
28.0,1596,G178325_PS_10
28.0,1597,G178325_PS_10
28.0,1598,G178325_PS_10
28.0,1599,G178325_PS_12
28.0,1600,G178325_PS_10
28.0,1601,G178325_PS_11
28.0,1602,G178325_PS_11
28.0,1603,G178325_PS_12
28.0,1604,G178325_PS_11
28.0,1605,G178325_PS_11
28.0,1606,G178325_PS_08
28.0,1607,G178325_PS_11
28.0,1608,G178325_PS_10
28.0,1609,G178325_PS_10
28.0,1610,G178325_PS_11
28.0,1611,G178325_PS_12
28.0,1612,G178325_PS_12
28.0,1613,G178325_PS_10
28.0,1614,G178325_PS_11
28.0,1615,G178325_PS_12
28.0,1616,G178325_PS_11
28.0,1617,G178325_PS_11
28.0,1618,G178325_PS_12
28.0,1619,G178325_PS_10
28.0,1620,G178325_PS_10
28.0,1621,G178325_PS_10
28.0,1622,G178325_PS_10
28.0,1623,G178325_PS_11
28.0,1624,G178325_PS_11
28.0,1625,G178325_PS_12
28.0,1626,G178325_PS_10
28.0,1627,G178325_PS_11
28.0,1628,G178325_PS_12
28.0,1629,G178325_PS_11
28.0,1630,G178325_PS_12
28.0,1631,G178325_PS_10
28.0,1632,G178325_PS_12
28.0,1633,G178325_PS_09
28.0,1634,G178325_PS_11
28.0,1635,G178325_PS_11
28.0,1636,G178325_PS_11
28.0,1637,G178325_PS_11
28.0,1638,G178325_PS_11
28.0,1639,G178325_PS_11
28.0,1640,G178325_PS_10
28.0,1641,G178325_PS_11
28.0,1642,G178325_PS_11
28.0,1643,G178325_PS_11
28.0,1644,G178325_PS_11
28.0,1645,G178325_PS_11
28.0,1646,G178325_PS_12
28.0,1647,G178325_PS_08
28.0,1648,G178325_PS_12
28.0,1649,G178325_PS_08
28.0,1650,G178325_PS_08
28.0,1651,G178325_PS_12
28.0,1652,G178325_PS_10
28.0,1653,G178325_PS_10
28.0,1654,G178325_PS_08
28.0,1655,G178325_PS_12
28.0,1656,G178325_PS_11
28.0,1657,G178325_PS_12
28.0,1658,G178325_PS_10
28.0,1659,G178325_PS_11
28.0,1660,G178325_PS_10
28.0,1661,G178325_PS_10
28.0,1662,G178325_PS_11
28.0,1663,G178325_PS_11
28.0,1664,G178325_PS_11
28.0,1665,G178325_PS_11
28.0,1666,G178325_PS_10
28.0,1667,G178325_PS_11
28.0,1668,G178325_PS_10
28.0,1669,G178325_PS_11
28.0,1670,G178325_PS_11
28.0,1671,G178325_PS_11
28.0,1672,G178325_PS_08
28.0,1673,G178325_PS_08
28.0,1674,G178325_PS_12
28.0,1675,G178325_PS_12
28.0,1676,G178325_PS_11
28.0,1677,G178325_PS_10
28.0,1678,G178325_PS_11
28.0,1679,G178325_PS_08
28.0,1680,G178325_PS_08
28.0,1681,G178325_PS_10
28.0,1682,G178325_PS_12
28.0,1683,G178325_PS_11
28.0,1684,G178325_PS_10
28.0,1685,G178325_PS_10
28.0,1686,G178325_PS_08
28.0,1687,G178325_PS_11
28.0,1688,G178325_PS_11
28.0,1689,G178325_PS_11
28.0,1690,G178325_PS_11
28.0,1691,G178325_PS_11
28.0,1692,G178325_PS_11
28.0,1693,G178325_PS_12
28.0,1694,G178325_PS_12
28.0,1695,G178325_PS_11
28.0,1696,G178325_PS_11
28.0,1697,G178325_PS_08
28.0,1698,G178325_PS_11
28.0,1699,G178325_PS_10
28.0,1700,G178325_PS_11
28.0,1701,G178325_PS_11
28.0,1702,G178325_PS_10
28.0,1703,G178325_PS_11
28.0,1704,G178325_PS_11
28.0,1705,G178325_PS_10
28.0,1706,G178325_PS_11
28.0,1707,G178325_PS_10
28.0,1708,G178325_PS_11
28.0,1709,G178325_PS_12
28.0,1710,G178325_PS_10
28.0,1711,G178325_PS_12
28.0,1712,G178325_PS_12
28.0,1713,G178325_PS_11
28.0,1714,G178325_PS_11
28.0,1715,G178325_PS_11
28.0,1716,G178325_PS_12
28.0,1717,G178325_PS_10
28.0,1718,G178325_PS_12
28.0,1719,G178325_PS_08
28.0,1720,G178325_PS_10
28.0,1721,G178325_PS_11
28.0,1722,G178325_PS_11
28.0,1723,G178325_PS_12
28.0,1724,G178325_PS_10
28.0,1725,G178325_PS_08
28.0,1726,G178325_PS_11
28.0,1727,G178325_PS_12
28.0,1728,G178325_PS_08
28.0,1729,G178325_PS_11
28.0,1730,G178325_PS_12
28.0,1731,G178325_PS_12
28.0,1732,G178325_PS_10
28.0,1733,G178325_PS_11
28.0,1734,G178325_PS_10
28.0,1735,G178325_PS_10
28.0,1736,G178325_PS_11
28.0,1737,G178325_PS_12
28.0,1738,G178325_PS_11
28.0,1739,G178325_PS_12
28.0,1740,G178325_PS_11
28.0,1741,G178325_PS_12
28.0,1742,G178325_PS_12
28.0,1743,G178325_PS_11
28.0,1744,G178325_PS_11
28.0,1745,G178325_PS_11
28.0,1746,G178325_PS_12
28.0,1747,G178325_PS_11
28.0,1748,G178325_PS_11
28.0,1749,G178325_PS_12
28.0,1750,G178325_PS_11
28.0,1751,G178325_PS_10
28.0,1752,G178325_PS_11
28.0,1753,G178325_PS_12
28.0,1754,G178325_PS_12
28.0,1755,G178325_PS_12
28.0,1756,G178325_PS_11
28.0,1757,G178325_PS_11
28.0,1758,G178325_PS_12
28.0,1759,G178325_PS_11
28.0,1760,G178325_PS_11
28.0,1761,G178325_PS_11
28.0,1762,G178325_PS_08
28.0,1763,G178325_PS_12
28.0,1764,G178325_PS_08
28.0,1765,G178325_PS_10
28.0,1766,G178325_PS_12
28.0,1767,G178325_PS_12
28.0,1768,G178325_PS_10
28.0,1769,G178325_PS_11
28.0,1770,G178325_PS_11
28.0,1771,G178325_PS_10
28.0,1772,G178325_PS_11
28.0,1773,G178325_PS_11
28.0,1774,G178325_PS_12
28.0,1775,G178325_PS_08
28.0,1776,G178325_PS_10
28.0,1777,G178325_PS_08
28.0,1778,G178325_PS_12
28.0,1779,G178325_PS_10
28.0,1780,G178325_PS_12
28.0,1781,G178325_PS_11
28.0,1782,G178325_PS_11
28.0,1783,G178325_PS_12
28.0,1784,G178325_PS_08
28.0,1785,G178325_PS_11
28.0,1786,G178325_PS_08
28.0,1787,G178325_PS_11
28.0,1788,G178325_PS_11
28.0,1789,G178325_PS_12
28.0,1790,G178325_PS_11
28.0,1791,G178325_PS_11
28.0,1792,G178325_PS_11
28.0,1793,G178325_PS_11
28.0,1794,G178325_PS_10
28.0,1795,G178325_PS_10
28.0,1796,G178325_PS_12
28.0,1797,G178325_PS_10
28.0,1798,G178325_PS_08
28.0,1799,G178325_PS_12
28.0,1800,G178325_PS_08
28.0,1801,G178325_PS_11
28.0,1802,G178325_PS_11
28.0,1803,G178325_PS_12
28.0,1804,G178325_PS_10
28.0,1805,G178325_PS_11
28.0,1806,G178325_PS_11
28.0,1807,G178325_PS_11
28.0,1808,G178325_PS_12
28.0,1809,G178325_PS_12
28.0,1810,G178325_PS_11
28.0,1811,G178325_PS_10
28.0,1812,G178325_PS_11
28.0,1813,G178325_PS_11
28.0,1814,G178325_PS_08
28.0,1815,G178325_PS_10
28.0,1816,G178325_PS_09
28.0,1817,G178325_PS_12
28.0,1818,G178325_PS_12
28.0,1819,G178325_PS_12
28.0,1820,G178325_PS_11
28.0,1821,G178325_PS_12
28.0,1822,G178325_PS_12
28.0,1823,G178325_PS_12
28.0,1824,G178325_PS_12
28.0,1825,G178325_PS_08
28.0,1826,G178325_PS_11
28.0,1827,G178325_PS_11
28.0,1828,G178325_PS_12
28.0,1829,G178325_PS_11
28.0,1830,G178325_PS_11
28.0,1831,G178325_PS_10
28.0,1832,G178325_PS_11
28.0,1833,G178325_PS_08
28.0,1834,G178325_PS_11
28.0,1835,G178325_PS_12
28.0,1836,G178325_PS_10
28.0,1837,G178325_PS_10
28.0,1838,G178325_PS_08
28.0,1839,G178325_PS_11
28.0,1840,G178325_PS_12
28.0,1841,G178325_PS_09
28.0,1842,G178325_PS_11
28.0,1843,G178325_PS_11
28.0,1844,G178325_PS_11
28.0,1845,G178325_PS_12
28.0,1846,G178325_PS_10
28.0,1847,G178325_PS_09
28.0,1848,G178325_PS_10
28.0,1849,G178325_PS_10
28.0,1850,G178325_PS_10
28.0,1851,G178325_PS_12
28.0,1852,G178325_PS_10
28.0,1853,G178325_PS_12
28.0,1854,G178325_PS_10
28.0,1855,G178325_PS_11
28.0,1856,G178325_PS_11
28.0,1857,G178325_PS_08
28.0,1858,G178325_PS_12
28.0,1859,G178325_PS_08
28.0,1860,G178325_PS_10
28.0,1861,G178325_PS_10
28.0,1862,G178325_PS_11
28.0,1863,G178325_PS_10
28.0,1864,G178325_PS_12
28.0,1865,G178325_PS_10
28.0,1866,G178325_PS_11
28.0,1867,G178325_PS_10
28.0,1868,G178325_PS_12
28.0,1869,G178325_PS_11
28.0,1870,G178325_PS_09
28.0,1871,G178325_PS_12
28.0,1872,G178325_PS_08
28.0,1873,G178325_PS_12
28.0,1874,G178325_PS_12
28.0,1875,G178325_PS_12
28.0,1876,G178325_PS_11
28.0,1877,G178325_PS_11
28.0,1878,G178325_PS_12
28.0,1879,G178325_PS_11
28.0,1880,G178325_PS_12
28.0,1881,G178325_PS_11
28.0,1882,G178325_PS_12
28.0,1883,G178325_PS_11
28.0,1884,G178325_PS_11
28.0,1885,G178325_PS_11
28.0,1886,G178325_PS_11
28.0,1887,G178325_PS_08
28.0,1888,G178325_PS_12
28.0,1889,G178325_PS_11
28.0,1890,G178325_PS_12
28.0,1891,G178325_PS_11
28.0,1892,G178325_PS_12
28.0,1893,G178325_PS_12
28.0,1894,G178325_PS_08
28.0,1895,G178325_PS_11
28.0,1896,G178325_PS_11
28.0,1897,G178325_PS_08
28.0,1898,G178325_PS_08
28.0,1899,G178325_PS_11
28.0,1900,G178325_PS_12
28.0,1901,G178325_PS_10
28.0,1902,G178325_PS_11
28.0,1903,G178325_PS_10
28.0,1904,G178325_PS_11
28.0,1905,G178325_PS_08
28.0,1906,G178325_PS_10
28.0,1907,G178325_PS_11
28.0,1908,G178325_PS_10
28.0,1909,G178325_PS_12
28.0,1910,G178325_PS_11
28.0,1911,G178325_PS_11
28.0,1912,G178325_PS_11
28.0,1913,G178325_PS_11
28.0,1914,G178325_PS_10
28.0,1915,G178325_PS_11
28.0,1916,G178325_PS_11
28.0,1917,G178325_PS_11
28.0,1918,G178325_PS_11
28.0,1919,G178325_PS_12
28.0,1920,G178325_PS_11
28.0,1921,G178325_PS_11
28.0,1922,G178325_PS_11
28.0,1923,G178325_PS_10
28.0,1924,G178325_PS_11
28.0,1925,G178325_PS_11
28.0,1926,G178325_PS_12
28.0,1927,G178325_PS_12
28.0,1928,G178325_PS_12
28.0,1929,G178325_PS_11
28.0,1930,G178325_PS_08
28.0,1931,G178325_PS_10
28.0,1932,G178325_PS_11
28.0,1933,G178325_PS_11
28.0,1934,G178325_PS_11
28.0,1935,G178325_PS_11
28.0,1936,G178325_PS_11
28.0,1937,G178325_PS_11
28.0,1938,G178325_PS_12
28.0,1939,G178325_PS_11
28.0,1940,G178325_PS_10
28.0,1941,G178325_PS_11
28.0,1942,G178325_PS_11
28.0,1943,G178325_PS_10
28.0,1944,G178325_PS_12
28.0,1945,G178325_PS_11
28.0,1946,G178325_PS_11
28.0,1947,G178325_PS_10
28.0,1948,G178325_PS_10
28.0,1949,G178325_PS_10
28.0,1950,G178325_PS_12
28.0,1951,G178325_PS_12
28.0,1952,G178325_PS_12
28.0,1953,G178325_PS_11
28.0,1954,G178325_PS_12
28.0,1955,G178325_PS_11
28.0,1956,G178325_PS_08
28.0,1957,G178325_PS_12
28.0,1958,G178325_PS_10
28.0,1959,G178325_PS_11
28.0,1960,G178325_PS_12
28.0,1961,G178325_PS_10
28.0,1962,G178325_PS_12
28.0,1963,G178325_PS_11
28.0,1964,G178325_PS_08
28.0,1965,G178325_PS_11
28.0,1966,G178325_PS_11
28.0,1967,G178325_PS_12
28.0,1968,G178325_PS_11
28.0,1969,G178325_PS_11
28.0,1970,G178325_PS_11
28.0,1971,G178325_PS_11
28.0,1972,G178325_PS_11
28.0,1973,G178325_PS_08
28.0,1974,G178325_PS_11
28.0,1975,G178325_PS_08
28.0,1976,G178325_PS_12
28.0,1977,G178325_PS_11
28.0,1978,G178325_PS_10
28.0,1979,G178325_PS_12
28.0,1980,G178325_PS_12
28.0,1981,G178325_PS_08
28.0,1982,G178325_PS_11
28.0,1983,G178325_PS_11
28.0,1984,G178325_PS_08
28.0,1985,G178325_PS_12
28.0,1986,G178325_PS_08
28.0,1987,G178325_PS_11
28.0,1988,G178325_PS_12
28.0,1989,G178325_PS_08
28.0,1990,G178325_PS_10
28.0,1991,G178325_PS_11
28.0,1992,G178325_PS_12
28.0,1993,G178325_PS_08
28.0,1994,G178325_PS_11
28.0,1995,G178325_PS_08
28.0,1996,G178325_PS_12
28.0,1997,G178325_PS_12
28.0,1998,G178325_PS_12
28.0,1999,G178325_PS_11
34.0,0,G178325_PS_11
34.0,1,G178325_PS_12
34.0,2,G178325_PS_11
34.0,3,G178325_PS_12
34.0,4,G178325_PS_14
34.0,5,G178325_PS_11
34.0,6,G178325_PS_12
34.0,7,G178325_PS_12
34.0,8,G178325_PS_11
34.0,9,G178325_PS_11
34.0,10,G178325_PS_12
34.0,11,G178325_PS_12
34.0,12,G178325_PS_13
34.0,13,G178325_PS_11
34.0,14,G178325_PS_11
34.0,15,G178325_PS_12
34.0,16,G178325_PS_11
34.0,17,G178325_PS_11
34.0,18,G178325_PS_14
34.0,19,G178325_PS_12
34.0,20,G178325_PS_14
34.0,21,G178325_PS_12
34.0,22,G178325_PS_12
34.0,23,G178325_PS_10
34.0,24,G178325_PS_11
34.0,25,G178325_PS_11
34.0,26,G178325_PS_11
34.0,27,G178325_PS_10
34.0,28,G178325_PS_12
34.0,29,G178325_PS_12
34.0,30,G178325_PS_12
34.0,31,G178325_PS_11
34.0,32,G178325_PS_11
34.0,33,G178325_PS_11
34.0,34,G178325_PS_12
34.0,35,G178325_PS_12
34.0,36,G178325_PS_11
34.0,37,G178325_PS_11
34.0,38,G178325_PS_12
34.0,39,G178325_PS_13
34.0,40,G178325_PS_12
34.0,41,G178325_PS_11
34.0,42,G178325_PS_11
34.0,43,G178325_PS_11
34.0,44,G178325_PS_12
34.0,45,G178325_PS_11
34.0,46,G178325_PS_12
34.0,47,G178325_PS_12
34.0,48,G178325_PS_12
34.0,49,G178325_PS_11
34.0,50,G178325_PS_11
34.0,51,G178325_PS_12
34.0,52,G178325_PS_14
34.0,53,G178325_PS_12
34.0,54,G178325_PS_13
34.0,55,G178325_PS_11
34.0,56,G178325_PS_11
34.0,57,G178325_PS_11
34.0,58,G178325_PS_12
34.0,59,G178325_PS_11
34.0,60,G178325_PS_11
34.0,61,G178325_PS_11
34.0,62,G178325_PS_11
34.0,63,G178325_PS_11
34.0,64,G178325_PS_12
34.0,65,G178325_PS_11
34.0,66,G178325_PS_11
34.0,67,G178325_PS_11
34.0,68,G178325_PS_13
34.0,69,G178325_PS_10
34.0,70,G178325_PS_11
34.0,71,G178325_PS_12
34.0,72,G178325_PS_11
34.0,73,G178325_PS_12
34.0,74,G178325_PS_11
34.0,75,G178325_PS_12
34.0,76,G178325_PS_12
34.0,77,G178325_PS_11
34.0,78,G178325_PS_12
34.0,79,G178325_PS_12
34.0,80,G178325_PS_11
34.0,81,G178325_PS_11
34.0,82,G178325_PS_13
34.0,83,G178325_PS_11
34.0,84,G178325_PS_11
34.0,85,G178325_PS_11
34.0,86,G178325_PS_11
34.0,87,G178325_PS_11
34.0,88,G178325_PS_12
34.0,89,G178325_PS_11
34.0,90,G178325_PS_12
34.0,91,G178325_PS_11
34.0,92,G178325_PS_12
34.0,93,G178325_PS_11
34.0,94,G178325_PS_11
34.0,95,G178325_PS_12
34.0,96,G178325_PS_12
34.0,97,G178325_PS_12
34.0,98,G178325_PS_12
34.0,99,G178325_PS_11
34.0,100,G178325_PS_11
34.0,101,G178325_PS_12
34.0,102,G178325_PS_10
34.0,103,G178325_PS_12
34.0,104,G178325_PS_11
34.0,105,G178325_PS_12
34.0,106,G178325_PS_11
34.0,107,G178325_PS_12
34.0,108,G178325_PS_12
34.0,109,G178325_PS_11
34.0,110,G178325_PS_12
34.0,111,G178325_PS_11
34.0,112,G178325_PS_12
34.0,113,G178325_PS_11
34.0,114,G178325_PS_11
34.0,115,G178325_PS_12
34.0,116,G178325_PS_11
34.0,117,G178325_PS_12
34.0,118,G178325_PS_12
34.0,119,G178325_PS_11
34.0,120,G178325_PS_12
34.0,121,G178325_PS_12
34.0,122,G178325_PS_10
34.0,123,G178325_PS_12
34.0,124,G178325_PS_12
34.0,125,G178325_PS_11
34.0,126,G178325_PS_10
34.0,127,G178325_PS_13
34.0,128,G178325_PS_10
34.0,129,G178325_PS_12
34.0,130,G178325_PS_11
34.0,131,G178325_PS_12
34.0,132,G178325_PS_11
34.0,133,G178325_PS_13
34.0,134,G178325_PS_11
34.0,135,G178325_PS_12
34.0,136,G178325_PS_11
34.0,137,G178325_PS_13
34.0,138,G178325_PS_11
34.0,139,G178325_PS_12
34.0,140,G178325_PS_12
34.0,141,G178325_PS_12
34.0,142,G178325_PS_11
34.0,143,G178325_PS_11
34.0,144,G178325_PS_12
34.0,145,G178325_PS_11
34.0,146,G178325_PS_12
34.0,147,G178325_PS_11
34.0,148,G178325_PS_10
34.0,149,G178325_PS_12
34.0,150,G178325_PS_12
34.0,151,G178325_PS_11
34.0,152,G178325_PS_11
34.0,153,G178325_PS_11
34.0,154,G178325_PS_11
34.0,155,G178325_PS_10
34.0,156,G178325_PS_12
34.0,157,G178325_PS_11
34.0,158,G178325_PS_12
34.0,159,G178325_PS_11
34.0,160,G178325_PS_11
34.0,161,G178325_PS_11
34.0,162,G178325_PS_12
34.0,163,G178325_PS_11
34.0,164,G178325_PS_11
34.0,165,G178325_PS_11
34.0,166,G178325_PS_11
34.0,167,G178325_PS_10
34.0,168,G178325_PS_12
34.0,169,G178325_PS_12
34.0,170,G178325_PS_12
34.0,171,G178325_PS_10
34.0,172,G178325_PS_11
34.0,173,G178325_PS_12
34.0,174,G178325_PS_12
34.0,175,G178325_PS_10
34.0,176,G178325_PS_12
34.0,177,G178325_PS_11
34.0,178,G178325_PS_14
34.0,179,G178325_PS_11
34.0,180,G178325_PS_11
34.0,181,G178325_PS_11
34.0,182,G178325_PS_12
34.0,183,G178325_PS_11
34.0,184,G178325_PS_11
34.0,185,G178325_PS_11
34.0,186,G178325_PS_10
34.0,187,G178325_PS_11
34.0,188,G178325_PS_11
34.0,189,G178325_PS_13
34.0,190,G178325_PS_13
34.0,191,G178325_PS_12
34.0,192,G178325_PS_12
34.0,193,G178325_PS_11
34.0,194,G178325_PS_11
34.0,195,G178325_PS_11
34.0,196,G178325_PS_11
34.0,197,G178325_PS_11
34.0,198,G178325_PS_11
34.0,199,G178325_PS_11
34.0,200,G178325_PS_11
34.0,201,G178325_PS_12
34.0,202,G178325_PS_12
34.0,203,G178325_PS_11
34.0,204,G178325_PS_12
34.0,205,G178325_PS_11
34.0,206,G178325_PS_13
34.0,207,G178325_PS_11
34.0,208,G178325_PS_12
34.0,209,G178325_PS_11
34.0,210,G178325_PS_12
34.0,211,G178325_PS_10
34.0,212,G178325_PS_12
34.0,213,G178325_PS_12
34.0,214,G178325_PS_11
34.0,215,G178325_PS_12
34.0,216,G178325_PS_11
34.0,217,G178325_PS_11
34.0,218,G178325_PS_11
34.0,219,G178325_PS_13
34.0,220,G178325_PS_11
34.0,221,G178325_PS_12
34.0,222,G178325_PS_11
34.0,223,G178325_PS_11
34.0,224,G178325_PS_12
34.0,225,G178325_PS_11
34.0,226,G178325_PS_11
34.0,227,G178325_PS_11
34.0,228,G178325_PS_11
34.0,229,G178325_PS_11
34.0,230,G178325_PS_11
34.0,231,G178325_PS_13
34.0,232,G178325_PS_11
34.0,233,G178325_PS_11
34.0,234,G178325_PS_12
34.0,235,G178325_PS_11
34.0,236,G178325_PS_11
34.0,237,G178325_PS_13
34.0,238,G178325_PS_11
34.0,239,G178325_PS_09
34.0,240,G178325_PS_13
34.0,241,G178325_PS_11
34.0,242,G178325_PS_11
34.0,243,G178325_PS_10
34.0,244,G178325_PS_11
34.0,245,G178325_PS_10
34.0,246,G178325_PS_11
34.0,247,G178325_PS_12
34.0,248,G178325_PS_12
34.0,249,G178325_PS_12
34.0,250,G178325_PS_11
34.0,251,G178325_PS_11
34.0,252,G178325_PS_12
34.0,253,G178325_PS_11
34.0,254,G178325_PS_11
34.0,255,G178325_PS_10
34.0,256,G178325_PS_11
34.0,257,G178325_PS_11
34.0,258,G178325_PS_10
34.0,259,G178325_PS_13
34.0,260,G178325_PS_12
34.0,261,G178325_PS_12
34.0,262,G178325_PS_12
34.0,263,G178325_PS_12
34.0,264,G178325_PS_13
34.0,265,G178325_PS_12
34.0,266,G178325_PS_11
34.0,267,G178325_PS_12
34.0,268,G178325_PS_11
34.0,269,G178325_PS_11
34.0,270,G178325_PS_11
34.0,271,G178325_PS_13
34.0,272,G178325_PS_11
34.0,273,G178325_PS_13
34.0,274,G178325_PS_10
34.0,275,G178325_PS_12
34.0,276,G178325_PS_10
34.0,277,G178325_PS_11
34.0,278,G178325_PS_11
34.0,279,G178325_PS_12
34.0,280,G178325_PS_12
34.0,281,G178325_PS_13
34.0,282,G178325_PS_12
34.0,283,G178325_PS_12
34.0,284,G178325_PS_12
34.0,285,G178325_PS_11
34.0,286,G178325_PS_14
34.0,287,G178325_PS_10
34.0,288,G178325_PS_12
34.0,289,G178325_PS_11
34.0,290,G178325_PS_10
34.0,291,G178325_PS_12
34.0,292,G178325_PS_12
34.0,293,G178325_PS_13
34.0,294,G178325_PS_13
34.0,295,G178325_PS_10
34.0,296,G178325_PS_11
34.0,297,G178325_PS_12
34.0,298,G178325_PS_10
34.0,299,G178325_PS_11
34.0,300,G178325_PS_12
34.0,301,G178325_PS_11
34.0,302,G178325_PS_11
34.0,303,G178325_PS_12
34.0,304,G178325_PS_13
34.0,305,G178325_PS_12
34.0,306,G178325_PS_11
34.0,307,G178325_PS_11
34.0,308,G178325_PS_11
34.0,309,G178325_PS_12
34.0,310,G178325_PS_11
34.0,311,G178325_PS_11
34.0,312,G178325_PS_12
34.0,313,G178325_PS_11
34.0,314,G178325_PS_12
34.0,315,G178325_PS_12
34.0,316,G178325_PS_12
34.0,317,G178325_PS_12
34.0,318,G178325_PS_12
34.0,319,G178325_PS_11
34.0,320,G178325_PS_11
34.0,321,G178325_PS_12
34.0,322,G178325_PS_11
34.0,323,G178325_PS_11
34.0,324,G178325_PS_12
34.0,325,G178325_PS_12
34.0,326,G178325_PS_11
34.0,327,G178325_PS_11
34.0,328,G178325_PS_12
34.0,329,G178325_PS_12
34.0,330,G178325_PS_11
34.0,331,G178325_PS_12
34.0,332,G178325_PS_11
34.0,333,G178325_PS_11
34.0,334,G178325_PS_11
34.0,335,G178325_PS_13
34.0,336,G178325_PS_11
34.0,337,G178325_PS_11
34.0,338,G178325_PS_12
34.0,339,G178325_PS_11
34.0,340,G178325_PS_12
34.0,341,G178325_PS_11
34.0,342,G178325_PS_11
34.0,343,G178325_PS_11
34.0,344,G178325_PS_12
34.0,345,G178325_PS_11
34.0,346,G178325_PS_12
34.0,347,G178325_PS_14
34.0,348,G178325_PS_10
34.0,349,G178325_PS_11
34.0,350,G178325_PS_11
34.0,351,G178325_PS_12
34.0,352,G178325_PS_11
34.0,353,G178325_PS_11
34.0,354,G178325_PS_12
34.0,355,G178325_PS_12
34.0,356,G178325_PS_12
34.0,357,G178325_PS_11
34.0,358,G178325_PS_11
34.0,359,G178325_PS_12
34.0,360,G178325_PS_12
34.0,361,G178325_PS_12
34.0,362,G178325_PS_11
34.0,363,G178325_PS_12
34.0,364,G178325_PS_10
34.0,365,G178325_PS_11
34.0,366,G178325_PS_11
34.0,367,G178325_PS_11
34.0,368,G178325_PS_12
34.0,369,G178325_PS_11
34.0,370,G178325_PS_11
34.0,371,G178325_PS_11
34.0,372,G178325_PS_11
34.0,373,G178325_PS_11
34.0,374,G178325_PS_11
34.0,375,G178325_PS_11
34.0,376,G178325_PS_11
34.0,377,G178325_PS_12
34.0,378,G178325_PS_11
34.0,379,G178325_PS_12
34.0,380,G178325_PS_12
34.0,381,G178325_PS_13
34.0,382,G178325_PS_12
34.0,383,G178325_PS_11
34.0,384,G178325_PS_12
34.0,385,G178325_PS_12
34.0,386,G178325_PS_11
34.0,387,G178325_PS_11
34.0,388,G178325_PS_12
34.0,389,G178325_PS_12
34.0,390,G178325_PS_12
34.0,391,G178325_PS_11
34.0,392,G178325_PS_12
34.0,393,G178325_PS_12
34.0,394,G178325_PS_12
34.0,395,G178325_PS_11
34.0,396,G178325_PS_13
34.0,397,G178325_PS_11
34.0,398,G178325_PS_12
34.0,399,G178325_PS_11
34.0,400,G178325_PS_11
34.0,401,G178325_PS_11
34.0,402,G178325_PS_11
34.0,403,G178325_PS_12
34.0,404,G178325_PS_11
34.0,405,G178325_PS_11
34.0,406,G178325_PS_10
34.0,407,G178325_PS_11
34.0,408,G178325_PS_11
34.0,409,G178325_PS_11
34.0,410,G178325_PS_11
34.0,411,G178325_PS_11
34.0,412,G178325_PS_11
34.0,413,G178325_PS_11
34.0,414,G178325_PS_11
34.0,415,G178325_PS_11
34.0,416,G178325_PS_12
34.0,417,G178325_PS_11
34.0,418,G178325_PS_12
34.0,419,G178325_PS_12
34.0,420,G178325_PS_11
34.0,421,G178325_PS_11
34.0,422,G178325_PS_10
34.0,423,G178325_PS_12
34.0,424,G178325_PS_12
34.0,425,G178325_PS_10
34.0,426,G178325_PS_12
34.0,427,G178325_PS_10
34.0,428,G178325_PS_12
34.0,429,G178325_PS_11
34.0,430,G178325_PS_11
34.0,431,G178325_PS_11
34.0,432,G178325_PS_09
34.0,433,G178325_PS_12
34.0,434,G178325_PS_13
34.0,435,G178325_PS_11
34.0,436,G178325_PS_11
34.0,437,G178325_PS_11
34.0,438,G178325_PS_11
34.0,439,G178325_PS_11
34.0,440,G178325_PS_12
34.0,441,G178325_PS_12
34.0,442,G178325_PS_11
34.0,443,G178325_PS_11
34.0,444,G178325_PS_10
34.0,445,G178325_PS_10
34.0,446,G178325_PS_12
34.0,447,G178325_PS_11
34.0,448,G178325_PS_11
34.0,449,G178325_PS_12
34.0,450,G178325_PS_11
34.0,451,G178325_PS_10
34.0,452,G178325_PS_10
34.0,453,G178325_PS_11
34.0,454,G178325_PS_11
34.0,455,G178325_PS_12
34.0,456,G178325_PS_11
34.0,457,G178325_PS_12
34.0,458,G178325_PS_11
34.0,459,G178325_PS_11
34.0,460,G178325_PS_14
34.0,461,G178325_PS_12
34.0,462,G178325_PS_11
34.0,463,G178325_PS_11
34.0,464,G178325_PS_10
34.0,465,G178325_PS_11
34.0,466,G178325_PS_13
34.0,467,G178325_PS_12
34.0,468,G178325_PS_11
34.0,469,G178325_PS_12
34.0,470,G178325_PS_11
34.0,471,G178325_PS_11
34.0,472,G178325_PS_13
34.0,473,G178325_PS_11
34.0,474,G178325_PS_12
34.0,475,G178325_PS_12
34.0,476,G178325_PS_11
34.0,477,G178325_PS_11
34.0,478,G178325_PS_12
34.0,479,G178325_PS_12
34.0,480,G178325_PS_11
34.0,481,G178325_PS_11
34.0,482,G178325_PS_12
34.0,483,G178325_PS_11
34.0,484,G178325_PS_11
34.0,485,G178325_PS_12
34.0,486,G178325_PS_11
34.0,487,G178325_PS_11
34.0,488,G178325_PS_11
34.0,489,G178325_PS_11
34.0,490,G178325_PS_12
34.0,491,G178325_PS_12
34.0,492,G178325_PS_11
34.0,493,G178325_PS_11
34.0,494,G178325_PS_12
34.0,495,G178325_PS_11
34.0,496,G178325_PS_10
34.0,497,G178325_PS_11
34.0,498,G178325_PS_10
34.0,499,G178325_PS_12
34.0,500,G178325_PS_11
34.0,501,G178325_PS_11
34.0,502,G178325_PS_13
34.0,503,G178325_PS_12
34.0,504,G178325_PS_12
34.0,505,G178325_PS_11
34.0,506,G178325_PS_14
34.0,507,G178325_PS_12
34.0,508,G178325_PS_11
34.0,509,G178325_PS_13
34.0,510,G178325_PS_12
34.0,511,G178325_PS_11
34.0,512,G178325_PS_13
34.0,513,G178325_PS_12
34.0,514,G178325_PS_11
34.0,515,G178325_PS_11
34.0,516,G178325_PS_12
34.0,517,G178325_PS_12
34.0,518,G178325_PS_11
34.0,519,G178325_PS_11
34.0,520,G178325_PS_11
34.0,521,G178325_PS_11
34.0,522,G178325_PS_11
34.0,523,G178325_PS_12
34.0,524,G178325_PS_12
34.0,525,G178325_PS_12
34.0,526,G178325_PS_11
34.0,527,G178325_PS_11
34.0,528,G178325_PS_13
34.0,529,G178325_PS_12
34.0,530,G178325_PS_11
34.0,531,G178325_PS_11
34.0,532,G178325_PS_10
34.0,533,G178325_PS_11
34.0,534,G178325_PS_12
34.0,535,G178325_PS_12
34.0,536,G178325_PS_12
34.0,537,G178325_PS_12
34.0,538,G178325_PS_11
34.0,539,G178325_PS_11
34.0,540,G178325_PS_14
34.0,541,G178325_PS_12
34.0,542,G178325_PS_13
34.0,543,G178325_PS_11
34.0,544,G178325_PS_12
34.0,545,G178325_PS_11
34.0,546,G178325_PS_11
34.0,547,G178325_PS_12
34.0,548,G178325_PS_12
34.0,549,G178325_PS_11
34.0,550,G178325_PS_11
34.0,551,G178325_PS_11
34.0,552,G178325_PS_11
34.0,553,G178325_PS_12
34.0,554,G178325_PS_11
34.0,555,G178325_PS_11
34.0,556,G178325_PS_13
34.0,557,G178325_PS_10
34.0,558,G178325_PS_11
34.0,559,G178325_PS_14
34.0,560,G178325_PS_11
34.0,561,G178325_PS_12
34.0,562,G178325_PS_11
34.0,563,G178325_PS_11
34.0,564,G178325_PS_11
34.0,565,G178325_PS_13
34.0,566,G178325_PS_12
34.0,567,G178325_PS_11
34.0,568,G178325_PS_12
34.0,569,G178325_PS_12
34.0,570,G178325_PS_11
34.0,571,G178325_PS_11
34.0,572,G178325_PS_13
34.0,573,G178325_PS_11
34.0,574,G178325_PS_13
34.0,575,G178325_PS_10
34.0,576,G178325_PS_11
34.0,577,G178325_PS_10
34.0,578,G178325_PS_11
34.0,579,G178325_PS_11
34.0,580,G178325_PS_12
34.0,581,G178325_PS_12
34.0,582,G178325_PS_12
34.0,583,G178325_PS_11
34.0,584,G178325_PS_12
34.0,585,G178325_PS_11
34.0,586,G178325_PS_12
34.0,587,G178325_PS_11
34.0,588,G178325_PS_10
34.0,589,G178325_PS_11
34.0,590,G178325_PS_11
34.0,591,G178325_PS_11
34.0,592,G178325_PS_12
34.0,593,G178325_PS_11
34.0,594,G178325_PS_11
34.0,595,G178325_PS_11
34.0,596,G178325_PS_12
34.0,597,G178325_PS_11
34.0,598,G178325_PS_12
34.0,599,G178325_PS_11
34.0,600,G178325_PS_11
34.0,601,G178325_PS_11
34.0,602,G178325_PS_12
34.0,603,G178325_PS_12
34.0,604,G178325_PS_12
34.0,605,G178325_PS_12
34.0,606,G178325_PS_12
34.0,607,G178325_PS_10
34.0,608,G178325_PS_12
34.0,609,G178325_PS_12
34.0,610,G178325_PS_10
34.0,611,G178325_PS_12
34.0,612,G178325_PS_10
34.0,613,G178325_PS_12
34.0,614,G178325_PS_11
34.0,615,G178325_PS_11
34.0,616,G178325_PS_10
34.0,617,G178325_PS_11
34.0,618,G178325_PS_11
34.0,619,G178325_PS_10
34.0,620,G178325_PS_12
34.0,621,G178325_PS_12
34.0,622,G178325_PS_11
34.0,623,G178325_PS_14
34.0,624,G178325_PS_11
34.0,625,G178325_PS_11
34.0,626,G178325_PS_11
34.0,627,G178325_PS_12
34.0,628,G178325_PS_12
34.0,629,G178325_PS_13
34.0,630,G178325_PS_11
34.0,631,G178325_PS_12
34.0,632,G178325_PS_11
34.0,633,G178325_PS_12
34.0,634,G178325_PS_10
34.0,635,G178325_PS_11
34.0,636,G178325_PS_12
34.0,637,G178325_PS_12
34.0,638,G178325_PS_11
34.0,639,G178325_PS_12
34.0,640,G178325_PS_11
34.0,641,G178325_PS_11
34.0,642,G178325_PS_12
34.0,643,G178325_PS_11
34.0,644,G178325_PS_12
34.0,645,G178325_PS_13
34.0,646,G178325_PS_13
34.0,647,G178325_PS_11
34.0,648,G178325_PS_11
34.0,649,G178325_PS_11
34.0,650,G178325_PS_12
34.0,651,G178325_PS_11
34.0,652,G178325_PS_12
34.0,653,G178325_PS_12
34.0,654,G178325_PS_11
34.0,655,G178325_PS_12
34.0,656,G178325_PS_12
34.0,657,G178325_PS_11
34.0,658,G178325_PS_11
34.0,659,G178325_PS_12
34.0,660,G178325_PS_12
34.0,661,G178325_PS_12
34.0,662,G178325_PS_12
34.0,663,G178325_PS_12
34.0,664,G178325_PS_11
34.0,665,G178325_PS_12
34.0,666,G178325_PS_12
34.0,667,G178325_PS_12
34.0,668,G178325_PS_12
34.0,669,G178325_PS_12
34.0,670,G178325_PS_12
34.0,671,G178325_PS_12
34.0,672,G178325_PS_11
34.0,673,G178325_PS_12
34.0,674,G178325_PS_12
34.0,675,G178325_PS_11
34.0,676,G178325_PS_11
34.0,677,G178325_PS_12
34.0,678,G178325_PS_11
34.0,679,G178325_PS_11
34.0,680,G178325_PS_11
34.0,681,G178325_PS_11
34.0,682,G178325_PS_11
34.0,683,G178325_PS_11
34.0,684,G178325_PS_11
34.0,685,G178325_PS_11
34.0,686,G178325_PS_11
34.0,687,G178325_PS_11
34.0,688,G178325_PS_13
34.0,689,G178325_PS_11
34.0,690,G178325_PS_10
34.0,691,G178325_PS_11
34.0,692,G178325_PS_11
34.0,693,G178325_PS_13
34.0,694,G178325_PS_11
34.0,695,G178325_PS_11
34.0,696,G178325_PS_11
34.0,697,G178325_PS_12
34.0,698,G178325_PS_11
34.0,699,G178325_PS_11
34.0,700,G178325_PS_12
34.0,701,G178325_PS_12
34.0,702,G178325_PS_10
34.0,703,G178325_PS_11
34.0,704,G178325_PS_13
34.0,705,G178325_PS_11
34.0,706,G178325_PS_12
34.0,707,G178325_PS_12
34.0,708,G178325_PS_10
34.0,709,G178325_PS_11
34.0,710,G178325_PS_12
34.0,711,G178325_PS_12
34.0,712,G178325_PS_12
34.0,713,G178325_PS_11
34.0,714,G178325_PS_12
34.0,715,G178325_PS_11
34.0,716,G178325_PS_11
34.0,717,G178325_PS_12
34.0,718,G178325_PS_11
34.0,719,G178325_PS_11
34.0,720,G178325_PS_11
34.0,721,G178325_PS_11
34.0,722,G178325_PS_10
34.0,723,G178325_PS_11
34.0,724,G178325_PS_12
34.0,725,G178325_PS_11
34.0,726,G178325_PS_11
34.0,727,G178325_PS_11
34.0,728,G178325_PS_11
34.0,729,G178325_PS_11
34.0,730,G178325_PS_11
34.0,731,G178325_PS_11
34.0,732,G178325_PS_11
34.0,733,G178325_PS_12
34.0,734,G178325_PS_11
34.0,735,G178325_PS_12
34.0,736,G178325_PS_11
34.0,737,G178325_PS_11
34.0,738,G178325_PS_11
34.0,739,G178325_PS_11
34.0,740,G178325_PS_12
34.0,741,G178325_PS_14
34.0,742,G178325_PS_11
34.0,743,G178325_PS_11
34.0,744,G178325_PS_11
34.0,745,G178325_PS_11
34.0,746,G178325_PS_11
34.0,747,G178325_PS_12
34.0,748,G178325_PS_11
34.0,749,G178325_PS_12
34.0,750,G178325_PS_12
34.0,751,G178325_PS_12
34.0,752,G178325_PS_12
34.0,753,G178325_PS_12
34.0,754,G178325_PS_13
34.0,755,G178325_PS_11
34.0,756,G178325_PS_11
34.0,757,G178325_PS_10
34.0,758,G178325_PS_12
34.0,759,G178325_PS_12
34.0,760,G178325_PS_11
34.0,761,G178325_PS_11
34.0,762,G178325_PS_13
34.0,763,G178325_PS_11
34.0,764,G178325_PS_11
34.0,765,G178325_PS_12
34.0,766,G178325_PS_11
34.0,767,G178325_PS_10
34.0,768,G178325_PS_11
34.0,769,G178325_PS_12
34.0,770,G178325_PS_10
34.0,771,G178325_PS_09
34.0,772,G178325_PS_11
34.0,773,G178325_PS_11
34.0,774,G178325_PS_11
34.0,775,G178325_PS_10
34.0,776,G178325_PS_13
34.0,777,G178325_PS_11
34.0,778,G178325_PS_11
34.0,779,G178325_PS_11
34.0,780,G178325_PS_11
34.0,781,G178325_PS_11
34.0,782,G178325_PS_12
34.0,783,G178325_PS_12
34.0,784,G178325_PS_10
34.0,785,G178325_PS_11
34.0,786,G178325_PS_10
34.0,787,G178325_PS_13
34.0,788,G178325_PS_12
34.0,789,G178325_PS_11
34.0,790,G178325_PS_14
34.0,791,G178325_PS_11
34.0,792,G178325_PS_12
34.0,793,G178325_PS_11
34.0,794,G178325_PS_11
34.0,795,G178325_PS_11
34.0,796,G178325_PS_10
34.0,797,G178325_PS_09
34.0,798,G178325_PS_11
34.0,799,G178325_PS_12
34.0,800,G178325_PS_12
34.0,801,G178325_PS_12
34.0,802,G178325_PS_10
34.0,803,G178325_PS_11
34.0,804,G178325_PS_11
34.0,805,G178325_PS_12
34.0,806,G178325_PS_11
34.0,807,G178325_PS_11
34.0,808,G178325_PS_10
34.0,809,G178325_PS_12
34.0,810,G178325_PS_11
34.0,811,G178325_PS_11
34.0,812,G178325_PS_11
34.0,813,G178325_PS_11
34.0,814,G178325_PS_11
34.0,815,G178325_PS_12
34.0,816,G178325_PS_12
34.0,817,G178325_PS_12
34.0,818,G178325_PS_12
34.0,819,G178325_PS_11
34.0,820,G178325_PS_11
34.0,821,G178325_PS_11
34.0,822,G178325_PS_12
34.0,823,G178325_PS_10
34.0,824,G178325_PS_12
34.0,825,G178325_PS_11
34.0,826,G178325_PS_11
34.0,827,G178325_PS_11
34.0,828,G178325_PS_10
34.0,829,G178325_PS_13
34.0,830,G178325_PS_12
34.0,831,G178325_PS_13
34.0,832,G178325_PS_13
34.0,833,G178325_PS_12
34.0,834,G178325_PS_10
34.0,835,G178325_PS_12
34.0,836,G178325_PS_12
34.0,837,G178325_PS_11
34.0,838,G178325_PS_11
34.0,839,G178325_PS_12
34.0,840,G178325_PS_11
34.0,841,G178325_PS_12
34.0,842,G178325_PS_11
34.0,843,G178325_PS_14
34.0,844,G178325_PS_11
34.0,845,G178325_PS_11
34.0,846,G178325_PS_12
34.0,847,G178325_PS_12
34.0,848,G178325_PS_11
34.0,849,G178325_PS_12
34.0,850,G178325_PS_10
34.0,851,G178325_PS_11
34.0,852,G178325_PS_11
34.0,853,G178325_PS_12
34.0,854,G178325_PS_12
34.0,855,G178325_PS_11
34.0,856,G178325_PS_12
34.0,857,G178325_PS_12
34.0,858,G178325_PS_13
34.0,859,G178325_PS_11
34.0,860,G178325_PS_11
34.0,861,G178325_PS_12
34.0,862,G178325_PS_11
34.0,863,G178325_PS_10
34.0,864,G178325_PS_12
34.0,865,G178325_PS_10
34.0,866,G178325_PS_11
34.0,867,G178325_PS_12
34.0,868,G178325_PS_11
34.0,869,G178325_PS_11
34.0,870,G178325_PS_11
34.0,871,G178325_PS_12
34.0,872,G178325_PS_12
34.0,873,G178325_PS_13
34.0,874,G178325_PS_12
34.0,875,G178325_PS_12
34.0,876,G178325_PS_12
34.0,877,G178325_PS_12
34.0,878,G178325_PS_10
34.0,879,G178325_PS_11
34.0,880,G178325_PS_12
34.0,881,G178325_PS_11
34.0,882,G178325_PS_11
34.0,883,G178325_PS_11
34.0,884,G178325_PS_11
34.0,885,G178325_PS_12
34.0,886,G178325_PS_10
34.0,887,G178325_PS_13
34.0,888,G178325_PS_11
34.0,889,G178325_PS_13
34.0,890,G178325_PS_12
34.0,891,G178325_PS_11
34.0,892,G178325_PS_12
34.0,893,G178325_PS_11
34.0,894,G178325_PS_12
34.0,895,G178325_PS_11
34.0,896,G178325_PS_11
34.0,897,G178325_PS_12
34.0,898,G178325_PS_11
34.0,899,G178325_PS_11
34.0,900,G178325_PS_11
34.0,901,G178325_PS_11
34.0,902,G178325_PS_11
34.0,903,G178325_PS_12
34.0,904,G178325_PS_11
34.0,905,G178325_PS_10
34.0,906,G178325_PS_11
34.0,907,G178325_PS_12
34.0,908,G178325_PS_11
34.0,909,G178325_PS_13
34.0,910,G178325_PS_11
34.0,911,G178325_PS_11
34.0,912,G178325_PS_11
34.0,913,G178325_PS_12
34.0,914,G178325_PS_10
34.0,915,G178325_PS_14
34.0,916,G178325_PS_12
34.0,917,G178325_PS_11
34.0,918,G178325_PS_11
34.0,919,G178325_PS_11
34.0,920,G178325_PS_11
34.0,921,G178325_PS_11
34.0,922,G178325_PS_11
34.0,923,G178325_PS_12
34.0,924,G178325_PS_14
34.0,925,G178325_PS_12
34.0,926,G178325_PS_11
34.0,927,G178325_PS_12
34.0,928,G178325_PS_11
34.0,929,G178325_PS_11
34.0,930,G178325_PS_12
34.0,931,G178325_PS_12
34.0,932,G178325_PS_11
34.0,933,G178325_PS_12
34.0,934,G178325_PS_11
34.0,935,G178325_PS_11
34.0,936,G178325_PS_10
34.0,937,G178325_PS_11
34.0,938,G178325_PS_11
34.0,939,G178325_PS_11
34.0,940,G178325_PS_12
34.0,941,G178325_PS_12
34.0,942,G178325_PS_11
34.0,943,G178325_PS_12
34.0,944,G178325_PS_11
34.0,945,G178325_PS_11
34.0,946,G178325_PS_11
34.0,947,G178325_PS_11
34.0,948,G178325_PS_12
34.0,949,G178325_PS_12
34.0,950,G178325_PS_11
34.0,951,G178325_PS_11
34.0,952,G178325_PS_11
34.0,953,G178325_PS_14
34.0,954,G178325_PS_11
34.0,955,G178325_PS_11
34.0,956,G178325_PS_12
34.0,957,G178325_PS_11
34.0,958,G178325_PS_11
34.0,959,G178325_PS_10
34.0,960,G178325_PS_12
34.0,961,G178325_PS_11
34.0,962,G178325_PS_11
34.0,963,G178325_PS_10
34.0,964,G178325_PS_11
34.0,965,G178325_PS_10
34.0,966,G178325_PS_11
34.0,967,G178325_PS_12
34.0,968,G178325_PS_12
34.0,969,G178325_PS_11
34.0,970,G178325_PS_11
34.0,971,G178325_PS_10
34.0,972,G178325_PS_11
34.0,973,G178325_PS_10
34.0,974,G178325_PS_12
34.0,975,G178325_PS_12
34.0,976,G178325_PS_12
34.0,977,G178325_PS_11
34.0,978,G178325_PS_13
34.0,979,G178325_PS_10
34.0,980,G178325_PS_12
34.0,981,G178325_PS_10
34.0,982,G178325_PS_10
34.0,983,G178325_PS_14
34.0,984,G178325_PS_11
34.0,985,G178325_PS_11
34.0,986,G178325_PS_11
34.0,987,G178325_PS_11
34.0,988,G178325_PS_11
34.0,989,G178325_PS_11
34.0,990,G178325_PS_12
34.0,991,G178325_PS_12
34.0,992,G178325_PS_12
34.0,993,G178325_PS_12
34.0,994,G178325_PS_11
34.0,995,G178325_PS_11
34.0,996,G178325_PS_11
34.0,997,G178325_PS_12
34.0,998,G178325_PS_12
34.0,999,G178325_PS_11
34.0,1000,G178325_PS_11
34.0,1001,G178325_PS_11
34.0,1002,G178325_PS_12
34.0,1003,G178325_PS_11
34.0,1004,G178325_PS_11
34.0,1005,G178325_PS_12
34.0,1006,G178325_PS_10
34.0,1007,G178325_PS_11
34.0,1008,G178325_PS_11
34.0,1009,G178325_PS_11
34.0,1010,G178325_PS_13
34.0,1011,G178325_PS_12
34.0,1012,G178325_PS_12
34.0,1013,G178325_PS_11
34.0,1014,G178325_PS_12
34.0,1015,G178325_PS_12
34.0,1016,G178325_PS_11
34.0,1017,G178325_PS_13
34.0,1018,G178325_PS_13
34.0,1019,G178325_PS_12
34.0,1020,G178325_PS_12
34.0,1021,G178325_PS_12
34.0,1022,G178325_PS_12
34.0,1023,G178325_PS_11
34.0,1024,G178325_PS_11
34.0,1025,G178325_PS_12
34.0,1026,G178325_PS_11
34.0,1027,G178325_PS_12
34.0,1028,G178325_PS_12
34.0,1029,G178325_PS_12
34.0,1030,G178325_PS_11
34.0,1031,G178325_PS_11
34.0,1032,G178325_PS_11
34.0,1033,G178325_PS_11
34.0,1034,G178325_PS_11
34.0,1035,G178325_PS_12
34.0,1036,G178325_PS_12
34.0,1037,G178325_PS_12
34.0,1038,G178325_PS_11
34.0,1039,G178325_PS_11
34.0,1040,G178325_PS_13
34.0,1041,G178325_PS_11
34.0,1042,G178325_PS_11
34.0,1043,G178325_PS_12
34.0,1044,G178325_PS_11
34.0,1045,G178325_PS_11
34.0,1046,G178325_PS_12
34.0,1047,G178325_PS_11
34.0,1048,G178325_PS_11
34.0,1049,G178325_PS_11
34.0,1050,G178325_PS_11
34.0,1051,G178325_PS_11
34.0,1052,G178325_PS_12
34.0,1053,G178325_PS_12
34.0,1054,G178325_PS_11
34.0,1055,G178325_PS_11
34.0,1056,G178325_PS_11
34.0,1057,G178325_PS_11
34.0,1058,G178325_PS_12
34.0,1059,G178325_PS_11
34.0,1060,G178325_PS_11
34.0,1061,G178325_PS_10
34.0,1062,G178325_PS_12
34.0,1063,G178325_PS_13
34.0,1064,G178325_PS_12
34.0,1065,G178325_PS_12
34.0,1066,G178325_PS_11
34.0,1067,G178325_PS_11
34.0,1068,G178325_PS_12
34.0,1069,G178325_PS_12
34.0,1070,G178325_PS_12
34.0,1071,G178325_PS_12
34.0,1072,G178325_PS_11
34.0,1073,G178325_PS_11
34.0,1074,G178325_PS_13
34.0,1075,G178325_PS_13
34.0,1076,G178325_PS_11
34.0,1077,G178325_PS_12
34.0,1078,G178325_PS_11
34.0,1079,G178325_PS_12
34.0,1080,G178325_PS_12
34.0,1081,G178325_PS_11
34.0,1082,G178325_PS_11
34.0,1083,G178325_PS_12
34.0,1084,G178325_PS_11
34.0,1085,G178325_PS_12
34.0,1086,G178325_PS_10
34.0,1087,G178325_PS_12
34.0,1088,G178325_PS_11
34.0,1089,G178325_PS_11
34.0,1090,G178325_PS_11
34.0,1091,G178325_PS_11
34.0,1092,G178325_PS_11
34.0,1093,G178325_PS_11
34.0,1094,G178325_PS_10
34.0,1095,G178325_PS_13
34.0,1096,G178325_PS_11
34.0,1097,G178325_PS_11
34.0,1098,G178325_PS_09
34.0,1099,G178325_PS_11
34.0,1100,G178325_PS_12
34.0,1101,G178325_PS_11
34.0,1102,G178325_PS_12
34.0,1103,G178325_PS_11
34.0,1104,G178325_PS_11
34.0,1105,G178325_PS_11
34.0,1106,G178325_PS_12
34.0,1107,G178325_PS_12
34.0,1108,G178325_PS_10
34.0,1109,G178325_PS_10
34.0,1110,G178325_PS_10
34.0,1111,G178325_PS_11
34.0,1112,G178325_PS_12
34.0,1113,G178325_PS_11
34.0,1114,G178325_PS_11
34.0,1115,G178325_PS_11
34.0,1116,G178325_PS_11
34.0,1117,G178325_PS_11
34.0,1118,G178325_PS_11
34.0,1119,G178325_PS_12
34.0,1120,G178325_PS_10
34.0,1121,G178325_PS_12
34.0,1122,G178325_PS_11
34.0,1123,G178325_PS_10
34.0,1124,G178325_PS_12
34.0,1125,G178325_PS_11
34.0,1126,G178325_PS_12
34.0,1127,G178325_PS_12
34.0,1128,G178325_PS_11
34.0,1129,G178325_PS_11
34.0,1130,G178325_PS_12
34.0,1131,G178325_PS_11
34.0,1132,G178325_PS_11
34.0,1133,G178325_PS_12
34.0,1134,G178325_PS_11
34.0,1135,G178325_PS_12
34.0,1136,G178325_PS_12
34.0,1137,G178325_PS_11
34.0,1138,G178325_PS_11
34.0,1139,G178325_PS_12
34.0,1140,G178325_PS_10
34.0,1141,G178325_PS_11
34.0,1142,G178325_PS_11
34.0,1143,G178325_PS_11
34.0,1144,G178325_PS_13
34.0,1145,G178325_PS_12
34.0,1146,G178325_PS_11
34.0,1147,G178325_PS_13
34.0,1148,G178325_PS_11
34.0,1149,G178325_PS_11
34.0,1150,G178325_PS_13
34.0,1151,G178325_PS_11
34.0,1152,G178325_PS_12
34.0,1153,G178325_PS_12
34.0,1154,G178325_PS_12
34.0,1155,G178325_PS_11
34.0,1156,G178325_PS_12
34.0,1157,G178325_PS_11
34.0,1158,G178325_PS_11
34.0,1159,G178325_PS_11
34.0,1160,G178325_PS_11
34.0,1161,G178325_PS_12
34.0,1162,G178325_PS_11
34.0,1163,G178325_PS_11
34.0,1164,G178325_PS_09
34.0,1165,G178325_PS_11
34.0,1166,G178325_PS_11
34.0,1167,G178325_PS_11
34.0,1168,G178325_PS_11
34.0,1169,G178325_PS_11
34.0,1170,G178325_PS_11
34.0,1171,G178325_PS_12
34.0,1172,G178325_PS_12
34.0,1173,G178325_PS_11
34.0,1174,G178325_PS_14
34.0,1175,G178325_PS_12
34.0,1176,G178325_PS_11
34.0,1177,G178325_PS_11
34.0,1178,G178325_PS_11
34.0,1179,G178325_PS_10
34.0,1180,G178325_PS_11
34.0,1181,G178325_PS_11
34.0,1182,G178325_PS_11
34.0,1183,G178325_PS_11
34.0,1184,G178325_PS_11
34.0,1185,G178325_PS_12
34.0,1186,G178325_PS_14
34.0,1187,G178325_PS_11
34.0,1188,G178325_PS_11
34.0,1189,G178325_PS_11
34.0,1190,G178325_PS_12
34.0,1191,G178325_PS_12
34.0,1192,G178325_PS_12
34.0,1193,G178325_PS_10
34.0,1194,G178325_PS_12
34.0,1195,G178325_PS_11
34.0,1196,G178325_PS_12
34.0,1197,G178325_PS_11
34.0,1198,G178325_PS_11
34.0,1199,G178325_PS_12
34.0,1200,G178325_PS_12
34.0,1201,G178325_PS_11
34.0,1202,G178325_PS_12
34.0,1203,G178325_PS_11
34.0,1204,G178325_PS_12
34.0,1205,G178325_PS_11
34.0,1206,G178325_PS_11
34.0,1207,G178325_PS_11
34.0,1208,G178325_PS_12
34.0,1209,G178325_PS_12
34.0,1210,G178325_PS_13
34.0,1211,G178325_PS_13
34.0,1212,G178325_PS_11
34.0,1213,G178325_PS_11
34.0,1214,G178325_PS_11
34.0,1215,G178325_PS_12
34.0,1216,G178325_PS_12
34.0,1217,G178325_PS_11
34.0,1218,G178325_PS_12
34.0,1219,G178325_PS_12
34.0,1220,G178325_PS_11
34.0,1221,G178325_PS_14
34.0,1222,G178325_PS_12
34.0,1223,G178325_PS_10
34.0,1224,G178325_PS_11
34.0,1225,G178325_PS_11
34.0,1226,G178325_PS_11
34.0,1227,G178325_PS_12
34.0,1228,G178325_PS_12
34.0,1229,G178325_PS_11
34.0,1230,G178325_PS_12
34.0,1231,G178325_PS_11
34.0,1232,G178325_PS_12
34.0,1233,G178325_PS_14
34.0,1234,G178325_PS_11
34.0,1235,G178325_PS_11
34.0,1236,G178325_PS_11
34.0,1237,G178325_PS_11
34.0,1238,G178325_PS_13
34.0,1239,G178325_PS_13
34.0,1240,G178325_PS_13
34.0,1241,G178325_PS_11
34.0,1242,G178325_PS_12
34.0,1243,G178325_PS_11
34.0,1244,G178325_PS_11
34.0,1245,G178325_PS_12
34.0,1246,G178325_PS_12
34.0,1247,G178325_PS_11
34.0,1248,G178325_PS_12
34.0,1249,G178325_PS_13
34.0,1250,G178325_PS_11
34.0,1251,G178325_PS_12
34.0,1252,G178325_PS_12
34.0,1253,G178325_PS_12
34.0,1254,G178325_PS_12
34.0,1255,G178325_PS_14
34.0,1256,G178325_PS_11
34.0,1257,G178325_PS_11
34.0,1258,G178325_PS_11
34.0,1259,G178325_PS_13
34.0,1260,G178325_PS_10
34.0,1261,G178325_PS_12
34.0,1262,G178325_PS_11
34.0,1263,G178325_PS_11
34.0,1264,G178325_PS_11
34.0,1265,G178325_PS_11
34.0,1266,G178325_PS_11
34.0,1267,G178325_PS_12
34.0,1268,G178325_PS_12
34.0,1269,G178325_PS_12
34.0,1270,G178325_PS_11
34.0,1271,G178325_PS_12
34.0,1272,G178325_PS_12
34.0,1273,G178325_PS_10
34.0,1274,G178325_PS_11
34.0,1275,G178325_PS_11
34.0,1276,G178325_PS_10
34.0,1277,G178325_PS_11
34.0,1278,G178325_PS_12
34.0,1279,G178325_PS_12
34.0,1280,G178325_PS_12
34.0,1281,G178325_PS_11
34.0,1282,G178325_PS_12
34.0,1283,G178325_PS_12
34.0,1284,G178325_PS_12
34.0,1285,G178325_PS_13
34.0,1286,G178325_PS_12
34.0,1287,G178325_PS_11
34.0,1288,G178325_PS_12
34.0,1289,G178325_PS_11
34.0,1290,G178325_PS_12
34.0,1291,G178325_PS_12
34.0,1292,G178325_PS_11
34.0,1293,G178325_PS_12
34.0,1294,G178325_PS_11
34.0,1295,G178325_PS_12
34.0,1296,G178325_PS_11
34.0,1297,G178325_PS_11
34.0,1298,G178325_PS_12
34.0,1299,G178325_PS_11
34.0,1300,G178325_PS_11
34.0,1301,G178325_PS_10
34.0,1302,G178325_PS_12
34.0,1303,G178325_PS_12
34.0,1304,G178325_PS_11
34.0,1305,G178325_PS_12
34.0,1306,G178325_PS_14
34.0,1307,G178325_PS_12
34.0,1308,G178325_PS_12
34.0,1309,G178325_PS_12
34.0,1310,G178325_PS_10
34.0,1311,G178325_PS_12
34.0,1312,G178325_PS_12
34.0,1313,G178325_PS_12
34.0,1314,G178325_PS_11
34.0,1315,G178325_PS_11
34.0,1316,G178325_PS_11
34.0,1317,G178325_PS_11
34.0,1318,G178325_PS_13
34.0,1319,G178325_PS_11
34.0,1320,G178325_PS_11
34.0,1321,G178325_PS_12
34.0,1322,G178325_PS_11
34.0,1323,G178325_PS_12
34.0,1324,G178325_PS_12
34.0,1325,G178325_PS_11
34.0,1326,G178325_PS_11
34.0,1327,G178325_PS_13
34.0,1328,G178325_PS_11
34.0,1329,G178325_PS_13
34.0,1330,G178325_PS_11
34.0,1331,G178325_PS_11
34.0,1332,G178325_PS_12
34.0,1333,G178325_PS_11
34.0,1334,G178325_PS_12
34.0,1335,G178325_PS_11
34.0,1336,G178325_PS_12
34.0,1337,G178325_PS_11
34.0,1338,G178325_PS_12
34.0,1339,G178325_PS_11
34.0,1340,G178325_PS_11
34.0,1341,G178325_PS_11
34.0,1342,G178325_PS_12
34.0,1343,G178325_PS_12
34.0,1344,G178325_PS_11
34.0,1345,G178325_PS_11
34.0,1346,G178325_PS_13
34.0,1347,G178325_PS_10
34.0,1348,G178325_PS_12
34.0,1349,G178325_PS_12
34.0,1350,G178325_PS_11
34.0,1351,G178325_PS_11
34.0,1352,G178325_PS_12
34.0,1353,G178325_PS_12
34.0,1354,G178325_PS_11
34.0,1355,G178325_PS_12
34.0,1356,G178325_PS_12
34.0,1357,G178325_PS_11
34.0,1358,G178325_PS_11
34.0,1359,G178325_PS_12
34.0,1360,G178325_PS_11
34.0,1361,G178325_PS_11
34.0,1362,G178325_PS_11
34.0,1363,G178325_PS_11
34.0,1364,G178325_PS_11
34.0,1365,G178325_PS_10
34.0,1366,G178325_PS_11
34.0,1367,G178325_PS_13
34.0,1368,G178325_PS_11
34.0,1369,G178325_PS_11
34.0,1370,G178325_PS_12
34.0,1371,G178325_PS_11
34.0,1372,G178325_PS_11
34.0,1373,G178325_PS_11
34.0,1374,G178325_PS_12
34.0,1375,G178325_PS_12
34.0,1376,G178325_PS_11
34.0,1377,G178325_PS_13
34.0,1378,G178325_PS_11
34.0,1379,G178325_PS_12
34.0,1380,G178325_PS_11
34.0,1381,G178325_PS_13
34.0,1382,G178325_PS_12
34.0,1383,G178325_PS_12
34.0,1384,G178325_PS_13
34.0,1385,G178325_PS_11
34.0,1386,G178325_PS_11
34.0,1387,G178325_PS_11
34.0,1388,G178325_PS_12
34.0,1389,G178325_PS_11
34.0,1390,G178325_PS_12
34.0,1391,G178325_PS_12
34.0,1392,G178325_PS_11
34.0,1393,G178325_PS_12
34.0,1394,G178325_PS_11
34.0,1395,G178325_PS_11
34.0,1396,G178325_PS_11
34.0,1397,G178325_PS_11
34.0,1398,G178325_PS_13
34.0,1399,G178325_PS_12
34.0,1400,G178325_PS_10
34.0,1401,G178325_PS_13
34.0,1402,G178325_PS_13
34.0,1403,G178325_PS_12
34.0,1404,G178325_PS_11
34.0,1405,G178325_PS_11
34.0,1406,G178325_PS_12
34.0,1407,G178325_PS_12
34.0,1408,G178325_PS_13
34.0,1409,G178325_PS_10
34.0,1410,G178325_PS_11
34.0,1411,G178325_PS_11
34.0,1412,G178325_PS_10
34.0,1413,G178325_PS_11
34.0,1414,G178325_PS_12
34.0,1415,G178325_PS_11
34.0,1416,G178325_PS_11
34.0,1417,G178325_PS_12
34.0,1418,G178325_PS_12
34.0,1419,G178325_PS_12
34.0,1420,G178325_PS_11
34.0,1421,G178325_PS_12
34.0,1422,G178325_PS_11
34.0,1423,G178325_PS_11
34.0,1424,G178325_PS_12
34.0,1425,G178325_PS_11
34.0,1426,G178325_PS_11
34.0,1427,G178325_PS_11
34.0,1428,G178325_PS_13
34.0,1429,G178325_PS_12
34.0,1430,G178325_PS_12
34.0,1431,G178325_PS_13
34.0,1432,G178325_PS_12
34.0,1433,G178325_PS_12
34.0,1434,G178325_PS_11
34.0,1435,G178325_PS_11
34.0,1436,G178325_PS_10
34.0,1437,G178325_PS_12
34.0,1438,G178325_PS_12
34.0,1439,G178325_PS_11
34.0,1440,G178325_PS_12
34.0,1441,G178325_PS_10
34.0,1442,G178325_PS_14
34.0,1443,G178325_PS_11
34.0,1444,G178325_PS_12
34.0,1445,G178325_PS_11
34.0,1446,G178325_PS_11
34.0,1447,G178325_PS_11
34.0,1448,G178325_PS_11
34.0,1449,G178325_PS_12
34.0,1450,G178325_PS_11
34.0,1451,G178325_PS_11
34.0,1452,G178325_PS_12
34.0,1453,G178325_PS_11
34.0,1454,G178325_PS_12
34.0,1455,G178325_PS_12
34.0,1456,G178325_PS_11
34.0,1457,G178325_PS_10
34.0,1458,G178325_PS_11
34.0,1459,G178325_PS_12
34.0,1460,G178325_PS_10
34.0,1461,G178325_PS_12
34.0,1462,G178325_PS_11
34.0,1463,G178325_PS_12
34.0,1464,G178325_PS_12
34.0,1465,G178325_PS_11
34.0,1466,G178325_PS_11
34.0,1467,G178325_PS_11
34.0,1468,G178325_PS_13
34.0,1469,G178325_PS_11
34.0,1470,G178325_PS_11
34.0,1471,G178325_PS_13
34.0,1472,G178325_PS_12
34.0,1473,G178325_PS_12
34.0,1474,G178325_PS_11
34.0,1475,G178325_PS_12
34.0,1476,G178325_PS_12
34.0,1477,G178325_PS_12
34.0,1478,G178325_PS_11
34.0,1479,G178325_PS_12
34.0,1480,G178325_PS_13
34.0,1481,G178325_PS_10
34.0,1482,G178325_PS_12
34.0,1483,G178325_PS_13
34.0,1484,G178325_PS_10
34.0,1485,G178325_PS_11
34.0,1486,G178325_PS_10
34.0,1487,G178325_PS_12
34.0,1488,G178325_PS_12
34.0,1489,G178325_PS_12
34.0,1490,G178325_PS_12
34.0,1491,G178325_PS_14
34.0,1492,G178325_PS_11
34.0,1493,G178325_PS_11
34.0,1494,G178325_PS_11
34.0,1495,G178325_PS_10
34.0,1496,G178325_PS_11
34.0,1497,G178325_PS_13
34.0,1498,G178325_PS_12
34.0,1499,G178325_PS_11
34.0,1500,G178325_PS_11
34.0,1501,G178325_PS_12
34.0,1502,G178325_PS_11
34.0,1503,G178325_PS_12
34.0,1504,G178325_PS_12
34.0,1505,G178325_PS_10
34.0,1506,G178325_PS_11
34.0,1507,G178325_PS_11
34.0,1508,G178325_PS_13
34.0,1509,G178325_PS_11
34.0,1510,G178325_PS_12
34.0,1511,G178325_PS_11
34.0,1512,G178325_PS_12
34.0,1513,G178325_PS_12
34.0,1514,G178325_PS_11
34.0,1515,G178325_PS_12
34.0,1516,G178325_PS_11
34.0,1517,G178325_PS_12
34.0,1518,G178325_PS_11
34.0,1519,G178325_PS_11
34.0,1520,G178325_PS_10
34.0,1521,G178325_PS_12
34.0,1522,G178325_PS_11
34.0,1523,G178325_PS_12
34.0,1524,G178325_PS_11
34.0,1525,G178325_PS_11
34.0,1526,G178325_PS_13
34.0,1527,G178325_PS_12
34.0,1528,G178325_PS_12
34.0,1529,G178325_PS_12
34.0,1530,G178325_PS_13
34.0,1531,G178325_PS_11
34.0,1532,G178325_PS_11
34.0,1533,G178325_PS_11
34.0,1534,G178325_PS_11
34.0,1535,G178325_PS_11
34.0,1536,G178325_PS_11
34.0,1537,G178325_PS_11
34.0,1538,G178325_PS_12
34.0,1539,G178325_PS_12
34.0,1540,G178325_PS_12
34.0,1541,G178325_PS_11
34.0,1542,G178325_PS_12
34.0,1543,G178325_PS_12
34.0,1544,G178325_PS_10
34.0,1545,G178325_PS_11
34.0,1546,G178325_PS_10
34.0,1547,G178325_PS_11
34.0,1548,G178325_PS_10
34.0,1549,G178325_PS_11
34.0,1550,G178325_PS_11
34.0,1551,G178325_PS_12
34.0,1552,G178325_PS_12
34.0,1553,G178325_PS_11
34.0,1554,G178325_PS_11
34.0,1555,G178325_PS_12
34.0,1556,G178325_PS_11
34.0,1557,G178325_PS_11
34.0,1558,G178325_PS_11
34.0,1559,G178325_PS_11
34.0,1560,G178325_PS_10
34.0,1561,G178325_PS_11
34.0,1562,G178325_PS_11
34.0,1563,G178325_PS_12
34.0,1564,G178325_PS_12
34.0,1565,G178325_PS_11
34.0,1566,G178325_PS_10
34.0,1567,G178325_PS_11
34.0,1568,G178325_PS_12
34.0,1569,G178325_PS_11
34.0,1570,G178325_PS_11
34.0,1571,G178325_PS_11
34.0,1572,G178325_PS_11
34.0,1573,G178325_PS_12
34.0,1574,G178325_PS_12
34.0,1575,G178325_PS_12
34.0,1576,G178325_PS_12
34.0,1577,G178325_PS_12
34.0,1578,G178325_PS_12
34.0,1579,G178325_PS_11
34.0,1580,G178325_PS_11
34.0,1581,G178325_PS_11
34.0,1582,G178325_PS_12
34.0,1583,G178325_PS_11
34.0,1584,G178325_PS_11
34.0,1585,G178325_PS_12
34.0,1586,G178325_PS_11
34.0,1587,G178325_PS_12
34.0,1588,G178325_PS_11
34.0,1589,G178325_PS_12
34.0,1590,G178325_PS_12
34.0,1591,G178325_PS_11
34.0,1592,G178325_PS_11
34.0,1593,G178325_PS_11
34.0,1594,G178325_PS_11
34.0,1595,G178325_PS_11
34.0,1596,G178325_PS_11
34.0,1597,G178325_PS_11
34.0,1598,G178325_PS_11
34.0,1599,G178325_PS_14
34.0,1600,G178325_PS_10
34.0,1601,G178325_PS_12
34.0,1602,G178325_PS_11
34.0,1603,G178325_PS_12
34.0,1604,G178325_PS_14
34.0,1605,G178325_PS_11
34.0,1606,G178325_PS_11
34.0,1607,G178325_PS_12
34.0,1608,G178325_PS_11
34.0,1609,G178325_PS_10
34.0,1610,G178325_PS_11
34.0,1611,G178325_PS_13
34.0,1612,G178325_PS_12
34.0,1613,G178325_PS_11
34.0,1614,G178325_PS_11
34.0,1615,G178325_PS_12
34.0,1616,G178325_PS_12
34.0,1617,G178325_PS_11
34.0,1618,G178325_PS_12
34.0,1619,G178325_PS_11
34.0,1620,G178325_PS_11
34.0,1621,G178325_PS_11
34.0,1622,G178325_PS_11
34.0,1623,G178325_PS_12
34.0,1624,G178325_PS_11
34.0,1625,G178325_PS_13
34.0,1626,G178325_PS_11
34.0,1627,G178325_PS_12
34.0,1628,G178325_PS_12
34.0,1629,G178325_PS_12
34.0,1630,G178325_PS_12
34.0,1631,G178325_PS_11
34.0,1632,G178325_PS_12
34.0,1633,G178325_PS_10
34.0,1634,G178325_PS_12
34.0,1635,G178325_PS_11
34.0,1636,G178325_PS_11
34.0,1637,G178325_PS_14
34.0,1638,G178325_PS_11
34.0,1639,G178325_PS_11
34.0,1640,G178325_PS_11
34.0,1641,G178325_PS_11
34.0,1642,G178325_PS_12
34.0,1643,G178325_PS_11
34.0,1644,G178325_PS_12
34.0,1645,G178325_PS_11
34.0,1646,G178325_PS_12
34.0,1647,G178325_PS_11
34.0,1648,G178325_PS_12
34.0,1649,G178325_PS_11
34.0,1650,G178325_PS_11
34.0,1651,G178325_PS_12
34.0,1652,G178325_PS_10
34.0,1653,G178325_PS_10
34.0,1654,G178325_PS_11
34.0,1655,G178325_PS_12
34.0,1656,G178325_PS_12
34.0,1657,G178325_PS_13
34.0,1658,G178325_PS_11
34.0,1659,G178325_PS_11
34.0,1660,G178325_PS_11
34.0,1661,G178325_PS_11
34.0,1662,G178325_PS_11
34.0,1663,G178325_PS_12
34.0,1664,G178325_PS_11
34.0,1665,G178325_PS_12
34.0,1666,G178325_PS_11
34.0,1667,G178325_PS_12
34.0,1668,G178325_PS_10
34.0,1669,G178325_PS_12
34.0,1670,G178325_PS_12
34.0,1671,G178325_PS_12
34.0,1672,G178325_PS_11
34.0,1673,G178325_PS_11
34.0,1674,G178325_PS_12
34.0,1675,G178325_PS_12
34.0,1676,G178325_PS_12
34.0,1677,G178325_PS_10
34.0,1678,G178325_PS_11
34.0,1679,G178325_PS_11
34.0,1680,G178325_PS_11
34.0,1681,G178325_PS_11
34.0,1682,G178325_PS_12
34.0,1683,G178325_PS_11
34.0,1684,G178325_PS_10
34.0,1685,G178325_PS_10
34.0,1686,G178325_PS_11
34.0,1687,G178325_PS_11
34.0,1688,G178325_PS_11
34.0,1689,G178325_PS_11
34.0,1690,G178325_PS_12
34.0,1691,G178325_PS_12
34.0,1692,G178325_PS_11
34.0,1693,G178325_PS_12
34.0,1694,G178325_PS_13
34.0,1695,G178325_PS_12
34.0,1696,G178325_PS_12
34.0,1697,G178325_PS_11
34.0,1698,G178325_PS_12
34.0,1699,G178325_PS_11
34.0,1700,G178325_PS_12
34.0,1701,G178325_PS_12
34.0,1702,G178325_PS_10
34.0,1703,G178325_PS_12
34.0,1704,G178325_PS_12
34.0,1705,G178325_PS_11
34.0,1706,G178325_PS_11
34.0,1707,G178325_PS_11
34.0,1708,G178325_PS_11
34.0,1709,G178325_PS_14
34.0,1710,G178325_PS_11
34.0,1711,G178325_PS_14
34.0,1712,G178325_PS_13
34.0,1713,G178325_PS_12
34.0,1714,G178325_PS_11
34.0,1715,G178325_PS_12
34.0,1716,G178325_PS_12
34.0,1717,G178325_PS_10
34.0,1718,G178325_PS_12
34.0,1719,G178325_PS_11
34.0,1720,G178325_PS_11
34.0,1721,G178325_PS_11
34.0,1722,G178325_PS_11
34.0,1723,G178325_PS_13
34.0,1724,G178325_PS_10
34.0,1725,G178325_PS_11
34.0,1726,G178325_PS_11
34.0,1727,G178325_PS_13
34.0,1728,G178325_PS_11
34.0,1729,G178325_PS_11
34.0,1730,G178325_PS_12
34.0,1731,G178325_PS_13
34.0,1732,G178325_PS_10
34.0,1733,G178325_PS_11
34.0,1734,G178325_PS_11
34.0,1735,G178325_PS_11
34.0,1736,G178325_PS_11
34.0,1737,G178325_PS_13
34.0,1738,G178325_PS_11
34.0,1739,G178325_PS_12
34.0,1740,G178325_PS_12
34.0,1741,G178325_PS_12
34.0,1742,G178325_PS_13
34.0,1743,G178325_PS_11
34.0,1744,G178325_PS_14
34.0,1745,G178325_PS_11
34.0,1746,G178325_PS_12
34.0,1747,G178325_PS_14
34.0,1748,G178325_PS_11
34.0,1749,G178325_PS_12
34.0,1750,G178325_PS_12
34.0,1751,G178325_PS_11
34.0,1752,G178325_PS_12
34.0,1753,G178325_PS_13
34.0,1754,G178325_PS_12
34.0,1755,G178325_PS_12
34.0,1756,G178325_PS_11
34.0,1757,G178325_PS_11
34.0,1758,G178325_PS_12
34.0,1759,G178325_PS_11
34.0,1760,G178325_PS_12
34.0,1761,G178325_PS_12
34.0,1762,G178325_PS_11
34.0,1763,G178325_PS_12
34.0,1764,G178325_PS_11
34.0,1765,G178325_PS_11
34.0,1766,G178325_PS_12
34.0,1767,G178325_PS_12
34.0,1768,G178325_PS_11
34.0,1769,G178325_PS_11
34.0,1770,G178325_PS_11
34.0,1771,G178325_PS_10
34.0,1772,G178325_PS_12
34.0,1773,G178325_PS_12
34.0,1774,G178325_PS_12
34.0,1775,G178325_PS_11
34.0,1776,G178325_PS_10
34.0,1777,G178325_PS_11
34.0,1778,G178325_PS_12
34.0,1779,G178325_PS_11
34.0,1780,G178325_PS_12
34.0,1781,G178325_PS_12
34.0,1782,G178325_PS_11
34.0,1783,G178325_PS_13
34.0,1784,G178325_PS_11
34.0,1785,G178325_PS_11
34.0,1786,G178325_PS_11
34.0,1787,G178325_PS_11
34.0,1788,G178325_PS_12
34.0,1789,G178325_PS_12
34.0,1790,G178325_PS_12
34.0,1791,G178325_PS_11
34.0,1792,G178325_PS_12
34.0,1793,G178325_PS_11
34.0,1794,G178325_PS_11
34.0,1795,G178325_PS_11
34.0,1796,G178325_PS_12
34.0,1797,G178325_PS_11
34.0,1798,G178325_PS_11
34.0,1799,G178325_PS_12
34.0,1800,G178325_PS_11
34.0,1801,G178325_PS_11
34.0,1802,G178325_PS_11
34.0,1803,G178325_PS_12
34.0,1804,G178325_PS_11
34.0,1805,G178325_PS_11
34.0,1806,G178325_PS_11
34.0,1807,G178325_PS_11
34.0,1808,G178325_PS_12
34.0,1809,G178325_PS_13
34.0,1810,G178325_PS_11
34.0,1811,G178325_PS_11
34.0,1812,G178325_PS_12
34.0,1813,G178325_PS_12
34.0,1814,G178325_PS_11
34.0,1815,G178325_PS_11
34.0,1816,G178325_PS_10
34.0,1817,G178325_PS_13
34.0,1818,G178325_PS_13
34.0,1819,G178325_PS_12
34.0,1820,G178325_PS_11
34.0,1821,G178325_PS_12
34.0,1822,G178325_PS_12
34.0,1823,G178325_PS_12
34.0,1824,G178325_PS_13
34.0,1825,G178325_PS_11
34.0,1826,G178325_PS_12
34.0,1827,G178325_PS_11
34.0,1828,G178325_PS_13
34.0,1829,G178325_PS_11
34.0,1830,G178325_PS_12
34.0,1831,G178325_PS_10
34.0,1832,G178325_PS_12
34.0,1833,G178325_PS_11
34.0,1834,G178325_PS_11
34.0,1835,G178325_PS_13
34.0,1836,G178325_PS_10
34.0,1837,G178325_PS_10
34.0,1838,G178325_PS_11
34.0,1839,G178325_PS_11
34.0,1840,G178325_PS_12
34.0,1841,G178325_PS_09
34.0,1842,G178325_PS_11
34.0,1843,G178325_PS_11
34.0,1844,G178325_PS_11
34.0,1845,G178325_PS_12
34.0,1846,G178325_PS_11
34.0,1847,G178325_PS_10
34.0,1848,G178325_PS_10
34.0,1849,G178325_PS_11
34.0,1850,G178325_PS_11
34.0,1851,G178325_PS_12
34.0,1852,G178325_PS_11
34.0,1853,G178325_PS_12
34.0,1854,G178325_PS_11
34.0,1855,G178325_PS_12
34.0,1856,G178325_PS_12
34.0,1857,G178325_PS_11
34.0,1858,G178325_PS_13
34.0,1859,G178325_PS_11
34.0,1860,G178325_PS_11
34.0,1861,G178325_PS_10
34.0,1862,G178325_PS_12
34.0,1863,G178325_PS_10
34.0,1864,G178325_PS_12
34.0,1865,G178325_PS_11
34.0,1866,G178325_PS_12
34.0,1867,G178325_PS_11
34.0,1868,G178325_PS_12
34.0,1869,G178325_PS_12
34.0,1870,G178325_PS_09
34.0,1871,G178325_PS_13
34.0,1872,G178325_PS_11
34.0,1873,G178325_PS_12
34.0,1874,G178325_PS_12
34.0,1875,G178325_PS_13
34.0,1876,G178325_PS_11
34.0,1877,G178325_PS_12
34.0,1878,G178325_PS_12
34.0,1879,G178325_PS_12
34.0,1880,G178325_PS_12
34.0,1881,G178325_PS_12
34.0,1882,G178325_PS_12
34.0,1883,G178325_PS_12
34.0,1884,G178325_PS_11
34.0,1885,G178325_PS_11
34.0,1886,G178325_PS_11
34.0,1887,G178325_PS_11
34.0,1888,G178325_PS_13
34.0,1889,G178325_PS_11
34.0,1890,G178325_PS_13
34.0,1891,G178325_PS_12
34.0,1892,G178325_PS_12
34.0,1893,G178325_PS_13
34.0,1894,G178325_PS_11
34.0,1895,G178325_PS_11
34.0,1896,G178325_PS_11
34.0,1897,G178325_PS_11
34.0,1898,G178325_PS_11
34.0,1899,G178325_PS_11
34.0,1900,G178325_PS_12
34.0,1901,G178325_PS_11
34.0,1902,G178325_PS_11
34.0,1903,G178325_PS_11
34.0,1904,G178325_PS_12
34.0,1905,G178325_PS_11
34.0,1906,G178325_PS_11
34.0,1907,G178325_PS_11
34.0,1908,G178325_PS_11
34.0,1909,G178325_PS_13
34.0,1910,G178325_PS_12
34.0,1911,G178325_PS_11
34.0,1912,G178325_PS_11
34.0,1913,G178325_PS_11
34.0,1914,G178325_PS_10
34.0,1915,G178325_PS_11
34.0,1916,G178325_PS_11
34.0,1917,G178325_PS_11
34.0,1918,G178325_PS_11
34.0,1919,G178325_PS_12
34.0,1920,G178325_PS_11
34.0,1921,G178325_PS_11
34.0,1922,G178325_PS_11
34.0,1923,G178325_PS_11
34.0,1924,G178325_PS_11
34.0,1925,G178325_PS_11
34.0,1926,G178325_PS_13
34.0,1927,G178325_PS_12
34.0,1928,G178325_PS_12
34.0,1929,G178325_PS_11
34.0,1930,G178325_PS_11
34.0,1931,G178325_PS_11
34.0,1932,G178325_PS_11
34.0,1933,G178325_PS_11
34.0,1934,G178325_PS_11
34.0,1935,G178325_PS_12
34.0,1936,G178325_PS_12
34.0,1937,G178325_PS_11
34.0,1938,G178325_PS_12
34.0,1939,G178325_PS_14
34.0,1940,G178325_PS_11
34.0,1941,G178325_PS_11
34.0,1942,G178325_PS_11
34.0,1943,G178325_PS_11
34.0,1944,G178325_PS_13
34.0,1945,G178325_PS_11
34.0,1946,G178325_PS_12
34.0,1947,G178325_PS_11
34.0,1948,G178325_PS_11
34.0,1949,G178325_PS_11
34.0,1950,G178325_PS_13
34.0,1951,G178325_PS_12
34.0,1952,G178325_PS_14
34.0,1953,G178325_PS_11
34.0,1954,G178325_PS_12
34.0,1955,G178325_PS_12
34.0,1956,G178325_PS_11
34.0,1957,G178325_PS_12
34.0,1958,G178325_PS_10
34.0,1959,G178325_PS_12
34.0,1960,G178325_PS_12
34.0,1961,G178325_PS_11
34.0,1962,G178325_PS_13
34.0,1963,G178325_PS_12
34.0,1964,G178325_PS_11
34.0,1965,G178325_PS_11
34.0,1966,G178325_PS_12
34.0,1967,G178325_PS_12
34.0,1968,G178325_PS_12
34.0,1969,G178325_PS_12
34.0,1970,G178325_PS_11
34.0,1971,G178325_PS_11
34.0,1972,G178325_PS_12
34.0,1973,G178325_PS_11
34.0,1974,G178325_PS_11
34.0,1975,G178325_PS_11
34.0,1976,G178325_PS_12
34.0,1977,G178325_PS_11
34.0,1978,G178325_PS_11
34.0,1979,G178325_PS_12
34.0,1980,G178325_PS_12
34.0,1981,G178325_PS_11
34.0,1982,G178325_PS_12
34.0,1983,G178325_PS_11
34.0,1984,G178325_PS_11
34.0,1985,G178325_PS_12
34.0,1986,G178325_PS_11
34.0,1987,G178325_PS_12
34.0,1988,G178325_PS_12
34.0,1989,G178325_PS_11
34.0,1990,G178325_PS_10
34.0,1991,G178325_PS_11
34.0,1992,G178325_PS_12
34.0,1993,G178325_PS_11
34.0,1994,G178325_PS_12
34.0,1995,G178325_PS_11
34.0,1996,G178325_PS_12
34.0,1997,G178325_PS_13
34.0,1998,G178325_PS_13
34.0,1999,G178325_PS_12
36.0,0,G178325_PS_14
36.0,1,G178325_PS_14
36.0,2,G178325_PS_14
36.0,3,G178325_PS_14
36.0,4,G178325_PS_14
36.0,5,G178325_PS_14
36.0,6,G178325_PS_13
36.0,7,G178325_PS_13
36.0,8,G178325_PS_14
36.0,9,G178325_PS_14
36.0,10,G178325_PS_14
36.0,11,G178325_PS_13
36.0,12,G178325_PS_13
36.0,13,G178325_PS_14
36.0,14,G178325_PS_14
36.0,15,G178325_PS_14
36.0,16,G178325_PS_14
36.0,17,G178325_PS_14
36.0,18,G178325_PS_14
36.0,19,G178325_PS_13
36.0,20,G178325_PS_14
36.0,21,G178325_PS_14
36.0,22,G178325_PS_13
36.0,23,G178325_PS_14
36.0,24,G178325_PS_14
36.0,25,G178325_PS_14
36.0,26,G178325_PS_14
36.0,27,G178325_PS_14
36.0,28,G178325_PS_13
36.0,29,G178325_PS_13
36.0,30,G178325_PS_13
36.0,31,G178325_PS_14
36.0,32,G178325_PS_14
36.0,33,G178325_PS_14
36.0,34,G178325_PS_13
36.0,35,G178325_PS_13
36.0,36,G178325_PS_14
36.0,37,G178325_PS_14
36.0,38,G178325_PS_13
36.0,39,G178325_PS_13
36.0,40,G178325_PS_14
36.0,41,G178325_PS_14
36.0,42,G178325_PS_14
36.0,43,G178325_PS_14
36.0,44,G178325_PS_13
36.0,45,G178325_PS_14
36.0,46,G178325_PS_13
36.0,47,G178325_PS_14
36.0,48,G178325_PS_13
36.0,49,G178325_PS_14
36.0,50,G178325_PS_14
36.0,51,G178325_PS_13
36.0,52,G178325_PS_14
36.0,53,G178325_PS_13
36.0,54,G178325_PS_13
36.0,55,G178325_PS_14
36.0,56,G178325_PS_14
36.0,57,G178325_PS_14
36.0,58,G178325_PS_13
36.0,59,G178325_PS_14
36.0,60,G178325_PS_14
36.0,61,G178325_PS_14
36.0,62,G178325_PS_14
36.0,63,G178325_PS_14
36.0,64,G178325_PS_13
36.0,65,G178325_PS_14
36.0,66,G178325_PS_14
36.0,67,G178325_PS_14
36.0,68,G178325_PS_13
36.0,69,G178325_PS_14
36.0,70,G178325_PS_14
36.0,71,G178325_PS_14
36.0,72,G178325_PS_14
36.0,73,G178325_PS_13
36.0,74,G178325_PS_14
36.0,75,G178325_PS_13
36.0,76,G178325_PS_13
36.0,77,G178325_PS_14
36.0,78,G178325_PS_13
36.0,79,G178325_PS_13
36.0,80,G178325_PS_14
36.0,81,G178325_PS_14
36.0,82,G178325_PS_13
36.0,83,G178325_PS_14
36.0,84,G178325_PS_14
36.0,85,G178325_PS_14
36.0,86,G178325_PS_14
36.0,87,G178325_PS_14
36.0,88,G178325_PS_13
36.0,89,G178325_PS_14
36.0,90,G178325_PS_13
36.0,91,G178325_PS_14
36.0,92,G178325_PS_14
36.0,93,G178325_PS_14
36.0,94,G178325_PS_14
36.0,95,G178325_PS_13
36.0,96,G178325_PS_13
36.0,97,G178325_PS_13
36.0,98,G178325_PS_14
36.0,99,G178325_PS_14
36.0,100,G178325_PS_14
36.0,101,G178325_PS_13
36.0,102,G178325_PS_14
36.0,103,G178325_PS_14
36.0,104,G178325_PS_14
36.0,105,G178325_PS_13
36.0,106,G178325_PS_14
36.0,107,G178325_PS_13
36.0,108,G178325_PS_13
36.0,109,G178325_PS_14
36.0,110,G178325_PS_13
36.0,111,G178325_PS_14
36.0,112,G178325_PS_13
36.0,113,G178325_PS_14
36.0,114,G178325_PS_14
36.0,115,G178325_PS_14
36.0,116,G178325_PS_14
36.0,117,G178325_PS_14
36.0,118,G178325_PS_13
36.0,119,G178325_PS_14
36.0,120,G178325_PS_13
36.0,121,G178325_PS_13
36.0,122,G178325_PS_14
36.0,123,G178325_PS_14
36.0,124,G178325_PS_13
36.0,125,G178325_PS_14
36.0,126,G178325_PS_14
36.0,127,G178325_PS_13
36.0,128,G178325_PS_10
36.0,129,G178325_PS_14
36.0,130,G178325_PS_14
36.0,131,G178325_PS_14
36.0,132,G178325_PS_14
36.0,133,G178325_PS_13
36.0,134,G178325_PS_14
36.0,135,G178325_PS_13
36.0,136,G178325_PS_14
36.0,137,G178325_PS_13
36.0,138,G178325_PS_14
36.0,139,G178325_PS_13
36.0,140,G178325_PS_14
36.0,141,G178325_PS_14
36.0,142,G178325_PS_14
36.0,143,G178325_PS_14
36.0,144,G178325_PS_14
36.0,145,G178325_PS_14
36.0,146,G178325_PS_13
36.0,147,G178325_PS_14
36.0,148,G178325_PS_14
36.0,149,G178325_PS_13
36.0,150,G178325_PS_13
36.0,151,G178325_PS_14
36.0,152,G178325_PS_14
36.0,153,G178325_PS_14
36.0,154,G178325_PS_14
36.0,155,G178325_PS_14
36.0,156,G178325_PS_13
36.0,157,G178325_PS_14
36.0,158,G178325_PS_13
36.0,159,G178325_PS_14
36.0,160,G178325_PS_14
36.0,161,G178325_PS_14
36.0,162,G178325_PS_13
36.0,163,G178325_PS_14
36.0,164,G178325_PS_14
36.0,165,G178325_PS_14
36.0,166,G178325_PS_14
36.0,167,G178325_PS_10
36.0,168,G178325_PS_13
36.0,169,G178325_PS_13
36.0,170,G178325_PS_13
36.0,171,G178325_PS_14
36.0,172,G178325_PS_14
36.0,173,G178325_PS_14
36.0,174,G178325_PS_13
36.0,175,G178325_PS_14
36.0,176,G178325_PS_13
36.0,177,G178325_PS_14
36.0,178,G178325_PS_13
36.0,179,G178325_PS_14
36.0,180,G178325_PS_14
36.0,181,G178325_PS_14
36.0,182,G178325_PS_13
36.0,183,G178325_PS_14
36.0,184,G178325_PS_14
36.0,185,G178325_PS_14
36.0,186,G178325_PS_14
36.0,187,G178325_PS_14
36.0,188,G178325_PS_14
36.0,189,G178325_PS_13
36.0,190,G178325_PS_13
36.0,191,G178325_PS_14
36.0,192,G178325_PS_13
36.0,193,G178325_PS_14
36.0,194,G178325_PS_14
36.0,195,G178325_PS_14
36.0,196,G178325_PS_14
36.0,197,G178325_PS_14
36.0,198,G178325_PS_14
36.0,199,G178325_PS_14
36.0,200,G178325_PS_14
36.0,201,G178325_PS_14
36.0,202,G178325_PS_13
36.0,203,G178325_PS_14
36.0,204,G178325_PS_13
36.0,205,G178325_PS_14
36.0,206,G178325_PS_13
36.0,207,G178325_PS_14
36.0,208,G178325_PS_13
36.0,209,G178325_PS_14
36.0,210,G178325_PS_13
36.0,211,G178325_PS_14
36.0,212,G178325_PS_14
36.0,213,G178325_PS_13
36.0,214,G178325_PS_14
36.0,215,G178325_PS_13
36.0,216,G178325_PS_14
36.0,217,G178325_PS_14
36.0,218,G178325_PS_14
36.0,219,G178325_PS_13
36.0,220,G178325_PS_14
36.0,221,G178325_PS_13
36.0,222,G178325_PS_14
36.0,223,G178325_PS_14
36.0,224,G178325_PS_13
36.0,225,G178325_PS_14
36.0,226,G178325_PS_14
36.0,227,G178325_PS_14
36.0,228,G178325_PS_14
36.0,229,G178325_PS_14
36.0,230,G178325_PS_14
36.0,231,G178325_PS_13
36.0,232,G178325_PS_14
36.0,233,G178325_PS_14
36.0,234,G178325_PS_14
36.0,235,G178325_PS_14
36.0,236,G178325_PS_14
36.0,237,G178325_PS_13
36.0,238,G178325_PS_14
36.0,239,G178325_PS_09
36.0,240,G178325_PS_13
36.0,241,G178325_PS_14
36.0,242,G178325_PS_14
36.0,243,G178325_PS_14
36.0,244,G178325_PS_14
36.0,245,G178325_PS_14
36.0,246,G178325_PS_14
36.0,247,G178325_PS_14
36.0,248,G178325_PS_14
36.0,249,G178325_PS_13
36.0,250,G178325_PS_14
36.0,251,G178325_PS_14
36.0,252,G178325_PS_13
36.0,253,G178325_PS_14
36.0,254,G178325_PS_14
36.0,255,G178325_PS_14
36.0,256,G178325_PS_14
36.0,257,G178325_PS_14
36.0,258,G178325_PS_14
36.0,259,G178325_PS_13
36.0,260,G178325_PS_14
36.0,261,G178325_PS_13
36.0,262,G178325_PS_14
36.0,263,G178325_PS_13
36.0,264,G178325_PS_13
36.0,265,G178325_PS_13
36.0,266,G178325_PS_14
36.0,267,G178325_PS_14
36.0,268,G178325_PS_14
36.0,269,G178325_PS_14
36.0,270,G178325_PS_14
36.0,271,G178325_PS_13
36.0,272,G178325_PS_14
36.0,273,G178325_PS_13
36.0,274,G178325_PS_14
36.0,275,G178325_PS_13
36.0,276,G178325_PS_14
36.0,277,G178325_PS_14
36.0,278,G178325_PS_14
36.0,279,G178325_PS_13
36.0,280,G178325_PS_14
36.0,281,G178325_PS_13
36.0,282,G178325_PS_14
36.0,283,G178325_PS_13
36.0,284,G178325_PS_13
36.0,285,G178325_PS_14
36.0,286,G178325_PS_13
36.0,287,G178325_PS_14
36.0,288,G178325_PS_14
36.0,289,G178325_PS_14
36.0,290,G178325_PS_14
36.0,291,G178325_PS_13
36.0,292,G178325_PS_14
36.0,293,G178325_PS_13
36.0,294,G178325_PS_13
36.0,295,G178325_PS_14
36.0,296,G178325_PS_14
36.0,297,G178325_PS_13
36.0,298,G178325_PS_14
36.0,299,G178325_PS_14
36.0,300,G178325_PS_13
36.0,301,G178325_PS_14
36.0,302,G178325_PS_14
36.0,303,G178325_PS_14
36.0,304,G178325_PS_13
36.0,305,G178325_PS_13
36.0,306,G178325_PS_14
36.0,307,G178325_PS_14
36.0,308,G178325_PS_14
36.0,309,G178325_PS_13
36.0,310,G178325_PS_14
36.0,311,G178325_PS_14
36.0,312,G178325_PS_13
36.0,313,G178325_PS_14
36.0,314,G178325_PS_13
36.0,315,G178325_PS_14
36.0,316,G178325_PS_13
36.0,317,G178325_PS_13
36.0,318,G178325_PS_13
36.0,319,G178325_PS_14
36.0,320,G178325_PS_14
36.0,321,G178325_PS_13
36.0,322,G178325_PS_14
36.0,323,G178325_PS_14
36.0,324,G178325_PS_13
36.0,325,G178325_PS_13
36.0,326,G178325_PS_14
36.0,327,G178325_PS_14
36.0,328,G178325_PS_14
36.0,329,G178325_PS_14
36.0,330,G178325_PS_14
36.0,331,G178325_PS_14
36.0,332,G178325_PS_14
36.0,333,G178325_PS_14
36.0,334,G178325_PS_14
36.0,335,G178325_PS_13
36.0,336,G178325_PS_14
36.0,337,G178325_PS_14
36.0,338,G178325_PS_14
36.0,339,G178325_PS_14
36.0,340,G178325_PS_13
36.0,341,G178325_PS_14
36.0,342,G178325_PS_14
36.0,343,G178325_PS_14
36.0,344,G178325_PS_13
36.0,345,G178325_PS_14
36.0,346,G178325_PS_14
36.0,347,G178325_PS_14
36.0,348,G178325_PS_14
36.0,349,G178325_PS_14
36.0,350,G178325_PS_14
36.0,351,G178325_PS_13
36.0,352,G178325_PS_14
36.0,353,G178325_PS_14
36.0,354,G178325_PS_13
36.0,355,G178325_PS_13
36.0,356,G178325_PS_13
36.0,357,G178325_PS_14
36.0,358,G178325_PS_14
36.0,359,G178325_PS_13
36.0,360,G178325_PS_14
36.0,361,G178325_PS_13
36.0,362,G178325_PS_14
36.0,363,G178325_PS_13
36.0,364,G178325_PS_14
36.0,365,G178325_PS_14
36.0,366,G178325_PS_14
36.0,367,G178325_PS_14
36.0,368,G178325_PS_13
36.0,369,G178325_PS_14
36.0,370,G178325_PS_14
36.0,371,G178325_PS_14
36.0,372,G178325_PS_14
36.0,373,G178325_PS_14
36.0,374,G178325_PS_14
36.0,375,G178325_PS_14
36.0,376,G178325_PS_14
36.0,377,G178325_PS_13
36.0,378,G178325_PS_14
36.0,379,G178325_PS_14
36.0,380,G178325_PS_13
36.0,381,G178325_PS_13
36.0,382,G178325_PS_14
36.0,383,G178325_PS_14
36.0,384,G178325_PS_13
36.0,385,G178325_PS_13
36.0,386,G178325_PS_14
36.0,387,G178325_PS_14
36.0,388,G178325_PS_14
36.0,389,G178325_PS_14
36.0,390,G178325_PS_14
36.0,391,G178325_PS_14
36.0,392,G178325_PS_13
36.0,393,G178325_PS_14
36.0,394,G178325_PS_13
36.0,395,G178325_PS_14
36.0,396,G178325_PS_13
36.0,397,G178325_PS_14
36.0,398,G178325_PS_14
36.0,399,G178325_PS_14
36.0,400,G178325_PS_14
36.0,401,G178325_PS_14
36.0,402,G178325_PS_14
36.0,403,G178325_PS_13
36.0,404,G178325_PS_14
36.0,405,G178325_PS_14
36.0,406,G178325_PS_10
36.0,407,G178325_PS_14
36.0,408,G178325_PS_14
36.0,409,G178325_PS_14
36.0,410,G178325_PS_14
36.0,411,G178325_PS_14
36.0,412,G178325_PS_14
36.0,413,G178325_PS_14
36.0,414,G178325_PS_14
36.0,415,G178325_PS_14
36.0,416,G178325_PS_13
36.0,417,G178325_PS_14
36.0,418,G178325_PS_13
36.0,419,G178325_PS_13
36.0,420,G178325_PS_14
36.0,421,G178325_PS_14
36.0,422,G178325_PS_14
36.0,423,G178325_PS_14
36.0,424,G178325_PS_13
36.0,425,G178325_PS_10
36.0,426,G178325_PS_14
36.0,427,G178325_PS_14
36.0,428,G178325_PS_13
36.0,429,G178325_PS_14
36.0,430,G178325_PS_14
36.0,431,G178325_PS_14
36.0,432,G178325_PS_09
36.0,433,G178325_PS_14
36.0,434,G178325_PS_13
36.0,435,G178325_PS_14
36.0,436,G178325_PS_14
36.0,437,G178325_PS_14
36.0,438,G178325_PS_14
36.0,439,G178325_PS_14
36.0,440,G178325_PS_14
36.0,441,G178325_PS_14
36.0,442,G178325_PS_14
36.0,443,G178325_PS_14
36.0,444,G178325_PS_14
36.0,445,G178325_PS_14
36.0,446,G178325_PS_13
36.0,447,G178325_PS_14
36.0,448,G178325_PS_14
36.0,449,G178325_PS_14
36.0,450,G178325_PS_14
36.0,451,G178325_PS_14
36.0,452,G178325_PS_10
36.0,453,G178325_PS_14
36.0,454,G178325_PS_14
36.0,455,G178325_PS_13
36.0,456,G178325_PS_14
36.0,457,G178325_PS_13
36.0,458,G178325_PS_14
36.0,459,G178325_PS_14
36.0,460,G178325_PS_14
36.0,461,G178325_PS_13
36.0,462,G178325_PS_14
36.0,463,G178325_PS_14
36.0,464,G178325_PS_14
36.0,465,G178325_PS_14
36.0,466,G178325_PS_13
36.0,467,G178325_PS_14
36.0,468,G178325_PS_14
36.0,469,G178325_PS_13
36.0,470,G178325_PS_14
36.0,471,G178325_PS_14
36.0,472,G178325_PS_13
36.0,473,G178325_PS_14
36.0,474,G178325_PS_13
36.0,475,G178325_PS_13
36.0,476,G178325_PS_14
36.0,477,G178325_PS_14
36.0,478,G178325_PS_13
36.0,479,G178325_PS_13
36.0,480,G178325_PS_14
36.0,481,G178325_PS_14
36.0,482,G178325_PS_13
36.0,483,G178325_PS_14
36.0,484,G178325_PS_14
36.0,485,G178325_PS_14
36.0,486,G178325_PS_14
36.0,487,G178325_PS_14
36.0,488,G178325_PS_14
36.0,489,G178325_PS_14
36.0,490,G178325_PS_13
36.0,491,G178325_PS_14
36.0,492,G178325_PS_14
36.0,493,G178325_PS_14
36.0,494,G178325_PS_13
36.0,495,G178325_PS_14
36.0,496,G178325_PS_14
36.0,497,G178325_PS_14
36.0,498,G178325_PS_14
36.0,499,G178325_PS_13
36.0,500,G178325_PS_14
36.0,501,G178325_PS_14
36.0,502,G178325_PS_13
36.0,503,G178325_PS_13
36.0,504,G178325_PS_13
36.0,505,G178325_PS_14
36.0,506,G178325_PS_13
36.0,507,G178325_PS_13
36.0,508,G178325_PS_14
36.0,509,G178325_PS_13
36.0,510,G178325_PS_14
36.0,511,G178325_PS_14
36.0,512,G178325_PS_13
36.0,513,G178325_PS_14
36.0,514,G178325_PS_14
36.0,515,G178325_PS_14
36.0,516,G178325_PS_13
36.0,517,G178325_PS_14
36.0,518,G178325_PS_14
36.0,519,G178325_PS_14
36.0,520,G178325_PS_14
36.0,521,G178325_PS_14
36.0,522,G178325_PS_14
36.0,523,G178325_PS_13
36.0,524,G178325_PS_13
36.0,525,G178325_PS_13
36.0,526,G178325_PS_14
36.0,527,G178325_PS_14
36.0,528,G178325_PS_13
36.0,529,G178325_PS_14
36.0,530,G178325_PS_14
36.0,531,G178325_PS_14
36.0,532,G178325_PS_14
36.0,533,G178325_PS_14
36.0,534,G178325_PS_14
36.0,535,G178325_PS_14
36.0,536,G178325_PS_13
36.0,537,G178325_PS_13
36.0,538,G178325_PS_14
36.0,539,G178325_PS_14
36.0,540,G178325_PS_13
36.0,541,G178325_PS_14
36.0,542,G178325_PS_13
36.0,543,G178325_PS_14
36.0,544,G178325_PS_13
36.0,545,G178325_PS_14
36.0,546,G178325_PS_14
36.0,547,G178325_PS_13
36.0,548,G178325_PS_14
36.0,549,G178325_PS_14
36.0,550,G178325_PS_14
36.0,551,G178325_PS_14
36.0,552,G178325_PS_14
36.0,553,G178325_PS_14
36.0,554,G178325_PS_14
36.0,555,G178325_PS_14
36.0,556,G178325_PS_13
36.0,557,G178325_PS_14
36.0,558,G178325_PS_14
36.0,559,G178325_PS_13
36.0,560,G178325_PS_14
36.0,561,G178325_PS_13
36.0,562,G178325_PS_14
36.0,563,G178325_PS_14
36.0,564,G178325_PS_14
36.0,565,G178325_PS_13
36.0,566,G178325_PS_13
36.0,567,G178325_PS_14
36.0,568,G178325_PS_14
36.0,569,G178325_PS_13
36.0,570,G178325_PS_14
36.0,571,G178325_PS_14
36.0,572,G178325_PS_13
36.0,573,G178325_PS_14
36.0,574,G178325_PS_13
36.0,575,G178325_PS_14
36.0,576,G178325_PS_14
36.0,577,G178325_PS_14
36.0,578,G178325_PS_14
36.0,579,G178325_PS_14
36.0,580,G178325_PS_13
36.0,581,G178325_PS_14
36.0,582,G178325_PS_13
36.0,583,G178325_PS_14
36.0,584,G178325_PS_13
36.0,585,G178325_PS_14
36.0,586,G178325_PS_14
36.0,587,G178325_PS_14
36.0,588,G178325_PS_14
36.0,589,G178325_PS_14
36.0,590,G178325_PS_14
36.0,591,G178325_PS_14
36.0,592,G178325_PS_13
36.0,593,G178325_PS_14
36.0,594,G178325_PS_14
36.0,595,G178325_PS_14
36.0,596,G178325_PS_13
36.0,597,G178325_PS_14
36.0,598,G178325_PS_13
36.0,599,G178325_PS_14
36.0,600,G178325_PS_14
36.0,601,G178325_PS_14
36.0,602,G178325_PS_14
36.0,603,G178325_PS_13
36.0,604,G178325_PS_13
36.0,605,G178325_PS_13
36.0,606,G178325_PS_13
36.0,607,G178325_PS_14
36.0,608,G178325_PS_14
36.0,609,G178325_PS_13
36.0,610,G178325_PS_14
36.0,611,G178325_PS_13
36.0,612,G178325_PS_14
36.0,613,G178325_PS_13
36.0,614,G178325_PS_14
36.0,615,G178325_PS_14
36.0,616,G178325_PS_10
36.0,617,G178325_PS_14
36.0,618,G178325_PS_14
36.0,619,G178325_PS_14
36.0,620,G178325_PS_13
36.0,621,G178325_PS_13
36.0,622,G178325_PS_14
36.0,623,G178325_PS_14
36.0,624,G178325_PS_14
36.0,625,G178325_PS_14
36.0,626,G178325_PS_14
36.0,627,G178325_PS_14
36.0,628,G178325_PS_13
36.0,629,G178325_PS_13
36.0,630,G178325_PS_14
36.0,631,G178325_PS_14
36.0,632,G178325_PS_14
36.0,633,G178325_PS_13
36.0,634,G178325_PS_14
36.0,635,G178325_PS_14
36.0,636,G178325_PS_13
36.0,637,G178325_PS_13
36.0,638,G178325_PS_14
36.0,639,G178325_PS_13
36.0,640,G178325_PS_14
36.0,641,G178325_PS_14
36.0,642,G178325_PS_13
36.0,643,G178325_PS_14
36.0,644,G178325_PS_13
36.0,645,G178325_PS_13
36.0,646,G178325_PS_13
36.0,647,G178325_PS_14
36.0,648,G178325_PS_14
36.0,649,G178325_PS_14
36.0,650,G178325_PS_13
36.0,651,G178325_PS_14
36.0,652,G178325_PS_14
36.0,653,G178325_PS_13
36.0,654,G178325_PS_14
36.0,655,G178325_PS_14
36.0,656,G178325_PS_13
36.0,657,G178325_PS_14
36.0,658,G178325_PS_14
36.0,659,G178325_PS_14
36.0,660,G178325_PS_13
36.0,661,G178325_PS_14
36.0,662,G178325_PS_13
36.0,663,G178325_PS_13
36.0,664,G178325_PS_14
36.0,665,G178325_PS_13
36.0,666,G178325_PS_13
36.0,667,G178325_PS_13
36.0,668,G178325_PS_13
36.0,669,G178325_PS_14
36.0,670,G178325_PS_13
36.0,671,G178325_PS_13
36.0,672,G178325_PS_14
36.0,673,G178325_PS_14
36.0,674,G178325_PS_14
36.0,675,G178325_PS_14
36.0,676,G178325_PS_14
36.0,677,G178325_PS_13
36.0,678,G178325_PS_14
36.0,679,G178325_PS_14
36.0,680,G178325_PS_14
36.0,681,G178325_PS_14
36.0,682,G178325_PS_14
36.0,683,G178325_PS_14
36.0,684,G178325_PS_14
36.0,685,G178325_PS_14
36.0,686,G178325_PS_14
36.0,687,G178325_PS_14
36.0,688,G178325_PS_13
36.0,689,G178325_PS_14
36.0,690,G178325_PS_14
36.0,691,G178325_PS_14
36.0,692,G178325_PS_14
36.0,693,G178325_PS_13
36.0,694,G178325_PS_14
36.0,695,G178325_PS_14
36.0,696,G178325_PS_14
36.0,697,G178325_PS_14
36.0,698,G178325_PS_14
36.0,699,G178325_PS_14
36.0,700,G178325_PS_14
36.0,701,G178325_PS_13
36.0,702,G178325_PS_14
36.0,703,G178325_PS_14
36.0,704,G178325_PS_13
36.0,705,G178325_PS_14
36.0,706,G178325_PS_14
36.0,707,G178325_PS_13
36.0,708,G178325_PS_14
36.0,709,G178325_PS_14
36.0,710,G178325_PS_13
36.0,711,G178325_PS_14
36.0,712,G178325_PS_13
36.0,713,G178325_PS_14
36.0,714,G178325_PS_13
36.0,715,G178325_PS_14
36.0,716,G178325_PS_14
36.0,717,G178325_PS_13
36.0,718,G178325_PS_14
36.0,719,G178325_PS_14
36.0,720,G178325_PS_14
36.0,721,G178325_PS_14
36.0,722,G178325_PS_10
36.0,723,G178325_PS_14
36.0,724,G178325_PS_14
36.0,725,G178325_PS_14
36.0,726,G178325_PS_14
36.0,727,G178325_PS_14
36.0,728,G178325_PS_14
36.0,729,G178325_PS_14
36.0,730,G178325_PS_14
36.0,731,G178325_PS_14
36.0,732,G178325_PS_14
36.0,733,G178325_PS_13
36.0,734,G178325_PS_14
36.0,735,G178325_PS_14
36.0,736,G178325_PS_14
36.0,737,G178325_PS_14
36.0,738,G178325_PS_14
36.0,739,G178325_PS_14
36.0,740,G178325_PS_14
36.0,741,G178325_PS_13
36.0,742,G178325_PS_14
36.0,743,G178325_PS_14
36.0,744,G178325_PS_14
36.0,745,G178325_PS_14
36.0,746,G178325_PS_14
36.0,747,G178325_PS_13
36.0,748,G178325_PS_14
36.0,749,G178325_PS_13
36.0,750,G178325_PS_13
36.0,751,G178325_PS_13
36.0,752,G178325_PS_14
36.0,753,G178325_PS_13
36.0,754,G178325_PS_13
36.0,755,G178325_PS_14
36.0,756,G178325_PS_14
36.0,757,G178325_PS_14
36.0,758,G178325_PS_13
36.0,759,G178325_PS_13
36.0,760,G178325_PS_14
36.0,761,G178325_PS_14
36.0,762,G178325_PS_13
36.0,763,G178325_PS_14
36.0,764,G178325_PS_14
36.0,765,G178325_PS_14
36.0,766,G178325_PS_14
36.0,767,G178325_PS_14
36.0,768,G178325_PS_14
36.0,769,G178325_PS_13
36.0,770,G178325_PS_14
36.0,771,G178325_PS_09
36.0,772,G178325_PS_14
36.0,773,G178325_PS_14
36.0,774,G178325_PS_14
36.0,775,G178325_PS_10
36.0,776,G178325_PS_13
36.0,777,G178325_PS_14
36.0,778,G178325_PS_14
36.0,779,G178325_PS_14
36.0,780,G178325_PS_14
36.0,781,G178325_PS_14
36.0,782,G178325_PS_13
36.0,783,G178325_PS_14
36.0,784,G178325_PS_14
36.0,785,G178325_PS_14
36.0,786,G178325_PS_10
36.0,787,G178325_PS_13
36.0,788,G178325_PS_13
36.0,789,G178325_PS_14
36.0,790,G178325_PS_14
36.0,791,G178325_PS_14
36.0,792,G178325_PS_13
36.0,793,G178325_PS_14
36.0,794,G178325_PS_14
36.0,795,G178325_PS_14
36.0,796,G178325_PS_14
36.0,797,G178325_PS_09
36.0,798,G178325_PS_14
36.0,799,G178325_PS_14
36.0,800,G178325_PS_13
36.0,801,G178325_PS_13
36.0,802,G178325_PS_14
36.0,803,G178325_PS_14
36.0,804,G178325_PS_14
36.0,805,G178325_PS_13
36.0,806,G178325_PS_14
36.0,807,G178325_PS_14
36.0,808,G178325_PS_14
36.0,809,G178325_PS_13
36.0,810,G178325_PS_14
36.0,811,G178325_PS_14
36.0,812,G178325_PS_14
36.0,813,G178325_PS_14
36.0,814,G178325_PS_14
36.0,815,G178325_PS_13
36.0,816,G178325_PS_13
36.0,817,G178325_PS_14
36.0,818,G178325_PS_13
36.0,819,G178325_PS_14
36.0,820,G178325_PS_14
36.0,821,G178325_PS_14
36.0,822,G178325_PS_14
36.0,823,G178325_PS_14
36.0,824,G178325_PS_13
36.0,825,G178325_PS_14
36.0,826,G178325_PS_14
36.0,827,G178325_PS_14
36.0,828,G178325_PS_14
36.0,829,G178325_PS_13
36.0,830,G178325_PS_13
36.0,831,G178325_PS_13
36.0,832,G178325_PS_13
36.0,833,G178325_PS_14
36.0,834,G178325_PS_14
36.0,835,G178325_PS_13
36.0,836,G178325_PS_13
36.0,837,G178325_PS_14
36.0,838,G178325_PS_14
36.0,839,G178325_PS_14
36.0,840,G178325_PS_14
36.0,841,G178325_PS_13
36.0,842,G178325_PS_14
36.0,843,G178325_PS_13
36.0,844,G178325_PS_14
36.0,845,G178325_PS_14
36.0,846,G178325_PS_13
36.0,847,G178325_PS_13
36.0,848,G178325_PS_14
36.0,849,G178325_PS_13
36.0,850,G178325_PS_14
36.0,851,G178325_PS_14
36.0,852,G178325_PS_14
36.0,853,G178325_PS_13
36.0,854,G178325_PS_13
36.0,855,G178325_PS_14
36.0,856,G178325_PS_13
36.0,857,G178325_PS_14
36.0,858,G178325_PS_13
36.0,859,G178325_PS_14
36.0,860,G178325_PS_14
36.0,861,G178325_PS_14
36.0,862,G178325_PS_14
36.0,863,G178325_PS_10
36.0,864,G178325_PS_14
36.0,865,G178325_PS_14
36.0,866,G178325_PS_14
36.0,867,G178325_PS_13
36.0,868,G178325_PS_14
36.0,869,G178325_PS_14
36.0,870,G178325_PS_14
36.0,871,G178325_PS_13
36.0,872,G178325_PS_13
36.0,873,G178325_PS_13
36.0,874,G178325_PS_13
36.0,875,G178325_PS_13
36.0,876,G178325_PS_13
36.0,877,G178325_PS_14
36.0,878,G178325_PS_14
36.0,879,G178325_PS_14
36.0,880,G178325_PS_13
36.0,881,G178325_PS_14
36.0,882,G178325_PS_14
36.0,883,G178325_PS_14
36.0,884,G178325_PS_14
36.0,885,G178325_PS_13
36.0,886,G178325_PS_14
36.0,887,G178325_PS_13
36.0,888,G178325_PS_14
36.0,889,G178325_PS_13
36.0,890,G178325_PS_13
36.0,891,G178325_PS_14
36.0,892,G178325_PS_13
36.0,893,G178325_PS_14
36.0,894,G178325_PS_13
36.0,895,G178325_PS_14
36.0,896,G178325_PS_14
36.0,897,G178325_PS_13
36.0,898,G178325_PS_14
36.0,899,G178325_PS_14
36.0,900,G178325_PS_14
36.0,901,G178325_PS_14
36.0,902,G178325_PS_14
36.0,903,G178325_PS_13
36.0,904,G178325_PS_14
36.0,905,G178325_PS_14
36.0,906,G178325_PS_14
36.0,907,G178325_PS_13
36.0,908,G178325_PS_14
36.0,909,G178325_PS_13
36.0,910,G178325_PS_14
36.0,911,G178325_PS_14
36.0,912,G178325_PS_14
36.0,913,G178325_PS_14
36.0,914,G178325_PS_14
36.0,915,G178325_PS_14
36.0,916,G178325_PS_13
36.0,917,G178325_PS_14
36.0,918,G178325_PS_14
36.0,919,G178325_PS_14
36.0,920,G178325_PS_14
36.0,921,G178325_PS_14
36.0,922,G178325_PS_14
36.0,923,G178325_PS_14
36.0,924,G178325_PS_13
36.0,925,G178325_PS_13
36.0,926,G178325_PS_14
36.0,927,G178325_PS_13
36.0,928,G178325_PS_14
36.0,929,G178325_PS_14
36.0,930,G178325_PS_14
36.0,931,G178325_PS_14
36.0,932,G178325_PS_14
36.0,933,G178325_PS_14
36.0,934,G178325_PS_14
36.0,935,G178325_PS_14
36.0,936,G178325_PS_14
36.0,937,G178325_PS_14
36.0,938,G178325_PS_14
36.0,939,G178325_PS_14
36.0,940,G178325_PS_13
36.0,941,G178325_PS_13
36.0,942,G178325_PS_14
36.0,943,G178325_PS_13
36.0,944,G178325_PS_14
36.0,945,G178325_PS_14
36.0,946,G178325_PS_14
36.0,947,G178325_PS_14
36.0,948,G178325_PS_13
36.0,949,G178325_PS_13
36.0,950,G178325_PS_14
36.0,951,G178325_PS_14
36.0,952,G178325_PS_14
36.0,953,G178325_PS_13
36.0,954,G178325_PS_14
36.0,955,G178325_PS_14
36.0,956,G178325_PS_13
36.0,957,G178325_PS_14
36.0,958,G178325_PS_14
36.0,959,G178325_PS_14
36.0,960,G178325_PS_13
36.0,961,G178325_PS_14
36.0,962,G178325_PS_14
36.0,963,G178325_PS_14
36.0,964,G178325_PS_14
36.0,965,G178325_PS_14
36.0,966,G178325_PS_14
36.0,967,G178325_PS_13
36.0,968,G178325_PS_13
36.0,969,G178325_PS_14
36.0,970,G178325_PS_14
36.0,971,G178325_PS_14
36.0,972,G178325_PS_14
36.0,973,G178325_PS_14
36.0,974,G178325_PS_13
36.0,975,G178325_PS_13
36.0,976,G178325_PS_13
36.0,977,G178325_PS_14
36.0,978,G178325_PS_13
36.0,979,G178325_PS_14
36.0,980,G178325_PS_14
36.0,981,G178325_PS_14
36.0,982,G178325_PS_14
36.0,983,G178325_PS_14
36.0,984,G178325_PS_14
36.0,985,G178325_PS_14
36.0,986,G178325_PS_14
36.0,987,G178325_PS_14
36.0,988,G178325_PS_14
36.0,989,G178325_PS_14
36.0,990,G178325_PS_14
36.0,991,G178325_PS_13
36.0,992,G178325_PS_13
36.0,993,G178325_PS_13
36.0,994,G178325_PS_14
36.0,995,G178325_PS_14
36.0,996,G178325_PS_14
36.0,997,G178325_PS_14
36.0,998,G178325_PS_13
36.0,999,G178325_PS_14
36.0,1000,G178325_PS_14
36.0,1001,G178325_PS_14
36.0,1002,G178325_PS_14
36.0,1003,G178325_PS_14
36.0,1004,G178325_PS_14
36.0,1005,G178325_PS_13
36.0,1006,G178325_PS_14
36.0,1007,G178325_PS_14
36.0,1008,G178325_PS_14
36.0,1009,G178325_PS_14
36.0,1010,G178325_PS_13
36.0,1011,G178325_PS_13
36.0,1012,G178325_PS_14
36.0,1013,G178325_PS_14
36.0,1014,G178325_PS_13
36.0,1015,G178325_PS_14
36.0,1016,G178325_PS_14
36.0,1017,G178325_PS_13
36.0,1018,G178325_PS_13
36.0,1019,G178325_PS_13
36.0,1020,G178325_PS_14
36.0,1021,G178325_PS_13
36.0,1022,G178325_PS_14
36.0,1023,G178325_PS_14
36.0,1024,G178325_PS_14
36.0,1025,G178325_PS_13
36.0,1026,G178325_PS_14
36.0,1027,G178325_PS_14
36.0,1028,G178325_PS_13
36.0,1029,G178325_PS_14
36.0,1030,G178325_PS_14
36.0,1031,G178325_PS_14
36.0,1032,G178325_PS_14
36.0,1033,G178325_PS_14
36.0,1034,G178325_PS_14
36.0,1035,G178325_PS_14
36.0,1036,G178325_PS_13
36.0,1037,G178325_PS_13
36.0,1038,G178325_PS_14
36.0,1039,G178325_PS_14
36.0,1040,G178325_PS_13
36.0,1041,G178325_PS_14
36.0,1042,G178325_PS_14
36.0,1043,G178325_PS_14
36.0,1044,G178325_PS_14
36.0,1045,G178325_PS_14
36.0,1046,G178325_PS_13
36.0,1047,G178325_PS_14
36.0,1048,G178325_PS_14
36.0,1049,G178325_PS_14
36.0,1050,G178325_PS_14
36.0,1051,G178325_PS_14
36.0,1052,G178325_PS_14
36.0,1053,G178325_PS_13
36.0,1054,G178325_PS_14
36.0,1055,G178325_PS_14
36.0,1056,G178325_PS_14
36.0,1057,G178325_PS_14
36.0,1058,G178325_PS_13
36.0,1059,G178325_PS_14
36.0,1060,G178325_PS_14
36.0,1061,G178325_PS_10
36.0,1062,G178325_PS_13
36.0,1063,G178325_PS_13
36.0,1064,G178325_PS_14
36.0,1065,G178325_PS_13
36.0,1066,G178325_PS_14
36.0,1067,G178325_PS_14
36.0,1068,G178325_PS_14
36.0,1069,G178325_PS_13
36.0,1070,G178325_PS_13
36.0,1071,G178325_PS_13
36.0,1072,G178325_PS_14
36.0,1073,G178325_PS_14
36.0,1074,G178325_PS_13
36.0,1075,G178325_PS_13
36.0,1076,G178325_PS_14
36.0,1077,G178325_PS_14
36.0,1078,G178325_PS_14
36.0,1079,G178325_PS_13
36.0,1080,G178325_PS_13
36.0,1081,G178325_PS_14
36.0,1082,G178325_PS_14
36.0,1083,G178325_PS_13
36.0,1084,G178325_PS_14
36.0,1085,G178325_PS_14
36.0,1086,G178325_PS_14
36.0,1087,G178325_PS_14
36.0,1088,G178325_PS_14
36.0,1089,G178325_PS_14
36.0,1090,G178325_PS_14
36.0,1091,G178325_PS_14
36.0,1092,G178325_PS_14
36.0,1093,G178325_PS_14
36.0,1094,G178325_PS_14
36.0,1095,G178325_PS_13
36.0,1096,G178325_PS_14
36.0,1097,G178325_PS_14
36.0,1098,G178325_PS_09
36.0,1099,G178325_PS_14
36.0,1100,G178325_PS_13
36.0,1101,G178325_PS_13
36.0,1102,G178325_PS_14
36.0,1103,G178325_PS_14
36.0,1104,G178325_PS_14
36.0,1105,G178325_PS_14
36.0,1106,G178325_PS_13
36.0,1107,G178325_PS_13
36.0,1108,G178325_PS_14
36.0,1109,G178325_PS_14
36.0,1110,G178325_PS_14
36.0,1111,G178325_PS_14
36.0,1112,G178325_PS_13
36.0,1113,G178325_PS_14
36.0,1114,G178325_PS_14
36.0,1115,G178325_PS_14
36.0,1116,G178325_PS_14
36.0,1117,G178325_PS_14
36.0,1118,G178325_PS_14
36.0,1119,G178325_PS_13
36.0,1120,G178325_PS_14
36.0,1121,G178325_PS_13
36.0,1122,G178325_PS_14
36.0,1123,G178325_PS_14
36.0,1124,G178325_PS_13
36.0,1125,G178325_PS_14
36.0,1126,G178325_PS_14
36.0,1127,G178325_PS_13
36.0,1128,G178325_PS_14
36.0,1129,G178325_PS_14
36.0,1130,G178325_PS_13
36.0,1131,G178325_PS_14
36.0,1132,G178325_PS_14
36.0,1133,G178325_PS_13
36.0,1134,G178325_PS_14
36.0,1135,G178325_PS_13
36.0,1136,G178325_PS_13
36.0,1137,G178325_PS_14
36.0,1138,G178325_PS_14
36.0,1139,G178325_PS_13
36.0,1140,G178325_PS_14
36.0,1141,G178325_PS_14
36.0,1142,G178325_PS_14
36.0,1143,G178325_PS_14
36.0,1144,G178325_PS_13
36.0,1145,G178325_PS_13
36.0,1146,G178325_PS_14
36.0,1147,G178325_PS_13
36.0,1148,G178325_PS_14
36.0,1149,G178325_PS_14
36.0,1150,G178325_PS_13
36.0,1151,G178325_PS_14
36.0,1152,G178325_PS_14
36.0,1153,G178325_PS_13
36.0,1154,G178325_PS_13
36.0,1155,G178325_PS_14
36.0,1156,G178325_PS_13
36.0,1157,G178325_PS_14
36.0,1158,G178325_PS_14
36.0,1159,G178325_PS_14
36.0,1160,G178325_PS_14
36.0,1161,G178325_PS_13
36.0,1162,G178325_PS_14
36.0,1163,G178325_PS_14
36.0,1164,G178325_PS_09
36.0,1165,G178325_PS_14
36.0,1166,G178325_PS_14
36.0,1167,G178325_PS_14
36.0,1168,G178325_PS_14
36.0,1169,G178325_PS_14
36.0,1170,G178325_PS_14
36.0,1171,G178325_PS_13
36.0,1172,G178325_PS_13
36.0,1173,G178325_PS_14
36.0,1174,G178325_PS_13
36.0,1175,G178325_PS_13
36.0,1176,G178325_PS_14
36.0,1177,G178325_PS_14
36.0,1178,G178325_PS_14
36.0,1179,G178325_PS_14
36.0,1180,G178325_PS_14
36.0,1181,G178325_PS_14
36.0,1182,G178325_PS_14
36.0,1183,G178325_PS_14
36.0,1184,G178325_PS_14
36.0,1185,G178325_PS_13
36.0,1186,G178325_PS_13
36.0,1187,G178325_PS_14
36.0,1188,G178325_PS_14
36.0,1189,G178325_PS_14
36.0,1190,G178325_PS_13
36.0,1191,G178325_PS_13
36.0,1192,G178325_PS_14
36.0,1193,G178325_PS_14
36.0,1194,G178325_PS_14
36.0,1195,G178325_PS_14
36.0,1196,G178325_PS_13
36.0,1197,G178325_PS_14
36.0,1198,G178325_PS_14
36.0,1199,G178325_PS_13
36.0,1200,G178325_PS_13
36.0,1201,G178325_PS_14
36.0,1202,G178325_PS_13
36.0,1203,G178325_PS_14
36.0,1204,G178325_PS_13
36.0,1205,G178325_PS_14
36.0,1206,G178325_PS_14
36.0,1207,G178325_PS_14
36.0,1208,G178325_PS_14
36.0,1209,G178325_PS_13
36.0,1210,G178325_PS_13
36.0,1211,G178325_PS_13
36.0,1212,G178325_PS_14
36.0,1213,G178325_PS_14
36.0,1214,G178325_PS_14
36.0,1215,G178325_PS_13
36.0,1216,G178325_PS_13
36.0,1217,G178325_PS_14
36.0,1218,G178325_PS_13
36.0,1219,G178325_PS_13
36.0,1220,G178325_PS_14
36.0,1221,G178325_PS_13
36.0,1222,G178325_PS_14
36.0,1223,G178325_PS_10
36.0,1224,G178325_PS_14
36.0,1225,G178325_PS_14
36.0,1226,G178325_PS_14
36.0,1227,G178325_PS_14
36.0,1228,G178325_PS_13
36.0,1229,G178325_PS_14
36.0,1230,G178325_PS_13
36.0,1231,G178325_PS_14
36.0,1232,G178325_PS_13
36.0,1233,G178325_PS_14
36.0,1234,G178325_PS_14
36.0,1235,G178325_PS_14
36.0,1236,G178325_PS_14
36.0,1237,G178325_PS_14
36.0,1238,G178325_PS_13
36.0,1239,G178325_PS_13
36.0,1240,G178325_PS_13
36.0,1241,G178325_PS_14
36.0,1242,G178325_PS_13
36.0,1243,G178325_PS_14
36.0,1244,G178325_PS_14
36.0,1245,G178325_PS_13
36.0,1246,G178325_PS_14
36.0,1247,G178325_PS_14
36.0,1248,G178325_PS_13
36.0,1249,G178325_PS_13
36.0,1250,G178325_PS_14
36.0,1251,G178325_PS_13
36.0,1252,G178325_PS_13
36.0,1253,G178325_PS_14
36.0,1254,G178325_PS_14
36.0,1255,G178325_PS_13
36.0,1256,G178325_PS_14
36.0,1257,G178325_PS_14
36.0,1258,G178325_PS_14
36.0,1259,G178325_PS_13
36.0,1260,G178325_PS_14
36.0,1261,G178325_PS_13
36.0,1262,G178325_PS_14
36.0,1263,G178325_PS_14
36.0,1264,G178325_PS_14
36.0,1265,G178325_PS_14
36.0,1266,G178325_PS_14
36.0,1267,G178325_PS_13
36.0,1268,G178325_PS_14
36.0,1269,G178325_PS_13
36.0,1270,G178325_PS_14
36.0,1271,G178325_PS_14
36.0,1272,G178325_PS_14
36.0,1273,G178325_PS_10
36.0,1274,G178325_PS_14
36.0,1275,G178325_PS_14
36.0,1276,G178325_PS_14
36.0,1277,G178325_PS_14
36.0,1278,G178325_PS_13
36.0,1279,G178325_PS_13
36.0,1280,G178325_PS_13
36.0,1281,G178325_PS_14
36.0,1282,G178325_PS_13
36.0,1283,G178325_PS_14
36.0,1284,G178325_PS_13
36.0,1285,G178325_PS_13
36.0,1286,G178325_PS_14
36.0,1287,G178325_PS_14
36.0,1288,G178325_PS_13
36.0,1289,G178325_PS_14
36.0,1290,G178325_PS_13
36.0,1291,G178325_PS_13
36.0,1292,G178325_PS_14
36.0,1293,G178325_PS_13
36.0,1294,G178325_PS_14
36.0,1295,G178325_PS_13
36.0,1296,G178325_PS_14
36.0,1297,G178325_PS_14
36.0,1298,G178325_PS_13
36.0,1299,G178325_PS_14
36.0,1300,G178325_PS_14
36.0,1301,G178325_PS_14
36.0,1302,G178325_PS_13
36.0,1303,G178325_PS_13
36.0,1304,G178325_PS_14
36.0,1305,G178325_PS_13
36.0,1306,G178325_PS_14
36.0,1307,G178325_PS_14
36.0,1308,G178325_PS_13
36.0,1309,G178325_PS_14
36.0,1310,G178325_PS_10
36.0,1311,G178325_PS_13
36.0,1312,G178325_PS_14
36.0,1313,G178325_PS_13
36.0,1314,G178325_PS_14
36.0,1315,G178325_PS_14
36.0,1316,G178325_PS_14
36.0,1317,G178325_PS_14
36.0,1318,G178325_PS_13
36.0,1319,G178325_PS_14
36.0,1320,G178325_PS_14
36.0,1321,G178325_PS_14
36.0,1322,G178325_PS_14
36.0,1323,G178325_PS_13
36.0,1324,G178325_PS_14
36.0,1325,G178325_PS_14
36.0,1326,G178325_PS_14
36.0,1327,G178325_PS_13
36.0,1328,G178325_PS_14
36.0,1329,G178325_PS_13
36.0,1330,G178325_PS_14
36.0,1331,G178325_PS_14
36.0,1332,G178325_PS_13
36.0,1333,G178325_PS_14
36.0,1334,G178325_PS_13
36.0,1335,G178325_PS_14
36.0,1336,G178325_PS_13
36.0,1337,G178325_PS_14
36.0,1338,G178325_PS_14
36.0,1339,G178325_PS_14
36.0,1340,G178325_PS_14
36.0,1341,G178325_PS_14
36.0,1342,G178325_PS_14
36.0,1343,G178325_PS_14
36.0,1344,G178325_PS_14
36.0,1345,G178325_PS_14
36.0,1346,G178325_PS_13
36.0,1347,G178325_PS_14
36.0,1348,G178325_PS_13
36.0,1349,G178325_PS_14
36.0,1350,G178325_PS_14
36.0,1351,G178325_PS_14
36.0,1352,G178325_PS_13
36.0,1353,G178325_PS_14
36.0,1354,G178325_PS_14
36.0,1355,G178325_PS_13
36.0,1356,G178325_PS_13
36.0,1357,G178325_PS_14
36.0,1358,G178325_PS_14
36.0,1359,G178325_PS_14
36.0,1360,G178325_PS_14
36.0,1361,G178325_PS_14
36.0,1362,G178325_PS_14
36.0,1363,G178325_PS_14
36.0,1364,G178325_PS_14
36.0,1365,G178325_PS_14
36.0,1366,G178325_PS_14
36.0,1367,G178325_PS_13
36.0,1368,G178325_PS_14
36.0,1369,G178325_PS_14
36.0,1370,G178325_PS_13
36.0,1371,G178325_PS_14
36.0,1372,G178325_PS_14
36.0,1373,G178325_PS_14
36.0,1374,G178325_PS_14
36.0,1375,G178325_PS_13
36.0,1376,G178325_PS_14
36.0,1377,G178325_PS_13
36.0,1378,G178325_PS_14
36.0,1379,G178325_PS_13
36.0,1380,G178325_PS_14
36.0,1381,G178325_PS_13
36.0,1382,G178325_PS_13
36.0,1383,G178325_PS_13
36.0,1384,G178325_PS_13
36.0,1385,G178325_PS_14
36.0,1386,G178325_PS_14
36.0,1387,G178325_PS_14
36.0,1388,G178325_PS_14
36.0,1389,G178325_PS_14
36.0,1390,G178325_PS_13
36.0,1391,G178325_PS_13
36.0,1392,G178325_PS_14
36.0,1393,G178325_PS_14
36.0,1394,G178325_PS_14
36.0,1395,G178325_PS_14
36.0,1396,G178325_PS_14
36.0,1397,G178325_PS_14
36.0,1398,G178325_PS_13
36.0,1399,G178325_PS_13
36.0,1400,G178325_PS_14
36.0,1401,G178325_PS_13
36.0,1402,G178325_PS_13
36.0,1403,G178325_PS_13
36.0,1404,G178325_PS_14
36.0,1405,G178325_PS_14
36.0,1406,G178325_PS_13
36.0,1407,G178325_PS_14
36.0,1408,G178325_PS_13
36.0,1409,G178325_PS_14
36.0,1410,G178325_PS_14
36.0,1411,G178325_PS_14
36.0,1412,G178325_PS_10
36.0,1413,G178325_PS_14
36.0,1414,G178325_PS_14
36.0,1415,G178325_PS_14
36.0,1416,G178325_PS_14
36.0,1417,G178325_PS_14
36.0,1418,G178325_PS_13
36.0,1419,G178325_PS_14
36.0,1420,G178325_PS_14
36.0,1421,G178325_PS_13
36.0,1422,G178325_PS_14
36.0,1423,G178325_PS_14
36.0,1424,G178325_PS_13
36.0,1425,G178325_PS_14
36.0,1426,G178325_PS_14
36.0,1427,G178325_PS_14
36.0,1428,G178325_PS_13
36.0,1429,G178325_PS_14
36.0,1430,G178325_PS_13
36.0,1431,G178325_PS_13
36.0,1432,G178325_PS_13
36.0,1433,G178325_PS_14
36.0,1434,G178325_PS_14
36.0,1435,G178325_PS_14
36.0,1436,G178325_PS_14
36.0,1437,G178325_PS_13
36.0,1438,G178325_PS_13
36.0,1439,G178325_PS_14
36.0,1440,G178325_PS_13
36.0,1441,G178325_PS_14
36.0,1442,G178325_PS_13
36.0,1443,G178325_PS_14
36.0,1444,G178325_PS_13
36.0,1445,G178325_PS_14
36.0,1446,G178325_PS_14
36.0,1447,G178325_PS_14
36.0,1448,G178325_PS_14
36.0,1449,G178325_PS_13
36.0,1450,G178325_PS_14
36.0,1451,G178325_PS_14
36.0,1452,G178325_PS_13
36.0,1453,G178325_PS_14
36.0,1454,G178325_PS_14
36.0,1455,G178325_PS_14
36.0,1456,G178325_PS_14
36.0,1457,G178325_PS_14
36.0,1458,G178325_PS_14
36.0,1459,G178325_PS_14
36.0,1460,G178325_PS_14
36.0,1461,G178325_PS_13
36.0,1462,G178325_PS_14
36.0,1463,G178325_PS_14
36.0,1464,G178325_PS_13
36.0,1465,G178325_PS_14
36.0,1466,G178325_PS_14
36.0,1467,G178325_PS_14
36.0,1468,G178325_PS_13
36.0,1469,G178325_PS_14
36.0,1470,G178325_PS_14
36.0,1471,G178325_PS_13
36.0,1472,G178325_PS_13
36.0,1473,G178325_PS_13
36.0,1474,G178325_PS_14
36.0,1475,G178325_PS_14
36.0,1476,G178325_PS_13
36.0,1477,G178325_PS_14
36.0,1478,G178325_PS_14
36.0,1479,G178325_PS_13
36.0,1480,G178325_PS_13
36.0,1481,G178325_PS_10
36.0,1482,G178325_PS_13
36.0,1483,G178325_PS_13
36.0,1484,G178325_PS_14
36.0,1485,G178325_PS_14
36.0,1486,G178325_PS_14
36.0,1487,G178325_PS_13
36.0,1488,G178325_PS_14
36.0,1489,G178325_PS_13
36.0,1490,G178325_PS_14
36.0,1491,G178325_PS_14
36.0,1492,G178325_PS_14
36.0,1493,G178325_PS_14
36.0,1494,G178325_PS_14
36.0,1495,G178325_PS_14
36.0,1496,G178325_PS_14
36.0,1497,G178325_PS_13
36.0,1498,G178325_PS_13
36.0,1499,G178325_PS_14
36.0,1500,G178325_PS_14
36.0,1501,G178325_PS_13
36.0,1502,G178325_PS_14
36.0,1503,G178325_PS_13
36.0,1504,G178325_PS_13
36.0,1505,G178325_PS_10
36.0,1506,G178325_PS_14
36.0,1507,G178325_PS_14
36.0,1508,G178325_PS_13
36.0,1509,G178325_PS_14
36.0,1510,G178325_PS_13
36.0,1511,G178325_PS_14
36.0,1512,G178325_PS_13
36.0,1513,G178325_PS_14
36.0,1514,G178325_PS_14
36.0,1515,G178325_PS_13
36.0,1516,G178325_PS_14
36.0,1517,G178325_PS_14
36.0,1518,G178325_PS_14
36.0,1519,G178325_PS_14
36.0,1520,G178325_PS_14
36.0,1521,G178325_PS_13
36.0,1522,G178325_PS_14
36.0,1523,G178325_PS_14
36.0,1524,G178325_PS_14
36.0,1525,G178325_PS_14
36.0,1526,G178325_PS_13
36.0,1527,G178325_PS_13
36.0,1528,G178325_PS_13
36.0,1529,G178325_PS_13
36.0,1530,G178325_PS_13
36.0,1531,G178325_PS_14
36.0,1532,G178325_PS_14
36.0,1533,G178325_PS_14
36.0,1534,G178325_PS_14
36.0,1535,G178325_PS_14
36.0,1536,G178325_PS_14
36.0,1537,G178325_PS_14
36.0,1538,G178325_PS_13
36.0,1539,G178325_PS_13
36.0,1540,G178325_PS_14
36.0,1541,G178325_PS_14
36.0,1542,G178325_PS_14
36.0,1543,G178325_PS_14
36.0,1544,G178325_PS_14
36.0,1545,G178325_PS_14
36.0,1546,G178325_PS_14
36.0,1547,G178325_PS_14
36.0,1548,G178325_PS_14
36.0,1549,G178325_PS_14
36.0,1550,G178325_PS_14
36.0,1551,G178325_PS_14
36.0,1552,G178325_PS_13
36.0,1553,G178325_PS_14
36.0,1554,G178325_PS_14
36.0,1555,G178325_PS_14
36.0,1556,G178325_PS_14
36.0,1557,G178325_PS_14
36.0,1558,G178325_PS_14
36.0,1559,G178325_PS_14
36.0,1560,G178325_PS_14
36.0,1561,G178325_PS_14
36.0,1562,G178325_PS_14
36.0,1563,G178325_PS_14
36.0,1564,G178325_PS_13
36.0,1565,G178325_PS_14
36.0,1566,G178325_PS_14
36.0,1567,G178325_PS_14
36.0,1568,G178325_PS_13
36.0,1569,G178325_PS_14
36.0,1570,G178325_PS_14
36.0,1571,G178325_PS_14
36.0,1572,G178325_PS_14
36.0,1573,G178325_PS_14
36.0,1574,G178325_PS_13
36.0,1575,G178325_PS_13
36.0,1576,G178325_PS_14
36.0,1577,G178325_PS_13
36.0,1578,G178325_PS_13
36.0,1579,G178325_PS_14
36.0,1580,G178325_PS_14
36.0,1581,G178325_PS_14
36.0,1582,G178325_PS_13
36.0,1583,G178325_PS_14
36.0,1584,G178325_PS_14
36.0,1585,G178325_PS_14
36.0,1586,G178325_PS_14
36.0,1587,G178325_PS_13
36.0,1588,G178325_PS_14
36.0,1589,G178325_PS_13
36.0,1590,G178325_PS_14
36.0,1591,G178325_PS_14
36.0,1592,G178325_PS_14
36.0,1593,G178325_PS_14
36.0,1594,G178325_PS_14
36.0,1595,G178325_PS_14
36.0,1596,G178325_PS_14
36.0,1597,G178325_PS_14
36.0,1598,G178325_PS_14
36.0,1599,G178325_PS_13
36.0,1600,G178325_PS_10
36.0,1601,G178325_PS_13
36.0,1602,G178325_PS_14
36.0,1603,G178325_PS_13
36.0,1604,G178325_PS_13
36.0,1605,G178325_PS_14
36.0,1606,G178325_PS_14
36.0,1607,G178325_PS_13
36.0,1608,G178325_PS_14
36.0,1609,G178325_PS_14
36.0,1610,G178325_PS_14
36.0,1611,G178325_PS_13
36.0,1612,G178325_PS_13
36.0,1613,G178325_PS_14
36.0,1614,G178325_PS_14
36.0,1615,G178325_PS_13
36.0,1616,G178325_PS_13
36.0,1617,G178325_PS_14
36.0,1618,G178325_PS_13
36.0,1619,G178325_PS_14
36.0,1620,G178325_PS_14
36.0,1621,G178325_PS_14
36.0,1622,G178325_PS_14
36.0,1623,G178325_PS_14
36.0,1624,G178325_PS_14
36.0,1625,G178325_PS_13
36.0,1626,G178325_PS_14
36.0,1627,G178325_PS_14
36.0,1628,G178325_PS_13
36.0,1629,G178325_PS_14
36.0,1630,G178325_PS_13
36.0,1631,G178325_PS_14
36.0,1632,G178325_PS_13
36.0,1633,G178325_PS_10
36.0,1634,G178325_PS_13
36.0,1635,G178325_PS_14
36.0,1636,G178325_PS_14
36.0,1637,G178325_PS_14
36.0,1638,G178325_PS_14
36.0,1639,G178325_PS_14
36.0,1640,G178325_PS_14
36.0,1641,G178325_PS_14
36.0,1642,G178325_PS_13
36.0,1643,G178325_PS_14
36.0,1644,G178325_PS_13
36.0,1645,G178325_PS_14
36.0,1646,G178325_PS_13
36.0,1647,G178325_PS_14
36.0,1648,G178325_PS_13
36.0,1649,G178325_PS_14
36.0,1650,G178325_PS_14
36.0,1651,G178325_PS_13
36.0,1652,G178325_PS_14
36.0,1653,G178325_PS_14
36.0,1654,G178325_PS_14
36.0,1655,G178325_PS_13
36.0,1656,G178325_PS_13
36.0,1657,G178325_PS_13
36.0,1658,G178325_PS_14
36.0,1659,G178325_PS_14
36.0,1660,G178325_PS_14
36.0,1661,G178325_PS_14
36.0,1662,G178325_PS_14
36.0,1663,G178325_PS_13
36.0,1664,G178325_PS_14
36.0,1665,G178325_PS_14
36.0,1666,G178325_PS_14
36.0,1667,G178325_PS_13
36.0,1668,G178325_PS_14
36.0,1669,G178325_PS_14
36.0,1670,G178325_PS_13
36.0,1671,G178325_PS_14
36.0,1672,G178325_PS_14
36.0,1673,G178325_PS_14
36.0,1674,G178325_PS_13
36.0,1675,G178325_PS_13
36.0,1676,G178325_PS_14
36.0,1677,G178325_PS_14
36.0,1678,G178325_PS_14
36.0,1679,G178325_PS_14
36.0,1680,G178325_PS_14
36.0,1681,G178325_PS_14
36.0,1682,G178325_PS_13
36.0,1683,G178325_PS_14
36.0,1684,G178325_PS_14
36.0,1685,G178325_PS_14
36.0,1686,G178325_PS_14
36.0,1687,G178325_PS_14
36.0,1688,G178325_PS_14
36.0,1689,G178325_PS_14
36.0,1690,G178325_PS_13
36.0,1691,G178325_PS_13
36.0,1692,G178325_PS_14
36.0,1693,G178325_PS_13
36.0,1694,G178325_PS_13
36.0,1695,G178325_PS_14
36.0,1696,G178325_PS_14
36.0,1697,G178325_PS_14
36.0,1698,G178325_PS_14
36.0,1699,G178325_PS_14
36.0,1700,G178325_PS_13
36.0,1701,G178325_PS_14
36.0,1702,G178325_PS_14
36.0,1703,G178325_PS_13
36.0,1704,G178325_PS_14
36.0,1705,G178325_PS_14
36.0,1706,G178325_PS_14
36.0,1707,G178325_PS_14
36.0,1708,G178325_PS_14
36.0,1709,G178325_PS_13
36.0,1710,G178325_PS_14
36.0,1711,G178325_PS_13
36.0,1712,G178325_PS_13
36.0,1713,G178325_PS_14
36.0,1714,G178325_PS_14
36.0,1715,G178325_PS_14
36.0,1716,G178325_PS_13
36.0,1717,G178325_PS_14
36.0,1718,G178325_PS_13
36.0,1719,G178325_PS_14
36.0,1720,G178325_PS_14
36.0,1721,G178325_PS_14
36.0,1722,G178325_PS_14
36.0,1723,G178325_PS_13
36.0,1724,G178325_PS_14
36.0,1725,G178325_PS_14
36.0,1726,G178325_PS_14
36.0,1727,G178325_PS_13
36.0,1728,G178325_PS_14
36.0,1729,G178325_PS_14
36.0,1730,G178325_PS_13
36.0,1731,G178325_PS_13
36.0,1732,G178325_PS_10
36.0,1733,G178325_PS_14
36.0,1734,G178325_PS_14
36.0,1735,G178325_PS_14
36.0,1736,G178325_PS_14
36.0,1737,G178325_PS_13
36.0,1738,G178325_PS_14
36.0,1739,G178325_PS_13
36.0,1740,G178325_PS_13
36.0,1741,G178325_PS_13
36.0,1742,G178325_PS_13
36.0,1743,G178325_PS_14
36.0,1744,G178325_PS_14
36.0,1745,G178325_PS_14
36.0,1746,G178325_PS_13
36.0,1747,G178325_PS_14
36.0,1748,G178325_PS_14
36.0,1749,G178325_PS_13
36.0,1750,G178325_PS_14
36.0,1751,G178325_PS_14
36.0,1752,G178325_PS_14
36.0,1753,G178325_PS_13
36.0,1754,G178325_PS_13
36.0,1755,G178325_PS_13
36.0,1756,G178325_PS_14
36.0,1757,G178325_PS_14
36.0,1758,G178325_PS_13
36.0,1759,G178325_PS_14
36.0,1760,G178325_PS_14
36.0,1761,G178325_PS_13
36.0,1762,G178325_PS_14
36.0,1763,G178325_PS_13
36.0,1764,G178325_PS_14
36.0,1765,G178325_PS_14
36.0,1766,G178325_PS_13
36.0,1767,G178325_PS_13
36.0,1768,G178325_PS_14
36.0,1769,G178325_PS_14
36.0,1770,G178325_PS_14
36.0,1771,G178325_PS_14
36.0,1772,G178325_PS_13
36.0,1773,G178325_PS_14
36.0,1774,G178325_PS_13
36.0,1775,G178325_PS_14
36.0,1776,G178325_PS_14
36.0,1777,G178325_PS_14
36.0,1778,G178325_PS_13
36.0,1779,G178325_PS_14
36.0,1780,G178325_PS_13
36.0,1781,G178325_PS_14
36.0,1782,G178325_PS_14
36.0,1783,G178325_PS_13
36.0,1784,G178325_PS_14
36.0,1785,G178325_PS_14
36.0,1786,G178325_PS_14
36.0,1787,G178325_PS_14
36.0,1788,G178325_PS_14
36.0,1789,G178325_PS_13
36.0,1790,G178325_PS_14
36.0,1791,G178325_PS_14
36.0,1792,G178325_PS_14
36.0,1793,G178325_PS_14
36.0,1794,G178325_PS_14
36.0,1795,G178325_PS_14
36.0,1796,G178325_PS_13
36.0,1797,G178325_PS_14
36.0,1798,G178325_PS_14
36.0,1799,G178325_PS_13
36.0,1800,G178325_PS_14
36.0,1801,G178325_PS_14
36.0,1802,G178325_PS_14
36.0,1803,G178325_PS_13
36.0,1804,G178325_PS_14
36.0,1805,G178325_PS_14
36.0,1806,G178325_PS_14
36.0,1807,G178325_PS_14
36.0,1808,G178325_PS_13
36.0,1809,G178325_PS_13
36.0,1810,G178325_PS_14
36.0,1811,G178325_PS_14
36.0,1812,G178325_PS_14
36.0,1813,G178325_PS_14
36.0,1814,G178325_PS_14
36.0,1815,G178325_PS_14
36.0,1816,G178325_PS_10
36.0,1817,G178325_PS_13
36.0,1818,G178325_PS_13
36.0,1819,G178325_PS_13
36.0,1820,G178325_PS_14
36.0,1821,G178325_PS_13
36.0,1822,G178325_PS_13
36.0,1823,G178325_PS_13
36.0,1824,G178325_PS_13
36.0,1825,G178325_PS_14
36.0,1826,G178325_PS_13
36.0,1827,G178325_PS_14
36.0,1828,G178325_PS_13
36.0,1829,G178325_PS_14
36.0,1830,G178325_PS_13
36.0,1831,G178325_PS_14
36.0,1832,G178325_PS_14
36.0,1833,G178325_PS_14
36.0,1834,G178325_PS_14
36.0,1835,G178325_PS_13
36.0,1836,G178325_PS_14
36.0,1837,G178325_PS_14
36.0,1838,G178325_PS_14
36.0,1839,G178325_PS_14
36.0,1840,G178325_PS_13
36.0,1841,G178325_PS_09
36.0,1842,G178325_PS_14
36.0,1843,G178325_PS_14
36.0,1844,G178325_PS_14
36.0,1845,G178325_PS_13
36.0,1846,G178325_PS_14
36.0,1847,G178325_PS_10
36.0,1848,G178325_PS_14
36.0,1849,G178325_PS_14
36.0,1850,G178325_PS_14
36.0,1851,G178325_PS_13
36.0,1852,G178325_PS_14
36.0,1853,G178325_PS_13
36.0,1854,G178325_PS_14
36.0,1855,G178325_PS_13
36.0,1856,G178325_PS_14
36.0,1857,G178325_PS_14
36.0,1858,G178325_PS_13
36.0,1859,G178325_PS_14
36.0,1860,G178325_PS_14
36.0,1861,G178325_PS_14
36.0,1862,G178325_PS_13
36.0,1863,G178325_PS_14
36.0,1864,G178325_PS_13
36.0,1865,G178325_PS_14
36.0,1866,G178325_PS_14
36.0,1867,G178325_PS_14
36.0,1868,G178325_PS_13
36.0,1869,G178325_PS_14
36.0,1870,G178325_PS_14
36.0,1871,G178325_PS_13
36.0,1872,G178325_PS_14
36.0,1873,G178325_PS_13
36.0,1874,G178325_PS_13
36.0,1875,G178325_PS_13
36.0,1876,G178325_PS_14
36.0,1877,G178325_PS_13
36.0,1878,G178325_PS_13
36.0,1879,G178325_PS_14
36.0,1880,G178325_PS_13
36.0,1881,G178325_PS_13
36.0,1882,G178325_PS_13
36.0,1883,G178325_PS_13
36.0,1884,G178325_PS_14
36.0,1885,G178325_PS_14
36.0,1886,G178325_PS_14
36.0,1887,G178325_PS_14
36.0,1888,G178325_PS_13
36.0,1889,G178325_PS_14
36.0,1890,G178325_PS_13
36.0,1891,G178325_PS_13
36.0,1892,G178325_PS_13
36.0,1893,G178325_PS_13
36.0,1894,G178325_PS_14
36.0,1895,G178325_PS_14
36.0,1896,G178325_PS_14
36.0,1897,G178325_PS_14
36.0,1898,G178325_PS_14
36.0,1899,G178325_PS_14
36.0,1900,G178325_PS_13
36.0,1901,G178325_PS_14
36.0,1902,G178325_PS_14
36.0,1903,G178325_PS_14
36.0,1904,G178325_PS_13
36.0,1905,G178325_PS_14
36.0,1906,G178325_PS_14
36.0,1907,G178325_PS_14
36.0,1908,G178325_PS_14
36.0,1909,G178325_PS_13
36.0,1910,G178325_PS_14
36.0,1911,G178325_PS_14
36.0,1912,G178325_PS_14
36.0,1913,G178325_PS_14
36.0,1914,G178325_PS_14
36.0,1915,G178325_PS_14
36.0,1916,G178325_PS_14
36.0,1917,G178325_PS_14
36.0,1918,G178325_PS_14
36.0,1919,G178325_PS_13
36.0,1920,G178325_PS_14
36.0,1921,G178325_PS_14
36.0,1922,G178325_PS_14
36.0,1923,G178325_PS_14
36.0,1924,G178325_PS_14
36.0,1925,G178325_PS_14
36.0,1926,G178325_PS_13
36.0,1927,G178325_PS_13
36.0,1928,G178325_PS_13
36.0,1929,G178325_PS_14
36.0,1930,G178325_PS_14
36.0,1931,G178325_PS_14
36.0,1932,G178325_PS_14
36.0,1933,G178325_PS_14
36.0,1934,G178325_PS_14
36.0,1935,G178325_PS_14
36.0,1936,G178325_PS_14
36.0,1937,G178325_PS_14
36.0,1938,G178325_PS_13
36.0,1939,G178325_PS_14
36.0,1940,G178325_PS_14
36.0,1941,G178325_PS_14
36.0,1942,G178325_PS_14
36.0,1943,G178325_PS_14
36.0,1944,G178325_PS_13
36.0,1945,G178325_PS_14
36.0,1946,G178325_PS_13
36.0,1947,G178325_PS_14
36.0,1948,G178325_PS_14
36.0,1949,G178325_PS_14
36.0,1950,G178325_PS_13
36.0,1951,G178325_PS_13
36.0,1952,G178325_PS_13
36.0,1953,G178325_PS_14
36.0,1954,G178325_PS_13
36.0,1955,G178325_PS_14
36.0,1956,G178325_PS_14
36.0,1957,G178325_PS_13
36.0,1958,G178325_PS_14
36.0,1959,G178325_PS_13
36.0,1960,G178325_PS_13
36.0,1961,G178325_PS_14
36.0,1962,G178325_PS_13
36.0,1963,G178325_PS_14
36.0,1964,G178325_PS_14
36.0,1965,G178325_PS_14
36.0,1966,G178325_PS_13
36.0,1967,G178325_PS_13
36.0,1968,G178325_PS_14
36.0,1969,G178325_PS_14
36.0,1970,G178325_PS_14
36.0,1971,G178325_PS_14
36.0,1972,G178325_PS_14
36.0,1973,G178325_PS_14
36.0,1974,G178325_PS_14
36.0,1975,G178325_PS_14
36.0,1976,G178325_PS_13
36.0,1977,G178325_PS_14
36.0,1978,G178325_PS_14
36.0,1979,G178325_PS_13
36.0,1980,G178325_PS_13
36.0,1981,G178325_PS_14
36.0,1982,G178325_PS_14
36.0,1983,G178325_PS_14
36.0,1984,G178325_PS_14
36.0,1985,G178325_PS_13
36.0,1986,G178325_PS_14
36.0,1987,G178325_PS_14
36.0,1988,G178325_PS_13
36.0,1989,G178325_PS_14
36.0,1990,G178325_PS_14
36.0,1991,G178325_PS_14
36.0,1992,G178325_PS_13
36.0,1993,G178325_PS_14
36.0,1994,G178325_PS_14
36.0,1995,G178325_PS_14
36.0,1996,G178325_PS_13
36.0,1997,G178325_PS_13
36.0,1998,G178325_PS_13
36.0,1999,G178325_PS_14
