projected_timepoint,cell_idx,projected_cluster_label
3.0,0,hADSCs
3.0,1,hADSCs
3.0,2,hADSCs
3.0,3,hADSCs
3.0,4,hADSCs
3.0,5,hADSCs
3.0,6,intermediate_plastic
3.0,7,epithelial_like
3.0,8,hADSCs
3.0,9,hADSCs
3.0,10,hADSCs
3.0,11,hADSCs
3.0,12,intermediate_plastic
3.0,13,hADSCs
3.0,14,hADSCs
3.0,15,hADSCs
3.0,16,hADSCs
3.0,17,epithelial_like
3.0,18,hADSCs
3.0,19,intermediate_plastic
3.0,20,hADSCs
3.0,21,hADSCs
3.0,22,hADSCs
3.0,23,hADSCs
3.0,24,hADSCs
3.0,25,hADSCs
3.0,26,hADSCs
3.0,27,hADSCs
3.0,28,hADSCs
3.0,29,hADSCs
3.0,30,hADSCs
3.0,31,hADSCs
3.0,32,hADSCs
3.0,33,hADSCs
3.0,34,ambiguous
3.0,35,hADSCs
3.0,36,hADSCs
3.0,37,hADSCs
3.0,38,hADSCs
3.0,39,hADSCs
3.0,40,hADSCs
3.0,41,hADSCs
3.0,42,hADSCs
3.0,43,ambiguous
3.0,44,hADSCs
3.0,45,epithelial_like
3.0,46,intermediate_plastic
3.0,47,hADSCs
3.0,48,hADSCs
3.0,49,hADSCs
3.0,50,hADSCs
3.0,51,epithelial_like
3.0,52,hADSCs
3.0,53,hADSCs
3.0,54,hADSCs
3.0,55,hADSCs
3.0,56,hADSCs
3.0,57,hADSCs
3.0,58,hADSCs
3.0,59,hADSCs
3.0,60,hADSCs
3.0,61,hADSCs
3.0,62,hADSCs
3.0,63,hADSCs
3.0,64,hADSCs
3.0,65,ambiguous
3.0,66,intermediate_plastic
3.0,67,intermediate_plastic
3.0,68,hADSCs
3.0,69,hADSCs
3.0,70,hADSCs
3.0,71,hADSCs
3.0,72,hADSCs
3.0,73,hADSCs
3.0,74,hADSCs
3.0,75,hADSCs
3.0,76,hADSCs
3.0,77,hADSCs
3.0,78,hADSCs
3.0,79,intermediate_plastic
3.0,80,hADSCs
3.0,81,hADSCs
3.0,82,hADSCs
3.0,83,hADSCs
3.0,84,hADSCs
3.0,85,intermediate_plastic
3.0,86,hADSCs
3.0,87,hADSCs
3.0,88,hADSCs
3.0,89,hADSCs
3.0,90,epithelial_like
3.0,91,hADSCs
3.0,92,hADSCs
3.0,93,epithelial_like
3.0,94,hADSCs
3.0,95,hADSCs
3.0,96,hADSCs
3.0,97,epithelial_like
3.0,98,epithelial_like
3.0,99,intermediate_plastic
3.0,100,hADSCs
3.0,101,hADSCs
3.0,102,intermediate_plastic
3.0,103,hADSCs
3.0,104,hADSCs
3.0,105,hADSCs
3.0,106,hADSCs
3.0,107,intermediate_plastic
3.0,108,hADSCs
3.0,109,ambiguous
3.0,110,intermediate_plastic
3.0,111,intermediate_plastic
3.0,112,hADSCs
3.0,113,hADSCs
3.0,114,hADSCs
3.0,115,hADSCs
3.0,116,intermediate_plastic
3.0,117,hADSCs
3.0,118,hADSCs
3.0,119,hADSCs
3.0,120,hADSCs
3.0,121,hADSCs
3.0,122,hADSCs
3.0,123,hADSCs
3.0,124,hADSCs
3.0,125,epithelial_like
3.0,126,hADSCs
3.0,127,hADSCs
3.0,128,hADSCs
3.0,129,ambiguous
3.0,130,intermediate_plastic
3.0,131,hADSCs
3.0,132,hADSCs
3.0,133,epithelial_like
3.0,134,hADSCs
3.0,135,hADSCs
3.0,136,hADSCs
3.0,137,hADSCs
3.0,138,hADSCs
3.0,139,hADSCs
3.0,140,hADSCs
3.0,141,hADSCs
3.0,142,hADSCs
3.0,143,hADSCs
3.0,144,hADSCs
3.0,145,hADSCs
3.0,146,epithelial_like
3.0,147,hADSCs
3.0,148,hADSCs
3.0,149,hADSCs
3.0,150,epithelial_like
3.0,151,hADSCs
3.0,152,hADSCs
3.0,153,intermediate_plastic
3.0,154,hADSCs
3.0,155,hADSCs
3.0,156,hADSCs
3.0,157,epithelial_like
3.0,158,hADSCs
3.0,159,hADSCs
3.0,160,intermediate_plastic
3.0,161,hADSCs
3.0,162,hADSCs
3.0,163,hADSCs
3.0,164,hADSCs
3.0,165,hADSCs
3.0,166,ambiguous
3.0,167,hADSCs
3.0,168,hADSCs
3.0,169,hADSCs
3.0,170,hADSCs
3.0,171,hADSCs
3.0,172,hADSCs
3.0,173,hADSCs
3.0,174,hADSCs
3.0,175,hADSCs
3.0,176,hADSCs
3.0,177,hADSCs
3.0,178,hADSCs
3.0,179,hADSCs
3.0,180,hADSCs
3.0,181,hADSCs
3.0,182,hADSCs
3.0,183,hADSCs
3.0,184,hADSCs
3.0,185,hADSCs
3.0,186,hADSCs
3.0,187,hADSCs
3.0,188,epithelial_like
3.0,189,hADSCs
3.0,190,hADSCs
3.0,191,ambiguous
3.0,192,hADSCs
3.0,193,intermediate_plastic
3.0,194,hADSCs
3.0,195,hADSCs
3.0,196,hADSCs
3.0,197,hADSCs
3.0,198,hADSCs
3.0,199,ambiguous
3.0,200,hADSCs
3.0,201,hADSCs
3.0,202,hADSCs
3.0,203,hADSCs
3.0,204,hADSCs
3.0,205,hADSCs
3.0,206,hADSCs
3.0,207,hADSCs
3.0,208,hADSCs
3.0,209,hADSCs
3.0,210,hADSCs
3.0,211,epithelial_like
3.0,212,hADSCs
3.0,213,intermediate_plastic
3.0,214,hADSCs
3.0,215,epithelial_like
3.0,216,hADSCs
3.0,217,hADSCs
3.0,218,hADSCs
3.0,219,hADSCs
3.0,220,hADSCs
3.0,221,hADSCs
3.0,222,hADSCs
3.0,223,hADSCs
3.0,224,hADSCs
3.0,225,intermediate_plastic
3.0,226,hADSCs
3.0,227,epithelial_like
3.0,228,hADSCs
3.0,229,hADSCs
3.0,230,hADSCs
3.0,231,hADSCs
3.0,232,hADSCs
3.0,233,hADSCs
3.0,234,hADSCs
3.0,235,hADSCs
3.0,236,hADSCs
3.0,237,hADSCs
3.0,238,hADSCs
3.0,239,hADSCs
3.0,240,hADSCs
3.0,241,hADSCs
3.0,242,hADSCs
3.0,243,hADSCs
3.0,244,hADSCs
3.0,245,hADSCs
3.0,246,hADSCs
3.0,247,intermediate_plastic
3.0,248,hADSCs
3.0,249,hADSCs
3.0,250,hADSCs
3.0,251,intermediate_plastic
3.0,252,hADSCs
3.0,253,hADSCs
3.0,254,hADSCs
3.0,255,hADSCs
3.0,256,ambiguous
3.0,257,hADSCs
3.0,258,intermediate_plastic
3.0,259,hADSCs
3.0,260,hADSCs
3.0,261,hADSCs
3.0,262,hADSCs
3.0,263,hADSCs
3.0,264,hADSCs
3.0,265,hADSCs
3.0,266,epithelial_like
3.0,267,hADSCs
3.0,268,hADSCs
3.0,269,intermediate_plastic
3.0,270,hADSCs
3.0,271,intermediate_plastic
3.0,272,hADSCs
3.0,273,hADSCs
3.0,274,hADSCs
3.0,275,hADSCs
3.0,276,hADSCs
3.0,277,intermediate_plastic
3.0,278,hADSCs
3.0,279,hADSCs
3.0,280,hADSCs
3.0,281,hADSCs
3.0,282,hADSCs
3.0,283,intermediate_plastic
3.0,284,hADSCs
3.0,285,hADSCs
3.0,286,hADSCs
3.0,287,epithelial_like
3.0,288,hADSCs
3.0,289,epithelial_like
3.0,290,intermediate_plastic
3.0,291,hADSCs
3.0,292,hADSCs
3.0,293,hADSCs
3.0,294,hADSCs
3.0,295,hADSCs
3.0,296,hADSCs
3.0,297,intermediate_plastic
3.0,298,hADSCs
3.0,299,hADSCs
3.0,300,hADSCs
3.0,301,hADSCs
3.0,302,hADSCs
3.0,303,hADSCs
3.0,304,hADSCs
3.0,305,hADSCs
3.0,306,hADSCs
3.0,307,hADSCs
3.0,308,epithelial_like
3.0,309,hADSCs
3.0,310,hADSCs
3.0,311,hADSCs
3.0,312,hADSCs
3.0,313,hADSCs
3.0,314,hADSCs
3.0,315,hADSCs
3.0,316,epithelial_like
3.0,317,hADSCs
3.0,318,hADSCs
3.0,319,hADSCs
3.0,320,hADSCs
3.0,321,ambiguous
3.0,322,hADSCs
3.0,323,hADSCs
3.0,324,hADSCs
3.0,325,epithelial_like
3.0,326,hADSCs
3.0,327,hADSCs
3.0,328,hADSCs
3.0,329,hADSCs
3.0,330,hADSCs
3.0,331,hADSCs
3.0,332,hADSCs
3.0,333,hADSCs
3.0,334,hADSCs
3.0,335,hADSCs
3.0,336,hADSCs
3.0,337,hADSCs
3.0,338,hADSCs
3.0,339,intermediate_plastic
3.0,340,hADSCs
3.0,341,hADSCs
3.0,342,hADSCs
3.0,343,hADSCs
3.0,344,hADSCs
3.0,345,ambiguous
3.0,346,hADSCs
3.0,347,hADSCs
3.0,348,intermediate_plastic
3.0,349,hADSCs
3.0,350,hADSCs
3.0,351,epithelial_like
3.0,352,hADSCs
3.0,353,hADSCs
3.0,354,hADSCs
3.0,355,hADSCs
3.0,356,hADSCs
3.0,357,hADSCs
3.0,358,hADSCs
3.0,359,hADSCs
3.0,360,epithelial_like
3.0,361,intermediate_plastic
3.0,362,hADSCs
3.0,363,hADSCs
3.0,364,intermediate_plastic
3.0,365,hADSCs
3.0,366,hADSCs
3.0,367,intermediate_plastic
3.0,368,hADSCs
3.0,369,hADSCs
3.0,370,hADSCs
3.0,371,hADSCs
3.0,372,hADSCs
3.0,373,intermediate_plastic
3.0,374,hADSCs
3.0,375,hADSCs
3.0,376,hADSCs
3.0,377,ambiguous
3.0,378,hADSCs
3.0,379,intermediate_plastic
3.0,380,hADSCs
3.0,381,hADSCs
3.0,382,intermediate_plastic
3.0,383,hADSCs
3.0,384,hADSCs
3.0,385,hADSCs
3.0,386,hADSCs
3.0,387,hADSCs
3.0,388,hADSCs
3.0,389,hADSCs
3.0,390,hADSCs
3.0,391,hADSCs
3.0,392,hADSCs
3.0,393,hADSCs
3.0,394,intermediate_plastic
3.0,395,hADSCs
3.0,396,hADSCs
3.0,397,hADSCs
3.0,398,hADSCs
3.0,399,intermediate_plastic
3.0,400,intermediate_plastic
3.0,401,hADSCs
3.0,402,hCiPS
3.0,403,hADSCs
3.0,404,intermediate_plastic
3.0,405,intermediate_plastic
3.0,406,hADSCs
3.0,407,hADSCs
3.0,408,hADSCs
3.0,409,hADSCs
3.0,410,hADSCs
3.0,411,intermediate_plastic
3.0,412,hADSCs
3.0,413,hADSCs
3.0,414,hADSCs
3.0,415,hADSCs
3.0,416,hADSCs
3.0,417,hADSCs
3.0,418,hADSCs
3.0,419,hADSCs
3.0,420,hADSCs
3.0,421,hADSCs
3.0,422,hADSCs
3.0,423,hADSCs
3.0,424,hADSCs
3.0,425,hADSCs
3.0,426,intermediate_plastic
3.0,427,hADSCs
3.0,428,hADSCs
3.0,429,hADSCs
3.0,430,hADSCs
3.0,431,hADSCs
3.0,432,hADSCs
3.0,433,hADSCs
3.0,434,hADSCs
3.0,435,hADSCs
3.0,436,hADSCs
3.0,437,hADSCs
3.0,438,hADSCs
3.0,439,hADSCs
3.0,440,hADSCs
3.0,441,hADSCs
3.0,442,intermediate_plastic
3.0,443,hADSCs
3.0,444,hADSCs
3.0,445,hADSCs
3.0,446,hADSCs
3.0,447,intermediate_plastic
3.0,448,hADSCs
3.0,449,hADSCs
3.0,450,hADSCs
3.0,451,hADSCs
3.0,452,hADSCs
3.0,453,epithelial_like
3.0,454,hADSCs
3.0,455,hADSCs
3.0,456,hADSCs
3.0,457,epithelial_like
3.0,458,hADSCs
3.0,459,intermediate_plastic
3.0,460,hADSCs
3.0,461,ambiguous
3.0,462,intermediate_plastic
3.0,463,hADSCs
3.0,464,hADSCs
3.0,465,hADSCs
3.0,466,hADSCs
3.0,467,hADSCs
3.0,468,intermediate_plastic
3.0,469,hADSCs
3.0,470,hADSCs
3.0,471,hADSCs
3.0,472,hCiPS
3.0,473,hADSCs
3.0,474,hADSCs
3.0,475,hADSCs
3.0,476,hADSCs
3.0,477,hADSCs
3.0,478,epithelial_like
3.0,479,hADSCs
3.0,480,hADSCs
3.0,481,hADSCs
3.0,482,hADSCs
3.0,483,intermediate_plastic
3.0,484,hADSCs
3.0,485,hADSCs
3.0,486,hADSCs
3.0,487,hADSCs
3.0,488,hADSCs
3.0,489,hADSCs
3.0,490,hADSCs
3.0,491,hADSCs
3.0,492,hADSCs
3.0,493,hADSCs
3.0,494,hADSCs
3.0,495,hADSCs
3.0,496,hADSCs
3.0,497,hADSCs
3.0,498,hADSCs
3.0,499,hADSCs
3.0,500,hADSCs
3.0,501,hADSCs
3.0,502,ambiguous
3.0,503,hADSCs
3.0,504,intermediate_plastic
3.0,505,hADSCs
3.0,506,hADSCs
3.0,507,hADSCs
3.0,508,hADSCs
3.0,509,hADSCs
3.0,510,hADSCs
3.0,511,hADSCs
3.0,512,hADSCs
3.0,513,hADSCs
3.0,514,hADSCs
3.0,515,hADSCs
3.0,516,hADSCs
3.0,517,hADSCs
3.0,518,hADSCs
3.0,519,hADSCs
3.0,520,hADSCs
3.0,521,hADSCs
3.0,522,hADSCs
3.0,523,hADSCs
3.0,524,epithelial_like
3.0,525,hADSCs
3.0,526,hADSCs
3.0,527,hADSCs
3.0,528,hADSCs
3.0,529,hADSCs
3.0,530,hADSCs
3.0,531,hADSCs
3.0,532,hADSCs
3.0,533,epithelial_like
3.0,534,hADSCs
3.0,535,hADSCs
3.0,536,hADSCs
3.0,537,ambiguous
3.0,538,hADSCs
3.0,539,hADSCs
3.0,540,hADSCs
3.0,541,hADSCs
3.0,542,hADSCs
3.0,543,intermediate_plastic
3.0,544,hADSCs
3.0,545,hADSCs
3.0,546,hADSCs
3.0,547,hADSCs
3.0,548,hADSCs
3.0,549,intermediate_plastic
3.0,550,hADSCs
3.0,551,hADSCs
3.0,552,hADSCs
3.0,553,intermediate_plastic
3.0,554,hADSCs
3.0,555,hADSCs
3.0,556,hADSCs
3.0,557,hADSCs
3.0,558,hADSCs
3.0,559,hADSCs
3.0,560,hADSCs
3.0,561,hADSCs
3.0,562,hADSCs
3.0,563,hADSCs
3.0,564,hADSCs
3.0,565,intermediate_plastic
3.0,566,hADSCs
3.0,567,hADSCs
3.0,568,hADSCs
3.0,569,hADSCs
3.0,570,hADSCs
3.0,571,hADSCs
3.0,572,hADSCs
3.0,573,ambiguous
3.0,574,hADSCs
3.0,575,intermediate_plastic
3.0,576,hADSCs
3.0,577,hADSCs
3.0,578,ambiguous
3.0,579,hADSCs
3.0,580,hADSCs
3.0,581,hADSCs
3.0,582,intermediate_plastic
3.0,583,hADSCs
3.0,584,intermediate_plastic
3.0,585,epithelial_like
3.0,586,hADSCs
3.0,587,hADSCs
3.0,588,intermediate_plastic
3.0,589,hADSCs
3.0,590,hADSCs
3.0,591,hADSCs
3.0,592,hADSCs
3.0,593,intermediate_plastic
3.0,594,hADSCs
3.0,595,hADSCs
3.0,596,hADSCs
3.0,597,hADSCs
3.0,598,hADSCs
3.0,599,hADSCs
3.0,600,hADSCs
3.0,601,hADSCs
3.0,602,intermediate_plastic
3.0,603,intermediate_plastic
3.0,604,hADSCs
3.0,605,hADSCs
3.0,606,hADSCs
3.0,607,hADSCs
3.0,608,hADSCs
3.0,609,hADSCs
3.0,610,intermediate_plastic
3.0,611,hADSCs
3.0,612,hADSCs
3.0,613,hADSCs
3.0,614,hADSCs
3.0,615,ambiguous
3.0,616,hADSCs
3.0,617,hADSCs
3.0,618,ambiguous
3.0,619,hADSCs
3.0,620,hADSCs
3.0,621,hADSCs
3.0,622,hADSCs
3.0,623,intermediate_plastic
3.0,624,hADSCs
3.0,625,intermediate_plastic
3.0,626,hADSCs
3.0,627,epithelial_like
3.0,628,hADSCs
3.0,629,hADSCs
3.0,630,hADSCs
3.0,631,hADSCs
3.0,632,hADSCs
3.0,633,hADSCs
3.0,634,hADSCs
3.0,635,hADSCs
3.0,636,hADSCs
3.0,637,intermediate_plastic
3.0,638,hADSCs
3.0,639,ambiguous
3.0,640,epithelial_like
3.0,641,hADSCs
3.0,642,hADSCs
3.0,643,ambiguous
3.0,644,hADSCs
3.0,645,epithelial_like
3.0,646,hADSCs
3.0,647,hADSCs
3.0,648,hADSCs
3.0,649,hADSCs
3.0,650,hADSCs
3.0,651,hADSCs
3.0,652,epithelial_like
3.0,653,hADSCs
3.0,654,hADSCs
3.0,655,hADSCs
3.0,656,intermediate_plastic
3.0,657,hADSCs
3.0,658,intermediate_plastic
3.0,659,hADSCs
3.0,660,hADSCs
3.0,661,intermediate_plastic
3.0,662,hADSCs
3.0,663,epithelial_like
3.0,664,hADSCs
3.0,665,hADSCs
3.0,666,hADSCs
3.0,667,hADSCs
3.0,668,hADSCs
3.0,669,intermediate_plastic
3.0,670,ambiguous
3.0,671,ambiguous
3.0,672,epithelial_like
3.0,673,hADSCs
3.0,674,hADSCs
3.0,675,hADSCs
3.0,676,hADSCs
3.0,677,hADSCs
3.0,678,hADSCs
3.0,679,hADSCs
3.0,680,hADSCs
3.0,681,intermediate_plastic
3.0,682,hADSCs
3.0,683,hADSCs
3.0,684,hADSCs
3.0,685,hADSCs
3.0,686,hADSCs
3.0,687,hADSCs
3.0,688,epithelial_like
3.0,689,hADSCs
3.0,690,hADSCs
3.0,691,hADSCs
3.0,692,hADSCs
3.0,693,intermediate_plastic
3.0,694,hADSCs
3.0,695,hADSCs
3.0,696,hADSCs
3.0,697,hADSCs
3.0,698,intermediate_plastic
3.0,699,hADSCs
3.0,700,hADSCs
3.0,701,hADSCs
3.0,702,hADSCs
3.0,703,hADSCs
3.0,704,hADSCs
3.0,705,hADSCs
3.0,706,hADSCs
3.0,707,intermediate_plastic
3.0,708,hCiPS
3.0,709,epithelial_like
3.0,710,hADSCs
3.0,711,hADSCs
3.0,712,hADSCs
3.0,713,hADSCs
3.0,714,hADSCs
3.0,715,hADSCs
3.0,716,hADSCs
3.0,717,hADSCs
3.0,718,intermediate_plastic
3.0,719,hADSCs
3.0,720,hADSCs
3.0,721,hADSCs
3.0,722,hADSCs
3.0,723,hADSCs
3.0,724,intermediate_plastic
3.0,725,epithelial_like
3.0,726,hADSCs
3.0,727,hADSCs
3.0,728,hADSCs
3.0,729,hADSCs
3.0,730,hADSCs
3.0,731,hADSCs
3.0,732,intermediate_plastic
3.0,733,hADSCs
3.0,734,hADSCs
3.0,735,hADSCs
3.0,736,hADSCs
3.0,737,hADSCs
3.0,738,hADSCs
3.0,739,hADSCs
3.0,740,hADSCs
3.0,741,hADSCs
3.0,742,hADSCs
3.0,743,hADSCs
3.0,744,hADSCs
3.0,745,hADSCs
3.0,746,hADSCs
3.0,747,hADSCs
3.0,748,hADSCs
3.0,749,hADSCs
3.0,750,hADSCs
3.0,751,hADSCs
3.0,752,hADSCs
3.0,753,hADSCs
3.0,754,hADSCs
3.0,755,hADSCs
3.0,756,hADSCs
3.0,757,hADSCs
3.0,758,hADSCs
3.0,759,hADSCs
3.0,760,hADSCs
3.0,761,hADSCs
3.0,762,hADSCs
3.0,763,hADSCs
3.0,764,hADSCs
3.0,765,hADSCs
3.0,766,hADSCs
3.0,767,epithelial_like
3.0,768,intermediate_plastic
3.0,769,hADSCs
3.0,770,hADSCs
3.0,771,hADSCs
3.0,772,hADSCs
3.0,773,hADSCs
3.0,774,hADSCs
3.0,775,hADSCs
3.0,776,hADSCs
3.0,777,hADSCs
3.0,778,hADSCs
3.0,779,intermediate_plastic
3.0,780,epithelial_like
3.0,781,hADSCs
3.0,782,hADSCs
3.0,783,hADSCs
3.0,784,hADSCs
3.0,785,hADSCs
3.0,786,hADSCs
3.0,787,hADSCs
3.0,788,hADSCs
3.0,789,hADSCs
3.0,790,hADSCs
3.0,791,epithelial_like
3.0,792,epithelial_like
3.0,793,hADSCs
3.0,794,hADSCs
3.0,795,epithelial_like
3.0,796,hADSCs
3.0,797,hADSCs
3.0,798,hADSCs
3.0,799,hADSCs
3.0,800,hADSCs
3.0,801,hADSCs
3.0,802,epithelial_like
3.0,803,intermediate_plastic
3.0,804,hADSCs
3.0,805,hADSCs
3.0,806,epithelial_like
3.0,807,intermediate_plastic
3.0,808,hADSCs
3.0,809,hADSCs
3.0,810,intermediate_plastic
3.0,811,hADSCs
3.0,812,hADSCs
3.0,813,hADSCs
3.0,814,intermediate_plastic
3.0,815,hADSCs
3.0,816,hADSCs
3.0,817,hADSCs
3.0,818,hADSCs
3.0,819,hADSCs
3.0,820,intermediate_plastic
3.0,821,hADSCs
3.0,822,hADSCs
3.0,823,hADSCs
3.0,824,epithelial_like
3.0,825,hADSCs
3.0,826,hADSCs
3.0,827,hADSCs
3.0,828,hADSCs
3.0,829,hADSCs
3.0,830,hADSCs
3.0,831,hADSCs
3.0,832,hADSCs
3.0,833,hADSCs
3.0,834,hADSCs
3.0,835,intermediate_plastic
3.0,836,hADSCs
3.0,837,hADSCs
3.0,838,hADSCs
3.0,839,hADSCs
3.0,840,hADSCs
3.0,841,hADSCs
3.0,842,hADSCs
3.0,843,hADSCs
3.0,844,hADSCs
3.0,845,hADSCs
3.0,846,hADSCs
3.0,847,hADSCs
3.0,848,hADSCs
3.0,849,hADSCs
3.0,850,hADSCs
3.0,851,intermediate_plastic
3.0,852,hADSCs
3.0,853,hADSCs
3.0,854,hADSCs
3.0,855,hADSCs
3.0,856,epithelial_like
3.0,857,ambiguous
3.0,858,hADSCs
3.0,859,hADSCs
3.0,860,hADSCs
3.0,861,hADSCs
3.0,862,hADSCs
3.0,863,hADSCs
3.0,864,intermediate_plastic
3.0,865,hADSCs
3.0,866,hADSCs
3.0,867,epithelial_like
3.0,868,hADSCs
3.0,869,intermediate_plastic
3.0,870,hADSCs
3.0,871,hADSCs
3.0,872,hADSCs
3.0,873,hADSCs
3.0,874,intermediate_plastic
3.0,875,hADSCs
3.0,876,hADSCs
3.0,877,hADSCs
3.0,878,hADSCs
3.0,879,hADSCs
3.0,880,hADSCs
3.0,881,hADSCs
3.0,882,hADSCs
3.0,883,hADSCs
3.0,884,hADSCs
3.0,885,hADSCs
3.0,886,hADSCs
3.0,887,hADSCs
3.0,888,hADSCs
3.0,889,hADSCs
3.0,890,hADSCs
3.0,891,hADSCs
3.0,892,hADSCs
3.0,893,hADSCs
3.0,894,hADSCs
3.0,895,hADSCs
3.0,896,intermediate_plastic
3.0,897,hADSCs
3.0,898,hADSCs
3.0,899,hADSCs
3.0,900,hADSCs
3.0,901,hADSCs
3.0,902,hADSCs
3.0,903,hADSCs
3.0,904,hADSCs
3.0,905,hADSCs
3.0,906,hADSCs
3.0,907,hADSCs
3.0,908,hADSCs
3.0,909,hADSCs
3.0,910,hADSCs
3.0,911,hADSCs
3.0,912,hADSCs
3.0,913,epithelial_like
3.0,914,intermediate_plastic
3.0,915,hADSCs
3.0,916,hADSCs
3.0,917,hADSCs
3.0,918,hADSCs
3.0,919,hADSCs
3.0,920,hADSCs
3.0,921,hADSCs
3.0,922,hADSCs
3.0,923,hADSCs
3.0,924,intermediate_plastic
3.0,925,hADSCs
3.0,926,hADSCs
3.0,927,intermediate_plastic
3.0,928,hADSCs
3.0,929,hADSCs
3.0,930,hADSCs
3.0,931,epithelial_like
3.0,932,hADSCs
3.0,933,hADSCs
3.0,934,hADSCs
3.0,935,hADSCs
3.0,936,hADSCs
3.0,937,intermediate_plastic
3.0,938,epithelial_like
3.0,939,hADSCs
3.0,940,hADSCs
3.0,941,hADSCs
3.0,942,hADSCs
3.0,943,hADSCs
3.0,944,ambiguous
3.0,945,hADSCs
3.0,946,hADSCs
3.0,947,hADSCs
3.0,948,hADSCs
3.0,949,epithelial_like
3.0,950,hADSCs
3.0,951,hADSCs
3.0,952,hADSCs
3.0,953,ambiguous
3.0,954,hADSCs
3.0,955,hADSCs
3.0,956,intermediate_plastic
3.0,957,hADSCs
3.0,958,hADSCs
3.0,959,hADSCs
3.0,960,hADSCs
3.0,961,hADSCs
3.0,962,hADSCs
3.0,963,hADSCs
3.0,964,hADSCs
3.0,965,hADSCs
3.0,966,intermediate_plastic
3.0,967,epithelial_like
3.0,968,hADSCs
3.0,969,epithelial_like
3.0,970,hADSCs
3.0,971,hADSCs
3.0,972,hADSCs
3.0,973,hADSCs
3.0,974,hADSCs
3.0,975,hADSCs
3.0,976,intermediate_plastic
3.0,977,hADSCs
3.0,978,hADSCs
3.0,979,hADSCs
3.0,980,hADSCs
3.0,981,intermediate_plastic
3.0,982,hADSCs
3.0,983,intermediate_plastic
3.0,984,hADSCs
3.0,985,hADSCs
3.0,986,hADSCs
3.0,987,hADSCs
3.0,988,hADSCs
3.0,989,hADSCs
3.0,990,hADSCs
3.0,991,hADSCs
3.0,992,intermediate_plastic
3.0,993,hADSCs
3.0,994,hADSCs
3.0,995,hADSCs
3.0,996,hADSCs
3.0,997,hADSCs
3.0,998,hADSCs
3.0,999,hADSCs
3.0,1000,hADSCs
3.0,1001,hADSCs
3.0,1002,hADSCs
3.0,1003,hADSCs
3.0,1004,hADSCs
3.0,1005,hADSCs
3.0,1006,hADSCs
3.0,1007,hADSCs
3.0,1008,hADSCs
3.0,1009,hADSCs
3.0,1010,hADSCs
3.0,1011,hADSCs
3.0,1012,hADSCs
3.0,1013,intermediate_plastic
3.0,1014,epithelial_like
3.0,1015,hADSCs
3.0,1016,hADSCs
3.0,1017,hADSCs
3.0,1018,hADSCs
3.0,1019,hADSCs
3.0,1020,hADSCs
3.0,1021,hADSCs
3.0,1022,hADSCs
3.0,1023,hADSCs
3.0,1024,hADSCs
3.0,1025,hADSCs
3.0,1026,hADSCs
3.0,1027,epithelial_like
3.0,1028,intermediate_plastic
3.0,1029,hADSCs
3.0,1030,hADSCs
3.0,1031,hADSCs
3.0,1032,hADSCs
3.0,1033,hADSCs
3.0,1034,hADSCs
3.0,1035,hADSCs
3.0,1036,hADSCs
3.0,1037,intermediate_plastic
3.0,1038,hADSCs
3.0,1039,hADSCs
3.0,1040,hADSCs
3.0,1041,ambiguous
3.0,1042,epithelial_like
3.0,1043,hADSCs
3.0,1044,hADSCs
3.0,1045,epithelial_like
3.0,1046,intermediate_plastic
3.0,1047,hADSCs
3.0,1048,hADSCs
3.0,1049,hADSCs
3.0,1050,hADSCs
3.0,1051,hADSCs
3.0,1052,hADSCs
3.0,1053,intermediate_plastic
3.0,1054,epithelial_like
3.0,1055,hADSCs
3.0,1056,hADSCs
3.0,1057,hADSCs
3.0,1058,hADSCs
3.0,1059,hADSCs
3.0,1060,hADSCs
3.0,1061,intermediate_plastic
3.0,1062,hADSCs
3.0,1063,hADSCs
3.0,1064,hADSCs
3.0,1065,hADSCs
3.0,1066,intermediate_plastic
3.0,1067,hADSCs
3.0,1068,hADSCs
3.0,1069,hADSCs
3.0,1070,intermediate_plastic
3.0,1071,hADSCs
3.0,1072,ambiguous
3.0,1073,ambiguous
3.0,1074,hADSCs
3.0,1075,hADSCs
3.0,1076,intermediate_plastic
3.0,1077,hADSCs
3.0,1078,intermediate_plastic
3.0,1079,hADSCs
3.0,1080,hADSCs
3.0,1081,hADSCs
3.0,1082,hADSCs
3.0,1083,hADSCs
3.0,1084,hADSCs
3.0,1085,hADSCs
3.0,1086,hADSCs
3.0,1087,hADSCs
3.0,1088,hADSCs
3.0,1089,hADSCs
3.0,1090,hADSCs
3.0,1091,intermediate_plastic
3.0,1092,hADSCs
3.0,1093,hADSCs
3.0,1094,hADSCs
3.0,1095,hADSCs
3.0,1096,hADSCs
3.0,1097,hADSCs
3.0,1098,hADSCs
3.0,1099,ambiguous
3.0,1100,hADSCs
3.0,1101,hADSCs
3.0,1102,hADSCs
3.0,1103,hADSCs
3.0,1104,hADSCs
3.0,1105,hADSCs
3.0,1106,hADSCs
3.0,1107,hADSCs
3.0,1108,hADSCs
3.0,1109,hADSCs
3.0,1110,hADSCs
3.0,1111,hADSCs
3.0,1112,hADSCs
3.0,1113,hADSCs
3.0,1114,hADSCs
3.0,1115,intermediate_plastic
3.0,1116,ambiguous
3.0,1117,hADSCs
3.0,1118,hADSCs
3.0,1119,hADSCs
3.0,1120,intermediate_plastic
3.0,1121,hADSCs
3.0,1122,epithelial_like
3.0,1123,hADSCs
3.0,1124,hADSCs
3.0,1125,intermediate_plastic
3.0,1126,intermediate_plastic
3.0,1127,hADSCs
3.0,1128,hADSCs
3.0,1129,hADSCs
3.0,1130,hADSCs
3.0,1131,hADSCs
3.0,1132,intermediate_plastic
3.0,1133,hADSCs
3.0,1134,hADSCs
3.0,1135,hADSCs
3.0,1136,hADSCs
3.0,1137,hADSCs
3.0,1138,hADSCs
3.0,1139,epithelial_like
3.0,1140,hADSCs
3.0,1141,intermediate_plastic
3.0,1142,hADSCs
3.0,1143,hADSCs
3.0,1144,hADSCs
3.0,1145,ambiguous
3.0,1146,hADSCs
3.0,1147,hADSCs
3.0,1148,hADSCs
3.0,1149,hADSCs
3.0,1150,hADSCs
3.0,1151,ambiguous
3.0,1152,hADSCs
3.0,1153,hADSCs
3.0,1154,hADSCs
3.0,1155,hADSCs
3.0,1156,ambiguous
3.0,1157,hADSCs
3.0,1158,hADSCs
3.0,1159,hADSCs
3.0,1160,hADSCs
3.0,1161,hADSCs
3.0,1162,intermediate_plastic
3.0,1163,hADSCs
3.0,1164,hADSCs
3.0,1165,hADSCs
3.0,1166,hADSCs
3.0,1167,hADSCs
3.0,1168,hADSCs
3.0,1169,hADSCs
3.0,1170,epithelial_like
3.0,1171,hADSCs
3.0,1172,hADSCs
3.0,1173,hADSCs
3.0,1174,hADSCs
3.0,1175,hADSCs
3.0,1176,hADSCs
3.0,1177,hADSCs
3.0,1178,ambiguous
3.0,1179,hADSCs
3.0,1180,hADSCs
3.0,1181,hADSCs
3.0,1182,hADSCs
3.0,1183,intermediate_plastic
3.0,1184,hADSCs
3.0,1185,hADSCs
3.0,1186,hADSCs
3.0,1187,hADSCs
3.0,1188,hADSCs
3.0,1189,hADSCs
3.0,1190,hADSCs
3.0,1191,hADSCs
3.0,1192,epithelial_like
3.0,1193,hADSCs
3.0,1194,hADSCs
3.0,1195,hADSCs
3.0,1196,hADSCs
3.0,1197,hADSCs
3.0,1198,ambiguous
3.0,1199,hADSCs
3.0,1200,hADSCs
3.0,1201,hADSCs
3.0,1202,hADSCs
3.0,1203,hADSCs
3.0,1204,hADSCs
3.0,1205,hADSCs
3.0,1206,hADSCs
3.0,1207,hADSCs
3.0,1208,hADSCs
3.0,1209,hADSCs
3.0,1210,hADSCs
3.0,1211,hADSCs
3.0,1212,intermediate_plastic
3.0,1213,hADSCs
3.0,1214,hADSCs
3.0,1215,hADSCs
3.0,1216,hADSCs
3.0,1217,hADSCs
3.0,1218,intermediate_plastic
3.0,1219,hADSCs
3.0,1220,hADSCs
3.0,1221,hADSCs
3.0,1222,hADSCs
3.0,1223,hADSCs
3.0,1224,hADSCs
3.0,1225,epithelial_like
3.0,1226,hADSCs
3.0,1227,intermediate_plastic
3.0,1228,hADSCs
3.0,1229,hADSCs
3.0,1230,hADSCs
3.0,1231,hADSCs
3.0,1232,intermediate_plastic
3.0,1233,intermediate_plastic
3.0,1234,hADSCs
3.0,1235,intermediate_plastic
3.0,1236,intermediate_plastic
3.0,1237,hADSCs
3.0,1238,hADSCs
3.0,1239,hADSCs
3.0,1240,intermediate_plastic
3.0,1241,hADSCs
3.0,1242,hADSCs
3.0,1243,hADSCs
3.0,1244,hADSCs
3.0,1245,hADSCs
3.0,1246,hADSCs
3.0,1247,hADSCs
3.0,1248,hADSCs
3.0,1249,ambiguous
3.0,1250,hADSCs
3.0,1251,hADSCs
3.0,1252,hADSCs
3.0,1253,hADSCs
3.0,1254,intermediate_plastic
3.0,1255,hADSCs
3.0,1256,hADSCs
3.0,1257,hADSCs
3.0,1258,hADSCs
3.0,1259,intermediate_plastic
3.0,1260,hADSCs
3.0,1261,hADSCs
3.0,1262,hADSCs
3.0,1263,intermediate_plastic
3.0,1264,intermediate_plastic
3.0,1265,hADSCs
3.0,1266,hADSCs
3.0,1267,hADSCs
3.0,1268,hADSCs
3.0,1269,hADSCs
3.0,1270,hADSCs
3.0,1271,intermediate_plastic
3.0,1272,hADSCs
3.0,1273,hADSCs
3.0,1274,hADSCs
3.0,1275,epithelial_like
3.0,1276,intermediate_plastic
3.0,1277,hADSCs
3.0,1278,hADSCs
3.0,1279,intermediate_plastic
3.0,1280,hADSCs
3.0,1281,hADSCs
3.0,1282,hADSCs
3.0,1283,hADSCs
3.0,1284,hADSCs
3.0,1285,intermediate_plastic
3.0,1286,epithelial_like
3.0,1287,hADSCs
3.0,1288,epithelial_like
3.0,1289,hADSCs
3.0,1290,hADSCs
3.0,1291,hADSCs
3.0,1292,intermediate_plastic
3.0,1293,hADSCs
3.0,1294,hADSCs
3.0,1295,hADSCs
3.0,1296,hADSCs
3.0,1297,hADSCs
3.0,1298,hADSCs
3.0,1299,hADSCs
3.0,1300,hADSCs
3.0,1301,hADSCs
3.0,1302,hADSCs
3.0,1303,hADSCs
3.0,1304,epithelial_like
3.0,1305,hADSCs
3.0,1306,hADSCs
3.0,1307,intermediate_plastic
3.0,1308,hADSCs
3.0,1309,hADSCs
3.0,1310,intermediate_plastic
3.0,1311,hADSCs
3.0,1312,hADSCs
3.0,1313,hADSCs
3.0,1314,hADSCs
3.0,1315,hADSCs
3.0,1316,hADSCs
3.0,1317,hADSCs
3.0,1318,hADSCs
3.0,1319,hADSCs
3.0,1320,hADSCs
3.0,1321,hADSCs
3.0,1322,hADSCs
3.0,1323,hADSCs
3.0,1324,hADSCs
3.0,1325,intermediate_plastic
3.0,1326,hADSCs
3.0,1327,epithelial_like
3.0,1328,intermediate_plastic
3.0,1329,intermediate_plastic
3.0,1330,hADSCs
3.0,1331,hADSCs
3.0,1332,hADSCs
3.0,1333,hADSCs
3.0,1334,hADSCs
3.0,1335,hADSCs
3.0,1336,hADSCs
3.0,1337,hADSCs
3.0,1338,hADSCs
3.0,1339,epithelial_like
3.0,1340,hADSCs
3.0,1341,epithelial_like
3.0,1342,hADSCs
3.0,1343,hADSCs
3.0,1344,hADSCs
3.0,1345,hADSCs
3.0,1346,hADSCs
3.0,1347,hADSCs
3.0,1348,intermediate_plastic
3.0,1349,hADSCs
3.0,1350,hADSCs
3.0,1351,epithelial_like
3.0,1352,hADSCs
3.0,1353,hADSCs
3.0,1354,hADSCs
3.0,1355,epithelial_like
3.0,1356,hADSCs
3.0,1357,hADSCs
3.0,1358,hADSCs
3.0,1359,intermediate_plastic
3.0,1360,hADSCs
3.0,1361,hADSCs
3.0,1362,hADSCs
3.0,1363,hADSCs
3.0,1364,intermediate_plastic
3.0,1365,hADSCs
3.0,1366,hADSCs
3.0,1367,epithelial_like
3.0,1368,hADSCs
3.0,1369,hADSCs
3.0,1370,hADSCs
3.0,1371,hADSCs
3.0,1372,hADSCs
3.0,1373,epithelial_like
3.0,1374,hADSCs
3.0,1375,hADSCs
3.0,1376,hADSCs
3.0,1377,hADSCs
3.0,1378,hADSCs
3.0,1379,hADSCs
3.0,1380,hADSCs
3.0,1381,hADSCs
3.0,1382,hADSCs
3.0,1383,hADSCs
3.0,1384,hADSCs
3.0,1385,hADSCs
3.0,1386,hADSCs
3.0,1387,hADSCs
3.0,1388,hADSCs
3.0,1389,hADSCs
3.0,1390,epithelial_like
3.0,1391,hADSCs
3.0,1392,hADSCs
3.0,1393,hADSCs
3.0,1394,hADSCs
3.0,1395,epithelial_like
3.0,1396,hADSCs
3.0,1397,hADSCs
3.0,1398,hADSCs
3.0,1399,hADSCs
3.0,1400,intermediate_plastic
3.0,1401,hADSCs
3.0,1402,hADSCs
3.0,1403,hADSCs
3.0,1404,hADSCs
3.0,1405,epithelial_like
3.0,1406,hADSCs
3.0,1407,hADSCs
3.0,1408,hADSCs
3.0,1409,hADSCs
3.0,1410,hADSCs
3.0,1411,hADSCs
3.0,1412,hADSCs
3.0,1413,hADSCs
3.0,1414,hADSCs
3.0,1415,intermediate_plastic
3.0,1416,hADSCs
3.0,1417,ambiguous
3.0,1418,hADSCs
3.0,1419,hADSCs
3.0,1420,intermediate_plastic
3.0,1421,epithelial_like
3.0,1422,hADSCs
3.0,1423,hADSCs
3.0,1424,epithelial_like
3.0,1425,hADSCs
3.0,1426,hADSCs
3.0,1427,hADSCs
3.0,1428,intermediate_plastic
3.0,1429,hADSCs
3.0,1430,intermediate_plastic
3.0,1431,intermediate_plastic
3.0,1432,hADSCs
3.0,1433,hADSCs
3.0,1434,epithelial_like
3.0,1435,hADSCs
3.0,1436,hADSCs
3.0,1437,hADSCs
3.0,1438,ambiguous
3.0,1439,epithelial_like
3.0,1440,hADSCs
3.0,1441,hADSCs
3.0,1442,hADSCs
3.0,1443,hADSCs
3.0,1444,hADSCs
3.0,1445,intermediate_plastic
3.0,1446,hADSCs
3.0,1447,hADSCs
3.0,1448,hADSCs
3.0,1449,intermediate_plastic
3.0,1450,hADSCs
3.0,1451,hADSCs
3.0,1452,intermediate_plastic
3.0,1453,hADSCs
3.0,1454,hADSCs
3.0,1455,hADSCs
3.0,1456,hADSCs
3.0,1457,epithelial_like
3.0,1458,hADSCs
3.0,1459,hADSCs
3.0,1460,hADSCs
3.0,1461,hADSCs
3.0,1462,hADSCs
3.0,1463,hADSCs
3.0,1464,hADSCs
3.0,1465,hADSCs
3.0,1466,hADSCs
3.0,1467,hADSCs
3.0,1468,epithelial_like
3.0,1469,hADSCs
3.0,1470,intermediate_plastic
3.0,1471,hADSCs
3.0,1472,hADSCs
3.0,1473,hADSCs
3.0,1474,hADSCs
3.0,1475,epithelial_like
3.0,1476,hADSCs
3.0,1477,hADSCs
3.0,1478,hADSCs
3.0,1479,hADSCs
3.0,1480,hADSCs
3.0,1481,hADSCs
3.0,1482,hADSCs
3.0,1483,hADSCs
3.0,1484,hADSCs
3.0,1485,hADSCs
3.0,1486,hADSCs
3.0,1487,ambiguous
3.0,1488,hADSCs
3.0,1489,hADSCs
3.0,1490,hADSCs
3.0,1491,hADSCs
3.0,1492,hADSCs
3.0,1493,hADSCs
3.0,1494,hADSCs
3.0,1495,hADSCs
3.0,1496,hADSCs
3.0,1497,hADSCs
3.0,1498,hADSCs
3.0,1499,hADSCs
3.0,1500,hADSCs
3.0,1501,hADSCs
3.0,1502,intermediate_plastic
3.0,1503,hADSCs
3.0,1504,hADSCs
3.0,1505,hADSCs
3.0,1506,hADSCs
3.0,1507,hADSCs
3.0,1508,epithelial_like
3.0,1509,hADSCs
3.0,1510,hADSCs
3.0,1511,hADSCs
3.0,1512,hADSCs
3.0,1513,hADSCs
3.0,1514,hADSCs
3.0,1515,intermediate_plastic
3.0,1516,hADSCs
3.0,1517,intermediate_plastic
3.0,1518,ambiguous
3.0,1519,hADSCs
3.0,1520,hADSCs
3.0,1521,hADSCs
3.0,1522,hADSCs
3.0,1523,intermediate_plastic
3.0,1524,hADSCs
3.0,1525,hADSCs
3.0,1526,hADSCs
3.0,1527,hADSCs
3.0,1528,hADSCs
3.0,1529,hADSCs
3.0,1530,hADSCs
3.0,1531,intermediate_plastic
3.0,1532,hADSCs
3.0,1533,intermediate_plastic
3.0,1534,hADSCs
3.0,1535,hADSCs
3.0,1536,hADSCs
3.0,1537,hADSCs
3.0,1538,hADSCs
3.0,1539,hADSCs
3.0,1540,hADSCs
3.0,1541,hADSCs
3.0,1542,hADSCs
3.0,1543,hADSCs
3.0,1544,ambiguous
3.0,1545,hADSCs
3.0,1546,hADSCs
3.0,1547,hADSCs
3.0,1548,hADSCs
3.0,1549,ambiguous
3.0,1550,hADSCs
3.0,1551,hADSCs
3.0,1552,hADSCs
3.0,1553,hADSCs
3.0,1554,hADSCs
3.0,1555,hADSCs
3.0,1556,intermediate_plastic
3.0,1557,hADSCs
3.0,1558,hADSCs
3.0,1559,ambiguous
3.0,1560,hADSCs
3.0,1561,hADSCs
3.0,1562,hADSCs
3.0,1563,ambiguous
3.0,1564,hADSCs
3.0,1565,intermediate_plastic
3.0,1566,hADSCs
3.0,1567,epithelial_like
3.0,1568,hADSCs
3.0,1569,intermediate_plastic
3.0,1570,hADSCs
3.0,1571,epithelial_like
3.0,1572,hADSCs
3.0,1573,hADSCs
3.0,1574,hADSCs
3.0,1575,hADSCs
3.0,1576,hADSCs
3.0,1577,hADSCs
3.0,1578,intermediate_plastic
3.0,1579,hADSCs
3.0,1580,intermediate_plastic
3.0,1581,hADSCs
3.0,1582,hADSCs
3.0,1583,hADSCs
3.0,1584,hADSCs
3.0,1585,hADSCs
3.0,1586,hADSCs
3.0,1587,hADSCs
3.0,1588,hADSCs
3.0,1589,hADSCs
3.0,1590,hADSCs
3.0,1591,hADSCs
3.0,1592,hADSCs
3.0,1593,hADSCs
3.0,1594,hADSCs
3.0,1595,hADSCs
3.0,1596,hADSCs
3.0,1597,intermediate_plastic
3.0,1598,epithelial_like
3.0,1599,epithelial_like
3.0,1600,hCiPS
3.0,1601,hADSCs
3.0,1602,ambiguous
3.0,1603,hADSCs
3.0,1604,hADSCs
3.0,1605,hADSCs
3.0,1606,hADSCs
3.0,1607,intermediate_plastic
3.0,1608,hADSCs
3.0,1609,hADSCs
3.0,1610,hADSCs
3.0,1611,intermediate_plastic
3.0,1612,intermediate_plastic
3.0,1613,hADSCs
3.0,1614,hADSCs
3.0,1615,hADSCs
3.0,1616,epithelial_like
3.0,1617,hADSCs
3.0,1618,hADSCs
3.0,1619,hADSCs
3.0,1620,hADSCs
3.0,1621,hADSCs
3.0,1622,hADSCs
3.0,1623,hADSCs
3.0,1624,hADSCs
3.0,1625,hADSCs
3.0,1626,hADSCs
3.0,1627,hADSCs
3.0,1628,hADSCs
3.0,1629,hADSCs
3.0,1630,hADSCs
3.0,1631,hADSCs
3.0,1632,hADSCs
3.0,1633,hADSCs
3.0,1634,hADSCs
3.0,1635,hADSCs
3.0,1636,hADSCs
3.0,1637,hADSCs
3.0,1638,ambiguous
3.0,1639,hADSCs
3.0,1640,hADSCs
3.0,1641,hADSCs
3.0,1642,hADSCs
3.0,1643,hADSCs
3.0,1644,intermediate_plastic
3.0,1645,hADSCs
3.0,1646,hADSCs
3.0,1647,hADSCs
3.0,1648,hADSCs
3.0,1649,intermediate_plastic
3.0,1650,hADSCs
3.0,1651,hADSCs
3.0,1652,hADSCs
3.0,1653,hADSCs
3.0,1654,hADSCs
3.0,1655,intermediate_plastic
3.0,1656,hADSCs
3.0,1657,hADSCs
3.0,1658,intermediate_plastic
3.0,1659,hADSCs
3.0,1660,hADSCs
3.0,1661,hADSCs
3.0,1662,hADSCs
3.0,1663,hADSCs
3.0,1664,hADSCs
3.0,1665,hADSCs
3.0,1666,epithelial_like
3.0,1667,hADSCs
3.0,1668,hADSCs
3.0,1669,hADSCs
3.0,1670,hADSCs
3.0,1671,hADSCs
3.0,1672,hADSCs
3.0,1673,hADSCs
3.0,1674,hADSCs
3.0,1675,hADSCs
3.0,1676,hADSCs
3.0,1677,hADSCs
3.0,1678,hADSCs
3.0,1679,hADSCs
3.0,1680,hADSCs
3.0,1681,ambiguous
3.0,1682,ambiguous
3.0,1683,hADSCs
3.0,1684,hADSCs
3.0,1685,hADSCs
3.0,1686,hADSCs
3.0,1687,hADSCs
3.0,1688,hADSCs
3.0,1689,hADSCs
3.0,1690,hADSCs
3.0,1691,hADSCs
3.0,1692,hADSCs
3.0,1693,epithelial_like
3.0,1694,hADSCs
3.0,1695,hADSCs
3.0,1696,hADSCs
3.0,1697,hADSCs
3.0,1698,hADSCs
3.0,1699,epithelial_like
3.0,1700,hADSCs
3.0,1701,hADSCs
3.0,1702,epithelial_like
3.0,1703,epithelial_like
3.0,1704,hADSCs
3.0,1705,hADSCs
3.0,1706,epithelial_like
3.0,1707,hADSCs
3.0,1708,hADSCs
3.0,1709,intermediate_plastic
3.0,1710,hADSCs
3.0,1711,hADSCs
3.0,1712,hADSCs
3.0,1713,hADSCs
3.0,1714,intermediate_plastic
3.0,1715,hADSCs
3.0,1716,hADSCs
3.0,1717,hADSCs
3.0,1718,hADSCs
3.0,1719,hADSCs
3.0,1720,hADSCs
3.0,1721,hADSCs
3.0,1722,epithelial_like
3.0,1723,epithelial_like
3.0,1724,hADSCs
3.0,1725,epithelial_like
3.0,1726,hADSCs
3.0,1727,hADSCs
3.0,1728,hADSCs
3.0,1729,intermediate_plastic
3.0,1730,hADSCs
3.0,1731,intermediate_plastic
3.0,1732,hADSCs
3.0,1733,hADSCs
3.0,1734,hADSCs
3.0,1735,hADSCs
3.0,1736,hADSCs
3.0,1737,hADSCs
3.0,1738,epithelial_like
3.0,1739,hADSCs
3.0,1740,hADSCs
3.0,1741,hADSCs
3.0,1742,hADSCs
3.0,1743,hADSCs
3.0,1744,hADSCs
3.0,1745,hADSCs
3.0,1746,hADSCs
3.0,1747,hADSCs
3.0,1748,hADSCs
3.0,1749,hADSCs
3.0,1750,hADSCs
3.0,1751,hADSCs
3.0,1752,hADSCs
3.0,1753,intermediate_plastic
3.0,1754,hADSCs
3.0,1755,hADSCs
3.0,1756,hADSCs
3.0,1757,hADSCs
3.0,1758,intermediate_plastic
3.0,1759,ambiguous
3.0,1760,hADSCs
3.0,1761,hADSCs
3.0,1762,intermediate_plastic
3.0,1763,ambiguous
3.0,1764,hADSCs
3.0,1765,hADSCs
3.0,1766,epithelial_like
3.0,1767,hADSCs
3.0,1768,hCiPS
3.0,1769,hADSCs
3.0,1770,intermediate_plastic
3.0,1771,hADSCs
3.0,1772,hADSCs
3.0,1773,hADSCs
3.0,1774,hADSCs
3.0,1775,hADSCs
3.0,1776,hADSCs
3.0,1777,epithelial_like
3.0,1778,hADSCs
3.0,1779,hADSCs
3.0,1780,hADSCs
3.0,1781,hADSCs
3.0,1782,hADSCs
3.0,1783,hADSCs
3.0,1784,ambiguous
3.0,1785,hADSCs
3.0,1786,hADSCs
3.0,1787,hADSCs
3.0,1788,hADSCs
3.0,1789,hADSCs
3.0,1790,hADSCs
3.0,1791,hADSCs
3.0,1792,hADSCs
3.0,1793,hADSCs
3.0,1794,hADSCs
3.0,1795,hADSCs
3.0,1796,hADSCs
3.0,1797,hADSCs
3.0,1798,hADSCs
3.0,1799,intermediate_plastic
3.0,1800,hADSCs
3.0,1801,hCiPS
3.0,1802,hADSCs
3.0,1803,hADSCs
3.0,1804,hADSCs
3.0,1805,hADSCs
3.0,1806,hADSCs
3.0,1807,hADSCs
3.0,1808,hADSCs
3.0,1809,hADSCs
3.0,1810,hADSCs
3.0,1811,intermediate_plastic
3.0,1812,hADSCs
3.0,1813,hADSCs
3.0,1814,hADSCs
3.0,1815,hADSCs
3.0,1816,hADSCs
3.0,1817,hADSCs
3.0,1818,hADSCs
3.0,1819,hADSCs
3.0,1820,hADSCs
3.0,1821,hADSCs
3.0,1822,hADSCs
3.0,1823,intermediate_plastic
3.0,1824,hADSCs
3.0,1825,hADSCs
3.0,1826,hADSCs
3.0,1827,hADSCs
3.0,1828,intermediate_plastic
3.0,1829,hADSCs
3.0,1830,hADSCs
3.0,1831,hADSCs
3.0,1832,hADSCs
3.0,1833,hADSCs
3.0,1834,epithelial_like
3.0,1835,hADSCs
3.0,1836,hADSCs
3.0,1837,hADSCs
3.0,1838,epithelial_like
3.0,1839,hADSCs
3.0,1840,intermediate_plastic
3.0,1841,hADSCs
3.0,1842,hADSCs
3.0,1843,hADSCs
3.0,1844,hADSCs
3.0,1845,intermediate_plastic
3.0,1846,hADSCs
3.0,1847,hADSCs
3.0,1848,hADSCs
3.0,1849,hADSCs
3.0,1850,hADSCs
3.0,1851,hADSCs
3.0,1852,hADSCs
3.0,1853,hADSCs
3.0,1854,intermediate_plastic
3.0,1855,epithelial_like
3.0,1856,hADSCs
3.0,1857,hADSCs
3.0,1858,hADSCs
3.0,1859,hADSCs
3.0,1860,hADSCs
3.0,1861,epithelial_like
3.0,1862,hADSCs
3.0,1863,hADSCs
3.0,1864,hADSCs
3.0,1865,hCiPS
3.0,1866,hADSCs
3.0,1867,hADSCs
3.0,1868,hADSCs
3.0,1869,hADSCs
3.0,1870,hADSCs
3.0,1871,hADSCs
3.0,1872,hADSCs
3.0,1873,hADSCs
3.0,1874,hADSCs
3.0,1875,hADSCs
3.0,1876,hADSCs
3.0,1877,hADSCs
3.0,1878,hADSCs
3.0,1879,hADSCs
3.0,1880,hADSCs
3.0,1881,hADSCs
3.0,1882,hADSCs
3.0,1883,hADSCs
3.0,1884,hADSCs
3.0,1885,hADSCs
3.0,1886,hADSCs
3.0,1887,hADSCs
3.0,1888,hADSCs
3.0,1889,hADSCs
3.0,1890,hADSCs
3.0,1891,hADSCs
3.0,1892,hADSCs
3.0,1893,hADSCs
3.0,1894,hADSCs
3.0,1895,hADSCs
3.0,1896,hADSCs
3.0,1897,hADSCs
3.0,1898,hADSCs
3.0,1899,hADSCs
3.0,1900,hADSCs
3.0,1901,hADSCs
3.0,1902,hADSCs
3.0,1903,hADSCs
3.0,1904,epithelial_like
3.0,1905,hADSCs
3.0,1906,hADSCs
3.0,1907,hADSCs
3.0,1908,hADSCs
3.0,1909,hADSCs
3.0,1910,epithelial_like
3.0,1911,hADSCs
3.0,1912,hADSCs
3.0,1913,hADSCs
3.0,1914,hADSCs
3.0,1915,hADSCs
3.0,1916,hADSCs
3.0,1917,hADSCs
3.0,1918,hADSCs
3.0,1919,hADSCs
3.0,1920,hADSCs
3.0,1921,epithelial_like
3.0,1922,hADSCs
3.0,1923,hADSCs
3.0,1924,hADSCs
3.0,1925,hADSCs
3.0,1926,hADSCs
3.0,1927,epithelial_like
3.0,1928,hADSCs
3.0,1929,hADSCs
3.0,1930,hADSCs
3.0,1931,hADSCs
3.0,1932,hADSCs
3.0,1933,hADSCs
3.0,1934,hADSCs
3.0,1935,hADSCs
3.0,1936,epithelial_like
3.0,1937,hADSCs
3.0,1938,hADSCs
3.0,1939,hADSCs
3.0,1940,hADSCs
3.0,1941,intermediate_plastic
3.0,1942,hADSCs
3.0,1943,ambiguous
3.0,1944,hADSCs
3.0,1945,epithelial_like
3.0,1946,hADSCs
3.0,1947,intermediate_plastic
3.0,1948,hADSCs
3.0,1949,hADSCs
3.0,1950,ambiguous
3.0,1951,intermediate_plastic
3.0,1952,hADSCs
3.0,1953,hADSCs
3.0,1954,hADSCs
3.0,1955,epithelial_like
3.0,1956,hADSCs
3.0,1957,hADSCs
3.0,1958,hADSCs
3.0,1959,hADSCs
3.0,1960,hADSCs
3.0,1961,hADSCs
3.0,1962,hADSCs
3.0,1963,intermediate_plastic
3.0,1964,hADSCs
3.0,1965,hADSCs
3.0,1966,intermediate_plastic
3.0,1967,hADSCs
3.0,1968,hADSCs
3.0,1969,intermediate_plastic
3.0,1970,intermediate_plastic
3.0,1971,hADSCs
3.0,1972,hADSCs
3.0,1973,hADSCs
3.0,1974,epithelial_like
3.0,1975,hADSCs
3.0,1976,hADSCs
3.0,1977,hADSCs
3.0,1978,hADSCs
3.0,1979,hADSCs
3.0,1980,hADSCs
3.0,1981,hADSCs
3.0,1982,hADSCs
3.0,1983,intermediate_plastic
3.0,1984,epithelial_like
3.0,1985,hADSCs
3.0,1986,ambiguous
3.0,1987,hADSCs
3.0,1988,hADSCs
3.0,1989,hADSCs
3.0,1990,hADSCs
3.0,1991,hADSCs
3.0,1992,ambiguous
3.0,1993,hADSCs
3.0,1994,hADSCs
3.0,1995,hADSCs
3.0,1996,hADSCs
3.0,1997,hADSCs
3.0,1998,hADSCs
3.0,1999,hADSCs
7.0,0,xen_like
7.0,1,epithelial_like
7.0,2,xen_like
7.0,3,intermediate_plastic
7.0,4,xen_like
7.0,5,ambiguous
7.0,6,xen_like
7.0,7,ambiguous
7.0,8,intermediate_plastic
7.0,9,intermediate_plastic
7.0,10,epithelial_like
7.0,11,ambiguous
7.0,12,epithelial_like
7.0,13,xen_like
7.0,14,intermediate_plastic
7.0,15,intermediate_plastic
7.0,16,intermediate_plastic
7.0,17,xen_like
7.0,18,epithelial_like
7.0,19,xen_like
7.0,20,ambiguous
7.0,21,epithelial_like
7.0,22,intermediate_plastic
7.0,23,xen_like
7.0,24,epithelial_like
7.0,25,epithelial_like
7.0,26,epithelial_like
7.0,27,epithelial_like
7.0,28,hADSCs
7.0,29,xen_like
7.0,30,xen_like
7.0,31,xen_like
7.0,32,epithelial_like
7.0,33,xen_like
7.0,34,epithelial_like
7.0,35,hADSCs
7.0,36,epithelial_like
7.0,37,intermediate_plastic
7.0,38,epithelial_like
7.0,39,epithelial_like
7.0,40,hCiPS
7.0,41,hCiPS
7.0,42,hCiPS
7.0,43,intermediate_plastic
7.0,44,xen_like
7.0,45,xen_like
7.0,46,epithelial_like
7.0,47,intermediate_plastic
7.0,48,epithelial_like
7.0,49,xen_like
7.0,50,xen_like
7.0,51,epithelial_like
7.0,52,hCiPS
7.0,53,hCiPS
7.0,54,xen_like
7.0,55,epithelial_like
7.0,56,epithelial_like
7.0,57,epithelial_like
7.0,58,ambiguous
7.0,59,hCiPS
7.0,60,intermediate_plastic
7.0,61,epithelial_like
7.0,62,epithelial_like
7.0,63,intermediate_plastic
7.0,64,epithelial_like
7.0,65,xen_like
7.0,66,xen_like
7.0,67,epithelial_like
7.0,68,xen_like
7.0,69,epithelial_like
7.0,70,xen_like
7.0,71,epithelial_like
7.0,72,hCiPS
7.0,73,epithelial_like
7.0,74,epithelial_like
7.0,75,hCiPS
7.0,76,epithelial_like
7.0,77,epithelial_like
7.0,78,xen_like
7.0,79,xen_like
7.0,80,epithelial_like
7.0,81,epithelial_like
7.0,82,xen_like
7.0,83,intermediate_plastic
7.0,84,xen_like
7.0,85,intermediate_plastic
7.0,86,epithelial_like
7.0,87,epithelial_like
7.0,88,xen_like
7.0,89,hCiPS
7.0,90,epithelial_like
7.0,91,epithelial_like
7.0,92,intermediate_plastic
7.0,93,xen_like
7.0,94,epithelial_like
7.0,95,xen_like
7.0,96,epithelial_like
7.0,97,xen_like
7.0,98,epithelial_like
7.0,99,epithelial_like
7.0,100,ambiguous
7.0,101,intermediate_plastic
7.0,102,xen_like
7.0,103,epithelial_like
7.0,104,xen_like
7.0,105,hCiPS
7.0,106,xen_like
7.0,107,intermediate_plastic
7.0,108,ambiguous
7.0,109,xen_like
7.0,110,epithelial_like
7.0,111,epithelial_like
7.0,112,ambiguous
7.0,113,epithelial_like
7.0,114,epithelial_like
7.0,115,hCiPS
7.0,116,epithelial_like
7.0,117,epithelial_like
7.0,118,xen_like
7.0,119,intermediate_plastic
7.0,120,intermediate_plastic
7.0,121,ambiguous
7.0,122,epithelial_like
7.0,123,xen_like
7.0,124,epithelial_like
7.0,125,xen_like
7.0,126,epithelial_like
7.0,127,epithelial_like
7.0,128,epithelial_like
7.0,129,epithelial_like
7.0,130,epithelial_like
7.0,131,hCiPS
7.0,132,xen_like
7.0,133,xen_like
7.0,134,xen_like
7.0,135,epithelial_like
7.0,136,xen_like
7.0,137,hCiPS
7.0,138,xen_like
7.0,139,hCiPS
7.0,140,hCiPS
7.0,141,xen_like
7.0,142,intermediate_plastic
7.0,143,epithelial_like
7.0,144,intermediate_plastic
7.0,145,xen_like
7.0,146,epithelial_like
7.0,147,epithelial_like
7.0,148,epithelial_like
7.0,149,ambiguous
7.0,150,xen_like
7.0,151,epithelial_like
7.0,152,epithelial_like
7.0,153,epithelial_like
7.0,154,intermediate_plastic
7.0,155,epithelial_like
7.0,156,epithelial_like
7.0,157,xen_like
7.0,158,xen_like
7.0,159,epithelial_like
7.0,160,epithelial_like
7.0,161,xen_like
7.0,162,xen_like
7.0,163,epithelial_like
7.0,164,epithelial_like
7.0,165,xen_like
7.0,166,xen_like
7.0,167,intermediate_plastic
7.0,168,xen_like
7.0,169,epithelial_like
7.0,170,epithelial_like
7.0,171,epithelial_like
7.0,172,intermediate_plastic
7.0,173,intermediate_plastic
7.0,174,hCiPS
7.0,175,intermediate_plastic
7.0,176,xen_like
7.0,177,xen_like
7.0,178,epithelial_like
7.0,179,epithelial_like
7.0,180,xen_like
7.0,181,intermediate_plastic
7.0,182,hCiPS
7.0,183,epithelial_like
7.0,184,epithelial_like
7.0,185,xen_like
7.0,186,epithelial_like
7.0,187,epithelial_like
7.0,188,xen_like
7.0,189,intermediate_plastic
7.0,190,xen_like
7.0,191,xen_like
7.0,192,intermediate_plastic
7.0,193,ambiguous
7.0,194,epithelial_like
7.0,195,intermediate_plastic
7.0,196,epithelial_like
7.0,197,epithelial_like
7.0,198,hADSCs
7.0,199,epithelial_like
7.0,200,epithelial_like
7.0,201,xen_like
7.0,202,intermediate_plastic
7.0,203,epithelial_like
7.0,204,epithelial_like
7.0,205,xen_like
7.0,206,epithelial_like
7.0,207,xen_like
7.0,208,xen_like
7.0,209,xen_like
7.0,210,xen_like
7.0,211,xen_like
7.0,212,ambiguous
7.0,213,xen_like
7.0,214,intermediate_plastic
7.0,215,xen_like
7.0,216,hCiPS
7.0,217,intermediate_plastic
7.0,218,intermediate_plastic
7.0,219,hCiPS
7.0,220,xen_like
7.0,221,epithelial_like
7.0,222,intermediate_plastic
7.0,223,hADSCs
7.0,224,epithelial_like
7.0,225,intermediate_plastic
7.0,226,intermediate_plastic
7.0,227,xen_like
7.0,228,ambiguous
7.0,229,xen_like
7.0,230,epithelial_like
7.0,231,hCiPS
7.0,232,epithelial_like
7.0,233,xen_like
7.0,234,hCiPS
7.0,235,intermediate_plastic
7.0,236,xen_like
7.0,237,epithelial_like
7.0,238,epithelial_like
7.0,239,epithelial_like
7.0,240,xen_like
7.0,241,xen_like
7.0,242,epithelial_like
7.0,243,hCiPS
7.0,244,xen_like
7.0,245,epithelial_like
7.0,246,intermediate_plastic
7.0,247,epithelial_like
7.0,248,xen_like
7.0,249,epithelial_like
7.0,250,epithelial_like
7.0,251,epithelial_like
7.0,252,epithelial_like
7.0,253,epithelial_like
7.0,254,xen_like
7.0,255,epithelial_like
7.0,256,epithelial_like
7.0,257,intermediate_plastic
7.0,258,xen_like
7.0,259,hCiPS
7.0,260,hCiPS
7.0,261,hCiPS
7.0,262,epithelial_like
7.0,263,xen_like
7.0,264,epithelial_like
7.0,265,epithelial_like
7.0,266,intermediate_plastic
7.0,267,epithelial_like
7.0,268,xen_like
7.0,269,xen_like
7.0,270,epithelial_like
7.0,271,xen_like
7.0,272,xen_like
7.0,273,xen_like
7.0,274,intermediate_plastic
7.0,275,xen_like
7.0,276,epithelial_like
7.0,277,epithelial_like
7.0,278,epithelial_like
7.0,279,xen_like
7.0,280,epithelial_like
7.0,281,epithelial_like
7.0,282,epithelial_like
7.0,283,epithelial_like
7.0,284,ambiguous
7.0,285,hCiPS
7.0,286,epithelial_like
7.0,287,xen_like
7.0,288,xen_like
7.0,289,xen_like
7.0,290,epithelial_like
7.0,291,epithelial_like
7.0,292,hCiPS
7.0,293,hCiPS
7.0,294,hCiPS
7.0,295,epithelial_like
7.0,296,epithelial_like
7.0,297,epithelial_like
7.0,298,epithelial_like
7.0,299,xen_like
7.0,300,epithelial_like
7.0,301,epithelial_like
7.0,302,intermediate_plastic
7.0,303,xen_like
7.0,304,hCiPS
7.0,305,epithelial_like
7.0,306,epithelial_like
7.0,307,xen_like
7.0,308,ambiguous
7.0,309,intermediate_plastic
7.0,310,epithelial_like
7.0,311,hCiPS
7.0,312,epithelial_like
7.0,313,epithelial_like
7.0,314,epithelial_like
7.0,315,epithelial_like
7.0,316,xen_like
7.0,317,epithelial_like
7.0,318,xen_like
7.0,319,ambiguous
7.0,320,xen_like
7.0,321,epithelial_like
7.0,322,hCiPS
7.0,323,xen_like
7.0,324,xen_like
7.0,325,epithelial_like
7.0,326,intermediate_plastic
7.0,327,epithelial_like
7.0,328,ambiguous
7.0,329,epithelial_like
7.0,330,intermediate_plastic
7.0,331,epithelial_like
7.0,332,intermediate_plastic
7.0,333,epithelial_like
7.0,334,epithelial_like
7.0,335,epithelial_like
7.0,336,hCiPS
7.0,337,epithelial_like
7.0,338,xen_like
7.0,339,epithelial_like
7.0,340,epithelial_like
7.0,341,intermediate_plastic
7.0,342,intermediate_plastic
7.0,343,hADSCs
7.0,344,epithelial_like
7.0,345,xen_like
7.0,346,epithelial_like
7.0,347,ambiguous
7.0,348,epithelial_like
7.0,349,epithelial_like
7.0,350,intermediate_plastic
7.0,351,epithelial_like
7.0,352,hCiPS
7.0,353,intermediate_plastic
7.0,354,xen_like
7.0,355,epithelial_like
7.0,356,intermediate_plastic
7.0,357,hCiPS
7.0,358,epithelial_like
7.0,359,hCiPS
7.0,360,xen_like
7.0,361,intermediate_plastic
7.0,362,intermediate_plastic
7.0,363,xen_like
7.0,364,epithelial_like
7.0,365,hCiPS
7.0,366,epithelial_like
7.0,367,xen_like
7.0,368,hCiPS
7.0,369,xen_like
7.0,370,epithelial_like
7.0,371,epithelial_like
7.0,372,epithelial_like
7.0,373,epithelial_like
7.0,374,hADSCs
7.0,375,ambiguous
7.0,376,epithelial_like
7.0,377,epithelial_like
7.0,378,epithelial_like
7.0,379,xen_like
7.0,380,hADSCs
7.0,381,epithelial_like
7.0,382,epithelial_like
7.0,383,epithelial_like
7.0,384,epithelial_like
7.0,385,epithelial_like
7.0,386,xen_like
7.0,387,epithelial_like
7.0,388,xen_like
7.0,389,intermediate_plastic
7.0,390,epithelial_like
7.0,391,xen_like
7.0,392,intermediate_plastic
7.0,393,intermediate_plastic
7.0,394,xen_like
7.0,395,hADSCs
7.0,396,hCiPS
7.0,397,intermediate_plastic
7.0,398,epithelial_like
7.0,399,epithelial_like
7.0,400,epithelial_like
7.0,401,ambiguous
7.0,402,hCiPS
7.0,403,hCiPS
7.0,404,epithelial_like
7.0,405,epithelial_like
7.0,406,hCiPS
7.0,407,epithelial_like
7.0,408,epithelial_like
7.0,409,epithelial_like
7.0,410,epithelial_like
7.0,411,intermediate_plastic
7.0,412,intermediate_plastic
7.0,413,intermediate_plastic
7.0,414,hCiPS
7.0,415,epithelial_like
7.0,416,hCiPS
7.0,417,xen_like
7.0,418,epithelial_like
7.0,419,hCiPS
7.0,420,xen_like
7.0,421,epithelial_like
7.0,422,intermediate_plastic
7.0,423,hCiPS
7.0,424,epithelial_like
7.0,425,epithelial_like
7.0,426,hADSCs
7.0,427,xen_like
7.0,428,xen_like
7.0,429,epithelial_like
7.0,430,xen_like
7.0,431,xen_like
7.0,432,xen_like
7.0,433,intermediate_plastic
7.0,434,intermediate_plastic
7.0,435,xen_like
7.0,436,xen_like
7.0,437,hCiPS
7.0,438,epithelial_like
7.0,439,epithelial_like
7.0,440,intermediate_plastic
7.0,441,intermediate_plastic
7.0,442,xen_like
7.0,443,epithelial_like
7.0,444,xen_like
7.0,445,xen_like
7.0,446,ambiguous
7.0,447,ambiguous
7.0,448,hCiPS
7.0,449,intermediate_plastic
7.0,450,hADSCs
7.0,451,epithelial_like
7.0,452,xen_like
7.0,453,epithelial_like
7.0,454,epithelial_like
7.0,455,epithelial_like
7.0,456,xen_like
7.0,457,epithelial_like
7.0,458,xen_like
7.0,459,xen_like
7.0,460,xen_like
7.0,461,xen_like
7.0,462,xen_like
7.0,463,xen_like
7.0,464,epithelial_like
7.0,465,xen_like
7.0,466,epithelial_like
7.0,467,intermediate_plastic
7.0,468,hCiPS
7.0,469,epithelial_like
7.0,470,xen_like
7.0,471,xen_like
7.0,472,epithelial_like
7.0,473,intermediate_plastic
7.0,474,epithelial_like
7.0,475,epithelial_like
7.0,476,epithelial_like
7.0,477,epithelial_like
7.0,478,intermediate_plastic
7.0,479,epithelial_like
7.0,480,epithelial_like
7.0,481,intermediate_plastic
7.0,482,xen_like
7.0,483,epithelial_like
7.0,484,epithelial_like
7.0,485,epithelial_like
7.0,486,epithelial_like
7.0,487,epithelial_like
7.0,488,hADSCs
7.0,489,intermediate_plastic
7.0,490,intermediate_plastic
7.0,491,hCiPS
7.0,492,intermediate_plastic
7.0,493,epithelial_like
7.0,494,epithelial_like
7.0,495,xen_like
7.0,496,xen_like
7.0,497,intermediate_plastic
7.0,498,epithelial_like
7.0,499,hADSCs
7.0,500,xen_like
7.0,501,intermediate_plastic
7.0,502,epithelial_like
7.0,503,xen_like
7.0,504,epithelial_like
7.0,505,intermediate_plastic
7.0,506,epithelial_like
7.0,507,intermediate_plastic
7.0,508,epithelial_like
7.0,509,hCiPS
7.0,510,ambiguous
7.0,511,hCiPS
7.0,512,intermediate_plastic
7.0,513,intermediate_plastic
7.0,514,epithelial_like
7.0,515,epithelial_like
7.0,516,epithelial_like
7.0,517,xen_like
7.0,518,xen_like
7.0,519,epithelial_like
7.0,520,epithelial_like
7.0,521,hCiPS
7.0,522,hCiPS
7.0,523,hCiPS
7.0,524,epithelial_like
7.0,525,intermediate_plastic
7.0,526,epithelial_like
7.0,527,xen_like
7.0,528,epithelial_like
7.0,529,epithelial_like
7.0,530,epithelial_like
7.0,531,epithelial_like
7.0,532,epithelial_like
7.0,533,xen_like
7.0,534,epithelial_like
7.0,535,epithelial_like
7.0,536,epithelial_like
7.0,537,xen_like
7.0,538,ambiguous
7.0,539,hCiPS
7.0,540,epithelial_like
7.0,541,epithelial_like
7.0,542,hCiPS
7.0,543,hCiPS
7.0,544,xen_like
7.0,545,epithelial_like
7.0,546,epithelial_like
7.0,547,epithelial_like
7.0,548,intermediate_plastic
7.0,549,ambiguous
7.0,550,epithelial_like
7.0,551,epithelial_like
7.0,552,hCiPS
7.0,553,xen_like
7.0,554,xen_like
7.0,555,intermediate_plastic
7.0,556,hCiPS
7.0,557,epithelial_like
7.0,558,xen_like
7.0,559,epithelial_like
7.0,560,epithelial_like
7.0,561,hCiPS
7.0,562,hADSCs
7.0,563,epithelial_like
7.0,564,hCiPS
7.0,565,xen_like
7.0,566,epithelial_like
7.0,567,xen_like
7.0,568,epithelial_like
7.0,569,epithelial_like
7.0,570,xen_like
7.0,571,epithelial_like
7.0,572,hCiPS
7.0,573,epithelial_like
7.0,574,xen_like
7.0,575,xen_like
7.0,576,epithelial_like
7.0,577,epithelial_like
7.0,578,ambiguous
7.0,579,ambiguous
7.0,580,hCiPS
7.0,581,xen_like
7.0,582,intermediate_plastic
7.0,583,intermediate_plastic
7.0,584,epithelial_like
7.0,585,xen_like
7.0,586,epithelial_like
7.0,587,ambiguous
7.0,588,intermediate_plastic
7.0,589,hADSCs
7.0,590,xen_like
7.0,591,intermediate_plastic
7.0,592,epithelial_like
7.0,593,xen_like
7.0,594,xen_like
7.0,595,epithelial_like
7.0,596,epithelial_like
7.0,597,intermediate_plastic
7.0,598,epithelial_like
7.0,599,hCiPS
7.0,600,epithelial_like
7.0,601,xen_like
7.0,602,hCiPS
7.0,603,xen_like
7.0,604,epithelial_like
7.0,605,xen_like
7.0,606,xen_like
7.0,607,epithelial_like
7.0,608,epithelial_like
7.0,609,epithelial_like
7.0,610,epithelial_like
7.0,611,epithelial_like
7.0,612,epithelial_like
7.0,613,hCiPS
7.0,614,epithelial_like
7.0,615,xen_like
7.0,616,xen_like
7.0,617,xen_like
7.0,618,xen_like
7.0,619,hCiPS
7.0,620,hCiPS
7.0,621,xen_like
7.0,622,hCiPS
7.0,623,epithelial_like
7.0,624,xen_like
7.0,625,intermediate_plastic
7.0,626,xen_like
7.0,627,xen_like
7.0,628,epithelial_like
7.0,629,epithelial_like
7.0,630,epithelial_like
7.0,631,epithelial_like
7.0,632,epithelial_like
7.0,633,ambiguous
7.0,634,xen_like
7.0,635,xen_like
7.0,636,epithelial_like
7.0,637,epithelial_like
7.0,638,ambiguous
7.0,639,intermediate_plastic
7.0,640,xen_like
7.0,641,epithelial_like
7.0,642,xen_like
7.0,643,xen_like
7.0,644,epithelial_like
7.0,645,xen_like
7.0,646,epithelial_like
7.0,647,epithelial_like
7.0,648,intermediate_plastic
7.0,649,xen_like
7.0,650,xen_like
7.0,651,epithelial_like
7.0,652,xen_like
7.0,653,epithelial_like
7.0,654,xen_like
7.0,655,epithelial_like
7.0,656,epithelial_like
7.0,657,intermediate_plastic
7.0,658,xen_like
7.0,659,epithelial_like
7.0,660,intermediate_plastic
7.0,661,xen_like
7.0,662,hCiPS
7.0,663,intermediate_plastic
7.0,664,intermediate_plastic
7.0,665,epithelial_like
7.0,666,intermediate_plastic
7.0,667,hCiPS
7.0,668,epithelial_like
7.0,669,xen_like
7.0,670,epithelial_like
7.0,671,xen_like
7.0,672,xen_like
7.0,673,xen_like
7.0,674,epithelial_like
7.0,675,intermediate_plastic
7.0,676,epithelial_like
7.0,677,xen_like
7.0,678,epithelial_like
7.0,679,epithelial_like
7.0,680,intermediate_plastic
7.0,681,intermediate_plastic
7.0,682,hCiPS
7.0,683,epithelial_like
7.0,684,intermediate_plastic
7.0,685,epithelial_like
7.0,686,xen_like
7.0,687,xen_like
7.0,688,xen_like
7.0,689,epithelial_like
7.0,690,intermediate_plastic
7.0,691,intermediate_plastic
7.0,692,xen_like
7.0,693,intermediate_plastic
7.0,694,epithelial_like
7.0,695,hCiPS
7.0,696,epithelial_like
7.0,697,hCiPS
7.0,698,epithelial_like
7.0,699,intermediate_plastic
7.0,700,epithelial_like
7.0,701,hADSCs
7.0,702,hCiPS
7.0,703,xen_like
7.0,704,epithelial_like
7.0,705,epithelial_like
7.0,706,xen_like
7.0,707,xen_like
7.0,708,hCiPS
7.0,709,xen_like
7.0,710,ambiguous
7.0,711,intermediate_plastic
7.0,712,epithelial_like
7.0,713,intermediate_plastic
7.0,714,intermediate_plastic
7.0,715,xen_like
7.0,716,xen_like
7.0,717,xen_like
7.0,718,xen_like
7.0,719,epithelial_like
7.0,720,xen_like
7.0,721,epithelial_like
7.0,722,intermediate_plastic
7.0,723,xen_like
7.0,724,epithelial_like
7.0,725,xen_like
7.0,726,intermediate_plastic
7.0,727,xen_like
7.0,728,epithelial_like
7.0,729,xen_like
7.0,730,ambiguous
7.0,731,hCiPS
7.0,732,epithelial_like
7.0,733,ambiguous
7.0,734,epithelial_like
7.0,735,intermediate_plastic
7.0,736,epithelial_like
7.0,737,hCiPS
7.0,738,epithelial_like
7.0,739,xen_like
7.0,740,hADSCs
7.0,741,xen_like
7.0,742,intermediate_plastic
7.0,743,epithelial_like
7.0,744,epithelial_like
7.0,745,xen_like
7.0,746,epithelial_like
7.0,747,intermediate_plastic
7.0,748,epithelial_like
7.0,749,xen_like
7.0,750,intermediate_plastic
7.0,751,epithelial_like
7.0,752,xen_like
7.0,753,hCiPS
7.0,754,intermediate_plastic
7.0,755,epithelial_like
7.0,756,epithelial_like
7.0,757,epithelial_like
7.0,758,xen_like
7.0,759,epithelial_like
7.0,760,epithelial_like
7.0,761,epithelial_like
7.0,762,intermediate_plastic
7.0,763,intermediate_plastic
7.0,764,intermediate_plastic
7.0,765,epithelial_like
7.0,766,xen_like
7.0,767,xen_like
7.0,768,epithelial_like
7.0,769,xen_like
7.0,770,intermediate_plastic
7.0,771,xen_like
7.0,772,xen_like
7.0,773,epithelial_like
7.0,774,epithelial_like
7.0,775,hADSCs
7.0,776,epithelial_like
7.0,777,xen_like
7.0,778,hCiPS
7.0,779,epithelial_like
7.0,780,xen_like
7.0,781,hCiPS
7.0,782,hADSCs
7.0,783,intermediate_plastic
7.0,784,xen_like
7.0,785,intermediate_plastic
7.0,786,intermediate_plastic
7.0,787,xen_like
7.0,788,intermediate_plastic
7.0,789,ambiguous
7.0,790,xen_like
7.0,791,xen_like
7.0,792,xen_like
7.0,793,xen_like
7.0,794,intermediate_plastic
7.0,795,epithelial_like
7.0,796,intermediate_plastic
7.0,797,epithelial_like
7.0,798,xen_like
7.0,799,intermediate_plastic
7.0,800,intermediate_plastic
7.0,801,epithelial_like
7.0,802,intermediate_plastic
7.0,803,xen_like
7.0,804,epithelial_like
7.0,805,xen_like
7.0,806,xen_like
7.0,807,epithelial_like
7.0,808,epithelial_like
7.0,809,epithelial_like
7.0,810,xen_like
7.0,811,epithelial_like
7.0,812,hCiPS
7.0,813,epithelial_like
7.0,814,epithelial_like
7.0,815,xen_like
7.0,816,xen_like
7.0,817,hCiPS
7.0,818,epithelial_like
7.0,819,intermediate_plastic
7.0,820,epithelial_like
7.0,821,xen_like
7.0,822,hCiPS
7.0,823,intermediate_plastic
7.0,824,xen_like
7.0,825,xen_like
7.0,826,epithelial_like
7.0,827,xen_like
7.0,828,epithelial_like
7.0,829,xen_like
7.0,830,intermediate_plastic
7.0,831,xen_like
7.0,832,epithelial_like
7.0,833,epithelial_like
7.0,834,epithelial_like
7.0,835,intermediate_plastic
7.0,836,hCiPS
7.0,837,xen_like
7.0,838,xen_like
7.0,839,xen_like
7.0,840,intermediate_plastic
7.0,841,intermediate_plastic
7.0,842,ambiguous
7.0,843,xen_like
7.0,844,epithelial_like
7.0,845,xen_like
7.0,846,epithelial_like
7.0,847,xen_like
7.0,848,xen_like
7.0,849,ambiguous
7.0,850,epithelial_like
7.0,851,intermediate_plastic
7.0,852,xen_like
7.0,853,hCiPS
7.0,854,epithelial_like
7.0,855,xen_like
7.0,856,xen_like
7.0,857,intermediate_plastic
7.0,858,xen_like
7.0,859,epithelial_like
7.0,860,xen_like
7.0,861,epithelial_like
7.0,862,epithelial_like
7.0,863,intermediate_plastic
7.0,864,epithelial_like
7.0,865,epithelial_like
7.0,866,epithelial_like
7.0,867,xen_like
7.0,868,intermediate_plastic
7.0,869,epithelial_like
7.0,870,xen_like
7.0,871,epithelial_like
7.0,872,xen_like
7.0,873,epithelial_like
7.0,874,intermediate_plastic
7.0,875,hCiPS
7.0,876,epithelial_like
7.0,877,xen_like
7.0,878,xen_like
7.0,879,epithelial_like
7.0,880,intermediate_plastic
7.0,881,intermediate_plastic
7.0,882,xen_like
7.0,883,epithelial_like
7.0,884,intermediate_plastic
7.0,885,intermediate_plastic
7.0,886,epithelial_like
7.0,887,ambiguous
7.0,888,epithelial_like
7.0,889,epithelial_like
7.0,890,xen_like
7.0,891,intermediate_plastic
7.0,892,xen_like
7.0,893,hCiPS
7.0,894,epithelial_like
7.0,895,hADSCs
7.0,896,epithelial_like
7.0,897,epithelial_like
7.0,898,hCiPS
7.0,899,xen_like
7.0,900,hCiPS
7.0,901,xen_like
7.0,902,epithelial_like
7.0,903,intermediate_plastic
7.0,904,epithelial_like
7.0,905,epithelial_like
7.0,906,epithelial_like
7.0,907,epithelial_like
7.0,908,intermediate_plastic
7.0,909,hCiPS
7.0,910,intermediate_plastic
7.0,911,hCiPS
7.0,912,hCiPS
7.0,913,xen_like
7.0,914,intermediate_plastic
7.0,915,xen_like
7.0,916,xen_like
7.0,917,hCiPS
7.0,918,epithelial_like
7.0,919,intermediate_plastic
7.0,920,xen_like
7.0,921,hCiPS
7.0,922,epithelial_like
7.0,923,epithelial_like
7.0,924,epithelial_like
7.0,925,epithelial_like
7.0,926,xen_like
7.0,927,intermediate_plastic
7.0,928,hCiPS
7.0,929,hCiPS
7.0,930,epithelial_like
7.0,931,xen_like
7.0,932,epithelial_like
7.0,933,epithelial_like
7.0,934,xen_like
7.0,935,intermediate_plastic
7.0,936,hCiPS
7.0,937,epithelial_like
7.0,938,xen_like
7.0,939,intermediate_plastic
7.0,940,intermediate_plastic
7.0,941,hADSCs
7.0,942,intermediate_plastic
7.0,943,xen_like
7.0,944,intermediate_plastic
7.0,945,xen_like
7.0,946,epithelial_like
7.0,947,intermediate_plastic
7.0,948,xen_like
7.0,949,xen_like
7.0,950,epithelial_like
7.0,951,epithelial_like
7.0,952,epithelial_like
7.0,953,epithelial_like
7.0,954,xen_like
7.0,955,epithelial_like
7.0,956,epithelial_like
7.0,957,intermediate_plastic
7.0,958,hCiPS
7.0,959,xen_like
7.0,960,intermediate_plastic
7.0,961,epithelial_like
7.0,962,hADSCs
7.0,963,xen_like
7.0,964,hCiPS
7.0,965,hCiPS
7.0,966,intermediate_plastic
7.0,967,xen_like
7.0,968,intermediate_plastic
7.0,969,xen_like
7.0,970,epithelial_like
7.0,971,hCiPS
7.0,972,xen_like
7.0,973,epithelial_like
7.0,974,epithelial_like
7.0,975,intermediate_plastic
7.0,976,epithelial_like
7.0,977,ambiguous
7.0,978,epithelial_like
7.0,979,ambiguous
7.0,980,epithelial_like
7.0,981,xen_like
7.0,982,hCiPS
7.0,983,epithelial_like
7.0,984,epithelial_like
7.0,985,epithelial_like
7.0,986,xen_like
7.0,987,epithelial_like
7.0,988,epithelial_like
7.0,989,epithelial_like
7.0,990,epithelial_like
7.0,991,epithelial_like
7.0,992,epithelial_like
7.0,993,xen_like
7.0,994,xen_like
7.0,995,epithelial_like
7.0,996,epithelial_like
7.0,997,ambiguous
7.0,998,epithelial_like
7.0,999,epithelial_like
7.0,1000,epithelial_like
7.0,1001,epithelial_like
7.0,1002,ambiguous
7.0,1003,xen_like
7.0,1004,xen_like
7.0,1005,hCiPS
7.0,1006,hCiPS
7.0,1007,xen_like
7.0,1008,intermediate_plastic
7.0,1009,hCiPS
7.0,1010,xen_like
7.0,1011,epithelial_like
7.0,1012,intermediate_plastic
7.0,1013,xen_like
7.0,1014,epithelial_like
7.0,1015,hCiPS
7.0,1016,epithelial_like
7.0,1017,hCiPS
7.0,1018,intermediate_plastic
7.0,1019,hADSCs
7.0,1020,ambiguous
7.0,1021,xen_like
7.0,1022,ambiguous
7.0,1023,epithelial_like
7.0,1024,epithelial_like
7.0,1025,epithelial_like
7.0,1026,hCiPS
7.0,1027,xen_like
7.0,1028,hCiPS
7.0,1029,hCiPS
7.0,1030,hCiPS
7.0,1031,epithelial_like
7.0,1032,xen_like
7.0,1033,ambiguous
7.0,1034,epithelial_like
7.0,1035,epithelial_like
7.0,1036,epithelial_like
7.0,1037,intermediate_plastic
7.0,1038,epithelial_like
7.0,1039,intermediate_plastic
7.0,1040,xen_like
7.0,1041,xen_like
7.0,1042,hCiPS
7.0,1043,epithelial_like
7.0,1044,intermediate_plastic
7.0,1045,xen_like
7.0,1046,xen_like
7.0,1047,xen_like
7.0,1048,epithelial_like
7.0,1049,xen_like
7.0,1050,ambiguous
7.0,1051,epithelial_like
7.0,1052,epithelial_like
7.0,1053,xen_like
7.0,1054,epithelial_like
7.0,1055,xen_like
7.0,1056,xen_like
7.0,1057,intermediate_plastic
7.0,1058,intermediate_plastic
7.0,1059,epithelial_like
7.0,1060,xen_like
7.0,1061,xen_like
7.0,1062,epithelial_like
7.0,1063,epithelial_like
7.0,1064,hCiPS
7.0,1065,xen_like
7.0,1066,epithelial_like
7.0,1067,intermediate_plastic
7.0,1068,epithelial_like
7.0,1069,epithelial_like
7.0,1070,epithelial_like
7.0,1071,hCiPS
7.0,1072,xen_like
7.0,1073,xen_like
7.0,1074,hCiPS
7.0,1075,hCiPS
7.0,1076,intermediate_plastic
7.0,1077,xen_like
7.0,1078,intermediate_plastic
7.0,1079,ambiguous
7.0,1080,epithelial_like
7.0,1081,xen_like
7.0,1082,hCiPS
7.0,1083,intermediate_plastic
7.0,1084,hCiPS
7.0,1085,epithelial_like
7.0,1086,epithelial_like
7.0,1087,hCiPS
7.0,1088,intermediate_plastic
7.0,1089,ambiguous
7.0,1090,intermediate_plastic
7.0,1091,intermediate_plastic
7.0,1092,intermediate_plastic
7.0,1093,epithelial_like
7.0,1094,xen_like
7.0,1095,intermediate_plastic
7.0,1096,epithelial_like
7.0,1097,xen_like
7.0,1098,epithelial_like
7.0,1099,xen_like
7.0,1100,hCiPS
7.0,1101,epithelial_like
7.0,1102,ambiguous
7.0,1103,epithelial_like
7.0,1104,hCiPS
7.0,1105,epithelial_like
7.0,1106,epithelial_like
7.0,1107,epithelial_like
7.0,1108,xen_like
7.0,1109,intermediate_plastic
7.0,1110,hADSCs
7.0,1111,hCiPS
7.0,1112,xen_like
7.0,1113,intermediate_plastic
7.0,1114,xen_like
7.0,1115,xen_like
7.0,1116,xen_like
7.0,1117,epithelial_like
7.0,1118,hCiPS
7.0,1119,epithelial_like
7.0,1120,epithelial_like
7.0,1121,xen_like
7.0,1122,epithelial_like
7.0,1123,xen_like
7.0,1124,epithelial_like
7.0,1125,epithelial_like
7.0,1126,intermediate_plastic
7.0,1127,hCiPS
7.0,1128,xen_like
7.0,1129,intermediate_plastic
7.0,1130,intermediate_plastic
7.0,1131,epithelial_like
7.0,1132,intermediate_plastic
7.0,1133,epithelial_like
7.0,1134,xen_like
7.0,1135,epithelial_like
7.0,1136,intermediate_plastic
7.0,1137,xen_like
7.0,1138,intermediate_plastic
7.0,1139,xen_like
7.0,1140,epithelial_like
7.0,1141,epithelial_like
7.0,1142,epithelial_like
7.0,1143,intermediate_plastic
7.0,1144,hADSCs
7.0,1145,xen_like
7.0,1146,hCiPS
7.0,1147,intermediate_plastic
7.0,1148,epithelial_like
7.0,1149,intermediate_plastic
7.0,1150,intermediate_plastic
7.0,1151,epithelial_like
7.0,1152,hCiPS
7.0,1153,hCiPS
7.0,1154,xen_like
7.0,1155,hCiPS
7.0,1156,epithelial_like
7.0,1157,epithelial_like
7.0,1158,intermediate_plastic
7.0,1159,intermediate_plastic
7.0,1160,epithelial_like
7.0,1161,xen_like
7.0,1162,xen_like
7.0,1163,ambiguous
7.0,1164,epithelial_like
7.0,1165,ambiguous
7.0,1166,hCiPS
7.0,1167,xen_like
7.0,1168,epithelial_like
7.0,1169,xen_like
7.0,1170,epithelial_like
7.0,1171,xen_like
7.0,1172,intermediate_plastic
7.0,1173,epithelial_like
7.0,1174,epithelial_like
7.0,1175,xen_like
7.0,1176,xen_like
7.0,1177,intermediate_plastic
7.0,1178,epithelial_like
7.0,1179,ambiguous
7.0,1180,xen_like
7.0,1181,xen_like
7.0,1182,epithelial_like
7.0,1183,epithelial_like
7.0,1184,hCiPS
7.0,1185,xen_like
7.0,1186,epithelial_like
7.0,1187,intermediate_plastic
7.0,1188,epithelial_like
7.0,1189,hCiPS
7.0,1190,intermediate_plastic
7.0,1191,hCiPS
7.0,1192,xen_like
7.0,1193,xen_like
7.0,1194,intermediate_plastic
7.0,1195,epithelial_like
7.0,1196,epithelial_like
7.0,1197,epithelial_like
7.0,1198,ambiguous
7.0,1199,hCiPS
7.0,1200,xen_like
7.0,1201,xen_like
7.0,1202,epithelial_like
7.0,1203,intermediate_plastic
7.0,1204,epithelial_like
7.0,1205,xen_like
7.0,1206,hADSCs
7.0,1207,epithelial_like
7.0,1208,hCiPS
7.0,1209,epithelial_like
7.0,1210,xen_like
7.0,1211,xen_like
7.0,1212,epithelial_like
7.0,1213,hADSCs
7.0,1214,intermediate_plastic
7.0,1215,xen_like
7.0,1216,intermediate_plastic
7.0,1217,epithelial_like
7.0,1218,intermediate_plastic
7.0,1219,epithelial_like
7.0,1220,hCiPS
7.0,1221,epithelial_like
7.0,1222,epithelial_like
7.0,1223,xen_like
7.0,1224,hCiPS
7.0,1225,epithelial_like
7.0,1226,epithelial_like
7.0,1227,xen_like
7.0,1228,intermediate_plastic
7.0,1229,xen_like
7.0,1230,hCiPS
7.0,1231,epithelial_like
7.0,1232,xen_like
7.0,1233,ambiguous
7.0,1234,epithelial_like
7.0,1235,intermediate_plastic
7.0,1236,intermediate_plastic
7.0,1237,hCiPS
7.0,1238,xen_like
7.0,1239,xen_like
7.0,1240,xen_like
7.0,1241,epithelial_like
7.0,1242,epithelial_like
7.0,1243,epithelial_like
7.0,1244,xen_like
7.0,1245,intermediate_plastic
7.0,1246,hCiPS
7.0,1247,intermediate_plastic
7.0,1248,xen_like
7.0,1249,xen_like
7.0,1250,epithelial_like
7.0,1251,xen_like
7.0,1252,ambiguous
7.0,1253,intermediate_plastic
7.0,1254,epithelial_like
7.0,1255,epithelial_like
7.0,1256,epithelial_like
7.0,1257,xen_like
7.0,1258,intermediate_plastic
7.0,1259,intermediate_plastic
7.0,1260,epithelial_like
7.0,1261,hCiPS
7.0,1262,epithelial_like
7.0,1263,xen_like
7.0,1264,ambiguous
7.0,1265,intermediate_plastic
7.0,1266,xen_like
7.0,1267,epithelial_like
7.0,1268,epithelial_like
7.0,1269,hCiPS
7.0,1270,intermediate_plastic
7.0,1271,xen_like
7.0,1272,epithelial_like
7.0,1273,hCiPS
7.0,1274,hCiPS
7.0,1275,xen_like
7.0,1276,epithelial_like
7.0,1277,xen_like
7.0,1278,xen_like
7.0,1279,epithelial_like
7.0,1280,hADSCs
7.0,1281,epithelial_like
7.0,1282,epithelial_like
7.0,1283,intermediate_plastic
7.0,1284,intermediate_plastic
7.0,1285,epithelial_like
7.0,1286,xen_like
7.0,1287,xen_like
7.0,1288,xen_like
7.0,1289,xen_like
7.0,1290,xen_like
7.0,1291,epithelial_like
7.0,1292,xen_like
7.0,1293,epithelial_like
7.0,1294,epithelial_like
7.0,1295,epithelial_like
7.0,1296,epithelial_like
7.0,1297,xen_like
7.0,1298,ambiguous
7.0,1299,hCiPS
7.0,1300,epithelial_like
7.0,1301,xen_like
7.0,1302,intermediate_plastic
7.0,1303,xen_like
7.0,1304,xen_like
7.0,1305,xen_like
7.0,1306,xen_like
7.0,1307,epithelial_like
7.0,1308,xen_like
7.0,1309,intermediate_plastic
7.0,1310,intermediate_plastic
7.0,1311,epithelial_like
7.0,1312,epithelial_like
7.0,1313,xen_like
7.0,1314,epithelial_like
7.0,1315,epithelial_like
7.0,1316,ambiguous
7.0,1317,xen_like
7.0,1318,epithelial_like
7.0,1319,xen_like
7.0,1320,epithelial_like
7.0,1321,epithelial_like
7.0,1322,xen_like
7.0,1323,epithelial_like
7.0,1324,epithelial_like
7.0,1325,epithelial_like
7.0,1326,intermediate_plastic
7.0,1327,xen_like
7.0,1328,xen_like
7.0,1329,intermediate_plastic
7.0,1330,epithelial_like
7.0,1331,hCiPS
7.0,1332,ambiguous
7.0,1333,intermediate_plastic
7.0,1334,epithelial_like
7.0,1335,epithelial_like
7.0,1336,hCiPS
7.0,1337,xen_like
7.0,1338,epithelial_like
7.0,1339,epithelial_like
7.0,1340,xen_like
7.0,1341,xen_like
7.0,1342,xen_like
7.0,1343,ambiguous
7.0,1344,xen_like
7.0,1345,epithelial_like
7.0,1346,epithelial_like
7.0,1347,xen_like
7.0,1348,epithelial_like
7.0,1349,epithelial_like
7.0,1350,epithelial_like
7.0,1351,xen_like
7.0,1352,hCiPS
7.0,1353,xen_like
7.0,1354,hCiPS
7.0,1355,xen_like
7.0,1356,xen_like
7.0,1357,intermediate_plastic
7.0,1358,epithelial_like
7.0,1359,ambiguous
7.0,1360,epithelial_like
7.0,1361,xen_like
7.0,1362,intermediate_plastic
7.0,1363,xen_like
7.0,1364,epithelial_like
7.0,1365,xen_like
7.0,1366,epithelial_like
7.0,1367,xen_like
7.0,1368,intermediate_plastic
7.0,1369,xen_like
7.0,1370,epithelial_like
7.0,1371,epithelial_like
7.0,1372,epithelial_like
7.0,1373,xen_like
7.0,1374,intermediate_plastic
7.0,1375,epithelial_like
7.0,1376,xen_like
7.0,1377,hCiPS
7.0,1378,epithelial_like
7.0,1379,epithelial_like
7.0,1380,intermediate_plastic
7.0,1381,xen_like
7.0,1382,epithelial_like
7.0,1383,intermediate_plastic
7.0,1384,xen_like
7.0,1385,epithelial_like
7.0,1386,ambiguous
7.0,1387,xen_like
7.0,1388,hCiPS
7.0,1389,hCiPS
7.0,1390,xen_like
7.0,1391,epithelial_like
7.0,1392,hCiPS
7.0,1393,epithelial_like
7.0,1394,xen_like
7.0,1395,xen_like
7.0,1396,xen_like
7.0,1397,epithelial_like
7.0,1398,xen_like
7.0,1399,epithelial_like
7.0,1400,epithelial_like
7.0,1401,epithelial_like
7.0,1402,epithelial_like
7.0,1403,epithelial_like
7.0,1404,epithelial_like
7.0,1405,xen_like
7.0,1406,epithelial_like
7.0,1407,intermediate_plastic
7.0,1408,intermediate_plastic
7.0,1409,xen_like
7.0,1410,xen_like
7.0,1411,intermediate_plastic
7.0,1412,xen_like
7.0,1413,epithelial_like
7.0,1414,epithelial_like
7.0,1415,epithelial_like
7.0,1416,intermediate_plastic
7.0,1417,xen_like
7.0,1418,hCiPS
7.0,1419,hADSCs
7.0,1420,epithelial_like
7.0,1421,epithelial_like
7.0,1422,xen_like
7.0,1423,intermediate_plastic
7.0,1424,xen_like
7.0,1425,xen_like
7.0,1426,epithelial_like
7.0,1427,intermediate_plastic
7.0,1428,epithelial_like
7.0,1429,ambiguous
7.0,1430,hCiPS
7.0,1431,epithelial_like
7.0,1432,intermediate_plastic
7.0,1433,hCiPS
7.0,1434,xen_like
7.0,1435,xen_like
7.0,1436,xen_like
7.0,1437,xen_like
7.0,1438,epithelial_like
7.0,1439,epithelial_like
7.0,1440,ambiguous
7.0,1441,hCiPS
7.0,1442,xen_like
7.0,1443,ambiguous
7.0,1444,ambiguous
7.0,1445,intermediate_plastic
7.0,1446,epithelial_like
7.0,1447,intermediate_plastic
7.0,1448,xen_like
7.0,1449,epithelial_like
7.0,1450,intermediate_plastic
7.0,1451,ambiguous
7.0,1452,epithelial_like
7.0,1453,hCiPS
7.0,1454,intermediate_plastic
7.0,1455,epithelial_like
7.0,1456,epithelial_like
7.0,1457,xen_like
7.0,1458,epithelial_like
7.0,1459,hCiPS
7.0,1460,xen_like
7.0,1461,epithelial_like
7.0,1462,xen_like
7.0,1463,xen_like
7.0,1464,intermediate_plastic
7.0,1465,epithelial_like
7.0,1466,epithelial_like
7.0,1467,epithelial_like
7.0,1468,xen_like
7.0,1469,epithelial_like
7.0,1470,epithelial_like
7.0,1471,hCiPS
7.0,1472,epithelial_like
7.0,1473,xen_like
7.0,1474,ambiguous
7.0,1475,epithelial_like
7.0,1476,ambiguous
7.0,1477,epithelial_like
7.0,1478,epithelial_like
7.0,1479,epithelial_like
7.0,1480,xen_like
7.0,1481,ambiguous
7.0,1482,xen_like
7.0,1483,epithelial_like
7.0,1484,xen_like
7.0,1485,intermediate_plastic
7.0,1486,epithelial_like
7.0,1487,xen_like
7.0,1488,intermediate_plastic
7.0,1489,intermediate_plastic
7.0,1490,hCiPS
7.0,1491,epithelial_like
7.0,1492,epithelial_like
7.0,1493,epithelial_like
7.0,1494,epithelial_like
7.0,1495,epithelial_like
7.0,1496,epithelial_like
7.0,1497,xen_like
7.0,1498,intermediate_plastic
7.0,1499,epithelial_like
7.0,1500,xen_like
7.0,1501,xen_like
7.0,1502,epithelial_like
7.0,1503,epithelial_like
7.0,1504,intermediate_plastic
7.0,1505,xen_like
7.0,1506,intermediate_plastic
7.0,1507,epithelial_like
7.0,1508,xen_like
7.0,1509,epithelial_like
7.0,1510,ambiguous
7.0,1511,intermediate_plastic
7.0,1512,ambiguous
7.0,1513,xen_like
7.0,1514,xen_like
7.0,1515,epithelial_like
7.0,1516,intermediate_plastic
7.0,1517,hCiPS
7.0,1518,intermediate_plastic
7.0,1519,xen_like
7.0,1520,epithelial_like
7.0,1521,xen_like
7.0,1522,hCiPS
7.0,1523,xen_like
7.0,1524,epithelial_like
7.0,1525,intermediate_plastic
7.0,1526,epithelial_like
7.0,1527,xen_like
7.0,1528,intermediate_plastic
7.0,1529,xen_like
7.0,1530,epithelial_like
7.0,1531,xen_like
7.0,1532,epithelial_like
7.0,1533,intermediate_plastic
7.0,1534,epithelial_like
7.0,1535,ambiguous
7.0,1536,intermediate_plastic
7.0,1537,xen_like
7.0,1538,intermediate_plastic
7.0,1539,epithelial_like
7.0,1540,epithelial_like
7.0,1541,xen_like
7.0,1542,xen_like
7.0,1543,intermediate_plastic
7.0,1544,xen_like
7.0,1545,epithelial_like
7.0,1546,intermediate_plastic
7.0,1547,xen_like
7.0,1548,epithelial_like
7.0,1549,epithelial_like
7.0,1550,xen_like
7.0,1551,epithelial_like
7.0,1552,epithelial_like
7.0,1553,epithelial_like
7.0,1554,epithelial_like
7.0,1555,epithelial_like
7.0,1556,epithelial_like
7.0,1557,epithelial_like
7.0,1558,ambiguous
7.0,1559,ambiguous
7.0,1560,epithelial_like
7.0,1561,intermediate_plastic
7.0,1562,epithelial_like
7.0,1563,xen_like
7.0,1564,epithelial_like
7.0,1565,xen_like
7.0,1566,epithelial_like
7.0,1567,xen_like
7.0,1568,epithelial_like
7.0,1569,epithelial_like
7.0,1570,intermediate_plastic
7.0,1571,xen_like
7.0,1572,epithelial_like
7.0,1573,hCiPS
7.0,1574,epithelial_like
7.0,1575,epithelial_like
7.0,1576,intermediate_plastic
7.0,1577,xen_like
7.0,1578,xen_like
7.0,1579,intermediate_plastic
7.0,1580,epithelial_like
7.0,1581,hADSCs
7.0,1582,epithelial_like
7.0,1583,epithelial_like
7.0,1584,xen_like
7.0,1585,hCiPS
7.0,1586,epithelial_like
7.0,1587,intermediate_plastic
7.0,1588,hCiPS
7.0,1589,xen_like
7.0,1590,intermediate_plastic
7.0,1591,epithelial_like
7.0,1592,intermediate_plastic
7.0,1593,xen_like
7.0,1594,intermediate_plastic
7.0,1595,xen_like
7.0,1596,epithelial_like
7.0,1597,ambiguous
7.0,1598,xen_like
7.0,1599,xen_like
7.0,1600,xen_like
7.0,1601,epithelial_like
7.0,1602,intermediate_plastic
7.0,1603,intermediate_plastic
7.0,1604,xen_like
7.0,1605,intermediate_plastic
7.0,1606,hCiPS
7.0,1607,xen_like
7.0,1608,xen_like
7.0,1609,xen_like
7.0,1610,intermediate_plastic
7.0,1611,epithelial_like
7.0,1612,intermediate_plastic
7.0,1613,epithelial_like
7.0,1614,xen_like
7.0,1615,epithelial_like
7.0,1616,xen_like
7.0,1617,epithelial_like
7.0,1618,xen_like
7.0,1619,intermediate_plastic
7.0,1620,ambiguous
7.0,1621,xen_like
7.0,1622,xen_like
7.0,1623,hCiPS
7.0,1624,xen_like
7.0,1625,intermediate_plastic
7.0,1626,hCiPS
7.0,1627,epithelial_like
7.0,1628,hADSCs
7.0,1629,intermediate_plastic
7.0,1630,intermediate_plastic
7.0,1631,xen_like
7.0,1632,hCiPS
7.0,1633,intermediate_plastic
7.0,1634,xen_like
7.0,1635,hCiPS
7.0,1636,xen_like
7.0,1637,xen_like
7.0,1638,epithelial_like
7.0,1639,epithelial_like
7.0,1640,epithelial_like
7.0,1641,epithelial_like
7.0,1642,intermediate_plastic
7.0,1643,epithelial_like
7.0,1644,xen_like
7.0,1645,hADSCs
7.0,1646,hCiPS
7.0,1647,intermediate_plastic
7.0,1648,epithelial_like
7.0,1649,intermediate_plastic
7.0,1650,hADSCs
7.0,1651,epithelial_like
7.0,1652,epithelial_like
7.0,1653,epithelial_like
7.0,1654,hADSCs
7.0,1655,epithelial_like
7.0,1656,hCiPS
7.0,1657,intermediate_plastic
7.0,1658,intermediate_plastic
7.0,1659,xen_like
7.0,1660,epithelial_like
7.0,1661,ambiguous
7.0,1662,xen_like
7.0,1663,intermediate_plastic
7.0,1664,intermediate_plastic
7.0,1665,intermediate_plastic
7.0,1666,intermediate_plastic
7.0,1667,hCiPS
7.0,1668,hADSCs
7.0,1669,hCiPS
7.0,1670,intermediate_plastic
7.0,1671,xen_like
7.0,1672,xen_like
7.0,1673,epithelial_like
7.0,1674,ambiguous
7.0,1675,hADSCs
7.0,1676,epithelial_like
7.0,1677,intermediate_plastic
7.0,1678,epithelial_like
7.0,1679,xen_like
7.0,1680,xen_like
7.0,1681,epithelial_like
7.0,1682,xen_like
7.0,1683,xen_like
7.0,1684,intermediate_plastic
7.0,1685,xen_like
7.0,1686,xen_like
7.0,1687,epithelial_like
7.0,1688,ambiguous
7.0,1689,epithelial_like
7.0,1690,intermediate_plastic
7.0,1691,hCiPS
7.0,1692,xen_like
7.0,1693,epithelial_like
7.0,1694,intermediate_plastic
7.0,1695,intermediate_plastic
7.0,1696,intermediate_plastic
7.0,1697,epithelial_like
7.0,1698,xen_like
7.0,1699,epithelial_like
7.0,1700,xen_like
7.0,1701,intermediate_plastic
7.0,1702,xen_like
7.0,1703,xen_like
7.0,1704,xen_like
7.0,1705,hADSCs
7.0,1706,epithelial_like
7.0,1707,xen_like
7.0,1708,epithelial_like
7.0,1709,intermediate_plastic
7.0,1710,ambiguous
7.0,1711,epithelial_like
7.0,1712,epithelial_like
7.0,1713,xen_like
7.0,1714,intermediate_plastic
7.0,1715,xen_like
7.0,1716,epithelial_like
7.0,1717,ambiguous
7.0,1718,hCiPS
7.0,1719,xen_like
7.0,1720,xen_like
7.0,1721,epithelial_like
7.0,1722,xen_like
7.0,1723,xen_like
7.0,1724,ambiguous
7.0,1725,epithelial_like
7.0,1726,epithelial_like
7.0,1727,hCiPS
7.0,1728,ambiguous
7.0,1729,xen_like
7.0,1730,xen_like
7.0,1731,xen_like
7.0,1732,ambiguous
7.0,1733,intermediate_plastic
7.0,1734,hADSCs
7.0,1735,hCiPS
7.0,1736,intermediate_plastic
7.0,1737,intermediate_plastic
7.0,1738,epithelial_like
7.0,1739,xen_like
7.0,1740,epithelial_like
7.0,1741,ambiguous
7.0,1742,epithelial_like
7.0,1743,xen_like
7.0,1744,intermediate_plastic
7.0,1745,xen_like
7.0,1746,epithelial_like
7.0,1747,ambiguous
7.0,1748,epithelial_like
7.0,1749,intermediate_plastic
7.0,1750,epithelial_like
7.0,1751,xen_like
7.0,1752,ambiguous
7.0,1753,epithelial_like
7.0,1754,epithelial_like
7.0,1755,xen_like
7.0,1756,xen_like
7.0,1757,hCiPS
7.0,1758,epithelial_like
7.0,1759,xen_like
7.0,1760,epithelial_like
7.0,1761,epithelial_like
7.0,1762,ambiguous
7.0,1763,epithelial_like
7.0,1764,xen_like
7.0,1765,epithelial_like
7.0,1766,xen_like
7.0,1767,epithelial_like
7.0,1768,xen_like
7.0,1769,xen_like
7.0,1770,intermediate_plastic
7.0,1771,epithelial_like
7.0,1772,ambiguous
7.0,1773,epithelial_like
7.0,1774,hCiPS
7.0,1775,xen_like
7.0,1776,intermediate_plastic
7.0,1777,xen_like
7.0,1778,ambiguous
7.0,1779,hCiPS
7.0,1780,xen_like
7.0,1781,epithelial_like
7.0,1782,hCiPS
7.0,1783,epithelial_like
7.0,1784,xen_like
7.0,1785,ambiguous
7.0,1786,epithelial_like
7.0,1787,hCiPS
7.0,1788,xen_like
7.0,1789,epithelial_like
7.0,1790,intermediate_plastic
7.0,1791,xen_like
7.0,1792,xen_like
7.0,1793,epithelial_like
7.0,1794,xen_like
7.0,1795,epithelial_like
7.0,1796,epithelial_like
7.0,1797,epithelial_like
7.0,1798,intermediate_plastic
7.0,1799,epithelial_like
7.0,1800,xen_like
7.0,1801,hCiPS
7.0,1802,xen_like
7.0,1803,hCiPS
7.0,1804,hCiPS
7.0,1805,intermediate_plastic
7.0,1806,epithelial_like
7.0,1807,intermediate_plastic
7.0,1808,epithelial_like
7.0,1809,epithelial_like
7.0,1810,intermediate_plastic
7.0,1811,epithelial_like
7.0,1812,intermediate_plastic
7.0,1813,epithelial_like
7.0,1814,intermediate_plastic
7.0,1815,epithelial_like
7.0,1816,intermediate_plastic
7.0,1817,epithelial_like
7.0,1818,xen_like
7.0,1819,epithelial_like
7.0,1820,intermediate_plastic
7.0,1821,epithelial_like
7.0,1822,xen_like
7.0,1823,epithelial_like
7.0,1824,epithelial_like
7.0,1825,xen_like
7.0,1826,epithelial_like
7.0,1827,xen_like
7.0,1828,xen_like
7.0,1829,epithelial_like
7.0,1830,intermediate_plastic
7.0,1831,epithelial_like
7.0,1832,epithelial_like
7.0,1833,xen_like
7.0,1834,xen_like
7.0,1835,epithelial_like
7.0,1836,epithelial_like
7.0,1837,xen_like
7.0,1838,epithelial_like
7.0,1839,intermediate_plastic
7.0,1840,xen_like
7.0,1841,epithelial_like
7.0,1842,intermediate_plastic
7.0,1843,ambiguous
7.0,1844,epithelial_like
7.0,1845,epithelial_like
7.0,1846,xen_like
7.0,1847,epithelial_like
7.0,1848,ambiguous
7.0,1849,intermediate_plastic
7.0,1850,epithelial_like
7.0,1851,epithelial_like
7.0,1852,epithelial_like
7.0,1853,xen_like
7.0,1854,intermediate_plastic
7.0,1855,xen_like
7.0,1856,epithelial_like
7.0,1857,intermediate_plastic
7.0,1858,xen_like
7.0,1859,hCiPS
7.0,1860,intermediate_plastic
7.0,1861,epithelial_like
7.0,1862,intermediate_plastic
7.0,1863,xen_like
7.0,1864,epithelial_like
7.0,1865,hCiPS
7.0,1866,epithelial_like
7.0,1867,hCiPS
7.0,1868,xen_like
7.0,1869,epithelial_like
7.0,1870,xen_like
7.0,1871,xen_like
7.0,1872,epithelial_like
7.0,1873,intermediate_plastic
7.0,1874,ambiguous
7.0,1875,xen_like
7.0,1876,epithelial_like
7.0,1877,xen_like
7.0,1878,intermediate_plastic
7.0,1879,hCiPS
7.0,1880,intermediate_plastic
7.0,1881,hCiPS
7.0,1882,hCiPS
7.0,1883,intermediate_plastic
7.0,1884,epithelial_like
7.0,1885,epithelial_like
7.0,1886,epithelial_like
7.0,1887,xen_like
7.0,1888,hCiPS
7.0,1889,epithelial_like
7.0,1890,intermediate_plastic
7.0,1891,epithelial_like
7.0,1892,epithelial_like
7.0,1893,epithelial_like
7.0,1894,epithelial_like
7.0,1895,intermediate_plastic
7.0,1896,epithelial_like
7.0,1897,hCiPS
7.0,1898,xen_like
7.0,1899,epithelial_like
7.0,1900,epithelial_like
7.0,1901,hCiPS
7.0,1902,hCiPS
7.0,1903,xen_like
7.0,1904,xen_like
7.0,1905,epithelial_like
7.0,1906,epithelial_like
7.0,1907,intermediate_plastic
7.0,1908,xen_like
7.0,1909,epithelial_like
7.0,1910,xen_like
7.0,1911,epithelial_like
7.0,1912,xen_like
7.0,1913,epithelial_like
7.0,1914,hCiPS
7.0,1915,intermediate_plastic
7.0,1916,intermediate_plastic
7.0,1917,epithelial_like
7.0,1918,xen_like
7.0,1919,intermediate_plastic
7.0,1920,xen_like
7.0,1921,xen_like
7.0,1922,epithelial_like
7.0,1923,epithelial_like
7.0,1924,xen_like
7.0,1925,hCiPS
7.0,1926,xen_like
7.0,1927,xen_like
7.0,1928,xen_like
7.0,1929,epithelial_like
7.0,1930,xen_like
7.0,1931,xen_like
7.0,1932,intermediate_plastic
7.0,1933,intermediate_plastic
7.0,1934,intermediate_plastic
7.0,1935,intermediate_plastic
7.0,1936,xen_like
7.0,1937,epithelial_like
7.0,1938,ambiguous
7.0,1939,epithelial_like
7.0,1940,epithelial_like
7.0,1941,xen_like
7.0,1942,xen_like
7.0,1943,xen_like
7.0,1944,hCiPS
7.0,1945,xen_like
7.0,1946,hCiPS
7.0,1947,epithelial_like
7.0,1948,xen_like
7.0,1949,epithelial_like
7.0,1950,xen_like
7.0,1951,intermediate_plastic
7.0,1952,hCiPS
7.0,1953,epithelial_like
7.0,1954,intermediate_plastic
7.0,1955,xen_like
7.0,1956,ambiguous
7.0,1957,hADSCs
7.0,1958,intermediate_plastic
7.0,1959,intermediate_plastic
7.0,1960,epithelial_like
7.0,1961,epithelial_like
7.0,1962,xen_like
7.0,1963,intermediate_plastic
7.0,1964,xen_like
7.0,1965,epithelial_like
7.0,1966,epithelial_like
7.0,1967,xen_like
7.0,1968,intermediate_plastic
7.0,1969,ambiguous
7.0,1970,intermediate_plastic
7.0,1971,ambiguous
7.0,1972,intermediate_plastic
7.0,1973,xen_like
7.0,1974,epithelial_like
7.0,1975,xen_like
7.0,1976,xen_like
7.0,1977,epithelial_like
7.0,1978,epithelial_like
7.0,1979,ambiguous
7.0,1980,epithelial_like
7.0,1981,xen_like
7.0,1982,xen_like
7.0,1983,intermediate_plastic
7.0,1984,xen_like
7.0,1985,epithelial_like
7.0,1986,epithelial_like
7.0,1987,xen_like
7.0,1988,hCiPS
7.0,1989,epithelial_like
7.0,1990,hCiPS
7.0,1991,intermediate_plastic
7.0,1992,xen_like
7.0,1993,hADSCs
7.0,1994,xen_like
7.0,1995,intermediate_plastic
7.0,1996,epithelial_like
7.0,1997,hCiPS
7.0,1998,hCiPS
7.0,1999,epithelial_like
10.0,0,xen_like
10.0,1,hCiPS
10.0,2,xen_like
10.0,3,xen_like
10.0,4,xen_like
10.0,5,xen_like
10.0,6,xen_like
10.0,7,xen_like
10.0,8,xen_like
10.0,9,epithelial_like
10.0,10,epithelial_like
10.0,11,epithelial_like
10.0,12,xen_like
10.0,13,xen_like
10.0,14,epithelial_like
10.0,15,epithelial_like
10.0,16,xen_like
10.0,17,xen_like
10.0,18,xen_like
10.0,19,xen_like
10.0,20,epithelial_like
10.0,21,epithelial_like
10.0,22,epithelial_like
10.0,23,xen_like
10.0,24,xen_like
10.0,25,xen_like
10.0,26,intermediate_plastic
10.0,27,epithelial_like
10.0,28,xen_like
10.0,29,epithelial_like
10.0,30,xen_like
10.0,31,epithelial_like
10.0,32,xen_like
10.0,33,xen_like
10.0,34,xen_like
10.0,35,xen_like
10.0,36,epithelial_like
10.0,37,epithelial_like
10.0,38,xen_like
10.0,39,epithelial_like
10.0,40,xen_like
10.0,41,hCiPS
10.0,42,epithelial_like
10.0,43,epithelial_like
10.0,44,xen_like
10.0,45,xen_like
10.0,46,hCiPS
10.0,47,xen_like
10.0,48,epithelial_like
10.0,49,xen_like
10.0,50,epithelial_like
10.0,51,xen_like
10.0,52,xen_like
10.0,53,hCiPS
10.0,54,intermediate_plastic
10.0,55,epithelial_like
10.0,56,hCiPS
10.0,57,xen_like
10.0,58,xen_like
10.0,59,xen_like
10.0,60,xen_like
10.0,61,epithelial_like
10.0,62,xen_like
10.0,63,xen_like
10.0,64,xen_like
10.0,65,xen_like
10.0,66,epithelial_like
10.0,67,intermediate_plastic
10.0,68,xen_like
10.0,69,epithelial_like
10.0,70,xen_like
10.0,71,epithelial_like
10.0,72,epithelial_like
10.0,73,xen_like
10.0,74,xen_like
10.0,75,xen_like
10.0,76,epithelial_like
10.0,77,epithelial_like
10.0,78,xen_like
10.0,79,xen_like
10.0,80,epithelial_like
10.0,81,xen_like
10.0,82,xen_like
10.0,83,xen_like
10.0,84,epithelial_like
10.0,85,xen_like
10.0,86,xen_like
10.0,87,epithelial_like
10.0,88,xen_like
10.0,89,hCiPS
10.0,90,epithelial_like
10.0,91,xen_like
10.0,92,xen_like
10.0,93,xen_like
10.0,94,epithelial_like
10.0,95,xen_like
10.0,96,xen_like
10.0,97,xen_like
10.0,98,xen_like
10.0,99,epithelial_like
10.0,100,xen_like
10.0,101,epithelial_like
10.0,102,xen_like
10.0,103,xen_like
10.0,104,epithelial_like
10.0,105,epithelial_like
10.0,106,xen_like
10.0,107,xen_like
10.0,108,xen_like
10.0,109,xen_like
10.0,110,xen_like
10.0,111,xen_like
10.0,112,xen_like
10.0,113,xen_like
10.0,114,xen_like
10.0,115,xen_like
10.0,116,xen_like
10.0,117,xen_like
10.0,118,xen_like
10.0,119,xen_like
10.0,120,xen_like
10.0,121,epithelial_like
10.0,122,epithelial_like
10.0,123,xen_like
10.0,124,ambiguous
10.0,125,xen_like
10.0,126,hCiPS
10.0,127,xen_like
10.0,128,xen_like
10.0,129,xen_like
10.0,130,epithelial_like
10.0,131,epithelial_like
10.0,132,xen_like
10.0,133,xen_like
10.0,134,epithelial_like
10.0,135,epithelial_like
10.0,136,epithelial_like
10.0,137,xen_like
10.0,138,xen_like
10.0,139,epithelial_like
10.0,140,xen_like
10.0,141,xen_like
10.0,142,epithelial_like
10.0,143,epithelial_like
10.0,144,xen_like
10.0,145,epithelial_like
10.0,146,xen_like
10.0,147,ambiguous
10.0,148,epithelial_like
10.0,149,epithelial_like
10.0,150,xen_like
10.0,151,epithelial_like
10.0,152,xen_like
10.0,153,xen_like
10.0,154,xen_like
10.0,155,epithelial_like
10.0,156,xen_like
10.0,157,xen_like
10.0,158,xen_like
10.0,159,xen_like
10.0,160,xen_like
10.0,161,xen_like
10.0,162,xen_like
10.0,163,epithelial_like
10.0,164,epithelial_like
10.0,165,xen_like
10.0,166,xen_like
10.0,167,xen_like
10.0,168,xen_like
10.0,169,xen_like
10.0,170,xen_like
10.0,171,xen_like
10.0,172,epithelial_like
10.0,173,xen_like
10.0,174,epithelial_like
10.0,175,intermediate_plastic
10.0,176,xen_like
10.0,177,epithelial_like
10.0,178,xen_like
10.0,179,xen_like
10.0,180,epithelial_like
10.0,181,xen_like
10.0,182,xen_like
10.0,183,epithelial_like
10.0,184,xen_like
10.0,185,xen_like
10.0,186,xen_like
10.0,187,xen_like
10.0,188,xen_like
10.0,189,hCiPS
10.0,190,xen_like
10.0,191,xen_like
10.0,192,xen_like
10.0,193,xen_like
10.0,194,xen_like
10.0,195,xen_like
10.0,196,xen_like
10.0,197,xen_like
10.0,198,epithelial_like
10.0,199,xen_like
10.0,200,xen_like
10.0,201,xen_like
10.0,202,epithelial_like
10.0,203,xen_like
10.0,204,xen_like
10.0,205,xen_like
10.0,206,xen_like
10.0,207,xen_like
10.0,208,xen_like
10.0,209,xen_like
10.0,210,xen_like
10.0,211,xen_like
10.0,212,xen_like
10.0,213,xen_like
10.0,214,xen_like
10.0,215,xen_like
10.0,216,xen_like
10.0,217,hCiPS
10.0,218,xen_like
10.0,219,epithelial_like
10.0,220,xen_like
10.0,221,xen_like
10.0,222,xen_like
10.0,223,intermediate_plastic
10.0,224,xen_like
10.0,225,xen_like
10.0,226,xen_like
10.0,227,xen_like
10.0,228,xen_like
10.0,229,xen_like
10.0,230,epithelial_like
10.0,231,hCiPS
10.0,232,xen_like
10.0,233,xen_like
10.0,234,hCiPS
10.0,235,intermediate_plastic
10.0,236,xen_like
10.0,237,xen_like
10.0,238,xen_like
10.0,239,xen_like
10.0,240,xen_like
10.0,241,xen_like
10.0,242,hCiPS
10.0,243,xen_like
10.0,244,xen_like
10.0,245,xen_like
10.0,246,hCiPS
10.0,247,xen_like
10.0,248,xen_like
10.0,249,epithelial_like
10.0,250,xen_like
10.0,251,intermediate_plastic
10.0,252,xen_like
10.0,253,xen_like
10.0,254,epithelial_like
10.0,255,xen_like
10.0,256,xen_like
10.0,257,xen_like
10.0,258,xen_like
10.0,259,epithelial_like
10.0,260,hCiPS
10.0,261,xen_like
10.0,262,xen_like
10.0,263,xen_like
10.0,264,xen_like
10.0,265,epithelial_like
10.0,266,epithelial_like
10.0,267,xen_like
10.0,268,xen_like
10.0,269,xen_like
10.0,270,xen_like
10.0,271,intermediate_plastic
10.0,272,xen_like
10.0,273,xen_like
10.0,274,xen_like
10.0,275,xen_like
10.0,276,xen_like
10.0,277,epithelial_like
10.0,278,xen_like
10.0,279,xen_like
10.0,280,epithelial_like
10.0,281,epithelial_like
10.0,282,epithelial_like
10.0,283,xen_like
10.0,284,intermediate_plastic
10.0,285,epithelial_like
10.0,286,epithelial_like
10.0,287,xen_like
10.0,288,xen_like
10.0,289,xen_like
10.0,290,xen_like
10.0,291,epithelial_like
10.0,292,xen_like
10.0,293,epithelial_like
10.0,294,hCiPS
10.0,295,epithelial_like
10.0,296,xen_like
10.0,297,hCiPS
10.0,298,xen_like
10.0,299,xen_like
10.0,300,xen_like
10.0,301,intermediate_plastic
10.0,302,xen_like
10.0,303,xen_like
10.0,304,hCiPS
10.0,305,epithelial_like
10.0,306,hCiPS
10.0,307,xen_like
10.0,308,xen_like
10.0,309,xen_like
10.0,310,xen_like
10.0,311,hCiPS
10.0,312,xen_like
10.0,313,xen_like
10.0,314,xen_like
10.0,315,xen_like
10.0,316,xen_like
10.0,317,xen_like
10.0,318,xen_like
10.0,319,hCiPS
10.0,320,xen_like
10.0,321,xen_like
10.0,322,xen_like
10.0,323,xen_like
10.0,324,xen_like
10.0,325,xen_like
10.0,326,xen_like
10.0,327,epithelial_like
10.0,328,xen_like
10.0,329,xen_like
10.0,330,epithelial_like
10.0,331,epithelial_like
10.0,332,xen_like
10.0,333,xen_like
10.0,334,epithelial_like
10.0,335,xen_like
10.0,336,epithelial_like
10.0,337,xen_like
10.0,338,xen_like
10.0,339,epithelial_like
10.0,340,xen_like
10.0,341,epithelial_like
10.0,342,epithelial_like
10.0,343,xen_like
10.0,344,epithelial_like
10.0,345,xen_like
10.0,346,xen_like
10.0,347,epithelial_like
10.0,348,epithelial_like
10.0,349,hCiPS
10.0,350,xen_like
10.0,351,xen_like
10.0,352,xen_like
10.0,353,epithelial_like
10.0,354,xen_like
10.0,355,xen_like
10.0,356,xen_like
10.0,357,hCiPS
10.0,358,xen_like
10.0,359,epithelial_like
10.0,360,xen_like
10.0,361,xen_like
10.0,362,xen_like
10.0,363,epithelial_like
10.0,364,xen_like
10.0,365,xen_like
10.0,366,xen_like
10.0,367,xen_like
10.0,368,hCiPS
10.0,369,xen_like
10.0,370,xen_like
10.0,371,xen_like
10.0,372,ambiguous
10.0,373,xen_like
10.0,374,xen_like
10.0,375,intermediate_plastic
10.0,376,hCiPS
10.0,377,xen_like
10.0,378,epithelial_like
10.0,379,xen_like
10.0,380,epithelial_like
10.0,381,xen_like
10.0,382,xen_like
10.0,383,epithelial_like
10.0,384,xen_like
10.0,385,xen_like
10.0,386,xen_like
10.0,387,xen_like
10.0,388,xen_like
10.0,389,hCiPS
10.0,390,xen_like
10.0,391,xen_like
10.0,392,epithelial_like
10.0,393,xen_like
10.0,394,xen_like
10.0,395,intermediate_plastic
10.0,396,hCiPS
10.0,397,xen_like
10.0,398,epithelial_like
10.0,399,xen_like
10.0,400,xen_like
10.0,401,ambiguous
10.0,402,hCiPS
10.0,403,hCiPS
10.0,404,xen_like
10.0,405,xen_like
10.0,406,hCiPS
10.0,407,xen_like
10.0,408,xen_like
10.0,409,xen_like
10.0,410,ambiguous
10.0,411,epithelial_like
10.0,412,xen_like
10.0,413,hCiPS
10.0,414,ambiguous
10.0,415,epithelial_like
10.0,416,xen_like
10.0,417,xen_like
10.0,418,xen_like
10.0,419,xen_like
10.0,420,epithelial_like
10.0,421,xen_like
10.0,422,xen_like
10.0,423,hCiPS
10.0,424,xen_like
10.0,425,xen_like
10.0,426,xen_like
10.0,427,intermediate_plastic
10.0,428,xen_like
10.0,429,xen_like
10.0,430,xen_like
10.0,431,xen_like
10.0,432,xen_like
10.0,433,epithelial_like
10.0,434,xen_like
10.0,435,xen_like
10.0,436,xen_like
10.0,437,hCiPS
10.0,438,xen_like
10.0,439,epithelial_like
10.0,440,xen_like
10.0,441,xen_like
10.0,442,xen_like
10.0,443,xen_like
10.0,444,xen_like
10.0,445,xen_like
10.0,446,xen_like
10.0,447,epithelial_like
10.0,448,xen_like
10.0,449,xen_like
10.0,450,xen_like
10.0,451,xen_like
10.0,452,xen_like
10.0,453,xen_like
10.0,454,epithelial_like
10.0,455,epithelial_like
10.0,456,xen_like
10.0,457,xen_like
10.0,458,intermediate_plastic
10.0,459,xen_like
10.0,460,xen_like
10.0,461,xen_like
10.0,462,xen_like
10.0,463,xen_like
10.0,464,xen_like
10.0,465,xen_like
10.0,466,xen_like
10.0,467,epithelial_like
10.0,468,epithelial_like
10.0,469,xen_like
10.0,470,xen_like
10.0,471,xen_like
10.0,472,epithelial_like
10.0,473,epithelial_like
10.0,474,xen_like
10.0,475,epithelial_like
10.0,476,epithelial_like
10.0,477,xen_like
10.0,478,xen_like
10.0,479,xen_like
10.0,480,xen_like
10.0,481,epithelial_like
10.0,482,xen_like
10.0,483,epithelial_like
10.0,484,epithelial_like
10.0,485,xen_like
10.0,486,xen_like
10.0,487,xen_like
10.0,488,epithelial_like
10.0,489,xen_like
10.0,490,epithelial_like
10.0,491,xen_like
10.0,492,xen_like
10.0,493,xen_like
10.0,494,epithelial_like
10.0,495,ambiguous
10.0,496,xen_like
10.0,497,xen_like
10.0,498,epithelial_like
10.0,499,hCiPS
10.0,500,xen_like
10.0,501,xen_like
10.0,502,epithelial_like
10.0,503,epithelial_like
10.0,504,epithelial_like
10.0,505,epithelial_like
10.0,506,xen_like
10.0,507,epithelial_like
10.0,508,xen_like
10.0,509,hCiPS
10.0,510,xen_like
10.0,511,epithelial_like
10.0,512,xen_like
10.0,513,hCiPS
10.0,514,xen_like
10.0,515,xen_like
10.0,516,xen_like
10.0,517,epithelial_like
10.0,518,xen_like
10.0,519,epithelial_like
10.0,520,xen_like
10.0,521,epithelial_like
10.0,522,hCiPS
10.0,523,hCiPS
10.0,524,xen_like
10.0,525,epithelial_like
10.0,526,epithelial_like
10.0,527,xen_like
10.0,528,epithelial_like
10.0,529,epithelial_like
10.0,530,epithelial_like
10.0,531,xen_like
10.0,532,xen_like
10.0,533,epithelial_like
10.0,534,epithelial_like
10.0,535,epithelial_like
10.0,536,epithelial_like
10.0,537,xen_like
10.0,538,epithelial_like
10.0,539,xen_like
10.0,540,hCiPS
10.0,541,xen_like
10.0,542,xen_like
10.0,543,epithelial_like
10.0,544,xen_like
10.0,545,xen_like
10.0,546,xen_like
10.0,547,xen_like
10.0,548,intermediate_plastic
10.0,549,xen_like
10.0,550,hCiPS
10.0,551,xen_like
10.0,552,xen_like
10.0,553,epithelial_like
10.0,554,intermediate_plastic
10.0,555,epithelial_like
10.0,556,hCiPS
10.0,557,epithelial_like
10.0,558,xen_like
10.0,559,xen_like
10.0,560,xen_like
10.0,561,hCiPS
10.0,562,xen_like
10.0,563,xen_like
10.0,564,epithelial_like
10.0,565,xen_like
10.0,566,xen_like
10.0,567,xen_like
10.0,568,hCiPS
10.0,569,intermediate_plastic
10.0,570,xen_like
10.0,571,xen_like
10.0,572,hCiPS
10.0,573,xen_like
10.0,574,xen_like
10.0,575,xen_like
10.0,576,xen_like
10.0,577,epithelial_like
10.0,578,xen_like
10.0,579,xen_like
10.0,580,xen_like
10.0,581,hCiPS
10.0,582,xen_like
10.0,583,xen_like
10.0,584,epithelial_like
10.0,585,xen_like
10.0,586,xen_like
10.0,587,xen_like
10.0,588,epithelial_like
10.0,589,xen_like
10.0,590,xen_like
10.0,591,xen_like
10.0,592,xen_like
10.0,593,xen_like
10.0,594,xen_like
10.0,595,xen_like
10.0,596,xen_like
10.0,597,xen_like
10.0,598,xen_like
10.0,599,epithelial_like
10.0,600,xen_like
10.0,601,xen_like
10.0,602,epithelial_like
10.0,603,xen_like
10.0,604,epithelial_like
10.0,605,xen_like
10.0,606,xen_like
10.0,607,xen_like
10.0,608,xen_like
10.0,609,epithelial_like
10.0,610,xen_like
10.0,611,epithelial_like
10.0,612,epithelial_like
10.0,613,epithelial_like
10.0,614,xen_like
10.0,615,xen_like
10.0,616,xen_like
10.0,617,xen_like
10.0,618,xen_like
10.0,619,hCiPS
10.0,620,epithelial_like
10.0,621,xen_like
10.0,622,xen_like
10.0,623,xen_like
10.0,624,xen_like
10.0,625,xen_like
10.0,626,xen_like
10.0,627,xen_like
10.0,628,xen_like
10.0,629,xen_like
10.0,630,xen_like
10.0,631,xen_like
10.0,632,xen_like
10.0,633,xen_like
10.0,634,epithelial_like
10.0,635,intermediate_plastic
10.0,636,epithelial_like
10.0,637,xen_like
10.0,638,epithelial_like
10.0,639,epithelial_like
10.0,640,xen_like
10.0,641,xen_like
10.0,642,xen_like
10.0,643,xen_like
10.0,644,xen_like
10.0,645,xen_like
10.0,646,xen_like
10.0,647,xen_like
10.0,648,xen_like
10.0,649,xen_like
10.0,650,xen_like
10.0,651,hCiPS
10.0,652,xen_like
10.0,653,xen_like
10.0,654,xen_like
10.0,655,intermediate_plastic
10.0,656,xen_like
10.0,657,xen_like
10.0,658,intermediate_plastic
10.0,659,epithelial_like
10.0,660,xen_like
10.0,661,xen_like
10.0,662,xen_like
10.0,663,xen_like
10.0,664,xen_like
10.0,665,epithelial_like
10.0,666,xen_like
10.0,667,hCiPS
10.0,668,ambiguous
10.0,669,xen_like
10.0,670,xen_like
10.0,671,xen_like
10.0,672,xen_like
10.0,673,xen_like
10.0,674,xen_like
10.0,675,epithelial_like
10.0,676,epithelial_like
10.0,677,xen_like
10.0,678,xen_like
10.0,679,xen_like
10.0,680,epithelial_like
10.0,681,xen_like
10.0,682,epithelial_like
10.0,683,xen_like
10.0,684,xen_like
10.0,685,xen_like
10.0,686,xen_like
10.0,687,xen_like
10.0,688,xen_like
10.0,689,xen_like
10.0,690,xen_like
10.0,691,hCiPS
10.0,692,epithelial_like
10.0,693,xen_like
10.0,694,xen_like
10.0,695,ambiguous
10.0,696,ambiguous
10.0,697,hCiPS
10.0,698,xen_like
10.0,699,epithelial_like
10.0,700,xen_like
10.0,701,xen_like
10.0,702,epithelial_like
10.0,703,xen_like
10.0,704,xen_like
10.0,705,epithelial_like
10.0,706,xen_like
10.0,707,xen_like
10.0,708,xen_like
10.0,709,xen_like
10.0,710,xen_like
10.0,711,xen_like
10.0,712,xen_like
10.0,713,xen_like
10.0,714,xen_like
10.0,715,xen_like
10.0,716,xen_like
10.0,717,xen_like
10.0,718,xen_like
10.0,719,epithelial_like
10.0,720,xen_like
10.0,721,intermediate_plastic
10.0,722,epithelial_like
10.0,723,xen_like
10.0,724,epithelial_like
10.0,725,xen_like
10.0,726,xen_like
10.0,727,xen_like
10.0,728,epithelial_like
10.0,729,xen_like
10.0,730,epithelial_like
10.0,731,epithelial_like
10.0,732,xen_like
10.0,733,xen_like
10.0,734,xen_like
10.0,735,epithelial_like
10.0,736,xen_like
10.0,737,epithelial_like
10.0,738,xen_like
10.0,739,xen_like
10.0,740,xen_like
10.0,741,xen_like
10.0,742,epithelial_like
10.0,743,hCiPS
10.0,744,xen_like
10.0,745,xen_like
10.0,746,xen_like
10.0,747,hCiPS
10.0,748,xen_like
10.0,749,xen_like
10.0,750,epithelial_like
10.0,751,xen_like
10.0,752,xen_like
10.0,753,hCiPS
10.0,754,epithelial_like
10.0,755,xen_like
10.0,756,xen_like
10.0,757,xen_like
10.0,758,xen_like
10.0,759,xen_like
10.0,760,xen_like
10.0,761,xen_like
10.0,762,xen_like
10.0,763,epithelial_like
10.0,764,xen_like
10.0,765,xen_like
10.0,766,xen_like
10.0,767,xen_like
10.0,768,xen_like
10.0,769,intermediate_plastic
10.0,770,hCiPS
10.0,771,hCiPS
10.0,772,xen_like
10.0,773,epithelial_like
10.0,774,xen_like
10.0,775,xen_like
10.0,776,xen_like
10.0,777,epithelial_like
10.0,778,epithelial_like
10.0,779,xen_like
10.0,780,xen_like
10.0,781,xen_like
10.0,782,epithelial_like
10.0,783,xen_like
10.0,784,xen_like
10.0,785,epithelial_like
10.0,786,epithelial_like
10.0,787,xen_like
10.0,788,hCiPS
10.0,789,xen_like
10.0,790,xen_like
10.0,791,xen_like
10.0,792,xen_like
10.0,793,xen_like
10.0,794,intermediate_plastic
10.0,795,xen_like
10.0,796,xen_like
10.0,797,xen_like
10.0,798,xen_like
10.0,799,hCiPS
10.0,800,xen_like
10.0,801,hCiPS
10.0,802,xen_like
10.0,803,xen_like
10.0,804,xen_like
10.0,805,epithelial_like
10.0,806,xen_like
10.0,807,xen_like
10.0,808,epithelial_like
10.0,809,xen_like
10.0,810,epithelial_like
10.0,811,epithelial_like
10.0,812,hCiPS
10.0,813,xen_like
10.0,814,epithelial_like
10.0,815,xen_like
10.0,816,epithelial_like
10.0,817,epithelial_like
10.0,818,xen_like
10.0,819,hCiPS
10.0,820,xen_like
10.0,821,xen_like
10.0,822,ambiguous
10.0,823,xen_like
10.0,824,xen_like
10.0,825,xen_like
10.0,826,xen_like
10.0,827,xen_like
10.0,828,xen_like
10.0,829,xen_like
10.0,830,xen_like
10.0,831,epithelial_like
10.0,832,xen_like
10.0,833,xen_like
10.0,834,xen_like
10.0,835,xen_like
10.0,836,hCiPS
10.0,837,xen_like
10.0,838,epithelial_like
10.0,839,xen_like
10.0,840,xen_like
10.0,841,ambiguous
10.0,842,xen_like
10.0,843,xen_like
10.0,844,epithelial_like
10.0,845,xen_like
10.0,846,xen_like
10.0,847,xen_like
10.0,848,xen_like
10.0,849,xen_like
10.0,850,xen_like
10.0,851,xen_like
10.0,852,epithelial_like
10.0,853,xen_like
10.0,854,epithelial_like
10.0,855,epithelial_like
10.0,856,intermediate_plastic
10.0,857,xen_like
10.0,858,xen_like
10.0,859,xen_like
10.0,860,xen_like
10.0,861,epithelial_like
10.0,862,xen_like
10.0,863,xen_like
10.0,864,xen_like
10.0,865,epithelial_like
10.0,866,epithelial_like
10.0,867,xen_like
10.0,868,xen_like
10.0,869,epithelial_like
10.0,870,xen_like
10.0,871,xen_like
10.0,872,epithelial_like
10.0,873,xen_like
10.0,874,hCiPS
10.0,875,epithelial_like
10.0,876,xen_like
10.0,877,xen_like
10.0,878,epithelial_like
10.0,879,xen_like
10.0,880,xen_like
10.0,881,xen_like
10.0,882,xen_like
10.0,883,epithelial_like
10.0,884,hCiPS
10.0,885,xen_like
10.0,886,xen_like
10.0,887,hCiPS
10.0,888,xen_like
10.0,889,epithelial_like
10.0,890,xen_like
10.0,891,xen_like
10.0,892,xen_like
10.0,893,xen_like
10.0,894,xen_like
10.0,895,hCiPS
10.0,896,xen_like
10.0,897,xen_like
10.0,898,epithelial_like
10.0,899,xen_like
10.0,900,epithelial_like
10.0,901,xen_like
10.0,902,xen_like
10.0,903,xen_like
10.0,904,xen_like
10.0,905,xen_like
10.0,906,xen_like
10.0,907,epithelial_like
10.0,908,xen_like
10.0,909,xen_like
10.0,910,epithelial_like
10.0,911,hCiPS
10.0,912,hCiPS
10.0,913,xen_like
10.0,914,intermediate_plastic
10.0,915,epithelial_like
10.0,916,xen_like
10.0,917,epithelial_like
10.0,918,xen_like
10.0,919,xen_like
10.0,920,xen_like
10.0,921,epithelial_like
10.0,922,xen_like
10.0,923,xen_like
10.0,924,xen_like
10.0,925,epithelial_like
10.0,926,xen_like
10.0,927,epithelial_like
10.0,928,xen_like
10.0,929,hCiPS
10.0,930,epithelial_like
10.0,931,xen_like
10.0,932,xen_like
10.0,933,xen_like
10.0,934,xen_like
10.0,935,xen_like
10.0,936,epithelial_like
10.0,937,xen_like
10.0,938,xen_like
10.0,939,xen_like
10.0,940,epithelial_like
10.0,941,epithelial_like
10.0,942,xen_like
10.0,943,xen_like
10.0,944,xen_like
10.0,945,xen_like
10.0,946,xen_like
10.0,947,xen_like
10.0,948,xen_like
10.0,949,xen_like
10.0,950,xen_like
10.0,951,xen_like
10.0,952,xen_like
10.0,953,xen_like
10.0,954,xen_like
10.0,955,xen_like
10.0,956,xen_like
10.0,957,xen_like
10.0,958,epithelial_like
10.0,959,xen_like
10.0,960,xen_like
10.0,961,xen_like
10.0,962,xen_like
10.0,963,xen_like
10.0,964,epithelial_like
10.0,965,epithelial_like
10.0,966,hCiPS
10.0,967,xen_like
10.0,968,xen_like
10.0,969,xen_like
10.0,970,xen_like
10.0,971,xen_like
10.0,972,xen_like
10.0,973,xen_like
10.0,974,xen_like
10.0,975,epithelial_like
10.0,976,xen_like
10.0,977,xen_like
10.0,978,xen_like
10.0,979,epithelial_like
10.0,980,epithelial_like
10.0,981,xen_like
10.0,982,epithelial_like
10.0,983,epithelial_like
10.0,984,xen_like
10.0,985,xen_like
10.0,986,xen_like
10.0,987,xen_like
10.0,988,xen_like
10.0,989,epithelial_like
10.0,990,xen_like
10.0,991,xen_like
10.0,992,epithelial_like
10.0,993,xen_like
10.0,994,xen_like
10.0,995,epithelial_like
10.0,996,xen_like
10.0,997,xen_like
10.0,998,xen_like
10.0,999,xen_like
10.0,1000,xen_like
10.0,1001,xen_like
10.0,1002,epithelial_like
10.0,1003,epithelial_like
10.0,1004,xen_like
10.0,1005,xen_like
10.0,1006,xen_like
10.0,1007,xen_like
10.0,1008,xen_like
10.0,1009,xen_like
10.0,1010,xen_like
10.0,1011,xen_like
10.0,1012,xen_like
10.0,1013,xen_like
10.0,1014,xen_like
10.0,1015,hCiPS
10.0,1016,epithelial_like
10.0,1017,xen_like
10.0,1018,xen_like
10.0,1019,intermediate_plastic
10.0,1020,ambiguous
10.0,1021,epithelial_like
10.0,1022,ambiguous
10.0,1023,xen_like
10.0,1024,epithelial_like
10.0,1025,epithelial_like
10.0,1026,xen_like
10.0,1027,xen_like
10.0,1028,hCiPS
10.0,1029,hCiPS
10.0,1030,epithelial_like
10.0,1031,xen_like
10.0,1032,xen_like
10.0,1033,xen_like
10.0,1034,epithelial_like
10.0,1035,xen_like
10.0,1036,xen_like
10.0,1037,intermediate_plastic
10.0,1038,xen_like
10.0,1039,xen_like
10.0,1040,xen_like
10.0,1041,xen_like
10.0,1042,xen_like
10.0,1043,xen_like
10.0,1044,xen_like
10.0,1045,xen_like
10.0,1046,xen_like
10.0,1047,xen_like
10.0,1048,xen_like
10.0,1049,xen_like
10.0,1050,xen_like
10.0,1051,xen_like
10.0,1052,xen_like
10.0,1053,xen_like
10.0,1054,xen_like
10.0,1055,intermediate_plastic
10.0,1056,xen_like
10.0,1057,xen_like
10.0,1058,epithelial_like
10.0,1059,xen_like
10.0,1060,xen_like
10.0,1061,xen_like
10.0,1062,xen_like
10.0,1063,intermediate_plastic
10.0,1064,epithelial_like
10.0,1065,epithelial_like
10.0,1066,intermediate_plastic
10.0,1067,ambiguous
10.0,1068,xen_like
10.0,1069,xen_like
10.0,1070,xen_like
10.0,1071,epithelial_like
10.0,1072,epithelial_like
10.0,1073,xen_like
10.0,1074,hCiPS
10.0,1075,xen_like
10.0,1076,xen_like
10.0,1077,xen_like
10.0,1078,epithelial_like
10.0,1079,xen_like
10.0,1080,xen_like
10.0,1081,xen_like
10.0,1082,epithelial_like
10.0,1083,xen_like
10.0,1084,xen_like
10.0,1085,xen_like
10.0,1086,xen_like
10.0,1087,hCiPS
10.0,1088,xen_like
10.0,1089,xen_like
10.0,1090,xen_like
10.0,1091,xen_like
10.0,1092,epithelial_like
10.0,1093,xen_like
10.0,1094,xen_like
10.0,1095,xen_like
10.0,1096,xen_like
10.0,1097,xen_like
10.0,1098,xen_like
10.0,1099,xen_like
10.0,1100,xen_like
10.0,1101,epithelial_like
10.0,1102,hCiPS
10.0,1103,xen_like
10.0,1104,xen_like
10.0,1105,xen_like
10.0,1106,xen_like
10.0,1107,xen_like
10.0,1108,intermediate_plastic
10.0,1109,xen_like
10.0,1110,hCiPS
10.0,1111,xen_like
10.0,1112,xen_like
10.0,1113,xen_like
10.0,1114,xen_like
10.0,1115,xen_like
10.0,1116,xen_like
10.0,1117,epithelial_like
10.0,1118,xen_like
10.0,1119,xen_like
10.0,1120,epithelial_like
10.0,1121,xen_like
10.0,1122,xen_like
10.0,1123,xen_like
10.0,1124,xen_like
10.0,1125,xen_like
10.0,1126,xen_like
10.0,1127,epithelial_like
10.0,1128,xen_like
10.0,1129,xen_like
10.0,1130,xen_like
10.0,1131,epithelial_like
10.0,1132,xen_like
10.0,1133,xen_like
10.0,1134,xen_like
10.0,1135,xen_like
10.0,1136,xen_like
10.0,1137,xen_like
10.0,1138,xen_like
10.0,1139,xen_like
10.0,1140,xen_like
10.0,1141,xen_like
10.0,1142,xen_like
10.0,1143,xen_like
10.0,1144,xen_like
10.0,1145,xen_like
10.0,1146,epithelial_like
10.0,1147,epithelial_like
10.0,1148,xen_like
10.0,1149,epithelial_like
10.0,1150,xen_like
10.0,1151,xen_like
10.0,1152,hCiPS
10.0,1153,hCiPS
10.0,1154,xen_like
10.0,1155,hCiPS
10.0,1156,epithelial_like
10.0,1157,epithelial_like
10.0,1158,xen_like
10.0,1159,hCiPS
10.0,1160,epithelial_like
10.0,1161,xen_like
10.0,1162,xen_like
10.0,1163,epithelial_like
10.0,1164,hCiPS
10.0,1165,xen_like
10.0,1166,hCiPS
10.0,1167,ambiguous
10.0,1168,epithelial_like
10.0,1169,xen_like
10.0,1170,xen_like
10.0,1171,xen_like
10.0,1172,xen_like
10.0,1173,xen_like
10.0,1174,xen_like
10.0,1175,xen_like
10.0,1176,xen_like
10.0,1177,xen_like
10.0,1178,xen_like
10.0,1179,xen_like
10.0,1180,epithelial_like
10.0,1181,xen_like
10.0,1182,xen_like
10.0,1183,intermediate_plastic
10.0,1184,epithelial_like
10.0,1185,xen_like
10.0,1186,xen_like
10.0,1187,xen_like
10.0,1188,xen_like
10.0,1189,hCiPS
10.0,1190,epithelial_like
10.0,1191,xen_like
10.0,1192,xen_like
10.0,1193,xen_like
10.0,1194,epithelial_like
10.0,1195,xen_like
10.0,1196,xen_like
10.0,1197,xen_like
10.0,1198,xen_like
10.0,1199,xen_like
10.0,1200,xen_like
10.0,1201,intermediate_plastic
10.0,1202,xen_like
10.0,1203,hCiPS
10.0,1204,xen_like
10.0,1205,xen_like
10.0,1206,epithelial_like
10.0,1207,xen_like
10.0,1208,hCiPS
10.0,1209,epithelial_like
10.0,1210,xen_like
10.0,1211,xen_like
10.0,1212,epithelial_like
10.0,1213,xen_like
10.0,1214,hCiPS
10.0,1215,intermediate_plastic
10.0,1216,xen_like
10.0,1217,epithelial_like
10.0,1218,epithelial_like
10.0,1219,xen_like
10.0,1220,xen_like
10.0,1221,xen_like
10.0,1222,xen_like
10.0,1223,xen_like
10.0,1224,xen_like
10.0,1225,epithelial_like
10.0,1226,xen_like
10.0,1227,xen_like
10.0,1228,xen_like
10.0,1229,xen_like
10.0,1230,epithelial_like
10.0,1231,xen_like
10.0,1232,xen_like
10.0,1233,epithelial_like
10.0,1234,epithelial_like
10.0,1235,xen_like
10.0,1236,epithelial_like
10.0,1237,hCiPS
10.0,1238,xen_like
10.0,1239,xen_like
10.0,1240,xen_like
10.0,1241,xen_like
10.0,1242,xen_like
10.0,1243,epithelial_like
10.0,1244,xen_like
10.0,1245,xen_like
10.0,1246,epithelial_like
10.0,1247,epithelial_like
10.0,1248,xen_like
10.0,1249,xen_like
10.0,1250,xen_like
10.0,1251,xen_like
10.0,1252,intermediate_plastic
10.0,1253,epithelial_like
10.0,1254,xen_like
10.0,1255,xen_like
10.0,1256,xen_like
10.0,1257,epithelial_like
10.0,1258,xen_like
10.0,1259,xen_like
10.0,1260,xen_like
10.0,1261,xen_like
10.0,1262,epithelial_like
10.0,1263,xen_like
10.0,1264,xen_like
10.0,1265,xen_like
10.0,1266,xen_like
10.0,1267,xen_like
10.0,1268,epithelial_like
10.0,1269,xen_like
10.0,1270,xen_like
10.0,1271,epithelial_like
10.0,1272,ambiguous
10.0,1273,hCiPS
10.0,1274,xen_like
10.0,1275,xen_like
10.0,1276,xen_like
10.0,1277,xen_like
10.0,1278,xen_like
10.0,1279,epithelial_like
10.0,1280,ambiguous
10.0,1281,hCiPS
10.0,1282,hCiPS
10.0,1283,xen_like
10.0,1284,intermediate_plastic
10.0,1285,xen_like
10.0,1286,xen_like
10.0,1287,xen_like
10.0,1288,xen_like
10.0,1289,xen_like
10.0,1290,xen_like
10.0,1291,xen_like
10.0,1292,xen_like
10.0,1293,epithelial_like
10.0,1294,xen_like
10.0,1295,epithelial_like
10.0,1296,xen_like
10.0,1297,xen_like
10.0,1298,xen_like
10.0,1299,hCiPS
10.0,1300,xen_like
10.0,1301,xen_like
10.0,1302,xen_like
10.0,1303,xen_like
10.0,1304,xen_like
10.0,1305,xen_like
10.0,1306,epithelial_like
10.0,1307,epithelial_like
10.0,1308,xen_like
10.0,1309,xen_like
10.0,1310,xen_like
10.0,1311,xen_like
10.0,1312,intermediate_plastic
10.0,1313,xen_like
10.0,1314,xen_like
10.0,1315,xen_like
10.0,1316,xen_like
10.0,1317,xen_like
10.0,1318,epithelial_like
10.0,1319,xen_like
10.0,1320,xen_like
10.0,1321,xen_like
10.0,1322,xen_like
10.0,1323,xen_like
10.0,1324,xen_like
10.0,1325,xen_like
10.0,1326,xen_like
10.0,1327,xen_like
10.0,1328,hCiPS
10.0,1329,xen_like
10.0,1330,xen_like
10.0,1331,xen_like
10.0,1332,xen_like
10.0,1333,xen_like
10.0,1334,xen_like
10.0,1335,xen_like
10.0,1336,hCiPS
10.0,1337,epithelial_like
10.0,1338,xen_like
10.0,1339,xen_like
10.0,1340,xen_like
10.0,1341,xen_like
10.0,1342,xen_like
10.0,1343,xen_like
10.0,1344,xen_like
10.0,1345,xen_like
10.0,1346,hCiPS
10.0,1347,xen_like
10.0,1348,epithelial_like
10.0,1349,xen_like
10.0,1350,epithelial_like
10.0,1351,xen_like
10.0,1352,epithelial_like
10.0,1353,xen_like
10.0,1354,xen_like
10.0,1355,xen_like
10.0,1356,xen_like
10.0,1357,xen_like
10.0,1358,xen_like
10.0,1359,xen_like
10.0,1360,epithelial_like
10.0,1361,xen_like
10.0,1362,xen_like
10.0,1363,intermediate_plastic
10.0,1364,intermediate_plastic
10.0,1365,xen_like
10.0,1366,xen_like
10.0,1367,epithelial_like
10.0,1368,xen_like
10.0,1369,xen_like
10.0,1370,epithelial_like
10.0,1371,epithelial_like
10.0,1372,xen_like
10.0,1373,xen_like
10.0,1374,xen_like
10.0,1375,xen_like
10.0,1376,xen_like
10.0,1377,epithelial_like
10.0,1378,xen_like
10.0,1379,epithelial_like
10.0,1380,xen_like
10.0,1381,xen_like
10.0,1382,ambiguous
10.0,1383,xen_like
10.0,1384,xen_like
10.0,1385,epithelial_like
10.0,1386,epithelial_like
10.0,1387,epithelial_like
10.0,1388,xen_like
10.0,1389,xen_like
10.0,1390,xen_like
10.0,1391,xen_like
10.0,1392,hCiPS
10.0,1393,xen_like
10.0,1394,xen_like
10.0,1395,xen_like
10.0,1396,xen_like
10.0,1397,epithelial_like
10.0,1398,xen_like
10.0,1399,epithelial_like
10.0,1400,xen_like
10.0,1401,epithelial_like
10.0,1402,xen_like
10.0,1403,xen_like
10.0,1404,xen_like
10.0,1405,xen_like
10.0,1406,xen_like
10.0,1407,xen_like
10.0,1408,epithelial_like
10.0,1409,xen_like
10.0,1410,xen_like
10.0,1411,xen_like
10.0,1412,xen_like
10.0,1413,xen_like
10.0,1414,intermediate_plastic
10.0,1415,xen_like
10.0,1416,xen_like
10.0,1417,hCiPS
10.0,1418,epithelial_like
10.0,1419,xen_like
10.0,1420,epithelial_like
10.0,1421,xen_like
10.0,1422,hCiPS
10.0,1423,epithelial_like
10.0,1424,xen_like
10.0,1425,xen_like
10.0,1426,xen_like
10.0,1427,xen_like
10.0,1428,xen_like
10.0,1429,xen_like
10.0,1430,xen_like
10.0,1431,xen_like
10.0,1432,xen_like
10.0,1433,epithelial_like
10.0,1434,xen_like
10.0,1435,xen_like
10.0,1436,epithelial_like
10.0,1437,xen_like
10.0,1438,xen_like
10.0,1439,xen_like
10.0,1440,xen_like
10.0,1441,epithelial_like
10.0,1442,xen_like
10.0,1443,xen_like
10.0,1444,xen_like
10.0,1445,xen_like
10.0,1446,xen_like
10.0,1447,intermediate_plastic
10.0,1448,xen_like
10.0,1449,xen_like
10.0,1450,xen_like
10.0,1451,xen_like
10.0,1452,xen_like
10.0,1453,hCiPS
10.0,1454,hCiPS
10.0,1455,xen_like
10.0,1456,xen_like
10.0,1457,xen_like
10.0,1458,intermediate_plastic
10.0,1459,epithelial_like
10.0,1460,epithelial_like
10.0,1461,xen_like
10.0,1462,xen_like
10.0,1463,xen_like
10.0,1464,intermediate_plastic
10.0,1465,xen_like
10.0,1466,xen_like
10.0,1467,xen_like
10.0,1468,xen_like
10.0,1469,epithelial_like
10.0,1470,xen_like
10.0,1471,xen_like
10.0,1472,epithelial_like
10.0,1473,xen_like
10.0,1474,epithelial_like
10.0,1475,xen_like
10.0,1476,xen_like
10.0,1477,xen_like
10.0,1478,xen_like
10.0,1479,epithelial_like
10.0,1480,xen_like
10.0,1481,xen_like
10.0,1482,xen_like
10.0,1483,xen_like
10.0,1484,xen_like
10.0,1485,hCiPS
10.0,1486,epithelial_like
10.0,1487,xen_like
10.0,1488,ambiguous
10.0,1489,epithelial_like
10.0,1490,xen_like
10.0,1491,epithelial_like
10.0,1492,xen_like
10.0,1493,xen_like
10.0,1494,xen_like
10.0,1495,epithelial_like
10.0,1496,xen_like
10.0,1497,xen_like
10.0,1498,epithelial_like
10.0,1499,epithelial_like
10.0,1500,xen_like
10.0,1501,epithelial_like
10.0,1502,epithelial_like
10.0,1503,xen_like
10.0,1504,xen_like
10.0,1505,xen_like
10.0,1506,epithelial_like
10.0,1507,xen_like
10.0,1508,xen_like
10.0,1509,xen_like
10.0,1510,epithelial_like
10.0,1511,xen_like
10.0,1512,intermediate_plastic
10.0,1513,xen_like
10.0,1514,xen_like
10.0,1515,xen_like
10.0,1516,xen_like
10.0,1517,xen_like
10.0,1518,xen_like
10.0,1519,xen_like
10.0,1520,xen_like
10.0,1521,xen_like
10.0,1522,xen_like
10.0,1523,xen_like
10.0,1524,xen_like
10.0,1525,epithelial_like
10.0,1526,xen_like
10.0,1527,xen_like
10.0,1528,epithelial_like
10.0,1529,xen_like
10.0,1530,hCiPS
10.0,1531,xen_like
10.0,1532,epithelial_like
10.0,1533,hCiPS
10.0,1534,xen_like
10.0,1535,epithelial_like
10.0,1536,xen_like
10.0,1537,xen_like
10.0,1538,epithelial_like
10.0,1539,epithelial_like
10.0,1540,epithelial_like
10.0,1541,xen_like
10.0,1542,intermediate_plastic
10.0,1543,xen_like
10.0,1544,xen_like
10.0,1545,xen_like
10.0,1546,epithelial_like
10.0,1547,xen_like
10.0,1548,epithelial_like
10.0,1549,xen_like
10.0,1550,xen_like
10.0,1551,hCiPS
10.0,1552,xen_like
10.0,1553,epithelial_like
10.0,1554,xen_like
10.0,1555,xen_like
10.0,1556,epithelial_like
10.0,1557,xen_like
10.0,1558,xen_like
10.0,1559,epithelial_like
10.0,1560,hCiPS
10.0,1561,xen_like
10.0,1562,epithelial_like
10.0,1563,xen_like
10.0,1564,xen_like
10.0,1565,epithelial_like
10.0,1566,xen_like
10.0,1567,xen_like
10.0,1568,xen_like
10.0,1569,xen_like
10.0,1570,xen_like
10.0,1571,xen_like
10.0,1572,xen_like
10.0,1573,xen_like
10.0,1574,xen_like
10.0,1575,xen_like
10.0,1576,xen_like
10.0,1577,xen_like
10.0,1578,xen_like
10.0,1579,xen_like
10.0,1580,xen_like
10.0,1581,xen_like
10.0,1582,xen_like
10.0,1583,xen_like
10.0,1584,xen_like
10.0,1585,xen_like
10.0,1586,xen_like
10.0,1587,ambiguous
10.0,1588,hCiPS
10.0,1589,xen_like
10.0,1590,xen_like
10.0,1591,hCiPS
10.0,1592,intermediate_plastic
10.0,1593,epithelial_like
10.0,1594,intermediate_plastic
10.0,1595,xen_like
10.0,1596,epithelial_like
10.0,1597,epithelial_like
10.0,1598,xen_like
10.0,1599,xen_like
10.0,1600,hCiPS
10.0,1601,xen_like
10.0,1602,epithelial_like
10.0,1603,epithelial_like
10.0,1604,xen_like
10.0,1605,xen_like
10.0,1606,xen_like
10.0,1607,xen_like
10.0,1608,xen_like
10.0,1609,xen_like
10.0,1610,xen_like
10.0,1611,xen_like
10.0,1612,epithelial_like
10.0,1613,xen_like
10.0,1614,xen_like
10.0,1615,xen_like
10.0,1616,xen_like
10.0,1617,epithelial_like
10.0,1618,xen_like
10.0,1619,xen_like
10.0,1620,xen_like
10.0,1621,xen_like
10.0,1622,xen_like
10.0,1623,xen_like
10.0,1624,xen_like
10.0,1625,epithelial_like
10.0,1626,xen_like
10.0,1627,xen_like
10.0,1628,hCiPS
10.0,1629,epithelial_like
10.0,1630,xen_like
10.0,1631,xen_like
10.0,1632,hCiPS
10.0,1633,epithelial_like
10.0,1634,xen_like
10.0,1635,xen_like
10.0,1636,xen_like
10.0,1637,intermediate_plastic
10.0,1638,epithelial_like
10.0,1639,xen_like
10.0,1640,xen_like
10.0,1641,xen_like
10.0,1642,xen_like
10.0,1643,xen_like
10.0,1644,xen_like
10.0,1645,epithelial_like
10.0,1646,intermediate_plastic
10.0,1647,epithelial_like
10.0,1648,xen_like
10.0,1649,xen_like
10.0,1650,epithelial_like
10.0,1651,xen_like
10.0,1652,xen_like
10.0,1653,xen_like
10.0,1654,hCiPS
10.0,1655,xen_like
10.0,1656,epithelial_like
10.0,1657,intermediate_plastic
10.0,1658,xen_like
10.0,1659,xen_like
10.0,1660,xen_like
10.0,1661,xen_like
10.0,1662,xen_like
10.0,1663,xen_like
10.0,1664,epithelial_like
10.0,1665,xen_like
10.0,1666,xen_like
10.0,1667,epithelial_like
10.0,1668,xen_like
10.0,1669,xen_like
10.0,1670,xen_like
10.0,1671,xen_like
10.0,1672,xen_like
10.0,1673,xen_like
10.0,1674,xen_like
10.0,1675,epithelial_like
10.0,1676,xen_like
10.0,1677,epithelial_like
10.0,1678,xen_like
10.0,1679,xen_like
10.0,1680,hCiPS
10.0,1681,xen_like
10.0,1682,xen_like
10.0,1683,xen_like
10.0,1684,intermediate_plastic
10.0,1685,epithelial_like
10.0,1686,xen_like
10.0,1687,epithelial_like
10.0,1688,xen_like
10.0,1689,epithelial_like
10.0,1690,ambiguous
10.0,1691,hCiPS
10.0,1692,epithelial_like
10.0,1693,xen_like
10.0,1694,epithelial_like
10.0,1695,epithelial_like
10.0,1696,epithelial_like
10.0,1697,hCiPS
10.0,1698,xen_like
10.0,1699,xen_like
10.0,1700,epithelial_like
10.0,1701,xen_like
10.0,1702,xen_like
10.0,1703,xen_like
10.0,1704,xen_like
10.0,1705,xen_like
10.0,1706,xen_like
10.0,1707,xen_like
10.0,1708,epithelial_like
10.0,1709,xen_like
10.0,1710,xen_like
10.0,1711,epithelial_like
10.0,1712,xen_like
10.0,1713,xen_like
10.0,1714,epithelial_like
10.0,1715,xen_like
10.0,1716,xen_like
10.0,1717,xen_like
10.0,1718,hCiPS
10.0,1719,xen_like
10.0,1720,xen_like
10.0,1721,epithelial_like
10.0,1722,xen_like
10.0,1723,xen_like
10.0,1724,xen_like
10.0,1725,xen_like
10.0,1726,xen_like
10.0,1727,xen_like
10.0,1728,intermediate_plastic
10.0,1729,xen_like
10.0,1730,xen_like
10.0,1731,xen_like
10.0,1732,xen_like
10.0,1733,xen_like
10.0,1734,xen_like
10.0,1735,xen_like
10.0,1736,hCiPS
10.0,1737,epithelial_like
10.0,1738,xen_like
10.0,1739,xen_like
10.0,1740,epithelial_like
10.0,1741,intermediate_plastic
10.0,1742,epithelial_like
10.0,1743,xen_like
10.0,1744,epithelial_like
10.0,1745,ambiguous
10.0,1746,epithelial_like
10.0,1747,xen_like
10.0,1748,xen_like
10.0,1749,hCiPS
10.0,1750,epithelial_like
10.0,1751,xen_like
10.0,1752,epithelial_like
10.0,1753,epithelial_like
10.0,1754,xen_like
10.0,1755,epithelial_like
10.0,1756,xen_like
10.0,1757,hCiPS
10.0,1758,epithelial_like
10.0,1759,xen_like
10.0,1760,xen_like
10.0,1761,xen_like
10.0,1762,xen_like
10.0,1763,xen_like
10.0,1764,xen_like
10.0,1765,epithelial_like
10.0,1766,xen_like
10.0,1767,xen_like
10.0,1768,hCiPS
10.0,1769,intermediate_plastic
10.0,1770,xen_like
10.0,1771,xen_like
10.0,1772,xen_like
10.0,1773,intermediate_plastic
10.0,1774,xen_like
10.0,1775,epithelial_like
10.0,1776,xen_like
10.0,1777,xen_like
10.0,1778,xen_like
10.0,1779,hCiPS
10.0,1780,xen_like
10.0,1781,xen_like
10.0,1782,hCiPS
10.0,1783,xen_like
10.0,1784,xen_like
10.0,1785,xen_like
10.0,1786,xen_like
10.0,1787,xen_like
10.0,1788,xen_like
10.0,1789,xen_like
10.0,1790,xen_like
10.0,1791,xen_like
10.0,1792,xen_like
10.0,1793,xen_like
10.0,1794,xen_like
10.0,1795,hCiPS
10.0,1796,xen_like
10.0,1797,xen_like
10.0,1798,xen_like
10.0,1799,hCiPS
10.0,1800,xen_like
10.0,1801,epithelial_like
10.0,1802,epithelial_like
10.0,1803,xen_like
10.0,1804,hCiPS
10.0,1805,xen_like
10.0,1806,xen_like
10.0,1807,xen_like
10.0,1808,xen_like
10.0,1809,xen_like
10.0,1810,hCiPS
10.0,1811,epithelial_like
10.0,1812,xen_like
10.0,1813,xen_like
10.0,1814,xen_like
10.0,1815,xen_like
10.0,1816,epithelial_like
10.0,1817,epithelial_like
10.0,1818,xen_like
10.0,1819,xen_like
10.0,1820,epithelial_like
10.0,1821,xen_like
10.0,1822,xen_like
10.0,1823,xen_like
10.0,1824,xen_like
10.0,1825,xen_like
10.0,1826,xen_like
10.0,1827,xen_like
10.0,1828,xen_like
10.0,1829,xen_like
10.0,1830,xen_like
10.0,1831,epithelial_like
10.0,1832,xen_like
10.0,1833,epithelial_like
10.0,1834,xen_like
10.0,1835,xen_like
10.0,1836,xen_like
10.0,1837,xen_like
10.0,1838,xen_like
10.0,1839,xen_like
10.0,1840,xen_like
10.0,1841,xen_like
10.0,1842,xen_like
10.0,1843,xen_like
10.0,1844,xen_like
10.0,1845,xen_like
10.0,1846,xen_like
10.0,1847,xen_like
10.0,1848,epithelial_like
10.0,1849,epithelial_like
10.0,1850,epithelial_like
10.0,1851,xen_like
10.0,1852,hCiPS
10.0,1853,xen_like
10.0,1854,epithelial_like
10.0,1855,xen_like
10.0,1856,epithelial_like
10.0,1857,epithelial_like
10.0,1858,xen_like
10.0,1859,xen_like
10.0,1860,xen_like
10.0,1861,hCiPS
10.0,1862,epithelial_like
10.0,1863,xen_like
10.0,1864,xen_like
10.0,1865,hCiPS
10.0,1866,xen_like
10.0,1867,xen_like
10.0,1868,xen_like
10.0,1869,epithelial_like
10.0,1870,hCiPS
10.0,1871,epithelial_like
10.0,1872,epithelial_like
10.0,1873,xen_like
10.0,1874,xen_like
10.0,1875,xen_like
10.0,1876,xen_like
10.0,1877,xen_like
10.0,1878,intermediate_plastic
10.0,1879,epithelial_like
10.0,1880,xen_like
10.0,1881,hCiPS
10.0,1882,epithelial_like
10.0,1883,xen_like
10.0,1884,hCiPS
10.0,1885,xen_like
10.0,1886,xen_like
10.0,1887,epithelial_like
10.0,1888,xen_like
10.0,1889,ambiguous
10.0,1890,xen_like
10.0,1891,hCiPS
10.0,1892,epithelial_like
10.0,1893,xen_like
10.0,1894,xen_like
10.0,1895,xen_like
10.0,1896,epithelial_like
10.0,1897,epithelial_like
10.0,1898,xen_like
10.0,1899,xen_like
10.0,1900,xen_like
10.0,1901,xen_like
10.0,1902,hCiPS
10.0,1903,epithelial_like
10.0,1904,xen_like
10.0,1905,xen_like
10.0,1906,xen_like
10.0,1907,xen_like
10.0,1908,xen_like
10.0,1909,xen_like
10.0,1910,xen_like
10.0,1911,epithelial_like
10.0,1912,xen_like
10.0,1913,epithelial_like
10.0,1914,xen_like
10.0,1915,xen_like
10.0,1916,epithelial_like
10.0,1917,xen_like
10.0,1918,xen_like
10.0,1919,xen_like
10.0,1920,xen_like
10.0,1921,xen_like
10.0,1922,xen_like
10.0,1923,xen_like
10.0,1924,ambiguous
10.0,1925,hCiPS
10.0,1926,xen_like
10.0,1927,xen_like
10.0,1928,epithelial_like
10.0,1929,xen_like
10.0,1930,xen_like
10.0,1931,epithelial_like
10.0,1932,ambiguous
10.0,1933,epithelial_like
10.0,1934,epithelial_like
10.0,1935,xen_like
10.0,1936,xen_like
10.0,1937,xen_like
10.0,1938,xen_like
10.0,1939,xen_like
10.0,1940,xen_like
10.0,1941,xen_like
10.0,1942,xen_like
10.0,1943,xen_like
10.0,1944,epithelial_like
10.0,1945,xen_like
10.0,1946,hCiPS
10.0,1947,xen_like
10.0,1948,xen_like
10.0,1949,hCiPS
10.0,1950,xen_like
10.0,1951,xen_like
10.0,1952,xen_like
10.0,1953,xen_like
10.0,1954,xen_like
10.0,1955,xen_like
10.0,1956,hCiPS
10.0,1957,hCiPS
10.0,1958,xen_like
10.0,1959,xen_like
10.0,1960,xen_like
10.0,1961,xen_like
10.0,1962,xen_like
10.0,1963,xen_like
10.0,1964,xen_like
10.0,1965,xen_like
10.0,1966,epithelial_like
10.0,1967,xen_like
10.0,1968,xen_like
10.0,1969,xen_like
10.0,1970,xen_like
10.0,1971,xen_like
10.0,1972,epithelial_like
10.0,1973,ambiguous
10.0,1974,xen_like
10.0,1975,epithelial_like
10.0,1976,xen_like
10.0,1977,xen_like
10.0,1978,xen_like
10.0,1979,xen_like
10.0,1980,xen_like
10.0,1981,xen_like
10.0,1982,xen_like
10.0,1983,xen_like
10.0,1984,xen_like
10.0,1985,hCiPS
10.0,1986,xen_like
10.0,1987,xen_like
10.0,1988,xen_like
10.0,1989,hCiPS
10.0,1990,epithelial_like
10.0,1991,epithelial_like
10.0,1992,xen_like
10.0,1993,xen_like
10.0,1994,intermediate_plastic
10.0,1995,hCiPS
10.0,1996,xen_like
10.0,1997,epithelial_like
10.0,1998,hCiPS
10.0,1999,hCiPS
11.0,0,xen_like
11.0,1,hCiPS
11.0,2,xen_like
11.0,3,xen_like
11.0,4,epithelial_like
11.0,5,xen_like
11.0,6,xen_like
11.0,7,xen_like
11.0,8,xen_like
11.0,9,xen_like
11.0,10,xen_like
11.0,11,hCiPS
11.0,12,xen_like
11.0,13,xen_like
11.0,14,hCiPS
11.0,15,xen_like
11.0,16,xen_like
11.0,17,xen_like
11.0,18,xen_like
11.0,19,xen_like
11.0,20,epithelial_like
11.0,21,xen_like
11.0,22,xen_like
11.0,23,xen_like
11.0,24,xen_like
11.0,25,xen_like
11.0,26,xen_like
11.0,27,epithelial_like
11.0,28,epithelial_like
11.0,29,xen_like
11.0,30,xen_like
11.0,31,xen_like
11.0,32,xen_like
11.0,33,xen_like
11.0,34,xen_like
11.0,35,xen_like
11.0,36,intermediate_plastic
11.0,37,xen_like
11.0,38,hCiPS
11.0,39,xen_like
11.0,40,xen_like
11.0,41,hCiPS
11.0,42,epithelial_like
11.0,43,xen_like
11.0,44,xen_like
11.0,45,xen_like
11.0,46,xen_like
11.0,47,xen_like
11.0,48,epithelial_like
11.0,49,xen_like
11.0,50,epithelial_like
11.0,51,xen_like
11.0,52,epithelial_like
11.0,53,hCiPS
11.0,54,xen_like
11.0,55,xen_like
11.0,56,xen_like
11.0,57,xen_like
11.0,58,hCiPS
11.0,59,xen_like
11.0,60,xen_like
11.0,61,xen_like
11.0,62,xen_like
11.0,63,epithelial_like
11.0,64,xen_like
11.0,65,xen_like
11.0,66,xen_like
11.0,67,xen_like
11.0,68,xen_like
11.0,69,xen_like
11.0,70,xen_like
11.0,71,intermediate_plastic
11.0,72,xen_like
11.0,73,xen_like
11.0,74,xen_like
11.0,75,xen_like
11.0,76,xen_like
11.0,77,ambiguous
11.0,78,xen_like
11.0,79,xen_like
11.0,80,xen_like
11.0,81,xen_like
11.0,82,xen_like
11.0,83,hCiPS
11.0,84,xen_like
11.0,85,xen_like
11.0,86,xen_like
11.0,87,xen_like
11.0,88,xen_like
11.0,89,xen_like
11.0,90,xen_like
11.0,91,epithelial_like
11.0,92,xen_like
11.0,93,xen_like
11.0,94,xen_like
11.0,95,xen_like
11.0,96,epithelial_like
11.0,97,xen_like
11.0,98,xen_like
11.0,99,xen_like
11.0,100,xen_like
11.0,101,epithelial_like
11.0,102,xen_like
11.0,103,xen_like
11.0,104,xen_like
11.0,105,xen_like
11.0,106,xen_like
11.0,107,epithelial_like
11.0,108,xen_like
11.0,109,xen_like
11.0,110,xen_like
11.0,111,intermediate_plastic
11.0,112,xen_like
11.0,113,xen_like
11.0,114,xen_like
11.0,115,xen_like
11.0,116,xen_like
11.0,117,xen_like
11.0,118,xen_like
11.0,119,epithelial_like
11.0,120,xen_like
11.0,121,xen_like
11.0,122,xen_like
11.0,123,xen_like
11.0,124,xen_like
11.0,125,xen_like
11.0,126,epithelial_like
11.0,127,epithelial_like
11.0,128,xen_like
11.0,129,xen_like
11.0,130,xen_like
11.0,131,xen_like
11.0,132,xen_like
11.0,133,xen_like
11.0,134,epithelial_like
11.0,135,xen_like
11.0,136,xen_like
11.0,137,epithelial_like
11.0,138,xen_like
11.0,139,xen_like
11.0,140,epithelial_like
11.0,141,xen_like
11.0,142,xen_like
11.0,143,xen_like
11.0,144,xen_like
11.0,145,xen_like
11.0,146,xen_like
11.0,147,xen_like
11.0,148,xen_like
11.0,149,epithelial_like
11.0,150,xen_like
11.0,151,hCiPS
11.0,152,xen_like
11.0,153,xen_like
11.0,154,xen_like
11.0,155,xen_like
11.0,156,xen_like
11.0,157,xen_like
11.0,158,xen_like
11.0,159,xen_like
11.0,160,xen_like
11.0,161,xen_like
11.0,162,xen_like
11.0,163,xen_like
11.0,164,xen_like
11.0,165,xen_like
11.0,166,xen_like
11.0,167,xen_like
11.0,168,xen_like
11.0,169,xen_like
11.0,170,xen_like
11.0,171,epithelial_like
11.0,172,xen_like
11.0,173,xen_like
11.0,174,hCiPS
11.0,175,xen_like
11.0,176,xen_like
11.0,177,xen_like
11.0,178,xen_like
11.0,179,xen_like
11.0,180,epithelial_like
11.0,181,xen_like
11.0,182,xen_like
11.0,183,xen_like
11.0,184,xen_like
11.0,185,xen_like
11.0,186,xen_like
11.0,187,xen_like
11.0,188,xen_like
11.0,189,epithelial_like
11.0,190,xen_like
11.0,191,xen_like
11.0,192,xen_like
11.0,193,epithelial_like
11.0,194,xen_like
11.0,195,epithelial_like
11.0,196,intermediate_plastic
11.0,197,epithelial_like
11.0,198,xen_like
11.0,199,xen_like
11.0,200,xen_like
11.0,201,xen_like
11.0,202,epithelial_like
11.0,203,epithelial_like
11.0,204,xen_like
11.0,205,xen_like
11.0,206,xen_like
11.0,207,xen_like
11.0,208,epithelial_like
11.0,209,xen_like
11.0,210,xen_like
11.0,211,xen_like
11.0,212,xen_like
11.0,213,xen_like
11.0,214,epithelial_like
11.0,215,xen_like
11.0,216,xen_like
11.0,217,hCiPS
11.0,218,xen_like
11.0,219,hCiPS
11.0,220,xen_like
11.0,221,xen_like
11.0,222,xen_like
11.0,223,xen_like
11.0,224,epithelial_like
11.0,225,epithelial_like
11.0,226,xen_like
11.0,227,xen_like
11.0,228,xen_like
11.0,229,xen_like
11.0,230,epithelial_like
11.0,231,epithelial_like
11.0,232,xen_like
11.0,233,xen_like
11.0,234,xen_like
11.0,235,epithelial_like
11.0,236,xen_like
11.0,237,xen_like
11.0,238,epithelial_like
11.0,239,xen_like
11.0,240,epithelial_like
11.0,241,epithelial_like
11.0,242,epithelial_like
11.0,243,epithelial_like
11.0,244,xen_like
11.0,245,epithelial_like
11.0,246,xen_like
11.0,247,xen_like
11.0,248,xen_like
11.0,249,hCiPS
11.0,250,xen_like
11.0,251,xen_like
11.0,252,xen_like
11.0,253,xen_like
11.0,254,xen_like
11.0,255,epithelial_like
11.0,256,xen_like
11.0,257,xen_like
11.0,258,xen_like
11.0,259,xen_like
11.0,260,epithelial_like
11.0,261,hCiPS
11.0,262,xen_like
11.0,263,xen_like
11.0,264,xen_like
11.0,265,xen_like
11.0,266,xen_like
11.0,267,epithelial_like
11.0,268,xen_like
11.0,269,xen_like
11.0,270,xen_like
11.0,271,epithelial_like
11.0,272,xen_like
11.0,273,xen_like
11.0,274,xen_like
11.0,275,epithelial_like
11.0,276,xen_like
11.0,277,xen_like
11.0,278,xen_like
11.0,279,xen_like
11.0,280,xen_like
11.0,281,xen_like
11.0,282,xen_like
11.0,283,xen_like
11.0,284,xen_like
11.0,285,hCiPS
11.0,286,hCiPS
11.0,287,xen_like
11.0,288,epithelial_like
11.0,289,xen_like
11.0,290,xen_like
11.0,291,xen_like
11.0,292,xen_like
11.0,293,xen_like
11.0,294,xen_like
11.0,295,xen_like
11.0,296,xen_like
11.0,297,epithelial_like
11.0,298,xen_like
11.0,299,xen_like
11.0,300,xen_like
11.0,301,epithelial_like
11.0,302,xen_like
11.0,303,xen_like
11.0,304,xen_like
11.0,305,epithelial_like
11.0,306,epithelial_like
11.0,307,xen_like
11.0,308,xen_like
11.0,309,xen_like
11.0,310,epithelial_like
11.0,311,xen_like
11.0,312,xen_like
11.0,313,xen_like
11.0,314,hCiPS
11.0,315,xen_like
11.0,316,xen_like
11.0,317,xen_like
11.0,318,xen_like
11.0,319,xen_like
11.0,320,xen_like
11.0,321,xen_like
11.0,322,epithelial_like
11.0,323,xen_like
11.0,324,xen_like
11.0,325,xen_like
11.0,326,xen_like
11.0,327,xen_like
11.0,328,xen_like
11.0,329,xen_like
11.0,330,xen_like
11.0,331,xen_like
11.0,332,xen_like
11.0,333,xen_like
11.0,334,xen_like
11.0,335,xen_like
11.0,336,xen_like
11.0,337,xen_like
11.0,338,xen_like
11.0,339,epithelial_like
11.0,340,xen_like
11.0,341,epithelial_like
11.0,342,xen_like
11.0,343,hCiPS
11.0,344,xen_like
11.0,345,xen_like
11.0,346,xen_like
11.0,347,xen_like
11.0,348,xen_like
11.0,349,epithelial_like
11.0,350,epithelial_like
11.0,351,xen_like
11.0,352,epithelial_like
11.0,353,xen_like
11.0,354,xen_like
11.0,355,xen_like
11.0,356,xen_like
11.0,357,epithelial_like
11.0,358,xen_like
11.0,359,xen_like
11.0,360,xen_like
11.0,361,xen_like
11.0,362,xen_like
11.0,363,epithelial_like
11.0,364,xen_like
11.0,365,epithelial_like
11.0,366,xen_like
11.0,367,xen_like
11.0,368,xen_like
11.0,369,xen_like
11.0,370,xen_like
11.0,371,xen_like
11.0,372,xen_like
11.0,373,xen_like
11.0,374,xen_like
11.0,375,xen_like
11.0,376,xen_like
11.0,377,xen_like
11.0,378,xen_like
11.0,379,xen_like
11.0,380,hCiPS
11.0,381,xen_like
11.0,382,xen_like
11.0,383,epithelial_like
11.0,384,xen_like
11.0,385,xen_like
11.0,386,xen_like
11.0,387,xen_like
11.0,388,xen_like
11.0,389,hCiPS
11.0,390,xen_like
11.0,391,xen_like
11.0,392,xen_like
11.0,393,xen_like
11.0,394,xen_like
11.0,395,xen_like
11.0,396,epithelial_like
11.0,397,xen_like
11.0,398,xen_like
11.0,399,xen_like
11.0,400,xen_like
11.0,401,xen_like
11.0,402,xen_like
11.0,403,ambiguous
11.0,404,xen_like
11.0,405,xen_like
11.0,406,xen_like
11.0,407,xen_like
11.0,408,xen_like
11.0,409,xen_like
11.0,410,intermediate_plastic
11.0,411,xen_like
11.0,412,xen_like
11.0,413,xen_like
11.0,414,xen_like
11.0,415,xen_like
11.0,416,xen_like
11.0,417,xen_like
11.0,418,xen_like
11.0,419,hCiPS
11.0,420,xen_like
11.0,421,xen_like
11.0,422,xen_like
11.0,423,epithelial_like
11.0,424,xen_like
11.0,425,epithelial_like
11.0,426,xen_like
11.0,427,epithelial_like
11.0,428,hCiPS
11.0,429,xen_like
11.0,430,xen_like
11.0,431,xen_like
11.0,432,epithelial_like
11.0,433,xen_like
11.0,434,xen_like
11.0,435,xen_like
11.0,436,xen_like
11.0,437,xen_like
11.0,438,xen_like
11.0,439,xen_like
11.0,440,xen_like
11.0,441,epithelial_like
11.0,442,xen_like
11.0,443,xen_like
11.0,444,xen_like
11.0,445,xen_like
11.0,446,xen_like
11.0,447,epithelial_like
11.0,448,xen_like
11.0,449,epithelial_like
11.0,450,hCiPS
11.0,451,xen_like
11.0,452,xen_like
11.0,453,xen_like
11.0,454,xen_like
11.0,455,xen_like
11.0,456,xen_like
11.0,457,xen_like
11.0,458,xen_like
11.0,459,xen_like
11.0,460,xen_like
11.0,461,xen_like
11.0,462,xen_like
11.0,463,xen_like
11.0,464,epithelial_like
11.0,465,epithelial_like
11.0,466,xen_like
11.0,467,xen_like
11.0,468,hCiPS
11.0,469,xen_like
11.0,470,xen_like
11.0,471,xen_like
11.0,472,hCiPS
11.0,473,xen_like
11.0,474,xen_like
11.0,475,xen_like
11.0,476,hCiPS
11.0,477,xen_like
11.0,478,xen_like
11.0,479,xen_like
11.0,480,xen_like
11.0,481,xen_like
11.0,482,xen_like
11.0,483,xen_like
11.0,484,xen_like
11.0,485,xen_like
11.0,486,xen_like
11.0,487,xen_like
11.0,488,epithelial_like
11.0,489,xen_like
11.0,490,xen_like
11.0,491,xen_like
11.0,492,xen_like
11.0,493,epithelial_like
11.0,494,xen_like
11.0,495,xen_like
11.0,496,xen_like
11.0,497,xen_like
11.0,498,ambiguous
11.0,499,xen_like
11.0,500,xen_like
11.0,501,xen_like
11.0,502,xen_like
11.0,503,xen_like
11.0,504,xen_like
11.0,505,xen_like
11.0,506,xen_like
11.0,507,xen_like
11.0,508,xen_like
11.0,509,epithelial_like
11.0,510,xen_like
11.0,511,epithelial_like
11.0,512,xen_like
11.0,513,xen_like
11.0,514,xen_like
11.0,515,xen_like
11.0,516,ambiguous
11.0,517,xen_like
11.0,518,xen_like
11.0,519,hCiPS
11.0,520,xen_like
11.0,521,xen_like
11.0,522,xen_like
11.0,523,epithelial_like
11.0,524,xen_like
11.0,525,intermediate_plastic
11.0,526,xen_like
11.0,527,epithelial_like
11.0,528,hCiPS
11.0,529,xen_like
11.0,530,xen_like
11.0,531,xen_like
11.0,532,xen_like
11.0,533,xen_like
11.0,534,xen_like
11.0,535,xen_like
11.0,536,xen_like
11.0,537,hCiPS
11.0,538,xen_like
11.0,539,epithelial_like
11.0,540,xen_like
11.0,541,xen_like
11.0,542,epithelial_like
11.0,543,epithelial_like
11.0,544,xen_like
11.0,545,xen_like
11.0,546,xen_like
11.0,547,xen_like
11.0,548,xen_like
11.0,549,xen_like
11.0,550,hCiPS
11.0,551,xen_like
11.0,552,xen_like
11.0,553,xen_like
11.0,554,intermediate_plastic
11.0,555,xen_like
11.0,556,xen_like
11.0,557,xen_like
11.0,558,xen_like
11.0,559,xen_like
11.0,560,xen_like
11.0,561,xen_like
11.0,562,epithelial_like
11.0,563,xen_like
11.0,564,epithelial_like
11.0,565,xen_like
11.0,566,xen_like
11.0,567,xen_like
11.0,568,xen_like
11.0,569,xen_like
11.0,570,xen_like
11.0,571,xen_like
11.0,572,xen_like
11.0,573,xen_like
11.0,574,xen_like
11.0,575,xen_like
11.0,576,xen_like
11.0,577,xen_like
11.0,578,xen_like
11.0,579,xen_like
11.0,580,epithelial_like
11.0,581,xen_like
11.0,582,xen_like
11.0,583,xen_like
11.0,584,xen_like
11.0,585,xen_like
11.0,586,xen_like
11.0,587,xen_like
11.0,588,xen_like
11.0,589,epithelial_like
11.0,590,xen_like
11.0,591,xen_like
11.0,592,xen_like
11.0,593,xen_like
11.0,594,xen_like
11.0,595,xen_like
11.0,596,xen_like
11.0,597,xen_like
11.0,598,epithelial_like
11.0,599,epithelial_like
11.0,600,hCiPS
11.0,601,xen_like
11.0,602,hCiPS
11.0,603,epithelial_like
11.0,604,xen_like
11.0,605,intermediate_plastic
11.0,606,xen_like
11.0,607,xen_like
11.0,608,xen_like
11.0,609,xen_like
11.0,610,epithelial_like
11.0,611,xen_like
11.0,612,xen_like
11.0,613,epithelial_like
11.0,614,xen_like
11.0,615,xen_like
11.0,616,xen_like
11.0,617,hCiPS
11.0,618,xen_like
11.0,619,xen_like
11.0,620,xen_like
11.0,621,xen_like
11.0,622,xen_like
11.0,623,xen_like
11.0,624,xen_like
11.0,625,xen_like
11.0,626,xen_like
11.0,627,xen_like
11.0,628,xen_like
11.0,629,xen_like
11.0,630,xen_like
11.0,631,xen_like
11.0,632,xen_like
11.0,633,xen_like
11.0,634,xen_like
11.0,635,xen_like
11.0,636,xen_like
11.0,637,xen_like
11.0,638,intermediate_plastic
11.0,639,xen_like
11.0,640,xen_like
11.0,641,xen_like
11.0,642,xen_like
11.0,643,xen_like
11.0,644,xen_like
11.0,645,xen_like
11.0,646,xen_like
11.0,647,xen_like
11.0,648,xen_like
11.0,649,xen_like
11.0,650,xen_like
11.0,651,xen_like
11.0,652,xen_like
11.0,653,epithelial_like
11.0,654,xen_like
11.0,655,xen_like
11.0,656,xen_like
11.0,657,xen_like
11.0,658,hCiPS
11.0,659,xen_like
11.0,660,epithelial_like
11.0,661,xen_like
11.0,662,xen_like
11.0,663,xen_like
11.0,664,xen_like
11.0,665,xen_like
11.0,666,xen_like
11.0,667,epithelial_like
11.0,668,xen_like
11.0,669,xen_like
11.0,670,xen_like
11.0,671,xen_like
11.0,672,xen_like
11.0,673,xen_like
11.0,674,xen_like
11.0,675,xen_like
11.0,676,xen_like
11.0,677,epithelial_like
11.0,678,xen_like
11.0,679,xen_like
11.0,680,xen_like
11.0,681,epithelial_like
11.0,682,xen_like
11.0,683,xen_like
11.0,684,xen_like
11.0,685,xen_like
11.0,686,xen_like
11.0,687,xen_like
11.0,688,xen_like
11.0,689,xen_like
11.0,690,xen_like
11.0,691,hCiPS
11.0,692,xen_like
11.0,693,xen_like
11.0,694,xen_like
11.0,695,xen_like
11.0,696,xen_like
11.0,697,hCiPS
11.0,698,xen_like
11.0,699,epithelial_like
11.0,700,xen_like
11.0,701,epithelial_like
11.0,702,hCiPS
11.0,703,xen_like
11.0,704,xen_like
11.0,705,xen_like
11.0,706,xen_like
11.0,707,xen_like
11.0,708,epithelial_like
11.0,709,xen_like
11.0,710,xen_like
11.0,711,xen_like
11.0,712,xen_like
11.0,713,xen_like
11.0,714,xen_like
11.0,715,xen_like
11.0,716,xen_like
11.0,717,xen_like
11.0,718,epithelial_like
11.0,719,intermediate_plastic
11.0,720,xen_like
11.0,721,xen_like
11.0,722,xen_like
11.0,723,xen_like
11.0,724,xen_like
11.0,725,xen_like
11.0,726,epithelial_like
11.0,727,xen_like
11.0,728,xen_like
11.0,729,xen_like
11.0,730,xen_like
11.0,731,xen_like
11.0,732,xen_like
11.0,733,xen_like
11.0,734,hCiPS
11.0,735,xen_like
11.0,736,xen_like
11.0,737,epithelial_like
11.0,738,epithelial_like
11.0,739,xen_like
11.0,740,xen_like
11.0,741,xen_like
11.0,742,hCiPS
11.0,743,xen_like
11.0,744,xen_like
11.0,745,xen_like
11.0,746,xen_like
11.0,747,epithelial_like
11.0,748,xen_like
11.0,749,xen_like
11.0,750,xen_like
11.0,751,epithelial_like
11.0,752,xen_like
11.0,753,hCiPS
11.0,754,xen_like
11.0,755,xen_like
11.0,756,xen_like
11.0,757,hCiPS
11.0,758,xen_like
11.0,759,xen_like
11.0,760,xen_like
11.0,761,epithelial_like
11.0,762,xen_like
11.0,763,xen_like
11.0,764,xen_like
11.0,765,xen_like
11.0,766,xen_like
11.0,767,xen_like
11.0,768,xen_like
11.0,769,xen_like
11.0,770,xen_like
11.0,771,xen_like
11.0,772,xen_like
11.0,773,xen_like
11.0,774,xen_like
11.0,775,hCiPS
11.0,776,xen_like
11.0,777,xen_like
11.0,778,hCiPS
11.0,779,ambiguous
11.0,780,xen_like
11.0,781,xen_like
11.0,782,epithelial_like
11.0,783,xen_like
11.0,784,xen_like
11.0,785,xen_like
11.0,786,epithelial_like
11.0,787,xen_like
11.0,788,xen_like
11.0,789,xen_like
11.0,790,xen_like
11.0,791,xen_like
11.0,792,xen_like
11.0,793,xen_like
11.0,794,epithelial_like
11.0,795,epithelial_like
11.0,796,xen_like
11.0,797,hCiPS
11.0,798,xen_like
11.0,799,xen_like
11.0,800,xen_like
11.0,801,hCiPS
11.0,802,xen_like
11.0,803,xen_like
11.0,804,xen_like
11.0,805,xen_like
11.0,806,xen_like
11.0,807,xen_like
11.0,808,xen_like
11.0,809,xen_like
11.0,810,epithelial_like
11.0,811,xen_like
11.0,812,xen_like
11.0,813,xen_like
11.0,814,xen_like
11.0,815,xen_like
11.0,816,xen_like
11.0,817,epithelial_like
11.0,818,hCiPS
11.0,819,xen_like
11.0,820,xen_like
11.0,821,xen_like
11.0,822,xen_like
11.0,823,xen_like
11.0,824,xen_like
11.0,825,xen_like
11.0,826,xen_like
11.0,827,xen_like
11.0,828,xen_like
11.0,829,xen_like
11.0,830,xen_like
11.0,831,xen_like
11.0,832,xen_like
11.0,833,xen_like
11.0,834,xen_like
11.0,835,xen_like
11.0,836,hCiPS
11.0,837,epithelial_like
11.0,838,xen_like
11.0,839,xen_like
11.0,840,epithelial_like
11.0,841,hCiPS
11.0,842,xen_like
11.0,843,hCiPS
11.0,844,xen_like
11.0,845,xen_like
11.0,846,xen_like
11.0,847,xen_like
11.0,848,xen_like
11.0,849,xen_like
11.0,850,xen_like
11.0,851,epithelial_like
11.0,852,xen_like
11.0,853,xen_like
11.0,854,xen_like
11.0,855,xen_like
11.0,856,xen_like
11.0,857,xen_like
11.0,858,xen_like
11.0,859,xen_like
11.0,860,xen_like
11.0,861,xen_like
11.0,862,xen_like
11.0,863,xen_like
11.0,864,xen_like
11.0,865,epithelial_like
11.0,866,xen_like
11.0,867,xen_like
11.0,868,xen_like
11.0,869,xen_like
11.0,870,xen_like
11.0,871,xen_like
11.0,872,xen_like
11.0,873,xen_like
11.0,874,xen_like
11.0,875,xen_like
11.0,876,xen_like
11.0,877,xen_like
11.0,878,xen_like
11.0,879,xen_like
11.0,880,xen_like
11.0,881,xen_like
11.0,882,xen_like
11.0,883,xen_like
11.0,884,xen_like
11.0,885,hCiPS
11.0,886,xen_like
11.0,887,epithelial_like
11.0,888,intermediate_plastic
11.0,889,xen_like
11.0,890,xen_like
11.0,891,xen_like
11.0,892,xen_like
11.0,893,xen_like
11.0,894,xen_like
11.0,895,xen_like
11.0,896,xen_like
11.0,897,xen_like
11.0,898,xen_like
11.0,899,xen_like
11.0,900,epithelial_like
11.0,901,xen_like
11.0,902,epithelial_like
11.0,903,xen_like
11.0,904,xen_like
11.0,905,epithelial_like
11.0,906,xen_like
11.0,907,xen_like
11.0,908,xen_like
11.0,909,epithelial_like
11.0,910,xen_like
11.0,911,epithelial_like
11.0,912,epithelial_like
11.0,913,xen_like
11.0,914,xen_like
11.0,915,xen_like
11.0,916,xen_like
11.0,917,xen_like
11.0,918,xen_like
11.0,919,epithelial_like
11.0,920,xen_like
11.0,921,xen_like
11.0,922,xen_like
11.0,923,xen_like
11.0,924,epithelial_like
11.0,925,xen_like
11.0,926,xen_like
11.0,927,xen_like
11.0,928,xen_like
11.0,929,hCiPS
11.0,930,epithelial_like
11.0,931,xen_like
11.0,932,epithelial_like
11.0,933,xen_like
11.0,934,xen_like
11.0,935,epithelial_like
11.0,936,xen_like
11.0,937,xen_like
11.0,938,xen_like
11.0,939,xen_like
11.0,940,xen_like
11.0,941,xen_like
11.0,942,epithelial_like
11.0,943,xen_like
11.0,944,xen_like
11.0,945,xen_like
11.0,946,xen_like
11.0,947,epithelial_like
11.0,948,xen_like
11.0,949,xen_like
11.0,950,xen_like
11.0,951,xen_like
11.0,952,xen_like
11.0,953,xen_like
11.0,954,epithelial_like
11.0,955,xen_like
11.0,956,xen_like
11.0,957,epithelial_like
11.0,958,epithelial_like
11.0,959,xen_like
11.0,960,xen_like
11.0,961,xen_like
11.0,962,epithelial_like
11.0,963,xen_like
11.0,964,xen_like
11.0,965,xen_like
11.0,966,epithelial_like
11.0,967,xen_like
11.0,968,hCiPS
11.0,969,xen_like
11.0,970,xen_like
11.0,971,xen_like
11.0,972,xen_like
11.0,973,xen_like
11.0,974,xen_like
11.0,975,xen_like
11.0,976,xen_like
11.0,977,xen_like
11.0,978,epithelial_like
11.0,979,xen_like
11.0,980,xen_like
11.0,981,xen_like
11.0,982,xen_like
11.0,983,xen_like
11.0,984,xen_like
11.0,985,xen_like
11.0,986,xen_like
11.0,987,xen_like
11.0,988,xen_like
11.0,989,xen_like
11.0,990,xen_like
11.0,991,xen_like
11.0,992,epithelial_like
11.0,993,epithelial_like
11.0,994,epithelial_like
11.0,995,xen_like
11.0,996,xen_like
11.0,997,xen_like
11.0,998,xen_like
11.0,999,xen_like
11.0,1000,xen_like
11.0,1001,xen_like
11.0,1002,xen_like
11.0,1003,hCiPS
11.0,1004,xen_like
11.0,1005,xen_like
11.0,1006,xen_like
11.0,1007,xen_like
11.0,1008,xen_like
11.0,1009,xen_like
11.0,1010,xen_like
11.0,1011,xen_like
11.0,1012,xen_like
11.0,1013,xen_like
11.0,1014,xen_like
11.0,1015,hCiPS
11.0,1016,epithelial_like
11.0,1017,xen_like
11.0,1018,xen_like
11.0,1019,intermediate_plastic
11.0,1020,xen_like
11.0,1021,xen_like
11.0,1022,xen_like
11.0,1023,xen_like
11.0,1024,xen_like
11.0,1025,xen_like
11.0,1026,intermediate_plastic
11.0,1027,xen_like
11.0,1028,xen_like
11.0,1029,hCiPS
11.0,1030,xen_like
11.0,1031,xen_like
11.0,1032,xen_like
11.0,1033,xen_like
11.0,1034,xen_like
11.0,1035,xen_like
11.0,1036,xen_like
11.0,1037,xen_like
11.0,1038,xen_like
11.0,1039,epithelial_like
11.0,1040,xen_like
11.0,1041,xen_like
11.0,1042,xen_like
11.0,1043,epithelial_like
11.0,1044,hCiPS
11.0,1045,xen_like
11.0,1046,xen_like
11.0,1047,xen_like
11.0,1048,xen_like
11.0,1049,xen_like
11.0,1050,epithelial_like
11.0,1051,xen_like
11.0,1052,xen_like
11.0,1053,xen_like
11.0,1054,xen_like
11.0,1055,xen_like
11.0,1056,xen_like
11.0,1057,xen_like
11.0,1058,xen_like
11.0,1059,xen_like
11.0,1060,xen_like
11.0,1061,xen_like
11.0,1062,xen_like
11.0,1063,xen_like
11.0,1064,xen_like
11.0,1065,xen_like
11.0,1066,xen_like
11.0,1067,hCiPS
11.0,1068,xen_like
11.0,1069,xen_like
11.0,1070,xen_like
11.0,1071,xen_like
11.0,1072,xen_like
11.0,1073,xen_like
11.0,1074,hCiPS
11.0,1075,xen_like
11.0,1076,epithelial_like
11.0,1077,xen_like
11.0,1078,epithelial_like
11.0,1079,xen_like
11.0,1080,xen_like
11.0,1081,xen_like
11.0,1082,hCiPS
11.0,1083,epithelial_like
11.0,1084,xen_like
11.0,1085,xen_like
11.0,1086,xen_like
11.0,1087,xen_like
11.0,1088,xen_like
11.0,1089,xen_like
11.0,1090,xen_like
11.0,1091,xen_like
11.0,1092,xen_like
11.0,1093,xen_like
11.0,1094,hCiPS
11.0,1095,xen_like
11.0,1096,xen_like
11.0,1097,xen_like
11.0,1098,xen_like
11.0,1099,xen_like
11.0,1100,xen_like
11.0,1101,xen_like
11.0,1102,xen_like
11.0,1103,xen_like
11.0,1104,xen_like
11.0,1105,xen_like
11.0,1106,xen_like
11.0,1107,xen_like
11.0,1108,xen_like
11.0,1109,xen_like
11.0,1110,xen_like
11.0,1111,xen_like
11.0,1112,xen_like
11.0,1113,xen_like
11.0,1114,xen_like
11.0,1115,xen_like
11.0,1116,xen_like
11.0,1117,xen_like
11.0,1118,xen_like
11.0,1119,xen_like
11.0,1120,xen_like
11.0,1121,xen_like
11.0,1122,xen_like
11.0,1123,xen_like
11.0,1124,xen_like
11.0,1125,xen_like
11.0,1126,xen_like
11.0,1127,epithelial_like
11.0,1128,xen_like
11.0,1129,hCiPS
11.0,1130,xen_like
11.0,1131,xen_like
11.0,1132,xen_like
11.0,1133,xen_like
11.0,1134,xen_like
11.0,1135,xen_like
11.0,1136,xen_like
11.0,1137,xen_like
11.0,1138,hCiPS
11.0,1139,epithelial_like
11.0,1140,xen_like
11.0,1141,epithelial_like
11.0,1142,xen_like
11.0,1143,epithelial_like
11.0,1144,epithelial_like
11.0,1145,xen_like
11.0,1146,xen_like
11.0,1147,xen_like
11.0,1148,epithelial_like
11.0,1149,xen_like
11.0,1150,xen_like
11.0,1151,epithelial_like
11.0,1152,epithelial_like
11.0,1153,epithelial_like
11.0,1154,xen_like
11.0,1155,xen_like
11.0,1156,xen_like
11.0,1157,xen_like
11.0,1158,xen_like
11.0,1159,epithelial_like
11.0,1160,xen_like
11.0,1161,xen_like
11.0,1162,xen_like
11.0,1163,xen_like
11.0,1164,xen_like
11.0,1165,xen_like
11.0,1166,hCiPS
11.0,1167,epithelial_like
11.0,1168,epithelial_like
11.0,1169,xen_like
11.0,1170,xen_like
11.0,1171,xen_like
11.0,1172,xen_like
11.0,1173,xen_like
11.0,1174,xen_like
11.0,1175,xen_like
11.0,1176,xen_like
11.0,1177,xen_like
11.0,1178,epithelial_like
11.0,1179,xen_like
11.0,1180,xen_like
11.0,1181,xen_like
11.0,1182,xen_like
11.0,1183,xen_like
11.0,1184,hCiPS
11.0,1185,xen_like
11.0,1186,xen_like
11.0,1187,xen_like
11.0,1188,epithelial_like
11.0,1189,hCiPS
11.0,1190,epithelial_like
11.0,1191,xen_like
11.0,1192,xen_like
11.0,1193,epithelial_like
11.0,1194,xen_like
11.0,1195,xen_like
11.0,1196,xen_like
11.0,1197,epithelial_like
11.0,1198,xen_like
11.0,1199,xen_like
11.0,1200,xen_like
11.0,1201,xen_like
11.0,1202,epithelial_like
11.0,1203,epithelial_like
11.0,1204,xen_like
11.0,1205,xen_like
11.0,1206,epithelial_like
11.0,1207,xen_like
11.0,1208,xen_like
11.0,1209,xen_like
11.0,1210,xen_like
11.0,1211,xen_like
11.0,1212,xen_like
11.0,1213,xen_like
11.0,1214,xen_like
11.0,1215,xen_like
11.0,1216,epithelial_like
11.0,1217,xen_like
11.0,1218,epithelial_like
11.0,1219,xen_like
11.0,1220,xen_like
11.0,1221,xen_like
11.0,1222,xen_like
11.0,1223,xen_like
11.0,1224,epithelial_like
11.0,1225,xen_like
11.0,1226,xen_like
11.0,1227,xen_like
11.0,1228,xen_like
11.0,1229,xen_like
11.0,1230,xen_like
11.0,1231,xen_like
11.0,1232,xen_like
11.0,1233,epithelial_like
11.0,1234,hCiPS
11.0,1235,xen_like
11.0,1236,xen_like
11.0,1237,hCiPS
11.0,1238,xen_like
11.0,1239,xen_like
11.0,1240,epithelial_like
11.0,1241,xen_like
11.0,1242,xen_like
11.0,1243,xen_like
11.0,1244,xen_like
11.0,1245,xen_like
11.0,1246,epithelial_like
11.0,1247,xen_like
11.0,1248,xen_like
11.0,1249,xen_like
11.0,1250,xen_like
11.0,1251,xen_like
11.0,1252,xen_like
11.0,1253,xen_like
11.0,1254,xen_like
11.0,1255,epithelial_like
11.0,1256,xen_like
11.0,1257,xen_like
11.0,1258,xen_like
11.0,1259,xen_like
11.0,1260,xen_like
11.0,1261,xen_like
11.0,1262,xen_like
11.0,1263,xen_like
11.0,1264,xen_like
11.0,1265,xen_like
11.0,1266,xen_like
11.0,1267,xen_like
11.0,1268,xen_like
11.0,1269,xen_like
11.0,1270,xen_like
11.0,1271,xen_like
11.0,1272,xen_like
11.0,1273,xen_like
11.0,1274,xen_like
11.0,1275,xen_like
11.0,1276,xen_like
11.0,1277,xen_like
11.0,1278,epithelial_like
11.0,1279,xen_like
11.0,1280,xen_like
11.0,1281,epithelial_like
11.0,1282,xen_like
11.0,1283,xen_like
11.0,1284,xen_like
11.0,1285,xen_like
11.0,1286,xen_like
11.0,1287,xen_like
11.0,1288,xen_like
11.0,1289,xen_like
11.0,1290,xen_like
11.0,1291,xen_like
11.0,1292,xen_like
11.0,1293,epithelial_like
11.0,1294,hCiPS
11.0,1295,intermediate_plastic
11.0,1296,epithelial_like
11.0,1297,epithelial_like
11.0,1298,xen_like
11.0,1299,xen_like
11.0,1300,xen_like
11.0,1301,xen_like
11.0,1302,xen_like
11.0,1303,epithelial_like
11.0,1304,xen_like
11.0,1305,xen_like
11.0,1306,xen_like
11.0,1307,xen_like
11.0,1308,xen_like
11.0,1309,xen_like
11.0,1310,xen_like
11.0,1311,xen_like
11.0,1312,xen_like
11.0,1313,xen_like
11.0,1314,intermediate_plastic
11.0,1315,xen_like
11.0,1316,xen_like
11.0,1317,xen_like
11.0,1318,xen_like
11.0,1319,epithelial_like
11.0,1320,xen_like
11.0,1321,epithelial_like
11.0,1322,xen_like
11.0,1323,xen_like
11.0,1324,xen_like
11.0,1325,xen_like
11.0,1326,xen_like
11.0,1327,xen_like
11.0,1328,xen_like
11.0,1329,epithelial_like
11.0,1330,xen_like
11.0,1331,epithelial_like
11.0,1332,epithelial_like
11.0,1333,xen_like
11.0,1334,xen_like
11.0,1335,xen_like
11.0,1336,xen_like
11.0,1337,xen_like
11.0,1338,epithelial_like
11.0,1339,xen_like
11.0,1340,epithelial_like
11.0,1341,xen_like
11.0,1342,xen_like
11.0,1343,xen_like
11.0,1344,xen_like
11.0,1345,xen_like
11.0,1346,xen_like
11.0,1347,xen_like
11.0,1348,epithelial_like
11.0,1349,xen_like
11.0,1350,xen_like
11.0,1351,xen_like
11.0,1352,epithelial_like
11.0,1353,xen_like
11.0,1354,epithelial_like
11.0,1355,xen_like
11.0,1356,xen_like
11.0,1357,xen_like
11.0,1358,xen_like
11.0,1359,epithelial_like
11.0,1360,xen_like
11.0,1361,xen_like
11.0,1362,epithelial_like
11.0,1363,xen_like
11.0,1364,xen_like
11.0,1365,xen_like
11.0,1366,xen_like
11.0,1367,xen_like
11.0,1368,xen_like
11.0,1369,xen_like
11.0,1370,epithelial_like
11.0,1371,xen_like
11.0,1372,xen_like
11.0,1373,xen_like
11.0,1374,xen_like
11.0,1375,xen_like
11.0,1376,xen_like
11.0,1377,xen_like
11.0,1378,xen_like
11.0,1379,xen_like
11.0,1380,xen_like
11.0,1381,xen_like
11.0,1382,xen_like
11.0,1383,xen_like
11.0,1384,xen_like
11.0,1385,xen_like
11.0,1386,hCiPS
11.0,1387,epithelial_like
11.0,1388,epithelial_like
11.0,1389,xen_like
11.0,1390,xen_like
11.0,1391,epithelial_like
11.0,1392,xen_like
11.0,1393,intermediate_plastic
11.0,1394,xen_like
11.0,1395,xen_like
11.0,1396,xen_like
11.0,1397,epithelial_like
11.0,1398,xen_like
11.0,1399,xen_like
11.0,1400,xen_like
11.0,1401,epithelial_like
11.0,1402,xen_like
11.0,1403,xen_like
11.0,1404,xen_like
11.0,1405,xen_like
11.0,1406,xen_like
11.0,1407,xen_like
11.0,1408,hCiPS
11.0,1409,xen_like
11.0,1410,epithelial_like
11.0,1411,xen_like
11.0,1412,xen_like
11.0,1413,xen_like
11.0,1414,epithelial_like
11.0,1415,epithelial_like
11.0,1416,xen_like
11.0,1417,xen_like
11.0,1418,xen_like
11.0,1419,epithelial_like
11.0,1420,epithelial_like
11.0,1421,xen_like
11.0,1422,xen_like
11.0,1423,xen_like
11.0,1424,xen_like
11.0,1425,xen_like
11.0,1426,xen_like
11.0,1427,hCiPS
11.0,1428,xen_like
11.0,1429,epithelial_like
11.0,1430,hCiPS
11.0,1431,xen_like
11.0,1432,xen_like
11.0,1433,epithelial_like
11.0,1434,xen_like
11.0,1435,epithelial_like
11.0,1436,xen_like
11.0,1437,xen_like
11.0,1438,xen_like
11.0,1439,xen_like
11.0,1440,epithelial_like
11.0,1441,xen_like
11.0,1442,xen_like
11.0,1443,xen_like
11.0,1444,intermediate_plastic
11.0,1445,xen_like
11.0,1446,epithelial_like
11.0,1447,epithelial_like
11.0,1448,xen_like
11.0,1449,xen_like
11.0,1450,xen_like
11.0,1451,xen_like
11.0,1452,xen_like
11.0,1453,xen_like
11.0,1454,hCiPS
11.0,1455,xen_like
11.0,1456,xen_like
11.0,1457,xen_like
11.0,1458,xen_like
11.0,1459,xen_like
11.0,1460,xen_like
11.0,1461,xen_like
11.0,1462,xen_like
11.0,1463,xen_like
11.0,1464,xen_like
11.0,1465,xen_like
11.0,1466,xen_like
11.0,1467,xen_like
11.0,1468,epithelial_like
11.0,1469,xen_like
11.0,1470,xen_like
11.0,1471,xen_like
11.0,1472,xen_like
11.0,1473,xen_like
11.0,1474,xen_like
11.0,1475,xen_like
11.0,1476,epithelial_like
11.0,1477,epithelial_like
11.0,1478,xen_like
11.0,1479,xen_like
11.0,1480,epithelial_like
11.0,1481,epithelial_like
11.0,1482,xen_like
11.0,1483,xen_like
11.0,1484,xen_like
11.0,1485,xen_like
11.0,1486,xen_like
11.0,1487,xen_like
11.0,1488,xen_like
11.0,1489,xen_like
11.0,1490,epithelial_like
11.0,1491,xen_like
11.0,1492,xen_like
11.0,1493,xen_like
11.0,1494,xen_like
11.0,1495,xen_like
11.0,1496,xen_like
11.0,1497,xen_like
11.0,1498,xen_like
11.0,1499,xen_like
11.0,1500,xen_like
11.0,1501,xen_like
11.0,1502,xen_like
11.0,1503,xen_like
11.0,1504,xen_like
11.0,1505,xen_like
11.0,1506,xen_like
11.0,1507,xen_like
11.0,1508,xen_like
11.0,1509,xen_like
11.0,1510,xen_like
11.0,1511,xen_like
11.0,1512,intermediate_plastic
11.0,1513,xen_like
11.0,1514,xen_like
11.0,1515,xen_like
11.0,1516,epithelial_like
11.0,1517,epithelial_like
11.0,1518,xen_like
11.0,1519,epithelial_like
11.0,1520,xen_like
11.0,1521,xen_like
11.0,1522,epithelial_like
11.0,1523,epithelial_like
11.0,1524,xen_like
11.0,1525,xen_like
11.0,1526,xen_like
11.0,1527,xen_like
11.0,1528,epithelial_like
11.0,1529,xen_like
11.0,1530,xen_like
11.0,1531,epithelial_like
11.0,1532,ambiguous
11.0,1533,xen_like
11.0,1534,epithelial_like
11.0,1535,xen_like
11.0,1536,epithelial_like
11.0,1537,xen_like
11.0,1538,xen_like
11.0,1539,xen_like
11.0,1540,xen_like
11.0,1541,xen_like
11.0,1542,xen_like
11.0,1543,epithelial_like
11.0,1544,xen_like
11.0,1545,xen_like
11.0,1546,xen_like
11.0,1547,xen_like
11.0,1548,xen_like
11.0,1549,xen_like
11.0,1550,xen_like
11.0,1551,xen_like
11.0,1552,xen_like
11.0,1553,hCiPS
11.0,1554,xen_like
11.0,1555,xen_like
11.0,1556,xen_like
11.0,1557,xen_like
11.0,1558,epithelial_like
11.0,1559,epithelial_like
11.0,1560,xen_like
11.0,1561,xen_like
11.0,1562,epithelial_like
11.0,1563,xen_like
11.0,1564,xen_like
11.0,1565,xen_like
11.0,1566,xen_like
11.0,1567,xen_like
11.0,1568,xen_like
11.0,1569,xen_like
11.0,1570,xen_like
11.0,1571,xen_like
11.0,1572,epithelial_like
11.0,1573,xen_like
11.0,1574,xen_like
11.0,1575,xen_like
11.0,1576,xen_like
11.0,1577,xen_like
11.0,1578,xen_like
11.0,1579,xen_like
11.0,1580,xen_like
11.0,1581,epithelial_like
11.0,1582,hCiPS
11.0,1583,xen_like
11.0,1584,epithelial_like
11.0,1585,xen_like
11.0,1586,xen_like
11.0,1587,xen_like
11.0,1588,hCiPS
11.0,1589,xen_like
11.0,1590,xen_like
11.0,1591,hCiPS
11.0,1592,epithelial_like
11.0,1593,xen_like
11.0,1594,xen_like
11.0,1595,xen_like
11.0,1596,xen_like
11.0,1597,xen_like
11.0,1598,xen_like
11.0,1599,xen_like
11.0,1600,xen_like
11.0,1601,xen_like
11.0,1602,xen_like
11.0,1603,epithelial_like
11.0,1604,epithelial_like
11.0,1605,xen_like
11.0,1606,xen_like
11.0,1607,xen_like
11.0,1608,xen_like
11.0,1609,xen_like
11.0,1610,xen_like
11.0,1611,xen_like
11.0,1612,xen_like
11.0,1613,xen_like
11.0,1614,xen_like
11.0,1615,hCiPS
11.0,1616,xen_like
11.0,1617,xen_like
11.0,1618,xen_like
11.0,1619,xen_like
11.0,1620,xen_like
11.0,1621,xen_like
11.0,1622,xen_like
11.0,1623,hCiPS
11.0,1624,xen_like
11.0,1625,epithelial_like
11.0,1626,xen_like
11.0,1627,xen_like
11.0,1628,epithelial_like
11.0,1629,xen_like
11.0,1630,xen_like
11.0,1631,xen_like
11.0,1632,hCiPS
11.0,1633,hCiPS
11.0,1634,xen_like
11.0,1635,hCiPS
11.0,1636,xen_like
11.0,1637,xen_like
11.0,1638,xen_like
11.0,1639,xen_like
11.0,1640,xen_like
11.0,1641,xen_like
11.0,1642,xen_like
11.0,1643,xen_like
11.0,1644,xen_like
11.0,1645,xen_like
11.0,1646,xen_like
11.0,1647,xen_like
11.0,1648,xen_like
11.0,1649,xen_like
11.0,1650,epithelial_like
11.0,1651,xen_like
11.0,1652,xen_like
11.0,1653,epithelial_like
11.0,1654,hCiPS
11.0,1655,xen_like
11.0,1656,xen_like
11.0,1657,xen_like
11.0,1658,xen_like
11.0,1659,xen_like
11.0,1660,xen_like
11.0,1661,epithelial_like
11.0,1662,xen_like
11.0,1663,xen_like
11.0,1664,xen_like
11.0,1665,xen_like
11.0,1666,xen_like
11.0,1667,hCiPS
11.0,1668,xen_like
11.0,1669,xen_like
11.0,1670,xen_like
11.0,1671,xen_like
11.0,1672,xen_like
11.0,1673,xen_like
11.0,1674,xen_like
11.0,1675,epithelial_like
11.0,1676,epithelial_like
11.0,1677,epithelial_like
11.0,1678,xen_like
11.0,1679,xen_like
11.0,1680,xen_like
11.0,1681,xen_like
11.0,1682,xen_like
11.0,1683,xen_like
11.0,1684,xen_like
11.0,1685,epithelial_like
11.0,1686,xen_like
11.0,1687,epithelial_like
11.0,1688,xen_like
11.0,1689,xen_like
11.0,1690,epithelial_like
11.0,1691,xen_like
11.0,1692,xen_like
11.0,1693,xen_like
11.0,1694,xen_like
11.0,1695,xen_like
11.0,1696,xen_like
11.0,1697,xen_like
11.0,1698,epithelial_like
11.0,1699,xen_like
11.0,1700,xen_like
11.0,1701,xen_like
11.0,1702,xen_like
11.0,1703,xen_like
11.0,1704,xen_like
11.0,1705,xen_like
11.0,1706,xen_like
11.0,1707,xen_like
11.0,1708,xen_like
11.0,1709,epithelial_like
11.0,1710,xen_like
11.0,1711,xen_like
11.0,1712,hCiPS
11.0,1713,xen_like
11.0,1714,xen_like
11.0,1715,xen_like
11.0,1716,xen_like
11.0,1717,xen_like
11.0,1718,xen_like
11.0,1719,xen_like
11.0,1720,xen_like
11.0,1721,xen_like
11.0,1722,xen_like
11.0,1723,xen_like
11.0,1724,xen_like
11.0,1725,xen_like
11.0,1726,hCiPS
11.0,1727,xen_like
11.0,1728,epithelial_like
11.0,1729,xen_like
11.0,1730,xen_like
11.0,1731,xen_like
11.0,1732,xen_like
11.0,1733,epithelial_like
11.0,1734,xen_like
11.0,1735,xen_like
11.0,1736,xen_like
11.0,1737,epithelial_like
11.0,1738,xen_like
11.0,1739,xen_like
11.0,1740,epithelial_like
11.0,1741,epithelial_like
11.0,1742,epithelial_like
11.0,1743,hCiPS
11.0,1744,intermediate_plastic
11.0,1745,intermediate_plastic
11.0,1746,hCiPS
11.0,1747,xen_like
11.0,1748,xen_like
11.0,1749,xen_like
11.0,1750,xen_like
11.0,1751,xen_like
11.0,1752,xen_like
11.0,1753,xen_like
11.0,1754,xen_like
11.0,1755,xen_like
11.0,1756,xen_like
11.0,1757,xen_like
11.0,1758,xen_like
11.0,1759,xen_like
11.0,1760,epithelial_like
11.0,1761,intermediate_plastic
11.0,1762,xen_like
11.0,1763,xen_like
11.0,1764,xen_like
11.0,1765,epithelial_like
11.0,1766,xen_like
11.0,1767,xen_like
11.0,1768,xen_like
11.0,1769,xen_like
11.0,1770,xen_like
11.0,1771,xen_like
11.0,1772,xen_like
11.0,1773,xen_like
11.0,1774,epithelial_like
11.0,1775,xen_like
11.0,1776,xen_like
11.0,1777,xen_like
11.0,1778,hCiPS
11.0,1779,xen_like
11.0,1780,xen_like
11.0,1781,xen_like
11.0,1782,hCiPS
11.0,1783,xen_like
11.0,1784,xen_like
11.0,1785,xen_like
11.0,1786,xen_like
11.0,1787,hCiPS
11.0,1788,xen_like
11.0,1789,xen_like
11.0,1790,xen_like
11.0,1791,xen_like
11.0,1792,xen_like
11.0,1793,xen_like
11.0,1794,xen_like
11.0,1795,xen_like
11.0,1796,epithelial_like
11.0,1797,epithelial_like
11.0,1798,xen_like
11.0,1799,xen_like
11.0,1800,hCiPS
11.0,1801,epithelial_like
11.0,1802,epithelial_like
11.0,1803,xen_like
11.0,1804,hCiPS
11.0,1805,xen_like
11.0,1806,xen_like
11.0,1807,epithelial_like
11.0,1808,xen_like
11.0,1809,xen_like
11.0,1810,hCiPS
11.0,1811,epithelial_like
11.0,1812,xen_like
11.0,1813,xen_like
11.0,1814,xen_like
11.0,1815,xen_like
11.0,1816,xen_like
11.0,1817,epithelial_like
11.0,1818,xen_like
11.0,1819,xen_like
11.0,1820,xen_like
11.0,1821,epithelial_like
11.0,1822,xen_like
11.0,1823,xen_like
11.0,1824,intermediate_plastic
11.0,1825,xen_like
11.0,1826,xen_like
11.0,1827,epithelial_like
11.0,1828,xen_like
11.0,1829,xen_like
11.0,1830,xen_like
11.0,1831,hCiPS
11.0,1832,hCiPS
11.0,1833,xen_like
11.0,1834,xen_like
11.0,1835,xen_like
11.0,1836,hCiPS
11.0,1837,xen_like
11.0,1838,xen_like
11.0,1839,xen_like
11.0,1840,xen_like
11.0,1841,xen_like
11.0,1842,xen_like
11.0,1843,xen_like
11.0,1844,xen_like
11.0,1845,xen_like
11.0,1846,xen_like
11.0,1847,hCiPS
11.0,1848,xen_like
11.0,1849,epithelial_like
11.0,1850,xen_like
11.0,1851,xen_like
11.0,1852,xen_like
11.0,1853,xen_like
11.0,1854,epithelial_like
11.0,1855,xen_like
11.0,1856,xen_like
11.0,1857,xen_like
11.0,1858,xen_like
11.0,1859,xen_like
11.0,1860,xen_like
11.0,1861,xen_like
11.0,1862,xen_like
11.0,1863,xen_like
11.0,1864,xen_like
11.0,1865,hCiPS
11.0,1866,xen_like
11.0,1867,xen_like
11.0,1868,epithelial_like
11.0,1869,xen_like
11.0,1870,xen_like
11.0,1871,xen_like
11.0,1872,xen_like
11.0,1873,xen_like
11.0,1874,epithelial_like
11.0,1875,xen_like
11.0,1876,xen_like
11.0,1877,xen_like
11.0,1878,xen_like
11.0,1879,xen_like
11.0,1880,xen_like
11.0,1881,xen_like
11.0,1882,hCiPS
11.0,1883,hCiPS
11.0,1884,epithelial_like
11.0,1885,xen_like
11.0,1886,xen_like
11.0,1887,xen_like
11.0,1888,epithelial_like
11.0,1889,ambiguous
11.0,1890,xen_like
11.0,1891,xen_like
11.0,1892,hCiPS
11.0,1893,xen_like
11.0,1894,epithelial_like
11.0,1895,xen_like
11.0,1896,xen_like
11.0,1897,xen_like
11.0,1898,xen_like
11.0,1899,xen_like
11.0,1900,xen_like
11.0,1901,hCiPS
11.0,1902,xen_like
11.0,1903,xen_like
11.0,1904,xen_like
11.0,1905,xen_like
11.0,1906,xen_like
11.0,1907,epithelial_like
11.0,1908,xen_like
11.0,1909,xen_like
11.0,1910,xen_like
11.0,1911,xen_like
11.0,1912,epithelial_like
11.0,1913,epithelial_like
11.0,1914,xen_like
11.0,1915,xen_like
11.0,1916,epithelial_like
11.0,1917,xen_like
11.0,1918,xen_like
11.0,1919,xen_like
11.0,1920,xen_like
11.0,1921,xen_like
11.0,1922,xen_like
11.0,1923,intermediate_plastic
11.0,1924,epithelial_like
11.0,1925,hCiPS
11.0,1926,xen_like
11.0,1927,xen_like
11.0,1928,epithelial_like
11.0,1929,xen_like
11.0,1930,xen_like
11.0,1931,xen_like
11.0,1932,epithelial_like
11.0,1933,xen_like
11.0,1934,hCiPS
11.0,1935,epithelial_like
11.0,1936,xen_like
11.0,1937,xen_like
11.0,1938,xen_like
11.0,1939,xen_like
11.0,1940,xen_like
11.0,1941,epithelial_like
11.0,1942,xen_like
11.0,1943,xen_like
11.0,1944,xen_like
11.0,1945,xen_like
11.0,1946,xen_like
11.0,1947,xen_like
11.0,1948,xen_like
11.0,1949,hCiPS
11.0,1950,xen_like
11.0,1951,xen_like
11.0,1952,hCiPS
11.0,1953,xen_like
11.0,1954,epithelial_like
11.0,1955,xen_like
11.0,1956,hCiPS
11.0,1957,xen_like
11.0,1958,xen_like
11.0,1959,xen_like
11.0,1960,hCiPS
11.0,1961,xen_like
11.0,1962,xen_like
11.0,1963,xen_like
11.0,1964,xen_like
11.0,1965,xen_like
11.0,1966,xen_like
11.0,1967,xen_like
11.0,1968,xen_like
11.0,1969,xen_like
11.0,1970,xen_like
11.0,1971,xen_like
11.0,1972,xen_like
11.0,1973,epithelial_like
11.0,1974,xen_like
11.0,1975,xen_like
11.0,1976,xen_like
11.0,1977,xen_like
11.0,1978,xen_like
11.0,1979,xen_like
11.0,1980,xen_like
11.0,1981,xen_like
11.0,1982,xen_like
11.0,1983,xen_like
11.0,1984,xen_like
11.0,1985,epithelial_like
11.0,1986,xen_like
11.0,1987,xen_like
11.0,1988,xen_like
11.0,1989,epithelial_like
11.0,1990,xen_like
11.0,1991,epithelial_like
11.0,1992,xen_like
11.0,1993,hCiPS
11.0,1994,xen_like
11.0,1995,xen_like
11.0,1996,xen_like
11.0,1997,hCiPS
11.0,1998,xen_like
11.0,1999,xen_like
12.0,0,xen_like
12.0,1,xen_like
12.0,2,xen_like
12.0,3,xen_like
12.0,4,xen_like
12.0,5,epithelial_like
12.0,6,xen_like
12.0,7,xen_like
12.0,8,xen_like
12.0,9,xen_like
12.0,10,xen_like
12.0,11,epithelial_like
12.0,12,xen_like
12.0,13,xen_like
12.0,14,xen_like
12.0,15,xen_like
12.0,16,hCiPS
12.0,17,xen_like
12.0,18,xen_like
12.0,19,xen_like
12.0,20,xen_like
12.0,21,xen_like
12.0,22,xen_like
12.0,23,xen_like
12.0,24,xen_like
12.0,25,xen_like
12.0,26,epithelial_like
12.0,27,epithelial_like
12.0,28,xen_like
12.0,29,xen_like
12.0,30,xen_like
12.0,31,epithelial_like
12.0,32,xen_like
12.0,33,xen_like
12.0,34,xen_like
12.0,35,xen_like
12.0,36,xen_like
12.0,37,xen_like
12.0,38,xen_like
12.0,39,xen_like
12.0,40,xen_like
12.0,41,hCiPS
12.0,42,epithelial_like
12.0,43,xen_like
12.0,44,xen_like
12.0,45,xen_like
12.0,46,xen_like
12.0,47,hCiPS
12.0,48,xen_like
12.0,49,xen_like
12.0,50,xen_like
12.0,51,xen_like
12.0,52,hCiPS
12.0,53,xen_like
12.0,54,epithelial_like
12.0,55,xen_like
12.0,56,epithelial_like
12.0,57,xen_like
12.0,58,xen_like
12.0,59,xen_like
12.0,60,epithelial_like
12.0,61,xen_like
12.0,62,xen_like
12.0,63,xen_like
12.0,64,xen_like
12.0,65,xen_like
12.0,66,xen_like
12.0,67,xen_like
12.0,68,xen_like
12.0,69,xen_like
12.0,70,xen_like
12.0,71,xen_like
12.0,72,xen_like
12.0,73,xen_like
12.0,74,xen_like
12.0,75,xen_like
12.0,76,xen_like
12.0,77,epithelial_like
12.0,78,xen_like
12.0,79,xen_like
12.0,80,xen_like
12.0,81,xen_like
12.0,82,xen_like
12.0,83,xen_like
12.0,84,xen_like
12.0,85,xen_like
12.0,86,xen_like
12.0,87,epithelial_like
12.0,88,xen_like
12.0,89,xen_like
12.0,90,xen_like
12.0,91,intermediate_plastic
12.0,92,xen_like
12.0,93,xen_like
12.0,94,xen_like
12.0,95,xen_like
12.0,96,xen_like
12.0,97,xen_like
12.0,98,xen_like
12.0,99,xen_like
12.0,100,xen_like
12.0,101,xen_like
12.0,102,xen_like
12.0,103,xen_like
12.0,104,xen_like
12.0,105,xen_like
12.0,106,epithelial_like
12.0,107,xen_like
12.0,108,xen_like
12.0,109,xen_like
12.0,110,xen_like
12.0,111,xen_like
12.0,112,xen_like
12.0,113,xen_like
12.0,114,xen_like
12.0,115,xen_like
12.0,116,xen_like
12.0,117,xen_like
12.0,118,xen_like
12.0,119,xen_like
12.0,120,epithelial_like
12.0,121,xen_like
12.0,122,xen_like
12.0,123,xen_like
12.0,124,epithelial_like
12.0,125,xen_like
12.0,126,xen_like
12.0,127,xen_like
12.0,128,xen_like
12.0,129,intermediate_plastic
12.0,130,xen_like
12.0,131,epithelial_like
12.0,132,xen_like
12.0,133,xen_like
12.0,134,xen_like
12.0,135,epithelial_like
12.0,136,xen_like
12.0,137,hCiPS
12.0,138,xen_like
12.0,139,hCiPS
12.0,140,epithelial_like
12.0,141,xen_like
12.0,142,intermediate_plastic
12.0,143,xen_like
12.0,144,xen_like
12.0,145,xen_like
12.0,146,xen_like
12.0,147,xen_like
12.0,148,xen_like
12.0,149,xen_like
12.0,150,xen_like
12.0,151,xen_like
12.0,152,xen_like
12.0,153,xen_like
12.0,154,xen_like
12.0,155,xen_like
12.0,156,xen_like
12.0,157,xen_like
12.0,158,xen_like
12.0,159,xen_like
12.0,160,xen_like
12.0,161,xen_like
12.0,162,xen_like
12.0,163,xen_like
12.0,164,xen_like
12.0,165,xen_like
12.0,166,xen_like
12.0,167,xen_like
12.0,168,xen_like
12.0,169,epithelial_like
12.0,170,hCiPS
12.0,171,xen_like
12.0,172,xen_like
12.0,173,hCiPS
12.0,174,xen_like
12.0,175,xen_like
12.0,176,epithelial_like
12.0,177,xen_like
12.0,178,xen_like
12.0,179,xen_like
12.0,180,xen_like
12.0,181,xen_like
12.0,182,epithelial_like
12.0,183,xen_like
12.0,184,xen_like
12.0,185,xen_like
12.0,186,xen_like
12.0,187,xen_like
12.0,188,xen_like
12.0,189,xen_like
12.0,190,xen_like
12.0,191,xen_like
12.0,192,xen_like
12.0,193,epithelial_like
12.0,194,xen_like
12.0,195,epithelial_like
12.0,196,xen_like
12.0,197,xen_like
12.0,198,xen_like
12.0,199,epithelial_like
12.0,200,xen_like
12.0,201,xen_like
12.0,202,xen_like
12.0,203,epithelial_like
12.0,204,xen_like
12.0,205,xen_like
12.0,206,xen_like
12.0,207,xen_like
12.0,208,xen_like
12.0,209,xen_like
12.0,210,xen_like
12.0,211,xen_like
12.0,212,xen_like
12.0,213,xen_like
12.0,214,xen_like
12.0,215,xen_like
12.0,216,xen_like
12.0,217,xen_like
12.0,218,xen_like
12.0,219,xen_like
12.0,220,epithelial_like
12.0,221,epithelial_like
12.0,222,xen_like
12.0,223,xen_like
12.0,224,xen_like
12.0,225,xen_like
12.0,226,xen_like
12.0,227,xen_like
12.0,228,xen_like
12.0,229,xen_like
12.0,230,epithelial_like
12.0,231,epithelial_like
12.0,232,epithelial_like
12.0,233,xen_like
12.0,234,xen_like
12.0,235,xen_like
12.0,236,xen_like
12.0,237,xen_like
12.0,238,xen_like
12.0,239,xen_like
12.0,240,xen_like
12.0,241,xen_like
12.0,242,xen_like
12.0,243,xen_like
12.0,244,xen_like
12.0,245,xen_like
12.0,246,epithelial_like
12.0,247,xen_like
12.0,248,epithelial_like
12.0,249,epithelial_like
12.0,250,xen_like
12.0,251,xen_like
12.0,252,xen_like
12.0,253,xen_like
12.0,254,xen_like
12.0,255,xen_like
12.0,256,xen_like
12.0,257,xen_like
12.0,258,xen_like
12.0,259,xen_like
12.0,260,epithelial_like
12.0,261,hCiPS
12.0,262,xen_like
12.0,263,xen_like
12.0,264,xen_like
12.0,265,xen_like
12.0,266,xen_like
12.0,267,xen_like
12.0,268,xen_like
12.0,269,xen_like
12.0,270,xen_like
12.0,271,xen_like
12.0,272,xen_like
12.0,273,xen_like
12.0,274,epithelial_like
12.0,275,xen_like
12.0,276,xen_like
12.0,277,xen_like
12.0,278,xen_like
12.0,279,xen_like
12.0,280,xen_like
12.0,281,xen_like
12.0,282,xen_like
12.0,283,xen_like
12.0,284,xen_like
12.0,285,xen_like
12.0,286,hCiPS
12.0,287,xen_like
12.0,288,xen_like
12.0,289,xen_like
12.0,290,xen_like
12.0,291,xen_like
12.0,292,xen_like
12.0,293,epithelial_like
12.0,294,xen_like
12.0,295,xen_like
12.0,296,xen_like
12.0,297,xen_like
12.0,298,hCiPS
12.0,299,xen_like
12.0,300,xen_like
12.0,301,xen_like
12.0,302,xen_like
12.0,303,xen_like
12.0,304,xen_like
12.0,305,xen_like
12.0,306,xen_like
12.0,307,xen_like
12.0,308,xen_like
12.0,309,xen_like
12.0,310,xen_like
12.0,311,epithelial_like
12.0,312,xen_like
12.0,313,hCiPS
12.0,314,epithelial_like
12.0,315,xen_like
12.0,316,xen_like
12.0,317,xen_like
12.0,318,xen_like
12.0,319,xen_like
12.0,320,xen_like
12.0,321,xen_like
12.0,322,ambiguous
12.0,323,epithelial_like
12.0,324,xen_like
12.0,325,xen_like
12.0,326,xen_like
12.0,327,xen_like
12.0,328,xen_like
12.0,329,xen_like
12.0,330,xen_like
12.0,331,xen_like
12.0,332,xen_like
12.0,333,epithelial_like
12.0,334,xen_like
12.0,335,xen_like
12.0,336,xen_like
12.0,337,xen_like
12.0,338,xen_like
12.0,339,xen_like
12.0,340,xen_like
12.0,341,epithelial_like
12.0,342,xen_like
12.0,343,epithelial_like
12.0,344,xen_like
12.0,345,xen_like
12.0,346,epithelial_like
12.0,347,xen_like
12.0,348,xen_like
12.0,349,xen_like
12.0,350,hCiPS
12.0,351,xen_like
12.0,352,xen_like
12.0,353,xen_like
12.0,354,xen_like
12.0,355,xen_like
12.0,356,xen_like
12.0,357,epithelial_like
12.0,358,xen_like
12.0,359,xen_like
12.0,360,xen_like
12.0,361,xen_like
12.0,362,epithelial_like
12.0,363,xen_like
12.0,364,xen_like
12.0,365,xen_like
12.0,366,epithelial_like
12.0,367,xen_like
12.0,368,xen_like
12.0,369,xen_like
12.0,370,xen_like
12.0,371,xen_like
12.0,372,xen_like
12.0,373,xen_like
12.0,374,xen_like
12.0,375,xen_like
12.0,376,xen_like
12.0,377,xen_like
12.0,378,xen_like
12.0,379,xen_like
12.0,380,xen_like
12.0,381,xen_like
12.0,382,xen_like
12.0,383,xen_like
12.0,384,xen_like
12.0,385,xen_like
12.0,386,xen_like
12.0,387,xen_like
12.0,388,xen_like
12.0,389,xen_like
12.0,390,xen_like
12.0,391,xen_like
12.0,392,intermediate_plastic
12.0,393,xen_like
12.0,394,xen_like
12.0,395,hCiPS
12.0,396,hCiPS
12.0,397,xen_like
12.0,398,ambiguous
12.0,399,xen_like
12.0,400,xen_like
12.0,401,xen_like
12.0,402,xen_like
12.0,403,xen_like
12.0,404,xen_like
12.0,405,xen_like
12.0,406,xen_like
12.0,407,xen_like
12.0,408,xen_like
12.0,409,xen_like
12.0,410,xen_like
12.0,411,xen_like
12.0,412,xen_like
12.0,413,xen_like
12.0,414,xen_like
12.0,415,xen_like
12.0,416,xen_like
12.0,417,xen_like
12.0,418,xen_like
12.0,419,xen_like
12.0,420,xen_like
12.0,421,xen_like
12.0,422,xen_like
12.0,423,epithelial_like
12.0,424,xen_like
12.0,425,xen_like
12.0,426,xen_like
12.0,427,xen_like
12.0,428,xen_like
12.0,429,xen_like
12.0,430,xen_like
12.0,431,xen_like
12.0,432,xen_like
12.0,433,xen_like
12.0,434,xen_like
12.0,435,xen_like
12.0,436,xen_like
12.0,437,hCiPS
12.0,438,xen_like
12.0,439,xen_like
12.0,440,xen_like
12.0,441,xen_like
12.0,442,xen_like
12.0,443,xen_like
12.0,444,xen_like
12.0,445,xen_like
12.0,446,xen_like
12.0,447,xen_like
12.0,448,xen_like
12.0,449,xen_like
12.0,450,xen_like
12.0,451,epithelial_like
12.0,452,xen_like
12.0,453,xen_like
12.0,454,xen_like
12.0,455,epithelial_like
12.0,456,xen_like
12.0,457,xen_like
12.0,458,xen_like
12.0,459,xen_like
12.0,460,xen_like
12.0,461,xen_like
12.0,462,xen_like
12.0,463,xen_like
12.0,464,epithelial_like
12.0,465,xen_like
12.0,466,epithelial_like
12.0,467,xen_like
12.0,468,xen_like
12.0,469,xen_like
12.0,470,xen_like
12.0,471,xen_like
12.0,472,intermediate_plastic
12.0,473,xen_like
12.0,474,xen_like
12.0,475,xen_like
12.0,476,hCiPS
12.0,477,xen_like
12.0,478,xen_like
12.0,479,xen_like
12.0,480,xen_like
12.0,481,xen_like
12.0,482,xen_like
12.0,483,xen_like
12.0,484,xen_like
12.0,485,xen_like
12.0,486,xen_like
12.0,487,xen_like
12.0,488,xen_like
12.0,489,xen_like
12.0,490,xen_like
12.0,491,xen_like
12.0,492,xen_like
12.0,493,xen_like
12.0,494,epithelial_like
12.0,495,xen_like
12.0,496,xen_like
12.0,497,xen_like
12.0,498,hCiPS
12.0,499,epithelial_like
12.0,500,xen_like
12.0,501,xen_like
12.0,502,xen_like
12.0,503,xen_like
12.0,504,xen_like
12.0,505,xen_like
12.0,506,xen_like
12.0,507,xen_like
12.0,508,epithelial_like
12.0,509,hCiPS
12.0,510,xen_like
12.0,511,hCiPS
12.0,512,xen_like
12.0,513,xen_like
12.0,514,xen_like
12.0,515,xen_like
12.0,516,hCiPS
12.0,517,xen_like
12.0,518,xen_like
12.0,519,xen_like
12.0,520,xen_like
12.0,521,xen_like
12.0,522,xen_like
12.0,523,xen_like
12.0,524,xen_like
12.0,525,xen_like
12.0,526,xen_like
12.0,527,xen_like
12.0,528,epithelial_like
12.0,529,xen_like
12.0,530,xen_like
12.0,531,epithelial_like
12.0,532,xen_like
12.0,533,xen_like
12.0,534,xen_like
12.0,535,epithelial_like
12.0,536,xen_like
12.0,537,xen_like
12.0,538,xen_like
12.0,539,epithelial_like
12.0,540,xen_like
12.0,541,epithelial_like
12.0,542,epithelial_like
12.0,543,epithelial_like
12.0,544,xen_like
12.0,545,xen_like
12.0,546,xen_like
12.0,547,xen_like
12.0,548,xen_like
12.0,549,hCiPS
12.0,550,xen_like
12.0,551,xen_like
12.0,552,xen_like
12.0,553,xen_like
12.0,554,xen_like
12.0,555,epithelial_like
12.0,556,hCiPS
12.0,557,xen_like
12.0,558,xen_like
12.0,559,xen_like
12.0,560,xen_like
12.0,561,xen_like
12.0,562,xen_like
12.0,563,xen_like
12.0,564,xen_like
12.0,565,xen_like
12.0,566,xen_like
12.0,567,xen_like
12.0,568,xen_like
12.0,569,xen_like
12.0,570,xen_like
12.0,571,xen_like
12.0,572,xen_like
12.0,573,ambiguous
12.0,574,xen_like
12.0,575,xen_like
12.0,576,xen_like
12.0,577,xen_like
12.0,578,xen_like
12.0,579,xen_like
12.0,580,xen_like
12.0,581,xen_like
12.0,582,xen_like
12.0,583,xen_like
12.0,584,xen_like
12.0,585,xen_like
12.0,586,intermediate_plastic
12.0,587,xen_like
12.0,588,xen_like
12.0,589,xen_like
12.0,590,xen_like
12.0,591,xen_like
12.0,592,epithelial_like
12.0,593,xen_like
12.0,594,xen_like
12.0,595,xen_like
12.0,596,xen_like
12.0,597,xen_like
12.0,598,xen_like
12.0,599,hCiPS
12.0,600,xen_like
12.0,601,xen_like
12.0,602,epithelial_like
12.0,603,xen_like
12.0,604,xen_like
12.0,605,xen_like
12.0,606,epithelial_like
12.0,607,xen_like
12.0,608,xen_like
12.0,609,xen_like
12.0,610,xen_like
12.0,611,epithelial_like
12.0,612,xen_like
12.0,613,xen_like
12.0,614,xen_like
12.0,615,xen_like
12.0,616,xen_like
12.0,617,xen_like
12.0,618,xen_like
12.0,619,xen_like
12.0,620,xen_like
12.0,621,xen_like
12.0,622,xen_like
12.0,623,epithelial_like
12.0,624,xen_like
12.0,625,xen_like
12.0,626,xen_like
12.0,627,xen_like
12.0,628,xen_like
12.0,629,xen_like
12.0,630,xen_like
12.0,631,xen_like
12.0,632,xen_like
12.0,633,xen_like
12.0,634,xen_like
12.0,635,xen_like
12.0,636,xen_like
12.0,637,xen_like
12.0,638,xen_like
12.0,639,hCiPS
12.0,640,xen_like
12.0,641,epithelial_like
12.0,642,xen_like
12.0,643,xen_like
12.0,644,xen_like
12.0,645,xen_like
12.0,646,xen_like
12.0,647,xen_like
12.0,648,xen_like
12.0,649,xen_like
12.0,650,xen_like
12.0,651,xen_like
12.0,652,xen_like
12.0,653,xen_like
12.0,654,xen_like
12.0,655,xen_like
12.0,656,xen_like
12.0,657,xen_like
12.0,658,epithelial_like
12.0,659,xen_like
12.0,660,xen_like
12.0,661,xen_like
12.0,662,xen_like
12.0,663,xen_like
12.0,664,xen_like
12.0,665,xen_like
12.0,666,xen_like
12.0,667,xen_like
12.0,668,xen_like
12.0,669,xen_like
12.0,670,xen_like
12.0,671,xen_like
12.0,672,xen_like
12.0,673,xen_like
12.0,674,xen_like
12.0,675,xen_like
12.0,676,epithelial_like
12.0,677,xen_like
12.0,678,xen_like
12.0,679,xen_like
12.0,680,xen_like
12.0,681,xen_like
12.0,682,epithelial_like
12.0,683,xen_like
12.0,684,xen_like
12.0,685,xen_like
12.0,686,xen_like
12.0,687,xen_like
12.0,688,xen_like
12.0,689,xen_like
12.0,690,xen_like
12.0,691,xen_like
12.0,692,xen_like
12.0,693,epithelial_like
12.0,694,xen_like
12.0,695,xen_like
12.0,696,xen_like
12.0,697,xen_like
12.0,698,xen_like
12.0,699,xen_like
12.0,700,xen_like
12.0,701,xen_like
12.0,702,xen_like
12.0,703,xen_like
12.0,704,xen_like
12.0,705,xen_like
12.0,706,xen_like
12.0,707,xen_like
12.0,708,xen_like
12.0,709,xen_like
12.0,710,epithelial_like
12.0,711,xen_like
12.0,712,xen_like
12.0,713,xen_like
12.0,714,xen_like
12.0,715,xen_like
12.0,716,xen_like
12.0,717,xen_like
12.0,718,xen_like
12.0,719,xen_like
12.0,720,xen_like
12.0,721,epithelial_like
12.0,722,xen_like
12.0,723,xen_like
12.0,724,epithelial_like
12.0,725,xen_like
12.0,726,xen_like
12.0,727,xen_like
12.0,728,xen_like
12.0,729,xen_like
12.0,730,xen_like
12.0,731,xen_like
12.0,732,xen_like
12.0,733,xen_like
12.0,734,xen_like
12.0,735,xen_like
12.0,736,xen_like
12.0,737,epithelial_like
12.0,738,xen_like
12.0,739,xen_like
12.0,740,xen_like
12.0,741,xen_like
12.0,742,epithelial_like
12.0,743,xen_like
12.0,744,xen_like
12.0,745,xen_like
12.0,746,epithelial_like
12.0,747,epithelial_like
12.0,748,xen_like
12.0,749,xen_like
12.0,750,epithelial_like
12.0,751,hCiPS
12.0,752,xen_like
12.0,753,xen_like
12.0,754,xen_like
12.0,755,epithelial_like
12.0,756,xen_like
12.0,757,xen_like
12.0,758,xen_like
12.0,759,xen_like
12.0,760,xen_like
12.0,761,xen_like
12.0,762,xen_like
12.0,763,xen_like
12.0,764,xen_like
12.0,765,xen_like
12.0,766,xen_like
12.0,767,xen_like
12.0,768,xen_like
12.0,769,xen_like
12.0,770,xen_like
12.0,771,xen_like
12.0,772,xen_like
12.0,773,xen_like
12.0,774,xen_like
12.0,775,xen_like
12.0,776,xen_like
12.0,777,xen_like
12.0,778,xen_like
12.0,779,epithelial_like
12.0,780,xen_like
12.0,781,xen_like
12.0,782,xen_like
12.0,783,xen_like
12.0,784,xen_like
12.0,785,epithelial_like
12.0,786,xen_like
12.0,787,xen_like
12.0,788,epithelial_like
12.0,789,epithelial_like
12.0,790,xen_like
12.0,791,xen_like
12.0,792,xen_like
12.0,793,xen_like
12.0,794,intermediate_plastic
12.0,795,xen_like
12.0,796,xen_like
12.0,797,xen_like
12.0,798,xen_like
12.0,799,xen_like
12.0,800,xen_like
12.0,801,xen_like
12.0,802,xen_like
12.0,803,xen_like
12.0,804,xen_like
12.0,805,xen_like
12.0,806,xen_like
12.0,807,xen_like
12.0,808,epithelial_like
12.0,809,xen_like
12.0,810,xen_like
12.0,811,hCiPS
12.0,812,epithelial_like
12.0,813,xen_like
12.0,814,xen_like
12.0,815,xen_like
12.0,816,xen_like
12.0,817,xen_like
12.0,818,hCiPS
12.0,819,hCiPS
12.0,820,xen_like
12.0,821,xen_like
12.0,822,epithelial_like
12.0,823,xen_like
12.0,824,xen_like
12.0,825,xen_like
12.0,826,xen_like
12.0,827,xen_like
12.0,828,xen_like
12.0,829,xen_like
12.0,830,xen_like
12.0,831,xen_like
12.0,832,xen_like
12.0,833,xen_like
12.0,834,xen_like
12.0,835,epithelial_like
12.0,836,xen_like
12.0,837,xen_like
12.0,838,xen_like
12.0,839,xen_like
12.0,840,intermediate_plastic
12.0,841,xen_like
12.0,842,xen_like
12.0,843,xen_like
12.0,844,xen_like
12.0,845,xen_like
12.0,846,xen_like
12.0,847,xen_like
12.0,848,xen_like
12.0,849,xen_like
12.0,850,xen_like
12.0,851,xen_like
12.0,852,epithelial_like
12.0,853,xen_like
12.0,854,xen_like
12.0,855,xen_like
12.0,856,xen_like
12.0,857,xen_like
12.0,858,xen_like
12.0,859,xen_like
12.0,860,xen_like
12.0,861,xen_like
12.0,862,xen_like
12.0,863,xen_like
12.0,864,xen_like
12.0,865,xen_like
12.0,866,xen_like
12.0,867,xen_like
12.0,868,xen_like
12.0,869,xen_like
12.0,870,xen_like
12.0,871,xen_like
12.0,872,epithelial_like
12.0,873,epithelial_like
12.0,874,xen_like
12.0,875,epithelial_like
12.0,876,xen_like
12.0,877,xen_like
12.0,878,xen_like
12.0,879,xen_like
12.0,880,xen_like
12.0,881,xen_like
12.0,882,xen_like
12.0,883,xen_like
12.0,884,epithelial_like
12.0,885,xen_like
12.0,886,xen_like
12.0,887,epithelial_like
12.0,888,xen_like
12.0,889,xen_like
12.0,890,xen_like
12.0,891,xen_like
12.0,892,xen_like
12.0,893,xen_like
12.0,894,xen_like
12.0,895,xen_like
12.0,896,xen_like
12.0,897,xen_like
12.0,898,epithelial_like
12.0,899,xen_like
12.0,900,xen_like
12.0,901,xen_like
12.0,902,xen_like
12.0,903,xen_like
12.0,904,xen_like
12.0,905,xen_like
12.0,906,xen_like
12.0,907,xen_like
12.0,908,xen_like
12.0,909,xen_like
12.0,910,xen_like
12.0,911,epithelial_like
12.0,912,hCiPS
12.0,913,xen_like
12.0,914,hCiPS
12.0,915,xen_like
12.0,916,xen_like
12.0,917,xen_like
12.0,918,xen_like
12.0,919,xen_like
12.0,920,xen_like
12.0,921,epithelial_like
12.0,922,hCiPS
12.0,923,xen_like
12.0,924,epithelial_like
12.0,925,xen_like
12.0,926,xen_like
12.0,927,xen_like
12.0,928,xen_like
12.0,929,epithelial_like
12.0,930,epithelial_like
12.0,931,xen_like
12.0,932,xen_like
12.0,933,epithelial_like
12.0,934,epithelial_like
12.0,935,xen_like
12.0,936,xen_like
12.0,937,xen_like
12.0,938,xen_like
12.0,939,xen_like
12.0,940,xen_like
12.0,941,xen_like
12.0,942,xen_like
12.0,943,xen_like
12.0,944,xen_like
12.0,945,xen_like
12.0,946,epithelial_like
12.0,947,xen_like
12.0,948,xen_like
12.0,949,xen_like
12.0,950,xen_like
12.0,951,xen_like
12.0,952,xen_like
12.0,953,xen_like
12.0,954,xen_like
12.0,955,epithelial_like
12.0,956,xen_like
12.0,957,xen_like
12.0,958,xen_like
12.0,959,xen_like
12.0,960,xen_like
12.0,961,xen_like
12.0,962,epithelial_like
12.0,963,xen_like
12.0,964,xen_like
12.0,965,xen_like
12.0,966,epithelial_like
12.0,967,xen_like
12.0,968,xen_like
12.0,969,xen_like
12.0,970,xen_like
12.0,971,xen_like
12.0,972,xen_like
12.0,973,xen_like
12.0,974,xen_like
12.0,975,xen_like
12.0,976,xen_like
12.0,977,xen_like
12.0,978,epithelial_like
12.0,979,xen_like
12.0,980,xen_like
12.0,981,xen_like
12.0,982,hCiPS
12.0,983,xen_like
12.0,984,xen_like
12.0,985,epithelial_like
12.0,986,xen_like
12.0,987,xen_like
12.0,988,xen_like
12.0,989,xen_like
12.0,990,xen_like
12.0,991,xen_like
12.0,992,xen_like
12.0,993,xen_like
12.0,994,epithelial_like
12.0,995,xen_like
12.0,996,xen_like
12.0,997,xen_like
12.0,998,xen_like
12.0,999,xen_like
12.0,1000,xen_like
12.0,1001,xen_like
12.0,1002,xen_like
12.0,1003,xen_like
12.0,1004,xen_like
12.0,1005,xen_like
12.0,1006,epithelial_like
12.0,1007,xen_like
12.0,1008,xen_like
12.0,1009,xen_like
12.0,1010,xen_like
12.0,1011,xen_like
12.0,1012,hCiPS
12.0,1013,xen_like
12.0,1014,epithelial_like
12.0,1015,xen_like
12.0,1016,xen_like
12.0,1017,hCiPS
12.0,1018,xen_like
12.0,1019,epithelial_like
12.0,1020,xen_like
12.0,1021,xen_like
12.0,1022,xen_like
12.0,1023,xen_like
12.0,1024,xen_like
12.0,1025,epithelial_like
12.0,1026,xen_like
12.0,1027,xen_like
12.0,1028,hCiPS
12.0,1029,xen_like
12.0,1030,epithelial_like
12.0,1031,xen_like
12.0,1032,xen_like
12.0,1033,xen_like
12.0,1034,epithelial_like
12.0,1035,xen_like
12.0,1036,xen_like
12.0,1037,xen_like
12.0,1038,xen_like
12.0,1039,xen_like
12.0,1040,xen_like
12.0,1041,xen_like
12.0,1042,xen_like
12.0,1043,xen_like
12.0,1044,xen_like
12.0,1045,xen_like
12.0,1046,xen_like
12.0,1047,xen_like
12.0,1048,xen_like
12.0,1049,xen_like
12.0,1050,xen_like
12.0,1051,epithelial_like
12.0,1052,xen_like
12.0,1053,xen_like
12.0,1054,xen_like
12.0,1055,epithelial_like
12.0,1056,xen_like
12.0,1057,xen_like
12.0,1058,xen_like
12.0,1059,epithelial_like
12.0,1060,xen_like
12.0,1061,xen_like
12.0,1062,xen_like
12.0,1063,xen_like
12.0,1064,xen_like
12.0,1065,xen_like
12.0,1066,epithelial_like
12.0,1067,xen_like
12.0,1068,xen_like
12.0,1069,xen_like
12.0,1070,xen_like
12.0,1071,xen_like
12.0,1072,xen_like
12.0,1073,epithelial_like
12.0,1074,hCiPS
12.0,1075,xen_like
12.0,1076,xen_like
12.0,1077,xen_like
12.0,1078,epithelial_like
12.0,1079,xen_like
12.0,1080,xen_like
12.0,1081,xen_like
12.0,1082,hCiPS
12.0,1083,xen_like
12.0,1084,epithelial_like
12.0,1085,xen_like
12.0,1086,xen_like
12.0,1087,xen_like
12.0,1088,xen_like
12.0,1089,xen_like
12.0,1090,xen_like
12.0,1091,xen_like
12.0,1092,xen_like
12.0,1093,xen_like
12.0,1094,xen_like
12.0,1095,xen_like
12.0,1096,xen_like
12.0,1097,xen_like
12.0,1098,xen_like
12.0,1099,xen_like
12.0,1100,xen_like
12.0,1101,xen_like
12.0,1102,epithelial_like
12.0,1103,epithelial_like
12.0,1104,xen_like
12.0,1105,xen_like
12.0,1106,xen_like
12.0,1107,xen_like
12.0,1108,xen_like
12.0,1109,xen_like
12.0,1110,xen_like
12.0,1111,hCiPS
12.0,1112,xen_like
12.0,1113,xen_like
12.0,1114,xen_like
12.0,1115,xen_like
12.0,1116,xen_like
12.0,1117,xen_like
12.0,1118,hCiPS
12.0,1119,xen_like
12.0,1120,xen_like
12.0,1121,xen_like
12.0,1122,xen_like
12.0,1123,xen_like
12.0,1124,epithelial_like
12.0,1125,xen_like
12.0,1126,xen_like
12.0,1127,epithelial_like
12.0,1128,xen_like
12.0,1129,xen_like
12.0,1130,xen_like
12.0,1131,xen_like
12.0,1132,xen_like
12.0,1133,xen_like
12.0,1134,ambiguous
12.0,1135,xen_like
12.0,1136,xen_like
12.0,1137,xen_like
12.0,1138,epithelial_like
12.0,1139,epithelial_like
12.0,1140,xen_like
12.0,1141,xen_like
12.0,1142,xen_like
12.0,1143,xen_like
12.0,1144,xen_like
12.0,1145,xen_like
12.0,1146,xen_like
12.0,1147,xen_like
12.0,1148,xen_like
12.0,1149,xen_like
12.0,1150,xen_like
12.0,1151,xen_like
12.0,1152,xen_like
12.0,1153,hCiPS
12.0,1154,xen_like
12.0,1155,xen_like
12.0,1156,xen_like
12.0,1157,epithelial_like
12.0,1158,xen_like
12.0,1159,epithelial_like
12.0,1160,xen_like
12.0,1161,xen_like
12.0,1162,xen_like
12.0,1163,xen_like
12.0,1164,xen_like
12.0,1165,xen_like
12.0,1166,xen_like
12.0,1167,xen_like
12.0,1168,xen_like
12.0,1169,xen_like
12.0,1170,xen_like
12.0,1171,xen_like
12.0,1172,xen_like
12.0,1173,xen_like
12.0,1174,xen_like
12.0,1175,xen_like
12.0,1176,xen_like
12.0,1177,xen_like
12.0,1178,xen_like
12.0,1179,xen_like
12.0,1180,xen_like
12.0,1181,xen_like
12.0,1182,xen_like
12.0,1183,xen_like
12.0,1184,hCiPS
12.0,1185,xen_like
12.0,1186,xen_like
12.0,1187,xen_like
12.0,1188,epithelial_like
12.0,1189,xen_like
12.0,1190,xen_like
12.0,1191,xen_like
12.0,1192,xen_like
12.0,1193,epithelial_like
12.0,1194,xen_like
12.0,1195,xen_like
12.0,1196,xen_like
12.0,1197,xen_like
12.0,1198,xen_like
12.0,1199,epithelial_like
12.0,1200,xen_like
12.0,1201,xen_like
12.0,1202,epithelial_like
12.0,1203,xen_like
12.0,1204,xen_like
12.0,1205,xen_like
12.0,1206,xen_like
12.0,1207,epithelial_like
12.0,1208,xen_like
12.0,1209,xen_like
12.0,1210,xen_like
12.0,1211,epithelial_like
12.0,1212,xen_like
12.0,1213,xen_like
12.0,1214,hCiPS
12.0,1215,xen_like
12.0,1216,xen_like
12.0,1217,xen_like
12.0,1218,xen_like
12.0,1219,xen_like
12.0,1220,xen_like
12.0,1221,xen_like
12.0,1222,xen_like
12.0,1223,xen_like
12.0,1224,epithelial_like
12.0,1225,xen_like
12.0,1226,xen_like
12.0,1227,xen_like
12.0,1228,xen_like
12.0,1229,xen_like
12.0,1230,xen_like
12.0,1231,xen_like
12.0,1232,xen_like
12.0,1233,epithelial_like
12.0,1234,xen_like
12.0,1235,xen_like
12.0,1236,xen_like
12.0,1237,hCiPS
12.0,1238,xen_like
12.0,1239,xen_like
12.0,1240,xen_like
12.0,1241,epithelial_like
12.0,1242,xen_like
12.0,1243,xen_like
12.0,1244,xen_like
12.0,1245,xen_like
12.0,1246,xen_like
12.0,1247,epithelial_like
12.0,1248,xen_like
12.0,1249,xen_like
12.0,1250,xen_like
12.0,1251,xen_like
12.0,1252,epithelial_like
12.0,1253,xen_like
12.0,1254,xen_like
12.0,1255,xen_like
12.0,1256,xen_like
12.0,1257,epithelial_like
12.0,1258,hCiPS
12.0,1259,xen_like
12.0,1260,xen_like
12.0,1261,epithelial_like
12.0,1262,xen_like
12.0,1263,xen_like
12.0,1264,xen_like
12.0,1265,xen_like
12.0,1266,xen_like
12.0,1267,xen_like
12.0,1268,xen_like
12.0,1269,epithelial_like
12.0,1270,xen_like
12.0,1271,epithelial_like
12.0,1272,epithelial_like
12.0,1273,xen_like
12.0,1274,xen_like
12.0,1275,xen_like
12.0,1276,xen_like
12.0,1277,xen_like
12.0,1278,xen_like
12.0,1279,xen_like
12.0,1280,xen_like
12.0,1281,epithelial_like
12.0,1282,xen_like
12.0,1283,xen_like
12.0,1284,xen_like
12.0,1285,xen_like
12.0,1286,xen_like
12.0,1287,xen_like
12.0,1288,xen_like
12.0,1289,xen_like
12.0,1290,hCiPS
12.0,1291,xen_like
12.0,1292,xen_like
12.0,1293,xen_like
12.0,1294,xen_like
12.0,1295,xen_like
12.0,1296,xen_like
12.0,1297,xen_like
12.0,1298,xen_like
12.0,1299,xen_like
12.0,1300,epithelial_like
12.0,1301,xen_like
12.0,1302,xen_like
12.0,1303,xen_like
12.0,1304,xen_like
12.0,1305,xen_like
12.0,1306,xen_like
12.0,1307,xen_like
12.0,1308,intermediate_plastic
12.0,1309,xen_like
12.0,1310,xen_like
12.0,1311,xen_like
12.0,1312,xen_like
12.0,1313,xen_like
12.0,1314,xen_like
12.0,1315,xen_like
12.0,1316,xen_like
12.0,1317,xen_like
12.0,1318,xen_like
12.0,1319,xen_like
12.0,1320,xen_like
12.0,1321,epithelial_like
12.0,1322,xen_like
12.0,1323,xen_like
12.0,1324,xen_like
12.0,1325,xen_like
12.0,1326,xen_like
12.0,1327,xen_like
12.0,1328,xen_like
12.0,1329,epithelial_like
12.0,1330,xen_like
12.0,1331,xen_like
12.0,1332,xen_like
12.0,1333,xen_like
12.0,1334,epithelial_like
12.0,1335,xen_like
12.0,1336,xen_like
12.0,1337,xen_like
12.0,1338,xen_like
12.0,1339,xen_like
12.0,1340,xen_like
12.0,1341,xen_like
12.0,1342,xen_like
12.0,1343,xen_like
12.0,1344,xen_like
12.0,1345,xen_like
12.0,1346,xen_like
12.0,1347,xen_like
12.0,1348,xen_like
12.0,1349,xen_like
12.0,1350,xen_like
12.0,1351,xen_like
12.0,1352,epithelial_like
12.0,1353,xen_like
12.0,1354,xen_like
12.0,1355,xen_like
12.0,1356,xen_like
12.0,1357,xen_like
12.0,1358,epithelial_like
12.0,1359,intermediate_plastic
12.0,1360,xen_like
12.0,1361,xen_like
12.0,1362,epithelial_like
12.0,1363,xen_like
12.0,1364,epithelial_like
12.0,1365,xen_like
12.0,1366,xen_like
12.0,1367,xen_like
12.0,1368,xen_like
12.0,1369,xen_like
12.0,1370,xen_like
12.0,1371,xen_like
12.0,1372,xen_like
12.0,1373,xen_like
12.0,1374,xen_like
12.0,1375,xen_like
12.0,1376,xen_like
12.0,1377,xen_like
12.0,1378,xen_like
12.0,1379,xen_like
12.0,1380,xen_like
12.0,1381,xen_like
12.0,1382,ambiguous
12.0,1383,ambiguous
12.0,1384,xen_like
12.0,1385,epithelial_like
12.0,1386,xen_like
12.0,1387,xen_like
12.0,1388,xen_like
12.0,1389,xen_like
12.0,1390,xen_like
12.0,1391,xen_like
12.0,1392,hCiPS
12.0,1393,xen_like
12.0,1394,xen_like
12.0,1395,xen_like
12.0,1396,xen_like
12.0,1397,xen_like
12.0,1398,xen_like
12.0,1399,xen_like
12.0,1400,xen_like
12.0,1401,epithelial_like
12.0,1402,xen_like
12.0,1403,xen_like
12.0,1404,xen_like
12.0,1405,xen_like
12.0,1406,xen_like
12.0,1407,xen_like
12.0,1408,epithelial_like
12.0,1409,xen_like
12.0,1410,xen_like
12.0,1411,epithelial_like
12.0,1412,xen_like
12.0,1413,xen_like
12.0,1414,xen_like
12.0,1415,xen_like
12.0,1416,xen_like
12.0,1417,xen_like
12.0,1418,epithelial_like
12.0,1419,xen_like
12.0,1420,xen_like
12.0,1421,xen_like
12.0,1422,xen_like
12.0,1423,xen_like
12.0,1424,xen_like
12.0,1425,xen_like
12.0,1426,xen_like
12.0,1427,xen_like
12.0,1428,xen_like
12.0,1429,xen_like
12.0,1430,epithelial_like
12.0,1431,xen_like
12.0,1432,xen_like
12.0,1433,xen_like
12.0,1434,xen_like
12.0,1435,xen_like
12.0,1436,xen_like
12.0,1437,xen_like
12.0,1438,xen_like
12.0,1439,xen_like
12.0,1440,xen_like
12.0,1441,epithelial_like
12.0,1442,xen_like
12.0,1443,xen_like
12.0,1444,xen_like
12.0,1445,xen_like
12.0,1446,hCiPS
12.0,1447,xen_like
12.0,1448,xen_like
12.0,1449,xen_like
12.0,1450,xen_like
12.0,1451,xen_like
12.0,1452,xen_like
12.0,1453,xen_like
12.0,1454,xen_like
12.0,1455,xen_like
12.0,1456,xen_like
12.0,1457,xen_like
12.0,1458,xen_like
12.0,1459,xen_like
12.0,1460,hCiPS
12.0,1461,xen_like
12.0,1462,xen_like
12.0,1463,xen_like
12.0,1464,xen_like
12.0,1465,xen_like
12.0,1466,xen_like
12.0,1467,epithelial_like
12.0,1468,xen_like
12.0,1469,hCiPS
12.0,1470,xen_like
12.0,1471,hCiPS
12.0,1472,xen_like
12.0,1473,xen_like
12.0,1474,xen_like
12.0,1475,intermediate_plastic
12.0,1476,xen_like
12.0,1477,xen_like
12.0,1478,xen_like
12.0,1479,xen_like
12.0,1480,epithelial_like
12.0,1481,xen_like
12.0,1482,xen_like
12.0,1483,xen_like
12.0,1484,xen_like
12.0,1485,xen_like
12.0,1486,epithelial_like
12.0,1487,xen_like
12.0,1488,xen_like
12.0,1489,xen_like
12.0,1490,xen_like
12.0,1491,xen_like
12.0,1492,xen_like
12.0,1493,xen_like
12.0,1494,xen_like
12.0,1495,epithelial_like
12.0,1496,xen_like
12.0,1497,xen_like
12.0,1498,xen_like
12.0,1499,xen_like
12.0,1500,xen_like
12.0,1501,xen_like
12.0,1502,xen_like
12.0,1503,xen_like
12.0,1504,xen_like
12.0,1505,xen_like
12.0,1506,xen_like
12.0,1507,xen_like
12.0,1508,xen_like
12.0,1509,xen_like
12.0,1510,xen_like
12.0,1511,xen_like
12.0,1512,intermediate_plastic
12.0,1513,xen_like
12.0,1514,xen_like
12.0,1515,xen_like
12.0,1516,xen_like
12.0,1517,xen_like
12.0,1518,xen_like
12.0,1519,xen_like
12.0,1520,xen_like
12.0,1521,xen_like
12.0,1522,xen_like
12.0,1523,xen_like
12.0,1524,xen_like
12.0,1525,hCiPS
12.0,1526,epithelial_like
12.0,1527,xen_like
12.0,1528,xen_like
12.0,1529,hCiPS
12.0,1530,xen_like
12.0,1531,xen_like
12.0,1532,epithelial_like
12.0,1533,xen_like
12.0,1534,xen_like
12.0,1535,intermediate_plastic
12.0,1536,epithelial_like
12.0,1537,xen_like
12.0,1538,xen_like
12.0,1539,xen_like
12.0,1540,xen_like
12.0,1541,xen_like
12.0,1542,epithelial_like
12.0,1543,xen_like
12.0,1544,xen_like
12.0,1545,xen_like
12.0,1546,xen_like
12.0,1547,xen_like
12.0,1548,xen_like
12.0,1549,xen_like
12.0,1550,xen_like
12.0,1551,epithelial_like
12.0,1552,xen_like
12.0,1553,epithelial_like
12.0,1554,xen_like
12.0,1555,xen_like
12.0,1556,xen_like
12.0,1557,xen_like
12.0,1558,xen_like
12.0,1559,xen_like
12.0,1560,hCiPS
12.0,1561,xen_like
12.0,1562,xen_like
12.0,1563,xen_like
12.0,1564,xen_like
12.0,1565,xen_like
12.0,1566,xen_like
12.0,1567,xen_like
12.0,1568,xen_like
12.0,1569,xen_like
12.0,1570,xen_like
12.0,1571,xen_like
12.0,1572,xen_like
12.0,1573,epithelial_like
12.0,1574,xen_like
12.0,1575,xen_like
12.0,1576,xen_like
12.0,1577,xen_like
12.0,1578,xen_like
12.0,1579,xen_like
12.0,1580,xen_like
12.0,1581,xen_like
12.0,1582,xen_like
12.0,1583,xen_like
12.0,1584,xen_like
12.0,1585,xen_like
12.0,1586,xen_like
12.0,1587,hCiPS
12.0,1588,hCiPS
12.0,1589,xen_like
12.0,1590,xen_like
12.0,1591,epithelial_like
12.0,1592,epithelial_like
12.0,1593,xen_like
12.0,1594,xen_like
12.0,1595,xen_like
12.0,1596,xen_like
12.0,1597,xen_like
12.0,1598,xen_like
12.0,1599,xen_like
12.0,1600,xen_like
12.0,1601,xen_like
12.0,1602,epithelial_like
12.0,1603,xen_like
12.0,1604,xen_like
12.0,1605,epithelial_like
12.0,1606,xen_like
12.0,1607,xen_like
12.0,1608,xen_like
12.0,1609,epithelial_like
12.0,1610,xen_like
12.0,1611,xen_like
12.0,1612,epithelial_like
12.0,1613,xen_like
12.0,1614,xen_like
12.0,1615,xen_like
12.0,1616,xen_like
12.0,1617,epithelial_like
12.0,1618,xen_like
12.0,1619,xen_like
12.0,1620,xen_like
12.0,1621,xen_like
12.0,1622,xen_like
12.0,1623,epithelial_like
12.0,1624,xen_like
12.0,1625,xen_like
12.0,1626,xen_like
12.0,1627,xen_like
12.0,1628,xen_like
12.0,1629,xen_like
12.0,1630,xen_like
12.0,1631,intermediate_plastic
12.0,1632,xen_like
12.0,1633,hCiPS
12.0,1634,xen_like
12.0,1635,xen_like
12.0,1636,xen_like
12.0,1637,xen_like
12.0,1638,xen_like
12.0,1639,xen_like
12.0,1640,intermediate_plastic
12.0,1641,xen_like
12.0,1642,xen_like
12.0,1643,ambiguous
12.0,1644,epithelial_like
12.0,1645,xen_like
12.0,1646,xen_like
12.0,1647,xen_like
12.0,1648,xen_like
12.0,1649,epithelial_like
12.0,1650,xen_like
12.0,1651,xen_like
12.0,1652,xen_like
12.0,1653,xen_like
12.0,1654,xen_like
12.0,1655,xen_like
12.0,1656,xen_like
12.0,1657,xen_like
12.0,1658,xen_like
12.0,1659,xen_like
12.0,1660,xen_like
12.0,1661,xen_like
12.0,1662,xen_like
12.0,1663,xen_like
12.0,1664,xen_like
12.0,1665,xen_like
12.0,1666,xen_like
12.0,1667,xen_like
12.0,1668,xen_like
12.0,1669,hCiPS
12.0,1670,xen_like
12.0,1671,epithelial_like
12.0,1672,xen_like
12.0,1673,xen_like
12.0,1674,xen_like
12.0,1675,epithelial_like
12.0,1676,xen_like
12.0,1677,epithelial_like
12.0,1678,xen_like
12.0,1679,xen_like
12.0,1680,xen_like
12.0,1681,xen_like
12.0,1682,xen_like
12.0,1683,xen_like
12.0,1684,xen_like
12.0,1685,xen_like
12.0,1686,xen_like
12.0,1687,xen_like
12.0,1688,xen_like
12.0,1689,epithelial_like
12.0,1690,xen_like
12.0,1691,xen_like
12.0,1692,xen_like
12.0,1693,xen_like
12.0,1694,xen_like
12.0,1695,xen_like
12.0,1696,xen_like
12.0,1697,xen_like
12.0,1698,epithelial_like
12.0,1699,xen_like
12.0,1700,xen_like
12.0,1701,xen_like
12.0,1702,xen_like
12.0,1703,xen_like
12.0,1704,xen_like
12.0,1705,xen_like
12.0,1706,xen_like
12.0,1707,xen_like
12.0,1708,xen_like
12.0,1709,xen_like
12.0,1710,xen_like
12.0,1711,xen_like
12.0,1712,hCiPS
12.0,1713,xen_like
12.0,1714,xen_like
12.0,1715,xen_like
12.0,1716,epithelial_like
12.0,1717,epithelial_like
12.0,1718,xen_like
12.0,1719,xen_like
12.0,1720,xen_like
12.0,1721,xen_like
12.0,1722,xen_like
12.0,1723,xen_like
12.0,1724,xen_like
12.0,1725,ambiguous
12.0,1726,xen_like
12.0,1727,xen_like
12.0,1728,epithelial_like
12.0,1729,xen_like
12.0,1730,xen_like
12.0,1731,xen_like
12.0,1732,xen_like
12.0,1733,xen_like
12.0,1734,epithelial_like
12.0,1735,xen_like
12.0,1736,xen_like
12.0,1737,xen_like
12.0,1738,xen_like
12.0,1739,xen_like
12.0,1740,xen_like
12.0,1741,hCiPS
12.0,1742,xen_like
12.0,1743,xen_like
12.0,1744,xen_like
12.0,1745,xen_like
12.0,1746,xen_like
12.0,1747,xen_like
12.0,1748,xen_like
12.0,1749,hCiPS
12.0,1750,hCiPS
12.0,1751,xen_like
12.0,1752,xen_like
12.0,1753,xen_like
12.0,1754,xen_like
12.0,1755,xen_like
12.0,1756,xen_like
12.0,1757,xen_like
12.0,1758,xen_like
12.0,1759,epithelial_like
12.0,1760,xen_like
12.0,1761,xen_like
12.0,1762,xen_like
12.0,1763,xen_like
12.0,1764,epithelial_like
12.0,1765,xen_like
12.0,1766,xen_like
12.0,1767,xen_like
12.0,1768,xen_like
12.0,1769,xen_like
12.0,1770,xen_like
12.0,1771,xen_like
12.0,1772,xen_like
12.0,1773,xen_like
12.0,1774,xen_like
12.0,1775,epithelial_like
12.0,1776,xen_like
12.0,1777,xen_like
12.0,1778,xen_like
12.0,1779,hCiPS
12.0,1780,xen_like
12.0,1781,xen_like
12.0,1782,xen_like
12.0,1783,xen_like
12.0,1784,xen_like
12.0,1785,intermediate_plastic
12.0,1786,xen_like
12.0,1787,hCiPS
12.0,1788,epithelial_like
12.0,1789,xen_like
12.0,1790,xen_like
12.0,1791,xen_like
12.0,1792,xen_like
12.0,1793,xen_like
12.0,1794,xen_like
12.0,1795,xen_like
12.0,1796,hCiPS
12.0,1797,epithelial_like
12.0,1798,hCiPS
12.0,1799,xen_like
12.0,1800,xen_like
12.0,1801,xen_like
12.0,1802,xen_like
12.0,1803,xen_like
12.0,1804,hCiPS
12.0,1805,xen_like
12.0,1806,xen_like
12.0,1807,hCiPS
12.0,1808,xen_like
12.0,1809,xen_like
12.0,1810,hCiPS
12.0,1811,epithelial_like
12.0,1812,xen_like
12.0,1813,xen_like
12.0,1814,xen_like
12.0,1815,xen_like
12.0,1816,xen_like
12.0,1817,epithelial_like
12.0,1818,xen_like
12.0,1819,xen_like
12.0,1820,xen_like
12.0,1821,xen_like
12.0,1822,xen_like
12.0,1823,xen_like
12.0,1824,xen_like
12.0,1825,xen_like
12.0,1826,epithelial_like
12.0,1827,xen_like
12.0,1828,xen_like
12.0,1829,xen_like
12.0,1830,xen_like
12.0,1831,epithelial_like
12.0,1832,epithelial_like
12.0,1833,xen_like
12.0,1834,xen_like
12.0,1835,xen_like
12.0,1836,xen_like
12.0,1837,xen_like
12.0,1838,xen_like
12.0,1839,xen_like
12.0,1840,xen_like
12.0,1841,xen_like
12.0,1842,xen_like
12.0,1843,xen_like
12.0,1844,xen_like
12.0,1845,xen_like
12.0,1846,xen_like
12.0,1847,xen_like
12.0,1848,xen_like
12.0,1849,xen_like
12.0,1850,epithelial_like
12.0,1851,xen_like
12.0,1852,xen_like
12.0,1853,epithelial_like
12.0,1854,xen_like
12.0,1855,xen_like
12.0,1856,xen_like
12.0,1857,xen_like
12.0,1858,xen_like
12.0,1859,xen_like
12.0,1860,xen_like
12.0,1861,xen_like
12.0,1862,xen_like
12.0,1863,xen_like
12.0,1864,xen_like
12.0,1865,epithelial_like
12.0,1866,xen_like
12.0,1867,epithelial_like
12.0,1868,xen_like
12.0,1869,epithelial_like
12.0,1870,xen_like
12.0,1871,xen_like
12.0,1872,intermediate_plastic
12.0,1873,xen_like
12.0,1874,xen_like
12.0,1875,xen_like
12.0,1876,xen_like
12.0,1877,xen_like
12.0,1878,xen_like
12.0,1879,xen_like
12.0,1880,xen_like
12.0,1881,xen_like
12.0,1882,xen_like
12.0,1883,xen_like
12.0,1884,xen_like
12.0,1885,xen_like
12.0,1886,xen_like
12.0,1887,epithelial_like
12.0,1888,epithelial_like
12.0,1889,hCiPS
12.0,1890,xen_like
12.0,1891,xen_like
12.0,1892,xen_like
12.0,1893,xen_like
12.0,1894,xen_like
12.0,1895,xen_like
12.0,1896,xen_like
12.0,1897,xen_like
12.0,1898,xen_like
12.0,1899,xen_like
12.0,1900,xen_like
12.0,1901,epithelial_like
12.0,1902,epithelial_like
12.0,1903,xen_like
12.0,1904,xen_like
12.0,1905,xen_like
12.0,1906,epithelial_like
12.0,1907,xen_like
12.0,1908,xen_like
12.0,1909,xen_like
12.0,1910,xen_like
12.0,1911,xen_like
12.0,1912,xen_like
12.0,1913,xen_like
12.0,1914,epithelial_like
12.0,1915,xen_like
12.0,1916,xen_like
12.0,1917,epithelial_like
12.0,1918,xen_like
12.0,1919,xen_like
12.0,1920,xen_like
12.0,1921,xen_like
12.0,1922,xen_like
12.0,1923,xen_like
12.0,1924,xen_like
12.0,1925,xen_like
12.0,1926,xen_like
12.0,1927,xen_like
12.0,1928,xen_like
12.0,1929,xen_like
12.0,1930,xen_like
12.0,1931,xen_like
12.0,1932,epithelial_like
12.0,1933,epithelial_like
12.0,1934,xen_like
12.0,1935,xen_like
12.0,1936,xen_like
12.0,1937,xen_like
12.0,1938,hCiPS
12.0,1939,xen_like
12.0,1940,xen_like
12.0,1941,xen_like
12.0,1942,xen_like
12.0,1943,xen_like
12.0,1944,xen_like
12.0,1945,xen_like
12.0,1946,xen_like
12.0,1947,xen_like
12.0,1948,xen_like
12.0,1949,epithelial_like
12.0,1950,xen_like
12.0,1951,epithelial_like
12.0,1952,xen_like
12.0,1953,xen_like
12.0,1954,epithelial_like
12.0,1955,xen_like
12.0,1956,hCiPS
12.0,1957,epithelial_like
12.0,1958,xen_like
12.0,1959,xen_like
12.0,1960,hCiPS
12.0,1961,xen_like
12.0,1962,xen_like
12.0,1963,xen_like
12.0,1964,xen_like
12.0,1965,xen_like
12.0,1966,xen_like
12.0,1967,xen_like
12.0,1968,xen_like
12.0,1969,xen_like
12.0,1970,xen_like
12.0,1971,xen_like
12.0,1972,xen_like
12.0,1973,xen_like
12.0,1974,xen_like
12.0,1975,xen_like
12.0,1976,epithelial_like
12.0,1977,xen_like
12.0,1978,xen_like
12.0,1979,xen_like
12.0,1980,xen_like
12.0,1981,xen_like
12.0,1982,xen_like
12.0,1983,xen_like
12.0,1984,xen_like
12.0,1985,epithelial_like
12.0,1986,xen_like
12.0,1987,xen_like
12.0,1988,xen_like
12.0,1989,xen_like
12.0,1990,epithelial_like
12.0,1991,hCiPS
12.0,1992,xen_like
12.0,1993,epithelial_like
12.0,1994,xen_like
12.0,1995,xen_like
12.0,1996,xen_like
12.0,1997,epithelial_like
12.0,1998,epithelial_like
12.0,1999,xen_like
13.0,0,xen_like
13.0,1,xen_like
13.0,2,xen_like
13.0,3,xen_like
13.0,4,xen_like
13.0,5,xen_like
13.0,6,xen_like
13.0,7,xen_like
13.0,8,xen_like
13.0,9,xen_like
13.0,10,xen_like
13.0,11,xen_like
13.0,12,xen_like
13.0,13,xen_like
13.0,14,epithelial_like
13.0,15,epithelial_like
13.0,16,xen_like
13.0,17,xen_like
13.0,18,xen_like
13.0,19,xen_like
13.0,20,xen_like
13.0,21,xen_like
13.0,22,xen_like
13.0,23,xen_like
13.0,24,xen_like
13.0,25,xen_like
13.0,26,xen_like
13.0,27,xen_like
13.0,28,xen_like
13.0,29,xen_like
13.0,30,xen_like
13.0,31,xen_like
13.0,32,xen_like
13.0,33,xen_like
13.0,34,xen_like
13.0,35,xen_like
13.0,36,xen_like
13.0,37,xen_like
13.0,38,xen_like
13.0,39,xen_like
13.0,40,xen_like
13.0,41,epithelial_like
13.0,42,xen_like
13.0,43,xen_like
13.0,44,xen_like
13.0,45,xen_like
13.0,46,xen_like
13.0,47,xen_like
13.0,48,xen_like
13.0,49,xen_like
13.0,50,xen_like
13.0,51,xen_like
13.0,52,hCiPS
13.0,53,xen_like
13.0,54,hCiPS
13.0,55,hCiPS
13.0,56,xen_like
13.0,57,xen_like
13.0,58,xen_like
13.0,59,xen_like
13.0,60,xen_like
13.0,61,epithelial_like
13.0,62,xen_like
13.0,63,xen_like
13.0,64,xen_like
13.0,65,xen_like
13.0,66,xen_like
13.0,67,xen_like
13.0,68,xen_like
13.0,69,xen_like
13.0,70,xen_like
13.0,71,xen_like
13.0,72,xen_like
13.0,73,xen_like
13.0,74,xen_like
13.0,75,xen_like
13.0,76,epithelial_like
13.0,77,epithelial_like
13.0,78,xen_like
13.0,79,xen_like
13.0,80,xen_like
13.0,81,xen_like
13.0,82,xen_like
13.0,83,xen_like
13.0,84,epithelial_like
13.0,85,xen_like
13.0,86,epithelial_like
13.0,87,xen_like
13.0,88,xen_like
13.0,89,xen_like
13.0,90,xen_like
13.0,91,xen_like
13.0,92,xen_like
13.0,93,xen_like
13.0,94,xen_like
13.0,95,xen_like
13.0,96,xen_like
13.0,97,xen_like
13.0,98,xen_like
13.0,99,xen_like
13.0,100,xen_like
13.0,101,xen_like
13.0,102,xen_like
13.0,103,xen_like
13.0,104,xen_like
13.0,105,xen_like
13.0,106,xen_like
13.0,107,xen_like
13.0,108,xen_like
13.0,109,xen_like
13.0,110,xen_like
13.0,111,xen_like
13.0,112,xen_like
13.0,113,xen_like
13.0,114,xen_like
13.0,115,xen_like
13.0,116,xen_like
13.0,117,xen_like
13.0,118,xen_like
13.0,119,xen_like
13.0,120,xen_like
13.0,121,xen_like
13.0,122,xen_like
13.0,123,xen_like
13.0,124,xen_like
13.0,125,xen_like
13.0,126,xen_like
13.0,127,xen_like
13.0,128,xen_like
13.0,129,xen_like
13.0,130,xen_like
13.0,131,hCiPS
13.0,132,xen_like
13.0,133,xen_like
13.0,134,xen_like
13.0,135,xen_like
13.0,136,xen_like
13.0,137,xen_like
13.0,138,xen_like
13.0,139,hCiPS
13.0,140,xen_like
13.0,141,xen_like
13.0,142,xen_like
13.0,143,xen_like
13.0,144,xen_like
13.0,145,xen_like
13.0,146,xen_like
13.0,147,xen_like
13.0,148,xen_like
13.0,149,xen_like
13.0,150,xen_like
13.0,151,xen_like
13.0,152,xen_like
13.0,153,xen_like
13.0,154,xen_like
13.0,155,xen_like
13.0,156,epithelial_like
13.0,157,xen_like
13.0,158,xen_like
13.0,159,xen_like
13.0,160,xen_like
13.0,161,xen_like
13.0,162,xen_like
13.0,163,xen_like
13.0,164,xen_like
13.0,165,xen_like
13.0,166,xen_like
13.0,167,xen_like
13.0,168,xen_like
13.0,169,xen_like
13.0,170,xen_like
13.0,171,xen_like
13.0,172,xen_like
13.0,173,xen_like
13.0,174,xen_like
13.0,175,xen_like
13.0,176,xen_like
13.0,177,xen_like
13.0,178,xen_like
13.0,179,xen_like
13.0,180,xen_like
13.0,181,xen_like
13.0,182,epithelial_like
13.0,183,xen_like
13.0,184,xen_like
13.0,185,xen_like
13.0,186,xen_like
13.0,187,xen_like
13.0,188,xen_like
13.0,189,xen_like
13.0,190,xen_like
13.0,191,xen_like
13.0,192,intermediate_plastic
13.0,193,xen_like
13.0,194,xen_like
13.0,195,xen_like
13.0,196,xen_like
13.0,197,xen_like
13.0,198,hCiPS
13.0,199,xen_like
13.0,200,xen_like
13.0,201,xen_like
13.0,202,xen_like
13.0,203,xen_like
13.0,204,xen_like
13.0,205,xen_like
13.0,206,ambiguous
13.0,207,xen_like
13.0,208,xen_like
13.0,209,xen_like
13.0,210,xen_like
13.0,211,xen_like
13.0,212,xen_like
13.0,213,xen_like
13.0,214,xen_like
13.0,215,xen_like
13.0,216,xen_like
13.0,217,epithelial_like
13.0,218,xen_like
13.0,219,epithelial_like
13.0,220,xen_like
13.0,221,xen_like
13.0,222,xen_like
13.0,223,xen_like
13.0,224,xen_like
13.0,225,xen_like
13.0,226,xen_like
13.0,227,xen_like
13.0,228,xen_like
13.0,229,xen_like
13.0,230,xen_like
13.0,231,xen_like
13.0,232,xen_like
13.0,233,xen_like
13.0,234,xen_like
13.0,235,hCiPS
13.0,236,xen_like
13.0,237,xen_like
13.0,238,xen_like
13.0,239,xen_like
13.0,240,xen_like
13.0,241,xen_like
13.0,242,xen_like
13.0,243,xen_like
13.0,244,xen_like
13.0,245,xen_like
13.0,246,epithelial_like
13.0,247,xen_like
13.0,248,xen_like
13.0,249,xen_like
13.0,250,xen_like
13.0,251,xen_like
13.0,252,xen_like
13.0,253,xen_like
13.0,254,xen_like
13.0,255,xen_like
13.0,256,xen_like
13.0,257,xen_like
13.0,258,epithelial_like
13.0,259,xen_like
13.0,260,xen_like
13.0,261,xen_like
13.0,262,xen_like
13.0,263,xen_like
13.0,264,xen_like
13.0,265,xen_like
13.0,266,xen_like
13.0,267,xen_like
13.0,268,xen_like
13.0,269,xen_like
13.0,270,xen_like
13.0,271,xen_like
13.0,272,xen_like
13.0,273,xen_like
13.0,274,xen_like
13.0,275,xen_like
13.0,276,xen_like
13.0,277,xen_like
13.0,278,xen_like
13.0,279,xen_like
13.0,280,xen_like
13.0,281,xen_like
13.0,282,epithelial_like
13.0,283,xen_like
13.0,284,xen_like
13.0,285,xen_like
13.0,286,epithelial_like
13.0,287,xen_like
13.0,288,xen_like
13.0,289,xen_like
13.0,290,xen_like
13.0,291,xen_like
13.0,292,xen_like
13.0,293,epithelial_like
13.0,294,epithelial_like
13.0,295,xen_like
13.0,296,xen_like
13.0,297,xen_like
13.0,298,xen_like
13.0,299,xen_like
13.0,300,xen_like
13.0,301,hCiPS
13.0,302,xen_like
13.0,303,xen_like
13.0,304,xen_like
13.0,305,xen_like
13.0,306,xen_like
13.0,307,xen_like
13.0,308,xen_like
13.0,309,xen_like
13.0,310,epithelial_like
13.0,311,epithelial_like
13.0,312,xen_like
13.0,313,xen_like
13.0,314,xen_like
13.0,315,xen_like
13.0,316,xen_like
13.0,317,xen_like
13.0,318,xen_like
13.0,319,xen_like
13.0,320,xen_like
13.0,321,xen_like
13.0,322,xen_like
13.0,323,xen_like
13.0,324,xen_like
13.0,325,xen_like
13.0,326,xen_like
13.0,327,xen_like
13.0,328,xen_like
13.0,329,xen_like
13.0,330,xen_like
13.0,331,xen_like
13.0,332,xen_like
13.0,333,xen_like
13.0,334,xen_like
13.0,335,xen_like
13.0,336,xen_like
13.0,337,epithelial_like
13.0,338,xen_like
13.0,339,xen_like
13.0,340,xen_like
13.0,341,xen_like
13.0,342,xen_like
13.0,343,epithelial_like
13.0,344,hCiPS
13.0,345,xen_like
13.0,346,xen_like
13.0,347,xen_like
13.0,348,epithelial_like
13.0,349,xen_like
13.0,350,xen_like
13.0,351,xen_like
13.0,352,xen_like
13.0,353,xen_like
13.0,354,xen_like
13.0,355,xen_like
13.0,356,xen_like
13.0,357,xen_like
13.0,358,xen_like
13.0,359,xen_like
13.0,360,xen_like
13.0,361,xen_like
13.0,362,xen_like
13.0,363,xen_like
13.0,364,xen_like
13.0,365,xen_like
13.0,366,xen_like
13.0,367,xen_like
13.0,368,xen_like
13.0,369,xen_like
13.0,370,xen_like
13.0,371,xen_like
13.0,372,xen_like
13.0,373,xen_like
13.0,374,xen_like
13.0,375,xen_like
13.0,376,xen_like
13.0,377,xen_like
13.0,378,xen_like
13.0,379,xen_like
13.0,380,xen_like
13.0,381,xen_like
13.0,382,xen_like
13.0,383,epithelial_like
13.0,384,xen_like
13.0,385,xen_like
13.0,386,xen_like
13.0,387,xen_like
13.0,388,xen_like
13.0,389,xen_like
13.0,390,xen_like
13.0,391,xen_like
13.0,392,hCiPS
13.0,393,xen_like
13.0,394,xen_like
13.0,395,xen_like
13.0,396,xen_like
13.0,397,xen_like
13.0,398,hCiPS
13.0,399,xen_like
13.0,400,epithelial_like
13.0,401,xen_like
13.0,402,xen_like
13.0,403,epithelial_like
13.0,404,xen_like
13.0,405,xen_like
13.0,406,epithelial_like
13.0,407,xen_like
13.0,408,xen_like
13.0,409,xen_like
13.0,410,xen_like
13.0,411,xen_like
13.0,412,xen_like
13.0,413,epithelial_like
13.0,414,xen_like
13.0,415,xen_like
13.0,416,xen_like
13.0,417,xen_like
13.0,418,xen_like
13.0,419,xen_like
13.0,420,xen_like
13.0,421,xen_like
13.0,422,xen_like
13.0,423,epithelial_like
13.0,424,xen_like
13.0,425,xen_like
13.0,426,xen_like
13.0,427,xen_like
13.0,428,xen_like
13.0,429,epithelial_like
13.0,430,xen_like
13.0,431,xen_like
13.0,432,xen_like
13.0,433,xen_like
13.0,434,xen_like
13.0,435,xen_like
13.0,436,xen_like
13.0,437,xen_like
13.0,438,xen_like
13.0,439,xen_like
13.0,440,xen_like
13.0,441,xen_like
13.0,442,xen_like
13.0,443,xen_like
13.0,444,xen_like
13.0,445,xen_like
13.0,446,xen_like
13.0,447,epithelial_like
13.0,448,xen_like
13.0,449,xen_like
13.0,450,epithelial_like
13.0,451,xen_like
13.0,452,xen_like
13.0,453,xen_like
13.0,454,xen_like
13.0,455,epithelial_like
13.0,456,xen_like
13.0,457,xen_like
13.0,458,xen_like
13.0,459,xen_like
13.0,460,xen_like
13.0,461,xen_like
13.0,462,xen_like
13.0,463,xen_like
13.0,464,xen_like
13.0,465,xen_like
13.0,466,xen_like
13.0,467,xen_like
13.0,468,hCiPS
13.0,469,xen_like
13.0,470,xen_like
13.0,471,xen_like
13.0,472,epithelial_like
13.0,473,xen_like
13.0,474,xen_like
13.0,475,xen_like
13.0,476,epithelial_like
13.0,477,xen_like
13.0,478,xen_like
13.0,479,xen_like
13.0,480,xen_like
13.0,481,xen_like
13.0,482,xen_like
13.0,483,xen_like
13.0,484,xen_like
13.0,485,xen_like
13.0,486,epithelial_like
13.0,487,xen_like
13.0,488,xen_like
13.0,489,xen_like
13.0,490,xen_like
13.0,491,xen_like
13.0,492,xen_like
13.0,493,xen_like
13.0,494,xen_like
13.0,495,xen_like
13.0,496,xen_like
13.0,497,xen_like
13.0,498,xen_like
13.0,499,hCiPS
13.0,500,xen_like
13.0,501,xen_like
13.0,502,xen_like
13.0,503,xen_like
13.0,504,xen_like
13.0,505,xen_like
13.0,506,xen_like
13.0,507,xen_like
13.0,508,xen_like
13.0,509,hCiPS
13.0,510,epithelial_like
13.0,511,xen_like
13.0,512,xen_like
13.0,513,xen_like
13.0,514,xen_like
13.0,515,xen_like
13.0,516,epithelial_like
13.0,517,xen_like
13.0,518,xen_like
13.0,519,xen_like
13.0,520,xen_like
13.0,521,xen_like
13.0,522,xen_like
13.0,523,xen_like
13.0,524,xen_like
13.0,525,xen_like
13.0,526,epithelial_like
13.0,527,epithelial_like
13.0,528,xen_like
13.0,529,xen_like
13.0,530,xen_like
13.0,531,xen_like
13.0,532,xen_like
13.0,533,xen_like
13.0,534,xen_like
13.0,535,xen_like
13.0,536,xen_like
13.0,537,xen_like
13.0,538,xen_like
13.0,539,xen_like
13.0,540,xen_like
13.0,541,xen_like
13.0,542,xen_like
13.0,543,xen_like
13.0,544,xen_like
13.0,545,xen_like
13.0,546,xen_like
13.0,547,xen_like
13.0,548,hCiPS
13.0,549,epithelial_like
13.0,550,xen_like
13.0,551,xen_like
13.0,552,xen_like
13.0,553,xen_like
13.0,554,xen_like
13.0,555,xen_like
13.0,556,epithelial_like
13.0,557,xen_like
13.0,558,xen_like
13.0,559,xen_like
13.0,560,xen_like
13.0,561,xen_like
13.0,562,xen_like
13.0,563,xen_like
13.0,564,epithelial_like
13.0,565,xen_like
13.0,566,xen_like
13.0,567,xen_like
13.0,568,xen_like
13.0,569,xen_like
13.0,570,xen_like
13.0,571,xen_like
13.0,572,xen_like
13.0,573,xen_like
13.0,574,xen_like
13.0,575,xen_like
13.0,576,xen_like
13.0,577,xen_like
13.0,578,xen_like
13.0,579,xen_like
13.0,580,xen_like
13.0,581,xen_like
13.0,582,xen_like
13.0,583,xen_like
13.0,584,xen_like
13.0,585,xen_like
13.0,586,epithelial_like
13.0,587,xen_like
13.0,588,xen_like
13.0,589,xen_like
13.0,590,xen_like
13.0,591,xen_like
13.0,592,xen_like
13.0,593,xen_like
13.0,594,xen_like
13.0,595,xen_like
13.0,596,xen_like
13.0,597,xen_like
13.0,598,xen_like
13.0,599,xen_like
13.0,600,xen_like
13.0,601,xen_like
13.0,602,xen_like
13.0,603,xen_like
13.0,604,xen_like
13.0,605,xen_like
13.0,606,xen_like
13.0,607,xen_like
13.0,608,xen_like
13.0,609,xen_like
13.0,610,epithelial_like
13.0,611,hCiPS
13.0,612,xen_like
13.0,613,xen_like
13.0,614,xen_like
13.0,615,xen_like
13.0,616,epithelial_like
13.0,617,xen_like
13.0,618,xen_like
13.0,619,xen_like
13.0,620,xen_like
13.0,621,xen_like
13.0,622,xen_like
13.0,623,xen_like
13.0,624,xen_like
13.0,625,xen_like
13.0,626,xen_like
13.0,627,xen_like
13.0,628,xen_like
13.0,629,xen_like
13.0,630,xen_like
13.0,631,xen_like
13.0,632,xen_like
13.0,633,xen_like
13.0,634,xen_like
13.0,635,xen_like
13.0,636,xen_like
13.0,637,xen_like
13.0,638,xen_like
13.0,639,xen_like
13.0,640,xen_like
13.0,641,xen_like
13.0,642,xen_like
13.0,643,xen_like
13.0,644,xen_like
13.0,645,xen_like
13.0,646,xen_like
13.0,647,xen_like
13.0,648,xen_like
13.0,649,xen_like
13.0,650,xen_like
13.0,651,xen_like
13.0,652,xen_like
13.0,653,xen_like
13.0,654,xen_like
13.0,655,xen_like
13.0,656,xen_like
13.0,657,xen_like
13.0,658,hCiPS
13.0,659,xen_like
13.0,660,xen_like
13.0,661,xen_like
13.0,662,xen_like
13.0,663,xen_like
13.0,664,xen_like
13.0,665,xen_like
13.0,666,xen_like
13.0,667,xen_like
13.0,668,xen_like
13.0,669,xen_like
13.0,670,xen_like
13.0,671,xen_like
13.0,672,xen_like
13.0,673,xen_like
13.0,674,xen_like
13.0,675,xen_like
13.0,676,xen_like
13.0,677,xen_like
13.0,678,xen_like
13.0,679,xen_like
13.0,680,xen_like
13.0,681,epithelial_like
13.0,682,xen_like
13.0,683,xen_like
13.0,684,xen_like
13.0,685,xen_like
13.0,686,xen_like
13.0,687,xen_like
13.0,688,xen_like
13.0,689,xen_like
13.0,690,xen_like
13.0,691,xen_like
13.0,692,xen_like
13.0,693,xen_like
13.0,694,xen_like
13.0,695,xen_like
13.0,696,xen_like
13.0,697,epithelial_like
13.0,698,epithelial_like
13.0,699,xen_like
13.0,700,xen_like
13.0,701,xen_like
13.0,702,xen_like
13.0,703,epithelial_like
13.0,704,epithelial_like
13.0,705,xen_like
13.0,706,xen_like
13.0,707,xen_like
13.0,708,xen_like
13.0,709,xen_like
13.0,710,xen_like
13.0,711,xen_like
13.0,712,xen_like
13.0,713,xen_like
13.0,714,xen_like
13.0,715,xen_like
13.0,716,xen_like
13.0,717,xen_like
13.0,718,xen_like
13.0,719,xen_like
13.0,720,xen_like
13.0,721,xen_like
13.0,722,xen_like
13.0,723,xen_like
13.0,724,xen_like
13.0,725,xen_like
13.0,726,xen_like
13.0,727,xen_like
13.0,728,xen_like
13.0,729,xen_like
13.0,730,xen_like
13.0,731,xen_like
13.0,732,xen_like
13.0,733,epithelial_like
13.0,734,hCiPS
13.0,735,epithelial_like
13.0,736,xen_like
13.0,737,hCiPS
13.0,738,xen_like
13.0,739,xen_like
13.0,740,xen_like
13.0,741,xen_like
13.0,742,hCiPS
13.0,743,xen_like
13.0,744,hCiPS
13.0,745,xen_like
13.0,746,xen_like
13.0,747,xen_like
13.0,748,xen_like
13.0,749,xen_like
13.0,750,hCiPS
13.0,751,xen_like
13.0,752,xen_like
13.0,753,hCiPS
13.0,754,xen_like
13.0,755,xen_like
13.0,756,xen_like
13.0,757,xen_like
13.0,758,xen_like
13.0,759,xen_like
13.0,760,xen_like
13.0,761,xen_like
13.0,762,xen_like
13.0,763,xen_like
13.0,764,xen_like
13.0,765,xen_like
13.0,766,xen_like
13.0,767,xen_like
13.0,768,xen_like
13.0,769,xen_like
13.0,770,xen_like
13.0,771,xen_like
13.0,772,xen_like
13.0,773,xen_like
13.0,774,xen_like
13.0,775,hCiPS
13.0,776,xen_like
13.0,777,xen_like
13.0,778,xen_like
13.0,779,xen_like
13.0,780,xen_like
13.0,781,xen_like
13.0,782,hCiPS
13.0,783,xen_like
13.0,784,xen_like
13.0,785,xen_like
13.0,786,xen_like
13.0,787,xen_like
13.0,788,epithelial_like
13.0,789,xen_like
13.0,790,xen_like
13.0,791,xen_like
13.0,792,xen_like
13.0,793,xen_like
13.0,794,xen_like
13.0,795,xen_like
13.0,796,epithelial_like
13.0,797,epithelial_like
13.0,798,xen_like
13.0,799,xen_like
13.0,800,xen_like
13.0,801,epithelial_like
13.0,802,xen_like
13.0,803,xen_like
13.0,804,xen_like
13.0,805,xen_like
13.0,806,xen_like
13.0,807,xen_like
13.0,808,xen_like
13.0,809,xen_like
13.0,810,xen_like
13.0,811,xen_like
13.0,812,hCiPS
13.0,813,xen_like
13.0,814,xen_like
13.0,815,xen_like
13.0,816,xen_like
13.0,817,epithelial_like
13.0,818,xen_like
13.0,819,xen_like
13.0,820,xen_like
13.0,821,xen_like
13.0,822,xen_like
13.0,823,xen_like
13.0,824,xen_like
13.0,825,xen_like
13.0,826,xen_like
13.0,827,xen_like
13.0,828,xen_like
13.0,829,xen_like
13.0,830,xen_like
13.0,831,xen_like
13.0,832,xen_like
13.0,833,xen_like
13.0,834,xen_like
13.0,835,xen_like
13.0,836,xen_like
13.0,837,xen_like
13.0,838,xen_like
13.0,839,xen_like
13.0,840,xen_like
13.0,841,xen_like
13.0,842,xen_like
13.0,843,xen_like
13.0,844,xen_like
13.0,845,xen_like
13.0,846,xen_like
13.0,847,xen_like
13.0,848,xen_like
13.0,849,xen_like
13.0,850,xen_like
13.0,851,xen_like
13.0,852,xen_like
13.0,853,xen_like
13.0,854,xen_like
13.0,855,xen_like
13.0,856,xen_like
13.0,857,xen_like
13.0,858,xen_like
13.0,859,xen_like
13.0,860,xen_like
13.0,861,xen_like
13.0,862,xen_like
13.0,863,xen_like
13.0,864,xen_like
13.0,865,xen_like
13.0,866,xen_like
13.0,867,xen_like
13.0,868,xen_like
13.0,869,xen_like
13.0,870,xen_like
13.0,871,xen_like
13.0,872,xen_like
13.0,873,xen_like
13.0,874,xen_like
13.0,875,epithelial_like
13.0,876,epithelial_like
13.0,877,xen_like
13.0,878,xen_like
13.0,879,xen_like
13.0,880,xen_like
13.0,881,xen_like
13.0,882,xen_like
13.0,883,xen_like
13.0,884,xen_like
13.0,885,xen_like
13.0,886,xen_like
13.0,887,xen_like
13.0,888,hCiPS
13.0,889,xen_like
13.0,890,xen_like
13.0,891,xen_like
13.0,892,xen_like
13.0,893,hCiPS
13.0,894,xen_like
13.0,895,xen_like
13.0,896,xen_like
13.0,897,xen_like
13.0,898,xen_like
13.0,899,xen_like
13.0,900,xen_like
13.0,901,xen_like
13.0,902,xen_like
13.0,903,xen_like
13.0,904,xen_like
13.0,905,xen_like
13.0,906,xen_like
13.0,907,xen_like
13.0,908,xen_like
13.0,909,epithelial_like
13.0,910,xen_like
13.0,911,xen_like
13.0,912,xen_like
13.0,913,xen_like
13.0,914,epithelial_like
13.0,915,xen_like
13.0,916,xen_like
13.0,917,xen_like
13.0,918,xen_like
13.0,919,xen_like
13.0,920,xen_like
13.0,921,xen_like
13.0,922,xen_like
13.0,923,xen_like
13.0,924,xen_like
13.0,925,xen_like
13.0,926,xen_like
13.0,927,xen_like
13.0,928,xen_like
13.0,929,xen_like
13.0,930,epithelial_like
13.0,931,xen_like
13.0,932,xen_like
13.0,933,xen_like
13.0,934,xen_like
13.0,935,xen_like
13.0,936,epithelial_like
13.0,937,xen_like
13.0,938,xen_like
13.0,939,epithelial_like
13.0,940,xen_like
13.0,941,xen_like
13.0,942,xen_like
13.0,943,xen_like
13.0,944,xen_like
13.0,945,xen_like
13.0,946,xen_like
13.0,947,xen_like
13.0,948,xen_like
13.0,949,xen_like
13.0,950,xen_like
13.0,951,xen_like
13.0,952,xen_like
13.0,953,xen_like
13.0,954,xen_like
13.0,955,xen_like
13.0,956,xen_like
13.0,957,xen_like
13.0,958,epithelial_like
13.0,959,xen_like
13.0,960,xen_like
13.0,961,xen_like
13.0,962,xen_like
13.0,963,xen_like
13.0,964,xen_like
13.0,965,xen_like
13.0,966,epithelial_like
13.0,967,xen_like
13.0,968,xen_like
13.0,969,xen_like
13.0,970,xen_like
13.0,971,xen_like
13.0,972,xen_like
13.0,973,epithelial_like
13.0,974,xen_like
13.0,975,xen_like
13.0,976,xen_like
13.0,977,xen_like
13.0,978,xen_like
13.0,979,xen_like
13.0,980,xen_like
13.0,981,xen_like
13.0,982,epithelial_like
13.0,983,xen_like
13.0,984,xen_like
13.0,985,xen_like
13.0,986,xen_like
13.0,987,xen_like
13.0,988,xen_like
13.0,989,xen_like
13.0,990,xen_like
13.0,991,xen_like
13.0,992,xen_like
13.0,993,xen_like
13.0,994,epithelial_like
13.0,995,xen_like
13.0,996,xen_like
13.0,997,xen_like
13.0,998,xen_like
13.0,999,xen_like
13.0,1000,xen_like
13.0,1001,xen_like
13.0,1002,xen_like
13.0,1003,xen_like
13.0,1004,xen_like
13.0,1005,xen_like
13.0,1006,epithelial_like
13.0,1007,xen_like
13.0,1008,xen_like
13.0,1009,xen_like
13.0,1010,xen_like
13.0,1011,xen_like
13.0,1012,xen_like
13.0,1013,xen_like
13.0,1014,epithelial_like
13.0,1015,xen_like
13.0,1016,xen_like
13.0,1017,xen_like
13.0,1018,xen_like
13.0,1019,xen_like
13.0,1020,xen_like
13.0,1021,xen_like
13.0,1022,xen_like
13.0,1023,xen_like
13.0,1024,xen_like
13.0,1025,xen_like
13.0,1026,epithelial_like
13.0,1027,xen_like
13.0,1028,xen_like
13.0,1029,epithelial_like
13.0,1030,xen_like
13.0,1031,xen_like
13.0,1032,xen_like
13.0,1033,xen_like
13.0,1034,xen_like
13.0,1035,xen_like
13.0,1036,xen_like
13.0,1037,xen_like
13.0,1038,xen_like
13.0,1039,epithelial_like
13.0,1040,xen_like
13.0,1041,xen_like
13.0,1042,xen_like
13.0,1043,epithelial_like
13.0,1044,xen_like
13.0,1045,xen_like
13.0,1046,xen_like
13.0,1047,xen_like
13.0,1048,xen_like
13.0,1049,xen_like
13.0,1050,xen_like
13.0,1051,epithelial_like
13.0,1052,xen_like
13.0,1053,epithelial_like
13.0,1054,xen_like
13.0,1055,xen_like
13.0,1056,xen_like
13.0,1057,xen_like
13.0,1058,xen_like
13.0,1059,xen_like
13.0,1060,xen_like
13.0,1061,xen_like
13.0,1062,xen_like
13.0,1063,xen_like
13.0,1064,xen_like
13.0,1065,xen_like
13.0,1066,xen_like
13.0,1067,xen_like
13.0,1068,xen_like
13.0,1069,xen_like
13.0,1070,xen_like
13.0,1071,xen_like
13.0,1072,epithelial_like
13.0,1073,xen_like
13.0,1074,hCiPS
13.0,1075,xen_like
13.0,1076,epithelial_like
13.0,1077,xen_like
13.0,1078,xen_like
13.0,1079,xen_like
13.0,1080,xen_like
13.0,1081,xen_like
13.0,1082,xen_like
13.0,1083,xen_like
13.0,1084,xen_like
13.0,1085,xen_like
13.0,1086,xen_like
13.0,1087,xen_like
13.0,1088,xen_like
13.0,1089,xen_like
13.0,1090,xen_like
13.0,1091,xen_like
13.0,1092,xen_like
13.0,1093,xen_like
13.0,1094,xen_like
13.0,1095,xen_like
13.0,1096,xen_like
13.0,1097,xen_like
13.0,1098,xen_like
13.0,1099,xen_like
13.0,1100,xen_like
13.0,1101,xen_like
13.0,1102,hCiPS
13.0,1103,xen_like
13.0,1104,xen_like
13.0,1105,xen_like
13.0,1106,epithelial_like
13.0,1107,xen_like
13.0,1108,xen_like
13.0,1109,xen_like
13.0,1110,xen_like
13.0,1111,xen_like
13.0,1112,xen_like
13.0,1113,xen_like
13.0,1114,xen_like
13.0,1115,xen_like
13.0,1116,xen_like
13.0,1117,xen_like
13.0,1118,xen_like
13.0,1119,xen_like
13.0,1120,epithelial_like
13.0,1121,xen_like
13.0,1122,xen_like
13.0,1123,xen_like
13.0,1124,xen_like
13.0,1125,xen_like
13.0,1126,xen_like
13.0,1127,xen_like
13.0,1128,xen_like
13.0,1129,xen_like
13.0,1130,xen_like
13.0,1131,epithelial_like
13.0,1132,xen_like
13.0,1133,epithelial_like
13.0,1134,xen_like
13.0,1135,xen_like
13.0,1136,xen_like
13.0,1137,xen_like
13.0,1138,xen_like
13.0,1139,xen_like
13.0,1140,xen_like
13.0,1141,xen_like
13.0,1142,xen_like
13.0,1143,xen_like
13.0,1144,xen_like
13.0,1145,xen_like
13.0,1146,xen_like
13.0,1147,xen_like
13.0,1148,xen_like
13.0,1149,xen_like
13.0,1150,xen_like
13.0,1151,xen_like
13.0,1152,xen_like
13.0,1153,xen_like
13.0,1154,epithelial_like
13.0,1155,xen_like
13.0,1156,xen_like
13.0,1157,xen_like
13.0,1158,xen_like
13.0,1159,hCiPS
13.0,1160,xen_like
13.0,1161,xen_like
13.0,1162,xen_like
13.0,1163,xen_like
13.0,1164,xen_like
13.0,1165,xen_like
13.0,1166,xen_like
13.0,1167,xen_like
13.0,1168,xen_like
13.0,1169,xen_like
13.0,1170,xen_like
13.0,1171,xen_like
13.0,1172,xen_like
13.0,1173,xen_like
13.0,1174,xen_like
13.0,1175,xen_like
13.0,1176,xen_like
13.0,1177,xen_like
13.0,1178,xen_like
13.0,1179,xen_like
13.0,1180,xen_like
13.0,1181,xen_like
13.0,1182,intermediate_plastic
13.0,1183,xen_like
13.0,1184,xen_like
13.0,1185,xen_like
13.0,1186,epithelial_like
13.0,1187,xen_like
13.0,1188,epithelial_like
13.0,1189,hCiPS
13.0,1190,xen_like
13.0,1191,xen_like
13.0,1192,xen_like
13.0,1193,xen_like
13.0,1194,xen_like
13.0,1195,xen_like
13.0,1196,xen_like
13.0,1197,xen_like
13.0,1198,xen_like
13.0,1199,xen_like
13.0,1200,xen_like
13.0,1201,xen_like
13.0,1202,xen_like
13.0,1203,xen_like
13.0,1204,xen_like
13.0,1205,xen_like
13.0,1206,xen_like
13.0,1207,xen_like
13.0,1208,xen_like
13.0,1209,xen_like
13.0,1210,xen_like
13.0,1211,xen_like
13.0,1212,xen_like
13.0,1213,xen_like
13.0,1214,epithelial_like
13.0,1215,xen_like
13.0,1216,xen_like
13.0,1217,xen_like
13.0,1218,epithelial_like
13.0,1219,xen_like
13.0,1220,epithelial_like
13.0,1221,xen_like
13.0,1222,xen_like
13.0,1223,xen_like
13.0,1224,xen_like
13.0,1225,xen_like
13.0,1226,xen_like
13.0,1227,xen_like
13.0,1228,xen_like
13.0,1229,xen_like
13.0,1230,xen_like
13.0,1231,xen_like
13.0,1232,xen_like
13.0,1233,xen_like
13.0,1234,xen_like
13.0,1235,xen_like
13.0,1236,xen_like
13.0,1237,epithelial_like
13.0,1238,xen_like
13.0,1239,xen_like
13.0,1240,xen_like
13.0,1241,xen_like
13.0,1242,xen_like
13.0,1243,xen_like
13.0,1244,xen_like
13.0,1245,xen_like
13.0,1246,xen_like
13.0,1247,xen_like
13.0,1248,xen_like
13.0,1249,xen_like
13.0,1250,xen_like
13.0,1251,xen_like
13.0,1252,epithelial_like
13.0,1253,xen_like
13.0,1254,xen_like
13.0,1255,epithelial_like
13.0,1256,xen_like
13.0,1257,xen_like
13.0,1258,xen_like
13.0,1259,xen_like
13.0,1260,xen_like
13.0,1261,xen_like
13.0,1262,epithelial_like
13.0,1263,xen_like
13.0,1264,xen_like
13.0,1265,xen_like
13.0,1266,xen_like
13.0,1267,ambiguous
13.0,1268,xen_like
13.0,1269,xen_like
13.0,1270,xen_like
13.0,1271,xen_like
13.0,1272,xen_like
13.0,1273,epithelial_like
13.0,1274,xen_like
13.0,1275,xen_like
13.0,1276,epithelial_like
13.0,1277,xen_like
13.0,1278,epithelial_like
13.0,1279,xen_like
13.0,1280,xen_like
13.0,1281,xen_like
13.0,1282,xen_like
13.0,1283,xen_like
13.0,1284,xen_like
13.0,1285,xen_like
13.0,1286,xen_like
13.0,1287,xen_like
13.0,1288,xen_like
13.0,1289,xen_like
13.0,1290,xen_like
13.0,1291,xen_like
13.0,1292,xen_like
13.0,1293,xen_like
13.0,1294,xen_like
13.0,1295,xen_like
13.0,1296,xen_like
13.0,1297,xen_like
13.0,1298,xen_like
13.0,1299,xen_like
13.0,1300,xen_like
13.0,1301,xen_like
13.0,1302,xen_like
13.0,1303,xen_like
13.0,1304,xen_like
13.0,1305,xen_like
13.0,1306,epithelial_like
13.0,1307,xen_like
13.0,1308,xen_like
13.0,1309,xen_like
13.0,1310,xen_like
13.0,1311,xen_like
13.0,1312,xen_like
13.0,1313,xen_like
13.0,1314,xen_like
13.0,1315,xen_like
13.0,1316,xen_like
13.0,1317,xen_like
13.0,1318,intermediate_plastic
13.0,1319,xen_like
13.0,1320,xen_like
13.0,1321,xen_like
13.0,1322,epithelial_like
13.0,1323,xen_like
13.0,1324,xen_like
13.0,1325,epithelial_like
13.0,1326,xen_like
13.0,1327,xen_like
13.0,1328,xen_like
13.0,1329,epithelial_like
13.0,1330,xen_like
13.0,1331,xen_like
13.0,1332,epithelial_like
13.0,1333,xen_like
13.0,1334,xen_like
13.0,1335,xen_like
13.0,1336,xen_like
13.0,1337,epithelial_like
13.0,1338,epithelial_like
13.0,1339,xen_like
13.0,1340,xen_like
13.0,1341,xen_like
13.0,1342,xen_like
13.0,1343,xen_like
13.0,1344,xen_like
13.0,1345,xen_like
13.0,1346,xen_like
13.0,1347,xen_like
13.0,1348,xen_like
13.0,1349,xen_like
13.0,1350,xen_like
13.0,1351,xen_like
13.0,1352,epithelial_like
13.0,1353,xen_like
13.0,1354,epithelial_like
13.0,1355,xen_like
13.0,1356,xen_like
13.0,1357,xen_like
13.0,1358,xen_like
13.0,1359,xen_like
13.0,1360,xen_like
13.0,1361,xen_like
13.0,1362,xen_like
13.0,1363,xen_like
13.0,1364,xen_like
13.0,1365,xen_like
13.0,1366,xen_like
13.0,1367,xen_like
13.0,1368,xen_like
13.0,1369,xen_like
13.0,1370,xen_like
13.0,1371,xen_like
13.0,1372,xen_like
13.0,1373,xen_like
13.0,1374,xen_like
13.0,1375,xen_like
13.0,1376,xen_like
13.0,1377,hCiPS
13.0,1378,xen_like
13.0,1379,xen_like
13.0,1380,xen_like
13.0,1381,xen_like
13.0,1382,xen_like
13.0,1383,xen_like
13.0,1384,xen_like
13.0,1385,xen_like
13.0,1386,xen_like
13.0,1387,xen_like
13.0,1388,hCiPS
13.0,1389,xen_like
13.0,1390,xen_like
13.0,1391,xen_like
13.0,1392,xen_like
13.0,1393,xen_like
13.0,1394,xen_like
13.0,1395,xen_like
13.0,1396,xen_like
13.0,1397,xen_like
13.0,1398,xen_like
13.0,1399,xen_like
13.0,1400,xen_like
13.0,1401,xen_like
13.0,1402,xen_like
13.0,1403,xen_like
13.0,1404,xen_like
13.0,1405,xen_like
13.0,1406,xen_like
13.0,1407,epithelial_like
13.0,1408,epithelial_like
13.0,1409,xen_like
13.0,1410,xen_like
13.0,1411,xen_like
13.0,1412,xen_like
13.0,1413,xen_like
13.0,1414,xen_like
13.0,1415,epithelial_like
13.0,1416,xen_like
13.0,1417,xen_like
13.0,1418,xen_like
13.0,1419,xen_like
13.0,1420,xen_like
13.0,1421,xen_like
13.0,1422,xen_like
13.0,1423,xen_like
13.0,1424,xen_like
13.0,1425,xen_like
13.0,1426,xen_like
13.0,1427,xen_like
13.0,1428,xen_like
13.0,1429,xen_like
13.0,1430,xen_like
13.0,1431,xen_like
13.0,1432,xen_like
13.0,1433,xen_like
13.0,1434,xen_like
13.0,1435,xen_like
13.0,1436,xen_like
13.0,1437,xen_like
13.0,1438,xen_like
13.0,1439,xen_like
13.0,1440,xen_like
13.0,1441,xen_like
13.0,1442,xen_like
13.0,1443,xen_like
13.0,1444,xen_like
13.0,1445,xen_like
13.0,1446,xen_like
13.0,1447,xen_like
13.0,1448,xen_like
13.0,1449,xen_like
13.0,1450,xen_like
13.0,1451,xen_like
13.0,1452,epithelial_like
13.0,1453,xen_like
13.0,1454,xen_like
13.0,1455,xen_like
13.0,1456,xen_like
13.0,1457,xen_like
13.0,1458,xen_like
13.0,1459,epithelial_like
13.0,1460,xen_like
13.0,1461,xen_like
13.0,1462,xen_like
13.0,1463,xen_like
13.0,1464,xen_like
13.0,1465,xen_like
13.0,1466,xen_like
13.0,1467,xen_like
13.0,1468,xen_like
13.0,1469,xen_like
13.0,1470,xen_like
13.0,1471,xen_like
13.0,1472,xen_like
13.0,1473,xen_like
13.0,1474,xen_like
13.0,1475,xen_like
13.0,1476,xen_like
13.0,1477,xen_like
13.0,1478,xen_like
13.0,1479,xen_like
13.0,1480,xen_like
13.0,1481,xen_like
13.0,1482,xen_like
13.0,1483,epithelial_like
13.0,1484,xen_like
13.0,1485,hCiPS
13.0,1486,epithelial_like
13.0,1487,xen_like
13.0,1488,xen_like
13.0,1489,xen_like
13.0,1490,xen_like
13.0,1491,xen_like
13.0,1492,xen_like
13.0,1493,xen_like
13.0,1494,xen_like
13.0,1495,xen_like
13.0,1496,xen_like
13.0,1497,xen_like
13.0,1498,xen_like
13.0,1499,xen_like
13.0,1500,xen_like
13.0,1501,xen_like
13.0,1502,xen_like
13.0,1503,xen_like
13.0,1504,xen_like
13.0,1505,xen_like
13.0,1506,xen_like
13.0,1507,xen_like
13.0,1508,xen_like
13.0,1509,xen_like
13.0,1510,xen_like
13.0,1511,hCiPS
13.0,1512,xen_like
13.0,1513,xen_like
13.0,1514,xen_like
13.0,1515,xen_like
13.0,1516,xen_like
13.0,1517,xen_like
13.0,1518,xen_like
13.0,1519,xen_like
13.0,1520,xen_like
13.0,1521,xen_like
13.0,1522,xen_like
13.0,1523,xen_like
13.0,1524,xen_like
13.0,1525,xen_like
13.0,1526,epithelial_like
13.0,1527,xen_like
13.0,1528,xen_like
13.0,1529,xen_like
13.0,1530,xen_like
13.0,1531,epithelial_like
13.0,1532,xen_like
13.0,1533,xen_like
13.0,1534,xen_like
13.0,1535,xen_like
13.0,1536,xen_like
13.0,1537,xen_like
13.0,1538,xen_like
13.0,1539,xen_like
13.0,1540,xen_like
13.0,1541,xen_like
13.0,1542,xen_like
13.0,1543,xen_like
13.0,1544,xen_like
13.0,1545,xen_like
13.0,1546,xen_like
13.0,1547,xen_like
13.0,1548,intermediate_plastic
13.0,1549,xen_like
13.0,1550,xen_like
13.0,1551,xen_like
13.0,1552,xen_like
13.0,1553,xen_like
13.0,1554,xen_like
13.0,1555,xen_like
13.0,1556,xen_like
13.0,1557,xen_like
13.0,1558,xen_like
13.0,1559,epithelial_like
13.0,1560,xen_like
13.0,1561,xen_like
13.0,1562,xen_like
13.0,1563,xen_like
13.0,1564,xen_like
13.0,1565,xen_like
13.0,1566,xen_like
13.0,1567,xen_like
13.0,1568,xen_like
13.0,1569,xen_like
13.0,1570,xen_like
13.0,1571,xen_like
13.0,1572,epithelial_like
13.0,1573,xen_like
13.0,1574,epithelial_like
13.0,1575,xen_like
13.0,1576,xen_like
13.0,1577,xen_like
13.0,1578,xen_like
13.0,1579,xen_like
13.0,1580,xen_like
13.0,1581,xen_like
13.0,1582,xen_like
13.0,1583,xen_like
13.0,1584,xen_like
13.0,1585,xen_like
13.0,1586,xen_like
13.0,1587,xen_like
13.0,1588,xen_like
13.0,1589,xen_like
13.0,1590,xen_like
13.0,1591,hCiPS
13.0,1592,xen_like
13.0,1593,xen_like
13.0,1594,xen_like
13.0,1595,xen_like
13.0,1596,epithelial_like
13.0,1597,xen_like
13.0,1598,xen_like
13.0,1599,xen_like
13.0,1600,xen_like
13.0,1601,xen_like
13.0,1602,xen_like
13.0,1603,xen_like
13.0,1604,xen_like
13.0,1605,xen_like
13.0,1606,xen_like
13.0,1607,xen_like
13.0,1608,xen_like
13.0,1609,xen_like
13.0,1610,xen_like
13.0,1611,xen_like
13.0,1612,xen_like
13.0,1613,xen_like
13.0,1614,xen_like
13.0,1615,xen_like
13.0,1616,xen_like
13.0,1617,xen_like
13.0,1618,xen_like
13.0,1619,xen_like
13.0,1620,ambiguous
13.0,1621,xen_like
13.0,1622,xen_like
13.0,1623,xen_like
13.0,1624,xen_like
13.0,1625,epithelial_like
13.0,1626,xen_like
13.0,1627,xen_like
13.0,1628,xen_like
13.0,1629,xen_like
13.0,1630,xen_like
13.0,1631,epithelial_like
13.0,1632,hCiPS
13.0,1633,xen_like
13.0,1634,xen_like
13.0,1635,xen_like
13.0,1636,xen_like
13.0,1637,xen_like
13.0,1638,xen_like
13.0,1639,xen_like
13.0,1640,xen_like
13.0,1641,xen_like
13.0,1642,xen_like
13.0,1643,xen_like
13.0,1644,xen_like
13.0,1645,xen_like
13.0,1646,xen_like
13.0,1647,xen_like
13.0,1648,xen_like
13.0,1649,xen_like
13.0,1650,hCiPS
13.0,1651,xen_like
13.0,1652,xen_like
13.0,1653,epithelial_like
13.0,1654,xen_like
13.0,1655,xen_like
13.0,1656,xen_like
13.0,1657,xen_like
13.0,1658,xen_like
13.0,1659,xen_like
13.0,1660,xen_like
13.0,1661,xen_like
13.0,1662,xen_like
13.0,1663,xen_like
13.0,1664,xen_like
13.0,1665,xen_like
13.0,1666,xen_like
13.0,1667,xen_like
13.0,1668,xen_like
13.0,1669,xen_like
13.0,1670,xen_like
13.0,1671,xen_like
13.0,1672,xen_like
13.0,1673,xen_like
13.0,1674,xen_like
13.0,1675,xen_like
13.0,1676,xen_like
13.0,1677,xen_like
13.0,1678,xen_like
13.0,1679,xen_like
13.0,1680,xen_like
13.0,1681,xen_like
13.0,1682,xen_like
13.0,1683,xen_like
13.0,1684,xen_like
13.0,1685,xen_like
13.0,1686,xen_like
13.0,1687,xen_like
13.0,1688,xen_like
13.0,1689,hCiPS
13.0,1690,xen_like
13.0,1691,xen_like
13.0,1692,xen_like
13.0,1693,xen_like
13.0,1694,xen_like
13.0,1695,xen_like
13.0,1696,epithelial_like
13.0,1697,epithelial_like
13.0,1698,xen_like
13.0,1699,xen_like
13.0,1700,xen_like
13.0,1701,xen_like
13.0,1702,xen_like
13.0,1703,xen_like
13.0,1704,xen_like
13.0,1705,xen_like
13.0,1706,xen_like
13.0,1707,xen_like
13.0,1708,xen_like
13.0,1709,xen_like
13.0,1710,xen_like
13.0,1711,xen_like
13.0,1712,xen_like
13.0,1713,xen_like
13.0,1714,xen_like
13.0,1715,xen_like
13.0,1716,xen_like
13.0,1717,xen_like
13.0,1718,xen_like
13.0,1719,xen_like
13.0,1720,xen_like
13.0,1721,xen_like
13.0,1722,xen_like
13.0,1723,xen_like
13.0,1724,xen_like
13.0,1725,xen_like
13.0,1726,epithelial_like
13.0,1727,epithelial_like
13.0,1728,epithelial_like
13.0,1729,epithelial_like
13.0,1730,xen_like
13.0,1731,xen_like
13.0,1732,xen_like
13.0,1733,epithelial_like
13.0,1734,ambiguous
13.0,1735,xen_like
13.0,1736,xen_like
13.0,1737,epithelial_like
13.0,1738,xen_like
13.0,1739,xen_like
13.0,1740,xen_like
13.0,1741,xen_like
13.0,1742,hCiPS
13.0,1743,xen_like
13.0,1744,xen_like
13.0,1745,xen_like
13.0,1746,xen_like
13.0,1747,intermediate_plastic
13.0,1748,xen_like
13.0,1749,xen_like
13.0,1750,xen_like
13.0,1751,xen_like
13.0,1752,xen_like
13.0,1753,xen_like
13.0,1754,xen_like
13.0,1755,xen_like
13.0,1756,xen_like
13.0,1757,epithelial_like
13.0,1758,xen_like
13.0,1759,xen_like
13.0,1760,xen_like
13.0,1761,xen_like
13.0,1762,xen_like
13.0,1763,xen_like
13.0,1764,xen_like
13.0,1765,xen_like
13.0,1766,xen_like
13.0,1767,xen_like
13.0,1768,xen_like
13.0,1769,xen_like
13.0,1770,xen_like
13.0,1771,xen_like
13.0,1772,xen_like
13.0,1773,xen_like
13.0,1774,xen_like
13.0,1775,xen_like
13.0,1776,xen_like
13.0,1777,xen_like
13.0,1778,xen_like
13.0,1779,xen_like
13.0,1780,xen_like
13.0,1781,xen_like
13.0,1782,epithelial_like
13.0,1783,xen_like
13.0,1784,xen_like
13.0,1785,xen_like
13.0,1786,xen_like
13.0,1787,hCiPS
13.0,1788,xen_like
13.0,1789,xen_like
13.0,1790,xen_like
13.0,1791,xen_like
13.0,1792,xen_like
13.0,1793,xen_like
13.0,1794,xen_like
13.0,1795,xen_like
13.0,1796,xen_like
13.0,1797,epithelial_like
13.0,1798,xen_like
13.0,1799,xen_like
13.0,1800,xen_like
13.0,1801,xen_like
13.0,1802,xen_like
13.0,1803,xen_like
13.0,1804,xen_like
13.0,1805,xen_like
13.0,1806,xen_like
13.0,1807,epithelial_like
13.0,1808,xen_like
13.0,1809,xen_like
13.0,1810,xen_like
13.0,1811,epithelial_like
13.0,1812,xen_like
13.0,1813,xen_like
13.0,1814,xen_like
13.0,1815,xen_like
13.0,1816,xen_like
13.0,1817,xen_like
13.0,1818,xen_like
13.0,1819,xen_like
13.0,1820,epithelial_like
13.0,1821,xen_like
13.0,1822,xen_like
13.0,1823,epithelial_like
13.0,1824,xen_like
13.0,1825,xen_like
13.0,1826,xen_like
13.0,1827,xen_like
13.0,1828,xen_like
13.0,1829,xen_like
13.0,1830,xen_like
13.0,1831,epithelial_like
13.0,1832,xen_like
13.0,1833,xen_like
13.0,1834,xen_like
13.0,1835,xen_like
13.0,1836,xen_like
13.0,1837,xen_like
13.0,1838,xen_like
13.0,1839,xen_like
13.0,1840,xen_like
13.0,1841,xen_like
13.0,1842,xen_like
13.0,1843,xen_like
13.0,1844,xen_like
13.0,1845,xen_like
13.0,1846,xen_like
13.0,1847,xen_like
13.0,1848,xen_like
13.0,1849,xen_like
13.0,1850,xen_like
13.0,1851,xen_like
13.0,1852,hCiPS
13.0,1853,xen_like
13.0,1854,xen_like
13.0,1855,xen_like
13.0,1856,xen_like
13.0,1857,xen_like
13.0,1858,xen_like
13.0,1859,xen_like
13.0,1860,xen_like
13.0,1861,xen_like
13.0,1862,xen_like
13.0,1863,xen_like
13.0,1864,xen_like
13.0,1865,hCiPS
13.0,1866,xen_like
13.0,1867,xen_like
13.0,1868,xen_like
13.0,1869,xen_like
13.0,1870,xen_like
13.0,1871,xen_like
13.0,1872,xen_like
13.0,1873,xen_like
13.0,1874,xen_like
13.0,1875,xen_like
13.0,1876,xen_like
13.0,1877,xen_like
13.0,1878,xen_like
13.0,1879,epithelial_like
13.0,1880,xen_like
13.0,1881,xen_like
13.0,1882,xen_like
13.0,1883,xen_like
13.0,1884,xen_like
13.0,1885,xen_like
13.0,1886,xen_like
13.0,1887,xen_like
13.0,1888,xen_like
13.0,1889,xen_like
13.0,1890,xen_like
13.0,1891,epithelial_like
13.0,1892,xen_like
13.0,1893,xen_like
13.0,1894,xen_like
13.0,1895,xen_like
13.0,1896,xen_like
13.0,1897,xen_like
13.0,1898,xen_like
13.0,1899,xen_like
13.0,1900,xen_like
13.0,1901,xen_like
13.0,1902,xen_like
13.0,1903,xen_like
13.0,1904,xen_like
13.0,1905,xen_like
13.0,1906,xen_like
13.0,1907,xen_like
13.0,1908,xen_like
13.0,1909,xen_like
13.0,1910,xen_like
13.0,1911,xen_like
13.0,1912,xen_like
13.0,1913,xen_like
13.0,1914,epithelial_like
13.0,1915,xen_like
13.0,1916,xen_like
13.0,1917,xen_like
13.0,1918,xen_like
13.0,1919,xen_like
13.0,1920,xen_like
13.0,1921,xen_like
13.0,1922,epithelial_like
13.0,1923,xen_like
13.0,1924,xen_like
13.0,1925,xen_like
13.0,1926,xen_like
13.0,1927,xen_like
13.0,1928,xen_like
13.0,1929,xen_like
13.0,1930,xen_like
13.0,1931,xen_like
13.0,1932,hCiPS
13.0,1933,epithelial_like
13.0,1934,hCiPS
13.0,1935,xen_like
13.0,1936,xen_like
13.0,1937,xen_like
13.0,1938,hCiPS
13.0,1939,xen_like
13.0,1940,xen_like
13.0,1941,xen_like
13.0,1942,xen_like
13.0,1943,xen_like
13.0,1944,epithelial_like
13.0,1945,xen_like
13.0,1946,xen_like
13.0,1947,xen_like
13.0,1948,xen_like
13.0,1949,epithelial_like
13.0,1950,xen_like
13.0,1951,xen_like
13.0,1952,xen_like
13.0,1953,epithelial_like
13.0,1954,epithelial_like
13.0,1955,xen_like
13.0,1956,xen_like
13.0,1957,xen_like
13.0,1958,xen_like
13.0,1959,xen_like
13.0,1960,xen_like
13.0,1961,xen_like
13.0,1962,xen_like
13.0,1963,xen_like
13.0,1964,xen_like
13.0,1965,xen_like
13.0,1966,xen_like
13.0,1967,xen_like
13.0,1968,xen_like
13.0,1969,xen_like
13.0,1970,xen_like
13.0,1971,hCiPS
13.0,1972,xen_like
13.0,1973,xen_like
13.0,1974,epithelial_like
13.0,1975,xen_like
13.0,1976,xen_like
13.0,1977,xen_like
13.0,1978,xen_like
13.0,1979,xen_like
13.0,1980,xen_like
13.0,1981,xen_like
13.0,1982,xen_like
13.0,1983,xen_like
13.0,1984,xen_like
13.0,1985,xen_like
13.0,1986,xen_like
13.0,1987,xen_like
13.0,1988,hCiPS
13.0,1989,xen_like
13.0,1990,xen_like
13.0,1991,epithelial_like
13.0,1992,xen_like
13.0,1993,xen_like
13.0,1994,xen_like
13.0,1995,xen_like
13.0,1996,hCiPS
13.0,1997,hCiPS
13.0,1998,hCiPS
13.0,1999,xen_like
14.0,0,xen_like
14.0,1,xen_like
14.0,2,xen_like
14.0,3,xen_like
14.0,4,xen_like
14.0,5,xen_like
14.0,6,xen_like
14.0,7,xen_like
14.0,8,xen_like
14.0,9,xen_like
14.0,10,xen_like
14.0,11,xen_like
14.0,12,xen_like
14.0,13,xen_like
14.0,14,xen_like
14.0,15,xen_like
14.0,16,xen_like
14.0,17,xen_like
14.0,18,xen_like
14.0,19,xen_like
14.0,20,epithelial_like
14.0,21,xen_like
14.0,22,xen_like
14.0,23,xen_like
14.0,24,xen_like
14.0,25,xen_like
14.0,26,xen_like
14.0,27,epithelial_like
14.0,28,xen_like
14.0,29,xen_like
14.0,30,xen_like
14.0,31,xen_like
14.0,32,epithelial_like
14.0,33,xen_like
14.0,34,xen_like
14.0,35,xen_like
14.0,36,xen_like
14.0,37,xen_like
14.0,38,xen_like
14.0,39,xen_like
14.0,40,xen_like
14.0,41,xen_like
14.0,42,xen_like
14.0,43,xen_like
14.0,44,xen_like
14.0,45,xen_like
14.0,46,epithelial_like
14.0,47,xen_like
14.0,48,xen_like
14.0,49,xen_like
14.0,50,xen_like
14.0,51,xen_like
14.0,52,xen_like
14.0,53,xen_like
14.0,54,xen_like
14.0,55,xen_like
14.0,56,xen_like
14.0,57,xen_like
14.0,58,xen_like
14.0,59,xen_like
14.0,60,xen_like
14.0,61,xen_like
14.0,62,xen_like
14.0,63,xen_like
14.0,64,xen_like
14.0,65,xen_like
14.0,66,xen_like
14.0,67,xen_like
14.0,68,xen_like
14.0,69,xen_like
14.0,70,xen_like
14.0,71,hCiPS
14.0,72,xen_like
14.0,73,xen_like
14.0,74,xen_like
14.0,75,xen_like
14.0,76,epithelial_like
14.0,77,xen_like
14.0,78,xen_like
14.0,79,xen_like
14.0,80,xen_like
14.0,81,xen_like
14.0,82,xen_like
14.0,83,xen_like
14.0,84,xen_like
14.0,85,xen_like
14.0,86,xen_like
14.0,87,xen_like
14.0,88,xen_like
14.0,89,xen_like
14.0,90,xen_like
14.0,91,xen_like
14.0,92,xen_like
14.0,93,xen_like
14.0,94,xen_like
14.0,95,xen_like
14.0,96,xen_like
14.0,97,xen_like
14.0,98,xen_like
14.0,99,xen_like
14.0,100,xen_like
14.0,101,xen_like
14.0,102,xen_like
14.0,103,xen_like
14.0,104,xen_like
14.0,105,xen_like
14.0,106,xen_like
14.0,107,xen_like
14.0,108,xen_like
14.0,109,xen_like
14.0,110,xen_like
14.0,111,xen_like
14.0,112,xen_like
14.0,113,xen_like
14.0,114,xen_like
14.0,115,xen_like
14.0,116,xen_like
14.0,117,xen_like
14.0,118,xen_like
14.0,119,xen_like
14.0,120,xen_like
14.0,121,xen_like
14.0,122,xen_like
14.0,123,xen_like
14.0,124,xen_like
14.0,125,xen_like
14.0,126,xen_like
14.0,127,xen_like
14.0,128,xen_like
14.0,129,xen_like
14.0,130,xen_like
14.0,131,xen_like
14.0,132,xen_like
14.0,133,xen_like
14.0,134,xen_like
14.0,135,xen_like
14.0,136,xen_like
14.0,137,xen_like
14.0,138,xen_like
14.0,139,xen_like
14.0,140,xen_like
14.0,141,xen_like
14.0,142,epithelial_like
14.0,143,xen_like
14.0,144,epithelial_like
14.0,145,xen_like
14.0,146,xen_like
14.0,147,xen_like
14.0,148,xen_like
14.0,149,xen_like
14.0,150,xen_like
14.0,151,xen_like
14.0,152,xen_like
14.0,153,xen_like
14.0,154,xen_like
14.0,155,xen_like
14.0,156,xen_like
14.0,157,xen_like
14.0,158,xen_like
14.0,159,xen_like
14.0,160,xen_like
14.0,161,epithelial_like
14.0,162,xen_like
14.0,163,xen_like
14.0,164,xen_like
14.0,165,xen_like
14.0,166,xen_like
14.0,167,xen_like
14.0,168,xen_like
14.0,169,xen_like
14.0,170,xen_like
14.0,171,xen_like
14.0,172,xen_like
14.0,173,xen_like
14.0,174,xen_like
14.0,175,xen_like
14.0,176,xen_like
14.0,177,xen_like
14.0,178,xen_like
14.0,179,xen_like
14.0,180,xen_like
14.0,181,xen_like
14.0,182,xen_like
14.0,183,xen_like
14.0,184,xen_like
14.0,185,xen_like
14.0,186,xen_like
14.0,187,xen_like
14.0,188,xen_like
14.0,189,xen_like
14.0,190,xen_like
14.0,191,xen_like
14.0,192,xen_like
14.0,193,xen_like
14.0,194,xen_like
14.0,195,xen_like
14.0,196,epithelial_like
14.0,197,xen_like
14.0,198,xen_like
14.0,199,xen_like
14.0,200,xen_like
14.0,201,xen_like
14.0,202,xen_like
14.0,203,xen_like
14.0,204,xen_like
14.0,205,xen_like
14.0,206,xen_like
14.0,207,xen_like
14.0,208,xen_like
14.0,209,xen_like
14.0,210,xen_like
14.0,211,xen_like
14.0,212,xen_like
14.0,213,xen_like
14.0,214,xen_like
14.0,215,epithelial_like
14.0,216,xen_like
14.0,217,xen_like
14.0,218,xen_like
14.0,219,xen_like
14.0,220,xen_like
14.0,221,xen_like
14.0,222,xen_like
14.0,223,xen_like
14.0,224,xen_like
14.0,225,xen_like
14.0,226,xen_like
14.0,227,xen_like
14.0,228,xen_like
14.0,229,xen_like
14.0,230,xen_like
14.0,231,xen_like
14.0,232,xen_like
14.0,233,xen_like
14.0,234,xen_like
14.0,235,xen_like
14.0,236,xen_like
14.0,237,xen_like
14.0,238,xen_like
14.0,239,xen_like
14.0,240,xen_like
14.0,241,xen_like
14.0,242,hCiPS
14.0,243,xen_like
14.0,244,xen_like
14.0,245,xen_like
14.0,246,xen_like
14.0,247,xen_like
14.0,248,xen_like
14.0,249,xen_like
14.0,250,xen_like
14.0,251,xen_like
14.0,252,xen_like
14.0,253,xen_like
14.0,254,xen_like
14.0,255,xen_like
14.0,256,xen_like
14.0,257,xen_like
14.0,258,xen_like
14.0,259,xen_like
14.0,260,xen_like
14.0,261,xen_like
14.0,262,xen_like
14.0,263,xen_like
14.0,264,xen_like
14.0,265,xen_like
14.0,266,xen_like
14.0,267,xen_like
14.0,268,xen_like
14.0,269,xen_like
14.0,270,epithelial_like
14.0,271,xen_like
14.0,272,xen_like
14.0,273,xen_like
14.0,274,epithelial_like
14.0,275,xen_like
14.0,276,xen_like
14.0,277,epithelial_like
14.0,278,xen_like
14.0,279,xen_like
14.0,280,xen_like
14.0,281,xen_like
14.0,282,xen_like
14.0,283,xen_like
14.0,284,xen_like
14.0,285,xen_like
14.0,286,xen_like
14.0,287,xen_like
14.0,288,xen_like
14.0,289,xen_like
14.0,290,xen_like
14.0,291,xen_like
14.0,292,xen_like
14.0,293,epithelial_like
14.0,294,xen_like
14.0,295,xen_like
14.0,296,xen_like
14.0,297,xen_like
14.0,298,xen_like
14.0,299,xen_like
14.0,300,xen_like
14.0,301,xen_like
14.0,302,xen_like
14.0,303,xen_like
14.0,304,xen_like
14.0,305,epithelial_like
14.0,306,xen_like
14.0,307,xen_like
14.0,308,xen_like
14.0,309,xen_like
14.0,310,xen_like
14.0,311,xen_like
14.0,312,xen_like
14.0,313,xen_like
14.0,314,xen_like
14.0,315,xen_like
14.0,316,xen_like
14.0,317,xen_like
14.0,318,xen_like
14.0,319,xen_like
14.0,320,xen_like
14.0,321,xen_like
14.0,322,xen_like
14.0,323,xen_like
14.0,324,xen_like
14.0,325,xen_like
14.0,326,xen_like
14.0,327,xen_like
14.0,328,xen_like
14.0,329,epithelial_like
14.0,330,xen_like
14.0,331,xen_like
14.0,332,xen_like
14.0,333,xen_like
14.0,334,xen_like
14.0,335,xen_like
14.0,336,xen_like
14.0,337,xen_like
14.0,338,xen_like
14.0,339,xen_like
14.0,340,xen_like
14.0,341,xen_like
14.0,342,epithelial_like
14.0,343,xen_like
14.0,344,xen_like
14.0,345,xen_like
14.0,346,xen_like
14.0,347,xen_like
14.0,348,xen_like
14.0,349,xen_like
14.0,350,xen_like
14.0,351,xen_like
14.0,352,xen_like
14.0,353,xen_like
14.0,354,xen_like
14.0,355,epithelial_like
14.0,356,xen_like
14.0,357,xen_like
14.0,358,xen_like
14.0,359,xen_like
14.0,360,xen_like
14.0,361,xen_like
14.0,362,xen_like
14.0,363,xen_like
14.0,364,xen_like
14.0,365,xen_like
14.0,366,xen_like
14.0,367,xen_like
14.0,368,xen_like
14.0,369,xen_like
14.0,370,xen_like
14.0,371,xen_like
14.0,372,xen_like
14.0,373,xen_like
14.0,374,xen_like
14.0,375,xen_like
14.0,376,hCiPS
14.0,377,epithelial_like
14.0,378,xen_like
14.0,379,xen_like
14.0,380,xen_like
14.0,381,xen_like
14.0,382,xen_like
14.0,383,epithelial_like
14.0,384,xen_like
14.0,385,xen_like
14.0,386,xen_like
14.0,387,xen_like
14.0,388,xen_like
14.0,389,epithelial_like
14.0,390,xen_like
14.0,391,xen_like
14.0,392,xen_like
14.0,393,xen_like
14.0,394,xen_like
14.0,395,xen_like
14.0,396,xen_like
14.0,397,xen_like
14.0,398,xen_like
14.0,399,xen_like
14.0,400,xen_like
14.0,401,xen_like
14.0,402,xen_like
14.0,403,xen_like
14.0,404,xen_like
14.0,405,xen_like
14.0,406,xen_like
14.0,407,xen_like
14.0,408,xen_like
14.0,409,xen_like
14.0,410,xen_like
14.0,411,xen_like
14.0,412,xen_like
14.0,413,xen_like
14.0,414,epithelial_like
14.0,415,xen_like
14.0,416,xen_like
14.0,417,xen_like
14.0,418,xen_like
14.0,419,xen_like
14.0,420,xen_like
14.0,421,xen_like
14.0,422,xen_like
14.0,423,epithelial_like
14.0,424,xen_like
14.0,425,epithelial_like
14.0,426,xen_like
14.0,427,xen_like
14.0,428,hCiPS
14.0,429,xen_like
14.0,430,xen_like
14.0,431,xen_like
14.0,432,xen_like
14.0,433,xen_like
14.0,434,xen_like
14.0,435,xen_like
14.0,436,xen_like
14.0,437,epithelial_like
14.0,438,xen_like
14.0,439,epithelial_like
14.0,440,xen_like
14.0,441,xen_like
14.0,442,xen_like
14.0,443,xen_like
14.0,444,xen_like
14.0,445,xen_like
14.0,446,xen_like
14.0,447,epithelial_like
14.0,448,xen_like
14.0,449,epithelial_like
14.0,450,xen_like
14.0,451,xen_like
14.0,452,xen_like
14.0,453,xen_like
14.0,454,xen_like
14.0,455,xen_like
14.0,456,xen_like
14.0,457,xen_like
14.0,458,xen_like
14.0,459,xen_like
14.0,460,xen_like
14.0,461,xen_like
14.0,462,xen_like
14.0,463,xen_like
14.0,464,xen_like
14.0,465,xen_like
14.0,466,xen_like
14.0,467,xen_like
14.0,468,hCiPS
14.0,469,xen_like
14.0,470,xen_like
14.0,471,xen_like
14.0,472,xen_like
14.0,473,xen_like
14.0,474,xen_like
14.0,475,epithelial_like
14.0,476,epithelial_like
14.0,477,xen_like
14.0,478,xen_like
14.0,479,xen_like
14.0,480,xen_like
14.0,481,xen_like
14.0,482,epithelial_like
14.0,483,xen_like
14.0,484,xen_like
14.0,485,xen_like
14.0,486,xen_like
14.0,487,xen_like
14.0,488,epithelial_like
14.0,489,xen_like
14.0,490,xen_like
14.0,491,xen_like
14.0,492,xen_like
14.0,493,xen_like
14.0,494,xen_like
14.0,495,xen_like
14.0,496,xen_like
14.0,497,xen_like
14.0,498,xen_like
14.0,499,epithelial_like
14.0,500,xen_like
14.0,501,xen_like
14.0,502,xen_like
14.0,503,xen_like
14.0,504,xen_like
14.0,505,xen_like
14.0,506,xen_like
14.0,507,xen_like
14.0,508,xen_like
14.0,509,xen_like
14.0,510,xen_like
14.0,511,xen_like
14.0,512,xen_like
14.0,513,xen_like
14.0,514,xen_like
14.0,515,xen_like
14.0,516,xen_like
14.0,517,xen_like
14.0,518,xen_like
14.0,519,xen_like
14.0,520,xen_like
14.0,521,xen_like
14.0,522,xen_like
14.0,523,xen_like
14.0,524,xen_like
14.0,525,xen_like
14.0,526,xen_like
14.0,527,epithelial_like
14.0,528,xen_like
14.0,529,xen_like
14.0,530,xen_like
14.0,531,xen_like
14.0,532,xen_like
14.0,533,xen_like
14.0,534,xen_like
14.0,535,epithelial_like
14.0,536,xen_like
14.0,537,xen_like
14.0,538,xen_like
14.0,539,xen_like
14.0,540,xen_like
14.0,541,xen_like
14.0,542,hCiPS
14.0,543,xen_like
14.0,544,xen_like
14.0,545,xen_like
14.0,546,xen_like
14.0,547,xen_like
14.0,548,xen_like
14.0,549,xen_like
14.0,550,xen_like
14.0,551,xen_like
14.0,552,epithelial_like
14.0,553,xen_like
14.0,554,hCiPS
14.0,555,xen_like
14.0,556,hCiPS
14.0,557,xen_like
14.0,558,xen_like
14.0,559,epithelial_like
14.0,560,xen_like
14.0,561,hCiPS
14.0,562,xen_like
14.0,563,xen_like
14.0,564,xen_like
14.0,565,xen_like
14.0,566,xen_like
14.0,567,xen_like
14.0,568,xen_like
14.0,569,xen_like
14.0,570,xen_like
14.0,571,xen_like
14.0,572,xen_like
14.0,573,epithelial_like
14.0,574,xen_like
14.0,575,xen_like
14.0,576,xen_like
14.0,577,xen_like
14.0,578,xen_like
14.0,579,xen_like
14.0,580,xen_like
14.0,581,xen_like
14.0,582,xen_like
14.0,583,xen_like
14.0,584,xen_like
14.0,585,xen_like
14.0,586,xen_like
14.0,587,xen_like
14.0,588,xen_like
14.0,589,hCiPS
14.0,590,xen_like
14.0,591,xen_like
14.0,592,xen_like
14.0,593,xen_like
14.0,594,xen_like
14.0,595,xen_like
14.0,596,xen_like
14.0,597,epithelial_like
14.0,598,xen_like
14.0,599,xen_like
14.0,600,xen_like
14.0,601,xen_like
14.0,602,xen_like
14.0,603,xen_like
14.0,604,epithelial_like
14.0,605,xen_like
14.0,606,xen_like
14.0,607,xen_like
14.0,608,xen_like
14.0,609,xen_like
14.0,610,xen_like
14.0,611,xen_like
14.0,612,xen_like
14.0,613,xen_like
14.0,614,xen_like
14.0,615,xen_like
14.0,616,xen_like
14.0,617,xen_like
14.0,618,xen_like
14.0,619,xen_like
14.0,620,xen_like
14.0,621,xen_like
14.0,622,xen_like
14.0,623,xen_like
14.0,624,xen_like
14.0,625,xen_like
14.0,626,xen_like
14.0,627,xen_like
14.0,628,xen_like
14.0,629,xen_like
14.0,630,epithelial_like
14.0,631,xen_like
14.0,632,xen_like
14.0,633,xen_like
14.0,634,xen_like
14.0,635,xen_like
14.0,636,xen_like
14.0,637,xen_like
14.0,638,xen_like
14.0,639,xen_like
14.0,640,xen_like
14.0,641,xen_like
14.0,642,xen_like
14.0,643,xen_like
14.0,644,xen_like
14.0,645,xen_like
14.0,646,xen_like
14.0,647,xen_like
14.0,648,xen_like
14.0,649,xen_like
14.0,650,xen_like
14.0,651,xen_like
14.0,652,xen_like
14.0,653,xen_like
14.0,654,xen_like
14.0,655,xen_like
14.0,656,xen_like
14.0,657,xen_like
14.0,658,xen_like
14.0,659,xen_like
14.0,660,epithelial_like
14.0,661,xen_like
14.0,662,xen_like
14.0,663,xen_like
14.0,664,xen_like
14.0,665,xen_like
14.0,666,xen_like
14.0,667,xen_like
14.0,668,xen_like
14.0,669,xen_like
14.0,670,xen_like
14.0,671,xen_like
14.0,672,xen_like
14.0,673,xen_like
14.0,674,xen_like
14.0,675,xen_like
14.0,676,xen_like
14.0,677,xen_like
14.0,678,xen_like
14.0,679,xen_like
14.0,680,xen_like
14.0,681,xen_like
14.0,682,xen_like
14.0,683,xen_like
14.0,684,xen_like
14.0,685,xen_like
14.0,686,xen_like
14.0,687,xen_like
14.0,688,xen_like
14.0,689,xen_like
14.0,690,xen_like
14.0,691,epithelial_like
14.0,692,xen_like
14.0,693,xen_like
14.0,694,xen_like
14.0,695,xen_like
14.0,696,xen_like
14.0,697,xen_like
14.0,698,xen_like
14.0,699,xen_like
14.0,700,xen_like
14.0,701,xen_like
14.0,702,xen_like
14.0,703,xen_like
14.0,704,xen_like
14.0,705,xen_like
14.0,706,xen_like
14.0,707,xen_like
14.0,708,xen_like
14.0,709,xen_like
14.0,710,epithelial_like
14.0,711,xen_like
14.0,712,xen_like
14.0,713,xen_like
14.0,714,xen_like
14.0,715,xen_like
14.0,716,xen_like
14.0,717,xen_like
14.0,718,xen_like
14.0,719,xen_like
14.0,720,epithelial_like
14.0,721,xen_like
14.0,722,epithelial_like
14.0,723,xen_like
14.0,724,xen_like
14.0,725,xen_like
14.0,726,xen_like
14.0,727,xen_like
14.0,728,xen_like
14.0,729,xen_like
14.0,730,xen_like
14.0,731,xen_like
14.0,732,xen_like
14.0,733,xen_like
14.0,734,xen_like
14.0,735,epithelial_like
14.0,736,xen_like
14.0,737,hCiPS
14.0,738,xen_like
14.0,739,xen_like
14.0,740,xen_like
14.0,741,xen_like
14.0,742,hCiPS
14.0,743,xen_like
14.0,744,xen_like
14.0,745,xen_like
14.0,746,xen_like
14.0,747,xen_like
14.0,748,xen_like
14.0,749,xen_like
14.0,750,epithelial_like
14.0,751,xen_like
14.0,752,xen_like
14.0,753,xen_like
14.0,754,xen_like
14.0,755,xen_like
14.0,756,xen_like
14.0,757,xen_like
14.0,758,xen_like
14.0,759,xen_like
14.0,760,xen_like
14.0,761,xen_like
14.0,762,xen_like
14.0,763,epithelial_like
14.0,764,xen_like
14.0,765,xen_like
14.0,766,xen_like
14.0,767,xen_like
14.0,768,xen_like
14.0,769,xen_like
14.0,770,xen_like
14.0,771,xen_like
14.0,772,xen_like
14.0,773,xen_like
14.0,774,xen_like
14.0,775,epithelial_like
14.0,776,xen_like
14.0,777,xen_like
14.0,778,xen_like
14.0,779,xen_like
14.0,780,xen_like
14.0,781,epithelial_like
14.0,782,xen_like
14.0,783,xen_like
14.0,784,xen_like
14.0,785,xen_like
14.0,786,hCiPS
14.0,787,xen_like
14.0,788,xen_like
14.0,789,xen_like
14.0,790,xen_like
14.0,791,xen_like
14.0,792,xen_like
14.0,793,xen_like
14.0,794,xen_like
14.0,795,xen_like
14.0,796,xen_like
14.0,797,xen_like
14.0,798,xen_like
14.0,799,xen_like
14.0,800,xen_like
14.0,801,xen_like
14.0,802,xen_like
14.0,803,xen_like
14.0,804,xen_like
14.0,805,xen_like
14.0,806,xen_like
14.0,807,xen_like
14.0,808,xen_like
14.0,809,xen_like
14.0,810,xen_like
14.0,811,hCiPS
14.0,812,xen_like
14.0,813,xen_like
14.0,814,xen_like
14.0,815,xen_like
14.0,816,xen_like
14.0,817,xen_like
14.0,818,xen_like
14.0,819,xen_like
14.0,820,xen_like
14.0,821,xen_like
14.0,822,xen_like
14.0,823,xen_like
14.0,824,xen_like
14.0,825,xen_like
14.0,826,xen_like
14.0,827,xen_like
14.0,828,xen_like
14.0,829,xen_like
14.0,830,xen_like
14.0,831,xen_like
14.0,832,xen_like
14.0,833,xen_like
14.0,834,xen_like
14.0,835,xen_like
14.0,836,xen_like
14.0,837,xen_like
14.0,838,xen_like
14.0,839,xen_like
14.0,840,xen_like
14.0,841,xen_like
14.0,842,xen_like
14.0,843,xen_like
14.0,844,xen_like
14.0,845,xen_like
14.0,846,xen_like
14.0,847,xen_like
14.0,848,xen_like
14.0,849,xen_like
14.0,850,xen_like
14.0,851,xen_like
14.0,852,xen_like
14.0,853,xen_like
14.0,854,xen_like
14.0,855,xen_like
14.0,856,xen_like
14.0,857,xen_like
14.0,858,xen_like
14.0,859,xen_like
14.0,860,xen_like
14.0,861,xen_like
14.0,862,xen_like
14.0,863,xen_like
14.0,864,xen_like
14.0,865,xen_like
14.0,866,xen_like
14.0,867,xen_like
14.0,868,xen_like
14.0,869,xen_like
14.0,870,xen_like
14.0,871,xen_like
14.0,872,xen_like
14.0,873,xen_like
14.0,874,xen_like
14.0,875,xen_like
14.0,876,xen_like
14.0,877,xen_like
14.0,878,xen_like
14.0,879,xen_like
14.0,880,epithelial_like
14.0,881,xen_like
14.0,882,xen_like
14.0,883,xen_like
14.0,884,xen_like
14.0,885,xen_like
14.0,886,xen_like
14.0,887,xen_like
14.0,888,xen_like
14.0,889,xen_like
14.0,890,xen_like
14.0,891,xen_like
14.0,892,xen_like
14.0,893,xen_like
14.0,894,xen_like
14.0,895,xen_like
14.0,896,xen_like
14.0,897,xen_like
14.0,898,xen_like
14.0,899,xen_like
14.0,900,xen_like
14.0,901,xen_like
14.0,902,xen_like
14.0,903,xen_like
14.0,904,xen_like
14.0,905,xen_like
14.0,906,xen_like
14.0,907,xen_like
14.0,908,epithelial_like
14.0,909,hCiPS
14.0,910,xen_like
14.0,911,xen_like
14.0,912,xen_like
14.0,913,xen_like
14.0,914,xen_like
14.0,915,xen_like
14.0,916,xen_like
14.0,917,xen_like
14.0,918,xen_like
14.0,919,xen_like
14.0,920,xen_like
14.0,921,xen_like
14.0,922,epithelial_like
14.0,923,xen_like
14.0,924,xen_like
14.0,925,xen_like
14.0,926,xen_like
14.0,927,xen_like
14.0,928,hCiPS
14.0,929,xen_like
14.0,930,xen_like
14.0,931,xen_like
14.0,932,xen_like
14.0,933,xen_like
14.0,934,xen_like
14.0,935,xen_like
14.0,936,xen_like
14.0,937,xen_like
14.0,938,xen_like
14.0,939,xen_like
14.0,940,xen_like
14.0,941,xen_like
14.0,942,epithelial_like
14.0,943,xen_like
14.0,944,xen_like
14.0,945,xen_like
14.0,946,xen_like
14.0,947,xen_like
14.0,948,xen_like
14.0,949,xen_like
14.0,950,xen_like
14.0,951,epithelial_like
14.0,952,xen_like
14.0,953,xen_like
14.0,954,xen_like
14.0,955,xen_like
14.0,956,xen_like
14.0,957,xen_like
14.0,958,xen_like
14.0,959,xen_like
14.0,960,xen_like
14.0,961,xen_like
14.0,962,xen_like
14.0,963,xen_like
14.0,964,epithelial_like
14.0,965,xen_like
14.0,966,epithelial_like
14.0,967,xen_like
14.0,968,xen_like
14.0,969,xen_like
14.0,970,xen_like
14.0,971,xen_like
14.0,972,xen_like
14.0,973,xen_like
14.0,974,xen_like
14.0,975,xen_like
14.0,976,xen_like
14.0,977,xen_like
14.0,978,xen_like
14.0,979,epithelial_like
14.0,980,xen_like
14.0,981,xen_like
14.0,982,xen_like
14.0,983,xen_like
14.0,984,xen_like
14.0,985,xen_like
14.0,986,xen_like
14.0,987,xen_like
14.0,988,xen_like
14.0,989,xen_like
14.0,990,xen_like
14.0,991,xen_like
14.0,992,xen_like
14.0,993,xen_like
14.0,994,xen_like
14.0,995,xen_like
14.0,996,xen_like
14.0,997,xen_like
14.0,998,xen_like
14.0,999,xen_like
14.0,1000,xen_like
14.0,1001,xen_like
14.0,1002,xen_like
14.0,1003,epithelial_like
14.0,1004,xen_like
14.0,1005,epithelial_like
14.0,1006,xen_like
14.0,1007,xen_like
14.0,1008,xen_like
14.0,1009,xen_like
14.0,1010,xen_like
14.0,1011,xen_like
14.0,1012,xen_like
14.0,1013,xen_like
14.0,1014,epithelial_like
14.0,1015,xen_like
14.0,1016,xen_like
14.0,1017,xen_like
14.0,1018,xen_like
14.0,1019,xen_like
14.0,1020,epithelial_like
14.0,1021,xen_like
14.0,1022,epithelial_like
14.0,1023,xen_like
14.0,1024,xen_like
14.0,1025,xen_like
14.0,1026,xen_like
14.0,1027,xen_like
14.0,1028,xen_like
14.0,1029,xen_like
14.0,1030,xen_like
14.0,1031,xen_like
14.0,1032,xen_like
14.0,1033,xen_like
14.0,1034,xen_like
14.0,1035,xen_like
14.0,1036,xen_like
14.0,1037,xen_like
14.0,1038,xen_like
14.0,1039,xen_like
14.0,1040,xen_like
14.0,1041,xen_like
14.0,1042,xen_like
14.0,1043,xen_like
14.0,1044,xen_like
14.0,1045,xen_like
14.0,1046,xen_like
14.0,1047,xen_like
14.0,1048,xen_like
14.0,1049,xen_like
14.0,1050,xen_like
14.0,1051,xen_like
14.0,1052,xen_like
14.0,1053,hCiPS
14.0,1054,xen_like
14.0,1055,xen_like
14.0,1056,xen_like
14.0,1057,xen_like
14.0,1058,xen_like
14.0,1059,xen_like
14.0,1060,xen_like
14.0,1061,xen_like
14.0,1062,xen_like
14.0,1063,xen_like
14.0,1064,xen_like
14.0,1065,epithelial_like
14.0,1066,xen_like
14.0,1067,xen_like
14.0,1068,xen_like
14.0,1069,xen_like
14.0,1070,xen_like
14.0,1071,xen_like
14.0,1072,xen_like
14.0,1073,xen_like
14.0,1074,xen_like
14.0,1075,xen_like
14.0,1076,xen_like
14.0,1077,xen_like
14.0,1078,epithelial_like
14.0,1079,xen_like
14.0,1080,xen_like
14.0,1081,xen_like
14.0,1082,xen_like
14.0,1083,xen_like
14.0,1084,xen_like
14.0,1085,xen_like
14.0,1086,xen_like
14.0,1087,xen_like
14.0,1088,xen_like
14.0,1089,xen_like
14.0,1090,xen_like
14.0,1091,xen_like
14.0,1092,xen_like
14.0,1093,xen_like
14.0,1094,xen_like
14.0,1095,xen_like
14.0,1096,intermediate_plastic
14.0,1097,xen_like
14.0,1098,xen_like
14.0,1099,xen_like
14.0,1100,xen_like
14.0,1101,xen_like
14.0,1102,intermediate_plastic
14.0,1103,xen_like
14.0,1104,xen_like
14.0,1105,xen_like
14.0,1106,xen_like
14.0,1107,xen_like
14.0,1108,xen_like
14.0,1109,xen_like
14.0,1110,xen_like
14.0,1111,xen_like
14.0,1112,xen_like
14.0,1113,xen_like
14.0,1114,xen_like
14.0,1115,xen_like
14.0,1116,xen_like
14.0,1117,xen_like
14.0,1118,xen_like
14.0,1119,xen_like
14.0,1120,xen_like
14.0,1121,xen_like
14.0,1122,xen_like
14.0,1123,xen_like
14.0,1124,xen_like
14.0,1125,xen_like
14.0,1126,xen_like
14.0,1127,xen_like
14.0,1128,xen_like
14.0,1129,xen_like
14.0,1130,xen_like
14.0,1131,xen_like
14.0,1132,xen_like
14.0,1133,xen_like
14.0,1134,xen_like
14.0,1135,xen_like
14.0,1136,xen_like
14.0,1137,xen_like
14.0,1138,xen_like
14.0,1139,xen_like
14.0,1140,xen_like
14.0,1141,xen_like
14.0,1142,xen_like
14.0,1143,xen_like
14.0,1144,xen_like
14.0,1145,xen_like
14.0,1146,hCiPS
14.0,1147,xen_like
14.0,1148,xen_like
14.0,1149,xen_like
14.0,1150,xen_like
14.0,1151,xen_like
14.0,1152,xen_like
14.0,1153,hCiPS
14.0,1154,xen_like
14.0,1155,xen_like
14.0,1156,xen_like
14.0,1157,xen_like
14.0,1158,xen_like
14.0,1159,xen_like
14.0,1160,xen_like
14.0,1161,epithelial_like
14.0,1162,xen_like
14.0,1163,epithelial_like
14.0,1164,xen_like
14.0,1165,xen_like
14.0,1166,hCiPS
14.0,1167,xen_like
14.0,1168,xen_like
14.0,1169,xen_like
14.0,1170,xen_like
14.0,1171,xen_like
14.0,1172,intermediate_plastic
14.0,1173,xen_like
14.0,1174,xen_like
14.0,1175,xen_like
14.0,1176,xen_like
14.0,1177,xen_like
14.0,1178,xen_like
14.0,1179,xen_like
14.0,1180,xen_like
14.0,1181,xen_like
14.0,1182,xen_like
14.0,1183,xen_like
14.0,1184,epithelial_like
14.0,1185,xen_like
14.0,1186,xen_like
14.0,1187,xen_like
14.0,1188,xen_like
14.0,1189,xen_like
14.0,1190,xen_like
14.0,1191,xen_like
14.0,1192,xen_like
14.0,1193,xen_like
14.0,1194,xen_like
14.0,1195,xen_like
14.0,1196,xen_like
14.0,1197,epithelial_like
14.0,1198,xen_like
14.0,1199,epithelial_like
14.0,1200,xen_like
14.0,1201,xen_like
14.0,1202,xen_like
14.0,1203,xen_like
14.0,1204,xen_like
14.0,1205,xen_like
14.0,1206,xen_like
14.0,1207,xen_like
14.0,1208,xen_like
14.0,1209,xen_like
14.0,1210,epithelial_like
14.0,1211,xen_like
14.0,1212,xen_like
14.0,1213,xen_like
14.0,1214,xen_like
14.0,1215,xen_like
14.0,1216,xen_like
14.0,1217,xen_like
14.0,1218,xen_like
14.0,1219,xen_like
14.0,1220,xen_like
14.0,1221,xen_like
14.0,1222,xen_like
14.0,1223,xen_like
14.0,1224,xen_like
14.0,1225,xen_like
14.0,1226,xen_like
14.0,1227,xen_like
14.0,1228,xen_like
14.0,1229,xen_like
14.0,1230,xen_like
14.0,1231,xen_like
14.0,1232,xen_like
14.0,1233,xen_like
14.0,1234,xen_like
14.0,1235,epithelial_like
14.0,1236,xen_like
14.0,1237,xen_like
14.0,1238,xen_like
14.0,1239,xen_like
14.0,1240,xen_like
14.0,1241,xen_like
14.0,1242,hCiPS
14.0,1243,xen_like
14.0,1244,xen_like
14.0,1245,xen_like
14.0,1246,xen_like
14.0,1247,xen_like
14.0,1248,xen_like
14.0,1249,xen_like
14.0,1250,xen_like
14.0,1251,xen_like
14.0,1252,xen_like
14.0,1253,xen_like
14.0,1254,xen_like
14.0,1255,xen_like
14.0,1256,xen_like
14.0,1257,xen_like
14.0,1258,xen_like
14.0,1259,xen_like
14.0,1260,xen_like
14.0,1261,epithelial_like
14.0,1262,xen_like
14.0,1263,xen_like
14.0,1264,xen_like
14.0,1265,xen_like
14.0,1266,xen_like
14.0,1267,xen_like
14.0,1268,xen_like
14.0,1269,xen_like
14.0,1270,xen_like
14.0,1271,xen_like
14.0,1272,xen_like
14.0,1273,xen_like
14.0,1274,xen_like
14.0,1275,xen_like
14.0,1276,xen_like
14.0,1277,xen_like
14.0,1278,xen_like
14.0,1279,xen_like
14.0,1280,xen_like
14.0,1281,xen_like
14.0,1282,xen_like
14.0,1283,xen_like
14.0,1284,xen_like
14.0,1285,xen_like
14.0,1286,xen_like
14.0,1287,xen_like
14.0,1288,xen_like
14.0,1289,xen_like
14.0,1290,xen_like
14.0,1291,xen_like
14.0,1292,xen_like
14.0,1293,xen_like
14.0,1294,xen_like
14.0,1295,xen_like
14.0,1296,xen_like
14.0,1297,xen_like
14.0,1298,xen_like
14.0,1299,epithelial_like
14.0,1300,xen_like
14.0,1301,xen_like
14.0,1302,xen_like
14.0,1303,xen_like
14.0,1304,xen_like
14.0,1305,xen_like
14.0,1306,xen_like
14.0,1307,xen_like
14.0,1308,xen_like
14.0,1309,xen_like
14.0,1310,xen_like
14.0,1311,xen_like
14.0,1312,xen_like
14.0,1313,xen_like
14.0,1314,xen_like
14.0,1315,epithelial_like
14.0,1316,xen_like
14.0,1317,xen_like
14.0,1318,xen_like
14.0,1319,xen_like
14.0,1320,xen_like
14.0,1321,xen_like
14.0,1322,xen_like
14.0,1323,xen_like
14.0,1324,xen_like
14.0,1325,epithelial_like
14.0,1326,epithelial_like
14.0,1327,xen_like
14.0,1328,xen_like
14.0,1329,epithelial_like
14.0,1330,xen_like
14.0,1331,epithelial_like
14.0,1332,xen_like
14.0,1333,xen_like
14.0,1334,xen_like
14.0,1335,xen_like
14.0,1336,xen_like
14.0,1337,xen_like
14.0,1338,xen_like
14.0,1339,xen_like
14.0,1340,xen_like
14.0,1341,xen_like
14.0,1342,xen_like
14.0,1343,xen_like
14.0,1344,xen_like
14.0,1345,xen_like
14.0,1346,epithelial_like
14.0,1347,xen_like
14.0,1348,xen_like
14.0,1349,xen_like
14.0,1350,xen_like
14.0,1351,xen_like
14.0,1352,xen_like
14.0,1353,xen_like
14.0,1354,xen_like
14.0,1355,xen_like
14.0,1356,xen_like
14.0,1357,xen_like
14.0,1358,epithelial_like
14.0,1359,xen_like
14.0,1360,epithelial_like
14.0,1361,xen_like
14.0,1362,xen_like
14.0,1363,xen_like
14.0,1364,xen_like
14.0,1365,xen_like
14.0,1366,xen_like
14.0,1367,xen_like
14.0,1368,xen_like
14.0,1369,xen_like
14.0,1370,xen_like
14.0,1371,xen_like
14.0,1372,xen_like
14.0,1373,xen_like
14.0,1374,xen_like
14.0,1375,xen_like
14.0,1376,xen_like
14.0,1377,xen_like
14.0,1378,xen_like
14.0,1379,xen_like
14.0,1380,xen_like
14.0,1381,xen_like
14.0,1382,xen_like
14.0,1383,xen_like
14.0,1384,xen_like
14.0,1385,xen_like
14.0,1386,hCiPS
14.0,1387,xen_like
14.0,1388,hCiPS
14.0,1389,xen_like
14.0,1390,xen_like
14.0,1391,xen_like
14.0,1392,xen_like
14.0,1393,xen_like
14.0,1394,xen_like
14.0,1395,xen_like
14.0,1396,xen_like
14.0,1397,xen_like
14.0,1398,xen_like
14.0,1399,xen_like
14.0,1400,xen_like
14.0,1401,epithelial_like
14.0,1402,xen_like
14.0,1403,xen_like
14.0,1404,xen_like
14.0,1405,xen_like
14.0,1406,xen_like
14.0,1407,xen_like
14.0,1408,xen_like
14.0,1409,xen_like
14.0,1410,xen_like
14.0,1411,xen_like
14.0,1412,xen_like
14.0,1413,xen_like
14.0,1414,xen_like
14.0,1415,hCiPS
14.0,1416,xen_like
14.0,1417,xen_like
14.0,1418,epithelial_like
14.0,1419,epithelial_like
14.0,1420,xen_like
14.0,1421,xen_like
14.0,1422,xen_like
14.0,1423,epithelial_like
14.0,1424,xen_like
14.0,1425,xen_like
14.0,1426,xen_like
14.0,1427,epithelial_like
14.0,1428,xen_like
14.0,1429,xen_like
14.0,1430,xen_like
14.0,1431,xen_like
14.0,1432,xen_like
14.0,1433,xen_like
14.0,1434,xen_like
14.0,1435,xen_like
14.0,1436,xen_like
14.0,1437,xen_like
14.0,1438,xen_like
14.0,1439,xen_like
14.0,1440,xen_like
14.0,1441,xen_like
14.0,1442,xen_like
14.0,1443,xen_like
14.0,1444,xen_like
14.0,1445,xen_like
14.0,1446,xen_like
14.0,1447,xen_like
14.0,1448,xen_like
14.0,1449,xen_like
14.0,1450,xen_like
14.0,1451,xen_like
14.0,1452,epithelial_like
14.0,1453,xen_like
14.0,1454,xen_like
14.0,1455,xen_like
14.0,1456,xen_like
14.0,1457,xen_like
14.0,1458,xen_like
14.0,1459,xen_like
14.0,1460,xen_like
14.0,1461,xen_like
14.0,1462,xen_like
14.0,1463,xen_like
14.0,1464,xen_like
14.0,1465,xen_like
14.0,1466,xen_like
14.0,1467,xen_like
14.0,1468,xen_like
14.0,1469,xen_like
14.0,1470,xen_like
14.0,1471,xen_like
14.0,1472,xen_like
14.0,1473,xen_like
14.0,1474,xen_like
14.0,1475,xen_like
14.0,1476,xen_like
14.0,1477,xen_like
14.0,1478,xen_like
14.0,1479,xen_like
14.0,1480,xen_like
14.0,1481,xen_like
14.0,1482,xen_like
14.0,1483,xen_like
14.0,1484,xen_like
14.0,1485,xen_like
14.0,1486,xen_like
14.0,1487,xen_like
14.0,1488,xen_like
14.0,1489,xen_like
14.0,1490,xen_like
14.0,1491,xen_like
14.0,1492,xen_like
14.0,1493,xen_like
14.0,1494,xen_like
14.0,1495,xen_like
14.0,1496,xen_like
14.0,1497,xen_like
14.0,1498,xen_like
14.0,1499,xen_like
14.0,1500,xen_like
14.0,1501,xen_like
14.0,1502,xen_like
14.0,1503,xen_like
14.0,1504,xen_like
14.0,1505,xen_like
14.0,1506,xen_like
14.0,1507,xen_like
14.0,1508,xen_like
14.0,1509,xen_like
14.0,1510,xen_like
14.0,1511,xen_like
14.0,1512,xen_like
14.0,1513,xen_like
14.0,1514,xen_like
14.0,1515,xen_like
14.0,1516,xen_like
14.0,1517,xen_like
14.0,1518,xen_like
14.0,1519,xen_like
14.0,1520,epithelial_like
14.0,1521,xen_like
14.0,1522,hCiPS
14.0,1523,xen_like
14.0,1524,xen_like
14.0,1525,xen_like
14.0,1526,xen_like
14.0,1527,xen_like
14.0,1528,xen_like
14.0,1529,xen_like
14.0,1530,xen_like
14.0,1531,epithelial_like
14.0,1532,xen_like
14.0,1533,xen_like
14.0,1534,xen_like
14.0,1535,xen_like
14.0,1536,xen_like
14.0,1537,xen_like
14.0,1538,xen_like
14.0,1539,xen_like
14.0,1540,xen_like
14.0,1541,xen_like
14.0,1542,xen_like
14.0,1543,xen_like
14.0,1544,xen_like
14.0,1545,xen_like
14.0,1546,xen_like
14.0,1547,xen_like
14.0,1548,xen_like
14.0,1549,xen_like
14.0,1550,xen_like
14.0,1551,xen_like
14.0,1552,xen_like
14.0,1553,xen_like
14.0,1554,xen_like
14.0,1555,xen_like
14.0,1556,xen_like
14.0,1557,xen_like
14.0,1558,xen_like
14.0,1559,xen_like
14.0,1560,xen_like
14.0,1561,xen_like
14.0,1562,xen_like
14.0,1563,xen_like
14.0,1564,xen_like
14.0,1565,xen_like
14.0,1566,xen_like
14.0,1567,xen_like
14.0,1568,xen_like
14.0,1569,xen_like
14.0,1570,xen_like
14.0,1571,xen_like
14.0,1572,xen_like
14.0,1573,epithelial_like
14.0,1574,xen_like
14.0,1575,xen_like
14.0,1576,xen_like
14.0,1577,xen_like
14.0,1578,xen_like
14.0,1579,xen_like
14.0,1580,xen_like
14.0,1581,xen_like
14.0,1582,xen_like
14.0,1583,xen_like
14.0,1584,xen_like
14.0,1585,xen_like
14.0,1586,xen_like
14.0,1587,xen_like
14.0,1588,xen_like
14.0,1589,xen_like
14.0,1590,xen_like
14.0,1591,xen_like
14.0,1592,hCiPS
14.0,1593,xen_like
14.0,1594,xen_like
14.0,1595,xen_like
14.0,1596,xen_like
14.0,1597,xen_like
14.0,1598,xen_like
14.0,1599,xen_like
14.0,1600,hCiPS
14.0,1601,xen_like
14.0,1602,hCiPS
14.0,1603,xen_like
14.0,1604,xen_like
14.0,1605,xen_like
14.0,1606,xen_like
14.0,1607,xen_like
14.0,1608,xen_like
14.0,1609,xen_like
14.0,1610,xen_like
14.0,1611,xen_like
14.0,1612,xen_like
14.0,1613,xen_like
14.0,1614,xen_like
14.0,1615,xen_like
14.0,1616,xen_like
14.0,1617,xen_like
14.0,1618,xen_like
14.0,1619,xen_like
14.0,1620,xen_like
14.0,1621,xen_like
14.0,1622,xen_like
14.0,1623,epithelial_like
14.0,1624,xen_like
14.0,1625,epithelial_like
14.0,1626,xen_like
14.0,1627,xen_like
14.0,1628,xen_like
14.0,1629,xen_like
14.0,1630,xen_like
14.0,1631,xen_like
14.0,1632,xen_like
14.0,1633,xen_like
14.0,1634,xen_like
14.0,1635,epithelial_like
14.0,1636,epithelial_like
14.0,1637,epithelial_like
14.0,1638,xen_like
14.0,1639,xen_like
14.0,1640,xen_like
14.0,1641,xen_like
14.0,1642,xen_like
14.0,1643,xen_like
14.0,1644,xen_like
14.0,1645,xen_like
14.0,1646,xen_like
14.0,1647,xen_like
14.0,1648,xen_like
14.0,1649,xen_like
14.0,1650,xen_like
14.0,1651,xen_like
14.0,1652,xen_like
14.0,1653,xen_like
14.0,1654,xen_like
14.0,1655,xen_like
14.0,1656,xen_like
14.0,1657,xen_like
14.0,1658,xen_like
14.0,1659,xen_like
14.0,1660,xen_like
14.0,1661,xen_like
14.0,1662,xen_like
14.0,1663,xen_like
14.0,1664,xen_like
14.0,1665,xen_like
14.0,1666,xen_like
14.0,1667,xen_like
14.0,1668,xen_like
14.0,1669,xen_like
14.0,1670,xen_like
14.0,1671,xen_like
14.0,1672,xen_like
14.0,1673,xen_like
14.0,1674,xen_like
14.0,1675,hCiPS
14.0,1676,xen_like
14.0,1677,xen_like
14.0,1678,xen_like
14.0,1679,xen_like
14.0,1680,xen_like
14.0,1681,xen_like
14.0,1682,xen_like
14.0,1683,xen_like
14.0,1684,xen_like
14.0,1685,xen_like
14.0,1686,xen_like
14.0,1687,ambiguous
14.0,1688,xen_like
14.0,1689,xen_like
14.0,1690,xen_like
14.0,1691,xen_like
14.0,1692,xen_like
14.0,1693,xen_like
14.0,1694,xen_like
14.0,1695,xen_like
14.0,1696,xen_like
14.0,1697,xen_like
14.0,1698,xen_like
14.0,1699,xen_like
14.0,1700,xen_like
14.0,1701,xen_like
14.0,1702,xen_like
14.0,1703,xen_like
14.0,1704,xen_like
14.0,1705,xen_like
14.0,1706,xen_like
14.0,1707,xen_like
14.0,1708,xen_like
14.0,1709,xen_like
14.0,1710,xen_like
14.0,1711,xen_like
14.0,1712,xen_like
14.0,1713,xen_like
14.0,1714,xen_like
14.0,1715,xen_like
14.0,1716,xen_like
14.0,1717,xen_like
14.0,1718,xen_like
14.0,1719,xen_like
14.0,1720,xen_like
14.0,1721,xen_like
14.0,1722,xen_like
14.0,1723,xen_like
14.0,1724,xen_like
14.0,1725,xen_like
14.0,1726,xen_like
14.0,1727,xen_like
14.0,1728,xen_like
14.0,1729,xen_like
14.0,1730,xen_like
14.0,1731,xen_like
14.0,1732,xen_like
14.0,1733,epithelial_like
14.0,1734,xen_like
14.0,1735,xen_like
14.0,1736,xen_like
14.0,1737,xen_like
14.0,1738,xen_like
14.0,1739,xen_like
14.0,1740,xen_like
14.0,1741,epithelial_like
14.0,1742,xen_like
14.0,1743,xen_like
14.0,1744,epithelial_like
14.0,1745,xen_like
14.0,1746,xen_like
14.0,1747,xen_like
14.0,1748,xen_like
14.0,1749,xen_like
14.0,1750,xen_like
14.0,1751,xen_like
14.0,1752,xen_like
14.0,1753,xen_like
14.0,1754,xen_like
14.0,1755,xen_like
14.0,1756,xen_like
14.0,1757,xen_like
14.0,1758,xen_like
14.0,1759,xen_like
14.0,1760,hCiPS
14.0,1761,xen_like
14.0,1762,xen_like
14.0,1763,xen_like
14.0,1764,xen_like
14.0,1765,xen_like
14.0,1766,xen_like
14.0,1767,xen_like
14.0,1768,xen_like
14.0,1769,xen_like
14.0,1770,xen_like
14.0,1771,xen_like
14.0,1772,xen_like
14.0,1773,xen_like
14.0,1774,xen_like
14.0,1775,xen_like
14.0,1776,xen_like
14.0,1777,xen_like
14.0,1778,xen_like
14.0,1779,xen_like
14.0,1780,xen_like
14.0,1781,xen_like
14.0,1782,hCiPS
14.0,1783,xen_like
14.0,1784,xen_like
14.0,1785,epithelial_like
14.0,1786,xen_like
14.0,1787,xen_like
14.0,1788,xen_like
14.0,1789,xen_like
14.0,1790,xen_like
14.0,1791,xen_like
14.0,1792,xen_like
14.0,1793,xen_like
14.0,1794,xen_like
14.0,1795,xen_like
14.0,1796,xen_like
14.0,1797,xen_like
14.0,1798,xen_like
14.0,1799,xen_like
14.0,1800,xen_like
14.0,1801,xen_like
14.0,1802,xen_like
14.0,1803,xen_like
14.0,1804,xen_like
14.0,1805,xen_like
14.0,1806,xen_like
14.0,1807,epithelial_like
14.0,1808,xen_like
14.0,1809,xen_like
14.0,1810,xen_like
14.0,1811,epithelial_like
14.0,1812,xen_like
14.0,1813,xen_like
14.0,1814,xen_like
14.0,1815,xen_like
14.0,1816,xen_like
14.0,1817,epithelial_like
14.0,1818,xen_like
14.0,1819,xen_like
14.0,1820,xen_like
14.0,1821,xen_like
14.0,1822,xen_like
14.0,1823,xen_like
14.0,1824,xen_like
14.0,1825,xen_like
14.0,1826,xen_like
14.0,1827,xen_like
14.0,1828,xen_like
14.0,1829,xen_like
14.0,1830,xen_like
14.0,1831,xen_like
14.0,1832,xen_like
14.0,1833,xen_like
14.0,1834,xen_like
14.0,1835,xen_like
14.0,1836,epithelial_like
14.0,1837,xen_like
14.0,1838,xen_like
14.0,1839,xen_like
14.0,1840,xen_like
14.0,1841,xen_like
14.0,1842,xen_like
14.0,1843,xen_like
14.0,1844,xen_like
14.0,1845,xen_like
14.0,1846,xen_like
14.0,1847,xen_like
14.0,1848,xen_like
14.0,1849,xen_like
14.0,1850,epithelial_like
14.0,1851,xen_like
14.0,1852,xen_like
14.0,1853,xen_like
14.0,1854,xen_like
14.0,1855,xen_like
14.0,1856,xen_like
14.0,1857,xen_like
14.0,1858,xen_like
14.0,1859,xen_like
14.0,1860,xen_like
14.0,1861,xen_like
14.0,1862,xen_like
14.0,1863,xen_like
14.0,1864,xen_like
14.0,1865,xen_like
14.0,1866,xen_like
14.0,1867,xen_like
14.0,1868,xen_like
14.0,1869,xen_like
14.0,1870,xen_like
14.0,1871,xen_like
14.0,1872,xen_like
14.0,1873,xen_like
14.0,1874,xen_like
14.0,1875,xen_like
14.0,1876,xen_like
14.0,1877,epithelial_like
14.0,1878,xen_like
14.0,1879,hCiPS
14.0,1880,xen_like
14.0,1881,xen_like
14.0,1882,xen_like
14.0,1883,xen_like
14.0,1884,xen_like
14.0,1885,xen_like
14.0,1886,xen_like
14.0,1887,xen_like
14.0,1888,epithelial_like
14.0,1889,xen_like
14.0,1890,epithelial_like
14.0,1891,xen_like
14.0,1892,xen_like
14.0,1893,xen_like
14.0,1894,xen_like
14.0,1895,xen_like
14.0,1896,xen_like
14.0,1897,xen_like
14.0,1898,xen_like
14.0,1899,xen_like
14.0,1900,xen_like
14.0,1901,hCiPS
14.0,1902,xen_like
14.0,1903,xen_like
14.0,1904,xen_like
14.0,1905,xen_like
14.0,1906,xen_like
14.0,1907,xen_like
14.0,1908,xen_like
14.0,1909,xen_like
14.0,1910,xen_like
14.0,1911,xen_like
14.0,1912,xen_like
14.0,1913,xen_like
14.0,1914,xen_like
14.0,1915,xen_like
14.0,1916,xen_like
14.0,1917,xen_like
14.0,1918,xen_like
14.0,1919,xen_like
14.0,1920,xen_like
14.0,1921,xen_like
14.0,1922,xen_like
14.0,1923,xen_like
14.0,1924,xen_like
14.0,1925,xen_like
14.0,1926,xen_like
14.0,1927,xen_like
14.0,1928,xen_like
14.0,1929,xen_like
14.0,1930,xen_like
14.0,1931,xen_like
14.0,1932,epithelial_like
14.0,1933,xen_like
14.0,1934,xen_like
14.0,1935,xen_like
14.0,1936,xen_like
14.0,1937,xen_like
14.0,1938,xen_like
14.0,1939,xen_like
14.0,1940,xen_like
14.0,1941,xen_like
14.0,1942,xen_like
14.0,1943,xen_like
14.0,1944,xen_like
14.0,1945,xen_like
14.0,1946,xen_like
14.0,1947,xen_like
14.0,1948,xen_like
14.0,1949,xen_like
14.0,1950,xen_like
14.0,1951,xen_like
14.0,1952,hCiPS
14.0,1953,xen_like
14.0,1954,xen_like
14.0,1955,xen_like
14.0,1956,xen_like
14.0,1957,xen_like
14.0,1958,xen_like
14.0,1959,xen_like
14.0,1960,xen_like
14.0,1961,xen_like
14.0,1962,xen_like
14.0,1963,xen_like
14.0,1964,xen_like
14.0,1965,xen_like
14.0,1966,xen_like
14.0,1967,xen_like
14.0,1968,xen_like
14.0,1969,xen_like
14.0,1970,epithelial_like
14.0,1971,xen_like
14.0,1972,xen_like
14.0,1973,xen_like
14.0,1974,xen_like
14.0,1975,xen_like
14.0,1976,xen_like
14.0,1977,xen_like
14.0,1978,xen_like
14.0,1979,xen_like
14.0,1980,epithelial_like
14.0,1981,xen_like
14.0,1982,xen_like
14.0,1983,xen_like
14.0,1984,xen_like
14.0,1985,xen_like
14.0,1986,xen_like
14.0,1987,xen_like
14.0,1988,xen_like
14.0,1989,xen_like
14.0,1990,xen_like
14.0,1991,hCiPS
14.0,1992,xen_like
14.0,1993,xen_like
14.0,1994,xen_like
14.0,1995,hCiPS
14.0,1996,xen_like
14.0,1997,hCiPS
14.0,1998,xen_like
14.0,1999,xen_like
