projected_timepoint,cell_idx,projected_cluster_label
0.0,0,fibroblast
0.0,1,fibroblast
0.0,2,fibroblast
0.0,3,fibroblast
0.0,4,fibroblast
0.0,5,fibroblast
0.0,6,fibroblast
0.0,7,fibroblast
0.0,8,fibroblast
0.0,9,fibroblast
0.0,10,fibroblast
0.0,11,fibroblast
0.0,12,fibroblast
0.0,13,fibroblast
0.0,14,fibroblast
0.0,15,fibroblast
0.0,16,fibroblast
0.0,17,fibroblast
0.0,18,fibroblast
0.0,19,fibroblast
0.0,20,fibroblast
0.0,21,fibroblast
0.0,22,fibroblast
0.0,23,fibroblast
0.0,24,fibroblast
0.0,25,fibroblast
0.0,26,fibroblast
0.0,27,fibroblast
0.0,28,fibroblast
0.0,29,fibroblast
0.0,30,fibroblast
0.0,31,fibroblast
0.0,32,fibroblast
0.0,33,fibroblast
0.0,34,fibroblast
0.0,35,fibroblast
0.0,36,fibroblast
0.0,37,fibroblast
0.0,38,fibroblast
0.0,39,fibroblast
0.0,40,fibroblast
0.0,41,fibroblast
0.0,42,fibroblast
0.0,43,fibroblast
0.0,44,fibroblast
0.0,45,fibroblast
0.0,46,fibroblast
0.0,47,fibroblast
0.0,48,fibroblast
0.0,49,hOSK
0.0,50,fibroblast
0.0,51,fibroblast
0.0,52,fibroblast
0.0,53,fibroblast
0.0,54,fibroblast
0.0,55,fibroblast
0.0,56,fibroblast
0.0,57,fibroblast
0.0,58,fibroblast
0.0,59,fibroblast
0.0,60,fibroblast
0.0,61,fibroblast
0.0,62,fibroblast
0.0,63,fibroblast
0.0,64,hOSK
0.0,65,fibroblast
0.0,66,fibroblast
0.0,67,fibroblast
0.0,68,fibroblast
0.0,69,keratinocyte_like
0.0,70,fibroblast
0.0,71,fibroblast
0.0,72,fibroblast
0.0,73,fibroblast
0.0,74,fibroblast
0.0,75,fibroblast
0.0,76,fibroblast
0.0,77,fibroblast
0.0,78,fibroblast
0.0,79,fibroblast
0.0,80,hOSK
0.0,81,fibroblast
0.0,82,hOSK
0.0,83,fibroblast
0.0,84,fibroblast
0.0,85,fibroblast
0.0,86,fibroblast
0.0,87,fibroblast
0.0,88,fibroblast
0.0,89,fibroblast
0.0,90,fibroblast
0.0,91,fibroblast
0.0,92,fibroblast
0.0,93,fibroblast
0.0,94,fibroblast
0.0,95,fibroblast
0.0,96,fibroblast
0.0,97,fibroblast
0.0,98,fibroblast
0.0,99,fibroblast
0.0,100,fibroblast
0.0,101,fibroblast
0.0,102,fibroblast
0.0,103,fibroblast
0.0,104,fibroblast
0.0,105,fibroblast
0.0,106,fibroblast
0.0,107,fibroblast
0.0,108,fibroblast
0.0,109,fibroblast
0.0,110,fibroblast
0.0,111,fibroblast
0.0,112,fibroblast
0.0,113,fibroblast
0.0,114,fibroblast
0.0,115,fibroblast
0.0,116,fibroblast
0.0,117,fibroblast
0.0,118,keratinocyte_like
0.0,119,fibroblast
0.0,120,fibroblast
0.0,121,fibroblast
0.0,122,fibroblast
0.0,123,fibroblast
0.0,124,fibroblast
0.0,125,fibroblast
0.0,126,fibroblast
0.0,127,fibroblast
0.0,128,fibroblast
0.0,129,fibroblast
0.0,130,fibroblast
0.0,131,fibroblast
0.0,132,fibroblast
0.0,133,fibroblast
0.0,134,fibroblast
0.0,135,fibroblast
0.0,136,fibroblast
0.0,137,fibroblast
0.0,138,fibroblast
0.0,139,fibroblast
0.0,140,fibroblast
0.0,141,fibroblast
0.0,142,fibroblast
0.0,143,fibroblast
0.0,144,fibroblast
0.0,145,fibroblast
0.0,146,fibroblast
0.0,147,fibroblast
0.0,148,fibroblast
0.0,149,fibroblast
0.0,150,fibroblast
0.0,151,fibroblast
0.0,152,fibroblast
0.0,153,fibroblast
0.0,154,fibroblast
0.0,155,fibroblast
0.0,156,fibroblast
0.0,157,fibroblast
0.0,158,fibroblast
0.0,159,fibroblast
0.0,160,fibroblast
0.0,161,fibroblast
0.0,162,fibroblast
0.0,163,fibroblast
0.0,164,fibroblast
0.0,165,fibroblast
0.0,166,fibroblast
0.0,167,fibroblast
0.0,168,fibroblast
0.0,169,fibroblast
0.0,170,fibroblast
0.0,171,fibroblast
0.0,172,fibroblast
0.0,173,hOSK
0.0,174,fibroblast
0.0,175,fibroblast
0.0,176,fibroblast
0.0,177,fibroblast
0.0,178,fibroblast
0.0,179,fibroblast
0.0,180,fibroblast
0.0,181,fibroblast
0.0,182,fibroblast
0.0,183,fibroblast
0.0,184,hOSK
0.0,185,fibroblast
0.0,186,fibroblast
0.0,187,fibroblast
0.0,188,fibroblast
0.0,189,fibroblast
0.0,190,fibroblast
0.0,191,fibroblast
0.0,192,fibroblast
0.0,193,fibroblast
0.0,194,fibroblast
0.0,195,fibroblast
0.0,196,fibroblast
0.0,197,fibroblast
0.0,198,fibroblast
0.0,199,fibroblast
0.0,200,fibroblast
0.0,201,fibroblast
0.0,202,fibroblast
0.0,203,fibroblast
0.0,204,fibroblast
0.0,205,fibroblast
0.0,206,fibroblast
0.0,207,fibroblast
0.0,208,fibroblast
0.0,209,fibroblast
0.0,210,hOSK
0.0,211,fibroblast
0.0,212,fibroblast
0.0,213,fibroblast
0.0,214,fibroblast
0.0,215,fibroblast
0.0,216,fibroblast
0.0,217,fibroblast
0.0,218,fibroblast
0.0,219,fibroblast
0.0,220,fibroblast
0.0,221,fibroblast
0.0,222,fibroblast
0.0,223,fibroblast
0.0,224,fibroblast
0.0,225,fibroblast
0.0,226,fibroblast
0.0,227,fibroblast
0.0,228,fibroblast
0.0,229,fibroblast
0.0,230,fibroblast
0.0,231,fibroblast
0.0,232,fibroblast
0.0,233,fibroblast
0.0,234,fibroblast
0.0,235,fibroblast
0.0,236,fibroblast
0.0,237,fibroblast
0.0,238,fibroblast
0.0,239,fibroblast
0.0,240,fibroblast
0.0,241,fibroblast
0.0,242,fibroblast
0.0,243,fibroblast
0.0,244,fibroblast
0.0,245,fibroblast
0.0,246,fibroblast
0.0,247,fibroblast
0.0,248,fibroblast
0.0,249,fibroblast
0.0,250,fibroblast
0.0,251,fibroblast
0.0,252,fibroblast
0.0,253,fibroblast
0.0,254,fibroblast
0.0,255,fibroblast
0.0,256,fibroblast
0.0,257,fibroblast
0.0,258,fibroblast
0.0,259,fibroblast
0.0,260,fibroblast
0.0,261,fibroblast
0.0,262,fibroblast
0.0,263,fibroblast
0.0,264,fibroblast
0.0,265,fibroblast
0.0,266,fibroblast
0.0,267,fibroblast
0.0,268,fibroblast
0.0,269,fibroblast
0.0,270,fibroblast
0.0,271,fibroblast
0.0,272,fibroblast
0.0,273,fibroblast
0.0,274,fibroblast
0.0,275,fibroblast
0.0,276,fibroblast
0.0,277,fibroblast
0.0,278,fibroblast
0.0,279,fibroblast
0.0,280,fibroblast
0.0,281,fibroblast
0.0,282,fibroblast
0.0,283,fibroblast
0.0,284,fibroblast
0.0,285,fibroblast
0.0,286,fibroblast
0.0,287,fibroblast
0.0,288,hOSK
0.0,289,fibroblast
0.0,290,fibroblast
0.0,291,fibroblast
0.0,292,fibroblast
0.0,293,fibroblast
0.0,294,fibroblast
0.0,295,fibroblast
0.0,296,fibroblast
0.0,297,fibroblast
0.0,298,fibroblast
0.0,299,fibroblast
0.0,300,fibroblast
0.0,301,fibroblast
0.0,302,fibroblast
0.0,303,fibroblast
0.0,304,fibroblast
0.0,305,fibroblast
0.0,306,fibroblast
0.0,307,fibroblast
0.0,308,fibroblast
0.0,309,fibroblast
0.0,310,fibroblast
0.0,311,fibroblast
0.0,312,fibroblast
0.0,313,fibroblast
0.0,314,fibroblast
0.0,315,fibroblast
0.0,316,fibroblast
0.0,317,fibroblast
0.0,318,fibroblast
0.0,319,fibroblast
0.0,320,fibroblast
0.0,321,fibroblast
0.0,322,fibroblast
0.0,323,fibroblast
0.0,324,fibroblast
0.0,325,hOSK
0.0,326,fibroblast
0.0,327,fibroblast
0.0,328,fibroblast
0.0,329,fibroblast
0.0,330,fibroblast
0.0,331,fibroblast
0.0,332,fibroblast
0.0,333,fibroblast
0.0,334,fibroblast
0.0,335,fibroblast
0.0,336,fibroblast
0.0,337,fibroblast
0.0,338,fibroblast
0.0,339,fibroblast
0.0,340,fibroblast
0.0,341,hOSK
0.0,342,fibroblast
0.0,343,fibroblast
0.0,344,fibroblast
0.0,345,fibroblast
0.0,346,fibroblast
0.0,347,fibroblast
0.0,348,fibroblast
0.0,349,fibroblast
0.0,350,fibroblast
0.0,351,fibroblast
0.0,352,fibroblast
0.0,353,fibroblast
0.0,354,fibroblast
0.0,355,fibroblast
0.0,356,fibroblast
0.0,357,fibroblast
0.0,358,fibroblast
0.0,359,fibroblast
0.0,360,fibroblast
0.0,361,fibroblast
0.0,362,fibroblast
0.0,363,fibroblast
0.0,364,fibroblast
0.0,365,fibroblast
0.0,366,fibroblast
0.0,367,fibroblast
0.0,368,fibroblast
0.0,369,fibroblast
0.0,370,fibroblast
0.0,371,fibroblast
0.0,372,fibroblast
0.0,373,fibroblast
0.0,374,fibroblast
0.0,375,fibroblast
0.0,376,fibroblast
0.0,377,fibroblast
0.0,378,fibroblast
0.0,379,fibroblast
0.0,380,fibroblast
0.0,381,fibroblast
0.0,382,fibroblast
0.0,383,fibroblast
0.0,384,fibroblast
0.0,385,fibroblast
0.0,386,fibroblast
0.0,387,fibroblast
0.0,388,fibroblast
0.0,389,fibroblast
0.0,390,fibroblast
0.0,391,fibroblast
0.0,392,fibroblast
0.0,393,fibroblast
0.0,394,fibroblast
0.0,395,fibroblast
0.0,396,fibroblast
0.0,397,fibroblast
0.0,398,fibroblast
0.0,399,fibroblast
0.0,400,fibroblast
0.0,401,fibroblast
0.0,402,fibroblast
0.0,403,fibroblast
0.0,404,fibroblast
0.0,405,fibroblast
0.0,406,fibroblast
0.0,407,fibroblast
0.0,408,fibroblast
0.0,409,fibroblast
0.0,410,fibroblast
0.0,411,fibroblast
0.0,412,fibroblast
0.0,413,fibroblast
0.0,414,fibroblast
0.0,415,fibroblast
0.0,416,fibroblast
0.0,417,fibroblast
0.0,418,fibroblast
0.0,419,fibroblast
0.0,420,fibroblast
0.0,421,fibroblast
0.0,422,fibroblast
0.0,423,fibroblast
0.0,424,fibroblast
0.0,425,fibroblast
0.0,426,fibroblast
0.0,427,fibroblast
0.0,428,fibroblast
0.0,429,fibroblast
0.0,430,fibroblast
0.0,431,fibroblast
0.0,432,fibroblast
0.0,433,fibroblast
0.0,434,fibroblast
0.0,435,fibroblast
0.0,436,fibroblast
0.0,437,fibroblast
0.0,438,fibroblast
0.0,439,fibroblast
0.0,440,fibroblast
0.0,441,fibroblast
0.0,442,hOSK
0.0,443,fibroblast
0.0,444,fibroblast
0.0,445,fibroblast
0.0,446,fibroblast
0.0,447,fibroblast
0.0,448,fibroblast
0.0,449,fibroblast
0.0,450,fibroblast
0.0,451,fibroblast
0.0,452,fibroblast
0.0,453,fibroblast
0.0,454,fibroblast
0.0,455,fibroblast
0.0,456,fibroblast
0.0,457,fibroblast
0.0,458,fibroblast
0.0,459,fibroblast
0.0,460,fibroblast
0.0,461,fibroblast
0.0,462,fibroblast
0.0,463,fibroblast
0.0,464,fibroblast
0.0,465,fibroblast
0.0,466,fibroblast
0.0,467,fibroblast
0.0,468,fibroblast
0.0,469,fibroblast
0.0,470,fibroblast
0.0,471,fibroblast
0.0,472,fibroblast
0.0,473,fibroblast
0.0,474,fibroblast
0.0,475,fibroblast
0.0,476,fibroblast
0.0,477,fibroblast
0.0,478,fibroblast
0.0,479,fibroblast
0.0,480,fibroblast
0.0,481,fibroblast
0.0,482,fibroblast
0.0,483,fibroblast
0.0,484,fibroblast
0.0,485,fibroblast
0.0,486,fibroblast
0.0,487,fibroblast
0.0,488,fibroblast
0.0,489,fibroblast
0.0,490,fibroblast
0.0,491,fibroblast
0.0,492,fibroblast
0.0,493,fibroblast
0.0,494,fibroblast
0.0,495,fibroblast
0.0,496,fibroblast
0.0,497,fibroblast
0.0,498,fibroblast
0.0,499,fibroblast
0.0,500,fibroblast
0.0,501,fibroblast
0.0,502,fibroblast
0.0,503,fibroblast
0.0,504,fibroblast
0.0,505,fibroblast
0.0,506,fibroblast
0.0,507,fibroblast
0.0,508,fibroblast
0.0,509,fibroblast
0.0,510,fibroblast
0.0,511,fibroblast
0.0,512,fibroblast
0.0,513,fibroblast
0.0,514,fibroblast
0.0,515,fibroblast
0.0,516,fibroblast
0.0,517,fibroblast
0.0,518,fibroblast
0.0,519,fibroblast
0.0,520,fibroblast
0.0,521,hOSK
0.0,522,fibroblast
0.0,523,fibroblast
0.0,524,fibroblast
0.0,525,fibroblast
0.0,526,fibroblast
0.0,527,fibroblast
0.0,528,fibroblast
0.0,529,fibroblast
0.0,530,fibroblast
0.0,531,fibroblast
0.0,532,fibroblast
0.0,533,fibroblast
0.0,534,fibroblast
0.0,535,fibroblast
0.0,536,fibroblast
0.0,537,fibroblast
0.0,538,fibroblast
0.0,539,fibroblast
0.0,540,fibroblast
0.0,541,fibroblast
0.0,542,fibroblast
0.0,543,fibroblast
0.0,544,fibroblast
0.0,545,fibroblast
0.0,546,fibroblast
0.0,547,fibroblast
0.0,548,fibroblast
0.0,549,fibroblast
0.0,550,fibroblast
0.0,551,fibroblast
0.0,552,fibroblast
0.0,553,fibroblast
0.0,554,fibroblast
0.0,555,fibroblast
0.0,556,fibroblast
0.0,557,fibroblast
0.0,558,fibroblast
0.0,559,fibroblast
0.0,560,fibroblast
0.0,561,fibroblast
0.0,562,fibroblast
0.0,563,fibroblast
0.0,564,fibroblast
0.0,565,fibroblast
0.0,566,fibroblast
0.0,567,fibroblast
0.0,568,fibroblast
0.0,569,fibroblast
0.0,570,fibroblast
0.0,571,fibroblast
0.0,572,fibroblast
0.0,573,fibroblast
0.0,574,fibroblast
0.0,575,fibroblast
0.0,576,fibroblast
0.0,577,fibroblast
0.0,578,fibroblast
0.0,579,fibroblast
0.0,580,fibroblast
0.0,581,fibroblast
0.0,582,fibroblast
0.0,583,fibroblast
0.0,584,fibroblast
0.0,585,fibroblast
0.0,586,fibroblast
0.0,587,fibroblast
0.0,588,fibroblast
0.0,589,fibroblast
0.0,590,fibroblast
0.0,591,fibroblast
0.0,592,fibroblast
0.0,593,fibroblast
0.0,594,fibroblast
0.0,595,fibroblast
0.0,596,fibroblast
0.0,597,fibroblast
0.0,598,fibroblast
0.0,599,fibroblast
0.0,600,fibroblast
0.0,601,fibroblast
0.0,602,fibroblast
0.0,603,fibroblast
0.0,604,fibroblast
0.0,605,fibroblast
0.0,606,fibroblast
0.0,607,fibroblast
0.0,608,fibroblast
0.0,609,fibroblast
0.0,610,fibroblast
0.0,611,fibroblast
0.0,612,fibroblast
0.0,613,fibroblast
0.0,614,fibroblast
0.0,615,fibroblast
0.0,616,fibroblast
0.0,617,fibroblast
0.0,618,fibroblast
0.0,619,fibroblast
0.0,620,fibroblast
0.0,621,fibroblast
0.0,622,fibroblast
0.0,623,fibroblast
0.0,624,fibroblast
0.0,625,fibroblast
0.0,626,fibroblast
0.0,627,fibroblast
0.0,628,fibroblast
0.0,629,fibroblast
0.0,630,fibroblast
0.0,631,fibroblast
0.0,632,fibroblast
0.0,633,fibroblast
0.0,634,fibroblast
0.0,635,fibroblast
0.0,636,fibroblast
0.0,637,fibroblast
0.0,638,fibroblast
0.0,639,fibroblast
0.0,640,fibroblast
0.0,641,fibroblast
0.0,642,fibroblast
0.0,643,fibroblast
0.0,644,fibroblast
0.0,645,fibroblast
0.0,646,fibroblast
0.0,647,fibroblast
0.0,648,fibroblast
0.0,649,fibroblast
0.0,650,hOSK
0.0,651,fibroblast
0.0,652,hOSK
0.0,653,fibroblast
0.0,654,fibroblast
0.0,655,fibroblast
0.0,656,fibroblast
0.0,657,fibroblast
0.0,658,fibroblast
0.0,659,fibroblast
0.0,660,fibroblast
0.0,661,fibroblast
0.0,662,fibroblast
0.0,663,fibroblast
0.0,664,fibroblast
0.0,665,fibroblast
0.0,666,fibroblast
0.0,667,fibroblast
0.0,668,fibroblast
0.0,669,fibroblast
0.0,670,fibroblast
0.0,671,fibroblast
0.0,672,fibroblast
0.0,673,fibroblast
0.0,674,fibroblast
0.0,675,fibroblast
0.0,676,keratinocyte_like
0.0,677,fibroblast
0.0,678,fibroblast
0.0,679,fibroblast
0.0,680,hOSK
0.0,681,fibroblast
0.0,682,fibroblast
0.0,683,fibroblast
0.0,684,fibroblast
0.0,685,fibroblast
0.0,686,fibroblast
0.0,687,fibroblast
0.0,688,fibroblast
0.0,689,hOSK
0.0,690,fibroblast
0.0,691,fibroblast
0.0,692,fibroblast
0.0,693,fibroblast
0.0,694,fibroblast
0.0,695,fibroblast
0.0,696,fibroblast
0.0,697,fibroblast
0.0,698,fibroblast
0.0,699,fibroblast
0.0,700,fibroblast
0.0,701,fibroblast
0.0,702,fibroblast
0.0,703,fibroblast
0.0,704,fibroblast
0.0,705,fibroblast
0.0,706,fibroblast
0.0,707,fibroblast
0.0,708,keratinocyte_like
0.0,709,fibroblast
0.0,710,fibroblast
0.0,711,fibroblast
0.0,712,fibroblast
0.0,713,fibroblast
0.0,714,fibroblast
0.0,715,fibroblast
0.0,716,fibroblast
0.0,717,fibroblast
0.0,718,fibroblast
0.0,719,fibroblast
0.0,720,fibroblast
0.0,721,fibroblast
0.0,722,fibroblast
0.0,723,fibroblast
0.0,724,fibroblast
0.0,725,fibroblast
0.0,726,fibroblast
0.0,727,fibroblast
0.0,728,fibroblast
0.0,729,fibroblast
0.0,730,fibroblast
0.0,731,fibroblast
0.0,732,fibroblast
0.0,733,fibroblast
0.0,734,fibroblast
0.0,735,fibroblast
0.0,736,fibroblast
0.0,737,fibroblast
0.0,738,fibroblast
0.0,739,fibroblast
0.0,740,fibroblast
0.0,741,fibroblast
0.0,742,fibroblast
0.0,743,fibroblast
0.0,744,fibroblast
0.0,745,fibroblast
0.0,746,fibroblast
0.0,747,fibroblast
0.0,748,fibroblast
0.0,749,fibroblast
0.0,750,fibroblast
0.0,751,fibroblast
0.0,752,fibroblast
0.0,753,fibroblast
0.0,754,fibroblast
0.0,755,fibroblast
0.0,756,fibroblast
0.0,757,fibroblast
0.0,758,fibroblast
0.0,759,fibroblast
0.0,760,hOSK
0.0,761,fibroblast
0.0,762,fibroblast
0.0,763,fibroblast
0.0,764,fibroblast
0.0,765,fibroblast
0.0,766,fibroblast
0.0,767,fibroblast
0.0,768,fibroblast
0.0,769,fibroblast
0.0,770,fibroblast
0.0,771,fibroblast
0.0,772,fibroblast
0.0,773,fibroblast
0.0,774,fibroblast
0.0,775,fibroblast
0.0,776,fibroblast
0.0,777,fibroblast
0.0,778,fibroblast
0.0,779,fibroblast
0.0,780,fibroblast
0.0,781,fibroblast
0.0,782,fibroblast
0.0,783,fibroblast
0.0,784,fibroblast
0.0,785,fibroblast
0.0,786,fibroblast
0.0,787,fibroblast
0.0,788,hOSK
0.0,789,fibroblast
0.0,790,fibroblast
0.0,791,fibroblast
0.0,792,fibroblast
0.0,793,fibroblast
0.0,794,fibroblast
0.0,795,fibroblast
0.0,796,fibroblast
0.0,797,fibroblast
0.0,798,fibroblast
0.0,799,fibroblast
0.0,800,fibroblast
0.0,801,fibroblast
0.0,802,fibroblast
0.0,803,fibroblast
0.0,804,fibroblast
0.0,805,fibroblast
0.0,806,fibroblast
0.0,807,fibroblast
0.0,808,fibroblast
0.0,809,fibroblast
0.0,810,fibroblast
0.0,811,fibroblast
0.0,812,fibroblast
0.0,813,fibroblast
0.0,814,fibroblast
0.0,815,fibroblast
0.0,816,fibroblast
0.0,817,fibroblast
0.0,818,fibroblast
0.0,819,fibroblast
0.0,820,fibroblast
0.0,821,fibroblast
0.0,822,fibroblast
0.0,823,fibroblast
0.0,824,fibroblast
0.0,825,fibroblast
0.0,826,fibroblast
0.0,827,fibroblast
0.0,828,fibroblast
0.0,829,fibroblast
0.0,830,fibroblast
0.0,831,fibroblast
0.0,832,fibroblast
0.0,833,fibroblast
0.0,834,fibroblast
0.0,835,fibroblast
0.0,836,fibroblast
0.0,837,fibroblast
0.0,838,fibroblast
0.0,839,fibroblast
0.0,840,fibroblast
0.0,841,fibroblast
0.0,842,fibroblast
0.0,843,fibroblast
0.0,844,fibroblast
0.0,845,fibroblast
0.0,846,fibroblast
0.0,847,fibroblast
0.0,848,fibroblast
0.0,849,fibroblast
0.0,850,fibroblast
0.0,851,fibroblast
0.0,852,fibroblast
0.0,853,fibroblast
0.0,854,fibroblast
0.0,855,fibroblast
0.0,856,fibroblast
0.0,857,fibroblast
0.0,858,fibroblast
0.0,859,fibroblast
0.0,860,fibroblast
0.0,861,fibroblast
0.0,862,fibroblast
0.0,863,fibroblast
0.0,864,fibroblast
0.0,865,fibroblast
0.0,866,fibroblast
0.0,867,fibroblast
0.0,868,fibroblast
0.0,869,fibroblast
0.0,870,fibroblast
0.0,871,fibroblast
0.0,872,fibroblast
0.0,873,fibroblast
0.0,874,fibroblast
0.0,875,fibroblast
0.0,876,hOSK
0.0,877,fibroblast
0.0,878,fibroblast
0.0,879,fibroblast
0.0,880,fibroblast
0.0,881,fibroblast
0.0,882,fibroblast
0.0,883,fibroblast
0.0,884,fibroblast
0.0,885,fibroblast
0.0,886,fibroblast
0.0,887,fibroblast
0.0,888,fibroblast
0.0,889,fibroblast
0.0,890,fibroblast
0.0,891,fibroblast
0.0,892,fibroblast
0.0,893,fibroblast
0.0,894,fibroblast
0.0,895,fibroblast
0.0,896,fibroblast
0.0,897,fibroblast
0.0,898,fibroblast
0.0,899,fibroblast
0.0,900,fibroblast
0.0,901,fibroblast
0.0,902,fibroblast
0.0,903,fibroblast
0.0,904,fibroblast
0.0,905,fibroblast
0.0,906,fibroblast
0.0,907,fibroblast
0.0,908,fibroblast
0.0,909,fibroblast
0.0,910,fibroblast
0.0,911,fibroblast
0.0,912,fibroblast
0.0,913,fibroblast
0.0,914,fibroblast
0.0,915,fibroblast
0.0,916,fibroblast
0.0,917,fibroblast
0.0,918,fibroblast
0.0,919,fibroblast
0.0,920,fibroblast
0.0,921,fibroblast
0.0,922,fibroblast
0.0,923,fibroblast
0.0,924,fibroblast
0.0,925,fibroblast
0.0,926,fibroblast
0.0,927,fibroblast
0.0,928,fibroblast
0.0,929,fibroblast
0.0,930,fibroblast
0.0,931,fibroblast
0.0,932,fibroblast
0.0,933,hOSK
0.0,934,fibroblast
0.0,935,fibroblast
0.0,936,fibroblast
0.0,937,fibroblast
0.0,938,fibroblast
0.0,939,fibroblast
0.0,940,fibroblast
0.0,941,fibroblast
0.0,942,fibroblast
0.0,943,fibroblast
0.0,944,fibroblast
0.0,945,fibroblast
0.0,946,keratinocyte_like
0.0,947,fibroblast
0.0,948,fibroblast
0.0,949,fibroblast
0.0,950,fibroblast
0.0,951,fibroblast
0.0,952,fibroblast
0.0,953,fibroblast
0.0,954,fibroblast
0.0,955,fibroblast
0.0,956,fibroblast
0.0,957,fibroblast
0.0,958,fibroblast
0.0,959,fibroblast
0.0,960,fibroblast
0.0,961,fibroblast
0.0,962,fibroblast
0.0,963,fibroblast
0.0,964,fibroblast
0.0,965,fibroblast
0.0,966,fibroblast
0.0,967,fibroblast
0.0,968,fibroblast
0.0,969,fibroblast
0.0,970,fibroblast
0.0,971,fibroblast
0.0,972,fibroblast
0.0,973,fibroblast
0.0,974,fibroblast
0.0,975,fibroblast
0.0,976,fibroblast
0.0,977,fibroblast
0.0,978,fibroblast
0.0,979,fibroblast
0.0,980,fibroblast
0.0,981,fibroblast
0.0,982,fibroblast
0.0,983,fibroblast
0.0,984,fibroblast
0.0,985,fibroblast
0.0,986,fibroblast
0.0,987,fibroblast
0.0,988,fibroblast
0.0,989,fibroblast
0.0,990,fibroblast
0.0,991,fibroblast
0.0,992,fibroblast
0.0,993,fibroblast
0.0,994,fibroblast
0.0,995,fibroblast
0.0,996,fibroblast
0.0,997,fibroblast
0.0,998,fibroblast
0.0,999,fibroblast
0.0,1000,fibroblast
0.0,1001,fibroblast
0.0,1002,fibroblast
0.0,1003,fibroblast
0.0,1004,fibroblast
0.0,1005,fibroblast
0.0,1006,fibroblast
0.0,1007,fibroblast
0.0,1008,fibroblast
0.0,1009,fibroblast
0.0,1010,fibroblast
0.0,1011,fibroblast
0.0,1012,fibroblast
0.0,1013,fibroblast
0.0,1014,fibroblast
0.0,1015,fibroblast
0.0,1016,fibroblast
0.0,1017,fibroblast
0.0,1018,fibroblast
0.0,1019,fibroblast
0.0,1020,hOSK
0.0,1021,fibroblast
0.0,1022,fibroblast
0.0,1023,fibroblast
0.0,1024,fibroblast
0.0,1025,fibroblast
0.0,1026,fibroblast
0.0,1027,fibroblast
0.0,1028,fibroblast
0.0,1029,fibroblast
0.0,1030,fibroblast
0.0,1031,fibroblast
0.0,1032,fibroblast
0.0,1033,fibroblast
0.0,1034,fibroblast
0.0,1035,fibroblast
0.0,1036,fibroblast
0.0,1037,fibroblast
0.0,1038,fibroblast
0.0,1039,fibroblast
0.0,1040,fibroblast
0.0,1041,fibroblast
0.0,1042,fibroblast
0.0,1043,fibroblast
0.0,1044,fibroblast
0.0,1045,fibroblast
0.0,1046,fibroblast
0.0,1047,fibroblast
0.0,1048,fibroblast
0.0,1049,fibroblast
0.0,1050,fibroblast
0.0,1051,fibroblast
0.0,1052,fibroblast
0.0,1053,fibroblast
0.0,1054,fibroblast
0.0,1055,fibroblast
0.0,1056,fibroblast
0.0,1057,fibroblast
0.0,1058,fibroblast
0.0,1059,fibroblast
0.0,1060,fibroblast
0.0,1061,fibroblast
0.0,1062,fibroblast
0.0,1063,fibroblast
0.0,1064,fibroblast
0.0,1065,fibroblast
0.0,1066,fibroblast
0.0,1067,fibroblast
0.0,1068,fibroblast
0.0,1069,fibroblast
0.0,1070,hOSK
0.0,1071,fibroblast
0.0,1072,fibroblast
0.0,1073,fibroblast
0.0,1074,fibroblast
0.0,1075,fibroblast
0.0,1076,fibroblast
0.0,1077,fibroblast
0.0,1078,fibroblast
0.0,1079,fibroblast
0.0,1080,fibroblast
0.0,1081,keratinocyte_like
0.0,1082,fibroblast
0.0,1083,fibroblast
0.0,1084,fibroblast
0.0,1085,fibroblast
0.0,1086,fibroblast
0.0,1087,fibroblast
0.0,1088,fibroblast
0.0,1089,fibroblast
0.0,1090,fibroblast
0.0,1091,fibroblast
0.0,1092,fibroblast
0.0,1093,fibroblast
0.0,1094,fibroblast
0.0,1095,fibroblast
0.0,1096,fibroblast
0.0,1097,fibroblast
0.0,1098,fibroblast
0.0,1099,fibroblast
0.0,1100,fibroblast
0.0,1101,fibroblast
0.0,1102,fibroblast
0.0,1103,fibroblast
0.0,1104,fibroblast
0.0,1105,fibroblast
0.0,1106,fibroblast
0.0,1107,fibroblast
0.0,1108,hOSK
0.0,1109,fibroblast
0.0,1110,fibroblast
0.0,1111,fibroblast
0.0,1112,fibroblast
0.0,1113,fibroblast
0.0,1114,fibroblast
0.0,1115,fibroblast
0.0,1116,fibroblast
0.0,1117,fibroblast
0.0,1118,fibroblast
0.0,1119,fibroblast
0.0,1120,hOSK
0.0,1121,fibroblast
0.0,1122,fibroblast
0.0,1123,fibroblast
0.0,1124,fibroblast
0.0,1125,fibroblast
0.0,1126,fibroblast
0.0,1127,fibroblast
0.0,1128,fibroblast
0.0,1129,fibroblast
0.0,1130,fibroblast
0.0,1131,fibroblast
0.0,1132,fibroblast
0.0,1133,fibroblast
0.0,1134,fibroblast
0.0,1135,fibroblast
0.0,1136,fibroblast
0.0,1137,fibroblast
0.0,1138,fibroblast
0.0,1139,fibroblast
0.0,1140,fibroblast
0.0,1141,fibroblast
0.0,1142,fibroblast
0.0,1143,fibroblast
0.0,1144,fibroblast
0.0,1145,fibroblast
0.0,1146,hOSK
0.0,1147,fibroblast
0.0,1148,fibroblast
0.0,1149,fibroblast
0.0,1150,fibroblast
0.0,1151,fibroblast
0.0,1152,fibroblast
0.0,1153,fibroblast
0.0,1154,fibroblast
0.0,1155,fibroblast
0.0,1156,fibroblast
0.0,1157,fibroblast
0.0,1158,fibroblast
0.0,1159,fibroblast
0.0,1160,fibroblast
0.0,1161,fibroblast
0.0,1162,fibroblast
0.0,1163,fibroblast
0.0,1164,fibroblast
0.0,1165,fibroblast
0.0,1166,fibroblast
0.0,1167,fibroblast
0.0,1168,fibroblast
0.0,1169,fibroblast
0.0,1170,fibroblast
0.0,1171,fibroblast
0.0,1172,fibroblast
0.0,1173,fibroblast
0.0,1174,fibroblast
0.0,1175,fibroblast
0.0,1176,fibroblast
0.0,1177,fibroblast
0.0,1178,fibroblast
0.0,1179,fibroblast
0.0,1180,fibroblast
0.0,1181,fibroblast
0.0,1182,hOSK
0.0,1183,fibroblast
0.0,1184,fibroblast
0.0,1185,fibroblast
0.0,1186,fibroblast
0.0,1187,fibroblast
0.0,1188,fibroblast
0.0,1189,fibroblast
0.0,1190,fibroblast
0.0,1191,fibroblast
0.0,1192,fibroblast
0.0,1193,fibroblast
0.0,1194,fibroblast
0.0,1195,fibroblast
0.0,1196,fibroblast
0.0,1197,fibroblast
0.0,1198,fibroblast
0.0,1199,fibroblast
0.0,1200,fibroblast
0.0,1201,fibroblast
0.0,1202,fibroblast
0.0,1203,fibroblast
0.0,1204,fibroblast
0.0,1205,fibroblast
0.0,1206,fibroblast
0.0,1207,fibroblast
0.0,1208,fibroblast
0.0,1209,fibroblast
0.0,1210,fibroblast
0.0,1211,fibroblast
0.0,1212,fibroblast
0.0,1213,fibroblast
0.0,1214,fibroblast
0.0,1215,fibroblast
0.0,1216,fibroblast
0.0,1217,fibroblast
0.0,1218,fibroblast
0.0,1219,fibroblast
0.0,1220,fibroblast
0.0,1221,fibroblast
0.0,1222,fibroblast
0.0,1223,fibroblast
0.0,1224,fibroblast
0.0,1225,hOSK
0.0,1226,fibroblast
0.0,1227,fibroblast
0.0,1228,fibroblast
0.0,1229,fibroblast
0.0,1230,fibroblast
0.0,1231,fibroblast
0.0,1232,fibroblast
0.0,1233,fibroblast
0.0,1234,fibroblast
0.0,1235,fibroblast
0.0,1236,fibroblast
0.0,1237,fibroblast
0.0,1238,fibroblast
0.0,1239,fibroblast
0.0,1240,fibroblast
0.0,1241,fibroblast
0.0,1242,fibroblast
0.0,1243,fibroblast
0.0,1244,fibroblast
0.0,1245,fibroblast
0.0,1246,fibroblast
0.0,1247,fibroblast
0.0,1248,fibroblast
0.0,1249,fibroblast
0.0,1250,fibroblast
0.0,1251,fibroblast
0.0,1252,fibroblast
0.0,1253,fibroblast
0.0,1254,fibroblast
0.0,1255,fibroblast
0.0,1256,fibroblast
0.0,1257,fibroblast
0.0,1258,fibroblast
0.0,1259,fibroblast
0.0,1260,fibroblast
0.0,1261,fibroblast
0.0,1262,fibroblast
0.0,1263,fibroblast
0.0,1264,fibroblast
0.0,1265,fibroblast
0.0,1266,fibroblast
0.0,1267,fibroblast
0.0,1268,fibroblast
0.0,1269,fibroblast
0.0,1270,fibroblast
0.0,1271,fibroblast
0.0,1272,fibroblast
0.0,1273,fibroblast
0.0,1274,fibroblast
0.0,1275,fibroblast
0.0,1276,fibroblast
0.0,1277,fibroblast
0.0,1278,fibroblast
0.0,1279,fibroblast
0.0,1280,fibroblast
0.0,1281,fibroblast
0.0,1282,fibroblast
0.0,1283,fibroblast
0.0,1284,fibroblast
0.0,1285,fibroblast
0.0,1286,fibroblast
0.0,1287,fibroblast
0.0,1288,fibroblast
0.0,1289,fibroblast
0.0,1290,fibroblast
0.0,1291,hOSK
0.0,1292,fibroblast
0.0,1293,fibroblast
0.0,1294,hOSK
0.0,1295,fibroblast
0.0,1296,fibroblast
0.0,1297,fibroblast
0.0,1298,fibroblast
0.0,1299,fibroblast
0.0,1300,fibroblast
0.0,1301,fibroblast
0.0,1302,fibroblast
0.0,1303,fibroblast
0.0,1304,fibroblast
0.0,1305,fibroblast
0.0,1306,fibroblast
0.0,1307,fibroblast
0.0,1308,fibroblast
0.0,1309,fibroblast
0.0,1310,fibroblast
0.0,1311,fibroblast
0.0,1312,fibroblast
0.0,1313,fibroblast
0.0,1314,fibroblast
0.0,1315,fibroblast
0.0,1316,fibroblast
0.0,1317,fibroblast
0.0,1318,fibroblast
0.0,1319,fibroblast
0.0,1320,fibroblast
0.0,1321,fibroblast
0.0,1322,fibroblast
0.0,1323,fibroblast
0.0,1324,fibroblast
0.0,1325,fibroblast
0.0,1326,fibroblast
0.0,1327,fibroblast
0.0,1328,fibroblast
0.0,1329,fibroblast
0.0,1330,fibroblast
0.0,1331,fibroblast
0.0,1332,fibroblast
0.0,1333,fibroblast
0.0,1334,fibroblast
0.0,1335,fibroblast
0.0,1336,fibroblast
0.0,1337,fibroblast
0.0,1338,fibroblast
0.0,1339,fibroblast
0.0,1340,fibroblast
0.0,1341,fibroblast
0.0,1342,fibroblast
0.0,1343,fibroblast
0.0,1344,fibroblast
0.0,1345,fibroblast
0.0,1346,fibroblast
0.0,1347,fibroblast
0.0,1348,fibroblast
0.0,1349,fibroblast
0.0,1350,fibroblast
0.0,1351,fibroblast
0.0,1352,fibroblast
0.0,1353,fibroblast
0.0,1354,fibroblast
0.0,1355,fibroblast
0.0,1356,fibroblast
0.0,1357,fibroblast
0.0,1358,fibroblast
0.0,1359,fibroblast
0.0,1360,fibroblast
0.0,1361,fibroblast
0.0,1362,fibroblast
0.0,1363,fibroblast
0.0,1364,fibroblast
0.0,1365,fibroblast
0.0,1366,fibroblast
0.0,1367,fibroblast
0.0,1368,fibroblast
0.0,1369,fibroblast
0.0,1370,fibroblast
0.0,1371,fibroblast
0.0,1372,fibroblast
0.0,1373,fibroblast
0.0,1374,fibroblast
0.0,1375,fibroblast
0.0,1376,fibroblast
0.0,1377,fibroblast
0.0,1378,fibroblast
0.0,1379,fibroblast
0.0,1380,fibroblast
0.0,1381,fibroblast
0.0,1382,fibroblast
0.0,1383,fibroblast
0.0,1384,fibroblast
0.0,1385,fibroblast
0.0,1386,hOSK
0.0,1387,fibroblast
0.0,1388,fibroblast
0.0,1389,fibroblast
0.0,1390,fibroblast
0.0,1391,fibroblast
0.0,1392,fibroblast
0.0,1393,fibroblast
0.0,1394,fibroblast
0.0,1395,fibroblast
0.0,1396,fibroblast
0.0,1397,fibroblast
0.0,1398,fibroblast
0.0,1399,fibroblast
0.0,1400,fibroblast
0.0,1401,fibroblast
0.0,1402,fibroblast
0.0,1403,fibroblast
0.0,1404,fibroblast
0.0,1405,fibroblast
0.0,1406,fibroblast
0.0,1407,fibroblast
0.0,1408,fibroblast
0.0,1409,fibroblast
0.0,1410,fibroblast
0.0,1411,fibroblast
0.0,1412,fibroblast
0.0,1413,fibroblast
0.0,1414,fibroblast
0.0,1415,fibroblast
0.0,1416,fibroblast
0.0,1417,fibroblast
0.0,1418,fibroblast
0.0,1419,fibroblast
0.0,1420,fibroblast
0.0,1421,fibroblast
0.0,1422,fibroblast
0.0,1423,fibroblast
0.0,1424,fibroblast
0.0,1425,fibroblast
0.0,1426,fibroblast
0.0,1427,fibroblast
0.0,1428,fibroblast
0.0,1429,fibroblast
0.0,1430,fibroblast
0.0,1431,fibroblast
0.0,1432,fibroblast
0.0,1433,fibroblast
0.0,1434,fibroblast
0.0,1435,fibroblast
0.0,1436,fibroblast
0.0,1437,fibroblast
0.0,1438,fibroblast
0.0,1439,fibroblast
0.0,1440,fibroblast
0.0,1441,fibroblast
0.0,1442,fibroblast
0.0,1443,fibroblast
0.0,1444,fibroblast
0.0,1445,fibroblast
0.0,1446,fibroblast
0.0,1447,fibroblast
0.0,1448,fibroblast
0.0,1449,fibroblast
0.0,1450,fibroblast
0.0,1451,fibroblast
0.0,1452,fibroblast
0.0,1453,fibroblast
0.0,1454,fibroblast
0.0,1455,fibroblast
0.0,1456,fibroblast
0.0,1457,fibroblast
0.0,1458,fibroblast
0.0,1459,fibroblast
0.0,1460,fibroblast
0.0,1461,fibroblast
0.0,1462,fibroblast
0.0,1463,fibroblast
0.0,1464,fibroblast
0.0,1465,fibroblast
0.0,1466,fibroblast
0.0,1467,fibroblast
0.0,1468,fibroblast
0.0,1469,fibroblast
0.0,1470,fibroblast
0.0,1471,fibroblast
0.0,1472,fibroblast
0.0,1473,fibroblast
0.0,1474,fibroblast
0.0,1475,fibroblast
0.0,1476,fibroblast
0.0,1477,fibroblast
0.0,1478,fibroblast
0.0,1479,fibroblast
0.0,1480,fibroblast
0.0,1481,fibroblast
0.0,1482,fibroblast
0.0,1483,fibroblast
0.0,1484,fibroblast
0.0,1485,fibroblast
0.0,1486,fibroblast
0.0,1487,fibroblast
0.0,1488,fibroblast
0.0,1489,fibroblast
0.0,1490,fibroblast
0.0,1491,fibroblast
0.0,1492,fibroblast
0.0,1493,fibroblast
0.0,1494,fibroblast
0.0,1495,fibroblast
0.0,1496,hOSK
0.0,1497,fibroblast
0.0,1498,fibroblast
0.0,1499,hOSK
0.0,1500,hOSK
0.0,1501,fibroblast
0.0,1502,fibroblast
0.0,1503,fibroblast
0.0,1504,fibroblast
0.0,1505,fibroblast
0.0,1506,fibroblast
0.0,1507,fibroblast
0.0,1508,fibroblast
0.0,1509,fibroblast
0.0,1510,fibroblast
0.0,1511,fibroblast
0.0,1512,fibroblast
0.0,1513,fibroblast
0.0,1514,fibroblast
0.0,1515,fibroblast
0.0,1516,fibroblast
0.0,1517,fibroblast
0.0,1518,fibroblast
0.0,1519,fibroblast
0.0,1520,fibroblast
0.0,1521,fibroblast
0.0,1522,fibroblast
0.0,1523,fibroblast
0.0,1524,fibroblast
0.0,1525,fibroblast
0.0,1526,fibroblast
0.0,1527,fibroblast
0.0,1528,fibroblast
0.0,1529,fibroblast
0.0,1530,fibroblast
0.0,1531,fibroblast
0.0,1532,fibroblast
0.0,1533,fibroblast
0.0,1534,fibroblast
0.0,1535,fibroblast
0.0,1536,fibroblast
0.0,1537,fibroblast
0.0,1538,fibroblast
0.0,1539,fibroblast
0.0,1540,fibroblast
0.0,1541,fibroblast
0.0,1542,fibroblast
0.0,1543,fibroblast
0.0,1544,fibroblast
0.0,1545,fibroblast
0.0,1546,fibroblast
0.0,1547,fibroblast
0.0,1548,fibroblast
0.0,1549,fibroblast
0.0,1550,fibroblast
0.0,1551,fibroblast
0.0,1552,fibroblast
0.0,1553,fibroblast
0.0,1554,fibroblast
0.0,1555,fibroblast
0.0,1556,fibroblast
0.0,1557,fibroblast
0.0,1558,fibroblast
0.0,1559,fibroblast
0.0,1560,fibroblast
0.0,1561,fibroblast
0.0,1562,fibroblast
0.0,1563,fibroblast
0.0,1564,fibroblast
0.0,1565,fibroblast
0.0,1566,fibroblast
0.0,1567,fibroblast
0.0,1568,fibroblast
0.0,1569,fibroblast
0.0,1570,fibroblast
0.0,1571,hOSK
0.0,1572,fibroblast
0.0,1573,fibroblast
0.0,1574,fibroblast
0.0,1575,hOSK
0.0,1576,fibroblast
0.0,1577,fibroblast
0.0,1578,fibroblast
0.0,1579,fibroblast
0.0,1580,fibroblast
0.0,1581,fibroblast
0.0,1582,fibroblast
0.0,1583,fibroblast
0.0,1584,fibroblast
0.0,1585,fibroblast
0.0,1586,fibroblast
0.0,1587,fibroblast
0.0,1588,fibroblast
0.0,1589,fibroblast
0.0,1590,fibroblast
0.0,1591,fibroblast
0.0,1592,fibroblast
0.0,1593,fibroblast
0.0,1594,fibroblast
0.0,1595,fibroblast
0.0,1596,fibroblast
0.0,1597,fibroblast
0.0,1598,fibroblast
0.0,1599,fibroblast
0.0,1600,fibroblast
0.0,1601,fibroblast
0.0,1602,fibroblast
0.0,1603,fibroblast
0.0,1604,fibroblast
0.0,1605,fibroblast
0.0,1606,fibroblast
0.0,1607,fibroblast
0.0,1608,fibroblast
0.0,1609,fibroblast
0.0,1610,fibroblast
0.0,1611,fibroblast
0.0,1612,fibroblast
0.0,1613,fibroblast
0.0,1614,fibroblast
0.0,1615,fibroblast
0.0,1616,fibroblast
0.0,1617,fibroblast
0.0,1618,fibroblast
0.0,1619,fibroblast
0.0,1620,fibroblast
0.0,1621,fibroblast
0.0,1622,fibroblast
0.0,1623,fibroblast
0.0,1624,fibroblast
0.0,1625,fibroblast
0.0,1626,fibroblast
0.0,1627,fibroblast
0.0,1628,fibroblast
0.0,1629,fibroblast
0.0,1630,fibroblast
0.0,1631,fibroblast
0.0,1632,fibroblast
0.0,1633,fibroblast
0.0,1634,fibroblast
0.0,1635,fibroblast
0.0,1636,fibroblast
0.0,1637,fibroblast
0.0,1638,fibroblast
0.0,1639,fibroblast
0.0,1640,fibroblast
0.0,1641,fibroblast
0.0,1642,fibroblast
0.0,1643,fibroblast
0.0,1644,fibroblast
0.0,1645,fibroblast
0.0,1646,fibroblast
0.0,1647,fibroblast
0.0,1648,fibroblast
0.0,1649,fibroblast
0.0,1650,fibroblast
0.0,1651,fibroblast
0.0,1652,fibroblast
0.0,1653,fibroblast
0.0,1654,fibroblast
0.0,1655,fibroblast
0.0,1656,fibroblast
0.0,1657,fibroblast
0.0,1658,fibroblast
0.0,1659,fibroblast
0.0,1660,fibroblast
0.0,1661,fibroblast
0.0,1662,fibroblast
0.0,1663,fibroblast
0.0,1664,fibroblast
0.0,1665,fibroblast
0.0,1666,fibroblast
0.0,1667,hOSK
0.0,1668,fibroblast
0.0,1669,fibroblast
0.0,1670,fibroblast
0.0,1671,fibroblast
0.0,1672,fibroblast
0.0,1673,fibroblast
0.0,1674,fibroblast
0.0,1675,fibroblast
0.0,1676,fibroblast
0.0,1677,fibroblast
0.0,1678,fibroblast
0.0,1679,fibroblast
0.0,1680,fibroblast
0.0,1681,fibroblast
0.0,1682,fibroblast
0.0,1683,fibroblast
0.0,1684,fibroblast
0.0,1685,fibroblast
0.0,1686,fibroblast
0.0,1687,keratinocyte_like
0.0,1688,fibroblast
0.0,1689,fibroblast
0.0,1690,fibroblast
0.0,1691,fibroblast
0.0,1692,fibroblast
0.0,1693,fibroblast
0.0,1694,fibroblast
0.0,1695,fibroblast
0.0,1696,fibroblast
0.0,1697,fibroblast
0.0,1698,fibroblast
0.0,1699,fibroblast
0.0,1700,fibroblast
0.0,1701,fibroblast
0.0,1702,fibroblast
0.0,1703,fibroblast
0.0,1704,fibroblast
0.0,1705,fibroblast
0.0,1706,fibroblast
0.0,1707,fibroblast
0.0,1708,fibroblast
0.0,1709,fibroblast
0.0,1710,fibroblast
0.0,1711,fibroblast
0.0,1712,fibroblast
0.0,1713,fibroblast
0.0,1714,fibroblast
0.0,1715,fibroblast
0.0,1716,fibroblast
0.0,1717,fibroblast
0.0,1718,fibroblast
0.0,1719,fibroblast
0.0,1720,fibroblast
0.0,1721,fibroblast
0.0,1722,fibroblast
0.0,1723,hOSK
0.0,1724,fibroblast
0.0,1725,fibroblast
0.0,1726,fibroblast
0.0,1727,fibroblast
0.0,1728,fibroblast
0.0,1729,fibroblast
0.0,1730,fibroblast
0.0,1731,fibroblast
0.0,1732,fibroblast
0.0,1733,fibroblast
0.0,1734,fibroblast
0.0,1735,fibroblast
0.0,1736,fibroblast
0.0,1737,fibroblast
0.0,1738,fibroblast
0.0,1739,fibroblast
0.0,1740,fibroblast
0.0,1741,fibroblast
0.0,1742,fibroblast
0.0,1743,fibroblast
0.0,1744,fibroblast
0.0,1745,fibroblast
0.0,1746,fibroblast
0.0,1747,fibroblast
0.0,1748,fibroblast
0.0,1749,fibroblast
0.0,1750,fibroblast
0.0,1751,fibroblast
0.0,1752,fibroblast
0.0,1753,fibroblast
0.0,1754,fibroblast
0.0,1755,fibroblast
0.0,1756,fibroblast
0.0,1757,keratinocyte_like
0.0,1758,fibroblast
0.0,1759,fibroblast
0.0,1760,hOSK
0.0,1761,fibroblast
0.0,1762,fibroblast
0.0,1763,fibroblast
0.0,1764,fibroblast
0.0,1765,fibroblast
0.0,1766,fibroblast
0.0,1767,fibroblast
0.0,1768,fibroblast
0.0,1769,fibroblast
0.0,1770,fibroblast
0.0,1771,fibroblast
0.0,1772,fibroblast
0.0,1773,fibroblast
0.0,1774,fibroblast
0.0,1775,fibroblast
0.0,1776,fibroblast
0.0,1777,fibroblast
0.0,1778,fibroblast
0.0,1779,fibroblast
0.0,1780,fibroblast
0.0,1781,fibroblast
0.0,1782,fibroblast
0.0,1783,fibroblast
0.0,1784,fibroblast
0.0,1785,fibroblast
0.0,1786,fibroblast
0.0,1787,fibroblast
0.0,1788,fibroblast
0.0,1789,fibroblast
0.0,1790,fibroblast
0.0,1791,fibroblast
0.0,1792,fibroblast
0.0,1793,fibroblast
0.0,1794,fibroblast
0.0,1795,fibroblast
0.0,1796,fibroblast
0.0,1797,fibroblast
0.0,1798,fibroblast
0.0,1799,fibroblast
0.0,1800,fibroblast
0.0,1801,fibroblast
0.0,1802,fibroblast
0.0,1803,fibroblast
0.0,1804,fibroblast
0.0,1805,fibroblast
0.0,1806,fibroblast
0.0,1807,fibroblast
0.0,1808,fibroblast
0.0,1809,fibroblast
0.0,1810,fibroblast
0.0,1811,fibroblast
0.0,1812,fibroblast
0.0,1813,fibroblast
0.0,1814,keratinocyte_like
0.0,1815,fibroblast
0.0,1816,fibroblast
0.0,1817,fibroblast
0.0,1818,fibroblast
0.0,1819,fibroblast
0.0,1820,fibroblast
0.0,1821,fibroblast
0.0,1822,hOSK
0.0,1823,fibroblast
0.0,1824,fibroblast
0.0,1825,fibroblast
0.0,1826,fibroblast
0.0,1827,fibroblast
0.0,1828,fibroblast
0.0,1829,fibroblast
0.0,1830,fibroblast
0.0,1831,fibroblast
0.0,1832,fibroblast
0.0,1833,fibroblast
0.0,1834,fibroblast
0.0,1835,fibroblast
0.0,1836,fibroblast
0.0,1837,fibroblast
0.0,1838,fibroblast
0.0,1839,fibroblast
0.0,1840,fibroblast
0.0,1841,fibroblast
0.0,1842,fibroblast
0.0,1843,fibroblast
0.0,1844,fibroblast
0.0,1845,fibroblast
0.0,1846,fibroblast
0.0,1847,fibroblast
0.0,1848,fibroblast
0.0,1849,hOSK
0.0,1850,fibroblast
0.0,1851,fibroblast
0.0,1852,fibroblast
0.0,1853,fibroblast
0.0,1854,fibroblast
0.0,1855,fibroblast
0.0,1856,fibroblast
0.0,1857,fibroblast
0.0,1858,fibroblast
0.0,1859,fibroblast
0.0,1860,fibroblast
0.0,1861,fibroblast
0.0,1862,fibroblast
0.0,1863,fibroblast
0.0,1864,fibroblast
0.0,1865,fibroblast
0.0,1866,fibroblast
0.0,1867,fibroblast
0.0,1868,fibroblast
0.0,1869,fibroblast
0.0,1870,fibroblast
0.0,1871,fibroblast
0.0,1872,fibroblast
0.0,1873,fibroblast
0.0,1874,fibroblast
0.0,1875,fibroblast
0.0,1876,fibroblast
0.0,1877,fibroblast
0.0,1878,fibroblast
0.0,1879,fibroblast
0.0,1880,fibroblast
0.0,1881,fibroblast
0.0,1882,fibroblast
0.0,1883,fibroblast
0.0,1884,fibroblast
0.0,1885,fibroblast
0.0,1886,fibroblast
0.0,1887,fibroblast
0.0,1888,fibroblast
0.0,1889,fibroblast
0.0,1890,fibroblast
0.0,1891,fibroblast
0.0,1892,fibroblast
0.0,1893,fibroblast
0.0,1894,fibroblast
0.0,1895,fibroblast
0.0,1896,fibroblast
0.0,1897,fibroblast
0.0,1898,fibroblast
0.0,1899,fibroblast
0.0,1900,fibroblast
0.0,1901,fibroblast
0.0,1902,fibroblast
0.0,1903,fibroblast
0.0,1904,fibroblast
0.0,1905,fibroblast
0.0,1906,fibroblast
0.0,1907,fibroblast
0.0,1908,fibroblast
0.0,1909,fibroblast
0.0,1910,fibroblast
0.0,1911,fibroblast
0.0,1912,fibroblast
0.0,1913,fibroblast
0.0,1914,fibroblast
0.0,1915,fibroblast
0.0,1916,fibroblast
0.0,1917,fibroblast
0.0,1918,fibroblast
0.0,1919,fibroblast
0.0,1920,fibroblast
0.0,1921,fibroblast
0.0,1922,fibroblast
0.0,1923,fibroblast
0.0,1924,fibroblast
0.0,1925,fibroblast
0.0,1926,fibroblast
0.0,1927,fibroblast
0.0,1928,fibroblast
0.0,1929,fibroblast
0.0,1930,fibroblast
0.0,1931,fibroblast
0.0,1932,fibroblast
0.0,1933,fibroblast
0.0,1934,fibroblast
0.0,1935,fibroblast
0.0,1936,fibroblast
0.0,1937,fibroblast
0.0,1938,fibroblast
0.0,1939,fibroblast
0.0,1940,fibroblast
0.0,1941,fibroblast
0.0,1942,fibroblast
0.0,1943,fibroblast
0.0,1944,fibroblast
0.0,1945,fibroblast
0.0,1946,fibroblast
0.0,1947,fibroblast
0.0,1948,fibroblast
0.0,1949,fibroblast
0.0,1950,fibroblast
0.0,1951,keratinocyte_like
0.0,1952,fibroblast
0.0,1953,fibroblast
0.0,1954,fibroblast
0.0,1955,fibroblast
0.0,1956,fibroblast
0.0,1957,fibroblast
0.0,1958,fibroblast
0.0,1959,fibroblast
0.0,1960,fibroblast
0.0,1961,fibroblast
0.0,1962,fibroblast
0.0,1963,fibroblast
0.0,1964,fibroblast
0.0,1965,fibroblast
0.0,1966,fibroblast
0.0,1967,fibroblast
0.0,1968,fibroblast
0.0,1969,fibroblast
0.0,1970,fibroblast
0.0,1971,fibroblast
0.0,1972,fibroblast
0.0,1973,fibroblast
0.0,1974,fibroblast
0.0,1975,fibroblast
0.0,1976,fibroblast
0.0,1977,fibroblast
0.0,1978,fibroblast
0.0,1979,fibroblast
0.0,1980,fibroblast
0.0,1981,fibroblast
0.0,1982,fibroblast
0.0,1983,fibroblast
0.0,1984,fibroblast
0.0,1985,fibroblast
0.0,1986,fibroblast
0.0,1987,fibroblast
0.0,1988,fibroblast
0.0,1989,fibroblast
0.0,1990,fibroblast
0.0,1991,fibroblast
0.0,1992,fibroblast
0.0,1993,fibroblast
0.0,1994,fibroblast
0.0,1995,fibroblast
0.0,1996,fibroblast
0.0,1997,fibroblast
0.0,1998,fibroblast
0.0,1999,fibroblast
2.0,0,fibroblast
2.0,1,keratinocyte_like
2.0,2,hOSK
2.0,3,hOSK
2.0,4,fibroblast
2.0,5,hOSK
2.0,6,hOSK
2.0,7,keratinocyte_like
2.0,8,hOSK
2.0,9,fibroblast
2.0,10,keratinocyte_like
2.0,11,fibroblast
2.0,12,hOSK
2.0,13,fibroblast
2.0,14,hOSK
2.0,15,keratinocyte_like
2.0,16,keratinocyte_like
2.0,17,fibroblast
2.0,18,fibroblast
2.0,19,keratinocyte_like
2.0,20,fibroblast
2.0,21,hOSK
2.0,22,hOSK
2.0,23,fibroblast
2.0,24,keratinocyte_like
2.0,25,keratinocyte_like
2.0,26,fibroblast
2.0,27,hOSK
2.0,28,hOSK
2.0,29,hOSK
2.0,30,keratinocyte_like
2.0,31,keratinocyte_like
2.0,32,hOSK
2.0,33,fibroblast
2.0,34,keratinocyte_like
2.0,35,keratinocyte_like
2.0,36,fibroblast
2.0,37,fibroblast
2.0,38,fibroblast
2.0,39,keratinocyte_like
2.0,40,fibroblast
2.0,41,keratinocyte_like
2.0,42,keratinocyte_like
2.0,43,fibroblast
2.0,44,hOSK
2.0,45,keratinocyte_like
2.0,46,fibroblast
2.0,47,fibroblast
2.0,48,hOSK
2.0,49,hOSK
2.0,50,fibroblast
2.0,51,keratinocyte_like
2.0,52,fibroblast
2.0,53,fibroblast
2.0,54,keratinocyte_like
2.0,55,keratinocyte_like
2.0,56,keratinocyte_like
2.0,57,keratinocyte_like
2.0,58,keratinocyte_like
2.0,59,fibroblast
2.0,60,keratinocyte_like
2.0,61,hOSK
2.0,62,keratinocyte_like
2.0,63,keratinocyte_like
2.0,64,hOSK
2.0,65,fibroblast
2.0,66,hOSK
2.0,67,hOSK
2.0,68,hOSK
2.0,69,keratinocyte_like
2.0,70,fibroblast
2.0,71,keratinocyte_like
2.0,72,hOSK
2.0,73,keratinocyte_like
2.0,74,fibroblast
2.0,75,keratinocyte_like
2.0,76,fibroblast
2.0,77,hOSK
2.0,78,keratinocyte_like
2.0,79,keratinocyte_like
2.0,80,hOSK
2.0,81,keratinocyte_like
2.0,82,hOSK
2.0,83,keratinocyte_like
2.0,84,keratinocyte_like
2.0,85,hOSK
2.0,86,hOSK
2.0,87,fibroblast
2.0,88,hOSK
2.0,89,keratinocyte_like
2.0,90,fibroblast
2.0,91,fibroblast
2.0,92,keratinocyte_like
2.0,93,fibroblast
2.0,94,hOSK
2.0,95,keratinocyte_like
2.0,96,fibroblast
2.0,97,hOSK
2.0,98,fibroblast
2.0,99,fibroblast
2.0,100,keratinocyte_like
2.0,101,hOSK
2.0,102,hOSK
2.0,103,hOSK
2.0,104,fibroblast
2.0,105,keratinocyte_like
2.0,106,keratinocyte_like
2.0,107,fibroblast
2.0,108,hOSK
2.0,109,keratinocyte_like
2.0,110,keratinocyte_like
2.0,111,keratinocyte_like
2.0,112,hOSK
2.0,113,hOSK
2.0,114,keratinocyte_like
2.0,115,fibroblast
2.0,116,hOSK
2.0,117,hOSK
2.0,118,keratinocyte_like
2.0,119,hOSK
2.0,120,hOSK
2.0,121,hOSK
2.0,122,hOSK
2.0,123,fibroblast
2.0,124,fibroblast
2.0,125,fibroblast
2.0,126,hOSK
2.0,127,keratinocyte_like
2.0,128,keratinocyte_like
2.0,129,fibroblast
2.0,130,keratinocyte_like
2.0,131,hOSK
2.0,132,hOSK
2.0,133,hOSK
2.0,134,keratinocyte_like
2.0,135,fibroblast
2.0,136,keratinocyte_like
2.0,137,hOSK
2.0,138,keratinocyte_like
2.0,139,hOSK
2.0,140,keratinocyte_like
2.0,141,keratinocyte_like
2.0,142,keratinocyte_like
2.0,143,fibroblast
2.0,144,fibroblast
2.0,145,hOSK
2.0,146,keratinocyte_like
2.0,147,keratinocyte_like
2.0,148,keratinocyte_like
2.0,149,fibroblast
2.0,150,fibroblast
2.0,151,hOSK
2.0,152,hOSK
2.0,153,keratinocyte_like
2.0,154,hOSK
2.0,155,hOSK
2.0,156,hOSK
2.0,157,fibroblast
2.0,158,hOSK
2.0,159,hOSK
2.0,160,hOSK
2.0,161,keratinocyte_like
2.0,162,fibroblast
2.0,163,keratinocyte_like
2.0,164,keratinocyte_like
2.0,165,fibroblast
2.0,166,fibroblast
2.0,167,keratinocyte_like
2.0,168,fibroblast
2.0,169,fibroblast
2.0,170,keratinocyte_like
2.0,171,keratinocyte_like
2.0,172,hOSK
2.0,173,hOSK
2.0,174,hOSK
2.0,175,hOSK
2.0,176,fibroblast
2.0,177,hOSK
2.0,178,keratinocyte_like
2.0,179,fibroblast
2.0,180,fibroblast
2.0,181,hOSK
2.0,182,keratinocyte_like
2.0,183,keratinocyte_like
2.0,184,hOSK
2.0,185,keratinocyte_like
2.0,186,hOSK
2.0,187,fibroblast
2.0,188,hOSK
2.0,189,keratinocyte_like
2.0,190,fibroblast
2.0,191,fibroblast
2.0,192,keratinocyte_like
2.0,193,keratinocyte_like
2.0,194,keratinocyte_like
2.0,195,keratinocyte_like
2.0,196,keratinocyte_like
2.0,197,fibroblast
2.0,198,keratinocyte_like
2.0,199,hOSK
2.0,200,keratinocyte_like
2.0,201,hOSK
2.0,202,keratinocyte_like
2.0,203,fibroblast
2.0,204,fibroblast
2.0,205,keratinocyte_like
2.0,206,keratinocyte_like
2.0,207,fibroblast
2.0,208,keratinocyte_like
2.0,209,fibroblast
2.0,210,hOSK
2.0,211,keratinocyte_like
2.0,212,hOSK
2.0,213,fibroblast
2.0,214,fibroblast
2.0,215,keratinocyte_like
2.0,216,fibroblast
2.0,217,fibroblast
2.0,218,hOSK
2.0,219,fibroblast
2.0,220,hOSK
2.0,221,hOSK
2.0,222,keratinocyte_like
2.0,223,fibroblast
2.0,224,fibroblast
2.0,225,fibroblast
2.0,226,fibroblast
2.0,227,keratinocyte_like
2.0,228,fibroblast
2.0,229,fibroblast
2.0,230,fibroblast
2.0,231,keratinocyte_like
2.0,232,hOSK
2.0,233,hOSK
2.0,234,keratinocyte_like
2.0,235,fibroblast
2.0,236,keratinocyte_like
2.0,237,keratinocyte_like
2.0,238,hOSK
2.0,239,keratinocyte_like
2.0,240,hOSK
2.0,241,hOSK
2.0,242,hOSK
2.0,243,fibroblast
2.0,244,keratinocyte_like
2.0,245,hOSK
2.0,246,keratinocyte_like
2.0,247,hOSK
2.0,248,keratinocyte_like
2.0,249,hOSK
2.0,250,keratinocyte_like
2.0,251,hOSK
2.0,252,fibroblast
2.0,253,hOSK
2.0,254,keratinocyte_like
2.0,255,keratinocyte_like
2.0,256,keratinocyte_like
2.0,257,fibroblast
2.0,258,keratinocyte_like
2.0,259,keratinocyte_like
2.0,260,fibroblast
2.0,261,fibroblast
2.0,262,fibroblast
2.0,263,hOSK
2.0,264,keratinocyte_like
2.0,265,hOSK
2.0,266,hOSK
2.0,267,hOSK
2.0,268,fibroblast
2.0,269,keratinocyte_like
2.0,270,hOSK
2.0,271,hOSK
2.0,272,hOSK
2.0,273,hOSK
2.0,274,hOSK
2.0,275,fibroblast
2.0,276,fibroblast
2.0,277,fibroblast
2.0,278,fibroblast
2.0,279,keratinocyte_like
2.0,280,fibroblast
2.0,281,keratinocyte_like
2.0,282,keratinocyte_like
2.0,283,hOSK
2.0,284,fibroblast
2.0,285,fibroblast
2.0,286,fibroblast
2.0,287,hOSK
2.0,288,hOSK
2.0,289,fibroblast
2.0,290,keratinocyte_like
2.0,291,keratinocyte_like
2.0,292,hOSK
2.0,293,fibroblast
2.0,294,fibroblast
2.0,295,fibroblast
2.0,296,hOSK
2.0,297,fibroblast
2.0,298,fibroblast
2.0,299,keratinocyte_like
2.0,300,hOSK
2.0,301,hOSK
2.0,302,keratinocyte_like
2.0,303,fibroblast
2.0,304,keratinocyte_like
2.0,305,hOSK
2.0,306,fibroblast
2.0,307,keratinocyte_like
2.0,308,fibroblast
2.0,309,keratinocyte_like
2.0,310,hOSK
2.0,311,keratinocyte_like
2.0,312,fibroblast
2.0,313,keratinocyte_like
2.0,314,hOSK
2.0,315,hOSK
2.0,316,keratinocyte_like
2.0,317,keratinocyte_like
2.0,318,keratinocyte_like
2.0,319,hOSK
2.0,320,fibroblast
2.0,321,keratinocyte_like
2.0,322,hOSK
2.0,323,keratinocyte_like
2.0,324,hOSK
2.0,325,hOSK
2.0,326,keratinocyte_like
2.0,327,fibroblast
2.0,328,keratinocyte_like
2.0,329,fibroblast
2.0,330,keratinocyte_like
2.0,331,fibroblast
2.0,332,keratinocyte_like
2.0,333,fibroblast
2.0,334,hOSK
2.0,335,keratinocyte_like
2.0,336,fibroblast
2.0,337,hOSK
2.0,338,hOSK
2.0,339,keratinocyte_like
2.0,340,fibroblast
2.0,341,hOSK
2.0,342,hOSK
2.0,343,fibroblast
2.0,344,fibroblast
2.0,345,fibroblast
2.0,346,keratinocyte_like
2.0,347,fibroblast
2.0,348,hOSK
2.0,349,fibroblast
2.0,350,hOSK
2.0,351,fibroblast
2.0,352,keratinocyte_like
2.0,353,hOSK
2.0,354,keratinocyte_like
2.0,355,hOSK
2.0,356,keratinocyte_like
2.0,357,keratinocyte_like
2.0,358,fibroblast
2.0,359,keratinocyte_like
2.0,360,hOSK
2.0,361,fibroblast
2.0,362,keratinocyte_like
2.0,363,keratinocyte_like
2.0,364,hOSK
2.0,365,keratinocyte_like
2.0,366,hOSK
2.0,367,hOSK
2.0,368,fibroblast
2.0,369,hOSK
2.0,370,hOSK
2.0,371,hOSK
2.0,372,keratinocyte_like
2.0,373,fibroblast
2.0,374,keratinocyte_like
2.0,375,fibroblast
2.0,376,fibroblast
2.0,377,fibroblast
2.0,378,fibroblast
2.0,379,hOSK
2.0,380,keratinocyte_like
2.0,381,keratinocyte_like
2.0,382,hOSK
2.0,383,fibroblast
2.0,384,hOSK
2.0,385,fibroblast
2.0,386,keratinocyte_like
2.0,387,keratinocyte_like
2.0,388,keratinocyte_like
2.0,389,hOSK
2.0,390,keratinocyte_like
2.0,391,hOSK
2.0,392,keratinocyte_like
2.0,393,fibroblast
2.0,394,keratinocyte_like
2.0,395,hOSK
2.0,396,fibroblast
2.0,397,hOSK
2.0,398,fibroblast
2.0,399,hOSK
2.0,400,hOSK
2.0,401,hOSK
2.0,402,hOSK
2.0,403,fibroblast
2.0,404,keratinocyte_like
2.0,405,fibroblast
2.0,406,keratinocyte_like
2.0,407,fibroblast
2.0,408,fibroblast
2.0,409,hOSK
2.0,410,keratinocyte_like
2.0,411,hOSK
2.0,412,hOSK
2.0,413,keratinocyte_like
2.0,414,hOSK
2.0,415,fibroblast
2.0,416,fibroblast
2.0,417,fibroblast
2.0,418,keratinocyte_like
2.0,419,fibroblast
2.0,420,fibroblast
2.0,421,keratinocyte_like
2.0,422,fibroblast
2.0,423,keratinocyte_like
2.0,424,hOSK
2.0,425,fibroblast
2.0,426,hOSK
2.0,427,hOSK
2.0,428,keratinocyte_like
2.0,429,keratinocyte_like
2.0,430,keratinocyte_like
2.0,431,fibroblast
2.0,432,fibroblast
2.0,433,fibroblast
2.0,434,hOSK
2.0,435,keratinocyte_like
2.0,436,keratinocyte_like
2.0,437,fibroblast
2.0,438,hOSK
2.0,439,fibroblast
2.0,440,fibroblast
2.0,441,hOSK
2.0,442,hOSK
2.0,443,keratinocyte_like
2.0,444,fibroblast
2.0,445,fibroblast
2.0,446,fibroblast
2.0,447,keratinocyte_like
2.0,448,hOSK
2.0,449,keratinocyte_like
2.0,450,fibroblast
2.0,451,hOSK
2.0,452,hOSK
2.0,453,fibroblast
2.0,454,hOSK
2.0,455,fibroblast
2.0,456,hOSK
2.0,457,hOSK
2.0,458,keratinocyte_like
2.0,459,keratinocyte_like
2.0,460,keratinocyte_like
2.0,461,fibroblast
2.0,462,hOSK
2.0,463,hOSK
2.0,464,fibroblast
2.0,465,keratinocyte_like
2.0,466,keratinocyte_like
2.0,467,fibroblast
2.0,468,hOSK
2.0,469,hOSK
2.0,470,fibroblast
2.0,471,fibroblast
2.0,472,keratinocyte_like
2.0,473,hOSK
2.0,474,fibroblast
2.0,475,hOSK
2.0,476,keratinocyte_like
2.0,477,hOSK
2.0,478,keratinocyte_like
2.0,479,fibroblast
2.0,480,keratinocyte_like
2.0,481,hOSK
2.0,482,fibroblast
2.0,483,fibroblast
2.0,484,keratinocyte_like
2.0,485,hOSK
2.0,486,fibroblast
2.0,487,keratinocyte_like
2.0,488,hOSK
2.0,489,fibroblast
2.0,490,keratinocyte_like
2.0,491,hOSK
2.0,492,keratinocyte_like
2.0,493,hOSK
2.0,494,hOSK
2.0,495,fibroblast
2.0,496,keratinocyte_like
2.0,497,fibroblast
2.0,498,fibroblast
2.0,499,fibroblast
2.0,500,keratinocyte_like
2.0,501,keratinocyte_like
2.0,502,fibroblast
2.0,503,hOSK
2.0,504,hOSK
2.0,505,hOSK
2.0,506,fibroblast
2.0,507,keratinocyte_like
2.0,508,fibroblast
2.0,509,keratinocyte_like
2.0,510,keratinocyte_like
2.0,511,keratinocyte_like
2.0,512,keratinocyte_like
2.0,513,keratinocyte_like
2.0,514,keratinocyte_like
2.0,515,keratinocyte_like
2.0,516,keratinocyte_like
2.0,517,keratinocyte_like
2.0,518,hOSK
2.0,519,fibroblast
2.0,520,hOSK
2.0,521,hOSK
2.0,522,fibroblast
2.0,523,fibroblast
2.0,524,hOSK
2.0,525,keratinocyte_like
2.0,526,hOSK
2.0,527,keratinocyte_like
2.0,528,keratinocyte_like
2.0,529,fibroblast
2.0,530,hOSK
2.0,531,hOSK
2.0,532,hOSK
2.0,533,fibroblast
2.0,534,hOSK
2.0,535,fibroblast
2.0,536,fibroblast
2.0,537,keratinocyte_like
2.0,538,fibroblast
2.0,539,fibroblast
2.0,540,fibroblast
2.0,541,hOSK
2.0,542,keratinocyte_like
2.0,543,hOSK
2.0,544,fibroblast
2.0,545,keratinocyte_like
2.0,546,keratinocyte_like
2.0,547,keratinocyte_like
2.0,548,hOSK
2.0,549,fibroblast
2.0,550,hOSK
2.0,551,keratinocyte_like
2.0,552,fibroblast
2.0,553,fibroblast
2.0,554,fibroblast
2.0,555,fibroblast
2.0,556,fibroblast
2.0,557,hOSK
2.0,558,keratinocyte_like
2.0,559,keratinocyte_like
2.0,560,hOSK
2.0,561,fibroblast
2.0,562,keratinocyte_like
2.0,563,hOSK
2.0,564,hOSK
2.0,565,hOSK
2.0,566,keratinocyte_like
2.0,567,hOSK
2.0,568,fibroblast
2.0,569,keratinocyte_like
2.0,570,keratinocyte_like
2.0,571,keratinocyte_like
2.0,572,fibroblast
2.0,573,fibroblast
2.0,574,fibroblast
2.0,575,fibroblast
2.0,576,hOSK
2.0,577,hOSK
2.0,578,fibroblast
2.0,579,hOSK
2.0,580,fibroblast
2.0,581,hOSK
2.0,582,hOSK
2.0,583,keratinocyte_like
2.0,584,hOSK
2.0,585,fibroblast
2.0,586,keratinocyte_like
2.0,587,keratinocyte_like
2.0,588,fibroblast
2.0,589,keratinocyte_like
2.0,590,fibroblast
2.0,591,hOSK
2.0,592,fibroblast
2.0,593,fibroblast
2.0,594,fibroblast
2.0,595,fibroblast
2.0,596,keratinocyte_like
2.0,597,keratinocyte_like
2.0,598,fibroblast
2.0,599,hOSK
2.0,600,hOSK
2.0,601,keratinocyte_like
2.0,602,hOSK
2.0,603,keratinocyte_like
2.0,604,keratinocyte_like
2.0,605,hOSK
2.0,606,fibroblast
2.0,607,keratinocyte_like
2.0,608,keratinocyte_like
2.0,609,keratinocyte_like
2.0,610,fibroblast
2.0,611,keratinocyte_like
2.0,612,keratinocyte_like
2.0,613,hOSK
2.0,614,hOSK
2.0,615,hOSK
2.0,616,keratinocyte_like
2.0,617,keratinocyte_like
2.0,618,keratinocyte_like
2.0,619,fibroblast
2.0,620,keratinocyte_like
2.0,621,fibroblast
2.0,622,keratinocyte_like
2.0,623,keratinocyte_like
2.0,624,fibroblast
2.0,625,fibroblast
2.0,626,keratinocyte_like
2.0,627,hOSK
2.0,628,keratinocyte_like
2.0,629,keratinocyte_like
2.0,630,hOSK
2.0,631,keratinocyte_like
2.0,632,keratinocyte_like
2.0,633,keratinocyte_like
2.0,634,keratinocyte_like
2.0,635,keratinocyte_like
2.0,636,fibroblast
2.0,637,fibroblast
2.0,638,hOSK
2.0,639,fibroblast
2.0,640,hOSK
2.0,641,keratinocyte_like
2.0,642,fibroblast
2.0,643,hOSK
2.0,644,keratinocyte_like
2.0,645,hOSK
2.0,646,keratinocyte_like
2.0,647,keratinocyte_like
2.0,648,hOSK
2.0,649,hOSK
2.0,650,hOSK
2.0,651,keratinocyte_like
2.0,652,hOSK
2.0,653,hOSK
2.0,654,hOSK
2.0,655,hOSK
2.0,656,keratinocyte_like
2.0,657,hOSK
2.0,658,keratinocyte_like
2.0,659,hOSK
2.0,660,fibroblast
2.0,661,keratinocyte_like
2.0,662,fibroblast
2.0,663,keratinocyte_like
2.0,664,hOSK
2.0,665,fibroblast
2.0,666,hOSK
2.0,667,keratinocyte_like
2.0,668,keratinocyte_like
2.0,669,keratinocyte_like
2.0,670,keratinocyte_like
2.0,671,keratinocyte_like
2.0,672,keratinocyte_like
2.0,673,fibroblast
2.0,674,keratinocyte_like
2.0,675,hOSK
2.0,676,keratinocyte_like
2.0,677,hOSK
2.0,678,hOSK
2.0,679,keratinocyte_like
2.0,680,hOSK
2.0,681,hOSK
2.0,682,keratinocyte_like
2.0,683,keratinocyte_like
2.0,684,fibroblast
2.0,685,keratinocyte_like
2.0,686,fibroblast
2.0,687,fibroblast
2.0,688,keratinocyte_like
2.0,689,hOSK
2.0,690,keratinocyte_like
2.0,691,keratinocyte_like
2.0,692,hOSK
2.0,693,keratinocyte_like
2.0,694,hOSK
2.0,695,fibroblast
2.0,696,fibroblast
2.0,697,fibroblast
2.0,698,hOSK
2.0,699,fibroblast
2.0,700,keratinocyte_like
2.0,701,keratinocyte_like
2.0,702,keratinocyte_like
2.0,703,hOSK
2.0,704,fibroblast
2.0,705,hOSK
2.0,706,fibroblast
2.0,707,fibroblast
2.0,708,keratinocyte_like
2.0,709,fibroblast
2.0,710,keratinocyte_like
2.0,711,fibroblast
2.0,712,keratinocyte_like
2.0,713,fibroblast
2.0,714,keratinocyte_like
2.0,715,keratinocyte_like
2.0,716,keratinocyte_like
2.0,717,keratinocyte_like
2.0,718,keratinocyte_like
2.0,719,keratinocyte_like
2.0,720,keratinocyte_like
2.0,721,fibroblast
2.0,722,hOSK
2.0,723,fibroblast
2.0,724,fibroblast
2.0,725,hOSK
2.0,726,keratinocyte_like
2.0,727,hOSK
2.0,728,keratinocyte_like
2.0,729,hOSK
2.0,730,keratinocyte_like
2.0,731,fibroblast
2.0,732,fibroblast
2.0,733,keratinocyte_like
2.0,734,keratinocyte_like
2.0,735,hOSK
2.0,736,keratinocyte_like
2.0,737,keratinocyte_like
2.0,738,hOSK
2.0,739,keratinocyte_like
2.0,740,hOSK
2.0,741,hOSK
2.0,742,hOSK
2.0,743,hOSK
2.0,744,keratinocyte_like
2.0,745,fibroblast
2.0,746,keratinocyte_like
2.0,747,keratinocyte_like
2.0,748,fibroblast
2.0,749,keratinocyte_like
2.0,750,fibroblast
2.0,751,keratinocyte_like
2.0,752,fibroblast
2.0,753,hOSK
2.0,754,fibroblast
2.0,755,keratinocyte_like
2.0,756,fibroblast
2.0,757,keratinocyte_like
2.0,758,hOSK
2.0,759,keratinocyte_like
2.0,760,hOSK
2.0,761,keratinocyte_like
2.0,762,fibroblast
2.0,763,hOSK
2.0,764,keratinocyte_like
2.0,765,hOSK
2.0,766,fibroblast
2.0,767,keratinocyte_like
2.0,768,hOSK
2.0,769,hOSK
2.0,770,fibroblast
2.0,771,hOSK
2.0,772,keratinocyte_like
2.0,773,hOSK
2.0,774,hOSK
2.0,775,hOSK
2.0,776,keratinocyte_like
2.0,777,keratinocyte_like
2.0,778,keratinocyte_like
2.0,779,keratinocyte_like
2.0,780,fibroblast
2.0,781,hOSK
2.0,782,hOSK
2.0,783,keratinocyte_like
2.0,784,keratinocyte_like
2.0,785,fibroblast
2.0,786,keratinocyte_like
2.0,787,hOSK
2.0,788,hOSK
2.0,789,fibroblast
2.0,790,hOSK
2.0,791,keratinocyte_like
2.0,792,keratinocyte_like
2.0,793,fibroblast
2.0,794,keratinocyte_like
2.0,795,fibroblast
2.0,796,fibroblast
2.0,797,keratinocyte_like
2.0,798,keratinocyte_like
2.0,799,hOSK
2.0,800,fibroblast
2.0,801,fibroblast
2.0,802,keratinocyte_like
2.0,803,keratinocyte_like
2.0,804,fibroblast
2.0,805,fibroblast
2.0,806,hOSK
2.0,807,keratinocyte_like
2.0,808,fibroblast
2.0,809,keratinocyte_like
2.0,810,fibroblast
2.0,811,fibroblast
2.0,812,hOSK
2.0,813,fibroblast
2.0,814,keratinocyte_like
2.0,815,keratinocyte_like
2.0,816,keratinocyte_like
2.0,817,hOSK
2.0,818,hOSK
2.0,819,fibroblast
2.0,820,hOSK
2.0,821,keratinocyte_like
2.0,822,fibroblast
2.0,823,hOSK
2.0,824,keratinocyte_like
2.0,825,fibroblast
2.0,826,hOSK
2.0,827,keratinocyte_like
2.0,828,keratinocyte_like
2.0,829,hOSK
2.0,830,keratinocyte_like
2.0,831,fibroblast
2.0,832,fibroblast
2.0,833,keratinocyte_like
2.0,834,hOSK
2.0,835,keratinocyte_like
2.0,836,fibroblast
2.0,837,keratinocyte_like
2.0,838,fibroblast
2.0,839,fibroblast
2.0,840,hOSK
2.0,841,fibroblast
2.0,842,fibroblast
2.0,843,hOSK
2.0,844,fibroblast
2.0,845,keratinocyte_like
2.0,846,keratinocyte_like
2.0,847,keratinocyte_like
2.0,848,fibroblast
2.0,849,hOSK
2.0,850,keratinocyte_like
2.0,851,keratinocyte_like
2.0,852,keratinocyte_like
2.0,853,hOSK
2.0,854,fibroblast
2.0,855,hOSK
2.0,856,fibroblast
2.0,857,hOSK
2.0,858,fibroblast
2.0,859,keratinocyte_like
2.0,860,keratinocyte_like
2.0,861,hOSK
2.0,862,hOSK
2.0,863,fibroblast
2.0,864,hOSK
2.0,865,hOSK
2.0,866,fibroblast
2.0,867,keratinocyte_like
2.0,868,hOSK
2.0,869,hOSK
2.0,870,keratinocyte_like
2.0,871,keratinocyte_like
2.0,872,keratinocyte_like
2.0,873,hOSK
2.0,874,fibroblast
2.0,875,keratinocyte_like
2.0,876,hOSK
2.0,877,keratinocyte_like
2.0,878,fibroblast
2.0,879,hOSK
2.0,880,hOSK
2.0,881,fibroblast
2.0,882,keratinocyte_like
2.0,883,keratinocyte_like
2.0,884,hOSK
2.0,885,fibroblast
2.0,886,fibroblast
2.0,887,fibroblast
2.0,888,keratinocyte_like
2.0,889,hOSK
2.0,890,fibroblast
2.0,891,fibroblast
2.0,892,hOSK
2.0,893,fibroblast
2.0,894,hOSK
2.0,895,hOSK
2.0,896,keratinocyte_like
2.0,897,keratinocyte_like
2.0,898,fibroblast
2.0,899,keratinocyte_like
2.0,900,keratinocyte_like
2.0,901,hOSK
2.0,902,fibroblast
2.0,903,hOSK
2.0,904,fibroblast
2.0,905,hOSK
2.0,906,keratinocyte_like
2.0,907,hOSK
2.0,908,fibroblast
2.0,909,fibroblast
2.0,910,hOSK
2.0,911,hOSK
2.0,912,fibroblast
2.0,913,fibroblast
2.0,914,keratinocyte_like
2.0,915,hOSK
2.0,916,fibroblast
2.0,917,keratinocyte_like
2.0,918,fibroblast
2.0,919,fibroblast
2.0,920,keratinocyte_like
2.0,921,hOSK
2.0,922,hOSK
2.0,923,hOSK
2.0,924,hOSK
2.0,925,fibroblast
2.0,926,keratinocyte_like
2.0,927,keratinocyte_like
2.0,928,keratinocyte_like
2.0,929,hOSK
2.0,930,keratinocyte_like
2.0,931,hOSK
2.0,932,fibroblast
2.0,933,hOSK
2.0,934,hOSK
2.0,935,fibroblast
2.0,936,hOSK
2.0,937,keratinocyte_like
2.0,938,hOSK
2.0,939,fibroblast
2.0,940,keratinocyte_like
2.0,941,keratinocyte_like
2.0,942,hOSK
2.0,943,fibroblast
2.0,944,hOSK
2.0,945,keratinocyte_like
2.0,946,keratinocyte_like
2.0,947,keratinocyte_like
2.0,948,hOSK
2.0,949,keratinocyte_like
2.0,950,hOSK
2.0,951,fibroblast
2.0,952,keratinocyte_like
2.0,953,hOSK
2.0,954,keratinocyte_like
2.0,955,keratinocyte_like
2.0,956,keratinocyte_like
2.0,957,hOSK
2.0,958,keratinocyte_like
2.0,959,fibroblast
2.0,960,fibroblast
2.0,961,keratinocyte_like
2.0,962,keratinocyte_like
2.0,963,hOSK
2.0,964,fibroblast
2.0,965,hOSK
2.0,966,hOSK
2.0,967,keratinocyte_like
2.0,968,keratinocyte_like
2.0,969,fibroblast
2.0,970,fibroblast
2.0,971,hOSK
2.0,972,fibroblast
2.0,973,hOSK
2.0,974,fibroblast
2.0,975,hOSK
2.0,976,hOSK
2.0,977,hOSK
2.0,978,keratinocyte_like
2.0,979,hOSK
2.0,980,hOSK
2.0,981,keratinocyte_like
2.0,982,fibroblast
2.0,983,hOSK
2.0,984,keratinocyte_like
2.0,985,keratinocyte_like
2.0,986,fibroblast
2.0,987,fibroblast
2.0,988,fibroblast
2.0,989,fibroblast
2.0,990,hOSK
2.0,991,fibroblast
2.0,992,keratinocyte_like
2.0,993,keratinocyte_like
2.0,994,keratinocyte_like
2.0,995,keratinocyte_like
2.0,996,keratinocyte_like
2.0,997,fibroblast
2.0,998,fibroblast
2.0,999,keratinocyte_like
2.0,1000,keratinocyte_like
2.0,1001,hOSK
2.0,1002,hOSK
2.0,1003,keratinocyte_like
2.0,1004,keratinocyte_like
2.0,1005,hOSK
2.0,1006,keratinocyte_like
2.0,1007,fibroblast
2.0,1008,fibroblast
2.0,1009,fibroblast
2.0,1010,hOSK
2.0,1011,keratinocyte_like
2.0,1012,hOSK
2.0,1013,hOSK
2.0,1014,fibroblast
2.0,1015,keratinocyte_like
2.0,1016,fibroblast
2.0,1017,fibroblast
2.0,1018,keratinocyte_like
2.0,1019,hOSK
2.0,1020,hOSK
2.0,1021,fibroblast
2.0,1022,keratinocyte_like
2.0,1023,keratinocyte_like
2.0,1024,fibroblast
2.0,1025,hOSK
2.0,1026,fibroblast
2.0,1027,fibroblast
2.0,1028,hOSK
2.0,1029,hOSK
2.0,1030,keratinocyte_like
2.0,1031,fibroblast
2.0,1032,keratinocyte_like
2.0,1033,keratinocyte_like
2.0,1034,keratinocyte_like
2.0,1035,hOSK
2.0,1036,hOSK
2.0,1037,keratinocyte_like
2.0,1038,keratinocyte_like
2.0,1039,keratinocyte_like
2.0,1040,keratinocyte_like
2.0,1041,hOSK
2.0,1042,keratinocyte_like
2.0,1043,fibroblast
2.0,1044,fibroblast
2.0,1045,keratinocyte_like
2.0,1046,fibroblast
2.0,1047,keratinocyte_like
2.0,1048,fibroblast
2.0,1049,keratinocyte_like
2.0,1050,hOSK
2.0,1051,hOSK
2.0,1052,hOSK
2.0,1053,keratinocyte_like
2.0,1054,hOSK
2.0,1055,fibroblast
2.0,1056,keratinocyte_like
2.0,1057,hOSK
2.0,1058,fibroblast
2.0,1059,keratinocyte_like
2.0,1060,hOSK
2.0,1061,keratinocyte_like
2.0,1062,keratinocyte_like
2.0,1063,hOSK
2.0,1064,keratinocyte_like
2.0,1065,hOSK
2.0,1066,fibroblast
2.0,1067,hOSK
2.0,1068,keratinocyte_like
2.0,1069,keratinocyte_like
2.0,1070,hOSK
2.0,1071,fibroblast
2.0,1072,hOSK
2.0,1073,fibroblast
2.0,1074,keratinocyte_like
2.0,1075,keratinocyte_like
2.0,1076,keratinocyte_like
2.0,1077,hOSK
2.0,1078,keratinocyte_like
2.0,1079,keratinocyte_like
2.0,1080,fibroblast
2.0,1081,hOSK
2.0,1082,hOSK
2.0,1083,keratinocyte_like
2.0,1084,fibroblast
2.0,1085,hOSK
2.0,1086,fibroblast
2.0,1087,keratinocyte_like
2.0,1088,keratinocyte_like
2.0,1089,keratinocyte_like
2.0,1090,fibroblast
2.0,1091,fibroblast
2.0,1092,fibroblast
2.0,1093,fibroblast
2.0,1094,fibroblast
2.0,1095,hOSK
2.0,1096,keratinocyte_like
2.0,1097,hOSK
2.0,1098,hOSK
2.0,1099,hOSK
2.0,1100,hOSK
2.0,1101,keratinocyte_like
2.0,1102,keratinocyte_like
2.0,1103,fibroblast
2.0,1104,hOSK
2.0,1105,hOSK
2.0,1106,hOSK
2.0,1107,fibroblast
2.0,1108,hOSK
2.0,1109,hOSK
2.0,1110,keratinocyte_like
2.0,1111,hOSK
2.0,1112,hOSK
2.0,1113,keratinocyte_like
2.0,1114,keratinocyte_like
2.0,1115,keratinocyte_like
2.0,1116,hOSK
2.0,1117,hOSK
2.0,1118,keratinocyte_like
2.0,1119,keratinocyte_like
2.0,1120,hOSK
2.0,1121,fibroblast
2.0,1122,hOSK
2.0,1123,keratinocyte_like
2.0,1124,fibroblast
2.0,1125,hOSK
2.0,1126,keratinocyte_like
2.0,1127,keratinocyte_like
2.0,1128,hOSK
2.0,1129,hOSK
2.0,1130,keratinocyte_like
2.0,1131,fibroblast
2.0,1132,fibroblast
2.0,1133,hOSK
2.0,1134,keratinocyte_like
2.0,1135,hOSK
2.0,1136,hOSK
2.0,1137,fibroblast
2.0,1138,fibroblast
2.0,1139,fibroblast
2.0,1140,keratinocyte_like
2.0,1141,keratinocyte_like
2.0,1142,keratinocyte_like
2.0,1143,fibroblast
2.0,1144,hOSK
2.0,1145,fibroblast
2.0,1146,hOSK
2.0,1147,hOSK
2.0,1148,hOSK
2.0,1149,fibroblast
2.0,1150,fibroblast
2.0,1151,keratinocyte_like
2.0,1152,keratinocyte_like
2.0,1153,hOSK
2.0,1154,keratinocyte_like
2.0,1155,keratinocyte_like
2.0,1156,hOSK
2.0,1157,keratinocyte_like
2.0,1158,fibroblast
2.0,1159,fibroblast
2.0,1160,keratinocyte_like
2.0,1161,keratinocyte_like
2.0,1162,fibroblast
2.0,1163,hOSK
2.0,1164,fibroblast
2.0,1165,fibroblast
2.0,1166,keratinocyte_like
2.0,1167,fibroblast
2.0,1168,fibroblast
2.0,1169,keratinocyte_like
2.0,1170,hOSK
2.0,1171,keratinocyte_like
2.0,1172,fibroblast
2.0,1173,fibroblast
2.0,1174,keratinocyte_like
2.0,1175,keratinocyte_like
2.0,1176,keratinocyte_like
2.0,1177,fibroblast
2.0,1178,hOSK
2.0,1179,keratinocyte_like
2.0,1180,hOSK
2.0,1181,hOSK
2.0,1182,hOSK
2.0,1183,keratinocyte_like
2.0,1184,keratinocyte_like
2.0,1185,fibroblast
2.0,1186,hOSK
2.0,1187,fibroblast
2.0,1188,keratinocyte_like
2.0,1189,keratinocyte_like
2.0,1190,hOSK
2.0,1191,fibroblast
2.0,1192,keratinocyte_like
2.0,1193,hOSK
2.0,1194,keratinocyte_like
2.0,1195,hOSK
2.0,1196,hOSK
2.0,1197,keratinocyte_like
2.0,1198,hOSK
2.0,1199,keratinocyte_like
2.0,1200,keratinocyte_like
2.0,1201,fibroblast
2.0,1202,keratinocyte_like
2.0,1203,fibroblast
2.0,1204,hOSK
2.0,1205,fibroblast
2.0,1206,keratinocyte_like
2.0,1207,fibroblast
2.0,1208,fibroblast
2.0,1209,fibroblast
2.0,1210,keratinocyte_like
2.0,1211,hOSK
2.0,1212,hOSK
2.0,1213,keratinocyte_like
2.0,1214,fibroblast
2.0,1215,keratinocyte_like
2.0,1216,keratinocyte_like
2.0,1217,hOSK
2.0,1218,hOSK
2.0,1219,hOSK
2.0,1220,hOSK
2.0,1221,keratinocyte_like
2.0,1222,fibroblast
2.0,1223,hOSK
2.0,1224,hOSK
2.0,1225,hOSK
2.0,1226,hOSK
2.0,1227,keratinocyte_like
2.0,1228,fibroblast
2.0,1229,hOSK
2.0,1230,fibroblast
2.0,1231,keratinocyte_like
2.0,1232,keratinocyte_like
2.0,1233,hOSK
2.0,1234,hOSK
2.0,1235,keratinocyte_like
2.0,1236,hOSK
2.0,1237,hOSK
2.0,1238,fibroblast
2.0,1239,keratinocyte_like
2.0,1240,keratinocyte_like
2.0,1241,fibroblast
2.0,1242,keratinocyte_like
2.0,1243,fibroblast
2.0,1244,keratinocyte_like
2.0,1245,hOSK
2.0,1246,keratinocyte_like
2.0,1247,fibroblast
2.0,1248,fibroblast
2.0,1249,keratinocyte_like
2.0,1250,hOSK
2.0,1251,hOSK
2.0,1252,keratinocyte_like
2.0,1253,keratinocyte_like
2.0,1254,keratinocyte_like
2.0,1255,hOSK
2.0,1256,hOSK
2.0,1257,hOSK
2.0,1258,keratinocyte_like
2.0,1259,keratinocyte_like
2.0,1260,keratinocyte_like
2.0,1261,keratinocyte_like
2.0,1262,keratinocyte_like
2.0,1263,fibroblast
2.0,1264,hOSK
2.0,1265,fibroblast
2.0,1266,hOSK
2.0,1267,fibroblast
2.0,1268,keratinocyte_like
2.0,1269,keratinocyte_like
2.0,1270,fibroblast
2.0,1271,keratinocyte_like
2.0,1272,hOSK
2.0,1273,keratinocyte_like
2.0,1274,hOSK
2.0,1275,fibroblast
2.0,1276,fibroblast
2.0,1277,hOSK
2.0,1278,keratinocyte_like
2.0,1279,hOSK
2.0,1280,fibroblast
2.0,1281,hOSK
2.0,1282,keratinocyte_like
2.0,1283,hOSK
2.0,1284,hOSK
2.0,1285,hOSK
2.0,1286,keratinocyte_like
2.0,1287,keratinocyte_like
2.0,1288,keratinocyte_like
2.0,1289,hOSK
2.0,1290,keratinocyte_like
2.0,1291,hOSK
2.0,1292,hOSK
2.0,1293,keratinocyte_like
2.0,1294,hOSK
2.0,1295,keratinocyte_like
2.0,1296,fibroblast
2.0,1297,hOSK
2.0,1298,keratinocyte_like
2.0,1299,fibroblast
2.0,1300,hOSK
2.0,1301,fibroblast
2.0,1302,fibroblast
2.0,1303,keratinocyte_like
2.0,1304,fibroblast
2.0,1305,hOSK
2.0,1306,hOSK
2.0,1307,keratinocyte_like
2.0,1308,fibroblast
2.0,1309,fibroblast
2.0,1310,hOSK
2.0,1311,keratinocyte_like
2.0,1312,keratinocyte_like
2.0,1313,hOSK
2.0,1314,hOSK
2.0,1315,keratinocyte_like
2.0,1316,hOSK
2.0,1317,keratinocyte_like
2.0,1318,fibroblast
2.0,1319,fibroblast
2.0,1320,hOSK
2.0,1321,hOSK
2.0,1322,hOSK
2.0,1323,fibroblast
2.0,1324,keratinocyte_like
2.0,1325,fibroblast
2.0,1326,fibroblast
2.0,1327,hOSK
2.0,1328,hOSK
2.0,1329,fibroblast
2.0,1330,keratinocyte_like
2.0,1331,keratinocyte_like
2.0,1332,hOSK
2.0,1333,keratinocyte_like
2.0,1334,keratinocyte_like
2.0,1335,keratinocyte_like
2.0,1336,keratinocyte_like
2.0,1337,keratinocyte_like
2.0,1338,fibroblast
2.0,1339,keratinocyte_like
2.0,1340,keratinocyte_like
2.0,1341,keratinocyte_like
2.0,1342,hOSK
2.0,1343,keratinocyte_like
2.0,1344,keratinocyte_like
2.0,1345,hOSK
2.0,1346,hOSK
2.0,1347,keratinocyte_like
2.0,1348,keratinocyte_like
2.0,1349,keratinocyte_like
2.0,1350,hOSK
2.0,1351,fibroblast
2.0,1352,keratinocyte_like
2.0,1353,fibroblast
2.0,1354,keratinocyte_like
2.0,1355,fibroblast
2.0,1356,fibroblast
2.0,1357,hOSK
2.0,1358,keratinocyte_like
2.0,1359,keratinocyte_like
2.0,1360,hOSK
2.0,1361,hOSK
2.0,1362,keratinocyte_like
2.0,1363,hOSK
2.0,1364,fibroblast
2.0,1365,hOSK
2.0,1366,hOSK
2.0,1367,fibroblast
2.0,1368,fibroblast
2.0,1369,hOSK
2.0,1370,hOSK
2.0,1371,hOSK
2.0,1372,hOSK
2.0,1373,hOSK
2.0,1374,keratinocyte_like
2.0,1375,hOSK
2.0,1376,fibroblast
2.0,1377,keratinocyte_like
2.0,1378,keratinocyte_like
2.0,1379,fibroblast
2.0,1380,hOSK
2.0,1381,fibroblast
2.0,1382,fibroblast
2.0,1383,fibroblast
2.0,1384,fibroblast
2.0,1385,keratinocyte_like
2.0,1386,hOSK
2.0,1387,keratinocyte_like
2.0,1388,hOSK
2.0,1389,keratinocyte_like
2.0,1390,keratinocyte_like
2.0,1391,keratinocyte_like
2.0,1392,hOSK
2.0,1393,hOSK
2.0,1394,hOSK
2.0,1395,keratinocyte_like
2.0,1396,keratinocyte_like
2.0,1397,hOSK
2.0,1398,fibroblast
2.0,1399,keratinocyte_like
2.0,1400,keratinocyte_like
2.0,1401,fibroblast
2.0,1402,hOSK
2.0,1403,fibroblast
2.0,1404,hOSK
2.0,1405,fibroblast
2.0,1406,fibroblast
2.0,1407,keratinocyte_like
2.0,1408,hOSK
2.0,1409,fibroblast
2.0,1410,fibroblast
2.0,1411,hOSK
2.0,1412,hOSK
2.0,1413,fibroblast
2.0,1414,keratinocyte_like
2.0,1415,hOSK
2.0,1416,keratinocyte_like
2.0,1417,keratinocyte_like
2.0,1418,fibroblast
2.0,1419,fibroblast
2.0,1420,keratinocyte_like
2.0,1421,fibroblast
2.0,1422,hOSK
2.0,1423,fibroblast
2.0,1424,keratinocyte_like
2.0,1425,keratinocyte_like
2.0,1426,hOSK
2.0,1427,hOSK
2.0,1428,hOSK
2.0,1429,keratinocyte_like
2.0,1430,hOSK
2.0,1431,fibroblast
2.0,1432,keratinocyte_like
2.0,1433,keratinocyte_like
2.0,1434,hOSK
2.0,1435,hOSK
2.0,1436,fibroblast
2.0,1437,hOSK
2.0,1438,fibroblast
2.0,1439,fibroblast
2.0,1440,fibroblast
2.0,1441,keratinocyte_like
2.0,1442,keratinocyte_like
2.0,1443,keratinocyte_like
2.0,1444,keratinocyte_like
2.0,1445,hOSK
2.0,1446,hOSK
2.0,1447,fibroblast
2.0,1448,fibroblast
2.0,1449,fibroblast
2.0,1450,fibroblast
2.0,1451,hOSK
2.0,1452,keratinocyte_like
2.0,1453,hOSK
2.0,1454,fibroblast
2.0,1455,hOSK
2.0,1456,hOSK
2.0,1457,hOSK
2.0,1458,hOSK
2.0,1459,hOSK
2.0,1460,keratinocyte_like
2.0,1461,hOSK
2.0,1462,fibroblast
2.0,1463,fibroblast
2.0,1464,fibroblast
2.0,1465,fibroblast
2.0,1466,hOSK
2.0,1467,hOSK
2.0,1468,hOSK
2.0,1469,fibroblast
2.0,1470,keratinocyte_like
2.0,1471,hOSK
2.0,1472,hOSK
2.0,1473,hOSK
2.0,1474,keratinocyte_like
2.0,1475,fibroblast
2.0,1476,hOSK
2.0,1477,fibroblast
2.0,1478,keratinocyte_like
2.0,1479,hOSK
2.0,1480,fibroblast
2.0,1481,keratinocyte_like
2.0,1482,keratinocyte_like
2.0,1483,hOSK
2.0,1484,keratinocyte_like
2.0,1485,keratinocyte_like
2.0,1486,fibroblast
2.0,1487,keratinocyte_like
2.0,1488,hOSK
2.0,1489,hOSK
2.0,1490,hOSK
2.0,1491,hOSK
2.0,1492,keratinocyte_like
2.0,1493,fibroblast
2.0,1494,keratinocyte_like
2.0,1495,hOSK
2.0,1496,hOSK
2.0,1497,keratinocyte_like
2.0,1498,keratinocyte_like
2.0,1499,hOSK
2.0,1500,hOSK
2.0,1501,hOSK
2.0,1502,keratinocyte_like
2.0,1503,keratinocyte_like
2.0,1504,hOSK
2.0,1505,keratinocyte_like
2.0,1506,fibroblast
2.0,1507,fibroblast
2.0,1508,keratinocyte_like
2.0,1509,hOSK
2.0,1510,keratinocyte_like
2.0,1511,keratinocyte_like
2.0,1512,keratinocyte_like
2.0,1513,keratinocyte_like
2.0,1514,keratinocyte_like
2.0,1515,hOSK
2.0,1516,fibroblast
2.0,1517,keratinocyte_like
2.0,1518,keratinocyte_like
2.0,1519,keratinocyte_like
2.0,1520,hOSK
2.0,1521,hOSK
2.0,1522,keratinocyte_like
2.0,1523,keratinocyte_like
2.0,1524,fibroblast
2.0,1525,fibroblast
2.0,1526,hOSK
2.0,1527,hOSK
2.0,1528,fibroblast
2.0,1529,hOSK
2.0,1530,fibroblast
2.0,1531,fibroblast
2.0,1532,keratinocyte_like
2.0,1533,hOSK
2.0,1534,hOSK
2.0,1535,keratinocyte_like
2.0,1536,keratinocyte_like
2.0,1537,keratinocyte_like
2.0,1538,fibroblast
2.0,1539,keratinocyte_like
2.0,1540,keratinocyte_like
2.0,1541,keratinocyte_like
2.0,1542,hOSK
2.0,1543,fibroblast
2.0,1544,hOSK
2.0,1545,keratinocyte_like
2.0,1546,fibroblast
2.0,1547,keratinocyte_like
2.0,1548,hOSK
2.0,1549,keratinocyte_like
2.0,1550,keratinocyte_like
2.0,1551,hOSK
2.0,1552,fibroblast
2.0,1553,fibroblast
2.0,1554,keratinocyte_like
2.0,1555,keratinocyte_like
2.0,1556,keratinocyte_like
2.0,1557,fibroblast
2.0,1558,keratinocyte_like
2.0,1559,fibroblast
2.0,1560,hOSK
2.0,1561,fibroblast
2.0,1562,keratinocyte_like
2.0,1563,keratinocyte_like
2.0,1564,fibroblast
2.0,1565,keratinocyte_like
2.0,1566,fibroblast
2.0,1567,hOSK
2.0,1568,keratinocyte_like
2.0,1569,hOSK
2.0,1570,keratinocyte_like
2.0,1571,hOSK
2.0,1572,keratinocyte_like
2.0,1573,fibroblast
2.0,1574,keratinocyte_like
2.0,1575,hOSK
2.0,1576,fibroblast
2.0,1577,fibroblast
2.0,1578,keratinocyte_like
2.0,1579,fibroblast
2.0,1580,keratinocyte_like
2.0,1581,keratinocyte_like
2.0,1582,fibroblast
2.0,1583,keratinocyte_like
2.0,1584,hOSK
2.0,1585,fibroblast
2.0,1586,keratinocyte_like
2.0,1587,hOSK
2.0,1588,hOSK
2.0,1589,hOSK
2.0,1590,keratinocyte_like
2.0,1591,keratinocyte_like
2.0,1592,keratinocyte_like
2.0,1593,fibroblast
2.0,1594,keratinocyte_like
2.0,1595,keratinocyte_like
2.0,1596,fibroblast
2.0,1597,fibroblast
2.0,1598,fibroblast
2.0,1599,hOSK
2.0,1600,keratinocyte_like
2.0,1601,hOSK
2.0,1602,keratinocyte_like
2.0,1603,keratinocyte_like
2.0,1604,keratinocyte_like
2.0,1605,keratinocyte_like
2.0,1606,hOSK
2.0,1607,fibroblast
2.0,1608,fibroblast
2.0,1609,hOSK
2.0,1610,fibroblast
2.0,1611,fibroblast
2.0,1612,fibroblast
2.0,1613,hOSK
2.0,1614,hOSK
2.0,1615,hOSK
2.0,1616,keratinocyte_like
2.0,1617,keratinocyte_like
2.0,1618,hOSK
2.0,1619,fibroblast
2.0,1620,hOSK
2.0,1621,keratinocyte_like
2.0,1622,keratinocyte_like
2.0,1623,keratinocyte_like
2.0,1624,hOSK
2.0,1625,fibroblast
2.0,1626,hOSK
2.0,1627,fibroblast
2.0,1628,fibroblast
2.0,1629,fibroblast
2.0,1630,keratinocyte_like
2.0,1631,keratinocyte_like
2.0,1632,keratinocyte_like
2.0,1633,keratinocyte_like
2.0,1634,fibroblast
2.0,1635,fibroblast
2.0,1636,keratinocyte_like
2.0,1637,fibroblast
2.0,1638,keratinocyte_like
2.0,1639,fibroblast
2.0,1640,fibroblast
2.0,1641,keratinocyte_like
2.0,1642,keratinocyte_like
2.0,1643,fibroblast
2.0,1644,hOSK
2.0,1645,hOSK
2.0,1646,keratinocyte_like
2.0,1647,hOSK
2.0,1648,fibroblast
2.0,1649,keratinocyte_like
2.0,1650,hOSK
2.0,1651,fibroblast
2.0,1652,hOSK
2.0,1653,hOSK
2.0,1654,keratinocyte_like
2.0,1655,hOSK
2.0,1656,keratinocyte_like
2.0,1657,keratinocyte_like
2.0,1658,keratinocyte_like
2.0,1659,keratinocyte_like
2.0,1660,keratinocyte_like
2.0,1661,fibroblast
2.0,1662,keratinocyte_like
2.0,1663,fibroblast
2.0,1664,hOSK
2.0,1665,fibroblast
2.0,1666,fibroblast
2.0,1667,hOSK
2.0,1668,fibroblast
2.0,1669,fibroblast
2.0,1670,keratinocyte_like
2.0,1671,fibroblast
2.0,1672,fibroblast
2.0,1673,fibroblast
2.0,1674,fibroblast
2.0,1675,hOSK
2.0,1676,fibroblast
2.0,1677,fibroblast
2.0,1678,hOSK
2.0,1679,hOSK
2.0,1680,fibroblast
2.0,1681,hOSK
2.0,1682,hOSK
2.0,1683,keratinocyte_like
2.0,1684,hOSK
2.0,1685,keratinocyte_like
2.0,1686,keratinocyte_like
2.0,1687,keratinocyte_like
2.0,1688,hOSK
2.0,1689,hOSK
2.0,1690,fibroblast
2.0,1691,keratinocyte_like
2.0,1692,keratinocyte_like
2.0,1693,fibroblast
2.0,1694,fibroblast
2.0,1695,hOSK
2.0,1696,fibroblast
2.0,1697,keratinocyte_like
2.0,1698,keratinocyte_like
2.0,1699,fibroblast
2.0,1700,fibroblast
2.0,1701,fibroblast
2.0,1702,keratinocyte_like
2.0,1703,hOSK
2.0,1704,hOSK
2.0,1705,keratinocyte_like
2.0,1706,hOSK
2.0,1707,keratinocyte_like
2.0,1708,hOSK
2.0,1709,hOSK
2.0,1710,fibroblast
2.0,1711,fibroblast
2.0,1712,keratinocyte_like
2.0,1713,keratinocyte_like
2.0,1714,keratinocyte_like
2.0,1715,fibroblast
2.0,1716,fibroblast
2.0,1717,fibroblast
2.0,1718,fibroblast
2.0,1719,hOSK
2.0,1720,hOSK
2.0,1721,fibroblast
2.0,1722,keratinocyte_like
2.0,1723,hOSK
2.0,1724,keratinocyte_like
2.0,1725,keratinocyte_like
2.0,1726,hOSK
2.0,1727,hOSK
2.0,1728,keratinocyte_like
2.0,1729,keratinocyte_like
2.0,1730,keratinocyte_like
2.0,1731,hOSK
2.0,1732,keratinocyte_like
2.0,1733,fibroblast
2.0,1734,fibroblast
2.0,1735,hOSK
2.0,1736,fibroblast
2.0,1737,fibroblast
2.0,1738,keratinocyte_like
2.0,1739,hOSK
2.0,1740,keratinocyte_like
2.0,1741,fibroblast
2.0,1742,keratinocyte_like
2.0,1743,fibroblast
2.0,1744,hOSK
2.0,1745,keratinocyte_like
2.0,1746,fibroblast
2.0,1747,fibroblast
2.0,1748,keratinocyte_like
2.0,1749,hOSK
2.0,1750,keratinocyte_like
2.0,1751,fibroblast
2.0,1752,keratinocyte_like
2.0,1753,hOSK
2.0,1754,keratinocyte_like
2.0,1755,hOSK
2.0,1756,keratinocyte_like
2.0,1757,keratinocyte_like
2.0,1758,keratinocyte_like
2.0,1759,fibroblast
2.0,1760,hOSK
2.0,1761,keratinocyte_like
2.0,1762,keratinocyte_like
2.0,1763,fibroblast
2.0,1764,hOSK
2.0,1765,hOSK
2.0,1766,keratinocyte_like
2.0,1767,hOSK
2.0,1768,fibroblast
2.0,1769,fibroblast
2.0,1770,hOSK
2.0,1771,keratinocyte_like
2.0,1772,hOSK
2.0,1773,hOSK
2.0,1774,fibroblast
2.0,1775,keratinocyte_like
2.0,1776,hOSK
2.0,1777,hOSK
2.0,1778,fibroblast
2.0,1779,fibroblast
2.0,1780,hOSK
2.0,1781,fibroblast
2.0,1782,keratinocyte_like
2.0,1783,fibroblast
2.0,1784,fibroblast
2.0,1785,hOSK
2.0,1786,fibroblast
2.0,1787,fibroblast
2.0,1788,fibroblast
2.0,1789,keratinocyte_like
2.0,1790,fibroblast
2.0,1791,fibroblast
2.0,1792,keratinocyte_like
2.0,1793,fibroblast
2.0,1794,fibroblast
2.0,1795,fibroblast
2.0,1796,fibroblast
2.0,1797,hOSK
2.0,1798,fibroblast
2.0,1799,fibroblast
2.0,1800,hOSK
2.0,1801,keratinocyte_like
2.0,1802,hOSK
2.0,1803,keratinocyte_like
2.0,1804,fibroblast
2.0,1805,fibroblast
2.0,1806,hOSK
2.0,1807,fibroblast
2.0,1808,keratinocyte_like
2.0,1809,hOSK
2.0,1810,fibroblast
2.0,1811,fibroblast
2.0,1812,fibroblast
2.0,1813,hOSK
2.0,1814,keratinocyte_like
2.0,1815,keratinocyte_like
2.0,1816,keratinocyte_like
2.0,1817,keratinocyte_like
2.0,1818,hOSK
2.0,1819,keratinocyte_like
2.0,1820,hOSK
2.0,1821,keratinocyte_like
2.0,1822,hOSK
2.0,1823,keratinocyte_like
2.0,1824,keratinocyte_like
2.0,1825,hOSK
2.0,1826,keratinocyte_like
2.0,1827,keratinocyte_like
2.0,1828,hOSK
2.0,1829,keratinocyte_like
2.0,1830,keratinocyte_like
2.0,1831,hOSK
2.0,1832,fibroblast
2.0,1833,hOSK
2.0,1834,fibroblast
2.0,1835,fibroblast
2.0,1836,fibroblast
2.0,1837,hOSK
2.0,1838,fibroblast
2.0,1839,fibroblast
2.0,1840,fibroblast
2.0,1841,keratinocyte_like
2.0,1842,keratinocyte_like
2.0,1843,keratinocyte_like
2.0,1844,hOSK
2.0,1845,hOSK
2.0,1846,hOSK
2.0,1847,hOSK
2.0,1848,keratinocyte_like
2.0,1849,hOSK
2.0,1850,keratinocyte_like
2.0,1851,hOSK
2.0,1852,fibroblast
2.0,1853,hOSK
2.0,1854,fibroblast
2.0,1855,fibroblast
2.0,1856,keratinocyte_like
2.0,1857,fibroblast
2.0,1858,fibroblast
2.0,1859,fibroblast
2.0,1860,fibroblast
2.0,1861,keratinocyte_like
2.0,1862,fibroblast
2.0,1863,keratinocyte_like
2.0,1864,hOSK
2.0,1865,keratinocyte_like
2.0,1866,fibroblast
2.0,1867,fibroblast
2.0,1868,fibroblast
2.0,1869,hOSK
2.0,1870,keratinocyte_like
2.0,1871,keratinocyte_like
2.0,1872,hOSK
2.0,1873,hOSK
2.0,1874,keratinocyte_like
2.0,1875,fibroblast
2.0,1876,hOSK
2.0,1877,hOSK
2.0,1878,fibroblast
2.0,1879,keratinocyte_like
2.0,1880,fibroblast
2.0,1881,hOSK
2.0,1882,fibroblast
2.0,1883,fibroblast
2.0,1884,keratinocyte_like
2.0,1885,fibroblast
2.0,1886,fibroblast
2.0,1887,keratinocyte_like
2.0,1888,hOSK
2.0,1889,keratinocyte_like
2.0,1890,fibroblast
2.0,1891,hOSK
2.0,1892,hOSK
2.0,1893,fibroblast
2.0,1894,fibroblast
2.0,1895,fibroblast
2.0,1896,keratinocyte_like
2.0,1897,fibroblast
2.0,1898,hOSK
2.0,1899,fibroblast
2.0,1900,fibroblast
2.0,1901,keratinocyte_like
2.0,1902,fibroblast
2.0,1903,keratinocyte_like
2.0,1904,keratinocyte_like
2.0,1905,fibroblast
2.0,1906,fibroblast
2.0,1907,keratinocyte_like
2.0,1908,fibroblast
2.0,1909,fibroblast
2.0,1910,hOSK
2.0,1911,fibroblast
2.0,1912,keratinocyte_like
2.0,1913,keratinocyte_like
2.0,1914,keratinocyte_like
2.0,1915,keratinocyte_like
2.0,1916,hOSK
2.0,1917,keratinocyte_like
2.0,1918,fibroblast
2.0,1919,keratinocyte_like
2.0,1920,keratinocyte_like
2.0,1921,fibroblast
2.0,1922,fibroblast
2.0,1923,fibroblast
2.0,1924,keratinocyte_like
2.0,1925,keratinocyte_like
2.0,1926,keratinocyte_like
2.0,1927,keratinocyte_like
2.0,1928,hOSK
2.0,1929,keratinocyte_like
2.0,1930,fibroblast
2.0,1931,keratinocyte_like
2.0,1932,keratinocyte_like
2.0,1933,hOSK
2.0,1934,hOSK
2.0,1935,hOSK
2.0,1936,keratinocyte_like
2.0,1937,keratinocyte_like
2.0,1938,fibroblast
2.0,1939,fibroblast
2.0,1940,hOSK
2.0,1941,keratinocyte_like
2.0,1942,keratinocyte_like
2.0,1943,hOSK
2.0,1944,hOSK
2.0,1945,keratinocyte_like
2.0,1946,hOSK
2.0,1947,keratinocyte_like
2.0,1948,keratinocyte_like
2.0,1949,keratinocyte_like
2.0,1950,keratinocyte_like
2.0,1951,hOSK
2.0,1952,hOSK
2.0,1953,hOSK
2.0,1954,fibroblast
2.0,1955,fibroblast
2.0,1956,fibroblast
2.0,1957,hOSK
2.0,1958,keratinocyte_like
2.0,1959,keratinocyte_like
2.0,1960,hOSK
2.0,1961,hOSK
2.0,1962,keratinocyte_like
2.0,1963,hOSK
2.0,1964,fibroblast
2.0,1965,fibroblast
2.0,1966,fibroblast
2.0,1967,keratinocyte_like
2.0,1968,fibroblast
2.0,1969,hOSK
2.0,1970,fibroblast
2.0,1971,keratinocyte_like
2.0,1972,hOSK
2.0,1973,hOSK
2.0,1974,keratinocyte_like
2.0,1975,hOSK
2.0,1976,fibroblast
2.0,1977,keratinocyte_like
2.0,1978,keratinocyte_like
2.0,1979,hOSK
2.0,1980,fibroblast
2.0,1981,fibroblast
2.0,1982,fibroblast
2.0,1983,keratinocyte_like
2.0,1984,fibroblast
2.0,1985,fibroblast
2.0,1986,hOSK
2.0,1987,fibroblast
2.0,1988,keratinocyte_like
2.0,1989,fibroblast
2.0,1990,fibroblast
2.0,1991,keratinocyte_like
2.0,1992,fibroblast
2.0,1993,keratinocyte_like
2.0,1994,fibroblast
2.0,1995,fibroblast
2.0,1996,hOSK
2.0,1997,keratinocyte_like
2.0,1998,hOSK
2.0,1999,keratinocyte_like
4.0,0,keratinocyte_like
4.0,1,xOSK
4.0,2,hOSK
4.0,3,hOSK
4.0,4,keratinocyte_like
4.0,5,hOSK
4.0,6,hOSK
4.0,7,keratinocyte_like
4.0,8,hOSK
4.0,9,keratinocyte_like
4.0,10,xOSK
4.0,11,keratinocyte_like
4.0,12,hOSK
4.0,13,keratinocyte_like
4.0,14,hOSK
4.0,15,xOSK
4.0,16,partial_intermediate
4.0,17,keratinocyte_like
4.0,18,keratinocyte_like
4.0,19,xOSK
4.0,20,keratinocyte_like
4.0,21,hOSK
4.0,22,hOSK
4.0,23,keratinocyte_like
4.0,24,xOSK
4.0,25,keratinocyte_like
4.0,26,keratinocyte_like
4.0,27,partial_intermediate
4.0,28,hOSK
4.0,29,hOSK
4.0,30,xOSK
4.0,31,keratinocyte_like
4.0,32,hOSK
4.0,33,keratinocyte_like
4.0,34,hOSK
4.0,35,keratinocyte_like
4.0,36,keratinocyte_like
4.0,37,keratinocyte_like
4.0,38,keratinocyte_like
4.0,39,keratinocyte_like
4.0,40,keratinocyte_like
4.0,41,xOSK
4.0,42,keratinocyte_like
4.0,43,keratinocyte_like
4.0,44,hOSK
4.0,45,xOSK
4.0,46,keratinocyte_like
4.0,47,keratinocyte_like
4.0,48,hOSK
4.0,49,partial_intermediate
4.0,50,hOSK
4.0,51,keratinocyte_like
4.0,52,keratinocyte_like
4.0,53,keratinocyte_like
4.0,54,xOSK
4.0,55,keratinocyte_like
4.0,56,xOSK
4.0,57,keratinocyte_like
4.0,58,keratinocyte_like
4.0,59,hOSK
4.0,60,xOSK
4.0,61,hOSK
4.0,62,keratinocyte_like
4.0,63,hOSK
4.0,64,hOSK
4.0,65,keratinocyte_like
4.0,66,hOSK
4.0,67,hOSK
4.0,68,hOSK
4.0,69,fibroblast_like_stalled
4.0,70,keratinocyte_like
4.0,71,keratinocyte_like
4.0,72,hOSK
4.0,73,xOSK
4.0,74,keratinocyte_like
4.0,75,xOSK
4.0,76,keratinocyte_like
4.0,77,hOSK
4.0,78,keratinocyte_like
4.0,79,keratinocyte_like
4.0,80,partial_intermediate
4.0,81,keratinocyte_like
4.0,82,partial_intermediate
4.0,83,xOSK
4.0,84,keratinocyte_like
4.0,85,partial_intermediate
4.0,86,partial_intermediate
4.0,87,keratinocyte_like
4.0,88,partial_intermediate
4.0,89,keratinocyte_like
4.0,90,keratinocyte_like
4.0,91,keratinocyte_like
4.0,92,keratinocyte_like
4.0,93,keratinocyte_like
4.0,94,hOSK
4.0,95,keratinocyte_like
4.0,96,keratinocyte_like
4.0,97,hOSK
4.0,98,keratinocyte_like
4.0,99,keratinocyte_like
4.0,100,keratinocyte_like
4.0,101,hOSK
4.0,102,hOSK
4.0,103,hOSK
4.0,104,keratinocyte_like
4.0,105,xOSK
4.0,106,partial_intermediate
4.0,107,keratinocyte_like
4.0,108,xOSK
4.0,109,xOSK
4.0,110,keratinocyte_like
4.0,111,xOSK
4.0,112,hOSK
4.0,113,hOSK
4.0,114,xOSK
4.0,115,keratinocyte_like
4.0,116,partial_intermediate
4.0,117,hOSK
4.0,118,fibroblast_like_stalled
4.0,119,hOSK
4.0,120,hOSK
4.0,121,hOSK
4.0,122,hOSK
4.0,123,keratinocyte_like
4.0,124,keratinocyte_like
4.0,125,keratinocyte_like
4.0,126,hOSK
4.0,127,keratinocyte_like
4.0,128,keratinocyte_like
4.0,129,keratinocyte_like
4.0,130,keratinocyte_like
4.0,131,hOSK
4.0,132,hOSK
4.0,133,hOSK
4.0,134,hOSK
4.0,135,keratinocyte_like
4.0,136,keratinocyte_like
4.0,137,partial_intermediate
4.0,138,xOSK
4.0,139,hOSK
4.0,140,hOSK
4.0,141,keratinocyte_like
4.0,142,xOSK
4.0,143,keratinocyte_like
4.0,144,keratinocyte_like
4.0,145,hOSK
4.0,146,keratinocyte_like
4.0,147,keratinocyte_like
4.0,148,fibroblast_like_stalled
4.0,149,keratinocyte_like
4.0,150,keratinocyte_like
4.0,151,hOSK
4.0,152,partial_intermediate
4.0,153,keratinocyte_like
4.0,154,hOSK
4.0,155,partial_intermediate
4.0,156,hOSK
4.0,157,keratinocyte_like
4.0,158,hOSK
4.0,159,partial_intermediate
4.0,160,hOSK
4.0,161,keratinocyte_like
4.0,162,keratinocyte_like
4.0,163,keratinocyte_like
4.0,164,keratinocyte_like
4.0,165,keratinocyte_like
4.0,166,keratinocyte_like
4.0,167,hOSK
4.0,168,hOSK
4.0,169,keratinocyte_like
4.0,170,keratinocyte_like
4.0,171,keratinocyte_like
4.0,172,hOSK
4.0,173,partial_intermediate
4.0,174,hOSK
4.0,175,hOSK
4.0,176,keratinocyte_like
4.0,177,hOSK
4.0,178,xOSK
4.0,179,keratinocyte_like
4.0,180,keratinocyte_like
4.0,181,hOSK
4.0,182,xOSK
4.0,183,keratinocyte_like
4.0,184,partial_intermediate
4.0,185,hOSK
4.0,186,hOSK
4.0,187,keratinocyte_like
4.0,188,hOSK
4.0,189,keratinocyte_like
4.0,190,hOSK
4.0,191,keratinocyte_like
4.0,192,keratinocyte_like
4.0,193,xOSK
4.0,194,keratinocyte_like
4.0,195,keratinocyte_like
4.0,196,keratinocyte_like
4.0,197,keratinocyte_like
4.0,198,keratinocyte_like
4.0,199,hOSK
4.0,200,keratinocyte_like
4.0,201,hOSK
4.0,202,keratinocyte_like
4.0,203,keratinocyte_like
4.0,204,keratinocyte_like
4.0,205,keratinocyte_like
4.0,206,keratinocyte_like
4.0,207,keratinocyte_like
4.0,208,keratinocyte_like
4.0,209,keratinocyte_like
4.0,210,partial_intermediate
4.0,211,partial_intermediate
4.0,212,hOSK
4.0,213,keratinocyte_like
4.0,214,keratinocyte_like
4.0,215,keratinocyte_like
4.0,216,keratinocyte_like
4.0,217,keratinocyte_like
4.0,218,partial_intermediate
4.0,219,keratinocyte_like
4.0,220,hOSK
4.0,221,hOSK
4.0,222,keratinocyte_like
4.0,223,keratinocyte_like
4.0,224,keratinocyte_like
4.0,225,keratinocyte_like
4.0,226,keratinocyte_like
4.0,227,xOSK
4.0,228,keratinocyte_like
4.0,229,keratinocyte_like
4.0,230,hOSK
4.0,231,keratinocyte_like
4.0,232,hOSK
4.0,233,hOSK
4.0,234,keratinocyte_like
4.0,235,keratinocyte_like
4.0,236,keratinocyte_like
4.0,237,keratinocyte_like
4.0,238,partial_intermediate
4.0,239,keratinocyte_like
4.0,240,hOSK
4.0,241,hOSK
4.0,242,hOSK
4.0,243,hOSK
4.0,244,xOSK
4.0,245,hOSK
4.0,246,xOSK
4.0,247,partial_intermediate
4.0,248,keratinocyte_like
4.0,249,hOSK
4.0,250,keratinocyte_like
4.0,251,hOSK
4.0,252,keratinocyte_like
4.0,253,hOSK
4.0,254,xOSK
4.0,255,xOSK
4.0,256,xOSK
4.0,257,keratinocyte_like
4.0,258,keratinocyte_like
4.0,259,xOSK
4.0,260,keratinocyte_like
4.0,261,keratinocyte_like
4.0,262,hOSK
4.0,263,hOSK
4.0,264,keratinocyte_like
4.0,265,xOSK
4.0,266,hOSK
4.0,267,hOSK
4.0,268,keratinocyte_like
4.0,269,keratinocyte_like
4.0,270,partial_intermediate
4.0,271,hOSK
4.0,272,hOSK
4.0,273,hOSK
4.0,274,hOSK
4.0,275,keratinocyte_like
4.0,276,keratinocyte_like
4.0,277,keratinocyte_like
4.0,278,keratinocyte_like
4.0,279,keratinocyte_like
4.0,280,keratinocyte_like
4.0,281,keratinocyte_like
4.0,282,keratinocyte_like
4.0,283,partial_intermediate
4.0,284,keratinocyte_like
4.0,285,keratinocyte_like
4.0,286,keratinocyte_like
4.0,287,hOSK
4.0,288,partial_intermediate
4.0,289,keratinocyte_like
4.0,290,keratinocyte_like
4.0,291,xOSK
4.0,292,partial_intermediate
4.0,293,keratinocyte_like
4.0,294,keratinocyte_like
4.0,295,keratinocyte_like
4.0,296,hOSK
4.0,297,keratinocyte_like
4.0,298,hOSK
4.0,299,keratinocyte_like
4.0,300,partial_intermediate
4.0,301,hOSK
4.0,302,keratinocyte_like
4.0,303,hOSK
4.0,304,xOSK
4.0,305,hOSK
4.0,306,keratinocyte_like
4.0,307,xOSK
4.0,308,keratinocyte_like
4.0,309,keratinocyte_like
4.0,310,hOSK
4.0,311,xOSK
4.0,312,keratinocyte_like
4.0,313,keratinocyte_like
4.0,314,xOSK
4.0,315,hOSK
4.0,316,keratinocyte_like
4.0,317,keratinocyte_like
4.0,318,keratinocyte_like
4.0,319,partial_intermediate
4.0,320,keratinocyte_like
4.0,321,keratinocyte_like
4.0,322,hOSK
4.0,323,hOSK
4.0,324,hOSK
4.0,325,fibroblast_like_stalled
4.0,326,xOSK
4.0,327,keratinocyte_like
4.0,328,keratinocyte_like
4.0,329,keratinocyte_like
4.0,330,xOSK
4.0,331,hOSK
4.0,332,keratinocyte_like
4.0,333,hOSK
4.0,334,hOSK
4.0,335,xOSK
4.0,336,keratinocyte_like
4.0,337,hOSK
4.0,338,hOSK
4.0,339,xOSK
4.0,340,keratinocyte_like
4.0,341,partial_intermediate
4.0,342,partial_intermediate
4.0,343,keratinocyte_like
4.0,344,keratinocyte_like
4.0,345,keratinocyte_like
4.0,346,keratinocyte_like
4.0,347,keratinocyte_like
4.0,348,partial_intermediate
4.0,349,keratinocyte_like
4.0,350,hOSK
4.0,351,keratinocyte_like
4.0,352,xOSK
4.0,353,partial_intermediate
4.0,354,keratinocyte_like
4.0,355,xOSK
4.0,356,partial_intermediate
4.0,357,keratinocyte_like
4.0,358,keratinocyte_like
4.0,359,keratinocyte_like
4.0,360,partial_intermediate
4.0,361,hOSK
4.0,362,xOSK
4.0,363,xOSK
4.0,364,hOSK
4.0,365,hOSK
4.0,366,hOSK
4.0,367,hOSK
4.0,368,keratinocyte_like
4.0,369,partial_intermediate
4.0,370,hOSK
4.0,371,hOSK
4.0,372,keratinocyte_like
4.0,373,keratinocyte_like
4.0,374,keratinocyte_like
4.0,375,keratinocyte_like
4.0,376,keratinocyte_like
4.0,377,keratinocyte_like
4.0,378,keratinocyte_like
4.0,379,partial_intermediate
4.0,380,keratinocyte_like
4.0,381,keratinocyte_like
4.0,382,hOSK
4.0,383,hOSK
4.0,384,hOSK
4.0,385,keratinocyte_like
4.0,386,keratinocyte_like
4.0,387,hOSK
4.0,388,keratinocyte_like
4.0,389,hOSK
4.0,390,keratinocyte_like
4.0,391,hOSK
4.0,392,hOSK
4.0,393,hOSK
4.0,394,keratinocyte_like
4.0,395,hOSK
4.0,396,keratinocyte_like
4.0,397,hOSK
4.0,398,hOSK
4.0,399,hOSK
4.0,400,hOSK
4.0,401,hOSK
4.0,402,hOSK
4.0,403,keratinocyte_like
4.0,404,xOSK
4.0,405,keratinocyte_like
4.0,406,keratinocyte_like
4.0,407,keratinocyte_like
4.0,408,keratinocyte_like
4.0,409,partial_intermediate
4.0,410,xOSK
4.0,411,hOSK
4.0,412,hOSK
4.0,413,keratinocyte_like
4.0,414,hOSK
4.0,415,keratinocyte_like
4.0,416,keratinocyte_like
4.0,417,keratinocyte_like
4.0,418,keratinocyte_like
4.0,419,keratinocyte_like
4.0,420,keratinocyte_like
4.0,421,hOSK
4.0,422,keratinocyte_like
4.0,423,keratinocyte_like
4.0,424,hOSK
4.0,425,keratinocyte_like
4.0,426,hOSK
4.0,427,hOSK
4.0,428,hOSK
4.0,429,xOSK
4.0,430,fibroblast_like_stalled
4.0,431,hOSK
4.0,432,keratinocyte_like
4.0,433,keratinocyte_like
4.0,434,hOSK
4.0,435,xOSK
4.0,436,xOSK
4.0,437,keratinocyte_like
4.0,438,partial_intermediate
4.0,439,keratinocyte_like
4.0,440,keratinocyte_like
4.0,441,hOSK
4.0,442,partial_intermediate
4.0,443,keratinocyte_like
4.0,444,keratinocyte_like
4.0,445,keratinocyte_like
4.0,446,keratinocyte_like
4.0,447,keratinocyte_like
4.0,448,hOSK
4.0,449,keratinocyte_like
4.0,450,keratinocyte_like
4.0,451,hOSK
4.0,452,hOSK
4.0,453,keratinocyte_like
4.0,454,hOSK
4.0,455,keratinocyte_like
4.0,456,hOSK
4.0,457,partial_intermediate
4.0,458,hOSK
4.0,459,xOSK
4.0,460,keratinocyte_like
4.0,461,keratinocyte_like
4.0,462,hOSK
4.0,463,hOSK
4.0,464,keratinocyte_like
4.0,465,keratinocyte_like
4.0,466,xOSK
4.0,467,keratinocyte_like
4.0,468,hOSK
4.0,469,hOSK
4.0,470,keratinocyte_like
4.0,471,keratinocyte_like
4.0,472,xOSK
4.0,473,partial_intermediate
4.0,474,keratinocyte_like
4.0,475,hOSK
4.0,476,keratinocyte_like
4.0,477,partial_intermediate
4.0,478,keratinocyte_like
4.0,479,keratinocyte_like
4.0,480,keratinocyte_like
4.0,481,hOSK
4.0,482,keratinocyte_like
4.0,483,keratinocyte_like
4.0,484,keratinocyte_like
4.0,485,hOSK
4.0,486,keratinocyte_like
4.0,487,xOSK
4.0,488,partial_intermediate
4.0,489,keratinocyte_like
4.0,490,xOSK
4.0,491,partial_intermediate
4.0,492,keratinocyte_like
4.0,493,hOSK
4.0,494,partial_intermediate
4.0,495,keratinocyte_like
4.0,496,keratinocyte_like
4.0,497,keratinocyte_like
4.0,498,keratinocyte_like
4.0,499,keratinocyte_like
4.0,500,xOSK
4.0,501,xOSK
4.0,502,hOSK
4.0,503,hOSK
4.0,504,hOSK
4.0,505,hOSK
4.0,506,keratinocyte_like
4.0,507,xOSK
4.0,508,keratinocyte_like
4.0,509,keratinocyte_like
4.0,510,keratinocyte_like
4.0,511,keratinocyte_like
4.0,512,keratinocyte_like
4.0,513,keratinocyte_like
4.0,514,hOSK
4.0,515,xOSK
4.0,516,xOSK
4.0,517,keratinocyte_like
4.0,518,xOSK
4.0,519,keratinocyte_like
4.0,520,hOSK
4.0,521,partial_intermediate
4.0,522,keratinocyte_like
4.0,523,keratinocyte_like
4.0,524,hOSK
4.0,525,keratinocyte_like
4.0,526,hOSK
4.0,527,keratinocyte_like
4.0,528,xOSK
4.0,529,keratinocyte_like
4.0,530,hOSK
4.0,531,partial_intermediate
4.0,532,hOSK
4.0,533,keratinocyte_like
4.0,534,partial_intermediate
4.0,535,keratinocyte_like
4.0,536,keratinocyte_like
4.0,537,keratinocyte_like
4.0,538,keratinocyte_like
4.0,539,keratinocyte_like
4.0,540,keratinocyte_like
4.0,541,hOSK
4.0,542,xOSK
4.0,543,partial_intermediate
4.0,544,keratinocyte_like
4.0,545,xOSK
4.0,546,keratinocyte_like
4.0,547,xOSK
4.0,548,hOSK
4.0,549,hOSK
4.0,550,hOSK
4.0,551,keratinocyte_like
4.0,552,keratinocyte_like
4.0,553,keratinocyte_like
4.0,554,keratinocyte_like
4.0,555,keratinocyte_like
4.0,556,keratinocyte_like
4.0,557,hOSK
4.0,558,keratinocyte_like
4.0,559,keratinocyte_like
4.0,560,hOSK
4.0,561,keratinocyte_like
4.0,562,fibroblast_like_stalled
4.0,563,hOSK
4.0,564,hOSK
4.0,565,hOSK
4.0,566,xOSK
4.0,567,hOSK
4.0,568,keratinocyte_like
4.0,569,keratinocyte_like
4.0,570,xOSK
4.0,571,keratinocyte_like
4.0,572,keratinocyte_like
4.0,573,keratinocyte_like
4.0,574,keratinocyte_like
4.0,575,keratinocyte_like
4.0,576,hOSK
4.0,577,partial_intermediate
4.0,578,keratinocyte_like
4.0,579,hOSK
4.0,580,keratinocyte_like
4.0,581,hOSK
4.0,582,hOSK
4.0,583,keratinocyte_like
4.0,584,hOSK
4.0,585,keratinocyte_like
4.0,586,keratinocyte_like
4.0,587,hOSK
4.0,588,keratinocyte_like
4.0,589,keratinocyte_like
4.0,590,keratinocyte_like
4.0,591,hOSK
4.0,592,keratinocyte_like
4.0,593,keratinocyte_like
4.0,594,hOSK
4.0,595,keratinocyte_like
4.0,596,keratinocyte_like
4.0,597,keratinocyte_like
4.0,598,keratinocyte_like
4.0,599,hOSK
4.0,600,hOSK
4.0,601,partial_intermediate
4.0,602,partial_intermediate
4.0,603,keratinocyte_like
4.0,604,keratinocyte_like
4.0,605,partial_intermediate
4.0,606,keratinocyte_like
4.0,607,keratinocyte_like
4.0,608,keratinocyte_like
4.0,609,keratinocyte_like
4.0,610,hOSK
4.0,611,keratinocyte_like
4.0,612,xOSK
4.0,613,hOSK
4.0,614,partial_intermediate
4.0,615,hOSK
4.0,616,xOSK
4.0,617,keratinocyte_like
4.0,618,keratinocyte_like
4.0,619,keratinocyte_like
4.0,620,hOSK
4.0,621,keratinocyte_like
4.0,622,keratinocyte_like
4.0,623,keratinocyte_like
4.0,624,keratinocyte_like
4.0,625,keratinocyte_like
4.0,626,keratinocyte_like
4.0,627,hOSK
4.0,628,keratinocyte_like
4.0,629,keratinocyte_like
4.0,630,hOSK
4.0,631,keratinocyte_like
4.0,632,xOSK
4.0,633,keratinocyte_like
4.0,634,xOSK
4.0,635,xOSK
4.0,636,keratinocyte_like
4.0,637,keratinocyte_like
4.0,638,hOSK
4.0,639,keratinocyte_like
4.0,640,hOSK
4.0,641,keratinocyte_like
4.0,642,keratinocyte_like
4.0,643,partial_intermediate
4.0,644,keratinocyte_like
4.0,645,xOSK
4.0,646,keratinocyte_like
4.0,647,xOSK
4.0,648,partial_intermediate
4.0,649,partial_intermediate
4.0,650,partial_intermediate
4.0,651,keratinocyte_like
4.0,652,partial_intermediate
4.0,653,partial_intermediate
4.0,654,hOSK
4.0,655,partial_intermediate
4.0,656,xOSK
4.0,657,hOSK
4.0,658,xOSK
4.0,659,hOSK
4.0,660,keratinocyte_like
4.0,661,fibroblast_like_stalled
4.0,662,keratinocyte_like
4.0,663,keratinocyte_like
4.0,664,hOSK
4.0,665,keratinocyte_like
4.0,666,hOSK
4.0,667,keratinocyte_like
4.0,668,fibroblast_like_stalled
4.0,669,keratinocyte_like
4.0,670,keratinocyte_like
4.0,671,keratinocyte_like
4.0,672,xOSK
4.0,673,keratinocyte_like
4.0,674,keratinocyte_like
4.0,675,hOSK
4.0,676,partial_intermediate
4.0,677,fibroblast_like_stalled
4.0,678,xOSK
4.0,679,xOSK
4.0,680,partial_intermediate
4.0,681,hOSK
4.0,682,keratinocyte_like
4.0,683,xOSK
4.0,684,keratinocyte_like
4.0,685,keratinocyte_like
4.0,686,keratinocyte_like
4.0,687,keratinocyte_like
4.0,688,keratinocyte_like
4.0,689,partial_intermediate
4.0,690,xOSK
4.0,691,xOSK
4.0,692,hOSK
4.0,693,keratinocyte_like
4.0,694,hOSK
4.0,695,keratinocyte_like
4.0,696,keratinocyte_like
4.0,697,keratinocyte_like
4.0,698,partial_intermediate
4.0,699,keratinocyte_like
4.0,700,fibroblast_like_stalled
4.0,701,xOSK
4.0,702,keratinocyte_like
4.0,703,hOSK
4.0,704,keratinocyte_like
4.0,705,hOSK
4.0,706,keratinocyte_like
4.0,707,keratinocyte_like
4.0,708,fibroblast_like_stalled
4.0,709,hOSK
4.0,710,xOSK
4.0,711,keratinocyte_like
4.0,712,hOSK
4.0,713,keratinocyte_like
4.0,714,keratinocyte_like
4.0,715,keratinocyte_like
4.0,716,keratinocyte_like
4.0,717,keratinocyte_like
4.0,718,keratinocyte_like
4.0,719,xOSK
4.0,720,keratinocyte_like
4.0,721,hOSK
4.0,722,partial_intermediate
4.0,723,hOSK
4.0,724,hOSK
4.0,725,hOSK
4.0,726,keratinocyte_like
4.0,727,hOSK
4.0,728,keratinocyte_like
4.0,729,hOSK
4.0,730,fibroblast_like_stalled
4.0,731,keratinocyte_like
4.0,732,keratinocyte_like
4.0,733,xOSK
4.0,734,keratinocyte_like
4.0,735,hOSK
4.0,736,xOSK
4.0,737,xOSK
4.0,738,partial_intermediate
4.0,739,xOSK
4.0,740,hOSK
4.0,741,hOSK
4.0,742,hOSK
4.0,743,hOSK
4.0,744,keratinocyte_like
4.0,745,keratinocyte_like
4.0,746,hOSK
4.0,747,keratinocyte_like
4.0,748,keratinocyte_like
4.0,749,keratinocyte_like
4.0,750,keratinocyte_like
4.0,751,keratinocyte_like
4.0,752,keratinocyte_like
4.0,753,hOSK
4.0,754,keratinocyte_like
4.0,755,hOSK
4.0,756,keratinocyte_like
4.0,757,xOSK
4.0,758,hOSK
4.0,759,keratinocyte_like
4.0,760,partial_intermediate
4.0,761,xOSK
4.0,762,keratinocyte_like
4.0,763,partial_intermediate
4.0,764,keratinocyte_like
4.0,765,hOSK
4.0,766,keratinocyte_like
4.0,767,keratinocyte_like
4.0,768,hOSK
4.0,769,hOSK
4.0,770,keratinocyte_like
4.0,771,partial_intermediate
4.0,772,keratinocyte_like
4.0,773,hOSK
4.0,774,partial_intermediate
4.0,775,hOSK
4.0,776,xOSK
4.0,777,keratinocyte_like
4.0,778,keratinocyte_like
4.0,779,keratinocyte_like
4.0,780,keratinocyte_like
4.0,781,partial_intermediate
4.0,782,hOSK
4.0,783,xOSK
4.0,784,keratinocyte_like
4.0,785,keratinocyte_like
4.0,786,keratinocyte_like
4.0,787,hOSK
4.0,788,partial_intermediate
4.0,789,keratinocyte_like
4.0,790,hOSK
4.0,791,partial_intermediate
4.0,792,keratinocyte_like
4.0,793,hOSK
4.0,794,xOSK
4.0,795,keratinocyte_like
4.0,796,keratinocyte_like
4.0,797,keratinocyte_like
4.0,798,keratinocyte_like
4.0,799,hOSK
4.0,800,keratinocyte_like
4.0,801,keratinocyte_like
4.0,802,keratinocyte_like
4.0,803,xOSK
4.0,804,keratinocyte_like
4.0,805,keratinocyte_like
4.0,806,hOSK
4.0,807,xOSK
4.0,808,keratinocyte_like
4.0,809,keratinocyte_like
4.0,810,keratinocyte_like
4.0,811,keratinocyte_like
4.0,812,hOSK
4.0,813,keratinocyte_like
4.0,814,xOSK
4.0,815,keratinocyte_like
4.0,816,keratinocyte_like
4.0,817,hOSK
4.0,818,hOSK
4.0,819,keratinocyte_like
4.0,820,hOSK
4.0,821,keratinocyte_like
4.0,822,hOSK
4.0,823,hOSK
4.0,824,xOSK
4.0,825,keratinocyte_like
4.0,826,hOSK
4.0,827,keratinocyte_like
4.0,828,xOSK
4.0,829,partial_intermediate
4.0,830,keratinocyte_like
4.0,831,keratinocyte_like
4.0,832,keratinocyte_like
4.0,833,keratinocyte_like
4.0,834,hOSK
4.0,835,keratinocyte_like
4.0,836,keratinocyte_like
4.0,837,xOSK
4.0,838,hOSK
4.0,839,keratinocyte_like
4.0,840,xOSK
4.0,841,keratinocyte_like
4.0,842,keratinocyte_like
4.0,843,hOSK
4.0,844,keratinocyte_like
4.0,845,keratinocyte_like
4.0,846,keratinocyte_like
4.0,847,keratinocyte_like
4.0,848,keratinocyte_like
4.0,849,hOSK
4.0,850,keratinocyte_like
4.0,851,keratinocyte_like
4.0,852,keratinocyte_like
4.0,853,hOSK
4.0,854,hOSK
4.0,855,hOSK
4.0,856,keratinocyte_like
4.0,857,hOSK
4.0,858,keratinocyte_like
4.0,859,keratinocyte_like
4.0,860,xOSK
4.0,861,hOSK
4.0,862,hOSK
4.0,863,keratinocyte_like
4.0,864,hOSK
4.0,865,hOSK
4.0,866,keratinocyte_like
4.0,867,xOSK
4.0,868,hOSK
4.0,869,partial_intermediate
4.0,870,fibroblast_like_stalled
4.0,871,keratinocyte_like
4.0,872,keratinocyte_like
4.0,873,hOSK
4.0,874,keratinocyte_like
4.0,875,xOSK
4.0,876,partial_intermediate
4.0,877,xOSK
4.0,878,keratinocyte_like
4.0,879,hOSK
4.0,880,hOSK
4.0,881,keratinocyte_like
4.0,882,xOSK
4.0,883,keratinocyte_like
4.0,884,hOSK
4.0,885,keratinocyte_like
4.0,886,keratinocyte_like
4.0,887,keratinocyte_like
4.0,888,xOSK
4.0,889,hOSK
4.0,890,keratinocyte_like
4.0,891,keratinocyte_like
4.0,892,hOSK
4.0,893,keratinocyte_like
4.0,894,hOSK
4.0,895,xOSK
4.0,896,keratinocyte_like
4.0,897,keratinocyte_like
4.0,898,keratinocyte_like
4.0,899,xOSK
4.0,900,keratinocyte_like
4.0,901,hOSK
4.0,902,keratinocyte_like
4.0,903,xOSK
4.0,904,keratinocyte_like
4.0,905,hOSK
4.0,906,keratinocyte_like
4.0,907,partial_intermediate
4.0,908,keratinocyte_like
4.0,909,keratinocyte_like
4.0,910,hOSK
4.0,911,hOSK
4.0,912,keratinocyte_like
4.0,913,keratinocyte_like
4.0,914,xOSK
4.0,915,hOSK
4.0,916,keratinocyte_like
4.0,917,keratinocyte_like
4.0,918,keratinocyte_like
4.0,919,keratinocyte_like
4.0,920,hOSK
4.0,921,hOSK
4.0,922,hOSK
4.0,923,hOSK
4.0,924,hOSK
4.0,925,keratinocyte_like
4.0,926,keratinocyte_like
4.0,927,keratinocyte_like
4.0,928,keratinocyte_like
4.0,929,hOSK
4.0,930,keratinocyte_like
4.0,931,xOSK
4.0,932,keratinocyte_like
4.0,933,partial_intermediate
4.0,934,hOSK
4.0,935,keratinocyte_like
4.0,936,hOSK
4.0,937,keratinocyte_like
4.0,938,partial_intermediate
4.0,939,keratinocyte_like
4.0,940,keratinocyte_like
4.0,941,keratinocyte_like
4.0,942,partial_intermediate
4.0,943,keratinocyte_like
4.0,944,hOSK
4.0,945,keratinocyte_like
4.0,946,fibroblast_like_stalled
4.0,947,xOSK
4.0,948,hOSK
4.0,949,keratinocyte_like
4.0,950,hOSK
4.0,951,keratinocyte_like
4.0,952,xOSK
4.0,953,partial_intermediate
4.0,954,keratinocyte_like
4.0,955,xOSK
4.0,956,keratinocyte_like
4.0,957,hOSK
4.0,958,keratinocyte_like
4.0,959,keratinocyte_like
4.0,960,keratinocyte_like
4.0,961,keratinocyte_like
4.0,962,keratinocyte_like
4.0,963,hOSK
4.0,964,keratinocyte_like
4.0,965,hOSK
4.0,966,hOSK
4.0,967,xOSK
4.0,968,xOSK
4.0,969,keratinocyte_like
4.0,970,keratinocyte_like
4.0,971,hOSK
4.0,972,hOSK
4.0,973,hOSK
4.0,974,keratinocyte_like
4.0,975,hOSK
4.0,976,hOSK
4.0,977,hOSK
4.0,978,xOSK
4.0,979,fibroblast_like_stalled
4.0,980,hOSK
4.0,981,xOSK
4.0,982,keratinocyte_like
4.0,983,hOSK
4.0,984,keratinocyte_like
4.0,985,xOSK
4.0,986,keratinocyte_like
4.0,987,keratinocyte_like
4.0,988,keratinocyte_like
4.0,989,keratinocyte_like
4.0,990,hOSK
4.0,991,keratinocyte_like
4.0,992,xOSK
4.0,993,keratinocyte_like
4.0,994,keratinocyte_like
4.0,995,xOSK
4.0,996,keratinocyte_like
4.0,997,hOSK
4.0,998,keratinocyte_like
4.0,999,hOSK
4.0,1000,fibroblast_like_stalled
4.0,1001,hOSK
4.0,1002,hOSK
4.0,1003,xOSK
4.0,1004,xOSK
4.0,1005,partial_intermediate
4.0,1006,hOSK
4.0,1007,keratinocyte_like
4.0,1008,keratinocyte_like
4.0,1009,keratinocyte_like
4.0,1010,hOSK
4.0,1011,keratinocyte_like
4.0,1012,partial_intermediate
4.0,1013,hOSK
4.0,1014,keratinocyte_like
4.0,1015,xOSK
4.0,1016,keratinocyte_like
4.0,1017,keratinocyte_like
4.0,1018,partial_intermediate
4.0,1019,xOSK
4.0,1020,partial_intermediate
4.0,1021,keratinocyte_like
4.0,1022,fibroblast_like_stalled
4.0,1023,keratinocyte_like
4.0,1024,keratinocyte_like
4.0,1025,xOSK
4.0,1026,keratinocyte_like
4.0,1027,hOSK
4.0,1028,hOSK
4.0,1029,hOSK
4.0,1030,keratinocyte_like
4.0,1031,keratinocyte_like
4.0,1032,keratinocyte_like
4.0,1033,keratinocyte_like
4.0,1034,xOSK
4.0,1035,hOSK
4.0,1036,hOSK
4.0,1037,keratinocyte_like
4.0,1038,keratinocyte_like
4.0,1039,keratinocyte_like
4.0,1040,keratinocyte_like
4.0,1041,hOSK
4.0,1042,xOSK
4.0,1043,keratinocyte_like
4.0,1044,keratinocyte_like
4.0,1045,keratinocyte_like
4.0,1046,keratinocyte_like
4.0,1047,xOSK
4.0,1048,keratinocyte_like
4.0,1049,hOSK
4.0,1050,hOSK
4.0,1051,partial_intermediate
4.0,1052,hOSK
4.0,1053,keratinocyte_like
4.0,1054,hOSK
4.0,1055,keratinocyte_like
4.0,1056,keratinocyte_like
4.0,1057,partial_intermediate
4.0,1058,hOSK
4.0,1059,hOSK
4.0,1060,hOSK
4.0,1061,xOSK
4.0,1062,keratinocyte_like
4.0,1063,hOSK
4.0,1064,keratinocyte_like
4.0,1065,partial_intermediate
4.0,1066,keratinocyte_like
4.0,1067,hOSK
4.0,1068,keratinocyte_like
4.0,1069,xOSK
4.0,1070,partial_intermediate
4.0,1071,keratinocyte_like
4.0,1072,partial_intermediate
4.0,1073,keratinocyte_like
4.0,1074,keratinocyte_like
4.0,1075,keratinocyte_like
4.0,1076,keratinocyte_like
4.0,1077,hOSK
4.0,1078,keratinocyte_like
4.0,1079,xOSK
4.0,1080,keratinocyte_like
4.0,1081,fibroblast_like_stalled
4.0,1082,hOSK
4.0,1083,xOSK
4.0,1084,keratinocyte_like
4.0,1085,hOSK
4.0,1086,keratinocyte_like
4.0,1087,xOSK
4.0,1088,keratinocyte_like
4.0,1089,xOSK
4.0,1090,keratinocyte_like
4.0,1091,keratinocyte_like
4.0,1092,keratinocyte_like
4.0,1093,keratinocyte_like
4.0,1094,keratinocyte_like
4.0,1095,hOSK
4.0,1096,keratinocyte_like
4.0,1097,hOSK
4.0,1098,hOSK
4.0,1099,partial_intermediate
4.0,1100,hOSK
4.0,1101,xOSK
4.0,1102,xOSK
4.0,1103,hOSK
4.0,1104,hOSK
4.0,1105,partial_intermediate
4.0,1106,partial_intermediate
4.0,1107,keratinocyte_like
4.0,1108,hOSK
4.0,1109,hOSK
4.0,1110,keratinocyte_like
4.0,1111,hOSK
4.0,1112,hOSK
4.0,1113,xOSK
4.0,1114,xOSK
4.0,1115,xOSK
4.0,1116,hOSK
4.0,1117,hOSK
4.0,1118,keratinocyte_like
4.0,1119,xOSK
4.0,1120,hOSK
4.0,1121,hOSK
4.0,1122,hOSK
4.0,1123,keratinocyte_like
4.0,1124,hOSK
4.0,1125,hOSK
4.0,1126,xOSK
4.0,1127,keratinocyte_like
4.0,1128,hOSK
4.0,1129,partial_intermediate
4.0,1130,xOSK
4.0,1131,keratinocyte_like
4.0,1132,keratinocyte_like
4.0,1133,hOSK
4.0,1134,keratinocyte_like
4.0,1135,hOSK
4.0,1136,hOSK
4.0,1137,keratinocyte_like
4.0,1138,keratinocyte_like
4.0,1139,keratinocyte_like
4.0,1140,xOSK
4.0,1141,keratinocyte_like
4.0,1142,keratinocyte_like
4.0,1143,hOSK
4.0,1144,partial_intermediate
4.0,1145,keratinocyte_like
4.0,1146,hOSK
4.0,1147,hOSK
4.0,1148,hOSK
4.0,1149,keratinocyte_like
4.0,1150,keratinocyte_like
4.0,1151,keratinocyte_like
4.0,1152,xOSK
4.0,1153,hOSK
4.0,1154,xOSK
4.0,1155,xOSK
4.0,1156,hOSK
4.0,1157,hOSK
4.0,1158,keratinocyte_like
4.0,1159,keratinocyte_like
4.0,1160,xOSK
4.0,1161,xOSK
4.0,1162,keratinocyte_like
4.0,1163,hOSK
4.0,1164,keratinocyte_like
4.0,1165,keratinocyte_like
4.0,1166,xOSK
4.0,1167,keratinocyte_like
4.0,1168,hOSK
4.0,1169,keratinocyte_like
4.0,1170,hOSK
4.0,1171,keratinocyte_like
4.0,1172,keratinocyte_like
4.0,1173,hOSK
4.0,1174,keratinocyte_like
4.0,1175,xOSK
4.0,1176,keratinocyte_like
4.0,1177,keratinocyte_like
4.0,1178,hOSK
4.0,1179,keratinocyte_like
4.0,1180,hOSK
4.0,1181,partial_intermediate
4.0,1182,partial_intermediate
4.0,1183,keratinocyte_like
4.0,1184,xOSK
4.0,1185,keratinocyte_like
4.0,1186,hOSK
4.0,1187,keratinocyte_like
4.0,1188,xOSK
4.0,1189,keratinocyte_like
4.0,1190,partial_intermediate
4.0,1191,hOSK
4.0,1192,keratinocyte_like
4.0,1193,hOSK
4.0,1194,xOSK
4.0,1195,partial_intermediate
4.0,1196,hOSK
4.0,1197,hOSK
4.0,1198,hOSK
4.0,1199,keratinocyte_like
4.0,1200,xOSK
4.0,1201,keratinocyte_like
4.0,1202,xOSK
4.0,1203,keratinocyte_like
4.0,1204,hOSK
4.0,1205,keratinocyte_like
4.0,1206,keratinocyte_like
4.0,1207,keratinocyte_like
4.0,1208,keratinocyte_like
4.0,1209,keratinocyte_like
4.0,1210,keratinocyte_like
4.0,1211,hOSK
4.0,1212,hOSK
4.0,1213,keratinocyte_like
4.0,1214,keratinocyte_like
4.0,1215,keratinocyte_like
4.0,1216,hOSK
4.0,1217,hOSK
4.0,1218,hOSK
4.0,1219,hOSK
4.0,1220,hOSK
4.0,1221,keratinocyte_like
4.0,1222,keratinocyte_like
4.0,1223,partial_intermediate
4.0,1224,partial_intermediate
4.0,1225,partial_intermediate
4.0,1226,hOSK
4.0,1227,xOSK
4.0,1228,keratinocyte_like
4.0,1229,hOSK
4.0,1230,keratinocyte_like
4.0,1231,xOSK
4.0,1232,keratinocyte_like
4.0,1233,hOSK
4.0,1234,hOSK
4.0,1235,hOSK
4.0,1236,hOSK
4.0,1237,hOSK
4.0,1238,keratinocyte_like
4.0,1239,keratinocyte_like
4.0,1240,keratinocyte_like
4.0,1241,keratinocyte_like
4.0,1242,keratinocyte_like
4.0,1243,keratinocyte_like
4.0,1244,hOSK
4.0,1245,hOSK
4.0,1246,hOSK
4.0,1247,keratinocyte_like
4.0,1248,keratinocyte_like
4.0,1249,keratinocyte_like
4.0,1250,hOSK
4.0,1251,hOSK
4.0,1252,keratinocyte_like
4.0,1253,keratinocyte_like
4.0,1254,keratinocyte_like
4.0,1255,hOSK
4.0,1256,hOSK
4.0,1257,hOSK
4.0,1258,keratinocyte_like
4.0,1259,keratinocyte_like
4.0,1260,xOSK
4.0,1261,xOSK
4.0,1262,keratinocyte_like
4.0,1263,keratinocyte_like
4.0,1264,hOSK
4.0,1265,keratinocyte_like
4.0,1266,hOSK
4.0,1267,keratinocyte_like
4.0,1268,keratinocyte_like
4.0,1269,keratinocyte_like
4.0,1270,keratinocyte_like
4.0,1271,keratinocyte_like
4.0,1272,hOSK
4.0,1273,keratinocyte_like
4.0,1274,xOSK
4.0,1275,keratinocyte_like
4.0,1276,keratinocyte_like
4.0,1277,hOSK
4.0,1278,xOSK
4.0,1279,hOSK
4.0,1280,keratinocyte_like
4.0,1281,xOSK
4.0,1282,keratinocyte_like
4.0,1283,hOSK
4.0,1284,hOSK
4.0,1285,hOSK
4.0,1286,keratinocyte_like
4.0,1287,keratinocyte_like
4.0,1288,keratinocyte_like
4.0,1289,hOSK
4.0,1290,keratinocyte_like
4.0,1291,partial_intermediate
4.0,1292,hOSK
4.0,1293,keratinocyte_like
4.0,1294,partial_intermediate
4.0,1295,hOSK
4.0,1296,keratinocyte_like
4.0,1297,partial_intermediate
4.0,1298,xOSK
4.0,1299,keratinocyte_like
4.0,1300,hOSK
4.0,1301,keratinocyte_like
4.0,1302,keratinocyte_like
4.0,1303,keratinocyte_like
4.0,1304,keratinocyte_like
4.0,1305,hOSK
4.0,1306,hOSK
4.0,1307,keratinocyte_like
4.0,1308,keratinocyte_like
4.0,1309,hOSK
4.0,1310,hOSK
4.0,1311,keratinocyte_like
4.0,1312,keratinocyte_like
4.0,1313,hOSK
4.0,1314,hOSK
4.0,1315,keratinocyte_like
4.0,1316,hOSK
4.0,1317,xOSK
4.0,1318,hOSK
4.0,1319,keratinocyte_like
4.0,1320,partial_intermediate
4.0,1321,hOSK
4.0,1322,hOSK
4.0,1323,hOSK
4.0,1324,keratinocyte_like
4.0,1325,hOSK
4.0,1326,keratinocyte_like
4.0,1327,hOSK
4.0,1328,hOSK
4.0,1329,keratinocyte_like
4.0,1330,keratinocyte_like
4.0,1331,keratinocyte_like
4.0,1332,hOSK
4.0,1333,keratinocyte_like
4.0,1334,keratinocyte_like
4.0,1335,keratinocyte_like
4.0,1336,keratinocyte_like
4.0,1337,xOSK
4.0,1338,keratinocyte_like
4.0,1339,keratinocyte_like
4.0,1340,keratinocyte_like
4.0,1341,xOSK
4.0,1342,hOSK
4.0,1343,xOSK
4.0,1344,keratinocyte_like
4.0,1345,partial_intermediate
4.0,1346,partial_intermediate
4.0,1347,keratinocyte_like
4.0,1348,keratinocyte_like
4.0,1349,keratinocyte_like
4.0,1350,hOSK
4.0,1351,keratinocyte_like
4.0,1352,keratinocyte_like
4.0,1353,keratinocyte_like
4.0,1354,xOSK
4.0,1355,keratinocyte_like
4.0,1356,hOSK
4.0,1357,partial_intermediate
4.0,1358,xOSK
4.0,1359,keratinocyte_like
4.0,1360,hOSK
4.0,1361,hOSK
4.0,1362,partial_intermediate
4.0,1363,partial_intermediate
4.0,1364,keratinocyte_like
4.0,1365,hOSK
4.0,1366,partial_intermediate
4.0,1367,keratinocyte_like
4.0,1368,keratinocyte_like
4.0,1369,hOSK
4.0,1370,hOSK
4.0,1371,hOSK
4.0,1372,hOSK
4.0,1373,hOSK
4.0,1374,keratinocyte_like
4.0,1375,hOSK
4.0,1376,keratinocyte_like
4.0,1377,hOSK
4.0,1378,keratinocyte_like
4.0,1379,keratinocyte_like
4.0,1380,hOSK
4.0,1381,keratinocyte_like
4.0,1382,hOSK
4.0,1383,keratinocyte_like
4.0,1384,keratinocyte_like
4.0,1385,keratinocyte_like
4.0,1386,partial_intermediate
4.0,1387,keratinocyte_like
4.0,1388,hOSK
4.0,1389,keratinocyte_like
4.0,1390,hOSK
4.0,1391,keratinocyte_like
4.0,1392,hOSK
4.0,1393,hOSK
4.0,1394,hOSK
4.0,1395,hOSK
4.0,1396,keratinocyte_like
4.0,1397,hOSK
4.0,1398,keratinocyte_like
4.0,1399,keratinocyte_like
4.0,1400,keratinocyte_like
4.0,1401,hOSK
4.0,1402,hOSK
4.0,1403,keratinocyte_like
4.0,1404,hOSK
4.0,1405,keratinocyte_like
4.0,1406,keratinocyte_like
4.0,1407,xOSK
4.0,1408,hOSK
4.0,1409,keratinocyte_like
4.0,1410,keratinocyte_like
4.0,1411,hOSK
4.0,1412,hOSK
4.0,1413,keratinocyte_like
4.0,1414,xOSK
4.0,1415,hOSK
4.0,1416,xOSK
4.0,1417,xOSK
4.0,1418,keratinocyte_like
4.0,1419,keratinocyte_like
4.0,1420,xOSK
4.0,1421,hOSK
4.0,1422,hOSK
4.0,1423,keratinocyte_like
4.0,1424,xOSK
4.0,1425,xOSK
4.0,1426,hOSK
4.0,1427,hOSK
4.0,1428,hOSK
4.0,1429,xOSK
4.0,1430,hOSK
4.0,1431,keratinocyte_like
4.0,1432,keratinocyte_like
4.0,1433,xOSK
4.0,1434,hOSK
4.0,1435,partial_intermediate
4.0,1436,keratinocyte_like
4.0,1437,hOSK
4.0,1438,keratinocyte_like
4.0,1439,keratinocyte_like
4.0,1440,keratinocyte_like
4.0,1441,keratinocyte_like
4.0,1442,hOSK
4.0,1443,fibroblast_like_stalled
4.0,1444,keratinocyte_like
4.0,1445,hOSK
4.0,1446,hOSK
4.0,1447,keratinocyte_like
4.0,1448,keratinocyte_like
4.0,1449,keratinocyte_like
4.0,1450,keratinocyte_like
4.0,1451,hOSK
4.0,1452,xOSK
4.0,1453,partial_intermediate
4.0,1454,keratinocyte_like
4.0,1455,hOSK
4.0,1456,hOSK
4.0,1457,hOSK
4.0,1458,partial_intermediate
4.0,1459,hOSK
4.0,1460,hOSK
4.0,1461,hOSK
4.0,1462,hOSK
4.0,1463,keratinocyte_like
4.0,1464,keratinocyte_like
4.0,1465,keratinocyte_like
4.0,1466,partial_intermediate
4.0,1467,hOSK
4.0,1468,hOSK
4.0,1469,keratinocyte_like
4.0,1470,keratinocyte_like
4.0,1471,hOSK
4.0,1472,hOSK
4.0,1473,partial_intermediate
4.0,1474,keratinocyte_like
4.0,1475,keratinocyte_like
4.0,1476,hOSK
4.0,1477,keratinocyte_like
4.0,1478,keratinocyte_like
4.0,1479,partial_intermediate
4.0,1480,keratinocyte_like
4.0,1481,xOSK
4.0,1482,xOSK
4.0,1483,hOSK
4.0,1484,keratinocyte_like
4.0,1485,keratinocyte_like
4.0,1486,keratinocyte_like
4.0,1487,xOSK
4.0,1488,hOSK
4.0,1489,hOSK
4.0,1490,partial_intermediate
4.0,1491,hOSK
4.0,1492,xOSK
4.0,1493,hOSK
4.0,1494,hOSK
4.0,1495,partial_intermediate
4.0,1496,partial_intermediate
4.0,1497,fibroblast_like_stalled
4.0,1498,keratinocyte_like
4.0,1499,hOSK
4.0,1500,hOSK
4.0,1501,hOSK
4.0,1502,keratinocyte_like
4.0,1503,keratinocyte_like
4.0,1504,hOSK
4.0,1505,keratinocyte_like
4.0,1506,keratinocyte_like
4.0,1507,keratinocyte_like
4.0,1508,keratinocyte_like
4.0,1509,hOSK
4.0,1510,keratinocyte_like
4.0,1511,keratinocyte_like
4.0,1512,keratinocyte_like
4.0,1513,keratinocyte_like
4.0,1514,keratinocyte_like
4.0,1515,partial_intermediate
4.0,1516,hOSK
4.0,1517,keratinocyte_like
4.0,1518,keratinocyte_like
4.0,1519,xOSK
4.0,1520,hOSK
4.0,1521,hOSK
4.0,1522,keratinocyte_like
4.0,1523,keratinocyte_like
4.0,1524,keratinocyte_like
4.0,1525,keratinocyte_like
4.0,1526,hOSK
4.0,1527,partial_intermediate
4.0,1528,keratinocyte_like
4.0,1529,hOSK
4.0,1530,keratinocyte_like
4.0,1531,keratinocyte_like
4.0,1532,partial_intermediate
4.0,1533,hOSK
4.0,1534,hOSK
4.0,1535,keratinocyte_like
4.0,1536,keratinocyte_like
4.0,1537,keratinocyte_like
4.0,1538,keratinocyte_like
4.0,1539,xOSK
4.0,1540,xOSK
4.0,1541,keratinocyte_like
4.0,1542,partial_intermediate
4.0,1543,keratinocyte_like
4.0,1544,hOSK
4.0,1545,xOSK
4.0,1546,hOSK
4.0,1547,keratinocyte_like
4.0,1548,partial_intermediate
4.0,1549,xOSK
4.0,1550,hOSK
4.0,1551,hOSK
4.0,1552,keratinocyte_like
4.0,1553,keratinocyte_like
4.0,1554,xOSK
4.0,1555,keratinocyte_like
4.0,1556,xOSK
4.0,1557,keratinocyte_like
4.0,1558,xOSK
4.0,1559,keratinocyte_like
4.0,1560,hOSK
4.0,1561,hOSK
4.0,1562,keratinocyte_like
4.0,1563,keratinocyte_like
4.0,1564,keratinocyte_like
4.0,1565,xOSK
4.0,1566,keratinocyte_like
4.0,1567,partial_intermediate
4.0,1568,keratinocyte_like
4.0,1569,hOSK
4.0,1570,hOSK
4.0,1571,partial_intermediate
4.0,1572,xOSK
4.0,1573,keratinocyte_like
4.0,1574,xOSK
4.0,1575,hOSK
4.0,1576,hOSK
4.0,1577,keratinocyte_like
4.0,1578,keratinocyte_like
4.0,1579,keratinocyte_like
4.0,1580,xOSK
4.0,1581,keratinocyte_like
4.0,1582,keratinocyte_like
4.0,1583,keratinocyte_like
4.0,1584,hOSK
4.0,1585,keratinocyte_like
4.0,1586,hOSK
4.0,1587,hOSK
4.0,1588,hOSK
4.0,1589,hOSK
4.0,1590,keratinocyte_like
4.0,1591,xOSK
4.0,1592,xOSK
4.0,1593,keratinocyte_like
4.0,1594,hOSK
4.0,1595,keratinocyte_like
4.0,1596,keratinocyte_like
4.0,1597,keratinocyte_like
4.0,1598,keratinocyte_like
4.0,1599,hOSK
4.0,1600,xOSK
4.0,1601,hOSK
4.0,1602,keratinocyte_like
4.0,1603,keratinocyte_like
4.0,1604,keratinocyte_like
4.0,1605,hOSK
4.0,1606,hOSK
4.0,1607,keratinocyte_like
4.0,1608,keratinocyte_like
4.0,1609,partial_intermediate
4.0,1610,keratinocyte_like
4.0,1611,keratinocyte_like
4.0,1612,keratinocyte_like
4.0,1613,hOSK
4.0,1614,partial_intermediate
4.0,1615,hOSK
4.0,1616,xOSK
4.0,1617,xOSK
4.0,1618,hOSK
4.0,1619,keratinocyte_like
4.0,1620,hOSK
4.0,1621,keratinocyte_like
4.0,1622,xOSK
4.0,1623,keratinocyte_like
4.0,1624,hOSK
4.0,1625,keratinocyte_like
4.0,1626,hOSK
4.0,1627,keratinocyte_like
4.0,1628,keratinocyte_like
4.0,1629,keratinocyte_like
4.0,1630,keratinocyte_like
4.0,1631,keratinocyte_like
4.0,1632,xOSK
4.0,1633,xOSK
4.0,1634,keratinocyte_like
4.0,1635,keratinocyte_like
4.0,1636,keratinocyte_like
4.0,1637,keratinocyte_like
4.0,1638,xOSK
4.0,1639,keratinocyte_like
4.0,1640,keratinocyte_like
4.0,1641,xOSK
4.0,1642,keratinocyte_like
4.0,1643,keratinocyte_like
4.0,1644,hOSK
4.0,1645,hOSK
4.0,1646,keratinocyte_like
4.0,1647,hOSK
4.0,1648,keratinocyte_like
4.0,1649,xOSK
4.0,1650,hOSK
4.0,1651,keratinocyte_like
4.0,1652,hOSK
4.0,1653,partial_intermediate
4.0,1654,xOSK
4.0,1655,hOSK
4.0,1656,keratinocyte_like
4.0,1657,keratinocyte_like
4.0,1658,xOSK
4.0,1659,xOSK
4.0,1660,xOSK
4.0,1661,keratinocyte_like
4.0,1662,hOSK
4.0,1663,keratinocyte_like
4.0,1664,hOSK
4.0,1665,keratinocyte_like
4.0,1666,keratinocyte_like
4.0,1667,partial_intermediate
4.0,1668,keratinocyte_like
4.0,1669,hOSK
4.0,1670,keratinocyte_like
4.0,1671,keratinocyte_like
4.0,1672,keratinocyte_like
4.0,1673,hOSK
4.0,1674,keratinocyte_like
4.0,1675,partial_intermediate
4.0,1676,keratinocyte_like
4.0,1677,keratinocyte_like
4.0,1678,hOSK
4.0,1679,partial_intermediate
4.0,1680,keratinocyte_like
4.0,1681,partial_intermediate
4.0,1682,hOSK
4.0,1683,xOSK
4.0,1684,hOSK
4.0,1685,fibroblast_like_stalled
4.0,1686,xOSK
4.0,1687,fibroblast_like_stalled
4.0,1688,hOSK
4.0,1689,partial_intermediate
4.0,1690,hOSK
4.0,1691,keratinocyte_like
4.0,1692,keratinocyte_like
4.0,1693,keratinocyte_like
4.0,1694,keratinocyte_like
4.0,1695,hOSK
4.0,1696,keratinocyte_like
4.0,1697,xOSK
4.0,1698,keratinocyte_like
4.0,1699,keratinocyte_like
4.0,1700,keratinocyte_like
4.0,1701,keratinocyte_like
4.0,1702,keratinocyte_like
4.0,1703,hOSK
4.0,1704,hOSK
4.0,1705,xOSK
4.0,1706,partial_intermediate
4.0,1707,keratinocyte_like
4.0,1708,hOSK
4.0,1709,hOSK
4.0,1710,keratinocyte_like
4.0,1711,keratinocyte_like
4.0,1712,xOSK
4.0,1713,xOSK
4.0,1714,keratinocyte_like
4.0,1715,keratinocyte_like
4.0,1716,keratinocyte_like
4.0,1717,keratinocyte_like
4.0,1718,keratinocyte_like
4.0,1719,hOSK
4.0,1720,hOSK
4.0,1721,keratinocyte_like
4.0,1722,keratinocyte_like
4.0,1723,partial_intermediate
4.0,1724,keratinocyte_like
4.0,1725,keratinocyte_like
4.0,1726,hOSK
4.0,1727,hOSK
4.0,1728,hOSK
4.0,1729,hOSK
4.0,1730,keratinocyte_like
4.0,1731,hOSK
4.0,1732,xOSK
4.0,1733,keratinocyte_like
4.0,1734,keratinocyte_like
4.0,1735,partial_intermediate
4.0,1736,keratinocyte_like
4.0,1737,keratinocyte_like
4.0,1738,xOSK
4.0,1739,hOSK
4.0,1740,keratinocyte_like
4.0,1741,keratinocyte_like
4.0,1742,xOSK
4.0,1743,keratinocyte_like
4.0,1744,partial_intermediate
4.0,1745,keratinocyte_like
4.0,1746,keratinocyte_like
4.0,1747,keratinocyte_like
4.0,1748,keratinocyte_like
4.0,1749,hOSK
4.0,1750,xOSK
4.0,1751,keratinocyte_like
4.0,1752,keratinocyte_like
4.0,1753,partial_intermediate
4.0,1754,xOSK
4.0,1755,hOSK
4.0,1756,keratinocyte_like
4.0,1757,partial_intermediate
4.0,1758,xOSK
4.0,1759,hOSK
4.0,1760,partial_intermediate
4.0,1761,keratinocyte_like
4.0,1762,xOSK
4.0,1763,keratinocyte_like
4.0,1764,hOSK
4.0,1765,hOSK
4.0,1766,xOSK
4.0,1767,hOSK
4.0,1768,keratinocyte_like
4.0,1769,keratinocyte_like
4.0,1770,hOSK
4.0,1771,keratinocyte_like
4.0,1772,hOSK
4.0,1773,hOSK
4.0,1774,keratinocyte_like
4.0,1775,xOSK
4.0,1776,xOSK
4.0,1777,hOSK
4.0,1778,keratinocyte_like
4.0,1779,keratinocyte_like
4.0,1780,partial_intermediate
4.0,1781,keratinocyte_like
4.0,1782,keratinocyte_like
4.0,1783,keratinocyte_like
4.0,1784,keratinocyte_like
4.0,1785,hOSK
4.0,1786,keratinocyte_like
4.0,1787,keratinocyte_like
4.0,1788,keratinocyte_like
4.0,1789,xOSK
4.0,1790,keratinocyte_like
4.0,1791,keratinocyte_like
4.0,1792,keratinocyte_like
4.0,1793,keratinocyte_like
4.0,1794,keratinocyte_like
4.0,1795,keratinocyte_like
4.0,1796,hOSK
4.0,1797,partial_intermediate
4.0,1798,keratinocyte_like
4.0,1799,keratinocyte_like
4.0,1800,hOSK
4.0,1801,xOSK
4.0,1802,hOSK
4.0,1803,keratinocyte_like
4.0,1804,keratinocyte_like
4.0,1805,hOSK
4.0,1806,hOSK
4.0,1807,keratinocyte_like
4.0,1808,keratinocyte_like
4.0,1809,hOSK
4.0,1810,keratinocyte_like
4.0,1811,keratinocyte_like
4.0,1812,keratinocyte_like
4.0,1813,hOSK
4.0,1814,keratinocyte_like
4.0,1815,xOSK
4.0,1816,keratinocyte_like
4.0,1817,fibroblast_like_stalled
4.0,1818,partial_intermediate
4.0,1819,keratinocyte_like
4.0,1820,hOSK
4.0,1821,keratinocyte_like
4.0,1822,hOSK
4.0,1823,xOSK
4.0,1824,keratinocyte_like
4.0,1825,hOSK
4.0,1826,keratinocyte_like
4.0,1827,keratinocyte_like
4.0,1828,hOSK
4.0,1829,keratinocyte_like
4.0,1830,xOSK
4.0,1831,hOSK
4.0,1832,keratinocyte_like
4.0,1833,hOSK
4.0,1834,hOSK
4.0,1835,keratinocyte_like
4.0,1836,keratinocyte_like
4.0,1837,hOSK
4.0,1838,keratinocyte_like
4.0,1839,keratinocyte_like
4.0,1840,keratinocyte_like
4.0,1841,xOSK
4.0,1842,keratinocyte_like
4.0,1843,xOSK
4.0,1844,hOSK
4.0,1845,hOSK
4.0,1846,hOSK
4.0,1847,hOSK
4.0,1848,keratinocyte_like
4.0,1849,partial_intermediate
4.0,1850,xOSK
4.0,1851,hOSK
4.0,1852,hOSK
4.0,1853,hOSK
4.0,1854,keratinocyte_like
4.0,1855,keratinocyte_like
4.0,1856,keratinocyte_like
4.0,1857,keratinocyte_like
4.0,1858,keratinocyte_like
4.0,1859,keratinocyte_like
4.0,1860,keratinocyte_like
4.0,1861,keratinocyte_like
4.0,1862,keratinocyte_like
4.0,1863,keratinocyte_like
4.0,1864,partial_intermediate
4.0,1865,xOSK
4.0,1866,keratinocyte_like
4.0,1867,keratinocyte_like
4.0,1868,keratinocyte_like
4.0,1869,hOSK
4.0,1870,xOSK
4.0,1871,keratinocyte_like
4.0,1872,hOSK
4.0,1873,xOSK
4.0,1874,keratinocyte_like
4.0,1875,keratinocyte_like
4.0,1876,hOSK
4.0,1877,partial_intermediate
4.0,1878,keratinocyte_like
4.0,1879,fibroblast_like_stalled
4.0,1880,keratinocyte_like
4.0,1881,hOSK
4.0,1882,keratinocyte_like
4.0,1883,keratinocyte_like
4.0,1884,keratinocyte_like
4.0,1885,keratinocyte_like
4.0,1886,keratinocyte_like
4.0,1887,keratinocyte_like
4.0,1888,hOSK
4.0,1889,hOSK
4.0,1890,keratinocyte_like
4.0,1891,hOSK
4.0,1892,partial_intermediate
4.0,1893,keratinocyte_like
4.0,1894,keratinocyte_like
4.0,1895,keratinocyte_like
4.0,1896,keratinocyte_like
4.0,1897,keratinocyte_like
4.0,1898,hOSK
4.0,1899,keratinocyte_like
4.0,1900,keratinocyte_like
4.0,1901,keratinocyte_like
4.0,1902,keratinocyte_like
4.0,1903,keratinocyte_like
4.0,1904,keratinocyte_like
4.0,1905,keratinocyte_like
4.0,1906,keratinocyte_like
4.0,1907,keratinocyte_like
4.0,1908,keratinocyte_like
4.0,1909,keratinocyte_like
4.0,1910,hOSK
4.0,1911,keratinocyte_like
4.0,1912,fibroblast_like_stalled
4.0,1913,xOSK
4.0,1914,keratinocyte_like
4.0,1915,keratinocyte_like
4.0,1916,hOSK
4.0,1917,keratinocyte_like
4.0,1918,keratinocyte_like
4.0,1919,xOSK
4.0,1920,xOSK
4.0,1921,keratinocyte_like
4.0,1922,keratinocyte_like
4.0,1923,keratinocyte_like
4.0,1924,keratinocyte_like
4.0,1925,xOSK
4.0,1926,keratinocyte_like
4.0,1927,xOSK
4.0,1928,hOSK
4.0,1929,xOSK
4.0,1930,keratinocyte_like
4.0,1931,keratinocyte_like
4.0,1932,xOSK
4.0,1933,xOSK
4.0,1934,partial_intermediate
4.0,1935,hOSK
4.0,1936,xOSK
4.0,1937,xOSK
4.0,1938,keratinocyte_like
4.0,1939,keratinocyte_like
4.0,1940,hOSK
4.0,1941,xOSK
4.0,1942,keratinocyte_like
4.0,1943,hOSK
4.0,1944,hOSK
4.0,1945,keratinocyte_like
4.0,1946,partial_intermediate
4.0,1947,keratinocyte_like
4.0,1948,keratinocyte_like
4.0,1949,keratinocyte_like
4.0,1950,hOSK
4.0,1951,partial_intermediate
4.0,1952,partial_intermediate
4.0,1953,hOSK
4.0,1954,keratinocyte_like
4.0,1955,keratinocyte_like
4.0,1956,keratinocyte_like
4.0,1957,hOSK
4.0,1958,fibroblast_like_stalled
4.0,1959,keratinocyte_like
4.0,1960,partial_intermediate
4.0,1961,partial_intermediate
4.0,1962,keratinocyte_like
4.0,1963,hOSK
4.0,1964,keratinocyte_like
4.0,1965,keratinocyte_like
4.0,1966,keratinocyte_like
4.0,1967,keratinocyte_like
4.0,1968,keratinocyte_like
4.0,1969,hOSK
4.0,1970,keratinocyte_like
4.0,1971,xOSK
4.0,1972,partial_intermediate
4.0,1973,hOSK
4.0,1974,xOSK
4.0,1975,partial_intermediate
4.0,1976,keratinocyte_like
4.0,1977,xOSK
4.0,1978,xOSK
4.0,1979,partial_intermediate
4.0,1980,keratinocyte_like
4.0,1981,keratinocyte_like
4.0,1982,keratinocyte_like
4.0,1983,xOSK
4.0,1984,keratinocyte_like
4.0,1985,keratinocyte_like
4.0,1986,hOSK
4.0,1987,keratinocyte_like
4.0,1988,keratinocyte_like
4.0,1989,keratinocyte_like
4.0,1990,keratinocyte_like
4.0,1991,xOSK
4.0,1992,keratinocyte_like
4.0,1993,keratinocyte_like
4.0,1994,keratinocyte_like
4.0,1995,keratinocyte_like
4.0,1996,partial_intermediate
4.0,1997,xOSK
4.0,1998,partial_intermediate
4.0,1999,xOSK
6.0,0,xOSK
6.0,1,partial_intermediate
6.0,2,partial_intermediate
6.0,3,partial_intermediate
6.0,4,partial_intermediate
6.0,5,partial_intermediate
6.0,6,partial_intermediate
6.0,7,partial_intermediate
6.0,8,partial_intermediate
6.0,9,xOSK
6.0,10,partial_intermediate
6.0,11,xOSK
6.0,12,partial_intermediate
6.0,13,partial_intermediate
6.0,14,hOSK
6.0,15,fibroblast_like_stalled
6.0,16,partial_intermediate
6.0,17,fibroblast_like_stalled
6.0,18,xOSK
6.0,19,partial_intermediate
6.0,20,xOSK
6.0,21,partial_intermediate
6.0,22,partial_intermediate
6.0,23,xOSK
6.0,24,partial_intermediate
6.0,25,fibroblast_like_stalled
6.0,26,fibroblast_like_stalled
6.0,27,primary_intermediate
6.0,28,partial_intermediate
6.0,29,partial_intermediate
6.0,30,partial_intermediate
6.0,31,partial_intermediate
6.0,32,partial_intermediate
6.0,33,xOSK
6.0,34,xOSK
6.0,35,fibroblast_like_stalled
6.0,36,xOSK
6.0,37,xOSK
6.0,38,keratinocyte_like
6.0,39,partial_intermediate
6.0,40,keratinocyte_like
6.0,41,fibroblast_like_stalled
6.0,42,partial_intermediate
6.0,43,keratinocyte_like
6.0,44,partial_intermediate
6.0,45,fibroblast_like_stalled
6.0,46,xOSK
6.0,47,xOSK
6.0,48,partial_intermediate
6.0,49,primary_intermediate
6.0,50,xOSK
6.0,51,partial_intermediate
6.0,52,xOSK
6.0,53,xOSK
6.0,54,partial_intermediate
6.0,55,partial_intermediate
6.0,56,fibroblast_like_stalled
6.0,57,fibroblast_like_stalled
6.0,58,fibroblast_like_stalled
6.0,59,xOSK
6.0,60,fibroblast_like_stalled
6.0,61,partial_intermediate
6.0,62,partial_intermediate
6.0,63,fibroblast_like_stalled
6.0,64,primary_intermediate
6.0,65,keratinocyte_like
6.0,66,partial_intermediate
6.0,67,hOSK
6.0,68,partial_intermediate
6.0,69,fibroblast_like_stalled
6.0,70,xOSK
6.0,71,fibroblast_like_stalled
6.0,72,partial_intermediate
6.0,73,fibroblast_like_stalled
6.0,74,fibroblast_like_stalled
6.0,75,partial_intermediate
6.0,76,xOSK
6.0,77,partial_intermediate
6.0,78,fibroblast_like_stalled
6.0,79,fibroblast_like_stalled
6.0,80,primary_intermediate
6.0,81,fibroblast_like_stalled
6.0,82,primary_intermediate
6.0,83,partial_intermediate
6.0,84,fibroblast_like_stalled
6.0,85,partial_intermediate
6.0,86,partial_intermediate
6.0,87,keratinocyte_like
6.0,88,partial_intermediate
6.0,89,fibroblast_like_stalled
6.0,90,xOSK
6.0,91,fibroblast_like_stalled
6.0,92,fibroblast_like_stalled
6.0,93,partial_intermediate
6.0,94,partial_intermediate
6.0,95,partial_intermediate
6.0,96,xOSK
6.0,97,partial_intermediate
6.0,98,xOSK
6.0,99,xOSK
6.0,100,fibroblast_like_stalled
6.0,101,partial_intermediate
6.0,102,partial_intermediate
6.0,103,partial_intermediate
6.0,104,partial_intermediate
6.0,105,partial_intermediate
6.0,106,partial_intermediate
6.0,107,keratinocyte_like
6.0,108,primary_intermediate
6.0,109,fibroblast_like_stalled
6.0,110,fibroblast_like_stalled
6.0,111,partial_intermediate
6.0,112,partial_intermediate
6.0,113,primary_intermediate
6.0,114,fibroblast_like_stalled
6.0,115,keratinocyte_like
6.0,116,partial_intermediate
6.0,117,partial_intermediate
6.0,118,fibroblast_like_stalled
6.0,119,partial_intermediate
6.0,120,partial_intermediate
6.0,121,partial_intermediate
6.0,122,partial_intermediate
6.0,123,keratinocyte_like
6.0,124,keratinocyte_like
6.0,125,keratinocyte_like
6.0,126,partial_intermediate
6.0,127,fibroblast_like_stalled
6.0,128,partial_intermediate
6.0,129,partial_intermediate
6.0,130,xOSK
6.0,131,fibroblast_like_stalled
6.0,132,xOSK
6.0,133,partial_intermediate
6.0,134,partial_intermediate
6.0,135,xOSK
6.0,136,fibroblast_like_stalled
6.0,137,partial_intermediate
6.0,138,fibroblast_like_stalled
6.0,139,partial_intermediate
6.0,140,xOSK
6.0,141,fibroblast_like_stalled
6.0,142,xOSK
6.0,143,keratinocyte_like
6.0,144,keratinocyte_like
6.0,145,partial_intermediate
6.0,146,keratinocyte_like
6.0,147,fibroblast_like_stalled
6.0,148,partial_intermediate
6.0,149,xOSK
6.0,150,fibroblast_like_stalled
6.0,151,partial_intermediate
6.0,152,partial_intermediate
6.0,153,fibroblast_like_stalled
6.0,154,partial_intermediate
6.0,155,primary_intermediate
6.0,156,partial_intermediate
6.0,157,xOSK
6.0,158,partial_intermediate
6.0,159,partial_intermediate
6.0,160,partial_intermediate
6.0,161,keratinocyte_like
6.0,162,keratinocyte_like
6.0,163,fibroblast_like_stalled
6.0,164,fibroblast_like_stalled
6.0,165,xOSK
6.0,166,keratinocyte_like
6.0,167,partial_intermediate
6.0,168,xOSK
6.0,169,xOSK
6.0,170,fibroblast_like_stalled
6.0,171,fibroblast_like_stalled
6.0,172,xOSK
6.0,173,partially_reprogrammed
6.0,174,partial_intermediate
6.0,175,partial_intermediate
6.0,176,xOSK
6.0,177,partial_intermediate
6.0,178,partial_intermediate
6.0,179,keratinocyte_like
6.0,180,keratinocyte_like
6.0,181,partial_intermediate
6.0,182,partial_intermediate
6.0,183,fibroblast_like_stalled
6.0,184,primary_intermediate
6.0,185,partial_intermediate
6.0,186,xOSK
6.0,187,xOSK
6.0,188,partial_intermediate
6.0,189,fibroblast_like_stalled
6.0,190,hOSK
6.0,191,keratinocyte_like
6.0,192,fibroblast_like_stalled
6.0,193,partial_intermediate
6.0,194,keratinocyte_like
6.0,195,fibroblast_like_stalled
6.0,196,fibroblast_like_stalled
6.0,197,keratinocyte_like
6.0,198,fibroblast_like_stalled
6.0,199,partial_intermediate
6.0,200,fibroblast_like_stalled
6.0,201,partial_intermediate
6.0,202,fibroblast_like_stalled
6.0,203,keratinocyte_like
6.0,204,keratinocyte_like
6.0,205,fibroblast_like_stalled
6.0,206,fibroblast_like_stalled
6.0,207,xOSK
6.0,208,fibroblast_like_stalled
6.0,209,keratinocyte_like
6.0,210,primary_intermediate
6.0,211,partial_intermediate
6.0,212,partial_intermediate
6.0,213,xOSK
6.0,214,xOSK
6.0,215,fibroblast_like_stalled
6.0,216,fibroblast_like_stalled
6.0,217,partial_intermediate
6.0,218,partial_intermediate
6.0,219,keratinocyte_like
6.0,220,partial_intermediate
6.0,221,partial_intermediate
6.0,222,partial_intermediate
6.0,223,fibroblast_like_stalled
6.0,224,keratinocyte_like
6.0,225,fibroblast_like_stalled
6.0,226,fibroblast_like_stalled
6.0,227,fibroblast_like_stalled
6.0,228,xOSK
6.0,229,keratinocyte_like
6.0,230,xOSK
6.0,231,partial_intermediate
6.0,232,partial_intermediate
6.0,233,partial_intermediate
6.0,234,fibroblast_like_stalled
6.0,235,xOSK
6.0,236,fibroblast_like_stalled
6.0,237,fibroblast_like_stalled
6.0,238,partial_intermediate
6.0,239,fibroblast_like_stalled
6.0,240,partial_intermediate
6.0,241,partial_intermediate
6.0,242,partial_intermediate
6.0,243,partial_intermediate
6.0,244,fibroblast_like_stalled
6.0,245,partial_intermediate
6.0,246,partial_intermediate
6.0,247,primary_intermediate
6.0,248,fibroblast_like_stalled
6.0,249,partial_intermediate
6.0,250,fibroblast_like_stalled
6.0,251,partial_intermediate
6.0,252,keratinocyte_like
6.0,253,partial_intermediate
6.0,254,fibroblast_like_stalled
6.0,255,partial_intermediate
6.0,256,partial_intermediate
6.0,257,keratinocyte_like
6.0,258,partial_intermediate
6.0,259,fibroblast_like_stalled
6.0,260,fibroblast_like_stalled
6.0,261,xOSK
6.0,262,xOSK
6.0,263,partial_intermediate
6.0,264,fibroblast_like_stalled
6.0,265,partial_intermediate
6.0,266,partial_intermediate
6.0,267,partial_intermediate
6.0,268,keratinocyte_like
6.0,269,partial_intermediate
6.0,270,partial_intermediate
6.0,271,xOSK
6.0,272,partial_intermediate
6.0,273,partial_intermediate
6.0,274,partial_intermediate
6.0,275,xOSK
6.0,276,xOSK
6.0,277,fibroblast_like_stalled
6.0,278,keratinocyte_like
6.0,279,fibroblast_like_stalled
6.0,280,fibroblast_like_stalled
6.0,281,keratinocyte_like
6.0,282,fibroblast_like_stalled
6.0,283,partial_intermediate
6.0,284,xOSK
6.0,285,fibroblast_like_stalled
6.0,286,keratinocyte_like
6.0,287,fibroblast_like_stalled
6.0,288,primary_intermediate
6.0,289,fibroblast_like_stalled
6.0,290,fibroblast_like_stalled
6.0,291,partial_intermediate
6.0,292,partial_intermediate
6.0,293,keratinocyte_like
6.0,294,fibroblast_like_stalled
6.0,295,xOSK
6.0,296,partial_intermediate
6.0,297,partial_intermediate
6.0,298,partial_intermediate
6.0,299,fibroblast_like_stalled
6.0,300,partial_intermediate
6.0,301,partial_intermediate
6.0,302,fibroblast_like_stalled
6.0,303,xOSK
6.0,304,fibroblast_like_stalled
6.0,305,partial_intermediate
6.0,306,fibroblast_like_stalled
6.0,307,partial_intermediate
6.0,308,keratinocyte_like
6.0,309,partial_intermediate
6.0,310,partial_intermediate
6.0,311,partial_intermediate
6.0,312,keratinocyte_like
6.0,313,partial_intermediate
6.0,314,partial_intermediate
6.0,315,partial_intermediate
6.0,316,fibroblast_like_stalled
6.0,317,fibroblast_like_stalled
6.0,318,fibroblast_like_stalled
6.0,319,primary_intermediate
6.0,320,fibroblast_like_stalled
6.0,321,keratinocyte_like
6.0,322,partial_intermediate
6.0,323,partial_intermediate
6.0,324,fibroblast_like_stalled
6.0,325,primary_intermediate
6.0,326,partial_intermediate
6.0,327,keratinocyte_like
6.0,328,fibroblast_like_stalled
6.0,329,fibroblast_like_stalled
6.0,330,partial_intermediate
6.0,331,xOSK
6.0,332,partial_intermediate
6.0,333,xOSK
6.0,334,xOSK
6.0,335,fibroblast_like_stalled
6.0,336,keratinocyte_like
6.0,337,partial_intermediate
6.0,338,partial_intermediate
6.0,339,fibroblast_like_stalled
6.0,340,keratinocyte_like
6.0,341,primary_intermediate
6.0,342,partial_intermediate
6.0,343,keratinocyte_like
6.0,344,fibroblast_like_stalled
6.0,345,fibroblast_like_stalled
6.0,346,fibroblast_like_stalled
6.0,347,keratinocyte_like
6.0,348,primary_intermediate
6.0,349,fibroblast_like_stalled
6.0,350,partial_intermediate
6.0,351,fibroblast_like_stalled
6.0,352,fibroblast_like_stalled
6.0,353,partial_intermediate
6.0,354,fibroblast_like_stalled
6.0,355,fibroblast_like_stalled
6.0,356,partial_intermediate
6.0,357,fibroblast_like_stalled
6.0,358,partial_intermediate
6.0,359,fibroblast_like_stalled
6.0,360,partial_intermediate
6.0,361,hOSK
6.0,362,partial_intermediate
6.0,363,fibroblast_like_stalled
6.0,364,partial_intermediate
6.0,365,partial_intermediate
6.0,366,partial_intermediate
6.0,367,partial_intermediate
6.0,368,keratinocyte_like
6.0,369,partial_intermediate
6.0,370,xOSK
6.0,371,partial_intermediate
6.0,372,fibroblast_like_stalled
6.0,373,keratinocyte_like
6.0,374,partial_intermediate
6.0,375,xOSK
6.0,376,xOSK
6.0,377,xOSK
6.0,378,fibroblast_like_stalled
6.0,379,partial_intermediate
6.0,380,fibroblast_like_stalled
6.0,381,fibroblast_like_stalled
6.0,382,partial_intermediate
6.0,383,xOSK
6.0,384,partial_intermediate
6.0,385,keratinocyte_like
6.0,386,fibroblast_like_stalled
6.0,387,fibroblast_like_stalled
6.0,388,fibroblast_like_stalled
6.0,389,partial_intermediate
6.0,390,fibroblast_like_stalled
6.0,391,partial_intermediate
6.0,392,partial_intermediate
6.0,393,xOSK
6.0,394,fibroblast_like_stalled
6.0,395,partial_intermediate
6.0,396,xOSK
6.0,397,partial_intermediate
6.0,398,xOSK
6.0,399,partial_intermediate
6.0,400,partial_intermediate
6.0,401,xOSK
6.0,402,partial_intermediate
6.0,403,fibroblast_like_stalled
6.0,404,partial_intermediate
6.0,405,fibroblast_like_stalled
6.0,406,fibroblast_like_stalled
6.0,407,xOSK
6.0,408,fibroblast_like_stalled
6.0,409,partial_intermediate
6.0,410,fibroblast_like_stalled
6.0,411,partial_intermediate
6.0,412,partial_intermediate
6.0,413,fibroblast_like_stalled
6.0,414,hOSK
6.0,415,keratinocyte_like
6.0,416,fibroblast_like_stalled
6.0,417,keratinocyte_like
6.0,418,partial_intermediate
6.0,419,fibroblast_like_stalled
6.0,420,keratinocyte_like
6.0,421,partial_intermediate
6.0,422,xOSK
6.0,423,partial_intermediate
6.0,424,partial_intermediate
6.0,425,fibroblast_like_stalled
6.0,426,fibroblast_like_stalled
6.0,427,partial_intermediate
6.0,428,partial_intermediate
6.0,429,fibroblast_like_stalled
6.0,430,partial_intermediate
6.0,431,xOSK
6.0,432,fibroblast_like_stalled
6.0,433,partial_intermediate
6.0,434,partial_intermediate
6.0,435,partial_intermediate
6.0,436,fibroblast_like_stalled
6.0,437,fibroblast_like_stalled
6.0,438,partial_intermediate
6.0,439,keratinocyte_like
6.0,440,keratinocyte_like
6.0,441,partial_intermediate
6.0,442,primary_intermediate
6.0,443,fibroblast_like_stalled
6.0,444,keratinocyte_like
6.0,445,keratinocyte_like
6.0,446,xOSK
6.0,447,partial_intermediate
6.0,448,partial_intermediate
6.0,449,fibroblast_like_stalled
6.0,450,partial_intermediate
6.0,451,partial_intermediate
6.0,452,partial_intermediate
6.0,453,keratinocyte_like
6.0,454,partial_intermediate
6.0,455,xOSK
6.0,456,hOSK
6.0,457,partial_intermediate
6.0,458,fibroblast_like_stalled
6.0,459,partial_intermediate
6.0,460,fibroblast_like_stalled
6.0,461,keratinocyte_like
6.0,462,partial_intermediate
6.0,463,partial_intermediate
6.0,464,xOSK
6.0,465,fibroblast_like_stalled
6.0,466,partial_intermediate
6.0,467,xOSK
6.0,468,xOSK
6.0,469,partial_intermediate
6.0,470,keratinocyte_like
6.0,471,xOSK
6.0,472,fibroblast_like_stalled
6.0,473,partial_intermediate
6.0,474,keratinocyte_like
6.0,475,partial_intermediate
6.0,476,fibroblast_like_stalled
6.0,477,primary_intermediate
6.0,478,partial_intermediate
6.0,479,keratinocyte_like
6.0,480,fibroblast_like_stalled
6.0,481,partial_intermediate
6.0,482,keratinocyte_like
6.0,483,xOSK
6.0,484,partial_intermediate
6.0,485,partial_intermediate
6.0,486,keratinocyte_like
6.0,487,partial_intermediate
6.0,488,partial_intermediate
6.0,489,xOSK
6.0,490,partial_intermediate
6.0,491,partial_intermediate
6.0,492,fibroblast_like_stalled
6.0,493,partial_intermediate
6.0,494,partial_intermediate
6.0,495,partial_intermediate
6.0,496,fibroblast_like_stalled
6.0,497,fibroblast_like_stalled
6.0,498,keratinocyte_like
6.0,499,partial_intermediate
6.0,500,fibroblast_like_stalled
6.0,501,fibroblast_like_stalled
6.0,502,partial_intermediate
6.0,503,partial_intermediate
6.0,504,partial_intermediate
6.0,505,partial_intermediate
6.0,506,xOSK
6.0,507,fibroblast_like_stalled
6.0,508,keratinocyte_like
6.0,509,fibroblast_like_stalled
6.0,510,partial_intermediate
6.0,511,partial_intermediate
6.0,512,fibroblast_like_stalled
6.0,513,fibroblast_like_stalled
6.0,514,partial_intermediate
6.0,515,partial_intermediate
6.0,516,fibroblast_like_stalled
6.0,517,fibroblast_like_stalled
6.0,518,partial_intermediate
6.0,519,keratinocyte_like
6.0,520,partial_intermediate
6.0,521,primary_intermediate
6.0,522,xOSK
6.0,523,keratinocyte_like
6.0,524,partial_intermediate
6.0,525,fibroblast_like_stalled
6.0,526,partial_intermediate
6.0,527,partial_intermediate
6.0,528,partial_intermediate
6.0,529,xOSK
6.0,530,partial_intermediate
6.0,531,partial_intermediate
6.0,532,partial_intermediate
6.0,533,keratinocyte_like
6.0,534,partial_intermediate
6.0,535,keratinocyte_like
6.0,536,partial_intermediate
6.0,537,partial_intermediate
6.0,538,keratinocyte_like
6.0,539,xOSK
6.0,540,keratinocyte_like
6.0,541,partial_intermediate
6.0,542,partial_intermediate
6.0,543,partial_intermediate
6.0,544,keratinocyte_like
6.0,545,fibroblast_like_stalled
6.0,546,fibroblast_like_stalled
6.0,547,partial_intermediate
6.0,548,partial_intermediate
6.0,549,partial_intermediate
6.0,550,partial_intermediate
6.0,551,fibroblast_like_stalled
6.0,552,keratinocyte_like
6.0,553,xOSK
6.0,554,xOSK
6.0,555,fibroblast_like_stalled
6.0,556,fibroblast_like_stalled
6.0,557,partial_intermediate
6.0,558,fibroblast_like_stalled
6.0,559,fibroblast_like_stalled
6.0,560,partial_intermediate
6.0,561,partial_intermediate
6.0,562,partial_intermediate
6.0,563,partial_intermediate
6.0,564,partial_intermediate
6.0,565,partial_intermediate
6.0,566,partial_intermediate
6.0,567,partial_intermediate
6.0,568,partial_intermediate
6.0,569,fibroblast_like_stalled
6.0,570,fibroblast_like_stalled
6.0,571,xOSK
6.0,572,xOSK
6.0,573,keratinocyte_like
6.0,574,keratinocyte_like
6.0,575,keratinocyte_like
6.0,576,partial_intermediate
6.0,577,partial_intermediate
6.0,578,keratinocyte_like
6.0,579,partial_intermediate
6.0,580,xOSK
6.0,581,primary_intermediate
6.0,582,partial_intermediate
6.0,583,fibroblast_like_stalled
6.0,584,partial_intermediate
6.0,585,fibroblast_like_stalled
6.0,586,fibroblast_like_stalled
6.0,587,fibroblast_like_stalled
6.0,588,keratinocyte_like
6.0,589,fibroblast_like_stalled
6.0,590,fibroblast_like_stalled
6.0,591,partial_intermediate
6.0,592,keratinocyte_like
6.0,593,keratinocyte_like
6.0,594,xOSK
6.0,595,fibroblast_like_stalled
6.0,596,fibroblast_like_stalled
6.0,597,partial_intermediate
6.0,598,xOSK
6.0,599,partial_intermediate
6.0,600,partial_intermediate
6.0,601,partial_intermediate
6.0,602,partial_intermediate
6.0,603,partial_intermediate
6.0,604,fibroblast_like_stalled
6.0,605,partial_intermediate
6.0,606,keratinocyte_like
6.0,607,fibroblast_like_stalled
6.0,608,partial_intermediate
6.0,609,partial_intermediate
6.0,610,partial_intermediate
6.0,611,partial_intermediate
6.0,612,fibroblast_like_stalled
6.0,613,partial_intermediate
6.0,614,primary_intermediate
6.0,615,partial_intermediate
6.0,616,partial_intermediate
6.0,617,fibroblast_like_stalled
6.0,618,partial_intermediate
6.0,619,keratinocyte_like
6.0,620,fibroblast_like_stalled
6.0,621,keratinocyte_like
6.0,622,fibroblast_like_stalled
6.0,623,fibroblast_like_stalled
6.0,624,keratinocyte_like
6.0,625,keratinocyte_like
6.0,626,keratinocyte_like
6.0,627,partial_intermediate
6.0,628,fibroblast_like_stalled
6.0,629,fibroblast_like_stalled
6.0,630,partial_intermediate
6.0,631,fibroblast_like_stalled
6.0,632,fibroblast_like_stalled
6.0,633,fibroblast_like_stalled
6.0,634,partial_intermediate
6.0,635,fibroblast_like_stalled
6.0,636,fibroblast_like_stalled
6.0,637,xOSK
6.0,638,partial_intermediate
6.0,639,keratinocyte_like
6.0,640,partial_intermediate
6.0,641,fibroblast_like_stalled
6.0,642,xOSK
6.0,643,partial_intermediate
6.0,644,fibroblast_like_stalled
6.0,645,primary_intermediate
6.0,646,fibroblast_like_stalled
6.0,647,partial_intermediate
6.0,648,partial_intermediate
6.0,649,partial_intermediate
6.0,650,primary_intermediate
6.0,651,fibroblast_like_stalled
6.0,652,primary_intermediate
6.0,653,partial_intermediate
6.0,654,partial_intermediate
6.0,655,primary_intermediate
6.0,656,partial_intermediate
6.0,657,partial_intermediate
6.0,658,fibroblast_like_stalled
6.0,659,primary_intermediate
6.0,660,xOSK
6.0,661,partial_intermediate
6.0,662,fibroblast_like_stalled
6.0,663,partial_intermediate
6.0,664,fibroblast_like_stalled
6.0,665,keratinocyte_like
6.0,666,partial_intermediate
6.0,667,fibroblast_like_stalled
6.0,668,fibroblast_like_stalled
6.0,669,fibroblast_like_stalled
6.0,670,fibroblast_like_stalled
6.0,671,fibroblast_like_stalled
6.0,672,partial_intermediate
6.0,673,keratinocyte_like
6.0,674,partial_intermediate
6.0,675,partial_intermediate
6.0,676,partial_intermediate
6.0,677,partial_intermediate
6.0,678,partial_intermediate
6.0,679,partial_intermediate
6.0,680,primary_intermediate
6.0,681,partial_intermediate
6.0,682,fibroblast_like_stalled
6.0,683,fibroblast_like_stalled
6.0,684,partial_intermediate
6.0,685,fibroblast_like_stalled
6.0,686,xOSK
6.0,687,xOSK
6.0,688,fibroblast_like_stalled
6.0,689,primary_intermediate
6.0,690,partial_intermediate
6.0,691,fibroblast_like_stalled
6.0,692,partial_intermediate
6.0,693,fibroblast_like_stalled
6.0,694,partial_intermediate
6.0,695,fibroblast_like_stalled
6.0,696,xOSK
6.0,697,xOSK
6.0,698,partial_intermediate
6.0,699,fibroblast_like_stalled
6.0,700,fibroblast_like_stalled
6.0,701,partial_intermediate
6.0,702,partial_intermediate
6.0,703,partial_intermediate
6.0,704,keratinocyte_like
6.0,705,partial_intermediate
6.0,706,keratinocyte_like
6.0,707,keratinocyte_like
6.0,708,fibroblast_like_stalled
6.0,709,xOSK
6.0,710,partial_intermediate
6.0,711,keratinocyte_like
6.0,712,partial_intermediate
6.0,713,keratinocyte_like
6.0,714,fibroblast_like_stalled
6.0,715,partial_intermediate
6.0,716,fibroblast_like_stalled
6.0,717,fibroblast_like_stalled
6.0,718,fibroblast_like_stalled
6.0,719,partial_intermediate
6.0,720,partial_intermediate
6.0,721,xOSK
6.0,722,primary_intermediate
6.0,723,xOSK
6.0,724,xOSK
6.0,725,partial_intermediate
6.0,726,fibroblast_like_stalled
6.0,727,partial_intermediate
6.0,728,fibroblast_like_stalled
6.0,729,partial_intermediate
6.0,730,fibroblast_like_stalled
6.0,731,keratinocyte_like
6.0,732,xOSK
6.0,733,fibroblast_like_stalled
6.0,734,fibroblast_like_stalled
6.0,735,partial_intermediate
6.0,736,partial_intermediate
6.0,737,partial_intermediate
6.0,738,partial_intermediate
6.0,739,fibroblast_like_stalled
6.0,740,partial_intermediate
6.0,741,partial_intermediate
6.0,742,partial_intermediate
6.0,743,partial_intermediate
6.0,744,fibroblast_like_stalled
6.0,745,partial_intermediate
6.0,746,partial_intermediate
6.0,747,fibroblast_like_stalled
6.0,748,keratinocyte_like
6.0,749,partial_intermediate
6.0,750,keratinocyte_like
6.0,751,fibroblast_like_stalled
6.0,752,keratinocyte_like
6.0,753,partial_intermediate
6.0,754,xOSK
6.0,755,fibroblast_like_stalled
6.0,756,xOSK
6.0,757,partial_intermediate
6.0,758,partial_intermediate
6.0,759,keratinocyte_like
6.0,760,primary_intermediate
6.0,761,partial_intermediate
6.0,762,xOSK
6.0,763,partial_intermediate
6.0,764,fibroblast_like_stalled
6.0,765,partial_intermediate
6.0,766,keratinocyte_like
6.0,767,keratinocyte_like
6.0,768,partial_intermediate
6.0,769,partial_intermediate
6.0,770,xOSK
6.0,771,partial_intermediate
6.0,772,fibroblast_like_stalled
6.0,773,partial_intermediate
6.0,774,partial_intermediate
6.0,775,partial_intermediate
6.0,776,partial_intermediate
6.0,777,xOSK
6.0,778,fibroblast_like_stalled
6.0,779,fibroblast_like_stalled
6.0,780,fibroblast_like_stalled
6.0,781,partial_intermediate
6.0,782,partial_intermediate
6.0,783,partial_intermediate
6.0,784,fibroblast_like_stalled
6.0,785,fibroblast_like_stalled
6.0,786,keratinocyte_like
6.0,787,partial_intermediate
6.0,788,primary_intermediate
6.0,789,fibroblast_like_stalled
6.0,790,partial_intermediate
6.0,791,partial_intermediate
6.0,792,fibroblast_like_stalled
6.0,793,xOSK
6.0,794,partial_intermediate
6.0,795,xOSK
6.0,796,keratinocyte_like
6.0,797,fibroblast_like_stalled
6.0,798,partial_intermediate
6.0,799,partial_intermediate
6.0,800,xOSK
6.0,801,fibroblast_like_stalled
6.0,802,fibroblast_like_stalled
6.0,803,partial_intermediate
6.0,804,keratinocyte_like
6.0,805,xOSK
6.0,806,partial_intermediate
6.0,807,fibroblast_like_stalled
6.0,808,keratinocyte_like
6.0,809,fibroblast_like_stalled
6.0,810,keratinocyte_like
6.0,811,fibroblast_like_stalled
6.0,812,partial_intermediate
6.0,813,fibroblast_like_stalled
6.0,814,fibroblast_like_stalled
6.0,815,fibroblast_like_stalled
6.0,816,partial_intermediate
6.0,817,partial_intermediate
6.0,818,partial_intermediate
6.0,819,xOSK
6.0,820,partial_intermediate
6.0,821,fibroblast_like_stalled
6.0,822,xOSK
6.0,823,fibroblast_like_stalled
6.0,824,partial_intermediate
6.0,825,xOSK
6.0,826,fibroblast_like_stalled
6.0,827,fibroblast_like_stalled
6.0,828,fibroblast_like_stalled
6.0,829,partial_intermediate
6.0,830,partial_intermediate
6.0,831,xOSK
6.0,832,xOSK
6.0,833,fibroblast_like_stalled
6.0,834,partial_intermediate
6.0,835,partial_intermediate
6.0,836,keratinocyte_like
6.0,837,partial_intermediate
6.0,838,xOSK
6.0,839,keratinocyte_like
6.0,840,partial_intermediate
6.0,841,xOSK
6.0,842,xOSK
6.0,843,partial_intermediate
6.0,844,fibroblast_like_stalled
6.0,845,partial_intermediate
6.0,846,fibroblast_like_stalled
6.0,847,fibroblast_like_stalled
6.0,848,xOSK
6.0,849,partial_intermediate
6.0,850,fibroblast_like_stalled
6.0,851,partial_intermediate
6.0,852,partial_intermediate
6.0,853,partial_intermediate
6.0,854,xOSK
6.0,855,partial_intermediate
6.0,856,keratinocyte_like
6.0,857,partial_intermediate
6.0,858,xOSK
6.0,859,fibroblast_like_stalled
6.0,860,partial_intermediate
6.0,861,partial_intermediate
6.0,862,partial_intermediate
6.0,863,xOSK
6.0,864,partial_intermediate
6.0,865,partial_intermediate
6.0,866,keratinocyte_like
6.0,867,partial_intermediate
6.0,868,partial_intermediate
6.0,869,partial_intermediate
6.0,870,primary_intermediate
6.0,871,fibroblast_like_stalled
6.0,872,keratinocyte_like
6.0,873,partial_intermediate
6.0,874,xOSK
6.0,875,fibroblast_like_stalled
6.0,876,primary_intermediate
6.0,877,fibroblast_like_stalled
6.0,878,xOSK
6.0,879,partial_intermediate
6.0,880,partial_intermediate
6.0,881,partial_intermediate
6.0,882,fibroblast_like_stalled
6.0,883,partial_intermediate
6.0,884,partial_intermediate
6.0,885,keratinocyte_like
6.0,886,fibroblast_like_stalled
6.0,887,keratinocyte_like
6.0,888,fibroblast_like_stalled
6.0,889,partial_intermediate
6.0,890,xOSK
6.0,891,xOSK
6.0,892,partial_intermediate
6.0,893,xOSK
6.0,894,partial_intermediate
6.0,895,partial_intermediate
6.0,896,partial_intermediate
6.0,897,fibroblast_like_stalled
6.0,898,keratinocyte_like
6.0,899,partial_intermediate
6.0,900,fibroblast_like_stalled
6.0,901,partial_intermediate
6.0,902,keratinocyte_like
6.0,903,partial_intermediate
6.0,904,partial_intermediate
6.0,905,partial_intermediate
6.0,906,fibroblast_like_stalled
6.0,907,primary_intermediate
6.0,908,keratinocyte_like
6.0,909,xOSK
6.0,910,partial_intermediate
6.0,911,partial_intermediate
6.0,912,partial_intermediate
6.0,913,keratinocyte_like
6.0,914,partial_intermediate
6.0,915,fibroblast_like_stalled
6.0,916,fibroblast_like_stalled
6.0,917,partial_intermediate
6.0,918,xOSK
6.0,919,partial_intermediate
6.0,920,partial_intermediate
6.0,921,xOSK
6.0,922,hOSK
6.0,923,partial_intermediate
6.0,924,partial_intermediate
6.0,925,fibroblast_like_stalled
6.0,926,fibroblast_like_stalled
6.0,927,fibroblast_like_stalled
6.0,928,partial_intermediate
6.0,929,partial_intermediate
6.0,930,fibroblast_like_stalled
6.0,931,partial_intermediate
6.0,932,keratinocyte_like
6.0,933,primary_intermediate
6.0,934,partial_intermediate
6.0,935,xOSK
6.0,936,partial_intermediate
6.0,937,partial_intermediate
6.0,938,partial_intermediate
6.0,939,xOSK
6.0,940,fibroblast_like_stalled
6.0,941,partial_intermediate
6.0,942,partial_intermediate
6.0,943,xOSK
6.0,944,fibroblast_like_stalled
6.0,945,fibroblast_like_stalled
6.0,946,fibroblast_like_stalled
6.0,947,fibroblast_like_stalled
6.0,948,partial_intermediate
6.0,949,fibroblast_like_stalled
6.0,950,partial_intermediate
6.0,951,xOSK
6.0,952,fibroblast_like_stalled
6.0,953,partial_intermediate
6.0,954,fibroblast_like_stalled
6.0,955,partial_intermediate
6.0,956,partial_intermediate
6.0,957,partial_intermediate
6.0,958,fibroblast_like_stalled
6.0,959,xOSK
6.0,960,xOSK
6.0,961,fibroblast_like_stalled
6.0,962,partial_intermediate
6.0,963,partial_intermediate
6.0,964,keratinocyte_like
6.0,965,partial_intermediate
6.0,966,partial_intermediate
6.0,967,partial_intermediate
6.0,968,xOSK
6.0,969,keratinocyte_like
6.0,970,keratinocyte_like
6.0,971,partial_intermediate
6.0,972,xOSK
6.0,973,partial_intermediate
6.0,974,keratinocyte_like
6.0,975,partial_intermediate
6.0,976,partial_intermediate
6.0,977,partial_intermediate
6.0,978,fibroblast_like_stalled
6.0,979,primary_intermediate
6.0,980,xOSK
6.0,981,partial_intermediate
6.0,982,keratinocyte_like
6.0,983,partial_intermediate
6.0,984,fibroblast_like_stalled
6.0,985,fibroblast_like_stalled
6.0,986,keratinocyte_like
6.0,987,xOSK
6.0,988,partial_intermediate
6.0,989,keratinocyte_like
6.0,990,partial_intermediate
6.0,991,xOSK
6.0,992,partial_intermediate
6.0,993,fibroblast_like_stalled
6.0,994,fibroblast_like_stalled
6.0,995,partial_intermediate
6.0,996,partial_intermediate
6.0,997,xOSK
6.0,998,keratinocyte_like
6.0,999,partial_intermediate
6.0,1000,partial_intermediate
6.0,1001,fibroblast_like_stalled
6.0,1002,partial_intermediate
6.0,1003,fibroblast_like_stalled
6.0,1004,partial_intermediate
6.0,1005,partial_intermediate
6.0,1006,partial_intermediate
6.0,1007,xOSK
6.0,1008,keratinocyte_like
6.0,1009,keratinocyte_like
6.0,1010,partial_intermediate
6.0,1011,fibroblast_like_stalled
6.0,1012,partial_intermediate
6.0,1013,partial_intermediate
6.0,1014,xOSK
6.0,1015,fibroblast_like_stalled
6.0,1016,keratinocyte_like
6.0,1017,keratinocyte_like
6.0,1018,partial_intermediate
6.0,1019,partial_intermediate
6.0,1020,primary_intermediate
6.0,1021,xOSK
6.0,1022,partial_intermediate
6.0,1023,fibroblast_like_stalled
6.0,1024,keratinocyte_like
6.0,1025,partial_intermediate
6.0,1026,keratinocyte_like
6.0,1027,hOSK
6.0,1028,partial_intermediate
6.0,1029,partial_intermediate
6.0,1030,partial_intermediate
6.0,1031,xOSK
6.0,1032,keratinocyte_like
6.0,1033,fibroblast_like_stalled
6.0,1034,partial_intermediate
6.0,1035,partial_intermediate
6.0,1036,partial_intermediate
6.0,1037,xOSK
6.0,1038,fibroblast_like_stalled
6.0,1039,xOSK
6.0,1040,fibroblast_like_stalled
6.0,1041,fibroblast_like_stalled
6.0,1042,fibroblast_like_stalled
6.0,1043,keratinocyte_like
6.0,1044,partial_intermediate
6.0,1045,fibroblast_like_stalled
6.0,1046,partial_intermediate
6.0,1047,partial_intermediate
6.0,1048,keratinocyte_like
6.0,1049,partial_intermediate
6.0,1050,partial_intermediate
6.0,1051,partial_intermediate
6.0,1052,partial_intermediate
6.0,1053,partial_intermediate
6.0,1054,partial_intermediate
6.0,1055,keratinocyte_like
6.0,1056,partial_intermediate
6.0,1057,partial_intermediate
6.0,1058,xOSK
6.0,1059,fibroblast_like_stalled
6.0,1060,partial_intermediate
6.0,1061,fibroblast_like_stalled
6.0,1062,fibroblast_like_stalled
6.0,1063,partial_intermediate
6.0,1064,partial_intermediate
6.0,1065,partial_intermediate
6.0,1066,fibroblast_like_stalled
6.0,1067,partial_intermediate
6.0,1068,fibroblast_like_stalled
6.0,1069,xOSK
6.0,1070,primary_intermediate
6.0,1071,keratinocyte_like
6.0,1072,partial_intermediate
6.0,1073,keratinocyte_like
6.0,1074,fibroblast_like_stalled
6.0,1075,fibroblast_like_stalled
6.0,1076,partial_intermediate
6.0,1077,primary_intermediate
6.0,1078,partial_intermediate
6.0,1079,partial_intermediate
6.0,1080,xOSK
6.0,1081,primary_intermediate
6.0,1082,partial_intermediate
6.0,1083,fibroblast_like_stalled
6.0,1084,xOSK
6.0,1085,partial_intermediate
6.0,1086,keratinocyte_like
6.0,1087,partial_intermediate
6.0,1088,partial_intermediate
6.0,1089,partial_intermediate
6.0,1090,fibroblast_like_stalled
6.0,1091,xOSK
6.0,1092,xOSK
6.0,1093,xOSK
6.0,1094,fibroblast_like_stalled
6.0,1095,partial_intermediate
6.0,1096,partial_intermediate
6.0,1097,partial_intermediate
6.0,1098,partial_intermediate
6.0,1099,primary_intermediate
6.0,1100,partial_intermediate
6.0,1101,partial_intermediate
6.0,1102,partial_intermediate
6.0,1103,xOSK
6.0,1104,partial_intermediate
6.0,1105,partial_intermediate
6.0,1106,partial_intermediate
6.0,1107,keratinocyte_like
6.0,1108,partial_intermediate
6.0,1109,partial_intermediate
6.0,1110,fibroblast_like_stalled
6.0,1111,partial_intermediate
6.0,1112,partial_intermediate
6.0,1113,partial_intermediate
6.0,1114,fibroblast_like_stalled
6.0,1115,partial_intermediate
6.0,1116,partial_intermediate
6.0,1117,partial_intermediate
6.0,1118,fibroblast_like_stalled
6.0,1119,fibroblast_like_stalled
6.0,1120,primary_intermediate
6.0,1121,fibroblast_like_stalled
6.0,1122,partial_intermediate
6.0,1123,fibroblast_like_stalled
6.0,1124,xOSK
6.0,1125,partial_intermediate
6.0,1126,fibroblast_like_stalled
6.0,1127,fibroblast_like_stalled
6.0,1128,xOSK
6.0,1129,partial_intermediate
6.0,1130,fibroblast_like_stalled
6.0,1131,keratinocyte_like
6.0,1132,keratinocyte_like
6.0,1133,partial_intermediate
6.0,1134,keratinocyte_like
6.0,1135,hOSK
6.0,1136,partial_intermediate
6.0,1137,keratinocyte_like
6.0,1138,xOSK
6.0,1139,fibroblast_like_stalled
6.0,1140,fibroblast_like_stalled
6.0,1141,fibroblast_like_stalled
6.0,1142,partial_intermediate
6.0,1143,partial_intermediate
6.0,1144,partial_intermediate
6.0,1145,keratinocyte_like
6.0,1146,primary_intermediate
6.0,1147,partial_intermediate
6.0,1148,partial_intermediate
6.0,1149,fibroblast_like_stalled
6.0,1150,keratinocyte_like
6.0,1151,fibroblast_like_stalled
6.0,1152,partial_intermediate
6.0,1153,partial_intermediate
6.0,1154,fibroblast_like_stalled
6.0,1155,partial_intermediate
6.0,1156,partial_intermediate
6.0,1157,partial_intermediate
6.0,1158,xOSK
6.0,1159,partial_intermediate
6.0,1160,partial_intermediate
6.0,1161,partial_intermediate
6.0,1162,partial_intermediate
6.0,1163,partial_intermediate
6.0,1164,fibroblast_like_stalled
6.0,1165,keratinocyte_like
6.0,1166,fibroblast_like_stalled
6.0,1167,xOSK
6.0,1168,partial_intermediate
6.0,1169,fibroblast_like_stalled
6.0,1170,hOSK
6.0,1171,partial_intermediate
6.0,1172,fibroblast_like_stalled
6.0,1173,xOSK
6.0,1174,fibroblast_like_stalled
6.0,1175,xOSK
6.0,1176,fibroblast_like_stalled
6.0,1177,keratinocyte_like
6.0,1178,partial_intermediate
6.0,1179,fibroblast_like_stalled
6.0,1180,partial_intermediate
6.0,1181,primary_intermediate
6.0,1182,primary_intermediate
6.0,1183,fibroblast_like_stalled
6.0,1184,partial_intermediate
6.0,1185,xOSK
6.0,1186,xOSK
6.0,1187,xOSK
6.0,1188,partial_intermediate
6.0,1189,partial_intermediate
6.0,1190,partial_intermediate
6.0,1191,xOSK
6.0,1192,fibroblast_like_stalled
6.0,1193,partial_intermediate
6.0,1194,partial_intermediate
6.0,1195,partial_intermediate
6.0,1196,primary_intermediate
6.0,1197,fibroblast_like_stalled
6.0,1198,fibroblast_like_stalled
6.0,1199,fibroblast_like_stalled
6.0,1200,partial_intermediate
6.0,1201,xOSK
6.0,1202,partial_intermediate
6.0,1203,fibroblast_like_stalled
6.0,1204,partial_intermediate
6.0,1205,keratinocyte_like
6.0,1206,fibroblast_like_stalled
6.0,1207,keratinocyte_like
6.0,1208,partial_intermediate
6.0,1209,partial_intermediate
6.0,1210,fibroblast_like_stalled
6.0,1211,xOSK
6.0,1212,partial_intermediate
6.0,1213,partial_intermediate
6.0,1214,xOSK
6.0,1215,xOSK
6.0,1216,partial_intermediate
6.0,1217,fibroblast_like_stalled
6.0,1218,partial_intermediate
6.0,1219,partial_intermediate
6.0,1220,partial_intermediate
6.0,1221,fibroblast_like_stalled
6.0,1222,fibroblast_like_stalled
6.0,1223,partial_intermediate
6.0,1224,partial_intermediate
6.0,1225,primary_intermediate
6.0,1226,partial_intermediate
6.0,1227,partial_intermediate
6.0,1228,xOSK
6.0,1229,fibroblast_like_stalled
6.0,1230,xOSK
6.0,1231,fibroblast_like_stalled
6.0,1232,xOSK
6.0,1233,partial_intermediate
6.0,1234,partial_intermediate
6.0,1235,fibroblast_like_stalled
6.0,1236,partial_intermediate
6.0,1237,partial_intermediate
6.0,1238,fibroblast_like_stalled
6.0,1239,fibroblast_like_stalled
6.0,1240,fibroblast_like_stalled
6.0,1241,xOSK
6.0,1242,fibroblast_like_stalled
6.0,1243,keratinocyte_like
6.0,1244,partial_intermediate
6.0,1245,partial_intermediate
6.0,1246,partial_intermediate
6.0,1247,xOSK
6.0,1248,keratinocyte_like
6.0,1249,fibroblast_like_stalled
6.0,1250,partial_intermediate
6.0,1251,partial_intermediate
6.0,1252,xOSK
6.0,1253,fibroblast_like_stalled
6.0,1254,fibroblast_like_stalled
6.0,1255,partial_intermediate
6.0,1256,partial_intermediate
6.0,1257,partial_intermediate
6.0,1258,xOSK
6.0,1259,partial_intermediate
6.0,1260,partial_intermediate
6.0,1261,fibroblast_like_stalled
6.0,1262,keratinocyte_like
6.0,1263,keratinocyte_like
6.0,1264,partial_intermediate
6.0,1265,partial_intermediate
6.0,1266,partial_intermediate
6.0,1267,fibroblast_like_stalled
6.0,1268,partial_intermediate
6.0,1269,fibroblast_like_stalled
6.0,1270,keratinocyte_like
6.0,1271,fibroblast_like_stalled
6.0,1272,partial_intermediate
6.0,1273,partial_intermediate
6.0,1274,partial_intermediate
6.0,1275,fibroblast_like_stalled
6.0,1276,fibroblast_like_stalled
6.0,1277,partial_intermediate
6.0,1278,partial_intermediate
6.0,1279,partial_intermediate
6.0,1280,keratinocyte_like
6.0,1281,partial_intermediate
6.0,1282,xOSK
6.0,1283,partial_intermediate
6.0,1284,partial_intermediate
6.0,1285,partial_intermediate
6.0,1286,fibroblast_like_stalled
6.0,1287,fibroblast_like_stalled
6.0,1288,partial_intermediate
6.0,1289,partial_intermediate
6.0,1290,fibroblast_like_stalled
6.0,1291,primary_intermediate
6.0,1292,fibroblast_like_stalled
6.0,1293,fibroblast_like_stalled
6.0,1294,primary_intermediate
6.0,1295,partial_intermediate
6.0,1296,fibroblast_like_stalled
6.0,1297,partial_intermediate
6.0,1298,fibroblast_like_stalled
6.0,1299,partial_intermediate
6.0,1300,partial_intermediate
6.0,1301,xOSK
6.0,1302,fibroblast_like_stalled
6.0,1303,partial_intermediate
6.0,1304,fibroblast_like_stalled
6.0,1305,partial_intermediate
6.0,1306,partial_intermediate
6.0,1307,fibroblast_like_stalled
6.0,1308,keratinocyte_like
6.0,1309,xOSK
6.0,1310,partial_intermediate
6.0,1311,fibroblast_like_stalled
6.0,1312,fibroblast_like_stalled
6.0,1313,partial_intermediate
6.0,1314,partial_intermediate
6.0,1315,fibroblast_like_stalled
6.0,1316,partial_intermediate
6.0,1317,fibroblast_like_stalled
6.0,1318,partial_intermediate
6.0,1319,keratinocyte_like
6.0,1320,partial_intermediate
6.0,1321,partial_intermediate
6.0,1322,partial_intermediate
6.0,1323,partial_intermediate
6.0,1324,partial_intermediate
6.0,1325,xOSK
6.0,1326,keratinocyte_like
6.0,1327,partial_intermediate
6.0,1328,partial_intermediate
6.0,1329,fibroblast_like_stalled
6.0,1330,fibroblast_like_stalled
6.0,1331,fibroblast_like_stalled
6.0,1332,partial_intermediate
6.0,1333,fibroblast_like_stalled
6.0,1334,fibroblast_like_stalled
6.0,1335,fibroblast_like_stalled
6.0,1336,fibroblast_like_stalled
6.0,1337,partial_intermediate
6.0,1338,xOSK
6.0,1339,fibroblast_like_stalled
6.0,1340,fibroblast_like_stalled
6.0,1341,fibroblast_like_stalled
6.0,1342,partial_intermediate
6.0,1343,partial_intermediate
6.0,1344,fibroblast_like_stalled
6.0,1345,partial_intermediate
6.0,1346,partial_intermediate
6.0,1347,fibroblast_like_stalled
6.0,1348,fibroblast_like_stalled
6.0,1349,fibroblast_like_stalled
6.0,1350,partial_intermediate
6.0,1351,fibroblast_like_stalled
6.0,1352,fibroblast_like_stalled
6.0,1353,keratinocyte_like
6.0,1354,fibroblast_like_stalled
6.0,1355,xOSK
6.0,1356,partial_intermediate
6.0,1357,primary_intermediate
6.0,1358,partial_intermediate
6.0,1359,fibroblast_like_stalled
6.0,1360,partial_intermediate
6.0,1361,partial_intermediate
6.0,1362,partial_intermediate
6.0,1363,primary_intermediate
6.0,1364,fibroblast_like_stalled
6.0,1365,hOSK
6.0,1366,partial_intermediate
6.0,1367,keratinocyte_like
6.0,1368,keratinocyte_like
6.0,1369,partial_intermediate
6.0,1370,partial_intermediate
6.0,1371,partial_intermediate
6.0,1372,partial_intermediate
6.0,1373,xOSK
6.0,1374,fibroblast_like_stalled
6.0,1375,partial_intermediate
6.0,1376,xOSK
6.0,1377,fibroblast_like_stalled
6.0,1378,fibroblast_like_stalled
6.0,1379,fibroblast_like_stalled
6.0,1380,partial_intermediate
6.0,1381,keratinocyte_like
6.0,1382,xOSK
6.0,1383,xOSK
6.0,1384,keratinocyte_like
6.0,1385,partial_intermediate
6.0,1386,primary_intermediate
6.0,1387,keratinocyte_like
6.0,1388,primary_intermediate
6.0,1389,fibroblast_like_stalled
6.0,1390,partial_intermediate
6.0,1391,keratinocyte_like
6.0,1392,partial_intermediate
6.0,1393,partial_intermediate
6.0,1394,partial_intermediate
6.0,1395,partial_intermediate
6.0,1396,fibroblast_like_stalled
6.0,1397,partial_intermediate
6.0,1398,keratinocyte_like
6.0,1399,keratinocyte_like
6.0,1400,fibroblast_like_stalled
6.0,1401,partial_intermediate
6.0,1402,partial_intermediate
6.0,1403,keratinocyte_like
6.0,1404,partial_intermediate
6.0,1405,keratinocyte_like
6.0,1406,xOSK
6.0,1407,partial_intermediate
6.0,1408,partial_intermediate
6.0,1409,xOSK
6.0,1410,keratinocyte_like
6.0,1411,partial_intermediate
6.0,1412,partial_intermediate
6.0,1413,keratinocyte_like
6.0,1414,partial_intermediate
6.0,1415,hOSK
6.0,1416,partial_intermediate
6.0,1417,partial_intermediate
6.0,1418,xOSK
6.0,1419,xOSK
6.0,1420,fibroblast_like_stalled
6.0,1421,xOSK
6.0,1422,partial_intermediate
6.0,1423,keratinocyte_like
6.0,1424,partial_intermediate
6.0,1425,fibroblast_like_stalled
6.0,1426,partial_intermediate
6.0,1427,partial_intermediate
6.0,1428,xOSK
6.0,1429,fibroblast_like_stalled
6.0,1430,partial_intermediate
6.0,1431,fibroblast_like_stalled
6.0,1432,partial_intermediate
6.0,1433,fibroblast_like_stalled
6.0,1434,primary_intermediate
6.0,1435,partial_intermediate
6.0,1436,keratinocyte_like
6.0,1437,partial_intermediate
6.0,1438,keratinocyte_like
6.0,1439,partial_intermediate
6.0,1440,xOSK
6.0,1441,fibroblast_like_stalled
6.0,1442,xOSK
6.0,1443,partial_intermediate
6.0,1444,partial_intermediate
6.0,1445,partial_intermediate
6.0,1446,partial_intermediate
6.0,1447,fibroblast_like_stalled
6.0,1448,keratinocyte_like
6.0,1449,keratinocyte_like
6.0,1450,xOSK
6.0,1451,partial_intermediate
6.0,1452,partial_intermediate
6.0,1453,partial_intermediate
6.0,1454,fibroblast_like_stalled
6.0,1455,partial_intermediate
6.0,1456,partial_intermediate
6.0,1457,partial_intermediate
6.0,1458,partial_intermediate
6.0,1459,partial_intermediate
6.0,1460,partial_intermediate
6.0,1461,partial_intermediate
6.0,1462,partial_intermediate
6.0,1463,keratinocyte_like
6.0,1464,keratinocyte_like
6.0,1465,keratinocyte_like
6.0,1466,primary_intermediate
6.0,1467,partial_intermediate
6.0,1468,partial_intermediate
6.0,1469,fibroblast_like_stalled
6.0,1470,partial_intermediate
6.0,1471,partial_intermediate
6.0,1472,partial_intermediate
6.0,1473,partial_intermediate
6.0,1474,fibroblast_like_stalled
6.0,1475,fibroblast_like_stalled
6.0,1476,partial_intermediate
6.0,1477,xOSK
6.0,1478,partial_intermediate
6.0,1479,partial_intermediate
6.0,1480,xOSK
6.0,1481,partial_intermediate
6.0,1482,partial_intermediate
6.0,1483,partial_intermediate
6.0,1484,fibroblast_like_stalled
6.0,1485,partial_intermediate
6.0,1486,keratinocyte_like
6.0,1487,partial_intermediate
6.0,1488,fibroblast_like_stalled
6.0,1489,partial_intermediate
6.0,1490,partial_intermediate
6.0,1491,partial_intermediate
6.0,1492,fibroblast_like_stalled
6.0,1493,partial_intermediate
6.0,1494,xOSK
6.0,1495,partial_intermediate
6.0,1496,primary_intermediate
6.0,1497,fibroblast_like_stalled
6.0,1498,partial_intermediate
6.0,1499,primary_intermediate
6.0,1500,primary_intermediate
6.0,1501,partial_intermediate
6.0,1502,fibroblast_like_stalled
6.0,1503,partial_intermediate
6.0,1504,partial_intermediate
6.0,1505,fibroblast_like_stalled
6.0,1506,keratinocyte_like
6.0,1507,partial_intermediate
6.0,1508,fibroblast_like_stalled
6.0,1509,partial_intermediate
6.0,1510,fibroblast_like_stalled
6.0,1511,fibroblast_like_stalled
6.0,1512,fibroblast_like_stalled
6.0,1513,fibroblast_like_stalled
6.0,1514,fibroblast_like_stalled
6.0,1515,partial_intermediate
6.0,1516,hOSK
6.0,1517,fibroblast_like_stalled
6.0,1518,fibroblast_like_stalled
6.0,1519,partial_intermediate
6.0,1520,partial_intermediate
6.0,1521,partial_intermediate
6.0,1522,fibroblast_like_stalled
6.0,1523,xOSK
6.0,1524,xOSK
6.0,1525,keratinocyte_like
6.0,1526,partial_intermediate
6.0,1527,partial_intermediate
6.0,1528,xOSK
6.0,1529,partial_intermediate
6.0,1530,xOSK
6.0,1531,xOSK
6.0,1532,partial_intermediate
6.0,1533,partial_intermediate
6.0,1534,primary_intermediate
6.0,1535,fibroblast_like_stalled
6.0,1536,fibroblast_like_stalled
6.0,1537,fibroblast_like_stalled
6.0,1538,keratinocyte_like
6.0,1539,fibroblast_like_stalled
6.0,1540,fibroblast_like_stalled
6.0,1541,fibroblast_like_stalled
6.0,1542,partial_intermediate
6.0,1543,keratinocyte_like
6.0,1544,partial_intermediate
6.0,1545,fibroblast_like_stalled
6.0,1546,xOSK
6.0,1547,fibroblast_like_stalled
6.0,1548,partial_intermediate
6.0,1549,partial_intermediate
6.0,1550,partial_intermediate
6.0,1551,partial_intermediate
6.0,1552,keratinocyte_like
6.0,1553,keratinocyte_like
6.0,1554,partial_intermediate
6.0,1555,fibroblast_like_stalled
6.0,1556,partial_intermediate
6.0,1557,fibroblast_like_stalled
6.0,1558,fibroblast_like_stalled
6.0,1559,keratinocyte_like
6.0,1560,fibroblast_like_stalled
6.0,1561,xOSK
6.0,1562,partial_intermediate
6.0,1563,fibroblast_like_stalled
6.0,1564,fibroblast_like_stalled
6.0,1565,partial_intermediate
6.0,1566,keratinocyte_like
6.0,1567,partial_intermediate
6.0,1568,fibroblast_like_stalled
6.0,1569,partial_intermediate
6.0,1570,partial_intermediate
6.0,1571,primary_intermediate
6.0,1572,partial_intermediate
6.0,1573,keratinocyte_like
6.0,1574,fibroblast_like_stalled
6.0,1575,primary_intermediate
6.0,1576,xOSK
6.0,1577,xOSK
6.0,1578,fibroblast_like_stalled
6.0,1579,keratinocyte_like
6.0,1580,partial_intermediate
6.0,1581,fibroblast_like_stalled
6.0,1582,keratinocyte_like
6.0,1583,fibroblast_like_stalled
6.0,1584,partial_intermediate
6.0,1585,xOSK
6.0,1586,fibroblast_like_stalled
6.0,1587,hOSK
6.0,1588,partial_intermediate
6.0,1589,partial_intermediate
6.0,1590,partial_intermediate
6.0,1591,xOSK
6.0,1592,partial_intermediate
6.0,1593,keratinocyte_like
6.0,1594,partial_intermediate
6.0,1595,keratinocyte_like
6.0,1596,keratinocyte_like
6.0,1597,partial_intermediate
6.0,1598,keratinocyte_like
6.0,1599,partial_intermediate
6.0,1600,fibroblast_like_stalled
6.0,1601,partial_intermediate
6.0,1602,partial_intermediate
6.0,1603,fibroblast_like_stalled
6.0,1604,fibroblast_like_stalled
6.0,1605,partial_intermediate
6.0,1606,partial_intermediate
6.0,1607,xOSK
6.0,1608,fibroblast_like_stalled
6.0,1609,partial_intermediate
6.0,1610,xOSK
6.0,1611,fibroblast_like_stalled
6.0,1612,keratinocyte_like
6.0,1613,partial_intermediate
6.0,1614,partial_intermediate
6.0,1615,partial_intermediate
6.0,1616,partial_intermediate
6.0,1617,fibroblast_like_stalled
6.0,1618,partial_intermediate
6.0,1619,keratinocyte_like
6.0,1620,partial_intermediate
6.0,1621,keratinocyte_like
6.0,1622,partial_intermediate
6.0,1623,partial_intermediate
6.0,1624,partial_intermediate
6.0,1625,fibroblast_like_stalled
6.0,1626,partial_intermediate
6.0,1627,keratinocyte_like
6.0,1628,keratinocyte_like
6.0,1629,fibroblast_like_stalled
6.0,1630,fibroblast_like_stalled
6.0,1631,partial_intermediate
6.0,1632,partial_intermediate
6.0,1633,partial_intermediate
6.0,1634,xOSK
6.0,1635,keratinocyte_like
6.0,1636,fibroblast_like_stalled
6.0,1637,xOSK
6.0,1638,partial_intermediate
6.0,1639,keratinocyte_like
6.0,1640,xOSK
6.0,1641,partial_intermediate
6.0,1642,xOSK
6.0,1643,keratinocyte_like
6.0,1644,primary_intermediate
6.0,1645,partial_intermediate
6.0,1646,partial_intermediate
6.0,1647,partial_intermediate
6.0,1648,fibroblast_like_stalled
6.0,1649,partial_intermediate
6.0,1650,partial_intermediate
6.0,1651,fibroblast_like_stalled
6.0,1652,partial_intermediate
6.0,1653,partial_intermediate
6.0,1654,partial_intermediate
6.0,1655,partial_intermediate
6.0,1656,fibroblast_like_stalled
6.0,1657,partial_intermediate
6.0,1658,fibroblast_like_stalled
6.0,1659,partial_intermediate
6.0,1660,partial_intermediate
6.0,1661,keratinocyte_like
6.0,1662,partial_intermediate
6.0,1663,partial_intermediate
6.0,1664,partial_intermediate
6.0,1665,xOSK
6.0,1666,xOSK
6.0,1667,primary_intermediate
6.0,1668,xOSK
6.0,1669,xOSK
6.0,1670,fibroblast_like_stalled
6.0,1671,xOSK
6.0,1672,keratinocyte_like
6.0,1673,partial_intermediate
6.0,1674,keratinocyte_like
6.0,1675,partial_intermediate
6.0,1676,xOSK
6.0,1677,fibroblast_like_stalled
6.0,1678,partial_intermediate
6.0,1679,partial_intermediate
6.0,1680,keratinocyte_like
6.0,1681,partial_intermediate
6.0,1682,xOSK
6.0,1683,partial_intermediate
6.0,1684,partial_intermediate
6.0,1685,fibroblast_like_stalled
6.0,1686,fibroblast_like_stalled
6.0,1687,partially_reprogrammed
6.0,1688,partial_intermediate
6.0,1689,primary_intermediate
6.0,1690,xOSK
6.0,1691,fibroblast_like_stalled
6.0,1692,fibroblast_like_stalled
6.0,1693,xOSK
6.0,1694,fibroblast_like_stalled
6.0,1695,partial_intermediate
6.0,1696,keratinocyte_like
6.0,1697,fibroblast_like_stalled
6.0,1698,fibroblast_like_stalled
6.0,1699,xOSK
6.0,1700,fibroblast_like_stalled
6.0,1701,xOSK
6.0,1702,fibroblast_like_stalled
6.0,1703,partial_intermediate
6.0,1704,partial_intermediate
6.0,1705,fibroblast_like_stalled
6.0,1706,partial_intermediate
6.0,1707,partial_intermediate
6.0,1708,partial_intermediate
6.0,1709,partial_intermediate
6.0,1710,xOSK
6.0,1711,xOSK
6.0,1712,partial_intermediate
6.0,1713,fibroblast_like_stalled
6.0,1714,fibroblast_like_stalled
6.0,1715,keratinocyte_like
6.0,1716,fibroblast_like_stalled
6.0,1717,keratinocyte_like
6.0,1718,xOSK
6.0,1719,partial_intermediate
6.0,1720,hOSK
6.0,1721,keratinocyte_like
6.0,1722,partial_intermediate
6.0,1723,primary_intermediate
6.0,1724,fibroblast_like_stalled
6.0,1725,partial_intermediate
6.0,1726,partial_intermediate
6.0,1727,partial_intermediate
6.0,1728,partial_intermediate
6.0,1729,fibroblast_like_stalled
6.0,1730,partial_intermediate
6.0,1731,partial_intermediate
6.0,1732,partial_intermediate
6.0,1733,fibroblast_like_stalled
6.0,1734,xOSK
6.0,1735,partial_intermediate
6.0,1736,keratinocyte_like
6.0,1737,xOSK
6.0,1738,fibroblast_like_stalled
6.0,1739,hOSK
6.0,1740,fibroblast_like_stalled
6.0,1741,keratinocyte_like
6.0,1742,fibroblast_like_stalled
6.0,1743,partial_intermediate
6.0,1744,partial_intermediate
6.0,1745,partial_intermediate
6.0,1746,xOSK
6.0,1747,fibroblast_like_stalled
6.0,1748,fibroblast_like_stalled
6.0,1749,partial_intermediate
6.0,1750,partial_intermediate
6.0,1751,keratinocyte_like
6.0,1752,partial_intermediate
6.0,1753,partial_intermediate
6.0,1754,fibroblast_like_stalled
6.0,1755,partial_intermediate
6.0,1756,fibroblast_like_stalled
6.0,1757,partial_intermediate
6.0,1758,fibroblast_like_stalled
6.0,1759,xOSK
6.0,1760,primary_intermediate
6.0,1761,fibroblast_like_stalled
6.0,1762,partial_intermediate
6.0,1763,keratinocyte_like
6.0,1764,partial_intermediate
6.0,1765,partial_intermediate
6.0,1766,partial_intermediate
6.0,1767,hOSK
6.0,1768,fibroblast_like_stalled
6.0,1769,xOSK
6.0,1770,partial_intermediate
6.0,1771,fibroblast_like_stalled
6.0,1772,partial_intermediate
6.0,1773,partial_intermediate
6.0,1774,keratinocyte_like
6.0,1775,partial_intermediate
6.0,1776,partial_intermediate
6.0,1777,partial_intermediate
6.0,1778,keratinocyte_like
6.0,1779,xOSK
6.0,1780,partial_intermediate
6.0,1781,xOSK
6.0,1782,fibroblast_like_stalled
6.0,1783,fibroblast_like_stalled
6.0,1784,keratinocyte_like
6.0,1785,partial_intermediate
6.0,1786,xOSK
6.0,1787,keratinocyte_like
6.0,1788,xOSK
6.0,1789,partial_intermediate
6.0,1790,keratinocyte_like
6.0,1791,keratinocyte_like
6.0,1792,fibroblast_like_stalled
6.0,1793,xOSK
6.0,1794,keratinocyte_like
6.0,1795,xOSK
6.0,1796,partial_intermediate
6.0,1797,partial_intermediate
6.0,1798,xOSK
6.0,1799,keratinocyte_like
6.0,1800,partial_intermediate
6.0,1801,partial_intermediate
6.0,1802,partial_intermediate
6.0,1803,keratinocyte_like
6.0,1804,keratinocyte_like
6.0,1805,partial_intermediate
6.0,1806,partial_intermediate
6.0,1807,keratinocyte_like
6.0,1808,fibroblast_like_stalled
6.0,1809,fibroblast_like_stalled
6.0,1810,xOSK
6.0,1811,fibroblast_like_stalled
6.0,1812,fibroblast_like_stalled
6.0,1813,partial_intermediate
6.0,1814,fibroblast_like_stalled
6.0,1815,fibroblast_like_stalled
6.0,1816,fibroblast_like_stalled
6.0,1817,fibroblast_like_stalled
6.0,1818,partial_intermediate
6.0,1819,fibroblast_like_stalled
6.0,1820,partial_intermediate
6.0,1821,fibroblast_like_stalled
6.0,1822,primary_intermediate
6.0,1823,partial_intermediate
6.0,1824,fibroblast_like_stalled
6.0,1825,partial_intermediate
6.0,1826,fibroblast_like_stalled
6.0,1827,fibroblast_like_stalled
6.0,1828,hOSK
6.0,1829,fibroblast_like_stalled
6.0,1830,fibroblast_like_stalled
6.0,1831,partial_intermediate
6.0,1832,keratinocyte_like
6.0,1833,partial_intermediate
6.0,1834,partial_intermediate
6.0,1835,keratinocyte_like
6.0,1836,keratinocyte_like
6.0,1837,partial_intermediate
6.0,1838,xOSK
6.0,1839,xOSK
6.0,1840,keratinocyte_like
6.0,1841,partial_intermediate
6.0,1842,partial_intermediate
6.0,1843,partial_intermediate
6.0,1844,partial_intermediate
6.0,1845,partial_intermediate
6.0,1846,partial_intermediate
6.0,1847,partial_intermediate
6.0,1848,partial_intermediate
6.0,1849,primary_intermediate
6.0,1850,fibroblast_like_stalled
6.0,1851,hOSK
6.0,1852,partial_intermediate
6.0,1853,partial_intermediate
6.0,1854,xOSK
6.0,1855,keratinocyte_like
6.0,1856,fibroblast_like_stalled
6.0,1857,keratinocyte_like
6.0,1858,fibroblast_like_stalled
6.0,1859,xOSK
6.0,1860,keratinocyte_like
6.0,1861,fibroblast_like_stalled
6.0,1862,keratinocyte_like
6.0,1863,partial_intermediate
6.0,1864,partial_intermediate
6.0,1865,fibroblast_like_stalled
6.0,1866,fibroblast_like_stalled
6.0,1867,keratinocyte_like
6.0,1868,xOSK
6.0,1869,partial_intermediate
6.0,1870,fibroblast_like_stalled
6.0,1871,fibroblast_like_stalled
6.0,1872,partial_intermediate
6.0,1873,partial_intermediate
6.0,1874,fibroblast_like_stalled
6.0,1875,xOSK
6.0,1876,partial_intermediate
6.0,1877,primary_intermediate
6.0,1878,fibroblast_like_stalled
6.0,1879,fibroblast_like_stalled
6.0,1880,xOSK
6.0,1881,partial_intermediate
6.0,1882,keratinocyte_like
6.0,1883,xOSK
6.0,1884,fibroblast_like_stalled
6.0,1885,fibroblast_like_stalled
6.0,1886,xOSK
6.0,1887,fibroblast_like_stalled
6.0,1888,partial_intermediate
6.0,1889,xOSK
6.0,1890,keratinocyte_like
6.0,1891,xOSK
6.0,1892,partial_intermediate
6.0,1893,partial_intermediate
6.0,1894,xOSK
6.0,1895,keratinocyte_like
6.0,1896,fibroblast_like_stalled
6.0,1897,fibroblast_like_stalled
6.0,1898,partial_intermediate
6.0,1899,partial_intermediate
6.0,1900,partial_intermediate
6.0,1901,fibroblast_like_stalled
6.0,1902,keratinocyte_like
6.0,1903,fibroblast_like_stalled
6.0,1904,partial_intermediate
6.0,1905,xOSK
6.0,1906,fibroblast_like_stalled
6.0,1907,fibroblast_like_stalled
6.0,1908,xOSK
6.0,1909,keratinocyte_like
6.0,1910,partial_intermediate
6.0,1911,keratinocyte_like
6.0,1912,fibroblast_like_stalled
6.0,1913,fibroblast_like_stalled
6.0,1914,partial_intermediate
6.0,1915,keratinocyte_like
6.0,1916,partial_intermediate
6.0,1917,keratinocyte_like
6.0,1918,xOSK
6.0,1919,partial_intermediate
6.0,1920,partial_intermediate
6.0,1921,xOSK
6.0,1922,keratinocyte_like
6.0,1923,fibroblast_like_stalled
6.0,1924,fibroblast_like_stalled
6.0,1925,fibroblast_like_stalled
6.0,1926,partial_intermediate
6.0,1927,partial_intermediate
6.0,1928,hOSK
6.0,1929,partial_intermediate
6.0,1930,xOSK
6.0,1931,partial_intermediate
6.0,1932,fibroblast_like_stalled
6.0,1933,fibroblast_like_stalled
6.0,1934,partial_intermediate
6.0,1935,partial_intermediate
6.0,1936,partial_intermediate
6.0,1937,fibroblast_like_stalled
6.0,1938,keratinocyte_like
6.0,1939,fibroblast_like_stalled
6.0,1940,partial_intermediate
6.0,1941,fibroblast_like_stalled
6.0,1942,fibroblast_like_stalled
6.0,1943,partial_intermediate
6.0,1944,partial_intermediate
6.0,1945,fibroblast_like_stalled
6.0,1946,primary_intermediate
6.0,1947,fibroblast_like_stalled
6.0,1948,fibroblast_like_stalled
6.0,1949,fibroblast_like_stalled
6.0,1950,partial_intermediate
6.0,1951,primary_intermediate
6.0,1952,partial_intermediate
6.0,1953,partial_intermediate
6.0,1954,xOSK
6.0,1955,xOSK
6.0,1956,fibroblast_like_stalled
6.0,1957,partial_intermediate
6.0,1958,partial_intermediate
6.0,1959,fibroblast_like_stalled
6.0,1960,partial_intermediate
6.0,1961,partial_intermediate
6.0,1962,fibroblast_like_stalled
6.0,1963,partial_intermediate
6.0,1964,fibroblast_like_stalled
6.0,1965,xOSK
6.0,1966,fibroblast_like_stalled
6.0,1967,fibroblast_like_stalled
6.0,1968,keratinocyte_like
6.0,1969,partial_intermediate
6.0,1970,keratinocyte_like
6.0,1971,fibroblast_like_stalled
6.0,1972,partial_intermediate
6.0,1973,partial_intermediate
6.0,1974,partial_intermediate
6.0,1975,partial_intermediate
6.0,1976,keratinocyte_like
6.0,1977,partial_intermediate
6.0,1978,fibroblast_like_stalled
6.0,1979,partial_intermediate
6.0,1980,xOSK
6.0,1981,xOSK
6.0,1982,keratinocyte_like
6.0,1983,partial_intermediate
6.0,1984,partial_intermediate
6.0,1985,keratinocyte_like
6.0,1986,partial_intermediate
6.0,1987,fibroblast_like_stalled
6.0,1988,fibroblast_like_stalled
6.0,1989,xOSK
6.0,1990,keratinocyte_like
6.0,1991,fibroblast_like_stalled
6.0,1992,partial_intermediate
6.0,1993,fibroblast_like_stalled
6.0,1994,fibroblast_like_stalled
6.0,1995,keratinocyte_like
6.0,1996,primary_intermediate
6.0,1997,partial_intermediate
6.0,1998,partial_intermediate
6.0,1999,fibroblast_like_stalled
8.0,0,fibroblast_like_stalled
8.0,1,primary_intermediate
8.0,2,primary_intermediate
8.0,3,primary_intermediate
8.0,4,partial_intermediate
8.0,5,primary_intermediate
8.0,6,primary_intermediate
8.0,7,primary_intermediate
8.0,8,primary_intermediate
8.0,9,fibroblast_like_stalled
8.0,10,primary_intermediate
8.0,11,fibroblast_like_stalled
8.0,12,primary_intermediate
8.0,13,partial_intermediate
8.0,14,primary_intermediate
8.0,15,primary_intermediate
8.0,16,primary_intermediate
8.0,17,fibroblast_like_stalled
8.0,18,fibroblast_like_stalled
8.0,19,primary_intermediate
8.0,20,fibroblast_like_stalled
8.0,21,primary_intermediate
8.0,22,primary_intermediate
8.0,23,fibroblast_like_stalled
8.0,24,primary_intermediate
8.0,25,primary_intermediate
8.0,26,fibroblast_like_stalled
8.0,27,primary_intermediate
8.0,28,primary_intermediate
8.0,29,primary_intermediate
8.0,30,primary_intermediate
8.0,31,partial_intermediate
8.0,32,primary_intermediate
8.0,33,fibroblast_like_stalled
8.0,34,primary_intermediate
8.0,35,primary_intermediate
8.0,36,partial_intermediate
8.0,37,fibroblast_like_stalled
8.0,38,fibroblast_like_stalled
8.0,39,primary_intermediate
8.0,40,fibroblast_like_stalled
8.0,41,primary_intermediate
8.0,42,partial_intermediate
8.0,43,fibroblast_like_stalled
8.0,44,primary_intermediate
8.0,45,primary_intermediate
8.0,46,fibroblast_like_stalled
8.0,47,fibroblast_like_stalled
8.0,48,primary_intermediate
8.0,49,primary_intermediate
8.0,50,primary_intermediate
8.0,51,primary_intermediate
8.0,52,fibroblast_like_stalled
8.0,53,fibroblast_like_stalled
8.0,54,primary_intermediate
8.0,55,primary_intermediate
8.0,56,primary_intermediate
8.0,57,fibroblast_like_stalled
8.0,58,partial_intermediate
8.0,59,primary_intermediate
8.0,60,primary_intermediate
8.0,61,partially_reprogrammed
8.0,62,partial_intermediate
8.0,63,primary_intermediate
8.0,64,partially_reprogrammed
8.0,65,partial_intermediate
8.0,66,primary_intermediate
8.0,67,primary_intermediate
8.0,68,primary_intermediate
8.0,69,partially_reprogrammed
8.0,70,fibroblast_like_stalled
8.0,71,primary_intermediate
8.0,72,primary_intermediate
8.0,73,primary_intermediate
8.0,74,fibroblast_like_stalled
8.0,75,primary_intermediate
8.0,76,fibroblast_like_stalled
8.0,77,primary_intermediate
8.0,78,primary_intermediate
8.0,79,fibroblast_like_stalled
8.0,80,partially_reprogrammed
8.0,81,primary_intermediate
8.0,82,partially_reprogrammed
8.0,83,primary_intermediate
8.0,84,primary_intermediate
8.0,85,primary_intermediate
8.0,86,primary_intermediate
8.0,87,fibroblast_like_stalled
8.0,88,primary_intermediate
8.0,89,primary_intermediate
8.0,90,fibroblast_like_stalled
8.0,91,fibroblast_like_stalled
8.0,92,fibroblast_like_stalled
8.0,93,partial_intermediate
8.0,94,primary_intermediate
8.0,95,primary_intermediate
8.0,96,fibroblast_like_stalled
8.0,97,primary_intermediate
8.0,98,fibroblast_like_stalled
8.0,99,fibroblast_like_stalled
8.0,100,fibroblast_like_stalled
8.0,101,primary_intermediate
8.0,102,primary_intermediate
8.0,103,primary_intermediate
8.0,104,partial_intermediate
8.0,105,primary_intermediate
8.0,106,primary_intermediate
8.0,107,partial_intermediate
8.0,108,partially_reprogrammed
8.0,109,primary_intermediate
8.0,110,primary_intermediate
8.0,111,primary_intermediate
8.0,112,primary_intermediate
8.0,113,partially_reprogrammed
8.0,114,primary_intermediate
8.0,115,fibroblast_like_stalled
8.0,116,primary_intermediate
8.0,117,primary_intermediate
8.0,118,partially_reprogrammed
8.0,119,primary_intermediate
8.0,120,primary_intermediate
8.0,121,primary_intermediate
8.0,122,primary_intermediate
8.0,123,fibroblast_like_stalled
8.0,124,fibroblast_like_stalled
8.0,125,fibroblast_like_stalled
8.0,126,primary_intermediate
8.0,127,primary_intermediate
8.0,128,partial_intermediate
8.0,129,partial_intermediate
8.0,130,primary_intermediate
8.0,131,primary_intermediate
8.0,132,primary_intermediate
8.0,133,primary_intermediate
8.0,134,primary_intermediate
8.0,135,fibroblast_like_stalled
8.0,136,fibroblast_like_stalled
8.0,137,partially_reprogrammed
8.0,138,partially_reprogrammed
8.0,139,primary_intermediate
8.0,140,primary_intermediate
8.0,141,fibroblast_like_stalled
8.0,142,partially_reprogrammed
8.0,143,xOSK
8.0,144,fibroblast_like_stalled
8.0,145,primary_intermediate
8.0,146,fibroblast_like_stalled
8.0,147,primary_intermediate
8.0,148,primary_intermediate
8.0,149,fibroblast_like_stalled
8.0,150,partial_intermediate
8.0,151,primary_intermediate
8.0,152,primary_intermediate
8.0,153,primary_intermediate
8.0,154,primary_intermediate
8.0,155,partially_reprogrammed
8.0,156,primary_intermediate
8.0,157,primary_intermediate
8.0,158,primary_intermediate
8.0,159,primary_intermediate
8.0,160,primary_intermediate
8.0,161,fibroblast_like_stalled
8.0,162,fibroblast_like_stalled
8.0,163,partial_intermediate
8.0,164,primary_intermediate
8.0,165,fibroblast_like_stalled
8.0,166,xOSK
8.0,167,primary_intermediate
8.0,168,primary_intermediate
8.0,169,fibroblast_like_stalled
8.0,170,primary_intermediate
8.0,171,partially_reprogrammed
8.0,172,primary_intermediate
8.0,173,partially_reprogrammed
8.0,174,primary_intermediate
8.0,175,primary_intermediate
8.0,176,fibroblast_like_stalled
8.0,177,primary_intermediate
8.0,178,primary_intermediate
8.0,179,keratinocyte_like
8.0,180,fibroblast_like_stalled
8.0,181,primary_intermediate
8.0,182,primary_intermediate
8.0,183,primary_intermediate
8.0,184,primary_intermediate
8.0,185,primary_intermediate
8.0,186,primary_intermediate
8.0,187,fibroblast_like_stalled
8.0,188,primary_intermediate
8.0,189,primary_intermediate
8.0,190,primary_intermediate
8.0,191,fibroblast_like_stalled
8.0,192,fibroblast_like_stalled
8.0,193,primary_intermediate
8.0,194,fibroblast_like_stalled
8.0,195,partial_intermediate
8.0,196,primary_intermediate
8.0,197,fibroblast_like_stalled
8.0,198,primary_intermediate
8.0,199,primary_intermediate
8.0,200,fibroblast_like_stalled
8.0,201,primary_intermediate
8.0,202,fibroblast_like_stalled
8.0,203,fibroblast_like_stalled
8.0,204,fibroblast_like_stalled
8.0,205,primary_intermediate
8.0,206,partially_reprogrammed
8.0,207,fibroblast_like_stalled
8.0,208,primary_intermediate
8.0,209,fibroblast_like_stalled
8.0,210,primary_intermediate
8.0,211,primary_intermediate
8.0,212,primary_intermediate
8.0,213,fibroblast_like_stalled
8.0,214,fibroblast_like_stalled
8.0,215,primary_intermediate
8.0,216,partial_intermediate
8.0,217,partial_intermediate
8.0,218,primary_intermediate
8.0,219,keratinocyte_like
8.0,220,primary_intermediate
8.0,221,primary_intermediate
8.0,222,primary_intermediate
8.0,223,partial_intermediate
8.0,224,fibroblast_like_stalled
8.0,225,fibroblast_like_stalled
8.0,226,fibroblast_like_stalled
8.0,227,primary_intermediate
8.0,228,fibroblast_like_stalled
8.0,229,fibroblast_like_stalled
8.0,230,fibroblast_like_stalled
8.0,231,primary_intermediate
8.0,232,primary_intermediate
8.0,233,primary_intermediate
8.0,234,primary_intermediate
8.0,235,fibroblast_like_stalled
8.0,236,fibroblast_like_stalled
8.0,237,fibroblast_like_stalled
8.0,238,primary_intermediate
8.0,239,primary_intermediate
8.0,240,primary_intermediate
8.0,241,primary_intermediate
8.0,242,primary_intermediate
8.0,243,primary_intermediate
8.0,244,primary_intermediate
8.0,245,primary_intermediate
8.0,246,primary_intermediate
8.0,247,partially_reprogrammed
8.0,248,partial_intermediate
8.0,249,primary_intermediate
8.0,250,partial_intermediate
8.0,251,primary_intermediate
8.0,252,fibroblast_like_stalled
8.0,253,primary_intermediate
8.0,254,primary_intermediate
8.0,255,primary_intermediate
8.0,256,primary_intermediate
8.0,257,fibroblast_like_stalled
8.0,258,primary_intermediate
8.0,259,partially_reprogrammed
8.0,260,fibroblast_like_stalled
8.0,261,fibroblast_like_stalled
8.0,262,primary_intermediate
8.0,263,primary_intermediate
8.0,264,fibroblast_like_stalled
8.0,265,primary_intermediate
8.0,266,primary_intermediate
8.0,267,primary_intermediate
8.0,268,fibroblast_like_stalled
8.0,269,primary_intermediate
8.0,270,primary_intermediate
8.0,271,primary_intermediate
8.0,272,primary_intermediate
8.0,273,primary_intermediate
8.0,274,primary_intermediate
8.0,275,fibroblast_like_stalled
8.0,276,fibroblast_like_stalled
8.0,277,fibroblast_like_stalled
8.0,278,fibroblast_like_stalled
8.0,279,primary_intermediate
8.0,280,partial_intermediate
8.0,281,fibroblast_like_stalled
8.0,282,partial_intermediate
8.0,283,primary_intermediate
8.0,284,fibroblast_like_stalled
8.0,285,fibroblast_like_stalled
8.0,286,fibroblast_like_stalled
8.0,287,partially_reprogrammed
8.0,288,primary_intermediate
8.0,289,fibroblast_like_stalled
8.0,290,fibroblast_like_stalled
8.0,291,primary_intermediate
8.0,292,primary_intermediate
8.0,293,fibroblast_like_stalled
8.0,294,fibroblast_like_stalled
8.0,295,fibroblast_like_stalled
8.0,296,primary_intermediate
8.0,297,partial_intermediate
8.0,298,primary_intermediate
8.0,299,fibroblast_like_stalled
8.0,300,primary_intermediate
8.0,301,primary_intermediate
8.0,302,primary_intermediate
8.0,303,primary_intermediate
8.0,304,primary_intermediate
8.0,305,primary_intermediate
8.0,306,partial_intermediate
8.0,307,primary_intermediate
8.0,308,fibroblast_like_stalled
8.0,309,primary_intermediate
8.0,310,primary_intermediate
8.0,311,primary_intermediate
8.0,312,keratinocyte_like
8.0,313,partial_intermediate
8.0,314,partially_reprogrammed
8.0,315,primary_intermediate
8.0,316,fibroblast_like_stalled
8.0,317,fibroblast_like_stalled
8.0,318,primary_intermediate
8.0,319,primary_intermediate
8.0,320,partial_intermediate
8.0,321,fibroblast_like_stalled
8.0,322,primary_intermediate
8.0,323,primary_intermediate
8.0,324,primary_intermediate
8.0,325,partially_reprogrammed
8.0,326,primary_intermediate
8.0,327,fibroblast_like_stalled
8.0,328,fibroblast_like_stalled
8.0,329,partial_intermediate
8.0,330,primary_intermediate
8.0,331,primary_intermediate
8.0,332,primary_intermediate
8.0,333,primary_intermediate
8.0,334,primary_intermediate
8.0,335,partially_reprogrammed
8.0,336,fibroblast_like_stalled
8.0,337,primary_intermediate
8.0,338,primary_intermediate
8.0,339,partially_reprogrammed
8.0,340,fibroblast_like_stalled
8.0,341,primary_intermediate
8.0,342,primary_intermediate
8.0,343,fibroblast_like_stalled
8.0,344,fibroblast_like_stalled
8.0,345,fibroblast_like_stalled
8.0,346,fibroblast_like_stalled
8.0,347,fibroblast_like_stalled
8.0,348,primary_intermediate
8.0,349,primary_intermediate
8.0,350,primary_intermediate
8.0,351,fibroblast_like_stalled
8.0,352,primary_intermediate
8.0,353,primary_intermediate
8.0,354,partial_intermediate
8.0,355,partially_reprogrammed
8.0,356,primary_intermediate
8.0,357,primary_intermediate
8.0,358,partial_intermediate
8.0,359,fibroblast_like_stalled
8.0,360,primary_intermediate
8.0,361,primary_intermediate
8.0,362,primary_intermediate
8.0,363,partially_reprogrammed
8.0,364,primary_intermediate
8.0,365,primary_intermediate
8.0,366,primary_intermediate
8.0,367,primary_intermediate
8.0,368,fibroblast_like_stalled
8.0,369,primary_intermediate
8.0,370,primary_intermediate
8.0,371,primary_intermediate
8.0,372,primary_intermediate
8.0,373,fibroblast_like_stalled
8.0,374,primary_intermediate
8.0,375,partial_intermediate
8.0,376,fibroblast_like_stalled
8.0,377,fibroblast_like_stalled
8.0,378,partial_intermediate
8.0,379,primary_intermediate
8.0,380,fibroblast_like_stalled
8.0,381,fibroblast_like_stalled
8.0,382,primary_intermediate
8.0,383,partial_intermediate
8.0,384,primary_intermediate
8.0,385,fibroblast_like_stalled
8.0,386,fibroblast_like_stalled
8.0,387,primary_intermediate
8.0,388,fibroblast_like_stalled
8.0,389,primary_intermediate
8.0,390,fibroblast_like_stalled
8.0,391,primary_intermediate
8.0,392,primary_intermediate
8.0,393,primary_intermediate
8.0,394,fibroblast_like_stalled
8.0,395,primary_intermediate
8.0,396,fibroblast_like_stalled
8.0,397,primary_intermediate
8.0,398,primary_intermediate
8.0,399,primary_intermediate
8.0,400,primary_intermediate
8.0,401,primary_intermediate
8.0,402,primary_intermediate
8.0,403,fibroblast_like_stalled
8.0,404,primary_intermediate
8.0,405,fibroblast_like_stalled
8.0,406,primary_intermediate
8.0,407,partial_intermediate
8.0,408,fibroblast_like_stalled
8.0,409,primary_intermediate
8.0,410,primary_intermediate
8.0,411,primary_intermediate
8.0,412,primary_intermediate
8.0,413,primary_intermediate
8.0,414,primary_intermediate
8.0,415,fibroblast_like_stalled
8.0,416,primary_intermediate
8.0,417,fibroblast_like_stalled
8.0,418,partial_intermediate
8.0,419,primary_intermediate
8.0,420,fibroblast_like_stalled
8.0,421,primary_intermediate
8.0,422,fibroblast_like_stalled
8.0,423,primary_intermediate
8.0,424,primary_intermediate
8.0,425,fibroblast_like_stalled
8.0,426,primary_intermediate
8.0,427,primary_intermediate
8.0,428,primary_intermediate
8.0,429,primary_intermediate
8.0,430,partially_reprogrammed
8.0,431,primary_intermediate
8.0,432,primary_intermediate
8.0,433,partial_intermediate
8.0,434,primary_intermediate
8.0,435,partially_reprogrammed
8.0,436,primary_intermediate
8.0,437,partial_intermediate
8.0,438,primary_intermediate
8.0,439,fibroblast_like_stalled
8.0,440,fibroblast_like_stalled
8.0,441,primary_intermediate
8.0,442,partially_reprogrammed
8.0,443,fibroblast_like_stalled
8.0,444,fibroblast_like_stalled
8.0,445,fibroblast_like_stalled
8.0,446,fibroblast_like_stalled
8.0,447,partial_intermediate
8.0,448,primary_intermediate
8.0,449,fibroblast_like_stalled
8.0,450,partial_intermediate
8.0,451,primary_intermediate
8.0,452,primary_intermediate
8.0,453,fibroblast_like_stalled
8.0,454,primary_intermediate
8.0,455,fibroblast_like_stalled
8.0,456,primary_intermediate
8.0,457,primary_intermediate
8.0,458,primary_intermediate
8.0,459,primary_intermediate
8.0,460,primary_intermediate
8.0,461,fibroblast_like_stalled
8.0,462,primary_intermediate
8.0,463,primary_intermediate
8.0,464,fibroblast_like_stalled
8.0,465,fibroblast_like_stalled
8.0,466,primary_intermediate
8.0,467,fibroblast_like_stalled
8.0,468,partially_reprogrammed
8.0,469,primary_intermediate
8.0,470,fibroblast_like_stalled
8.0,471,fibroblast_like_stalled
8.0,472,partially_reprogrammed
8.0,473,primary_intermediate
8.0,474,fibroblast_like_stalled
8.0,475,primary_intermediate
8.0,476,primary_intermediate
8.0,477,primary_intermediate
8.0,478,primary_intermediate
8.0,479,fibroblast_like_stalled
8.0,480,fibroblast_like_stalled
8.0,481,primary_intermediate
8.0,482,fibroblast_like_stalled
8.0,483,partial_intermediate
8.0,484,primary_intermediate
8.0,485,primary_intermediate
8.0,486,fibroblast_like_stalled
8.0,487,primary_intermediate
8.0,488,primary_intermediate
8.0,489,fibroblast_like_stalled
8.0,490,primary_intermediate
8.0,491,primary_intermediate
8.0,492,partial_intermediate
8.0,493,primary_intermediate
8.0,494,primary_intermediate
8.0,495,partial_intermediate
8.0,496,fibroblast_like_stalled
8.0,497,partial_intermediate
8.0,498,keratinocyte_like
8.0,499,partial_intermediate
8.0,500,primary_intermediate
8.0,501,primary_intermediate
8.0,502,partial_intermediate
8.0,503,primary_intermediate
8.0,504,primary_intermediate
8.0,505,primary_intermediate
8.0,506,fibroblast_like_stalled
8.0,507,primary_intermediate
8.0,508,fibroblast_like_stalled
8.0,509,fibroblast_like_stalled
8.0,510,primary_intermediate
8.0,511,partial_intermediate
8.0,512,partial_intermediate
8.0,513,fibroblast_like_stalled
8.0,514,primary_intermediate
8.0,515,primary_intermediate
8.0,516,primary_intermediate
8.0,517,fibroblast_like_stalled
8.0,518,primary_intermediate
8.0,519,fibroblast_like_stalled
8.0,520,primary_intermediate
8.0,521,primary_intermediate
8.0,522,fibroblast_like_stalled
8.0,523,fibroblast_like_stalled
8.0,524,primary_intermediate
8.0,525,fibroblast_like_stalled
8.0,526,primary_intermediate
8.0,527,primary_intermediate
8.0,528,primary_intermediate
8.0,529,fibroblast_like_stalled
8.0,530,primary_intermediate
8.0,531,primary_intermediate
8.0,532,primary_intermediate
8.0,533,partial_intermediate
8.0,534,primary_intermediate
8.0,535,fibroblast_like_stalled
8.0,536,partial_intermediate
8.0,537,primary_intermediate
8.0,538,fibroblast_like_stalled
8.0,539,fibroblast_like_stalled
8.0,540,fibroblast_like_stalled
8.0,541,primary_intermediate
8.0,542,partially_reprogrammed
8.0,543,primary_intermediate
8.0,544,keratinocyte_like
8.0,545,primary_intermediate
8.0,546,fibroblast_like_stalled
8.0,547,primary_intermediate
8.0,548,primary_intermediate
8.0,549,primary_intermediate
8.0,550,primary_intermediate
8.0,551,fibroblast_like_stalled
8.0,552,fibroblast_like_stalled
8.0,553,fibroblast_like_stalled
8.0,554,fibroblast_like_stalled
8.0,555,fibroblast_like_stalled
8.0,556,partial_intermediate
8.0,557,primary_intermediate
8.0,558,primary_intermediate
8.0,559,primary_intermediate
8.0,560,primary_intermediate
8.0,561,partial_intermediate
8.0,562,partially_reprogrammed
8.0,563,primary_intermediate
8.0,564,primary_intermediate
8.0,565,primary_intermediate
8.0,566,primary_intermediate
8.0,567,primary_intermediate
8.0,568,partial_intermediate
8.0,569,fibroblast_like_stalled
8.0,570,primary_intermediate
8.0,571,primary_intermediate
8.0,572,fibroblast_like_stalled
8.0,573,fibroblast_like_stalled
8.0,574,fibroblast_like_stalled
8.0,575,fibroblast_like_stalled
8.0,576,primary_intermediate
8.0,577,primary_intermediate
8.0,578,fibroblast_like_stalled
8.0,579,primary_intermediate
8.0,580,fibroblast_like_stalled
8.0,581,primary_intermediate
8.0,582,primary_intermediate
8.0,583,primary_intermediate
8.0,584,primary_intermediate
8.0,585,fibroblast_like_stalled
8.0,586,fibroblast_like_stalled
8.0,587,primary_intermediate
8.0,588,fibroblast_like_stalled
8.0,589,fibroblast_like_stalled
8.0,590,fibroblast_like_stalled
8.0,591,primary_intermediate
8.0,592,fibroblast_like_stalled
8.0,593,fibroblast_like_stalled
8.0,594,primary_intermediate
8.0,595,fibroblast_like_stalled
8.0,596,fibroblast_like_stalled
8.0,597,primary_intermediate
8.0,598,fibroblast_like_stalled
8.0,599,primary_intermediate
8.0,600,primary_intermediate
8.0,601,primary_intermediate
8.0,602,primary_intermediate
8.0,603,primary_intermediate
8.0,604,partial_intermediate
8.0,605,primary_intermediate
8.0,606,fibroblast_like_stalled
8.0,607,primary_intermediate
8.0,608,primary_intermediate
8.0,609,primary_intermediate
8.0,610,primary_intermediate
8.0,611,primary_intermediate
8.0,612,primary_intermediate
8.0,613,primary_intermediate
8.0,614,primary_intermediate
8.0,615,primary_intermediate
8.0,616,primary_intermediate
8.0,617,fibroblast_like_stalled
8.0,618,primary_intermediate
8.0,619,fibroblast_like_stalled
8.0,620,primary_intermediate
8.0,621,fibroblast_like_stalled
8.0,622,primary_intermediate
8.0,623,primary_intermediate
8.0,624,fibroblast_like_stalled
8.0,625,fibroblast_like_stalled
8.0,626,fibroblast_like_stalled
8.0,627,primary_intermediate
8.0,628,fibroblast_like_stalled
8.0,629,fibroblast_like_stalled
8.0,630,primary_intermediate
8.0,631,partially_reprogrammed
8.0,632,partially_reprogrammed
8.0,633,primary_intermediate
8.0,634,primary_intermediate
8.0,635,primary_intermediate
8.0,636,partial_intermediate
8.0,637,partial_intermediate
8.0,638,primary_intermediate
8.0,639,fibroblast_like_stalled
8.0,640,primary_intermediate
8.0,641,primary_intermediate
8.0,642,primary_intermediate
8.0,643,primary_intermediate
8.0,644,primary_intermediate
8.0,645,primary_intermediate
8.0,646,primary_intermediate
8.0,647,primary_intermediate
8.0,648,primary_intermediate
8.0,649,primary_intermediate
8.0,650,primary_intermediate
8.0,651,partial_intermediate
8.0,652,partially_reprogrammed
8.0,653,primary_intermediate
8.0,654,primary_intermediate
8.0,655,primary_intermediate
8.0,656,primary_intermediate
8.0,657,primary_intermediate
8.0,658,primary_intermediate
8.0,659,primary_intermediate
8.0,660,fibroblast_like_stalled
8.0,661,primary_intermediate
8.0,662,fibroblast_like_stalled
8.0,663,partial_intermediate
8.0,664,partially_reprogrammed
8.0,665,fibroblast_like_stalled
8.0,666,primary_intermediate
8.0,667,primary_intermediate
8.0,668,partially_reprogrammed
8.0,669,fibroblast_like_stalled
8.0,670,fibroblast_like_stalled
8.0,671,partially_reprogrammed
8.0,672,primary_intermediate
8.0,673,fibroblast_like_stalled
8.0,674,primary_intermediate
8.0,675,primary_intermediate
8.0,676,primary_intermediate
8.0,677,partially_reprogrammed
8.0,678,primary_intermediate
8.0,679,primary_intermediate
8.0,680,primary_intermediate
8.0,681,primary_intermediate
8.0,682,fibroblast_like_stalled
8.0,683,primary_intermediate
8.0,684,partial_intermediate
8.0,685,primary_intermediate
8.0,686,fibroblast_like_stalled
8.0,687,fibroblast_like_stalled
8.0,688,primary_intermediate
8.0,689,partially_reprogrammed
8.0,690,primary_intermediate
8.0,691,primary_intermediate
8.0,692,primary_intermediate
8.0,693,fibroblast_like_stalled
8.0,694,primary_intermediate
8.0,695,partial_intermediate
8.0,696,fibroblast_like_stalled
8.0,697,fibroblast_like_stalled
8.0,698,primary_intermediate
8.0,699,primary_intermediate
8.0,700,partially_reprogrammed
8.0,701,primary_intermediate
8.0,702,primary_intermediate
8.0,703,primary_intermediate
8.0,704,fibroblast_like_stalled
8.0,705,primary_intermediate
8.0,706,fibroblast_like_stalled
8.0,707,fibroblast_like_stalled
8.0,708,partially_reprogrammed
8.0,709,fibroblast_like_stalled
8.0,710,primary_intermediate
8.0,711,fibroblast_like_stalled
8.0,712,primary_intermediate
8.0,713,fibroblast_like_stalled
8.0,714,primary_intermediate
8.0,715,partial_intermediate
8.0,716,primary_intermediate
8.0,717,primary_intermediate
8.0,718,fibroblast_like_stalled
8.0,719,primary_intermediate
8.0,720,partial_intermediate
8.0,721,primary_intermediate
8.0,722,primary_intermediate
8.0,723,primary_intermediate
8.0,724,fibroblast_like_stalled
8.0,725,primary_intermediate
8.0,726,fibroblast_like_stalled
8.0,727,primary_intermediate
8.0,728,partial_intermediate
8.0,729,primary_intermediate
8.0,730,partially_reprogrammed
8.0,731,fibroblast_like_stalled
8.0,732,primary_intermediate
8.0,733,primary_intermediate
8.0,734,primary_intermediate
8.0,735,primary_intermediate
8.0,736,primary_intermediate
8.0,737,primary_intermediate
8.0,738,primary_intermediate
8.0,739,primary_intermediate
8.0,740,primary_intermediate
8.0,741,primary_intermediate
8.0,742,primary_intermediate
8.0,743,primary_intermediate
8.0,744,fibroblast_like_stalled
8.0,745,partial_intermediate
8.0,746,primary_intermediate
8.0,747,fibroblast_like_stalled
8.0,748,keratinocyte_like
8.0,749,primary_intermediate
8.0,750,fibroblast_like_stalled
8.0,751,fibroblast_like_stalled
8.0,752,keratinocyte_like
8.0,753,primary_intermediate
8.0,754,fibroblast_like_stalled
8.0,755,primary_intermediate
8.0,756,fibroblast_like_stalled
8.0,757,primary_intermediate
8.0,758,primary_intermediate
8.0,759,partial_intermediate
8.0,760,partially_reprogrammed
8.0,761,primary_intermediate
8.0,762,primary_intermediate
8.0,763,primary_intermediate
8.0,764,partial_intermediate
8.0,765,primary_intermediate
8.0,766,fibroblast_like_stalled
8.0,767,fibroblast_like_stalled
8.0,768,primary_intermediate
8.0,769,primary_intermediate
8.0,770,fibroblast_like_stalled
8.0,771,primary_intermediate
8.0,772,primary_intermediate
8.0,773,partially_reprogrammed
8.0,774,primary_intermediate
8.0,775,primary_intermediate
8.0,776,primary_intermediate
8.0,777,fibroblast_like_stalled
8.0,778,primary_intermediate
8.0,779,fibroblast_like_stalled
8.0,780,partial_intermediate
8.0,781,partially_reprogrammed
8.0,782,primary_intermediate
8.0,783,primary_intermediate
8.0,784,primary_intermediate
8.0,785,fibroblast_like_stalled
8.0,786,fibroblast_like_stalled
8.0,787,primary_intermediate
8.0,788,partially_reprogrammed
8.0,789,partial_intermediate
8.0,790,primary_intermediate
8.0,791,primary_intermediate
8.0,792,fibroblast_like_stalled
8.0,793,primary_intermediate
8.0,794,partially_reprogrammed
8.0,795,fibroblast_like_stalled
8.0,796,partial_intermediate
8.0,797,primary_intermediate
8.0,798,primary_intermediate
8.0,799,primary_intermediate
8.0,800,fibroblast_like_stalled
8.0,801,fibroblast_like_stalled
8.0,802,primary_intermediate
8.0,803,primary_intermediate
8.0,804,fibroblast_like_stalled
8.0,805,partial_intermediate
8.0,806,primary_intermediate
8.0,807,primary_intermediate
8.0,808,fibroblast_like_stalled
8.0,809,primary_intermediate
8.0,810,fibroblast_like_stalled
8.0,811,fibroblast_like_stalled
8.0,812,primary_intermediate
8.0,813,fibroblast_like_stalled
8.0,814,primary_intermediate
8.0,815,primary_intermediate
8.0,816,partial_intermediate
8.0,817,primary_intermediate
8.0,818,partially_reprogrammed
8.0,819,fibroblast_like_stalled
8.0,820,primary_intermediate
8.0,821,fibroblast_like_stalled
8.0,822,primary_intermediate
8.0,823,primary_intermediate
8.0,824,primary_intermediate
8.0,825,fibroblast_like_stalled
8.0,826,partially_reprogrammed
8.0,827,partially_reprogrammed
8.0,828,primary_intermediate
8.0,829,primary_intermediate
8.0,830,primary_intermediate
8.0,831,primary_intermediate
8.0,832,fibroblast_like_stalled
8.0,833,fibroblast_like_stalled
8.0,834,primary_intermediate
8.0,835,primary_intermediate
8.0,836,fibroblast_like_stalled
8.0,837,primary_intermediate
8.0,838,primary_intermediate
8.0,839,fibroblast_like_stalled
8.0,840,primary_intermediate
8.0,841,partial_intermediate
8.0,842,fibroblast_like_stalled
8.0,843,primary_intermediate
8.0,844,partial_intermediate
8.0,845,partial_intermediate
8.0,846,primary_intermediate
8.0,847,primary_intermediate
8.0,848,fibroblast_like_stalled
8.0,849,primary_intermediate
8.0,850,primary_intermediate
8.0,851,partial_intermediate
8.0,852,primary_intermediate
8.0,853,primary_intermediate
8.0,854,primary_intermediate
8.0,855,primary_intermediate
8.0,856,keratinocyte_like
8.0,857,primary_intermediate
8.0,858,partial_intermediate
8.0,859,fibroblast_like_stalled
8.0,860,primary_intermediate
8.0,861,primary_intermediate
8.0,862,primary_intermediate
8.0,863,fibroblast_like_stalled
8.0,864,primary_intermediate
8.0,865,partially_reprogrammed
8.0,866,fibroblast_like_stalled
8.0,867,primary_intermediate
8.0,868,primary_intermediate
8.0,869,primary_intermediate
8.0,870,partially_reprogrammed
8.0,871,primary_intermediate
8.0,872,fibroblast_like_stalled
8.0,873,primary_intermediate
8.0,874,fibroblast_like_stalled
8.0,875,primary_intermediate
8.0,876,partially_reprogrammed
8.0,877,primary_intermediate
8.0,878,primary_intermediate
8.0,879,primary_intermediate
8.0,880,primary_intermediate
8.0,881,primary_intermediate
8.0,882,primary_intermediate
8.0,883,partial_intermediate
8.0,884,primary_intermediate
8.0,885,fibroblast_like_stalled
8.0,886,fibroblast_like_stalled
8.0,887,fibroblast_like_stalled
8.0,888,primary_intermediate
8.0,889,primary_intermediate
8.0,890,partial_intermediate
8.0,891,fibroblast_like_stalled
8.0,892,primary_intermediate
8.0,893,partial_intermediate
8.0,894,primary_intermediate
8.0,895,primary_intermediate
8.0,896,partial_intermediate
8.0,897,primary_intermediate
8.0,898,fibroblast_like_stalled
8.0,899,primary_intermediate
8.0,900,fibroblast_like_stalled
8.0,901,primary_intermediate
8.0,902,fibroblast_like_stalled
8.0,903,primary_intermediate
8.0,904,partial_intermediate
8.0,905,primary_intermediate
8.0,906,fibroblast_like_stalled
8.0,907,primary_intermediate
8.0,908,fibroblast_like_stalled
8.0,909,fibroblast_like_stalled
8.0,910,primary_intermediate
8.0,911,primary_intermediate
8.0,912,partial_intermediate
8.0,913,fibroblast_like_stalled
8.0,914,primary_intermediate
8.0,915,partially_reprogrammed
8.0,916,fibroblast_like_stalled
8.0,917,primary_intermediate
8.0,918,fibroblast_like_stalled
8.0,919,partial_intermediate
8.0,920,primary_intermediate
8.0,921,primary_intermediate
8.0,922,primary_intermediate
8.0,923,primary_intermediate
8.0,924,primary_intermediate
8.0,925,fibroblast_like_stalled
8.0,926,primary_intermediate
8.0,927,fibroblast_like_stalled
8.0,928,partial_intermediate
8.0,929,primary_intermediate
8.0,930,primary_intermediate
8.0,931,primary_intermediate
8.0,932,fibroblast_like_stalled
8.0,933,partially_reprogrammed
8.0,934,primary_intermediate
8.0,935,fibroblast_like_stalled
8.0,936,primary_intermediate
8.0,937,primary_intermediate
8.0,938,primary_intermediate
8.0,939,fibroblast_like_stalled
8.0,940,primary_intermediate
8.0,941,primary_intermediate
8.0,942,primary_intermediate
8.0,943,partial_intermediate
8.0,944,primary_intermediate
8.0,945,primary_intermediate
8.0,946,partially_reprogrammed
8.0,947,primary_intermediate
8.0,948,primary_intermediate
8.0,949,partially_reprogrammed
8.0,950,primary_intermediate
8.0,951,fibroblast_like_stalled
8.0,952,partially_reprogrammed
8.0,953,primary_intermediate
8.0,954,partial_intermediate
8.0,955,primary_intermediate
8.0,956,primary_intermediate
8.0,957,primary_intermediate
8.0,958,primary_intermediate
8.0,959,primary_intermediate
8.0,960,fibroblast_like_stalled
8.0,961,primary_intermediate
8.0,962,primary_intermediate
8.0,963,primary_intermediate
8.0,964,fibroblast_like_stalled
8.0,965,primary_intermediate
8.0,966,primary_intermediate
8.0,967,primary_intermediate
8.0,968,primary_intermediate
8.0,969,fibroblast_like_stalled
8.0,970,fibroblast_like_stalled
8.0,971,primary_intermediate
8.0,972,primary_intermediate
8.0,973,primary_intermediate
8.0,974,fibroblast_like_stalled
8.0,975,primary_intermediate
8.0,976,primary_intermediate
8.0,977,primary_intermediate
8.0,978,primary_intermediate
8.0,979,partially_reprogrammed
8.0,980,primary_intermediate
8.0,981,primary_intermediate
8.0,982,fibroblast_like_stalled
8.0,983,primary_intermediate
8.0,984,primary_intermediate
8.0,985,primary_intermediate
8.0,986,fibroblast_like_stalled
8.0,987,partial_intermediate
8.0,988,partial_intermediate
8.0,989,fibroblast_like_stalled
8.0,990,primary_intermediate
8.0,991,fibroblast_like_stalled
8.0,992,primary_intermediate
8.0,993,partial_intermediate
8.0,994,fibroblast_like_stalled
8.0,995,primary_intermediate
8.0,996,primary_intermediate
8.0,997,primary_intermediate
8.0,998,fibroblast_like_stalled
8.0,999,primary_intermediate
8.0,1000,primary_intermediate
8.0,1001,primary_intermediate
8.0,1002,primary_intermediate
8.0,1003,primary_intermediate
8.0,1004,primary_intermediate
8.0,1005,primary_intermediate
8.0,1006,primary_intermediate
8.0,1007,fibroblast_like_stalled
8.0,1008,fibroblast_like_stalled
8.0,1009,fibroblast_like_stalled
8.0,1010,primary_intermediate
8.0,1011,fibroblast_like_stalled
8.0,1012,primary_intermediate
8.0,1013,primary_intermediate
8.0,1014,fibroblast_like_stalled
8.0,1015,primary_intermediate
8.0,1016,keratinocyte_like
8.0,1017,fibroblast_like_stalled
8.0,1018,primary_intermediate
8.0,1019,partially_reprogrammed
8.0,1020,partially_reprogrammed
8.0,1021,fibroblast_like_stalled
8.0,1022,primary_intermediate
8.0,1023,primary_intermediate
8.0,1024,fibroblast_like_stalled
8.0,1025,primary_intermediate
8.0,1026,partial_intermediate
8.0,1027,primary_intermediate
8.0,1028,primary_intermediate
8.0,1029,primary_intermediate
8.0,1030,partial_intermediate
8.0,1031,primary_intermediate
8.0,1032,fibroblast_like_stalled
8.0,1033,fibroblast_like_stalled
8.0,1034,primary_intermediate
8.0,1035,primary_intermediate
8.0,1036,primary_intermediate
8.0,1037,fibroblast_like_stalled
8.0,1038,primary_intermediate
8.0,1039,primary_intermediate
8.0,1040,fibroblast_like_stalled
8.0,1041,partially_reprogrammed
8.0,1042,primary_intermediate
8.0,1043,fibroblast_like_stalled
8.0,1044,primary_intermediate
8.0,1045,primary_intermediate
8.0,1046,partial_intermediate
8.0,1047,primary_intermediate
8.0,1048,fibroblast_like_stalled
8.0,1049,primary_intermediate
8.0,1050,primary_intermediate
8.0,1051,primary_intermediate
8.0,1052,partially_reprogrammed
8.0,1053,partial_intermediate
8.0,1054,primary_intermediate
8.0,1055,partial_intermediate
8.0,1056,primary_intermediate
8.0,1057,primary_intermediate
8.0,1058,primary_intermediate
8.0,1059,primary_intermediate
8.0,1060,primary_intermediate
8.0,1061,primary_intermediate
8.0,1062,fibroblast_like_stalled
8.0,1063,primary_intermediate
8.0,1064,primary_intermediate
8.0,1065,primary_intermediate
8.0,1066,fibroblast_like_stalled
8.0,1067,primary_intermediate
8.0,1068,fibroblast_like_stalled
8.0,1069,primary_intermediate
8.0,1070,primary_intermediate
8.0,1071,fibroblast_like_stalled
8.0,1072,primary_intermediate
8.0,1073,partial_intermediate
8.0,1074,fibroblast_like_stalled
8.0,1075,partial_intermediate
8.0,1076,primary_intermediate
8.0,1077,primary_intermediate
8.0,1078,partial_intermediate
8.0,1079,primary_intermediate
8.0,1080,fibroblast_like_stalled
8.0,1081,partially_reprogrammed
8.0,1082,primary_intermediate
8.0,1083,primary_intermediate
8.0,1084,fibroblast_like_stalled
8.0,1085,primary_intermediate
8.0,1086,fibroblast_like_stalled
8.0,1087,primary_intermediate
8.0,1088,primary_intermediate
8.0,1089,primary_intermediate
8.0,1090,fibroblast_like_stalled
8.0,1091,partial_intermediate
8.0,1092,primary_intermediate
8.0,1093,fibroblast_like_stalled
8.0,1094,partial_intermediate
8.0,1095,primary_intermediate
8.0,1096,primary_intermediate
8.0,1097,primary_intermediate
8.0,1098,primary_intermediate
8.0,1099,primary_intermediate
8.0,1100,primary_intermediate
8.0,1101,primary_intermediate
8.0,1102,primary_intermediate
8.0,1103,primary_intermediate
8.0,1104,primary_intermediate
8.0,1105,primary_intermediate
8.0,1106,primary_intermediate
8.0,1107,fibroblast_like_stalled
8.0,1108,primary_intermediate
8.0,1109,primary_intermediate
8.0,1110,primary_intermediate
8.0,1111,primary_intermediate
8.0,1112,primary_intermediate
8.0,1113,primary_intermediate
8.0,1114,partially_reprogrammed
8.0,1115,primary_intermediate
8.0,1116,primary_intermediate
8.0,1117,primary_intermediate
8.0,1118,primary_intermediate
8.0,1119,primary_intermediate
8.0,1120,primary_intermediate
8.0,1121,primary_intermediate
8.0,1122,primary_intermediate
8.0,1123,fibroblast_like_stalled
8.0,1124,primary_intermediate
8.0,1125,primary_intermediate
8.0,1126,primary_intermediate
8.0,1127,fibroblast_like_stalled
8.0,1128,primary_intermediate
8.0,1129,primary_intermediate
8.0,1130,partially_reprogrammed
8.0,1131,fibroblast_like_stalled
8.0,1132,fibroblast_like_stalled
8.0,1133,primary_intermediate
8.0,1134,fibroblast_like_stalled
8.0,1135,primary_intermediate
8.0,1136,primary_intermediate
8.0,1137,fibroblast_like_stalled
8.0,1138,fibroblast_like_stalled
8.0,1139,fibroblast_like_stalled
8.0,1140,partially_reprogrammed
8.0,1141,fibroblast_like_stalled
8.0,1142,partial_intermediate
8.0,1143,primary_intermediate
8.0,1144,primary_intermediate
8.0,1145,fibroblast_like_stalled
8.0,1146,partially_reprogrammed
8.0,1147,primary_intermediate
8.0,1148,primary_intermediate
8.0,1149,fibroblast_like_stalled
8.0,1150,fibroblast_like_stalled
8.0,1151,fibroblast_like_stalled
8.0,1152,primary_intermediate
8.0,1153,primary_intermediate
8.0,1154,partially_reprogrammed
8.0,1155,primary_intermediate
8.0,1156,primary_intermediate
8.0,1157,primary_intermediate
8.0,1158,fibroblast_like_stalled
8.0,1159,partial_intermediate
8.0,1160,primary_intermediate
8.0,1161,primary_intermediate
8.0,1162,primary_intermediate
8.0,1163,primary_intermediate
8.0,1164,partial_intermediate
8.0,1165,partial_intermediate
8.0,1166,partially_reprogrammed
8.0,1167,fibroblast_like_stalled
8.0,1168,primary_intermediate
8.0,1169,fibroblast_like_stalled
8.0,1170,primary_intermediate
8.0,1171,primary_intermediate
8.0,1172,primary_intermediate
8.0,1173,primary_intermediate
8.0,1174,partial_intermediate
8.0,1175,primary_intermediate
8.0,1176,fibroblast_like_stalled
8.0,1177,fibroblast_like_stalled
8.0,1178,primary_intermediate
8.0,1179,fibroblast_like_stalled
8.0,1180,primary_intermediate
8.0,1181,primary_intermediate
8.0,1182,partially_reprogrammed
8.0,1183,fibroblast_like_stalled
8.0,1184,primary_intermediate
8.0,1185,fibroblast_like_stalled
8.0,1186,primary_intermediate
8.0,1187,fibroblast_like_stalled
8.0,1188,primary_intermediate
8.0,1189,partial_intermediate
8.0,1190,primary_intermediate
8.0,1191,partial_intermediate
8.0,1192,primary_intermediate
8.0,1193,primary_intermediate
8.0,1194,primary_intermediate
8.0,1195,primary_intermediate
8.0,1196,primary_intermediate
8.0,1197,primary_intermediate
8.0,1198,partially_reprogrammed
8.0,1199,primary_intermediate
8.0,1200,primary_intermediate
8.0,1201,fibroblast_like_stalled
8.0,1202,primary_intermediate
8.0,1203,fibroblast_like_stalled
8.0,1204,primary_intermediate
8.0,1205,keratinocyte_like
8.0,1206,partial_intermediate
8.0,1207,fibroblast_like_stalled
8.0,1208,partial_intermediate
8.0,1209,partial_intermediate
8.0,1210,primary_intermediate
8.0,1211,primary_intermediate
8.0,1212,primary_intermediate
8.0,1213,primary_intermediate
8.0,1214,fibroblast_like_stalled
8.0,1215,fibroblast_like_stalled
8.0,1216,primary_intermediate
8.0,1217,primary_intermediate
8.0,1218,primary_intermediate
8.0,1219,primary_intermediate
8.0,1220,primary_intermediate
8.0,1221,primary_intermediate
8.0,1222,fibroblast_like_stalled
8.0,1223,primary_intermediate
8.0,1224,primary_intermediate
8.0,1225,partially_reprogrammed
8.0,1226,primary_intermediate
8.0,1227,primary_intermediate
8.0,1228,fibroblast_like_stalled
8.0,1229,partially_reprogrammed
8.0,1230,fibroblast_like_stalled
8.0,1231,primary_intermediate
8.0,1232,primary_intermediate
8.0,1233,primary_intermediate
8.0,1234,primary_intermediate
8.0,1235,primary_intermediate
8.0,1236,primary_intermediate
8.0,1237,primary_intermediate
8.0,1238,fibroblast_like_stalled
8.0,1239,fibroblast_like_stalled
8.0,1240,fibroblast_like_stalled
8.0,1241,partial_intermediate
8.0,1242,primary_intermediate
8.0,1243,fibroblast_like_stalled
8.0,1244,primary_intermediate
8.0,1245,primary_intermediate
8.0,1246,primary_intermediate
8.0,1247,primary_intermediate
8.0,1248,fibroblast_like_stalled
8.0,1249,primary_intermediate
8.0,1250,primary_intermediate
8.0,1251,primary_intermediate
8.0,1252,primary_intermediate
8.0,1253,fibroblast_like_stalled
8.0,1254,primary_intermediate
8.0,1255,primary_intermediate
8.0,1256,primary_intermediate
8.0,1257,primary_intermediate
8.0,1258,fibroblast_like_stalled
8.0,1259,primary_intermediate
8.0,1260,primary_intermediate
8.0,1261,primary_intermediate
8.0,1262,fibroblast_like_stalled
8.0,1263,fibroblast_like_stalled
8.0,1264,primary_intermediate
8.0,1265,partial_intermediate
8.0,1266,primary_intermediate
8.0,1267,fibroblast_like_stalled
8.0,1268,primary_intermediate
8.0,1269,primary_intermediate
8.0,1270,fibroblast_like_stalled
8.0,1271,partial_intermediate
8.0,1272,primary_intermediate
8.0,1273,partial_intermediate
8.0,1274,primary_intermediate
8.0,1275,fibroblast_like_stalled
8.0,1276,fibroblast_like_stalled
8.0,1277,primary_intermediate
8.0,1278,primary_intermediate
8.0,1279,primary_intermediate
8.0,1280,fibroblast_like_stalled
8.0,1281,primary_intermediate
8.0,1282,primary_intermediate
8.0,1283,primary_intermediate
8.0,1284,primary_intermediate
8.0,1285,primary_intermediate
8.0,1286,partial_intermediate
8.0,1287,fibroblast_like_stalled
8.0,1288,primary_intermediate
8.0,1289,primary_intermediate
8.0,1290,primary_intermediate
8.0,1291,primary_intermediate
8.0,1292,primary_intermediate
8.0,1293,fibroblast_like_stalled
8.0,1294,partially_reprogrammed
8.0,1295,primary_intermediate
8.0,1296,fibroblast_like_stalled
8.0,1297,primary_intermediate
8.0,1298,primary_intermediate
8.0,1299,partial_intermediate
8.0,1300,primary_intermediate
8.0,1301,fibroblast_like_stalled
8.0,1302,partial_intermediate
8.0,1303,partial_intermediate
8.0,1304,fibroblast_like_stalled
8.0,1305,primary_intermediate
8.0,1306,primary_intermediate
8.0,1307,fibroblast_like_stalled
8.0,1308,fibroblast_like_stalled
8.0,1309,fibroblast_like_stalled
8.0,1310,primary_intermediate
8.0,1311,primary_intermediate
8.0,1312,primary_intermediate
8.0,1313,primary_intermediate
8.0,1314,primary_intermediate
8.0,1315,fibroblast_like_stalled
8.0,1316,primary_intermediate
8.0,1317,partially_reprogrammed
8.0,1318,primary_intermediate
8.0,1319,fibroblast_like_stalled
8.0,1320,primary_intermediate
8.0,1321,primary_intermediate
8.0,1322,primary_intermediate
8.0,1323,primary_intermediate
8.0,1324,primary_intermediate
8.0,1325,primary_intermediate
8.0,1326,fibroblast_like_stalled
8.0,1327,primary_intermediate
8.0,1328,primary_intermediate
8.0,1329,fibroblast_like_stalled
8.0,1330,fibroblast_like_stalled
8.0,1331,fibroblast_like_stalled
8.0,1332,primary_intermediate
8.0,1333,fibroblast_like_stalled
8.0,1334,partially_reprogrammed
8.0,1335,primary_intermediate
8.0,1336,partially_reprogrammed
8.0,1337,primary_intermediate
8.0,1338,fibroblast_like_stalled
8.0,1339,fibroblast_like_stalled
8.0,1340,primary_intermediate
8.0,1341,primary_intermediate
8.0,1342,primary_intermediate
8.0,1343,primary_intermediate
8.0,1344,primary_intermediate
8.0,1345,primary_intermediate
8.0,1346,primary_intermediate
8.0,1347,primary_intermediate
8.0,1348,fibroblast_like_stalled
8.0,1349,primary_intermediate
8.0,1350,primary_intermediate
8.0,1351,partial_intermediate
8.0,1352,partially_reprogrammed
8.0,1353,fibroblast_like_stalled
8.0,1354,partially_reprogrammed
8.0,1355,fibroblast_like_stalled
8.0,1356,primary_intermediate
8.0,1357,primary_intermediate
8.0,1358,primary_intermediate
8.0,1359,primary_intermediate
8.0,1360,primary_intermediate
8.0,1361,primary_intermediate
8.0,1362,primary_intermediate
8.0,1363,primary_intermediate
8.0,1364,fibroblast_like_stalled
8.0,1365,primary_intermediate
8.0,1366,primary_intermediate
8.0,1367,fibroblast_like_stalled
8.0,1368,keratinocyte_like
8.0,1369,primary_intermediate
8.0,1370,primary_intermediate
8.0,1371,primary_intermediate
8.0,1372,primary_intermediate
8.0,1373,primary_intermediate
8.0,1374,partial_intermediate
8.0,1375,primary_intermediate
8.0,1376,fibroblast_like_stalled
8.0,1377,primary_intermediate
8.0,1378,fibroblast_like_stalled
8.0,1379,fibroblast_like_stalled
8.0,1380,primary_intermediate
8.0,1381,fibroblast_like_stalled
8.0,1382,primary_intermediate
8.0,1383,primary_intermediate
8.0,1384,partial_intermediate
8.0,1385,primary_intermediate
8.0,1386,primary_intermediate
8.0,1387,fibroblast_like_stalled
8.0,1388,primary_intermediate
8.0,1389,primary_intermediate
8.0,1390,primary_intermediate
8.0,1391,fibroblast_like_stalled
8.0,1392,primary_intermediate
8.0,1393,primary_intermediate
8.0,1394,primary_intermediate
8.0,1395,primary_intermediate
8.0,1396,partial_intermediate
8.0,1397,primary_intermediate
8.0,1398,fibroblast_like_stalled
8.0,1399,fibroblast_like_stalled
8.0,1400,fibroblast_like_stalled
8.0,1401,primary_intermediate
8.0,1402,primary_intermediate
8.0,1403,fibroblast_like_stalled
8.0,1404,primary_intermediate
8.0,1405,fibroblast_like_stalled
8.0,1406,partial_intermediate
8.0,1407,primary_intermediate
8.0,1408,primary_intermediate
8.0,1409,primary_intermediate
8.0,1410,fibroblast_like_stalled
8.0,1411,primary_intermediate
8.0,1412,primary_intermediate
8.0,1413,partial_intermediate
8.0,1414,primary_intermediate
8.0,1415,primary_intermediate
8.0,1416,primary_intermediate
8.0,1417,primary_intermediate
8.0,1418,fibroblast_like_stalled
8.0,1419,fibroblast_like_stalled
8.0,1420,primary_intermediate
8.0,1421,primary_intermediate
8.0,1422,primary_intermediate
8.0,1423,fibroblast_like_stalled
8.0,1424,primary_intermediate
8.0,1425,partially_reprogrammed
8.0,1426,primary_intermediate
8.0,1427,primary_intermediate
8.0,1428,primary_intermediate
8.0,1429,primary_intermediate
8.0,1430,primary_intermediate
8.0,1431,fibroblast_like_stalled
8.0,1432,primary_intermediate
8.0,1433,primary_intermediate
8.0,1434,partially_reprogrammed
8.0,1435,partially_reprogrammed
8.0,1436,fibroblast_like_stalled
8.0,1437,primary_intermediate
8.0,1438,partial_intermediate
8.0,1439,partial_intermediate
8.0,1440,fibroblast_like_stalled
8.0,1441,fibroblast_like_stalled
8.0,1442,primary_intermediate
8.0,1443,partially_reprogrammed
8.0,1444,primary_intermediate
8.0,1445,primary_intermediate
8.0,1446,primary_intermediate
8.0,1447,fibroblast_like_stalled
8.0,1448,fibroblast_like_stalled
8.0,1449,partial_intermediate
8.0,1450,fibroblast_like_stalled
8.0,1451,primary_intermediate
8.0,1452,primary_intermediate
8.0,1453,primary_intermediate
8.0,1454,partial_intermediate
8.0,1455,primary_intermediate
8.0,1456,primary_intermediate
8.0,1457,primary_intermediate
8.0,1458,partially_reprogrammed
8.0,1459,primary_intermediate
8.0,1460,primary_intermediate
8.0,1461,primary_intermediate
8.0,1462,primary_intermediate
8.0,1463,partial_intermediate
8.0,1464,partial_intermediate
8.0,1465,fibroblast_like_stalled
8.0,1466,primary_intermediate
8.0,1467,primary_intermediate
8.0,1468,primary_intermediate
8.0,1469,fibroblast_like_stalled
8.0,1470,primary_intermediate
8.0,1471,primary_intermediate
8.0,1472,primary_intermediate
8.0,1473,primary_intermediate
8.0,1474,primary_intermediate
8.0,1475,fibroblast_like_stalled
8.0,1476,primary_intermediate
8.0,1477,primary_intermediate
8.0,1478,partial_intermediate
8.0,1479,primary_intermediate
8.0,1480,fibroblast_like_stalled
8.0,1481,primary_intermediate
8.0,1482,primary_intermediate
8.0,1483,primary_intermediate
8.0,1484,primary_intermediate
8.0,1485,partial_intermediate
8.0,1486,keratinocyte_like
8.0,1487,primary_intermediate
8.0,1488,primary_intermediate
8.0,1489,primary_intermediate
8.0,1490,primary_intermediate
8.0,1491,primary_intermediate
8.0,1492,primary_intermediate
8.0,1493,primary_intermediate
8.0,1494,primary_intermediate
8.0,1495,primary_intermediate
8.0,1496,partially_reprogrammed
8.0,1497,partially_reprogrammed
8.0,1498,primary_intermediate
8.0,1499,primary_intermediate
8.0,1500,partially_reprogrammed
8.0,1501,primary_intermediate
8.0,1502,primary_intermediate
8.0,1503,partial_intermediate
8.0,1504,primary_intermediate
8.0,1505,primary_intermediate
8.0,1506,fibroblast_like_stalled
8.0,1507,partial_intermediate
8.0,1508,fibroblast_like_stalled
8.0,1509,primary_intermediate
8.0,1510,partially_reprogrammed
8.0,1511,fibroblast_like_stalled
8.0,1512,primary_intermediate
8.0,1513,primary_intermediate
8.0,1514,fibroblast_like_stalled
8.0,1515,primary_intermediate
8.0,1516,partial_intermediate
8.0,1517,primary_intermediate
8.0,1518,primary_intermediate
8.0,1519,primary_intermediate
8.0,1520,primary_intermediate
8.0,1521,primary_intermediate
8.0,1522,fibroblast_like_stalled
8.0,1523,fibroblast_like_stalled
8.0,1524,partial_intermediate
8.0,1525,fibroblast_like_stalled
8.0,1526,primary_intermediate
8.0,1527,primary_intermediate
8.0,1528,fibroblast_like_stalled
8.0,1529,primary_intermediate
8.0,1530,partial_intermediate
8.0,1531,fibroblast_like_stalled
8.0,1532,primary_intermediate
8.0,1533,primary_intermediate
8.0,1534,primary_intermediate
8.0,1535,fibroblast_like_stalled
8.0,1536,fibroblast_like_stalled
8.0,1537,primary_intermediate
8.0,1538,fibroblast_like_stalled
8.0,1539,primary_intermediate
8.0,1540,primary_intermediate
8.0,1541,partially_reprogrammed
8.0,1542,primary_intermediate
8.0,1543,fibroblast_like_stalled
8.0,1544,primary_intermediate
8.0,1545,primary_intermediate
8.0,1546,primary_intermediate
8.0,1547,primary_intermediate
8.0,1548,primary_intermediate
8.0,1549,primary_intermediate
8.0,1550,primary_intermediate
8.0,1551,primary_intermediate
8.0,1552,fibroblast_like_stalled
8.0,1553,fibroblast_like_stalled
8.0,1554,primary_intermediate
8.0,1555,primary_intermediate
8.0,1556,primary_intermediate
8.0,1557,fibroblast_like_stalled
8.0,1558,partially_reprogrammed
8.0,1559,fibroblast_like_stalled
8.0,1560,partially_reprogrammed
8.0,1561,fibroblast_like_stalled
8.0,1562,partial_intermediate
8.0,1563,partial_intermediate
8.0,1564,partial_intermediate
8.0,1565,primary_intermediate
8.0,1566,fibroblast_like_stalled
8.0,1567,primary_intermediate
8.0,1568,primary_intermediate
8.0,1569,primary_intermediate
8.0,1570,primary_intermediate
8.0,1571,partially_reprogrammed
8.0,1572,primary_intermediate
8.0,1573,fibroblast_like_stalled
8.0,1574,primary_intermediate
8.0,1575,primary_intermediate
8.0,1576,primary_intermediate
8.0,1577,fibroblast_like_stalled
8.0,1578,partially_reprogrammed
8.0,1579,fibroblast_like_stalled
8.0,1580,primary_intermediate
8.0,1581,primary_intermediate
8.0,1582,fibroblast_like_stalled
8.0,1583,primary_intermediate
8.0,1584,primary_intermediate
8.0,1585,fibroblast_like_stalled
8.0,1586,primary_intermediate
8.0,1587,primary_intermediate
8.0,1588,primary_intermediate
8.0,1589,primary_intermediate
8.0,1590,primary_intermediate
8.0,1591,primary_intermediate
8.0,1592,primary_intermediate
8.0,1593,fibroblast_like_stalled
8.0,1594,primary_intermediate
8.0,1595,fibroblast_like_stalled
8.0,1596,fibroblast_like_stalled
8.0,1597,primary_intermediate
8.0,1598,fibroblast_like_stalled
8.0,1599,primary_intermediate
8.0,1600,primary_intermediate
8.0,1601,primary_intermediate
8.0,1602,primary_intermediate
8.0,1603,primary_intermediate
8.0,1604,fibroblast_like_stalled
8.0,1605,primary_intermediate
8.0,1606,primary_intermediate
8.0,1607,fibroblast_like_stalled
8.0,1608,primary_intermediate
8.0,1609,primary_intermediate
8.0,1610,partial_intermediate
8.0,1611,partial_intermediate
8.0,1612,fibroblast_like_stalled
8.0,1613,primary_intermediate
8.0,1614,primary_intermediate
8.0,1615,primary_intermediate
8.0,1616,primary_intermediate
8.0,1617,primary_intermediate
8.0,1618,primary_intermediate
8.0,1619,fibroblast_like_stalled
8.0,1620,primary_intermediate
8.0,1621,fibroblast_like_stalled
8.0,1622,primary_intermediate
8.0,1623,primary_intermediate
8.0,1624,primary_intermediate
8.0,1625,primary_intermediate
8.0,1626,primary_intermediate
8.0,1627,fibroblast_like_stalled
8.0,1628,fibroblast_like_stalled
8.0,1629,primary_intermediate
8.0,1630,primary_intermediate
8.0,1631,partial_intermediate
8.0,1632,primary_intermediate
8.0,1633,primary_intermediate
8.0,1634,fibroblast_like_stalled
8.0,1635,fibroblast_like_stalled
8.0,1636,partial_intermediate
8.0,1637,partial_intermediate
8.0,1638,primary_intermediate
8.0,1639,fibroblast_like_stalled
8.0,1640,fibroblast_like_stalled
8.0,1641,primary_intermediate
8.0,1642,fibroblast_like_stalled
8.0,1643,fibroblast_like_stalled
8.0,1644,primary_intermediate
8.0,1645,primary_intermediate
8.0,1646,primary_intermediate
8.0,1647,primary_intermediate
8.0,1648,partial_intermediate
8.0,1649,primary_intermediate
8.0,1650,partially_reprogrammed
8.0,1651,fibroblast_like_stalled
8.0,1652,primary_intermediate
8.0,1653,primary_intermediate
8.0,1654,primary_intermediate
8.0,1655,primary_intermediate
8.0,1656,fibroblast_like_stalled
8.0,1657,partial_intermediate
8.0,1658,primary_intermediate
8.0,1659,primary_intermediate
8.0,1660,primary_intermediate
8.0,1661,fibroblast_like_stalled
8.0,1662,primary_intermediate
8.0,1663,primary_intermediate
8.0,1664,primary_intermediate
8.0,1665,fibroblast_like_stalled
8.0,1666,fibroblast_like_stalled
8.0,1667,primary_intermediate
8.0,1668,fibroblast_like_stalled
8.0,1669,primary_intermediate
8.0,1670,fibroblast_like_stalled
8.0,1671,fibroblast_like_stalled
8.0,1672,fibroblast_like_stalled
8.0,1673,primary_intermediate
8.0,1674,keratinocyte_like
8.0,1675,primary_intermediate
8.0,1676,fibroblast_like_stalled
8.0,1677,partial_intermediate
8.0,1678,primary_intermediate
8.0,1679,primary_intermediate
8.0,1680,fibroblast_like_stalled
8.0,1681,primary_intermediate
8.0,1682,primary_intermediate
8.0,1683,primary_intermediate
8.0,1684,primary_intermediate
8.0,1685,partially_reprogrammed
8.0,1686,partially_reprogrammed
8.0,1687,partially_reprogrammed
8.0,1688,primary_intermediate
8.0,1689,primary_intermediate
8.0,1690,primary_intermediate
8.0,1691,fibroblast_like_stalled
8.0,1692,primary_intermediate
8.0,1693,fibroblast_like_stalled
8.0,1694,fibroblast_like_stalled
8.0,1695,primary_intermediate
8.0,1696,fibroblast_like_stalled
8.0,1697,primary_intermediate
8.0,1698,primary_intermediate
8.0,1699,xOSK
8.0,1700,fibroblast_like_stalled
8.0,1701,fibroblast_like_stalled
8.0,1702,fibroblast_like_stalled
8.0,1703,primary_intermediate
8.0,1704,primary_intermediate
8.0,1705,partially_reprogrammed
8.0,1706,primary_intermediate
8.0,1707,primary_intermediate
8.0,1708,primary_intermediate
8.0,1709,primary_intermediate
8.0,1710,fibroblast_like_stalled
8.0,1711,fibroblast_like_stalled
8.0,1712,primary_intermediate
8.0,1713,primary_intermediate
8.0,1714,primary_intermediate
8.0,1715,fibroblast_like_stalled
8.0,1716,partial_intermediate
8.0,1717,fibroblast_like_stalled
8.0,1718,fibroblast_like_stalled
8.0,1719,primary_intermediate
8.0,1720,primary_intermediate
8.0,1721,fibroblast_like_stalled
8.0,1722,primary_intermediate
8.0,1723,partially_reprogrammed
8.0,1724,fibroblast_like_stalled
8.0,1725,primary_intermediate
8.0,1726,partially_reprogrammed
8.0,1727,primary_intermediate
8.0,1728,primary_intermediate
8.0,1729,primary_intermediate
8.0,1730,primary_intermediate
8.0,1731,primary_intermediate
8.0,1732,primary_intermediate
8.0,1733,fibroblast_like_stalled
8.0,1734,fibroblast_like_stalled
8.0,1735,primary_intermediate
8.0,1736,fibroblast_like_stalled
8.0,1737,fibroblast_like_stalled
8.0,1738,primary_intermediate
8.0,1739,primary_intermediate
8.0,1740,fibroblast_like_stalled
8.0,1741,fibroblast_like_stalled
8.0,1742,partially_reprogrammed
8.0,1743,partial_intermediate
8.0,1744,primary_intermediate
8.0,1745,primary_intermediate
8.0,1746,fibroblast_like_stalled
8.0,1747,partial_intermediate
8.0,1748,fibroblast_like_stalled
8.0,1749,primary_intermediate
8.0,1750,primary_intermediate
8.0,1751,partial_intermediate
8.0,1752,partial_intermediate
8.0,1753,primary_intermediate
8.0,1754,primary_intermediate
8.0,1755,primary_intermediate
8.0,1756,fibroblast_like_stalled
8.0,1757,partially_reprogrammed
8.0,1758,partially_reprogrammed
8.0,1759,primary_intermediate
8.0,1760,primary_intermediate
8.0,1761,partially_reprogrammed
8.0,1762,primary_intermediate
8.0,1763,fibroblast_like_stalled
8.0,1764,primary_intermediate
8.0,1765,primary_intermediate
8.0,1766,primary_intermediate
8.0,1767,primary_intermediate
8.0,1768,primary_intermediate
8.0,1769,fibroblast_like_stalled
8.0,1770,primary_intermediate
8.0,1771,primary_intermediate
8.0,1772,primary_intermediate
8.0,1773,primary_intermediate
8.0,1774,fibroblast_like_stalled
8.0,1775,primary_intermediate
8.0,1776,primary_intermediate
8.0,1777,primary_intermediate
8.0,1778,fibroblast_like_stalled
8.0,1779,fibroblast_like_stalled
8.0,1780,primary_intermediate
8.0,1781,fibroblast_like_stalled
8.0,1782,fibroblast_like_stalled
8.0,1783,fibroblast_like_stalled
8.0,1784,fibroblast_like_stalled
8.0,1785,primary_intermediate
8.0,1786,primary_intermediate
8.0,1787,fibroblast_like_stalled
8.0,1788,fibroblast_like_stalled
8.0,1789,primary_intermediate
8.0,1790,fibroblast_like_stalled
8.0,1791,fibroblast_like_stalled
8.0,1792,partial_intermediate
8.0,1793,partial_intermediate
8.0,1794,keratinocyte_like
8.0,1795,fibroblast_like_stalled
8.0,1796,partial_intermediate
8.0,1797,primary_intermediate
8.0,1798,primary_intermediate
8.0,1799,fibroblast_like_stalled
8.0,1800,primary_intermediate
8.0,1801,primary_intermediate
8.0,1802,primary_intermediate
8.0,1803,fibroblast_like_stalled
8.0,1804,fibroblast_like_stalled
8.0,1805,primary_intermediate
8.0,1806,primary_intermediate
8.0,1807,fibroblast_like_stalled
8.0,1808,primary_intermediate
8.0,1809,primary_intermediate
8.0,1810,fibroblast_like_stalled
8.0,1811,fibroblast_like_stalled
8.0,1812,partial_intermediate
8.0,1813,primary_intermediate
8.0,1814,partially_reprogrammed
8.0,1815,primary_intermediate
8.0,1816,partially_reprogrammed
8.0,1817,partially_reprogrammed
8.0,1818,primary_intermediate
8.0,1819,fibroblast_like_stalled
8.0,1820,primary_intermediate
8.0,1821,fibroblast_like_stalled
8.0,1822,primary_intermediate
8.0,1823,primary_intermediate
8.0,1824,primary_intermediate
8.0,1825,primary_intermediate
8.0,1826,fibroblast_like_stalled
8.0,1827,fibroblast_like_stalled
8.0,1828,primary_intermediate
8.0,1829,fibroblast_like_stalled
8.0,1830,partially_reprogrammed
8.0,1831,primary_intermediate
8.0,1832,fibroblast_like_stalled
8.0,1833,primary_intermediate
8.0,1834,primary_intermediate
8.0,1835,fibroblast_like_stalled
8.0,1836,fibroblast_like_stalled
8.0,1837,primary_intermediate
8.0,1838,fibroblast_like_stalled
8.0,1839,fibroblast_like_stalled
8.0,1840,fibroblast_like_stalled
8.0,1841,primary_intermediate
8.0,1842,partial_intermediate
8.0,1843,primary_intermediate
8.0,1844,primary_intermediate
8.0,1845,primary_intermediate
8.0,1846,primary_intermediate
8.0,1847,primary_intermediate
8.0,1848,partial_intermediate
8.0,1849,primary_intermediate
8.0,1850,primary_intermediate
8.0,1851,primary_intermediate
8.0,1852,primary_intermediate
8.0,1853,primary_intermediate
8.0,1854,fibroblast_like_stalled
8.0,1855,fibroblast_like_stalled
8.0,1856,fibroblast_like_stalled
8.0,1857,fibroblast_like_stalled
8.0,1858,partial_intermediate
8.0,1859,fibroblast_like_stalled
8.0,1860,fibroblast_like_stalled
8.0,1861,fibroblast_like_stalled
8.0,1862,fibroblast_like_stalled
8.0,1863,primary_intermediate
8.0,1864,primary_intermediate
8.0,1865,primary_intermediate
8.0,1866,fibroblast_like_stalled
8.0,1867,fibroblast_like_stalled
8.0,1868,partial_intermediate
8.0,1869,primary_intermediate
8.0,1870,primary_intermediate
8.0,1871,primary_intermediate
8.0,1872,primary_intermediate
8.0,1873,primary_intermediate
8.0,1874,fibroblast_like_stalled
8.0,1875,fibroblast_like_stalled
8.0,1876,primary_intermediate
8.0,1877,primary_intermediate
8.0,1878,primary_intermediate
8.0,1879,partially_reprogrammed
8.0,1880,fibroblast_like_stalled
8.0,1881,primary_intermediate
8.0,1882,fibroblast_like_stalled
8.0,1883,fibroblast_like_stalled
8.0,1884,fibroblast_like_stalled
8.0,1885,fibroblast_like_stalled
8.0,1886,fibroblast_like_stalled
8.0,1887,fibroblast_like_stalled
8.0,1888,primary_intermediate
8.0,1889,primary_intermediate
8.0,1890,fibroblast_like_stalled
8.0,1891,primary_intermediate
8.0,1892,primary_intermediate
8.0,1893,partial_intermediate
8.0,1894,fibroblast_like_stalled
8.0,1895,fibroblast_like_stalled
8.0,1896,partially_reprogrammed
8.0,1897,fibroblast_like_stalled
8.0,1898,primary_intermediate
8.0,1899,partial_intermediate
8.0,1900,partial_intermediate
8.0,1901,fibroblast_like_stalled
8.0,1902,fibroblast_like_stalled
8.0,1903,partial_intermediate
8.0,1904,primary_intermediate
8.0,1905,fibroblast_like_stalled
8.0,1906,fibroblast_like_stalled
8.0,1907,primary_intermediate
8.0,1908,fibroblast_like_stalled
8.0,1909,fibroblast_like_stalled
8.0,1910,primary_intermediate
8.0,1911,fibroblast_like_stalled
8.0,1912,partially_reprogrammed
8.0,1913,primary_intermediate
8.0,1914,primary_intermediate
8.0,1915,fibroblast_like_stalled
8.0,1916,primary_intermediate
8.0,1917,fibroblast_like_stalled
8.0,1918,fibroblast_like_stalled
8.0,1919,primary_intermediate
8.0,1920,primary_intermediate
8.0,1921,partial_intermediate
8.0,1922,keratinocyte_like
8.0,1923,partial_intermediate
8.0,1924,primary_intermediate
8.0,1925,primary_intermediate
8.0,1926,primary_intermediate
8.0,1927,primary_intermediate
8.0,1928,primary_intermediate
8.0,1929,primary_intermediate
8.0,1930,fibroblast_like_stalled
8.0,1931,partial_intermediate
8.0,1932,primary_intermediate
8.0,1933,partially_reprogrammed
8.0,1934,primary_intermediate
8.0,1935,primary_intermediate
8.0,1936,primary_intermediate
8.0,1937,primary_intermediate
8.0,1938,fibroblast_like_stalled
8.0,1939,fibroblast_like_stalled
8.0,1940,primary_intermediate
8.0,1941,primary_intermediate
8.0,1942,fibroblast_like_stalled
8.0,1943,primary_intermediate
8.0,1944,primary_intermediate
8.0,1945,primary_intermediate
8.0,1946,primary_intermediate
8.0,1947,primary_intermediate
8.0,1948,fibroblast_like_stalled
8.0,1949,fibroblast_like_stalled
8.0,1950,primary_intermediate
8.0,1951,primary_intermediate
8.0,1952,primary_intermediate
8.0,1953,primary_intermediate
8.0,1954,fibroblast_like_stalled
8.0,1955,partial_intermediate
8.0,1956,fibroblast_like_stalled
8.0,1957,primary_intermediate
8.0,1958,primary_intermediate
8.0,1959,partial_intermediate
8.0,1960,primary_intermediate
8.0,1961,primary_intermediate
8.0,1962,fibroblast_like_stalled
8.0,1963,primary_intermediate
8.0,1964,fibroblast_like_stalled
8.0,1965,fibroblast_like_stalled
8.0,1966,fibroblast_like_stalled
8.0,1967,fibroblast_like_stalled
8.0,1968,partial_intermediate
8.0,1969,primary_intermediate
8.0,1970,fibroblast_like_stalled
8.0,1971,primary_intermediate
8.0,1972,primary_intermediate
8.0,1973,primary_intermediate
8.0,1974,primary_intermediate
8.0,1975,primary_intermediate
8.0,1976,fibroblast_like_stalled
8.0,1977,primary_intermediate
8.0,1978,partially_reprogrammed
8.0,1979,primary_intermediate
8.0,1980,fibroblast_like_stalled
8.0,1981,fibroblast_like_stalled
8.0,1982,fibroblast_like_stalled
8.0,1983,primary_intermediate
8.0,1984,partial_intermediate
8.0,1985,fibroblast_like_stalled
8.0,1986,primary_intermediate
8.0,1987,primary_intermediate
8.0,1988,fibroblast_like_stalled
8.0,1989,fibroblast_like_stalled
8.0,1990,fibroblast_like_stalled
8.0,1991,primary_intermediate
8.0,1992,partial_intermediate
8.0,1993,partially_reprogrammed
8.0,1994,fibroblast_like_stalled
8.0,1995,fibroblast_like_stalled
8.0,1996,primary_intermediate
8.0,1997,primary_intermediate
8.0,1998,primary_intermediate
8.0,1999,primary_intermediate
10.0,0,partially_reprogrammed
10.0,1,partially_reprogrammed
10.0,2,primary_intermediate
10.0,3,primary_intermediate
10.0,4,primary_intermediate
10.0,5,partially_reprogrammed
10.0,6,partially_reprogrammed
10.0,7,primary_intermediate
10.0,8,primary_intermediate
10.0,9,primary_intermediate
10.0,10,partially_reprogrammed
10.0,11,primary_intermediate
10.0,12,partially_reprogrammed
10.0,13,primary_intermediate
10.0,14,partially_reprogrammed
10.0,15,partially_reprogrammed
10.0,16,primary_intermediate
10.0,17,partially_reprogrammed
10.0,18,primary_intermediate
10.0,19,primary_intermediate
10.0,20,primary_intermediate
10.0,21,partially_reprogrammed
10.0,22,primary_intermediate
10.0,23,primary_intermediate
10.0,24,partially_reprogrammed
10.0,25,partially_reprogrammed
10.0,26,partially_reprogrammed
10.0,27,pre_iPSC
10.0,28,partially_reprogrammed
10.0,29,primary_intermediate
10.0,30,primary_intermediate
10.0,31,primary_intermediate
10.0,32,partially_reprogrammed
10.0,33,primary_intermediate
10.0,34,partially_reprogrammed
10.0,35,partially_reprogrammed
10.0,36,primary_intermediate
10.0,37,primary_intermediate
10.0,38,partially_reprogrammed
10.0,39,partially_reprogrammed
10.0,40,fibroblast_like_stalled
10.0,41,partially_reprogrammed
10.0,42,primary_intermediate
10.0,43,primary_intermediate
10.0,44,partially_reprogrammed
10.0,45,partially_reprogrammed
10.0,46,primary_intermediate
10.0,47,primary_intermediate
10.0,48,partially_reprogrammed
10.0,49,pre_iPSC
10.0,50,primary_intermediate
10.0,51,primary_intermediate
10.0,52,partially_reprogrammed
10.0,53,partially_reprogrammed
10.0,54,primary_intermediate
10.0,55,primary_intermediate
10.0,56,partially_reprogrammed
10.0,57,partially_reprogrammed
10.0,58,partially_reprogrammed
10.0,59,primary_intermediate
10.0,60,partially_reprogrammed
10.0,61,partially_reprogrammed
10.0,62,primary_intermediate
10.0,63,partially_reprogrammed
10.0,64,partially_reprogrammed
10.0,65,primary_intermediate
10.0,66,partially_reprogrammed
10.0,67,partially_reprogrammed
10.0,68,partially_reprogrammed
10.0,69,partially_reprogrammed
10.0,70,partially_reprogrammed
10.0,71,partially_reprogrammed
10.0,72,primary_intermediate
10.0,73,partially_reprogrammed
10.0,74,partially_reprogrammed
10.0,75,primary_intermediate
10.0,76,partially_reprogrammed
10.0,77,partially_reprogrammed
10.0,78,partially_reprogrammed
10.0,79,partially_reprogrammed
10.0,80,partially_reprogrammed
10.0,81,partially_reprogrammed
10.0,82,pre_iPSC
10.0,83,primary_intermediate
10.0,84,partially_reprogrammed
10.0,85,primary_intermediate
10.0,86,partially_reprogrammed
10.0,87,partially_reprogrammed
10.0,88,pre_iPSC
10.0,89,partially_reprogrammed
10.0,90,partially_reprogrammed
10.0,91,partially_reprogrammed
10.0,92,partially_reprogrammed
10.0,93,primary_intermediate
10.0,94,partially_reprogrammed
10.0,95,primary_intermediate
10.0,96,primary_intermediate
10.0,97,partially_reprogrammed
10.0,98,partially_reprogrammed
10.0,99,partially_reprogrammed
10.0,100,partially_reprogrammed
10.0,101,primary_intermediate
10.0,102,partially_reprogrammed
10.0,103,pre_iPSC
10.0,104,primary_intermediate
10.0,105,partially_reprogrammed
10.0,106,partially_reprogrammed
10.0,107,primary_intermediate
10.0,108,partially_reprogrammed
10.0,109,partially_reprogrammed
10.0,110,partially_reprogrammed
10.0,111,primary_intermediate
10.0,112,partially_reprogrammed
10.0,113,partially_reprogrammed
10.0,114,partially_reprogrammed
10.0,115,fibroblast_like_stalled
10.0,116,pre_iPSC
10.0,117,primary_intermediate
10.0,118,partially_reprogrammed
10.0,119,partially_reprogrammed
10.0,120,partially_reprogrammed
10.0,121,primary_intermediate
10.0,122,primary_intermediate
10.0,123,fibroblast_like_stalled
10.0,124,partially_reprogrammed
10.0,125,primary_intermediate
10.0,126,primary_intermediate
10.0,127,primary_intermediate
10.0,128,primary_intermediate
10.0,129,primary_intermediate
10.0,130,partially_reprogrammed
10.0,131,partially_reprogrammed
10.0,132,primary_intermediate
10.0,133,partially_reprogrammed
10.0,134,primary_intermediate
10.0,135,partially_reprogrammed
10.0,136,partially_reprogrammed
10.0,137,partially_reprogrammed
10.0,138,partially_reprogrammed
10.0,139,partially_reprogrammed
10.0,140,partially_reprogrammed
10.0,141,partially_reprogrammed
10.0,142,partially_reprogrammed
10.0,143,fibroblast_like_stalled
10.0,144,fibroblast_like_stalled
10.0,145,partially_reprogrammed
10.0,146,partially_reprogrammed
10.0,147,partially_reprogrammed
10.0,148,partially_reprogrammed
10.0,149,primary_intermediate
10.0,150,primary_intermediate
10.0,151,partially_reprogrammed
10.0,152,partially_reprogrammed
10.0,153,partially_reprogrammed
10.0,154,primary_intermediate
10.0,155,partially_reprogrammed
10.0,156,primary_intermediate
10.0,157,partially_reprogrammed
10.0,158,partially_reprogrammed
10.0,159,pre_iPSC
10.0,160,primary_intermediate
10.0,161,partially_reprogrammed
10.0,162,partially_reprogrammed
10.0,163,partially_reprogrammed
10.0,164,partially_reprogrammed
10.0,165,partially_reprogrammed
10.0,166,primary_intermediate
10.0,167,partially_reprogrammed
10.0,168,primary_intermediate
10.0,169,partially_reprogrammed
10.0,170,partially_reprogrammed
10.0,171,partially_reprogrammed
10.0,172,partially_reprogrammed
10.0,173,pre_iPSC
10.0,174,partially_reprogrammed
10.0,175,partially_reprogrammed
10.0,176,partially_reprogrammed
10.0,177,partially_reprogrammed
10.0,178,partially_reprogrammed
10.0,179,fibroblast_like_stalled
10.0,180,partially_reprogrammed
10.0,181,partially_reprogrammed
10.0,182,primary_intermediate
10.0,183,partially_reprogrammed
10.0,184,pre_iPSC
10.0,185,primary_intermediate
10.0,186,primary_intermediate
10.0,187,partially_reprogrammed
10.0,188,partially_reprogrammed
10.0,189,partially_reprogrammed
10.0,190,primary_intermediate
10.0,191,fibroblast_like_stalled
10.0,192,partially_reprogrammed
10.0,193,primary_intermediate
10.0,194,partially_reprogrammed
10.0,195,primary_intermediate
10.0,196,partially_reprogrammed
10.0,197,fibroblast_like_stalled
10.0,198,partially_reprogrammed
10.0,199,partially_reprogrammed
10.0,200,partially_reprogrammed
10.0,201,partially_reprogrammed
10.0,202,partially_reprogrammed
10.0,203,fibroblast_like_stalled
10.0,204,partially_reprogrammed
10.0,205,partially_reprogrammed
10.0,206,partially_reprogrammed
10.0,207,primary_intermediate
10.0,208,partially_reprogrammed
10.0,209,fibroblast_like_stalled
10.0,210,pre_iPSC
10.0,211,primary_intermediate
10.0,212,partially_reprogrammed
10.0,213,partially_reprogrammed
10.0,214,primary_intermediate
10.0,215,partially_reprogrammed
10.0,216,primary_intermediate
10.0,217,primary_intermediate
10.0,218,partially_reprogrammed
10.0,219,fibroblast_like_stalled
10.0,220,partially_reprogrammed
10.0,221,partially_reprogrammed
10.0,222,primary_intermediate
10.0,223,primary_intermediate
10.0,224,fibroblast_like_stalled
10.0,225,partially_reprogrammed
10.0,226,primary_intermediate
10.0,227,partially_reprogrammed
10.0,228,partially_reprogrammed
10.0,229,primary_intermediate
10.0,230,partially_reprogrammed
10.0,231,primary_intermediate
10.0,232,partially_reprogrammed
10.0,233,primary_intermediate
10.0,234,partially_reprogrammed
10.0,235,primary_intermediate
10.0,236,partially_reprogrammed
10.0,237,partially_reprogrammed
10.0,238,pre_iPSC
10.0,239,partially_reprogrammed
10.0,240,partially_reprogrammed
10.0,241,partially_reprogrammed
10.0,242,partially_reprogrammed
10.0,243,primary_intermediate
10.0,244,partially_reprogrammed
10.0,245,partially_reprogrammed
10.0,246,primary_intermediate
10.0,247,partially_reprogrammed
10.0,248,partially_reprogrammed
10.0,249,partially_reprogrammed
10.0,250,partially_reprogrammed
10.0,251,partially_reprogrammed
10.0,252,primary_intermediate
10.0,253,partially_reprogrammed
10.0,254,partially_reprogrammed
10.0,255,partially_reprogrammed
10.0,256,primary_intermediate
10.0,257,primary_intermediate
10.0,258,partially_reprogrammed
10.0,259,partially_reprogrammed
10.0,260,primary_intermediate
10.0,261,partially_reprogrammed
10.0,262,primary_intermediate
10.0,263,primary_intermediate
10.0,264,partially_reprogrammed
10.0,265,partially_reprogrammed
10.0,266,primary_intermediate
10.0,267,primary_intermediate
10.0,268,fibroblast_like_stalled
10.0,269,primary_intermediate
10.0,270,partially_reprogrammed
10.0,271,partially_reprogrammed
10.0,272,partially_reprogrammed
10.0,273,partially_reprogrammed
10.0,274,primary_intermediate
10.0,275,partially_reprogrammed
10.0,276,partially_reprogrammed
10.0,277,primary_intermediate
10.0,278,primary_intermediate
10.0,279,partially_reprogrammed
10.0,280,partially_reprogrammed
10.0,281,partially_reprogrammed
10.0,282,primary_intermediate
10.0,283,partially_reprogrammed
10.0,284,partially_reprogrammed
10.0,285,partially_reprogrammed
10.0,286,fibroblast_like_stalled
10.0,287,partially_reprogrammed
10.0,288,pre_iPSC
10.0,289,primary_intermediate
10.0,290,partially_reprogrammed
10.0,291,primary_intermediate
10.0,292,primary_intermediate
10.0,293,primary_intermediate
10.0,294,primary_intermediate
10.0,295,partially_reprogrammed
10.0,296,partially_reprogrammed
10.0,297,primary_intermediate
10.0,298,partially_reprogrammed
10.0,299,partially_reprogrammed
10.0,300,primary_intermediate
10.0,301,partially_reprogrammed
10.0,302,partially_reprogrammed
10.0,303,primary_intermediate
10.0,304,partially_reprogrammed
10.0,305,partially_reprogrammed
10.0,306,primary_intermediate
10.0,307,partially_reprogrammed
10.0,308,fibroblast_like_stalled
10.0,309,partially_reprogrammed
10.0,310,partially_reprogrammed
10.0,311,partially_reprogrammed
10.0,312,fibroblast_like_stalled
10.0,313,primary_intermediate
10.0,314,partially_reprogrammed
10.0,315,partially_reprogrammed
10.0,316,partially_reprogrammed
10.0,317,partially_reprogrammed
10.0,318,partially_reprogrammed
10.0,319,pre_iPSC
10.0,320,primary_intermediate
10.0,321,partially_reprogrammed
10.0,322,partially_reprogrammed
10.0,323,partially_reprogrammed
10.0,324,partially_reprogrammed
10.0,325,pre_iPSC
10.0,326,primary_intermediate
10.0,327,fibroblast_like_stalled
10.0,328,partially_reprogrammed
10.0,329,partially_reprogrammed
10.0,330,partially_reprogrammed
10.0,331,primary_intermediate
10.0,332,primary_intermediate
10.0,333,primary_intermediate
10.0,334,partially_reprogrammed
10.0,335,partially_reprogrammed
10.0,336,fibroblast_like_stalled
10.0,337,partially_reprogrammed
10.0,338,partially_reprogrammed
10.0,339,partially_reprogrammed
10.0,340,partially_reprogrammed
10.0,341,pre_iPSC
10.0,342,pre_iPSC
10.0,343,partially_reprogrammed
10.0,344,partially_reprogrammed
10.0,345,partially_reprogrammed
10.0,346,partially_reprogrammed
10.0,347,primary_intermediate
10.0,348,pre_iPSC
10.0,349,primary_intermediate
10.0,350,partially_reprogrammed
10.0,351,primary_intermediate
10.0,352,partially_reprogrammed
10.0,353,primary_intermediate
10.0,354,primary_intermediate
10.0,355,partially_reprogrammed
10.0,356,partially_reprogrammed
10.0,357,partially_reprogrammed
10.0,358,primary_intermediate
10.0,359,partially_reprogrammed
10.0,360,partially_reprogrammed
10.0,361,primary_intermediate
10.0,362,primary_intermediate
10.0,363,partially_reprogrammed
10.0,364,partially_reprogrammed
10.0,365,primary_intermediate
10.0,366,partially_reprogrammed
10.0,367,partially_reprogrammed
10.0,368,partially_reprogrammed
10.0,369,primary_intermediate
10.0,370,primary_intermediate
10.0,371,partially_reprogrammed
10.0,372,partially_reprogrammed
10.0,373,partially_reprogrammed
10.0,374,primary_intermediate
10.0,375,primary_intermediate
10.0,376,primary_intermediate
10.0,377,primary_intermediate
10.0,378,primary_intermediate
10.0,379,pre_iPSC
10.0,380,partially_reprogrammed
10.0,381,partially_reprogrammed
10.0,382,partially_reprogrammed
10.0,383,primary_intermediate
10.0,384,partially_reprogrammed
10.0,385,primary_intermediate
10.0,386,partially_reprogrammed
10.0,387,partially_reprogrammed
10.0,388,partially_reprogrammed
10.0,389,partially_reprogrammed
10.0,390,partially_reprogrammed
10.0,391,partially_reprogrammed
10.0,392,partially_reprogrammed
10.0,393,primary_intermediate
10.0,394,partially_reprogrammed
10.0,395,partially_reprogrammed
10.0,396,primary_intermediate
10.0,397,partially_reprogrammed
10.0,398,primary_intermediate
10.0,399,partially_reprogrammed
10.0,400,partially_reprogrammed
10.0,401,partially_reprogrammed
10.0,402,partially_reprogrammed
10.0,403,partially_reprogrammed
10.0,404,partially_reprogrammed
10.0,405,primary_intermediate
10.0,406,partially_reprogrammed
10.0,407,primary_intermediate
10.0,408,partially_reprogrammed
10.0,409,partially_reprogrammed
10.0,410,partially_reprogrammed
10.0,411,partially_reprogrammed
10.0,412,partially_reprogrammed
10.0,413,partially_reprogrammed
10.0,414,primary_intermediate
10.0,415,primary_intermediate
10.0,416,primary_intermediate
10.0,417,partially_reprogrammed
10.0,418,primary_intermediate
10.0,419,primary_intermediate
10.0,420,primary_intermediate
10.0,421,primary_intermediate
10.0,422,partially_reprogrammed
10.0,423,primary_intermediate
10.0,424,partially_reprogrammed
10.0,425,partially_reprogrammed
10.0,426,partially_reprogrammed
10.0,427,partially_reprogrammed
10.0,428,partially_reprogrammed
10.0,429,partially_reprogrammed
10.0,430,partially_reprogrammed
10.0,431,primary_intermediate
10.0,432,partially_reprogrammed
10.0,433,primary_intermediate
10.0,434,partially_reprogrammed
10.0,435,partially_reprogrammed
10.0,436,partially_reprogrammed
10.0,437,primary_intermediate
10.0,438,primary_intermediate
10.0,439,fibroblast_like_stalled
10.0,440,partially_reprogrammed
10.0,441,primary_intermediate
10.0,442,pre_iPSC
10.0,443,partially_reprogrammed
10.0,444,fibroblast_like_stalled
10.0,445,fibroblast_like_stalled
10.0,446,partially_reprogrammed
10.0,447,primary_intermediate
10.0,448,partially_reprogrammed
10.0,449,partially_reprogrammed
10.0,450,primary_intermediate
10.0,451,partially_reprogrammed
10.0,452,partially_reprogrammed
10.0,453,fibroblast_like_stalled
10.0,454,partially_reprogrammed
10.0,455,partially_reprogrammed
10.0,456,primary_intermediate
10.0,457,partially_reprogrammed
10.0,458,primary_intermediate
10.0,459,partially_reprogrammed
10.0,460,partially_reprogrammed
10.0,461,partially_reprogrammed
10.0,462,partially_reprogrammed
10.0,463,primary_intermediate
10.0,464,primary_intermediate
10.0,465,partially_reprogrammed
10.0,466,partially_reprogrammed
10.0,467,partially_reprogrammed
10.0,468,partially_reprogrammed
10.0,469,partially_reprogrammed
10.0,470,primary_intermediate
10.0,471,partially_reprogrammed
10.0,472,partially_reprogrammed
10.0,473,primary_intermediate
10.0,474,partially_reprogrammed
10.0,475,partially_reprogrammed
10.0,476,partially_reprogrammed
10.0,477,pre_iPSC
10.0,478,primary_intermediate
10.0,479,fibroblast_like_stalled
10.0,480,partially_reprogrammed
10.0,481,partially_reprogrammed
10.0,482,partially_reprogrammed
10.0,483,primary_intermediate
10.0,484,primary_intermediate
10.0,485,partially_reprogrammed
10.0,486,partially_reprogrammed
10.0,487,partially_reprogrammed
10.0,488,primary_intermediate
10.0,489,primary_intermediate
10.0,490,partially_reprogrammed
10.0,491,partially_reprogrammed
10.0,492,partially_reprogrammed
10.0,493,partially_reprogrammed
10.0,494,partially_reprogrammed
10.0,495,primary_intermediate
10.0,496,partially_reprogrammed
10.0,497,primary_intermediate
10.0,498,fibroblast_like_stalled
10.0,499,primary_intermediate
10.0,500,partially_reprogrammed
10.0,501,partially_reprogrammed
10.0,502,primary_intermediate
10.0,503,partially_reprogrammed
10.0,504,partially_reprogrammed
10.0,505,partially_reprogrammed
10.0,506,primary_intermediate
10.0,507,partially_reprogrammed
10.0,508,partially_reprogrammed
10.0,509,partially_reprogrammed
10.0,510,primary_intermediate
10.0,511,primary_intermediate
10.0,512,primary_intermediate
10.0,513,partially_reprogrammed
10.0,514,primary_intermediate
10.0,515,partially_reprogrammed
10.0,516,partially_reprogrammed
10.0,517,partially_reprogrammed
10.0,518,partially_reprogrammed
10.0,519,primary_intermediate
10.0,520,partially_reprogrammed
10.0,521,pre_iPSC
10.0,522,partially_reprogrammed
10.0,523,partially_reprogrammed
10.0,524,partially_reprogrammed
10.0,525,partially_reprogrammed
10.0,526,partially_reprogrammed
10.0,527,primary_intermediate
10.0,528,primary_intermediate
10.0,529,partially_reprogrammed
10.0,530,partially_reprogrammed
10.0,531,primary_intermediate
10.0,532,partially_reprogrammed
10.0,533,primary_intermediate
10.0,534,partially_reprogrammed
10.0,535,partially_reprogrammed
10.0,536,primary_intermediate
10.0,537,primary_intermediate
10.0,538,partially_reprogrammed
10.0,539,primary_intermediate
10.0,540,primary_intermediate
10.0,541,partially_reprogrammed
10.0,542,partially_reprogrammed
10.0,543,pre_iPSC
10.0,544,fibroblast_like_stalled
10.0,545,partially_reprogrammed
10.0,546,partially_reprogrammed
10.0,547,partially_reprogrammed
10.0,548,partially_reprogrammed
10.0,549,primary_intermediate
10.0,550,partially_reprogrammed
10.0,551,partially_reprogrammed
10.0,552,primary_intermediate
10.0,553,partially_reprogrammed
10.0,554,partially_reprogrammed
10.0,555,primary_intermediate
10.0,556,primary_intermediate
10.0,557,partially_reprogrammed
10.0,558,partially_reprogrammed
10.0,559,partially_reprogrammed
10.0,560,partially_reprogrammed
10.0,561,primary_intermediate
10.0,562,partially_reprogrammed
10.0,563,partially_reprogrammed
10.0,564,partially_reprogrammed
10.0,565,primary_intermediate
10.0,566,primary_intermediate
10.0,567,partially_reprogrammed
10.0,568,primary_intermediate
10.0,569,partially_reprogrammed
10.0,570,partially_reprogrammed
10.0,571,partially_reprogrammed
10.0,572,partially_reprogrammed
10.0,573,fibroblast_like_stalled
10.0,574,partially_reprogrammed
10.0,575,primary_intermediate
10.0,576,partially_reprogrammed
10.0,577,primary_intermediate
10.0,578,primary_intermediate
10.0,579,primary_intermediate
10.0,580,partially_reprogrammed
10.0,581,partially_reprogrammed
10.0,582,primary_intermediate
10.0,583,partially_reprogrammed
10.0,584,partially_reprogrammed
10.0,585,partially_reprogrammed
10.0,586,partially_reprogrammed
10.0,587,partially_reprogrammed
10.0,588,fibroblast_like_stalled
10.0,589,partially_reprogrammed
10.0,590,partially_reprogrammed
10.0,591,partially_reprogrammed
10.0,592,fibroblast_like_stalled
10.0,593,partially_reprogrammed
10.0,594,primary_intermediate
10.0,595,primary_intermediate
10.0,596,partially_reprogrammed
10.0,597,primary_intermediate
10.0,598,partially_reprogrammed
10.0,599,primary_intermediate
10.0,600,partially_reprogrammed
10.0,601,primary_intermediate
10.0,602,partially_reprogrammed
10.0,603,partially_reprogrammed
10.0,604,partially_reprogrammed
10.0,605,partially_reprogrammed
10.0,606,fibroblast_like_stalled
10.0,607,partially_reprogrammed
10.0,608,primary_intermediate
10.0,609,primary_intermediate
10.0,610,primary_intermediate
10.0,611,primary_intermediate
10.0,612,partially_reprogrammed
10.0,613,primary_intermediate
10.0,614,pre_iPSC
10.0,615,primary_intermediate
10.0,616,partially_reprogrammed
10.0,617,partially_reprogrammed
10.0,618,partially_reprogrammed
10.0,619,partially_reprogrammed
10.0,620,partially_reprogrammed
10.0,621,fibroblast_like_stalled
10.0,622,partially_reprogrammed
10.0,623,partially_reprogrammed
10.0,624,partially_reprogrammed
10.0,625,partially_reprogrammed
10.0,626,partially_reprogrammed
10.0,627,partially_reprogrammed
10.0,628,partially_reprogrammed
10.0,629,partially_reprogrammed
10.0,630,partially_reprogrammed
10.0,631,partially_reprogrammed
10.0,632,partially_reprogrammed
10.0,633,partially_reprogrammed
10.0,634,partially_reprogrammed
10.0,635,partially_reprogrammed
10.0,636,primary_intermediate
10.0,637,primary_intermediate
10.0,638,primary_intermediate
10.0,639,primary_intermediate
10.0,640,primary_intermediate
10.0,641,partially_reprogrammed
10.0,642,partially_reprogrammed
10.0,643,partially_reprogrammed
10.0,644,primary_intermediate
10.0,645,partially_reprogrammed
10.0,646,primary_intermediate
10.0,647,primary_intermediate
10.0,648,pre_iPSC
10.0,649,partially_reprogrammed
10.0,650,pre_iPSC
10.0,651,primary_intermediate
10.0,652,pre_iPSC
10.0,653,pre_iPSC
10.0,654,partially_reprogrammed
10.0,655,partially_reprogrammed
10.0,656,partially_reprogrammed
10.0,657,primary_intermediate
10.0,658,partially_reprogrammed
10.0,659,partially_reprogrammed
10.0,660,partially_reprogrammed
10.0,661,partially_reprogrammed
10.0,662,partially_reprogrammed
10.0,663,primary_intermediate
10.0,664,partially_reprogrammed
10.0,665,fibroblast_like_stalled
10.0,666,partially_reprogrammed
10.0,667,partially_reprogrammed
10.0,668,partially_reprogrammed
10.0,669,partially_reprogrammed
10.0,670,partially_reprogrammed
10.0,671,partially_reprogrammed
10.0,672,primary_intermediate
10.0,673,primary_intermediate
10.0,674,primary_intermediate
10.0,675,primary_intermediate
10.0,676,pre_iPSC
10.0,677,partially_reprogrammed
10.0,678,partially_reprogrammed
10.0,679,partially_reprogrammed
10.0,680,pre_iPSC
10.0,681,partially_reprogrammed
10.0,682,partially_reprogrammed
10.0,683,partially_reprogrammed
10.0,684,primary_intermediate
10.0,685,partially_reprogrammed
10.0,686,partially_reprogrammed
10.0,687,partially_reprogrammed
10.0,688,partially_reprogrammed
10.0,689,pre_iPSC
10.0,690,partially_reprogrammed
10.0,691,partially_reprogrammed
10.0,692,primary_intermediate
10.0,693,partially_reprogrammed
10.0,694,primary_intermediate
10.0,695,primary_intermediate
10.0,696,primary_intermediate
10.0,697,primary_intermediate
10.0,698,pre_iPSC
10.0,699,partially_reprogrammed
10.0,700,partially_reprogrammed
10.0,701,partially_reprogrammed
10.0,702,primary_intermediate
10.0,703,partially_reprogrammed
10.0,704,partially_reprogrammed
10.0,705,partially_reprogrammed
10.0,706,partially_reprogrammed
10.0,707,fibroblast_like_stalled
10.0,708,partially_reprogrammed
10.0,709,partially_reprogrammed
10.0,710,partially_reprogrammed
10.0,711,fibroblast_like_stalled
10.0,712,partially_reprogrammed
10.0,713,partially_reprogrammed
10.0,714,partially_reprogrammed
10.0,715,primary_intermediate
10.0,716,primary_intermediate
10.0,717,partially_reprogrammed
10.0,718,partially_reprogrammed
10.0,719,partially_reprogrammed
10.0,720,primary_intermediate
10.0,721,partially_reprogrammed
10.0,722,partially_reprogrammed
10.0,723,primary_intermediate
10.0,724,primary_intermediate
10.0,725,partially_reprogrammed
10.0,726,partially_reprogrammed
10.0,727,primary_intermediate
10.0,728,primary_intermediate
10.0,729,partially_reprogrammed
10.0,730,partially_reprogrammed
10.0,731,fibroblast_like_stalled
10.0,732,primary_intermediate
10.0,733,partially_reprogrammed
10.0,734,partially_reprogrammed
10.0,735,partially_reprogrammed
10.0,736,partially_reprogrammed
10.0,737,partially_reprogrammed
10.0,738,pre_iPSC
10.0,739,partially_reprogrammed
10.0,740,partially_reprogrammed
10.0,741,partially_reprogrammed
10.0,742,partially_reprogrammed
10.0,743,partially_reprogrammed
10.0,744,partially_reprogrammed
10.0,745,primary_intermediate
10.0,746,primary_intermediate
10.0,747,partially_reprogrammed
10.0,748,fibroblast_like_stalled
10.0,749,partially_reprogrammed
10.0,750,fibroblast_like_stalled
10.0,751,primary_intermediate
10.0,752,fibroblast_like_stalled
10.0,753,partially_reprogrammed
10.0,754,primary_intermediate
10.0,755,primary_intermediate
10.0,756,primary_intermediate
10.0,757,partially_reprogrammed
10.0,758,partially_reprogrammed
10.0,759,primary_intermediate
10.0,760,pre_iPSC
10.0,761,partially_reprogrammed
10.0,762,partially_reprogrammed
10.0,763,primary_intermediate
10.0,764,partially_reprogrammed
10.0,765,partially_reprogrammed
10.0,766,primary_intermediate
10.0,767,primary_intermediate
10.0,768,partially_reprogrammed
10.0,769,partially_reprogrammed
10.0,770,primary_intermediate
10.0,771,pre_iPSC
10.0,772,partially_reprogrammed
10.0,773,partially_reprogrammed
10.0,774,pre_iPSC
10.0,775,partially_reprogrammed
10.0,776,partially_reprogrammed
10.0,777,partially_reprogrammed
10.0,778,partially_reprogrammed
10.0,779,partially_reprogrammed
10.0,780,primary_intermediate
10.0,781,partially_reprogrammed
10.0,782,partially_reprogrammed
10.0,783,partially_reprogrammed
10.0,784,partially_reprogrammed
10.0,785,partially_reprogrammed
10.0,786,partially_reprogrammed
10.0,787,primary_intermediate
10.0,788,pre_iPSC
10.0,789,primary_intermediate
10.0,790,partially_reprogrammed
10.0,791,partially_reprogrammed
10.0,792,partially_reprogrammed
10.0,793,primary_intermediate
10.0,794,partially_reprogrammed
10.0,795,partially_reprogrammed
10.0,796,primary_intermediate
10.0,797,partially_reprogrammed
10.0,798,primary_intermediate
10.0,799,partially_reprogrammed
10.0,800,partially_reprogrammed
10.0,801,partially_reprogrammed
10.0,802,partially_reprogrammed
10.0,803,primary_intermediate
10.0,804,partially_reprogrammed
10.0,805,primary_intermediate
10.0,806,partially_reprogrammed
10.0,807,partially_reprogrammed
10.0,808,primary_intermediate
10.0,809,partially_reprogrammed
10.0,810,partially_reprogrammed
10.0,811,partially_reprogrammed
10.0,812,primary_intermediate
10.0,813,primary_intermediate
10.0,814,partially_reprogrammed
10.0,815,partially_reprogrammed
10.0,816,primary_intermediate
10.0,817,partially_reprogrammed
10.0,818,partially_reprogrammed
10.0,819,primary_intermediate
10.0,820,partially_reprogrammed
10.0,821,partially_reprogrammed
10.0,822,primary_intermediate
10.0,823,partially_reprogrammed
10.0,824,partially_reprogrammed
10.0,825,partially_reprogrammed
10.0,826,partially_reprogrammed
10.0,827,partially_reprogrammed
10.0,828,partially_reprogrammed
10.0,829,primary_intermediate
10.0,830,primary_intermediate
10.0,831,primary_intermediate
10.0,832,partially_reprogrammed
10.0,833,partially_reprogrammed
10.0,834,partially_reprogrammed
10.0,835,primary_intermediate
10.0,836,fibroblast_like_stalled
10.0,837,partially_reprogrammed
10.0,838,primary_intermediate
10.0,839,fibroblast_like_stalled
10.0,840,partially_reprogrammed
10.0,841,primary_intermediate
10.0,842,primary_intermediate
10.0,843,partially_reprogrammed
10.0,844,primary_intermediate
10.0,845,primary_intermediate
10.0,846,partially_reprogrammed
10.0,847,partially_reprogrammed
10.0,848,primary_intermediate
10.0,849,partially_reprogrammed
10.0,850,partially_reprogrammed
10.0,851,primary_intermediate
10.0,852,partially_reprogrammed
10.0,853,partially_reprogrammed
10.0,854,primary_intermediate
10.0,855,partially_reprogrammed
10.0,856,fibroblast_like_stalled
10.0,857,primary_intermediate
10.0,858,primary_intermediate
10.0,859,partially_reprogrammed
10.0,860,partially_reprogrammed
10.0,861,partially_reprogrammed
10.0,862,primary_intermediate
10.0,863,primary_intermediate
10.0,864,partially_reprogrammed
10.0,865,partially_reprogrammed
10.0,866,fibroblast_like_stalled
10.0,867,partially_reprogrammed
10.0,868,partially_reprogrammed
10.0,869,partially_reprogrammed
10.0,870,partially_reprogrammed
10.0,871,partially_reprogrammed
10.0,872,partially_reprogrammed
10.0,873,primary_intermediate
10.0,874,partially_reprogrammed
10.0,875,partially_reprogrammed
10.0,876,pre_iPSC
10.0,877,partially_reprogrammed
10.0,878,primary_intermediate
10.0,879,partially_reprogrammed
10.0,880,partially_reprogrammed
10.0,881,primary_intermediate
10.0,882,partially_reprogrammed
10.0,883,primary_intermediate
10.0,884,primary_intermediate
10.0,885,primary_intermediate
10.0,886,partially_reprogrammed
10.0,887,partially_reprogrammed
10.0,888,partially_reprogrammed
10.0,889,partially_reprogrammed
10.0,890,primary_intermediate
10.0,891,partially_reprogrammed
10.0,892,partially_reprogrammed
10.0,893,primary_intermediate
10.0,894,primary_intermediate
10.0,895,partially_reprogrammed
10.0,896,primary_intermediate
10.0,897,partially_reprogrammed
10.0,898,fibroblast_like_stalled
10.0,899,primary_intermediate
10.0,900,partially_reprogrammed
10.0,901,partially_reprogrammed
10.0,902,fibroblast_like_stalled
10.0,903,partially_reprogrammed
10.0,904,primary_intermediate
10.0,905,primary_intermediate
10.0,906,partially_reprogrammed
10.0,907,pre_iPSC
10.0,908,partially_reprogrammed
10.0,909,partially_reprogrammed
10.0,910,primary_intermediate
10.0,911,partially_reprogrammed
10.0,912,primary_intermediate
10.0,913,primary_intermediate
10.0,914,partially_reprogrammed
10.0,915,partially_reprogrammed
10.0,916,partially_reprogrammed
10.0,917,primary_intermediate
10.0,918,partially_reprogrammed
10.0,919,primary_intermediate
10.0,920,partially_reprogrammed
10.0,921,partially_reprogrammed
10.0,922,primary_intermediate
10.0,923,partially_reprogrammed
10.0,924,partially_reprogrammed
10.0,925,partially_reprogrammed
10.0,926,primary_intermediate
10.0,927,partially_reprogrammed
10.0,928,primary_intermediate
10.0,929,primary_intermediate
10.0,930,partially_reprogrammed
10.0,931,partially_reprogrammed
10.0,932,fibroblast_like_stalled
10.0,933,pre_iPSC
10.0,934,partially_reprogrammed
10.0,935,partially_reprogrammed
10.0,936,partially_reprogrammed
10.0,937,primary_intermediate
10.0,938,partially_reprogrammed
10.0,939,partially_reprogrammed
10.0,940,partially_reprogrammed
10.0,941,primary_intermediate
10.0,942,partially_reprogrammed
10.0,943,primary_intermediate
10.0,944,partially_reprogrammed
10.0,945,partially_reprogrammed
10.0,946,partially_reprogrammed
10.0,947,partially_reprogrammed
10.0,948,primary_intermediate
10.0,949,partially_reprogrammed
10.0,950,primary_intermediate
10.0,951,partially_reprogrammed
10.0,952,partially_reprogrammed
10.0,953,primary_intermediate
10.0,954,partially_reprogrammed
10.0,955,partially_reprogrammed
10.0,956,partially_reprogrammed
10.0,957,primary_intermediate
10.0,958,partially_reprogrammed
10.0,959,primary_intermediate
10.0,960,partially_reprogrammed
10.0,961,partially_reprogrammed
10.0,962,primary_intermediate
10.0,963,partially_reprogrammed
10.0,964,primary_intermediate
10.0,965,partially_reprogrammed
10.0,966,partially_reprogrammed
10.0,967,partially_reprogrammed
10.0,968,partially_reprogrammed
10.0,969,partially_reprogrammed
10.0,970,partially_reprogrammed
10.0,971,partially_reprogrammed
10.0,972,partially_reprogrammed
10.0,973,primary_intermediate
10.0,974,fibroblast_like_stalled
10.0,975,partially_reprogrammed
10.0,976,partially_reprogrammed
10.0,977,partially_reprogrammed
10.0,978,partially_reprogrammed
10.0,979,partially_reprogrammed
10.0,980,partially_reprogrammed
10.0,981,partially_reprogrammed
10.0,982,fibroblast_like_stalled
10.0,983,partially_reprogrammed
10.0,984,primary_intermediate
10.0,985,partially_reprogrammed
10.0,986,partially_reprogrammed
10.0,987,primary_intermediate
10.0,988,primary_intermediate
10.0,989,fibroblast_like_stalled
10.0,990,primary_intermediate
10.0,991,primary_intermediate
10.0,992,partially_reprogrammed
10.0,993,primary_intermediate
10.0,994,partially_reprogrammed
10.0,995,partially_reprogrammed
10.0,996,partially_reprogrammed
10.0,997,primary_intermediate
10.0,998,partially_reprogrammed
10.0,999,primary_intermediate
10.0,1000,partially_reprogrammed
10.0,1001,partially_reprogrammed
10.0,1002,partially_reprogrammed
10.0,1003,partially_reprogrammed
10.0,1004,primary_intermediate
10.0,1005,partially_reprogrammed
10.0,1006,partially_reprogrammed
10.0,1007,primary_intermediate
10.0,1008,primary_intermediate
10.0,1009,primary_intermediate
10.0,1010,partially_reprogrammed
10.0,1011,partially_reprogrammed
10.0,1012,primary_intermediate
10.0,1013,partially_reprogrammed
10.0,1014,primary_intermediate
10.0,1015,partially_reprogrammed
10.0,1016,fibroblast_like_stalled
10.0,1017,partially_reprogrammed
10.0,1018,partially_reprogrammed
10.0,1019,partially_reprogrammed
10.0,1020,partially_reprogrammed
10.0,1021,partially_reprogrammed
10.0,1022,partially_reprogrammed
10.0,1023,partially_reprogrammed
10.0,1024,primary_intermediate
10.0,1025,partially_reprogrammed
10.0,1026,primary_intermediate
10.0,1027,primary_intermediate
10.0,1028,partially_reprogrammed
10.0,1029,partially_reprogrammed
10.0,1030,primary_intermediate
10.0,1031,primary_intermediate
10.0,1032,partially_reprogrammed
10.0,1033,partially_reprogrammed
10.0,1034,partially_reprogrammed
10.0,1035,primary_intermediate
10.0,1036,partially_reprogrammed
10.0,1037,partially_reprogrammed
10.0,1038,partially_reprogrammed
10.0,1039,primary_intermediate
10.0,1040,partially_reprogrammed
10.0,1041,partially_reprogrammed
10.0,1042,partially_reprogrammed
10.0,1043,primary_intermediate
10.0,1044,primary_intermediate
10.0,1045,partially_reprogrammed
10.0,1046,primary_intermediate
10.0,1047,partially_reprogrammed
10.0,1048,partially_reprogrammed
10.0,1049,primary_intermediate
10.0,1050,partially_reprogrammed
10.0,1051,partially_reprogrammed
10.0,1052,partially_reprogrammed
10.0,1053,primary_intermediate
10.0,1054,partially_reprogrammed
10.0,1055,primary_intermediate
10.0,1056,primary_intermediate
10.0,1057,primary_intermediate
10.0,1058,primary_intermediate
10.0,1059,primary_intermediate
10.0,1060,partially_reprogrammed
10.0,1061,partially_reprogrammed
10.0,1062,partially_reprogrammed
10.0,1063,partially_reprogrammed
10.0,1064,primary_intermediate
10.0,1065,primary_intermediate
10.0,1066,partially_reprogrammed
10.0,1067,partially_reprogrammed
10.0,1068,partially_reprogrammed
10.0,1069,partially_reprogrammed
10.0,1070,pre_iPSC
10.0,1071,partially_reprogrammed
10.0,1072,partially_reprogrammed
10.0,1073,primary_intermediate
10.0,1074,partially_reprogrammed
10.0,1075,primary_intermediate
10.0,1076,primary_intermediate
10.0,1077,partially_reprogrammed
10.0,1078,primary_intermediate
10.0,1079,partially_reprogrammed
10.0,1080,partially_reprogrammed
10.0,1081,partially_reprogrammed
10.0,1082,primary_intermediate
10.0,1083,partially_reprogrammed
10.0,1084,primary_intermediate
10.0,1085,primary_intermediate
10.0,1086,primary_intermediate
10.0,1087,partially_reprogrammed
10.0,1088,primary_intermediate
10.0,1089,partially_reprogrammed
10.0,1090,partially_reprogrammed
10.0,1091,primary_intermediate
10.0,1092,primary_intermediate
10.0,1093,partially_reprogrammed
10.0,1094,primary_intermediate
10.0,1095,primary_intermediate
10.0,1096,primary_intermediate
10.0,1097,partially_reprogrammed
10.0,1098,primary_intermediate
10.0,1099,pre_iPSC
10.0,1100,partially_reprogrammed
10.0,1101,partially_reprogrammed
10.0,1102,partially_reprogrammed
10.0,1103,partially_reprogrammed
10.0,1104,primary_intermediate
10.0,1105,partially_reprogrammed
10.0,1106,partially_reprogrammed
10.0,1107,partially_reprogrammed
10.0,1108,partially_reprogrammed
10.0,1109,partially_reprogrammed
10.0,1110,partially_reprogrammed
10.0,1111,partially_reprogrammed
10.0,1112,primary_intermediate
10.0,1113,primary_intermediate
10.0,1114,partially_reprogrammed
10.0,1115,partially_reprogrammed
10.0,1116,partially_reprogrammed
10.0,1117,primary_intermediate
10.0,1118,partially_reprogrammed
10.0,1119,partially_reprogrammed
10.0,1120,partially_reprogrammed
10.0,1121,primary_intermediate
10.0,1122,partially_reprogrammed
10.0,1123,partially_reprogrammed
10.0,1124,primary_intermediate
10.0,1125,primary_intermediate
10.0,1126,partially_reprogrammed
10.0,1127,partially_reprogrammed
10.0,1128,partially_reprogrammed
10.0,1129,primary_intermediate
10.0,1130,partially_reprogrammed
10.0,1131,primary_intermediate
10.0,1132,primary_intermediate
10.0,1133,partially_reprogrammed
10.0,1134,partially_reprogrammed
10.0,1135,partially_reprogrammed
10.0,1136,primary_intermediate
10.0,1137,partially_reprogrammed
10.0,1138,partially_reprogrammed
10.0,1139,partially_reprogrammed
10.0,1140,partially_reprogrammed
10.0,1141,partially_reprogrammed
10.0,1142,primary_intermediate
10.0,1143,primary_intermediate
10.0,1144,partially_reprogrammed
10.0,1145,partially_reprogrammed
10.0,1146,partially_reprogrammed
10.0,1147,partially_reprogrammed
10.0,1148,partially_reprogrammed
10.0,1149,partially_reprogrammed
10.0,1150,partially_reprogrammed
10.0,1151,partially_reprogrammed
10.0,1152,primary_intermediate
10.0,1153,partially_reprogrammed
10.0,1154,partially_reprogrammed
10.0,1155,partially_reprogrammed
10.0,1156,partially_reprogrammed
10.0,1157,partially_reprogrammed
10.0,1158,partially_reprogrammed
10.0,1159,primary_intermediate
10.0,1160,partially_reprogrammed
10.0,1161,partially_reprogrammed
10.0,1162,primary_intermediate
10.0,1163,partially_reprogrammed
10.0,1164,partially_reprogrammed
10.0,1165,primary_intermediate
10.0,1166,partially_reprogrammed
10.0,1167,primary_intermediate
10.0,1168,primary_intermediate
10.0,1169,partially_reprogrammed
10.0,1170,partially_reprogrammed
10.0,1171,primary_intermediate
10.0,1172,primary_intermediate
10.0,1173,partially_reprogrammed
10.0,1174,primary_intermediate
10.0,1175,partially_reprogrammed
10.0,1176,partially_reprogrammed
10.0,1177,primary_intermediate
10.0,1178,primary_intermediate
10.0,1179,partially_reprogrammed
10.0,1180,partially_reprogrammed
10.0,1181,pre_iPSC
10.0,1182,pre_iPSC
10.0,1183,partially_reprogrammed
10.0,1184,primary_intermediate
10.0,1185,partially_reprogrammed
10.0,1186,partially_reprogrammed
10.0,1187,partially_reprogrammed
10.0,1188,primary_intermediate
10.0,1189,primary_intermediate
10.0,1190,pre_iPSC
10.0,1191,primary_intermediate
10.0,1192,partially_reprogrammed
10.0,1193,partially_reprogrammed
10.0,1194,partially_reprogrammed
10.0,1195,partially_reprogrammed
10.0,1196,pre_iPSC
10.0,1197,partially_reprogrammed
10.0,1198,partially_reprogrammed
10.0,1199,partially_reprogrammed
10.0,1200,partially_reprogrammed
10.0,1201,primary_intermediate
10.0,1202,primary_intermediate
10.0,1203,partially_reprogrammed
10.0,1204,partially_reprogrammed
10.0,1205,fibroblast_like_stalled
10.0,1206,partially_reprogrammed
10.0,1207,primary_intermediate
10.0,1208,primary_intermediate
10.0,1209,primary_intermediate
10.0,1210,partially_reprogrammed
10.0,1211,partially_reprogrammed
10.0,1212,partially_reprogrammed
10.0,1213,partially_reprogrammed
10.0,1214,partially_reprogrammed
10.0,1215,partially_reprogrammed
10.0,1216,partially_reprogrammed
10.0,1217,partially_reprogrammed
10.0,1218,primary_intermediate
10.0,1219,partially_reprogrammed
10.0,1220,partially_reprogrammed
10.0,1221,partially_reprogrammed
10.0,1222,partially_reprogrammed
10.0,1223,pre_iPSC
10.0,1224,partially_reprogrammed
10.0,1225,pre_iPSC
10.0,1226,partially_reprogrammed
10.0,1227,partially_reprogrammed
10.0,1228,partially_reprogrammed
10.0,1229,partially_reprogrammed
10.0,1230,partially_reprogrammed
10.0,1231,partially_reprogrammed
10.0,1232,partially_reprogrammed
10.0,1233,primary_intermediate
10.0,1234,partially_reprogrammed
10.0,1235,partially_reprogrammed
10.0,1236,partially_reprogrammed
10.0,1237,partially_reprogrammed
10.0,1238,partially_reprogrammed
10.0,1239,partially_reprogrammed
10.0,1240,partially_reprogrammed
10.0,1241,primary_intermediate
10.0,1242,partially_reprogrammed
10.0,1243,partially_reprogrammed
10.0,1244,primary_intermediate
10.0,1245,partially_reprogrammed
10.0,1246,partially_reprogrammed
10.0,1247,primary_intermediate
10.0,1248,primary_intermediate
10.0,1249,partially_reprogrammed
10.0,1250,partially_reprogrammed
10.0,1251,partially_reprogrammed
10.0,1252,partially_reprogrammed
10.0,1253,partially_reprogrammed
10.0,1254,partially_reprogrammed
10.0,1255,partially_reprogrammed
10.0,1256,partially_reprogrammed
10.0,1257,partially_reprogrammed
10.0,1258,partially_reprogrammed
10.0,1259,partially_reprogrammed
10.0,1260,partially_reprogrammed
10.0,1261,partially_reprogrammed
10.0,1262,partially_reprogrammed
10.0,1263,fibroblast_like_stalled
10.0,1264,partially_reprogrammed
10.0,1265,primary_intermediate
10.0,1266,partially_reprogrammed
10.0,1267,partially_reprogrammed
10.0,1268,partially_reprogrammed
10.0,1269,partially_reprogrammed
10.0,1270,primary_intermediate
10.0,1271,primary_intermediate
10.0,1272,primary_intermediate
10.0,1273,primary_intermediate
10.0,1274,partially_reprogrammed
10.0,1275,partially_reprogrammed
10.0,1276,partially_reprogrammed
10.0,1277,primary_intermediate
10.0,1278,primary_intermediate
10.0,1279,partially_reprogrammed
10.0,1280,partially_reprogrammed
10.0,1281,partially_reprogrammed
10.0,1282,partially_reprogrammed
10.0,1283,partially_reprogrammed
10.0,1284,primary_intermediate
10.0,1285,primary_intermediate
10.0,1286,partially_reprogrammed
10.0,1287,partially_reprogrammed
10.0,1288,primary_intermediate
10.0,1289,partially_reprogrammed
10.0,1290,partially_reprogrammed
10.0,1291,pre_iPSC
10.0,1292,partially_reprogrammed
10.0,1293,partially_reprogrammed
10.0,1294,pre_iPSC
10.0,1295,primary_intermediate
10.0,1296,partially_reprogrammed
10.0,1297,partially_reprogrammed
10.0,1298,partially_reprogrammed
10.0,1299,primary_intermediate
10.0,1300,partially_reprogrammed
10.0,1301,partially_reprogrammed
10.0,1302,primary_intermediate
10.0,1303,primary_intermediate
10.0,1304,partially_reprogrammed
10.0,1305,primary_intermediate
10.0,1306,partially_reprogrammed
10.0,1307,partially_reprogrammed
10.0,1308,fibroblast_like_stalled
10.0,1309,partially_reprogrammed
10.0,1310,primary_intermediate
10.0,1311,partially_reprogrammed
10.0,1312,partially_reprogrammed
10.0,1313,partially_reprogrammed
10.0,1314,partially_reprogrammed
10.0,1315,partially_reprogrammed
10.0,1316,partially_reprogrammed
10.0,1317,partially_reprogrammed
10.0,1318,primary_intermediate
10.0,1319,partial_intermediate
10.0,1320,partially_reprogrammed
10.0,1321,partially_reprogrammed
10.0,1322,partially_reprogrammed
10.0,1323,primary_intermediate
10.0,1324,primary_intermediate
10.0,1325,partially_reprogrammed
10.0,1326,fibroblast_like_stalled
10.0,1327,pre_iPSC
10.0,1328,partially_reprogrammed
10.0,1329,partially_reprogrammed
10.0,1330,partially_reprogrammed
10.0,1331,partially_reprogrammed
10.0,1332,partially_reprogrammed
10.0,1333,partially_reprogrammed
10.0,1334,partially_reprogrammed
10.0,1335,partially_reprogrammed
10.0,1336,partially_reprogrammed
10.0,1337,primary_intermediate
10.0,1338,partially_reprogrammed
10.0,1339,partially_reprogrammed
10.0,1340,partially_reprogrammed
10.0,1341,partially_reprogrammed
10.0,1342,partially_reprogrammed
10.0,1343,primary_intermediate
10.0,1344,partially_reprogrammed
10.0,1345,partially_reprogrammed
10.0,1346,partially_reprogrammed
10.0,1347,partially_reprogrammed
10.0,1348,partially_reprogrammed
10.0,1349,partially_reprogrammed
10.0,1350,partially_reprogrammed
10.0,1351,partially_reprogrammed
10.0,1352,partially_reprogrammed
10.0,1353,primary_intermediate
10.0,1354,partially_reprogrammed
10.0,1355,partially_reprogrammed
10.0,1356,primary_intermediate
10.0,1357,pre_iPSC
10.0,1358,primary_intermediate
10.0,1359,partially_reprogrammed
10.0,1360,partially_reprogrammed
10.0,1361,partially_reprogrammed
10.0,1362,partially_reprogrammed
10.0,1363,pre_iPSC
10.0,1364,partially_reprogrammed
10.0,1365,partially_reprogrammed
10.0,1366,primary_intermediate
10.0,1367,primary_intermediate
10.0,1368,fibroblast_like_stalled
10.0,1369,partially_reprogrammed
10.0,1370,primary_intermediate
10.0,1371,partially_reprogrammed
10.0,1372,partially_reprogrammed
10.0,1373,partially_reprogrammed
10.0,1374,partially_reprogrammed
10.0,1375,partially_reprogrammed
10.0,1376,primary_intermediate
10.0,1377,partially_reprogrammed
10.0,1378,partially_reprogrammed
10.0,1379,primary_intermediate
10.0,1380,primary_intermediate
10.0,1381,partially_reprogrammed
10.0,1382,partially_reprogrammed
10.0,1383,primary_intermediate
10.0,1384,primary_intermediate
10.0,1385,primary_intermediate
10.0,1386,pre_iPSC
10.0,1387,partially_reprogrammed
10.0,1388,partially_reprogrammed
10.0,1389,partially_reprogrammed
10.0,1390,primary_intermediate
10.0,1391,partially_reprogrammed
10.0,1392,partially_reprogrammed
10.0,1393,primary_intermediate
10.0,1394,primary_intermediate
10.0,1395,primary_intermediate
10.0,1396,partially_reprogrammed
10.0,1397,primary_intermediate
10.0,1398,primary_intermediate
10.0,1399,partially_reprogrammed
10.0,1400,partially_reprogrammed
10.0,1401,primary_intermediate
10.0,1402,partially_reprogrammed
10.0,1403,partially_reprogrammed
10.0,1404,partially_reprogrammed
10.0,1405,primary_intermediate
10.0,1406,primary_intermediate
10.0,1407,partially_reprogrammed
10.0,1408,primary_intermediate
10.0,1409,primary_intermediate
10.0,1410,partially_reprogrammed
10.0,1411,primary_intermediate
10.0,1412,partially_reprogrammed
10.0,1413,primary_intermediate
10.0,1414,partially_reprogrammed
10.0,1415,partially_reprogrammed
10.0,1416,partially_reprogrammed
10.0,1417,primary_intermediate
10.0,1418,partially_reprogrammed
10.0,1419,partially_reprogrammed
10.0,1420,partially_reprogrammed
10.0,1421,primary_intermediate
10.0,1422,partially_reprogrammed
10.0,1423,fibroblast_like_stalled
10.0,1424,partially_reprogrammed
10.0,1425,partially_reprogrammed
10.0,1426,partially_reprogrammed
10.0,1427,primary_intermediate
10.0,1428,partially_reprogrammed
10.0,1429,partially_reprogrammed
10.0,1430,partially_reprogrammed
10.0,1431,primary_intermediate
10.0,1432,primary_intermediate
10.0,1433,partially_reprogrammed
10.0,1434,partially_reprogrammed
10.0,1435,partially_reprogrammed
10.0,1436,primary_intermediate
10.0,1437,partially_reprogrammed
10.0,1438,primary_intermediate
10.0,1439,primary_intermediate
10.0,1440,primary_intermediate
10.0,1441,partially_reprogrammed
10.0,1442,partially_reprogrammed
10.0,1443,partially_reprogrammed
10.0,1444,primary_intermediate
10.0,1445,primary_intermediate
10.0,1446,partially_reprogrammed
10.0,1447,partially_reprogrammed
10.0,1448,fibroblast_like_stalled
10.0,1449,primary_intermediate
10.0,1450,partially_reprogrammed
10.0,1451,primary_intermediate
10.0,1452,partially_reprogrammed
10.0,1453,partially_reprogrammed
10.0,1454,primary_intermediate
10.0,1455,partially_reprogrammed
10.0,1456,partially_reprogrammed
10.0,1457,partially_reprogrammed
10.0,1458,partially_reprogrammed
10.0,1459,partially_reprogrammed
10.0,1460,primary_intermediate
10.0,1461,primary_intermediate
10.0,1462,primary_intermediate
10.0,1463,partial_intermediate
10.0,1464,primary_intermediate
10.0,1465,primary_intermediate
10.0,1466,pre_iPSC
10.0,1467,partially_reprogrammed
10.0,1468,primary_intermediate
10.0,1469,partially_reprogrammed
10.0,1470,primary_intermediate
10.0,1471,partially_reprogrammed
10.0,1472,partially_reprogrammed
10.0,1473,partially_reprogrammed
10.0,1474,primary_intermediate
10.0,1475,partially_reprogrammed
10.0,1476,primary_intermediate
10.0,1477,primary_intermediate
10.0,1478,primary_intermediate
10.0,1479,partially_reprogrammed
10.0,1480,primary_intermediate
10.0,1481,partially_reprogrammed
10.0,1482,primary_intermediate
10.0,1483,primary_intermediate
10.0,1484,partially_reprogrammed
10.0,1485,primary_intermediate
10.0,1486,fibroblast_like_stalled
10.0,1487,partially_reprogrammed
10.0,1488,partially_reprogrammed
10.0,1489,primary_intermediate
10.0,1490,pre_iPSC
10.0,1491,partially_reprogrammed
10.0,1492,partially_reprogrammed
10.0,1493,primary_intermediate
10.0,1494,partially_reprogrammed
10.0,1495,partially_reprogrammed
10.0,1496,partially_reprogrammed
10.0,1497,partially_reprogrammed
10.0,1498,primary_intermediate
10.0,1499,pre_iPSC
10.0,1500,partially_reprogrammed
10.0,1501,primary_intermediate
10.0,1502,partially_reprogrammed
10.0,1503,primary_intermediate
10.0,1504,partially_reprogrammed
10.0,1505,partially_reprogrammed
10.0,1506,partially_reprogrammed
10.0,1507,primary_intermediate
10.0,1508,partially_reprogrammed
10.0,1509,primary_intermediate
10.0,1510,partially_reprogrammed
10.0,1511,partially_reprogrammed
10.0,1512,partially_reprogrammed
10.0,1513,partially_reprogrammed
10.0,1514,partially_reprogrammed
10.0,1515,primary_intermediate
10.0,1516,primary_intermediate
10.0,1517,partially_reprogrammed
10.0,1518,primary_intermediate
10.0,1519,partially_reprogrammed
10.0,1520,partially_reprogrammed
10.0,1521,partially_reprogrammed
10.0,1522,partially_reprogrammed
10.0,1523,partially_reprogrammed
10.0,1524,primary_intermediate
10.0,1525,primary_intermediate
10.0,1526,primary_intermediate
10.0,1527,primary_intermediate
10.0,1528,partially_reprogrammed
10.0,1529,partially_reprogrammed
10.0,1530,primary_intermediate
10.0,1531,partially_reprogrammed
10.0,1532,primary_intermediate
10.0,1533,partially_reprogrammed
10.0,1534,partially_reprogrammed
10.0,1535,partially_reprogrammed
10.0,1536,partially_reprogrammed
10.0,1537,partially_reprogrammed
10.0,1538,partially_reprogrammed
10.0,1539,partially_reprogrammed
10.0,1540,partially_reprogrammed
10.0,1541,partially_reprogrammed
10.0,1542,pre_iPSC
10.0,1543,partially_reprogrammed
10.0,1544,partially_reprogrammed
10.0,1545,partially_reprogrammed
10.0,1546,partially_reprogrammed
10.0,1547,partially_reprogrammed
10.0,1548,partially_reprogrammed
10.0,1549,partially_reprogrammed
10.0,1550,partially_reprogrammed
10.0,1551,primary_intermediate
10.0,1552,fibroblast_like_stalled
10.0,1553,partially_reprogrammed
10.0,1554,partially_reprogrammed
10.0,1555,partially_reprogrammed
10.0,1556,partially_reprogrammed
10.0,1557,partially_reprogrammed
10.0,1558,partially_reprogrammed
10.0,1559,fibroblast_like_stalled
10.0,1560,partially_reprogrammed
10.0,1561,primary_intermediate
10.0,1562,primary_intermediate
10.0,1563,partially_reprogrammed
10.0,1564,primary_intermediate
10.0,1565,primary_intermediate
10.0,1566,partially_reprogrammed
10.0,1567,pre_iPSC
10.0,1568,partially_reprogrammed
10.0,1569,partially_reprogrammed
10.0,1570,partially_reprogrammed
10.0,1571,pre_iPSC
10.0,1572,partially_reprogrammed
10.0,1573,fibroblast_like_stalled
10.0,1574,partially_reprogrammed
10.0,1575,partially_reprogrammed
10.0,1576,partially_reprogrammed
10.0,1577,partially_reprogrammed
10.0,1578,partially_reprogrammed
10.0,1579,primary_intermediate
10.0,1580,partially_reprogrammed
10.0,1581,partially_reprogrammed
10.0,1582,fibroblast_like_stalled
10.0,1583,primary_intermediate
10.0,1584,pre_iPSC
10.0,1585,partially_reprogrammed
10.0,1586,partially_reprogrammed
10.0,1587,partially_reprogrammed
10.0,1588,primary_intermediate
10.0,1589,partially_reprogrammed
10.0,1590,primary_intermediate
10.0,1591,partially_reprogrammed
10.0,1592,primary_intermediate
10.0,1593,fibroblast_like_stalled
10.0,1594,primary_intermediate
10.0,1595,fibroblast_like_stalled
10.0,1596,fibroblast_like_stalled
10.0,1597,primary_intermediate
10.0,1598,partially_reprogrammed
10.0,1599,partially_reprogrammed
10.0,1600,partially_reprogrammed
10.0,1601,partially_reprogrammed
10.0,1602,primary_intermediate
10.0,1603,partially_reprogrammed
10.0,1604,partially_reprogrammed
10.0,1605,partially_reprogrammed
10.0,1606,partially_reprogrammed
10.0,1607,partially_reprogrammed
10.0,1608,partially_reprogrammed
10.0,1609,primary_intermediate
10.0,1610,primary_intermediate
10.0,1611,primary_intermediate
10.0,1612,fibroblast_like_stalled
10.0,1613,partially_reprogrammed
10.0,1614,pre_iPSC
10.0,1615,partially_reprogrammed
10.0,1616,partially_reprogrammed
10.0,1617,partially_reprogrammed
10.0,1618,primary_intermediate
10.0,1619,primary_intermediate
10.0,1620,partially_reprogrammed
10.0,1621,partially_reprogrammed
10.0,1622,partially_reprogrammed
10.0,1623,primary_intermediate
10.0,1624,partially_reprogrammed
10.0,1625,partially_reprogrammed
10.0,1626,partially_reprogrammed
10.0,1627,fibroblast_like_stalled
10.0,1628,partially_reprogrammed
10.0,1629,primary_intermediate
10.0,1630,partially_reprogrammed
10.0,1631,primary_intermediate
10.0,1632,partially_reprogrammed
10.0,1633,primary_intermediate
10.0,1634,primary_intermediate
10.0,1635,partially_reprogrammed
10.0,1636,partially_reprogrammed
10.0,1637,primary_intermediate
10.0,1638,partially_reprogrammed
10.0,1639,primary_intermediate
10.0,1640,partially_reprogrammed
10.0,1641,partially_reprogrammed
10.0,1642,partially_reprogrammed
10.0,1643,fibroblast_like_stalled
10.0,1644,pre_iPSC
10.0,1645,primary_intermediate
10.0,1646,primary_intermediate
10.0,1647,primary_intermediate
10.0,1648,primary_intermediate
10.0,1649,partially_reprogrammed
10.0,1650,partially_reprogrammed
10.0,1651,partially_reprogrammed
10.0,1652,partially_reprogrammed
10.0,1653,pre_iPSC
10.0,1654,partially_reprogrammed
10.0,1655,partially_reprogrammed
10.0,1656,partially_reprogrammed
10.0,1657,primary_intermediate
10.0,1658,partially_reprogrammed
10.0,1659,primary_intermediate
10.0,1660,partially_reprogrammed
10.0,1661,partially_reprogrammed
10.0,1662,partially_reprogrammed
10.0,1663,primary_intermediate
10.0,1664,partially_reprogrammed
10.0,1665,primary_intermediate
10.0,1666,partially_reprogrammed
10.0,1667,pre_iPSC
10.0,1668,partially_reprogrammed
10.0,1669,primary_intermediate
10.0,1670,partially_reprogrammed
10.0,1671,primary_intermediate
10.0,1672,partially_reprogrammed
10.0,1673,primary_intermediate
10.0,1674,fibroblast_like_stalled
10.0,1675,pre_iPSC
10.0,1676,partially_reprogrammed
10.0,1677,partially_reprogrammed
10.0,1678,partially_reprogrammed
10.0,1679,pre_iPSC
10.0,1680,fibroblast_like_stalled
10.0,1681,pre_iPSC
10.0,1682,primary_intermediate
10.0,1683,partially_reprogrammed
10.0,1684,partially_reprogrammed
10.0,1685,partially_reprogrammed
10.0,1686,partially_reprogrammed
10.0,1687,pre_iPSC
10.0,1688,partially_reprogrammed
10.0,1689,pre_iPSC
10.0,1690,primary_intermediate
10.0,1691,partially_reprogrammed
10.0,1692,partially_reprogrammed
10.0,1693,primary_intermediate
10.0,1694,partially_reprogrammed
10.0,1695,partially_reprogrammed
10.0,1696,primary_intermediate
10.0,1697,partially_reprogrammed
10.0,1698,partially_reprogrammed
10.0,1699,primary_intermediate
10.0,1700,primary_intermediate
10.0,1701,partially_reprogrammed
10.0,1702,partially_reprogrammed
10.0,1703,primary_intermediate
10.0,1704,partially_reprogrammed
10.0,1705,partially_reprogrammed
10.0,1706,partially_reprogrammed
10.0,1707,partially_reprogrammed
10.0,1708,partially_reprogrammed
10.0,1709,partially_reprogrammed
10.0,1710,partially_reprogrammed
10.0,1711,partially_reprogrammed
10.0,1712,partially_reprogrammed
10.0,1713,partially_reprogrammed
10.0,1714,partially_reprogrammed
10.0,1715,primary_intermediate
10.0,1716,primary_intermediate
10.0,1717,primary_intermediate
10.0,1718,primary_intermediate
10.0,1719,partially_reprogrammed
10.0,1720,primary_intermediate
10.0,1721,partially_reprogrammed
10.0,1722,partially_reprogrammed
10.0,1723,pre_iPSC
10.0,1724,partially_reprogrammed
10.0,1725,primary_intermediate
10.0,1726,partially_reprogrammed
10.0,1727,partially_reprogrammed
10.0,1728,primary_intermediate
10.0,1729,partially_reprogrammed
10.0,1730,primary_intermediate
10.0,1731,partially_reprogrammed
10.0,1732,partially_reprogrammed
10.0,1733,primary_intermediate
10.0,1734,partially_reprogrammed
10.0,1735,partially_reprogrammed
10.0,1736,primary_intermediate
10.0,1737,partially_reprogrammed
10.0,1738,partially_reprogrammed
10.0,1739,partially_reprogrammed
10.0,1740,partially_reprogrammed
10.0,1741,fibroblast_like_stalled
10.0,1742,partially_reprogrammed
10.0,1743,primary_intermediate
10.0,1744,pre_iPSC
10.0,1745,partially_reprogrammed
10.0,1746,primary_intermediate
10.0,1747,primary_intermediate
10.0,1748,partially_reprogrammed
10.0,1749,partially_reprogrammed
10.0,1750,partially_reprogrammed
10.0,1751,primary_intermediate
10.0,1752,primary_intermediate
10.0,1753,partially_reprogrammed
10.0,1754,partially_reprogrammed
10.0,1755,partially_reprogrammed
10.0,1756,partially_reprogrammed
10.0,1757,partially_reprogrammed
10.0,1758,partially_reprogrammed
10.0,1759,partially_reprogrammed
10.0,1760,pre_iPSC
10.0,1761,partially_reprogrammed
10.0,1762,partially_reprogrammed
10.0,1763,primary_intermediate
10.0,1764,partially_reprogrammed
10.0,1765,primary_intermediate
10.0,1766,primary_intermediate
10.0,1767,primary_intermediate
10.0,1768,primary_intermediate
10.0,1769,primary_intermediate
10.0,1770,partially_reprogrammed
10.0,1771,partially_reprogrammed
10.0,1772,primary_intermediate
10.0,1773,partially_reprogrammed
10.0,1774,partially_reprogrammed
10.0,1775,partially_reprogrammed
10.0,1776,partially_reprogrammed
10.0,1777,primary_intermediate
10.0,1778,partially_reprogrammed
10.0,1779,primary_intermediate
10.0,1780,pre_iPSC
10.0,1781,partially_reprogrammed
10.0,1782,partially_reprogrammed
10.0,1783,partially_reprogrammed
10.0,1784,fibroblast_like_stalled
10.0,1785,partially_reprogrammed
10.0,1786,primary_intermediate
10.0,1787,partially_reprogrammed
10.0,1788,partially_reprogrammed
10.0,1789,primary_intermediate
10.0,1790,primary_intermediate
10.0,1791,partially_reprogrammed
10.0,1792,primary_intermediate
10.0,1793,primary_intermediate
10.0,1794,fibroblast_like_stalled
10.0,1795,partially_reprogrammed
10.0,1796,primary_intermediate
10.0,1797,pre_iPSC
10.0,1798,primary_intermediate
10.0,1799,primary_intermediate
10.0,1800,partially_reprogrammed
10.0,1801,partially_reprogrammed
10.0,1802,partially_reprogrammed
10.0,1803,partially_reprogrammed
10.0,1804,fibroblast_like_stalled
10.0,1805,primary_intermediate
10.0,1806,primary_intermediate
10.0,1807,primary_intermediate
10.0,1808,partially_reprogrammed
10.0,1809,partially_reprogrammed
10.0,1810,partially_reprogrammed
10.0,1811,partially_reprogrammed
10.0,1812,primary_intermediate
10.0,1813,partially_reprogrammed
10.0,1814,partially_reprogrammed
10.0,1815,partially_reprogrammed
10.0,1816,partially_reprogrammed
10.0,1817,partially_reprogrammed
10.0,1818,pre_iPSC
10.0,1819,partially_reprogrammed
10.0,1820,partially_reprogrammed
10.0,1821,partially_reprogrammed
10.0,1822,pre_iPSC
10.0,1823,partially_reprogrammed
10.0,1824,partially_reprogrammed
10.0,1825,partially_reprogrammed
10.0,1826,partially_reprogrammed
10.0,1827,partially_reprogrammed
10.0,1828,primary_intermediate
10.0,1829,partially_reprogrammed
10.0,1830,partially_reprogrammed
10.0,1831,partially_reprogrammed
10.0,1832,partially_reprogrammed
10.0,1833,partially_reprogrammed
10.0,1834,primary_intermediate
10.0,1835,partially_reprogrammed
10.0,1836,partially_reprogrammed
10.0,1837,partially_reprogrammed
10.0,1838,partially_reprogrammed
10.0,1839,partially_reprogrammed
10.0,1840,primary_intermediate
10.0,1841,primary_intermediate
10.0,1842,primary_intermediate
10.0,1843,partially_reprogrammed
10.0,1844,partially_reprogrammed
10.0,1845,partially_reprogrammed
10.0,1846,partially_reprogrammed
10.0,1847,partially_reprogrammed
10.0,1848,primary_intermediate
10.0,1849,pre_iPSC
10.0,1850,partially_reprogrammed
10.0,1851,partially_reprogrammed
10.0,1852,primary_intermediate
10.0,1853,partially_reprogrammed
10.0,1854,partially_reprogrammed
10.0,1855,fibroblast_like_stalled
10.0,1856,partially_reprogrammed
10.0,1857,fibroblast_like_stalled
10.0,1858,primary_intermediate
10.0,1859,primary_intermediate
10.0,1860,fibroblast_like_stalled
10.0,1861,partially_reprogrammed
10.0,1862,partially_reprogrammed
10.0,1863,partially_reprogrammed
10.0,1864,partially_reprogrammed
10.0,1865,partially_reprogrammed
10.0,1866,primary_intermediate
10.0,1867,partially_reprogrammed
10.0,1868,primary_intermediate
10.0,1869,partially_reprogrammed
10.0,1870,partially_reprogrammed
10.0,1871,partially_reprogrammed
10.0,1872,primary_intermediate
10.0,1873,partially_reprogrammed
10.0,1874,partially_reprogrammed
10.0,1875,partially_reprogrammed
10.0,1876,primary_intermediate
10.0,1877,partially_reprogrammed
10.0,1878,primary_intermediate
10.0,1879,partially_reprogrammed
10.0,1880,partially_reprogrammed
10.0,1881,primary_intermediate
10.0,1882,fibroblast_like_stalled
10.0,1883,primary_intermediate
10.0,1884,partially_reprogrammed
10.0,1885,primary_intermediate
10.0,1886,primary_intermediate
10.0,1887,partially_reprogrammed
10.0,1888,primary_intermediate
10.0,1889,primary_intermediate
10.0,1890,primary_intermediate
10.0,1891,partially_reprogrammed
10.0,1892,partially_reprogrammed
10.0,1893,primary_intermediate
10.0,1894,primary_intermediate
10.0,1895,primary_intermediate
10.0,1896,partially_reprogrammed
10.0,1897,partially_reprogrammed
10.0,1898,partially_reprogrammed
10.0,1899,primary_intermediate
10.0,1900,primary_intermediate
10.0,1901,partially_reprogrammed
10.0,1902,partially_reprogrammed
10.0,1903,primary_intermediate
10.0,1904,partially_reprogrammed
10.0,1905,partially_reprogrammed
10.0,1906,partially_reprogrammed
10.0,1907,partially_reprogrammed
10.0,1908,primary_intermediate
10.0,1909,partially_reprogrammed
10.0,1910,partially_reprogrammed
10.0,1911,partially_reprogrammed
10.0,1912,partially_reprogrammed
10.0,1913,partially_reprogrammed
10.0,1914,partially_reprogrammed
10.0,1915,primary_intermediate
10.0,1916,partially_reprogrammed
10.0,1917,fibroblast_like_stalled
10.0,1918,partially_reprogrammed
10.0,1919,primary_intermediate
10.0,1920,partially_reprogrammed
10.0,1921,primary_intermediate
10.0,1922,fibroblast_like_stalled
10.0,1923,primary_intermediate
10.0,1924,partially_reprogrammed
10.0,1925,partially_reprogrammed
10.0,1926,primary_intermediate
10.0,1927,partially_reprogrammed
10.0,1928,primary_intermediate
10.0,1929,primary_intermediate
10.0,1930,partially_reprogrammed
10.0,1931,primary_intermediate
10.0,1932,partially_reprogrammed
10.0,1933,partially_reprogrammed
10.0,1934,partially_reprogrammed
10.0,1935,partially_reprogrammed
10.0,1936,partially_reprogrammed
10.0,1937,partially_reprogrammed
10.0,1938,primary_intermediate
10.0,1939,partially_reprogrammed
10.0,1940,partially_reprogrammed
10.0,1941,partially_reprogrammed
10.0,1942,partially_reprogrammed
10.0,1943,partially_reprogrammed
10.0,1944,partially_reprogrammed
10.0,1945,partially_reprogrammed
10.0,1946,pre_iPSC
10.0,1947,partially_reprogrammed
10.0,1948,partially_reprogrammed
10.0,1949,partially_reprogrammed
10.0,1950,primary_intermediate
10.0,1951,pre_iPSC
10.0,1952,partially_reprogrammed
10.0,1953,partially_reprogrammed
10.0,1954,partially_reprogrammed
10.0,1955,primary_intermediate
10.0,1956,partially_reprogrammed
10.0,1957,primary_intermediate
10.0,1958,partially_reprogrammed
10.0,1959,primary_intermediate
10.0,1960,partially_reprogrammed
10.0,1961,primary_intermediate
10.0,1962,partially_reprogrammed
10.0,1963,partially_reprogrammed
10.0,1964,partially_reprogrammed
10.0,1965,partially_reprogrammed
10.0,1966,partially_reprogrammed
10.0,1967,primary_intermediate
10.0,1968,primary_intermediate
10.0,1969,partially_reprogrammed
10.0,1970,primary_intermediate
10.0,1971,partially_reprogrammed
10.0,1972,partially_reprogrammed
10.0,1973,partially_reprogrammed
10.0,1974,partially_reprogrammed
10.0,1975,partially_reprogrammed
10.0,1976,fibroblast_like_stalled
10.0,1977,partially_reprogrammed
10.0,1978,partially_reprogrammed
10.0,1979,partially_reprogrammed
10.0,1980,primary_intermediate
10.0,1981,primary_intermediate
10.0,1982,fibroblast_like_stalled
10.0,1983,partially_reprogrammed
10.0,1984,primary_intermediate
10.0,1985,partially_reprogrammed
10.0,1986,primary_intermediate
10.0,1987,partially_reprogrammed
10.0,1988,partially_reprogrammed
10.0,1989,partially_reprogrammed
10.0,1990,fibroblast_like_stalled
10.0,1991,partially_reprogrammed
10.0,1992,primary_intermediate
10.0,1993,partially_reprogrammed
10.0,1994,partially_reprogrammed
10.0,1995,primary_intermediate
10.0,1996,partially_reprogrammed
10.0,1997,partially_reprogrammed
10.0,1998,primary_intermediate
10.0,1999,partially_reprogrammed
12.0,0,partially_reprogrammed
12.0,1,pre_iPSC
12.0,2,pre_iPSC
12.0,3,pre_iPSC
12.0,4,partially_reprogrammed
12.0,5,pre_iPSC
12.0,6,pre_iPSC
12.0,7,pre_iPSC
12.0,8,partially_reprogrammed
12.0,9,partially_reprogrammed
12.0,10,pre_iPSC
12.0,11,partially_reprogrammed
12.0,12,pre_iPSC
12.0,13,partially_reprogrammed
12.0,14,pre_iPSC
12.0,15,partially_reprogrammed
12.0,16,pre_iPSC
12.0,17,partially_reprogrammed
12.0,18,partially_reprogrammed
12.0,19,pre_iPSC
12.0,20,partially_reprogrammed
12.0,21,pre_iPSC
12.0,22,pre_iPSC
12.0,23,partially_reprogrammed
12.0,24,pre_iPSC
12.0,25,partially_reprogrammed
12.0,26,partially_reprogrammed
12.0,27,pre_iPSC
12.0,28,pre_iPSC
12.0,29,pre_iPSC
12.0,30,pre_iPSC
12.0,31,pre_iPSC
12.0,32,pre_iPSC
12.0,33,partially_reprogrammed
12.0,34,partially_reprogrammed
12.0,35,partially_reprogrammed
12.0,36,partially_reprogrammed
12.0,37,partially_reprogrammed
12.0,38,partially_reprogrammed
12.0,39,pre_iPSC
12.0,40,partially_reprogrammed
12.0,41,partially_reprogrammed
12.0,42,pre_iPSC
12.0,43,partially_reprogrammed
12.0,44,pre_iPSC
12.0,45,pre_iPSC
12.0,46,partially_reprogrammed
12.0,47,partially_reprogrammed
12.0,48,pre_iPSC
12.0,49,pre_iPSC
12.0,50,partially_reprogrammed
12.0,51,partially_reprogrammed
12.0,52,partially_reprogrammed
12.0,53,partially_reprogrammed
12.0,54,pre_iPSC
12.0,55,pre_iPSC
12.0,56,pre_iPSC
12.0,57,partially_reprogrammed
12.0,58,partially_reprogrammed
12.0,59,partially_reprogrammed
12.0,60,pre_iPSC
12.0,61,pre_iPSC
12.0,62,partially_reprogrammed
12.0,63,partially_reprogrammed
12.0,64,pre_iPSC
12.0,65,partially_reprogrammed
12.0,66,pre_iPSC
12.0,67,pre_iPSC
12.0,68,pre_iPSC
12.0,69,pre_iPSC
12.0,70,partially_reprogrammed
12.0,71,pre_iPSC
12.0,72,pre_iPSC
12.0,73,partially_reprogrammed
12.0,74,partially_reprogrammed
12.0,75,pre_iPSC
12.0,76,partially_reprogrammed
12.0,77,pre_iPSC
12.0,78,pre_iPSC
12.0,79,partially_reprogrammed
12.0,80,pre_iPSC
12.0,81,partially_reprogrammed
12.0,82,pre_iPSC
12.0,83,pre_iPSC
12.0,84,partially_reprogrammed
12.0,85,pre_iPSC
12.0,86,pre_iPSC
12.0,87,partially_reprogrammed
12.0,88,pre_iPSC
12.0,89,partially_reprogrammed
12.0,90,partially_reprogrammed
12.0,91,partially_reprogrammed
12.0,92,partially_reprogrammed
12.0,93,partially_reprogrammed
12.0,94,pre_iPSC
12.0,95,partially_reprogrammed
12.0,96,partially_reprogrammed
12.0,97,pre_iPSC
12.0,98,partially_reprogrammed
12.0,99,partially_reprogrammed
12.0,100,partially_reprogrammed
12.0,101,pre_iPSC
12.0,102,pre_iPSC
12.0,103,pre_iPSC
12.0,104,partially_reprogrammed
12.0,105,pre_iPSC
12.0,106,pre_iPSC
12.0,107,partially_reprogrammed
12.0,108,pre_iPSC
12.0,109,partially_reprogrammed
12.0,110,partially_reprogrammed
12.0,111,pre_iPSC
12.0,112,pre_iPSC
12.0,113,pre_iPSC
12.0,114,partially_reprogrammed
12.0,115,partially_reprogrammed
12.0,116,pre_iPSC
12.0,117,pre_iPSC
12.0,118,pre_iPSC
12.0,119,pre_iPSC
12.0,120,pre_iPSC
12.0,121,pre_iPSC
12.0,122,pre_iPSC
12.0,123,partially_reprogrammed
12.0,124,partially_reprogrammed
12.0,125,partially_reprogrammed
12.0,126,pre_iPSC
12.0,127,partially_reprogrammed
12.0,128,partially_reprogrammed
12.0,129,partially_reprogrammed
12.0,130,partially_reprogrammed
12.0,131,partially_reprogrammed
12.0,132,partially_reprogrammed
12.0,133,pre_iPSC
12.0,134,pre_iPSC
12.0,135,partially_reprogrammed
12.0,136,partially_reprogrammed
12.0,137,pre_iPSC
12.0,138,pre_iPSC
12.0,139,pre_iPSC
12.0,140,partially_reprogrammed
12.0,141,partially_reprogrammed
12.0,142,pre_iPSC
12.0,143,partially_reprogrammed
12.0,144,partially_reprogrammed
12.0,145,pre_iPSC
12.0,146,partially_reprogrammed
12.0,147,partially_reprogrammed
12.0,148,pre_iPSC
12.0,149,partially_reprogrammed
12.0,150,partially_reprogrammed
12.0,151,pre_iPSC
12.0,152,pre_iPSC
12.0,153,partially_reprogrammed
12.0,154,pre_iPSC
12.0,155,pre_iPSC
12.0,156,pre_iPSC
12.0,157,partially_reprogrammed
12.0,158,pre_iPSC
12.0,159,pre_iPSC
12.0,160,pre_iPSC
12.0,161,partially_reprogrammed
12.0,162,partially_reprogrammed
12.0,163,partially_reprogrammed
12.0,164,partially_reprogrammed
12.0,165,partially_reprogrammed
12.0,166,partially_reprogrammed
12.0,167,partially_reprogrammed
12.0,168,partially_reprogrammed
12.0,169,partially_reprogrammed
12.0,170,partially_reprogrammed
12.0,171,pre_iPSC
12.0,172,pre_iPSC
12.0,173,pre_iPSC
12.0,174,pre_iPSC
12.0,175,pre_iPSC
12.0,176,partially_reprogrammed
12.0,177,pre_iPSC
12.0,178,pre_iPSC
12.0,179,partially_reprogrammed
12.0,180,partially_reprogrammed
12.0,181,pre_iPSC
12.0,182,pre_iPSC
12.0,183,partially_reprogrammed
12.0,184,pre_iPSC
12.0,185,partially_reprogrammed
12.0,186,partially_reprogrammed
12.0,187,partially_reprogrammed
12.0,188,pre_iPSC
12.0,189,pre_iPSC
12.0,190,partially_reprogrammed
12.0,191,partially_reprogrammed
12.0,192,partially_reprogrammed
12.0,193,pre_iPSC
12.0,194,partially_reprogrammed
12.0,195,partially_reprogrammed
12.0,196,partially_reprogrammed
12.0,197,partially_reprogrammed
12.0,198,partially_reprogrammed
12.0,199,pre_iPSC
12.0,200,partially_reprogrammed
12.0,201,pre_iPSC
12.0,202,partially_reprogrammed
12.0,203,partially_reprogrammed
12.0,204,partially_reprogrammed
12.0,205,partially_reprogrammed
12.0,206,partially_reprogrammed
12.0,207,partially_reprogrammed
12.0,208,partially_reprogrammed
12.0,209,partially_reprogrammed
12.0,210,pre_iPSC
12.0,211,pre_iPSC
12.0,212,pre_iPSC
12.0,213,partially_reprogrammed
12.0,214,partially_reprogrammed
12.0,215,partially_reprogrammed
12.0,216,partially_reprogrammed
12.0,217,partially_reprogrammed
12.0,218,pre_iPSC
12.0,219,partially_reprogrammed
12.0,220,pre_iPSC
12.0,221,pre_iPSC
12.0,222,partially_reprogrammed
12.0,223,partially_reprogrammed
12.0,224,partially_reprogrammed
12.0,225,partially_reprogrammed
12.0,226,partially_reprogrammed
12.0,227,pre_iPSC
12.0,228,partially_reprogrammed
12.0,229,partially_reprogrammed
12.0,230,partially_reprogrammed
12.0,231,pre_iPSC
12.0,232,pre_iPSC
12.0,233,pre_iPSC
12.0,234,pre_iPSC
12.0,235,partially_reprogrammed
12.0,236,partially_reprogrammed
12.0,237,partially_reprogrammed
12.0,238,pre_iPSC
12.0,239,partially_reprogrammed
12.0,240,pre_iPSC
12.0,241,pre_iPSC
12.0,242,pre_iPSC
12.0,243,partially_reprogrammed
12.0,244,pre_iPSC
12.0,245,pre_iPSC
12.0,246,pre_iPSC
12.0,247,pre_iPSC
12.0,248,partially_reprogrammed
12.0,249,pre_iPSC
12.0,250,partially_reprogrammed
12.0,251,pre_iPSC
12.0,252,partially_reprogrammed
12.0,253,pre_iPSC
12.0,254,partially_reprogrammed
12.0,255,pre_iPSC
12.0,256,pre_iPSC
12.0,257,partially_reprogrammed
12.0,258,partially_reprogrammed
12.0,259,pre_iPSC
12.0,260,partially_reprogrammed
12.0,261,partially_reprogrammed
12.0,262,partially_reprogrammed
12.0,263,pre_iPSC
12.0,264,partially_reprogrammed
12.0,265,pre_iPSC
12.0,266,pre_iPSC
12.0,267,pre_iPSC
12.0,268,partially_reprogrammed
12.0,269,partially_reprogrammed
12.0,270,pre_iPSC
12.0,271,pre_iPSC
12.0,272,pre_iPSC
12.0,273,pre_iPSC
12.0,274,pre_iPSC
12.0,275,partially_reprogrammed
12.0,276,partially_reprogrammed
12.0,277,partially_reprogrammed
12.0,278,partially_reprogrammed
12.0,279,partially_reprogrammed
12.0,280,partially_reprogrammed
12.0,281,partially_reprogrammed
12.0,282,partially_reprogrammed
12.0,283,pre_iPSC
12.0,284,partially_reprogrammed
12.0,285,partially_reprogrammed
12.0,286,partially_reprogrammed
12.0,287,pre_iPSC
12.0,288,pre_iPSC
12.0,289,partially_reprogrammed
12.0,290,partially_reprogrammed
12.0,291,pre_iPSC
12.0,292,pre_iPSC
12.0,293,partially_reprogrammed
12.0,294,partially_reprogrammed
12.0,295,partially_reprogrammed
12.0,296,pre_iPSC
12.0,297,partially_reprogrammed
12.0,298,partially_reprogrammed
12.0,299,partially_reprogrammed
12.0,300,pre_iPSC
12.0,301,pre_iPSC
12.0,302,partially_reprogrammed
12.0,303,partially_reprogrammed
12.0,304,pre_iPSC
12.0,305,pre_iPSC
12.0,306,partially_reprogrammed
12.0,307,pre_iPSC
12.0,308,partially_reprogrammed
12.0,309,pre_iPSC
12.0,310,pre_iPSC
12.0,311,pre_iPSC
12.0,312,partially_reprogrammed
12.0,313,partially_reprogrammed
12.0,314,pre_iPSC
12.0,315,pre_iPSC
12.0,316,partially_reprogrammed
12.0,317,partially_reprogrammed
12.0,318,partially_reprogrammed
12.0,319,pre_iPSC
12.0,320,partially_reprogrammed
12.0,321,partially_reprogrammed
12.0,322,pre_iPSC
12.0,323,pre_iPSC
12.0,324,pre_iPSC
12.0,325,pre_iPSC
12.0,326,pre_iPSC
12.0,327,partially_reprogrammed
12.0,328,partially_reprogrammed
12.0,329,partially_reprogrammed
12.0,330,pre_iPSC
12.0,331,partially_reprogrammed
12.0,332,pre_iPSC
12.0,333,partially_reprogrammed
12.0,334,partially_reprogrammed
12.0,335,pre_iPSC
12.0,336,partially_reprogrammed
12.0,337,pre_iPSC
12.0,338,pre_iPSC
12.0,339,pre_iPSC
12.0,340,partially_reprogrammed
12.0,341,pre_iPSC
12.0,342,pre_iPSC
12.0,343,partially_reprogrammed
12.0,344,partially_reprogrammed
12.0,345,partially_reprogrammed
12.0,346,partially_reprogrammed
12.0,347,partially_reprogrammed
12.0,348,pre_iPSC
12.0,349,partially_reprogrammed
12.0,350,pre_iPSC
12.0,351,partially_reprogrammed
12.0,352,pre_iPSC
12.0,353,pre_iPSC
12.0,354,partially_reprogrammed
12.0,355,pre_iPSC
12.0,356,pre_iPSC
12.0,357,partially_reprogrammed
12.0,358,partially_reprogrammed
12.0,359,partially_reprogrammed
12.0,360,pre_iPSC
12.0,361,partially_reprogrammed
12.0,362,pre_iPSC
12.0,363,pre_iPSC
12.0,364,pre_iPSC
12.0,365,pre_iPSC
12.0,366,pre_iPSC
12.0,367,pre_iPSC
12.0,368,partially_reprogrammed
12.0,369,pre_iPSC
12.0,370,partially_reprogrammed
12.0,371,pre_iPSC
12.0,372,partially_reprogrammed
12.0,373,partially_reprogrammed
12.0,374,pre_iPSC
12.0,375,partially_reprogrammed
12.0,376,partially_reprogrammed
12.0,377,partially_reprogrammed
12.0,378,partially_reprogrammed
12.0,379,pre_iPSC
12.0,380,partially_reprogrammed
12.0,381,partially_reprogrammed
12.0,382,pre_iPSC
12.0,383,partially_reprogrammed
12.0,384,pre_iPSC
12.0,385,partially_reprogrammed
12.0,386,partially_reprogrammed
12.0,387,partially_reprogrammed
12.0,388,partially_reprogrammed
12.0,389,partially_reprogrammed
12.0,390,partially_reprogrammed
12.0,391,pre_iPSC
12.0,392,pre_iPSC
12.0,393,partially_reprogrammed
12.0,394,partially_reprogrammed
12.0,395,pre_iPSC
12.0,396,partially_reprogrammed
12.0,397,pre_iPSC
12.0,398,partially_reprogrammed
12.0,399,pre_iPSC
12.0,400,pre_iPSC
12.0,401,pre_iPSC
12.0,402,pre_iPSC
12.0,403,partially_reprogrammed
12.0,404,pre_iPSC
12.0,405,partially_reprogrammed
12.0,406,partially_reprogrammed
12.0,407,partially_reprogrammed
12.0,408,partially_reprogrammed
12.0,409,pre_iPSC
12.0,410,pre_iPSC
12.0,411,pre_iPSC
12.0,412,pre_iPSC
12.0,413,partially_reprogrammed
12.0,414,pre_iPSC
12.0,415,partially_reprogrammed
12.0,416,partially_reprogrammed
12.0,417,partially_reprogrammed
12.0,418,partially_reprogrammed
12.0,419,partially_reprogrammed
12.0,420,partially_reprogrammed
12.0,421,pre_iPSC
12.0,422,partially_reprogrammed
12.0,423,partially_reprogrammed
12.0,424,pre_iPSC
12.0,425,partially_reprogrammed
12.0,426,pre_iPSC
12.0,427,pre_iPSC
12.0,428,partially_reprogrammed
12.0,429,partially_reprogrammed
12.0,430,pre_iPSC
12.0,431,partially_reprogrammed
12.0,432,partially_reprogrammed
12.0,433,partially_reprogrammed
12.0,434,pre_iPSC
12.0,435,pre_iPSC
12.0,436,pre_iPSC
12.0,437,partially_reprogrammed
12.0,438,pre_iPSC
12.0,439,partially_reprogrammed
12.0,440,partially_reprogrammed
12.0,441,pre_iPSC
12.0,442,pre_iPSC
12.0,443,partially_reprogrammed
12.0,444,partially_reprogrammed
12.0,445,partially_reprogrammed
12.0,446,partially_reprogrammed
12.0,447,pre_iPSC
12.0,448,pre_iPSC
12.0,449,partially_reprogrammed
12.0,450,partially_reprogrammed
12.0,451,pre_iPSC
12.0,452,pre_iPSC
12.0,453,partially_reprogrammed
12.0,454,pre_iPSC
12.0,455,partially_reprogrammed
12.0,456,pre_iPSC
12.0,457,pre_iPSC
12.0,458,partially_reprogrammed
12.0,459,pre_iPSC
12.0,460,partially_reprogrammed
12.0,461,partially_reprogrammed
12.0,462,pre_iPSC
12.0,463,pre_iPSC
12.0,464,partially_reprogrammed
12.0,465,partially_reprogrammed
12.0,466,pre_iPSC
12.0,467,partially_reprogrammed
12.0,468,pre_iPSC
12.0,469,pre_iPSC
12.0,470,partially_reprogrammed
12.0,471,partially_reprogrammed
12.0,472,pre_iPSC
12.0,473,pre_iPSC
12.0,474,partially_reprogrammed
12.0,475,pre_iPSC
12.0,476,partially_reprogrammed
12.0,477,pre_iPSC
12.0,478,pre_iPSC
12.0,479,partially_reprogrammed
12.0,480,partially_reprogrammed
12.0,481,pre_iPSC
12.0,482,partially_reprogrammed
12.0,483,partially_reprogrammed
12.0,484,pre_iPSC
12.0,485,pre_iPSC
12.0,486,partially_reprogrammed
12.0,487,pre_iPSC
12.0,488,pre_iPSC
12.0,489,partially_reprogrammed
12.0,490,pre_iPSC
12.0,491,pre_iPSC
12.0,492,partially_reprogrammed
12.0,493,pre_iPSC
12.0,494,pre_iPSC
12.0,495,partially_reprogrammed
12.0,496,partially_reprogrammed
12.0,497,partially_reprogrammed
12.0,498,partially_reprogrammed
12.0,499,partially_reprogrammed
12.0,500,partially_reprogrammed
12.0,501,pre_iPSC
12.0,502,pre_iPSC
12.0,503,pre_iPSC
12.0,504,pre_iPSC
12.0,505,pre_iPSC
12.0,506,partially_reprogrammed
12.0,507,pre_iPSC
12.0,508,partially_reprogrammed
12.0,509,partially_reprogrammed
12.0,510,pre_iPSC
12.0,511,pre_iPSC
12.0,512,partially_reprogrammed
12.0,513,partially_reprogrammed
12.0,514,pre_iPSC
12.0,515,pre_iPSC
12.0,516,partially_reprogrammed
12.0,517,partially_reprogrammed
12.0,518,pre_iPSC
12.0,519,partially_reprogrammed
12.0,520,pre_iPSC
12.0,521,pre_iPSC
12.0,522,partially_reprogrammed
12.0,523,partially_reprogrammed
12.0,524,pre_iPSC
12.0,525,partially_reprogrammed
12.0,526,pre_iPSC
12.0,527,partially_reprogrammed
12.0,528,pre_iPSC
12.0,529,partially_reprogrammed
12.0,530,pre_iPSC
12.0,531,pre_iPSC
12.0,532,pre_iPSC
12.0,533,partially_reprogrammed
12.0,534,pre_iPSC
12.0,535,partially_reprogrammed
12.0,536,partially_reprogrammed
12.0,537,partially_reprogrammed
12.0,538,partially_reprogrammed
12.0,539,partially_reprogrammed
12.0,540,partially_reprogrammed
12.0,541,pre_iPSC
12.0,542,pre_iPSC
12.0,543,pre_iPSC
12.0,544,partially_reprogrammed
12.0,545,pre_iPSC
12.0,546,partially_reprogrammed
12.0,547,pre_iPSC
12.0,548,pre_iPSC
12.0,549,partially_reprogrammed
12.0,550,pre_iPSC
12.0,551,partially_reprogrammed
12.0,552,partially_reprogrammed
12.0,553,partially_reprogrammed
12.0,554,partially_reprogrammed
12.0,555,partially_reprogrammed
12.0,556,partially_reprogrammed
12.0,557,pre_iPSC
12.0,558,partially_reprogrammed
12.0,559,partially_reprogrammed
12.0,560,pre_iPSC
12.0,561,pre_iPSC
12.0,562,pre_iPSC
12.0,563,pre_iPSC
12.0,564,pre_iPSC
12.0,565,pre_iPSC
12.0,566,pre_iPSC
12.0,567,pre_iPSC
12.0,568,pre_iPSC
12.0,569,partially_reprogrammed
12.0,570,pre_iPSC
12.0,571,partially_reprogrammed
12.0,572,partially_reprogrammed
12.0,573,partially_reprogrammed
12.0,574,partially_reprogrammed
12.0,575,partially_reprogrammed
12.0,576,pre_iPSC
12.0,577,pre_iPSC
12.0,578,partially_reprogrammed
12.0,579,pre_iPSC
12.0,580,partially_reprogrammed
12.0,581,pre_iPSC
12.0,582,pre_iPSC
12.0,583,partially_reprogrammed
12.0,584,pre_iPSC
12.0,585,partially_reprogrammed
12.0,586,partially_reprogrammed
12.0,587,partially_reprogrammed
12.0,588,partially_reprogrammed
12.0,589,partially_reprogrammed
12.0,590,partially_reprogrammed
12.0,591,pre_iPSC
12.0,592,partially_reprogrammed
12.0,593,partially_reprogrammed
12.0,594,partially_reprogrammed
12.0,595,partially_reprogrammed
12.0,596,partially_reprogrammed
12.0,597,pre_iPSC
12.0,598,partially_reprogrammed
12.0,599,pre_iPSC
12.0,600,pre_iPSC
12.0,601,pre_iPSC
12.0,602,pre_iPSC
12.0,603,partially_reprogrammed
12.0,604,partially_reprogrammed
12.0,605,pre_iPSC
12.0,606,partially_reprogrammed
12.0,607,partially_reprogrammed
12.0,608,pre_iPSC
12.0,609,pre_iPSC
12.0,610,pre_iPSC
12.0,611,pre_iPSC
12.0,612,partially_reprogrammed
12.0,613,pre_iPSC
12.0,614,pre_iPSC
12.0,615,pre_iPSC
12.0,616,pre_iPSC
12.0,617,partially_reprogrammed
12.0,618,pre_iPSC
12.0,619,partially_reprogrammed
12.0,620,partially_reprogrammed
12.0,621,partially_reprogrammed
12.0,622,partially_reprogrammed
12.0,623,partially_reprogrammed
12.0,624,partially_reprogrammed
12.0,625,partially_reprogrammed
12.0,626,partially_reprogrammed
12.0,627,pre_iPSC
12.0,628,partially_reprogrammed
12.0,629,partially_reprogrammed
12.0,630,pre_iPSC
12.0,631,pre_iPSC
12.0,632,pre_iPSC
12.0,633,partially_reprogrammed
12.0,634,pre_iPSC
12.0,635,pre_iPSC
12.0,636,partially_reprogrammed
12.0,637,partially_reprogrammed
12.0,638,pre_iPSC
12.0,639,partially_reprogrammed
12.0,640,pre_iPSC
12.0,641,partially_reprogrammed
12.0,642,partially_reprogrammed
12.0,643,pre_iPSC
12.0,644,partially_reprogrammed
12.0,645,pre_iPSC
12.0,646,partially_reprogrammed
12.0,647,pre_iPSC
12.0,648,pre_iPSC
12.0,649,pre_iPSC
12.0,650,pre_iPSC
12.0,651,partially_reprogrammed
12.0,652,pre_iPSC
12.0,653,pre_iPSC
12.0,654,pre_iPSC
12.0,655,pre_iPSC
12.0,656,pre_iPSC
12.0,657,pre_iPSC
12.0,658,partially_reprogrammed
12.0,659,pre_iPSC
12.0,660,partially_reprogrammed
12.0,661,pre_iPSC
12.0,662,partially_reprogrammed
12.0,663,pre_iPSC
12.0,664,pre_iPSC
12.0,665,partially_reprogrammed
12.0,666,pre_iPSC
12.0,667,partially_reprogrammed
12.0,668,pre_iPSC
12.0,669,partially_reprogrammed
12.0,670,partially_reprogrammed
12.0,671,partially_reprogrammed
12.0,672,pre_iPSC
12.0,673,partially_reprogrammed
12.0,674,partially_reprogrammed
12.0,675,pre_iPSC
12.0,676,pre_iPSC
12.0,677,pre_iPSC
12.0,678,pre_iPSC
12.0,679,pre_iPSC
12.0,680,pre_iPSC
12.0,681,pre_iPSC
12.0,682,partially_reprogrammed
12.0,683,partially_reprogrammed
12.0,684,primary_intermediate
12.0,685,partially_reprogrammed
12.0,686,partially_reprogrammed
12.0,687,partially_reprogrammed
12.0,688,partially_reprogrammed
12.0,689,pre_iPSC
12.0,690,pre_iPSC
12.0,691,pre_iPSC
12.0,692,pre_iPSC
12.0,693,partially_reprogrammed
12.0,694,pre_iPSC
12.0,695,partially_reprogrammed
12.0,696,partially_reprogrammed
12.0,697,partially_reprogrammed
12.0,698,pre_iPSC
12.0,699,partially_reprogrammed
12.0,700,pre_iPSC
12.0,701,pre_iPSC
12.0,702,pre_iPSC
12.0,703,pre_iPSC
12.0,704,partially_reprogrammed
12.0,705,pre_iPSC
12.0,706,partially_reprogrammed
12.0,707,partially_reprogrammed
12.0,708,pre_iPSC
12.0,709,partially_reprogrammed
12.0,710,pre_iPSC
12.0,711,partially_reprogrammed
12.0,712,pre_iPSC
12.0,713,partially_reprogrammed
12.0,714,partially_reprogrammed
12.0,715,pre_iPSC
12.0,716,partially_reprogrammed
12.0,717,partially_reprogrammed
12.0,718,partially_reprogrammed
12.0,719,pre_iPSC
12.0,720,partially_reprogrammed
12.0,721,partially_reprogrammed
12.0,722,pre_iPSC
12.0,723,partially_reprogrammed
12.0,724,partially_reprogrammed
12.0,725,pre_iPSC
12.0,726,partially_reprogrammed
12.0,727,pre_iPSC
12.0,728,partially_reprogrammed
12.0,729,pre_iPSC
12.0,730,pre_iPSC
12.0,731,partially_reprogrammed
12.0,732,partially_reprogrammed
12.0,733,pre_iPSC
12.0,734,partially_reprogrammed
12.0,735,pre_iPSC
12.0,736,pre_iPSC
12.0,737,pre_iPSC
12.0,738,pre_iPSC
12.0,739,partially_reprogrammed
12.0,740,pre_iPSC
12.0,741,pre_iPSC
12.0,742,pre_iPSC
12.0,743,pre_iPSC
12.0,744,partially_reprogrammed
12.0,745,partially_reprogrammed
12.0,746,partially_reprogrammed
12.0,747,partially_reprogrammed
12.0,748,partially_reprogrammed
12.0,749,partially_reprogrammed
12.0,750,partially_reprogrammed
12.0,751,partially_reprogrammed
12.0,752,partially_reprogrammed
12.0,753,pre_iPSC
12.0,754,partially_reprogrammed
12.0,755,partially_reprogrammed
12.0,756,partially_reprogrammed
12.0,757,pre_iPSC
12.0,758,pre_iPSC
12.0,759,partially_reprogrammed
12.0,760,pre_iPSC
12.0,761,pre_iPSC
12.0,762,partially_reprogrammed
12.0,763,pre_iPSC
12.0,764,partially_reprogrammed
12.0,765,pre_iPSC
12.0,766,partially_reprogrammed
12.0,767,partially_reprogrammed
12.0,768,pre_iPSC
12.0,769,pre_iPSC
12.0,770,partially_reprogrammed
12.0,771,pre_iPSC
12.0,772,partially_reprogrammed
12.0,773,pre_iPSC
12.0,774,pre_iPSC
12.0,775,pre_iPSC
12.0,776,pre_iPSC
12.0,777,partially_reprogrammed
12.0,778,pre_iPSC
12.0,779,partially_reprogrammed
12.0,780,partially_reprogrammed
12.0,781,pre_iPSC
12.0,782,pre_iPSC
12.0,783,pre_iPSC
12.0,784,partially_reprogrammed
12.0,785,partially_reprogrammed
12.0,786,partially_reprogrammed
12.0,787,pre_iPSC
12.0,788,pre_iPSC
12.0,789,partially_reprogrammed
12.0,790,pre_iPSC
12.0,791,pre_iPSC
12.0,792,partially_reprogrammed
12.0,793,partially_reprogrammed
12.0,794,pre_iPSC
12.0,795,partially_reprogrammed
12.0,796,primary_intermediate
12.0,797,partially_reprogrammed
12.0,798,partially_reprogrammed
12.0,799,pre_iPSC
12.0,800,partially_reprogrammed
12.0,801,partially_reprogrammed
12.0,802,pre_iPSC
12.0,803,pre_iPSC
12.0,804,partially_reprogrammed
12.0,805,partially_reprogrammed
12.0,806,pre_iPSC
12.0,807,partially_reprogrammed
12.0,808,partially_reprogrammed
12.0,809,partially_reprogrammed
12.0,810,partially_reprogrammed
12.0,811,partially_reprogrammed
12.0,812,pre_iPSC
12.0,813,partially_reprogrammed
12.0,814,pre_iPSC
12.0,815,partially_reprogrammed
12.0,816,partially_reprogrammed
12.0,817,pre_iPSC
12.0,818,pre_iPSC
12.0,819,partially_reprogrammed
12.0,820,pre_iPSC
12.0,821,partially_reprogrammed
12.0,822,partially_reprogrammed
12.0,823,partially_reprogrammed
12.0,824,pre_iPSC
12.0,825,partially_reprogrammed
12.0,826,pre_iPSC
12.0,827,partially_reprogrammed
12.0,828,partially_reprogrammed
12.0,829,pre_iPSC
12.0,830,pre_iPSC
12.0,831,partially_reprogrammed
12.0,832,partially_reprogrammed
12.0,833,partially_reprogrammed
12.0,834,partially_reprogrammed
12.0,835,pre_iPSC
12.0,836,partially_reprogrammed
12.0,837,pre_iPSC
12.0,838,partially_reprogrammed
12.0,839,partially_reprogrammed
12.0,840,pre_iPSC
12.0,841,partially_reprogrammed
12.0,842,partially_reprogrammed
12.0,843,pre_iPSC
12.0,844,partially_reprogrammed
12.0,845,pre_iPSC
12.0,846,partially_reprogrammed
12.0,847,partially_reprogrammed
12.0,848,partially_reprogrammed
12.0,849,pre_iPSC
12.0,850,partially_reprogrammed
12.0,851,pre_iPSC
12.0,852,pre_iPSC
12.0,853,pre_iPSC
12.0,854,partially_reprogrammed
12.0,855,pre_iPSC
12.0,856,partially_reprogrammed
12.0,857,pre_iPSC
12.0,858,partially_reprogrammed
12.0,859,partially_reprogrammed
12.0,860,pre_iPSC
12.0,861,pre_iPSC
12.0,862,pre_iPSC
12.0,863,partially_reprogrammed
12.0,864,pre_iPSC
12.0,865,pre_iPSC
12.0,866,partially_reprogrammed
12.0,867,pre_iPSC
12.0,868,pre_iPSC
12.0,869,pre_iPSC
12.0,870,pre_iPSC
12.0,871,partially_reprogrammed
12.0,872,partially_reprogrammed
12.0,873,pre_iPSC
12.0,874,partially_reprogrammed
12.0,875,pre_iPSC
12.0,876,pre_iPSC
12.0,877,partially_reprogrammed
12.0,878,partially_reprogrammed
12.0,879,pre_iPSC
12.0,880,pre_iPSC
12.0,881,partially_reprogrammed
12.0,882,partially_reprogrammed
12.0,883,pre_iPSC
12.0,884,pre_iPSC
12.0,885,partially_reprogrammed
12.0,886,partially_reprogrammed
12.0,887,partially_reprogrammed
12.0,888,pre_iPSC
12.0,889,pre_iPSC
12.0,890,partially_reprogrammed
12.0,891,partially_reprogrammed
12.0,892,pre_iPSC
12.0,893,partially_reprogrammed
12.0,894,pre_iPSC
12.0,895,pre_iPSC
12.0,896,partially_reprogrammed
12.0,897,partially_reprogrammed
12.0,898,partially_reprogrammed
12.0,899,pre_iPSC
12.0,900,partially_reprogrammed
12.0,901,pre_iPSC
12.0,902,partially_reprogrammed
12.0,903,pre_iPSC
12.0,904,primary_intermediate
12.0,905,pre_iPSC
12.0,906,partially_reprogrammed
12.0,907,pre_iPSC
12.0,908,partially_reprogrammed
12.0,909,partially_reprogrammed
12.0,910,pre_iPSC
12.0,911,pre_iPSC
12.0,912,partially_reprogrammed
12.0,913,partially_reprogrammed
12.0,914,pre_iPSC
12.0,915,pre_iPSC
12.0,916,partially_reprogrammed
12.0,917,partially_reprogrammed
12.0,918,partially_reprogrammed
12.0,919,primary_intermediate
12.0,920,pre_iPSC
12.0,921,pre_iPSC
12.0,922,partially_reprogrammed
12.0,923,pre_iPSC
12.0,924,pre_iPSC
12.0,925,partially_reprogrammed
12.0,926,partially_reprogrammed
12.0,927,partially_reprogrammed
12.0,928,partially_reprogrammed
12.0,929,pre_iPSC
12.0,930,partially_reprogrammed
12.0,931,pre_iPSC
12.0,932,partially_reprogrammed
12.0,933,pre_iPSC
12.0,934,partially_reprogrammed
12.0,935,partially_reprogrammed
12.0,936,pre_iPSC
12.0,937,partially_reprogrammed
12.0,938,pre_iPSC
12.0,939,partially_reprogrammed
12.0,940,partially_reprogrammed
12.0,941,pre_iPSC
12.0,942,pre_iPSC
12.0,943,partially_reprogrammed
12.0,944,pre_iPSC
12.0,945,pre_iPSC
12.0,946,pre_iPSC
12.0,947,pre_iPSC
12.0,948,pre_iPSC
12.0,949,pre_iPSC
12.0,950,pre_iPSC
12.0,951,partially_reprogrammed
12.0,952,pre_iPSC
12.0,953,pre_iPSC
12.0,954,partially_reprogrammed
12.0,955,pre_iPSC
12.0,956,partially_reprogrammed
12.0,957,pre_iPSC
12.0,958,partially_reprogrammed
12.0,959,partially_reprogrammed
12.0,960,partially_reprogrammed
12.0,961,partially_reprogrammed
12.0,962,pre_iPSC
12.0,963,pre_iPSC
12.0,964,partially_reprogrammed
12.0,965,pre_iPSC
12.0,966,pre_iPSC
12.0,967,pre_iPSC
12.0,968,pre_iPSC
12.0,969,partially_reprogrammed
12.0,970,partially_reprogrammed
12.0,971,pre_iPSC
12.0,972,partially_reprogrammed
12.0,973,pre_iPSC
12.0,974,partially_reprogrammed
12.0,975,pre_iPSC
12.0,976,pre_iPSC
12.0,977,pre_iPSC
12.0,978,pre_iPSC
12.0,979,pre_iPSC
12.0,980,partially_reprogrammed
12.0,981,pre_iPSC
12.0,982,partially_reprogrammed
12.0,983,pre_iPSC
12.0,984,partially_reprogrammed
12.0,985,pre_iPSC
12.0,986,partially_reprogrammed
12.0,987,primary_intermediate
12.0,988,primary_intermediate
12.0,989,partially_reprogrammed
12.0,990,pre_iPSC
12.0,991,partially_reprogrammed
12.0,992,pre_iPSC
12.0,993,partially_reprogrammed
12.0,994,partially_reprogrammed
12.0,995,pre_iPSC
12.0,996,pre_iPSC
12.0,997,partially_reprogrammed
12.0,998,partially_reprogrammed
12.0,999,pre_iPSC
12.0,1000,pre_iPSC
12.0,1001,partially_reprogrammed
12.0,1002,pre_iPSC
12.0,1003,pre_iPSC
12.0,1004,pre_iPSC
12.0,1005,pre_iPSC
12.0,1006,partially_reprogrammed
12.0,1007,partially_reprogrammed
12.0,1008,partially_reprogrammed
12.0,1009,partially_reprogrammed
12.0,1010,pre_iPSC
12.0,1011,partially_reprogrammed
12.0,1012,pre_iPSC
12.0,1013,pre_iPSC
12.0,1014,partially_reprogrammed
12.0,1015,pre_iPSC
12.0,1016,fibroblast_like_stalled
12.0,1017,partially_reprogrammed
12.0,1018,pre_iPSC
12.0,1019,pre_iPSC
12.0,1020,pre_iPSC
12.0,1021,partially_reprogrammed
12.0,1022,pre_iPSC
12.0,1023,partially_reprogrammed
12.0,1024,partially_reprogrammed
12.0,1025,pre_iPSC
12.0,1026,primary_intermediate
12.0,1027,partially_reprogrammed
12.0,1028,pre_iPSC
12.0,1029,pre_iPSC
12.0,1030,pre_iPSC
12.0,1031,partially_reprogrammed
12.0,1032,partially_reprogrammed
12.0,1033,partially_reprogrammed
12.0,1034,partially_reprogrammed
12.0,1035,pre_iPSC
12.0,1036,pre_iPSC
12.0,1037,partially_reprogrammed
12.0,1038,pre_iPSC
12.0,1039,partially_reprogrammed
12.0,1040,partially_reprogrammed
12.0,1041,pre_iPSC
12.0,1042,pre_iPSC
12.0,1043,partially_reprogrammed
12.0,1044,partially_reprogrammed
12.0,1045,partially_reprogrammed
12.0,1046,partially_reprogrammed
12.0,1047,pre_iPSC
12.0,1048,partially_reprogrammed
12.0,1049,pre_iPSC
12.0,1050,pre_iPSC
12.0,1051,pre_iPSC
12.0,1052,pre_iPSC
12.0,1053,partially_reprogrammed
12.0,1054,pre_iPSC
12.0,1055,partially_reprogrammed
12.0,1056,pre_iPSC
12.0,1057,pre_iPSC
12.0,1058,partially_reprogrammed
12.0,1059,partially_reprogrammed
12.0,1060,pre_iPSC
12.0,1061,pre_iPSC
12.0,1062,partially_reprogrammed
12.0,1063,pre_iPSC
12.0,1064,pre_iPSC
12.0,1065,pre_iPSC
12.0,1066,partially_reprogrammed
12.0,1067,pre_iPSC
12.0,1068,partially_reprogrammed
12.0,1069,partially_reprogrammed
12.0,1070,pre_iPSC
12.0,1071,partially_reprogrammed
12.0,1072,pre_iPSC
12.0,1073,partially_reprogrammed
12.0,1074,partially_reprogrammed
12.0,1075,partially_reprogrammed
12.0,1076,partially_reprogrammed
12.0,1077,pre_iPSC
12.0,1078,partially_reprogrammed
12.0,1079,pre_iPSC
12.0,1080,partially_reprogrammed
12.0,1081,pre_iPSC
12.0,1082,pre_iPSC
12.0,1083,pre_iPSC
12.0,1084,partially_reprogrammed
12.0,1085,pre_iPSC
12.0,1086,partially_reprogrammed
12.0,1087,pre_iPSC
12.0,1088,pre_iPSC
12.0,1089,pre_iPSC
12.0,1090,partially_reprogrammed
12.0,1091,partially_reprogrammed
12.0,1092,partially_reprogrammed
12.0,1093,partially_reprogrammed
12.0,1094,partially_reprogrammed
12.0,1095,pre_iPSC
12.0,1096,partially_reprogrammed
12.0,1097,pre_iPSC
12.0,1098,pre_iPSC
12.0,1099,pre_iPSC
12.0,1100,partially_reprogrammed
12.0,1101,pre_iPSC
12.0,1102,pre_iPSC
12.0,1103,partially_reprogrammed
12.0,1104,pre_iPSC
12.0,1105,pre_iPSC
12.0,1106,pre_iPSC
12.0,1107,partially_reprogrammed
12.0,1108,pre_iPSC
12.0,1109,pre_iPSC
12.0,1110,partially_reprogrammed
12.0,1111,pre_iPSC
12.0,1112,pre_iPSC
12.0,1113,pre_iPSC
12.0,1114,pre_iPSC
12.0,1115,pre_iPSC
12.0,1116,pre_iPSC
12.0,1117,pre_iPSC
12.0,1118,partially_reprogrammed
12.0,1119,partially_reprogrammed
12.0,1120,pre_iPSC
12.0,1121,partially_reprogrammed
12.0,1122,pre_iPSC
12.0,1123,partially_reprogrammed
12.0,1124,partially_reprogrammed
12.0,1125,pre_iPSC
12.0,1126,partially_reprogrammed
12.0,1127,partially_reprogrammed
12.0,1128,partially_reprogrammed
12.0,1129,pre_iPSC
12.0,1130,pre_iPSC
12.0,1131,partially_reprogrammed
12.0,1132,partially_reprogrammed
12.0,1133,pre_iPSC
12.0,1134,partially_reprogrammed
12.0,1135,partially_reprogrammed
12.0,1136,pre_iPSC
12.0,1137,partially_reprogrammed
12.0,1138,partially_reprogrammed
12.0,1139,partially_reprogrammed
12.0,1140,pre_iPSC
12.0,1141,partially_reprogrammed
12.0,1142,partially_reprogrammed
12.0,1143,partially_reprogrammed
12.0,1144,pre_iPSC
12.0,1145,partially_reprogrammed
12.0,1146,pre_iPSC
12.0,1147,pre_iPSC
12.0,1148,pre_iPSC
12.0,1149,partially_reprogrammed
12.0,1150,partially_reprogrammed
12.0,1151,partially_reprogrammed
12.0,1152,pre_iPSC
12.0,1153,pre_iPSC
12.0,1154,pre_iPSC
12.0,1155,pre_iPSC
12.0,1156,pre_iPSC
12.0,1157,pre_iPSC
12.0,1158,partially_reprogrammed
12.0,1159,partially_reprogrammed
12.0,1160,pre_iPSC
12.0,1161,pre_iPSC
12.0,1162,partially_reprogrammed
12.0,1163,pre_iPSC
12.0,1164,partially_reprogrammed
12.0,1165,partially_reprogrammed
12.0,1166,pre_iPSC
12.0,1167,partially_reprogrammed
12.0,1168,pre_iPSC
12.0,1169,partially_reprogrammed
12.0,1170,partially_reprogrammed
12.0,1171,pre_iPSC
12.0,1172,partially_reprogrammed
12.0,1173,partially_reprogrammed
12.0,1174,partially_reprogrammed
12.0,1175,partially_reprogrammed
12.0,1176,partially_reprogrammed
12.0,1177,partially_reprogrammed
12.0,1178,partially_reprogrammed
12.0,1179,partially_reprogrammed
12.0,1180,pre_iPSC
12.0,1181,pre_iPSC
12.0,1182,pre_iPSC
12.0,1183,partially_reprogrammed
12.0,1184,pre_iPSC
12.0,1185,partially_reprogrammed
12.0,1186,pre_iPSC
12.0,1187,partially_reprogrammed
12.0,1188,pre_iPSC
12.0,1189,partially_reprogrammed
12.0,1190,pre_iPSC
12.0,1191,partially_reprogrammed
12.0,1192,partially_reprogrammed
12.0,1193,pre_iPSC
12.0,1194,pre_iPSC
12.0,1195,pre_iPSC
12.0,1196,pre_iPSC
12.0,1197,pre_iPSC
12.0,1198,pre_iPSC
12.0,1199,partially_reprogrammed
12.0,1200,partially_reprogrammed
12.0,1201,partially_reprogrammed
12.0,1202,pre_iPSC
12.0,1203,partially_reprogrammed
12.0,1204,pre_iPSC
12.0,1205,partially_reprogrammed
12.0,1206,partially_reprogrammed
12.0,1207,partially_reprogrammed
12.0,1208,pre_iPSC
12.0,1209,partially_reprogrammed
12.0,1210,partially_reprogrammed
12.0,1211,partially_reprogrammed
12.0,1212,pre_iPSC
12.0,1213,pre_iPSC
12.0,1214,partially_reprogrammed
12.0,1215,partially_reprogrammed
12.0,1216,pre_iPSC
12.0,1217,pre_iPSC
12.0,1218,pre_iPSC
12.0,1219,pre_iPSC
12.0,1220,pre_iPSC
12.0,1221,partially_reprogrammed
12.0,1222,partially_reprogrammed
12.0,1223,pre_iPSC
12.0,1224,pre_iPSC
12.0,1225,pre_iPSC
12.0,1226,pre_iPSC
12.0,1227,pre_iPSC
12.0,1228,partially_reprogrammed
12.0,1229,pre_iPSC
12.0,1230,partially_reprogrammed
12.0,1231,pre_iPSC
12.0,1232,partially_reprogrammed
12.0,1233,pre_iPSC
12.0,1234,pre_iPSC
12.0,1235,partially_reprogrammed
12.0,1236,pre_iPSC
12.0,1237,pre_iPSC
12.0,1238,partially_reprogrammed
12.0,1239,partially_reprogrammed
12.0,1240,partially_reprogrammed
12.0,1241,partially_reprogrammed
12.0,1242,partially_reprogrammed
12.0,1243,partially_reprogrammed
12.0,1244,pre_iPSC
12.0,1245,pre_iPSC
12.0,1246,pre_iPSC
12.0,1247,partially_reprogrammed
12.0,1248,partially_reprogrammed
12.0,1249,partially_reprogrammed
12.0,1250,pre_iPSC
12.0,1251,pre_iPSC
12.0,1252,partially_reprogrammed
12.0,1253,partially_reprogrammed
12.0,1254,partially_reprogrammed
12.0,1255,pre_iPSC
12.0,1256,pre_iPSC
12.0,1257,pre_iPSC
12.0,1258,partially_reprogrammed
12.0,1259,partially_reprogrammed
12.0,1260,pre_iPSC
12.0,1261,pre_iPSC
12.0,1262,partially_reprogrammed
12.0,1263,partially_reprogrammed
12.0,1264,pre_iPSC
12.0,1265,partially_reprogrammed
12.0,1266,pre_iPSC
12.0,1267,partially_reprogrammed
12.0,1268,partially_reprogrammed
12.0,1269,pre_iPSC
12.0,1270,partially_reprogrammed
12.0,1271,partially_reprogrammed
12.0,1272,pre_iPSC
12.0,1273,pre_iPSC
12.0,1274,pre_iPSC
12.0,1275,partially_reprogrammed
12.0,1276,partially_reprogrammed
12.0,1277,pre_iPSC
12.0,1278,pre_iPSC
12.0,1279,pre_iPSC
12.0,1280,partially_reprogrammed
12.0,1281,pre_iPSC
12.0,1282,partially_reprogrammed
12.0,1283,pre_iPSC
12.0,1284,pre_iPSC
12.0,1285,pre_iPSC
12.0,1286,partially_reprogrammed
12.0,1287,partially_reprogrammed
12.0,1288,pre_iPSC
12.0,1289,pre_iPSC
12.0,1290,partially_reprogrammed
12.0,1291,pre_iPSC
12.0,1292,partially_reprogrammed
12.0,1293,partially_reprogrammed
12.0,1294,pre_iPSC
12.0,1295,partially_reprogrammed
12.0,1296,partially_reprogrammed
12.0,1297,pre_iPSC
12.0,1298,pre_iPSC
12.0,1299,primary_intermediate
12.0,1300,pre_iPSC
12.0,1301,partially_reprogrammed
12.0,1302,partially_reprogrammed
12.0,1303,pre_iPSC
12.0,1304,partially_reprogrammed
12.0,1305,pre_iPSC
12.0,1306,pre_iPSC
12.0,1307,partially_reprogrammed
12.0,1308,partially_reprogrammed
12.0,1309,partially_reprogrammed
12.0,1310,pre_iPSC
12.0,1311,partially_reprogrammed
12.0,1312,partially_reprogrammed
12.0,1313,pre_iPSC
12.0,1314,pre_iPSC
12.0,1315,partially_reprogrammed
12.0,1316,pre_iPSC
12.0,1317,pre_iPSC
12.0,1318,partially_reprogrammed
12.0,1319,partially_reprogrammed
12.0,1320,pre_iPSC
12.0,1321,pre_iPSC
12.0,1322,pre_iPSC
12.0,1323,partially_reprogrammed
12.0,1324,pre_iPSC
12.0,1325,partially_reprogrammed
12.0,1326,partially_reprogrammed
12.0,1327,pre_iPSC
12.0,1328,pre_iPSC
12.0,1329,partially_reprogrammed
12.0,1330,partially_reprogrammed
12.0,1331,partially_reprogrammed
12.0,1332,pre_iPSC
12.0,1333,partially_reprogrammed
12.0,1334,partially_reprogrammed
12.0,1335,pre_iPSC
12.0,1336,partially_reprogrammed
12.0,1337,partially_reprogrammed
12.0,1338,partially_reprogrammed
12.0,1339,partially_reprogrammed
12.0,1340,partially_reprogrammed
12.0,1341,pre_iPSC
12.0,1342,pre_iPSC
12.0,1343,pre_iPSC
12.0,1344,partially_reprogrammed
12.0,1345,pre_iPSC
12.0,1346,pre_iPSC
12.0,1347,partially_reprogrammed
12.0,1348,partially_reprogrammed
12.0,1349,partially_reprogrammed
12.0,1350,pre_iPSC
12.0,1351,partially_reprogrammed
12.0,1352,pre_iPSC
12.0,1353,partially_reprogrammed
12.0,1354,pre_iPSC
12.0,1355,partially_reprogrammed
12.0,1356,pre_iPSC
12.0,1357,pre_iPSC
12.0,1358,pre_iPSC
12.0,1359,partially_reprogrammed
12.0,1360,pre_iPSC
12.0,1361,pre_iPSC
12.0,1362,pre_iPSC
12.0,1363,pre_iPSC
12.0,1364,partially_reprogrammed
12.0,1365,pre_iPSC
12.0,1366,pre_iPSC
12.0,1367,partially_reprogrammed
12.0,1368,partially_reprogrammed
12.0,1369,pre_iPSC
12.0,1370,pre_iPSC
12.0,1371,pre_iPSC
12.0,1372,pre_iPSC
12.0,1373,pre_iPSC
12.0,1374,partially_reprogrammed
12.0,1375,pre_iPSC
12.0,1376,partially_reprogrammed
12.0,1377,partially_reprogrammed
12.0,1378,partially_reprogrammed
12.0,1379,partially_reprogrammed
12.0,1380,pre_iPSC
12.0,1381,partially_reprogrammed
12.0,1382,partially_reprogrammed
12.0,1383,partially_reprogrammed
12.0,1384,partially_reprogrammed
12.0,1385,partially_reprogrammed
12.0,1386,pre_iPSC
12.0,1387,partially_reprogrammed
12.0,1388,pre_iPSC
12.0,1389,partially_reprogrammed
12.0,1390,pre_iPSC
12.0,1391,partially_reprogrammed
12.0,1392,pre_iPSC
12.0,1393,pre_iPSC
12.0,1394,pre_iPSC
12.0,1395,pre_iPSC
12.0,1396,partially_reprogrammed
12.0,1397,pre_iPSC
12.0,1398,partially_reprogrammed
12.0,1399,partially_reprogrammed
12.0,1400,partially_reprogrammed
12.0,1401,partially_reprogrammed
12.0,1402,pre_iPSC
12.0,1403,partially_reprogrammed
12.0,1404,pre_iPSC
12.0,1405,partially_reprogrammed
12.0,1406,partially_reprogrammed
12.0,1407,pre_iPSC
12.0,1408,pre_iPSC
12.0,1409,partially_reprogrammed
12.0,1410,partially_reprogrammed
12.0,1411,pre_iPSC
12.0,1412,pre_iPSC
12.0,1413,partially_reprogrammed
12.0,1414,pre_iPSC
12.0,1415,partially_reprogrammed
12.0,1416,pre_iPSC
12.0,1417,pre_iPSC
12.0,1418,partially_reprogrammed
12.0,1419,partially_reprogrammed
12.0,1420,pre_iPSC
12.0,1421,partially_reprogrammed
12.0,1422,pre_iPSC
12.0,1423,partially_reprogrammed
12.0,1424,pre_iPSC
12.0,1425,pre_iPSC
12.0,1426,pre_iPSC
12.0,1427,pre_iPSC
12.0,1428,pre_iPSC
12.0,1429,pre_iPSC
12.0,1430,partially_reprogrammed
12.0,1431,partially_reprogrammed
12.0,1432,pre_iPSC
12.0,1433,partially_reprogrammed
12.0,1434,pre_iPSC
12.0,1435,pre_iPSC
12.0,1436,partially_reprogrammed
12.0,1437,pre_iPSC
12.0,1438,partially_reprogrammed
12.0,1439,partially_reprogrammed
12.0,1440,partially_reprogrammed
12.0,1441,partially_reprogrammed
12.0,1442,partially_reprogrammed
12.0,1443,pre_iPSC
12.0,1444,pre_iPSC
12.0,1445,pre_iPSC
12.0,1446,pre_iPSC
12.0,1447,partially_reprogrammed
12.0,1448,partially_reprogrammed
12.0,1449,partially_reprogrammed
12.0,1450,partially_reprogrammed
12.0,1451,pre_iPSC
12.0,1452,pre_iPSC
12.0,1453,pre_iPSC
12.0,1454,partially_reprogrammed
12.0,1455,pre_iPSC
12.0,1456,pre_iPSC
12.0,1457,pre_iPSC
12.0,1458,pre_iPSC
12.0,1459,pre_iPSC
12.0,1460,pre_iPSC
12.0,1461,pre_iPSC
12.0,1462,pre_iPSC
12.0,1463,primary_intermediate
12.0,1464,partially_reprogrammed
12.0,1465,partially_reprogrammed
12.0,1466,pre_iPSC
12.0,1467,pre_iPSC
12.0,1468,pre_iPSC
12.0,1469,partially_reprogrammed
12.0,1470,partially_reprogrammed
12.0,1471,pre_iPSC
12.0,1472,pre_iPSC
12.0,1473,pre_iPSC
12.0,1474,partially_reprogrammed
12.0,1475,partially_reprogrammed
12.0,1476,pre_iPSC
12.0,1477,partially_reprogrammed
12.0,1478,partially_reprogrammed
12.0,1479,pre_iPSC
12.0,1480,partially_reprogrammed
12.0,1481,pre_iPSC
12.0,1482,pre_iPSC
12.0,1483,pre_iPSC
12.0,1484,partially_reprogrammed
12.0,1485,partially_reprogrammed
12.0,1486,partially_reprogrammed
12.0,1487,pre_iPSC
12.0,1488,pre_iPSC
12.0,1489,pre_iPSC
12.0,1490,pre_iPSC
12.0,1491,pre_iPSC
12.0,1492,partially_reprogrammed
12.0,1493,partially_reprogrammed
12.0,1494,partially_reprogrammed
12.0,1495,pre_iPSC
12.0,1496,pre_iPSC
12.0,1497,pre_iPSC
12.0,1498,pre_iPSC
12.0,1499,pre_iPSC
12.0,1500,pre_iPSC
12.0,1501,partially_reprogrammed
12.0,1502,partially_reprogrammed
12.0,1503,pre_iPSC
12.0,1504,pre_iPSC
12.0,1505,partially_reprogrammed
12.0,1506,partially_reprogrammed
12.0,1507,primary_intermediate
12.0,1508,partially_reprogrammed
12.0,1509,pre_iPSC
12.0,1510,pre_iPSC
12.0,1511,partially_reprogrammed
12.0,1512,partially_reprogrammed
12.0,1513,partially_reprogrammed
12.0,1514,partially_reprogrammed
12.0,1515,pre_iPSC
12.0,1516,partially_reprogrammed
12.0,1517,partially_reprogrammed
12.0,1518,partially_reprogrammed
12.0,1519,pre_iPSC
12.0,1520,pre_iPSC
12.0,1521,pre_iPSC
12.0,1522,partially_reprogrammed
12.0,1523,partially_reprogrammed
12.0,1524,partially_reprogrammed
12.0,1525,partially_reprogrammed
12.0,1526,pre_iPSC
12.0,1527,pre_iPSC
12.0,1528,partially_reprogrammed
12.0,1529,pre_iPSC
12.0,1530,partially_reprogrammed
12.0,1531,partially_reprogrammed
12.0,1532,pre_iPSC
12.0,1533,pre_iPSC
12.0,1534,pre_iPSC
12.0,1535,pre_iPSC
12.0,1536,partially_reprogrammed
12.0,1537,partially_reprogrammed
12.0,1538,partially_reprogrammed
12.0,1539,partially_reprogrammed
12.0,1540,partially_reprogrammed
12.0,1541,partially_reprogrammed
12.0,1542,pre_iPSC
12.0,1543,partially_reprogrammed
12.0,1544,pre_iPSC
12.0,1545,partially_reprogrammed
12.0,1546,partially_reprogrammed
12.0,1547,partially_reprogrammed
12.0,1548,pre_iPSC
12.0,1549,pre_iPSC
12.0,1550,pre_iPSC
12.0,1551,pre_iPSC
12.0,1552,partially_reprogrammed
12.0,1553,partially_reprogrammed
12.0,1554,pre_iPSC
12.0,1555,partially_reprogrammed
12.0,1556,pre_iPSC
12.0,1557,partially_reprogrammed
12.0,1558,pre_iPSC
12.0,1559,partially_reprogrammed
12.0,1560,pre_iPSC
12.0,1561,partially_reprogrammed
12.0,1562,partially_reprogrammed
12.0,1563,partially_reprogrammed
12.0,1564,partially_reprogrammed
12.0,1565,pre_iPSC
12.0,1566,partially_reprogrammed
12.0,1567,pre_iPSC
12.0,1568,partially_reprogrammed
12.0,1569,pre_iPSC
12.0,1570,partially_reprogrammed
12.0,1571,pre_iPSC
12.0,1572,pre_iPSC
12.0,1573,partially_reprogrammed
12.0,1574,pre_iPSC
12.0,1575,pre_iPSC
12.0,1576,partially_reprogrammed
12.0,1577,partially_reprogrammed
12.0,1578,partially_reprogrammed
12.0,1579,partially_reprogrammed
12.0,1580,pre_iPSC
12.0,1581,partially_reprogrammed
12.0,1582,partially_reprogrammed
12.0,1583,partially_reprogrammed
12.0,1584,pre_iPSC
12.0,1585,partially_reprogrammed
12.0,1586,partially_reprogrammed
12.0,1587,pre_iPSC
12.0,1588,pre_iPSC
12.0,1589,pre_iPSC
12.0,1590,pre_iPSC
12.0,1591,partially_reprogrammed
12.0,1592,pre_iPSC
12.0,1593,partially_reprogrammed
12.0,1594,pre_iPSC
12.0,1595,partially_reprogrammed
12.0,1596,partially_reprogrammed
12.0,1597,pre_iPSC
12.0,1598,partially_reprogrammed
12.0,1599,pre_iPSC
12.0,1600,pre_iPSC
12.0,1601,pre_iPSC
12.0,1602,partially_reprogrammed
12.0,1603,pre_iPSC
12.0,1604,partially_reprogrammed
12.0,1605,pre_iPSC
12.0,1606,pre_iPSC
12.0,1607,partially_reprogrammed
12.0,1608,partially_reprogrammed
12.0,1609,pre_iPSC
12.0,1610,partially_reprogrammed
12.0,1611,partially_reprogrammed
12.0,1612,partially_reprogrammed
12.0,1613,pre_iPSC
12.0,1614,pre_iPSC
12.0,1615,pre_iPSC
12.0,1616,partially_reprogrammed
12.0,1617,pre_iPSC
12.0,1618,pre_iPSC
12.0,1619,partially_reprogrammed
12.0,1620,pre_iPSC
12.0,1621,partially_reprogrammed
12.0,1622,pre_iPSC
12.0,1623,pre_iPSC
12.0,1624,pre_iPSC
12.0,1625,partially_reprogrammed
12.0,1626,pre_iPSC
12.0,1627,partially_reprogrammed
12.0,1628,partially_reprogrammed
12.0,1629,partially_reprogrammed
12.0,1630,pre_iPSC
12.0,1631,partially_reprogrammed
12.0,1632,pre_iPSC
12.0,1633,pre_iPSC
12.0,1634,partially_reprogrammed
12.0,1635,partially_reprogrammed
12.0,1636,partially_reprogrammed
12.0,1637,partially_reprogrammed
12.0,1638,pre_iPSC
12.0,1639,partially_reprogrammed
12.0,1640,partially_reprogrammed
12.0,1641,pre_iPSC
12.0,1642,partially_reprogrammed
12.0,1643,partially_reprogrammed
12.0,1644,pre_iPSC
12.0,1645,pre_iPSC
12.0,1646,pre_iPSC
12.0,1647,pre_iPSC
12.0,1648,partially_reprogrammed
12.0,1649,pre_iPSC
12.0,1650,pre_iPSC
12.0,1651,partially_reprogrammed
12.0,1652,pre_iPSC
12.0,1653,pre_iPSC
12.0,1654,pre_iPSC
12.0,1655,pre_iPSC
12.0,1656,partially_reprogrammed
12.0,1657,partially_reprogrammed
12.0,1658,pre_iPSC
12.0,1659,pre_iPSC
12.0,1660,pre_iPSC
12.0,1661,partially_reprogrammed
12.0,1662,partially_reprogrammed
12.0,1663,partially_reprogrammed
12.0,1664,pre_iPSC
12.0,1665,partially_reprogrammed
12.0,1666,partially_reprogrammed
12.0,1667,pre_iPSC
12.0,1668,partially_reprogrammed
12.0,1669,partially_reprogrammed
12.0,1670,partially_reprogrammed
12.0,1671,partially_reprogrammed
12.0,1672,partially_reprogrammed
12.0,1673,partially_reprogrammed
12.0,1674,partially_reprogrammed
12.0,1675,pre_iPSC
12.0,1676,partially_reprogrammed
12.0,1677,partially_reprogrammed
12.0,1678,pre_iPSC
12.0,1679,pre_iPSC
12.0,1680,partially_reprogrammed
12.0,1681,pre_iPSC
12.0,1682,partially_reprogrammed
12.0,1683,pre_iPSC
12.0,1684,pre_iPSC
12.0,1685,pre_iPSC
12.0,1686,pre_iPSC
12.0,1687,pre_iPSC
12.0,1688,pre_iPSC
12.0,1689,pre_iPSC
12.0,1690,partially_reprogrammed
12.0,1691,partially_reprogrammed
12.0,1692,partially_reprogrammed
12.0,1693,partially_reprogrammed
12.0,1694,partially_reprogrammed
12.0,1695,pre_iPSC
12.0,1696,partially_reprogrammed
12.0,1697,pre_iPSC
12.0,1698,pre_iPSC
12.0,1699,partially_reprogrammed
12.0,1700,partially_reprogrammed
12.0,1701,partially_reprogrammed
12.0,1702,partially_reprogrammed
12.0,1703,pre_iPSC
12.0,1704,pre_iPSC
12.0,1705,pre_iPSC
12.0,1706,pre_iPSC
12.0,1707,pre_iPSC
12.0,1708,pre_iPSC
12.0,1709,pre_iPSC
12.0,1710,partially_reprogrammed
12.0,1711,partially_reprogrammed
12.0,1712,pre_iPSC
12.0,1713,pre_iPSC
12.0,1714,partially_reprogrammed
12.0,1715,partially_reprogrammed
12.0,1716,partially_reprogrammed
12.0,1717,partially_reprogrammed
12.0,1718,partially_reprogrammed
12.0,1719,pre_iPSC
12.0,1720,partially_reprogrammed
12.0,1721,partially_reprogrammed
12.0,1722,pre_iPSC
12.0,1723,pre_iPSC
12.0,1724,partially_reprogrammed
12.0,1725,partially_reprogrammed
12.0,1726,pre_iPSC
12.0,1727,pre_iPSC
12.0,1728,pre_iPSC
12.0,1729,pre_iPSC
12.0,1730,pre_iPSC
12.0,1731,pre_iPSC
12.0,1732,pre_iPSC
12.0,1733,partially_reprogrammed
12.0,1734,partially_reprogrammed
12.0,1735,pre_iPSC
12.0,1736,partially_reprogrammed
12.0,1737,partially_reprogrammed
12.0,1738,partially_reprogrammed
12.0,1739,pre_iPSC
12.0,1740,partially_reprogrammed
12.0,1741,partially_reprogrammed
12.0,1742,pre_iPSC
12.0,1743,partially_reprogrammed
12.0,1744,pre_iPSC
12.0,1745,pre_iPSC
12.0,1746,partially_reprogrammed
12.0,1747,partially_reprogrammed
12.0,1748,partially_reprogrammed
12.0,1749,pre_iPSC
12.0,1750,pre_iPSC
12.0,1751,primary_intermediate
12.0,1752,partially_reprogrammed
12.0,1753,pre_iPSC
12.0,1754,pre_iPSC
12.0,1755,pre_iPSC
12.0,1756,partially_reprogrammed
12.0,1757,pre_iPSC
12.0,1758,pre_iPSC
12.0,1759,partially_reprogrammed
12.0,1760,pre_iPSC
12.0,1761,partially_reprogrammed
12.0,1762,pre_iPSC
12.0,1763,partially_reprogrammed
12.0,1764,pre_iPSC
12.0,1765,pre_iPSC
12.0,1766,pre_iPSC
12.0,1767,partially_reprogrammed
12.0,1768,partially_reprogrammed
12.0,1769,partially_reprogrammed
12.0,1770,pre_iPSC
12.0,1771,partially_reprogrammed
12.0,1772,pre_iPSC
12.0,1773,pre_iPSC
12.0,1774,partially_reprogrammed
12.0,1775,pre_iPSC
12.0,1776,pre_iPSC
12.0,1777,pre_iPSC
12.0,1778,partially_reprogrammed
12.0,1779,partially_reprogrammed
12.0,1780,pre_iPSC
12.0,1781,partially_reprogrammed
12.0,1782,partially_reprogrammed
12.0,1783,partially_reprogrammed
12.0,1784,partially_reprogrammed
12.0,1785,pre_iPSC
12.0,1786,partially_reprogrammed
12.0,1787,partially_reprogrammed
12.0,1788,partially_reprogrammed
12.0,1789,pre_iPSC
12.0,1790,partially_reprogrammed
12.0,1791,partially_reprogrammed
12.0,1792,partially_reprogrammed
12.0,1793,partially_reprogrammed
12.0,1794,partially_reprogrammed
12.0,1795,partially_reprogrammed
12.0,1796,pre_iPSC
12.0,1797,pre_iPSC
12.0,1798,partially_reprogrammed
12.0,1799,partially_reprogrammed
12.0,1800,pre_iPSC
12.0,1801,pre_iPSC
12.0,1802,pre_iPSC
12.0,1803,partially_reprogrammed
12.0,1804,partially_reprogrammed
12.0,1805,partially_reprogrammed
12.0,1806,pre_iPSC
12.0,1807,partially_reprogrammed
12.0,1808,pre_iPSC
12.0,1809,pre_iPSC
12.0,1810,partially_reprogrammed
12.0,1811,partially_reprogrammed
12.0,1812,partially_reprogrammed
12.0,1813,pre_iPSC
12.0,1814,pre_iPSC
12.0,1815,pre_iPSC
12.0,1816,pre_iPSC
12.0,1817,pre_iPSC
12.0,1818,pre_iPSC
12.0,1819,partially_reprogrammed
12.0,1820,pre_iPSC
12.0,1821,partially_reprogrammed
12.0,1822,pre_iPSC
12.0,1823,pre_iPSC
12.0,1824,partially_reprogrammed
12.0,1825,pre_iPSC
12.0,1826,partially_reprogrammed
12.0,1827,partially_reprogrammed
12.0,1828,partially_reprogrammed
12.0,1829,partially_reprogrammed
12.0,1830,partially_reprogrammed
12.0,1831,pre_iPSC
12.0,1832,partially_reprogrammed
12.0,1833,pre_iPSC
12.0,1834,partially_reprogrammed
12.0,1835,partially_reprogrammed
12.0,1836,partially_reprogrammed
12.0,1837,pre_iPSC
12.0,1838,partially_reprogrammed
12.0,1839,partially_reprogrammed
12.0,1840,partially_reprogrammed
12.0,1841,pre_iPSC
12.0,1842,pre_iPSC
12.0,1843,pre_iPSC
12.0,1844,partially_reprogrammed
12.0,1845,pre_iPSC
12.0,1846,pre_iPSC
12.0,1847,pre_iPSC
12.0,1848,pre_iPSC
12.0,1849,pre_iPSC
12.0,1850,partially_reprogrammed
12.0,1851,pre_iPSC
12.0,1852,pre_iPSC
12.0,1853,pre_iPSC
12.0,1854,partially_reprogrammed
12.0,1855,partially_reprogrammed
12.0,1856,partially_reprogrammed
12.0,1857,partially_reprogrammed
12.0,1858,partially_reprogrammed
12.0,1859,partially_reprogrammed
12.0,1860,partially_reprogrammed
12.0,1861,partially_reprogrammed
12.0,1862,partially_reprogrammed
12.0,1863,partially_reprogrammed
12.0,1864,pre_iPSC
12.0,1865,pre_iPSC
12.0,1866,partially_reprogrammed
12.0,1867,partially_reprogrammed
12.0,1868,partially_reprogrammed
12.0,1869,pre_iPSC
12.0,1870,partially_reprogrammed
12.0,1871,partially_reprogrammed
12.0,1872,pre_iPSC
12.0,1873,pre_iPSC
12.0,1874,partially_reprogrammed
12.0,1875,partially_reprogrammed
12.0,1876,pre_iPSC
12.0,1877,pre_iPSC
12.0,1878,partially_reprogrammed
12.0,1879,pre_iPSC
12.0,1880,partially_reprogrammed
12.0,1881,pre_iPSC
12.0,1882,partially_reprogrammed
12.0,1883,partially_reprogrammed
12.0,1884,partially_reprogrammed
12.0,1885,partially_reprogrammed
12.0,1886,partially_reprogrammed
12.0,1887,partially_reprogrammed
12.0,1888,pre_iPSC
12.0,1889,pre_iPSC
12.0,1890,partially_reprogrammed
12.0,1891,pre_iPSC
12.0,1892,pre_iPSC
12.0,1893,partially_reprogrammed
12.0,1894,partially_reprogrammed
12.0,1895,partially_reprogrammed
12.0,1896,partially_reprogrammed
12.0,1897,partially_reprogrammed
12.0,1898,pre_iPSC
12.0,1899,partially_reprogrammed
12.0,1900,primary_intermediate
12.0,1901,partially_reprogrammed
12.0,1902,partially_reprogrammed
12.0,1903,partially_reprogrammed
12.0,1904,pre_iPSC
12.0,1905,partially_reprogrammed
12.0,1906,partially_reprogrammed
12.0,1907,partially_reprogrammed
12.0,1908,partially_reprogrammed
12.0,1909,partially_reprogrammed
12.0,1910,pre_iPSC
12.0,1911,partially_reprogrammed
12.0,1912,pre_iPSC
12.0,1913,pre_iPSC
12.0,1914,pre_iPSC
12.0,1915,partially_reprogrammed
12.0,1916,pre_iPSC
12.0,1917,partially_reprogrammed
12.0,1918,partially_reprogrammed
12.0,1919,pre_iPSC
12.0,1920,pre_iPSC
12.0,1921,partially_reprogrammed
12.0,1922,partially_reprogrammed
12.0,1923,partially_reprogrammed
12.0,1924,partially_reprogrammed
12.0,1925,pre_iPSC
12.0,1926,pre_iPSC
12.0,1927,pre_iPSC
12.0,1928,pre_iPSC
12.0,1929,pre_iPSC
12.0,1930,partially_reprogrammed
12.0,1931,pre_iPSC
12.0,1932,partially_reprogrammed
12.0,1933,pre_iPSC
12.0,1934,pre_iPSC
12.0,1935,pre_iPSC
12.0,1936,pre_iPSC
12.0,1937,partially_reprogrammed
12.0,1938,primary_intermediate
12.0,1939,partially_reprogrammed
12.0,1940,pre_iPSC
12.0,1941,partially_reprogrammed
12.0,1942,partially_reprogrammed
12.0,1943,partially_reprogrammed
12.0,1944,pre_iPSC
12.0,1945,partially_reprogrammed
12.0,1946,pre_iPSC
12.0,1947,partially_reprogrammed
12.0,1948,partially_reprogrammed
12.0,1949,partially_reprogrammed
12.0,1950,pre_iPSC
12.0,1951,pre_iPSC
12.0,1952,pre_iPSC
12.0,1953,pre_iPSC
12.0,1954,partially_reprogrammed
12.0,1955,partially_reprogrammed
12.0,1956,partially_reprogrammed
12.0,1957,pre_iPSC
12.0,1958,pre_iPSC
12.0,1959,partially_reprogrammed
12.0,1960,pre_iPSC
12.0,1961,pre_iPSC
12.0,1962,partially_reprogrammed
12.0,1963,pre_iPSC
12.0,1964,partially_reprogrammed
12.0,1965,partially_reprogrammed
12.0,1966,partially_reprogrammed
12.0,1967,partially_reprogrammed
12.0,1968,primary_intermediate
12.0,1969,pre_iPSC
12.0,1970,partially_reprogrammed
12.0,1971,partially_reprogrammed
12.0,1972,pre_iPSC
12.0,1973,pre_iPSC
12.0,1974,pre_iPSC
12.0,1975,pre_iPSC
12.0,1976,partially_reprogrammed
12.0,1977,pre_iPSC
12.0,1978,pre_iPSC
12.0,1979,pre_iPSC
12.0,1980,partially_reprogrammed
12.0,1981,partially_reprogrammed
12.0,1982,partially_reprogrammed
12.0,1983,pre_iPSC
12.0,1984,partially_reprogrammed
12.0,1985,partially_reprogrammed
12.0,1986,pre_iPSC
12.0,1987,partially_reprogrammed
12.0,1988,partially_reprogrammed
12.0,1989,partially_reprogrammed
12.0,1990,partially_reprogrammed
12.0,1991,partially_reprogrammed
12.0,1992,partially_reprogrammed
12.0,1993,pre_iPSC
12.0,1994,partially_reprogrammed
12.0,1995,partially_reprogrammed
12.0,1996,pre_iPSC
12.0,1997,pre_iPSC
12.0,1998,pre_iPSC
12.0,1999,pre_iPSC
14.0,0,pre_iPSC
14.0,1,pre_iPSC
14.0,2,pre_iPSC
14.0,3,pre_iPSC
14.0,4,pre_iPSC
14.0,5,pre_iPSC
14.0,6,pre_iPSC
14.0,7,pre_iPSC
14.0,8,pre_iPSC
14.0,9,pre_iPSC
14.0,10,pre_iPSC
14.0,11,pre_iPSC
14.0,12,pre_iPSC
14.0,13,pre_iPSC
14.0,14,pre_iPSC
14.0,15,pre_iPSC
14.0,16,pre_iPSC
14.0,17,pre_iPSC
14.0,18,pre_iPSC
14.0,19,pre_iPSC
14.0,20,pre_iPSC
14.0,21,pre_iPSC
14.0,22,pre_iPSC
14.0,23,pre_iPSC
14.0,24,pre_iPSC
14.0,25,pre_iPSC
14.0,26,pre_iPSC
14.0,27,pre_iPSC
14.0,28,pre_iPSC
14.0,29,pre_iPSC
14.0,30,pre_iPSC
14.0,31,pre_iPSC
14.0,32,pre_iPSC
14.0,33,pre_iPSC
14.0,34,pre_iPSC
14.0,35,pre_iPSC
14.0,36,pre_iPSC
14.0,37,pre_iPSC
14.0,38,pre_iPSC
14.0,39,pre_iPSC
14.0,40,partially_reprogrammed
14.0,41,pre_iPSC
14.0,42,pre_iPSC
14.0,43,pre_iPSC
14.0,44,pre_iPSC
14.0,45,pre_iPSC
14.0,46,pre_iPSC
14.0,47,pre_iPSC
14.0,48,pre_iPSC
14.0,49,iPSC
14.0,50,pre_iPSC
14.0,51,pre_iPSC
14.0,52,pre_iPSC
14.0,53,pre_iPSC
14.0,54,pre_iPSC
14.0,55,pre_iPSC
14.0,56,pre_iPSC
14.0,57,pre_iPSC
14.0,58,pre_iPSC
14.0,59,pre_iPSC
14.0,60,pre_iPSC
14.0,61,pre_iPSC
14.0,62,pre_iPSC
14.0,63,pre_iPSC
14.0,64,iPSC
14.0,65,pre_iPSC
14.0,66,pre_iPSC
14.0,67,pre_iPSC
14.0,68,pre_iPSC
14.0,69,iPSC
14.0,70,pre_iPSC
14.0,71,pre_iPSC
14.0,72,pre_iPSC
14.0,73,pre_iPSC
14.0,74,pre_iPSC
14.0,75,pre_iPSC
14.0,76,pre_iPSC
14.0,77,pre_iPSC
14.0,78,pre_iPSC
14.0,79,pre_iPSC
14.0,80,iPSC
14.0,81,pre_iPSC
14.0,82,iPSC
14.0,83,pre_iPSC
14.0,84,pre_iPSC
14.0,85,pre_iPSC
14.0,86,pre_iPSC
14.0,87,pre_iPSC
14.0,88,pre_iPSC
14.0,89,pre_iPSC
14.0,90,pre_iPSC
14.0,91,pre_iPSC
14.0,92,pre_iPSC
14.0,93,pre_iPSC
14.0,94,pre_iPSC
14.0,95,pre_iPSC
14.0,96,pre_iPSC
14.0,97,pre_iPSC
14.0,98,pre_iPSC
14.0,99,pre_iPSC
14.0,100,pre_iPSC
14.0,101,pre_iPSC
14.0,102,pre_iPSC
14.0,103,pre_iPSC
14.0,104,pre_iPSC
14.0,105,pre_iPSC
14.0,106,pre_iPSC
14.0,107,pre_iPSC
14.0,108,iPSC
14.0,109,pre_iPSC
14.0,110,pre_iPSC
14.0,111,pre_iPSC
14.0,112,pre_iPSC
14.0,113,pre_iPSC
14.0,114,pre_iPSC
14.0,115,partially_reprogrammed
14.0,116,pre_iPSC
14.0,117,pre_iPSC
14.0,118,iPSC
14.0,119,pre_iPSC
14.0,120,pre_iPSC
14.0,121,pre_iPSC
14.0,122,pre_iPSC
14.0,123,pre_iPSC
14.0,124,pre_iPSC
14.0,125,pre_iPSC
14.0,126,pre_iPSC
14.0,127,pre_iPSC
14.0,128,pre_iPSC
14.0,129,pre_iPSC
14.0,130,pre_iPSC
14.0,131,pre_iPSC
14.0,132,pre_iPSC
14.0,133,pre_iPSC
14.0,134,pre_iPSC
14.0,135,pre_iPSC
14.0,136,pre_iPSC
14.0,137,pre_iPSC
14.0,138,pre_iPSC
14.0,139,pre_iPSC
14.0,140,pre_iPSC
14.0,141,pre_iPSC
14.0,142,pre_iPSC
14.0,143,partially_reprogrammed
14.0,144,partially_reprogrammed
14.0,145,pre_iPSC
14.0,146,pre_iPSC
14.0,147,pre_iPSC
14.0,148,pre_iPSC
14.0,149,pre_iPSC
14.0,150,pre_iPSC
14.0,151,pre_iPSC
14.0,152,pre_iPSC
14.0,153,pre_iPSC
14.0,154,pre_iPSC
14.0,155,iPSC
14.0,156,pre_iPSC
14.0,157,pre_iPSC
14.0,158,pre_iPSC
14.0,159,pre_iPSC
14.0,160,pre_iPSC
14.0,161,pre_iPSC
14.0,162,pre_iPSC
14.0,163,pre_iPSC
14.0,164,pre_iPSC
14.0,165,pre_iPSC
14.0,166,partially_reprogrammed
14.0,167,pre_iPSC
14.0,168,pre_iPSC
14.0,169,pre_iPSC
14.0,170,pre_iPSC
14.0,171,pre_iPSC
14.0,172,pre_iPSC
14.0,173,iPSC
14.0,174,pre_iPSC
14.0,175,pre_iPSC
14.0,176,pre_iPSC
14.0,177,pre_iPSC
14.0,178,pre_iPSC
14.0,179,partially_reprogrammed
14.0,180,pre_iPSC
14.0,181,pre_iPSC
14.0,182,pre_iPSC
14.0,183,pre_iPSC
14.0,184,iPSC
14.0,185,pre_iPSC
14.0,186,pre_iPSC
14.0,187,pre_iPSC
14.0,188,pre_iPSC
14.0,189,pre_iPSC
14.0,190,pre_iPSC
14.0,191,partially_reprogrammed
14.0,192,pre_iPSC
14.0,193,pre_iPSC
14.0,194,pre_iPSC
14.0,195,pre_iPSC
14.0,196,pre_iPSC
14.0,197,partially_reprogrammed
14.0,198,pre_iPSC
14.0,199,pre_iPSC
14.0,200,pre_iPSC
14.0,201,pre_iPSC
14.0,202,pre_iPSC
14.0,203,partially_reprogrammed
14.0,204,pre_iPSC
14.0,205,pre_iPSC
14.0,206,pre_iPSC
14.0,207,pre_iPSC
14.0,208,pre_iPSC
14.0,209,partially_reprogrammed
14.0,210,pre_iPSC
14.0,211,pre_iPSC
14.0,212,pre_iPSC
14.0,213,pre_iPSC
14.0,214,pre_iPSC
14.0,215,pre_iPSC
14.0,216,pre_iPSC
14.0,217,pre_iPSC
14.0,218,pre_iPSC
14.0,219,partially_reprogrammed
14.0,220,pre_iPSC
14.0,221,pre_iPSC
14.0,222,pre_iPSC
14.0,223,pre_iPSC
14.0,224,partially_reprogrammed
14.0,225,pre_iPSC
14.0,226,pre_iPSC
14.0,227,pre_iPSC
14.0,228,pre_iPSC
14.0,229,pre_iPSC
14.0,230,pre_iPSC
14.0,231,pre_iPSC
14.0,232,pre_iPSC
14.0,233,pre_iPSC
14.0,234,pre_iPSC
14.0,235,pre_iPSC
14.0,236,pre_iPSC
14.0,237,pre_iPSC
14.0,238,pre_iPSC
14.0,239,pre_iPSC
14.0,240,pre_iPSC
14.0,241,pre_iPSC
14.0,242,pre_iPSC
14.0,243,pre_iPSC
14.0,244,pre_iPSC
14.0,245,pre_iPSC
14.0,246,pre_iPSC
14.0,247,pre_iPSC
14.0,248,pre_iPSC
14.0,249,pre_iPSC
14.0,250,pre_iPSC
14.0,251,pre_iPSC
14.0,252,pre_iPSC
14.0,253,pre_iPSC
14.0,254,pre_iPSC
14.0,255,pre_iPSC
14.0,256,pre_iPSC
14.0,257,pre_iPSC
14.0,258,pre_iPSC
14.0,259,pre_iPSC
14.0,260,pre_iPSC
14.0,261,pre_iPSC
14.0,262,pre_iPSC
14.0,263,pre_iPSC
14.0,264,pre_iPSC
14.0,265,pre_iPSC
14.0,266,pre_iPSC
14.0,267,pre_iPSC
14.0,268,partially_reprogrammed
14.0,269,pre_iPSC
14.0,270,pre_iPSC
14.0,271,pre_iPSC
14.0,272,pre_iPSC
14.0,273,pre_iPSC
14.0,274,pre_iPSC
14.0,275,pre_iPSC
14.0,276,pre_iPSC
14.0,277,pre_iPSC
14.0,278,pre_iPSC
14.0,279,pre_iPSC
14.0,280,pre_iPSC
14.0,281,pre_iPSC
14.0,282,pre_iPSC
14.0,283,pre_iPSC
14.0,284,pre_iPSC
14.0,285,pre_iPSC
14.0,286,partially_reprogrammed
14.0,287,iPSC
14.0,288,iPSC
14.0,289,pre_iPSC
14.0,290,pre_iPSC
14.0,291,pre_iPSC
14.0,292,pre_iPSC
14.0,293,pre_iPSC
14.0,294,pre_iPSC
14.0,295,pre_iPSC
14.0,296,pre_iPSC
14.0,297,pre_iPSC
14.0,298,pre_iPSC
14.0,299,pre_iPSC
14.0,300,pre_iPSC
14.0,301,pre_iPSC
14.0,302,pre_iPSC
14.0,303,pre_iPSC
14.0,304,pre_iPSC
14.0,305,pre_iPSC
14.0,306,pre_iPSC
14.0,307,pre_iPSC
14.0,308,partially_reprogrammed
14.0,309,pre_iPSC
14.0,310,pre_iPSC
14.0,311,pre_iPSC
14.0,312,partially_reprogrammed
14.0,313,pre_iPSC
14.0,314,pre_iPSC
14.0,315,pre_iPSC
14.0,316,pre_iPSC
14.0,317,pre_iPSC
14.0,318,pre_iPSC
14.0,319,pre_iPSC
14.0,320,pre_iPSC
14.0,321,pre_iPSC
14.0,322,pre_iPSC
14.0,323,pre_iPSC
14.0,324,pre_iPSC
14.0,325,iPSC
14.0,326,pre_iPSC
14.0,327,pre_iPSC
14.0,328,pre_iPSC
14.0,329,pre_iPSC
14.0,330,pre_iPSC
14.0,331,pre_iPSC
14.0,332,pre_iPSC
14.0,333,pre_iPSC
14.0,334,pre_iPSC
14.0,335,pre_iPSC
14.0,336,pre_iPSC
14.0,337,pre_iPSC
14.0,338,pre_iPSC
14.0,339,iPSC
14.0,340,pre_iPSC
14.0,341,pre_iPSC
14.0,342,pre_iPSC
14.0,343,pre_iPSC
14.0,344,pre_iPSC
14.0,345,pre_iPSC
14.0,346,pre_iPSC
14.0,347,pre_iPSC
14.0,348,pre_iPSC
14.0,349,pre_iPSC
14.0,350,pre_iPSC
14.0,351,pre_iPSC
14.0,352,pre_iPSC
14.0,353,pre_iPSC
14.0,354,pre_iPSC
14.0,355,pre_iPSC
14.0,356,pre_iPSC
14.0,357,pre_iPSC
14.0,358,pre_iPSC
14.0,359,pre_iPSC
14.0,360,pre_iPSC
14.0,361,pre_iPSC
14.0,362,pre_iPSC
14.0,363,pre_iPSC
14.0,364,pre_iPSC
14.0,365,pre_iPSC
14.0,366,pre_iPSC
14.0,367,pre_iPSC
14.0,368,pre_iPSC
14.0,369,pre_iPSC
14.0,370,pre_iPSC
14.0,371,pre_iPSC
14.0,372,pre_iPSC
14.0,373,pre_iPSC
14.0,374,pre_iPSC
14.0,375,pre_iPSC
14.0,376,pre_iPSC
14.0,377,pre_iPSC
14.0,378,pre_iPSC
14.0,379,pre_iPSC
14.0,380,pre_iPSC
14.0,381,pre_iPSC
14.0,382,pre_iPSC
14.0,383,pre_iPSC
14.0,384,pre_iPSC
14.0,385,pre_iPSC
14.0,386,pre_iPSC
14.0,387,pre_iPSC
14.0,388,pre_iPSC
14.0,389,pre_iPSC
14.0,390,pre_iPSC
14.0,391,pre_iPSC
14.0,392,pre_iPSC
14.0,393,pre_iPSC
14.0,394,pre_iPSC
14.0,395,pre_iPSC
14.0,396,pre_iPSC
14.0,397,pre_iPSC
14.0,398,pre_iPSC
14.0,399,pre_iPSC
14.0,400,pre_iPSC
14.0,401,pre_iPSC
14.0,402,pre_iPSC
14.0,403,pre_iPSC
14.0,404,pre_iPSC
14.0,405,pre_iPSC
14.0,406,pre_iPSC
14.0,407,pre_iPSC
14.0,408,pre_iPSC
14.0,409,pre_iPSC
14.0,410,pre_iPSC
14.0,411,pre_iPSC
14.0,412,pre_iPSC
14.0,413,pre_iPSC
14.0,414,pre_iPSC
14.0,415,pre_iPSC
14.0,416,pre_iPSC
14.0,417,pre_iPSC
14.0,418,pre_iPSC
14.0,419,pre_iPSC
14.0,420,pre_iPSC
14.0,421,pre_iPSC
14.0,422,pre_iPSC
14.0,423,pre_iPSC
14.0,424,pre_iPSC
14.0,425,pre_iPSC
14.0,426,pre_iPSC
14.0,427,pre_iPSC
14.0,428,pre_iPSC
14.0,429,pre_iPSC
14.0,430,iPSC
14.0,431,pre_iPSC
14.0,432,pre_iPSC
14.0,433,pre_iPSC
14.0,434,pre_iPSC
14.0,435,pre_iPSC
14.0,436,pre_iPSC
14.0,437,pre_iPSC
14.0,438,pre_iPSC
14.0,439,pre_iPSC
14.0,440,pre_iPSC
14.0,441,pre_iPSC
14.0,442,iPSC
14.0,443,pre_iPSC
14.0,444,pre_iPSC
14.0,445,pre_iPSC
14.0,446,pre_iPSC
14.0,447,pre_iPSC
14.0,448,pre_iPSC
14.0,449,pre_iPSC
14.0,450,pre_iPSC
14.0,451,pre_iPSC
14.0,452,pre_iPSC
14.0,453,pre_iPSC
14.0,454,pre_iPSC
14.0,455,pre_iPSC
14.0,456,pre_iPSC
14.0,457,pre_iPSC
14.0,458,pre_iPSC
14.0,459,pre_iPSC
14.0,460,pre_iPSC
14.0,461,pre_iPSC
14.0,462,pre_iPSC
14.0,463,pre_iPSC
14.0,464,pre_iPSC
14.0,465,pre_iPSC
14.0,466,pre_iPSC
14.0,467,pre_iPSC
14.0,468,pre_iPSC
14.0,469,pre_iPSC
14.0,470,pre_iPSC
14.0,471,pre_iPSC
14.0,472,pre_iPSC
14.0,473,pre_iPSC
14.0,474,pre_iPSC
14.0,475,pre_iPSC
14.0,476,pre_iPSC
14.0,477,pre_iPSC
14.0,478,pre_iPSC
14.0,479,partially_reprogrammed
14.0,480,pre_iPSC
14.0,481,pre_iPSC
14.0,482,pre_iPSC
14.0,483,pre_iPSC
14.0,484,pre_iPSC
14.0,485,pre_iPSC
14.0,486,pre_iPSC
14.0,487,pre_iPSC
14.0,488,pre_iPSC
14.0,489,pre_iPSC
14.0,490,pre_iPSC
14.0,491,pre_iPSC
14.0,492,pre_iPSC
14.0,493,pre_iPSC
14.0,494,pre_iPSC
14.0,495,pre_iPSC
14.0,496,pre_iPSC
14.0,497,pre_iPSC
14.0,498,partially_reprogrammed
14.0,499,pre_iPSC
14.0,500,pre_iPSC
14.0,501,pre_iPSC
14.0,502,pre_iPSC
14.0,503,pre_iPSC
14.0,504,pre_iPSC
14.0,505,pre_iPSC
14.0,506,pre_iPSC
14.0,507,pre_iPSC
14.0,508,pre_iPSC
14.0,509,pre_iPSC
14.0,510,pre_iPSC
14.0,511,pre_iPSC
14.0,512,pre_iPSC
14.0,513,pre_iPSC
14.0,514,pre_iPSC
14.0,515,pre_iPSC
14.0,516,pre_iPSC
14.0,517,pre_iPSC
14.0,518,pre_iPSC
14.0,519,pre_iPSC
14.0,520,pre_iPSC
14.0,521,pre_iPSC
14.0,522,pre_iPSC
14.0,523,pre_iPSC
14.0,524,pre_iPSC
14.0,525,pre_iPSC
14.0,526,pre_iPSC
14.0,527,pre_iPSC
14.0,528,pre_iPSC
14.0,529,pre_iPSC
14.0,530,pre_iPSC
14.0,531,pre_iPSC
14.0,532,pre_iPSC
14.0,533,pre_iPSC
14.0,534,pre_iPSC
14.0,535,pre_iPSC
14.0,536,pre_iPSC
14.0,537,pre_iPSC
14.0,538,pre_iPSC
14.0,539,pre_iPSC
14.0,540,pre_iPSC
14.0,541,pre_iPSC
14.0,542,pre_iPSC
14.0,543,pre_iPSC
14.0,544,partially_reprogrammed
14.0,545,pre_iPSC
14.0,546,pre_iPSC
14.0,547,pre_iPSC
14.0,548,pre_iPSC
14.0,549,pre_iPSC
14.0,550,pre_iPSC
14.0,551,pre_iPSC
14.0,552,pre_iPSC
14.0,553,pre_iPSC
14.0,554,pre_iPSC
14.0,555,pre_iPSC
14.0,556,pre_iPSC
14.0,557,pre_iPSC
14.0,558,pre_iPSC
14.0,559,pre_iPSC
14.0,560,pre_iPSC
14.0,561,pre_iPSC
14.0,562,pre_iPSC
14.0,563,pre_iPSC
14.0,564,pre_iPSC
14.0,565,pre_iPSC
14.0,566,pre_iPSC
14.0,567,pre_iPSC
14.0,568,pre_iPSC
14.0,569,pre_iPSC
14.0,570,pre_iPSC
14.0,571,pre_iPSC
14.0,572,pre_iPSC
14.0,573,partially_reprogrammed
14.0,574,pre_iPSC
14.0,575,pre_iPSC
14.0,576,pre_iPSC
14.0,577,pre_iPSC
14.0,578,partially_reprogrammed
14.0,579,pre_iPSC
14.0,580,pre_iPSC
14.0,581,pre_iPSC
14.0,582,pre_iPSC
14.0,583,pre_iPSC
14.0,584,pre_iPSC
14.0,585,pre_iPSC
14.0,586,pre_iPSC
14.0,587,pre_iPSC
14.0,588,partially_reprogrammed
14.0,589,pre_iPSC
14.0,590,pre_iPSC
14.0,591,pre_iPSC
14.0,592,pre_iPSC
14.0,593,pre_iPSC
14.0,594,pre_iPSC
14.0,595,pre_iPSC
14.0,596,pre_iPSC
14.0,597,pre_iPSC
14.0,598,pre_iPSC
14.0,599,pre_iPSC
14.0,600,pre_iPSC
14.0,601,pre_iPSC
14.0,602,pre_iPSC
14.0,603,pre_iPSC
14.0,604,pre_iPSC
14.0,605,pre_iPSC
14.0,606,pre_iPSC
14.0,607,pre_iPSC
14.0,608,pre_iPSC
14.0,609,pre_iPSC
14.0,610,pre_iPSC
14.0,611,pre_iPSC
14.0,612,pre_iPSC
14.0,613,pre_iPSC
14.0,614,pre_iPSC
14.0,615,pre_iPSC
14.0,616,pre_iPSC
14.0,617,pre_iPSC
14.0,618,pre_iPSC
14.0,619,pre_iPSC
14.0,620,pre_iPSC
14.0,621,partially_reprogrammed
14.0,622,pre_iPSC
14.0,623,pre_iPSC
14.0,624,pre_iPSC
14.0,625,pre_iPSC
14.0,626,pre_iPSC
14.0,627,pre_iPSC
14.0,628,pre_iPSC
14.0,629,pre_iPSC
14.0,630,pre_iPSC
14.0,631,pre_iPSC
14.0,632,pre_iPSC
14.0,633,pre_iPSC
14.0,634,pre_iPSC
14.0,635,pre_iPSC
14.0,636,pre_iPSC
14.0,637,pre_iPSC
14.0,638,pre_iPSC
14.0,639,pre_iPSC
14.0,640,pre_iPSC
14.0,641,pre_iPSC
14.0,642,pre_iPSC
14.0,643,pre_iPSC
14.0,644,pre_iPSC
14.0,645,iPSC
14.0,646,pre_iPSC
14.0,647,pre_iPSC
14.0,648,pre_iPSC
14.0,649,pre_iPSC
14.0,650,pre_iPSC
14.0,651,pre_iPSC
14.0,652,iPSC
14.0,653,pre_iPSC
14.0,654,pre_iPSC
14.0,655,pre_iPSC
14.0,656,pre_iPSC
14.0,657,pre_iPSC
14.0,658,pre_iPSC
14.0,659,pre_iPSC
14.0,660,pre_iPSC
14.0,661,iPSC
14.0,662,pre_iPSC
14.0,663,pre_iPSC
14.0,664,pre_iPSC
14.0,665,partially_reprogrammed
14.0,666,pre_iPSC
14.0,667,pre_iPSC
14.0,668,iPSC
14.0,669,pre_iPSC
14.0,670,pre_iPSC
14.0,671,pre_iPSC
14.0,672,pre_iPSC
14.0,673,pre_iPSC
14.0,674,pre_iPSC
14.0,675,pre_iPSC
14.0,676,iPSC
14.0,677,pre_iPSC
14.0,678,pre_iPSC
14.0,679,pre_iPSC
14.0,680,pre_iPSC
14.0,681,pre_iPSC
14.0,682,pre_iPSC
14.0,683,pre_iPSC
14.0,684,pre_iPSC
14.0,685,pre_iPSC
14.0,686,pre_iPSC
14.0,687,pre_iPSC
14.0,688,pre_iPSC
14.0,689,iPSC
14.0,690,pre_iPSC
14.0,691,pre_iPSC
14.0,692,pre_iPSC
14.0,693,pre_iPSC
14.0,694,pre_iPSC
14.0,695,pre_iPSC
14.0,696,pre_iPSC
14.0,697,pre_iPSC
14.0,698,pre_iPSC
14.0,699,pre_iPSC
14.0,700,iPSC
14.0,701,pre_iPSC
14.0,702,pre_iPSC
14.0,703,pre_iPSC
14.0,704,pre_iPSC
14.0,705,pre_iPSC
14.0,706,pre_iPSC
14.0,707,partially_reprogrammed
14.0,708,iPSC
14.0,709,pre_iPSC
14.0,710,pre_iPSC
14.0,711,partially_reprogrammed
14.0,712,pre_iPSC
14.0,713,pre_iPSC
14.0,714,pre_iPSC
14.0,715,pre_iPSC
14.0,716,pre_iPSC
14.0,717,pre_iPSC
14.0,718,pre_iPSC
14.0,719,pre_iPSC
14.0,720,pre_iPSC
14.0,721,pre_iPSC
14.0,722,pre_iPSC
14.0,723,pre_iPSC
14.0,724,pre_iPSC
14.0,725,pre_iPSC
14.0,726,pre_iPSC
14.0,727,pre_iPSC
14.0,728,pre_iPSC
14.0,729,pre_iPSC
14.0,730,pre_iPSC
14.0,731,partially_reprogrammed
14.0,732,pre_iPSC
14.0,733,pre_iPSC
14.0,734,pre_iPSC
14.0,735,pre_iPSC
14.0,736,pre_iPSC
14.0,737,pre_iPSC
14.0,738,pre_iPSC
14.0,739,pre_iPSC
14.0,740,pre_iPSC
14.0,741,pre_iPSC
14.0,742,pre_iPSC
14.0,743,pre_iPSC
14.0,744,pre_iPSC
14.0,745,pre_iPSC
14.0,746,pre_iPSC
14.0,747,pre_iPSC
14.0,748,partially_reprogrammed
14.0,749,pre_iPSC
14.0,750,partially_reprogrammed
14.0,751,pre_iPSC
14.0,752,partially_reprogrammed
14.0,753,pre_iPSC
14.0,754,pre_iPSC
14.0,755,pre_iPSC
14.0,756,pre_iPSC
14.0,757,pre_iPSC
14.0,758,pre_iPSC
14.0,759,pre_iPSC
14.0,760,iPSC
14.0,761,pre_iPSC
14.0,762,pre_iPSC
14.0,763,pre_iPSC
14.0,764,pre_iPSC
14.0,765,pre_iPSC
14.0,766,pre_iPSC
14.0,767,pre_iPSC
14.0,768,pre_iPSC
14.0,769,pre_iPSC
14.0,770,pre_iPSC
14.0,771,pre_iPSC
14.0,772,pre_iPSC
14.0,773,pre_iPSC
14.0,774,pre_iPSC
14.0,775,pre_iPSC
14.0,776,pre_iPSC
14.0,777,pre_iPSC
14.0,778,pre_iPSC
14.0,779,pre_iPSC
14.0,780,pre_iPSC
14.0,781,pre_iPSC
14.0,782,pre_iPSC
14.0,783,pre_iPSC
14.0,784,pre_iPSC
14.0,785,pre_iPSC
14.0,786,pre_iPSC
14.0,787,pre_iPSC
14.0,788,pre_iPSC
14.0,789,pre_iPSC
14.0,790,pre_iPSC
14.0,791,iPSC
14.0,792,pre_iPSC
14.0,793,pre_iPSC
14.0,794,pre_iPSC
14.0,795,pre_iPSC
14.0,796,pre_iPSC
14.0,797,pre_iPSC
14.0,798,pre_iPSC
14.0,799,pre_iPSC
14.0,800,pre_iPSC
14.0,801,pre_iPSC
14.0,802,pre_iPSC
14.0,803,pre_iPSC
14.0,804,pre_iPSC
14.0,805,pre_iPSC
14.0,806,pre_iPSC
14.0,807,pre_iPSC
14.0,808,pre_iPSC
14.0,809,pre_iPSC
14.0,810,pre_iPSC
14.0,811,pre_iPSC
14.0,812,pre_iPSC
14.0,813,pre_iPSC
14.0,814,pre_iPSC
14.0,815,pre_iPSC
14.0,816,pre_iPSC
14.0,817,pre_iPSC
14.0,818,pre_iPSC
14.0,819,pre_iPSC
14.0,820,pre_iPSC
14.0,821,pre_iPSC
14.0,822,pre_iPSC
14.0,823,pre_iPSC
14.0,824,pre_iPSC
14.0,825,pre_iPSC
14.0,826,pre_iPSC
14.0,827,pre_iPSC
14.0,828,pre_iPSC
14.0,829,pre_iPSC
14.0,830,pre_iPSC
14.0,831,pre_iPSC
14.0,832,pre_iPSC
14.0,833,pre_iPSC
14.0,834,pre_iPSC
14.0,835,pre_iPSC
14.0,836,pre_iPSC
14.0,837,pre_iPSC
14.0,838,pre_iPSC
14.0,839,pre_iPSC
14.0,840,pre_iPSC
14.0,841,pre_iPSC
14.0,842,pre_iPSC
14.0,843,pre_iPSC
14.0,844,pre_iPSC
14.0,845,pre_iPSC
14.0,846,pre_iPSC
14.0,847,pre_iPSC
14.0,848,pre_iPSC
14.0,849,pre_iPSC
14.0,850,pre_iPSC
14.0,851,pre_iPSC
14.0,852,pre_iPSC
14.0,853,pre_iPSC
14.0,854,pre_iPSC
14.0,855,pre_iPSC
14.0,856,partially_reprogrammed
14.0,857,pre_iPSC
14.0,858,pre_iPSC
14.0,859,pre_iPSC
14.0,860,pre_iPSC
14.0,861,pre_iPSC
14.0,862,pre_iPSC
14.0,863,pre_iPSC
14.0,864,pre_iPSC
14.0,865,pre_iPSC
14.0,866,pre_iPSC
14.0,867,pre_iPSC
14.0,868,pre_iPSC
14.0,869,pre_iPSC
14.0,870,iPSC
14.0,871,pre_iPSC
14.0,872,pre_iPSC
14.0,873,pre_iPSC
14.0,874,pre_iPSC
14.0,875,pre_iPSC
14.0,876,iPSC
14.0,877,pre_iPSC
14.0,878,pre_iPSC
14.0,879,pre_iPSC
14.0,880,pre_iPSC
14.0,881,pre_iPSC
14.0,882,pre_iPSC
14.0,883,pre_iPSC
14.0,884,pre_iPSC
14.0,885,pre_iPSC
14.0,886,pre_iPSC
14.0,887,pre_iPSC
14.0,888,pre_iPSC
14.0,889,pre_iPSC
14.0,890,pre_iPSC
14.0,891,pre_iPSC
14.0,892,pre_iPSC
14.0,893,pre_iPSC
14.0,894,pre_iPSC
14.0,895,pre_iPSC
14.0,896,pre_iPSC
14.0,897,pre_iPSC
14.0,898,pre_iPSC
14.0,899,pre_iPSC
14.0,900,pre_iPSC
14.0,901,pre_iPSC
14.0,902,partially_reprogrammed
14.0,903,pre_iPSC
14.0,904,pre_iPSC
14.0,905,pre_iPSC
14.0,906,pre_iPSC
14.0,907,pre_iPSC
14.0,908,pre_iPSC
14.0,909,pre_iPSC
14.0,910,pre_iPSC
14.0,911,pre_iPSC
14.0,912,pre_iPSC
14.0,913,pre_iPSC
14.0,914,pre_iPSC
14.0,915,pre_iPSC
14.0,916,pre_iPSC
14.0,917,pre_iPSC
14.0,918,pre_iPSC
14.0,919,pre_iPSC
14.0,920,pre_iPSC
14.0,921,pre_iPSC
14.0,922,pre_iPSC
14.0,923,pre_iPSC
14.0,924,pre_iPSC
14.0,925,pre_iPSC
14.0,926,pre_iPSC
14.0,927,pre_iPSC
14.0,928,pre_iPSC
14.0,929,pre_iPSC
14.0,930,pre_iPSC
14.0,931,pre_iPSC
14.0,932,partially_reprogrammed
14.0,933,iPSC
14.0,934,pre_iPSC
14.0,935,pre_iPSC
14.0,936,pre_iPSC
14.0,937,pre_iPSC
14.0,938,pre_iPSC
14.0,939,pre_iPSC
14.0,940,pre_iPSC
14.0,941,pre_iPSC
14.0,942,pre_iPSC
14.0,943,pre_iPSC
14.0,944,pre_iPSC
14.0,945,pre_iPSC
14.0,946,iPSC
14.0,947,pre_iPSC
14.0,948,pre_iPSC
14.0,949,pre_iPSC
14.0,950,pre_iPSC
14.0,951,pre_iPSC
14.0,952,pre_iPSC
14.0,953,pre_iPSC
14.0,954,pre_iPSC
14.0,955,pre_iPSC
14.0,956,pre_iPSC
14.0,957,pre_iPSC
14.0,958,pre_iPSC
14.0,959,pre_iPSC
14.0,960,pre_iPSC
14.0,961,pre_iPSC
14.0,962,pre_iPSC
14.0,963,pre_iPSC
14.0,964,pre_iPSC
14.0,965,pre_iPSC
14.0,966,pre_iPSC
14.0,967,pre_iPSC
14.0,968,pre_iPSC
14.0,969,pre_iPSC
14.0,970,pre_iPSC
14.0,971,pre_iPSC
14.0,972,pre_iPSC
14.0,973,pre_iPSC
14.0,974,partially_reprogrammed
14.0,975,pre_iPSC
14.0,976,pre_iPSC
14.0,977,pre_iPSC
14.0,978,pre_iPSC
14.0,979,iPSC
14.0,980,pre_iPSC
14.0,981,pre_iPSC
14.0,982,pre_iPSC
14.0,983,pre_iPSC
14.0,984,pre_iPSC
14.0,985,pre_iPSC
14.0,986,pre_iPSC
14.0,987,pre_iPSC
14.0,988,pre_iPSC
14.0,989,partially_reprogrammed
14.0,990,pre_iPSC
14.0,991,pre_iPSC
14.0,992,pre_iPSC
14.0,993,pre_iPSC
14.0,994,pre_iPSC
14.0,995,pre_iPSC
14.0,996,pre_iPSC
14.0,997,pre_iPSC
14.0,998,pre_iPSC
14.0,999,pre_iPSC
14.0,1000,pre_iPSC
14.0,1001,pre_iPSC
14.0,1002,pre_iPSC
14.0,1003,pre_iPSC
14.0,1004,pre_iPSC
14.0,1005,pre_iPSC
14.0,1006,pre_iPSC
14.0,1007,pre_iPSC
14.0,1008,pre_iPSC
14.0,1009,pre_iPSC
14.0,1010,pre_iPSC
14.0,1011,pre_iPSC
14.0,1012,pre_iPSC
14.0,1013,pre_iPSC
14.0,1014,pre_iPSC
14.0,1015,pre_iPSC
14.0,1016,partially_reprogrammed
14.0,1017,pre_iPSC
14.0,1018,pre_iPSC
14.0,1019,iPSC
14.0,1020,iPSC
14.0,1021,pre_iPSC
14.0,1022,pre_iPSC
14.0,1023,pre_iPSC
14.0,1024,pre_iPSC
14.0,1025,pre_iPSC
14.0,1026,pre_iPSC
14.0,1027,pre_iPSC
14.0,1028,pre_iPSC
14.0,1029,pre_iPSC
14.0,1030,pre_iPSC
14.0,1031,pre_iPSC
14.0,1032,pre_iPSC
14.0,1033,pre_iPSC
14.0,1034,pre_iPSC
14.0,1035,pre_iPSC
14.0,1036,pre_iPSC
14.0,1037,pre_iPSC
14.0,1038,pre_iPSC
14.0,1039,pre_iPSC
14.0,1040,pre_iPSC
14.0,1041,pre_iPSC
14.0,1042,pre_iPSC
14.0,1043,pre_iPSC
14.0,1044,pre_iPSC
14.0,1045,pre_iPSC
14.0,1046,pre_iPSC
14.0,1047,pre_iPSC
14.0,1048,pre_iPSC
14.0,1049,pre_iPSC
14.0,1050,pre_iPSC
14.0,1051,pre_iPSC
14.0,1052,pre_iPSC
14.0,1053,pre_iPSC
14.0,1054,pre_iPSC
14.0,1055,pre_iPSC
14.0,1056,pre_iPSC
14.0,1057,pre_iPSC
14.0,1058,pre_iPSC
14.0,1059,pre_iPSC
14.0,1060,pre_iPSC
14.0,1061,pre_iPSC
14.0,1062,pre_iPSC
14.0,1063,pre_iPSC
14.0,1064,pre_iPSC
14.0,1065,pre_iPSC
14.0,1066,pre_iPSC
14.0,1067,pre_iPSC
14.0,1068,pre_iPSC
14.0,1069,pre_iPSC
14.0,1070,iPSC
14.0,1071,pre_iPSC
14.0,1072,pre_iPSC
14.0,1073,pre_iPSC
14.0,1074,pre_iPSC
14.0,1075,pre_iPSC
14.0,1076,pre_iPSC
14.0,1077,pre_iPSC
14.0,1078,pre_iPSC
14.0,1079,pre_iPSC
14.0,1080,pre_iPSC
14.0,1081,iPSC
14.0,1082,pre_iPSC
14.0,1083,pre_iPSC
14.0,1084,pre_iPSC
14.0,1085,pre_iPSC
14.0,1086,pre_iPSC
14.0,1087,pre_iPSC
14.0,1088,pre_iPSC
14.0,1089,pre_iPSC
14.0,1090,pre_iPSC
14.0,1091,pre_iPSC
14.0,1092,pre_iPSC
14.0,1093,pre_iPSC
14.0,1094,pre_iPSC
14.0,1095,pre_iPSC
14.0,1096,pre_iPSC
14.0,1097,pre_iPSC
14.0,1098,pre_iPSC
14.0,1099,pre_iPSC
14.0,1100,pre_iPSC
14.0,1101,pre_iPSC
14.0,1102,pre_iPSC
14.0,1103,pre_iPSC
14.0,1104,pre_iPSC
14.0,1105,pre_iPSC
14.0,1106,pre_iPSC
14.0,1107,pre_iPSC
14.0,1108,pre_iPSC
14.0,1109,pre_iPSC
14.0,1110,pre_iPSC
14.0,1111,pre_iPSC
14.0,1112,pre_iPSC
14.0,1113,pre_iPSC
14.0,1114,iPSC
14.0,1115,pre_iPSC
14.0,1116,pre_iPSC
14.0,1117,pre_iPSC
14.0,1118,pre_iPSC
14.0,1119,pre_iPSC
14.0,1120,iPSC
14.0,1121,pre_iPSC
14.0,1122,pre_iPSC
14.0,1123,pre_iPSC
14.0,1124,pre_iPSC
14.0,1125,pre_iPSC
14.0,1126,pre_iPSC
14.0,1127,pre_iPSC
14.0,1128,pre_iPSC
14.0,1129,pre_iPSC
14.0,1130,iPSC
14.0,1131,pre_iPSC
14.0,1132,pre_iPSC
14.0,1133,pre_iPSC
14.0,1134,pre_iPSC
14.0,1135,pre_iPSC
14.0,1136,pre_iPSC
14.0,1137,pre_iPSC
14.0,1138,pre_iPSC
14.0,1139,pre_iPSC
14.0,1140,pre_iPSC
14.0,1141,pre_iPSC
14.0,1142,pre_iPSC
14.0,1143,pre_iPSC
14.0,1144,pre_iPSC
14.0,1145,pre_iPSC
14.0,1146,pre_iPSC
14.0,1147,pre_iPSC
14.0,1148,pre_iPSC
14.0,1149,pre_iPSC
14.0,1150,pre_iPSC
14.0,1151,pre_iPSC
14.0,1152,pre_iPSC
14.0,1153,pre_iPSC
14.0,1154,pre_iPSC
14.0,1155,pre_iPSC
14.0,1156,pre_iPSC
14.0,1157,pre_iPSC
14.0,1158,pre_iPSC
14.0,1159,pre_iPSC
14.0,1160,pre_iPSC
14.0,1161,pre_iPSC
14.0,1162,pre_iPSC
14.0,1163,pre_iPSC
14.0,1164,pre_iPSC
14.0,1165,pre_iPSC
14.0,1166,iPSC
14.0,1167,pre_iPSC
14.0,1168,pre_iPSC
14.0,1169,pre_iPSC
14.0,1170,pre_iPSC
14.0,1171,pre_iPSC
14.0,1172,pre_iPSC
14.0,1173,pre_iPSC
14.0,1174,pre_iPSC
14.0,1175,pre_iPSC
14.0,1176,pre_iPSC
14.0,1177,pre_iPSC
14.0,1178,pre_iPSC
14.0,1179,pre_iPSC
14.0,1180,pre_iPSC
14.0,1181,iPSC
14.0,1182,iPSC
14.0,1183,pre_iPSC
14.0,1184,pre_iPSC
14.0,1185,pre_iPSC
14.0,1186,pre_iPSC
14.0,1187,pre_iPSC
14.0,1188,pre_iPSC
14.0,1189,pre_iPSC
14.0,1190,pre_iPSC
14.0,1191,pre_iPSC
14.0,1192,pre_iPSC
14.0,1193,pre_iPSC
14.0,1194,pre_iPSC
14.0,1195,pre_iPSC
14.0,1196,pre_iPSC
14.0,1197,pre_iPSC
14.0,1198,pre_iPSC
14.0,1199,pre_iPSC
14.0,1200,pre_iPSC
14.0,1201,pre_iPSC
14.0,1202,pre_iPSC
14.0,1203,pre_iPSC
14.0,1204,pre_iPSC
14.0,1205,partially_reprogrammed
14.0,1206,pre_iPSC
14.0,1207,pre_iPSC
14.0,1208,pre_iPSC
14.0,1209,pre_iPSC
14.0,1210,pre_iPSC
14.0,1211,pre_iPSC
14.0,1212,pre_iPSC
14.0,1213,pre_iPSC
14.0,1214,pre_iPSC
14.0,1215,pre_iPSC
14.0,1216,pre_iPSC
14.0,1217,pre_iPSC
14.0,1218,pre_iPSC
14.0,1219,pre_iPSC
14.0,1220,pre_iPSC
14.0,1221,pre_iPSC
14.0,1222,pre_iPSC
14.0,1223,pre_iPSC
14.0,1224,pre_iPSC
14.0,1225,iPSC
14.0,1226,pre_iPSC
14.0,1227,pre_iPSC
14.0,1228,pre_iPSC
14.0,1229,pre_iPSC
14.0,1230,pre_iPSC
14.0,1231,pre_iPSC
14.0,1232,pre_iPSC
14.0,1233,pre_iPSC
14.0,1234,pre_iPSC
14.0,1235,pre_iPSC
14.0,1236,pre_iPSC
14.0,1237,pre_iPSC
14.0,1238,pre_iPSC
14.0,1239,pre_iPSC
14.0,1240,pre_iPSC
14.0,1241,pre_iPSC
14.0,1242,pre_iPSC
14.0,1243,pre_iPSC
14.0,1244,pre_iPSC
14.0,1245,pre_iPSC
14.0,1246,pre_iPSC
14.0,1247,pre_iPSC
14.0,1248,pre_iPSC
14.0,1249,pre_iPSC
14.0,1250,pre_iPSC
14.0,1251,pre_iPSC
14.0,1252,pre_iPSC
14.0,1253,pre_iPSC
14.0,1254,pre_iPSC
14.0,1255,pre_iPSC
14.0,1256,pre_iPSC
14.0,1257,pre_iPSC
14.0,1258,pre_iPSC
14.0,1259,pre_iPSC
14.0,1260,pre_iPSC
14.0,1261,pre_iPSC
14.0,1262,pre_iPSC
14.0,1263,partially_reprogrammed
14.0,1264,pre_iPSC
14.0,1265,pre_iPSC
14.0,1266,pre_iPSC
14.0,1267,pre_iPSC
14.0,1268,pre_iPSC
14.0,1269,pre_iPSC
14.0,1270,pre_iPSC
14.0,1271,pre_iPSC
14.0,1272,pre_iPSC
14.0,1273,pre_iPSC
14.0,1274,pre_iPSC
14.0,1275,pre_iPSC
14.0,1276,pre_iPSC
14.0,1277,pre_iPSC
14.0,1278,pre_iPSC
14.0,1279,pre_iPSC
14.0,1280,pre_iPSC
14.0,1281,pre_iPSC
14.0,1282,pre_iPSC
14.0,1283,pre_iPSC
14.0,1284,pre_iPSC
14.0,1285,pre_iPSC
14.0,1286,pre_iPSC
14.0,1287,pre_iPSC
14.0,1288,pre_iPSC
14.0,1289,pre_iPSC
14.0,1290,pre_iPSC
14.0,1291,iPSC
14.0,1292,pre_iPSC
14.0,1293,pre_iPSC
14.0,1294,iPSC
14.0,1295,pre_iPSC
14.0,1296,pre_iPSC
14.0,1297,pre_iPSC
14.0,1298,pre_iPSC
14.0,1299,pre_iPSC
14.0,1300,pre_iPSC
14.0,1301,pre_iPSC
14.0,1302,pre_iPSC
14.0,1303,pre_iPSC
14.0,1304,pre_iPSC
14.0,1305,pre_iPSC
14.0,1306,pre_iPSC
14.0,1307,pre_iPSC
14.0,1308,pre_iPSC
14.0,1309,pre_iPSC
14.0,1310,pre_iPSC
14.0,1311,pre_iPSC
14.0,1312,pre_iPSC
14.0,1313,pre_iPSC
14.0,1314,pre_iPSC
14.0,1315,pre_iPSC
14.0,1316,pre_iPSC
14.0,1317,pre_iPSC
14.0,1318,pre_iPSC
14.0,1319,partially_reprogrammed
14.0,1320,pre_iPSC
14.0,1321,pre_iPSC
14.0,1322,pre_iPSC
14.0,1323,pre_iPSC
14.0,1324,pre_iPSC
14.0,1325,pre_iPSC
14.0,1326,partially_reprogrammed
14.0,1327,pre_iPSC
14.0,1328,pre_iPSC
14.0,1329,pre_iPSC
14.0,1330,pre_iPSC
14.0,1331,pre_iPSC
14.0,1332,pre_iPSC
14.0,1333,pre_iPSC
14.0,1334,pre_iPSC
14.0,1335,pre_iPSC
14.0,1336,pre_iPSC
14.0,1337,pre_iPSC
14.0,1338,pre_iPSC
14.0,1339,pre_iPSC
14.0,1340,pre_iPSC
14.0,1341,pre_iPSC
14.0,1342,pre_iPSC
14.0,1343,pre_iPSC
14.0,1344,pre_iPSC
14.0,1345,pre_iPSC
14.0,1346,pre_iPSC
14.0,1347,pre_iPSC
14.0,1348,pre_iPSC
14.0,1349,pre_iPSC
14.0,1350,pre_iPSC
14.0,1351,pre_iPSC
14.0,1352,iPSC
14.0,1353,pre_iPSC
14.0,1354,iPSC
14.0,1355,pre_iPSC
14.0,1356,pre_iPSC
14.0,1357,iPSC
14.0,1358,pre_iPSC
14.0,1359,pre_iPSC
14.0,1360,pre_iPSC
14.0,1361,pre_iPSC
14.0,1362,pre_iPSC
14.0,1363,iPSC
14.0,1364,pre_iPSC
14.0,1365,pre_iPSC
14.0,1366,pre_iPSC
14.0,1367,pre_iPSC
14.0,1368,partially_reprogrammed
14.0,1369,pre_iPSC
14.0,1370,pre_iPSC
14.0,1371,pre_iPSC
14.0,1372,pre_iPSC
14.0,1373,pre_iPSC
14.0,1374,pre_iPSC
14.0,1375,pre_iPSC
14.0,1376,pre_iPSC
14.0,1377,pre_iPSC
14.0,1378,pre_iPSC
14.0,1379,pre_iPSC
14.0,1380,pre_iPSC
14.0,1381,pre_iPSC
14.0,1382,pre_iPSC
14.0,1383,pre_iPSC
14.0,1384,pre_iPSC
14.0,1385,pre_iPSC
14.0,1386,pre_iPSC
14.0,1387,pre_iPSC
14.0,1388,pre_iPSC
14.0,1389,pre_iPSC
14.0,1390,pre_iPSC
14.0,1391,pre_iPSC
14.0,1392,pre_iPSC
14.0,1393,pre_iPSC
14.0,1394,pre_iPSC
14.0,1395,pre_iPSC
14.0,1396,pre_iPSC
14.0,1397,pre_iPSC
14.0,1398,pre_iPSC
14.0,1399,pre_iPSC
14.0,1400,pre_iPSC
14.0,1401,pre_iPSC
14.0,1402,pre_iPSC
14.0,1403,pre_iPSC
14.0,1404,pre_iPSC
14.0,1405,pre_iPSC
14.0,1406,pre_iPSC
14.0,1407,iPSC
14.0,1408,pre_iPSC
14.0,1409,pre_iPSC
14.0,1410,pre_iPSC
14.0,1411,pre_iPSC
14.0,1412,pre_iPSC
14.0,1413,pre_iPSC
14.0,1414,pre_iPSC
14.0,1415,pre_iPSC
14.0,1416,pre_iPSC
14.0,1417,pre_iPSC
14.0,1418,pre_iPSC
14.0,1419,pre_iPSC
14.0,1420,pre_iPSC
14.0,1421,pre_iPSC
14.0,1422,pre_iPSC
14.0,1423,partially_reprogrammed
14.0,1424,pre_iPSC
14.0,1425,pre_iPSC
14.0,1426,pre_iPSC
14.0,1427,pre_iPSC
14.0,1428,pre_iPSC
14.0,1429,pre_iPSC
14.0,1430,pre_iPSC
14.0,1431,pre_iPSC
14.0,1432,pre_iPSC
14.0,1433,pre_iPSC
14.0,1434,pre_iPSC
14.0,1435,iPSC
14.0,1436,pre_iPSC
14.0,1437,pre_iPSC
14.0,1438,pre_iPSC
14.0,1439,pre_iPSC
14.0,1440,pre_iPSC
14.0,1441,pre_iPSC
14.0,1442,pre_iPSC
14.0,1443,iPSC
14.0,1444,pre_iPSC
14.0,1445,pre_iPSC
14.0,1446,pre_iPSC
14.0,1447,pre_iPSC
14.0,1448,partially_reprogrammed
14.0,1449,pre_iPSC
14.0,1450,pre_iPSC
14.0,1451,pre_iPSC
14.0,1452,pre_iPSC
14.0,1453,pre_iPSC
14.0,1454,pre_iPSC
14.0,1455,pre_iPSC
14.0,1456,pre_iPSC
14.0,1457,pre_iPSC
14.0,1458,iPSC
14.0,1459,pre_iPSC
14.0,1460,pre_iPSC
14.0,1461,pre_iPSC
14.0,1462,pre_iPSC
14.0,1463,pre_iPSC
14.0,1464,pre_iPSC
14.0,1465,pre_iPSC
14.0,1466,iPSC
14.0,1467,pre_iPSC
14.0,1468,pre_iPSC
14.0,1469,pre_iPSC
14.0,1470,pre_iPSC
14.0,1471,pre_iPSC
14.0,1472,pre_iPSC
14.0,1473,pre_iPSC
14.0,1474,pre_iPSC
14.0,1475,pre_iPSC
14.0,1476,pre_iPSC
14.0,1477,pre_iPSC
14.0,1478,pre_iPSC
14.0,1479,iPSC
14.0,1480,pre_iPSC
14.0,1481,pre_iPSC
14.0,1482,pre_iPSC
14.0,1483,pre_iPSC
14.0,1484,pre_iPSC
14.0,1485,pre_iPSC
14.0,1486,partially_reprogrammed
14.0,1487,pre_iPSC
14.0,1488,pre_iPSC
14.0,1489,pre_iPSC
14.0,1490,pre_iPSC
14.0,1491,pre_iPSC
14.0,1492,pre_iPSC
14.0,1493,pre_iPSC
14.0,1494,pre_iPSC
14.0,1495,pre_iPSC
14.0,1496,iPSC
14.0,1497,pre_iPSC
14.0,1498,pre_iPSC
14.0,1499,pre_iPSC
14.0,1500,iPSC
14.0,1501,pre_iPSC
14.0,1502,pre_iPSC
14.0,1503,pre_iPSC
14.0,1504,pre_iPSC
14.0,1505,pre_iPSC
14.0,1506,pre_iPSC
14.0,1507,pre_iPSC
14.0,1508,pre_iPSC
14.0,1509,pre_iPSC
14.0,1510,pre_iPSC
14.0,1511,pre_iPSC
14.0,1512,pre_iPSC
14.0,1513,pre_iPSC
14.0,1514,pre_iPSC
14.0,1515,pre_iPSC
14.0,1516,pre_iPSC
14.0,1517,pre_iPSC
14.0,1518,pre_iPSC
14.0,1519,pre_iPSC
14.0,1520,pre_iPSC
14.0,1521,pre_iPSC
14.0,1522,pre_iPSC
14.0,1523,pre_iPSC
14.0,1524,pre_iPSC
14.0,1525,pre_iPSC
14.0,1526,pre_iPSC
14.0,1527,pre_iPSC
14.0,1528,pre_iPSC
14.0,1529,pre_iPSC
14.0,1530,pre_iPSC
14.0,1531,pre_iPSC
14.0,1532,pre_iPSC
14.0,1533,pre_iPSC
14.0,1534,pre_iPSC
14.0,1535,iPSC
14.0,1536,pre_iPSC
14.0,1537,pre_iPSC
14.0,1538,pre_iPSC
14.0,1539,pre_iPSC
14.0,1540,pre_iPSC
14.0,1541,iPSC
14.0,1542,pre_iPSC
14.0,1543,pre_iPSC
14.0,1544,pre_iPSC
14.0,1545,pre_iPSC
14.0,1546,pre_iPSC
14.0,1547,pre_iPSC
14.0,1548,pre_iPSC
14.0,1549,pre_iPSC
14.0,1550,pre_iPSC
14.0,1551,pre_iPSC
14.0,1552,partially_reprogrammed
14.0,1553,pre_iPSC
14.0,1554,pre_iPSC
14.0,1555,pre_iPSC
14.0,1556,pre_iPSC
14.0,1557,pre_iPSC
14.0,1558,pre_iPSC
14.0,1559,partially_reprogrammed
14.0,1560,pre_iPSC
14.0,1561,pre_iPSC
14.0,1562,pre_iPSC
14.0,1563,pre_iPSC
14.0,1564,pre_iPSC
14.0,1565,pre_iPSC
14.0,1566,pre_iPSC
14.0,1567,pre_iPSC
14.0,1568,pre_iPSC
14.0,1569,pre_iPSC
14.0,1570,pre_iPSC
14.0,1571,iPSC
14.0,1572,pre_iPSC
14.0,1573,partially_reprogrammed
14.0,1574,pre_iPSC
14.0,1575,pre_iPSC
14.0,1576,pre_iPSC
14.0,1577,pre_iPSC
14.0,1578,pre_iPSC
14.0,1579,pre_iPSC
14.0,1580,pre_iPSC
14.0,1581,pre_iPSC
14.0,1582,partially_reprogrammed
14.0,1583,pre_iPSC
14.0,1584,pre_iPSC
14.0,1585,pre_iPSC
14.0,1586,pre_iPSC
14.0,1587,pre_iPSC
14.0,1588,pre_iPSC
14.0,1589,pre_iPSC
14.0,1590,pre_iPSC
14.0,1591,pre_iPSC
14.0,1592,pre_iPSC
14.0,1593,partially_reprogrammed
14.0,1594,pre_iPSC
14.0,1595,pre_iPSC
14.0,1596,partially_reprogrammed
14.0,1597,pre_iPSC
14.0,1598,pre_iPSC
14.0,1599,pre_iPSC
14.0,1600,pre_iPSC
14.0,1601,pre_iPSC
14.0,1602,pre_iPSC
14.0,1603,pre_iPSC
14.0,1604,pre_iPSC
14.0,1605,pre_iPSC
14.0,1606,pre_iPSC
14.0,1607,pre_iPSC
14.0,1608,pre_iPSC
14.0,1609,pre_iPSC
14.0,1610,pre_iPSC
14.0,1611,pre_iPSC
14.0,1612,partially_reprogrammed
14.0,1613,pre_iPSC
14.0,1614,pre_iPSC
14.0,1615,pre_iPSC
14.0,1616,pre_iPSC
14.0,1617,pre_iPSC
14.0,1618,pre_iPSC
14.0,1619,pre_iPSC
14.0,1620,pre_iPSC
14.0,1621,pre_iPSC
14.0,1622,pre_iPSC
14.0,1623,pre_iPSC
14.0,1624,pre_iPSC
14.0,1625,pre_iPSC
14.0,1626,pre_iPSC
14.0,1627,pre_iPSC
14.0,1628,pre_iPSC
14.0,1629,pre_iPSC
14.0,1630,pre_iPSC
14.0,1631,pre_iPSC
14.0,1632,pre_iPSC
14.0,1633,pre_iPSC
14.0,1634,pre_iPSC
14.0,1635,pre_iPSC
14.0,1636,pre_iPSC
14.0,1637,pre_iPSC
14.0,1638,pre_iPSC
14.0,1639,pre_iPSC
14.0,1640,pre_iPSC
14.0,1641,pre_iPSC
14.0,1642,pre_iPSC
14.0,1643,pre_iPSC
14.0,1644,pre_iPSC
14.0,1645,pre_iPSC
14.0,1646,pre_iPSC
14.0,1647,pre_iPSC
14.0,1648,pre_iPSC
14.0,1649,pre_iPSC
14.0,1650,pre_iPSC
14.0,1651,pre_iPSC
14.0,1652,pre_iPSC
14.0,1653,pre_iPSC
14.0,1654,pre_iPSC
14.0,1655,pre_iPSC
14.0,1656,pre_iPSC
14.0,1657,pre_iPSC
14.0,1658,pre_iPSC
14.0,1659,pre_iPSC
14.0,1660,pre_iPSC
14.0,1661,pre_iPSC
14.0,1662,pre_iPSC
14.0,1663,pre_iPSC
14.0,1664,pre_iPSC
14.0,1665,pre_iPSC
14.0,1666,pre_iPSC
14.0,1667,iPSC
14.0,1668,pre_iPSC
14.0,1669,pre_iPSC
14.0,1670,pre_iPSC
14.0,1671,pre_iPSC
14.0,1672,pre_iPSC
14.0,1673,pre_iPSC
14.0,1674,partially_reprogrammed
14.0,1675,pre_iPSC
14.0,1676,pre_iPSC
14.0,1677,pre_iPSC
14.0,1678,pre_iPSC
14.0,1679,pre_iPSC
14.0,1680,partially_reprogrammed
14.0,1681,pre_iPSC
14.0,1682,pre_iPSC
14.0,1683,pre_iPSC
14.0,1684,pre_iPSC
14.0,1685,iPSC
14.0,1686,pre_iPSC
14.0,1687,iPSC
14.0,1688,pre_iPSC
14.0,1689,pre_iPSC
14.0,1690,pre_iPSC
14.0,1691,pre_iPSC
14.0,1692,pre_iPSC
14.0,1693,pre_iPSC
14.0,1694,pre_iPSC
14.0,1695,pre_iPSC
14.0,1696,pre_iPSC
14.0,1697,pre_iPSC
14.0,1698,pre_iPSC
14.0,1699,pre_iPSC
14.0,1700,pre_iPSC
14.0,1701,pre_iPSC
14.0,1702,pre_iPSC
14.0,1703,pre_iPSC
14.0,1704,pre_iPSC
14.0,1705,iPSC
14.0,1706,pre_iPSC
14.0,1707,pre_iPSC
14.0,1708,pre_iPSC
14.0,1709,pre_iPSC
14.0,1710,pre_iPSC
14.0,1711,pre_iPSC
14.0,1712,pre_iPSC
14.0,1713,pre_iPSC
14.0,1714,pre_iPSC
14.0,1715,pre_iPSC
14.0,1716,pre_iPSC
14.0,1717,pre_iPSC
14.0,1718,pre_iPSC
14.0,1719,pre_iPSC
14.0,1720,pre_iPSC
14.0,1721,pre_iPSC
14.0,1722,pre_iPSC
14.0,1723,iPSC
14.0,1724,pre_iPSC
14.0,1725,pre_iPSC
14.0,1726,pre_iPSC
14.0,1727,pre_iPSC
14.0,1728,pre_iPSC
14.0,1729,pre_iPSC
14.0,1730,pre_iPSC
14.0,1731,pre_iPSC
14.0,1732,pre_iPSC
14.0,1733,pre_iPSC
14.0,1734,pre_iPSC
14.0,1735,pre_iPSC
14.0,1736,pre_iPSC
14.0,1737,pre_iPSC
14.0,1738,pre_iPSC
14.0,1739,pre_iPSC
14.0,1740,pre_iPSC
14.0,1741,partially_reprogrammed
14.0,1742,iPSC
14.0,1743,pre_iPSC
14.0,1744,pre_iPSC
14.0,1745,pre_iPSC
14.0,1746,pre_iPSC
14.0,1747,pre_iPSC
14.0,1748,pre_iPSC
14.0,1749,pre_iPSC
14.0,1750,pre_iPSC
14.0,1751,pre_iPSC
14.0,1752,pre_iPSC
14.0,1753,pre_iPSC
14.0,1754,pre_iPSC
14.0,1755,pre_iPSC
14.0,1756,pre_iPSC
14.0,1757,iPSC
14.0,1758,iPSC
14.0,1759,pre_iPSC
14.0,1760,iPSC
14.0,1761,pre_iPSC
14.0,1762,pre_iPSC
14.0,1763,partially_reprogrammed
14.0,1764,pre_iPSC
14.0,1765,pre_iPSC
14.0,1766,pre_iPSC
14.0,1767,pre_iPSC
14.0,1768,pre_iPSC
14.0,1769,pre_iPSC
14.0,1770,pre_iPSC
14.0,1771,pre_iPSC
14.0,1772,pre_iPSC
14.0,1773,pre_iPSC
14.0,1774,pre_iPSC
14.0,1775,pre_iPSC
14.0,1776,pre_iPSC
14.0,1777,pre_iPSC
14.0,1778,pre_iPSC
14.0,1779,pre_iPSC
14.0,1780,pre_iPSC
14.0,1781,pre_iPSC
14.0,1782,pre_iPSC
14.0,1783,pre_iPSC
14.0,1784,partially_reprogrammed
14.0,1785,pre_iPSC
14.0,1786,pre_iPSC
14.0,1787,pre_iPSC
14.0,1788,pre_iPSC
14.0,1789,pre_iPSC
14.0,1790,pre_iPSC
14.0,1791,pre_iPSC
14.0,1792,pre_iPSC
14.0,1793,pre_iPSC
14.0,1794,partially_reprogrammed
14.0,1795,pre_iPSC
14.0,1796,pre_iPSC
14.0,1797,iPSC
14.0,1798,pre_iPSC
14.0,1799,pre_iPSC
14.0,1800,pre_iPSC
14.0,1801,pre_iPSC
14.0,1802,pre_iPSC
14.0,1803,pre_iPSC
14.0,1804,pre_iPSC
14.0,1805,pre_iPSC
14.0,1806,pre_iPSC
14.0,1807,pre_iPSC
14.0,1808,pre_iPSC
14.0,1809,pre_iPSC
14.0,1810,pre_iPSC
14.0,1811,pre_iPSC
14.0,1812,pre_iPSC
14.0,1813,pre_iPSC
14.0,1814,iPSC
14.0,1815,pre_iPSC
14.0,1816,pre_iPSC
14.0,1817,pre_iPSC
14.0,1818,pre_iPSC
14.0,1819,pre_iPSC
14.0,1820,pre_iPSC
14.0,1821,pre_iPSC
14.0,1822,pre_iPSC
14.0,1823,pre_iPSC
14.0,1824,pre_iPSC
14.0,1825,pre_iPSC
14.0,1826,pre_iPSC
14.0,1827,pre_iPSC
14.0,1828,pre_iPSC
14.0,1829,pre_iPSC
14.0,1830,pre_iPSC
14.0,1831,pre_iPSC
14.0,1832,pre_iPSC
14.0,1833,pre_iPSC
14.0,1834,pre_iPSC
14.0,1835,pre_iPSC
14.0,1836,pre_iPSC
14.0,1837,pre_iPSC
14.0,1838,pre_iPSC
14.0,1839,pre_iPSC
14.0,1840,pre_iPSC
14.0,1841,pre_iPSC
14.0,1842,pre_iPSC
14.0,1843,pre_iPSC
14.0,1844,pre_iPSC
14.0,1845,pre_iPSC
14.0,1846,pre_iPSC
14.0,1847,pre_iPSC
14.0,1848,pre_iPSC
14.0,1849,iPSC
14.0,1850,pre_iPSC
14.0,1851,pre_iPSC
14.0,1852,pre_iPSC
14.0,1853,pre_iPSC
14.0,1854,pre_iPSC
14.0,1855,pre_iPSC
14.0,1856,pre_iPSC
14.0,1857,partially_reprogrammed
14.0,1858,pre_iPSC
14.0,1859,pre_iPSC
14.0,1860,partially_reprogrammed
14.0,1861,pre_iPSC
14.0,1862,pre_iPSC
14.0,1863,pre_iPSC
14.0,1864,pre_iPSC
14.0,1865,pre_iPSC
14.0,1866,pre_iPSC
14.0,1867,pre_iPSC
14.0,1868,pre_iPSC
14.0,1869,pre_iPSC
14.0,1870,pre_iPSC
14.0,1871,pre_iPSC
14.0,1872,pre_iPSC
14.0,1873,pre_iPSC
14.0,1874,pre_iPSC
14.0,1875,pre_iPSC
14.0,1876,pre_iPSC
14.0,1877,pre_iPSC
14.0,1878,pre_iPSC
14.0,1879,iPSC
14.0,1880,pre_iPSC
14.0,1881,pre_iPSC
14.0,1882,pre_iPSC
14.0,1883,pre_iPSC
14.0,1884,pre_iPSC
14.0,1885,pre_iPSC
14.0,1886,pre_iPSC
14.0,1887,pre_iPSC
14.0,1888,pre_iPSC
14.0,1889,pre_iPSC
14.0,1890,pre_iPSC
14.0,1891,pre_iPSC
14.0,1892,pre_iPSC
14.0,1893,pre_iPSC
14.0,1894,pre_iPSC
14.0,1895,pre_iPSC
14.0,1896,pre_iPSC
14.0,1897,pre_iPSC
14.0,1898,pre_iPSC
14.0,1899,pre_iPSC
14.0,1900,pre_iPSC
14.0,1901,pre_iPSC
14.0,1902,pre_iPSC
14.0,1903,pre_iPSC
14.0,1904,pre_iPSC
14.0,1905,pre_iPSC
14.0,1906,pre_iPSC
14.0,1907,pre_iPSC
14.0,1908,pre_iPSC
14.0,1909,pre_iPSC
14.0,1910,pre_iPSC
14.0,1911,pre_iPSC
14.0,1912,iPSC
14.0,1913,pre_iPSC
14.0,1914,pre_iPSC
14.0,1915,pre_iPSC
14.0,1916,pre_iPSC
14.0,1917,pre_iPSC
14.0,1918,pre_iPSC
14.0,1919,pre_iPSC
14.0,1920,pre_iPSC
14.0,1921,pre_iPSC
14.0,1922,partially_reprogrammed
14.0,1923,pre_iPSC
14.0,1924,pre_iPSC
14.0,1925,pre_iPSC
14.0,1926,pre_iPSC
14.0,1927,pre_iPSC
14.0,1928,pre_iPSC
14.0,1929,pre_iPSC
14.0,1930,pre_iPSC
14.0,1931,pre_iPSC
14.0,1932,pre_iPSC
14.0,1933,pre_iPSC
14.0,1934,pre_iPSC
14.0,1935,pre_iPSC
14.0,1936,pre_iPSC
14.0,1937,pre_iPSC
14.0,1938,pre_iPSC
14.0,1939,pre_iPSC
14.0,1940,pre_iPSC
14.0,1941,pre_iPSC
14.0,1942,pre_iPSC
14.0,1943,pre_iPSC
14.0,1944,pre_iPSC
14.0,1945,pre_iPSC
14.0,1946,pre_iPSC
14.0,1947,pre_iPSC
14.0,1948,pre_iPSC
14.0,1949,pre_iPSC
14.0,1950,pre_iPSC
14.0,1951,iPSC
14.0,1952,pre_iPSC
14.0,1953,pre_iPSC
14.0,1954,pre_iPSC
14.0,1955,pre_iPSC
14.0,1956,pre_iPSC
14.0,1957,pre_iPSC
14.0,1958,pre_iPSC
14.0,1959,pre_iPSC
14.0,1960,pre_iPSC
14.0,1961,pre_iPSC
14.0,1962,pre_iPSC
14.0,1963,pre_iPSC
14.0,1964,pre_iPSC
14.0,1965,pre_iPSC
14.0,1966,pre_iPSC
14.0,1967,pre_iPSC
14.0,1968,pre_iPSC
14.0,1969,pre_iPSC
14.0,1970,pre_iPSC
14.0,1971,pre_iPSC
14.0,1972,pre_iPSC
14.0,1973,pre_iPSC
14.0,1974,pre_iPSC
14.0,1975,pre_iPSC
14.0,1976,pre_iPSC
14.0,1977,pre_iPSC
14.0,1978,pre_iPSC
14.0,1979,pre_iPSC
14.0,1980,pre_iPSC
14.0,1981,pre_iPSC
14.0,1982,partially_reprogrammed
14.0,1983,pre_iPSC
14.0,1984,pre_iPSC
14.0,1985,pre_iPSC
14.0,1986,pre_iPSC
14.0,1987,pre_iPSC
14.0,1988,pre_iPSC
14.0,1989,pre_iPSC
14.0,1990,partially_reprogrammed
14.0,1991,pre_iPSC
14.0,1992,pre_iPSC
14.0,1993,pre_iPSC
14.0,1994,pre_iPSC
14.0,1995,pre_iPSC
14.0,1996,iPSC
14.0,1997,pre_iPSC
14.0,1998,pre_iPSC
14.0,1999,pre_iPSC
16.0,0,iPSC
16.0,1,iPSC
16.0,2,iPSC
16.0,3,iPSC
16.0,4,iPSC
16.0,5,iPSC
16.0,6,iPSC
16.0,7,iPSC
16.0,8,iPSC
16.0,9,iPSC
16.0,10,iPSC
16.0,11,iPSC
16.0,12,iPSC
16.0,13,iPSC
16.0,14,iPSC
16.0,15,iPSC
16.0,16,iPSC
16.0,17,iPSC
16.0,18,pre_iPSC
16.0,19,iPSC
16.0,20,iPSC
16.0,21,iPSC
16.0,22,iPSC
16.0,23,iPSC
16.0,24,iPSC
16.0,25,iPSC
16.0,26,iPSC
16.0,27,iPSC
16.0,28,iPSC
16.0,29,iPSC
16.0,30,iPSC
16.0,31,iPSC
16.0,32,iPSC
16.0,33,iPSC
16.0,34,iPSC
16.0,35,iPSC
16.0,36,iPSC
16.0,37,iPSC
16.0,38,iPSC
16.0,39,iPSC
16.0,40,pre_iPSC
16.0,41,iPSC
16.0,42,iPSC
16.0,43,iPSC
16.0,44,iPSC
16.0,45,iPSC
16.0,46,iPSC
16.0,47,iPSC
16.0,48,iPSC
16.0,49,iPSC
16.0,50,iPSC
16.0,51,iPSC
16.0,52,iPSC
16.0,53,iPSC
16.0,54,iPSC
16.0,55,iPSC
16.0,56,iPSC
16.0,57,iPSC
16.0,58,iPSC
16.0,59,iPSC
16.0,60,iPSC
16.0,61,iPSC
16.0,62,iPSC
16.0,63,iPSC
16.0,64,iPSC
16.0,65,iPSC
16.0,66,iPSC
16.0,67,iPSC
16.0,68,iPSC
16.0,69,iPSC
16.0,70,iPSC
16.0,71,iPSC
16.0,72,iPSC
16.0,73,iPSC
16.0,74,iPSC
16.0,75,iPSC
16.0,76,iPSC
16.0,77,iPSC
16.0,78,iPSC
16.0,79,iPSC
16.0,80,iPSC
16.0,81,iPSC
16.0,82,iPSC
16.0,83,iPSC
16.0,84,iPSC
16.0,85,iPSC
16.0,86,iPSC
16.0,87,iPSC
16.0,88,iPSC
16.0,89,iPSC
16.0,90,iPSC
16.0,91,iPSC
16.0,92,iPSC
16.0,93,iPSC
16.0,94,iPSC
16.0,95,iPSC
16.0,96,iPSC
16.0,97,iPSC
16.0,98,iPSC
16.0,99,iPSC
16.0,100,iPSC
16.0,101,iPSC
16.0,102,iPSC
16.0,103,iPSC
16.0,104,iPSC
16.0,105,iPSC
16.0,106,iPSC
16.0,107,iPSC
16.0,108,iPSC
16.0,109,iPSC
16.0,110,iPSC
16.0,111,iPSC
16.0,112,iPSC
16.0,113,iPSC
16.0,114,iPSC
16.0,115,iPSC
16.0,116,iPSC
16.0,117,iPSC
16.0,118,iPSC
16.0,119,iPSC
16.0,120,iPSC
16.0,121,iPSC
16.0,122,iPSC
16.0,123,iPSC
16.0,124,iPSC
16.0,125,iPSC
16.0,126,iPSC
16.0,127,iPSC
16.0,128,iPSC
16.0,129,iPSC
16.0,130,iPSC
16.0,131,iPSC
16.0,132,iPSC
16.0,133,iPSC
16.0,134,iPSC
16.0,135,iPSC
16.0,136,iPSC
16.0,137,iPSC
16.0,138,iPSC
16.0,139,iPSC
16.0,140,iPSC
16.0,141,iPSC
16.0,142,iPSC
16.0,143,iPSC
16.0,144,iPSC
16.0,145,iPSC
16.0,146,iPSC
16.0,147,iPSC
16.0,148,iPSC
16.0,149,iPSC
16.0,150,iPSC
16.0,151,iPSC
16.0,152,iPSC
16.0,153,iPSC
16.0,154,iPSC
16.0,155,iPSC
16.0,156,iPSC
16.0,157,iPSC
16.0,158,iPSC
16.0,159,iPSC
16.0,160,iPSC
16.0,161,iPSC
16.0,162,iPSC
16.0,163,iPSC
16.0,164,iPSC
16.0,165,iPSC
16.0,166,pre_iPSC
16.0,167,iPSC
16.0,168,iPSC
16.0,169,iPSC
16.0,170,iPSC
16.0,171,iPSC
16.0,172,iPSC
16.0,173,iPSC
16.0,174,iPSC
16.0,175,iPSC
16.0,176,iPSC
16.0,177,iPSC
16.0,178,iPSC
16.0,179,iPSC
16.0,180,iPSC
16.0,181,iPSC
16.0,182,iPSC
16.0,183,iPSC
16.0,184,iPSC
16.0,185,iPSC
16.0,186,iPSC
16.0,187,iPSC
16.0,188,iPSC
16.0,189,iPSC
16.0,190,iPSC
16.0,191,pre_iPSC
16.0,192,iPSC
16.0,193,iPSC
16.0,194,iPSC
16.0,195,iPSC
16.0,196,iPSC
16.0,197,iPSC
16.0,198,iPSC
16.0,199,iPSC
16.0,200,iPSC
16.0,201,iPSC
16.0,202,iPSC
16.0,203,pre_iPSC
16.0,204,iPSC
16.0,205,iPSC
16.0,206,iPSC
16.0,207,iPSC
16.0,208,iPSC
16.0,209,iPSC
16.0,210,iPSC
16.0,211,iPSC
16.0,212,iPSC
16.0,213,iPSC
16.0,214,iPSC
16.0,215,iPSC
16.0,216,iPSC
16.0,217,iPSC
16.0,218,iPSC
16.0,219,iPSC
16.0,220,iPSC
16.0,221,iPSC
16.0,222,iPSC
16.0,223,iPSC
16.0,224,pre_iPSC
16.0,225,iPSC
16.0,226,iPSC
16.0,227,iPSC
16.0,228,iPSC
16.0,229,pre_iPSC
16.0,230,iPSC
16.0,231,iPSC
16.0,232,iPSC
16.0,233,iPSC
16.0,234,iPSC
16.0,235,iPSC
16.0,236,iPSC
16.0,237,iPSC
16.0,238,iPSC
16.0,239,iPSC
16.0,240,iPSC
16.0,241,iPSC
16.0,242,iPSC
16.0,243,iPSC
16.0,244,iPSC
16.0,245,iPSC
16.0,246,iPSC
16.0,247,iPSC
16.0,248,iPSC
16.0,249,iPSC
16.0,250,iPSC
16.0,251,iPSC
16.0,252,pre_iPSC
16.0,253,iPSC
16.0,254,iPSC
16.0,255,iPSC
16.0,256,iPSC
16.0,257,pre_iPSC
16.0,258,iPSC
16.0,259,iPSC
16.0,260,iPSC
16.0,261,iPSC
16.0,262,iPSC
16.0,263,iPSC
16.0,264,iPSC
16.0,265,iPSC
16.0,266,iPSC
16.0,267,iPSC
16.0,268,iPSC
16.0,269,iPSC
16.0,270,iPSC
16.0,271,iPSC
16.0,272,iPSC
16.0,273,iPSC
16.0,274,iPSC
16.0,275,iPSC
16.0,276,iPSC
16.0,277,iPSC
16.0,278,pre_iPSC
16.0,279,iPSC
16.0,280,iPSC
16.0,281,iPSC
16.0,282,iPSC
16.0,283,iPSC
16.0,284,iPSC
16.0,285,iPSC
16.0,286,pre_iPSC
16.0,287,iPSC
16.0,288,iPSC
16.0,289,pre_iPSC
16.0,290,iPSC
16.0,291,iPSC
16.0,292,iPSC
16.0,293,iPSC
16.0,294,iPSC
16.0,295,iPSC
16.0,296,iPSC
16.0,297,iPSC
16.0,298,iPSC
16.0,299,iPSC
16.0,300,iPSC
16.0,301,iPSC
16.0,302,iPSC
16.0,303,iPSC
16.0,304,iPSC
16.0,305,iPSC
16.0,306,iPSC
16.0,307,iPSC
16.0,308,pre_iPSC
16.0,309,iPSC
16.0,310,iPSC
16.0,311,iPSC
16.0,312,iPSC
16.0,313,iPSC
16.0,314,iPSC
16.0,315,iPSC
16.0,316,iPSC
16.0,317,iPSC
16.0,318,iPSC
16.0,319,iPSC
16.0,320,iPSC
16.0,321,iPSC
16.0,322,iPSC
16.0,323,iPSC
16.0,324,iPSC
16.0,325,iPSC
16.0,326,iPSC
16.0,327,iPSC
16.0,328,iPSC
16.0,329,iPSC
16.0,330,iPSC
16.0,331,iPSC
16.0,332,iPSC
16.0,333,iPSC
16.0,334,iPSC
16.0,335,iPSC
16.0,336,iPSC
16.0,337,iPSC
16.0,338,iPSC
16.0,339,iPSC
16.0,340,iPSC
16.0,341,iPSC
16.0,342,iPSC
16.0,343,iPSC
16.0,344,iPSC
16.0,345,iPSC
16.0,346,iPSC
16.0,347,iPSC
16.0,348,iPSC
16.0,349,iPSC
16.0,350,iPSC
16.0,351,iPSC
16.0,352,iPSC
16.0,353,iPSC
16.0,354,iPSC
16.0,355,iPSC
16.0,356,iPSC
16.0,357,iPSC
16.0,358,iPSC
16.0,359,iPSC
16.0,360,iPSC
16.0,361,iPSC
16.0,362,iPSC
16.0,363,iPSC
16.0,364,iPSC
16.0,365,iPSC
16.0,366,iPSC
16.0,367,iPSC
16.0,368,iPSC
16.0,369,iPSC
16.0,370,iPSC
16.0,371,iPSC
16.0,372,iPSC
16.0,373,iPSC
16.0,374,iPSC
16.0,375,pre_iPSC
16.0,376,iPSC
16.0,377,iPSC
16.0,378,iPSC
16.0,379,iPSC
16.0,380,iPSC
16.0,381,iPSC
16.0,382,iPSC
16.0,383,pre_iPSC
16.0,384,iPSC
16.0,385,iPSC
16.0,386,iPSC
16.0,387,iPSC
16.0,388,iPSC
16.0,389,iPSC
16.0,390,iPSC
16.0,391,iPSC
16.0,392,iPSC
16.0,393,iPSC
16.0,394,iPSC
16.0,395,iPSC
16.0,396,iPSC
16.0,397,iPSC
16.0,398,iPSC
16.0,399,iPSC
16.0,400,iPSC
16.0,401,iPSC
16.0,402,iPSC
16.0,403,iPSC
16.0,404,iPSC
16.0,405,iPSC
16.0,406,iPSC
16.0,407,iPSC
16.0,408,iPSC
16.0,409,iPSC
16.0,410,iPSC
16.0,411,iPSC
16.0,412,iPSC
16.0,413,iPSC
16.0,414,iPSC
16.0,415,iPSC
16.0,416,iPSC
16.0,417,iPSC
16.0,418,iPSC
16.0,419,iPSC
16.0,420,iPSC
16.0,421,iPSC
16.0,422,iPSC
16.0,423,iPSC
16.0,424,iPSC
16.0,425,iPSC
16.0,426,iPSC
16.0,427,iPSC
16.0,428,iPSC
16.0,429,iPSC
16.0,430,iPSC
16.0,431,iPSC
16.0,432,iPSC
16.0,433,iPSC
16.0,434,iPSC
16.0,435,iPSC
16.0,436,iPSC
16.0,437,pre_iPSC
16.0,438,iPSC
16.0,439,iPSC
16.0,440,pre_iPSC
16.0,441,iPSC
16.0,442,iPSC
16.0,443,iPSC
16.0,444,iPSC
16.0,445,pre_iPSC
16.0,446,iPSC
16.0,447,iPSC
16.0,448,iPSC
16.0,449,iPSC
16.0,450,iPSC
16.0,451,iPSC
16.0,452,iPSC
16.0,453,iPSC
16.0,454,iPSC
16.0,455,iPSC
16.0,456,iPSC
16.0,457,iPSC
16.0,458,iPSC
16.0,459,iPSC
16.0,460,iPSC
16.0,461,iPSC
16.0,462,iPSC
16.0,463,iPSC
16.0,464,iPSC
16.0,465,iPSC
16.0,466,iPSC
16.0,467,iPSC
16.0,468,iPSC
16.0,469,iPSC
16.0,470,pre_iPSC
16.0,471,iPSC
16.0,472,iPSC
16.0,473,iPSC
16.0,474,iPSC
16.0,475,iPSC
16.0,476,iPSC
16.0,477,iPSC
16.0,478,iPSC
16.0,479,iPSC
16.0,480,iPSC
16.0,481,iPSC
16.0,482,iPSC
16.0,483,iPSC
16.0,484,iPSC
16.0,485,iPSC
16.0,486,iPSC
16.0,487,iPSC
16.0,488,iPSC
16.0,489,iPSC
16.0,490,iPSC
16.0,491,iPSC
16.0,492,iPSC
16.0,493,iPSC
16.0,494,iPSC
16.0,495,iPSC
16.0,496,iPSC
16.0,497,iPSC
16.0,498,pre_iPSC
16.0,499,iPSC
16.0,500,iPSC
16.0,501,iPSC
16.0,502,iPSC
16.0,503,iPSC
16.0,504,iPSC
16.0,505,iPSC
16.0,506,iPSC
16.0,507,iPSC
16.0,508,iPSC
16.0,509,iPSC
16.0,510,iPSC
16.0,511,iPSC
16.0,512,iPSC
16.0,513,iPSC
16.0,514,iPSC
16.0,515,iPSC
16.0,516,iPSC
16.0,517,iPSC
16.0,518,iPSC
16.0,519,iPSC
16.0,520,iPSC
16.0,521,iPSC
16.0,522,iPSC
16.0,523,iPSC
16.0,524,iPSC
16.0,525,iPSC
16.0,526,iPSC
16.0,527,iPSC
16.0,528,iPSC
16.0,529,iPSC
16.0,530,iPSC
16.0,531,iPSC
16.0,532,iPSC
16.0,533,iPSC
16.0,534,iPSC
16.0,535,iPSC
16.0,536,iPSC
16.0,537,iPSC
16.0,538,iPSC
16.0,539,pre_iPSC
16.0,540,iPSC
16.0,541,iPSC
16.0,542,iPSC
16.0,543,iPSC
16.0,544,pre_iPSC
16.0,545,iPSC
16.0,546,iPSC
16.0,547,iPSC
16.0,548,iPSC
16.0,549,iPSC
16.0,550,iPSC
16.0,551,iPSC
16.0,552,iPSC
16.0,553,iPSC
16.0,554,iPSC
16.0,555,iPSC
16.0,556,iPSC
16.0,557,iPSC
16.0,558,iPSC
16.0,559,iPSC
16.0,560,iPSC
16.0,561,iPSC
16.0,562,iPSC
16.0,563,iPSC
16.0,564,iPSC
16.0,565,iPSC
16.0,566,iPSC
16.0,567,iPSC
16.0,568,iPSC
16.0,569,iPSC
16.0,570,iPSC
16.0,571,iPSC
16.0,572,iPSC
16.0,573,iPSC
16.0,574,iPSC
16.0,575,pre_iPSC
16.0,576,iPSC
16.0,577,iPSC
16.0,578,pre_iPSC
16.0,579,iPSC
16.0,580,iPSC
16.0,581,iPSC
16.0,582,iPSC
16.0,583,iPSC
16.0,584,iPSC
16.0,585,iPSC
16.0,586,iPSC
16.0,587,iPSC
16.0,588,pre_iPSC
16.0,589,iPSC
16.0,590,iPSC
16.0,591,iPSC
16.0,592,iPSC
16.0,593,iPSC
16.0,594,iPSC
16.0,595,iPSC
16.0,596,iPSC
16.0,597,iPSC
16.0,598,iPSC
16.0,599,iPSC
16.0,600,iPSC
16.0,601,iPSC
16.0,602,iPSC
16.0,603,iPSC
16.0,604,iPSC
16.0,605,iPSC
16.0,606,iPSC
16.0,607,iPSC
16.0,608,iPSC
16.0,609,iPSC
16.0,610,iPSC
16.0,611,iPSC
16.0,612,iPSC
16.0,613,iPSC
16.0,614,iPSC
16.0,615,iPSC
16.0,616,iPSC
16.0,617,iPSC
16.0,618,iPSC
16.0,619,iPSC
16.0,620,iPSC
16.0,621,iPSC
16.0,622,iPSC
16.0,623,iPSC
16.0,624,iPSC
16.0,625,iPSC
16.0,626,iPSC
16.0,627,iPSC
16.0,628,iPSC
16.0,629,iPSC
16.0,630,iPSC
16.0,631,iPSC
16.0,632,iPSC
16.0,633,iPSC
16.0,634,iPSC
16.0,635,iPSC
16.0,636,iPSC
16.0,637,iPSC
16.0,638,iPSC
16.0,639,iPSC
16.0,640,iPSC
16.0,641,iPSC
16.0,642,iPSC
16.0,643,iPSC
16.0,644,iPSC
16.0,645,iPSC
16.0,646,iPSC
16.0,647,iPSC
16.0,648,iPSC
16.0,649,iPSC
16.0,650,iPSC
16.0,651,pre_iPSC
16.0,652,iPSC
16.0,653,iPSC
16.0,654,iPSC
16.0,655,iPSC
16.0,656,iPSC
16.0,657,iPSC
16.0,658,iPSC
16.0,659,iPSC
16.0,660,iPSC
16.0,661,iPSC
16.0,662,iPSC
16.0,663,iPSC
16.0,664,iPSC
16.0,665,iPSC
16.0,666,iPSC
16.0,667,iPSC
16.0,668,iPSC
16.0,669,iPSC
16.0,670,iPSC
16.0,671,iPSC
16.0,672,iPSC
16.0,673,pre_iPSC
16.0,674,iPSC
16.0,675,iPSC
16.0,676,iPSC
16.0,677,iPSC
16.0,678,iPSC
16.0,679,iPSC
16.0,680,iPSC
16.0,681,iPSC
16.0,682,iPSC
16.0,683,iPSC
16.0,684,iPSC
16.0,685,iPSC
16.0,686,iPSC
16.0,687,iPSC
16.0,688,iPSC
16.0,689,iPSC
16.0,690,iPSC
16.0,691,iPSC
16.0,692,iPSC
16.0,693,iPSC
16.0,694,iPSC
16.0,695,iPSC
16.0,696,iPSC
16.0,697,iPSC
16.0,698,iPSC
16.0,699,iPSC
16.0,700,iPSC
16.0,701,iPSC
16.0,702,iPSC
16.0,703,iPSC
16.0,704,iPSC
16.0,705,iPSC
16.0,706,iPSC
16.0,707,pre_iPSC
16.0,708,iPSC
16.0,709,iPSC
16.0,710,iPSC
16.0,711,pre_iPSC
16.0,712,iPSC
16.0,713,pre_iPSC
16.0,714,iPSC
16.0,715,iPSC
16.0,716,iPSC
16.0,717,iPSC
16.0,718,iPSC
16.0,719,iPSC
16.0,720,iPSC
16.0,721,iPSC
16.0,722,iPSC
16.0,723,iPSC
16.0,724,iPSC
16.0,725,iPSC
16.0,726,iPSC
16.0,727,iPSC
16.0,728,iPSC
16.0,729,iPSC
16.0,730,iPSC
16.0,731,iPSC
16.0,732,iPSC
16.0,733,iPSC
16.0,734,iPSC
16.0,735,iPSC
16.0,736,iPSC
16.0,737,iPSC
16.0,738,iPSC
16.0,739,iPSC
16.0,740,iPSC
16.0,741,iPSC
16.0,742,iPSC
16.0,743,iPSC
16.0,744,iPSC
16.0,745,iPSC
16.0,746,iPSC
16.0,747,iPSC
16.0,748,iPSC
16.0,749,iPSC
16.0,750,iPSC
16.0,751,pre_iPSC
16.0,752,iPSC
16.0,753,iPSC
16.0,754,iPSC
16.0,755,iPSC
16.0,756,iPSC
16.0,757,iPSC
16.0,758,iPSC
16.0,759,iPSC
16.0,760,iPSC
16.0,761,iPSC
16.0,762,iPSC
16.0,763,iPSC
16.0,764,iPSC
16.0,765,iPSC
16.0,766,iPSC
16.0,767,iPSC
16.0,768,iPSC
16.0,769,iPSC
16.0,770,iPSC
16.0,771,iPSC
16.0,772,iPSC
16.0,773,iPSC
16.0,774,iPSC
16.0,775,iPSC
16.0,776,iPSC
16.0,777,iPSC
16.0,778,iPSC
16.0,779,iPSC
16.0,780,iPSC
16.0,781,iPSC
16.0,782,iPSC
16.0,783,iPSC
16.0,784,iPSC
16.0,785,iPSC
16.0,786,iPSC
16.0,787,iPSC
16.0,788,iPSC
16.0,789,iPSC
16.0,790,iPSC
16.0,791,iPSC
16.0,792,iPSC
16.0,793,iPSC
16.0,794,iPSC
16.0,795,iPSC
16.0,796,iPSC
16.0,797,iPSC
16.0,798,iPSC
16.0,799,iPSC
16.0,800,iPSC
16.0,801,iPSC
16.0,802,iPSC
16.0,803,iPSC
16.0,804,iPSC
16.0,805,iPSC
16.0,806,iPSC
16.0,807,iPSC
16.0,808,iPSC
16.0,809,iPSC
16.0,810,iPSC
16.0,811,iPSC
16.0,812,iPSC
16.0,813,iPSC
16.0,814,iPSC
16.0,815,iPSC
16.0,816,iPSC
16.0,817,iPSC
16.0,818,iPSC
16.0,819,pre_iPSC
16.0,820,iPSC
16.0,821,iPSC
16.0,822,iPSC
16.0,823,iPSC
16.0,824,iPSC
16.0,825,iPSC
16.0,826,iPSC
16.0,827,iPSC
16.0,828,iPSC
16.0,829,iPSC
16.0,830,iPSC
16.0,831,iPSC
16.0,832,iPSC
16.0,833,iPSC
16.0,834,iPSC
16.0,835,iPSC
16.0,836,iPSC
16.0,837,iPSC
16.0,838,iPSC
16.0,839,iPSC
16.0,840,iPSC
16.0,841,iPSC
16.0,842,iPSC
16.0,843,iPSC
16.0,844,iPSC
16.0,845,iPSC
16.0,846,iPSC
16.0,847,iPSC
16.0,848,iPSC
16.0,849,iPSC
16.0,850,iPSC
16.0,851,iPSC
16.0,852,iPSC
16.0,853,iPSC
16.0,854,iPSC
16.0,855,iPSC
16.0,856,iPSC
16.0,857,iPSC
16.0,858,pre_iPSC
16.0,859,iPSC
16.0,860,iPSC
16.0,861,iPSC
16.0,862,iPSC
16.0,863,iPSC
16.0,864,iPSC
16.0,865,iPSC
16.0,866,iPSC
16.0,867,iPSC
16.0,868,iPSC
16.0,869,iPSC
16.0,870,iPSC
16.0,871,iPSC
16.0,872,iPSC
16.0,873,iPSC
16.0,874,iPSC
16.0,875,iPSC
16.0,876,iPSC
16.0,877,iPSC
16.0,878,iPSC
16.0,879,iPSC
16.0,880,iPSC
16.0,881,iPSC
16.0,882,iPSC
16.0,883,iPSC
16.0,884,iPSC
16.0,885,iPSC
16.0,886,iPSC
16.0,887,iPSC
16.0,888,iPSC
16.0,889,iPSC
16.0,890,iPSC
16.0,891,iPSC
16.0,892,iPSC
16.0,893,iPSC
16.0,894,iPSC
16.0,895,iPSC
16.0,896,iPSC
16.0,897,iPSC
16.0,898,iPSC
16.0,899,iPSC
16.0,900,iPSC
16.0,901,iPSC
16.0,902,pre_iPSC
16.0,903,iPSC
16.0,904,iPSC
16.0,905,iPSC
16.0,906,iPSC
16.0,907,iPSC
16.0,908,pre_iPSC
16.0,909,iPSC
16.0,910,iPSC
16.0,911,iPSC
16.0,912,iPSC
16.0,913,iPSC
16.0,914,iPSC
16.0,915,iPSC
16.0,916,iPSC
16.0,917,iPSC
16.0,918,iPSC
16.0,919,iPSC
16.0,920,iPSC
16.0,921,iPSC
16.0,922,iPSC
16.0,923,iPSC
16.0,924,iPSC
16.0,925,iPSC
16.0,926,iPSC
16.0,927,iPSC
16.0,928,iPSC
16.0,929,iPSC
16.0,930,iPSC
16.0,931,iPSC
16.0,932,iPSC
16.0,933,iPSC
16.0,934,iPSC
16.0,935,iPSC
16.0,936,iPSC
16.0,937,iPSC
16.0,938,iPSC
16.0,939,iPSC
16.0,940,iPSC
16.0,941,iPSC
16.0,942,iPSC
16.0,943,pre_iPSC
16.0,944,iPSC
16.0,945,iPSC
16.0,946,iPSC
16.0,947,iPSC
16.0,948,iPSC
16.0,949,iPSC
16.0,950,iPSC
16.0,951,iPSC
16.0,952,iPSC
16.0,953,iPSC
16.0,954,iPSC
16.0,955,iPSC
16.0,956,iPSC
16.0,957,iPSC
16.0,958,iPSC
16.0,959,iPSC
16.0,960,iPSC
16.0,961,iPSC
16.0,962,iPSC
16.0,963,iPSC
16.0,964,pre_iPSC
16.0,965,iPSC
16.0,966,iPSC
16.0,967,iPSC
16.0,968,iPSC
16.0,969,iPSC
16.0,970,iPSC
16.0,971,iPSC
16.0,972,iPSC
16.0,973,iPSC
16.0,974,iPSC
16.0,975,iPSC
16.0,976,iPSC
16.0,977,iPSC
16.0,978,iPSC
16.0,979,iPSC
16.0,980,iPSC
16.0,981,iPSC
16.0,982,iPSC
16.0,983,iPSC
16.0,984,iPSC
16.0,985,iPSC
16.0,986,iPSC
16.0,987,iPSC
16.0,988,iPSC
16.0,989,iPSC
16.0,990,iPSC
16.0,991,iPSC
16.0,992,iPSC
16.0,993,iPSC
16.0,994,iPSC
16.0,995,iPSC
16.0,996,iPSC
16.0,997,iPSC
16.0,998,iPSC
16.0,999,iPSC
16.0,1000,iPSC
16.0,1001,iPSC
16.0,1002,iPSC
16.0,1003,iPSC
16.0,1004,iPSC
16.0,1005,iPSC
16.0,1006,iPSC
16.0,1007,iPSC
16.0,1008,iPSC
16.0,1009,iPSC
16.0,1010,iPSC
16.0,1011,iPSC
16.0,1012,iPSC
16.0,1013,iPSC
16.0,1014,iPSC
16.0,1015,iPSC
16.0,1016,pre_iPSC
16.0,1017,iPSC
16.0,1018,iPSC
16.0,1019,iPSC
16.0,1020,iPSC
16.0,1021,iPSC
16.0,1022,iPSC
16.0,1023,iPSC
16.0,1024,iPSC
16.0,1025,iPSC
16.0,1026,iPSC
16.0,1027,iPSC
16.0,1028,iPSC
16.0,1029,iPSC
16.0,1030,iPSC
16.0,1031,iPSC
16.0,1032,iPSC
16.0,1033,iPSC
16.0,1034,iPSC
16.0,1035,iPSC
16.0,1036,iPSC
16.0,1037,iPSC
16.0,1038,iPSC
16.0,1039,iPSC
16.0,1040,iPSC
16.0,1041,iPSC
16.0,1042,iPSC
16.0,1043,pre_iPSC
16.0,1044,iPSC
16.0,1045,iPSC
16.0,1046,iPSC
16.0,1047,iPSC
16.0,1048,iPSC
16.0,1049,iPSC
16.0,1050,iPSC
16.0,1051,iPSC
16.0,1052,iPSC
16.0,1053,iPSC
16.0,1054,iPSC
16.0,1055,iPSC
16.0,1056,iPSC
16.0,1057,iPSC
16.0,1058,iPSC
16.0,1059,iPSC
16.0,1060,iPSC
16.0,1061,iPSC
16.0,1062,iPSC
16.0,1063,iPSC
16.0,1064,iPSC
16.0,1065,iPSC
16.0,1066,iPSC
16.0,1067,iPSC
16.0,1068,iPSC
16.0,1069,iPSC
16.0,1070,iPSC
16.0,1071,iPSC
16.0,1072,iPSC
16.0,1073,iPSC
16.0,1074,iPSC
16.0,1075,iPSC
16.0,1076,iPSC
16.0,1077,iPSC
16.0,1078,iPSC
16.0,1079,iPSC
16.0,1080,iPSC
16.0,1081,iPSC
16.0,1082,iPSC
16.0,1083,iPSC
16.0,1084,iPSC
16.0,1085,iPSC
16.0,1086,iPSC
16.0,1087,iPSC
16.0,1088,iPSC
16.0,1089,iPSC
16.0,1090,iPSC
16.0,1091,pre_iPSC
16.0,1092,iPSC
16.0,1093,iPSC
16.0,1094,iPSC
16.0,1095,iPSC
16.0,1096,iPSC
16.0,1097,iPSC
16.0,1098,iPSC
16.0,1099,iPSC
16.0,1100,iPSC
16.0,1101,iPSC
16.0,1102,iPSC
16.0,1103,iPSC
16.0,1104,iPSC
16.0,1105,iPSC
16.0,1106,iPSC
16.0,1107,iPSC
16.0,1108,iPSC
16.0,1109,iPSC
16.0,1110,iPSC
16.0,1111,iPSC
16.0,1112,iPSC
16.0,1113,iPSC
16.0,1114,iPSC
16.0,1115,iPSC
16.0,1116,iPSC
16.0,1117,iPSC
16.0,1118,iPSC
16.0,1119,iPSC
16.0,1120,iPSC
16.0,1121,iPSC
16.0,1122,iPSC
16.0,1123,iPSC
16.0,1124,iPSC
16.0,1125,iPSC
16.0,1126,iPSC
16.0,1127,iPSC
16.0,1128,iPSC
16.0,1129,iPSC
16.0,1130,iPSC
16.0,1131,iPSC
16.0,1132,iPSC
16.0,1133,iPSC
16.0,1134,iPSC
16.0,1135,iPSC
16.0,1136,iPSC
16.0,1137,iPSC
16.0,1138,iPSC
16.0,1139,iPSC
16.0,1140,iPSC
16.0,1141,iPSC
16.0,1142,iPSC
16.0,1143,iPSC
16.0,1144,iPSC
16.0,1145,iPSC
16.0,1146,iPSC
16.0,1147,iPSC
16.0,1148,iPSC
16.0,1149,iPSC
16.0,1150,iPSC
16.0,1151,iPSC
16.0,1152,iPSC
16.0,1153,iPSC
16.0,1154,iPSC
16.0,1155,iPSC
16.0,1156,iPSC
16.0,1157,iPSC
16.0,1158,iPSC
16.0,1159,iPSC
16.0,1160,iPSC
16.0,1161,iPSC
16.0,1162,iPSC
16.0,1163,iPSC
16.0,1164,iPSC
16.0,1165,iPSC
16.0,1166,iPSC
16.0,1167,iPSC
16.0,1168,iPSC
16.0,1169,iPSC
16.0,1170,iPSC
16.0,1171,iPSC
16.0,1172,iPSC
16.0,1173,iPSC
16.0,1174,iPSC
16.0,1175,iPSC
16.0,1176,iPSC
16.0,1177,iPSC
16.0,1178,iPSC
16.0,1179,iPSC
16.0,1180,iPSC
16.0,1181,iPSC
16.0,1182,iPSC
16.0,1183,iPSC
16.0,1184,iPSC
16.0,1185,iPSC
16.0,1186,iPSC
16.0,1187,iPSC
16.0,1188,iPSC
16.0,1189,iPSC
16.0,1190,iPSC
16.0,1191,iPSC
16.0,1192,iPSC
16.0,1193,iPSC
16.0,1194,iPSC
16.0,1195,iPSC
16.0,1196,iPSC
16.0,1197,iPSC
16.0,1198,iPSC
16.0,1199,iPSC
16.0,1200,iPSC
16.0,1201,iPSC
16.0,1202,iPSC
16.0,1203,iPSC
16.0,1204,iPSC
16.0,1205,iPSC
16.0,1206,iPSC
16.0,1207,iPSC
16.0,1208,iPSC
16.0,1209,iPSC
16.0,1210,iPSC
16.0,1211,iPSC
16.0,1212,iPSC
16.0,1213,iPSC
16.0,1214,iPSC
16.0,1215,iPSC
16.0,1216,iPSC
16.0,1217,iPSC
16.0,1218,iPSC
16.0,1219,iPSC
16.0,1220,iPSC
16.0,1221,iPSC
16.0,1222,iPSC
16.0,1223,iPSC
16.0,1224,iPSC
16.0,1225,iPSC
16.0,1226,iPSC
16.0,1227,iPSC
16.0,1228,iPSC
16.0,1229,iPSC
16.0,1230,iPSC
16.0,1231,iPSC
16.0,1232,iPSC
16.0,1233,iPSC
16.0,1234,iPSC
16.0,1235,iPSC
16.0,1236,iPSC
16.0,1237,iPSC
16.0,1238,iPSC
16.0,1239,iPSC
16.0,1240,iPSC
16.0,1241,iPSC
16.0,1242,iPSC
16.0,1243,iPSC
16.0,1244,iPSC
16.0,1245,iPSC
16.0,1246,iPSC
16.0,1247,iPSC
16.0,1248,iPSC
16.0,1249,iPSC
16.0,1250,iPSC
16.0,1251,iPSC
16.0,1252,iPSC
16.0,1253,iPSC
16.0,1254,iPSC
16.0,1255,iPSC
16.0,1256,iPSC
16.0,1257,iPSC
16.0,1258,iPSC
16.0,1259,iPSC
16.0,1260,iPSC
16.0,1261,iPSC
16.0,1262,iPSC
16.0,1263,pre_iPSC
16.0,1264,iPSC
16.0,1265,iPSC
16.0,1266,iPSC
16.0,1267,iPSC
16.0,1268,iPSC
16.0,1269,iPSC
16.0,1270,pre_iPSC
16.0,1271,iPSC
16.0,1272,iPSC
16.0,1273,iPSC
16.0,1274,iPSC
16.0,1275,iPSC
16.0,1276,iPSC
16.0,1277,iPSC
16.0,1278,iPSC
16.0,1279,iPSC
16.0,1280,iPSC
16.0,1281,iPSC
16.0,1282,iPSC
16.0,1283,iPSC
16.0,1284,iPSC
16.0,1285,iPSC
16.0,1286,iPSC
16.0,1287,iPSC
16.0,1288,iPSC
16.0,1289,iPSC
16.0,1290,iPSC
16.0,1291,iPSC
16.0,1292,iPSC
16.0,1293,iPSC
16.0,1294,iPSC
16.0,1295,iPSC
16.0,1296,iPSC
16.0,1297,iPSC
16.0,1298,iPSC
16.0,1299,iPSC
16.0,1300,iPSC
16.0,1301,iPSC
16.0,1302,iPSC
16.0,1303,iPSC
16.0,1304,iPSC
16.0,1305,iPSC
16.0,1306,iPSC
16.0,1307,iPSC
16.0,1308,iPSC
16.0,1309,iPSC
16.0,1310,iPSC
16.0,1311,iPSC
16.0,1312,iPSC
16.0,1313,iPSC
16.0,1314,iPSC
16.0,1315,iPSC
16.0,1316,iPSC
16.0,1317,iPSC
16.0,1318,iPSC
16.0,1319,pre_iPSC
16.0,1320,iPSC
16.0,1321,iPSC
16.0,1322,iPSC
16.0,1323,iPSC
16.0,1324,iPSC
16.0,1325,iPSC
16.0,1326,pre_iPSC
16.0,1327,iPSC
16.0,1328,iPSC
16.0,1329,iPSC
16.0,1330,iPSC
16.0,1331,iPSC
16.0,1332,iPSC
16.0,1333,iPSC
16.0,1334,iPSC
16.0,1335,iPSC
16.0,1336,iPSC
16.0,1337,iPSC
16.0,1338,iPSC
16.0,1339,iPSC
16.0,1340,iPSC
16.0,1341,iPSC
16.0,1342,iPSC
16.0,1343,iPSC
16.0,1344,iPSC
16.0,1345,iPSC
16.0,1346,iPSC
16.0,1347,iPSC
16.0,1348,iPSC
16.0,1349,iPSC
16.0,1350,iPSC
16.0,1351,iPSC
16.0,1352,iPSC
16.0,1353,pre_iPSC
16.0,1354,iPSC
16.0,1355,iPSC
16.0,1356,iPSC
16.0,1357,iPSC
16.0,1358,iPSC
16.0,1359,iPSC
16.0,1360,iPSC
16.0,1361,iPSC
16.0,1362,iPSC
16.0,1363,iPSC
16.0,1364,iPSC
16.0,1365,iPSC
16.0,1366,iPSC
16.0,1367,iPSC
16.0,1368,iPSC
16.0,1369,iPSC
16.0,1370,iPSC
16.0,1371,iPSC
16.0,1372,iPSC
16.0,1373,iPSC
16.0,1374,iPSC
16.0,1375,iPSC
16.0,1376,iPSC
16.0,1377,iPSC
16.0,1378,iPSC
16.0,1379,iPSC
16.0,1380,iPSC
16.0,1381,iPSC
16.0,1382,iPSC
16.0,1383,iPSC
16.0,1384,iPSC
16.0,1385,iPSC
16.0,1386,iPSC
16.0,1387,iPSC
16.0,1388,iPSC
16.0,1389,iPSC
16.0,1390,iPSC
16.0,1391,iPSC
16.0,1392,iPSC
16.0,1393,iPSC
16.0,1394,iPSC
16.0,1395,iPSC
16.0,1396,iPSC
16.0,1397,iPSC
16.0,1398,pre_iPSC
16.0,1399,iPSC
16.0,1400,iPSC
16.0,1401,iPSC
16.0,1402,iPSC
16.0,1403,iPSC
16.0,1404,iPSC
16.0,1405,iPSC
16.0,1406,iPSC
16.0,1407,iPSC
16.0,1408,iPSC
16.0,1409,iPSC
16.0,1410,pre_iPSC
16.0,1411,iPSC
16.0,1412,iPSC
16.0,1413,iPSC
16.0,1414,iPSC
16.0,1415,iPSC
16.0,1416,iPSC
16.0,1417,iPSC
16.0,1418,iPSC
16.0,1419,iPSC
16.0,1420,iPSC
16.0,1421,iPSC
16.0,1422,iPSC
16.0,1423,iPSC
16.0,1424,iPSC
16.0,1425,iPSC
16.0,1426,iPSC
16.0,1427,iPSC
16.0,1428,iPSC
16.0,1429,iPSC
16.0,1430,iPSC
16.0,1431,iPSC
16.0,1432,iPSC
16.0,1433,iPSC
16.0,1434,iPSC
16.0,1435,iPSC
16.0,1436,iPSC
16.0,1437,iPSC
16.0,1438,pre_iPSC
16.0,1439,iPSC
16.0,1440,iPSC
16.0,1441,iPSC
16.0,1442,iPSC
16.0,1443,iPSC
16.0,1444,iPSC
16.0,1445,iPSC
16.0,1446,iPSC
16.0,1447,iPSC
16.0,1448,iPSC
16.0,1449,iPSC
16.0,1450,iPSC
16.0,1451,iPSC
16.0,1452,iPSC
16.0,1453,iPSC
16.0,1454,iPSC
16.0,1455,iPSC
16.0,1456,iPSC
16.0,1457,iPSC
16.0,1458,iPSC
16.0,1459,iPSC
16.0,1460,iPSC
16.0,1461,iPSC
16.0,1462,iPSC
16.0,1463,iPSC
16.0,1464,pre_iPSC
16.0,1465,iPSC
16.0,1466,iPSC
16.0,1467,iPSC
16.0,1468,iPSC
16.0,1469,iPSC
16.0,1470,iPSC
16.0,1471,iPSC
16.0,1472,iPSC
16.0,1473,iPSC
16.0,1474,iPSC
16.0,1475,iPSC
16.0,1476,iPSC
16.0,1477,iPSC
16.0,1478,iPSC
16.0,1479,iPSC
16.0,1480,iPSC
16.0,1481,iPSC
16.0,1482,iPSC
16.0,1483,iPSC
16.0,1484,iPSC
16.0,1485,iPSC
16.0,1486,iPSC
16.0,1487,iPSC
16.0,1488,iPSC
16.0,1489,iPSC
16.0,1490,iPSC
16.0,1491,iPSC
16.0,1492,iPSC
16.0,1493,iPSC
16.0,1494,iPSC
16.0,1495,iPSC
16.0,1496,iPSC
16.0,1497,iPSC
16.0,1498,iPSC
16.0,1499,iPSC
16.0,1500,iPSC
16.0,1501,iPSC
16.0,1502,iPSC
16.0,1503,iPSC
16.0,1504,iPSC
16.0,1505,iPSC
16.0,1506,iPSC
16.0,1507,iPSC
16.0,1508,iPSC
16.0,1509,iPSC
16.0,1510,iPSC
16.0,1511,iPSC
16.0,1512,iPSC
16.0,1513,iPSC
16.0,1514,iPSC
16.0,1515,iPSC
16.0,1516,pre_iPSC
16.0,1517,iPSC
16.0,1518,iPSC
16.0,1519,iPSC
16.0,1520,iPSC
16.0,1521,iPSC
16.0,1522,iPSC
16.0,1523,iPSC
16.0,1524,iPSC
16.0,1525,iPSC
16.0,1526,iPSC
16.0,1527,iPSC
16.0,1528,iPSC
16.0,1529,iPSC
16.0,1530,iPSC
16.0,1531,iPSC
16.0,1532,iPSC
16.0,1533,iPSC
16.0,1534,iPSC
16.0,1535,iPSC
16.0,1536,iPSC
16.0,1537,iPSC
16.0,1538,iPSC
16.0,1539,iPSC
16.0,1540,iPSC
16.0,1541,iPSC
16.0,1542,iPSC
16.0,1543,iPSC
16.0,1544,iPSC
16.0,1545,iPSC
16.0,1546,iPSC
16.0,1547,iPSC
16.0,1548,iPSC
16.0,1549,iPSC
16.0,1550,iPSC
16.0,1551,iPSC
16.0,1552,iPSC
16.0,1553,iPSC
16.0,1554,iPSC
16.0,1555,iPSC
16.0,1556,iPSC
16.0,1557,iPSC
16.0,1558,iPSC
16.0,1559,iPSC
16.0,1560,iPSC
16.0,1561,iPSC
16.0,1562,iPSC
16.0,1563,iPSC
16.0,1564,iPSC
16.0,1565,iPSC
16.0,1566,iPSC
16.0,1567,iPSC
16.0,1568,iPSC
16.0,1569,iPSC
16.0,1570,iPSC
16.0,1571,iPSC
16.0,1572,iPSC
16.0,1573,pre_iPSC
16.0,1574,iPSC
16.0,1575,iPSC
16.0,1576,iPSC
16.0,1577,iPSC
16.0,1578,iPSC
16.0,1579,pre_iPSC
16.0,1580,iPSC
16.0,1581,iPSC
16.0,1582,iPSC
16.0,1583,iPSC
16.0,1584,iPSC
16.0,1585,iPSC
16.0,1586,iPSC
16.0,1587,iPSC
16.0,1588,iPSC
16.0,1589,iPSC
16.0,1590,iPSC
16.0,1591,iPSC
16.0,1592,iPSC
16.0,1593,pre_iPSC
16.0,1594,iPSC
16.0,1595,iPSC
16.0,1596,pre_iPSC
16.0,1597,iPSC
16.0,1598,iPSC
16.0,1599,iPSC
16.0,1600,iPSC
16.0,1601,iPSC
16.0,1602,iPSC
16.0,1603,iPSC
16.0,1604,iPSC
16.0,1605,iPSC
16.0,1606,iPSC
16.0,1607,iPSC
16.0,1608,iPSC
16.0,1609,iPSC
16.0,1610,iPSC
16.0,1611,iPSC
16.0,1612,iPSC
16.0,1613,iPSC
16.0,1614,iPSC
16.0,1615,iPSC
16.0,1616,iPSC
16.0,1617,iPSC
16.0,1618,iPSC
16.0,1619,iPSC
16.0,1620,iPSC
16.0,1621,iPSC
16.0,1622,iPSC
16.0,1623,iPSC
16.0,1624,iPSC
16.0,1625,iPSC
16.0,1626,iPSC
16.0,1627,iPSC
16.0,1628,iPSC
16.0,1629,iPSC
16.0,1630,iPSC
16.0,1631,iPSC
16.0,1632,iPSC
16.0,1633,iPSC
16.0,1634,iPSC
16.0,1635,iPSC
16.0,1636,iPSC
16.0,1637,iPSC
16.0,1638,iPSC
16.0,1639,iPSC
16.0,1640,iPSC
16.0,1641,iPSC
16.0,1642,iPSC
16.0,1643,iPSC
16.0,1644,iPSC
16.0,1645,iPSC
16.0,1646,iPSC
16.0,1647,iPSC
16.0,1648,iPSC
16.0,1649,iPSC
16.0,1650,iPSC
16.0,1651,iPSC
16.0,1652,iPSC
16.0,1653,iPSC
16.0,1654,iPSC
16.0,1655,iPSC
16.0,1656,iPSC
16.0,1657,iPSC
16.0,1658,iPSC
16.0,1659,iPSC
16.0,1660,iPSC
16.0,1661,iPSC
16.0,1662,iPSC
16.0,1663,iPSC
16.0,1664,iPSC
16.0,1665,iPSC
16.0,1666,iPSC
16.0,1667,iPSC
16.0,1668,iPSC
16.0,1669,iPSC
16.0,1670,pre_iPSC
16.0,1671,iPSC
16.0,1672,iPSC
16.0,1673,iPSC
16.0,1674,iPSC
16.0,1675,iPSC
16.0,1676,iPSC
16.0,1677,iPSC
16.0,1678,iPSC
16.0,1679,iPSC
16.0,1680,pre_iPSC
16.0,1681,iPSC
16.0,1682,iPSC
16.0,1683,iPSC
16.0,1684,iPSC
16.0,1685,iPSC
16.0,1686,iPSC
16.0,1687,iPSC
16.0,1688,iPSC
16.0,1689,iPSC
16.0,1690,iPSC
16.0,1691,iPSC
16.0,1692,iPSC
16.0,1693,iPSC
16.0,1694,iPSC
16.0,1695,iPSC
16.0,1696,pre_iPSC
16.0,1697,iPSC
16.0,1698,iPSC
16.0,1699,iPSC
16.0,1700,iPSC
16.0,1701,iPSC
16.0,1702,iPSC
16.0,1703,iPSC
16.0,1704,iPSC
16.0,1705,iPSC
16.0,1706,iPSC
16.0,1707,iPSC
16.0,1708,iPSC
16.0,1709,iPSC
16.0,1710,iPSC
16.0,1711,iPSC
16.0,1712,iPSC
16.0,1713,iPSC
16.0,1714,iPSC
16.0,1715,iPSC
16.0,1716,iPSC
16.0,1717,iPSC
16.0,1718,iPSC
16.0,1719,iPSC
16.0,1720,iPSC
16.0,1721,iPSC
16.0,1722,iPSC
16.0,1723,iPSC
16.0,1724,iPSC
16.0,1725,iPSC
16.0,1726,iPSC
16.0,1727,iPSC
16.0,1728,iPSC
16.0,1729,iPSC
16.0,1730,iPSC
16.0,1731,iPSC
16.0,1732,iPSC
16.0,1733,iPSC
16.0,1734,iPSC
16.0,1735,iPSC
16.0,1736,iPSC
16.0,1737,iPSC
16.0,1738,iPSC
16.0,1739,iPSC
16.0,1740,iPSC
16.0,1741,pre_iPSC
16.0,1742,iPSC
16.0,1743,iPSC
16.0,1744,iPSC
16.0,1745,iPSC
16.0,1746,iPSC
16.0,1747,iPSC
16.0,1748,iPSC
16.0,1749,iPSC
16.0,1750,iPSC
16.0,1751,iPSC
16.0,1752,iPSC
16.0,1753,iPSC
16.0,1754,iPSC
16.0,1755,iPSC
16.0,1756,iPSC
16.0,1757,iPSC
16.0,1758,iPSC
16.0,1759,iPSC
16.0,1760,iPSC
16.0,1761,iPSC
16.0,1762,iPSC
16.0,1763,pre_iPSC
16.0,1764,iPSC
16.0,1765,iPSC
16.0,1766,iPSC
16.0,1767,iPSC
16.0,1768,iPSC
16.0,1769,iPSC
16.0,1770,iPSC
16.0,1771,iPSC
16.0,1772,iPSC
16.0,1773,iPSC
16.0,1774,iPSC
16.0,1775,iPSC
16.0,1776,iPSC
16.0,1777,iPSC
16.0,1778,iPSC
16.0,1779,iPSC
16.0,1780,iPSC
16.0,1781,iPSC
16.0,1782,iPSC
16.0,1783,iPSC
16.0,1784,pre_iPSC
16.0,1785,iPSC
16.0,1786,iPSC
16.0,1787,iPSC
16.0,1788,iPSC
16.0,1789,iPSC
16.0,1790,iPSC
16.0,1791,iPSC
16.0,1792,iPSC
16.0,1793,iPSC
16.0,1794,pre_iPSC
16.0,1795,iPSC
16.0,1796,iPSC
16.0,1797,iPSC
16.0,1798,iPSC
16.0,1799,pre_iPSC
16.0,1800,iPSC
16.0,1801,iPSC
16.0,1802,iPSC
16.0,1803,iPSC
16.0,1804,iPSC
16.0,1805,iPSC
16.0,1806,iPSC
16.0,1807,iPSC
16.0,1808,iPSC
16.0,1809,iPSC
16.0,1810,iPSC
16.0,1811,iPSC
16.0,1812,iPSC
16.0,1813,iPSC
16.0,1814,iPSC
16.0,1815,iPSC
16.0,1816,iPSC
16.0,1817,iPSC
16.0,1818,iPSC
16.0,1819,iPSC
16.0,1820,iPSC
16.0,1821,iPSC
16.0,1822,iPSC
16.0,1823,iPSC
16.0,1824,iPSC
16.0,1825,iPSC
16.0,1826,iPSC
16.0,1827,iPSC
16.0,1828,iPSC
16.0,1829,iPSC
16.0,1830,iPSC
16.0,1831,iPSC
16.0,1832,iPSC
16.0,1833,iPSC
16.0,1834,iPSC
16.0,1835,iPSC
16.0,1836,iPSC
16.0,1837,iPSC
16.0,1838,iPSC
16.0,1839,iPSC
16.0,1840,iPSC
16.0,1841,iPSC
16.0,1842,iPSC
16.0,1843,iPSC
16.0,1844,iPSC
16.0,1845,iPSC
16.0,1846,iPSC
16.0,1847,iPSC
16.0,1848,iPSC
16.0,1849,iPSC
16.0,1850,iPSC
16.0,1851,iPSC
16.0,1852,iPSC
16.0,1853,iPSC
16.0,1854,iPSC
16.0,1855,iPSC
16.0,1856,iPSC
16.0,1857,pre_iPSC
16.0,1858,iPSC
16.0,1859,iPSC
16.0,1860,iPSC
16.0,1861,iPSC
16.0,1862,iPSC
16.0,1863,iPSC
16.0,1864,iPSC
16.0,1865,iPSC
16.0,1866,iPSC
16.0,1867,iPSC
16.0,1868,iPSC
16.0,1869,iPSC
16.0,1870,iPSC
16.0,1871,iPSC
16.0,1872,iPSC
16.0,1873,iPSC
16.0,1874,iPSC
16.0,1875,iPSC
16.0,1876,iPSC
16.0,1877,iPSC
16.0,1878,iPSC
16.0,1879,iPSC
16.0,1880,iPSC
16.0,1881,iPSC
16.0,1882,pre_iPSC
16.0,1883,iPSC
16.0,1884,iPSC
16.0,1885,iPSC
16.0,1886,iPSC
16.0,1887,iPSC
16.0,1888,iPSC
16.0,1889,iPSC
16.0,1890,pre_iPSC
16.0,1891,iPSC
16.0,1892,iPSC
16.0,1893,iPSC
16.0,1894,iPSC
16.0,1895,iPSC
16.0,1896,iPSC
16.0,1897,iPSC
16.0,1898,iPSC
16.0,1899,iPSC
16.0,1900,iPSC
16.0,1901,iPSC
16.0,1902,iPSC
16.0,1903,iPSC
16.0,1904,iPSC
16.0,1905,iPSC
16.0,1906,iPSC
16.0,1907,iPSC
16.0,1908,iPSC
16.0,1909,iPSC
16.0,1910,iPSC
16.0,1911,iPSC
16.0,1912,iPSC
16.0,1913,iPSC
16.0,1914,iPSC
16.0,1915,iPSC
16.0,1916,iPSC
16.0,1917,iPSC
16.0,1918,iPSC
16.0,1919,iPSC
16.0,1920,iPSC
16.0,1921,iPSC
16.0,1922,iPSC
16.0,1923,iPSC
16.0,1924,iPSC
16.0,1925,iPSC
16.0,1926,iPSC
16.0,1927,iPSC
16.0,1928,iPSC
16.0,1929,iPSC
16.0,1930,iPSC
16.0,1931,iPSC
16.0,1932,iPSC
16.0,1933,iPSC
16.0,1934,iPSC
16.0,1935,iPSC
16.0,1936,iPSC
16.0,1937,iPSC
16.0,1938,iPSC
16.0,1939,iPSC
16.0,1940,iPSC
16.0,1941,iPSC
16.0,1942,iPSC
16.0,1943,iPSC
16.0,1944,iPSC
16.0,1945,iPSC
16.0,1946,iPSC
16.0,1947,iPSC
16.0,1948,iPSC
16.0,1949,iPSC
16.0,1950,iPSC
16.0,1951,iPSC
16.0,1952,iPSC
16.0,1953,iPSC
16.0,1954,iPSC
16.0,1955,iPSC
16.0,1956,iPSC
16.0,1957,iPSC
16.0,1958,iPSC
16.0,1959,iPSC
16.0,1960,iPSC
16.0,1961,iPSC
16.0,1962,iPSC
16.0,1963,iPSC
16.0,1964,iPSC
16.0,1965,iPSC
16.0,1966,iPSC
16.0,1967,iPSC
16.0,1968,pre_iPSC
16.0,1969,iPSC
16.0,1970,iPSC
16.0,1971,iPSC
16.0,1972,iPSC
16.0,1973,iPSC
16.0,1974,iPSC
16.0,1975,iPSC
16.0,1976,iPSC
16.0,1977,iPSC
16.0,1978,iPSC
16.0,1979,iPSC
16.0,1980,iPSC
16.0,1981,pre_iPSC
16.0,1982,iPSC
16.0,1983,iPSC
16.0,1984,iPSC
16.0,1985,iPSC
16.0,1986,iPSC
16.0,1987,iPSC
16.0,1988,iPSC
16.0,1989,iPSC
16.0,1990,pre_iPSC
16.0,1991,iPSC
16.0,1992,iPSC
16.0,1993,iPSC
16.0,1994,iPSC
16.0,1995,iPSC
16.0,1996,iPSC
16.0,1997,iPSC
16.0,1998,iPSC
16.0,1999,iPSC
