projected_timepoint,cell_idx,projected_cluster_label
20.0,0,intermediate_plastic
20.0,1,ambiguous
20.0,2,ambiguous
20.0,3,ambiguous
20.0,4,ambiguous
20.0,5,epithelial_like
20.0,6,ambiguous
20.0,7,intermediate_plastic
20.0,8,ambiguous
20.0,9,ambiguous
20.0,10,ambiguous
20.0,11,ambiguous
20.0,12,epithelial_like
20.0,13,ambiguous
20.0,14,epithelial_like
20.0,15,ambiguous
20.0,16,epithelial_like
20.0,17,epithelial_like
20.0,18,ambiguous
20.0,19,ambiguous
20.0,20,epithelial_like
20.0,21,intermediate_plastic
20.0,22,epithelial_like
20.0,23,epithelial_like
20.0,24,intermediate_plastic
20.0,25,epithelial_like
20.0,26,ambiguous
20.0,27,epithelial_like
20.0,28,ambiguous
20.0,29,ambiguous
20.0,30,epithelial_like
20.0,31,epithelial_like
20.0,32,epithelial_like
20.0,33,ambiguous
20.0,34,ambiguous
20.0,35,ambiguous
20.0,36,epithelial_like
20.0,37,ambiguous
20.0,38,ambiguous
20.0,39,intermediate_plastic
20.0,40,ambiguous
20.0,41,ambiguous
20.0,42,intermediate_plastic
20.0,43,epithelial_like
20.0,44,ambiguous
20.0,45,ambiguous
20.0,46,intermediate_plastic
20.0,47,ambiguous
20.0,48,epithelial_like
20.0,49,epithelial_like
20.0,50,epithelial_like
20.0,51,epithelial_like
20.0,52,epithelial_like
20.0,53,epithelial_like
20.0,54,intermediate_plastic
20.0,55,ambiguous
20.0,56,ambiguous
20.0,57,ambiguous
20.0,58,intermediate_plastic
20.0,59,ambiguous
20.0,60,epithelial_like
20.0,61,ambiguous
20.0,62,epithelial_like
20.0,63,intermediate_plastic
20.0,64,ambiguous
20.0,65,epithelial_like
20.0,66,ambiguous
20.0,67,ambiguous
20.0,68,ambiguous
20.0,69,epithelial_like
20.0,70,epithelial_like
20.0,71,intermediate_plastic
20.0,72,ambiguous
20.0,73,epithelial_like
20.0,74,epithelial_like
20.0,75,epithelial_like
20.0,76,epithelial_like
20.0,77,intermediate_plastic
20.0,78,epithelial_like
20.0,79,epithelial_like
20.0,80,xen_like
20.0,81,ambiguous
20.0,82,epithelial_like
20.0,83,epithelial_like
20.0,84,epithelial_like
20.0,85,epithelial_like
20.0,86,intermediate_plastic
20.0,87,intermediate_plastic
20.0,88,ambiguous
20.0,89,intermediate_plastic
20.0,90,epithelial_like
20.0,91,ambiguous
20.0,92,ambiguous
20.0,93,intermediate_plastic
20.0,94,epithelial_like
20.0,95,intermediate_plastic
20.0,96,epithelial_like
20.0,97,intermediate_plastic
20.0,98,epithelial_like
20.0,99,ambiguous
20.0,100,epithelial_like
20.0,101,epithelial_like
20.0,102,ambiguous
20.0,103,epithelial_like
20.0,104,ambiguous
20.0,105,epithelial_like
20.0,106,intermediate_plastic
20.0,107,ambiguous
20.0,108,ambiguous
20.0,109,epithelial_like
20.0,110,intermediate_plastic
20.0,111,intermediate_plastic
20.0,112,epithelial_like
20.0,113,ambiguous
20.0,114,epithelial_like
20.0,115,ambiguous
20.0,116,xen_like
20.0,117,ambiguous
20.0,118,xen_like
20.0,119,intermediate_plastic
20.0,120,ambiguous
20.0,121,intermediate_plastic
20.0,122,epithelial_like
20.0,123,epithelial_like
20.0,124,ambiguous
20.0,125,epithelial_like
20.0,126,intermediate_plastic
20.0,127,epithelial_like
20.0,128,ambiguous
20.0,129,epithelial_like
20.0,130,intermediate_plastic
20.0,131,epithelial_like
20.0,132,intermediate_plastic
20.0,133,epithelial_like
20.0,134,epithelial_like
20.0,135,intermediate_plastic
20.0,136,ambiguous
20.0,137,intermediate_plastic
20.0,138,ambiguous
20.0,139,epithelial_like
20.0,140,intermediate_plastic
20.0,141,ambiguous
20.0,142,epithelial_like
20.0,143,intermediate_plastic
20.0,144,ambiguous
20.0,145,intermediate_plastic
20.0,146,ambiguous
20.0,147,xen_like
20.0,148,intermediate_plastic
20.0,149,epithelial_like
20.0,150,xen_like
20.0,151,epithelial_like
20.0,152,epithelial_like
20.0,153,ambiguous
20.0,154,intermediate_plastic
20.0,155,intermediate_plastic
20.0,156,ambiguous
20.0,157,epithelial_like
20.0,158,epithelial_like
20.0,159,ambiguous
20.0,160,epithelial_like
20.0,161,ambiguous
20.0,162,ambiguous
20.0,163,epithelial_like
20.0,164,ambiguous
20.0,165,epithelial_like
20.0,166,epithelial_like
20.0,167,ambiguous
20.0,168,ambiguous
20.0,169,epithelial_like
20.0,170,ambiguous
20.0,171,ambiguous
20.0,172,ambiguous
20.0,173,ambiguous
20.0,174,ambiguous
20.0,175,epithelial_like
20.0,176,ambiguous
20.0,177,epithelial_like
20.0,178,epithelial_like
20.0,179,epithelial_like
20.0,180,ambiguous
20.0,181,ambiguous
20.0,182,ambiguous
20.0,183,epithelial_like
20.0,184,ambiguous
20.0,185,ambiguous
20.0,186,intermediate_plastic
20.0,187,epithelial_like
20.0,188,ambiguous
20.0,189,intermediate_plastic
20.0,190,ambiguous
20.0,191,intermediate_plastic
20.0,192,ambiguous
20.0,193,epithelial_like
20.0,194,intermediate_plastic
20.0,195,intermediate_plastic
20.0,196,intermediate_plastic
20.0,197,intermediate_plastic
20.0,198,ambiguous
20.0,199,epithelial_like
20.0,200,epithelial_like
20.0,201,epithelial_like
20.0,202,epithelial_like
20.0,203,intermediate_plastic
20.0,204,ambiguous
20.0,205,epithelial_like
20.0,206,epithelial_like
20.0,207,epithelial_like
20.0,208,intermediate_plastic
20.0,209,ambiguous
20.0,210,ambiguous
20.0,211,ambiguous
20.0,212,ambiguous
20.0,213,ambiguous
20.0,214,epithelial_like
20.0,215,ambiguous
20.0,216,intermediate_plastic
20.0,217,epithelial_like
20.0,218,ambiguous
20.0,219,ambiguous
20.0,220,ambiguous
20.0,221,ambiguous
20.0,222,epithelial_like
20.0,223,epithelial_like
20.0,224,epithelial_like
20.0,225,intermediate_plastic
20.0,226,epithelial_like
20.0,227,xen_like
20.0,228,ambiguous
20.0,229,ambiguous
20.0,230,intermediate_plastic
20.0,231,intermediate_plastic
20.0,232,epithelial_like
20.0,233,ambiguous
20.0,234,ambiguous
20.0,235,epithelial_like
20.0,236,epithelial_like
20.0,237,intermediate_plastic
20.0,238,ambiguous
20.0,239,epithelial_like
20.0,240,ambiguous
20.0,241,intermediate_plastic
20.0,242,ambiguous
20.0,243,epithelial_like
20.0,244,ambiguous
20.0,245,xen_like
20.0,246,ambiguous
20.0,247,intermediate_plastic
20.0,248,ambiguous
20.0,249,epithelial_like
20.0,250,intermediate_plastic
20.0,251,ambiguous
20.0,252,ambiguous
20.0,253,intermediate_plastic
20.0,254,ambiguous
20.0,255,epithelial_like
20.0,256,intermediate_plastic
20.0,257,epithelial_like
20.0,258,ambiguous
20.0,259,ambiguous
20.0,260,ambiguous
20.0,261,epithelial_like
20.0,262,intermediate_plastic
20.0,263,epithelial_like
20.0,264,intermediate_plastic
20.0,265,intermediate_plastic
20.0,266,epithelial_like
20.0,267,epithelial_like
20.0,268,epithelial_like
20.0,269,ambiguous
20.0,270,intermediate_plastic
20.0,271,intermediate_plastic
20.0,272,epithelial_like
20.0,273,epithelial_like
20.0,274,epithelial_like
20.0,275,intermediate_plastic
20.0,276,intermediate_plastic
20.0,277,epithelial_like
20.0,278,ambiguous
20.0,279,ambiguous
20.0,280,epithelial_like
20.0,281,epithelial_like
20.0,282,epithelial_like
20.0,283,ambiguous
20.0,284,epithelial_like
20.0,285,intermediate_plastic
20.0,286,epithelial_like
20.0,287,epithelial_like
20.0,288,epithelial_like
20.0,289,epithelial_like
20.0,290,ambiguous
20.0,291,ambiguous
20.0,292,ambiguous
20.0,293,epithelial_like
20.0,294,epithelial_like
20.0,295,ambiguous
20.0,296,epithelial_like
20.0,297,epithelial_like
20.0,298,epithelial_like
20.0,299,epithelial_like
20.0,300,epithelial_like
20.0,301,intermediate_plastic
20.0,302,epithelial_like
20.0,303,epithelial_like
20.0,304,epithelial_like
20.0,305,intermediate_plastic
20.0,306,epithelial_like
20.0,307,epithelial_like
20.0,308,ambiguous
20.0,309,epithelial_like
20.0,310,intermediate_plastic
20.0,311,epithelial_like
20.0,312,ambiguous
20.0,313,intermediate_plastic
20.0,314,ambiguous
20.0,315,intermediate_plastic
20.0,316,epithelial_like
20.0,317,ambiguous
20.0,318,ambiguous
20.0,319,ambiguous
20.0,320,intermediate_plastic
20.0,321,xen_like
20.0,322,intermediate_plastic
20.0,323,epithelial_like
20.0,324,epithelial_like
20.0,325,epithelial_like
20.0,326,ambiguous
20.0,327,intermediate_plastic
20.0,328,epithelial_like
20.0,329,epithelial_like
20.0,330,epithelial_like
20.0,331,ambiguous
20.0,332,epithelial_like
20.0,333,epithelial_like
20.0,334,ambiguous
20.0,335,intermediate_plastic
20.0,336,ambiguous
20.0,337,ambiguous
20.0,338,epithelial_like
20.0,339,epithelial_like
20.0,340,intermediate_plastic
20.0,341,ambiguous
20.0,342,ambiguous
20.0,343,intermediate_plastic
20.0,344,epithelial_like
20.0,345,xen_like
20.0,346,ambiguous
20.0,347,epithelial_like
20.0,348,ambiguous
20.0,349,ambiguous
20.0,350,ambiguous
20.0,351,ambiguous
20.0,352,epithelial_like
20.0,353,intermediate_plastic
20.0,354,ambiguous
20.0,355,intermediate_plastic
20.0,356,epithelial_like
20.0,357,ambiguous
20.0,358,ambiguous
20.0,359,epithelial_like
20.0,360,ambiguous
20.0,361,epithelial_like
20.0,362,epithelial_like
20.0,363,ambiguous
20.0,364,ambiguous
20.0,365,intermediate_plastic
20.0,366,ambiguous
20.0,367,intermediate_plastic
20.0,368,epithelial_like
20.0,369,ambiguous
20.0,370,ambiguous
20.0,371,epithelial_like
20.0,372,epithelial_like
20.0,373,epithelial_like
20.0,374,epithelial_like
20.0,375,ambiguous
20.0,376,ambiguous
20.0,377,epithelial_like
20.0,378,intermediate_plastic
20.0,379,ambiguous
20.0,380,ambiguous
20.0,381,ambiguous
20.0,382,ambiguous
20.0,383,ambiguous
20.0,384,ambiguous
20.0,385,intermediate_plastic
20.0,386,epithelial_like
20.0,387,intermediate_plastic
20.0,388,ambiguous
20.0,389,epithelial_like
20.0,390,ambiguous
20.0,391,epithelial_like
20.0,392,epithelial_like
20.0,393,ambiguous
20.0,394,intermediate_plastic
20.0,395,epithelial_like
20.0,396,ambiguous
20.0,397,ambiguous
20.0,398,ambiguous
20.0,399,epithelial_like
20.0,400,xen_like
20.0,401,epithelial_like
20.0,402,epithelial_like
20.0,403,intermediate_plastic
20.0,404,epithelial_like
20.0,405,ambiguous
20.0,406,epithelial_like
20.0,407,ambiguous
20.0,408,ambiguous
20.0,409,ambiguous
20.0,410,ambiguous
20.0,411,epithelial_like
20.0,412,ambiguous
20.0,413,intermediate_plastic
20.0,414,intermediate_plastic
20.0,415,ambiguous
20.0,416,ambiguous
20.0,417,hCiPS
20.0,418,intermediate_plastic
20.0,419,epithelial_like
20.0,420,xen_like
20.0,421,ambiguous
20.0,422,xen_like
20.0,423,ambiguous
20.0,424,epithelial_like
20.0,425,epithelial_like
20.0,426,ambiguous
20.0,427,epithelial_like
20.0,428,intermediate_plastic
20.0,429,epithelial_like
20.0,430,epithelial_like
20.0,431,intermediate_plastic
20.0,432,intermediate_plastic
20.0,433,ambiguous
20.0,434,ambiguous
20.0,435,ambiguous
20.0,436,epithelial_like
20.0,437,ambiguous
20.0,438,epithelial_like
20.0,439,ambiguous
20.0,440,ambiguous
20.0,441,epithelial_like
20.0,442,epithelial_like
20.0,443,intermediate_plastic
20.0,444,ambiguous
20.0,445,epithelial_like
20.0,446,intermediate_plastic
20.0,447,intermediate_plastic
20.0,448,ambiguous
20.0,449,ambiguous
20.0,450,epithelial_like
20.0,451,intermediate_plastic
20.0,452,intermediate_plastic
20.0,453,ambiguous
20.0,454,epithelial_like
20.0,455,ambiguous
20.0,456,intermediate_plastic
20.0,457,epithelial_like
20.0,458,ambiguous
20.0,459,intermediate_plastic
20.0,460,intermediate_plastic
20.0,461,epithelial_like
20.0,462,ambiguous
20.0,463,intermediate_plastic
20.0,464,epithelial_like
20.0,465,epithelial_like
20.0,466,epithelial_like
20.0,467,ambiguous
20.0,468,epithelial_like
20.0,469,intermediate_plastic
20.0,470,ambiguous
20.0,471,epithelial_like
20.0,472,epithelial_like
20.0,473,ambiguous
20.0,474,epithelial_like
20.0,475,epithelial_like
20.0,476,epithelial_like
20.0,477,epithelial_like
20.0,478,ambiguous
20.0,479,ambiguous
20.0,480,epithelial_like
20.0,481,epithelial_like
20.0,482,ambiguous
20.0,483,ambiguous
20.0,484,ambiguous
20.0,485,ambiguous
20.0,486,ambiguous
20.0,487,intermediate_plastic
20.0,488,ambiguous
20.0,489,epithelial_like
20.0,490,epithelial_like
20.0,491,epithelial_like
20.0,492,ambiguous
20.0,493,epithelial_like
20.0,494,epithelial_like
20.0,495,epithelial_like
20.0,496,epithelial_like
20.0,497,intermediate_plastic
20.0,498,intermediate_plastic
20.0,499,ambiguous
20.0,500,epithelial_like
20.0,501,ambiguous
20.0,502,epithelial_like
20.0,503,epithelial_like
20.0,504,ambiguous
20.0,505,xen_like
20.0,506,ambiguous
20.0,507,ambiguous
20.0,508,ambiguous
20.0,509,ambiguous
20.0,510,intermediate_plastic
20.0,511,ambiguous
20.0,512,intermediate_plastic
20.0,513,epithelial_like
20.0,514,epithelial_like
20.0,515,epithelial_like
20.0,516,epithelial_like
20.0,517,ambiguous
20.0,518,ambiguous
20.0,519,ambiguous
20.0,520,ambiguous
20.0,521,epithelial_like
20.0,522,epithelial_like
20.0,523,epithelial_like
20.0,524,intermediate_plastic
20.0,525,ambiguous
20.0,526,ambiguous
20.0,527,intermediate_plastic
20.0,528,epithelial_like
20.0,529,epithelial_like
20.0,530,epithelial_like
20.0,531,epithelial_like
20.0,532,epithelial_like
20.0,533,epithelial_like
20.0,534,epithelial_like
20.0,535,ambiguous
20.0,536,xen_like
20.0,537,epithelial_like
20.0,538,epithelial_like
20.0,539,ambiguous
20.0,540,ambiguous
20.0,541,ambiguous
20.0,542,ambiguous
20.0,543,intermediate_plastic
20.0,544,epithelial_like
20.0,545,intermediate_plastic
20.0,546,ambiguous
20.0,547,epithelial_like
20.0,548,intermediate_plastic
20.0,549,epithelial_like
20.0,550,epithelial_like
20.0,551,ambiguous
20.0,552,intermediate_plastic
20.0,553,epithelial_like
20.0,554,epithelial_like
20.0,555,ambiguous
20.0,556,epithelial_like
20.0,557,ambiguous
20.0,558,epithelial_like
20.0,559,ambiguous
20.0,560,ambiguous
20.0,561,epithelial_like
20.0,562,ambiguous
20.0,563,intermediate_plastic
20.0,564,intermediate_plastic
20.0,565,epithelial_like
20.0,566,ambiguous
20.0,567,epithelial_like
20.0,568,epithelial_like
20.0,569,ambiguous
20.0,570,ambiguous
20.0,571,intermediate_plastic
20.0,572,intermediate_plastic
20.0,573,ambiguous
20.0,574,epithelial_like
20.0,575,intermediate_plastic
20.0,576,ambiguous
20.0,577,epithelial_like
20.0,578,intermediate_plastic
20.0,579,ambiguous
20.0,580,epithelial_like
20.0,581,intermediate_plastic
20.0,582,epithelial_like
20.0,583,intermediate_plastic
20.0,584,ambiguous
20.0,585,xen_like
20.0,586,intermediate_plastic
20.0,587,epithelial_like
20.0,588,intermediate_plastic
20.0,589,intermediate_plastic
20.0,590,epithelial_like
20.0,591,intermediate_plastic
20.0,592,intermediate_plastic
20.0,593,hADSCs
20.0,594,intermediate_plastic
20.0,595,ambiguous
20.0,596,ambiguous
20.0,597,ambiguous
20.0,598,ambiguous
20.0,599,ambiguous
20.0,600,xen_like
20.0,601,epithelial_like
20.0,602,xen_like
20.0,603,ambiguous
20.0,604,intermediate_plastic
20.0,605,epithelial_like
20.0,606,ambiguous
20.0,607,ambiguous
20.0,608,ambiguous
20.0,609,epithelial_like
20.0,610,ambiguous
20.0,611,intermediate_plastic
20.0,612,epithelial_like
20.0,613,epithelial_like
20.0,614,ambiguous
20.0,615,epithelial_like
20.0,616,ambiguous
20.0,617,epithelial_like
20.0,618,epithelial_like
20.0,619,ambiguous
20.0,620,xen_like
20.0,621,ambiguous
20.0,622,ambiguous
20.0,623,ambiguous
20.0,624,ambiguous
20.0,625,ambiguous
20.0,626,ambiguous
20.0,627,epithelial_like
20.0,628,epithelial_like
20.0,629,ambiguous
20.0,630,ambiguous
20.0,631,ambiguous
20.0,632,ambiguous
20.0,633,ambiguous
20.0,634,intermediate_plastic
20.0,635,ambiguous
20.0,636,ambiguous
20.0,637,intermediate_plastic
20.0,638,epithelial_like
20.0,639,epithelial_like
20.0,640,intermediate_plastic
20.0,641,intermediate_plastic
20.0,642,epithelial_like
20.0,643,epithelial_like
20.0,644,ambiguous
20.0,645,intermediate_plastic
20.0,646,ambiguous
20.0,647,ambiguous
20.0,648,ambiguous
20.0,649,ambiguous
20.0,650,xen_like
20.0,651,epithelial_like
20.0,652,ambiguous
20.0,653,ambiguous
20.0,654,ambiguous
20.0,655,epithelial_like
20.0,656,intermediate_plastic
20.0,657,xen_like
20.0,658,xen_like
20.0,659,epithelial_like
20.0,660,ambiguous
20.0,661,intermediate_plastic
20.0,662,epithelial_like
20.0,663,epithelial_like
20.0,664,ambiguous
20.0,665,intermediate_plastic
20.0,666,ambiguous
20.0,667,ambiguous
20.0,668,intermediate_plastic
20.0,669,intermediate_plastic
20.0,670,epithelial_like
20.0,671,intermediate_plastic
20.0,672,xen_like
20.0,673,epithelial_like
20.0,674,xen_like
20.0,675,epithelial_like
20.0,676,ambiguous
20.0,677,intermediate_plastic
20.0,678,ambiguous
20.0,679,intermediate_plastic
20.0,680,intermediate_plastic
20.0,681,intermediate_plastic
20.0,682,ambiguous
20.0,683,intermediate_plastic
20.0,684,epithelial_like
20.0,685,epithelial_like
20.0,686,epithelial_like
20.0,687,intermediate_plastic
20.0,688,epithelial_like
20.0,689,intermediate_plastic
20.0,690,epithelial_like
20.0,691,ambiguous
20.0,692,ambiguous
20.0,693,intermediate_plastic
20.0,694,ambiguous
20.0,695,ambiguous
20.0,696,ambiguous
20.0,697,ambiguous
20.0,698,ambiguous
20.0,699,epithelial_like
20.0,700,ambiguous
20.0,701,epithelial_like
20.0,702,intermediate_plastic
20.0,703,ambiguous
20.0,704,epithelial_like
20.0,705,epithelial_like
20.0,706,epithelial_like
20.0,707,intermediate_plastic
20.0,708,epithelial_like
20.0,709,epithelial_like
20.0,710,epithelial_like
20.0,711,ambiguous
20.0,712,ambiguous
20.0,713,epithelial_like
20.0,714,epithelial_like
20.0,715,epithelial_like
20.0,716,xen_like
20.0,717,ambiguous
20.0,718,ambiguous
20.0,719,intermediate_plastic
20.0,720,intermediate_plastic
20.0,721,epithelial_like
20.0,722,ambiguous
20.0,723,ambiguous
20.0,724,ambiguous
20.0,725,epithelial_like
20.0,726,ambiguous
20.0,727,ambiguous
20.0,728,intermediate_plastic
20.0,729,ambiguous
20.0,730,epithelial_like
20.0,731,intermediate_plastic
20.0,732,epithelial_like
20.0,733,epithelial_like
20.0,734,intermediate_plastic
20.0,735,epithelial_like
20.0,736,intermediate_plastic
20.0,737,epithelial_like
20.0,738,ambiguous
20.0,739,epithelial_like
20.0,740,epithelial_like
20.0,741,ambiguous
20.0,742,epithelial_like
20.0,743,epithelial_like
20.0,744,ambiguous
20.0,745,epithelial_like
20.0,746,epithelial_like
20.0,747,ambiguous
20.0,748,ambiguous
20.0,749,ambiguous
20.0,750,epithelial_like
20.0,751,intermediate_plastic
20.0,752,epithelial_like
20.0,753,epithelial_like
20.0,754,intermediate_plastic
20.0,755,ambiguous
20.0,756,ambiguous
20.0,757,ambiguous
20.0,758,epithelial_like
20.0,759,intermediate_plastic
20.0,760,intermediate_plastic
20.0,761,intermediate_plastic
20.0,762,epithelial_like
20.0,763,ambiguous
20.0,764,intermediate_plastic
20.0,765,intermediate_plastic
20.0,766,intermediate_plastic
20.0,767,epithelial_like
20.0,768,ambiguous
20.0,769,intermediate_plastic
20.0,770,xen_like
20.0,771,epithelial_like
20.0,772,epithelial_like
20.0,773,ambiguous
20.0,774,ambiguous
20.0,775,epithelial_like
20.0,776,ambiguous
20.0,777,ambiguous
20.0,778,ambiguous
20.0,779,epithelial_like
20.0,780,intermediate_plastic
20.0,781,ambiguous
20.0,782,ambiguous
20.0,783,ambiguous
20.0,784,ambiguous
20.0,785,intermediate_plastic
20.0,786,ambiguous
20.0,787,intermediate_plastic
20.0,788,epithelial_like
20.0,789,epithelial_like
20.0,790,epithelial_like
20.0,791,epithelial_like
20.0,792,ambiguous
20.0,793,ambiguous
20.0,794,epithelial_like
20.0,795,ambiguous
20.0,796,epithelial_like
20.0,797,ambiguous
20.0,798,ambiguous
20.0,799,intermediate_plastic
20.0,800,ambiguous
20.0,801,epithelial_like
20.0,802,ambiguous
20.0,803,epithelial_like
20.0,804,ambiguous
20.0,805,epithelial_like
20.0,806,ambiguous
20.0,807,ambiguous
20.0,808,epithelial_like
20.0,809,ambiguous
20.0,810,epithelial_like
20.0,811,ambiguous
20.0,812,ambiguous
20.0,813,epithelial_like
20.0,814,intermediate_plastic
20.0,815,epithelial_like
20.0,816,ambiguous
20.0,817,ambiguous
20.0,818,ambiguous
20.0,819,ambiguous
20.0,820,epithelial_like
20.0,821,intermediate_plastic
20.0,822,epithelial_like
20.0,823,intermediate_plastic
20.0,824,intermediate_plastic
20.0,825,intermediate_plastic
20.0,826,epithelial_like
20.0,827,intermediate_plastic
20.0,828,epithelial_like
20.0,829,epithelial_like
20.0,830,epithelial_like
20.0,831,ambiguous
20.0,832,epithelial_like
20.0,833,epithelial_like
20.0,834,intermediate_plastic
20.0,835,ambiguous
20.0,836,ambiguous
20.0,837,epithelial_like
20.0,838,ambiguous
20.0,839,ambiguous
20.0,840,epithelial_like
20.0,841,ambiguous
20.0,842,ambiguous
20.0,843,epithelial_like
20.0,844,ambiguous
20.0,845,intermediate_plastic
20.0,846,ambiguous
20.0,847,epithelial_like
20.0,848,intermediate_plastic
20.0,849,intermediate_plastic
20.0,850,intermediate_plastic
20.0,851,ambiguous
20.0,852,ambiguous
20.0,853,epithelial_like
20.0,854,ambiguous
20.0,855,ambiguous
20.0,856,xen_like
20.0,857,epithelial_like
20.0,858,xen_like
20.0,859,intermediate_plastic
20.0,860,epithelial_like
20.0,861,epithelial_like
20.0,862,xen_like
20.0,863,ambiguous
20.0,864,epithelial_like
20.0,865,xen_like
20.0,866,epithelial_like
20.0,867,epithelial_like
20.0,868,epithelial_like
20.0,869,epithelial_like
20.0,870,epithelial_like
20.0,871,intermediate_plastic
20.0,872,intermediate_plastic
20.0,873,intermediate_plastic
20.0,874,xen_like
20.0,875,epithelial_like
20.0,876,ambiguous
20.0,877,epithelial_like
20.0,878,epithelial_like
20.0,879,intermediate_plastic
20.0,880,ambiguous
20.0,881,intermediate_plastic
20.0,882,ambiguous
20.0,883,epithelial_like
20.0,884,ambiguous
20.0,885,epithelial_like
20.0,886,intermediate_plastic
20.0,887,epithelial_like
20.0,888,epithelial_like
20.0,889,epithelial_like
20.0,890,epithelial_like
20.0,891,ambiguous
20.0,892,epithelial_like
20.0,893,ambiguous
20.0,894,epithelial_like
20.0,895,xen_like
20.0,896,epithelial_like
20.0,897,epithelial_like
20.0,898,ambiguous
20.0,899,ambiguous
20.0,900,intermediate_plastic
20.0,901,intermediate_plastic
20.0,902,epithelial_like
20.0,903,ambiguous
20.0,904,epithelial_like
20.0,905,epithelial_like
20.0,906,xen_like
20.0,907,ambiguous
20.0,908,epithelial_like
20.0,909,intermediate_plastic
20.0,910,intermediate_plastic
20.0,911,epithelial_like
20.0,912,epithelial_like
20.0,913,epithelial_like
20.0,914,ambiguous
20.0,915,epithelial_like
20.0,916,intermediate_plastic
20.0,917,intermediate_plastic
20.0,918,intermediate_plastic
20.0,919,epithelial_like
20.0,920,intermediate_plastic
20.0,921,ambiguous
20.0,922,ambiguous
20.0,923,intermediate_plastic
20.0,924,epithelial_like
20.0,925,intermediate_plastic
20.0,926,epithelial_like
20.0,927,epithelial_like
20.0,928,epithelial_like
20.0,929,ambiguous
20.0,930,epithelial_like
20.0,931,intermediate_plastic
20.0,932,ambiguous
20.0,933,epithelial_like
20.0,934,ambiguous
20.0,935,intermediate_plastic
20.0,936,ambiguous
20.0,937,xen_like
20.0,938,ambiguous
20.0,939,epithelial_like
20.0,940,intermediate_plastic
20.0,941,epithelial_like
20.0,942,intermediate_plastic
20.0,943,intermediate_plastic
20.0,944,ambiguous
20.0,945,epithelial_like
20.0,946,epithelial_like
20.0,947,ambiguous
20.0,948,ambiguous
20.0,949,epithelial_like
20.0,950,intermediate_plastic
20.0,951,intermediate_plastic
20.0,952,ambiguous
20.0,953,epithelial_like
20.0,954,intermediate_plastic
20.0,955,epithelial_like
20.0,956,ambiguous
20.0,957,intermediate_plastic
20.0,958,intermediate_plastic
20.0,959,intermediate_plastic
20.0,960,intermediate_plastic
20.0,961,epithelial_like
20.0,962,epithelial_like
20.0,963,epithelial_like
20.0,964,ambiguous
20.0,965,ambiguous
20.0,966,epithelial_like
20.0,967,epithelial_like
20.0,968,ambiguous
20.0,969,ambiguous
20.0,970,ambiguous
20.0,971,xen_like
20.0,972,epithelial_like
20.0,973,ambiguous
20.0,974,intermediate_plastic
20.0,975,intermediate_plastic
20.0,976,ambiguous
20.0,977,epithelial_like
20.0,978,intermediate_plastic
20.0,979,ambiguous
20.0,980,epithelial_like
20.0,981,intermediate_plastic
20.0,982,intermediate_plastic
20.0,983,ambiguous
20.0,984,intermediate_plastic
20.0,985,epithelial_like
20.0,986,epithelial_like
20.0,987,epithelial_like
20.0,988,epithelial_like
20.0,989,epithelial_like
20.0,990,ambiguous
20.0,991,ambiguous
20.0,992,ambiguous
20.0,993,ambiguous
20.0,994,epithelial_like
20.0,995,epithelial_like
20.0,996,intermediate_plastic
20.0,997,epithelial_like
20.0,998,epithelial_like
20.0,999,intermediate_plastic
20.0,1000,epithelial_like
20.0,1001,epithelial_like
20.0,1002,epithelial_like
20.0,1003,epithelial_like
20.0,1004,epithelial_like
20.0,1005,intermediate_plastic
20.0,1006,ambiguous
20.0,1007,epithelial_like
20.0,1008,intermediate_plastic
20.0,1009,ambiguous
20.0,1010,intermediate_plastic
20.0,1011,epithelial_like
20.0,1012,epithelial_like
20.0,1013,ambiguous
20.0,1014,epithelial_like
20.0,1015,ambiguous
20.0,1016,intermediate_plastic
20.0,1017,ambiguous
20.0,1018,intermediate_plastic
20.0,1019,intermediate_plastic
20.0,1020,ambiguous
20.0,1021,epithelial_like
20.0,1022,ambiguous
20.0,1023,ambiguous
20.0,1024,ambiguous
20.0,1025,epithelial_like
20.0,1026,ambiguous
20.0,1027,ambiguous
20.0,1028,intermediate_plastic
20.0,1029,ambiguous
20.0,1030,ambiguous
20.0,1031,epithelial_like
20.0,1032,ambiguous
20.0,1033,ambiguous
20.0,1034,ambiguous
20.0,1035,ambiguous
20.0,1036,epithelial_like
20.0,1037,epithelial_like
20.0,1038,epithelial_like
20.0,1039,ambiguous
20.0,1040,ambiguous
20.0,1041,intermediate_plastic
20.0,1042,ambiguous
20.0,1043,epithelial_like
20.0,1044,ambiguous
20.0,1045,epithelial_like
20.0,1046,ambiguous
20.0,1047,intermediate_plastic
20.0,1048,intermediate_plastic
20.0,1049,ambiguous
20.0,1050,epithelial_like
20.0,1051,ambiguous
20.0,1052,intermediate_plastic
20.0,1053,ambiguous
20.0,1054,ambiguous
20.0,1055,epithelial_like
20.0,1056,intermediate_plastic
20.0,1057,ambiguous
20.0,1058,ambiguous
20.0,1059,ambiguous
20.0,1060,ambiguous
20.0,1061,intermediate_plastic
20.0,1062,intermediate_plastic
20.0,1063,epithelial_like
20.0,1064,ambiguous
20.0,1065,xen_like
20.0,1066,intermediate_plastic
20.0,1067,ambiguous
20.0,1068,ambiguous
20.0,1069,ambiguous
20.0,1070,epithelial_like
20.0,1071,epithelial_like
20.0,1072,intermediate_plastic
20.0,1073,intermediate_plastic
20.0,1074,epithelial_like
20.0,1075,epithelial_like
20.0,1076,intermediate_plastic
20.0,1077,epithelial_like
20.0,1078,intermediate_plastic
20.0,1079,intermediate_plastic
20.0,1080,intermediate_plastic
20.0,1081,intermediate_plastic
20.0,1082,epithelial_like
20.0,1083,intermediate_plastic
20.0,1084,ambiguous
20.0,1085,ambiguous
20.0,1086,intermediate_plastic
20.0,1087,ambiguous
20.0,1088,epithelial_like
20.0,1089,ambiguous
20.0,1090,ambiguous
20.0,1091,ambiguous
20.0,1092,ambiguous
20.0,1093,xen_like
20.0,1094,epithelial_like
20.0,1095,epithelial_like
20.0,1096,ambiguous
20.0,1097,epithelial_like
20.0,1098,epithelial_like
20.0,1099,epithelial_like
20.0,1100,ambiguous
20.0,1101,epithelial_like
20.0,1102,ambiguous
20.0,1103,ambiguous
20.0,1104,ambiguous
20.0,1105,ambiguous
20.0,1106,intermediate_plastic
20.0,1107,intermediate_plastic
20.0,1108,epithelial_like
20.0,1109,epithelial_like
20.0,1110,epithelial_like
20.0,1111,epithelial_like
20.0,1112,ambiguous
20.0,1113,ambiguous
20.0,1114,epithelial_like
20.0,1115,ambiguous
20.0,1116,ambiguous
20.0,1117,intermediate_plastic
20.0,1118,intermediate_plastic
20.0,1119,epithelial_like
20.0,1120,epithelial_like
20.0,1121,ambiguous
20.0,1122,epithelial_like
20.0,1123,xen_like
20.0,1124,ambiguous
20.0,1125,epithelial_like
20.0,1126,ambiguous
20.0,1127,intermediate_plastic
20.0,1128,epithelial_like
20.0,1129,epithelial_like
20.0,1130,intermediate_plastic
20.0,1131,epithelial_like
20.0,1132,ambiguous
20.0,1133,epithelial_like
20.0,1134,intermediate_plastic
20.0,1135,intermediate_plastic
20.0,1136,ambiguous
20.0,1137,ambiguous
20.0,1138,epithelial_like
20.0,1139,epithelial_like
20.0,1140,ambiguous
20.0,1141,xen_like
20.0,1142,intermediate_plastic
20.0,1143,ambiguous
20.0,1144,epithelial_like
20.0,1145,epithelial_like
20.0,1146,epithelial_like
20.0,1147,epithelial_like
20.0,1148,epithelial_like
20.0,1149,ambiguous
20.0,1150,ambiguous
20.0,1151,epithelial_like
20.0,1152,epithelial_like
20.0,1153,epithelial_like
20.0,1154,intermediate_plastic
20.0,1155,intermediate_plastic
20.0,1156,epithelial_like
20.0,1157,epithelial_like
20.0,1158,ambiguous
20.0,1159,epithelial_like
20.0,1160,epithelial_like
20.0,1161,ambiguous
20.0,1162,xen_like
20.0,1163,epithelial_like
20.0,1164,intermediate_plastic
20.0,1165,intermediate_plastic
20.0,1166,intermediate_plastic
20.0,1167,ambiguous
20.0,1168,ambiguous
20.0,1169,epithelial_like
20.0,1170,ambiguous
20.0,1171,intermediate_plastic
20.0,1172,epithelial_like
20.0,1173,xen_like
20.0,1174,ambiguous
20.0,1175,epithelial_like
20.0,1176,intermediate_plastic
20.0,1177,intermediate_plastic
20.0,1178,ambiguous
20.0,1179,epithelial_like
20.0,1180,ambiguous
20.0,1181,intermediate_plastic
20.0,1182,ambiguous
20.0,1183,epithelial_like
20.0,1184,ambiguous
20.0,1185,ambiguous
20.0,1186,ambiguous
20.0,1187,epithelial_like
20.0,1188,ambiguous
20.0,1189,epithelial_like
20.0,1190,ambiguous
20.0,1191,epithelial_like
20.0,1192,epithelial_like
20.0,1193,epithelial_like
20.0,1194,ambiguous
20.0,1195,epithelial_like
20.0,1196,epithelial_like
20.0,1197,ambiguous
20.0,1198,intermediate_plastic
20.0,1199,epithelial_like
20.0,1200,intermediate_plastic
20.0,1201,ambiguous
20.0,1202,epithelial_like
20.0,1203,epithelial_like
20.0,1204,epithelial_like
20.0,1205,ambiguous
20.0,1206,epithelial_like
20.0,1207,ambiguous
20.0,1208,intermediate_plastic
20.0,1209,intermediate_plastic
20.0,1210,epithelial_like
20.0,1211,epithelial_like
20.0,1212,epithelial_like
20.0,1213,epithelial_like
20.0,1214,ambiguous
20.0,1215,ambiguous
20.0,1216,ambiguous
20.0,1217,epithelial_like
20.0,1218,ambiguous
20.0,1219,epithelial_like
20.0,1220,epithelial_like
20.0,1221,intermediate_plastic
20.0,1222,epithelial_like
20.0,1223,intermediate_plastic
20.0,1224,intermediate_plastic
20.0,1225,ambiguous
20.0,1226,intermediate_plastic
20.0,1227,epithelial_like
20.0,1228,intermediate_plastic
20.0,1229,intermediate_plastic
20.0,1230,ambiguous
20.0,1231,epithelial_like
20.0,1232,intermediate_plastic
20.0,1233,intermediate_plastic
20.0,1234,epithelial_like
20.0,1235,epithelial_like
20.0,1236,intermediate_plastic
20.0,1237,epithelial_like
20.0,1238,epithelial_like
20.0,1239,ambiguous
20.0,1240,ambiguous
20.0,1241,intermediate_plastic
20.0,1242,epithelial_like
20.0,1243,epithelial_like
20.0,1244,ambiguous
20.0,1245,ambiguous
20.0,1246,ambiguous
20.0,1247,ambiguous
20.0,1248,epithelial_like
20.0,1249,epithelial_like
20.0,1250,ambiguous
20.0,1251,intermediate_plastic
20.0,1252,epithelial_like
20.0,1253,ambiguous
20.0,1254,ambiguous
20.0,1255,intermediate_plastic
20.0,1256,ambiguous
20.0,1257,epithelial_like
20.0,1258,intermediate_plastic
20.0,1259,epithelial_like
20.0,1260,intermediate_plastic
20.0,1261,ambiguous
20.0,1262,ambiguous
20.0,1263,epithelial_like
20.0,1264,epithelial_like
20.0,1265,ambiguous
20.0,1266,xen_like
20.0,1267,epithelial_like
20.0,1268,epithelial_like
20.0,1269,intermediate_plastic
20.0,1270,epithelial_like
20.0,1271,epithelial_like
20.0,1272,epithelial_like
20.0,1273,epithelial_like
20.0,1274,ambiguous
20.0,1275,epithelial_like
20.0,1276,ambiguous
20.0,1277,epithelial_like
20.0,1278,ambiguous
20.0,1279,ambiguous
20.0,1280,ambiguous
20.0,1281,epithelial_like
20.0,1282,epithelial_like
20.0,1283,epithelial_like
20.0,1284,intermediate_plastic
20.0,1285,ambiguous
20.0,1286,ambiguous
20.0,1287,epithelial_like
20.0,1288,epithelial_like
20.0,1289,ambiguous
20.0,1290,ambiguous
20.0,1291,ambiguous
20.0,1292,ambiguous
20.0,1293,ambiguous
20.0,1294,ambiguous
20.0,1295,epithelial_like
20.0,1296,intermediate_plastic
20.0,1297,epithelial_like
20.0,1298,intermediate_plastic
20.0,1299,intermediate_plastic
20.0,1300,ambiguous
20.0,1301,epithelial_like
20.0,1302,ambiguous
20.0,1303,ambiguous
20.0,1304,ambiguous
20.0,1305,epithelial_like
20.0,1306,hCiPS
20.0,1307,epithelial_like
20.0,1308,intermediate_plastic
20.0,1309,intermediate_plastic
20.0,1310,epithelial_like
20.0,1311,epithelial_like
20.0,1312,epithelial_like
20.0,1313,ambiguous
20.0,1314,ambiguous
20.0,1315,intermediate_plastic
20.0,1316,ambiguous
20.0,1317,epithelial_like
20.0,1318,ambiguous
20.0,1319,ambiguous
20.0,1320,ambiguous
20.0,1321,intermediate_plastic
20.0,1322,ambiguous
20.0,1323,epithelial_like
20.0,1324,epithelial_like
20.0,1325,epithelial_like
20.0,1326,intermediate_plastic
20.0,1327,epithelial_like
20.0,1328,epithelial_like
20.0,1329,intermediate_plastic
20.0,1330,epithelial_like
20.0,1331,intermediate_plastic
20.0,1332,epithelial_like
20.0,1333,intermediate_plastic
20.0,1334,epithelial_like
20.0,1335,epithelial_like
20.0,1336,epithelial_like
20.0,1337,intermediate_plastic
20.0,1338,epithelial_like
20.0,1339,intermediate_plastic
20.0,1340,ambiguous
20.0,1341,ambiguous
20.0,1342,ambiguous
20.0,1343,intermediate_plastic
20.0,1344,ambiguous
20.0,1345,ambiguous
20.0,1346,epithelial_like
20.0,1347,intermediate_plastic
20.0,1348,ambiguous
20.0,1349,ambiguous
20.0,1350,epithelial_like
20.0,1351,intermediate_plastic
20.0,1352,ambiguous
20.0,1353,ambiguous
20.0,1354,epithelial_like
20.0,1355,ambiguous
20.0,1356,intermediate_plastic
20.0,1357,epithelial_like
20.0,1358,ambiguous
20.0,1359,epithelial_like
20.0,1360,intermediate_plastic
20.0,1361,intermediate_plastic
20.0,1362,epithelial_like
20.0,1363,ambiguous
20.0,1364,ambiguous
20.0,1365,epithelial_like
20.0,1366,ambiguous
20.0,1367,ambiguous
20.0,1368,intermediate_plastic
20.0,1369,epithelial_like
20.0,1370,intermediate_plastic
20.0,1371,intermediate_plastic
20.0,1372,ambiguous
20.0,1373,epithelial_like
20.0,1374,xen_like
20.0,1375,intermediate_plastic
20.0,1376,epithelial_like
20.0,1377,xen_like
20.0,1378,intermediate_plastic
20.0,1379,epithelial_like
20.0,1380,epithelial_like
20.0,1381,epithelial_like
20.0,1382,ambiguous
20.0,1383,epithelial_like
20.0,1384,epithelial_like
20.0,1385,ambiguous
20.0,1386,intermediate_plastic
20.0,1387,ambiguous
20.0,1388,ambiguous
20.0,1389,ambiguous
20.0,1390,xen_like
20.0,1391,ambiguous
20.0,1392,intermediate_plastic
20.0,1393,epithelial_like
20.0,1394,epithelial_like
20.0,1395,ambiguous
20.0,1396,ambiguous
20.0,1397,xen_like
20.0,1398,epithelial_like
20.0,1399,intermediate_plastic
20.0,1400,epithelial_like
20.0,1401,ambiguous
20.0,1402,intermediate_plastic
20.0,1403,ambiguous
20.0,1404,epithelial_like
20.0,1405,xen_like
20.0,1406,epithelial_like
20.0,1407,intermediate_plastic
20.0,1408,epithelial_like
20.0,1409,epithelial_like
20.0,1410,ambiguous
20.0,1411,epithelial_like
20.0,1412,ambiguous
20.0,1413,ambiguous
20.0,1414,ambiguous
20.0,1415,ambiguous
20.0,1416,intermediate_plastic
20.0,1417,intermediate_plastic
20.0,1418,intermediate_plastic
20.0,1419,intermediate_plastic
20.0,1420,ambiguous
20.0,1421,intermediate_plastic
20.0,1422,intermediate_plastic
20.0,1423,intermediate_plastic
20.0,1424,epithelial_like
20.0,1425,epithelial_like
20.0,1426,epithelial_like
20.0,1427,epithelial_like
20.0,1428,epithelial_like
20.0,1429,ambiguous
20.0,1430,ambiguous
20.0,1431,intermediate_plastic
20.0,1432,xen_like
20.0,1433,intermediate_plastic
20.0,1434,epithelial_like
20.0,1435,intermediate_plastic
20.0,1436,intermediate_plastic
20.0,1437,epithelial_like
20.0,1438,ambiguous
20.0,1439,ambiguous
20.0,1440,ambiguous
20.0,1441,intermediate_plastic
20.0,1442,epithelial_like
20.0,1443,intermediate_plastic
20.0,1444,epithelial_like
20.0,1445,ambiguous
20.0,1446,ambiguous
20.0,1447,epithelial_like
20.0,1448,ambiguous
20.0,1449,intermediate_plastic
20.0,1450,ambiguous
20.0,1451,intermediate_plastic
20.0,1452,epithelial_like
20.0,1453,ambiguous
20.0,1454,intermediate_plastic
20.0,1455,intermediate_plastic
20.0,1456,intermediate_plastic
20.0,1457,ambiguous
20.0,1458,epithelial_like
20.0,1459,intermediate_plastic
20.0,1460,ambiguous
20.0,1461,ambiguous
20.0,1462,ambiguous
20.0,1463,intermediate_plastic
20.0,1464,ambiguous
20.0,1465,ambiguous
20.0,1466,epithelial_like
20.0,1467,ambiguous
20.0,1468,intermediate_plastic
20.0,1469,epithelial_like
20.0,1470,epithelial_like
20.0,1471,intermediate_plastic
20.0,1472,epithelial_like
20.0,1473,intermediate_plastic
20.0,1474,epithelial_like
20.0,1475,epithelial_like
20.0,1476,ambiguous
20.0,1477,ambiguous
20.0,1478,epithelial_like
20.0,1479,xen_like
20.0,1480,ambiguous
20.0,1481,epithelial_like
20.0,1482,epithelial_like
20.0,1483,ambiguous
20.0,1484,ambiguous
20.0,1485,epithelial_like
20.0,1486,ambiguous
20.0,1487,epithelial_like
20.0,1488,intermediate_plastic
20.0,1489,epithelial_like
20.0,1490,ambiguous
20.0,1491,ambiguous
20.0,1492,intermediate_plastic
20.0,1493,epithelial_like
20.0,1494,epithelial_like
20.0,1495,intermediate_plastic
20.0,1496,epithelial_like
20.0,1497,ambiguous
20.0,1498,epithelial_like
20.0,1499,epithelial_like
20.0,1500,epithelial_like
20.0,1501,intermediate_plastic
20.0,1502,epithelial_like
20.0,1503,ambiguous
20.0,1504,intermediate_plastic
20.0,1505,epithelial_like
20.0,1506,epithelial_like
20.0,1507,intermediate_plastic
20.0,1508,epithelial_like
20.0,1509,ambiguous
20.0,1510,epithelial_like
20.0,1511,epithelial_like
20.0,1512,ambiguous
20.0,1513,intermediate_plastic
20.0,1514,epithelial_like
20.0,1515,epithelial_like
20.0,1516,intermediate_plastic
20.0,1517,epithelial_like
20.0,1518,epithelial_like
20.0,1519,epithelial_like
20.0,1520,ambiguous
20.0,1521,ambiguous
20.0,1522,ambiguous
20.0,1523,ambiguous
20.0,1524,epithelial_like
20.0,1525,ambiguous
20.0,1526,intermediate_plastic
20.0,1527,ambiguous
20.0,1528,ambiguous
20.0,1529,epithelial_like
20.0,1530,xen_like
20.0,1531,xen_like
20.0,1532,ambiguous
20.0,1533,ambiguous
20.0,1534,ambiguous
20.0,1535,intermediate_plastic
20.0,1536,intermediate_plastic
20.0,1537,intermediate_plastic
20.0,1538,intermediate_plastic
20.0,1539,intermediate_plastic
20.0,1540,intermediate_plastic
20.0,1541,epithelial_like
20.0,1542,epithelial_like
20.0,1543,ambiguous
20.0,1544,epithelial_like
20.0,1545,intermediate_plastic
20.0,1546,xen_like
20.0,1547,epithelial_like
20.0,1548,epithelial_like
20.0,1549,intermediate_plastic
20.0,1550,ambiguous
20.0,1551,epithelial_like
20.0,1552,ambiguous
20.0,1553,epithelial_like
20.0,1554,ambiguous
20.0,1555,ambiguous
20.0,1556,intermediate_plastic
20.0,1557,epithelial_like
20.0,1558,ambiguous
20.0,1559,epithelial_like
20.0,1560,intermediate_plastic
20.0,1561,ambiguous
20.0,1562,ambiguous
20.0,1563,epithelial_like
20.0,1564,epithelial_like
20.0,1565,ambiguous
20.0,1566,ambiguous
20.0,1567,ambiguous
20.0,1568,ambiguous
20.0,1569,ambiguous
20.0,1570,ambiguous
20.0,1571,intermediate_plastic
20.0,1572,intermediate_plastic
20.0,1573,ambiguous
20.0,1574,ambiguous
20.0,1575,ambiguous
20.0,1576,ambiguous
20.0,1577,epithelial_like
20.0,1578,epithelial_like
20.0,1579,epithelial_like
20.0,1580,ambiguous
20.0,1581,ambiguous
20.0,1582,ambiguous
20.0,1583,epithelial_like
20.0,1584,epithelial_like
20.0,1585,epithelial_like
20.0,1586,ambiguous
20.0,1587,epithelial_like
20.0,1588,ambiguous
20.0,1589,ambiguous
20.0,1590,epithelial_like
20.0,1591,epithelial_like
20.0,1592,ambiguous
20.0,1593,intermediate_plastic
20.0,1594,intermediate_plastic
20.0,1595,epithelial_like
20.0,1596,ambiguous
20.0,1597,ambiguous
20.0,1598,epithelial_like
20.0,1599,ambiguous
20.0,1600,epithelial_like
20.0,1601,epithelial_like
20.0,1602,epithelial_like
20.0,1603,ambiguous
20.0,1604,epithelial_like
20.0,1605,intermediate_plastic
20.0,1606,epithelial_like
20.0,1607,ambiguous
20.0,1608,epithelial_like
20.0,1609,epithelial_like
20.0,1610,intermediate_plastic
20.0,1611,ambiguous
20.0,1612,ambiguous
20.0,1613,ambiguous
20.0,1614,ambiguous
20.0,1615,intermediate_plastic
20.0,1616,epithelial_like
20.0,1617,ambiguous
20.0,1618,epithelial_like
20.0,1619,ambiguous
20.0,1620,epithelial_like
20.0,1621,ambiguous
20.0,1622,ambiguous
20.0,1623,ambiguous
20.0,1624,intermediate_plastic
20.0,1625,epithelial_like
20.0,1626,ambiguous
20.0,1627,ambiguous
20.0,1628,intermediate_plastic
20.0,1629,ambiguous
20.0,1630,ambiguous
20.0,1631,epithelial_like
20.0,1632,ambiguous
20.0,1633,ambiguous
20.0,1634,epithelial_like
20.0,1635,epithelial_like
20.0,1636,ambiguous
20.0,1637,epithelial_like
20.0,1638,xen_like
20.0,1639,epithelial_like
20.0,1640,epithelial_like
20.0,1641,ambiguous
20.0,1642,ambiguous
20.0,1643,ambiguous
20.0,1644,ambiguous
20.0,1645,ambiguous
20.0,1646,ambiguous
20.0,1647,ambiguous
20.0,1648,intermediate_plastic
20.0,1649,xen_like
20.0,1650,intermediate_plastic
20.0,1651,epithelial_like
20.0,1652,intermediate_plastic
20.0,1653,ambiguous
20.0,1654,xen_like
20.0,1655,epithelial_like
20.0,1656,epithelial_like
20.0,1657,ambiguous
20.0,1658,intermediate_plastic
20.0,1659,ambiguous
20.0,1660,epithelial_like
20.0,1661,epithelial_like
20.0,1662,ambiguous
20.0,1663,intermediate_plastic
20.0,1664,epithelial_like
20.0,1665,ambiguous
20.0,1666,epithelial_like
20.0,1667,ambiguous
20.0,1668,ambiguous
20.0,1669,ambiguous
20.0,1670,ambiguous
20.0,1671,epithelial_like
20.0,1672,epithelial_like
20.0,1673,epithelial_like
20.0,1674,ambiguous
20.0,1675,intermediate_plastic
20.0,1676,ambiguous
20.0,1677,ambiguous
20.0,1678,ambiguous
20.0,1679,ambiguous
20.0,1680,ambiguous
20.0,1681,intermediate_plastic
20.0,1682,epithelial_like
20.0,1683,intermediate_plastic
20.0,1684,epithelial_like
20.0,1685,epithelial_like
20.0,1686,ambiguous
20.0,1687,epithelial_like
20.0,1688,intermediate_plastic
20.0,1689,epithelial_like
20.0,1690,ambiguous
20.0,1691,ambiguous
20.0,1692,intermediate_plastic
20.0,1693,epithelial_like
20.0,1694,ambiguous
20.0,1695,ambiguous
20.0,1696,epithelial_like
20.0,1697,intermediate_plastic
20.0,1698,ambiguous
20.0,1699,epithelial_like
20.0,1700,epithelial_like
20.0,1701,epithelial_like
20.0,1702,ambiguous
20.0,1703,epithelial_like
20.0,1704,intermediate_plastic
20.0,1705,ambiguous
20.0,1706,epithelial_like
20.0,1707,epithelial_like
20.0,1708,ambiguous
20.0,1709,epithelial_like
20.0,1710,intermediate_plastic
20.0,1711,intermediate_plastic
20.0,1712,xen_like
20.0,1713,epithelial_like
20.0,1714,ambiguous
20.0,1715,epithelial_like
20.0,1716,intermediate_plastic
20.0,1717,intermediate_plastic
20.0,1718,ambiguous
20.0,1719,epithelial_like
20.0,1720,intermediate_plastic
20.0,1721,intermediate_plastic
20.0,1722,xen_like
20.0,1723,intermediate_plastic
20.0,1724,xen_like
20.0,1725,epithelial_like
20.0,1726,ambiguous
20.0,1727,ambiguous
20.0,1728,ambiguous
20.0,1729,ambiguous
20.0,1730,epithelial_like
20.0,1731,epithelial_like
20.0,1732,epithelial_like
20.0,1733,epithelial_like
20.0,1734,intermediate_plastic
20.0,1735,intermediate_plastic
20.0,1736,epithelial_like
20.0,1737,ambiguous
20.0,1738,ambiguous
20.0,1739,epithelial_like
20.0,1740,epithelial_like
20.0,1741,epithelial_like
20.0,1742,intermediate_plastic
20.0,1743,ambiguous
20.0,1744,epithelial_like
20.0,1745,epithelial_like
20.0,1746,ambiguous
20.0,1747,ambiguous
20.0,1748,intermediate_plastic
20.0,1749,ambiguous
20.0,1750,epithelial_like
20.0,1751,epithelial_like
20.0,1752,ambiguous
20.0,1753,epithelial_like
20.0,1754,ambiguous
20.0,1755,epithelial_like
20.0,1756,epithelial_like
20.0,1757,intermediate_plastic
20.0,1758,epithelial_like
20.0,1759,intermediate_plastic
20.0,1760,epithelial_like
20.0,1761,epithelial_like
20.0,1762,ambiguous
20.0,1763,ambiguous
20.0,1764,ambiguous
20.0,1765,ambiguous
20.0,1766,epithelial_like
20.0,1767,ambiguous
20.0,1768,ambiguous
20.0,1769,epithelial_like
20.0,1770,epithelial_like
20.0,1771,ambiguous
20.0,1772,ambiguous
20.0,1773,ambiguous
20.0,1774,intermediate_plastic
20.0,1775,epithelial_like
20.0,1776,ambiguous
20.0,1777,ambiguous
20.0,1778,ambiguous
20.0,1779,epithelial_like
20.0,1780,epithelial_like
20.0,1781,ambiguous
20.0,1782,ambiguous
20.0,1783,ambiguous
20.0,1784,epithelial_like
20.0,1785,epithelial_like
20.0,1786,epithelial_like
20.0,1787,epithelial_like
20.0,1788,ambiguous
20.0,1789,intermediate_plastic
20.0,1790,epithelial_like
20.0,1791,ambiguous
20.0,1792,intermediate_plastic
20.0,1793,ambiguous
20.0,1794,epithelial_like
20.0,1795,ambiguous
20.0,1796,ambiguous
20.0,1797,xen_like
20.0,1798,epithelial_like
20.0,1799,xen_like
20.0,1800,epithelial_like
20.0,1801,intermediate_plastic
20.0,1802,epithelial_like
20.0,1803,intermediate_plastic
20.0,1804,epithelial_like
20.0,1805,ambiguous
20.0,1806,intermediate_plastic
20.0,1807,intermediate_plastic
20.0,1808,epithelial_like
20.0,1809,ambiguous
20.0,1810,ambiguous
20.0,1811,ambiguous
20.0,1812,ambiguous
20.0,1813,epithelial_like
20.0,1814,epithelial_like
20.0,1815,ambiguous
20.0,1816,ambiguous
20.0,1817,intermediate_plastic
20.0,1818,epithelial_like
20.0,1819,ambiguous
20.0,1820,ambiguous
20.0,1821,intermediate_plastic
20.0,1822,intermediate_plastic
20.0,1823,ambiguous
20.0,1824,intermediate_plastic
20.0,1825,epithelial_like
20.0,1826,epithelial_like
20.0,1827,intermediate_plastic
20.0,1828,epithelial_like
20.0,1829,ambiguous
20.0,1830,epithelial_like
20.0,1831,epithelial_like
20.0,1832,epithelial_like
20.0,1833,epithelial_like
20.0,1834,ambiguous
20.0,1835,epithelial_like
20.0,1836,ambiguous
20.0,1837,intermediate_plastic
20.0,1838,ambiguous
20.0,1839,intermediate_plastic
20.0,1840,epithelial_like
20.0,1841,epithelial_like
20.0,1842,ambiguous
20.0,1843,ambiguous
20.0,1844,ambiguous
20.0,1845,epithelial_like
20.0,1846,ambiguous
20.0,1847,ambiguous
20.0,1848,intermediate_plastic
20.0,1849,intermediate_plastic
20.0,1850,epithelial_like
20.0,1851,epithelial_like
20.0,1852,epithelial_like
20.0,1853,epithelial_like
20.0,1854,epithelial_like
20.0,1855,ambiguous
20.0,1856,intermediate_plastic
20.0,1857,ambiguous
20.0,1858,ambiguous
20.0,1859,epithelial_like
20.0,1860,ambiguous
20.0,1861,intermediate_plastic
20.0,1862,epithelial_like
20.0,1863,epithelial_like
20.0,1864,ambiguous
20.0,1865,ambiguous
20.0,1866,intermediate_plastic
20.0,1867,ambiguous
20.0,1868,epithelial_like
20.0,1869,epithelial_like
20.0,1870,ambiguous
20.0,1871,intermediate_plastic
20.0,1872,ambiguous
20.0,1873,ambiguous
20.0,1874,epithelial_like
20.0,1875,ambiguous
20.0,1876,epithelial_like
20.0,1877,ambiguous
20.0,1878,intermediate_plastic
20.0,1879,epithelial_like
20.0,1880,ambiguous
20.0,1881,ambiguous
20.0,1882,epithelial_like
20.0,1883,ambiguous
20.0,1884,ambiguous
20.0,1885,intermediate_plastic
20.0,1886,ambiguous
20.0,1887,epithelial_like
20.0,1888,intermediate_plastic
20.0,1889,epithelial_like
20.0,1890,ambiguous
20.0,1891,ambiguous
20.0,1892,ambiguous
20.0,1893,ambiguous
20.0,1894,ambiguous
20.0,1895,intermediate_plastic
20.0,1896,epithelial_like
20.0,1897,intermediate_plastic
20.0,1898,intermediate_plastic
20.0,1899,epithelial_like
20.0,1900,epithelial_like
20.0,1901,epithelial_like
20.0,1902,epithelial_like
20.0,1903,epithelial_like
20.0,1904,xen_like
20.0,1905,ambiguous
20.0,1906,epithelial_like
20.0,1907,epithelial_like
20.0,1908,ambiguous
20.0,1909,xen_like
20.0,1910,ambiguous
20.0,1911,ambiguous
20.0,1912,ambiguous
20.0,1913,ambiguous
20.0,1914,intermediate_plastic
20.0,1915,epithelial_like
20.0,1916,intermediate_plastic
20.0,1917,ambiguous
20.0,1918,ambiguous
20.0,1919,ambiguous
20.0,1920,epithelial_like
20.0,1921,ambiguous
20.0,1922,ambiguous
20.0,1923,intermediate_plastic
20.0,1924,epithelial_like
20.0,1925,ambiguous
20.0,1926,epithelial_like
20.0,1927,epithelial_like
20.0,1928,intermediate_plastic
20.0,1929,ambiguous
20.0,1930,ambiguous
20.0,1931,xen_like
20.0,1932,ambiguous
20.0,1933,xen_like
20.0,1934,epithelial_like
20.0,1935,xen_like
20.0,1936,xen_like
20.0,1937,epithelial_like
20.0,1938,ambiguous
20.0,1939,epithelial_like
20.0,1940,epithelial_like
20.0,1941,epithelial_like
20.0,1942,ambiguous
20.0,1943,ambiguous
20.0,1944,ambiguous
20.0,1945,intermediate_plastic
20.0,1946,ambiguous
20.0,1947,epithelial_like
20.0,1948,epithelial_like
20.0,1949,intermediate_plastic
20.0,1950,xen_like
20.0,1951,ambiguous
20.0,1952,ambiguous
20.0,1953,ambiguous
20.0,1954,epithelial_like
20.0,1955,epithelial_like
20.0,1956,ambiguous
20.0,1957,intermediate_plastic
20.0,1958,epithelial_like
20.0,1959,epithelial_like
20.0,1960,epithelial_like
20.0,1961,epithelial_like
20.0,1962,xen_like
20.0,1963,ambiguous
20.0,1964,ambiguous
20.0,1965,epithelial_like
20.0,1966,epithelial_like
20.0,1967,ambiguous
20.0,1968,epithelial_like
20.0,1969,ambiguous
20.0,1970,epithelial_like
20.0,1971,epithelial_like
20.0,1972,epithelial_like
20.0,1973,epithelial_like
20.0,1974,ambiguous
20.0,1975,epithelial_like
20.0,1976,intermediate_plastic
20.0,1977,ambiguous
20.0,1978,ambiguous
20.0,1979,epithelial_like
20.0,1980,epithelial_like
20.0,1981,intermediate_plastic
20.0,1982,epithelial_like
20.0,1983,epithelial_like
20.0,1984,epithelial_like
20.0,1985,ambiguous
20.0,1986,ambiguous
20.0,1987,intermediate_plastic
20.0,1988,ambiguous
20.0,1989,intermediate_plastic
20.0,1990,ambiguous
20.0,1991,ambiguous
20.0,1992,epithelial_like
20.0,1993,ambiguous
20.0,1994,ambiguous
20.0,1995,intermediate_plastic
20.0,1996,ambiguous
20.0,1997,xen_like
20.0,1998,intermediate_plastic
20.0,1999,ambiguous
24.0,0,epithelial_like
24.0,1,intermediate_plastic
24.0,2,ambiguous
24.0,3,intermediate_plastic
24.0,4,epithelial_like
24.0,5,epithelial_like
24.0,6,intermediate_plastic
24.0,7,intermediate_plastic
24.0,8,intermediate_plastic
24.0,9,ambiguous
24.0,10,epithelial_like
24.0,11,ambiguous
24.0,12,ambiguous
24.0,13,ambiguous
24.0,14,intermediate_plastic
24.0,15,intermediate_plastic
24.0,16,epithelial_like
24.0,17,epithelial_like
24.0,18,intermediate_plastic
24.0,19,ambiguous
24.0,20,ambiguous
24.0,21,intermediate_plastic
24.0,22,epithelial_like
24.0,23,epithelial_like
24.0,24,intermediate_plastic
24.0,25,epithelial_like
24.0,26,intermediate_plastic
24.0,27,epithelial_like
24.0,28,ambiguous
24.0,29,ambiguous
24.0,30,intermediate_plastic
24.0,31,intermediate_plastic
24.0,32,ambiguous
24.0,33,ambiguous
24.0,34,epithelial_like
24.0,35,ambiguous
24.0,36,epithelial_like
24.0,37,ambiguous
24.0,38,epithelial_like
24.0,39,intermediate_plastic
24.0,40,ambiguous
24.0,41,epithelial_like
24.0,42,intermediate_plastic
24.0,43,ambiguous
24.0,44,ambiguous
24.0,45,ambiguous
24.0,46,ambiguous
24.0,47,ambiguous
24.0,48,epithelial_like
24.0,49,epithelial_like
24.0,50,intermediate_plastic
24.0,51,epithelial_like
24.0,52,epithelial_like
24.0,53,intermediate_plastic
24.0,54,epithelial_like
24.0,55,ambiguous
24.0,56,intermediate_plastic
24.0,57,intermediate_plastic
24.0,58,ambiguous
24.0,59,ambiguous
24.0,60,intermediate_plastic
24.0,61,ambiguous
24.0,62,epithelial_like
24.0,63,intermediate_plastic
24.0,64,intermediate_plastic
24.0,65,epithelial_like
24.0,66,ambiguous
24.0,67,epithelial_like
24.0,68,ambiguous
24.0,69,intermediate_plastic
24.0,70,ambiguous
24.0,71,intermediate_plastic
24.0,72,ambiguous
24.0,73,intermediate_plastic
24.0,74,intermediate_plastic
24.0,75,ambiguous
24.0,76,ambiguous
24.0,77,intermediate_plastic
24.0,78,epithelial_like
24.0,79,epithelial_like
24.0,80,epithelial_like
24.0,81,epithelial_like
24.0,82,ambiguous
24.0,83,intermediate_plastic
24.0,84,epithelial_like
24.0,85,ambiguous
24.0,86,intermediate_plastic
24.0,87,ambiguous
24.0,88,ambiguous
24.0,89,intermediate_plastic
24.0,90,ambiguous
24.0,91,epithelial_like
24.0,92,ambiguous
24.0,93,intermediate_plastic
24.0,94,epithelial_like
24.0,95,intermediate_plastic
24.0,96,epithelial_like
24.0,97,intermediate_plastic
24.0,98,ambiguous
24.0,99,epithelial_like
24.0,100,epithelial_like
24.0,101,intermediate_plastic
24.0,102,epithelial_like
24.0,103,intermediate_plastic
24.0,104,epithelial_like
24.0,105,epithelial_like
24.0,106,xen_like
24.0,107,epithelial_like
24.0,108,ambiguous
24.0,109,epithelial_like
24.0,110,ambiguous
24.0,111,xen_like
24.0,112,intermediate_plastic
24.0,113,ambiguous
24.0,114,ambiguous
24.0,115,epithelial_like
24.0,116,ambiguous
24.0,117,epithelial_like
24.0,118,epithelial_like
24.0,119,intermediate_plastic
24.0,120,ambiguous
24.0,121,intermediate_plastic
24.0,122,epithelial_like
24.0,123,ambiguous
24.0,124,ambiguous
24.0,125,ambiguous
24.0,126,intermediate_plastic
24.0,127,epithelial_like
24.0,128,ambiguous
24.0,129,ambiguous
24.0,130,epithelial_like
24.0,131,epithelial_like
24.0,132,intermediate_plastic
24.0,133,epithelial_like
24.0,134,ambiguous
24.0,135,intermediate_plastic
24.0,136,epithelial_like
24.0,137,ambiguous
24.0,138,epithelial_like
24.0,139,ambiguous
24.0,140,intermediate_plastic
24.0,141,epithelial_like
24.0,142,intermediate_plastic
24.0,143,epithelial_like
24.0,144,ambiguous
24.0,145,epithelial_like
24.0,146,intermediate_plastic
24.0,147,ambiguous
24.0,148,intermediate_plastic
24.0,149,epithelial_like
24.0,150,intermediate_plastic
24.0,151,epithelial_like
24.0,152,intermediate_plastic
24.0,153,ambiguous
24.0,154,intermediate_plastic
24.0,155,intermediate_plastic
24.0,156,intermediate_plastic
24.0,157,epithelial_like
24.0,158,xen_like
24.0,159,epithelial_like
24.0,160,ambiguous
24.0,161,ambiguous
24.0,162,ambiguous
24.0,163,xen_like
24.0,164,ambiguous
24.0,165,intermediate_plastic
24.0,166,epithelial_like
24.0,167,ambiguous
24.0,168,ambiguous
24.0,169,ambiguous
24.0,170,ambiguous
24.0,171,ambiguous
24.0,172,intermediate_plastic
24.0,173,ambiguous
24.0,174,ambiguous
24.0,175,ambiguous
24.0,176,intermediate_plastic
24.0,177,epithelial_like
24.0,178,epithelial_like
24.0,179,epithelial_like
24.0,180,epithelial_like
24.0,181,ambiguous
24.0,182,ambiguous
24.0,183,epithelial_like
24.0,184,epithelial_like
24.0,185,ambiguous
24.0,186,ambiguous
24.0,187,ambiguous
24.0,188,ambiguous
24.0,189,intermediate_plastic
24.0,190,epithelial_like
24.0,191,intermediate_plastic
24.0,192,intermediate_plastic
24.0,193,intermediate_plastic
24.0,194,intermediate_plastic
24.0,195,ambiguous
24.0,196,intermediate_plastic
24.0,197,intermediate_plastic
24.0,198,ambiguous
24.0,199,ambiguous
24.0,200,epithelial_like
24.0,201,ambiguous
24.0,202,ambiguous
24.0,203,ambiguous
24.0,204,intermediate_plastic
24.0,205,epithelial_like
24.0,206,epithelial_like
24.0,207,ambiguous
24.0,208,ambiguous
24.0,209,ambiguous
24.0,210,intermediate_plastic
24.0,211,intermediate_plastic
24.0,212,ambiguous
24.0,213,intermediate_plastic
24.0,214,epithelial_like
24.0,215,epithelial_like
24.0,216,intermediate_plastic
24.0,217,ambiguous
24.0,218,ambiguous
24.0,219,intermediate_plastic
24.0,220,ambiguous
24.0,221,epithelial_like
24.0,222,epithelial_like
24.0,223,epithelial_like
24.0,224,epithelial_like
24.0,225,ambiguous
24.0,226,intermediate_plastic
24.0,227,intermediate_plastic
24.0,228,epithelial_like
24.0,229,epithelial_like
24.0,230,intermediate_plastic
24.0,231,epithelial_like
24.0,232,epithelial_like
24.0,233,ambiguous
24.0,234,ambiguous
24.0,235,epithelial_like
24.0,236,intermediate_plastic
24.0,237,intermediate_plastic
24.0,238,epithelial_like
24.0,239,epithelial_like
24.0,240,epithelial_like
24.0,241,xen_like
24.0,242,intermediate_plastic
24.0,243,intermediate_plastic
24.0,244,ambiguous
24.0,245,ambiguous
24.0,246,epithelial_like
24.0,247,intermediate_plastic
24.0,248,ambiguous
24.0,249,ambiguous
24.0,250,intermediate_plastic
24.0,251,intermediate_plastic
24.0,252,epithelial_like
24.0,253,intermediate_plastic
24.0,254,ambiguous
24.0,255,ambiguous
24.0,256,intermediate_plastic
24.0,257,ambiguous
24.0,258,epithelial_like
24.0,259,ambiguous
24.0,260,ambiguous
24.0,261,intermediate_plastic
24.0,262,intermediate_plastic
24.0,263,epithelial_like
24.0,264,intermediate_plastic
24.0,265,intermediate_plastic
24.0,266,intermediate_plastic
24.0,267,epithelial_like
24.0,268,epithelial_like
24.0,269,epithelial_like
24.0,270,intermediate_plastic
24.0,271,ambiguous
24.0,272,epithelial_like
24.0,273,ambiguous
24.0,274,epithelial_like
24.0,275,epithelial_like
24.0,276,intermediate_plastic
24.0,277,ambiguous
24.0,278,epithelial_like
24.0,279,epithelial_like
24.0,280,ambiguous
24.0,281,epithelial_like
24.0,282,epithelial_like
24.0,283,epithelial_like
24.0,284,intermediate_plastic
24.0,285,intermediate_plastic
24.0,286,epithelial_like
24.0,287,epithelial_like
24.0,288,ambiguous
24.0,289,epithelial_like
24.0,290,ambiguous
24.0,291,ambiguous
24.0,292,intermediate_plastic
24.0,293,epithelial_like
24.0,294,intermediate_plastic
24.0,295,ambiguous
24.0,296,intermediate_plastic
24.0,297,ambiguous
24.0,298,epithelial_like
24.0,299,ambiguous
24.0,300,ambiguous
24.0,301,intermediate_plastic
24.0,302,epithelial_like
24.0,303,ambiguous
24.0,304,ambiguous
24.0,305,ambiguous
24.0,306,epithelial_like
24.0,307,intermediate_plastic
24.0,308,epithelial_like
24.0,309,epithelial_like
24.0,310,ambiguous
24.0,311,epithelial_like
24.0,312,ambiguous
24.0,313,intermediate_plastic
24.0,314,epithelial_like
24.0,315,intermediate_plastic
24.0,316,epithelial_like
24.0,317,epithelial_like
24.0,318,intermediate_plastic
24.0,319,epithelial_like
24.0,320,intermediate_plastic
24.0,321,intermediate_plastic
24.0,322,intermediate_plastic
24.0,323,ambiguous
24.0,324,epithelial_like
24.0,325,epithelial_like
24.0,326,ambiguous
24.0,327,intermediate_plastic
24.0,328,intermediate_plastic
24.0,329,epithelial_like
24.0,330,intermediate_plastic
24.0,331,intermediate_plastic
24.0,332,ambiguous
24.0,333,epithelial_like
24.0,334,intermediate_plastic
24.0,335,ambiguous
24.0,336,ambiguous
24.0,337,xen_like
24.0,338,intermediate_plastic
24.0,339,ambiguous
24.0,340,epithelial_like
24.0,341,ambiguous
24.0,342,ambiguous
24.0,343,intermediate_plastic
24.0,344,epithelial_like
24.0,345,epithelial_like
24.0,346,epithelial_like
24.0,347,epithelial_like
24.0,348,epithelial_like
24.0,349,ambiguous
24.0,350,ambiguous
24.0,351,ambiguous
24.0,352,intermediate_plastic
24.0,353,intermediate_plastic
24.0,354,epithelial_like
24.0,355,epithelial_like
24.0,356,ambiguous
24.0,357,ambiguous
24.0,358,ambiguous
24.0,359,ambiguous
24.0,360,ambiguous
24.0,361,intermediate_plastic
24.0,362,epithelial_like
24.0,363,ambiguous
24.0,364,ambiguous
24.0,365,ambiguous
24.0,366,ambiguous
24.0,367,intermediate_plastic
24.0,368,intermediate_plastic
24.0,369,ambiguous
24.0,370,ambiguous
24.0,371,ambiguous
24.0,372,epithelial_like
24.0,373,ambiguous
24.0,374,epithelial_like
24.0,375,ambiguous
24.0,376,intermediate_plastic
24.0,377,ambiguous
24.0,378,intermediate_plastic
24.0,379,epithelial_like
24.0,380,ambiguous
24.0,381,epithelial_like
24.0,382,epithelial_like
24.0,383,epithelial_like
24.0,384,epithelial_like
24.0,385,intermediate_plastic
24.0,386,ambiguous
24.0,387,intermediate_plastic
24.0,388,intermediate_plastic
24.0,389,epithelial_like
24.0,390,ambiguous
24.0,391,ambiguous
24.0,392,epithelial_like
24.0,393,intermediate_plastic
24.0,394,intermediate_plastic
24.0,395,epithelial_like
24.0,396,epithelial_like
24.0,397,ambiguous
24.0,398,ambiguous
24.0,399,intermediate_plastic
24.0,400,ambiguous
24.0,401,ambiguous
24.0,402,epithelial_like
24.0,403,ambiguous
24.0,404,epithelial_like
24.0,405,epithelial_like
24.0,406,epithelial_like
24.0,407,ambiguous
24.0,408,ambiguous
24.0,409,ambiguous
24.0,410,ambiguous
24.0,411,intermediate_plastic
24.0,412,intermediate_plastic
24.0,413,intermediate_plastic
24.0,414,ambiguous
24.0,415,epithelial_like
24.0,416,ambiguous
24.0,417,intermediate_plastic
24.0,418,intermediate_plastic
24.0,419,ambiguous
24.0,420,intermediate_plastic
24.0,421,epithelial_like
24.0,422,intermediate_plastic
24.0,423,epithelial_like
24.0,424,epithelial_like
24.0,425,intermediate_plastic
24.0,426,ambiguous
24.0,427,epithelial_like
24.0,428,epithelial_like
24.0,429,ambiguous
24.0,430,epithelial_like
24.0,431,epithelial_like
24.0,432,epithelial_like
24.0,433,ambiguous
24.0,434,intermediate_plastic
24.0,435,ambiguous
24.0,436,epithelial_like
24.0,437,epithelial_like
24.0,438,epithelial_like
24.0,439,ambiguous
24.0,440,intermediate_plastic
24.0,441,intermediate_plastic
24.0,442,epithelial_like
24.0,443,intermediate_plastic
24.0,444,intermediate_plastic
24.0,445,intermediate_plastic
24.0,446,ambiguous
24.0,447,ambiguous
24.0,448,ambiguous
24.0,449,ambiguous
24.0,450,ambiguous
24.0,451,epithelial_like
24.0,452,intermediate_plastic
24.0,453,ambiguous
24.0,454,intermediate_plastic
24.0,455,ambiguous
24.0,456,epithelial_like
24.0,457,intermediate_plastic
24.0,458,epithelial_like
24.0,459,epithelial_like
24.0,460,intermediate_plastic
24.0,461,epithelial_like
24.0,462,intermediate_plastic
24.0,463,intermediate_plastic
24.0,464,epithelial_like
24.0,465,ambiguous
24.0,466,ambiguous
24.0,467,intermediate_plastic
24.0,468,epithelial_like
24.0,469,intermediate_plastic
24.0,470,ambiguous
24.0,471,epithelial_like
24.0,472,ambiguous
24.0,473,epithelial_like
24.0,474,intermediate_plastic
24.0,475,ambiguous
24.0,476,ambiguous
24.0,477,ambiguous
24.0,478,intermediate_plastic
24.0,479,epithelial_like
24.0,480,intermediate_plastic
24.0,481,ambiguous
24.0,482,epithelial_like
24.0,483,ambiguous
24.0,484,ambiguous
24.0,485,ambiguous
24.0,486,ambiguous
24.0,487,intermediate_plastic
24.0,488,ambiguous
24.0,489,ambiguous
24.0,490,epithelial_like
24.0,491,ambiguous
24.0,492,epithelial_like
24.0,493,epithelial_like
24.0,494,ambiguous
24.0,495,ambiguous
24.0,496,epithelial_like
24.0,497,intermediate_plastic
24.0,498,intermediate_plastic
24.0,499,epithelial_like
24.0,500,ambiguous
24.0,501,ambiguous
24.0,502,epithelial_like
24.0,503,epithelial_like
24.0,504,ambiguous
24.0,505,intermediate_plastic
24.0,506,epithelial_like
24.0,507,ambiguous
24.0,508,epithelial_like
24.0,509,ambiguous
24.0,510,intermediate_plastic
24.0,511,ambiguous
24.0,512,intermediate_plastic
24.0,513,ambiguous
24.0,514,epithelial_like
24.0,515,ambiguous
24.0,516,epithelial_like
24.0,517,intermediate_plastic
24.0,518,intermediate_plastic
24.0,519,intermediate_plastic
24.0,520,epithelial_like
24.0,521,intermediate_plastic
24.0,522,epithelial_like
24.0,523,ambiguous
24.0,524,intermediate_plastic
24.0,525,ambiguous
24.0,526,intermediate_plastic
24.0,527,intermediate_plastic
24.0,528,ambiguous
24.0,529,ambiguous
24.0,530,ambiguous
24.0,531,ambiguous
24.0,532,epithelial_like
24.0,533,intermediate_plastic
24.0,534,ambiguous
24.0,535,ambiguous
24.0,536,intermediate_plastic
24.0,537,epithelial_like
24.0,538,ambiguous
24.0,539,intermediate_plastic
24.0,540,ambiguous
24.0,541,epithelial_like
24.0,542,ambiguous
24.0,543,intermediate_plastic
24.0,544,intermediate_plastic
24.0,545,ambiguous
24.0,546,epithelial_like
24.0,547,epithelial_like
24.0,548,ambiguous
24.0,549,ambiguous
24.0,550,intermediate_plastic
24.0,551,epithelial_like
24.0,552,ambiguous
24.0,553,epithelial_like
24.0,554,epithelial_like
24.0,555,ambiguous
24.0,556,epithelial_like
24.0,557,ambiguous
24.0,558,epithelial_like
24.0,559,ambiguous
24.0,560,ambiguous
24.0,561,intermediate_plastic
24.0,562,ambiguous
24.0,563,ambiguous
24.0,564,intermediate_plastic
24.0,565,epithelial_like
24.0,566,epithelial_like
24.0,567,epithelial_like
24.0,568,epithelial_like
24.0,569,ambiguous
24.0,570,ambiguous
24.0,571,intermediate_plastic
24.0,572,intermediate_plastic
24.0,573,ambiguous
24.0,574,intermediate_plastic
24.0,575,intermediate_plastic
24.0,576,intermediate_plastic
24.0,577,epithelial_like
24.0,578,intermediate_plastic
24.0,579,ambiguous
24.0,580,epithelial_like
24.0,581,ambiguous
24.0,582,epithelial_like
24.0,583,intermediate_plastic
24.0,584,epithelial_like
24.0,585,ambiguous
24.0,586,ambiguous
24.0,587,ambiguous
24.0,588,intermediate_plastic
24.0,589,intermediate_plastic
24.0,590,intermediate_plastic
24.0,591,epithelial_like
24.0,592,intermediate_plastic
24.0,593,epithelial_like
24.0,594,intermediate_plastic
24.0,595,intermediate_plastic
24.0,596,ambiguous
24.0,597,ambiguous
24.0,598,epithelial_like
24.0,599,ambiguous
24.0,600,epithelial_like
24.0,601,epithelial_like
24.0,602,epithelial_like
24.0,603,epithelial_like
24.0,604,epithelial_like
24.0,605,intermediate_plastic
24.0,606,epithelial_like
24.0,607,ambiguous
24.0,608,ambiguous
24.0,609,epithelial_like
24.0,610,epithelial_like
24.0,611,intermediate_plastic
24.0,612,epithelial_like
24.0,613,intermediate_plastic
24.0,614,epithelial_like
24.0,615,ambiguous
24.0,616,epithelial_like
24.0,617,epithelial_like
24.0,618,epithelial_like
24.0,619,ambiguous
24.0,620,epithelial_like
24.0,621,intermediate_plastic
24.0,622,ambiguous
24.0,623,ambiguous
24.0,624,epithelial_like
24.0,625,ambiguous
24.0,626,intermediate_plastic
24.0,627,epithelial_like
24.0,628,ambiguous
24.0,629,ambiguous
24.0,630,intermediate_plastic
24.0,631,intermediate_plastic
24.0,632,ambiguous
24.0,633,ambiguous
24.0,634,intermediate_plastic
24.0,635,intermediate_plastic
24.0,636,ambiguous
24.0,637,ambiguous
24.0,638,epithelial_like
24.0,639,intermediate_plastic
24.0,640,epithelial_like
24.0,641,epithelial_like
24.0,642,epithelial_like
24.0,643,intermediate_plastic
24.0,644,intermediate_plastic
24.0,645,epithelial_like
24.0,646,epithelial_like
24.0,647,intermediate_plastic
24.0,648,epithelial_like
24.0,649,ambiguous
24.0,650,ambiguous
24.0,651,ambiguous
24.0,652,intermediate_plastic
24.0,653,intermediate_plastic
24.0,654,ambiguous
24.0,655,ambiguous
24.0,656,intermediate_plastic
24.0,657,intermediate_plastic
24.0,658,intermediate_plastic
24.0,659,ambiguous
24.0,660,ambiguous
24.0,661,intermediate_plastic
24.0,662,epithelial_like
24.0,663,ambiguous
24.0,664,epithelial_like
24.0,665,intermediate_plastic
24.0,666,intermediate_plastic
24.0,667,ambiguous
24.0,668,intermediate_plastic
24.0,669,epithelial_like
24.0,670,ambiguous
24.0,671,epithelial_like
24.0,672,ambiguous
24.0,673,intermediate_plastic
24.0,674,intermediate_plastic
24.0,675,intermediate_plastic
24.0,676,intermediate_plastic
24.0,677,intermediate_plastic
24.0,678,ambiguous
24.0,679,intermediate_plastic
24.0,680,intermediate_plastic
24.0,681,intermediate_plastic
24.0,682,epithelial_like
24.0,683,intermediate_plastic
24.0,684,intermediate_plastic
24.0,685,epithelial_like
24.0,686,epithelial_like
24.0,687,ambiguous
24.0,688,epithelial_like
24.0,689,intermediate_plastic
24.0,690,ambiguous
24.0,691,ambiguous
24.0,692,ambiguous
24.0,693,epithelial_like
24.0,694,ambiguous
24.0,695,epithelial_like
24.0,696,ambiguous
24.0,697,ambiguous
24.0,698,ambiguous
24.0,699,intermediate_plastic
24.0,700,ambiguous
24.0,701,ambiguous
24.0,702,intermediate_plastic
24.0,703,ambiguous
24.0,704,epithelial_like
24.0,705,ambiguous
24.0,706,epithelial_like
24.0,707,epithelial_like
24.0,708,ambiguous
24.0,709,intermediate_plastic
24.0,710,ambiguous
24.0,711,epithelial_like
24.0,712,ambiguous
24.0,713,intermediate_plastic
24.0,714,intermediate_plastic
24.0,715,epithelial_like
24.0,716,ambiguous
24.0,717,epithelial_like
24.0,718,ambiguous
24.0,719,epithelial_like
24.0,720,intermediate_plastic
24.0,721,epithelial_like
24.0,722,ambiguous
24.0,723,epithelial_like
24.0,724,ambiguous
24.0,725,epithelial_like
24.0,726,epithelial_like
24.0,727,ambiguous
24.0,728,intermediate_plastic
24.0,729,ambiguous
24.0,730,epithelial_like
24.0,731,intermediate_plastic
24.0,732,epithelial_like
24.0,733,intermediate_plastic
24.0,734,epithelial_like
24.0,735,intermediate_plastic
24.0,736,epithelial_like
24.0,737,intermediate_plastic
24.0,738,epithelial_like
24.0,739,epithelial_like
24.0,740,ambiguous
24.0,741,ambiguous
24.0,742,ambiguous
24.0,743,ambiguous
24.0,744,ambiguous
24.0,745,ambiguous
24.0,746,epithelial_like
24.0,747,intermediate_plastic
24.0,748,epithelial_like
24.0,749,ambiguous
24.0,750,epithelial_like
24.0,751,intermediate_plastic
24.0,752,intermediate_plastic
24.0,753,ambiguous
24.0,754,intermediate_plastic
24.0,755,ambiguous
24.0,756,ambiguous
24.0,757,ambiguous
24.0,758,epithelial_like
24.0,759,intermediate_plastic
24.0,760,epithelial_like
24.0,761,epithelial_like
24.0,762,epithelial_like
24.0,763,ambiguous
24.0,764,intermediate_plastic
24.0,765,intermediate_plastic
24.0,766,intermediate_plastic
24.0,767,epithelial_like
24.0,768,intermediate_plastic
24.0,769,epithelial_like
24.0,770,intermediate_plastic
24.0,771,epithelial_like
24.0,772,ambiguous
24.0,773,ambiguous
24.0,774,ambiguous
24.0,775,ambiguous
24.0,776,epithelial_like
24.0,777,epithelial_like
24.0,778,intermediate_plastic
24.0,779,epithelial_like
24.0,780,epithelial_like
24.0,781,intermediate_plastic
24.0,782,intermediate_plastic
24.0,783,ambiguous
24.0,784,intermediate_plastic
24.0,785,intermediate_plastic
24.0,786,ambiguous
24.0,787,ambiguous
24.0,788,ambiguous
24.0,789,epithelial_like
24.0,790,epithelial_like
24.0,791,ambiguous
24.0,792,intermediate_plastic
24.0,793,epithelial_like
24.0,794,ambiguous
24.0,795,intermediate_plastic
24.0,796,epithelial_like
24.0,797,intermediate_plastic
24.0,798,ambiguous
24.0,799,intermediate_plastic
24.0,800,intermediate_plastic
24.0,801,ambiguous
24.0,802,ambiguous
24.0,803,intermediate_plastic
24.0,804,ambiguous
24.0,805,epithelial_like
24.0,806,ambiguous
24.0,807,epithelial_like
24.0,808,intermediate_plastic
24.0,809,ambiguous
24.0,810,intermediate_plastic
24.0,811,epithelial_like
24.0,812,intermediate_plastic
24.0,813,epithelial_like
24.0,814,epithelial_like
24.0,815,ambiguous
24.0,816,intermediate_plastic
24.0,817,ambiguous
24.0,818,ambiguous
24.0,819,ambiguous
24.0,820,epithelial_like
24.0,821,ambiguous
24.0,822,intermediate_plastic
24.0,823,intermediate_plastic
24.0,824,intermediate_plastic
24.0,825,intermediate_plastic
24.0,826,intermediate_plastic
24.0,827,intermediate_plastic
24.0,828,epithelial_like
24.0,829,intermediate_plastic
24.0,830,epithelial_like
24.0,831,epithelial_like
24.0,832,ambiguous
24.0,833,epithelial_like
24.0,834,intermediate_plastic
24.0,835,ambiguous
24.0,836,ambiguous
24.0,837,xen_like
24.0,838,epithelial_like
24.0,839,intermediate_plastic
24.0,840,ambiguous
24.0,841,ambiguous
24.0,842,ambiguous
24.0,843,epithelial_like
24.0,844,epithelial_like
24.0,845,intermediate_plastic
24.0,846,epithelial_like
24.0,847,intermediate_plastic
24.0,848,epithelial_like
24.0,849,intermediate_plastic
24.0,850,ambiguous
24.0,851,ambiguous
24.0,852,intermediate_plastic
24.0,853,ambiguous
24.0,854,ambiguous
24.0,855,ambiguous
24.0,856,epithelial_like
24.0,857,intermediate_plastic
24.0,858,epithelial_like
24.0,859,ambiguous
24.0,860,intermediate_plastic
24.0,861,epithelial_like
24.0,862,intermediate_plastic
24.0,863,intermediate_plastic
24.0,864,ambiguous
24.0,865,epithelial_like
24.0,866,intermediate_plastic
24.0,867,intermediate_plastic
24.0,868,intermediate_plastic
24.0,869,intermediate_plastic
24.0,870,epithelial_like
24.0,871,intermediate_plastic
24.0,872,xen_like
24.0,873,intermediate_plastic
24.0,874,intermediate_plastic
24.0,875,ambiguous
24.0,876,epithelial_like
24.0,877,ambiguous
24.0,878,epithelial_like
24.0,879,intermediate_plastic
24.0,880,epithelial_like
24.0,881,intermediate_plastic
24.0,882,ambiguous
24.0,883,ambiguous
24.0,884,ambiguous
24.0,885,ambiguous
24.0,886,epithelial_like
24.0,887,epithelial_like
24.0,888,intermediate_plastic
24.0,889,ambiguous
24.0,890,ambiguous
24.0,891,epithelial_like
24.0,892,ambiguous
24.0,893,intermediate_plastic
24.0,894,ambiguous
24.0,895,ambiguous
24.0,896,epithelial_like
24.0,897,epithelial_like
24.0,898,epithelial_like
24.0,899,xen_like
24.0,900,intermediate_plastic
24.0,901,intermediate_plastic
24.0,902,epithelial_like
24.0,903,intermediate_plastic
24.0,904,ambiguous
24.0,905,epithelial_like
24.0,906,intermediate_plastic
24.0,907,ambiguous
24.0,908,epithelial_like
24.0,909,intermediate_plastic
24.0,910,intermediate_plastic
24.0,911,ambiguous
24.0,912,ambiguous
24.0,913,ambiguous
24.0,914,epithelial_like
24.0,915,ambiguous
24.0,916,intermediate_plastic
24.0,917,intermediate_plastic
24.0,918,epithelial_like
24.0,919,ambiguous
24.0,920,ambiguous
24.0,921,intermediate_plastic
24.0,922,ambiguous
24.0,923,intermediate_plastic
24.0,924,ambiguous
24.0,925,intermediate_plastic
24.0,926,intermediate_plastic
24.0,927,ambiguous
24.0,928,epithelial_like
24.0,929,epithelial_like
24.0,930,epithelial_like
24.0,931,intermediate_plastic
24.0,932,ambiguous
24.0,933,epithelial_like
24.0,934,intermediate_plastic
24.0,935,ambiguous
24.0,936,epithelial_like
24.0,937,epithelial_like
24.0,938,epithelial_like
24.0,939,ambiguous
24.0,940,epithelial_like
24.0,941,epithelial_like
24.0,942,ambiguous
24.0,943,intermediate_plastic
24.0,944,ambiguous
24.0,945,epithelial_like
24.0,946,epithelial_like
24.0,947,ambiguous
24.0,948,ambiguous
24.0,949,intermediate_plastic
24.0,950,intermediate_plastic
24.0,951,intermediate_plastic
24.0,952,intermediate_plastic
24.0,953,intermediate_plastic
24.0,954,intermediate_plastic
24.0,955,ambiguous
24.0,956,ambiguous
24.0,957,intermediate_plastic
24.0,958,intermediate_plastic
24.0,959,intermediate_plastic
24.0,960,intermediate_plastic
24.0,961,intermediate_plastic
24.0,962,ambiguous
24.0,963,epithelial_like
24.0,964,epithelial_like
24.0,965,ambiguous
24.0,966,ambiguous
24.0,967,epithelial_like
24.0,968,ambiguous
24.0,969,epithelial_like
24.0,970,ambiguous
24.0,971,ambiguous
24.0,972,epithelial_like
24.0,973,epithelial_like
24.0,974,intermediate_plastic
24.0,975,intermediate_plastic
24.0,976,ambiguous
24.0,977,intermediate_plastic
24.0,978,ambiguous
24.0,979,ambiguous
24.0,980,ambiguous
24.0,981,intermediate_plastic
24.0,982,intermediate_plastic
24.0,983,intermediate_plastic
24.0,984,epithelial_like
24.0,985,epithelial_like
24.0,986,epithelial_like
24.0,987,ambiguous
24.0,988,epithelial_like
24.0,989,epithelial_like
24.0,990,intermediate_plastic
24.0,991,ambiguous
24.0,992,ambiguous
24.0,993,epithelial_like
24.0,994,epithelial_like
24.0,995,epithelial_like
24.0,996,intermediate_plastic
24.0,997,intermediate_plastic
24.0,998,epithelial_like
24.0,999,epithelial_like
24.0,1000,intermediate_plastic
24.0,1001,epithelial_like
24.0,1002,ambiguous
24.0,1003,epithelial_like
24.0,1004,ambiguous
24.0,1005,intermediate_plastic
24.0,1006,ambiguous
24.0,1007,epithelial_like
24.0,1008,intermediate_plastic
24.0,1009,epithelial_like
24.0,1010,intermediate_plastic
24.0,1011,ambiguous
24.0,1012,epithelial_like
24.0,1013,ambiguous
24.0,1014,ambiguous
24.0,1015,ambiguous
24.0,1016,intermediate_plastic
24.0,1017,ambiguous
24.0,1018,intermediate_plastic
24.0,1019,intermediate_plastic
24.0,1020,epithelial_like
24.0,1021,epithelial_like
24.0,1022,intermediate_plastic
24.0,1023,ambiguous
24.0,1024,epithelial_like
24.0,1025,ambiguous
24.0,1026,ambiguous
24.0,1027,ambiguous
24.0,1028,epithelial_like
24.0,1029,ambiguous
24.0,1030,ambiguous
24.0,1031,ambiguous
24.0,1032,ambiguous
24.0,1033,ambiguous
24.0,1034,intermediate_plastic
24.0,1035,ambiguous
24.0,1036,epithelial_like
24.0,1037,ambiguous
24.0,1038,intermediate_plastic
24.0,1039,epithelial_like
24.0,1040,epithelial_like
24.0,1041,epithelial_like
24.0,1042,ambiguous
24.0,1043,ambiguous
24.0,1044,epithelial_like
24.0,1045,ambiguous
24.0,1046,ambiguous
24.0,1047,epithelial_like
24.0,1048,intermediate_plastic
24.0,1049,epithelial_like
24.0,1050,epithelial_like
24.0,1051,epithelial_like
24.0,1052,ambiguous
24.0,1053,epithelial_like
24.0,1054,intermediate_plastic
24.0,1055,epithelial_like
24.0,1056,epithelial_like
24.0,1057,ambiguous
24.0,1058,ambiguous
24.0,1059,intermediate_plastic
24.0,1060,ambiguous
24.0,1061,ambiguous
24.0,1062,intermediate_plastic
24.0,1063,ambiguous
24.0,1064,intermediate_plastic
24.0,1065,epithelial_like
24.0,1066,epithelial_like
24.0,1067,ambiguous
24.0,1068,intermediate_plastic
24.0,1069,intermediate_plastic
24.0,1070,intermediate_plastic
24.0,1071,epithelial_like
24.0,1072,intermediate_plastic
24.0,1073,intermediate_plastic
24.0,1074,ambiguous
24.0,1075,ambiguous
24.0,1076,intermediate_plastic
24.0,1077,ambiguous
24.0,1078,intermediate_plastic
24.0,1079,epithelial_like
24.0,1080,intermediate_plastic
24.0,1081,intermediate_plastic
24.0,1082,epithelial_like
24.0,1083,intermediate_plastic
24.0,1084,intermediate_plastic
24.0,1085,epithelial_like
24.0,1086,intermediate_plastic
24.0,1087,epithelial_like
24.0,1088,epithelial_like
24.0,1089,ambiguous
24.0,1090,ambiguous
24.0,1091,epithelial_like
24.0,1092,ambiguous
24.0,1093,intermediate_plastic
24.0,1094,intermediate_plastic
24.0,1095,ambiguous
24.0,1096,epithelial_like
24.0,1097,ambiguous
24.0,1098,ambiguous
24.0,1099,epithelial_like
24.0,1100,ambiguous
24.0,1101,epithelial_like
24.0,1102,ambiguous
24.0,1103,ambiguous
24.0,1104,intermediate_plastic
24.0,1105,intermediate_plastic
24.0,1106,ambiguous
24.0,1107,intermediate_plastic
24.0,1108,ambiguous
24.0,1109,ambiguous
24.0,1110,ambiguous
24.0,1111,ambiguous
24.0,1112,ambiguous
24.0,1113,ambiguous
24.0,1114,epithelial_like
24.0,1115,ambiguous
24.0,1116,ambiguous
24.0,1117,intermediate_plastic
24.0,1118,ambiguous
24.0,1119,ambiguous
24.0,1120,epithelial_like
24.0,1121,epithelial_like
24.0,1122,ambiguous
24.0,1123,epithelial_like
24.0,1124,ambiguous
24.0,1125,epithelial_like
24.0,1126,epithelial_like
24.0,1127,intermediate_plastic
24.0,1128,ambiguous
24.0,1129,ambiguous
24.0,1130,intermediate_plastic
24.0,1131,ambiguous
24.0,1132,intermediate_plastic
24.0,1133,intermediate_plastic
24.0,1134,epithelial_like
24.0,1135,intermediate_plastic
24.0,1136,ambiguous
24.0,1137,intermediate_plastic
24.0,1138,ambiguous
24.0,1139,epithelial_like
24.0,1140,ambiguous
24.0,1141,intermediate_plastic
24.0,1142,epithelial_like
24.0,1143,epithelial_like
24.0,1144,ambiguous
24.0,1145,epithelial_like
24.0,1146,ambiguous
24.0,1147,ambiguous
24.0,1148,epithelial_like
24.0,1149,intermediate_plastic
24.0,1150,ambiguous
24.0,1151,ambiguous
24.0,1152,epithelial_like
24.0,1153,ambiguous
24.0,1154,intermediate_plastic
24.0,1155,epithelial_like
24.0,1156,ambiguous
24.0,1157,ambiguous
24.0,1158,ambiguous
24.0,1159,ambiguous
24.0,1160,epithelial_like
24.0,1161,epithelial_like
24.0,1162,ambiguous
24.0,1163,ambiguous
24.0,1164,intermediate_plastic
24.0,1165,intermediate_plastic
24.0,1166,epithelial_like
24.0,1167,ambiguous
24.0,1168,ambiguous
24.0,1169,intermediate_plastic
24.0,1170,ambiguous
24.0,1171,intermediate_plastic
24.0,1172,ambiguous
24.0,1173,ambiguous
24.0,1174,ambiguous
24.0,1175,ambiguous
24.0,1176,intermediate_plastic
24.0,1177,ambiguous
24.0,1178,ambiguous
24.0,1179,ambiguous
24.0,1180,epithelial_like
24.0,1181,epithelial_like
24.0,1182,ambiguous
24.0,1183,epithelial_like
24.0,1184,ambiguous
24.0,1185,ambiguous
24.0,1186,intermediate_plastic
24.0,1187,epithelial_like
24.0,1188,intermediate_plastic
24.0,1189,intermediate_plastic
24.0,1190,ambiguous
24.0,1191,ambiguous
24.0,1192,ambiguous
24.0,1193,ambiguous
24.0,1194,epithelial_like
24.0,1195,epithelial_like
24.0,1196,epithelial_like
24.0,1197,intermediate_plastic
24.0,1198,epithelial_like
24.0,1199,epithelial_like
24.0,1200,epithelial_like
24.0,1201,ambiguous
24.0,1202,ambiguous
24.0,1203,ambiguous
24.0,1204,epithelial_like
24.0,1205,ambiguous
24.0,1206,ambiguous
24.0,1207,ambiguous
24.0,1208,ambiguous
24.0,1209,ambiguous
24.0,1210,epithelial_like
24.0,1211,intermediate_plastic
24.0,1212,ambiguous
24.0,1213,ambiguous
24.0,1214,intermediate_plastic
24.0,1215,ambiguous
24.0,1216,intermediate_plastic
24.0,1217,ambiguous
24.0,1218,ambiguous
24.0,1219,ambiguous
24.0,1220,intermediate_plastic
24.0,1221,epithelial_like
24.0,1222,ambiguous
24.0,1223,intermediate_plastic
24.0,1224,intermediate_plastic
24.0,1225,ambiguous
24.0,1226,intermediate_plastic
24.0,1227,intermediate_plastic
24.0,1228,intermediate_plastic
24.0,1229,intermediate_plastic
24.0,1230,ambiguous
24.0,1231,epithelial_like
24.0,1232,intermediate_plastic
24.0,1233,epithelial_like
24.0,1234,ambiguous
24.0,1235,epithelial_like
24.0,1236,intermediate_plastic
24.0,1237,epithelial_like
24.0,1238,ambiguous
24.0,1239,epithelial_like
24.0,1240,epithelial_like
24.0,1241,intermediate_plastic
24.0,1242,epithelial_like
24.0,1243,epithelial_like
24.0,1244,epithelial_like
24.0,1245,epithelial_like
24.0,1246,intermediate_plastic
24.0,1247,epithelial_like
24.0,1248,intermediate_plastic
24.0,1249,ambiguous
24.0,1250,intermediate_plastic
24.0,1251,intermediate_plastic
24.0,1252,ambiguous
24.0,1253,ambiguous
24.0,1254,ambiguous
24.0,1255,epithelial_like
24.0,1256,epithelial_like
24.0,1257,epithelial_like
24.0,1258,ambiguous
24.0,1259,ambiguous
24.0,1260,intermediate_plastic
24.0,1261,ambiguous
24.0,1262,epithelial_like
24.0,1263,ambiguous
24.0,1264,intermediate_plastic
24.0,1265,ambiguous
24.0,1266,epithelial_like
24.0,1267,ambiguous
24.0,1268,epithelial_like
24.0,1269,epithelial_like
24.0,1270,epithelial_like
24.0,1271,epithelial_like
24.0,1272,ambiguous
24.0,1273,epithelial_like
24.0,1274,intermediate_plastic
24.0,1275,epithelial_like
24.0,1276,epithelial_like
24.0,1277,ambiguous
24.0,1278,xen_like
24.0,1279,intermediate_plastic
24.0,1280,ambiguous
24.0,1281,epithelial_like
24.0,1282,intermediate_plastic
24.0,1283,intermediate_plastic
24.0,1284,intermediate_plastic
24.0,1285,ambiguous
24.0,1286,ambiguous
24.0,1287,epithelial_like
24.0,1288,epithelial_like
24.0,1289,ambiguous
24.0,1290,ambiguous
24.0,1291,ambiguous
24.0,1292,xen_like
24.0,1293,ambiguous
24.0,1294,ambiguous
24.0,1295,ambiguous
24.0,1296,ambiguous
24.0,1297,ambiguous
24.0,1298,intermediate_plastic
24.0,1299,intermediate_plastic
24.0,1300,ambiguous
24.0,1301,epithelial_like
24.0,1302,ambiguous
24.0,1303,epithelial_like
24.0,1304,ambiguous
24.0,1305,xen_like
24.0,1306,epithelial_like
24.0,1307,ambiguous
24.0,1308,intermediate_plastic
24.0,1309,intermediate_plastic
24.0,1310,ambiguous
24.0,1311,ambiguous
24.0,1312,epithelial_like
24.0,1313,ambiguous
24.0,1314,ambiguous
24.0,1315,intermediate_plastic
24.0,1316,ambiguous
24.0,1317,epithelial_like
24.0,1318,ambiguous
24.0,1319,intermediate_plastic
24.0,1320,epithelial_like
24.0,1321,ambiguous
24.0,1322,ambiguous
24.0,1323,ambiguous
24.0,1324,intermediate_plastic
24.0,1325,intermediate_plastic
24.0,1326,intermediate_plastic
24.0,1327,ambiguous
24.0,1328,epithelial_like
24.0,1329,ambiguous
24.0,1330,epithelial_like
24.0,1331,intermediate_plastic
24.0,1332,ambiguous
24.0,1333,intermediate_plastic
24.0,1334,epithelial_like
24.0,1335,epithelial_like
24.0,1336,epithelial_like
24.0,1337,intermediate_plastic
24.0,1338,intermediate_plastic
24.0,1339,epithelial_like
24.0,1340,epithelial_like
24.0,1341,ambiguous
24.0,1342,ambiguous
24.0,1343,intermediate_plastic
24.0,1344,intermediate_plastic
24.0,1345,ambiguous
24.0,1346,epithelial_like
24.0,1347,intermediate_plastic
24.0,1348,ambiguous
24.0,1349,intermediate_plastic
24.0,1350,intermediate_plastic
24.0,1351,ambiguous
24.0,1352,epithelial_like
24.0,1353,ambiguous
24.0,1354,epithelial_like
24.0,1355,epithelial_like
24.0,1356,intermediate_plastic
24.0,1357,epithelial_like
24.0,1358,ambiguous
24.0,1359,epithelial_like
24.0,1360,intermediate_plastic
24.0,1361,intermediate_plastic
24.0,1362,ambiguous
24.0,1363,ambiguous
24.0,1364,epithelial_like
24.0,1365,intermediate_plastic
24.0,1366,epithelial_like
24.0,1367,ambiguous
24.0,1368,ambiguous
24.0,1369,intermediate_plastic
24.0,1370,intermediate_plastic
24.0,1371,epithelial_like
24.0,1372,ambiguous
24.0,1373,epithelial_like
24.0,1374,intermediate_plastic
24.0,1375,intermediate_plastic
24.0,1376,epithelial_like
24.0,1377,intermediate_plastic
24.0,1378,intermediate_plastic
24.0,1379,intermediate_plastic
24.0,1380,epithelial_like
24.0,1381,epithelial_like
24.0,1382,epithelial_like
24.0,1383,ambiguous
24.0,1384,ambiguous
24.0,1385,ambiguous
24.0,1386,xen_like
24.0,1387,ambiguous
24.0,1388,ambiguous
24.0,1389,intermediate_plastic
24.0,1390,intermediate_plastic
24.0,1391,epithelial_like
24.0,1392,ambiguous
24.0,1393,epithelial_like
24.0,1394,epithelial_like
24.0,1395,ambiguous
24.0,1396,ambiguous
24.0,1397,intermediate_plastic
24.0,1398,intermediate_plastic
24.0,1399,epithelial_like
24.0,1400,ambiguous
24.0,1401,epithelial_like
24.0,1402,epithelial_like
24.0,1403,ambiguous
24.0,1404,intermediate_plastic
24.0,1405,ambiguous
24.0,1406,epithelial_like
24.0,1407,intermediate_plastic
24.0,1408,epithelial_like
24.0,1409,epithelial_like
24.0,1410,ambiguous
24.0,1411,epithelial_like
24.0,1412,ambiguous
24.0,1413,ambiguous
24.0,1414,epithelial_like
24.0,1415,ambiguous
24.0,1416,intermediate_plastic
24.0,1417,intermediate_plastic
24.0,1418,intermediate_plastic
24.0,1419,intermediate_plastic
24.0,1420,ambiguous
24.0,1421,epithelial_like
24.0,1422,intermediate_plastic
24.0,1423,epithelial_like
24.0,1424,ambiguous
24.0,1425,epithelial_like
24.0,1426,ambiguous
24.0,1427,ambiguous
24.0,1428,ambiguous
24.0,1429,intermediate_plastic
24.0,1430,epithelial_like
24.0,1431,epithelial_like
24.0,1432,ambiguous
24.0,1433,intermediate_plastic
24.0,1434,epithelial_like
24.0,1435,intermediate_plastic
24.0,1436,intermediate_plastic
24.0,1437,epithelial_like
24.0,1438,epithelial_like
24.0,1439,epithelial_like
24.0,1440,ambiguous
24.0,1441,intermediate_plastic
24.0,1442,epithelial_like
24.0,1443,intermediate_plastic
24.0,1444,epithelial_like
24.0,1445,epithelial_like
24.0,1446,ambiguous
24.0,1447,epithelial_like
24.0,1448,epithelial_like
24.0,1449,epithelial_like
24.0,1450,ambiguous
24.0,1451,ambiguous
24.0,1452,ambiguous
24.0,1453,intermediate_plastic
24.0,1454,intermediate_plastic
24.0,1455,intermediate_plastic
24.0,1456,intermediate_plastic
24.0,1457,intermediate_plastic
24.0,1458,epithelial_like
24.0,1459,ambiguous
24.0,1460,epithelial_like
24.0,1461,intermediate_plastic
24.0,1462,epithelial_like
24.0,1463,epithelial_like
24.0,1464,ambiguous
24.0,1465,ambiguous
24.0,1466,ambiguous
24.0,1467,ambiguous
24.0,1468,intermediate_plastic
24.0,1469,epithelial_like
24.0,1470,ambiguous
24.0,1471,intermediate_plastic
24.0,1472,intermediate_plastic
24.0,1473,intermediate_plastic
24.0,1474,ambiguous
24.0,1475,epithelial_like
24.0,1476,intermediate_plastic
24.0,1477,ambiguous
24.0,1478,ambiguous
24.0,1479,epithelial_like
24.0,1480,intermediate_plastic
24.0,1481,epithelial_like
24.0,1482,epithelial_like
24.0,1483,ambiguous
24.0,1484,ambiguous
24.0,1485,epithelial_like
24.0,1486,ambiguous
24.0,1487,intermediate_plastic
24.0,1488,intermediate_plastic
24.0,1489,intermediate_plastic
24.0,1490,intermediate_plastic
24.0,1491,epithelial_like
24.0,1492,intermediate_plastic
24.0,1493,intermediate_plastic
24.0,1494,ambiguous
24.0,1495,epithelial_like
24.0,1496,intermediate_plastic
24.0,1497,epithelial_like
24.0,1498,intermediate_plastic
24.0,1499,ambiguous
24.0,1500,ambiguous
24.0,1501,epithelial_like
24.0,1502,epithelial_like
24.0,1503,ambiguous
24.0,1504,intermediate_plastic
24.0,1505,ambiguous
24.0,1506,ambiguous
24.0,1507,epithelial_like
24.0,1508,ambiguous
24.0,1509,epithelial_like
24.0,1510,epithelial_like
24.0,1511,epithelial_like
24.0,1512,ambiguous
24.0,1513,epithelial_like
24.0,1514,epithelial_like
24.0,1515,epithelial_like
24.0,1516,intermediate_plastic
24.0,1517,epithelial_like
24.0,1518,intermediate_plastic
24.0,1519,ambiguous
24.0,1520,ambiguous
24.0,1521,ambiguous
24.0,1522,epithelial_like
24.0,1523,epithelial_like
24.0,1524,epithelial_like
24.0,1525,ambiguous
24.0,1526,intermediate_plastic
24.0,1527,epithelial_like
24.0,1528,intermediate_plastic
24.0,1529,epithelial_like
24.0,1530,ambiguous
24.0,1531,ambiguous
24.0,1532,intermediate_plastic
24.0,1533,intermediate_plastic
24.0,1534,epithelial_like
24.0,1535,ambiguous
24.0,1536,intermediate_plastic
24.0,1537,epithelial_like
24.0,1538,intermediate_plastic
24.0,1539,intermediate_plastic
24.0,1540,epithelial_like
24.0,1541,xen_like
24.0,1542,intermediate_plastic
24.0,1543,ambiguous
24.0,1544,epithelial_like
24.0,1545,intermediate_plastic
24.0,1546,intermediate_plastic
24.0,1547,ambiguous
24.0,1548,intermediate_plastic
24.0,1549,epithelial_like
24.0,1550,ambiguous
24.0,1551,epithelial_like
24.0,1552,epithelial_like
24.0,1553,epithelial_like
24.0,1554,ambiguous
24.0,1555,intermediate_plastic
24.0,1556,intermediate_plastic
24.0,1557,epithelial_like
24.0,1558,ambiguous
24.0,1559,epithelial_like
24.0,1560,intermediate_plastic
24.0,1561,ambiguous
24.0,1562,ambiguous
24.0,1563,epithelial_like
24.0,1564,epithelial_like
24.0,1565,epithelial_like
24.0,1566,epithelial_like
24.0,1567,intermediate_plastic
24.0,1568,ambiguous
24.0,1569,ambiguous
24.0,1570,ambiguous
24.0,1571,ambiguous
24.0,1572,intermediate_plastic
24.0,1573,epithelial_like
24.0,1574,intermediate_plastic
24.0,1575,ambiguous
24.0,1576,epithelial_like
24.0,1577,ambiguous
24.0,1578,ambiguous
24.0,1579,ambiguous
24.0,1580,epithelial_like
24.0,1581,intermediate_plastic
24.0,1582,ambiguous
24.0,1583,ambiguous
24.0,1584,epithelial_like
24.0,1585,ambiguous
24.0,1586,intermediate_plastic
24.0,1587,epithelial_like
24.0,1588,ambiguous
24.0,1589,intermediate_plastic
24.0,1590,intermediate_plastic
24.0,1591,ambiguous
24.0,1592,intermediate_plastic
24.0,1593,intermediate_plastic
24.0,1594,intermediate_plastic
24.0,1595,epithelial_like
24.0,1596,intermediate_plastic
24.0,1597,ambiguous
24.0,1598,epithelial_like
24.0,1599,ambiguous
24.0,1600,ambiguous
24.0,1601,epithelial_like
24.0,1602,ambiguous
24.0,1603,ambiguous
24.0,1604,xen_like
24.0,1605,intermediate_plastic
24.0,1606,ambiguous
24.0,1607,ambiguous
24.0,1608,ambiguous
24.0,1609,intermediate_plastic
24.0,1610,ambiguous
24.0,1611,intermediate_plastic
24.0,1612,intermediate_plastic
24.0,1613,intermediate_plastic
24.0,1614,epithelial_like
24.0,1615,intermediate_plastic
24.0,1616,epithelial_like
24.0,1617,ambiguous
24.0,1618,epithelial_like
24.0,1619,ambiguous
24.0,1620,ambiguous
24.0,1621,epithelial_like
24.0,1622,xen_like
24.0,1623,ambiguous
24.0,1624,ambiguous
24.0,1625,epithelial_like
24.0,1626,epithelial_like
24.0,1627,ambiguous
24.0,1628,epithelial_like
24.0,1629,intermediate_plastic
24.0,1630,epithelial_like
24.0,1631,ambiguous
24.0,1632,ambiguous
24.0,1633,ambiguous
24.0,1634,epithelial_like
24.0,1635,epithelial_like
24.0,1636,epithelial_like
24.0,1637,epithelial_like
24.0,1638,intermediate_plastic
24.0,1639,epithelial_like
24.0,1640,epithelial_like
24.0,1641,ambiguous
24.0,1642,intermediate_plastic
24.0,1643,ambiguous
24.0,1644,ambiguous
24.0,1645,ambiguous
24.0,1646,intermediate_plastic
24.0,1647,ambiguous
24.0,1648,intermediate_plastic
24.0,1649,intermediate_plastic
24.0,1650,intermediate_plastic
24.0,1651,epithelial_like
24.0,1652,intermediate_plastic
24.0,1653,ambiguous
24.0,1654,ambiguous
24.0,1655,intermediate_plastic
24.0,1656,epithelial_like
24.0,1657,epithelial_like
24.0,1658,ambiguous
24.0,1659,ambiguous
24.0,1660,intermediate_plastic
24.0,1661,epithelial_like
24.0,1662,ambiguous
24.0,1663,epithelial_like
24.0,1664,ambiguous
24.0,1665,ambiguous
24.0,1666,intermediate_plastic
24.0,1667,intermediate_plastic
24.0,1668,ambiguous
24.0,1669,epithelial_like
24.0,1670,ambiguous
24.0,1671,xen_like
24.0,1672,ambiguous
24.0,1673,ambiguous
24.0,1674,ambiguous
24.0,1675,intermediate_plastic
24.0,1676,ambiguous
24.0,1677,ambiguous
24.0,1678,ambiguous
24.0,1679,ambiguous
24.0,1680,epithelial_like
24.0,1681,intermediate_plastic
24.0,1682,epithelial_like
24.0,1683,intermediate_plastic
24.0,1684,intermediate_plastic
24.0,1685,intermediate_plastic
24.0,1686,ambiguous
24.0,1687,ambiguous
24.0,1688,epithelial_like
24.0,1689,epithelial_like
24.0,1690,ambiguous
24.0,1691,epithelial_like
24.0,1692,ambiguous
24.0,1693,intermediate_plastic
24.0,1694,ambiguous
24.0,1695,epithelial_like
24.0,1696,intermediate_plastic
24.0,1697,intermediate_plastic
24.0,1698,ambiguous
24.0,1699,epithelial_like
24.0,1700,epithelial_like
24.0,1701,epithelial_like
24.0,1702,epithelial_like
24.0,1703,intermediate_plastic
24.0,1704,ambiguous
24.0,1705,intermediate_plastic
24.0,1706,epithelial_like
24.0,1707,epithelial_like
24.0,1708,intermediate_plastic
24.0,1709,ambiguous
24.0,1710,epithelial_like
24.0,1711,intermediate_plastic
24.0,1712,intermediate_plastic
24.0,1713,epithelial_like
24.0,1714,intermediate_plastic
24.0,1715,intermediate_plastic
24.0,1716,ambiguous
24.0,1717,epithelial_like
24.0,1718,ambiguous
24.0,1719,epithelial_like
24.0,1720,intermediate_plastic
24.0,1721,ambiguous
24.0,1722,intermediate_plastic
24.0,1723,intermediate_plastic
24.0,1724,ambiguous
24.0,1725,ambiguous
24.0,1726,ambiguous
24.0,1727,ambiguous
24.0,1728,intermediate_plastic
24.0,1729,ambiguous
24.0,1730,intermediate_plastic
24.0,1731,ambiguous
24.0,1732,ambiguous
24.0,1733,ambiguous
24.0,1734,intermediate_plastic
24.0,1735,intermediate_plastic
24.0,1736,epithelial_like
24.0,1737,epithelial_like
24.0,1738,epithelial_like
24.0,1739,epithelial_like
24.0,1740,intermediate_plastic
24.0,1741,epithelial_like
24.0,1742,intermediate_plastic
24.0,1743,epithelial_like
24.0,1744,ambiguous
24.0,1745,ambiguous
24.0,1746,ambiguous
24.0,1747,ambiguous
24.0,1748,intermediate_plastic
24.0,1749,ambiguous
24.0,1750,epithelial_like
24.0,1751,epithelial_like
24.0,1752,ambiguous
24.0,1753,ambiguous
24.0,1754,ambiguous
24.0,1755,epithelial_like
24.0,1756,ambiguous
24.0,1757,intermediate_plastic
24.0,1758,epithelial_like
24.0,1759,intermediate_plastic
24.0,1760,epithelial_like
24.0,1761,ambiguous
24.0,1762,ambiguous
24.0,1763,ambiguous
24.0,1764,intermediate_plastic
24.0,1765,epithelial_like
24.0,1766,epithelial_like
24.0,1767,ambiguous
24.0,1768,epithelial_like
24.0,1769,intermediate_plastic
24.0,1770,intermediate_plastic
24.0,1771,intermediate_plastic
24.0,1772,ambiguous
24.0,1773,intermediate_plastic
24.0,1774,intermediate_plastic
24.0,1775,epithelial_like
24.0,1776,ambiguous
24.0,1777,ambiguous
24.0,1778,epithelial_like
24.0,1779,epithelial_like
24.0,1780,epithelial_like
24.0,1781,ambiguous
24.0,1782,intermediate_plastic
24.0,1783,ambiguous
24.0,1784,intermediate_plastic
24.0,1785,epithelial_like
24.0,1786,intermediate_plastic
24.0,1787,ambiguous
24.0,1788,epithelial_like
24.0,1789,intermediate_plastic
24.0,1790,intermediate_plastic
24.0,1791,epithelial_like
24.0,1792,intermediate_plastic
24.0,1793,ambiguous
24.0,1794,epithelial_like
24.0,1795,ambiguous
24.0,1796,ambiguous
24.0,1797,ambiguous
24.0,1798,epithelial_like
24.0,1799,epithelial_like
24.0,1800,epithelial_like
24.0,1801,intermediate_plastic
24.0,1802,ambiguous
24.0,1803,ambiguous
24.0,1804,intermediate_plastic
24.0,1805,ambiguous
24.0,1806,intermediate_plastic
24.0,1807,epithelial_like
24.0,1808,intermediate_plastic
24.0,1809,epithelial_like
24.0,1810,epithelial_like
24.0,1811,ambiguous
24.0,1812,intermediate_plastic
24.0,1813,intermediate_plastic
24.0,1814,ambiguous
24.0,1815,epithelial_like
24.0,1816,epithelial_like
24.0,1817,ambiguous
24.0,1818,ambiguous
24.0,1819,ambiguous
24.0,1820,ambiguous
24.0,1821,epithelial_like
24.0,1822,intermediate_plastic
24.0,1823,ambiguous
24.0,1824,epithelial_like
24.0,1825,ambiguous
24.0,1826,intermediate_plastic
24.0,1827,ambiguous
24.0,1828,intermediate_plastic
24.0,1829,intermediate_plastic
24.0,1830,ambiguous
24.0,1831,ambiguous
24.0,1832,ambiguous
24.0,1833,epithelial_like
24.0,1834,epithelial_like
24.0,1835,ambiguous
24.0,1836,intermediate_plastic
24.0,1837,intermediate_plastic
24.0,1838,ambiguous
24.0,1839,intermediate_plastic
24.0,1840,ambiguous
24.0,1841,ambiguous
24.0,1842,epithelial_like
24.0,1843,intermediate_plastic
24.0,1844,epithelial_like
24.0,1845,intermediate_plastic
24.0,1846,ambiguous
24.0,1847,ambiguous
24.0,1848,intermediate_plastic
24.0,1849,ambiguous
24.0,1850,ambiguous
24.0,1851,ambiguous
24.0,1852,intermediate_plastic
24.0,1853,ambiguous
24.0,1854,ambiguous
24.0,1855,intermediate_plastic
24.0,1856,epithelial_like
24.0,1857,intermediate_plastic
24.0,1858,intermediate_plastic
24.0,1859,intermediate_plastic
24.0,1860,ambiguous
24.0,1861,ambiguous
24.0,1862,epithelial_like
24.0,1863,ambiguous
24.0,1864,epithelial_like
24.0,1865,epithelial_like
24.0,1866,intermediate_plastic
24.0,1867,ambiguous
24.0,1868,ambiguous
24.0,1869,epithelial_like
24.0,1870,epithelial_like
24.0,1871,intermediate_plastic
24.0,1872,epithelial_like
24.0,1873,ambiguous
24.0,1874,intermediate_plastic
24.0,1875,ambiguous
24.0,1876,ambiguous
24.0,1877,epithelial_like
24.0,1878,intermediate_plastic
24.0,1879,epithelial_like
24.0,1880,ambiguous
24.0,1881,intermediate_plastic
24.0,1882,ambiguous
24.0,1883,epithelial_like
24.0,1884,epithelial_like
24.0,1885,intermediate_plastic
24.0,1886,intermediate_plastic
24.0,1887,ambiguous
24.0,1888,ambiguous
24.0,1889,intermediate_plastic
24.0,1890,intermediate_plastic
24.0,1891,intermediate_plastic
24.0,1892,ambiguous
24.0,1893,epithelial_like
24.0,1894,ambiguous
24.0,1895,intermediate_plastic
24.0,1896,ambiguous
24.0,1897,ambiguous
24.0,1898,intermediate_plastic
24.0,1899,ambiguous
24.0,1900,intermediate_plastic
24.0,1901,epithelial_like
24.0,1902,ambiguous
24.0,1903,epithelial_like
24.0,1904,ambiguous
24.0,1905,ambiguous
24.0,1906,intermediate_plastic
24.0,1907,intermediate_plastic
24.0,1908,intermediate_plastic
24.0,1909,intermediate_plastic
24.0,1910,epithelial_like
24.0,1911,ambiguous
24.0,1912,ambiguous
24.0,1913,intermediate_plastic
24.0,1914,intermediate_plastic
24.0,1915,epithelial_like
24.0,1916,intermediate_plastic
24.0,1917,ambiguous
24.0,1918,epithelial_like
24.0,1919,intermediate_plastic
24.0,1920,epithelial_like
24.0,1921,ambiguous
24.0,1922,epithelial_like
24.0,1923,ambiguous
24.0,1924,ambiguous
24.0,1925,intermediate_plastic
24.0,1926,epithelial_like
24.0,1927,ambiguous
24.0,1928,intermediate_plastic
24.0,1929,intermediate_plastic
24.0,1930,intermediate_plastic
24.0,1931,ambiguous
24.0,1932,intermediate_plastic
24.0,1933,intermediate_plastic
24.0,1934,epithelial_like
24.0,1935,epithelial_like
24.0,1936,epithelial_like
24.0,1937,intermediate_plastic
24.0,1938,ambiguous
24.0,1939,ambiguous
24.0,1940,epithelial_like
24.0,1941,epithelial_like
24.0,1942,ambiguous
24.0,1943,intermediate_plastic
24.0,1944,ambiguous
24.0,1945,intermediate_plastic
24.0,1946,ambiguous
24.0,1947,intermediate_plastic
24.0,1948,epithelial_like
24.0,1949,epithelial_like
24.0,1950,ambiguous
24.0,1951,intermediate_plastic
24.0,1952,ambiguous
24.0,1953,ambiguous
24.0,1954,ambiguous
24.0,1955,intermediate_plastic
24.0,1956,ambiguous
24.0,1957,intermediate_plastic
24.0,1958,ambiguous
24.0,1959,epithelial_like
24.0,1960,ambiguous
24.0,1961,intermediate_plastic
24.0,1962,epithelial_like
24.0,1963,ambiguous
24.0,1964,ambiguous
24.0,1965,ambiguous
24.0,1966,ambiguous
24.0,1967,epithelial_like
24.0,1968,epithelial_like
24.0,1969,intermediate_plastic
24.0,1970,ambiguous
24.0,1971,epithelial_like
24.0,1972,ambiguous
24.0,1973,epithelial_like
24.0,1974,intermediate_plastic
24.0,1975,epithelial_like
24.0,1976,intermediate_plastic
24.0,1977,ambiguous
24.0,1978,intermediate_plastic
24.0,1979,epithelial_like
24.0,1980,intermediate_plastic
24.0,1981,intermediate_plastic
24.0,1982,epithelial_like
24.0,1983,ambiguous
24.0,1984,epithelial_like
24.0,1985,epithelial_like
24.0,1986,ambiguous
24.0,1987,intermediate_plastic
24.0,1988,intermediate_plastic
24.0,1989,intermediate_plastic
24.0,1990,epithelial_like
24.0,1991,ambiguous
24.0,1992,epithelial_like
24.0,1993,ambiguous
24.0,1994,ambiguous
24.0,1995,intermediate_plastic
24.0,1996,ambiguous
24.0,1997,intermediate_plastic
24.0,1998,intermediate_plastic
24.0,1999,ambiguous
25.0,0,ambiguous
25.0,1,ambiguous
25.0,2,intermediate_plastic
25.0,3,intermediate_plastic
25.0,4,ambiguous
25.0,5,ambiguous
25.0,6,intermediate_plastic
25.0,7,epithelial_like
25.0,8,ambiguous
25.0,9,ambiguous
25.0,10,ambiguous
25.0,11,intermediate_plastic
25.0,12,ambiguous
25.0,13,epithelial_like
25.0,14,intermediate_plastic
25.0,15,ambiguous
25.0,16,epithelial_like
25.0,17,epithelial_like
25.0,18,intermediate_plastic
25.0,19,intermediate_plastic
25.0,20,ambiguous
25.0,21,intermediate_plastic
25.0,22,epithelial_like
25.0,23,epithelial_like
25.0,24,intermediate_plastic
25.0,25,intermediate_plastic
25.0,26,intermediate_plastic
25.0,27,epithelial_like
25.0,28,ambiguous
25.0,29,intermediate_plastic
25.0,30,intermediate_plastic
25.0,31,intermediate_plastic
25.0,32,ambiguous
25.0,33,intermediate_plastic
25.0,34,epithelial_like
25.0,35,ambiguous
25.0,36,intermediate_plastic
25.0,37,epithelial_like
25.0,38,intermediate_plastic
25.0,39,intermediate_plastic
25.0,40,epithelial_like
25.0,41,intermediate_plastic
25.0,42,epithelial_like
25.0,43,ambiguous
25.0,44,ambiguous
25.0,45,ambiguous
25.0,46,intermediate_plastic
25.0,47,epithelial_like
25.0,48,ambiguous
25.0,49,intermediate_plastic
25.0,50,ambiguous
25.0,51,epithelial_like
25.0,52,epithelial_like
25.0,53,intermediate_plastic
25.0,54,intermediate_plastic
25.0,55,intermediate_plastic
25.0,56,ambiguous
25.0,57,intermediate_plastic
25.0,58,intermediate_plastic
25.0,59,ambiguous
25.0,60,ambiguous
25.0,61,ambiguous
25.0,62,epithelial_like
25.0,63,intermediate_plastic
25.0,64,ambiguous
25.0,65,epithelial_like
25.0,66,ambiguous
25.0,67,ambiguous
25.0,68,ambiguous
25.0,69,epithelial_like
25.0,70,ambiguous
25.0,71,xen_like
25.0,72,ambiguous
25.0,73,ambiguous
25.0,74,epithelial_like
25.0,75,epithelial_like
25.0,76,ambiguous
25.0,77,intermediate_plastic
25.0,78,intermediate_plastic
25.0,79,intermediate_plastic
25.0,80,epithelial_like
25.0,81,ambiguous
25.0,82,intermediate_plastic
25.0,83,intermediate_plastic
25.0,84,intermediate_plastic
25.0,85,ambiguous
25.0,86,epithelial_like
25.0,87,intermediate_plastic
25.0,88,intermediate_plastic
25.0,89,intermediate_plastic
25.0,90,ambiguous
25.0,91,ambiguous
25.0,92,ambiguous
25.0,93,intermediate_plastic
25.0,94,epithelial_like
25.0,95,epithelial_like
25.0,96,xen_like
25.0,97,intermediate_plastic
25.0,98,ambiguous
25.0,99,ambiguous
25.0,100,epithelial_like
25.0,101,intermediate_plastic
25.0,102,intermediate_plastic
25.0,103,intermediate_plastic
25.0,104,ambiguous
25.0,105,epithelial_like
25.0,106,xen_like
25.0,107,epithelial_like
25.0,108,epithelial_like
25.0,109,intermediate_plastic
25.0,110,intermediate_plastic
25.0,111,ambiguous
25.0,112,intermediate_plastic
25.0,113,ambiguous
25.0,114,intermediate_plastic
25.0,115,ambiguous
25.0,116,ambiguous
25.0,117,epithelial_like
25.0,118,epithelial_like
25.0,119,ambiguous
25.0,120,ambiguous
25.0,121,intermediate_plastic
25.0,122,ambiguous
25.0,123,epithelial_like
25.0,124,epithelial_like
25.0,125,ambiguous
25.0,126,intermediate_plastic
25.0,127,epithelial_like
25.0,128,ambiguous
25.0,129,ambiguous
25.0,130,ambiguous
25.0,131,epithelial_like
25.0,132,intermediate_plastic
25.0,133,xen_like
25.0,134,intermediate_plastic
25.0,135,epithelial_like
25.0,136,xen_like
25.0,137,ambiguous
25.0,138,epithelial_like
25.0,139,ambiguous
25.0,140,epithelial_like
25.0,141,ambiguous
25.0,142,ambiguous
25.0,143,intermediate_plastic
25.0,144,epithelial_like
25.0,145,epithelial_like
25.0,146,ambiguous
25.0,147,ambiguous
25.0,148,intermediate_plastic
25.0,149,ambiguous
25.0,150,intermediate_plastic
25.0,151,intermediate_plastic
25.0,152,intermediate_plastic
25.0,153,epithelial_like
25.0,154,intermediate_plastic
25.0,155,ambiguous
25.0,156,ambiguous
25.0,157,ambiguous
25.0,158,ambiguous
25.0,159,ambiguous
25.0,160,ambiguous
25.0,161,intermediate_plastic
25.0,162,ambiguous
25.0,163,epithelial_like
25.0,164,intermediate_plastic
25.0,165,epithelial_like
25.0,166,ambiguous
25.0,167,xen_like
25.0,168,ambiguous
25.0,169,intermediate_plastic
25.0,170,ambiguous
25.0,171,ambiguous
25.0,172,ambiguous
25.0,173,ambiguous
25.0,174,intermediate_plastic
25.0,175,ambiguous
25.0,176,ambiguous
25.0,177,ambiguous
25.0,178,epithelial_like
25.0,179,epithelial_like
25.0,180,ambiguous
25.0,181,epithelial_like
25.0,182,epithelial_like
25.0,183,epithelial_like
25.0,184,ambiguous
25.0,185,epithelial_like
25.0,186,ambiguous
25.0,187,ambiguous
25.0,188,intermediate_plastic
25.0,189,epithelial_like
25.0,190,epithelial_like
25.0,191,intermediate_plastic
25.0,192,ambiguous
25.0,193,ambiguous
25.0,194,epithelial_like
25.0,195,ambiguous
25.0,196,intermediate_plastic
25.0,197,intermediate_plastic
25.0,198,intermediate_plastic
25.0,199,intermediate_plastic
25.0,200,epithelial_like
25.0,201,ambiguous
25.0,202,intermediate_plastic
25.0,203,intermediate_plastic
25.0,204,intermediate_plastic
25.0,205,ambiguous
25.0,206,epithelial_like
25.0,207,ambiguous
25.0,208,intermediate_plastic
25.0,209,ambiguous
25.0,210,intermediate_plastic
25.0,211,intermediate_plastic
25.0,212,epithelial_like
25.0,213,intermediate_plastic
25.0,214,intermediate_plastic
25.0,215,epithelial_like
25.0,216,epithelial_like
25.0,217,intermediate_plastic
25.0,218,ambiguous
25.0,219,intermediate_plastic
25.0,220,epithelial_like
25.0,221,intermediate_plastic
25.0,222,epithelial_like
25.0,223,epithelial_like
25.0,224,epithelial_like
25.0,225,ambiguous
25.0,226,epithelial_like
25.0,227,intermediate_plastic
25.0,228,epithelial_like
25.0,229,epithelial_like
25.0,230,intermediate_plastic
25.0,231,epithelial_like
25.0,232,epithelial_like
25.0,233,epithelial_like
25.0,234,ambiguous
25.0,235,epithelial_like
25.0,236,epithelial_like
25.0,237,intermediate_plastic
25.0,238,ambiguous
25.0,239,epithelial_like
25.0,240,epithelial_like
25.0,241,ambiguous
25.0,242,ambiguous
25.0,243,intermediate_plastic
25.0,244,intermediate_plastic
25.0,245,epithelial_like
25.0,246,epithelial_like
25.0,247,epithelial_like
25.0,248,epithelial_like
25.0,249,epithelial_like
25.0,250,intermediate_plastic
25.0,251,intermediate_plastic
25.0,252,epithelial_like
25.0,253,intermediate_plastic
25.0,254,intermediate_plastic
25.0,255,ambiguous
25.0,256,intermediate_plastic
25.0,257,ambiguous
25.0,258,intermediate_plastic
25.0,259,ambiguous
25.0,260,epithelial_like
25.0,261,intermediate_plastic
25.0,262,intermediate_plastic
25.0,263,ambiguous
25.0,264,ambiguous
25.0,265,intermediate_plastic
25.0,266,intermediate_plastic
25.0,267,epithelial_like
25.0,268,intermediate_plastic
25.0,269,epithelial_like
25.0,270,intermediate_plastic
25.0,271,epithelial_like
25.0,272,epithelial_like
25.0,273,ambiguous
25.0,274,intermediate_plastic
25.0,275,ambiguous
25.0,276,intermediate_plastic
25.0,277,ambiguous
25.0,278,epithelial_like
25.0,279,intermediate_plastic
25.0,280,epithelial_like
25.0,281,ambiguous
25.0,282,epithelial_like
25.0,283,epithelial_like
25.0,284,intermediate_plastic
25.0,285,ambiguous
25.0,286,ambiguous
25.0,287,ambiguous
25.0,288,ambiguous
25.0,289,epithelial_like
25.0,290,ambiguous
25.0,291,ambiguous
25.0,292,intermediate_plastic
25.0,293,ambiguous
25.0,294,intermediate_plastic
25.0,295,ambiguous
25.0,296,epithelial_like
25.0,297,ambiguous
25.0,298,epithelial_like
25.0,299,ambiguous
25.0,300,epithelial_like
25.0,301,epithelial_like
25.0,302,epithelial_like
25.0,303,intermediate_plastic
25.0,304,ambiguous
25.0,305,intermediate_plastic
25.0,306,epithelial_like
25.0,307,epithelial_like
25.0,308,ambiguous
25.0,309,epithelial_like
25.0,310,intermediate_plastic
25.0,311,epithelial_like
25.0,312,ambiguous
25.0,313,epithelial_like
25.0,314,epithelial_like
25.0,315,epithelial_like
25.0,316,ambiguous
25.0,317,ambiguous
25.0,318,epithelial_like
25.0,319,ambiguous
25.0,320,ambiguous
25.0,321,intermediate_plastic
25.0,322,intermediate_plastic
25.0,323,ambiguous
25.0,324,ambiguous
25.0,325,intermediate_plastic
25.0,326,intermediate_plastic
25.0,327,epithelial_like
25.0,328,intermediate_plastic
25.0,329,ambiguous
25.0,330,epithelial_like
25.0,331,ambiguous
25.0,332,intermediate_plastic
25.0,333,ambiguous
25.0,334,ambiguous
25.0,335,epithelial_like
25.0,336,ambiguous
25.0,337,ambiguous
25.0,338,xen_like
25.0,339,ambiguous
25.0,340,epithelial_like
25.0,341,epithelial_like
25.0,342,ambiguous
25.0,343,intermediate_plastic
25.0,344,ambiguous
25.0,345,ambiguous
25.0,346,ambiguous
25.0,347,intermediate_plastic
25.0,348,ambiguous
25.0,349,ambiguous
25.0,350,intermediate_plastic
25.0,351,ambiguous
25.0,352,intermediate_plastic
25.0,353,epithelial_like
25.0,354,xen_like
25.0,355,epithelial_like
25.0,356,epithelial_like
25.0,357,epithelial_like
25.0,358,ambiguous
25.0,359,epithelial_like
25.0,360,epithelial_like
25.0,361,intermediate_plastic
25.0,362,intermediate_plastic
25.0,363,epithelial_like
25.0,364,epithelial_like
25.0,365,intermediate_plastic
25.0,366,intermediate_plastic
25.0,367,intermediate_plastic
25.0,368,intermediate_plastic
25.0,369,ambiguous
25.0,370,intermediate_plastic
25.0,371,ambiguous
25.0,372,ambiguous
25.0,373,intermediate_plastic
25.0,374,epithelial_like
25.0,375,ambiguous
25.0,376,ambiguous
25.0,377,intermediate_plastic
25.0,378,intermediate_plastic
25.0,379,ambiguous
25.0,380,ambiguous
25.0,381,ambiguous
25.0,382,epithelial_like
25.0,383,epithelial_like
25.0,384,epithelial_like
25.0,385,intermediate_plastic
25.0,386,ambiguous
25.0,387,intermediate_plastic
25.0,388,ambiguous
25.0,389,ambiguous
25.0,390,intermediate_plastic
25.0,391,epithelial_like
25.0,392,intermediate_plastic
25.0,393,ambiguous
25.0,394,epithelial_like
25.0,395,epithelial_like
25.0,396,ambiguous
25.0,397,epithelial_like
25.0,398,ambiguous
25.0,399,xen_like
25.0,400,xen_like
25.0,401,intermediate_plastic
25.0,402,epithelial_like
25.0,403,intermediate_plastic
25.0,404,ambiguous
25.0,405,epithelial_like
25.0,406,epithelial_like
25.0,407,ambiguous
25.0,408,epithelial_like
25.0,409,intermediate_plastic
25.0,410,ambiguous
25.0,411,epithelial_like
25.0,412,intermediate_plastic
25.0,413,intermediate_plastic
25.0,414,epithelial_like
25.0,415,intermediate_plastic
25.0,416,ambiguous
25.0,417,intermediate_plastic
25.0,418,epithelial_like
25.0,419,ambiguous
25.0,420,intermediate_plastic
25.0,421,ambiguous
25.0,422,ambiguous
25.0,423,intermediate_plastic
25.0,424,ambiguous
25.0,425,ambiguous
25.0,426,epithelial_like
25.0,427,epithelial_like
25.0,428,intermediate_plastic
25.0,429,ambiguous
25.0,430,ambiguous
25.0,431,intermediate_plastic
25.0,432,intermediate_plastic
25.0,433,epithelial_like
25.0,434,ambiguous
25.0,435,ambiguous
25.0,436,epithelial_like
25.0,437,ambiguous
25.0,438,ambiguous
25.0,439,epithelial_like
25.0,440,ambiguous
25.0,441,intermediate_plastic
25.0,442,epithelial_like
25.0,443,intermediate_plastic
25.0,444,ambiguous
25.0,445,intermediate_plastic
25.0,446,ambiguous
25.0,447,intermediate_plastic
25.0,448,epithelial_like
25.0,449,ambiguous
25.0,450,ambiguous
25.0,451,intermediate_plastic
25.0,452,ambiguous
25.0,453,ambiguous
25.0,454,epithelial_like
25.0,455,ambiguous
25.0,456,intermediate_plastic
25.0,457,ambiguous
25.0,458,intermediate_plastic
25.0,459,ambiguous
25.0,460,intermediate_plastic
25.0,461,epithelial_like
25.0,462,intermediate_plastic
25.0,463,intermediate_plastic
25.0,464,epithelial_like
25.0,465,ambiguous
25.0,466,epithelial_like
25.0,467,ambiguous
25.0,468,epithelial_like
25.0,469,intermediate_plastic
25.0,470,intermediate_plastic
25.0,471,epithelial_like
25.0,472,ambiguous
25.0,473,epithelial_like
25.0,474,intermediate_plastic
25.0,475,ambiguous
25.0,476,epithelial_like
25.0,477,epithelial_like
25.0,478,ambiguous
25.0,479,ambiguous
25.0,480,intermediate_plastic
25.0,481,ambiguous
25.0,482,ambiguous
25.0,483,epithelial_like
25.0,484,ambiguous
25.0,485,intermediate_plastic
25.0,486,intermediate_plastic
25.0,487,intermediate_plastic
25.0,488,intermediate_plastic
25.0,489,ambiguous
25.0,490,epithelial_like
25.0,491,ambiguous
25.0,492,ambiguous
25.0,493,ambiguous
25.0,494,intermediate_plastic
25.0,495,epithelial_like
25.0,496,ambiguous
25.0,497,ambiguous
25.0,498,intermediate_plastic
25.0,499,ambiguous
25.0,500,ambiguous
25.0,501,ambiguous
25.0,502,epithelial_like
25.0,503,ambiguous
25.0,504,intermediate_plastic
25.0,505,epithelial_like
25.0,506,ambiguous
25.0,507,ambiguous
25.0,508,ambiguous
25.0,509,epithelial_like
25.0,510,intermediate_plastic
25.0,511,epithelial_like
25.0,512,ambiguous
25.0,513,epithelial_like
25.0,514,ambiguous
25.0,515,epithelial_like
25.0,516,ambiguous
25.0,517,ambiguous
25.0,518,intermediate_plastic
25.0,519,intermediate_plastic
25.0,520,ambiguous
25.0,521,ambiguous
25.0,522,intermediate_plastic
25.0,523,intermediate_plastic
25.0,524,intermediate_plastic
25.0,525,ambiguous
25.0,526,intermediate_plastic
25.0,527,intermediate_plastic
25.0,528,epithelial_like
25.0,529,ambiguous
25.0,530,epithelial_like
25.0,531,ambiguous
25.0,532,epithelial_like
25.0,533,intermediate_plastic
25.0,534,intermediate_plastic
25.0,535,intermediate_plastic
25.0,536,intermediate_plastic
25.0,537,ambiguous
25.0,538,intermediate_plastic
25.0,539,ambiguous
25.0,540,ambiguous
25.0,541,ambiguous
25.0,542,ambiguous
25.0,543,intermediate_plastic
25.0,544,ambiguous
25.0,545,intermediate_plastic
25.0,546,epithelial_like
25.0,547,epithelial_like
25.0,548,intermediate_plastic
25.0,549,ambiguous
25.0,550,intermediate_plastic
25.0,551,ambiguous
25.0,552,epithelial_like
25.0,553,epithelial_like
25.0,554,epithelial_like
25.0,555,ambiguous
25.0,556,ambiguous
25.0,557,ambiguous
25.0,558,ambiguous
25.0,559,intermediate_plastic
25.0,560,ambiguous
25.0,561,intermediate_plastic
25.0,562,ambiguous
25.0,563,intermediate_plastic
25.0,564,intermediate_plastic
25.0,565,epithelial_like
25.0,566,ambiguous
25.0,567,epithelial_like
25.0,568,ambiguous
25.0,569,intermediate_plastic
25.0,570,ambiguous
25.0,571,ambiguous
25.0,572,intermediate_plastic
25.0,573,ambiguous
25.0,574,epithelial_like
25.0,575,intermediate_plastic
25.0,576,epithelial_like
25.0,577,ambiguous
25.0,578,intermediate_plastic
25.0,579,epithelial_like
25.0,580,epithelial_like
25.0,581,intermediate_plastic
25.0,582,epithelial_like
25.0,583,intermediate_plastic
25.0,584,ambiguous
25.0,585,epithelial_like
25.0,586,epithelial_like
25.0,587,epithelial_like
25.0,588,intermediate_plastic
25.0,589,intermediate_plastic
25.0,590,intermediate_plastic
25.0,591,ambiguous
25.0,592,ambiguous
25.0,593,ambiguous
25.0,594,intermediate_plastic
25.0,595,epithelial_like
25.0,596,epithelial_like
25.0,597,epithelial_like
25.0,598,ambiguous
25.0,599,intermediate_plastic
25.0,600,intermediate_plastic
25.0,601,epithelial_like
25.0,602,ambiguous
25.0,603,ambiguous
25.0,604,epithelial_like
25.0,605,epithelial_like
25.0,606,ambiguous
25.0,607,ambiguous
25.0,608,ambiguous
25.0,609,epithelial_like
25.0,610,ambiguous
25.0,611,ambiguous
25.0,612,epithelial_like
25.0,613,epithelial_like
25.0,614,ambiguous
25.0,615,epithelial_like
25.0,616,epithelial_like
25.0,617,epithelial_like
25.0,618,epithelial_like
25.0,619,ambiguous
25.0,620,intermediate_plastic
25.0,621,epithelial_like
25.0,622,ambiguous
25.0,623,ambiguous
25.0,624,ambiguous
25.0,625,intermediate_plastic
25.0,626,epithelial_like
25.0,627,epithelial_like
25.0,628,epithelial_like
25.0,629,intermediate_plastic
25.0,630,epithelial_like
25.0,631,epithelial_like
25.0,632,ambiguous
25.0,633,ambiguous
25.0,634,intermediate_plastic
25.0,635,intermediate_plastic
25.0,636,intermediate_plastic
25.0,637,epithelial_like
25.0,638,ambiguous
25.0,639,intermediate_plastic
25.0,640,intermediate_plastic
25.0,641,intermediate_plastic
25.0,642,epithelial_like
25.0,643,epithelial_like
25.0,644,intermediate_plastic
25.0,645,intermediate_plastic
25.0,646,intermediate_plastic
25.0,647,intermediate_plastic
25.0,648,ambiguous
25.0,649,epithelial_like
25.0,650,ambiguous
25.0,651,ambiguous
25.0,652,intermediate_plastic
25.0,653,intermediate_plastic
25.0,654,ambiguous
25.0,655,epithelial_like
25.0,656,intermediate_plastic
25.0,657,intermediate_plastic
25.0,658,intermediate_plastic
25.0,659,ambiguous
25.0,660,ambiguous
25.0,661,intermediate_plastic
25.0,662,ambiguous
25.0,663,ambiguous
25.0,664,ambiguous
25.0,665,intermediate_plastic
25.0,666,intermediate_plastic
25.0,667,intermediate_plastic
25.0,668,ambiguous
25.0,669,epithelial_like
25.0,670,epithelial_like
25.0,671,intermediate_plastic
25.0,672,ambiguous
25.0,673,intermediate_plastic
25.0,674,intermediate_plastic
25.0,675,intermediate_plastic
25.0,676,intermediate_plastic
25.0,677,intermediate_plastic
25.0,678,intermediate_plastic
25.0,679,intermediate_plastic
25.0,680,ambiguous
25.0,681,intermediate_plastic
25.0,682,epithelial_like
25.0,683,epithelial_like
25.0,684,epithelial_like
25.0,685,epithelial_like
25.0,686,epithelial_like
25.0,687,epithelial_like
25.0,688,epithelial_like
25.0,689,intermediate_plastic
25.0,690,ambiguous
25.0,691,epithelial_like
25.0,692,ambiguous
25.0,693,epithelial_like
25.0,694,intermediate_plastic
25.0,695,ambiguous
25.0,696,intermediate_plastic
25.0,697,intermediate_plastic
25.0,698,intermediate_plastic
25.0,699,epithelial_like
25.0,700,ambiguous
25.0,701,ambiguous
25.0,702,epithelial_like
25.0,703,ambiguous
25.0,704,epithelial_like
25.0,705,ambiguous
25.0,706,intermediate_plastic
25.0,707,epithelial_like
25.0,708,ambiguous
25.0,709,epithelial_like
25.0,710,ambiguous
25.0,711,ambiguous
25.0,712,ambiguous
25.0,713,epithelial_like
25.0,714,intermediate_plastic
25.0,715,epithelial_like
25.0,716,epithelial_like
25.0,717,epithelial_like
25.0,718,epithelial_like
25.0,719,intermediate_plastic
25.0,720,intermediate_plastic
25.0,721,ambiguous
25.0,722,ambiguous
25.0,723,ambiguous
25.0,724,intermediate_plastic
25.0,725,epithelial_like
25.0,726,epithelial_like
25.0,727,ambiguous
25.0,728,intermediate_plastic
25.0,729,ambiguous
25.0,730,epithelial_like
25.0,731,intermediate_plastic
25.0,732,epithelial_like
25.0,733,epithelial_like
25.0,734,intermediate_plastic
25.0,735,intermediate_plastic
25.0,736,epithelial_like
25.0,737,ambiguous
25.0,738,epithelial_like
25.0,739,epithelial_like
25.0,740,epithelial_like
25.0,741,ambiguous
25.0,742,ambiguous
25.0,743,intermediate_plastic
25.0,744,ambiguous
25.0,745,ambiguous
25.0,746,intermediate_plastic
25.0,747,ambiguous
25.0,748,epithelial_like
25.0,749,ambiguous
25.0,750,ambiguous
25.0,751,intermediate_plastic
25.0,752,intermediate_plastic
25.0,753,epithelial_like
25.0,754,intermediate_plastic
25.0,755,ambiguous
25.0,756,intermediate_plastic
25.0,757,ambiguous
25.0,758,epithelial_like
25.0,759,ambiguous
25.0,760,intermediate_plastic
25.0,761,epithelial_like
25.0,762,ambiguous
25.0,763,ambiguous
25.0,764,intermediate_plastic
25.0,765,intermediate_plastic
25.0,766,ambiguous
25.0,767,ambiguous
25.0,768,ambiguous
25.0,769,intermediate_plastic
25.0,770,ambiguous
25.0,771,ambiguous
25.0,772,epithelial_like
25.0,773,ambiguous
25.0,774,ambiguous
25.0,775,epithelial_like
25.0,776,epithelial_like
25.0,777,intermediate_plastic
25.0,778,epithelial_like
25.0,779,epithelial_like
25.0,780,intermediate_plastic
25.0,781,epithelial_like
25.0,782,intermediate_plastic
25.0,783,ambiguous
25.0,784,epithelial_like
25.0,785,intermediate_plastic
25.0,786,intermediate_plastic
25.0,787,ambiguous
25.0,788,ambiguous
25.0,789,intermediate_plastic
25.0,790,ambiguous
25.0,791,epithelial_like
25.0,792,ambiguous
25.0,793,intermediate_plastic
25.0,794,ambiguous
25.0,795,ambiguous
25.0,796,ambiguous
25.0,797,intermediate_plastic
25.0,798,epithelial_like
25.0,799,intermediate_plastic
25.0,800,epithelial_like
25.0,801,intermediate_plastic
25.0,802,epithelial_like
25.0,803,epithelial_like
25.0,804,intermediate_plastic
25.0,805,intermediate_plastic
25.0,806,epithelial_like
25.0,807,epithelial_like
25.0,808,epithelial_like
25.0,809,epithelial_like
25.0,810,intermediate_plastic
25.0,811,ambiguous
25.0,812,intermediate_plastic
25.0,813,epithelial_like
25.0,814,ambiguous
25.0,815,epithelial_like
25.0,816,ambiguous
25.0,817,ambiguous
25.0,818,intermediate_plastic
25.0,819,epithelial_like
25.0,820,ambiguous
25.0,821,ambiguous
25.0,822,intermediate_plastic
25.0,823,intermediate_plastic
25.0,824,epithelial_like
25.0,825,epithelial_like
25.0,826,ambiguous
25.0,827,intermediate_plastic
25.0,828,intermediate_plastic
25.0,829,ambiguous
25.0,830,ambiguous
25.0,831,ambiguous
25.0,832,epithelial_like
25.0,833,epithelial_like
25.0,834,intermediate_plastic
25.0,835,intermediate_plastic
25.0,836,ambiguous
25.0,837,epithelial_like
25.0,838,epithelial_like
25.0,839,intermediate_plastic
25.0,840,epithelial_like
25.0,841,epithelial_like
25.0,842,epithelial_like
25.0,843,intermediate_plastic
25.0,844,intermediate_plastic
25.0,845,intermediate_plastic
25.0,846,intermediate_plastic
25.0,847,intermediate_plastic
25.0,848,intermediate_plastic
25.0,849,intermediate_plastic
25.0,850,epithelial_like
25.0,851,ambiguous
25.0,852,ambiguous
25.0,853,epithelial_like
25.0,854,ambiguous
25.0,855,ambiguous
25.0,856,ambiguous
25.0,857,intermediate_plastic
25.0,858,xen_like
25.0,859,ambiguous
25.0,860,intermediate_plastic
25.0,861,intermediate_plastic
25.0,862,ambiguous
25.0,863,intermediate_plastic
25.0,864,intermediate_plastic
25.0,865,epithelial_like
25.0,866,ambiguous
25.0,867,intermediate_plastic
25.0,868,intermediate_plastic
25.0,869,epithelial_like
25.0,870,epithelial_like
25.0,871,intermediate_plastic
25.0,872,intermediate_plastic
25.0,873,intermediate_plastic
25.0,874,intermediate_plastic
25.0,875,ambiguous
25.0,876,ambiguous
25.0,877,ambiguous
25.0,878,ambiguous
25.0,879,intermediate_plastic
25.0,880,ambiguous
25.0,881,intermediate_plastic
25.0,882,ambiguous
25.0,883,epithelial_like
25.0,884,ambiguous
25.0,885,epithelial_like
25.0,886,intermediate_plastic
25.0,887,intermediate_plastic
25.0,888,epithelial_like
25.0,889,ambiguous
25.0,890,epithelial_like
25.0,891,epithelial_like
25.0,892,epithelial_like
25.0,893,intermediate_plastic
25.0,894,epithelial_like
25.0,895,intermediate_plastic
25.0,896,intermediate_plastic
25.0,897,epithelial_like
25.0,898,ambiguous
25.0,899,intermediate_plastic
25.0,900,ambiguous
25.0,901,epithelial_like
25.0,902,intermediate_plastic
25.0,903,ambiguous
25.0,904,ambiguous
25.0,905,epithelial_like
25.0,906,intermediate_plastic
25.0,907,ambiguous
25.0,908,xen_like
25.0,909,ambiguous
25.0,910,intermediate_plastic
25.0,911,epithelial_like
25.0,912,ambiguous
25.0,913,ambiguous
25.0,914,epithelial_like
25.0,915,intermediate_plastic
25.0,916,intermediate_plastic
25.0,917,intermediate_plastic
25.0,918,epithelial_like
25.0,919,intermediate_plastic
25.0,920,ambiguous
25.0,921,ambiguous
25.0,922,epithelial_like
25.0,923,epithelial_like
25.0,924,ambiguous
25.0,925,intermediate_plastic
25.0,926,intermediate_plastic
25.0,927,ambiguous
25.0,928,ambiguous
25.0,929,ambiguous
25.0,930,epithelial_like
25.0,931,epithelial_like
25.0,932,epithelial_like
25.0,933,epithelial_like
25.0,934,ambiguous
25.0,935,ambiguous
25.0,936,ambiguous
25.0,937,intermediate_plastic
25.0,938,intermediate_plastic
25.0,939,ambiguous
25.0,940,intermediate_plastic
25.0,941,ambiguous
25.0,942,ambiguous
25.0,943,intermediate_plastic
25.0,944,ambiguous
25.0,945,epithelial_like
25.0,946,epithelial_like
25.0,947,ambiguous
25.0,948,epithelial_like
25.0,949,ambiguous
25.0,950,intermediate_plastic
25.0,951,epithelial_like
25.0,952,intermediate_plastic
25.0,953,intermediate_plastic
25.0,954,intermediate_plastic
25.0,955,epithelial_like
25.0,956,ambiguous
25.0,957,epithelial_like
25.0,958,intermediate_plastic
25.0,959,epithelial_like
25.0,960,xen_like
25.0,961,intermediate_plastic
25.0,962,ambiguous
25.0,963,intermediate_plastic
25.0,964,ambiguous
25.0,965,ambiguous
25.0,966,ambiguous
25.0,967,ambiguous
25.0,968,ambiguous
25.0,969,epithelial_like
25.0,970,ambiguous
25.0,971,epithelial_like
25.0,972,intermediate_plastic
25.0,973,intermediate_plastic
25.0,974,intermediate_plastic
25.0,975,intermediate_plastic
25.0,976,intermediate_plastic
25.0,977,intermediate_plastic
25.0,978,epithelial_like
25.0,979,epithelial_like
25.0,980,epithelial_like
25.0,981,intermediate_plastic
25.0,982,intermediate_plastic
25.0,983,intermediate_plastic
25.0,984,intermediate_plastic
25.0,985,epithelial_like
25.0,986,epithelial_like
25.0,987,epithelial_like
25.0,988,intermediate_plastic
25.0,989,epithelial_like
25.0,990,intermediate_plastic
25.0,991,epithelial_like
25.0,992,epithelial_like
25.0,993,ambiguous
25.0,994,epithelial_like
25.0,995,epithelial_like
25.0,996,intermediate_plastic
25.0,997,intermediate_plastic
25.0,998,epithelial_like
25.0,999,intermediate_plastic
25.0,1000,intermediate_plastic
25.0,1001,intermediate_plastic
25.0,1002,ambiguous
25.0,1003,epithelial_like
25.0,1004,ambiguous
25.0,1005,intermediate_plastic
25.0,1006,epithelial_like
25.0,1007,intermediate_plastic
25.0,1008,intermediate_plastic
25.0,1009,epithelial_like
25.0,1010,epithelial_like
25.0,1011,epithelial_like
25.0,1012,ambiguous
25.0,1013,intermediate_plastic
25.0,1014,ambiguous
25.0,1015,intermediate_plastic
25.0,1016,epithelial_like
25.0,1017,epithelial_like
25.0,1018,intermediate_plastic
25.0,1019,epithelial_like
25.0,1020,ambiguous
25.0,1021,epithelial_like
25.0,1022,intermediate_plastic
25.0,1023,ambiguous
25.0,1024,epithelial_like
25.0,1025,ambiguous
25.0,1026,ambiguous
25.0,1027,ambiguous
25.0,1028,intermediate_plastic
25.0,1029,epithelial_like
25.0,1030,intermediate_plastic
25.0,1031,intermediate_plastic
25.0,1032,intermediate_plastic
25.0,1033,epithelial_like
25.0,1034,ambiguous
25.0,1035,epithelial_like
25.0,1036,epithelial_like
25.0,1037,ambiguous
25.0,1038,intermediate_plastic
25.0,1039,ambiguous
25.0,1040,ambiguous
25.0,1041,intermediate_plastic
25.0,1042,ambiguous
25.0,1043,xen_like
25.0,1044,ambiguous
25.0,1045,ambiguous
25.0,1046,ambiguous
25.0,1047,intermediate_plastic
25.0,1048,intermediate_plastic
25.0,1049,ambiguous
25.0,1050,intermediate_plastic
25.0,1051,ambiguous
25.0,1052,epithelial_like
25.0,1053,epithelial_like
25.0,1054,intermediate_plastic
25.0,1055,ambiguous
25.0,1056,intermediate_plastic
25.0,1057,intermediate_plastic
25.0,1058,epithelial_like
25.0,1059,intermediate_plastic
25.0,1060,ambiguous
25.0,1061,ambiguous
25.0,1062,intermediate_plastic
25.0,1063,ambiguous
25.0,1064,ambiguous
25.0,1065,epithelial_like
25.0,1066,intermediate_plastic
25.0,1067,ambiguous
25.0,1068,ambiguous
25.0,1069,intermediate_plastic
25.0,1070,epithelial_like
25.0,1071,epithelial_like
25.0,1072,intermediate_plastic
25.0,1073,intermediate_plastic
25.0,1074,epithelial_like
25.0,1075,ambiguous
25.0,1076,intermediate_plastic
25.0,1077,ambiguous
25.0,1078,intermediate_plastic
25.0,1079,intermediate_plastic
25.0,1080,intermediate_plastic
25.0,1081,intermediate_plastic
25.0,1082,ambiguous
25.0,1083,xen_like
25.0,1084,ambiguous
25.0,1085,ambiguous
25.0,1086,intermediate_plastic
25.0,1087,epithelial_like
25.0,1088,epithelial_like
25.0,1089,ambiguous
25.0,1090,intermediate_plastic
25.0,1091,ambiguous
25.0,1092,epithelial_like
25.0,1093,intermediate_plastic
25.0,1094,intermediate_plastic
25.0,1095,epithelial_like
25.0,1096,intermediate_plastic
25.0,1097,ambiguous
25.0,1098,epithelial_like
25.0,1099,epithelial_like
25.0,1100,ambiguous
25.0,1101,ambiguous
25.0,1102,intermediate_plastic
25.0,1103,ambiguous
25.0,1104,ambiguous
25.0,1105,intermediate_plastic
25.0,1106,ambiguous
25.0,1107,intermediate_plastic
25.0,1108,ambiguous
25.0,1109,ambiguous
25.0,1110,intermediate_plastic
25.0,1111,intermediate_plastic
25.0,1112,epithelial_like
25.0,1113,epithelial_like
25.0,1114,intermediate_plastic
25.0,1115,xen_like
25.0,1116,ambiguous
25.0,1117,intermediate_plastic
25.0,1118,epithelial_like
25.0,1119,ambiguous
25.0,1120,epithelial_like
25.0,1121,ambiguous
25.0,1122,intermediate_plastic
25.0,1123,intermediate_plastic
25.0,1124,ambiguous
25.0,1125,epithelial_like
25.0,1126,epithelial_like
25.0,1127,intermediate_plastic
25.0,1128,ambiguous
25.0,1129,epithelial_like
25.0,1130,intermediate_plastic
25.0,1131,epithelial_like
25.0,1132,ambiguous
25.0,1133,intermediate_plastic
25.0,1134,intermediate_plastic
25.0,1135,epithelial_like
25.0,1136,intermediate_plastic
25.0,1137,ambiguous
25.0,1138,epithelial_like
25.0,1139,ambiguous
25.0,1140,intermediate_plastic
25.0,1141,intermediate_plastic
25.0,1142,epithelial_like
25.0,1143,epithelial_like
25.0,1144,ambiguous
25.0,1145,epithelial_like
25.0,1146,ambiguous
25.0,1147,ambiguous
25.0,1148,ambiguous
25.0,1149,ambiguous
25.0,1150,ambiguous
25.0,1151,ambiguous
25.0,1152,epithelial_like
25.0,1153,ambiguous
25.0,1154,intermediate_plastic
25.0,1155,intermediate_plastic
25.0,1156,epithelial_like
25.0,1157,epithelial_like
25.0,1158,epithelial_like
25.0,1159,epithelial_like
25.0,1160,intermediate_plastic
25.0,1161,epithelial_like
25.0,1162,epithelial_like
25.0,1163,epithelial_like
25.0,1164,intermediate_plastic
25.0,1165,intermediate_plastic
25.0,1166,intermediate_plastic
25.0,1167,ambiguous
25.0,1168,epithelial_like
25.0,1169,epithelial_like
25.0,1170,ambiguous
25.0,1171,intermediate_plastic
25.0,1172,ambiguous
25.0,1173,ambiguous
25.0,1174,intermediate_plastic
25.0,1175,ambiguous
25.0,1176,ambiguous
25.0,1177,ambiguous
25.0,1178,ambiguous
25.0,1179,ambiguous
25.0,1180,intermediate_plastic
25.0,1181,epithelial_like
25.0,1182,ambiguous
25.0,1183,ambiguous
25.0,1184,epithelial_like
25.0,1185,epithelial_like
25.0,1186,ambiguous
25.0,1187,epithelial_like
25.0,1188,epithelial_like
25.0,1189,epithelial_like
25.0,1190,ambiguous
25.0,1191,ambiguous
25.0,1192,ambiguous
25.0,1193,ambiguous
25.0,1194,epithelial_like
25.0,1195,ambiguous
25.0,1196,epithelial_like
25.0,1197,ambiguous
25.0,1198,ambiguous
25.0,1199,ambiguous
25.0,1200,intermediate_plastic
25.0,1201,ambiguous
25.0,1202,intermediate_plastic
25.0,1203,intermediate_plastic
25.0,1204,epithelial_like
25.0,1205,epithelial_like
25.0,1206,ambiguous
25.0,1207,ambiguous
25.0,1208,ambiguous
25.0,1209,epithelial_like
25.0,1210,epithelial_like
25.0,1211,intermediate_plastic
25.0,1212,ambiguous
25.0,1213,ambiguous
25.0,1214,epithelial_like
25.0,1215,ambiguous
25.0,1216,ambiguous
25.0,1217,ambiguous
25.0,1218,ambiguous
25.0,1219,intermediate_plastic
25.0,1220,ambiguous
25.0,1221,ambiguous
25.0,1222,epithelial_like
25.0,1223,intermediate_plastic
25.0,1224,ambiguous
25.0,1225,ambiguous
25.0,1226,ambiguous
25.0,1227,epithelial_like
25.0,1228,intermediate_plastic
25.0,1229,epithelial_like
25.0,1230,ambiguous
25.0,1231,epithelial_like
25.0,1232,intermediate_plastic
25.0,1233,intermediate_plastic
25.0,1234,ambiguous
25.0,1235,epithelial_like
25.0,1236,intermediate_plastic
25.0,1237,ambiguous
25.0,1238,ambiguous
25.0,1239,ambiguous
25.0,1240,epithelial_like
25.0,1241,intermediate_plastic
25.0,1242,ambiguous
25.0,1243,intermediate_plastic
25.0,1244,ambiguous
25.0,1245,intermediate_plastic
25.0,1246,ambiguous
25.0,1247,epithelial_like
25.0,1248,intermediate_plastic
25.0,1249,intermediate_plastic
25.0,1250,epithelial_like
25.0,1251,intermediate_plastic
25.0,1252,ambiguous
25.0,1253,intermediate_plastic
25.0,1254,intermediate_plastic
25.0,1255,intermediate_plastic
25.0,1256,intermediate_plastic
25.0,1257,ambiguous
25.0,1258,intermediate_plastic
25.0,1259,ambiguous
25.0,1260,intermediate_plastic
25.0,1261,epithelial_like
25.0,1262,ambiguous
25.0,1263,ambiguous
25.0,1264,intermediate_plastic
25.0,1265,ambiguous
25.0,1266,epithelial_like
25.0,1267,ambiguous
25.0,1268,epithelial_like
25.0,1269,intermediate_plastic
25.0,1270,epithelial_like
25.0,1271,intermediate_plastic
25.0,1272,intermediate_plastic
25.0,1273,epithelial_like
25.0,1274,ambiguous
25.0,1275,epithelial_like
25.0,1276,ambiguous
25.0,1277,ambiguous
25.0,1278,ambiguous
25.0,1279,intermediate_plastic
25.0,1280,ambiguous
25.0,1281,intermediate_plastic
25.0,1282,intermediate_plastic
25.0,1283,ambiguous
25.0,1284,intermediate_plastic
25.0,1285,ambiguous
25.0,1286,ambiguous
25.0,1287,ambiguous
25.0,1288,ambiguous
25.0,1289,ambiguous
25.0,1290,ambiguous
25.0,1291,epithelial_like
25.0,1292,intermediate_plastic
25.0,1293,ambiguous
25.0,1294,ambiguous
25.0,1295,intermediate_plastic
25.0,1296,ambiguous
25.0,1297,epithelial_like
25.0,1298,intermediate_plastic
25.0,1299,intermediate_plastic
25.0,1300,ambiguous
25.0,1301,epithelial_like
25.0,1302,ambiguous
25.0,1303,ambiguous
25.0,1304,ambiguous
25.0,1305,epithelial_like
25.0,1306,ambiguous
25.0,1307,epithelial_like
25.0,1308,intermediate_plastic
25.0,1309,epithelial_like
25.0,1310,intermediate_plastic
25.0,1311,epithelial_like
25.0,1312,epithelial_like
25.0,1313,epithelial_like
25.0,1314,ambiguous
25.0,1315,intermediate_plastic
25.0,1316,ambiguous
25.0,1317,ambiguous
25.0,1318,ambiguous
25.0,1319,epithelial_like
25.0,1320,ambiguous
25.0,1321,intermediate_plastic
25.0,1322,epithelial_like
25.0,1323,epithelial_like
25.0,1324,intermediate_plastic
25.0,1325,intermediate_plastic
25.0,1326,intermediate_plastic
25.0,1327,intermediate_plastic
25.0,1328,intermediate_plastic
25.0,1329,intermediate_plastic
25.0,1330,epithelial_like
25.0,1331,intermediate_plastic
25.0,1332,epithelial_like
25.0,1333,ambiguous
25.0,1334,epithelial_like
25.0,1335,epithelial_like
25.0,1336,ambiguous
25.0,1337,intermediate_plastic
25.0,1338,intermediate_plastic
25.0,1339,intermediate_plastic
25.0,1340,epithelial_like
25.0,1341,ambiguous
25.0,1342,ambiguous
25.0,1343,intermediate_plastic
25.0,1344,epithelial_like
25.0,1345,ambiguous
25.0,1346,epithelial_like
25.0,1347,ambiguous
25.0,1348,ambiguous
25.0,1349,intermediate_plastic
25.0,1350,intermediate_plastic
25.0,1351,ambiguous
25.0,1352,ambiguous
25.0,1353,intermediate_plastic
25.0,1354,ambiguous
25.0,1355,epithelial_like
25.0,1356,epithelial_like
25.0,1357,epithelial_like
25.0,1358,intermediate_plastic
25.0,1359,ambiguous
25.0,1360,intermediate_plastic
25.0,1361,epithelial_like
25.0,1362,ambiguous
25.0,1363,ambiguous
25.0,1364,ambiguous
25.0,1365,epithelial_like
25.0,1366,intermediate_plastic
25.0,1367,ambiguous
25.0,1368,intermediate_plastic
25.0,1369,ambiguous
25.0,1370,intermediate_plastic
25.0,1371,intermediate_plastic
25.0,1372,xen_like
25.0,1373,ambiguous
25.0,1374,ambiguous
25.0,1375,epithelial_like
25.0,1376,intermediate_plastic
25.0,1377,intermediate_plastic
25.0,1378,epithelial_like
25.0,1379,ambiguous
25.0,1380,intermediate_plastic
25.0,1381,ambiguous
25.0,1382,epithelial_like
25.0,1383,ambiguous
25.0,1384,ambiguous
25.0,1385,epithelial_like
25.0,1386,intermediate_plastic
25.0,1387,ambiguous
25.0,1388,ambiguous
25.0,1389,ambiguous
25.0,1390,intermediate_plastic
25.0,1391,ambiguous
25.0,1392,intermediate_plastic
25.0,1393,ambiguous
25.0,1394,ambiguous
25.0,1395,ambiguous
25.0,1396,ambiguous
25.0,1397,ambiguous
25.0,1398,intermediate_plastic
25.0,1399,intermediate_plastic
25.0,1400,epithelial_like
25.0,1401,intermediate_plastic
25.0,1402,epithelial_like
25.0,1403,epithelial_like
25.0,1404,ambiguous
25.0,1405,ambiguous
25.0,1406,epithelial_like
25.0,1407,intermediate_plastic
25.0,1408,ambiguous
25.0,1409,intermediate_plastic
25.0,1410,ambiguous
25.0,1411,epithelial_like
25.0,1412,ambiguous
25.0,1413,ambiguous
25.0,1414,epithelial_like
25.0,1415,intermediate_plastic
25.0,1416,intermediate_plastic
25.0,1417,intermediate_plastic
25.0,1418,intermediate_plastic
25.0,1419,epithelial_like
25.0,1420,ambiguous
25.0,1421,intermediate_plastic
25.0,1422,intermediate_plastic
25.0,1423,intermediate_plastic
25.0,1424,epithelial_like
25.0,1425,ambiguous
25.0,1426,epithelial_like
25.0,1427,ambiguous
25.0,1428,ambiguous
25.0,1429,epithelial_like
25.0,1430,epithelial_like
25.0,1431,epithelial_like
25.0,1432,intermediate_plastic
25.0,1433,epithelial_like
25.0,1434,intermediate_plastic
25.0,1435,intermediate_plastic
25.0,1436,ambiguous
25.0,1437,epithelial_like
25.0,1438,ambiguous
25.0,1439,ambiguous
25.0,1440,ambiguous
25.0,1441,intermediate_plastic
25.0,1442,epithelial_like
25.0,1443,intermediate_plastic
25.0,1444,ambiguous
25.0,1445,ambiguous
25.0,1446,epithelial_like
25.0,1447,ambiguous
25.0,1448,intermediate_plastic
25.0,1449,ambiguous
25.0,1450,intermediate_plastic
25.0,1451,intermediate_plastic
25.0,1452,epithelial_like
25.0,1453,ambiguous
25.0,1454,intermediate_plastic
25.0,1455,intermediate_plastic
25.0,1456,ambiguous
25.0,1457,intermediate_plastic
25.0,1458,epithelial_like
25.0,1459,intermediate_plastic
25.0,1460,ambiguous
25.0,1461,intermediate_plastic
25.0,1462,epithelial_like
25.0,1463,intermediate_plastic
25.0,1464,epithelial_like
25.0,1465,epithelial_like
25.0,1466,ambiguous
25.0,1467,ambiguous
25.0,1468,intermediate_plastic
25.0,1469,epithelial_like
25.0,1470,ambiguous
25.0,1471,intermediate_plastic
25.0,1472,intermediate_plastic
25.0,1473,epithelial_like
25.0,1474,ambiguous
25.0,1475,epithelial_like
25.0,1476,epithelial_like
25.0,1477,ambiguous
25.0,1478,epithelial_like
25.0,1479,ambiguous
25.0,1480,intermediate_plastic
25.0,1481,epithelial_like
25.0,1482,epithelial_like
25.0,1483,epithelial_like
25.0,1484,ambiguous
25.0,1485,epithelial_like
25.0,1486,intermediate_plastic
25.0,1487,ambiguous
25.0,1488,intermediate_plastic
25.0,1489,intermediate_plastic
25.0,1490,ambiguous
25.0,1491,intermediate_plastic
25.0,1492,intermediate_plastic
25.0,1493,ambiguous
25.0,1494,ambiguous
25.0,1495,intermediate_plastic
25.0,1496,intermediate_plastic
25.0,1497,epithelial_like
25.0,1498,epithelial_like
25.0,1499,epithelial_like
25.0,1500,ambiguous
25.0,1501,ambiguous
25.0,1502,epithelial_like
25.0,1503,epithelial_like
25.0,1504,epithelial_like
25.0,1505,ambiguous
25.0,1506,ambiguous
25.0,1507,intermediate_plastic
25.0,1508,epithelial_like
25.0,1509,epithelial_like
25.0,1510,intermediate_plastic
25.0,1511,intermediate_plastic
25.0,1512,ambiguous
25.0,1513,intermediate_plastic
25.0,1514,epithelial_like
25.0,1515,epithelial_like
25.0,1516,epithelial_like
25.0,1517,ambiguous
25.0,1518,ambiguous
25.0,1519,ambiguous
25.0,1520,ambiguous
25.0,1521,epithelial_like
25.0,1522,ambiguous
25.0,1523,ambiguous
25.0,1524,xen_like
25.0,1525,ambiguous
25.0,1526,intermediate_plastic
25.0,1527,ambiguous
25.0,1528,intermediate_plastic
25.0,1529,intermediate_plastic
25.0,1530,ambiguous
25.0,1531,epithelial_like
25.0,1532,epithelial_like
25.0,1533,intermediate_plastic
25.0,1534,ambiguous
25.0,1535,ambiguous
25.0,1536,intermediate_plastic
25.0,1537,intermediate_plastic
25.0,1538,intermediate_plastic
25.0,1539,intermediate_plastic
25.0,1540,epithelial_like
25.0,1541,intermediate_plastic
25.0,1542,intermediate_plastic
25.0,1543,intermediate_plastic
25.0,1544,ambiguous
25.0,1545,epithelial_like
25.0,1546,xen_like
25.0,1547,ambiguous
25.0,1548,ambiguous
25.0,1549,intermediate_plastic
25.0,1550,ambiguous
25.0,1551,ambiguous
25.0,1552,epithelial_like
25.0,1553,epithelial_like
25.0,1554,ambiguous
25.0,1555,epithelial_like
25.0,1556,ambiguous
25.0,1557,ambiguous
25.0,1558,intermediate_plastic
25.0,1559,epithelial_like
25.0,1560,intermediate_plastic
25.0,1561,epithelial_like
25.0,1562,epithelial_like
25.0,1563,intermediate_plastic
25.0,1564,epithelial_like
25.0,1565,epithelial_like
25.0,1566,ambiguous
25.0,1567,intermediate_plastic
25.0,1568,ambiguous
25.0,1569,ambiguous
25.0,1570,epithelial_like
25.0,1571,intermediate_plastic
25.0,1572,intermediate_plastic
25.0,1573,epithelial_like
25.0,1574,epithelial_like
25.0,1575,epithelial_like
25.0,1576,epithelial_like
25.0,1577,ambiguous
25.0,1578,epithelial_like
25.0,1579,ambiguous
25.0,1580,epithelial_like
25.0,1581,intermediate_plastic
25.0,1582,ambiguous
25.0,1583,ambiguous
25.0,1584,intermediate_plastic
25.0,1585,ambiguous
25.0,1586,epithelial_like
25.0,1587,epithelial_like
25.0,1588,epithelial_like
25.0,1589,epithelial_like
25.0,1590,epithelial_like
25.0,1591,ambiguous
25.0,1592,intermediate_plastic
25.0,1593,intermediate_plastic
25.0,1594,epithelial_like
25.0,1595,epithelial_like
25.0,1596,ambiguous
25.0,1597,ambiguous
25.0,1598,epithelial_like
25.0,1599,ambiguous
25.0,1600,epithelial_like
25.0,1601,epithelial_like
25.0,1602,epithelial_like
25.0,1603,epithelial_like
25.0,1604,ambiguous
25.0,1605,epithelial_like
25.0,1606,ambiguous
25.0,1607,epithelial_like
25.0,1608,epithelial_like
25.0,1609,ambiguous
25.0,1610,ambiguous
25.0,1611,intermediate_plastic
25.0,1612,ambiguous
25.0,1613,intermediate_plastic
25.0,1614,ambiguous
25.0,1615,epithelial_like
25.0,1616,intermediate_plastic
25.0,1617,intermediate_plastic
25.0,1618,ambiguous
25.0,1619,intermediate_plastic
25.0,1620,epithelial_like
25.0,1621,ambiguous
25.0,1622,epithelial_like
25.0,1623,ambiguous
25.0,1624,ambiguous
25.0,1625,epithelial_like
25.0,1626,ambiguous
25.0,1627,ambiguous
25.0,1628,intermediate_plastic
25.0,1629,ambiguous
25.0,1630,ambiguous
25.0,1631,epithelial_like
25.0,1632,epithelial_like
25.0,1633,ambiguous
25.0,1634,epithelial_like
25.0,1635,intermediate_plastic
25.0,1636,ambiguous
25.0,1637,epithelial_like
25.0,1638,intermediate_plastic
25.0,1639,epithelial_like
25.0,1640,epithelial_like
25.0,1641,intermediate_plastic
25.0,1642,epithelial_like
25.0,1643,ambiguous
25.0,1644,epithelial_like
25.0,1645,intermediate_plastic
25.0,1646,ambiguous
25.0,1647,epithelial_like
25.0,1648,intermediate_plastic
25.0,1649,epithelial_like
25.0,1650,epithelial_like
25.0,1651,epithelial_like
25.0,1652,intermediate_plastic
25.0,1653,ambiguous
25.0,1654,epithelial_like
25.0,1655,intermediate_plastic
25.0,1656,epithelial_like
25.0,1657,epithelial_like
25.0,1658,epithelial_like
25.0,1659,epithelial_like
25.0,1660,ambiguous
25.0,1661,intermediate_plastic
25.0,1662,intermediate_plastic
25.0,1663,intermediate_plastic
25.0,1664,ambiguous
25.0,1665,epithelial_like
25.0,1666,intermediate_plastic
25.0,1667,intermediate_plastic
25.0,1668,epithelial_like
25.0,1669,epithelial_like
25.0,1670,epithelial_like
25.0,1671,ambiguous
25.0,1672,epithelial_like
25.0,1673,epithelial_like
25.0,1674,ambiguous
25.0,1675,epithelial_like
25.0,1676,epithelial_like
25.0,1677,ambiguous
25.0,1678,epithelial_like
25.0,1679,ambiguous
25.0,1680,epithelial_like
25.0,1681,epithelial_like
25.0,1682,intermediate_plastic
25.0,1683,intermediate_plastic
25.0,1684,ambiguous
25.0,1685,epithelial_like
25.0,1686,ambiguous
25.0,1687,ambiguous
25.0,1688,epithelial_like
25.0,1689,epithelial_like
25.0,1690,ambiguous
25.0,1691,epithelial_like
25.0,1692,intermediate_plastic
25.0,1693,intermediate_plastic
25.0,1694,ambiguous
25.0,1695,ambiguous
25.0,1696,intermediate_plastic
25.0,1697,intermediate_plastic
25.0,1698,epithelial_like
25.0,1699,epithelial_like
25.0,1700,epithelial_like
25.0,1701,ambiguous
25.0,1702,ambiguous
25.0,1703,ambiguous
25.0,1704,intermediate_plastic
25.0,1705,intermediate_plastic
25.0,1706,epithelial_like
25.0,1707,ambiguous
25.0,1708,intermediate_plastic
25.0,1709,ambiguous
25.0,1710,xen_like
25.0,1711,ambiguous
25.0,1712,intermediate_plastic
25.0,1713,ambiguous
25.0,1714,intermediate_plastic
25.0,1715,intermediate_plastic
25.0,1716,ambiguous
25.0,1717,intermediate_plastic
25.0,1718,epithelial_like
25.0,1719,ambiguous
25.0,1720,intermediate_plastic
25.0,1721,intermediate_plastic
25.0,1722,intermediate_plastic
25.0,1723,intermediate_plastic
25.0,1724,ambiguous
25.0,1725,ambiguous
25.0,1726,ambiguous
25.0,1727,epithelial_like
25.0,1728,ambiguous
25.0,1729,intermediate_plastic
25.0,1730,epithelial_like
25.0,1731,epithelial_like
25.0,1732,ambiguous
25.0,1733,epithelial_like
25.0,1734,ambiguous
25.0,1735,epithelial_like
25.0,1736,ambiguous
25.0,1737,intermediate_plastic
25.0,1738,ambiguous
25.0,1739,epithelial_like
25.0,1740,epithelial_like
25.0,1741,ambiguous
25.0,1742,intermediate_plastic
25.0,1743,ambiguous
25.0,1744,ambiguous
25.0,1745,ambiguous
25.0,1746,ambiguous
25.0,1747,ambiguous
25.0,1748,intermediate_plastic
25.0,1749,intermediate_plastic
25.0,1750,ambiguous
25.0,1751,epithelial_like
25.0,1752,ambiguous
25.0,1753,ambiguous
25.0,1754,epithelial_like
25.0,1755,ambiguous
25.0,1756,epithelial_like
25.0,1757,intermediate_plastic
25.0,1758,intermediate_plastic
25.0,1759,intermediate_plastic
25.0,1760,intermediate_plastic
25.0,1761,epithelial_like
25.0,1762,ambiguous
25.0,1763,epithelial_like
25.0,1764,xen_like
25.0,1765,epithelial_like
25.0,1766,epithelial_like
25.0,1767,epithelial_like
25.0,1768,epithelial_like
25.0,1769,intermediate_plastic
25.0,1770,intermediate_plastic
25.0,1771,ambiguous
25.0,1772,ambiguous
25.0,1773,epithelial_like
25.0,1774,epithelial_like
25.0,1775,ambiguous
25.0,1776,ambiguous
25.0,1777,intermediate_plastic
25.0,1778,epithelial_like
25.0,1779,ambiguous
25.0,1780,epithelial_like
25.0,1781,ambiguous
25.0,1782,ambiguous
25.0,1783,epithelial_like
25.0,1784,intermediate_plastic
25.0,1785,epithelial_like
25.0,1786,epithelial_like
25.0,1787,intermediate_plastic
25.0,1788,epithelial_like
25.0,1789,intermediate_plastic
25.0,1790,epithelial_like
25.0,1791,epithelial_like
25.0,1792,intermediate_plastic
25.0,1793,ambiguous
25.0,1794,ambiguous
25.0,1795,ambiguous
25.0,1796,ambiguous
25.0,1797,ambiguous
25.0,1798,epithelial_like
25.0,1799,ambiguous
25.0,1800,epithelial_like
25.0,1801,intermediate_plastic
25.0,1802,ambiguous
25.0,1803,epithelial_like
25.0,1804,intermediate_plastic
25.0,1805,ambiguous
25.0,1806,ambiguous
25.0,1807,epithelial_like
25.0,1808,ambiguous
25.0,1809,epithelial_like
25.0,1810,intermediate_plastic
25.0,1811,epithelial_like
25.0,1812,ambiguous
25.0,1813,ambiguous
25.0,1814,epithelial_like
25.0,1815,epithelial_like
25.0,1816,ambiguous
25.0,1817,ambiguous
25.0,1818,ambiguous
25.0,1819,ambiguous
25.0,1820,epithelial_like
25.0,1821,intermediate_plastic
25.0,1822,intermediate_plastic
25.0,1823,ambiguous
25.0,1824,intermediate_plastic
25.0,1825,epithelial_like
25.0,1826,ambiguous
25.0,1827,intermediate_plastic
25.0,1828,intermediate_plastic
25.0,1829,intermediate_plastic
25.0,1830,ambiguous
25.0,1831,intermediate_plastic
25.0,1832,epithelial_like
25.0,1833,ambiguous
25.0,1834,epithelial_like
25.0,1835,ambiguous
25.0,1836,ambiguous
25.0,1837,epithelial_like
25.0,1838,ambiguous
25.0,1839,intermediate_plastic
25.0,1840,ambiguous
25.0,1841,ambiguous
25.0,1842,ambiguous
25.0,1843,intermediate_plastic
25.0,1844,epithelial_like
25.0,1845,epithelial_like
25.0,1846,ambiguous
25.0,1847,intermediate_plastic
25.0,1848,intermediate_plastic
25.0,1849,intermediate_plastic
25.0,1850,epithelial_like
25.0,1851,epithelial_like
25.0,1852,intermediate_plastic
25.0,1853,epithelial_like
25.0,1854,ambiguous
25.0,1855,intermediate_plastic
25.0,1856,intermediate_plastic
25.0,1857,intermediate_plastic
25.0,1858,epithelial_like
25.0,1859,ambiguous
25.0,1860,ambiguous
25.0,1861,intermediate_plastic
25.0,1862,intermediate_plastic
25.0,1863,epithelial_like
25.0,1864,ambiguous
25.0,1865,epithelial_like
25.0,1866,epithelial_like
25.0,1867,ambiguous
25.0,1868,intermediate_plastic
25.0,1869,ambiguous
25.0,1870,ambiguous
25.0,1871,intermediate_plastic
25.0,1872,epithelial_like
25.0,1873,ambiguous
25.0,1874,epithelial_like
25.0,1875,ambiguous
25.0,1876,ambiguous
25.0,1877,ambiguous
25.0,1878,intermediate_plastic
25.0,1879,ambiguous
25.0,1880,ambiguous
25.0,1881,ambiguous
25.0,1882,ambiguous
25.0,1883,ambiguous
25.0,1884,epithelial_like
25.0,1885,intermediate_plastic
25.0,1886,ambiguous
25.0,1887,ambiguous
25.0,1888,intermediate_plastic
25.0,1889,intermediate_plastic
25.0,1890,intermediate_plastic
25.0,1891,intermediate_plastic
25.0,1892,ambiguous
25.0,1893,epithelial_like
25.0,1894,ambiguous
25.0,1895,intermediate_plastic
25.0,1896,epithelial_like
25.0,1897,intermediate_plastic
25.0,1898,intermediate_plastic
25.0,1899,ambiguous
25.0,1900,ambiguous
25.0,1901,epithelial_like
25.0,1902,ambiguous
25.0,1903,epithelial_like
25.0,1904,intermediate_plastic
25.0,1905,ambiguous
25.0,1906,xen_like
25.0,1907,ambiguous
25.0,1908,ambiguous
25.0,1909,epithelial_like
25.0,1910,ambiguous
25.0,1911,ambiguous
25.0,1912,epithelial_like
25.0,1913,ambiguous
25.0,1914,intermediate_plastic
25.0,1915,ambiguous
25.0,1916,intermediate_plastic
25.0,1917,intermediate_plastic
25.0,1918,ambiguous
25.0,1919,epithelial_like
25.0,1920,epithelial_like
25.0,1921,epithelial_like
25.0,1922,ambiguous
25.0,1923,ambiguous
25.0,1924,ambiguous
25.0,1925,intermediate_plastic
25.0,1926,epithelial_like
25.0,1927,intermediate_plastic
25.0,1928,intermediate_plastic
25.0,1929,ambiguous
25.0,1930,epithelial_like
25.0,1931,intermediate_plastic
25.0,1932,intermediate_plastic
25.0,1933,ambiguous
25.0,1934,ambiguous
25.0,1935,ambiguous
25.0,1936,intermediate_plastic
25.0,1937,intermediate_plastic
25.0,1938,intermediate_plastic
25.0,1939,xen_like
25.0,1940,epithelial_like
25.0,1941,epithelial_like
25.0,1942,intermediate_plastic
25.0,1943,ambiguous
25.0,1944,ambiguous
25.0,1945,intermediate_plastic
25.0,1946,ambiguous
25.0,1947,ambiguous
25.0,1948,epithelial_like
25.0,1949,ambiguous
25.0,1950,epithelial_like
25.0,1951,intermediate_plastic
25.0,1952,epithelial_like
25.0,1953,ambiguous
25.0,1954,epithelial_like
25.0,1955,ambiguous
25.0,1956,intermediate_plastic
25.0,1957,intermediate_plastic
25.0,1958,intermediate_plastic
25.0,1959,ambiguous
25.0,1960,ambiguous
25.0,1961,intermediate_plastic
25.0,1962,epithelial_like
25.0,1963,ambiguous
25.0,1964,ambiguous
25.0,1965,epithelial_like
25.0,1966,ambiguous
25.0,1967,ambiguous
25.0,1968,epithelial_like
25.0,1969,intermediate_plastic
25.0,1970,ambiguous
25.0,1971,epithelial_like
25.0,1972,epithelial_like
25.0,1973,ambiguous
25.0,1974,ambiguous
25.0,1975,ambiguous
25.0,1976,ambiguous
25.0,1977,intermediate_plastic
25.0,1978,ambiguous
25.0,1979,epithelial_like
25.0,1980,intermediate_plastic
25.0,1981,intermediate_plastic
25.0,1982,epithelial_like
25.0,1983,intermediate_plastic
25.0,1984,epithelial_like
25.0,1985,intermediate_plastic
25.0,1986,epithelial_like
25.0,1987,intermediate_plastic
25.0,1988,ambiguous
25.0,1989,intermediate_plastic
25.0,1990,ambiguous
25.0,1991,epithelial_like
25.0,1992,ambiguous
25.0,1993,ambiguous
25.0,1994,ambiguous
25.0,1995,intermediate_plastic
25.0,1996,epithelial_like
25.0,1997,intermediate_plastic
25.0,1998,intermediate_plastic
25.0,1999,ambiguous
26.0,0,ambiguous
26.0,1,intermediate_plastic
26.0,2,epithelial_like
26.0,3,ambiguous
26.0,4,ambiguous
26.0,5,epithelial_like
26.0,6,intermediate_plastic
26.0,7,intermediate_plastic
26.0,8,intermediate_plastic
26.0,9,ambiguous
26.0,10,ambiguous
26.0,11,intermediate_plastic
26.0,12,ambiguous
26.0,13,ambiguous
26.0,14,intermediate_plastic
26.0,15,ambiguous
26.0,16,epithelial_like
26.0,17,epithelial_like
26.0,18,intermediate_plastic
26.0,19,epithelial_like
26.0,20,intermediate_plastic
26.0,21,intermediate_plastic
26.0,22,epithelial_like
26.0,23,epithelial_like
26.0,24,intermediate_plastic
26.0,25,epithelial_like
26.0,26,ambiguous
26.0,27,epithelial_like
26.0,28,ambiguous
26.0,29,intermediate_plastic
26.0,30,epithelial_like
26.0,31,intermediate_plastic
26.0,32,epithelial_like
26.0,33,ambiguous
26.0,34,intermediate_plastic
26.0,35,ambiguous
26.0,36,intermediate_plastic
26.0,37,ambiguous
26.0,38,ambiguous
26.0,39,epithelial_like
26.0,40,ambiguous
26.0,41,intermediate_plastic
26.0,42,epithelial_like
26.0,43,ambiguous
26.0,44,epithelial_like
26.0,45,ambiguous
26.0,46,intermediate_plastic
26.0,47,epithelial_like
26.0,48,epithelial_like
26.0,49,epithelial_like
26.0,50,ambiguous
26.0,51,ambiguous
26.0,52,epithelial_like
26.0,53,intermediate_plastic
26.0,54,epithelial_like
26.0,55,intermediate_plastic
26.0,56,epithelial_like
26.0,57,intermediate_plastic
26.0,58,intermediate_plastic
26.0,59,epithelial_like
26.0,60,epithelial_like
26.0,61,intermediate_plastic
26.0,62,epithelial_like
26.0,63,epithelial_like
26.0,64,epithelial_like
26.0,65,ambiguous
26.0,66,ambiguous
26.0,67,epithelial_like
26.0,68,ambiguous
26.0,69,epithelial_like
26.0,70,ambiguous
26.0,71,intermediate_plastic
26.0,72,ambiguous
26.0,73,intermediate_plastic
26.0,74,epithelial_like
26.0,75,epithelial_like
26.0,76,ambiguous
26.0,77,intermediate_plastic
26.0,78,intermediate_plastic
26.0,79,intermediate_plastic
26.0,80,epithelial_like
26.0,81,epithelial_like
26.0,82,epithelial_like
26.0,83,intermediate_plastic
26.0,84,ambiguous
26.0,85,intermediate_plastic
26.0,86,epithelial_like
26.0,87,intermediate_plastic
26.0,88,ambiguous
26.0,89,intermediate_plastic
26.0,90,epithelial_like
26.0,91,ambiguous
26.0,92,ambiguous
26.0,93,epithelial_like
26.0,94,ambiguous
26.0,95,intermediate_plastic
26.0,96,epithelial_like
26.0,97,intermediate_plastic
26.0,98,epithelial_like
26.0,99,epithelial_like
26.0,100,epithelial_like
26.0,101,intermediate_plastic
26.0,102,epithelial_like
26.0,103,epithelial_like
26.0,104,epithelial_like
26.0,105,ambiguous
26.0,106,intermediate_plastic
26.0,107,epithelial_like
26.0,108,epithelial_like
26.0,109,epithelial_like
26.0,110,ambiguous
26.0,111,intermediate_plastic
26.0,112,intermediate_plastic
26.0,113,intermediate_plastic
26.0,114,intermediate_plastic
26.0,115,epithelial_like
26.0,116,ambiguous
26.0,117,ambiguous
26.0,118,epithelial_like
26.0,119,intermediate_plastic
26.0,120,intermediate_plastic
26.0,121,intermediate_plastic
26.0,122,ambiguous
26.0,123,intermediate_plastic
26.0,124,ambiguous
26.0,125,intermediate_plastic
26.0,126,intermediate_plastic
26.0,127,epithelial_like
26.0,128,epithelial_like
26.0,129,ambiguous
26.0,130,ambiguous
26.0,131,epithelial_like
26.0,132,intermediate_plastic
26.0,133,ambiguous
26.0,134,epithelial_like
26.0,135,intermediate_plastic
26.0,136,intermediate_plastic
26.0,137,intermediate_plastic
26.0,138,ambiguous
26.0,139,epithelial_like
26.0,140,intermediate_plastic
26.0,141,epithelial_like
26.0,142,intermediate_plastic
26.0,143,epithelial_like
26.0,144,epithelial_like
26.0,145,epithelial_like
26.0,146,intermediate_plastic
26.0,147,ambiguous
26.0,148,intermediate_plastic
26.0,149,ambiguous
26.0,150,intermediate_plastic
26.0,151,intermediate_plastic
26.0,152,intermediate_plastic
26.0,153,epithelial_like
26.0,154,ambiguous
26.0,155,epithelial_like
26.0,156,ambiguous
26.0,157,ambiguous
26.0,158,ambiguous
26.0,159,ambiguous
26.0,160,epithelial_like
26.0,161,ambiguous
26.0,162,ambiguous
26.0,163,intermediate_plastic
26.0,164,intermediate_plastic
26.0,165,intermediate_plastic
26.0,166,epithelial_like
26.0,167,intermediate_plastic
26.0,168,epithelial_like
26.0,169,ambiguous
26.0,170,intermediate_plastic
26.0,171,epithelial_like
26.0,172,ambiguous
26.0,173,ambiguous
26.0,174,ambiguous
26.0,175,epithelial_like
26.0,176,intermediate_plastic
26.0,177,epithelial_like
26.0,178,epithelial_like
26.0,179,ambiguous
26.0,180,intermediate_plastic
26.0,181,ambiguous
26.0,182,epithelial_like
26.0,183,epithelial_like
26.0,184,xen_like
26.0,185,ambiguous
26.0,186,intermediate_plastic
26.0,187,ambiguous
26.0,188,ambiguous
26.0,189,intermediate_plastic
26.0,190,intermediate_plastic
26.0,191,intermediate_plastic
26.0,192,ambiguous
26.0,193,ambiguous
26.0,194,intermediate_plastic
26.0,195,epithelial_like
26.0,196,ambiguous
26.0,197,epithelial_like
26.0,198,ambiguous
26.0,199,ambiguous
26.0,200,epithelial_like
26.0,201,ambiguous
26.0,202,ambiguous
26.0,203,ambiguous
26.0,204,intermediate_plastic
26.0,205,epithelial_like
26.0,206,epithelial_like
26.0,207,epithelial_like
26.0,208,intermediate_plastic
26.0,209,ambiguous
26.0,210,intermediate_plastic
26.0,211,ambiguous
26.0,212,ambiguous
26.0,213,ambiguous
26.0,214,epithelial_like
26.0,215,epithelial_like
26.0,216,intermediate_plastic
26.0,217,intermediate_plastic
26.0,218,ambiguous
26.0,219,intermediate_plastic
26.0,220,epithelial_like
26.0,221,ambiguous
26.0,222,ambiguous
26.0,223,epithelial_like
26.0,224,ambiguous
26.0,225,ambiguous
26.0,226,ambiguous
26.0,227,intermediate_plastic
26.0,228,epithelial_like
26.0,229,ambiguous
26.0,230,intermediate_plastic
26.0,231,epithelial_like
26.0,232,intermediate_plastic
26.0,233,ambiguous
26.0,234,ambiguous
26.0,235,ambiguous
26.0,236,intermediate_plastic
26.0,237,intermediate_plastic
26.0,238,ambiguous
26.0,239,ambiguous
26.0,240,ambiguous
26.0,241,ambiguous
26.0,242,ambiguous
26.0,243,intermediate_plastic
26.0,244,intermediate_plastic
26.0,245,epithelial_like
26.0,246,intermediate_plastic
26.0,247,epithelial_like
26.0,248,ambiguous
26.0,249,intermediate_plastic
26.0,250,intermediate_plastic
26.0,251,intermediate_plastic
26.0,252,ambiguous
26.0,253,epithelial_like
26.0,254,intermediate_plastic
26.0,255,epithelial_like
26.0,256,intermediate_plastic
26.0,257,epithelial_like
26.0,258,ambiguous
26.0,259,epithelial_like
26.0,260,ambiguous
26.0,261,epithelial_like
26.0,262,intermediate_plastic
26.0,263,intermediate_plastic
26.0,264,ambiguous
26.0,265,intermediate_plastic
26.0,266,intermediate_plastic
26.0,267,ambiguous
26.0,268,intermediate_plastic
26.0,269,ambiguous
26.0,270,intermediate_plastic
26.0,271,intermediate_plastic
26.0,272,epithelial_like
26.0,273,epithelial_like
26.0,274,epithelial_like
26.0,275,intermediate_plastic
26.0,276,intermediate_plastic
26.0,277,ambiguous
26.0,278,epithelial_like
26.0,279,ambiguous
26.0,280,ambiguous
26.0,281,ambiguous
26.0,282,epithelial_like
26.0,283,epithelial_like
26.0,284,intermediate_plastic
26.0,285,intermediate_plastic
26.0,286,intermediate_plastic
26.0,287,intermediate_plastic
26.0,288,epithelial_like
26.0,289,ambiguous
26.0,290,epithelial_like
26.0,291,epithelial_like
26.0,292,epithelial_like
26.0,293,epithelial_like
26.0,294,ambiguous
26.0,295,epithelial_like
26.0,296,intermediate_plastic
26.0,297,ambiguous
26.0,298,intermediate_plastic
26.0,299,ambiguous
26.0,300,epithelial_like
26.0,301,intermediate_plastic
26.0,302,epithelial_like
26.0,303,epithelial_like
26.0,304,ambiguous
26.0,305,intermediate_plastic
26.0,306,intermediate_plastic
26.0,307,epithelial_like
26.0,308,ambiguous
26.0,309,ambiguous
26.0,310,ambiguous
26.0,311,ambiguous
26.0,312,ambiguous
26.0,313,ambiguous
26.0,314,ambiguous
26.0,315,intermediate_plastic
26.0,316,ambiguous
26.0,317,intermediate_plastic
26.0,318,epithelial_like
26.0,319,ambiguous
26.0,320,ambiguous
26.0,321,intermediate_plastic
26.0,322,intermediate_plastic
26.0,323,epithelial_like
26.0,324,epithelial_like
26.0,325,epithelial_like
26.0,326,ambiguous
26.0,327,intermediate_plastic
26.0,328,ambiguous
26.0,329,intermediate_plastic
26.0,330,intermediate_plastic
26.0,331,intermediate_plastic
26.0,332,ambiguous
26.0,333,epithelial_like
26.0,334,ambiguous
26.0,335,epithelial_like
26.0,336,ambiguous
26.0,337,ambiguous
26.0,338,epithelial_like
26.0,339,ambiguous
26.0,340,intermediate_plastic
26.0,341,ambiguous
26.0,342,ambiguous
26.0,343,intermediate_plastic
26.0,344,epithelial_like
26.0,345,intermediate_plastic
26.0,346,intermediate_plastic
26.0,347,ambiguous
26.0,348,ambiguous
26.0,349,intermediate_plastic
26.0,350,epithelial_like
26.0,351,ambiguous
26.0,352,intermediate_plastic
26.0,353,epithelial_like
26.0,354,epithelial_like
26.0,355,epithelial_like
26.0,356,ambiguous
26.0,357,ambiguous
26.0,358,ambiguous
26.0,359,ambiguous
26.0,360,ambiguous
26.0,361,intermediate_plastic
26.0,362,epithelial_like
26.0,363,epithelial_like
26.0,364,epithelial_like
26.0,365,intermediate_plastic
26.0,366,ambiguous
26.0,367,epithelial_like
26.0,368,epithelial_like
26.0,369,ambiguous
26.0,370,ambiguous
26.0,371,ambiguous
26.0,372,intermediate_plastic
26.0,373,ambiguous
26.0,374,epithelial_like
26.0,375,epithelial_like
26.0,376,intermediate_plastic
26.0,377,epithelial_like
26.0,378,intermediate_plastic
26.0,379,epithelial_like
26.0,380,ambiguous
26.0,381,ambiguous
26.0,382,epithelial_like
26.0,383,ambiguous
26.0,384,epithelial_like
26.0,385,intermediate_plastic
26.0,386,ambiguous
26.0,387,intermediate_plastic
26.0,388,ambiguous
26.0,389,ambiguous
26.0,390,intermediate_plastic
26.0,391,ambiguous
26.0,392,epithelial_like
26.0,393,intermediate_plastic
26.0,394,intermediate_plastic
26.0,395,epithelial_like
26.0,396,epithelial_like
26.0,397,intermediate_plastic
26.0,398,ambiguous
26.0,399,ambiguous
26.0,400,intermediate_plastic
26.0,401,intermediate_plastic
26.0,402,intermediate_plastic
26.0,403,ambiguous
26.0,404,epithelial_like
26.0,405,epithelial_like
26.0,406,epithelial_like
26.0,407,ambiguous
26.0,408,ambiguous
26.0,409,intermediate_plastic
26.0,410,intermediate_plastic
26.0,411,intermediate_plastic
26.0,412,intermediate_plastic
26.0,413,epithelial_like
26.0,414,intermediate_plastic
26.0,415,intermediate_plastic
26.0,416,ambiguous
26.0,417,intermediate_plastic
26.0,418,intermediate_plastic
26.0,419,ambiguous
26.0,420,intermediate_plastic
26.0,421,epithelial_like
26.0,422,ambiguous
26.0,423,intermediate_plastic
26.0,424,epithelial_like
26.0,425,ambiguous
26.0,426,epithelial_like
26.0,427,epithelial_like
26.0,428,intermediate_plastic
26.0,429,ambiguous
26.0,430,ambiguous
26.0,431,intermediate_plastic
26.0,432,epithelial_like
26.0,433,epithelial_like
26.0,434,epithelial_like
26.0,435,intermediate_plastic
26.0,436,epithelial_like
26.0,437,ambiguous
26.0,438,intermediate_plastic
26.0,439,epithelial_like
26.0,440,ambiguous
26.0,441,epithelial_like
26.0,442,intermediate_plastic
26.0,443,epithelial_like
26.0,444,intermediate_plastic
26.0,445,epithelial_like
26.0,446,ambiguous
26.0,447,intermediate_plastic
26.0,448,ambiguous
26.0,449,ambiguous
26.0,450,epithelial_like
26.0,451,intermediate_plastic
26.0,452,intermediate_plastic
26.0,453,intermediate_plastic
26.0,454,epithelial_like
26.0,455,ambiguous
26.0,456,intermediate_plastic
26.0,457,intermediate_plastic
26.0,458,intermediate_plastic
26.0,459,intermediate_plastic
26.0,460,epithelial_like
26.0,461,ambiguous
26.0,462,intermediate_plastic
26.0,463,ambiguous
26.0,464,ambiguous
26.0,465,ambiguous
26.0,466,epithelial_like
26.0,467,xen_like
26.0,468,epithelial_like
26.0,469,intermediate_plastic
26.0,470,ambiguous
26.0,471,ambiguous
26.0,472,epithelial_like
26.0,473,ambiguous
26.0,474,epithelial_like
26.0,475,ambiguous
26.0,476,intermediate_plastic
26.0,477,epithelial_like
26.0,478,ambiguous
26.0,479,intermediate_plastic
26.0,480,epithelial_like
26.0,481,xen_like
26.0,482,ambiguous
26.0,483,ambiguous
26.0,484,epithelial_like
26.0,485,ambiguous
26.0,486,ambiguous
26.0,487,intermediate_plastic
26.0,488,ambiguous
26.0,489,ambiguous
26.0,490,epithelial_like
26.0,491,ambiguous
26.0,492,ambiguous
26.0,493,intermediate_plastic
26.0,494,intermediate_plastic
26.0,495,ambiguous
26.0,496,epithelial_like
26.0,497,ambiguous
26.0,498,intermediate_plastic
26.0,499,epithelial_like
26.0,500,epithelial_like
26.0,501,ambiguous
26.0,502,epithelial_like
26.0,503,epithelial_like
26.0,504,ambiguous
26.0,505,intermediate_plastic
26.0,506,ambiguous
26.0,507,ambiguous
26.0,508,epithelial_like
26.0,509,ambiguous
26.0,510,epithelial_like
26.0,511,ambiguous
26.0,512,intermediate_plastic
26.0,513,epithelial_like
26.0,514,epithelial_like
26.0,515,ambiguous
26.0,516,ambiguous
26.0,517,intermediate_plastic
26.0,518,ambiguous
26.0,519,intermediate_plastic
26.0,520,ambiguous
26.0,521,epithelial_like
26.0,522,ambiguous
26.0,523,epithelial_like
26.0,524,intermediate_plastic
26.0,525,ambiguous
26.0,526,ambiguous
26.0,527,intermediate_plastic
26.0,528,intermediate_plastic
26.0,529,epithelial_like
26.0,530,epithelial_like
26.0,531,ambiguous
26.0,532,epithelial_like
26.0,533,intermediate_plastic
26.0,534,epithelial_like
26.0,535,ambiguous
26.0,536,intermediate_plastic
26.0,537,epithelial_like
26.0,538,intermediate_plastic
26.0,539,intermediate_plastic
26.0,540,ambiguous
26.0,541,epithelial_like
26.0,542,epithelial_like
26.0,543,intermediate_plastic
26.0,544,ambiguous
26.0,545,intermediate_plastic
26.0,546,ambiguous
26.0,547,epithelial_like
26.0,548,ambiguous
26.0,549,ambiguous
26.0,550,intermediate_plastic
26.0,551,ambiguous
26.0,552,epithelial_like
26.0,553,ambiguous
26.0,554,ambiguous
26.0,555,ambiguous
26.0,556,ambiguous
26.0,557,ambiguous
26.0,558,intermediate_plastic
26.0,559,intermediate_plastic
26.0,560,ambiguous
26.0,561,epithelial_like
26.0,562,ambiguous
26.0,563,intermediate_plastic
26.0,564,epithelial_like
26.0,565,epithelial_like
26.0,566,intermediate_plastic
26.0,567,ambiguous
26.0,568,ambiguous
26.0,569,ambiguous
26.0,570,ambiguous
26.0,571,intermediate_plastic
26.0,572,intermediate_plastic
26.0,573,ambiguous
26.0,574,epithelial_like
26.0,575,intermediate_plastic
26.0,576,ambiguous
26.0,577,ambiguous
26.0,578,intermediate_plastic
26.0,579,ambiguous
26.0,580,intermediate_plastic
26.0,581,intermediate_plastic
26.0,582,epithelial_like
26.0,583,intermediate_plastic
26.0,584,ambiguous
26.0,585,ambiguous
26.0,586,ambiguous
26.0,587,ambiguous
26.0,588,intermediate_plastic
26.0,589,intermediate_plastic
26.0,590,ambiguous
26.0,591,epithelial_like
26.0,592,intermediate_plastic
26.0,593,epithelial_like
26.0,594,intermediate_plastic
26.0,595,epithelial_like
26.0,596,ambiguous
26.0,597,ambiguous
26.0,598,ambiguous
26.0,599,ambiguous
26.0,600,epithelial_like
26.0,601,epithelial_like
26.0,602,ambiguous
26.0,603,intermediate_plastic
26.0,604,epithelial_like
26.0,605,intermediate_plastic
26.0,606,epithelial_like
26.0,607,epithelial_like
26.0,608,ambiguous
26.0,609,epithelial_like
26.0,610,ambiguous
26.0,611,ambiguous
26.0,612,intermediate_plastic
26.0,613,intermediate_plastic
26.0,614,ambiguous
26.0,615,epithelial_like
26.0,616,xen_like
26.0,617,ambiguous
26.0,618,epithelial_like
26.0,619,intermediate_plastic
26.0,620,intermediate_plastic
26.0,621,epithelial_like
26.0,622,epithelial_like
26.0,623,ambiguous
26.0,624,ambiguous
26.0,625,ambiguous
26.0,626,epithelial_like
26.0,627,ambiguous
26.0,628,ambiguous
26.0,629,epithelial_like
26.0,630,intermediate_plastic
26.0,631,ambiguous
26.0,632,ambiguous
26.0,633,epithelial_like
26.0,634,intermediate_plastic
26.0,635,xen_like
26.0,636,ambiguous
26.0,637,epithelial_like
26.0,638,intermediate_plastic
26.0,639,intermediate_plastic
26.0,640,intermediate_plastic
26.0,641,ambiguous
26.0,642,epithelial_like
26.0,643,intermediate_plastic
26.0,644,intermediate_plastic
26.0,645,intermediate_plastic
26.0,646,intermediate_plastic
26.0,647,ambiguous
26.0,648,epithelial_like
26.0,649,ambiguous
26.0,650,epithelial_like
26.0,651,epithelial_like
26.0,652,ambiguous
26.0,653,intermediate_plastic
26.0,654,ambiguous
26.0,655,epithelial_like
26.0,656,intermediate_plastic
26.0,657,intermediate_plastic
26.0,658,ambiguous
26.0,659,epithelial_like
26.0,660,epithelial_like
26.0,661,intermediate_plastic
26.0,662,epithelial_like
26.0,663,ambiguous
26.0,664,ambiguous
26.0,665,intermediate_plastic
26.0,666,intermediate_plastic
26.0,667,ambiguous
26.0,668,ambiguous
26.0,669,intermediate_plastic
26.0,670,epithelial_like
26.0,671,intermediate_plastic
26.0,672,ambiguous
26.0,673,epithelial_like
26.0,674,ambiguous
26.0,675,intermediate_plastic
26.0,676,intermediate_plastic
26.0,677,intermediate_plastic
26.0,678,intermediate_plastic
26.0,679,intermediate_plastic
26.0,680,intermediate_plastic
26.0,681,intermediate_plastic
26.0,682,ambiguous
26.0,683,intermediate_plastic
26.0,684,ambiguous
26.0,685,epithelial_like
26.0,686,epithelial_like
26.0,687,epithelial_like
26.0,688,epithelial_like
26.0,689,intermediate_plastic
26.0,690,intermediate_plastic
26.0,691,intermediate_plastic
26.0,692,epithelial_like
26.0,693,intermediate_plastic
26.0,694,intermediate_plastic
26.0,695,ambiguous
26.0,696,intermediate_plastic
26.0,697,intermediate_plastic
26.0,698,epithelial_like
26.0,699,xen_like
26.0,700,ambiguous
26.0,701,intermediate_plastic
26.0,702,intermediate_plastic
26.0,703,intermediate_plastic
26.0,704,epithelial_like
26.0,705,epithelial_like
26.0,706,ambiguous
26.0,707,epithelial_like
26.0,708,epithelial_like
26.0,709,intermediate_plastic
26.0,710,ambiguous
26.0,711,intermediate_plastic
26.0,712,ambiguous
26.0,713,intermediate_plastic
26.0,714,intermediate_plastic
26.0,715,ambiguous
26.0,716,ambiguous
26.0,717,intermediate_plastic
26.0,718,ambiguous
26.0,719,epithelial_like
26.0,720,intermediate_plastic
26.0,721,ambiguous
26.0,722,ambiguous
26.0,723,ambiguous
26.0,724,ambiguous
26.0,725,ambiguous
26.0,726,ambiguous
26.0,727,epithelial_like
26.0,728,intermediate_plastic
26.0,729,ambiguous
26.0,730,ambiguous
26.0,731,epithelial_like
26.0,732,epithelial_like
26.0,733,ambiguous
26.0,734,intermediate_plastic
26.0,735,intermediate_plastic
26.0,736,intermediate_plastic
26.0,737,ambiguous
26.0,738,epithelial_like
26.0,739,intermediate_plastic
26.0,740,epithelial_like
26.0,741,intermediate_plastic
26.0,742,ambiguous
26.0,743,intermediate_plastic
26.0,744,ambiguous
26.0,745,ambiguous
26.0,746,intermediate_plastic
26.0,747,epithelial_like
26.0,748,ambiguous
26.0,749,intermediate_plastic
26.0,750,ambiguous
26.0,751,intermediate_plastic
26.0,752,intermediate_plastic
26.0,753,epithelial_like
26.0,754,intermediate_plastic
26.0,755,ambiguous
26.0,756,intermediate_plastic
26.0,757,ambiguous
26.0,758,epithelial_like
26.0,759,intermediate_plastic
26.0,760,intermediate_plastic
26.0,761,intermediate_plastic
26.0,762,ambiguous
26.0,763,ambiguous
26.0,764,intermediate_plastic
26.0,765,intermediate_plastic
26.0,766,intermediate_plastic
26.0,767,ambiguous
26.0,768,intermediate_plastic
26.0,769,intermediate_plastic
26.0,770,intermediate_plastic
26.0,771,epithelial_like
26.0,772,epithelial_like
26.0,773,ambiguous
26.0,774,epithelial_like
26.0,775,ambiguous
26.0,776,ambiguous
26.0,777,intermediate_plastic
26.0,778,intermediate_plastic
26.0,779,ambiguous
26.0,780,epithelial_like
26.0,781,epithelial_like
26.0,782,intermediate_plastic
26.0,783,epithelial_like
26.0,784,epithelial_like
26.0,785,intermediate_plastic
26.0,786,intermediate_plastic
26.0,787,ambiguous
26.0,788,ambiguous
26.0,789,intermediate_plastic
26.0,790,intermediate_plastic
26.0,791,epithelial_like
26.0,792,intermediate_plastic
26.0,793,intermediate_plastic
26.0,794,ambiguous
26.0,795,ambiguous
26.0,796,intermediate_plastic
26.0,797,intermediate_plastic
26.0,798,epithelial_like
26.0,799,intermediate_plastic
26.0,800,ambiguous
26.0,801,ambiguous
26.0,802,ambiguous
26.0,803,intermediate_plastic
26.0,804,intermediate_plastic
26.0,805,epithelial_like
26.0,806,epithelial_like
26.0,807,ambiguous
26.0,808,epithelial_like
26.0,809,ambiguous
26.0,810,epithelial_like
26.0,811,epithelial_like
26.0,812,intermediate_plastic
26.0,813,ambiguous
26.0,814,epithelial_like
26.0,815,ambiguous
26.0,816,ambiguous
26.0,817,epithelial_like
26.0,818,ambiguous
26.0,819,ambiguous
26.0,820,ambiguous
26.0,821,intermediate_plastic
26.0,822,epithelial_like
26.0,823,intermediate_plastic
26.0,824,intermediate_plastic
26.0,825,intermediate_plastic
26.0,826,intermediate_plastic
26.0,827,intermediate_plastic
26.0,828,intermediate_plastic
26.0,829,ambiguous
26.0,830,intermediate_plastic
26.0,831,epithelial_like
26.0,832,ambiguous
26.0,833,ambiguous
26.0,834,epithelial_like
26.0,835,intermediate_plastic
26.0,836,epithelial_like
26.0,837,intermediate_plastic
26.0,838,ambiguous
26.0,839,intermediate_plastic
26.0,840,ambiguous
26.0,841,ambiguous
26.0,842,epithelial_like
26.0,843,intermediate_plastic
26.0,844,intermediate_plastic
26.0,845,intermediate_plastic
26.0,846,intermediate_plastic
26.0,847,epithelial_like
26.0,848,intermediate_plastic
26.0,849,intermediate_plastic
26.0,850,ambiguous
26.0,851,intermediate_plastic
26.0,852,intermediate_plastic
26.0,853,ambiguous
26.0,854,ambiguous
26.0,855,epithelial_like
26.0,856,ambiguous
26.0,857,epithelial_like
26.0,858,intermediate_plastic
26.0,859,epithelial_like
26.0,860,intermediate_plastic
26.0,861,intermediate_plastic
26.0,862,ambiguous
26.0,863,intermediate_plastic
26.0,864,epithelial_like
26.0,865,ambiguous
26.0,866,epithelial_like
26.0,867,ambiguous
26.0,868,epithelial_like
26.0,869,ambiguous
26.0,870,epithelial_like
26.0,871,intermediate_plastic
26.0,872,intermediate_plastic
26.0,873,intermediate_plastic
26.0,874,xen_like
26.0,875,intermediate_plastic
26.0,876,ambiguous
26.0,877,epithelial_like
26.0,878,epithelial_like
26.0,879,intermediate_plastic
26.0,880,ambiguous
26.0,881,intermediate_plastic
26.0,882,ambiguous
26.0,883,epithelial_like
26.0,884,ambiguous
26.0,885,intermediate_plastic
26.0,886,intermediate_plastic
26.0,887,ambiguous
26.0,888,intermediate_plastic
26.0,889,ambiguous
26.0,890,epithelial_like
26.0,891,ambiguous
26.0,892,epithelial_like
26.0,893,ambiguous
26.0,894,ambiguous
26.0,895,epithelial_like
26.0,896,intermediate_plastic
26.0,897,epithelial_like
26.0,898,epithelial_like
26.0,899,intermediate_plastic
26.0,900,epithelial_like
26.0,901,intermediate_plastic
26.0,902,intermediate_plastic
26.0,903,intermediate_plastic
26.0,904,epithelial_like
26.0,905,epithelial_like
26.0,906,intermediate_plastic
26.0,907,intermediate_plastic
26.0,908,intermediate_plastic
26.0,909,ambiguous
26.0,910,intermediate_plastic
26.0,911,ambiguous
26.0,912,epithelial_like
26.0,913,ambiguous
26.0,914,ambiguous
26.0,915,ambiguous
26.0,916,intermediate_plastic
26.0,917,epithelial_like
26.0,918,epithelial_like
26.0,919,ambiguous
26.0,920,ambiguous
26.0,921,intermediate_plastic
26.0,922,ambiguous
26.0,923,epithelial_like
26.0,924,epithelial_like
26.0,925,intermediate_plastic
26.0,926,intermediate_plastic
26.0,927,ambiguous
26.0,928,ambiguous
26.0,929,ambiguous
26.0,930,epithelial_like
26.0,931,epithelial_like
26.0,932,epithelial_like
26.0,933,epithelial_like
26.0,934,ambiguous
26.0,935,intermediate_plastic
26.0,936,epithelial_like
26.0,937,intermediate_plastic
26.0,938,intermediate_plastic
26.0,939,epithelial_like
26.0,940,epithelial_like
26.0,941,intermediate_plastic
26.0,942,intermediate_plastic
26.0,943,intermediate_plastic
26.0,944,ambiguous
26.0,945,ambiguous
26.0,946,ambiguous
26.0,947,ambiguous
26.0,948,ambiguous
26.0,949,ambiguous
26.0,950,intermediate_plastic
26.0,951,epithelial_like
26.0,952,intermediate_plastic
26.0,953,ambiguous
26.0,954,intermediate_plastic
26.0,955,intermediate_plastic
26.0,956,epithelial_like
26.0,957,intermediate_plastic
26.0,958,intermediate_plastic
26.0,959,intermediate_plastic
26.0,960,epithelial_like
26.0,961,intermediate_plastic
26.0,962,intermediate_plastic
26.0,963,intermediate_plastic
26.0,964,intermediate_plastic
26.0,965,intermediate_plastic
26.0,966,epithelial_like
26.0,967,ambiguous
26.0,968,ambiguous
26.0,969,ambiguous
26.0,970,epithelial_like
26.0,971,epithelial_like
26.0,972,intermediate_plastic
26.0,973,epithelial_like
26.0,974,intermediate_plastic
26.0,975,epithelial_like
26.0,976,ambiguous
26.0,977,intermediate_plastic
26.0,978,intermediate_plastic
26.0,979,epithelial_like
26.0,980,ambiguous
26.0,981,intermediate_plastic
26.0,982,intermediate_plastic
26.0,983,intermediate_plastic
26.0,984,intermediate_plastic
26.0,985,ambiguous
26.0,986,epithelial_like
26.0,987,intermediate_plastic
26.0,988,intermediate_plastic
26.0,989,epithelial_like
26.0,990,epithelial_like
26.0,991,epithelial_like
26.0,992,epithelial_like
26.0,993,ambiguous
26.0,994,intermediate_plastic
26.0,995,epithelial_like
26.0,996,intermediate_plastic
26.0,997,intermediate_plastic
26.0,998,epithelial_like
26.0,999,intermediate_plastic
26.0,1000,intermediate_plastic
26.0,1001,intermediate_plastic
26.0,1002,ambiguous
26.0,1003,intermediate_plastic
26.0,1004,intermediate_plastic
26.0,1005,intermediate_plastic
26.0,1006,intermediate_plastic
26.0,1007,epithelial_like
26.0,1008,intermediate_plastic
26.0,1009,epithelial_like
26.0,1010,intermediate_plastic
26.0,1011,ambiguous
26.0,1012,ambiguous
26.0,1013,ambiguous
26.0,1014,epithelial_like
26.0,1015,intermediate_plastic
26.0,1016,intermediate_plastic
26.0,1017,epithelial_like
26.0,1018,intermediate_plastic
26.0,1019,intermediate_plastic
26.0,1020,epithelial_like
26.0,1021,ambiguous
26.0,1022,ambiguous
26.0,1023,intermediate_plastic
26.0,1024,ambiguous
26.0,1025,epithelial_like
26.0,1026,ambiguous
26.0,1027,epithelial_like
26.0,1028,xen_like
26.0,1029,intermediate_plastic
26.0,1030,intermediate_plastic
26.0,1031,intermediate_plastic
26.0,1032,intermediate_plastic
26.0,1033,intermediate_plastic
26.0,1034,intermediate_plastic
26.0,1035,epithelial_like
26.0,1036,epithelial_like
26.0,1037,epithelial_like
26.0,1038,intermediate_plastic
26.0,1039,epithelial_like
26.0,1040,ambiguous
26.0,1041,intermediate_plastic
26.0,1042,ambiguous
26.0,1043,intermediate_plastic
26.0,1044,intermediate_plastic
26.0,1045,ambiguous
26.0,1046,ambiguous
26.0,1047,intermediate_plastic
26.0,1048,intermediate_plastic
26.0,1049,ambiguous
26.0,1050,ambiguous
26.0,1051,intermediate_plastic
26.0,1052,intermediate_plastic
26.0,1053,intermediate_plastic
26.0,1054,ambiguous
26.0,1055,epithelial_like
26.0,1056,intermediate_plastic
26.0,1057,ambiguous
26.0,1058,epithelial_like
26.0,1059,intermediate_plastic
26.0,1060,ambiguous
26.0,1061,ambiguous
26.0,1062,intermediate_plastic
26.0,1063,ambiguous
26.0,1064,ambiguous
26.0,1065,epithelial_like
26.0,1066,epithelial_like
26.0,1067,ambiguous
26.0,1068,intermediate_plastic
26.0,1069,intermediate_plastic
26.0,1070,ambiguous
26.0,1071,epithelial_like
26.0,1072,intermediate_plastic
26.0,1073,ambiguous
26.0,1074,ambiguous
26.0,1075,ambiguous
26.0,1076,intermediate_plastic
26.0,1077,ambiguous
26.0,1078,intermediate_plastic
26.0,1079,epithelial_like
26.0,1080,intermediate_plastic
26.0,1081,epithelial_like
26.0,1082,intermediate_plastic
26.0,1083,intermediate_plastic
26.0,1084,ambiguous
26.0,1085,ambiguous
26.0,1086,intermediate_plastic
26.0,1087,epithelial_like
26.0,1088,epithelial_like
26.0,1089,epithelial_like
26.0,1090,ambiguous
26.0,1091,intermediate_plastic
26.0,1092,ambiguous
26.0,1093,intermediate_plastic
26.0,1094,intermediate_plastic
26.0,1095,ambiguous
26.0,1096,ambiguous
26.0,1097,ambiguous
26.0,1098,ambiguous
26.0,1099,epithelial_like
26.0,1100,ambiguous
26.0,1101,ambiguous
26.0,1102,epithelial_like
26.0,1103,ambiguous
26.0,1104,epithelial_like
26.0,1105,intermediate_plastic
26.0,1106,ambiguous
26.0,1107,intermediate_plastic
26.0,1108,ambiguous
26.0,1109,intermediate_plastic
26.0,1110,epithelial_like
26.0,1111,intermediate_plastic
26.0,1112,ambiguous
26.0,1113,epithelial_like
26.0,1114,epithelial_like
26.0,1115,intermediate_plastic
26.0,1116,ambiguous
26.0,1117,intermediate_plastic
26.0,1118,epithelial_like
26.0,1119,ambiguous
26.0,1120,ambiguous
26.0,1121,ambiguous
26.0,1122,intermediate_plastic
26.0,1123,epithelial_like
26.0,1124,epithelial_like
26.0,1125,epithelial_like
26.0,1126,ambiguous
26.0,1127,intermediate_plastic
26.0,1128,epithelial_like
26.0,1129,epithelial_like
26.0,1130,epithelial_like
26.0,1131,epithelial_like
26.0,1132,epithelial_like
26.0,1133,epithelial_like
26.0,1134,intermediate_plastic
26.0,1135,intermediate_plastic
26.0,1136,ambiguous
26.0,1137,intermediate_plastic
26.0,1138,epithelial_like
26.0,1139,intermediate_plastic
26.0,1140,ambiguous
26.0,1141,intermediate_plastic
26.0,1142,intermediate_plastic
26.0,1143,ambiguous
26.0,1144,ambiguous
26.0,1145,ambiguous
26.0,1146,ambiguous
26.0,1147,epithelial_like
26.0,1148,ambiguous
26.0,1149,intermediate_plastic
26.0,1150,intermediate_plastic
26.0,1151,ambiguous
26.0,1152,ambiguous
26.0,1153,intermediate_plastic
26.0,1154,intermediate_plastic
26.0,1155,intermediate_plastic
26.0,1156,intermediate_plastic
26.0,1157,epithelial_like
26.0,1158,epithelial_like
26.0,1159,ambiguous
26.0,1160,intermediate_plastic
26.0,1161,intermediate_plastic
26.0,1162,epithelial_like
26.0,1163,ambiguous
26.0,1164,intermediate_plastic
26.0,1165,intermediate_plastic
26.0,1166,intermediate_plastic
26.0,1167,epithelial_like
26.0,1168,epithelial_like
26.0,1169,ambiguous
26.0,1170,ambiguous
26.0,1171,intermediate_plastic
26.0,1172,intermediate_plastic
26.0,1173,xen_like
26.0,1174,intermediate_plastic
26.0,1175,epithelial_like
26.0,1176,epithelial_like
26.0,1177,ambiguous
26.0,1178,intermediate_plastic
26.0,1179,ambiguous
26.0,1180,ambiguous
26.0,1181,intermediate_plastic
26.0,1182,ambiguous
26.0,1183,intermediate_plastic
26.0,1184,intermediate_plastic
26.0,1185,intermediate_plastic
26.0,1186,intermediate_plastic
26.0,1187,ambiguous
26.0,1188,ambiguous
26.0,1189,epithelial_like
26.0,1190,ambiguous
26.0,1191,ambiguous
26.0,1192,ambiguous
26.0,1193,epithelial_like
26.0,1194,ambiguous
26.0,1195,intermediate_plastic
26.0,1196,epithelial_like
26.0,1197,intermediate_plastic
26.0,1198,xen_like
26.0,1199,epithelial_like
26.0,1200,intermediate_plastic
26.0,1201,ambiguous
26.0,1202,epithelial_like
26.0,1203,intermediate_plastic
26.0,1204,epithelial_like
26.0,1205,ambiguous
26.0,1206,ambiguous
26.0,1207,ambiguous
26.0,1208,epithelial_like
26.0,1209,intermediate_plastic
26.0,1210,epithelial_like
26.0,1211,epithelial_like
26.0,1212,ambiguous
26.0,1213,intermediate_plastic
26.0,1214,intermediate_plastic
26.0,1215,ambiguous
26.0,1216,intermediate_plastic
26.0,1217,epithelial_like
26.0,1218,ambiguous
26.0,1219,epithelial_like
26.0,1220,epithelial_like
26.0,1221,ambiguous
26.0,1222,ambiguous
26.0,1223,intermediate_plastic
26.0,1224,ambiguous
26.0,1225,intermediate_plastic
26.0,1226,intermediate_plastic
26.0,1227,intermediate_plastic
26.0,1228,intermediate_plastic
26.0,1229,intermediate_plastic
26.0,1230,epithelial_like
26.0,1231,epithelial_like
26.0,1232,intermediate_plastic
26.0,1233,epithelial_like
26.0,1234,ambiguous
26.0,1235,epithelial_like
26.0,1236,intermediate_plastic
26.0,1237,ambiguous
26.0,1238,epithelial_like
26.0,1239,epithelial_like
26.0,1240,ambiguous
26.0,1241,intermediate_plastic
26.0,1242,ambiguous
26.0,1243,intermediate_plastic
26.0,1244,intermediate_plastic
26.0,1245,epithelial_like
26.0,1246,epithelial_like
26.0,1247,ambiguous
26.0,1248,intermediate_plastic
26.0,1249,intermediate_plastic
26.0,1250,epithelial_like
26.0,1251,intermediate_plastic
26.0,1252,ambiguous
26.0,1253,ambiguous
26.0,1254,epithelial_like
26.0,1255,epithelial_like
26.0,1256,epithelial_like
26.0,1257,ambiguous
26.0,1258,intermediate_plastic
26.0,1259,ambiguous
26.0,1260,epithelial_like
26.0,1261,intermediate_plastic
26.0,1262,epithelial_like
26.0,1263,ambiguous
26.0,1264,epithelial_like
26.0,1265,ambiguous
26.0,1266,intermediate_plastic
26.0,1267,ambiguous
26.0,1268,ambiguous
26.0,1269,intermediate_plastic
26.0,1270,ambiguous
26.0,1271,epithelial_like
26.0,1272,intermediate_plastic
26.0,1273,epithelial_like
26.0,1274,ambiguous
26.0,1275,epithelial_like
26.0,1276,epithelial_like
26.0,1277,ambiguous
26.0,1278,ambiguous
26.0,1279,intermediate_plastic
26.0,1280,epithelial_like
26.0,1281,epithelial_like
26.0,1282,intermediate_plastic
26.0,1283,ambiguous
26.0,1284,intermediate_plastic
26.0,1285,ambiguous
26.0,1286,intermediate_plastic
26.0,1287,ambiguous
26.0,1288,intermediate_plastic
26.0,1289,ambiguous
26.0,1290,epithelial_like
26.0,1291,ambiguous
26.0,1292,intermediate_plastic
26.0,1293,epithelial_like
26.0,1294,ambiguous
26.0,1295,ambiguous
26.0,1296,intermediate_plastic
26.0,1297,ambiguous
26.0,1298,intermediate_plastic
26.0,1299,intermediate_plastic
26.0,1300,ambiguous
26.0,1301,epithelial_like
26.0,1302,ambiguous
26.0,1303,ambiguous
26.0,1304,ambiguous
26.0,1305,ambiguous
26.0,1306,epithelial_like
26.0,1307,ambiguous
26.0,1308,intermediate_plastic
26.0,1309,intermediate_plastic
26.0,1310,intermediate_plastic
26.0,1311,ambiguous
26.0,1312,xen_like
26.0,1313,ambiguous
26.0,1314,ambiguous
26.0,1315,intermediate_plastic
26.0,1316,intermediate_plastic
26.0,1317,ambiguous
26.0,1318,ambiguous
26.0,1319,intermediate_plastic
26.0,1320,ambiguous
26.0,1321,intermediate_plastic
26.0,1322,intermediate_plastic
26.0,1323,epithelial_like
26.0,1324,epithelial_like
26.0,1325,intermediate_plastic
26.0,1326,intermediate_plastic
26.0,1327,intermediate_plastic
26.0,1328,epithelial_like
26.0,1329,intermediate_plastic
26.0,1330,epithelial_like
26.0,1331,intermediate_plastic
26.0,1332,ambiguous
26.0,1333,intermediate_plastic
26.0,1334,epithelial_like
26.0,1335,epithelial_like
26.0,1336,intermediate_plastic
26.0,1337,intermediate_plastic
26.0,1338,intermediate_plastic
26.0,1339,intermediate_plastic
26.0,1340,intermediate_plastic
26.0,1341,ambiguous
26.0,1342,intermediate_plastic
26.0,1343,intermediate_plastic
26.0,1344,intermediate_plastic
26.0,1345,epithelial_like
26.0,1346,epithelial_like
26.0,1347,intermediate_plastic
26.0,1348,intermediate_plastic
26.0,1349,intermediate_plastic
26.0,1350,epithelial_like
26.0,1351,intermediate_plastic
26.0,1352,intermediate_plastic
26.0,1353,ambiguous
26.0,1354,intermediate_plastic
26.0,1355,ambiguous
26.0,1356,epithelial_like
26.0,1357,epithelial_like
26.0,1358,ambiguous
26.0,1359,ambiguous
26.0,1360,intermediate_plastic
26.0,1361,intermediate_plastic
26.0,1362,ambiguous
26.0,1363,intermediate_plastic
26.0,1364,ambiguous
26.0,1365,ambiguous
26.0,1366,ambiguous
26.0,1367,ambiguous
26.0,1368,intermediate_plastic
26.0,1369,epithelial_like
26.0,1370,intermediate_plastic
26.0,1371,intermediate_plastic
26.0,1372,ambiguous
26.0,1373,epithelial_like
26.0,1374,ambiguous
26.0,1375,epithelial_like
26.0,1376,epithelial_like
26.0,1377,intermediate_plastic
26.0,1378,intermediate_plastic
26.0,1379,ambiguous
26.0,1380,epithelial_like
26.0,1381,epithelial_like
26.0,1382,epithelial_like
26.0,1383,ambiguous
26.0,1384,intermediate_plastic
26.0,1385,ambiguous
26.0,1386,ambiguous
26.0,1387,intermediate_plastic
26.0,1388,ambiguous
26.0,1389,ambiguous
26.0,1390,intermediate_plastic
26.0,1391,epithelial_like
26.0,1392,intermediate_plastic
26.0,1393,ambiguous
26.0,1394,ambiguous
26.0,1395,ambiguous
26.0,1396,epithelial_like
26.0,1397,ambiguous
26.0,1398,intermediate_plastic
26.0,1399,intermediate_plastic
26.0,1400,ambiguous
26.0,1401,ambiguous
26.0,1402,ambiguous
26.0,1403,intermediate_plastic
26.0,1404,ambiguous
26.0,1405,intermediate_plastic
26.0,1406,epithelial_like
26.0,1407,intermediate_plastic
26.0,1408,ambiguous
26.0,1409,epithelial_like
26.0,1410,ambiguous
26.0,1411,ambiguous
26.0,1412,ambiguous
26.0,1413,intermediate_plastic
26.0,1414,epithelial_like
26.0,1415,intermediate_plastic
26.0,1416,intermediate_plastic
26.0,1417,intermediate_plastic
26.0,1418,intermediate_plastic
26.0,1419,intermediate_plastic
26.0,1420,ambiguous
26.0,1421,intermediate_plastic
26.0,1422,intermediate_plastic
26.0,1423,intermediate_plastic
26.0,1424,epithelial_like
26.0,1425,epithelial_like
26.0,1426,intermediate_plastic
26.0,1427,intermediate_plastic
26.0,1428,ambiguous
26.0,1429,epithelial_like
26.0,1430,intermediate_plastic
26.0,1431,ambiguous
26.0,1432,epithelial_like
26.0,1433,ambiguous
26.0,1434,epithelial_like
26.0,1435,intermediate_plastic
26.0,1436,intermediate_plastic
26.0,1437,intermediate_plastic
26.0,1438,intermediate_plastic
26.0,1439,ambiguous
26.0,1440,intermediate_plastic
26.0,1441,intermediate_plastic
26.0,1442,ambiguous
26.0,1443,intermediate_plastic
26.0,1444,ambiguous
26.0,1445,ambiguous
26.0,1446,intermediate_plastic
26.0,1447,ambiguous
26.0,1448,intermediate_plastic
26.0,1449,intermediate_plastic
26.0,1450,intermediate_plastic
26.0,1451,epithelial_like
26.0,1452,ambiguous
26.0,1453,ambiguous
26.0,1454,intermediate_plastic
26.0,1455,intermediate_plastic
26.0,1456,epithelial_like
26.0,1457,intermediate_plastic
26.0,1458,epithelial_like
26.0,1459,epithelial_like
26.0,1460,ambiguous
26.0,1461,intermediate_plastic
26.0,1462,epithelial_like
26.0,1463,ambiguous
26.0,1464,epithelial_like
26.0,1465,ambiguous
26.0,1466,epithelial_like
26.0,1467,intermediate_plastic
26.0,1468,intermediate_plastic
26.0,1469,epithelial_like
26.0,1470,epithelial_like
26.0,1471,intermediate_plastic
26.0,1472,intermediate_plastic
26.0,1473,intermediate_plastic
26.0,1474,ambiguous
26.0,1475,ambiguous
26.0,1476,intermediate_plastic
26.0,1477,intermediate_plastic
26.0,1478,intermediate_plastic
26.0,1479,epithelial_like
26.0,1480,intermediate_plastic
26.0,1481,epithelial_like
26.0,1482,epithelial_like
26.0,1483,ambiguous
26.0,1484,ambiguous
26.0,1485,epithelial_like
26.0,1486,ambiguous
26.0,1487,ambiguous
26.0,1488,intermediate_plastic
26.0,1489,ambiguous
26.0,1490,epithelial_like
26.0,1491,ambiguous
26.0,1492,ambiguous
26.0,1493,epithelial_like
26.0,1494,ambiguous
26.0,1495,intermediate_plastic
26.0,1496,epithelial_like
26.0,1497,epithelial_like
26.0,1498,epithelial_like
26.0,1499,epithelial_like
26.0,1500,intermediate_plastic
26.0,1501,ambiguous
26.0,1502,epithelial_like
26.0,1503,epithelial_like
26.0,1504,intermediate_plastic
26.0,1505,ambiguous
26.0,1506,ambiguous
26.0,1507,intermediate_plastic
26.0,1508,ambiguous
26.0,1509,epithelial_like
26.0,1510,epithelial_like
26.0,1511,epithelial_like
26.0,1512,epithelial_like
26.0,1513,intermediate_plastic
26.0,1514,epithelial_like
26.0,1515,intermediate_plastic
26.0,1516,epithelial_like
26.0,1517,epithelial_like
26.0,1518,ambiguous
26.0,1519,ambiguous
26.0,1520,intermediate_plastic
26.0,1521,epithelial_like
26.0,1522,ambiguous
26.0,1523,intermediate_plastic
26.0,1524,intermediate_plastic
26.0,1525,ambiguous
26.0,1526,intermediate_plastic
26.0,1527,ambiguous
26.0,1528,ambiguous
26.0,1529,epithelial_like
26.0,1530,epithelial_like
26.0,1531,ambiguous
26.0,1532,epithelial_like
26.0,1533,epithelial_like
26.0,1534,ambiguous
26.0,1535,intermediate_plastic
26.0,1536,intermediate_plastic
26.0,1537,epithelial_like
26.0,1538,intermediate_plastic
26.0,1539,intermediate_plastic
26.0,1540,epithelial_like
26.0,1541,ambiguous
26.0,1542,intermediate_plastic
26.0,1543,ambiguous
26.0,1544,epithelial_like
26.0,1545,intermediate_plastic
26.0,1546,intermediate_plastic
26.0,1547,ambiguous
26.0,1548,intermediate_plastic
26.0,1549,intermediate_plastic
26.0,1550,ambiguous
26.0,1551,epithelial_like
26.0,1552,epithelial_like
26.0,1553,intermediate_plastic
26.0,1554,epithelial_like
26.0,1555,ambiguous
26.0,1556,intermediate_plastic
26.0,1557,epithelial_like
26.0,1558,intermediate_plastic
26.0,1559,ambiguous
26.0,1560,intermediate_plastic
26.0,1561,epithelial_like
26.0,1562,ambiguous
26.0,1563,epithelial_like
26.0,1564,intermediate_plastic
26.0,1565,ambiguous
26.0,1566,ambiguous
26.0,1567,intermediate_plastic
26.0,1568,ambiguous
26.0,1569,intermediate_plastic
26.0,1570,ambiguous
26.0,1571,ambiguous
26.0,1572,ambiguous
26.0,1573,ambiguous
26.0,1574,intermediate_plastic
26.0,1575,ambiguous
26.0,1576,intermediate_plastic
26.0,1577,ambiguous
26.0,1578,epithelial_like
26.0,1579,ambiguous
26.0,1580,intermediate_plastic
26.0,1581,intermediate_plastic
26.0,1582,ambiguous
26.0,1583,ambiguous
26.0,1584,epithelial_like
26.0,1585,intermediate_plastic
26.0,1586,ambiguous
26.0,1587,ambiguous
26.0,1588,ambiguous
26.0,1589,ambiguous
26.0,1590,intermediate_plastic
26.0,1591,ambiguous
26.0,1592,intermediate_plastic
26.0,1593,intermediate_plastic
26.0,1594,intermediate_plastic
26.0,1595,ambiguous
26.0,1596,intermediate_plastic
26.0,1597,epithelial_like
26.0,1598,epithelial_like
26.0,1599,epithelial_like
26.0,1600,ambiguous
26.0,1601,ambiguous
26.0,1602,ambiguous
26.0,1603,epithelial_like
26.0,1604,intermediate_plastic
26.0,1605,intermediate_plastic
26.0,1606,epithelial_like
26.0,1607,epithelial_like
26.0,1608,epithelial_like
26.0,1609,ambiguous
26.0,1610,intermediate_plastic
26.0,1611,intermediate_plastic
26.0,1612,intermediate_plastic
26.0,1613,intermediate_plastic
26.0,1614,ambiguous
26.0,1615,ambiguous
26.0,1616,ambiguous
26.0,1617,ambiguous
26.0,1618,epithelial_like
26.0,1619,ambiguous
26.0,1620,ambiguous
26.0,1621,epithelial_like
26.0,1622,epithelial_like
26.0,1623,ambiguous
26.0,1624,ambiguous
26.0,1625,epithelial_like
26.0,1626,ambiguous
26.0,1627,epithelial_like
26.0,1628,intermediate_plastic
26.0,1629,ambiguous
26.0,1630,intermediate_plastic
26.0,1631,ambiguous
26.0,1632,ambiguous
26.0,1633,intermediate_plastic
26.0,1634,ambiguous
26.0,1635,epithelial_like
26.0,1636,ambiguous
26.0,1637,epithelial_like
26.0,1638,intermediate_plastic
26.0,1639,epithelial_like
26.0,1640,epithelial_like
26.0,1641,intermediate_plastic
26.0,1642,intermediate_plastic
26.0,1643,ambiguous
26.0,1644,epithelial_like
26.0,1645,intermediate_plastic
26.0,1646,ambiguous
26.0,1647,epithelial_like
26.0,1648,intermediate_plastic
26.0,1649,epithelial_like
26.0,1650,intermediate_plastic
26.0,1651,epithelial_like
26.0,1652,intermediate_plastic
26.0,1653,ambiguous
26.0,1654,epithelial_like
26.0,1655,epithelial_like
26.0,1656,epithelial_like
26.0,1657,epithelial_like
26.0,1658,intermediate_plastic
26.0,1659,epithelial_like
26.0,1660,ambiguous
26.0,1661,intermediate_plastic
26.0,1662,ambiguous
26.0,1663,epithelial_like
26.0,1664,epithelial_like
26.0,1665,ambiguous
26.0,1666,intermediate_plastic
26.0,1667,intermediate_plastic
26.0,1668,epithelial_like
26.0,1669,intermediate_plastic
26.0,1670,intermediate_plastic
26.0,1671,epithelial_like
26.0,1672,epithelial_like
26.0,1673,epithelial_like
26.0,1674,intermediate_plastic
26.0,1675,epithelial_like
26.0,1676,ambiguous
26.0,1677,ambiguous
26.0,1678,ambiguous
26.0,1679,intermediate_plastic
26.0,1680,ambiguous
26.0,1681,intermediate_plastic
26.0,1682,intermediate_plastic
26.0,1683,intermediate_plastic
26.0,1684,ambiguous
26.0,1685,epithelial_like
26.0,1686,ambiguous
26.0,1687,ambiguous
26.0,1688,ambiguous
26.0,1689,epithelial_like
26.0,1690,ambiguous
26.0,1691,ambiguous
26.0,1692,epithelial_like
26.0,1693,intermediate_plastic
26.0,1694,intermediate_plastic
26.0,1695,ambiguous
26.0,1696,intermediate_plastic
26.0,1697,intermediate_plastic
26.0,1698,intermediate_plastic
26.0,1699,epithelial_like
26.0,1700,intermediate_plastic
26.0,1701,ambiguous
26.0,1702,epithelial_like
26.0,1703,epithelial_like
26.0,1704,ambiguous
26.0,1705,intermediate_plastic
26.0,1706,epithelial_like
26.0,1707,epithelial_like
26.0,1708,epithelial_like
26.0,1709,ambiguous
26.0,1710,intermediate_plastic
26.0,1711,intermediate_plastic
26.0,1712,intermediate_plastic
26.0,1713,ambiguous
26.0,1714,intermediate_plastic
26.0,1715,intermediate_plastic
26.0,1716,intermediate_plastic
26.0,1717,intermediate_plastic
26.0,1718,ambiguous
26.0,1719,ambiguous
26.0,1720,ambiguous
26.0,1721,ambiguous
26.0,1722,intermediate_plastic
26.0,1723,intermediate_plastic
26.0,1724,intermediate_plastic
26.0,1725,ambiguous
26.0,1726,ambiguous
26.0,1727,ambiguous
26.0,1728,ambiguous
26.0,1729,ambiguous
26.0,1730,ambiguous
26.0,1731,ambiguous
26.0,1732,intermediate_plastic
26.0,1733,epithelial_like
26.0,1734,intermediate_plastic
26.0,1735,intermediate_plastic
26.0,1736,epithelial_like
26.0,1737,ambiguous
26.0,1738,ambiguous
26.0,1739,epithelial_like
26.0,1740,epithelial_like
26.0,1741,ambiguous
26.0,1742,ambiguous
26.0,1743,ambiguous
26.0,1744,intermediate_plastic
26.0,1745,intermediate_plastic
26.0,1746,ambiguous
26.0,1747,intermediate_plastic
26.0,1748,ambiguous
26.0,1749,ambiguous
26.0,1750,epithelial_like
26.0,1751,epithelial_like
26.0,1752,ambiguous
26.0,1753,intermediate_plastic
26.0,1754,epithelial_like
26.0,1755,ambiguous
26.0,1756,intermediate_plastic
26.0,1757,intermediate_plastic
26.0,1758,epithelial_like
26.0,1759,intermediate_plastic
26.0,1760,epithelial_like
26.0,1761,epithelial_like
26.0,1762,ambiguous
26.0,1763,intermediate_plastic
26.0,1764,intermediate_plastic
26.0,1765,intermediate_plastic
26.0,1766,intermediate_plastic
26.0,1767,ambiguous
26.0,1768,ambiguous
26.0,1769,intermediate_plastic
26.0,1770,intermediate_plastic
26.0,1771,ambiguous
26.0,1772,ambiguous
26.0,1773,ambiguous
26.0,1774,intermediate_plastic
26.0,1775,ambiguous
26.0,1776,epithelial_like
26.0,1777,ambiguous
26.0,1778,ambiguous
26.0,1779,ambiguous
26.0,1780,epithelial_like
26.0,1781,ambiguous
26.0,1782,intermediate_plastic
26.0,1783,ambiguous
26.0,1784,intermediate_plastic
26.0,1785,intermediate_plastic
26.0,1786,epithelial_like
26.0,1787,intermediate_plastic
26.0,1788,ambiguous
26.0,1789,intermediate_plastic
26.0,1790,epithelial_like
26.0,1791,epithelial_like
26.0,1792,intermediate_plastic
26.0,1793,intermediate_plastic
26.0,1794,ambiguous
26.0,1795,epithelial_like
26.0,1796,intermediate_plastic
26.0,1797,intermediate_plastic
26.0,1798,ambiguous
26.0,1799,epithelial_like
26.0,1800,intermediate_plastic
26.0,1801,epithelial_like
26.0,1802,epithelial_like
26.0,1803,intermediate_plastic
26.0,1804,intermediate_plastic
26.0,1805,ambiguous
26.0,1806,ambiguous
26.0,1807,intermediate_plastic
26.0,1808,epithelial_like
26.0,1809,epithelial_like
26.0,1810,intermediate_plastic
26.0,1811,ambiguous
26.0,1812,ambiguous
26.0,1813,ambiguous
26.0,1814,epithelial_like
26.0,1815,epithelial_like
26.0,1816,epithelial_like
26.0,1817,ambiguous
26.0,1818,ambiguous
26.0,1819,ambiguous
26.0,1820,ambiguous
26.0,1821,intermediate_plastic
26.0,1822,intermediate_plastic
26.0,1823,epithelial_like
26.0,1824,intermediate_plastic
26.0,1825,ambiguous
26.0,1826,ambiguous
26.0,1827,intermediate_plastic
26.0,1828,intermediate_plastic
26.0,1829,intermediate_plastic
26.0,1830,ambiguous
26.0,1831,ambiguous
26.0,1832,intermediate_plastic
26.0,1833,intermediate_plastic
26.0,1834,ambiguous
26.0,1835,ambiguous
26.0,1836,intermediate_plastic
26.0,1837,intermediate_plastic
26.0,1838,ambiguous
26.0,1839,ambiguous
26.0,1840,ambiguous
26.0,1841,epithelial_like
26.0,1842,ambiguous
26.0,1843,intermediate_plastic
26.0,1844,ambiguous
26.0,1845,intermediate_plastic
26.0,1846,ambiguous
26.0,1847,intermediate_plastic
26.0,1848,intermediate_plastic
26.0,1849,intermediate_plastic
26.0,1850,intermediate_plastic
26.0,1851,ambiguous
26.0,1852,intermediate_plastic
26.0,1853,epithelial_like
26.0,1854,epithelial_like
26.0,1855,intermediate_plastic
26.0,1856,intermediate_plastic
26.0,1857,intermediate_plastic
26.0,1858,intermediate_plastic
26.0,1859,ambiguous
26.0,1860,intermediate_plastic
26.0,1861,epithelial_like
26.0,1862,epithelial_like
26.0,1863,ambiguous
26.0,1864,epithelial_like
26.0,1865,epithelial_like
26.0,1866,intermediate_plastic
26.0,1867,epithelial_like
26.0,1868,epithelial_like
26.0,1869,ambiguous
26.0,1870,ambiguous
26.0,1871,epithelial_like
26.0,1872,epithelial_like
26.0,1873,ambiguous
26.0,1874,epithelial_like
26.0,1875,epithelial_like
26.0,1876,ambiguous
26.0,1877,ambiguous
26.0,1878,intermediate_plastic
26.0,1879,epithelial_like
26.0,1880,ambiguous
26.0,1881,epithelial_like
26.0,1882,ambiguous
26.0,1883,ambiguous
26.0,1884,epithelial_like
26.0,1885,intermediate_plastic
26.0,1886,intermediate_plastic
26.0,1887,epithelial_like
26.0,1888,intermediate_plastic
26.0,1889,intermediate_plastic
26.0,1890,intermediate_plastic
26.0,1891,intermediate_plastic
26.0,1892,epithelial_like
26.0,1893,epithelial_like
26.0,1894,ambiguous
26.0,1895,intermediate_plastic
26.0,1896,ambiguous
26.0,1897,ambiguous
26.0,1898,intermediate_plastic
26.0,1899,ambiguous
26.0,1900,intermediate_plastic
26.0,1901,ambiguous
26.0,1902,ambiguous
26.0,1903,epithelial_like
26.0,1904,epithelial_like
26.0,1905,ambiguous
26.0,1906,epithelial_like
26.0,1907,intermediate_plastic
26.0,1908,ambiguous
26.0,1909,intermediate_plastic
26.0,1910,intermediate_plastic
26.0,1911,ambiguous
26.0,1912,ambiguous
26.0,1913,intermediate_plastic
26.0,1914,intermediate_plastic
26.0,1915,intermediate_plastic
26.0,1916,epithelial_like
26.0,1917,ambiguous
26.0,1918,intermediate_plastic
26.0,1919,intermediate_plastic
26.0,1920,epithelial_like
26.0,1921,ambiguous
26.0,1922,epithelial_like
26.0,1923,epithelial_like
26.0,1924,ambiguous
26.0,1925,intermediate_plastic
26.0,1926,ambiguous
26.0,1927,epithelial_like
26.0,1928,intermediate_plastic
26.0,1929,ambiguous
26.0,1930,epithelial_like
26.0,1931,epithelial_like
26.0,1932,intermediate_plastic
26.0,1933,ambiguous
26.0,1934,intermediate_plastic
26.0,1935,epithelial_like
26.0,1936,intermediate_plastic
26.0,1937,intermediate_plastic
26.0,1938,xen_like
26.0,1939,xen_like
26.0,1940,epithelial_like
26.0,1941,intermediate_plastic
26.0,1942,intermediate_plastic
26.0,1943,ambiguous
26.0,1944,ambiguous
26.0,1945,intermediate_plastic
26.0,1946,ambiguous
26.0,1947,epithelial_like
26.0,1948,epithelial_like
26.0,1949,ambiguous
26.0,1950,epithelial_like
26.0,1951,intermediate_plastic
26.0,1952,intermediate_plastic
26.0,1953,ambiguous
26.0,1954,ambiguous
26.0,1955,intermediate_plastic
26.0,1956,ambiguous
26.0,1957,intermediate_plastic
26.0,1958,intermediate_plastic
26.0,1959,intermediate_plastic
26.0,1960,ambiguous
26.0,1961,intermediate_plastic
26.0,1962,ambiguous
26.0,1963,epithelial_like
26.0,1964,intermediate_plastic
26.0,1965,intermediate_plastic
26.0,1966,ambiguous
26.0,1967,ambiguous
26.0,1968,ambiguous
26.0,1969,ambiguous
26.0,1970,ambiguous
26.0,1971,epithelial_like
26.0,1972,intermediate_plastic
26.0,1973,ambiguous
26.0,1974,ambiguous
26.0,1975,ambiguous
26.0,1976,epithelial_like
26.0,1977,intermediate_plastic
26.0,1978,ambiguous
26.0,1979,epithelial_like
26.0,1980,intermediate_plastic
26.0,1981,intermediate_plastic
26.0,1982,ambiguous
26.0,1983,intermediate_plastic
26.0,1984,intermediate_plastic
26.0,1985,ambiguous
26.0,1986,ambiguous
26.0,1987,ambiguous
26.0,1988,intermediate_plastic
26.0,1989,intermediate_plastic
26.0,1990,epithelial_like
26.0,1991,ambiguous
26.0,1992,intermediate_plastic
26.0,1993,epithelial_like
26.0,1994,ambiguous
26.0,1995,intermediate_plastic
26.0,1996,ambiguous
26.0,1997,intermediate_plastic
26.0,1998,ambiguous
26.0,1999,intermediate_plastic
28.0,0,ambiguous
28.0,1,ambiguous
28.0,2,epithelial_like
28.0,3,intermediate_plastic
28.0,4,intermediate_plastic
28.0,5,epithelial_like
28.0,6,intermediate_plastic
28.0,7,intermediate_plastic
28.0,8,ambiguous
28.0,9,ambiguous
28.0,10,epithelial_like
28.0,11,ambiguous
28.0,12,ambiguous
28.0,13,ambiguous
28.0,14,intermediate_plastic
28.0,15,ambiguous
28.0,16,ambiguous
28.0,17,epithelial_like
28.0,18,intermediate_plastic
28.0,19,xen_like
28.0,20,ambiguous
28.0,21,intermediate_plastic
28.0,22,ambiguous
28.0,23,intermediate_plastic
28.0,24,intermediate_plastic
28.0,25,intermediate_plastic
28.0,26,ambiguous
28.0,27,epithelial_like
28.0,28,ambiguous
28.0,29,ambiguous
28.0,30,intermediate_plastic
28.0,31,intermediate_plastic
28.0,32,intermediate_plastic
28.0,33,intermediate_plastic
28.0,34,epithelial_like
28.0,35,intermediate_plastic
28.0,36,intermediate_plastic
28.0,37,epithelial_like
28.0,38,ambiguous
28.0,39,intermediate_plastic
28.0,40,intermediate_plastic
28.0,41,ambiguous
28.0,42,intermediate_plastic
28.0,43,ambiguous
28.0,44,intermediate_plastic
28.0,45,intermediate_plastic
28.0,46,ambiguous
28.0,47,ambiguous
28.0,48,epithelial_like
28.0,49,intermediate_plastic
28.0,50,intermediate_plastic
28.0,51,epithelial_like
28.0,52,ambiguous
28.0,53,intermediate_plastic
28.0,54,intermediate_plastic
28.0,55,intermediate_plastic
28.0,56,intermediate_plastic
28.0,57,intermediate_plastic
28.0,58,intermediate_plastic
28.0,59,ambiguous
28.0,60,ambiguous
28.0,61,intermediate_plastic
28.0,62,epithelial_like
28.0,63,epithelial_like
28.0,64,intermediate_plastic
28.0,65,ambiguous
28.0,66,ambiguous
28.0,67,ambiguous
28.0,68,ambiguous
28.0,69,epithelial_like
28.0,70,epithelial_like
28.0,71,intermediate_plastic
28.0,72,ambiguous
28.0,73,ambiguous
28.0,74,epithelial_like
28.0,75,epithelial_like
28.0,76,ambiguous
28.0,77,intermediate_plastic
28.0,78,intermediate_plastic
28.0,79,ambiguous
28.0,80,epithelial_like
28.0,81,ambiguous
28.0,82,epithelial_like
28.0,83,intermediate_plastic
28.0,84,ambiguous
28.0,85,intermediate_plastic
28.0,86,ambiguous
28.0,87,intermediate_plastic
28.0,88,intermediate_plastic
28.0,89,intermediate_plastic
28.0,90,epithelial_like
28.0,91,ambiguous
28.0,92,intermediate_plastic
28.0,93,intermediate_plastic
28.0,94,ambiguous
28.0,95,intermediate_plastic
28.0,96,epithelial_like
28.0,97,intermediate_plastic
28.0,98,xen_like
28.0,99,ambiguous
28.0,100,ambiguous
28.0,101,intermediate_plastic
28.0,102,intermediate_plastic
28.0,103,intermediate_plastic
28.0,104,epithelial_like
28.0,105,epithelial_like
28.0,106,ambiguous
28.0,107,intermediate_plastic
28.0,108,ambiguous
28.0,109,intermediate_plastic
28.0,110,epithelial_like
28.0,111,ambiguous
28.0,112,intermediate_plastic
28.0,113,ambiguous
28.0,114,epithelial_like
28.0,115,ambiguous
28.0,116,ambiguous
28.0,117,epithelial_like
28.0,118,intermediate_plastic
28.0,119,epithelial_like
28.0,120,ambiguous
28.0,121,intermediate_plastic
28.0,122,epithelial_like
28.0,123,ambiguous
28.0,124,ambiguous
28.0,125,epithelial_like
28.0,126,intermediate_plastic
28.0,127,ambiguous
28.0,128,ambiguous
28.0,129,ambiguous
28.0,130,ambiguous
28.0,131,epithelial_like
28.0,132,intermediate_plastic
28.0,133,epithelial_like
28.0,134,ambiguous
28.0,135,epithelial_like
28.0,136,intermediate_plastic
28.0,137,intermediate_plastic
28.0,138,xen_like
28.0,139,epithelial_like
28.0,140,intermediate_plastic
28.0,141,ambiguous
28.0,142,ambiguous
28.0,143,intermediate_plastic
28.0,144,intermediate_plastic
28.0,145,intermediate_plastic
28.0,146,ambiguous
28.0,147,epithelial_like
28.0,148,intermediate_plastic
28.0,149,ambiguous
28.0,150,intermediate_plastic
28.0,151,epithelial_like
28.0,152,ambiguous
28.0,153,ambiguous
28.0,154,intermediate_plastic
28.0,155,ambiguous
28.0,156,ambiguous
28.0,157,ambiguous
28.0,158,intermediate_plastic
28.0,159,ambiguous
28.0,160,ambiguous
28.0,161,intermediate_plastic
28.0,162,epithelial_like
28.0,163,intermediate_plastic
28.0,164,intermediate_plastic
28.0,165,intermediate_plastic
28.0,166,intermediate_plastic
28.0,167,epithelial_like
28.0,168,ambiguous
28.0,169,intermediate_plastic
28.0,170,intermediate_plastic
28.0,171,ambiguous
28.0,172,ambiguous
28.0,173,intermediate_plastic
28.0,174,ambiguous
28.0,175,ambiguous
28.0,176,ambiguous
28.0,177,epithelial_like
28.0,178,epithelial_like
28.0,179,epithelial_like
28.0,180,ambiguous
28.0,181,epithelial_like
28.0,182,epithelial_like
28.0,183,epithelial_like
28.0,184,epithelial_like
28.0,185,ambiguous
28.0,186,intermediate_plastic
28.0,187,intermediate_plastic
28.0,188,ambiguous
28.0,189,intermediate_plastic
28.0,190,intermediate_plastic
28.0,191,intermediate_plastic
28.0,192,intermediate_plastic
28.0,193,intermediate_plastic
28.0,194,intermediate_plastic
28.0,195,epithelial_like
28.0,196,ambiguous
28.0,197,intermediate_plastic
28.0,198,epithelial_like
28.0,199,intermediate_plastic
28.0,200,epithelial_like
28.0,201,ambiguous
28.0,202,ambiguous
28.0,203,intermediate_plastic
28.0,204,intermediate_plastic
28.0,205,ambiguous
28.0,206,intermediate_plastic
28.0,207,intermediate_plastic
28.0,208,intermediate_plastic
28.0,209,ambiguous
28.0,210,intermediate_plastic
28.0,211,intermediate_plastic
28.0,212,intermediate_plastic
28.0,213,intermediate_plastic
28.0,214,epithelial_like
28.0,215,epithelial_like
28.0,216,ambiguous
28.0,217,ambiguous
28.0,218,ambiguous
28.0,219,intermediate_plastic
28.0,220,intermediate_plastic
28.0,221,intermediate_plastic
28.0,222,epithelial_like
28.0,223,epithelial_like
28.0,224,epithelial_like
28.0,225,intermediate_plastic
28.0,226,ambiguous
28.0,227,intermediate_plastic
28.0,228,epithelial_like
28.0,229,ambiguous
28.0,230,intermediate_plastic
28.0,231,intermediate_plastic
28.0,232,epithelial_like
28.0,233,ambiguous
28.0,234,intermediate_plastic
28.0,235,epithelial_like
28.0,236,intermediate_plastic
28.0,237,intermediate_plastic
28.0,238,intermediate_plastic
28.0,239,epithelial_like
28.0,240,ambiguous
28.0,241,ambiguous
28.0,242,ambiguous
28.0,243,intermediate_plastic
28.0,244,ambiguous
28.0,245,intermediate_plastic
28.0,246,ambiguous
28.0,247,intermediate_plastic
28.0,248,ambiguous
28.0,249,intermediate_plastic
28.0,250,intermediate_plastic
28.0,251,intermediate_plastic
28.0,252,ambiguous
28.0,253,epithelial_like
28.0,254,intermediate_plastic
28.0,255,epithelial_like
28.0,256,intermediate_plastic
28.0,257,epithelial_like
28.0,258,epithelial_like
28.0,259,intermediate_plastic
28.0,260,ambiguous
28.0,261,intermediate_plastic
28.0,262,intermediate_plastic
28.0,263,intermediate_plastic
28.0,264,intermediate_plastic
28.0,265,intermediate_plastic
28.0,266,intermediate_plastic
28.0,267,epithelial_like
28.0,268,epithelial_like
28.0,269,epithelial_like
28.0,270,intermediate_plastic
28.0,271,intermediate_plastic
28.0,272,intermediate_plastic
28.0,273,ambiguous
28.0,274,ambiguous
28.0,275,intermediate_plastic
28.0,276,intermediate_plastic
28.0,277,ambiguous
28.0,278,ambiguous
28.0,279,ambiguous
28.0,280,epithelial_like
28.0,281,epithelial_like
28.0,282,ambiguous
28.0,283,ambiguous
28.0,284,intermediate_plastic
28.0,285,intermediate_plastic
28.0,286,intermediate_plastic
28.0,287,ambiguous
28.0,288,ambiguous
28.0,289,ambiguous
28.0,290,ambiguous
28.0,291,ambiguous
28.0,292,intermediate_plastic
28.0,293,epithelial_like
28.0,294,intermediate_plastic
28.0,295,ambiguous
28.0,296,intermediate_plastic
28.0,297,ambiguous
28.0,298,intermediate_plastic
28.0,299,ambiguous
28.0,300,ambiguous
28.0,301,intermediate_plastic
28.0,302,intermediate_plastic
28.0,303,epithelial_like
28.0,304,ambiguous
28.0,305,intermediate_plastic
28.0,306,ambiguous
28.0,307,intermediate_plastic
28.0,308,epithelial_like
28.0,309,ambiguous
28.0,310,ambiguous
28.0,311,epithelial_like
28.0,312,ambiguous
28.0,313,intermediate_plastic
28.0,314,ambiguous
28.0,315,intermediate_plastic
28.0,316,ambiguous
28.0,317,ambiguous
28.0,318,ambiguous
28.0,319,intermediate_plastic
28.0,320,intermediate_plastic
28.0,321,intermediate_plastic
28.0,322,intermediate_plastic
28.0,323,ambiguous
28.0,324,epithelial_like
28.0,325,epithelial_like
28.0,326,intermediate_plastic
28.0,327,epithelial_like
28.0,328,ambiguous
28.0,329,ambiguous
28.0,330,intermediate_plastic
28.0,331,intermediate_plastic
28.0,332,intermediate_plastic
28.0,333,ambiguous
28.0,334,intermediate_plastic
28.0,335,intermediate_plastic
28.0,336,intermediate_plastic
28.0,337,ambiguous
28.0,338,epithelial_like
28.0,339,epithelial_like
28.0,340,epithelial_like
28.0,341,ambiguous
28.0,342,intermediate_plastic
28.0,343,intermediate_plastic
28.0,344,epithelial_like
28.0,345,ambiguous
28.0,346,ambiguous
28.0,347,ambiguous
28.0,348,ambiguous
28.0,349,intermediate_plastic
28.0,350,ambiguous
28.0,351,intermediate_plastic
28.0,352,intermediate_plastic
28.0,353,intermediate_plastic
28.0,354,intermediate_plastic
28.0,355,intermediate_plastic
28.0,356,intermediate_plastic
28.0,357,intermediate_plastic
28.0,358,intermediate_plastic
28.0,359,epithelial_like
28.0,360,ambiguous
28.0,361,ambiguous
28.0,362,intermediate_plastic
28.0,363,ambiguous
28.0,364,ambiguous
28.0,365,xen_like
28.0,366,ambiguous
28.0,367,intermediate_plastic
28.0,368,epithelial_like
28.0,369,intermediate_plastic
28.0,370,ambiguous
28.0,371,ambiguous
28.0,372,epithelial_like
28.0,373,intermediate_plastic
28.0,374,ambiguous
28.0,375,intermediate_plastic
28.0,376,epithelial_like
28.0,377,ambiguous
28.0,378,intermediate_plastic
28.0,379,epithelial_like
28.0,380,intermediate_plastic
28.0,381,ambiguous
28.0,382,ambiguous
28.0,383,ambiguous
28.0,384,epithelial_like
28.0,385,intermediate_plastic
28.0,386,epithelial_like
28.0,387,intermediate_plastic
28.0,388,epithelial_like
28.0,389,ambiguous
28.0,390,ambiguous
28.0,391,ambiguous
28.0,392,intermediate_plastic
28.0,393,epithelial_like
28.0,394,epithelial_like
28.0,395,epithelial_like
28.0,396,ambiguous
28.0,397,intermediate_plastic
28.0,398,ambiguous
28.0,399,ambiguous
28.0,400,intermediate_plastic
28.0,401,ambiguous
28.0,402,epithelial_like
28.0,403,intermediate_plastic
28.0,404,ambiguous
28.0,405,intermediate_plastic
28.0,406,ambiguous
28.0,407,ambiguous
28.0,408,intermediate_plastic
28.0,409,intermediate_plastic
28.0,410,intermediate_plastic
28.0,411,intermediate_plastic
28.0,412,intermediate_plastic
28.0,413,intermediate_plastic
28.0,414,intermediate_plastic
28.0,415,epithelial_like
28.0,416,ambiguous
28.0,417,intermediate_plastic
28.0,418,intermediate_plastic
28.0,419,ambiguous
28.0,420,intermediate_plastic
28.0,421,epithelial_like
28.0,422,intermediate_plastic
28.0,423,epithelial_like
28.0,424,intermediate_plastic
28.0,425,intermediate_plastic
28.0,426,ambiguous
28.0,427,epithelial_like
28.0,428,intermediate_plastic
28.0,429,epithelial_like
28.0,430,ambiguous
28.0,431,epithelial_like
28.0,432,epithelial_like
28.0,433,epithelial_like
28.0,434,intermediate_plastic
28.0,435,ambiguous
28.0,436,epithelial_like
28.0,437,ambiguous
28.0,438,intermediate_plastic
28.0,439,epithelial_like
28.0,440,ambiguous
28.0,441,ambiguous
28.0,442,epithelial_like
28.0,443,intermediate_plastic
28.0,444,ambiguous
28.0,445,epithelial_like
28.0,446,ambiguous
28.0,447,intermediate_plastic
28.0,448,intermediate_plastic
28.0,449,ambiguous
28.0,450,epithelial_like
28.0,451,intermediate_plastic
28.0,452,ambiguous
28.0,453,ambiguous
28.0,454,ambiguous
28.0,455,intermediate_plastic
28.0,456,ambiguous
28.0,457,ambiguous
28.0,458,ambiguous
28.0,459,intermediate_plastic
28.0,460,intermediate_plastic
28.0,461,epithelial_like
28.0,462,intermediate_plastic
28.0,463,ambiguous
28.0,464,ambiguous
28.0,465,epithelial_like
28.0,466,ambiguous
28.0,467,intermediate_plastic
28.0,468,epithelial_like
28.0,469,intermediate_plastic
28.0,470,ambiguous
28.0,471,epithelial_like
28.0,472,epithelial_like
28.0,473,epithelial_like
28.0,474,epithelial_like
28.0,475,ambiguous
28.0,476,intermediate_plastic
28.0,477,intermediate_plastic
28.0,478,intermediate_plastic
28.0,479,ambiguous
28.0,480,intermediate_plastic
28.0,481,ambiguous
28.0,482,ambiguous
28.0,483,epithelial_like
28.0,484,epithelial_like
28.0,485,ambiguous
28.0,486,ambiguous
28.0,487,intermediate_plastic
28.0,488,intermediate_plastic
28.0,489,intermediate_plastic
28.0,490,ambiguous
28.0,491,intermediate_plastic
28.0,492,ambiguous
28.0,493,intermediate_plastic
28.0,494,epithelial_like
28.0,495,epithelial_like
28.0,496,epithelial_like
28.0,497,intermediate_plastic
28.0,498,intermediate_plastic
28.0,499,ambiguous
28.0,500,xen_like
28.0,501,epithelial_like
28.0,502,intermediate_plastic
28.0,503,ambiguous
28.0,504,ambiguous
28.0,505,intermediate_plastic
28.0,506,ambiguous
28.0,507,ambiguous
28.0,508,ambiguous
28.0,509,ambiguous
28.0,510,intermediate_plastic
28.0,511,ambiguous
28.0,512,epithelial_like
28.0,513,epithelial_like
28.0,514,ambiguous
28.0,515,ambiguous
28.0,516,intermediate_plastic
28.0,517,intermediate_plastic
28.0,518,intermediate_plastic
28.0,519,intermediate_plastic
28.0,520,intermediate_plastic
28.0,521,epithelial_like
28.0,522,ambiguous
28.0,523,intermediate_plastic
28.0,524,intermediate_plastic
28.0,525,intermediate_plastic
28.0,526,epithelial_like
28.0,527,intermediate_plastic
28.0,528,ambiguous
28.0,529,ambiguous
28.0,530,epithelial_like
28.0,531,intermediate_plastic
28.0,532,intermediate_plastic
28.0,533,intermediate_plastic
28.0,534,intermediate_plastic
28.0,535,intermediate_plastic
28.0,536,intermediate_plastic
28.0,537,epithelial_like
28.0,538,intermediate_plastic
28.0,539,ambiguous
28.0,540,ambiguous
28.0,541,epithelial_like
28.0,542,ambiguous
28.0,543,epithelial_like
28.0,544,intermediate_plastic
28.0,545,epithelial_like
28.0,546,ambiguous
28.0,547,ambiguous
28.0,548,intermediate_plastic
28.0,549,intermediate_plastic
28.0,550,ambiguous
28.0,551,epithelial_like
28.0,552,ambiguous
28.0,553,epithelial_like
28.0,554,ambiguous
28.0,555,ambiguous
28.0,556,ambiguous
28.0,557,ambiguous
28.0,558,ambiguous
28.0,559,intermediate_plastic
28.0,560,intermediate_plastic
28.0,561,ambiguous
28.0,562,intermediate_plastic
28.0,563,intermediate_plastic
28.0,564,intermediate_plastic
28.0,565,epithelial_like
28.0,566,intermediate_plastic
28.0,567,intermediate_plastic
28.0,568,epithelial_like
28.0,569,epithelial_like
28.0,570,ambiguous
28.0,571,ambiguous
28.0,572,intermediate_plastic
28.0,573,intermediate_plastic
28.0,574,intermediate_plastic
28.0,575,intermediate_plastic
28.0,576,ambiguous
28.0,577,ambiguous
28.0,578,intermediate_plastic
28.0,579,ambiguous
28.0,580,ambiguous
28.0,581,ambiguous
28.0,582,epithelial_like
28.0,583,epithelial_like
28.0,584,ambiguous
28.0,585,ambiguous
28.0,586,intermediate_plastic
28.0,587,ambiguous
28.0,588,intermediate_plastic
28.0,589,intermediate_plastic
28.0,590,intermediate_plastic
28.0,591,epithelial_like
28.0,592,intermediate_plastic
28.0,593,intermediate_plastic
28.0,594,epithelial_like
28.0,595,epithelial_like
28.0,596,ambiguous
28.0,597,ambiguous
28.0,598,intermediate_plastic
28.0,599,intermediate_plastic
28.0,600,ambiguous
28.0,601,epithelial_like
28.0,602,intermediate_plastic
28.0,603,epithelial_like
28.0,604,epithelial_like
28.0,605,epithelial_like
28.0,606,ambiguous
28.0,607,epithelial_like
28.0,608,epithelial_like
28.0,609,intermediate_plastic
28.0,610,ambiguous
28.0,611,intermediate_plastic
28.0,612,epithelial_like
28.0,613,intermediate_plastic
28.0,614,intermediate_plastic
28.0,615,ambiguous
28.0,616,ambiguous
28.0,617,ambiguous
28.0,618,epithelial_like
28.0,619,ambiguous
28.0,620,intermediate_plastic
28.0,621,epithelial_like
28.0,622,intermediate_plastic
28.0,623,epithelial_like
28.0,624,ambiguous
28.0,625,intermediate_plastic
28.0,626,ambiguous
28.0,627,epithelial_like
28.0,628,intermediate_plastic
28.0,629,epithelial_like
28.0,630,ambiguous
28.0,631,intermediate_plastic
28.0,632,epithelial_like
28.0,633,ambiguous
28.0,634,intermediate_plastic
28.0,635,ambiguous
28.0,636,intermediate_plastic
28.0,637,ambiguous
28.0,638,epithelial_like
28.0,639,intermediate_plastic
28.0,640,intermediate_plastic
28.0,641,ambiguous
28.0,642,epithelial_like
28.0,643,epithelial_like
28.0,644,ambiguous
28.0,645,intermediate_plastic
28.0,646,ambiguous
28.0,647,epithelial_like
28.0,648,ambiguous
28.0,649,ambiguous
28.0,650,ambiguous
28.0,651,ambiguous
28.0,652,epithelial_like
28.0,653,intermediate_plastic
28.0,654,epithelial_like
28.0,655,epithelial_like
28.0,656,intermediate_plastic
28.0,657,intermediate_plastic
28.0,658,ambiguous
28.0,659,intermediate_plastic
28.0,660,intermediate_plastic
28.0,661,intermediate_plastic
28.0,662,ambiguous
28.0,663,ambiguous
28.0,664,intermediate_plastic
28.0,665,intermediate_plastic
28.0,666,ambiguous
28.0,667,ambiguous
28.0,668,ambiguous
28.0,669,intermediate_plastic
28.0,670,ambiguous
28.0,671,intermediate_plastic
28.0,672,ambiguous
28.0,673,intermediate_plastic
28.0,674,intermediate_plastic
28.0,675,epithelial_like
28.0,676,intermediate_plastic
28.0,677,intermediate_plastic
28.0,678,intermediate_plastic
28.0,679,intermediate_plastic
28.0,680,intermediate_plastic
28.0,681,intermediate_plastic
28.0,682,ambiguous
28.0,683,intermediate_plastic
28.0,684,epithelial_like
28.0,685,epithelial_like
28.0,686,epithelial_like
28.0,687,intermediate_plastic
28.0,688,epithelial_like
28.0,689,intermediate_plastic
28.0,690,intermediate_plastic
28.0,691,intermediate_plastic
28.0,692,epithelial_like
28.0,693,epithelial_like
28.0,694,ambiguous
28.0,695,intermediate_plastic
28.0,696,intermediate_plastic
28.0,697,ambiguous
28.0,698,ambiguous
28.0,699,epithelial_like
28.0,700,ambiguous
28.0,701,ambiguous
28.0,702,intermediate_plastic
28.0,703,ambiguous
28.0,704,ambiguous
28.0,705,epithelial_like
28.0,706,epithelial_like
28.0,707,intermediate_plastic
28.0,708,epithelial_like
28.0,709,intermediate_plastic
28.0,710,intermediate_plastic
28.0,711,intermediate_plastic
28.0,712,epithelial_like
28.0,713,intermediate_plastic
28.0,714,intermediate_plastic
28.0,715,ambiguous
28.0,716,ambiguous
28.0,717,ambiguous
28.0,718,ambiguous
28.0,719,intermediate_plastic
28.0,720,intermediate_plastic
28.0,721,ambiguous
28.0,722,intermediate_plastic
28.0,723,ambiguous
28.0,724,epithelial_like
28.0,725,ambiguous
28.0,726,ambiguous
28.0,727,ambiguous
28.0,728,intermediate_plastic
28.0,729,epithelial_like
28.0,730,ambiguous
28.0,731,intermediate_plastic
28.0,732,ambiguous
28.0,733,epithelial_like
28.0,734,intermediate_plastic
28.0,735,intermediate_plastic
28.0,736,epithelial_like
28.0,737,ambiguous
28.0,738,ambiguous
28.0,739,intermediate_plastic
28.0,740,ambiguous
28.0,741,intermediate_plastic
28.0,742,ambiguous
28.0,743,intermediate_plastic
28.0,744,ambiguous
28.0,745,ambiguous
28.0,746,ambiguous
28.0,747,intermediate_plastic
28.0,748,intermediate_plastic
28.0,749,ambiguous
28.0,750,epithelial_like
28.0,751,intermediate_plastic
28.0,752,epithelial_like
28.0,753,epithelial_like
28.0,754,intermediate_plastic
28.0,755,epithelial_like
28.0,756,epithelial_like
28.0,757,ambiguous
28.0,758,epithelial_like
28.0,759,epithelial_like
28.0,760,intermediate_plastic
28.0,761,epithelial_like
28.0,762,ambiguous
28.0,763,intermediate_plastic
28.0,764,intermediate_plastic
28.0,765,intermediate_plastic
28.0,766,epithelial_like
28.0,767,intermediate_plastic
28.0,768,intermediate_plastic
28.0,769,intermediate_plastic
28.0,770,intermediate_plastic
28.0,771,epithelial_like
28.0,772,epithelial_like
28.0,773,epithelial_like
28.0,774,ambiguous
28.0,775,epithelial_like
28.0,776,intermediate_plastic
28.0,777,intermediate_plastic
28.0,778,intermediate_plastic
28.0,779,ambiguous
28.0,780,epithelial_like
28.0,781,xen_like
28.0,782,intermediate_plastic
28.0,783,epithelial_like
28.0,784,intermediate_plastic
28.0,785,intermediate_plastic
28.0,786,intermediate_plastic
28.0,787,ambiguous
28.0,788,epithelial_like
28.0,789,intermediate_plastic
28.0,790,epithelial_like
28.0,791,epithelial_like
28.0,792,ambiguous
28.0,793,intermediate_plastic
28.0,794,ambiguous
28.0,795,intermediate_plastic
28.0,796,intermediate_plastic
28.0,797,epithelial_like
28.0,798,ambiguous
28.0,799,intermediate_plastic
28.0,800,ambiguous
28.0,801,ambiguous
28.0,802,ambiguous
28.0,803,epithelial_like
28.0,804,intermediate_plastic
28.0,805,epithelial_like
28.0,806,epithelial_like
28.0,807,epithelial_like
28.0,808,epithelial_like
28.0,809,epithelial_like
28.0,810,epithelial_like
28.0,811,intermediate_plastic
28.0,812,ambiguous
28.0,813,intermediate_plastic
28.0,814,intermediate_plastic
28.0,815,ambiguous
28.0,816,ambiguous
28.0,817,ambiguous
28.0,818,ambiguous
28.0,819,ambiguous
28.0,820,epithelial_like
28.0,821,ambiguous
28.0,822,intermediate_plastic
28.0,823,intermediate_plastic
28.0,824,ambiguous
28.0,825,intermediate_plastic
28.0,826,epithelial_like
28.0,827,intermediate_plastic
28.0,828,epithelial_like
28.0,829,ambiguous
28.0,830,intermediate_plastic
28.0,831,epithelial_like
28.0,832,epithelial_like
28.0,833,intermediate_plastic
28.0,834,epithelial_like
28.0,835,ambiguous
28.0,836,ambiguous
28.0,837,intermediate_plastic
28.0,838,ambiguous
28.0,839,epithelial_like
28.0,840,epithelial_like
28.0,841,ambiguous
28.0,842,epithelial_like
28.0,843,intermediate_plastic
28.0,844,intermediate_plastic
28.0,845,intermediate_plastic
28.0,846,epithelial_like
28.0,847,ambiguous
28.0,848,intermediate_plastic
28.0,849,epithelial_like
28.0,850,epithelial_like
28.0,851,ambiguous
28.0,852,intermediate_plastic
28.0,853,epithelial_like
28.0,854,epithelial_like
28.0,855,ambiguous
28.0,856,epithelial_like
28.0,857,intermediate_plastic
28.0,858,intermediate_plastic
28.0,859,intermediate_plastic
28.0,860,intermediate_plastic
28.0,861,epithelial_like
28.0,862,ambiguous
28.0,863,intermediate_plastic
28.0,864,ambiguous
28.0,865,xen_like
28.0,866,intermediate_plastic
28.0,867,intermediate_plastic
28.0,868,intermediate_plastic
28.0,869,epithelial_like
28.0,870,epithelial_like
28.0,871,intermediate_plastic
28.0,872,intermediate_plastic
28.0,873,intermediate_plastic
28.0,874,intermediate_plastic
28.0,875,ambiguous
28.0,876,ambiguous
28.0,877,ambiguous
28.0,878,epithelial_like
28.0,879,intermediate_plastic
28.0,880,epithelial_like
28.0,881,intermediate_plastic
28.0,882,ambiguous
28.0,883,ambiguous
28.0,884,intermediate_plastic
28.0,885,epithelial_like
28.0,886,xen_like
28.0,887,intermediate_plastic
28.0,888,intermediate_plastic
28.0,889,epithelial_like
28.0,890,epithelial_like
28.0,891,epithelial_like
28.0,892,epithelial_like
28.0,893,ambiguous
28.0,894,epithelial_like
28.0,895,intermediate_plastic
28.0,896,intermediate_plastic
28.0,897,epithelial_like
28.0,898,ambiguous
28.0,899,intermediate_plastic
28.0,900,ambiguous
28.0,901,epithelial_like
28.0,902,epithelial_like
28.0,903,intermediate_plastic
28.0,904,epithelial_like
28.0,905,ambiguous
28.0,906,ambiguous
28.0,907,ambiguous
28.0,908,ambiguous
28.0,909,intermediate_plastic
28.0,910,ambiguous
28.0,911,ambiguous
28.0,912,ambiguous
28.0,913,ambiguous
28.0,914,intermediate_plastic
28.0,915,ambiguous
28.0,916,intermediate_plastic
28.0,917,intermediate_plastic
28.0,918,epithelial_like
28.0,919,ambiguous
28.0,920,ambiguous
28.0,921,intermediate_plastic
28.0,922,intermediate_plastic
28.0,923,intermediate_plastic
28.0,924,intermediate_plastic
28.0,925,epithelial_like
28.0,926,intermediate_plastic
28.0,927,ambiguous
28.0,928,ambiguous
28.0,929,ambiguous
28.0,930,epithelial_like
28.0,931,epithelial_like
28.0,932,ambiguous
28.0,933,ambiguous
28.0,934,ambiguous
28.0,935,intermediate_plastic
28.0,936,ambiguous
28.0,937,xen_like
28.0,938,intermediate_plastic
28.0,939,ambiguous
28.0,940,intermediate_plastic
28.0,941,epithelial_like
28.0,942,epithelial_like
28.0,943,intermediate_plastic
28.0,944,ambiguous
28.0,945,ambiguous
28.0,946,ambiguous
28.0,947,ambiguous
28.0,948,intermediate_plastic
28.0,949,ambiguous
28.0,950,intermediate_plastic
28.0,951,epithelial_like
28.0,952,intermediate_plastic
28.0,953,intermediate_plastic
28.0,954,intermediate_plastic
28.0,955,ambiguous
28.0,956,ambiguous
28.0,957,epithelial_like
28.0,958,intermediate_plastic
28.0,959,epithelial_like
28.0,960,intermediate_plastic
28.0,961,intermediate_plastic
28.0,962,epithelial_like
28.0,963,intermediate_plastic
28.0,964,epithelial_like
28.0,965,ambiguous
28.0,966,epithelial_like
28.0,967,ambiguous
28.0,968,ambiguous
28.0,969,ambiguous
28.0,970,intermediate_plastic
28.0,971,ambiguous
28.0,972,intermediate_plastic
28.0,973,intermediate_plastic
28.0,974,intermediate_plastic
28.0,975,epithelial_like
28.0,976,intermediate_plastic
28.0,977,intermediate_plastic
28.0,978,intermediate_plastic
28.0,979,epithelial_like
28.0,980,ambiguous
28.0,981,intermediate_plastic
28.0,982,intermediate_plastic
28.0,983,intermediate_plastic
28.0,984,epithelial_like
28.0,985,epithelial_like
28.0,986,ambiguous
28.0,987,intermediate_plastic
28.0,988,intermediate_plastic
28.0,989,epithelial_like
28.0,990,epithelial_like
28.0,991,epithelial_like
28.0,992,intermediate_plastic
28.0,993,ambiguous
28.0,994,ambiguous
28.0,995,epithelial_like
28.0,996,intermediate_plastic
28.0,997,intermediate_plastic
28.0,998,ambiguous
28.0,999,intermediate_plastic
28.0,1000,intermediate_plastic
28.0,1001,intermediate_plastic
28.0,1002,ambiguous
28.0,1003,intermediate_plastic
28.0,1004,intermediate_plastic
28.0,1005,intermediate_plastic
28.0,1006,ambiguous
28.0,1007,epithelial_like
28.0,1008,intermediate_plastic
28.0,1009,epithelial_like
28.0,1010,xen_like
28.0,1011,epithelial_like
28.0,1012,intermediate_plastic
28.0,1013,intermediate_plastic
28.0,1014,intermediate_plastic
28.0,1015,ambiguous
28.0,1016,intermediate_plastic
28.0,1017,intermediate_plastic
28.0,1018,intermediate_plastic
28.0,1019,intermediate_plastic
28.0,1020,epithelial_like
28.0,1021,epithelial_like
28.0,1022,intermediate_plastic
28.0,1023,intermediate_plastic
28.0,1024,epithelial_like
28.0,1025,epithelial_like
28.0,1026,intermediate_plastic
28.0,1027,ambiguous
28.0,1028,intermediate_plastic
28.0,1029,xen_like
28.0,1030,intermediate_plastic
28.0,1031,epithelial_like
28.0,1032,ambiguous
28.0,1033,ambiguous
28.0,1034,intermediate_plastic
28.0,1035,ambiguous
28.0,1036,epithelial_like
28.0,1037,epithelial_like
28.0,1038,intermediate_plastic
28.0,1039,epithelial_like
28.0,1040,ambiguous
28.0,1041,epithelial_like
28.0,1042,ambiguous
28.0,1043,epithelial_like
28.0,1044,intermediate_plastic
28.0,1045,intermediate_plastic
28.0,1046,intermediate_plastic
28.0,1047,intermediate_plastic
28.0,1048,intermediate_plastic
28.0,1049,ambiguous
28.0,1050,epithelial_like
28.0,1051,epithelial_like
28.0,1052,intermediate_plastic
28.0,1053,ambiguous
28.0,1054,ambiguous
28.0,1055,ambiguous
28.0,1056,epithelial_like
28.0,1057,ambiguous
28.0,1058,ambiguous
28.0,1059,intermediate_plastic
28.0,1060,ambiguous
28.0,1061,intermediate_plastic
28.0,1062,intermediate_plastic
28.0,1063,epithelial_like
28.0,1064,intermediate_plastic
28.0,1065,epithelial_like
28.0,1066,intermediate_plastic
28.0,1067,ambiguous
28.0,1068,intermediate_plastic
28.0,1069,intermediate_plastic
28.0,1070,intermediate_plastic
28.0,1071,intermediate_plastic
28.0,1072,intermediate_plastic
28.0,1073,ambiguous
28.0,1074,ambiguous
28.0,1075,intermediate_plastic
28.0,1076,intermediate_plastic
28.0,1077,ambiguous
28.0,1078,epithelial_like
28.0,1079,intermediate_plastic
28.0,1080,intermediate_plastic
28.0,1081,intermediate_plastic
28.0,1082,ambiguous
28.0,1083,epithelial_like
28.0,1084,ambiguous
28.0,1085,ambiguous
28.0,1086,intermediate_plastic
28.0,1087,epithelial_like
28.0,1088,epithelial_like
28.0,1089,epithelial_like
28.0,1090,ambiguous
28.0,1091,intermediate_plastic
28.0,1092,epithelial_like
28.0,1093,epithelial_like
28.0,1094,intermediate_plastic
28.0,1095,ambiguous
28.0,1096,intermediate_plastic
28.0,1097,epithelial_like
28.0,1098,ambiguous
28.0,1099,intermediate_plastic
28.0,1100,epithelial_like
28.0,1101,ambiguous
28.0,1102,ambiguous
28.0,1103,intermediate_plastic
28.0,1104,intermediate_plastic
28.0,1105,intermediate_plastic
28.0,1106,ambiguous
28.0,1107,intermediate_plastic
28.0,1108,intermediate_plastic
28.0,1109,epithelial_like
28.0,1110,intermediate_plastic
28.0,1111,intermediate_plastic
28.0,1112,ambiguous
28.0,1113,ambiguous
28.0,1114,intermediate_plastic
28.0,1115,ambiguous
28.0,1116,ambiguous
28.0,1117,intermediate_plastic
28.0,1118,ambiguous
28.0,1119,ambiguous
28.0,1120,ambiguous
28.0,1121,epithelial_like
28.0,1122,intermediate_plastic
28.0,1123,intermediate_plastic
28.0,1124,ambiguous
28.0,1125,ambiguous
28.0,1126,intermediate_plastic
28.0,1127,intermediate_plastic
28.0,1128,intermediate_plastic
28.0,1129,epithelial_like
28.0,1130,epithelial_like
28.0,1131,ambiguous
28.0,1132,epithelial_like
28.0,1133,epithelial_like
28.0,1134,intermediate_plastic
28.0,1135,epithelial_like
28.0,1136,intermediate_plastic
28.0,1137,intermediate_plastic
28.0,1138,intermediate_plastic
28.0,1139,intermediate_plastic
28.0,1140,ambiguous
28.0,1141,intermediate_plastic
28.0,1142,intermediate_plastic
28.0,1143,epithelial_like
28.0,1144,intermediate_plastic
28.0,1145,ambiguous
28.0,1146,ambiguous
28.0,1147,ambiguous
28.0,1148,ambiguous
28.0,1149,intermediate_plastic
28.0,1150,intermediate_plastic
28.0,1151,ambiguous
28.0,1152,ambiguous
28.0,1153,intermediate_plastic
28.0,1154,intermediate_plastic
28.0,1155,intermediate_plastic
28.0,1156,ambiguous
28.0,1157,intermediate_plastic
28.0,1158,epithelial_like
28.0,1159,ambiguous
28.0,1160,intermediate_plastic
28.0,1161,intermediate_plastic
28.0,1162,epithelial_like
28.0,1163,ambiguous
28.0,1164,epithelial_like
28.0,1165,intermediate_plastic
28.0,1166,intermediate_plastic
28.0,1167,ambiguous
28.0,1168,intermediate_plastic
28.0,1169,ambiguous
28.0,1170,intermediate_plastic
28.0,1171,intermediate_plastic
28.0,1172,epithelial_like
28.0,1173,intermediate_plastic
28.0,1174,epithelial_like
28.0,1175,ambiguous
28.0,1176,epithelial_like
28.0,1177,ambiguous
28.0,1178,epithelial_like
28.0,1179,ambiguous
28.0,1180,ambiguous
28.0,1181,ambiguous
28.0,1182,intermediate_plastic
28.0,1183,epithelial_like
28.0,1184,ambiguous
28.0,1185,ambiguous
28.0,1186,intermediate_plastic
28.0,1187,epithelial_like
28.0,1188,ambiguous
28.0,1189,intermediate_plastic
28.0,1190,intermediate_plastic
28.0,1191,ambiguous
28.0,1192,ambiguous
28.0,1193,intermediate_plastic
28.0,1194,epithelial_like
28.0,1195,ambiguous
28.0,1196,epithelial_like
28.0,1197,intermediate_plastic
28.0,1198,intermediate_plastic
28.0,1199,intermediate_plastic
28.0,1200,intermediate_plastic
28.0,1201,ambiguous
28.0,1202,intermediate_plastic
28.0,1203,intermediate_plastic
28.0,1204,epithelial_like
28.0,1205,ambiguous
28.0,1206,intermediate_plastic
28.0,1207,ambiguous
28.0,1208,ambiguous
28.0,1209,intermediate_plastic
28.0,1210,epithelial_like
28.0,1211,intermediate_plastic
28.0,1212,ambiguous
28.0,1213,intermediate_plastic
28.0,1214,intermediate_plastic
28.0,1215,ambiguous
28.0,1216,intermediate_plastic
28.0,1217,epithelial_like
28.0,1218,intermediate_plastic
28.0,1219,ambiguous
28.0,1220,ambiguous
28.0,1221,ambiguous
28.0,1222,ambiguous
28.0,1223,intermediate_plastic
28.0,1224,ambiguous
28.0,1225,intermediate_plastic
28.0,1226,epithelial_like
28.0,1227,intermediate_plastic
28.0,1228,intermediate_plastic
28.0,1229,intermediate_plastic
28.0,1230,ambiguous
28.0,1231,epithelial_like
28.0,1232,intermediate_plastic
28.0,1233,intermediate_plastic
28.0,1234,ambiguous
28.0,1235,epithelial_like
28.0,1236,intermediate_plastic
28.0,1237,epithelial_like
28.0,1238,ambiguous
28.0,1239,epithelial_like
28.0,1240,ambiguous
28.0,1241,intermediate_plastic
28.0,1242,epithelial_like
28.0,1243,intermediate_plastic
28.0,1244,intermediate_plastic
28.0,1245,intermediate_plastic
28.0,1246,intermediate_plastic
28.0,1247,epithelial_like
28.0,1248,ambiguous
28.0,1249,intermediate_plastic
28.0,1250,intermediate_plastic
28.0,1251,intermediate_plastic
28.0,1252,epithelial_like
28.0,1253,epithelial_like
28.0,1254,intermediate_plastic
28.0,1255,intermediate_plastic
28.0,1256,intermediate_plastic
28.0,1257,ambiguous
28.0,1258,intermediate_plastic
28.0,1259,epithelial_like
28.0,1260,intermediate_plastic
28.0,1261,ambiguous
28.0,1262,epithelial_like
28.0,1263,ambiguous
28.0,1264,intermediate_plastic
28.0,1265,ambiguous
28.0,1266,epithelial_like
28.0,1267,ambiguous
28.0,1268,epithelial_like
28.0,1269,intermediate_plastic
28.0,1270,intermediate_plastic
28.0,1271,epithelial_like
28.0,1272,ambiguous
28.0,1273,epithelial_like
28.0,1274,intermediate_plastic
28.0,1275,epithelial_like
28.0,1276,intermediate_plastic
28.0,1277,intermediate_plastic
28.0,1278,intermediate_plastic
28.0,1279,intermediate_plastic
28.0,1280,ambiguous
28.0,1281,ambiguous
28.0,1282,intermediate_plastic
28.0,1283,ambiguous
28.0,1284,intermediate_plastic
28.0,1285,ambiguous
28.0,1286,intermediate_plastic
28.0,1287,ambiguous
28.0,1288,epithelial_like
28.0,1289,ambiguous
28.0,1290,intermediate_plastic
28.0,1291,epithelial_like
28.0,1292,intermediate_plastic
28.0,1293,ambiguous
28.0,1294,ambiguous
28.0,1295,ambiguous
28.0,1296,ambiguous
28.0,1297,epithelial_like
28.0,1298,epithelial_like
28.0,1299,intermediate_plastic
28.0,1300,intermediate_plastic
28.0,1301,epithelial_like
28.0,1302,intermediate_plastic
28.0,1303,epithelial_like
28.0,1304,epithelial_like
28.0,1305,ambiguous
28.0,1306,intermediate_plastic
28.0,1307,epithelial_like
28.0,1308,ambiguous
28.0,1309,intermediate_plastic
28.0,1310,ambiguous
28.0,1311,epithelial_like
28.0,1312,intermediate_plastic
28.0,1313,epithelial_like
28.0,1314,ambiguous
28.0,1315,intermediate_plastic
28.0,1316,ambiguous
28.0,1317,ambiguous
28.0,1318,epithelial_like
28.0,1319,ambiguous
28.0,1320,ambiguous
28.0,1321,ambiguous
28.0,1322,ambiguous
28.0,1323,epithelial_like
28.0,1324,intermediate_plastic
28.0,1325,epithelial_like
28.0,1326,intermediate_plastic
28.0,1327,intermediate_plastic
28.0,1328,ambiguous
28.0,1329,ambiguous
28.0,1330,intermediate_plastic
28.0,1331,intermediate_plastic
28.0,1332,ambiguous
28.0,1333,intermediate_plastic
28.0,1334,epithelial_like
28.0,1335,epithelial_like
28.0,1336,epithelial_like
28.0,1337,intermediate_plastic
28.0,1338,epithelial_like
28.0,1339,intermediate_plastic
28.0,1340,ambiguous
28.0,1341,epithelial_like
28.0,1342,ambiguous
28.0,1343,intermediate_plastic
28.0,1344,epithelial_like
28.0,1345,intermediate_plastic
28.0,1346,epithelial_like
28.0,1347,intermediate_plastic
28.0,1348,ambiguous
28.0,1349,epithelial_like
28.0,1350,intermediate_plastic
28.0,1351,epithelial_like
28.0,1352,ambiguous
28.0,1353,ambiguous
28.0,1354,intermediate_plastic
28.0,1355,ambiguous
28.0,1356,intermediate_plastic
28.0,1357,epithelial_like
28.0,1358,intermediate_plastic
28.0,1359,epithelial_like
28.0,1360,intermediate_plastic
28.0,1361,epithelial_like
28.0,1362,intermediate_plastic
28.0,1363,intermediate_plastic
28.0,1364,ambiguous
28.0,1365,epithelial_like
28.0,1366,ambiguous
28.0,1367,epithelial_like
28.0,1368,intermediate_plastic
28.0,1369,intermediate_plastic
28.0,1370,intermediate_plastic
28.0,1371,intermediate_plastic
28.0,1372,ambiguous
28.0,1373,epithelial_like
28.0,1374,ambiguous
28.0,1375,epithelial_like
28.0,1376,epithelial_like
28.0,1377,ambiguous
28.0,1378,intermediate_plastic
28.0,1379,ambiguous
28.0,1380,intermediate_plastic
28.0,1381,epithelial_like
28.0,1382,ambiguous
28.0,1383,intermediate_plastic
28.0,1384,epithelial_like
28.0,1385,intermediate_plastic
28.0,1386,intermediate_plastic
28.0,1387,epithelial_like
28.0,1388,ambiguous
28.0,1389,intermediate_plastic
28.0,1390,epithelial_like
28.0,1391,ambiguous
28.0,1392,intermediate_plastic
28.0,1393,epithelial_like
28.0,1394,ambiguous
28.0,1395,epithelial_like
28.0,1396,ambiguous
28.0,1397,epithelial_like
28.0,1398,intermediate_plastic
28.0,1399,intermediate_plastic
28.0,1400,epithelial_like
28.0,1401,ambiguous
28.0,1402,intermediate_plastic
28.0,1403,epithelial_like
28.0,1404,ambiguous
28.0,1405,intermediate_plastic
28.0,1406,ambiguous
28.0,1407,intermediate_plastic
28.0,1408,ambiguous
28.0,1409,epithelial_like
28.0,1410,intermediate_plastic
28.0,1411,epithelial_like
28.0,1412,epithelial_like
28.0,1413,epithelial_like
28.0,1414,epithelial_like
28.0,1415,intermediate_plastic
28.0,1416,intermediate_plastic
28.0,1417,epithelial_like
28.0,1418,intermediate_plastic
28.0,1419,intermediate_plastic
28.0,1420,ambiguous
28.0,1421,epithelial_like
28.0,1422,intermediate_plastic
28.0,1423,intermediate_plastic
28.0,1424,epithelial_like
28.0,1425,epithelial_like
28.0,1426,intermediate_plastic
28.0,1427,intermediate_plastic
28.0,1428,ambiguous
28.0,1429,epithelial_like
28.0,1430,epithelial_like
28.0,1431,ambiguous
28.0,1432,ambiguous
28.0,1433,ambiguous
28.0,1434,intermediate_plastic
28.0,1435,intermediate_plastic
28.0,1436,intermediate_plastic
28.0,1437,intermediate_plastic
28.0,1438,epithelial_like
28.0,1439,epithelial_like
28.0,1440,intermediate_plastic
28.0,1441,intermediate_plastic
28.0,1442,ambiguous
28.0,1443,intermediate_plastic
28.0,1444,ambiguous
28.0,1445,intermediate_plastic
28.0,1446,intermediate_plastic
28.0,1447,intermediate_plastic
28.0,1448,intermediate_plastic
28.0,1449,epithelial_like
28.0,1450,ambiguous
28.0,1451,intermediate_plastic
28.0,1452,epithelial_like
28.0,1453,ambiguous
28.0,1454,intermediate_plastic
28.0,1455,ambiguous
28.0,1456,intermediate_plastic
28.0,1457,intermediate_plastic
28.0,1458,intermediate_plastic
28.0,1459,intermediate_plastic
28.0,1460,epithelial_like
28.0,1461,intermediate_plastic
28.0,1462,ambiguous
28.0,1463,intermediate_plastic
28.0,1464,ambiguous
28.0,1465,ambiguous
28.0,1466,ambiguous
28.0,1467,ambiguous
28.0,1468,intermediate_plastic
28.0,1469,ambiguous
28.0,1470,ambiguous
28.0,1471,intermediate_plastic
28.0,1472,intermediate_plastic
28.0,1473,intermediate_plastic
28.0,1474,intermediate_plastic
28.0,1475,ambiguous
28.0,1476,epithelial_like
28.0,1477,ambiguous
28.0,1478,intermediate_plastic
28.0,1479,ambiguous
28.0,1480,intermediate_plastic
28.0,1481,ambiguous
28.0,1482,epithelial_like
28.0,1483,intermediate_plastic
28.0,1484,epithelial_like
28.0,1485,ambiguous
28.0,1486,ambiguous
28.0,1487,ambiguous
28.0,1488,intermediate_plastic
28.0,1489,epithelial_like
28.0,1490,epithelial_like
28.0,1491,ambiguous
28.0,1492,intermediate_plastic
28.0,1493,intermediate_plastic
28.0,1494,ambiguous
28.0,1495,intermediate_plastic
28.0,1496,intermediate_plastic
28.0,1497,epithelial_like
28.0,1498,ambiguous
28.0,1499,intermediate_plastic
28.0,1500,epithelial_like
28.0,1501,intermediate_plastic
28.0,1502,epithelial_like
28.0,1503,ambiguous
28.0,1504,intermediate_plastic
28.0,1505,intermediate_plastic
28.0,1506,xen_like
28.0,1507,epithelial_like
28.0,1508,ambiguous
28.0,1509,intermediate_plastic
28.0,1510,ambiguous
28.0,1511,ambiguous
28.0,1512,ambiguous
28.0,1513,ambiguous
28.0,1514,epithelial_like
28.0,1515,intermediate_plastic
28.0,1516,intermediate_plastic
28.0,1517,epithelial_like
28.0,1518,ambiguous
28.0,1519,ambiguous
28.0,1520,ambiguous
28.0,1521,ambiguous
28.0,1522,intermediate_plastic
28.0,1523,ambiguous
28.0,1524,intermediate_plastic
28.0,1525,ambiguous
28.0,1526,intermediate_plastic
28.0,1527,intermediate_plastic
28.0,1528,ambiguous
28.0,1529,epithelial_like
28.0,1530,epithelial_like
28.0,1531,ambiguous
28.0,1532,ambiguous
28.0,1533,epithelial_like
28.0,1534,ambiguous
28.0,1535,intermediate_plastic
28.0,1536,intermediate_plastic
28.0,1537,ambiguous
28.0,1538,intermediate_plastic
28.0,1539,intermediate_plastic
28.0,1540,epithelial_like
28.0,1541,ambiguous
28.0,1542,intermediate_plastic
28.0,1543,intermediate_plastic
28.0,1544,epithelial_like
28.0,1545,intermediate_plastic
28.0,1546,intermediate_plastic
28.0,1547,epithelial_like
28.0,1548,epithelial_like
28.0,1549,ambiguous
28.0,1550,ambiguous
28.0,1551,epithelial_like
28.0,1552,ambiguous
28.0,1553,epithelial_like
28.0,1554,intermediate_plastic
28.0,1555,ambiguous
28.0,1556,intermediate_plastic
28.0,1557,ambiguous
28.0,1558,intermediate_plastic
28.0,1559,epithelial_like
28.0,1560,intermediate_plastic
28.0,1561,intermediate_plastic
28.0,1562,epithelial_like
28.0,1563,intermediate_plastic
28.0,1564,intermediate_plastic
28.0,1565,ambiguous
28.0,1566,intermediate_plastic
28.0,1567,intermediate_plastic
28.0,1568,ambiguous
28.0,1569,intermediate_plastic
28.0,1570,ambiguous
28.0,1571,intermediate_plastic
28.0,1572,intermediate_plastic
28.0,1573,epithelial_like
28.0,1574,intermediate_plastic
28.0,1575,epithelial_like
28.0,1576,ambiguous
28.0,1577,epithelial_like
28.0,1578,epithelial_like
28.0,1579,epithelial_like
28.0,1580,epithelial_like
28.0,1581,intermediate_plastic
28.0,1582,epithelial_like
28.0,1583,ambiguous
28.0,1584,epithelial_like
28.0,1585,intermediate_plastic
28.0,1586,intermediate_plastic
28.0,1587,epithelial_like
28.0,1588,intermediate_plastic
28.0,1589,ambiguous
28.0,1590,epithelial_like
28.0,1591,ambiguous
28.0,1592,intermediate_plastic
28.0,1593,intermediate_plastic
28.0,1594,epithelial_like
28.0,1595,ambiguous
28.0,1596,epithelial_like
28.0,1597,ambiguous
28.0,1598,intermediate_plastic
28.0,1599,ambiguous
28.0,1600,intermediate_plastic
28.0,1601,epithelial_like
28.0,1602,intermediate_plastic
28.0,1603,ambiguous
28.0,1604,epithelial_like
28.0,1605,epithelial_like
28.0,1606,ambiguous
28.0,1607,ambiguous
28.0,1608,epithelial_like
28.0,1609,ambiguous
28.0,1610,intermediate_plastic
28.0,1611,intermediate_plastic
28.0,1612,ambiguous
28.0,1613,epithelial_like
28.0,1614,ambiguous
28.0,1615,intermediate_plastic
28.0,1616,ambiguous
28.0,1617,intermediate_plastic
28.0,1618,ambiguous
28.0,1619,intermediate_plastic
28.0,1620,ambiguous
28.0,1621,epithelial_like
28.0,1622,epithelial_like
28.0,1623,ambiguous
28.0,1624,ambiguous
28.0,1625,ambiguous
28.0,1626,ambiguous
28.0,1627,epithelial_like
28.0,1628,intermediate_plastic
28.0,1629,ambiguous
28.0,1630,ambiguous
28.0,1631,ambiguous
28.0,1632,ambiguous
28.0,1633,epithelial_like
28.0,1634,epithelial_like
28.0,1635,epithelial_like
28.0,1636,intermediate_plastic
28.0,1637,ambiguous
28.0,1638,intermediate_plastic
28.0,1639,ambiguous
28.0,1640,intermediate_plastic
28.0,1641,epithelial_like
28.0,1642,intermediate_plastic
28.0,1643,ambiguous
28.0,1644,epithelial_like
28.0,1645,ambiguous
28.0,1646,ambiguous
28.0,1647,intermediate_plastic
28.0,1648,epithelial_like
28.0,1649,intermediate_plastic
28.0,1650,intermediate_plastic
28.0,1651,epithelial_like
28.0,1652,intermediate_plastic
28.0,1653,ambiguous
28.0,1654,epithelial_like
28.0,1655,epithelial_like
28.0,1656,ambiguous
28.0,1657,epithelial_like
28.0,1658,intermediate_plastic
28.0,1659,epithelial_like
28.0,1660,ambiguous
28.0,1661,intermediate_plastic
28.0,1662,ambiguous
28.0,1663,intermediate_plastic
28.0,1664,epithelial_like
28.0,1665,intermediate_plastic
28.0,1666,intermediate_plastic
28.0,1667,intermediate_plastic
28.0,1668,ambiguous
28.0,1669,ambiguous
28.0,1670,epithelial_like
28.0,1671,intermediate_plastic
28.0,1672,intermediate_plastic
28.0,1673,intermediate_plastic
28.0,1674,ambiguous
28.0,1675,ambiguous
28.0,1676,ambiguous
28.0,1677,ambiguous
28.0,1678,epithelial_like
28.0,1679,ambiguous
28.0,1680,ambiguous
28.0,1681,intermediate_plastic
28.0,1682,intermediate_plastic
28.0,1683,intermediate_plastic
28.0,1684,ambiguous
28.0,1685,ambiguous
28.0,1686,epithelial_like
28.0,1687,intermediate_plastic
28.0,1688,epithelial_like
28.0,1689,ambiguous
28.0,1690,ambiguous
28.0,1691,ambiguous
28.0,1692,ambiguous
28.0,1693,ambiguous
28.0,1694,intermediate_plastic
28.0,1695,ambiguous
28.0,1696,intermediate_plastic
28.0,1697,intermediate_plastic
28.0,1698,ambiguous
28.0,1699,epithelial_like
28.0,1700,epithelial_like
28.0,1701,epithelial_like
28.0,1702,ambiguous
28.0,1703,intermediate_plastic
28.0,1704,ambiguous
28.0,1705,intermediate_plastic
28.0,1706,ambiguous
28.0,1707,epithelial_like
28.0,1708,intermediate_plastic
28.0,1709,ambiguous
28.0,1710,ambiguous
28.0,1711,epithelial_like
28.0,1712,intermediate_plastic
28.0,1713,epithelial_like
28.0,1714,intermediate_plastic
28.0,1715,intermediate_plastic
28.0,1716,intermediate_plastic
28.0,1717,intermediate_plastic
28.0,1718,epithelial_like
28.0,1719,ambiguous
28.0,1720,intermediate_plastic
28.0,1721,ambiguous
28.0,1722,intermediate_plastic
28.0,1723,intermediate_plastic
28.0,1724,ambiguous
28.0,1725,ambiguous
28.0,1726,ambiguous
28.0,1727,intermediate_plastic
28.0,1728,epithelial_like
28.0,1729,intermediate_plastic
28.0,1730,intermediate_plastic
28.0,1731,epithelial_like
28.0,1732,ambiguous
28.0,1733,epithelial_like
28.0,1734,intermediate_plastic
28.0,1735,intermediate_plastic
28.0,1736,epithelial_like
28.0,1737,epithelial_like
28.0,1738,ambiguous
28.0,1739,epithelial_like
28.0,1740,ambiguous
28.0,1741,intermediate_plastic
28.0,1742,intermediate_plastic
28.0,1743,epithelial_like
28.0,1744,epithelial_like
28.0,1745,ambiguous
28.0,1746,intermediate_plastic
28.0,1747,ambiguous
28.0,1748,ambiguous
28.0,1749,intermediate_plastic
28.0,1750,ambiguous
28.0,1751,ambiguous
28.0,1752,ambiguous
28.0,1753,ambiguous
28.0,1754,epithelial_like
28.0,1755,intermediate_plastic
28.0,1756,epithelial_like
28.0,1757,intermediate_plastic
28.0,1758,ambiguous
28.0,1759,intermediate_plastic
28.0,1760,epithelial_like
28.0,1761,ambiguous
28.0,1762,intermediate_plastic
28.0,1763,epithelial_like
28.0,1764,epithelial_like
28.0,1765,ambiguous
28.0,1766,ambiguous
28.0,1767,intermediate_plastic
28.0,1768,ambiguous
28.0,1769,intermediate_plastic
28.0,1770,intermediate_plastic
28.0,1771,intermediate_plastic
28.0,1772,ambiguous
28.0,1773,epithelial_like
28.0,1774,intermediate_plastic
28.0,1775,intermediate_plastic
28.0,1776,ambiguous
28.0,1777,ambiguous
28.0,1778,epithelial_like
28.0,1779,epithelial_like
28.0,1780,epithelial_like
28.0,1781,epithelial_like
28.0,1782,intermediate_plastic
28.0,1783,ambiguous
28.0,1784,intermediate_plastic
28.0,1785,ambiguous
28.0,1786,ambiguous
28.0,1787,intermediate_plastic
28.0,1788,ambiguous
28.0,1789,intermediate_plastic
28.0,1790,intermediate_plastic
28.0,1791,intermediate_plastic
28.0,1792,intermediate_plastic
28.0,1793,intermediate_plastic
28.0,1794,ambiguous
28.0,1795,epithelial_like
28.0,1796,epithelial_like
28.0,1797,intermediate_plastic
28.0,1798,ambiguous
28.0,1799,intermediate_plastic
28.0,1800,epithelial_like
28.0,1801,intermediate_plastic
28.0,1802,ambiguous
28.0,1803,intermediate_plastic
28.0,1804,intermediate_plastic
28.0,1805,epithelial_like
28.0,1806,intermediate_plastic
28.0,1807,intermediate_plastic
28.0,1808,intermediate_plastic
28.0,1809,epithelial_like
28.0,1810,ambiguous
28.0,1811,ambiguous
28.0,1812,ambiguous
28.0,1813,ambiguous
28.0,1814,epithelial_like
28.0,1815,epithelial_like
28.0,1816,ambiguous
28.0,1817,intermediate_plastic
28.0,1818,ambiguous
28.0,1819,intermediate_plastic
28.0,1820,ambiguous
28.0,1821,intermediate_plastic
28.0,1822,intermediate_plastic
28.0,1823,intermediate_plastic
28.0,1824,intermediate_plastic
28.0,1825,epithelial_like
28.0,1826,intermediate_plastic
28.0,1827,epithelial_like
28.0,1828,intermediate_plastic
28.0,1829,intermediate_plastic
28.0,1830,ambiguous
28.0,1831,ambiguous
28.0,1832,ambiguous
28.0,1833,epithelial_like
28.0,1834,ambiguous
28.0,1835,ambiguous
28.0,1836,ambiguous
28.0,1837,intermediate_plastic
28.0,1838,ambiguous
28.0,1839,intermediate_plastic
28.0,1840,intermediate_plastic
28.0,1841,ambiguous
28.0,1842,ambiguous
28.0,1843,ambiguous
28.0,1844,ambiguous
28.0,1845,ambiguous
28.0,1846,ambiguous
28.0,1847,ambiguous
28.0,1848,intermediate_plastic
28.0,1849,ambiguous
28.0,1850,epithelial_like
28.0,1851,ambiguous
28.0,1852,intermediate_plastic
28.0,1853,epithelial_like
28.0,1854,epithelial_like
28.0,1855,intermediate_plastic
28.0,1856,epithelial_like
28.0,1857,intermediate_plastic
28.0,1858,ambiguous
28.0,1859,intermediate_plastic
28.0,1860,ambiguous
28.0,1861,intermediate_plastic
28.0,1862,epithelial_like
28.0,1863,intermediate_plastic
28.0,1864,epithelial_like
28.0,1865,epithelial_like
28.0,1866,intermediate_plastic
28.0,1867,ambiguous
28.0,1868,ambiguous
28.0,1869,intermediate_plastic
28.0,1870,epithelial_like
28.0,1871,intermediate_plastic
28.0,1872,ambiguous
28.0,1873,ambiguous
28.0,1874,ambiguous
28.0,1875,intermediate_plastic
28.0,1876,ambiguous
28.0,1877,intermediate_plastic
28.0,1878,intermediate_plastic
28.0,1879,ambiguous
28.0,1880,xen_like
28.0,1881,epithelial_like
28.0,1882,epithelial_like
28.0,1883,epithelial_like
28.0,1884,ambiguous
28.0,1885,intermediate_plastic
28.0,1886,ambiguous
28.0,1887,epithelial_like
28.0,1888,intermediate_plastic
28.0,1889,intermediate_plastic
28.0,1890,intermediate_plastic
28.0,1891,intermediate_plastic
28.0,1892,ambiguous
28.0,1893,intermediate_plastic
28.0,1894,ambiguous
28.0,1895,intermediate_plastic
28.0,1896,intermediate_plastic
28.0,1897,intermediate_plastic
28.0,1898,intermediate_plastic
28.0,1899,epithelial_like
28.0,1900,epithelial_like
28.0,1901,intermediate_plastic
28.0,1902,ambiguous
28.0,1903,intermediate_plastic
28.0,1904,epithelial_like
28.0,1905,ambiguous
28.0,1906,intermediate_plastic
28.0,1907,epithelial_like
28.0,1908,intermediate_plastic
28.0,1909,intermediate_plastic
28.0,1910,ambiguous
28.0,1911,ambiguous
28.0,1912,ambiguous
28.0,1913,ambiguous
28.0,1914,intermediate_plastic
28.0,1915,ambiguous
28.0,1916,epithelial_like
28.0,1917,ambiguous
28.0,1918,ambiguous
28.0,1919,ambiguous
28.0,1920,epithelial_like
28.0,1921,ambiguous
28.0,1922,epithelial_like
28.0,1923,intermediate_plastic
28.0,1924,epithelial_like
28.0,1925,ambiguous
28.0,1926,epithelial_like
28.0,1927,intermediate_plastic
28.0,1928,intermediate_plastic
28.0,1929,ambiguous
28.0,1930,epithelial_like
28.0,1931,intermediate_plastic
28.0,1932,intermediate_plastic
28.0,1933,intermediate_plastic
28.0,1934,epithelial_like
28.0,1935,ambiguous
28.0,1936,epithelial_like
28.0,1937,ambiguous
28.0,1938,intermediate_plastic
28.0,1939,xen_like
28.0,1940,ambiguous
28.0,1941,epithelial_like
28.0,1942,intermediate_plastic
28.0,1943,ambiguous
28.0,1944,epithelial_like
28.0,1945,intermediate_plastic
28.0,1946,ambiguous
28.0,1947,epithelial_like
28.0,1948,ambiguous
28.0,1949,intermediate_plastic
28.0,1950,ambiguous
28.0,1951,ambiguous
28.0,1952,ambiguous
28.0,1953,epithelial_like
28.0,1954,epithelial_like
28.0,1955,ambiguous
28.0,1956,ambiguous
28.0,1957,intermediate_plastic
28.0,1958,ambiguous
28.0,1959,epithelial_like
28.0,1960,intermediate_plastic
28.0,1961,intermediate_plastic
28.0,1962,ambiguous
28.0,1963,epithelial_like
28.0,1964,ambiguous
28.0,1965,intermediate_plastic
28.0,1966,epithelial_like
28.0,1967,ambiguous
28.0,1968,epithelial_like
28.0,1969,ambiguous
28.0,1970,ambiguous
28.0,1971,epithelial_like
28.0,1972,epithelial_like
28.0,1973,epithelial_like
28.0,1974,intermediate_plastic
28.0,1975,ambiguous
28.0,1976,intermediate_plastic
28.0,1977,epithelial_like
28.0,1978,intermediate_plastic
28.0,1979,ambiguous
28.0,1980,intermediate_plastic
28.0,1981,intermediate_plastic
28.0,1982,epithelial_like
28.0,1983,intermediate_plastic
28.0,1984,ambiguous
28.0,1985,ambiguous
28.0,1986,ambiguous
28.0,1987,intermediate_plastic
28.0,1988,intermediate_plastic
28.0,1989,intermediate_plastic
28.0,1990,ambiguous
28.0,1991,ambiguous
28.0,1992,ambiguous
28.0,1993,ambiguous
28.0,1994,ambiguous
28.0,1995,intermediate_plastic
28.0,1996,ambiguous
28.0,1997,intermediate_plastic
28.0,1998,intermediate_plastic
28.0,1999,epithelial_like
34.0,0,epithelial_like
34.0,1,ambiguous
34.0,2,epithelial_like
34.0,3,intermediate_plastic
34.0,4,ambiguous
34.0,5,ambiguous
34.0,6,intermediate_plastic
34.0,7,intermediate_plastic
34.0,8,intermediate_plastic
34.0,9,intermediate_plastic
34.0,10,intermediate_plastic
34.0,11,epithelial_like
34.0,12,ambiguous
34.0,13,intermediate_plastic
34.0,14,intermediate_plastic
34.0,15,intermediate_plastic
34.0,16,epithelial_like
34.0,17,intermediate_plastic
34.0,18,intermediate_plastic
34.0,19,intermediate_plastic
34.0,20,ambiguous
34.0,21,intermediate_plastic
34.0,22,ambiguous
34.0,23,epithelial_like
34.0,24,intermediate_plastic
34.0,25,epithelial_like
34.0,26,intermediate_plastic
34.0,27,epithelial_like
34.0,28,ambiguous
34.0,29,intermediate_plastic
34.0,30,intermediate_plastic
34.0,31,epithelial_like
34.0,32,ambiguous
34.0,33,intermediate_plastic
34.0,34,ambiguous
34.0,35,epithelial_like
34.0,36,intermediate_plastic
34.0,37,ambiguous
34.0,38,ambiguous
34.0,39,intermediate_plastic
34.0,40,intermediate_plastic
34.0,41,ambiguous
34.0,42,intermediate_plastic
34.0,43,intermediate_plastic
34.0,44,epithelial_like
34.0,45,ambiguous
34.0,46,intermediate_plastic
34.0,47,ambiguous
34.0,48,epithelial_like
34.0,49,ambiguous
34.0,50,intermediate_plastic
34.0,51,intermediate_plastic
34.0,52,ambiguous
34.0,53,intermediate_plastic
34.0,54,ambiguous
34.0,55,intermediate_plastic
34.0,56,intermediate_plastic
34.0,57,intermediate_plastic
34.0,58,intermediate_plastic
34.0,59,ambiguous
34.0,60,intermediate_plastic
34.0,61,ambiguous
34.0,62,epithelial_like
34.0,63,intermediate_plastic
34.0,64,ambiguous
34.0,65,epithelial_like
34.0,66,epithelial_like
34.0,67,ambiguous
34.0,68,ambiguous
34.0,69,intermediate_plastic
34.0,70,epithelial_like
34.0,71,intermediate_plastic
34.0,72,ambiguous
34.0,73,ambiguous
34.0,74,intermediate_plastic
34.0,75,ambiguous
34.0,76,ambiguous
34.0,77,intermediate_plastic
34.0,78,intermediate_plastic
34.0,79,intermediate_plastic
34.0,80,intermediate_plastic
34.0,81,epithelial_like
34.0,82,epithelial_like
34.0,83,intermediate_plastic
34.0,84,intermediate_plastic
34.0,85,ambiguous
34.0,86,intermediate_plastic
34.0,87,intermediate_plastic
34.0,88,intermediate_plastic
34.0,89,intermediate_plastic
34.0,90,ambiguous
34.0,91,ambiguous
34.0,92,intermediate_plastic
34.0,93,intermediate_plastic
34.0,94,ambiguous
34.0,95,epithelial_like
34.0,96,intermediate_plastic
34.0,97,intermediate_plastic
34.0,98,intermediate_plastic
34.0,99,intermediate_plastic
34.0,100,intermediate_plastic
34.0,101,intermediate_plastic
34.0,102,intermediate_plastic
34.0,103,intermediate_plastic
34.0,104,epithelial_like
34.0,105,epithelial_like
34.0,106,intermediate_plastic
34.0,107,ambiguous
34.0,108,ambiguous
34.0,109,intermediate_plastic
34.0,110,intermediate_plastic
34.0,111,intermediate_plastic
34.0,112,ambiguous
34.0,113,intermediate_plastic
34.0,114,intermediate_plastic
34.0,115,intermediate_plastic
34.0,116,ambiguous
34.0,117,epithelial_like
34.0,118,ambiguous
34.0,119,intermediate_plastic
34.0,120,intermediate_plastic
34.0,121,intermediate_plastic
34.0,122,ambiguous
34.0,123,intermediate_plastic
34.0,124,ambiguous
34.0,125,intermediate_plastic
34.0,126,intermediate_plastic
34.0,127,epithelial_like
34.0,128,intermediate_plastic
34.0,129,intermediate_plastic
34.0,130,ambiguous
34.0,131,epithelial_like
34.0,132,intermediate_plastic
34.0,133,ambiguous
34.0,134,intermediate_plastic
34.0,135,intermediate_plastic
34.0,136,intermediate_plastic
34.0,137,ambiguous
34.0,138,epithelial_like
34.0,139,epithelial_like
34.0,140,intermediate_plastic
34.0,141,intermediate_plastic
34.0,142,intermediate_plastic
34.0,143,intermediate_plastic
34.0,144,ambiguous
34.0,145,intermediate_plastic
34.0,146,intermediate_plastic
34.0,147,intermediate_plastic
34.0,148,intermediate_plastic
34.0,149,intermediate_plastic
34.0,150,intermediate_plastic
34.0,151,intermediate_plastic
34.0,152,epithelial_like
34.0,153,ambiguous
34.0,154,intermediate_plastic
34.0,155,epithelial_like
34.0,156,intermediate_plastic
34.0,157,ambiguous
34.0,158,epithelial_like
34.0,159,epithelial_like
34.0,160,intermediate_plastic
34.0,161,intermediate_plastic
34.0,162,ambiguous
34.0,163,intermediate_plastic
34.0,164,intermediate_plastic
34.0,165,intermediate_plastic
34.0,166,epithelial_like
34.0,167,ambiguous
34.0,168,intermediate_plastic
34.0,169,intermediate_plastic
34.0,170,intermediate_plastic
34.0,171,intermediate_plastic
34.0,172,ambiguous
34.0,173,intermediate_plastic
34.0,174,intermediate_plastic
34.0,175,ambiguous
34.0,176,intermediate_plastic
34.0,177,ambiguous
34.0,178,epithelial_like
34.0,179,ambiguous
34.0,180,ambiguous
34.0,181,ambiguous
34.0,182,ambiguous
34.0,183,intermediate_plastic
34.0,184,epithelial_like
34.0,185,intermediate_plastic
34.0,186,intermediate_plastic
34.0,187,intermediate_plastic
34.0,188,ambiguous
34.0,189,intermediate_plastic
34.0,190,intermediate_plastic
34.0,191,intermediate_plastic
34.0,192,ambiguous
34.0,193,ambiguous
34.0,194,intermediate_plastic
34.0,195,intermediate_plastic
34.0,196,intermediate_plastic
34.0,197,intermediate_plastic
34.0,198,intermediate_plastic
34.0,199,intermediate_plastic
34.0,200,intermediate_plastic
34.0,201,ambiguous
34.0,202,ambiguous
34.0,203,intermediate_plastic
34.0,204,intermediate_plastic
34.0,205,ambiguous
34.0,206,epithelial_like
34.0,207,intermediate_plastic
34.0,208,intermediate_plastic
34.0,209,intermediate_plastic
34.0,210,intermediate_plastic
34.0,211,ambiguous
34.0,212,intermediate_plastic
34.0,213,ambiguous
34.0,214,intermediate_plastic
34.0,215,intermediate_plastic
34.0,216,intermediate_plastic
34.0,217,epithelial_like
34.0,218,ambiguous
34.0,219,intermediate_plastic
34.0,220,intermediate_plastic
34.0,221,epithelial_like
34.0,222,epithelial_like
34.0,223,epithelial_like
34.0,224,epithelial_like
34.0,225,intermediate_plastic
34.0,226,ambiguous
34.0,227,intermediate_plastic
34.0,228,epithelial_like
34.0,229,intermediate_plastic
34.0,230,intermediate_plastic
34.0,231,intermediate_plastic
34.0,232,epithelial_like
34.0,233,ambiguous
34.0,234,intermediate_plastic
34.0,235,intermediate_plastic
34.0,236,intermediate_plastic
34.0,237,intermediate_plastic
34.0,238,ambiguous
34.0,239,epithelial_like
34.0,240,epithelial_like
34.0,241,intermediate_plastic
34.0,242,intermediate_plastic
34.0,243,intermediate_plastic
34.0,244,intermediate_plastic
34.0,245,ambiguous
34.0,246,ambiguous
34.0,247,intermediate_plastic
34.0,248,ambiguous
34.0,249,intermediate_plastic
34.0,250,intermediate_plastic
34.0,251,intermediate_plastic
34.0,252,intermediate_plastic
34.0,253,intermediate_plastic
34.0,254,intermediate_plastic
34.0,255,ambiguous
34.0,256,intermediate_plastic
34.0,257,intermediate_plastic
34.0,258,intermediate_plastic
34.0,259,intermediate_plastic
34.0,260,ambiguous
34.0,261,intermediate_plastic
34.0,262,intermediate_plastic
34.0,263,intermediate_plastic
34.0,264,intermediate_plastic
34.0,265,intermediate_plastic
34.0,266,intermediate_plastic
34.0,267,ambiguous
34.0,268,intermediate_plastic
34.0,269,epithelial_like
34.0,270,intermediate_plastic
34.0,271,intermediate_plastic
34.0,272,ambiguous
34.0,273,intermediate_plastic
34.0,274,epithelial_like
34.0,275,epithelial_like
34.0,276,intermediate_plastic
34.0,277,epithelial_like
34.0,278,intermediate_plastic
34.0,279,ambiguous
34.0,280,intermediate_plastic
34.0,281,intermediate_plastic
34.0,282,epithelial_like
34.0,283,intermediate_plastic
34.0,284,intermediate_plastic
34.0,285,intermediate_plastic
34.0,286,intermediate_plastic
34.0,287,ambiguous
34.0,288,intermediate_plastic
34.0,289,epithelial_like
34.0,290,ambiguous
34.0,291,epithelial_like
34.0,292,intermediate_plastic
34.0,293,intermediate_plastic
34.0,294,ambiguous
34.0,295,intermediate_plastic
34.0,296,epithelial_like
34.0,297,ambiguous
34.0,298,intermediate_plastic
34.0,299,epithelial_like
34.0,300,epithelial_like
34.0,301,intermediate_plastic
34.0,302,epithelial_like
34.0,303,intermediate_plastic
34.0,304,intermediate_plastic
34.0,305,intermediate_plastic
34.0,306,ambiguous
34.0,307,intermediate_plastic
34.0,308,ambiguous
34.0,309,intermediate_plastic
34.0,310,intermediate_plastic
34.0,311,ambiguous
34.0,312,intermediate_plastic
34.0,313,intermediate_plastic
34.0,314,intermediate_plastic
34.0,315,intermediate_plastic
34.0,316,intermediate_plastic
34.0,317,intermediate_plastic
34.0,318,intermediate_plastic
34.0,319,intermediate_plastic
34.0,320,intermediate_plastic
34.0,321,intermediate_plastic
34.0,322,intermediate_plastic
34.0,323,epithelial_like
34.0,324,intermediate_plastic
34.0,325,intermediate_plastic
34.0,326,intermediate_plastic
34.0,327,ambiguous
34.0,328,epithelial_like
34.0,329,intermediate_plastic
34.0,330,intermediate_plastic
34.0,331,intermediate_plastic
34.0,332,intermediate_plastic
34.0,333,epithelial_like
34.0,334,intermediate_plastic
34.0,335,ambiguous
34.0,336,ambiguous
34.0,337,intermediate_plastic
34.0,338,intermediate_plastic
34.0,339,ambiguous
34.0,340,epithelial_like
34.0,341,ambiguous
34.0,342,intermediate_plastic
34.0,343,intermediate_plastic
34.0,344,intermediate_plastic
34.0,345,intermediate_plastic
34.0,346,ambiguous
34.0,347,ambiguous
34.0,348,intermediate_plastic
34.0,349,intermediate_plastic
34.0,350,intermediate_plastic
34.0,351,intermediate_plastic
34.0,352,intermediate_plastic
34.0,353,intermediate_plastic
34.0,354,ambiguous
34.0,355,intermediate_plastic
34.0,356,intermediate_plastic
34.0,357,intermediate_plastic
34.0,358,ambiguous
34.0,359,ambiguous
34.0,360,epithelial_like
34.0,361,intermediate_plastic
34.0,362,intermediate_plastic
34.0,363,intermediate_plastic
34.0,364,intermediate_plastic
34.0,365,intermediate_plastic
34.0,366,intermediate_plastic
34.0,367,intermediate_plastic
34.0,368,ambiguous
34.0,369,intermediate_plastic
34.0,370,ambiguous
34.0,371,intermediate_plastic
34.0,372,intermediate_plastic
34.0,373,intermediate_plastic
34.0,374,ambiguous
34.0,375,intermediate_plastic
34.0,376,ambiguous
34.0,377,epithelial_like
34.0,378,intermediate_plastic
34.0,379,epithelial_like
34.0,380,intermediate_plastic
34.0,381,intermediate_plastic
34.0,382,epithelial_like
34.0,383,ambiguous
34.0,384,ambiguous
34.0,385,intermediate_plastic
34.0,386,ambiguous
34.0,387,intermediate_plastic
34.0,388,ambiguous
34.0,389,epithelial_like
34.0,390,ambiguous
34.0,391,epithelial_like
34.0,392,epithelial_like
34.0,393,intermediate_plastic
34.0,394,intermediate_plastic
34.0,395,epithelial_like
34.0,396,intermediate_plastic
34.0,397,intermediate_plastic
34.0,398,intermediate_plastic
34.0,399,epithelial_like
34.0,400,intermediate_plastic
34.0,401,ambiguous
34.0,402,intermediate_plastic
34.0,403,intermediate_plastic
34.0,404,epithelial_like
34.0,405,epithelial_like
34.0,406,epithelial_like
34.0,407,intermediate_plastic
34.0,408,epithelial_like
34.0,409,intermediate_plastic
34.0,410,intermediate_plastic
34.0,411,intermediate_plastic
34.0,412,intermediate_plastic
34.0,413,intermediate_plastic
34.0,414,intermediate_plastic
34.0,415,intermediate_plastic
34.0,416,ambiguous
34.0,417,intermediate_plastic
34.0,418,intermediate_plastic
34.0,419,ambiguous
34.0,420,intermediate_plastic
34.0,421,epithelial_like
34.0,422,ambiguous
34.0,423,intermediate_plastic
34.0,424,epithelial_like
34.0,425,intermediate_plastic
34.0,426,epithelial_like
34.0,427,ambiguous
34.0,428,epithelial_like
34.0,429,ambiguous
34.0,430,intermediate_plastic
34.0,431,intermediate_plastic
34.0,432,intermediate_plastic
34.0,433,epithelial_like
34.0,434,intermediate_plastic
34.0,435,intermediate_plastic
34.0,436,epithelial_like
34.0,437,ambiguous
34.0,438,ambiguous
34.0,439,ambiguous
34.0,440,ambiguous
34.0,441,intermediate_plastic
34.0,442,epithelial_like
34.0,443,intermediate_plastic
34.0,444,intermediate_plastic
34.0,445,epithelial_like
34.0,446,intermediate_plastic
34.0,447,intermediate_plastic
34.0,448,ambiguous
34.0,449,ambiguous
34.0,450,ambiguous
34.0,451,intermediate_plastic
34.0,452,ambiguous
34.0,453,ambiguous
34.0,454,ambiguous
34.0,455,intermediate_plastic
34.0,456,epithelial_like
34.0,457,ambiguous
34.0,458,intermediate_plastic
34.0,459,intermediate_plastic
34.0,460,intermediate_plastic
34.0,461,intermediate_plastic
34.0,462,intermediate_plastic
34.0,463,intermediate_plastic
34.0,464,epithelial_like
34.0,465,ambiguous
34.0,466,ambiguous
34.0,467,intermediate_plastic
34.0,468,ambiguous
34.0,469,epithelial_like
34.0,470,ambiguous
34.0,471,epithelial_like
34.0,472,ambiguous
34.0,473,intermediate_plastic
34.0,474,intermediate_plastic
34.0,475,intermediate_plastic
34.0,476,intermediate_plastic
34.0,477,ambiguous
34.0,478,ambiguous
34.0,479,intermediate_plastic
34.0,480,intermediate_plastic
34.0,481,intermediate_plastic
34.0,482,intermediate_plastic
34.0,483,epithelial_like
34.0,484,ambiguous
34.0,485,intermediate_plastic
34.0,486,intermediate_plastic
34.0,487,intermediate_plastic
34.0,488,intermediate_plastic
34.0,489,intermediate_plastic
34.0,490,epithelial_like
34.0,491,intermediate_plastic
34.0,492,ambiguous
34.0,493,epithelial_like
34.0,494,ambiguous
34.0,495,intermediate_plastic
34.0,496,epithelial_like
34.0,497,intermediate_plastic
34.0,498,intermediate_plastic
34.0,499,ambiguous
34.0,500,intermediate_plastic
34.0,501,intermediate_plastic
34.0,502,intermediate_plastic
34.0,503,ambiguous
34.0,504,intermediate_plastic
34.0,505,intermediate_plastic
34.0,506,intermediate_plastic
34.0,507,ambiguous
34.0,508,intermediate_plastic
34.0,509,ambiguous
34.0,510,intermediate_plastic
34.0,511,intermediate_plastic
34.0,512,intermediate_plastic
34.0,513,epithelial_like
34.0,514,intermediate_plastic
34.0,515,ambiguous
34.0,516,intermediate_plastic
34.0,517,intermediate_plastic
34.0,518,intermediate_plastic
34.0,519,intermediate_plastic
34.0,520,ambiguous
34.0,521,epithelial_like
34.0,522,ambiguous
34.0,523,intermediate_plastic
34.0,524,intermediate_plastic
34.0,525,ambiguous
34.0,526,intermediate_plastic
34.0,527,intermediate_plastic
34.0,528,intermediate_plastic
34.0,529,ambiguous
34.0,530,ambiguous
34.0,531,epithelial_like
34.0,532,intermediate_plastic
34.0,533,intermediate_plastic
34.0,534,intermediate_plastic
34.0,535,epithelial_like
34.0,536,intermediate_plastic
34.0,537,ambiguous
34.0,538,intermediate_plastic
34.0,539,intermediate_plastic
34.0,540,intermediate_plastic
34.0,541,intermediate_plastic
34.0,542,intermediate_plastic
34.0,543,intermediate_plastic
34.0,544,intermediate_plastic
34.0,545,intermediate_plastic
34.0,546,epithelial_like
34.0,547,epithelial_like
34.0,548,ambiguous
34.0,549,intermediate_plastic
34.0,550,intermediate_plastic
34.0,551,ambiguous
34.0,552,ambiguous
34.0,553,intermediate_plastic
34.0,554,intermediate_plastic
34.0,555,ambiguous
34.0,556,intermediate_plastic
34.0,557,ambiguous
34.0,558,ambiguous
34.0,559,ambiguous
34.0,560,intermediate_plastic
34.0,561,intermediate_plastic
34.0,562,intermediate_plastic
34.0,563,intermediate_plastic
34.0,564,epithelial_like
34.0,565,ambiguous
34.0,566,intermediate_plastic
34.0,567,intermediate_plastic
34.0,568,ambiguous
34.0,569,ambiguous
34.0,570,ambiguous
34.0,571,intermediate_plastic
34.0,572,intermediate_plastic
34.0,573,intermediate_plastic
34.0,574,epithelial_like
34.0,575,intermediate_plastic
34.0,576,intermediate_plastic
34.0,577,intermediate_plastic
34.0,578,intermediate_plastic
34.0,579,intermediate_plastic
34.0,580,intermediate_plastic
34.0,581,intermediate_plastic
34.0,582,epithelial_like
34.0,583,epithelial_like
34.0,584,ambiguous
34.0,585,ambiguous
34.0,586,intermediate_plastic
34.0,587,ambiguous
34.0,588,epithelial_like
34.0,589,intermediate_plastic
34.0,590,intermediate_plastic
34.0,591,epithelial_like
34.0,592,intermediate_plastic
34.0,593,intermediate_plastic
34.0,594,intermediate_plastic
34.0,595,intermediate_plastic
34.0,596,intermediate_plastic
34.0,597,epithelial_like
34.0,598,intermediate_plastic
34.0,599,intermediate_plastic
34.0,600,ambiguous
34.0,601,intermediate_plastic
34.0,602,ambiguous
34.0,603,intermediate_plastic
34.0,604,ambiguous
34.0,605,epithelial_like
34.0,606,intermediate_plastic
34.0,607,epithelial_like
34.0,608,intermediate_plastic
34.0,609,intermediate_plastic
34.0,610,intermediate_plastic
34.0,611,intermediate_plastic
34.0,612,intermediate_plastic
34.0,613,intermediate_plastic
34.0,614,intermediate_plastic
34.0,615,intermediate_plastic
34.0,616,ambiguous
34.0,617,epithelial_like
34.0,618,epithelial_like
34.0,619,intermediate_plastic
34.0,620,intermediate_plastic
34.0,621,intermediate_plastic
34.0,622,epithelial_like
34.0,623,ambiguous
34.0,624,ambiguous
34.0,625,intermediate_plastic
34.0,626,ambiguous
34.0,627,epithelial_like
34.0,628,ambiguous
34.0,629,ambiguous
34.0,630,intermediate_plastic
34.0,631,ambiguous
34.0,632,intermediate_plastic
34.0,633,ambiguous
34.0,634,intermediate_plastic
34.0,635,epithelial_like
34.0,636,intermediate_plastic
34.0,637,intermediate_plastic
34.0,638,epithelial_like
34.0,639,ambiguous
34.0,640,intermediate_plastic
34.0,641,intermediate_plastic
34.0,642,intermediate_plastic
34.0,643,intermediate_plastic
34.0,644,intermediate_plastic
34.0,645,intermediate_plastic
34.0,646,intermediate_plastic
34.0,647,ambiguous
34.0,648,intermediate_plastic
34.0,649,ambiguous
34.0,650,ambiguous
34.0,651,ambiguous
34.0,652,ambiguous
34.0,653,intermediate_plastic
34.0,654,intermediate_plastic
34.0,655,ambiguous
34.0,656,intermediate_plastic
34.0,657,epithelial_like
34.0,658,intermediate_plastic
34.0,659,epithelial_like
34.0,660,intermediate_plastic
34.0,661,intermediate_plastic
34.0,662,intermediate_plastic
34.0,663,intermediate_plastic
34.0,664,epithelial_like
34.0,665,intermediate_plastic
34.0,666,intermediate_plastic
34.0,667,intermediate_plastic
34.0,668,intermediate_plastic
34.0,669,intermediate_plastic
34.0,670,epithelial_like
34.0,671,intermediate_plastic
34.0,672,intermediate_plastic
34.0,673,intermediate_plastic
34.0,674,intermediate_plastic
34.0,675,intermediate_plastic
34.0,676,epithelial_like
34.0,677,intermediate_plastic
34.0,678,ambiguous
34.0,679,intermediate_plastic
34.0,680,intermediate_plastic
34.0,681,intermediate_plastic
34.0,682,ambiguous
34.0,683,intermediate_plastic
34.0,684,epithelial_like
34.0,685,intermediate_plastic
34.0,686,epithelial_like
34.0,687,ambiguous
34.0,688,epithelial_like
34.0,689,intermediate_plastic
34.0,690,epithelial_like
34.0,691,epithelial_like
34.0,692,ambiguous
34.0,693,epithelial_like
34.0,694,intermediate_plastic
34.0,695,intermediate_plastic
34.0,696,intermediate_plastic
34.0,697,intermediate_plastic
34.0,698,intermediate_plastic
34.0,699,intermediate_plastic
34.0,700,ambiguous
34.0,701,intermediate_plastic
34.0,702,intermediate_plastic
34.0,703,ambiguous
34.0,704,epithelial_like
34.0,705,ambiguous
34.0,706,ambiguous
34.0,707,intermediate_plastic
34.0,708,epithelial_like
34.0,709,intermediate_plastic
34.0,710,intermediate_plastic
34.0,711,ambiguous
34.0,712,intermediate_plastic
34.0,713,intermediate_plastic
34.0,714,intermediate_plastic
34.0,715,ambiguous
34.0,716,ambiguous
34.0,717,epithelial_like
34.0,718,ambiguous
34.0,719,intermediate_plastic
34.0,720,epithelial_like
34.0,721,intermediate_plastic
34.0,722,intermediate_plastic
34.0,723,intermediate_plastic
34.0,724,ambiguous
34.0,725,ambiguous
34.0,726,epithelial_like
34.0,727,ambiguous
34.0,728,intermediate_plastic
34.0,729,intermediate_plastic
34.0,730,epithelial_like
34.0,731,epithelial_like
34.0,732,ambiguous
34.0,733,epithelial_like
34.0,734,intermediate_plastic
34.0,735,intermediate_plastic
34.0,736,intermediate_plastic
34.0,737,ambiguous
34.0,738,epithelial_like
34.0,739,intermediate_plastic
34.0,740,ambiguous
34.0,741,intermediate_plastic
34.0,742,ambiguous
34.0,743,ambiguous
34.0,744,intermediate_plastic
34.0,745,epithelial_like
34.0,746,epithelial_like
34.0,747,ambiguous
34.0,748,epithelial_like
34.0,749,epithelial_like
34.0,750,epithelial_like
34.0,751,intermediate_plastic
34.0,752,epithelial_like
34.0,753,ambiguous
34.0,754,intermediate_plastic
34.0,755,epithelial_like
34.0,756,ambiguous
34.0,757,ambiguous
34.0,758,epithelial_like
34.0,759,intermediate_plastic
34.0,760,intermediate_plastic
34.0,761,intermediate_plastic
34.0,762,ambiguous
34.0,763,intermediate_plastic
34.0,764,intermediate_plastic
34.0,765,intermediate_plastic
34.0,766,intermediate_plastic
34.0,767,ambiguous
34.0,768,intermediate_plastic
34.0,769,intermediate_plastic
34.0,770,ambiguous
34.0,771,epithelial_like
34.0,772,ambiguous
34.0,773,intermediate_plastic
34.0,774,intermediate_plastic
34.0,775,ambiguous
34.0,776,ambiguous
34.0,777,ambiguous
34.0,778,intermediate_plastic
34.0,779,intermediate_plastic
34.0,780,epithelial_like
34.0,781,epithelial_like
34.0,782,intermediate_plastic
34.0,783,ambiguous
34.0,784,intermediate_plastic
34.0,785,intermediate_plastic
34.0,786,intermediate_plastic
34.0,787,intermediate_plastic
34.0,788,intermediate_plastic
34.0,789,intermediate_plastic
34.0,790,intermediate_plastic
34.0,791,epithelial_like
34.0,792,ambiguous
34.0,793,epithelial_like
34.0,794,ambiguous
34.0,795,intermediate_plastic
34.0,796,intermediate_plastic
34.0,797,intermediate_plastic
34.0,798,intermediate_plastic
34.0,799,intermediate_plastic
34.0,800,ambiguous
34.0,801,intermediate_plastic
34.0,802,intermediate_plastic
34.0,803,intermediate_plastic
34.0,804,intermediate_plastic
34.0,805,intermediate_plastic
34.0,806,epithelial_like
34.0,807,epithelial_like
34.0,808,ambiguous
34.0,809,epithelial_like
34.0,810,epithelial_like
34.0,811,epithelial_like
34.0,812,intermediate_plastic
34.0,813,ambiguous
34.0,814,intermediate_plastic
34.0,815,epithelial_like
34.0,816,intermediate_plastic
34.0,817,intermediate_plastic
34.0,818,intermediate_plastic
34.0,819,intermediate_plastic
34.0,820,intermediate_plastic
34.0,821,ambiguous
34.0,822,epithelial_like
34.0,823,intermediate_plastic
34.0,824,intermediate_plastic
34.0,825,intermediate_plastic
34.0,826,intermediate_plastic
34.0,827,intermediate_plastic
34.0,828,intermediate_plastic
34.0,829,intermediate_plastic
34.0,830,intermediate_plastic
34.0,831,epithelial_like
34.0,832,intermediate_plastic
34.0,833,ambiguous
34.0,834,intermediate_plastic
34.0,835,intermediate_plastic
34.0,836,intermediate_plastic
34.0,837,intermediate_plastic
34.0,838,intermediate_plastic
34.0,839,intermediate_plastic
34.0,840,intermediate_plastic
34.0,841,intermediate_plastic
34.0,842,ambiguous
34.0,843,intermediate_plastic
34.0,844,intermediate_plastic
34.0,845,intermediate_plastic
34.0,846,intermediate_plastic
34.0,847,intermediate_plastic
34.0,848,intermediate_plastic
34.0,849,intermediate_plastic
34.0,850,intermediate_plastic
34.0,851,intermediate_plastic
34.0,852,intermediate_plastic
34.0,853,ambiguous
34.0,854,ambiguous
34.0,855,intermediate_plastic
34.0,856,ambiguous
34.0,857,intermediate_plastic
34.0,858,intermediate_plastic
34.0,859,ambiguous
34.0,860,intermediate_plastic
34.0,861,intermediate_plastic
34.0,862,intermediate_plastic
34.0,863,epithelial_like
34.0,864,ambiguous
34.0,865,intermediate_plastic
34.0,866,intermediate_plastic
34.0,867,intermediate_plastic
34.0,868,epithelial_like
34.0,869,epithelial_like
34.0,870,epithelial_like
34.0,871,intermediate_plastic
34.0,872,ambiguous
34.0,873,intermediate_plastic
34.0,874,intermediate_plastic
34.0,875,intermediate_plastic
34.0,876,intermediate_plastic
34.0,877,epithelial_like
34.0,878,epithelial_like
34.0,879,intermediate_plastic
34.0,880,epithelial_like
34.0,881,intermediate_plastic
34.0,882,epithelial_like
34.0,883,ambiguous
34.0,884,intermediate_plastic
34.0,885,epithelial_like
34.0,886,intermediate_plastic
34.0,887,epithelial_like
34.0,888,intermediate_plastic
34.0,889,epithelial_like
34.0,890,intermediate_plastic
34.0,891,epithelial_like
34.0,892,epithelial_like
34.0,893,intermediate_plastic
34.0,894,intermediate_plastic
34.0,895,intermediate_plastic
34.0,896,intermediate_plastic
34.0,897,epithelial_like
34.0,898,ambiguous
34.0,899,epithelial_like
34.0,900,epithelial_like
34.0,901,intermediate_plastic
34.0,902,intermediate_plastic
34.0,903,intermediate_plastic
34.0,904,intermediate_plastic
34.0,905,intermediate_plastic
34.0,906,intermediate_plastic
34.0,907,intermediate_plastic
34.0,908,intermediate_plastic
34.0,909,intermediate_plastic
34.0,910,intermediate_plastic
34.0,911,intermediate_plastic
34.0,912,ambiguous
34.0,913,ambiguous
34.0,914,ambiguous
34.0,915,intermediate_plastic
34.0,916,epithelial_like
34.0,917,intermediate_plastic
34.0,918,intermediate_plastic
34.0,919,ambiguous
34.0,920,ambiguous
34.0,921,intermediate_plastic
34.0,922,ambiguous
34.0,923,intermediate_plastic
34.0,924,intermediate_plastic
34.0,925,intermediate_plastic
34.0,926,epithelial_like
34.0,927,intermediate_plastic
34.0,928,epithelial_like
34.0,929,epithelial_like
34.0,930,ambiguous
34.0,931,ambiguous
34.0,932,intermediate_plastic
34.0,933,epithelial_like
34.0,934,intermediate_plastic
34.0,935,intermediate_plastic
34.0,936,epithelial_like
34.0,937,epithelial_like
34.0,938,intermediate_plastic
34.0,939,intermediate_plastic
34.0,940,intermediate_plastic
34.0,941,intermediate_plastic
34.0,942,intermediate_plastic
34.0,943,epithelial_like
34.0,944,intermediate_plastic
34.0,945,intermediate_plastic
34.0,946,ambiguous
34.0,947,ambiguous
34.0,948,intermediate_plastic
34.0,949,epithelial_like
34.0,950,intermediate_plastic
34.0,951,intermediate_plastic
34.0,952,intermediate_plastic
34.0,953,intermediate_plastic
34.0,954,intermediate_plastic
34.0,955,epithelial_like
34.0,956,epithelial_like
34.0,957,intermediate_plastic
34.0,958,intermediate_plastic
34.0,959,intermediate_plastic
34.0,960,intermediate_plastic
34.0,961,intermediate_plastic
34.0,962,intermediate_plastic
34.0,963,intermediate_plastic
34.0,964,intermediate_plastic
34.0,965,intermediate_plastic
34.0,966,epithelial_like
34.0,967,epithelial_like
34.0,968,intermediate_plastic
34.0,969,ambiguous
34.0,970,intermediate_plastic
34.0,971,intermediate_plastic
34.0,972,intermediate_plastic
34.0,973,intermediate_plastic
34.0,974,intermediate_plastic
34.0,975,intermediate_plastic
34.0,976,intermediate_plastic
34.0,977,intermediate_plastic
34.0,978,intermediate_plastic
34.0,979,ambiguous
34.0,980,intermediate_plastic
34.0,981,intermediate_plastic
34.0,982,intermediate_plastic
34.0,983,intermediate_plastic
34.0,984,intermediate_plastic
34.0,985,epithelial_like
34.0,986,ambiguous
34.0,987,intermediate_plastic
34.0,988,ambiguous
34.0,989,epithelial_like
34.0,990,epithelial_like
34.0,991,ambiguous
34.0,992,epithelial_like
34.0,993,ambiguous
34.0,994,intermediate_plastic
34.0,995,epithelial_like
34.0,996,intermediate_plastic
34.0,997,intermediate_plastic
34.0,998,epithelial_like
34.0,999,intermediate_plastic
34.0,1000,intermediate_plastic
34.0,1001,intermediate_plastic
34.0,1002,ambiguous
34.0,1003,epithelial_like
34.0,1004,intermediate_plastic
34.0,1005,intermediate_plastic
34.0,1006,ambiguous
34.0,1007,intermediate_plastic
34.0,1008,intermediate_plastic
34.0,1009,ambiguous
34.0,1010,intermediate_plastic
34.0,1011,epithelial_like
34.0,1012,intermediate_plastic
34.0,1013,epithelial_like
34.0,1014,intermediate_plastic
34.0,1015,intermediate_plastic
34.0,1016,intermediate_plastic
34.0,1017,intermediate_plastic
34.0,1018,intermediate_plastic
34.0,1019,intermediate_plastic
34.0,1020,epithelial_like
34.0,1021,epithelial_like
34.0,1022,intermediate_plastic
34.0,1023,ambiguous
34.0,1024,ambiguous
34.0,1025,intermediate_plastic
34.0,1026,ambiguous
34.0,1027,epithelial_like
34.0,1028,intermediate_plastic
34.0,1029,intermediate_plastic
34.0,1030,intermediate_plastic
34.0,1031,intermediate_plastic
34.0,1032,ambiguous
34.0,1033,ambiguous
34.0,1034,epithelial_like
34.0,1035,ambiguous
34.0,1036,ambiguous
34.0,1037,ambiguous
34.0,1038,intermediate_plastic
34.0,1039,intermediate_plastic
34.0,1040,intermediate_plastic
34.0,1041,intermediate_plastic
34.0,1042,epithelial_like
34.0,1043,intermediate_plastic
34.0,1044,intermediate_plastic
34.0,1045,intermediate_plastic
34.0,1046,ambiguous
34.0,1047,intermediate_plastic
34.0,1048,intermediate_plastic
34.0,1049,epithelial_like
34.0,1050,epithelial_like
34.0,1051,intermediate_plastic
34.0,1052,intermediate_plastic
34.0,1053,intermediate_plastic
34.0,1054,intermediate_plastic
34.0,1055,ambiguous
34.0,1056,intermediate_plastic
34.0,1057,intermediate_plastic
34.0,1058,epithelial_like
34.0,1059,intermediate_plastic
34.0,1060,intermediate_plastic
34.0,1061,intermediate_plastic
34.0,1062,intermediate_plastic
34.0,1063,ambiguous
34.0,1064,intermediate_plastic
34.0,1065,intermediate_plastic
34.0,1066,intermediate_plastic
34.0,1067,ambiguous
34.0,1068,epithelial_like
34.0,1069,intermediate_plastic
34.0,1070,intermediate_plastic
34.0,1071,epithelial_like
34.0,1072,intermediate_plastic
34.0,1073,intermediate_plastic
34.0,1074,intermediate_plastic
34.0,1075,ambiguous
34.0,1076,intermediate_plastic
34.0,1077,intermediate_plastic
34.0,1078,epithelial_like
34.0,1079,epithelial_like
34.0,1080,intermediate_plastic
34.0,1081,intermediate_plastic
34.0,1082,epithelial_like
34.0,1083,intermediate_plastic
34.0,1084,intermediate_plastic
34.0,1085,intermediate_plastic
34.0,1086,intermediate_plastic
34.0,1087,ambiguous
34.0,1088,ambiguous
34.0,1089,intermediate_plastic
34.0,1090,ambiguous
34.0,1091,ambiguous
34.0,1092,ambiguous
34.0,1093,epithelial_like
34.0,1094,intermediate_plastic
34.0,1095,ambiguous
34.0,1096,intermediate_plastic
34.0,1097,intermediate_plastic
34.0,1098,ambiguous
34.0,1099,epithelial_like
34.0,1100,epithelial_like
34.0,1101,epithelial_like
34.0,1102,ambiguous
34.0,1103,intermediate_plastic
34.0,1104,ambiguous
34.0,1105,intermediate_plastic
34.0,1106,intermediate_plastic
34.0,1107,intermediate_plastic
34.0,1108,ambiguous
34.0,1109,intermediate_plastic
34.0,1110,epithelial_like
34.0,1111,intermediate_plastic
34.0,1112,ambiguous
34.0,1113,ambiguous
34.0,1114,epithelial_like
34.0,1115,intermediate_plastic
34.0,1116,intermediate_plastic
34.0,1117,intermediate_plastic
34.0,1118,epithelial_like
34.0,1119,ambiguous
34.0,1120,ambiguous
34.0,1121,ambiguous
34.0,1122,intermediate_plastic
34.0,1123,intermediate_plastic
34.0,1124,ambiguous
34.0,1125,ambiguous
34.0,1126,intermediate_plastic
34.0,1127,intermediate_plastic
34.0,1128,intermediate_plastic
34.0,1129,epithelial_like
34.0,1130,intermediate_plastic
34.0,1131,epithelial_like
34.0,1132,intermediate_plastic
34.0,1133,intermediate_plastic
34.0,1134,epithelial_like
34.0,1135,intermediate_plastic
34.0,1136,intermediate_plastic
34.0,1137,intermediate_plastic
34.0,1138,intermediate_plastic
34.0,1139,intermediate_plastic
34.0,1140,intermediate_plastic
34.0,1141,intermediate_plastic
34.0,1142,intermediate_plastic
34.0,1143,ambiguous
34.0,1144,epithelial_like
34.0,1145,ambiguous
34.0,1146,intermediate_plastic
34.0,1147,ambiguous
34.0,1148,epithelial_like
34.0,1149,intermediate_plastic
34.0,1150,ambiguous
34.0,1151,intermediate_plastic
34.0,1152,epithelial_like
34.0,1153,epithelial_like
34.0,1154,intermediate_plastic
34.0,1155,intermediate_plastic
34.0,1156,epithelial_like
34.0,1157,epithelial_like
34.0,1158,ambiguous
34.0,1159,ambiguous
34.0,1160,epithelial_like
34.0,1161,intermediate_plastic
34.0,1162,ambiguous
34.0,1163,ambiguous
34.0,1164,epithelial_like
34.0,1165,ambiguous
34.0,1166,epithelial_like
34.0,1167,ambiguous
34.0,1168,intermediate_plastic
34.0,1169,intermediate_plastic
34.0,1170,intermediate_plastic
34.0,1171,intermediate_plastic
34.0,1172,epithelial_like
34.0,1173,ambiguous
34.0,1174,intermediate_plastic
34.0,1175,ambiguous
34.0,1176,intermediate_plastic
34.0,1177,intermediate_plastic
34.0,1178,intermediate_plastic
34.0,1179,ambiguous
34.0,1180,intermediate_plastic
34.0,1181,intermediate_plastic
34.0,1182,intermediate_plastic
34.0,1183,ambiguous
34.0,1184,intermediate_plastic
34.0,1185,ambiguous
34.0,1186,intermediate_plastic
34.0,1187,epithelial_like
34.0,1188,ambiguous
34.0,1189,intermediate_plastic
34.0,1190,intermediate_plastic
34.0,1191,intermediate_plastic
34.0,1192,intermediate_plastic
34.0,1193,ambiguous
34.0,1194,epithelial_like
34.0,1195,intermediate_plastic
34.0,1196,epithelial_like
34.0,1197,intermediate_plastic
34.0,1198,intermediate_plastic
34.0,1199,intermediate_plastic
34.0,1200,intermediate_plastic
34.0,1201,ambiguous
34.0,1202,ambiguous
34.0,1203,intermediate_plastic
34.0,1204,epithelial_like
34.0,1205,intermediate_plastic
34.0,1206,intermediate_plastic
34.0,1207,epithelial_like
34.0,1208,intermediate_plastic
34.0,1209,intermediate_plastic
34.0,1210,ambiguous
34.0,1211,intermediate_plastic
34.0,1212,ambiguous
34.0,1213,epithelial_like
34.0,1214,ambiguous
34.0,1215,intermediate_plastic
34.0,1216,intermediate_plastic
34.0,1217,ambiguous
34.0,1218,intermediate_plastic
34.0,1219,ambiguous
34.0,1220,intermediate_plastic
34.0,1221,ambiguous
34.0,1222,epithelial_like
34.0,1223,intermediate_plastic
34.0,1224,ambiguous
34.0,1225,intermediate_plastic
34.0,1226,intermediate_plastic
34.0,1227,epithelial_like
34.0,1228,intermediate_plastic
34.0,1229,intermediate_plastic
34.0,1230,intermediate_plastic
34.0,1231,epithelial_like
34.0,1232,intermediate_plastic
34.0,1233,intermediate_plastic
34.0,1234,intermediate_plastic
34.0,1235,epithelial_like
34.0,1236,intermediate_plastic
34.0,1237,ambiguous
34.0,1238,epithelial_like
34.0,1239,intermediate_plastic
34.0,1240,epithelial_like
34.0,1241,epithelial_like
34.0,1242,epithelial_like
34.0,1243,intermediate_plastic
34.0,1244,intermediate_plastic
34.0,1245,ambiguous
34.0,1246,epithelial_like
34.0,1247,ambiguous
34.0,1248,intermediate_plastic
34.0,1249,intermediate_plastic
34.0,1250,intermediate_plastic
34.0,1251,intermediate_plastic
34.0,1252,ambiguous
34.0,1253,intermediate_plastic
34.0,1254,ambiguous
34.0,1255,intermediate_plastic
34.0,1256,intermediate_plastic
34.0,1257,intermediate_plastic
34.0,1258,intermediate_plastic
34.0,1259,ambiguous
34.0,1260,intermediate_plastic
34.0,1261,ambiguous
34.0,1262,intermediate_plastic
34.0,1263,intermediate_plastic
34.0,1264,intermediate_plastic
34.0,1265,intermediate_plastic
34.0,1266,intermediate_plastic
34.0,1267,epithelial_like
34.0,1268,epithelial_like
34.0,1269,intermediate_plastic
34.0,1270,intermediate_plastic
34.0,1271,ambiguous
34.0,1272,intermediate_plastic
34.0,1273,ambiguous
34.0,1274,intermediate_plastic
34.0,1275,ambiguous
34.0,1276,epithelial_like
34.0,1277,intermediate_plastic
34.0,1278,intermediate_plastic
34.0,1279,intermediate_plastic
34.0,1280,intermediate_plastic
34.0,1281,intermediate_plastic
34.0,1282,intermediate_plastic
34.0,1283,intermediate_plastic
34.0,1284,intermediate_plastic
34.0,1285,epithelial_like
34.0,1286,intermediate_plastic
34.0,1287,ambiguous
34.0,1288,epithelial_like
34.0,1289,intermediate_plastic
34.0,1290,intermediate_plastic
34.0,1291,intermediate_plastic
34.0,1292,intermediate_plastic
34.0,1293,ambiguous
34.0,1294,ambiguous
34.0,1295,epithelial_like
34.0,1296,ambiguous
34.0,1297,intermediate_plastic
34.0,1298,intermediate_plastic
34.0,1299,intermediate_plastic
34.0,1300,intermediate_plastic
34.0,1301,epithelial_like
34.0,1302,ambiguous
34.0,1303,intermediate_plastic
34.0,1304,ambiguous
34.0,1305,epithelial_like
34.0,1306,ambiguous
34.0,1307,intermediate_plastic
34.0,1308,intermediate_plastic
34.0,1309,intermediate_plastic
34.0,1310,intermediate_plastic
34.0,1311,ambiguous
34.0,1312,epithelial_like
34.0,1313,intermediate_plastic
34.0,1314,ambiguous
34.0,1315,intermediate_plastic
34.0,1316,ambiguous
34.0,1317,epithelial_like
34.0,1318,intermediate_plastic
34.0,1319,intermediate_plastic
34.0,1320,ambiguous
34.0,1321,intermediate_plastic
34.0,1322,ambiguous
34.0,1323,epithelial_like
34.0,1324,ambiguous
34.0,1325,intermediate_plastic
34.0,1326,intermediate_plastic
34.0,1327,intermediate_plastic
34.0,1328,ambiguous
34.0,1329,intermediate_plastic
34.0,1330,intermediate_plastic
34.0,1331,ambiguous
34.0,1332,intermediate_plastic
34.0,1333,intermediate_plastic
34.0,1334,intermediate_plastic
34.0,1335,ambiguous
34.0,1336,intermediate_plastic
34.0,1337,intermediate_plastic
34.0,1338,intermediate_plastic
34.0,1339,intermediate_plastic
34.0,1340,intermediate_plastic
34.0,1341,intermediate_plastic
34.0,1342,intermediate_plastic
34.0,1343,intermediate_plastic
34.0,1344,intermediate_plastic
34.0,1345,intermediate_plastic
34.0,1346,epithelial_like
34.0,1347,intermediate_plastic
34.0,1348,intermediate_plastic
34.0,1349,epithelial_like
34.0,1350,intermediate_plastic
34.0,1351,intermediate_plastic
34.0,1352,intermediate_plastic
34.0,1353,intermediate_plastic
34.0,1354,intermediate_plastic
34.0,1355,epithelial_like
34.0,1356,intermediate_plastic
34.0,1357,epithelial_like
34.0,1358,intermediate_plastic
34.0,1359,epithelial_like
34.0,1360,intermediate_plastic
34.0,1361,intermediate_plastic
34.0,1362,ambiguous
34.0,1363,ambiguous
34.0,1364,intermediate_plastic
34.0,1365,intermediate_plastic
34.0,1366,ambiguous
34.0,1367,intermediate_plastic
34.0,1368,intermediate_plastic
34.0,1369,intermediate_plastic
34.0,1370,intermediate_plastic
34.0,1371,intermediate_plastic
34.0,1372,intermediate_plastic
34.0,1373,ambiguous
34.0,1374,intermediate_plastic
34.0,1375,intermediate_plastic
34.0,1376,intermediate_plastic
34.0,1377,intermediate_plastic
34.0,1378,intermediate_plastic
34.0,1379,intermediate_plastic
34.0,1380,epithelial_like
34.0,1381,intermediate_plastic
34.0,1382,epithelial_like
34.0,1383,ambiguous
34.0,1384,ambiguous
34.0,1385,intermediate_plastic
34.0,1386,intermediate_plastic
34.0,1387,intermediate_plastic
34.0,1388,intermediate_plastic
34.0,1389,ambiguous
34.0,1390,intermediate_plastic
34.0,1391,ambiguous
34.0,1392,intermediate_plastic
34.0,1393,epithelial_like
34.0,1394,intermediate_plastic
34.0,1395,intermediate_plastic
34.0,1396,epithelial_like
34.0,1397,ambiguous
34.0,1398,intermediate_plastic
34.0,1399,intermediate_plastic
34.0,1400,epithelial_like
34.0,1401,intermediate_plastic
34.0,1402,intermediate_plastic
34.0,1403,epithelial_like
34.0,1404,intermediate_plastic
34.0,1405,intermediate_plastic
34.0,1406,intermediate_plastic
34.0,1407,intermediate_plastic
34.0,1408,ambiguous
34.0,1409,intermediate_plastic
34.0,1410,ambiguous
34.0,1411,ambiguous
34.0,1412,intermediate_plastic
34.0,1413,epithelial_like
34.0,1414,ambiguous
34.0,1415,intermediate_plastic
34.0,1416,intermediate_plastic
34.0,1417,intermediate_plastic
34.0,1418,intermediate_plastic
34.0,1419,intermediate_plastic
34.0,1420,intermediate_plastic
34.0,1421,epithelial_like
34.0,1422,ambiguous
34.0,1423,intermediate_plastic
34.0,1424,intermediate_plastic
34.0,1425,ambiguous
34.0,1426,epithelial_like
34.0,1427,intermediate_plastic
34.0,1428,intermediate_plastic
34.0,1429,intermediate_plastic
34.0,1430,intermediate_plastic
34.0,1431,ambiguous
34.0,1432,ambiguous
34.0,1433,ambiguous
34.0,1434,intermediate_plastic
34.0,1435,intermediate_plastic
34.0,1436,intermediate_plastic
34.0,1437,intermediate_plastic
34.0,1438,ambiguous
34.0,1439,intermediate_plastic
34.0,1440,intermediate_plastic
34.0,1441,intermediate_plastic
34.0,1442,ambiguous
34.0,1443,intermediate_plastic
34.0,1444,epithelial_like
34.0,1445,intermediate_plastic
34.0,1446,intermediate_plastic
34.0,1447,epithelial_like
34.0,1448,intermediate_plastic
34.0,1449,intermediate_plastic
34.0,1450,intermediate_plastic
34.0,1451,intermediate_plastic
34.0,1452,intermediate_plastic
34.0,1453,intermediate_plastic
34.0,1454,intermediate_plastic
34.0,1455,intermediate_plastic
34.0,1456,intermediate_plastic
34.0,1457,intermediate_plastic
34.0,1458,ambiguous
34.0,1459,intermediate_plastic
34.0,1460,intermediate_plastic
34.0,1461,intermediate_plastic
34.0,1462,ambiguous
34.0,1463,epithelial_like
34.0,1464,intermediate_plastic
34.0,1465,ambiguous
34.0,1466,epithelial_like
34.0,1467,ambiguous
34.0,1468,intermediate_plastic
34.0,1469,epithelial_like
34.0,1470,ambiguous
34.0,1471,intermediate_plastic
34.0,1472,intermediate_plastic
34.0,1473,intermediate_plastic
34.0,1474,intermediate_plastic
34.0,1475,epithelial_like
34.0,1476,intermediate_plastic
34.0,1477,intermediate_plastic
34.0,1478,intermediate_plastic
34.0,1479,ambiguous
34.0,1480,intermediate_plastic
34.0,1481,intermediate_plastic
34.0,1482,epithelial_like
34.0,1483,intermediate_plastic
34.0,1484,intermediate_plastic
34.0,1485,epithelial_like
34.0,1486,ambiguous
34.0,1487,intermediate_plastic
34.0,1488,intermediate_plastic
34.0,1489,intermediate_plastic
34.0,1490,epithelial_like
34.0,1491,ambiguous
34.0,1492,intermediate_plastic
34.0,1493,intermediate_plastic
34.0,1494,epithelial_like
34.0,1495,intermediate_plastic
34.0,1496,epithelial_like
34.0,1497,ambiguous
34.0,1498,epithelial_like
34.0,1499,epithelial_like
34.0,1500,ambiguous
34.0,1501,intermediate_plastic
34.0,1502,ambiguous
34.0,1503,intermediate_plastic
34.0,1504,epithelial_like
34.0,1505,intermediate_plastic
34.0,1506,intermediate_plastic
34.0,1507,intermediate_plastic
34.0,1508,ambiguous
34.0,1509,intermediate_plastic
34.0,1510,intermediate_plastic
34.0,1511,intermediate_plastic
34.0,1512,ambiguous
34.0,1513,intermediate_plastic
34.0,1514,epithelial_like
34.0,1515,intermediate_plastic
34.0,1516,intermediate_plastic
34.0,1517,epithelial_like
34.0,1518,epithelial_like
34.0,1519,intermediate_plastic
34.0,1520,intermediate_plastic
34.0,1521,ambiguous
34.0,1522,intermediate_plastic
34.0,1523,intermediate_plastic
34.0,1524,intermediate_plastic
34.0,1525,ambiguous
34.0,1526,intermediate_plastic
34.0,1527,intermediate_plastic
34.0,1528,intermediate_plastic
34.0,1529,ambiguous
34.0,1530,intermediate_plastic
34.0,1531,ambiguous
34.0,1532,intermediate_plastic
34.0,1533,intermediate_plastic
34.0,1534,intermediate_plastic
34.0,1535,intermediate_plastic
34.0,1536,intermediate_plastic
34.0,1537,intermediate_plastic
34.0,1538,intermediate_plastic
34.0,1539,intermediate_plastic
34.0,1540,epithelial_like
34.0,1541,intermediate_plastic
34.0,1542,intermediate_plastic
34.0,1543,intermediate_plastic
34.0,1544,epithelial_like
34.0,1545,intermediate_plastic
34.0,1546,intermediate_plastic
34.0,1547,ambiguous
34.0,1548,intermediate_plastic
34.0,1549,intermediate_plastic
34.0,1550,intermediate_plastic
34.0,1551,intermediate_plastic
34.0,1552,ambiguous
34.0,1553,epithelial_like
34.0,1554,intermediate_plastic
34.0,1555,intermediate_plastic
34.0,1556,intermediate_plastic
34.0,1557,intermediate_plastic
34.0,1558,intermediate_plastic
34.0,1559,epithelial_like
34.0,1560,intermediate_plastic
34.0,1561,epithelial_like
34.0,1562,epithelial_like
34.0,1563,intermediate_plastic
34.0,1564,intermediate_plastic
34.0,1565,intermediate_plastic
34.0,1566,intermediate_plastic
34.0,1567,intermediate_plastic
34.0,1568,intermediate_plastic
34.0,1569,intermediate_plastic
34.0,1570,ambiguous
34.0,1571,ambiguous
34.0,1572,intermediate_plastic
34.0,1573,ambiguous
34.0,1574,intermediate_plastic
34.0,1575,epithelial_like
34.0,1576,epithelial_like
34.0,1577,ambiguous
34.0,1578,ambiguous
34.0,1579,intermediate_plastic
34.0,1580,intermediate_plastic
34.0,1581,intermediate_plastic
34.0,1582,intermediate_plastic
34.0,1583,intermediate_plastic
34.0,1584,ambiguous
34.0,1585,intermediate_plastic
34.0,1586,intermediate_plastic
34.0,1587,epithelial_like
34.0,1588,ambiguous
34.0,1589,intermediate_plastic
34.0,1590,epithelial_like
34.0,1591,ambiguous
34.0,1592,intermediate_plastic
34.0,1593,intermediate_plastic
34.0,1594,intermediate_plastic
34.0,1595,ambiguous
34.0,1596,ambiguous
34.0,1597,intermediate_plastic
34.0,1598,intermediate_plastic
34.0,1599,ambiguous
34.0,1600,intermediate_plastic
34.0,1601,epithelial_like
34.0,1602,intermediate_plastic
34.0,1603,intermediate_plastic
34.0,1604,ambiguous
34.0,1605,intermediate_plastic
34.0,1606,ambiguous
34.0,1607,ambiguous
34.0,1608,ambiguous
34.0,1609,intermediate_plastic
34.0,1610,intermediate_plastic
34.0,1611,intermediate_plastic
34.0,1612,intermediate_plastic
34.0,1613,intermediate_plastic
34.0,1614,epithelial_like
34.0,1615,intermediate_plastic
34.0,1616,intermediate_plastic
34.0,1617,intermediate_plastic
34.0,1618,epithelial_like
34.0,1619,ambiguous
34.0,1620,intermediate_plastic
34.0,1621,ambiguous
34.0,1622,ambiguous
34.0,1623,ambiguous
34.0,1624,intermediate_plastic
34.0,1625,ambiguous
34.0,1626,epithelial_like
34.0,1627,intermediate_plastic
34.0,1628,intermediate_plastic
34.0,1629,intermediate_plastic
34.0,1630,intermediate_plastic
34.0,1631,intermediate_plastic
34.0,1632,intermediate_plastic
34.0,1633,intermediate_plastic
34.0,1634,epithelial_like
34.0,1635,ambiguous
34.0,1636,epithelial_like
34.0,1637,intermediate_plastic
34.0,1638,intermediate_plastic
34.0,1639,epithelial_like
34.0,1640,ambiguous
34.0,1641,ambiguous
34.0,1642,intermediate_plastic
34.0,1643,intermediate_plastic
34.0,1644,epithelial_like
34.0,1645,intermediate_plastic
34.0,1646,intermediate_plastic
34.0,1647,ambiguous
34.0,1648,intermediate_plastic
34.0,1649,intermediate_plastic
34.0,1650,intermediate_plastic
34.0,1651,ambiguous
34.0,1652,ambiguous
34.0,1653,ambiguous
34.0,1654,epithelial_like
34.0,1655,ambiguous
34.0,1656,epithelial_like
34.0,1657,ambiguous
34.0,1658,intermediate_plastic
34.0,1659,intermediate_plastic
34.0,1660,intermediate_plastic
34.0,1661,intermediate_plastic
34.0,1662,intermediate_plastic
34.0,1663,epithelial_like
34.0,1664,epithelial_like
34.0,1665,epithelial_like
34.0,1666,intermediate_plastic
34.0,1667,intermediate_plastic
34.0,1668,epithelial_like
34.0,1669,ambiguous
34.0,1670,intermediate_plastic
34.0,1671,intermediate_plastic
34.0,1672,intermediate_plastic
34.0,1673,epithelial_like
34.0,1674,intermediate_plastic
34.0,1675,ambiguous
34.0,1676,ambiguous
34.0,1677,ambiguous
34.0,1678,ambiguous
34.0,1679,intermediate_plastic
34.0,1680,intermediate_plastic
34.0,1681,intermediate_plastic
34.0,1682,epithelial_like
34.0,1683,intermediate_plastic
34.0,1684,ambiguous
34.0,1685,epithelial_like
34.0,1686,ambiguous
34.0,1687,ambiguous
34.0,1688,intermediate_plastic
34.0,1689,intermediate_plastic
34.0,1690,intermediate_plastic
34.0,1691,intermediate_plastic
34.0,1692,ambiguous
34.0,1693,ambiguous
34.0,1694,ambiguous
34.0,1695,ambiguous
34.0,1696,intermediate_plastic
34.0,1697,intermediate_plastic
34.0,1698,ambiguous
34.0,1699,epithelial_like
34.0,1700,ambiguous
34.0,1701,ambiguous
34.0,1702,ambiguous
34.0,1703,ambiguous
34.0,1704,intermediate_plastic
34.0,1705,intermediate_plastic
34.0,1706,epithelial_like
34.0,1707,ambiguous
34.0,1708,intermediate_plastic
34.0,1709,intermediate_plastic
34.0,1710,intermediate_plastic
34.0,1711,intermediate_plastic
34.0,1712,intermediate_plastic
34.0,1713,intermediate_plastic
34.0,1714,intermediate_plastic
34.0,1715,intermediate_plastic
34.0,1716,intermediate_plastic
34.0,1717,intermediate_plastic
34.0,1718,epithelial_like
34.0,1719,intermediate_plastic
34.0,1720,intermediate_plastic
34.0,1721,ambiguous
34.0,1722,intermediate_plastic
34.0,1723,intermediate_plastic
34.0,1724,intermediate_plastic
34.0,1725,intermediate_plastic
34.0,1726,intermediate_plastic
34.0,1727,intermediate_plastic
34.0,1728,ambiguous
34.0,1729,intermediate_plastic
34.0,1730,intermediate_plastic
34.0,1731,epithelial_like
34.0,1732,intermediate_plastic
34.0,1733,ambiguous
34.0,1734,intermediate_plastic
34.0,1735,intermediate_plastic
34.0,1736,epithelial_like
34.0,1737,ambiguous
34.0,1738,ambiguous
34.0,1739,epithelial_like
34.0,1740,epithelial_like
34.0,1741,intermediate_plastic
34.0,1742,ambiguous
34.0,1743,ambiguous
34.0,1744,intermediate_plastic
34.0,1745,intermediate_plastic
34.0,1746,intermediate_plastic
34.0,1747,intermediate_plastic
34.0,1748,intermediate_plastic
34.0,1749,intermediate_plastic
34.0,1750,intermediate_plastic
34.0,1751,intermediate_plastic
34.0,1752,intermediate_plastic
34.0,1753,intermediate_plastic
34.0,1754,epithelial_like
34.0,1755,epithelial_like
34.0,1756,intermediate_plastic
34.0,1757,intermediate_plastic
34.0,1758,ambiguous
34.0,1759,intermediate_plastic
34.0,1760,epithelial_like
34.0,1761,intermediate_plastic
34.0,1762,epithelial_like
34.0,1763,intermediate_plastic
34.0,1764,ambiguous
34.0,1765,ambiguous
34.0,1766,ambiguous
34.0,1767,intermediate_plastic
34.0,1768,epithelial_like
34.0,1769,intermediate_plastic
34.0,1770,intermediate_plastic
34.0,1771,ambiguous
34.0,1772,intermediate_plastic
34.0,1773,epithelial_like
34.0,1774,epithelial_like
34.0,1775,intermediate_plastic
34.0,1776,intermediate_plastic
34.0,1777,intermediate_plastic
34.0,1778,epithelial_like
34.0,1779,ambiguous
34.0,1780,epithelial_like
34.0,1781,epithelial_like
34.0,1782,intermediate_plastic
34.0,1783,epithelial_like
34.0,1784,intermediate_plastic
34.0,1785,epithelial_like
34.0,1786,ambiguous
34.0,1787,intermediate_plastic
34.0,1788,intermediate_plastic
34.0,1789,intermediate_plastic
34.0,1790,epithelial_like
34.0,1791,ambiguous
34.0,1792,intermediate_plastic
34.0,1793,intermediate_plastic
34.0,1794,ambiguous
34.0,1795,intermediate_plastic
34.0,1796,intermediate_plastic
34.0,1797,intermediate_plastic
34.0,1798,epithelial_like
34.0,1799,intermediate_plastic
34.0,1800,intermediate_plastic
34.0,1801,intermediate_plastic
34.0,1802,intermediate_plastic
34.0,1803,intermediate_plastic
34.0,1804,intermediate_plastic
34.0,1805,ambiguous
34.0,1806,ambiguous
34.0,1807,intermediate_plastic
34.0,1808,epithelial_like
34.0,1809,ambiguous
34.0,1810,epithelial_like
34.0,1811,ambiguous
34.0,1812,intermediate_plastic
34.0,1813,intermediate_plastic
34.0,1814,intermediate_plastic
34.0,1815,ambiguous
34.0,1816,intermediate_plastic
34.0,1817,ambiguous
34.0,1818,ambiguous
34.0,1819,intermediate_plastic
34.0,1820,intermediate_plastic
34.0,1821,intermediate_plastic
34.0,1822,intermediate_plastic
34.0,1823,epithelial_like
34.0,1824,intermediate_plastic
34.0,1825,intermediate_plastic
34.0,1826,intermediate_plastic
34.0,1827,intermediate_plastic
34.0,1828,intermediate_plastic
34.0,1829,ambiguous
34.0,1830,intermediate_plastic
34.0,1831,intermediate_plastic
34.0,1832,intermediate_plastic
34.0,1833,ambiguous
34.0,1834,intermediate_plastic
34.0,1835,intermediate_plastic
34.0,1836,intermediate_plastic
34.0,1837,intermediate_plastic
34.0,1838,intermediate_plastic
34.0,1839,ambiguous
34.0,1840,intermediate_plastic
34.0,1841,intermediate_plastic
34.0,1842,intermediate_plastic
34.0,1843,intermediate_plastic
34.0,1844,intermediate_plastic
34.0,1845,intermediate_plastic
34.0,1846,epithelial_like
34.0,1847,intermediate_plastic
34.0,1848,intermediate_plastic
34.0,1849,intermediate_plastic
34.0,1850,epithelial_like
34.0,1851,ambiguous
34.0,1852,intermediate_plastic
34.0,1853,epithelial_like
34.0,1854,ambiguous
34.0,1855,intermediate_plastic
34.0,1856,intermediate_plastic
34.0,1857,intermediate_plastic
34.0,1858,intermediate_plastic
34.0,1859,intermediate_plastic
34.0,1860,intermediate_plastic
34.0,1861,intermediate_plastic
34.0,1862,intermediate_plastic
34.0,1863,ambiguous
34.0,1864,intermediate_plastic
34.0,1865,epithelial_like
34.0,1866,intermediate_plastic
34.0,1867,ambiguous
34.0,1868,ambiguous
34.0,1869,intermediate_plastic
34.0,1870,epithelial_like
34.0,1871,intermediate_plastic
34.0,1872,epithelial_like
34.0,1873,ambiguous
34.0,1874,epithelial_like
34.0,1875,intermediate_plastic
34.0,1876,ambiguous
34.0,1877,ambiguous
34.0,1878,intermediate_plastic
34.0,1879,intermediate_plastic
34.0,1880,ambiguous
34.0,1881,ambiguous
34.0,1882,epithelial_like
34.0,1883,intermediate_plastic
34.0,1884,ambiguous
34.0,1885,intermediate_plastic
34.0,1886,intermediate_plastic
34.0,1887,intermediate_plastic
34.0,1888,intermediate_plastic
34.0,1889,intermediate_plastic
34.0,1890,intermediate_plastic
34.0,1891,intermediate_plastic
34.0,1892,ambiguous
34.0,1893,intermediate_plastic
34.0,1894,intermediate_plastic
34.0,1895,intermediate_plastic
34.0,1896,epithelial_like
34.0,1897,intermediate_plastic
34.0,1898,intermediate_plastic
34.0,1899,intermediate_plastic
34.0,1900,intermediate_plastic
34.0,1901,ambiguous
34.0,1902,ambiguous
34.0,1903,intermediate_plastic
34.0,1904,intermediate_plastic
34.0,1905,intermediate_plastic
34.0,1906,intermediate_plastic
34.0,1907,ambiguous
34.0,1908,intermediate_plastic
34.0,1909,intermediate_plastic
34.0,1910,intermediate_plastic
34.0,1911,ambiguous
34.0,1912,ambiguous
34.0,1913,intermediate_plastic
34.0,1914,intermediate_plastic
34.0,1915,intermediate_plastic
34.0,1916,intermediate_plastic
34.0,1917,intermediate_plastic
34.0,1918,intermediate_plastic
34.0,1919,ambiguous
34.0,1920,epithelial_like
34.0,1921,ambiguous
34.0,1922,ambiguous
34.0,1923,intermediate_plastic
34.0,1924,intermediate_plastic
34.0,1925,intermediate_plastic
34.0,1926,ambiguous
34.0,1927,intermediate_plastic
34.0,1928,intermediate_plastic
34.0,1929,ambiguous
34.0,1930,ambiguous
34.0,1931,intermediate_plastic
34.0,1932,intermediate_plastic
34.0,1933,intermediate_plastic
34.0,1934,ambiguous
34.0,1935,intermediate_plastic
34.0,1936,intermediate_plastic
34.0,1937,epithelial_like
34.0,1938,intermediate_plastic
34.0,1939,epithelial_like
34.0,1940,intermediate_plastic
34.0,1941,intermediate_plastic
34.0,1942,intermediate_plastic
34.0,1943,ambiguous
34.0,1944,ambiguous
34.0,1945,intermediate_plastic
34.0,1946,ambiguous
34.0,1947,intermediate_plastic
34.0,1948,intermediate_plastic
34.0,1949,ambiguous
34.0,1950,ambiguous
34.0,1951,intermediate_plastic
34.0,1952,intermediate_plastic
34.0,1953,intermediate_plastic
34.0,1954,epithelial_like
34.0,1955,epithelial_like
34.0,1956,ambiguous
34.0,1957,intermediate_plastic
34.0,1958,intermediate_plastic
34.0,1959,intermediate_plastic
34.0,1960,ambiguous
34.0,1961,intermediate_plastic
34.0,1962,ambiguous
34.0,1963,intermediate_plastic
34.0,1964,intermediate_plastic
34.0,1965,intermediate_plastic
34.0,1966,intermediate_plastic
34.0,1967,epithelial_like
34.0,1968,ambiguous
34.0,1969,epithelial_like
34.0,1970,intermediate_plastic
34.0,1971,ambiguous
34.0,1972,epithelial_like
34.0,1973,ambiguous
34.0,1974,intermediate_plastic
34.0,1975,intermediate_plastic
34.0,1976,intermediate_plastic
34.0,1977,intermediate_plastic
34.0,1978,ambiguous
34.0,1979,ambiguous
34.0,1980,intermediate_plastic
34.0,1981,intermediate_plastic
34.0,1982,intermediate_plastic
34.0,1983,intermediate_plastic
34.0,1984,intermediate_plastic
34.0,1985,ambiguous
34.0,1986,intermediate_plastic
34.0,1987,intermediate_plastic
34.0,1988,intermediate_plastic
34.0,1989,intermediate_plastic
34.0,1990,ambiguous
34.0,1991,intermediate_plastic
34.0,1992,epithelial_like
34.0,1993,intermediate_plastic
34.0,1994,ambiguous
34.0,1995,intermediate_plastic
34.0,1996,intermediate_plastic
34.0,1997,intermediate_plastic
34.0,1998,intermediate_plastic
34.0,1999,ambiguous
36.0,0,epithelial_like
36.0,1,ambiguous
36.0,2,epithelial_like
36.0,3,intermediate_plastic
36.0,4,intermediate_plastic
36.0,5,intermediate_plastic
36.0,6,ambiguous
36.0,7,epithelial_like
36.0,8,intermediate_plastic
36.0,9,intermediate_plastic
36.0,10,intermediate_plastic
36.0,11,intermediate_plastic
36.0,12,ambiguous
36.0,13,intermediate_plastic
36.0,14,intermediate_plastic
36.0,15,ambiguous
36.0,16,epithelial_like
36.0,17,ambiguous
36.0,18,intermediate_plastic
36.0,19,intermediate_plastic
36.0,20,intermediate_plastic
36.0,21,intermediate_plastic
36.0,22,intermediate_plastic
36.0,23,ambiguous
36.0,24,intermediate_plastic
36.0,25,intermediate_plastic
36.0,26,intermediate_plastic
36.0,27,epithelial_like
36.0,28,epithelial_like
36.0,29,epithelial_like
36.0,30,intermediate_plastic
36.0,31,intermediate_plastic
36.0,32,intermediate_plastic
36.0,33,intermediate_plastic
36.0,34,ambiguous
36.0,35,intermediate_plastic
36.0,36,intermediate_plastic
36.0,37,intermediate_plastic
36.0,38,intermediate_plastic
36.0,39,intermediate_plastic
36.0,40,intermediate_plastic
36.0,41,intermediate_plastic
36.0,42,intermediate_plastic
36.0,43,ambiguous
36.0,44,epithelial_like
36.0,45,intermediate_plastic
36.0,46,intermediate_plastic
36.0,47,epithelial_like
36.0,48,epithelial_like
36.0,49,intermediate_plastic
36.0,50,intermediate_plastic
36.0,51,intermediate_plastic
36.0,52,intermediate_plastic
36.0,53,intermediate_plastic
36.0,54,ambiguous
36.0,55,intermediate_plastic
36.0,56,intermediate_plastic
36.0,57,intermediate_plastic
36.0,58,intermediate_plastic
36.0,59,intermediate_plastic
36.0,60,epithelial_like
36.0,61,ambiguous
36.0,62,epithelial_like
36.0,63,intermediate_plastic
36.0,64,ambiguous
36.0,65,intermediate_plastic
36.0,66,intermediate_plastic
36.0,67,intermediate_plastic
36.0,68,intermediate_plastic
36.0,69,epithelial_like
36.0,70,epithelial_like
36.0,71,intermediate_plastic
36.0,72,ambiguous
36.0,73,epithelial_like
36.0,74,intermediate_plastic
36.0,75,intermediate_plastic
36.0,76,ambiguous
36.0,77,intermediate_plastic
36.0,78,epithelial_like
36.0,79,intermediate_plastic
36.0,80,intermediate_plastic
36.0,81,ambiguous
36.0,82,ambiguous
36.0,83,intermediate_plastic
36.0,84,intermediate_plastic
36.0,85,ambiguous
36.0,86,ambiguous
36.0,87,intermediate_plastic
36.0,88,intermediate_plastic
36.0,89,intermediate_plastic
36.0,90,ambiguous
36.0,91,intermediate_plastic
36.0,92,intermediate_plastic
36.0,93,intermediate_plastic
36.0,94,epithelial_like
36.0,95,intermediate_plastic
36.0,96,ambiguous
36.0,97,intermediate_plastic
36.0,98,intermediate_plastic
36.0,99,ambiguous
36.0,100,ambiguous
36.0,101,intermediate_plastic
36.0,102,ambiguous
36.0,103,intermediate_plastic
36.0,104,epithelial_like
36.0,105,intermediate_plastic
36.0,106,intermediate_plastic
36.0,107,epithelial_like
36.0,108,ambiguous
36.0,109,intermediate_plastic
36.0,110,intermediate_plastic
36.0,111,intermediate_plastic
36.0,112,intermediate_plastic
36.0,113,intermediate_plastic
36.0,114,ambiguous
36.0,115,ambiguous
36.0,116,ambiguous
36.0,117,intermediate_plastic
36.0,118,ambiguous
36.0,119,intermediate_plastic
36.0,120,intermediate_plastic
36.0,121,intermediate_plastic
36.0,122,intermediate_plastic
36.0,123,epithelial_like
36.0,124,ambiguous
36.0,125,intermediate_plastic
36.0,126,epithelial_like
36.0,127,intermediate_plastic
36.0,128,intermediate_plastic
36.0,129,ambiguous
36.0,130,ambiguous
36.0,131,intermediate_plastic
36.0,132,intermediate_plastic
36.0,133,intermediate_plastic
36.0,134,epithelial_like
36.0,135,epithelial_like
36.0,136,intermediate_plastic
36.0,137,intermediate_plastic
36.0,138,ambiguous
36.0,139,epithelial_like
36.0,140,intermediate_plastic
36.0,141,ambiguous
36.0,142,intermediate_plastic
36.0,143,epithelial_like
36.0,144,intermediate_plastic
36.0,145,intermediate_plastic
36.0,146,intermediate_plastic
36.0,147,epithelial_like
36.0,148,intermediate_plastic
36.0,149,intermediate_plastic
36.0,150,intermediate_plastic
36.0,151,intermediate_plastic
36.0,152,intermediate_plastic
36.0,153,ambiguous
36.0,154,ambiguous
36.0,155,intermediate_plastic
36.0,156,intermediate_plastic
36.0,157,intermediate_plastic
36.0,158,epithelial_like
36.0,159,ambiguous
36.0,160,intermediate_plastic
36.0,161,intermediate_plastic
36.0,162,epithelial_like
36.0,163,intermediate_plastic
36.0,164,intermediate_plastic
36.0,165,intermediate_plastic
36.0,166,epithelial_like
36.0,167,intermediate_plastic
36.0,168,epithelial_like
36.0,169,ambiguous
36.0,170,intermediate_plastic
36.0,171,ambiguous
36.0,172,intermediate_plastic
36.0,173,intermediate_plastic
36.0,174,intermediate_plastic
36.0,175,intermediate_plastic
36.0,176,intermediate_plastic
36.0,177,ambiguous
36.0,178,intermediate_plastic
36.0,179,ambiguous
36.0,180,epithelial_like
36.0,181,ambiguous
36.0,182,epithelial_like
36.0,183,intermediate_plastic
36.0,184,intermediate_plastic
36.0,185,intermediate_plastic
36.0,186,intermediate_plastic
36.0,187,intermediate_plastic
36.0,188,ambiguous
36.0,189,intermediate_plastic
36.0,190,intermediate_plastic
36.0,191,intermediate_plastic
36.0,192,intermediate_plastic
36.0,193,ambiguous
36.0,194,intermediate_plastic
36.0,195,intermediate_plastic
36.0,196,intermediate_plastic
36.0,197,intermediate_plastic
36.0,198,intermediate_plastic
36.0,199,epithelial_like
36.0,200,intermediate_plastic
36.0,201,ambiguous
36.0,202,ambiguous
36.0,203,epithelial_like
36.0,204,intermediate_plastic
36.0,205,intermediate_plastic
36.0,206,intermediate_plastic
36.0,207,epithelial_like
36.0,208,intermediate_plastic
36.0,209,intermediate_plastic
36.0,210,intermediate_plastic
36.0,211,intermediate_plastic
36.0,212,intermediate_plastic
36.0,213,intermediate_plastic
36.0,214,ambiguous
36.0,215,intermediate_plastic
36.0,216,intermediate_plastic
36.0,217,ambiguous
36.0,218,intermediate_plastic
36.0,219,epithelial_like
36.0,220,intermediate_plastic
36.0,221,epithelial_like
36.0,222,ambiguous
36.0,223,epithelial_like
36.0,224,intermediate_plastic
36.0,225,intermediate_plastic
36.0,226,intermediate_plastic
36.0,227,epithelial_like
36.0,228,epithelial_like
36.0,229,intermediate_plastic
36.0,230,intermediate_plastic
36.0,231,epithelial_like
36.0,232,epithelial_like
36.0,233,ambiguous
36.0,234,ambiguous
36.0,235,epithelial_like
36.0,236,epithelial_like
36.0,237,intermediate_plastic
36.0,238,intermediate_plastic
36.0,239,intermediate_plastic
36.0,240,epithelial_like
36.0,241,intermediate_plastic
36.0,242,intermediate_plastic
36.0,243,intermediate_plastic
36.0,244,intermediate_plastic
36.0,245,intermediate_plastic
36.0,246,epithelial_like
36.0,247,intermediate_plastic
36.0,248,intermediate_plastic
36.0,249,epithelial_like
36.0,250,intermediate_plastic
36.0,251,intermediate_plastic
36.0,252,intermediate_plastic
36.0,253,epithelial_like
36.0,254,intermediate_plastic
36.0,255,ambiguous
36.0,256,intermediate_plastic
36.0,257,intermediate_plastic
36.0,258,epithelial_like
36.0,259,ambiguous
36.0,260,intermediate_plastic
36.0,261,epithelial_like
36.0,262,intermediate_plastic
36.0,263,intermediate_plastic
36.0,264,intermediate_plastic
36.0,265,intermediate_plastic
36.0,266,intermediate_plastic
36.0,267,intermediate_plastic
36.0,268,intermediate_plastic
36.0,269,intermediate_plastic
36.0,270,intermediate_plastic
36.0,271,intermediate_plastic
36.0,272,ambiguous
36.0,273,ambiguous
36.0,274,intermediate_plastic
36.0,275,intermediate_plastic
36.0,276,intermediate_plastic
36.0,277,ambiguous
36.0,278,epithelial_like
36.0,279,ambiguous
36.0,280,intermediate_plastic
36.0,281,epithelial_like
36.0,282,ambiguous
36.0,283,intermediate_plastic
36.0,284,intermediate_plastic
36.0,285,intermediate_plastic
36.0,286,ambiguous
36.0,287,ambiguous
36.0,288,intermediate_plastic
36.0,289,intermediate_plastic
36.0,290,ambiguous
36.0,291,epithelial_like
36.0,292,intermediate_plastic
36.0,293,intermediate_plastic
36.0,294,intermediate_plastic
36.0,295,epithelial_like
36.0,296,epithelial_like
36.0,297,ambiguous
36.0,298,intermediate_plastic
36.0,299,ambiguous
36.0,300,epithelial_like
36.0,301,intermediate_plastic
36.0,302,intermediate_plastic
36.0,303,epithelial_like
36.0,304,intermediate_plastic
36.0,305,intermediate_plastic
36.0,306,intermediate_plastic
36.0,307,intermediate_plastic
36.0,308,ambiguous
36.0,309,epithelial_like
36.0,310,intermediate_plastic
36.0,311,intermediate_plastic
36.0,312,intermediate_plastic
36.0,313,intermediate_plastic
36.0,314,epithelial_like
36.0,315,intermediate_plastic
36.0,316,epithelial_like
36.0,317,intermediate_plastic
36.0,318,intermediate_plastic
36.0,319,intermediate_plastic
36.0,320,intermediate_plastic
36.0,321,intermediate_plastic
36.0,322,intermediate_plastic
36.0,323,ambiguous
36.0,324,intermediate_plastic
36.0,325,intermediate_plastic
36.0,326,epithelial_like
36.0,327,intermediate_plastic
36.0,328,intermediate_plastic
36.0,329,intermediate_plastic
36.0,330,epithelial_like
36.0,331,intermediate_plastic
36.0,332,intermediate_plastic
36.0,333,epithelial_like
36.0,334,ambiguous
36.0,335,epithelial_like
36.0,336,ambiguous
36.0,337,epithelial_like
36.0,338,intermediate_plastic
36.0,339,ambiguous
36.0,340,epithelial_like
36.0,341,epithelial_like
36.0,342,intermediate_plastic
36.0,343,intermediate_plastic
36.0,344,intermediate_plastic
36.0,345,epithelial_like
36.0,346,ambiguous
36.0,347,epithelial_like
36.0,348,intermediate_plastic
36.0,349,intermediate_plastic
36.0,350,intermediate_plastic
36.0,351,intermediate_plastic
36.0,352,intermediate_plastic
36.0,353,epithelial_like
36.0,354,ambiguous
36.0,355,intermediate_plastic
36.0,356,intermediate_plastic
36.0,357,ambiguous
36.0,358,ambiguous
36.0,359,intermediate_plastic
36.0,360,epithelial_like
36.0,361,ambiguous
36.0,362,intermediate_plastic
36.0,363,intermediate_plastic
36.0,364,ambiguous
36.0,365,intermediate_plastic
36.0,366,intermediate_plastic
36.0,367,intermediate_plastic
36.0,368,ambiguous
36.0,369,intermediate_plastic
36.0,370,ambiguous
36.0,371,intermediate_plastic
36.0,372,epithelial_like
36.0,373,ambiguous
36.0,374,ambiguous
36.0,375,epithelial_like
36.0,376,intermediate_plastic
36.0,377,intermediate_plastic
36.0,378,intermediate_plastic
36.0,379,ambiguous
36.0,380,intermediate_plastic
36.0,381,epithelial_like
36.0,382,intermediate_plastic
36.0,383,epithelial_like
36.0,384,ambiguous
36.0,385,epithelial_like
36.0,386,ambiguous
36.0,387,intermediate_plastic
36.0,388,ambiguous
36.0,389,ambiguous
36.0,390,ambiguous
36.0,391,ambiguous
36.0,392,epithelial_like
36.0,393,intermediate_plastic
36.0,394,intermediate_plastic
36.0,395,intermediate_plastic
36.0,396,ambiguous
36.0,397,intermediate_plastic
36.0,398,intermediate_plastic
36.0,399,intermediate_plastic
36.0,400,intermediate_plastic
36.0,401,intermediate_plastic
36.0,402,intermediate_plastic
36.0,403,intermediate_plastic
36.0,404,epithelial_like
36.0,405,epithelial_like
36.0,406,epithelial_like
36.0,407,ambiguous
36.0,408,epithelial_like
36.0,409,intermediate_plastic
36.0,410,ambiguous
36.0,411,intermediate_plastic
36.0,412,intermediate_plastic
36.0,413,intermediate_plastic
36.0,414,intermediate_plastic
36.0,415,epithelial_like
36.0,416,intermediate_plastic
36.0,417,intermediate_plastic
36.0,418,intermediate_plastic
36.0,419,intermediate_plastic
36.0,420,intermediate_plastic
36.0,421,epithelial_like
36.0,422,epithelial_like
36.0,423,intermediate_plastic
36.0,424,ambiguous
36.0,425,epithelial_like
36.0,426,intermediate_plastic
36.0,427,ambiguous
36.0,428,intermediate_plastic
36.0,429,epithelial_like
36.0,430,intermediate_plastic
36.0,431,intermediate_plastic
36.0,432,intermediate_plastic
36.0,433,epithelial_like
36.0,434,intermediate_plastic
36.0,435,intermediate_plastic
36.0,436,epithelial_like
36.0,437,intermediate_plastic
36.0,438,intermediate_plastic
36.0,439,intermediate_plastic
36.0,440,ambiguous
36.0,441,intermediate_plastic
36.0,442,intermediate_plastic
36.0,443,epithelial_like
36.0,444,intermediate_plastic
36.0,445,intermediate_plastic
36.0,446,intermediate_plastic
36.0,447,epithelial_like
36.0,448,intermediate_plastic
36.0,449,intermediate_plastic
36.0,450,epithelial_like
36.0,451,intermediate_plastic
36.0,452,intermediate_plastic
36.0,453,epithelial_like
36.0,454,ambiguous
36.0,455,intermediate_plastic
36.0,456,ambiguous
36.0,457,ambiguous
36.0,458,epithelial_like
36.0,459,intermediate_plastic
36.0,460,intermediate_plastic
36.0,461,epithelial_like
36.0,462,intermediate_plastic
36.0,463,intermediate_plastic
36.0,464,ambiguous
36.0,465,ambiguous
36.0,466,intermediate_plastic
36.0,467,intermediate_plastic
36.0,468,intermediate_plastic
36.0,469,intermediate_plastic
36.0,470,epithelial_like
36.0,471,ambiguous
36.0,472,ambiguous
36.0,473,epithelial_like
36.0,474,intermediate_plastic
36.0,475,intermediate_plastic
36.0,476,intermediate_plastic
36.0,477,ambiguous
36.0,478,intermediate_plastic
36.0,479,intermediate_plastic
36.0,480,intermediate_plastic
36.0,481,intermediate_plastic
36.0,482,intermediate_plastic
36.0,483,epithelial_like
36.0,484,intermediate_plastic
36.0,485,intermediate_plastic
36.0,486,intermediate_plastic
36.0,487,intermediate_plastic
36.0,488,intermediate_plastic
36.0,489,intermediate_plastic
36.0,490,ambiguous
36.0,491,intermediate_plastic
36.0,492,ambiguous
36.0,493,intermediate_plastic
36.0,494,ambiguous
36.0,495,epithelial_like
36.0,496,intermediate_plastic
36.0,497,epithelial_like
36.0,498,intermediate_plastic
36.0,499,ambiguous
36.0,500,intermediate_plastic
36.0,501,ambiguous
36.0,502,intermediate_plastic
36.0,503,intermediate_plastic
36.0,504,ambiguous
36.0,505,intermediate_plastic
36.0,506,ambiguous
36.0,507,ambiguous
36.0,508,intermediate_plastic
36.0,509,ambiguous
36.0,510,intermediate_plastic
36.0,511,intermediate_plastic
36.0,512,ambiguous
36.0,513,epithelial_like
36.0,514,intermediate_plastic
36.0,515,intermediate_plastic
36.0,516,intermediate_plastic
36.0,517,intermediate_plastic
36.0,518,intermediate_plastic
36.0,519,intermediate_plastic
36.0,520,ambiguous
36.0,521,epithelial_like
36.0,522,intermediate_plastic
36.0,523,ambiguous
36.0,524,intermediate_plastic
36.0,525,intermediate_plastic
36.0,526,epithelial_like
36.0,527,intermediate_plastic
36.0,528,intermediate_plastic
36.0,529,ambiguous
36.0,530,epithelial_like
36.0,531,ambiguous
36.0,532,intermediate_plastic
36.0,533,intermediate_plastic
36.0,534,intermediate_plastic
36.0,535,intermediate_plastic
36.0,536,intermediate_plastic
36.0,537,intermediate_plastic
36.0,538,intermediate_plastic
36.0,539,ambiguous
36.0,540,intermediate_plastic
36.0,541,epithelial_like
36.0,542,intermediate_plastic
36.0,543,intermediate_plastic
36.0,544,intermediate_plastic
36.0,545,intermediate_plastic
36.0,546,ambiguous
36.0,547,ambiguous
36.0,548,epithelial_like
36.0,549,intermediate_plastic
36.0,550,intermediate_plastic
36.0,551,epithelial_like
36.0,552,intermediate_plastic
36.0,553,ambiguous
36.0,554,intermediate_plastic
36.0,555,intermediate_plastic
36.0,556,ambiguous
36.0,557,ambiguous
36.0,558,ambiguous
36.0,559,intermediate_plastic
36.0,560,intermediate_plastic
36.0,561,ambiguous
36.0,562,ambiguous
36.0,563,ambiguous
36.0,564,intermediate_plastic
36.0,565,ambiguous
36.0,566,intermediate_plastic
36.0,567,intermediate_plastic
36.0,568,ambiguous
36.0,569,ambiguous
36.0,570,intermediate_plastic
36.0,571,intermediate_plastic
36.0,572,intermediate_plastic
36.0,573,intermediate_plastic
36.0,574,intermediate_plastic
36.0,575,intermediate_plastic
36.0,576,ambiguous
36.0,577,intermediate_plastic
36.0,578,epithelial_like
36.0,579,intermediate_plastic
36.0,580,ambiguous
36.0,581,intermediate_plastic
36.0,582,intermediate_plastic
36.0,583,intermediate_plastic
36.0,584,intermediate_plastic
36.0,585,epithelial_like
36.0,586,intermediate_plastic
36.0,587,epithelial_like
36.0,588,intermediate_plastic
36.0,589,intermediate_plastic
36.0,590,intermediate_plastic
36.0,591,epithelial_like
36.0,592,intermediate_plastic
36.0,593,epithelial_like
36.0,594,intermediate_plastic
36.0,595,intermediate_plastic
36.0,596,intermediate_plastic
36.0,597,ambiguous
36.0,598,ambiguous
36.0,599,intermediate_plastic
36.0,600,ambiguous
36.0,601,epithelial_like
36.0,602,intermediate_plastic
36.0,603,ambiguous
36.0,604,ambiguous
36.0,605,epithelial_like
36.0,606,intermediate_plastic
36.0,607,epithelial_like
36.0,608,intermediate_plastic
36.0,609,intermediate_plastic
36.0,610,intermediate_plastic
36.0,611,intermediate_plastic
36.0,612,intermediate_plastic
36.0,613,epithelial_like
36.0,614,ambiguous
36.0,615,intermediate_plastic
36.0,616,intermediate_plastic
36.0,617,intermediate_plastic
36.0,618,ambiguous
36.0,619,intermediate_plastic
36.0,620,intermediate_plastic
36.0,621,intermediate_plastic
36.0,622,epithelial_like
36.0,623,ambiguous
36.0,624,ambiguous
36.0,625,intermediate_plastic
36.0,626,intermediate_plastic
36.0,627,epithelial_like
36.0,628,intermediate_plastic
36.0,629,epithelial_like
36.0,630,intermediate_plastic
36.0,631,intermediate_plastic
36.0,632,intermediate_plastic
36.0,633,epithelial_like
36.0,634,intermediate_plastic
36.0,635,intermediate_plastic
36.0,636,intermediate_plastic
36.0,637,ambiguous
36.0,638,epithelial_like
36.0,639,intermediate_plastic
36.0,640,intermediate_plastic
36.0,641,intermediate_plastic
36.0,642,epithelial_like
36.0,643,intermediate_plastic
36.0,644,intermediate_plastic
36.0,645,intermediate_plastic
36.0,646,intermediate_plastic
36.0,647,ambiguous
36.0,648,intermediate_plastic
36.0,649,intermediate_plastic
36.0,650,intermediate_plastic
36.0,651,ambiguous
36.0,652,intermediate_plastic
36.0,653,intermediate_plastic
36.0,654,intermediate_plastic
36.0,655,epithelial_like
36.0,656,intermediate_plastic
36.0,657,intermediate_plastic
36.0,658,ambiguous
36.0,659,epithelial_like
36.0,660,intermediate_plastic
36.0,661,intermediate_plastic
36.0,662,intermediate_plastic
36.0,663,epithelial_like
36.0,664,ambiguous
36.0,665,intermediate_plastic
36.0,666,intermediate_plastic
36.0,667,intermediate_plastic
36.0,668,intermediate_plastic
36.0,669,intermediate_plastic
36.0,670,epithelial_like
36.0,671,intermediate_plastic
36.0,672,intermediate_plastic
36.0,673,intermediate_plastic
36.0,674,intermediate_plastic
36.0,675,intermediate_plastic
36.0,676,intermediate_plastic
36.0,677,intermediate_plastic
36.0,678,intermediate_plastic
36.0,679,intermediate_plastic
36.0,680,intermediate_plastic
36.0,681,intermediate_plastic
36.0,682,intermediate_plastic
36.0,683,intermediate_plastic
36.0,684,intermediate_plastic
36.0,685,intermediate_plastic
36.0,686,intermediate_plastic
36.0,687,epithelial_like
36.0,688,epithelial_like
36.0,689,intermediate_plastic
36.0,690,intermediate_plastic
36.0,691,epithelial_like
36.0,692,ambiguous
36.0,693,intermediate_plastic
36.0,694,intermediate_plastic
36.0,695,intermediate_plastic
36.0,696,intermediate_plastic
36.0,697,intermediate_plastic
36.0,698,intermediate_plastic
36.0,699,intermediate_plastic
36.0,700,epithelial_like
36.0,701,epithelial_like
36.0,702,intermediate_plastic
36.0,703,intermediate_plastic
36.0,704,epithelial_like
36.0,705,intermediate_plastic
36.0,706,intermediate_plastic
36.0,707,intermediate_plastic
36.0,708,ambiguous
36.0,709,intermediate_plastic
36.0,710,intermediate_plastic
36.0,711,epithelial_like
36.0,712,intermediate_plastic
36.0,713,intermediate_plastic
36.0,714,intermediate_plastic
36.0,715,ambiguous
36.0,716,ambiguous
36.0,717,intermediate_plastic
36.0,718,intermediate_plastic
36.0,719,epithelial_like
36.0,720,intermediate_plastic
36.0,721,intermediate_plastic
36.0,722,intermediate_plastic
36.0,723,intermediate_plastic
36.0,724,intermediate_plastic
36.0,725,ambiguous
36.0,726,epithelial_like
36.0,727,ambiguous
36.0,728,intermediate_plastic
36.0,729,ambiguous
36.0,730,epithelial_like
36.0,731,intermediate_plastic
36.0,732,ambiguous
36.0,733,intermediate_plastic
36.0,734,intermediate_plastic
36.0,735,intermediate_plastic
36.0,736,epithelial_like
36.0,737,intermediate_plastic
36.0,738,epithelial_like
36.0,739,intermediate_plastic
36.0,740,ambiguous
36.0,741,intermediate_plastic
36.0,742,ambiguous
36.0,743,ambiguous
36.0,744,intermediate_plastic
36.0,745,ambiguous
36.0,746,intermediate_plastic
36.0,747,intermediate_plastic
36.0,748,epithelial_like
36.0,749,intermediate_plastic
36.0,750,intermediate_plastic
36.0,751,intermediate_plastic
36.0,752,epithelial_like
36.0,753,epithelial_like
36.0,754,intermediate_plastic
36.0,755,epithelial_like
36.0,756,ambiguous
36.0,757,intermediate_plastic
36.0,758,epithelial_like
36.0,759,intermediate_plastic
36.0,760,intermediate_plastic
36.0,761,intermediate_plastic
36.0,762,ambiguous
36.0,763,intermediate_plastic
36.0,764,intermediate_plastic
36.0,765,intermediate_plastic
36.0,766,ambiguous
36.0,767,intermediate_plastic
36.0,768,intermediate_plastic
36.0,769,intermediate_plastic
36.0,770,intermediate_plastic
36.0,771,ambiguous
36.0,772,ambiguous
36.0,773,ambiguous
36.0,774,ambiguous
36.0,775,epithelial_like
36.0,776,intermediate_plastic
36.0,777,intermediate_plastic
36.0,778,epithelial_like
36.0,779,intermediate_plastic
36.0,780,ambiguous
36.0,781,intermediate_plastic
36.0,782,ambiguous
36.0,783,ambiguous
36.0,784,intermediate_plastic
36.0,785,intermediate_plastic
36.0,786,intermediate_plastic
36.0,787,intermediate_plastic
36.0,788,intermediate_plastic
36.0,789,intermediate_plastic
36.0,790,intermediate_plastic
36.0,791,epithelial_like
36.0,792,intermediate_plastic
36.0,793,intermediate_plastic
36.0,794,intermediate_plastic
36.0,795,intermediate_plastic
36.0,796,intermediate_plastic
36.0,797,intermediate_plastic
36.0,798,intermediate_plastic
36.0,799,intermediate_plastic
36.0,800,ambiguous
36.0,801,ambiguous
36.0,802,ambiguous
36.0,803,intermediate_plastic
36.0,804,intermediate_plastic
36.0,805,intermediate_plastic
36.0,806,ambiguous
36.0,807,ambiguous
36.0,808,intermediate_plastic
36.0,809,intermediate_plastic
36.0,810,epithelial_like
36.0,811,epithelial_like
36.0,812,intermediate_plastic
36.0,813,epithelial_like
36.0,814,intermediate_plastic
36.0,815,epithelial_like
36.0,816,ambiguous
36.0,817,intermediate_plastic
36.0,818,intermediate_plastic
36.0,819,ambiguous
36.0,820,epithelial_like
36.0,821,intermediate_plastic
36.0,822,ambiguous
36.0,823,intermediate_plastic
36.0,824,intermediate_plastic
36.0,825,intermediate_plastic
36.0,826,intermediate_plastic
36.0,827,intermediate_plastic
36.0,828,intermediate_plastic
36.0,829,ambiguous
36.0,830,intermediate_plastic
36.0,831,ambiguous
36.0,832,intermediate_plastic
36.0,833,ambiguous
36.0,834,intermediate_plastic
36.0,835,intermediate_plastic
36.0,836,epithelial_like
36.0,837,intermediate_plastic
36.0,838,intermediate_plastic
36.0,839,intermediate_plastic
36.0,840,intermediate_plastic
36.0,841,intermediate_plastic
36.0,842,ambiguous
36.0,843,intermediate_plastic
36.0,844,intermediate_plastic
36.0,845,intermediate_plastic
36.0,846,intermediate_plastic
36.0,847,intermediate_plastic
36.0,848,intermediate_plastic
36.0,849,intermediate_plastic
36.0,850,epithelial_like
36.0,851,intermediate_plastic
36.0,852,intermediate_plastic
36.0,853,intermediate_plastic
36.0,854,intermediate_plastic
36.0,855,intermediate_plastic
36.0,856,intermediate_plastic
36.0,857,epithelial_like
36.0,858,intermediate_plastic
36.0,859,intermediate_plastic
36.0,860,intermediate_plastic
36.0,861,ambiguous
36.0,862,epithelial_like
36.0,863,intermediate_plastic
36.0,864,epithelial_like
36.0,865,intermediate_plastic
36.0,866,epithelial_like
36.0,867,intermediate_plastic
36.0,868,intermediate_plastic
36.0,869,intermediate_plastic
36.0,870,intermediate_plastic
36.0,871,intermediate_plastic
36.0,872,intermediate_plastic
36.0,873,intermediate_plastic
36.0,874,epithelial_like
36.0,875,intermediate_plastic
36.0,876,intermediate_plastic
36.0,877,ambiguous
36.0,878,ambiguous
36.0,879,intermediate_plastic
36.0,880,intermediate_plastic
36.0,881,intermediate_plastic
36.0,882,ambiguous
36.0,883,ambiguous
36.0,884,ambiguous
36.0,885,ambiguous
36.0,886,intermediate_plastic
36.0,887,intermediate_plastic
36.0,888,intermediate_plastic
36.0,889,intermediate_plastic
36.0,890,epithelial_like
36.0,891,ambiguous
36.0,892,epithelial_like
36.0,893,intermediate_plastic
36.0,894,epithelial_like
36.0,895,intermediate_plastic
36.0,896,intermediate_plastic
36.0,897,intermediate_plastic
36.0,898,ambiguous
36.0,899,intermediate_plastic
36.0,900,intermediate_plastic
36.0,901,intermediate_plastic
36.0,902,intermediate_plastic
36.0,903,intermediate_plastic
36.0,904,ambiguous
36.0,905,epithelial_like
36.0,906,intermediate_plastic
36.0,907,intermediate_plastic
36.0,908,ambiguous
36.0,909,ambiguous
36.0,910,epithelial_like
36.0,911,intermediate_plastic
36.0,912,epithelial_like
36.0,913,epithelial_like
36.0,914,epithelial_like
36.0,915,ambiguous
36.0,916,intermediate_plastic
36.0,917,intermediate_plastic
36.0,918,intermediate_plastic
36.0,919,intermediate_plastic
36.0,920,intermediate_plastic
36.0,921,intermediate_plastic
36.0,922,intermediate_plastic
36.0,923,intermediate_plastic
36.0,924,epithelial_like
36.0,925,intermediate_plastic
36.0,926,intermediate_plastic
36.0,927,ambiguous
36.0,928,epithelial_like
36.0,929,ambiguous
36.0,930,epithelial_like
36.0,931,epithelial_like
36.0,932,intermediate_plastic
36.0,933,epithelial_like
36.0,934,ambiguous
36.0,935,ambiguous
36.0,936,ambiguous
36.0,937,intermediate_plastic
36.0,938,intermediate_plastic
36.0,939,ambiguous
36.0,940,intermediate_plastic
36.0,941,ambiguous
36.0,942,ambiguous
36.0,943,intermediate_plastic
36.0,944,intermediate_plastic
36.0,945,ambiguous
36.0,946,epithelial_like
36.0,947,intermediate_plastic
36.0,948,intermediate_plastic
36.0,949,intermediate_plastic
36.0,950,intermediate_plastic
36.0,951,ambiguous
36.0,952,ambiguous
36.0,953,intermediate_plastic
36.0,954,intermediate_plastic
36.0,955,ambiguous
36.0,956,intermediate_plastic
36.0,957,intermediate_plastic
36.0,958,intermediate_plastic
36.0,959,intermediate_plastic
36.0,960,intermediate_plastic
36.0,961,intermediate_plastic
36.0,962,intermediate_plastic
36.0,963,intermediate_plastic
36.0,964,intermediate_plastic
36.0,965,intermediate_plastic
36.0,966,epithelial_like
36.0,967,intermediate_plastic
36.0,968,intermediate_plastic
36.0,969,intermediate_plastic
36.0,970,intermediate_plastic
36.0,971,ambiguous
36.0,972,intermediate_plastic
36.0,973,intermediate_plastic
36.0,974,intermediate_plastic
36.0,975,intermediate_plastic
36.0,976,intermediate_plastic
36.0,977,intermediate_plastic
36.0,978,intermediate_plastic
36.0,979,intermediate_plastic
36.0,980,intermediate_plastic
36.0,981,intermediate_plastic
36.0,982,intermediate_plastic
36.0,983,intermediate_plastic
36.0,984,intermediate_plastic
36.0,985,epithelial_like
36.0,986,ambiguous
36.0,987,ambiguous
36.0,988,intermediate_plastic
36.0,989,epithelial_like
36.0,990,ambiguous
36.0,991,intermediate_plastic
36.0,992,intermediate_plastic
36.0,993,ambiguous
36.0,994,ambiguous
36.0,995,ambiguous
36.0,996,intermediate_plastic
36.0,997,epithelial_like
36.0,998,ambiguous
36.0,999,intermediate_plastic
36.0,1000,intermediate_plastic
36.0,1001,intermediate_plastic
36.0,1002,intermediate_plastic
36.0,1003,intermediate_plastic
36.0,1004,intermediate_plastic
36.0,1005,ambiguous
36.0,1006,intermediate_plastic
36.0,1007,intermediate_plastic
36.0,1008,intermediate_plastic
36.0,1009,ambiguous
36.0,1010,epithelial_like
36.0,1011,epithelial_like
36.0,1012,intermediate_plastic
36.0,1013,intermediate_plastic
36.0,1014,intermediate_plastic
36.0,1015,ambiguous
36.0,1016,intermediate_plastic
36.0,1017,epithelial_like
36.0,1018,intermediate_plastic
36.0,1019,intermediate_plastic
36.0,1020,ambiguous
36.0,1021,epithelial_like
36.0,1022,intermediate_plastic
36.0,1023,ambiguous
36.0,1024,ambiguous
36.0,1025,intermediate_plastic
36.0,1026,intermediate_plastic
36.0,1027,ambiguous
36.0,1028,intermediate_plastic
36.0,1029,intermediate_plastic
36.0,1030,intermediate_plastic
36.0,1031,epithelial_like
36.0,1032,intermediate_plastic
36.0,1033,ambiguous
36.0,1034,intermediate_plastic
36.0,1035,epithelial_like
36.0,1036,ambiguous
36.0,1037,epithelial_like
36.0,1038,intermediate_plastic
36.0,1039,ambiguous
36.0,1040,intermediate_plastic
36.0,1041,intermediate_plastic
36.0,1042,ambiguous
36.0,1043,intermediate_plastic
36.0,1044,intermediate_plastic
36.0,1045,intermediate_plastic
36.0,1046,intermediate_plastic
36.0,1047,intermediate_plastic
36.0,1048,intermediate_plastic
36.0,1049,ambiguous
36.0,1050,ambiguous
36.0,1051,intermediate_plastic
36.0,1052,intermediate_plastic
36.0,1053,ambiguous
36.0,1054,intermediate_plastic
36.0,1055,ambiguous
36.0,1056,intermediate_plastic
36.0,1057,ambiguous
36.0,1058,ambiguous
36.0,1059,intermediate_plastic
36.0,1060,ambiguous
36.0,1061,intermediate_plastic
36.0,1062,intermediate_plastic
36.0,1063,ambiguous
36.0,1064,intermediate_plastic
36.0,1065,intermediate_plastic
36.0,1066,intermediate_plastic
36.0,1067,ambiguous
36.0,1068,intermediate_plastic
36.0,1069,intermediate_plastic
36.0,1070,intermediate_plastic
36.0,1071,intermediate_plastic
36.0,1072,intermediate_plastic
36.0,1073,intermediate_plastic
36.0,1074,intermediate_plastic
36.0,1075,epithelial_like
36.0,1076,intermediate_plastic
36.0,1077,intermediate_plastic
36.0,1078,intermediate_plastic
36.0,1079,intermediate_plastic
36.0,1080,intermediate_plastic
36.0,1081,intermediate_plastic
36.0,1082,ambiguous
36.0,1083,epithelial_like
36.0,1084,intermediate_plastic
36.0,1085,intermediate_plastic
36.0,1086,intermediate_plastic
36.0,1087,epithelial_like
36.0,1088,epithelial_like
36.0,1089,intermediate_plastic
36.0,1090,ambiguous
36.0,1091,intermediate_plastic
36.0,1092,intermediate_plastic
36.0,1093,epithelial_like
36.0,1094,intermediate_plastic
36.0,1095,ambiguous
36.0,1096,intermediate_plastic
36.0,1097,intermediate_plastic
36.0,1098,intermediate_plastic
36.0,1099,ambiguous
36.0,1100,intermediate_plastic
36.0,1101,intermediate_plastic
36.0,1102,intermediate_plastic
36.0,1103,ambiguous
36.0,1104,ambiguous
36.0,1105,intermediate_plastic
36.0,1106,intermediate_plastic
36.0,1107,intermediate_plastic
36.0,1108,ambiguous
36.0,1109,ambiguous
36.0,1110,intermediate_plastic
36.0,1111,intermediate_plastic
36.0,1112,intermediate_plastic
36.0,1113,epithelial_like
36.0,1114,epithelial_like
36.0,1115,intermediate_plastic
36.0,1116,ambiguous
36.0,1117,intermediate_plastic
36.0,1118,intermediate_plastic
36.0,1119,ambiguous
36.0,1120,intermediate_plastic
36.0,1121,ambiguous
36.0,1122,intermediate_plastic
36.0,1123,intermediate_plastic
36.0,1124,intermediate_plastic
36.0,1125,epithelial_like
36.0,1126,intermediate_plastic
36.0,1127,intermediate_plastic
36.0,1128,intermediate_plastic
36.0,1129,ambiguous
36.0,1130,intermediate_plastic
36.0,1131,intermediate_plastic
36.0,1132,intermediate_plastic
36.0,1133,intermediate_plastic
36.0,1134,intermediate_plastic
36.0,1135,intermediate_plastic
36.0,1136,intermediate_plastic
36.0,1137,intermediate_plastic
36.0,1138,ambiguous
36.0,1139,intermediate_plastic
36.0,1140,intermediate_plastic
36.0,1141,intermediate_plastic
36.0,1142,intermediate_plastic
36.0,1143,epithelial_like
36.0,1144,intermediate_plastic
36.0,1145,ambiguous
36.0,1146,intermediate_plastic
36.0,1147,epithelial_like
36.0,1148,intermediate_plastic
36.0,1149,intermediate_plastic
36.0,1150,intermediate_plastic
36.0,1151,intermediate_plastic
36.0,1152,epithelial_like
36.0,1153,intermediate_plastic
36.0,1154,epithelial_like
36.0,1155,intermediate_plastic
36.0,1156,intermediate_plastic
36.0,1157,intermediate_plastic
36.0,1158,intermediate_plastic
36.0,1159,intermediate_plastic
36.0,1160,epithelial_like
36.0,1161,intermediate_plastic
36.0,1162,ambiguous
36.0,1163,epithelial_like
36.0,1164,intermediate_plastic
36.0,1165,epithelial_like
36.0,1166,intermediate_plastic
36.0,1167,epithelial_like
36.0,1168,intermediate_plastic
36.0,1169,intermediate_plastic
36.0,1170,intermediate_plastic
36.0,1171,intermediate_plastic
36.0,1172,ambiguous
36.0,1173,intermediate_plastic
36.0,1174,ambiguous
36.0,1175,intermediate_plastic
36.0,1176,intermediate_plastic
36.0,1177,intermediate_plastic
36.0,1178,intermediate_plastic
36.0,1179,ambiguous
36.0,1180,ambiguous
36.0,1181,intermediate_plastic
36.0,1182,ambiguous
36.0,1183,intermediate_plastic
36.0,1184,intermediate_plastic
36.0,1185,intermediate_plastic
36.0,1186,intermediate_plastic
36.0,1187,ambiguous
36.0,1188,ambiguous
36.0,1189,intermediate_plastic
36.0,1190,intermediate_plastic
36.0,1191,epithelial_like
36.0,1192,intermediate_plastic
36.0,1193,intermediate_plastic
36.0,1194,epithelial_like
36.0,1195,intermediate_plastic
36.0,1196,intermediate_plastic
36.0,1197,intermediate_plastic
36.0,1198,intermediate_plastic
36.0,1199,intermediate_plastic
36.0,1200,intermediate_plastic
36.0,1201,intermediate_plastic
36.0,1202,intermediate_plastic
36.0,1203,intermediate_plastic
36.0,1204,epithelial_like
36.0,1205,ambiguous
36.0,1206,epithelial_like
36.0,1207,intermediate_plastic
36.0,1208,intermediate_plastic
36.0,1209,ambiguous
36.0,1210,intermediate_plastic
36.0,1211,intermediate_plastic
36.0,1212,ambiguous
36.0,1213,intermediate_plastic
36.0,1214,intermediate_plastic
36.0,1215,intermediate_plastic
36.0,1216,ambiguous
36.0,1217,ambiguous
36.0,1218,intermediate_plastic
36.0,1219,ambiguous
36.0,1220,intermediate_plastic
36.0,1221,ambiguous
36.0,1222,epithelial_like
36.0,1223,intermediate_plastic
36.0,1224,ambiguous
36.0,1225,intermediate_plastic
36.0,1226,epithelial_like
36.0,1227,epithelial_like
36.0,1228,intermediate_plastic
36.0,1229,intermediate_plastic
36.0,1230,ambiguous
36.0,1231,epithelial_like
36.0,1232,intermediate_plastic
36.0,1233,intermediate_plastic
36.0,1234,intermediate_plastic
36.0,1235,intermediate_plastic
36.0,1236,intermediate_plastic
36.0,1237,intermediate_plastic
36.0,1238,intermediate_plastic
36.0,1239,intermediate_plastic
36.0,1240,ambiguous
36.0,1241,intermediate_plastic
36.0,1242,intermediate_plastic
36.0,1243,intermediate_plastic
36.0,1244,intermediate_plastic
36.0,1245,intermediate_plastic
36.0,1246,epithelial_like
36.0,1247,ambiguous
36.0,1248,intermediate_plastic
36.0,1249,intermediate_plastic
36.0,1250,intermediate_plastic
36.0,1251,intermediate_plastic
36.0,1252,ambiguous
36.0,1253,intermediate_plastic
36.0,1254,intermediate_plastic
36.0,1255,intermediate_plastic
36.0,1256,intermediate_plastic
36.0,1257,intermediate_plastic
36.0,1258,intermediate_plastic
36.0,1259,intermediate_plastic
36.0,1260,intermediate_plastic
36.0,1261,intermediate_plastic
36.0,1262,intermediate_plastic
36.0,1263,epithelial_like
36.0,1264,intermediate_plastic
36.0,1265,intermediate_plastic
36.0,1266,intermediate_plastic
36.0,1267,intermediate_plastic
36.0,1268,ambiguous
36.0,1269,intermediate_plastic
36.0,1270,intermediate_plastic
36.0,1271,intermediate_plastic
36.0,1272,intermediate_plastic
36.0,1273,epithelial_like
36.0,1274,ambiguous
36.0,1275,ambiguous
36.0,1276,intermediate_plastic
36.0,1277,ambiguous
36.0,1278,epithelial_like
36.0,1279,intermediate_plastic
36.0,1280,intermediate_plastic
36.0,1281,intermediate_plastic
36.0,1282,intermediate_plastic
36.0,1283,intermediate_plastic
36.0,1284,intermediate_plastic
36.0,1285,ambiguous
36.0,1286,intermediate_plastic
36.0,1287,epithelial_like
36.0,1288,epithelial_like
36.0,1289,ambiguous
36.0,1290,ambiguous
36.0,1291,ambiguous
36.0,1292,intermediate_plastic
36.0,1293,ambiguous
36.0,1294,intermediate_plastic
36.0,1295,intermediate_plastic
36.0,1296,intermediate_plastic
36.0,1297,ambiguous
36.0,1298,intermediate_plastic
36.0,1299,intermediate_plastic
36.0,1300,intermediate_plastic
36.0,1301,epithelial_like
36.0,1302,intermediate_plastic
36.0,1303,ambiguous
36.0,1304,intermediate_plastic
36.0,1305,ambiguous
36.0,1306,intermediate_plastic
36.0,1307,ambiguous
36.0,1308,intermediate_plastic
36.0,1309,epithelial_like
36.0,1310,intermediate_plastic
36.0,1311,ambiguous
36.0,1312,ambiguous
36.0,1313,ambiguous
36.0,1314,intermediate_plastic
36.0,1315,intermediate_plastic
36.0,1316,intermediate_plastic
36.0,1317,epithelial_like
36.0,1318,intermediate_plastic
36.0,1319,intermediate_plastic
36.0,1320,ambiguous
36.0,1321,intermediate_plastic
36.0,1322,intermediate_plastic
36.0,1323,intermediate_plastic
36.0,1324,intermediate_plastic
36.0,1325,intermediate_plastic
36.0,1326,intermediate_plastic
36.0,1327,intermediate_plastic
36.0,1328,epithelial_like
36.0,1329,intermediate_plastic
36.0,1330,intermediate_plastic
36.0,1331,intermediate_plastic
36.0,1332,ambiguous
36.0,1333,intermediate_plastic
36.0,1334,ambiguous
36.0,1335,epithelial_like
36.0,1336,ambiguous
36.0,1337,intermediate_plastic
36.0,1338,intermediate_plastic
36.0,1339,intermediate_plastic
36.0,1340,intermediate_plastic
36.0,1341,epithelial_like
36.0,1342,ambiguous
36.0,1343,intermediate_plastic
36.0,1344,ambiguous
36.0,1345,intermediate_plastic
36.0,1346,epithelial_like
36.0,1347,intermediate_plastic
36.0,1348,intermediate_plastic
36.0,1349,intermediate_plastic
36.0,1350,intermediate_plastic
36.0,1351,ambiguous
36.0,1352,ambiguous
36.0,1353,intermediate_plastic
36.0,1354,ambiguous
36.0,1355,ambiguous
36.0,1356,intermediate_plastic
36.0,1357,intermediate_plastic
36.0,1358,intermediate_plastic
36.0,1359,ambiguous
36.0,1360,intermediate_plastic
36.0,1361,epithelial_like
36.0,1362,intermediate_plastic
36.0,1363,intermediate_plastic
36.0,1364,intermediate_plastic
36.0,1365,intermediate_plastic
36.0,1366,ambiguous
36.0,1367,ambiguous
36.0,1368,intermediate_plastic
36.0,1369,intermediate_plastic
36.0,1370,intermediate_plastic
36.0,1371,intermediate_plastic
36.0,1372,intermediate_plastic
36.0,1373,ambiguous
36.0,1374,intermediate_plastic
36.0,1375,intermediate_plastic
36.0,1376,epithelial_like
36.0,1377,intermediate_plastic
36.0,1378,intermediate_plastic
36.0,1379,intermediate_plastic
36.0,1380,intermediate_plastic
36.0,1381,epithelial_like
36.0,1382,epithelial_like
36.0,1383,epithelial_like
36.0,1384,ambiguous
36.0,1385,ambiguous
36.0,1386,intermediate_plastic
36.0,1387,intermediate_plastic
36.0,1388,intermediate_plastic
36.0,1389,intermediate_plastic
36.0,1390,intermediate_plastic
36.0,1391,intermediate_plastic
36.0,1392,intermediate_plastic
36.0,1393,epithelial_like
36.0,1394,ambiguous
36.0,1395,epithelial_like
36.0,1396,ambiguous
36.0,1397,intermediate_plastic
36.0,1398,intermediate_plastic
36.0,1399,intermediate_plastic
36.0,1400,intermediate_plastic
36.0,1401,intermediate_plastic
36.0,1402,ambiguous
36.0,1403,intermediate_plastic
36.0,1404,intermediate_plastic
36.0,1405,intermediate_plastic
36.0,1406,intermediate_plastic
36.0,1407,intermediate_plastic
36.0,1408,ambiguous
36.0,1409,ambiguous
36.0,1410,ambiguous
36.0,1411,epithelial_like
36.0,1412,intermediate_plastic
36.0,1413,intermediate_plastic
36.0,1414,intermediate_plastic
36.0,1415,intermediate_plastic
36.0,1416,intermediate_plastic
36.0,1417,intermediate_plastic
36.0,1418,intermediate_plastic
36.0,1419,intermediate_plastic
36.0,1420,intermediate_plastic
36.0,1421,intermediate_plastic
36.0,1422,intermediate_plastic
36.0,1423,intermediate_plastic
36.0,1424,ambiguous
36.0,1425,ambiguous
36.0,1426,ambiguous
36.0,1427,intermediate_plastic
36.0,1428,intermediate_plastic
36.0,1429,epithelial_like
36.0,1430,intermediate_plastic
36.0,1431,ambiguous
36.0,1432,intermediate_plastic
36.0,1433,ambiguous
36.0,1434,intermediate_plastic
36.0,1435,intermediate_plastic
36.0,1436,intermediate_plastic
36.0,1437,intermediate_plastic
36.0,1438,intermediate_plastic
36.0,1439,ambiguous
36.0,1440,intermediate_plastic
36.0,1441,intermediate_plastic
36.0,1442,intermediate_plastic
36.0,1443,intermediate_plastic
36.0,1444,epithelial_like
36.0,1445,intermediate_plastic
36.0,1446,intermediate_plastic
36.0,1447,intermediate_plastic
36.0,1448,intermediate_plastic
36.0,1449,ambiguous
36.0,1450,intermediate_plastic
36.0,1451,intermediate_plastic
36.0,1452,ambiguous
36.0,1453,intermediate_plastic
36.0,1454,intermediate_plastic
36.0,1455,intermediate_plastic
36.0,1456,intermediate_plastic
36.0,1457,intermediate_plastic
36.0,1458,intermediate_plastic
36.0,1459,intermediate_plastic
36.0,1460,ambiguous
36.0,1461,intermediate_plastic
36.0,1462,epithelial_like
36.0,1463,ambiguous
36.0,1464,intermediate_plastic
36.0,1465,ambiguous
36.0,1466,ambiguous
36.0,1467,intermediate_plastic
36.0,1468,intermediate_plastic
36.0,1469,epithelial_like
36.0,1470,ambiguous
36.0,1471,intermediate_plastic
36.0,1472,intermediate_plastic
36.0,1473,intermediate_plastic
36.0,1474,ambiguous
36.0,1475,ambiguous
36.0,1476,intermediate_plastic
36.0,1477,ambiguous
36.0,1478,intermediate_plastic
36.0,1479,intermediate_plastic
36.0,1480,intermediate_plastic
36.0,1481,epithelial_like
36.0,1482,epithelial_like
36.0,1483,intermediate_plastic
36.0,1484,intermediate_plastic
36.0,1485,epithelial_like
36.0,1486,intermediate_plastic
36.0,1487,intermediate_plastic
36.0,1488,intermediate_plastic
36.0,1489,intermediate_plastic
36.0,1490,intermediate_plastic
36.0,1491,intermediate_plastic
36.0,1492,intermediate_plastic
36.0,1493,intermediate_plastic
36.0,1494,epithelial_like
36.0,1495,intermediate_plastic
36.0,1496,intermediate_plastic
36.0,1497,ambiguous
36.0,1498,intermediate_plastic
36.0,1499,intermediate_plastic
36.0,1500,epithelial_like
36.0,1501,intermediate_plastic
36.0,1502,epithelial_like
36.0,1503,ambiguous
36.0,1504,intermediate_plastic
36.0,1505,ambiguous
36.0,1506,intermediate_plastic
36.0,1507,intermediate_plastic
36.0,1508,epithelial_like
36.0,1509,epithelial_like
36.0,1510,epithelial_like
36.0,1511,ambiguous
36.0,1512,ambiguous
36.0,1513,intermediate_plastic
36.0,1514,epithelial_like
36.0,1515,intermediate_plastic
36.0,1516,intermediate_plastic
36.0,1517,intermediate_plastic
36.0,1518,intermediate_plastic
36.0,1519,intermediate_plastic
36.0,1520,ambiguous
36.0,1521,intermediate_plastic
36.0,1522,intermediate_plastic
36.0,1523,ambiguous
36.0,1524,intermediate_plastic
36.0,1525,intermediate_plastic
36.0,1526,intermediate_plastic
36.0,1527,ambiguous
36.0,1528,intermediate_plastic
36.0,1529,ambiguous
36.0,1530,ambiguous
36.0,1531,ambiguous
36.0,1532,intermediate_plastic
36.0,1533,intermediate_plastic
36.0,1534,intermediate_plastic
36.0,1535,intermediate_plastic
36.0,1536,intermediate_plastic
36.0,1537,epithelial_like
36.0,1538,intermediate_plastic
36.0,1539,intermediate_plastic
36.0,1540,epithelial_like
36.0,1541,intermediate_plastic
36.0,1542,epithelial_like
36.0,1543,intermediate_plastic
36.0,1544,epithelial_like
36.0,1545,intermediate_plastic
36.0,1546,intermediate_plastic
36.0,1547,ambiguous
36.0,1548,intermediate_plastic
36.0,1549,intermediate_plastic
36.0,1550,intermediate_plastic
36.0,1551,intermediate_plastic
36.0,1552,intermediate_plastic
36.0,1553,epithelial_like
36.0,1554,intermediate_plastic
36.0,1555,intermediate_plastic
36.0,1556,intermediate_plastic
36.0,1557,intermediate_plastic
36.0,1558,ambiguous
36.0,1559,ambiguous
36.0,1560,intermediate_plastic
36.0,1561,intermediate_plastic
36.0,1562,intermediate_plastic
36.0,1563,intermediate_plastic
36.0,1564,intermediate_plastic
36.0,1565,intermediate_plastic
36.0,1566,intermediate_plastic
36.0,1567,intermediate_plastic
36.0,1568,ambiguous
36.0,1569,intermediate_plastic
36.0,1570,ambiguous
36.0,1571,intermediate_plastic
36.0,1572,intermediate_plastic
36.0,1573,epithelial_like
36.0,1574,ambiguous
36.0,1575,epithelial_like
36.0,1576,intermediate_plastic
36.0,1577,ambiguous
36.0,1578,ambiguous
36.0,1579,intermediate_plastic
36.0,1580,ambiguous
36.0,1581,intermediate_plastic
36.0,1582,intermediate_plastic
36.0,1583,intermediate_plastic
36.0,1584,epithelial_like
36.0,1585,intermediate_plastic
36.0,1586,intermediate_plastic
36.0,1587,epithelial_like
36.0,1588,intermediate_plastic
36.0,1589,intermediate_plastic
36.0,1590,epithelial_like
36.0,1591,intermediate_plastic
36.0,1592,ambiguous
36.0,1593,intermediate_plastic
36.0,1594,intermediate_plastic
36.0,1595,ambiguous
36.0,1596,ambiguous
36.0,1597,intermediate_plastic
36.0,1598,epithelial_like
36.0,1599,intermediate_plastic
36.0,1600,intermediate_plastic
36.0,1601,intermediate_plastic
36.0,1602,intermediate_plastic
36.0,1603,intermediate_plastic
36.0,1604,intermediate_plastic
36.0,1605,intermediate_plastic
36.0,1606,epithelial_like
36.0,1607,intermediate_plastic
36.0,1608,intermediate_plastic
36.0,1609,intermediate_plastic
36.0,1610,intermediate_plastic
36.0,1611,intermediate_plastic
36.0,1612,epithelial_like
36.0,1613,intermediate_plastic
36.0,1614,ambiguous
36.0,1615,intermediate_plastic
36.0,1616,intermediate_plastic
36.0,1617,intermediate_plastic
36.0,1618,ambiguous
36.0,1619,ambiguous
36.0,1620,intermediate_plastic
36.0,1621,epithelial_like
36.0,1622,ambiguous
36.0,1623,ambiguous
36.0,1624,intermediate_plastic
36.0,1625,intermediate_plastic
36.0,1626,ambiguous
36.0,1627,ambiguous
36.0,1628,intermediate_plastic
36.0,1629,intermediate_plastic
36.0,1630,ambiguous
36.0,1631,epithelial_like
36.0,1632,intermediate_plastic
36.0,1633,intermediate_plastic
36.0,1634,ambiguous
36.0,1635,intermediate_plastic
36.0,1636,ambiguous
36.0,1637,ambiguous
36.0,1638,intermediate_plastic
36.0,1639,intermediate_plastic
36.0,1640,ambiguous
36.0,1641,ambiguous
36.0,1642,intermediate_plastic
36.0,1643,ambiguous
36.0,1644,ambiguous
36.0,1645,intermediate_plastic
36.0,1646,intermediate_plastic
36.0,1647,epithelial_like
36.0,1648,intermediate_plastic
36.0,1649,intermediate_plastic
36.0,1650,intermediate_plastic
36.0,1651,ambiguous
36.0,1652,ambiguous
36.0,1653,ambiguous
36.0,1654,intermediate_plastic
36.0,1655,epithelial_like
36.0,1656,epithelial_like
36.0,1657,epithelial_like
36.0,1658,intermediate_plastic
36.0,1659,intermediate_plastic
36.0,1660,epithelial_like
36.0,1661,intermediate_plastic
36.0,1662,intermediate_plastic
36.0,1663,intermediate_plastic
36.0,1664,ambiguous
36.0,1665,ambiguous
36.0,1666,intermediate_plastic
36.0,1667,intermediate_plastic
36.0,1668,ambiguous
36.0,1669,epithelial_like
36.0,1670,intermediate_plastic
36.0,1671,ambiguous
36.0,1672,epithelial_like
36.0,1673,intermediate_plastic
36.0,1674,intermediate_plastic
36.0,1675,intermediate_plastic
36.0,1676,intermediate_plastic
36.0,1677,intermediate_plastic
36.0,1678,ambiguous
36.0,1679,intermediate_plastic
36.0,1680,ambiguous
36.0,1681,intermediate_plastic
36.0,1682,epithelial_like
36.0,1683,intermediate_plastic
36.0,1684,ambiguous
36.0,1685,intermediate_plastic
36.0,1686,ambiguous
36.0,1687,intermediate_plastic
36.0,1688,ambiguous
36.0,1689,epithelial_like
36.0,1690,intermediate_plastic
36.0,1691,intermediate_plastic
36.0,1692,intermediate_plastic
36.0,1693,intermediate_plastic
36.0,1694,intermediate_plastic
36.0,1695,ambiguous
36.0,1696,intermediate_plastic
36.0,1697,intermediate_plastic
36.0,1698,ambiguous
36.0,1699,ambiguous
36.0,1700,ambiguous
36.0,1701,ambiguous
36.0,1702,intermediate_plastic
36.0,1703,intermediate_plastic
36.0,1704,ambiguous
36.0,1705,epithelial_like
36.0,1706,intermediate_plastic
36.0,1707,ambiguous
36.0,1708,intermediate_plastic
36.0,1709,ambiguous
36.0,1710,intermediate_plastic
36.0,1711,intermediate_plastic
36.0,1712,xen_like
36.0,1713,intermediate_plastic
36.0,1714,intermediate_plastic
36.0,1715,intermediate_plastic
36.0,1716,intermediate_plastic
36.0,1717,intermediate_plastic
36.0,1718,intermediate_plastic
36.0,1719,intermediate_plastic
36.0,1720,intermediate_plastic
36.0,1721,intermediate_plastic
36.0,1722,intermediate_plastic
36.0,1723,intermediate_plastic
36.0,1724,ambiguous
36.0,1725,intermediate_plastic
36.0,1726,ambiguous
36.0,1727,intermediate_plastic
36.0,1728,ambiguous
36.0,1729,intermediate_plastic
36.0,1730,intermediate_plastic
36.0,1731,ambiguous
36.0,1732,ambiguous
36.0,1733,epithelial_like
36.0,1734,intermediate_plastic
36.0,1735,intermediate_plastic
36.0,1736,epithelial_like
36.0,1737,ambiguous
36.0,1738,ambiguous
36.0,1739,epithelial_like
36.0,1740,intermediate_plastic
36.0,1741,ambiguous
36.0,1742,intermediate_plastic
36.0,1743,ambiguous
36.0,1744,ambiguous
36.0,1745,intermediate_plastic
36.0,1746,intermediate_plastic
36.0,1747,ambiguous
36.0,1748,intermediate_plastic
36.0,1749,intermediate_plastic
36.0,1750,intermediate_plastic
36.0,1751,intermediate_plastic
36.0,1752,intermediate_plastic
36.0,1753,intermediate_plastic
36.0,1754,ambiguous
36.0,1755,intermediate_plastic
36.0,1756,ambiguous
36.0,1757,intermediate_plastic
36.0,1758,epithelial_like
36.0,1759,intermediate_plastic
36.0,1760,ambiguous
36.0,1761,epithelial_like
36.0,1762,ambiguous
36.0,1763,intermediate_plastic
36.0,1764,intermediate_plastic
36.0,1765,ambiguous
36.0,1766,ambiguous
36.0,1767,intermediate_plastic
36.0,1768,ambiguous
36.0,1769,intermediate_plastic
36.0,1770,intermediate_plastic
36.0,1771,ambiguous
36.0,1772,intermediate_plastic
36.0,1773,intermediate_plastic
36.0,1774,intermediate_plastic
36.0,1775,ambiguous
36.0,1776,intermediate_plastic
36.0,1777,intermediate_plastic
36.0,1778,ambiguous
36.0,1779,intermediate_plastic
36.0,1780,epithelial_like
36.0,1781,intermediate_plastic
36.0,1782,intermediate_plastic
36.0,1783,intermediate_plastic
36.0,1784,intermediate_plastic
36.0,1785,intermediate_plastic
36.0,1786,epithelial_like
36.0,1787,intermediate_plastic
36.0,1788,ambiguous
36.0,1789,intermediate_plastic
36.0,1790,intermediate_plastic
36.0,1791,ambiguous
36.0,1792,intermediate_plastic
36.0,1793,intermediate_plastic
36.0,1794,ambiguous
36.0,1795,ambiguous
36.0,1796,intermediate_plastic
36.0,1797,intermediate_plastic
36.0,1798,epithelial_like
36.0,1799,intermediate_plastic
36.0,1800,intermediate_plastic
36.0,1801,intermediate_plastic
36.0,1802,ambiguous
36.0,1803,intermediate_plastic
36.0,1804,intermediate_plastic
36.0,1805,ambiguous
36.0,1806,intermediate_plastic
36.0,1807,intermediate_plastic
36.0,1808,epithelial_like
36.0,1809,ambiguous
36.0,1810,intermediate_plastic
36.0,1811,epithelial_like
36.0,1812,intermediate_plastic
36.0,1813,intermediate_plastic
36.0,1814,intermediate_plastic
36.0,1815,epithelial_like
36.0,1816,ambiguous
36.0,1817,intermediate_plastic
36.0,1818,ambiguous
36.0,1819,intermediate_plastic
36.0,1820,intermediate_plastic
36.0,1821,intermediate_plastic
36.0,1822,intermediate_plastic
36.0,1823,intermediate_plastic
36.0,1824,ambiguous
36.0,1825,intermediate_plastic
36.0,1826,intermediate_plastic
36.0,1827,intermediate_plastic
36.0,1828,intermediate_plastic
36.0,1829,epithelial_like
36.0,1830,intermediate_plastic
36.0,1831,intermediate_plastic
36.0,1832,ambiguous
36.0,1833,intermediate_plastic
36.0,1834,epithelial_like
36.0,1835,intermediate_plastic
36.0,1836,intermediate_plastic
36.0,1837,intermediate_plastic
36.0,1838,ambiguous
36.0,1839,intermediate_plastic
36.0,1840,intermediate_plastic
36.0,1841,intermediate_plastic
36.0,1842,intermediate_plastic
36.0,1843,intermediate_plastic
36.0,1844,ambiguous
36.0,1845,epithelial_like
36.0,1846,intermediate_plastic
36.0,1847,intermediate_plastic
36.0,1848,intermediate_plastic
36.0,1849,intermediate_plastic
36.0,1850,epithelial_like
36.0,1851,ambiguous
36.0,1852,intermediate_plastic
36.0,1853,ambiguous
36.0,1854,intermediate_plastic
36.0,1855,intermediate_plastic
36.0,1856,intermediate_plastic
36.0,1857,intermediate_plastic
36.0,1858,intermediate_plastic
36.0,1859,intermediate_plastic
36.0,1860,ambiguous
36.0,1861,intermediate_plastic
36.0,1862,epithelial_like
36.0,1863,epithelial_like
36.0,1864,intermediate_plastic
36.0,1865,ambiguous
36.0,1866,intermediate_plastic
36.0,1867,ambiguous
36.0,1868,intermediate_plastic
36.0,1869,ambiguous
36.0,1870,ambiguous
36.0,1871,intermediate_plastic
36.0,1872,intermediate_plastic
36.0,1873,ambiguous
36.0,1874,intermediate_plastic
36.0,1875,intermediate_plastic
36.0,1876,intermediate_plastic
36.0,1877,intermediate_plastic
36.0,1878,intermediate_plastic
36.0,1879,ambiguous
36.0,1880,intermediate_plastic
36.0,1881,intermediate_plastic
36.0,1882,epithelial_like
36.0,1883,epithelial_like
36.0,1884,ambiguous
36.0,1885,intermediate_plastic
36.0,1886,intermediate_plastic
36.0,1887,epithelial_like
36.0,1888,intermediate_plastic
36.0,1889,intermediate_plastic
36.0,1890,intermediate_plastic
36.0,1891,intermediate_plastic
36.0,1892,intermediate_plastic
36.0,1893,epithelial_like
36.0,1894,intermediate_plastic
36.0,1895,intermediate_plastic
36.0,1896,epithelial_like
36.0,1897,epithelial_like
36.0,1898,intermediate_plastic
36.0,1899,intermediate_plastic
36.0,1900,intermediate_plastic
36.0,1901,epithelial_like
36.0,1902,epithelial_like
36.0,1903,intermediate_plastic
36.0,1904,intermediate_plastic
36.0,1905,ambiguous
36.0,1906,epithelial_like
36.0,1907,epithelial_like
36.0,1908,intermediate_plastic
36.0,1909,epithelial_like
36.0,1910,intermediate_plastic
36.0,1911,epithelial_like
36.0,1912,ambiguous
36.0,1913,intermediate_plastic
36.0,1914,intermediate_plastic
36.0,1915,epithelial_like
36.0,1916,intermediate_plastic
36.0,1917,ambiguous
36.0,1918,intermediate_plastic
36.0,1919,intermediate_plastic
36.0,1920,epithelial_like
36.0,1921,ambiguous
36.0,1922,epithelial_like
36.0,1923,intermediate_plastic
36.0,1924,ambiguous
36.0,1925,ambiguous
36.0,1926,epithelial_like
36.0,1927,ambiguous
36.0,1928,intermediate_plastic
36.0,1929,intermediate_plastic
36.0,1930,ambiguous
36.0,1931,ambiguous
36.0,1932,intermediate_plastic
36.0,1933,intermediate_plastic
36.0,1934,intermediate_plastic
36.0,1935,intermediate_plastic
36.0,1936,epithelial_like
36.0,1937,intermediate_plastic
36.0,1938,intermediate_plastic
36.0,1939,epithelial_like
36.0,1940,ambiguous
36.0,1941,ambiguous
36.0,1942,ambiguous
36.0,1943,ambiguous
36.0,1944,ambiguous
36.0,1945,intermediate_plastic
36.0,1946,intermediate_plastic
36.0,1947,intermediate_plastic
36.0,1948,intermediate_plastic
36.0,1949,intermediate_plastic
36.0,1950,intermediate_plastic
36.0,1951,epithelial_like
36.0,1952,intermediate_plastic
36.0,1953,intermediate_plastic
36.0,1954,intermediate_plastic
36.0,1955,intermediate_plastic
36.0,1956,intermediate_plastic
36.0,1957,intermediate_plastic
36.0,1958,ambiguous
36.0,1959,intermediate_plastic
36.0,1960,intermediate_plastic
36.0,1961,intermediate_plastic
36.0,1962,intermediate_plastic
36.0,1963,intermediate_plastic
36.0,1964,intermediate_plastic
36.0,1965,intermediate_plastic
36.0,1966,intermediate_plastic
36.0,1967,intermediate_plastic
36.0,1968,ambiguous
36.0,1969,intermediate_plastic
36.0,1970,ambiguous
36.0,1971,epithelial_like
36.0,1972,ambiguous
36.0,1973,ambiguous
36.0,1974,ambiguous
36.0,1975,ambiguous
36.0,1976,epithelial_like
36.0,1977,intermediate_plastic
36.0,1978,intermediate_plastic
36.0,1979,epithelial_like
36.0,1980,intermediate_plastic
36.0,1981,intermediate_plastic
36.0,1982,intermediate_plastic
36.0,1983,ambiguous
36.0,1984,epithelial_like
36.0,1985,intermediate_plastic
36.0,1986,intermediate_plastic
36.0,1987,intermediate_plastic
36.0,1988,intermediate_plastic
36.0,1989,intermediate_plastic
36.0,1990,ambiguous
36.0,1991,intermediate_plastic
36.0,1992,intermediate_plastic
36.0,1993,intermediate_plastic
36.0,1994,ambiguous
36.0,1995,intermediate_plastic
36.0,1996,ambiguous
36.0,1997,intermediate_plastic
36.0,1998,intermediate_plastic
36.0,1999,ambiguous
